ISO-10303-21;
HEADER;
/* Generated by software containing ST-Developer
 * from STEP Tools, Inc. (www.steptools.com) 
 */
/* OPTION: using custom renumber hook */

FILE_DESCRIPTION(
/* description */ ('STEP AP242 Edition 2',
'CAx-IF Rec.Pracs.---Representation and Presentation of Product Manufa
cturing Information (PMI)---4.0---2014-10-13',
'CAx-IF Rec.Pracs.---3D Tessellated Geometry---0.4---2014-09-14','2;1',
'CAx-IF Rec.Pracs.---User Defined Attributes---1.5---2016-08-15'),
/* implementation_level */ '2;1');

FILE_NAME(
/* name */ 'FRAMEKIT - DYNAMIC SYMMETRY TRIANGLE GRID-A',
/* time_stamp */ '2026-09-20T09:45:07Z',
/* author */ (''),
/* organization */ (''),
/* preprocessor_version */ 'ST-DEVELOPER v20',
/* originating_system */ 'ONSHAPE BY PTC INC, 1.221',
/* authorisation */ '  ');

FILE_SCHEMA (('AP242_MANAGED_MODEL_BASED_3D_ENGINEERING_MIM_LF { 1 0 10303 442 3 1 4 }'));
ENDSEC;

DATA;
#10=SHAPE_REPRESENTATION_RELATIONSHIP('','',#9121,#11);
#11=ADVANCED_BREP_SHAPE_REPRESENTATION('',(#9119),#15119);
#12=CYLINDRICAL_SURFACE('',#9381,0.00350436616573451);
#13=CYLINDRICAL_SURFACE('',#9382,0.00399937775165517);
#14=CYLINDRICAL_SURFACE('',#9383,0.00364120929521588);
#15=CYLINDRICAL_SURFACE('',#9384,0.00454303673296782);
#16=CYLINDRICAL_SURFACE('',#9388,0.0041554097666195);
#17=CYLINDRICAL_SURFACE('',#9389,0.002094785575422);
#18=CYLINDRICAL_SURFACE('',#9402,0.000510990527210154);
#19=CYLINDRICAL_SURFACE('',#9404,0.000947988216921634);
#20=CYLINDRICAL_SURFACE('',#9408,0.0014798379856722);
#21=CYLINDRICAL_SURFACE('',#9409,0.00117441219004679);
#22=CYLINDRICAL_SURFACE('',#9410,0.00220423419920942);
#23=CYLINDRICAL_SURFACE('',#9411,0.00129603735128774);
#24=CYLINDRICAL_SURFACE('',#9415,0.00323967800196451);
#25=CYLINDRICAL_SURFACE('',#9416,0.00272793814706297);
#26=CYLINDRICAL_SURFACE('',#9417,0.00254609761542961);
#27=CYLINDRICAL_SURFACE('',#9418,0.00239934140944027);
#28=CYLINDRICAL_SURFACE('',#9420,0.00177325084283015);
#29=CYLINDRICAL_SURFACE('',#9424,0.00335675670264397);
#30=CYLINDRICAL_SURFACE('',#9425,0.00294321543249383);
#31=CYLINDRICAL_SURFACE('',#9427,0.00285913496125142);
#32=CYLINDRICAL_SURFACE('',#9428,0.00313665475479094);
#33=CYLINDRICAL_SURFACE('',#9430,0.00176527277933485);
#34=CYLINDRICAL_SURFACE('',#9431,0.00158098244130982);
#35=CYLINDRICAL_SURFACE('',#9433,0.00310369035437459);
#36=CYLINDRICAL_SURFACE('',#9434,0.0028931566102552);
#37=CYLINDRICAL_SURFACE('',#9435,0.00233031124057296);
#38=CYLINDRICAL_SURFACE('',#9436,0.0034481905815636);
#39=CYLINDRICAL_SURFACE('',#9438,0.00334233291397511);
#40=CYLINDRICAL_SURFACE('',#9439,0.00492248960832294);
#41=CYLINDRICAL_SURFACE('',#9442,0.00386794390029813);
#42=CYLINDRICAL_SURFACE('',#9443,0.00404865246458026);
#43=CYLINDRICAL_SURFACE('',#9444,0.00240881572490663);
#44=CYLINDRICAL_SURFACE('',#9465,0.00156151976329414);
#45=CYLINDRICAL_SURFACE('',#9468,0.00169793283488226);
#46=CYLINDRICAL_SURFACE('',#9470,0.00176114246991224);
#47=CYLINDRICAL_SURFACE('',#9471,0.00302389310891748);
#48=CYLINDRICAL_SURFACE('',#9472,0.00324418888329122);
#49=CYLINDRICAL_SURFACE('',#9474,0.00294924453396797);
#50=CYLINDRICAL_SURFACE('',#9475,0.00326494316772619);
#51=CYLINDRICAL_SURFACE('',#9477,0.00180503360596391);
#52=CYLINDRICAL_SURFACE('',#9478,0.0016703817705958);
#53=CYLINDRICAL_SURFACE('',#9480,0.00313047333136508);
#54=CYLINDRICAL_SURFACE('',#9481,0.00294924453396879);
#55=CYLINDRICAL_SURFACE('',#9482,0.000885083473350035);
#56=CYLINDRICAL_SURFACE('',#9483,0.00210599669156815);
#57=CYLINDRICAL_SURFACE('',#9484,0.000639656208823666);
#58=CYLINDRICAL_SURFACE('',#9486,0.00601638953953383);
#59=CYLINDRICAL_SURFACE('',#9487,0.00935272135275778);
#60=CYLINDRICAL_SURFACE('',#9489,0.00937526740544836);
#61=CYLINDRICAL_SURFACE('',#9490,0.00126583105626408);
#62=CYLINDRICAL_SURFACE('',#9491,0.00220664297715847);
#63=CYLINDRICAL_SURFACE('',#9492,0.00206068383770305);
#64=CYLINDRICAL_SURFACE('',#9493,0.00284216799870165);
#65=CYLINDRICAL_SURFACE('',#9495,0.00119397085827898);
#66=CYLINDRICAL_SURFACE('',#9496,0.00216061033132284);
#67=CYLINDRICAL_SURFACE('',#9498,0.0132651759740525);
#68=CYLINDRICAL_SURFACE('',#9499,0.0034037849593259);
#69=CYLINDRICAL_SURFACE('',#9500,0.00234628700789834);
#70=CYLINDRICAL_SURFACE('',#9501,0.00828515069216523);
#71=CYLINDRICAL_SURFACE('',#9502,0.00496084674583419);
#72=CYLINDRICAL_SURFACE('',#9503,0.00234551624858391);
#73=CYLINDRICAL_SURFACE('',#9504,0.00274638435215229);
#74=CYLINDRICAL_SURFACE('',#9508,0.00555948237977909);
#75=CYLINDRICAL_SURFACE('',#9509,0.00436085926728201);
#76=CYLINDRICAL_SURFACE('',#9510,0.00287788727313284);
#77=CYLINDRICAL_SURFACE('',#9511,0.00178237395229965);
#78=CYLINDRICAL_SURFACE('',#9530,0.00350436616573489);
#79=CYLINDRICAL_SURFACE('',#9531,0.00399937774624005);
#80=CYLINDRICAL_SURFACE('',#9532,0.00364120929522692);
#81=CYLINDRICAL_SURFACE('',#9533,0.00454303673290871);
#82=CYLINDRICAL_SURFACE('',#9537,0.00415540976662061);
#83=CYLINDRICAL_SURFACE('',#9538,0.00209478557541817);
#84=CYLINDRICAL_SURFACE('',#9583,0.003133537745879);
#85=CYLINDRICAL_SURFACE('',#9584,0.00215843564173786);
#86=CYLINDRICAL_SURFACE('',#9585,0.0262458418261211);
#87=CYLINDRICAL_SURFACE('',#9586,0.00204765793637885);
#88=CYLINDRICAL_SURFACE('',#9587,0.00222122197063633);
#89=CYLINDRICAL_SURFACE('',#9588,0.00233011717106037);
#90=CYLINDRICAL_SURFACE('',#9589,0.00259838916874987);
#91=CYLINDRICAL_SURFACE('',#9645,0.000510990527209756);
#92=CYLINDRICAL_SURFACE('',#9647,0.000947988216903511);
#93=CYLINDRICAL_SURFACE('',#9651,0.00147983798567264);
#94=CYLINDRICAL_SURFACE('',#9652,0.00117441219004902);
#95=CYLINDRICAL_SURFACE('',#9653,0.00220423419919686);
#96=CYLINDRICAL_SURFACE('',#9654,0.00129603735128826);
#97=CYLINDRICAL_SURFACE('',#9658,0.00323967800196277);
#98=CYLINDRICAL_SURFACE('',#9659,0.00272793814705979);
#99=CYLINDRICAL_SURFACE('',#9660,0.00254609761542963);
#100=CYLINDRICAL_SURFACE('',#9661,0.00239934140944182);
#101=B_SPLINE_SURFACE_WITH_KNOTS('',3,1,((#13940,#13941),(#13942,#13943),
(#13944,#13945),(#13946,#13947)),.SURF_OF_LINEAR_EXTRUSION.,.F.,.F.,.F.,
(4,4),(2,2),(0.,1.),(0.,1.),.PIECEWISE_BEZIER_KNOTS.);
#102=B_SPLINE_SURFACE_WITH_KNOTS('',3,1,((#13952,#13953),(#13954,#13955),
(#13956,#13957),(#13958,#13959)),.SURF_OF_LINEAR_EXTRUSION.,.F.,.F.,.F.,
(4,4),(2,2),(0.,1.),(0.,1.),.PIECEWISE_BEZIER_KNOTS.);
#103=B_SPLINE_SURFACE_WITH_KNOTS('',3,1,((#13963,#13964),(#13965,#13966),
(#13967,#13968),(#13969,#13970)),.SURF_OF_LINEAR_EXTRUSION.,.F.,.F.,.F.,
(4,4),(2,2),(0.,1.),(0.,1.),.PIECEWISE_BEZIER_KNOTS.);
#104=B_SPLINE_SURFACE_WITH_KNOTS('',3,1,((#13972,#13973),(#13974,#13975),
(#13976,#13977),(#13978,#13979)),.SURF_OF_LINEAR_EXTRUSION.,.F.,.F.,.F.,
(4,4),(2,2),(0.,1.),(0.,1.),.PIECEWISE_BEZIER_KNOTS.);
#105=B_SPLINE_SURFACE_WITH_KNOTS('',3,1,((#13981,#13982),(#13983,#13984),
(#13985,#13986),(#13987,#13988)),.SURF_OF_LINEAR_EXTRUSION.,.F.,.F.,.F.,
(4,4),(2,2),(0.,1.),(0.,1.),.PIECEWISE_BEZIER_KNOTS.);
#106=B_SPLINE_SURFACE_WITH_KNOTS('',3,1,((#13992,#13993),(#13994,#13995),
(#13996,#13997),(#13998,#13999)),.SURF_OF_LINEAR_EXTRUSION.,.F.,.F.,.F.,
(4,4),(2,2),(0.,1.),(0.,1.),.PIECEWISE_BEZIER_KNOTS.);
#107=B_SPLINE_SURFACE_WITH_KNOTS('',3,1,((#14009,#14010),(#14011,#14012),
(#14013,#14014),(#14015,#14016)),.SURF_OF_LINEAR_EXTRUSION.,.F.,.F.,.F.,
(4,4),(2,2),(0.,1.),(0.,1.),.PIECEWISE_BEZIER_KNOTS.);
#108=B_SPLINE_SURFACE_WITH_KNOTS('',3,1,((#14018,#14019),(#14020,#14021),
(#14022,#14023),(#14024,#14025)),.SURF_OF_LINEAR_EXTRUSION.,.F.,.F.,.F.,
(4,4),(2,2),(0.,1.),(0.,1.),.PIECEWISE_BEZIER_KNOTS.);
#109=B_SPLINE_SURFACE_WITH_KNOTS('',3,1,((#14031,#14032),(#14033,#14034),
(#14035,#14036),(#14037,#14038)),.SURF_OF_LINEAR_EXTRUSION.,.F.,.F.,.F.,
(4,4),(2,2),(0.,1.),(0.,1.),.PIECEWISE_BEZIER_KNOTS.);
#110=B_SPLINE_SURFACE_WITH_KNOTS('',3,1,((#14040,#14041),(#14042,#14043),
(#14044,#14045),(#14046,#14047)),.SURF_OF_LINEAR_EXTRUSION.,.F.,.F.,.F.,
(4,4),(2,2),(0.,1.),(0.,1.),.PIECEWISE_BEZIER_KNOTS.);
#111=B_SPLINE_SURFACE_WITH_KNOTS('',3,1,((#14089,#14090),(#14091,#14092),
(#14093,#14094),(#14095,#14096)),.SURF_OF_LINEAR_EXTRUSION.,.F.,.F.,.F.,
(4,4),(2,2),(0.,1.),(0.,1.),.PIECEWISE_BEZIER_KNOTS.);
#112=B_SPLINE_SURFACE_WITH_KNOTS('',3,1,((#14098,#14099),(#14100,#14101),
(#14102,#14103),(#14104,#14105)),.SURF_OF_LINEAR_EXTRUSION.,.F.,.F.,.F.,
(4,4),(2,2),(0.,1.),(0.,1.),.PIECEWISE_BEZIER_KNOTS.);
#113=B_SPLINE_SURFACE_WITH_KNOTS('',3,1,((#14111,#14112),(#14113,#14114),
(#14115,#14116),(#14117,#14118)),.SURF_OF_LINEAR_EXTRUSION.,.F.,.F.,.F.,
(4,4),(2,2),(0.,1.),(0.,1.),.PIECEWISE_BEZIER_KNOTS.);
#114=B_SPLINE_SURFACE_WITH_KNOTS('',3,1,((#14120,#14121),(#14122,#14123),
(#14124,#14125),(#14126,#14127)),.SURF_OF_LINEAR_EXTRUSION.,.F.,.F.,.F.,
(4,4),(2,2),(0.,1.),(0.,1.),.PIECEWISE_BEZIER_KNOTS.);
#115=B_SPLINE_SURFACE_WITH_KNOTS('',3,1,((#14141,#14142),(#14143,#14144),
(#14145,#14146),(#14147,#14148)),.SURF_OF_LINEAR_EXTRUSION.,.F.,.F.,.F.,
(4,4),(2,2),(0.,1.),(0.,1.),.PIECEWISE_BEZIER_KNOTS.);
#116=B_SPLINE_SURFACE_WITH_KNOTS('',3,1,((#14150,#14151),(#14152,#14153),
(#14154,#14155),(#14156,#14157)),.SURF_OF_LINEAR_EXTRUSION.,.F.,.F.,.F.,
(4,4),(2,2),(0.,1.),(0.,1.),.PIECEWISE_BEZIER_KNOTS.);
#117=B_SPLINE_SURFACE_WITH_KNOTS('',3,1,((#14167,#14168),(#14169,#14170),
(#14171,#14172),(#14173,#14174)),.SURF_OF_LINEAR_EXTRUSION.,.F.,.F.,.F.,
(4,4),(2,2),(0.,1.),(0.,1.),.PIECEWISE_BEZIER_KNOTS.);
#118=B_SPLINE_SURFACE_WITH_KNOTS('',3,1,((#14185,#14186),(#14187,#14188),
(#14189,#14190),(#14191,#14192)),.SURF_OF_LINEAR_EXTRUSION.,.F.,.F.,.F.,
(4,4),(2,2),(0.,1.),(0.,1.),.PIECEWISE_BEZIER_KNOTS.);
#119=B_SPLINE_SURFACE_WITH_KNOTS('',3,1,((#14197,#14198),(#14199,#14200),
(#14201,#14202),(#14203,#14204)),.SURF_OF_LINEAR_EXTRUSION.,.F.,.F.,.F.,
(4,4),(2,2),(0.,1.),(0.,1.),.PIECEWISE_BEZIER_KNOTS.);
#120=B_SPLINE_SURFACE_WITH_KNOTS('',3,1,((#14212,#14213),(#14214,#14215),
(#14216,#14217),(#14218,#14219)),.SURF_OF_LINEAR_EXTRUSION.,.F.,.F.,.F.,
(4,4),(2,2),(0.,1.),(0.,1.),.PIECEWISE_BEZIER_KNOTS.);
#121=B_SPLINE_SURFACE_WITH_KNOTS('',3,1,((#14221,#14222),(#14223,#14224),
(#14225,#14226),(#14227,#14228)),.SURF_OF_LINEAR_EXTRUSION.,.F.,.F.,.F.,
(4,4),(2,2),(0.,1.),(0.,1.),.PIECEWISE_BEZIER_KNOTS.);
#122=B_SPLINE_SURFACE_WITH_KNOTS('',3,1,((#14230,#14231),(#14232,#14233),
(#14234,#14235),(#14236,#14237)),.SURF_OF_LINEAR_EXTRUSION.,.F.,.F.,.F.,
(4,4),(2,2),(0.,1.),(0.,1.),.PIECEWISE_BEZIER_KNOTS.);
#123=B_SPLINE_SURFACE_WITH_KNOTS('',3,1,((#14239,#14240),(#14241,#14242),
(#14243,#14244),(#14245,#14246)),.SURF_OF_LINEAR_EXTRUSION.,.F.,.F.,.F.,
(4,4),(2,2),(0.,1.),(0.,1.),.PIECEWISE_BEZIER_KNOTS.);
#124=B_SPLINE_SURFACE_WITH_KNOTS('',3,1,((#14248,#14249),(#14250,#14251),
(#14252,#14253),(#14254,#14255)),.SURF_OF_LINEAR_EXTRUSION.,.F.,.F.,.F.,
(4,4),(2,2),(0.,1.),(0.,1.),.PIECEWISE_BEZIER_KNOTS.);
#125=B_SPLINE_SURFACE_WITH_KNOTS('',3,1,((#14257,#14258),(#14259,#14260),
(#14261,#14262),(#14263,#14264)),.SURF_OF_LINEAR_EXTRUSION.,.F.,.F.,.F.,
(4,4),(2,2),(0.,1.),(0.,1.),.PIECEWISE_BEZIER_KNOTS.);
#126=B_SPLINE_SURFACE_WITH_KNOTS('',3,1,((#14274,#14275),(#14276,#14277),
(#14278,#14279),(#14280,#14281)),.SURF_OF_LINEAR_EXTRUSION.,.F.,.F.,.F.,
(4,4),(2,2),(0.,1.),(0.,1.),.PIECEWISE_BEZIER_KNOTS.);
#127=B_SPLINE_SURFACE_WITH_KNOTS('',3,1,((#14283,#14284),(#14285,#14286),
(#14287,#14288),(#14289,#14290)),.SURF_OF_LINEAR_EXTRUSION.,.F.,.F.,.F.,
(4,4),(2,2),(0.,1.),(0.,1.),.PIECEWISE_BEZIER_KNOTS.);
#128=B_SPLINE_SURFACE_WITH_KNOTS('',3,1,((#14312,#14313),(#14314,#14315),
(#14316,#14317),(#14318,#14319)),.SURF_OF_LINEAR_EXTRUSION.,.F.,.F.,.F.,
(4,4),(2,2),(0.,1.),(0.,1.),.PIECEWISE_BEZIER_KNOTS.);
#129=B_SPLINE_SURFACE_WITH_KNOTS('',3,1,((#14365,#14366),(#14367,#14368),
(#14369,#14370),(#14371,#14372)),.SURF_OF_LINEAR_EXTRUSION.,.F.,.F.,.F.,
(4,4),(2,2),(0.,1.),(0.,1.),.PIECEWISE_BEZIER_KNOTS.);
#130=B_SPLINE_SURFACE_WITH_KNOTS('',3,1,((#14374,#14375),(#14376,#14377),
(#14378,#14379),(#14380,#14381)),.SURF_OF_LINEAR_EXTRUSION.,.F.,.F.,.F.,
(4,4),(2,2),(0.,1.),(0.,1.),.PIECEWISE_BEZIER_KNOTS.);
#131=B_SPLINE_SURFACE_WITH_KNOTS('',3,1,((#14396,#14397),(#14398,#14399),
(#14400,#14401),(#14402,#14403)),.SURF_OF_LINEAR_EXTRUSION.,.F.,.F.,.F.,
(4,4),(2,2),(0.,1.),(0.,1.),.PIECEWISE_BEZIER_KNOTS.);
#132=B_SPLINE_SURFACE_WITH_KNOTS('',3,1,((#14408,#14409),(#14410,#14411),
(#14412,#14413),(#14414,#14415)),.SURF_OF_LINEAR_EXTRUSION.,.F.,.F.,.F.,
(4,4),(2,2),(0.,1.),(0.,1.),.PIECEWISE_BEZIER_KNOTS.);
#133=B_SPLINE_SURFACE_WITH_KNOTS('',3,1,((#14423,#14424),(#14425,#14426),
(#14427,#14428),(#14429,#14430)),.SURF_OF_LINEAR_EXTRUSION.,.F.,.F.,.F.,
(4,4),(2,2),(0.,1.),(0.,1.),.PIECEWISE_BEZIER_KNOTS.);
#134=B_SPLINE_SURFACE_WITH_KNOTS('',3,1,((#14432,#14433),(#14434,#14435),
(#14436,#14437),(#14438,#14439)),.SURF_OF_LINEAR_EXTRUSION.,.F.,.F.,.F.,
(4,4),(2,2),(0.,1.),(0.,1.),.PIECEWISE_BEZIER_KNOTS.);
#135=B_SPLINE_SURFACE_WITH_KNOTS('',3,1,((#14441,#14442),(#14443,#14444),
(#14445,#14446),(#14447,#14448)),.SURF_OF_LINEAR_EXTRUSION.,.F.,.F.,.F.,
(4,4),(2,2),(0.,1.),(0.,1.),.PIECEWISE_BEZIER_KNOTS.);
#136=B_SPLINE_SURFACE_WITH_KNOTS('',3,1,((#14450,#14451),(#14452,#14453),
(#14454,#14455),(#14456,#14457)),.SURF_OF_LINEAR_EXTRUSION.,.F.,.F.,.F.,
(4,4),(2,2),(0.,1.),(0.,1.),.PIECEWISE_BEZIER_KNOTS.);
#137=B_SPLINE_SURFACE_WITH_KNOTS('',3,1,((#14459,#14460),(#14461,#14462),
(#14463,#14464),(#14465,#14466)),.SURF_OF_LINEAR_EXTRUSION.,.F.,.F.,.F.,
(4,4),(2,2),(0.,1.),(0.,1.),.PIECEWISE_BEZIER_KNOTS.);
#138=B_SPLINE_SURFACE_WITH_KNOTS('',3,1,((#14468,#14469),(#14470,#14471),
(#14472,#14473),(#14474,#14475)),.SURF_OF_LINEAR_EXTRUSION.,.F.,.F.,.F.,
(4,4),(2,2),(0.,1.),(0.,1.),.PIECEWISE_BEZIER_KNOTS.);
#139=B_SPLINE_SURFACE_WITH_KNOTS('',3,1,((#14485,#14486),(#14487,#14488),
(#14489,#14490),(#14491,#14492)),.SURF_OF_LINEAR_EXTRUSION.,.F.,.F.,.F.,
(4,4),(2,2),(0.,1.),(0.,1.),.PIECEWISE_BEZIER_KNOTS.);
#140=B_SPLINE_SURFACE_WITH_KNOTS('',3,1,((#14494,#14495),(#14496,#14497),
(#14498,#14499),(#14500,#14501)),.SURF_OF_LINEAR_EXTRUSION.,.F.,.F.,.F.,
(4,4),(2,2),(0.,1.),(0.,1.),.PIECEWISE_BEZIER_KNOTS.);
#141=B_SPLINE_SURFACE_WITH_KNOTS('',3,1,((#14509,#14510),(#14511,#14512),
(#14513,#14514),(#14515,#14516)),.SURF_OF_LINEAR_EXTRUSION.,.F.,.F.,.F.,
(4,4),(2,2),(0.,1.),(0.,1.),.PIECEWISE_BEZIER_KNOTS.);
#142=B_SPLINE_SURFACE_WITH_KNOTS('',3,1,((#14522,#14523),(#14524,#14525),
(#14526,#14527),(#14528,#14529)),.SURF_OF_LINEAR_EXTRUSION.,.F.,.F.,.F.,
(4,4),(2,2),(0.,1.),(0.,1.),.PIECEWISE_BEZIER_KNOTS.);
#143=B_SPLINE_SURFACE_WITH_KNOTS('',3,1,((#14543,#14544),(#14545,#14546),
(#14547,#14548),(#14549,#14550)),.SURF_OF_LINEAR_EXTRUSION.,.F.,.F.,.F.,
(4,4),(2,2),(0.,1.),(0.,1.),.PIECEWISE_BEZIER_KNOTS.);
#144=B_SPLINE_SURFACE_WITH_KNOTS('',3,1,((#14558,#14559),(#14560,#14561),
(#14562,#14563),(#14564,#14565)),.SURF_OF_LINEAR_EXTRUSION.,.F.,.F.,.F.,
(4,4),(2,2),(0.,1.),(0.,1.),.PIECEWISE_BEZIER_KNOTS.);
#145=B_SPLINE_SURFACE_WITH_KNOTS('',3,1,((#14567,#14568),(#14569,#14570),
(#14571,#14572),(#14573,#14574)),.SURF_OF_LINEAR_EXTRUSION.,.F.,.F.,.F.,
(4,4),(2,2),(0.,1.),(0.,1.),.PIECEWISE_BEZIER_KNOTS.);
#146=B_SPLINE_SURFACE_WITH_KNOTS('',3,1,((#14586,#14587),(#14588,#14589),
(#14590,#14591),(#14592,#14593)),.SURF_OF_LINEAR_EXTRUSION.,.F.,.F.,.F.,
(4,4),(2,2),(0.,1.),(0.,1.),.PIECEWISE_BEZIER_KNOTS.);
#147=B_SPLINE_SURFACE_WITH_KNOTS('',3,1,((#14652,#14653),(#14654,#14655),
(#14656,#14657),(#14658,#14659)),.SURF_OF_LINEAR_EXTRUSION.,.F.,.F.,.F.,
(4,4),(2,2),(0.,1.),(0.,1.),.PIECEWISE_BEZIER_KNOTS.);
#148=B_SPLINE_SURFACE_WITH_KNOTS('',3,1,((#14664,#14665),(#14666,#14667),
(#14668,#14669),(#14670,#14671)),.SURF_OF_LINEAR_EXTRUSION.,.F.,.F.,.F.,
(4,4),(2,2),(0.,1.),(0.,1.),.PIECEWISE_BEZIER_KNOTS.);
#149=B_SPLINE_SURFACE_WITH_KNOTS('',3,1,((#14675,#14676),(#14677,#14678),
(#14679,#14680),(#14681,#14682)),.SURF_OF_LINEAR_EXTRUSION.,.F.,.F.,.F.,
(4,4),(2,2),(0.,1.),(0.,1.),.PIECEWISE_BEZIER_KNOTS.);
#150=B_SPLINE_SURFACE_WITH_KNOTS('',3,1,((#14684,#14685),(#14686,#14687),
(#14688,#14689),(#14690,#14691)),.SURF_OF_LINEAR_EXTRUSION.,.F.,.F.,.F.,
(4,4),(2,2),(0.,1.),(0.,1.),.PIECEWISE_BEZIER_KNOTS.);
#151=B_SPLINE_SURFACE_WITH_KNOTS('',3,1,((#14693,#14694),(#14695,#14696),
(#14697,#14698),(#14699,#14700)),.SURF_OF_LINEAR_EXTRUSION.,.F.,.F.,.F.,
(4,4),(2,2),(0.,1.),(0.,1.),.PIECEWISE_BEZIER_KNOTS.);
#152=B_SPLINE_SURFACE_WITH_KNOTS('',3,1,((#14704,#14705),(#14706,#14707),
(#14708,#14709),(#14710,#14711)),.SURF_OF_LINEAR_EXTRUSION.,.F.,.F.,.F.,
(4,4),(2,2),(0.,1.),(0.,1.),.PIECEWISE_BEZIER_KNOTS.);
#153=B_SPLINE_SURFACE_WITH_KNOTS('',3,1,((#14721,#14722),(#14723,#14724),
(#14725,#14726),(#14727,#14728)),.SURF_OF_LINEAR_EXTRUSION.,.F.,.F.,.F.,
(4,4),(2,2),(0.,1.),(0.,1.),.PIECEWISE_BEZIER_KNOTS.);
#154=B_SPLINE_SURFACE_WITH_KNOTS('',3,1,((#14730,#14731),(#14732,#14733),
(#14734,#14735),(#14736,#14737)),.SURF_OF_LINEAR_EXTRUSION.,.F.,.F.,.F.,
(4,4),(2,2),(0.,1.),(0.,1.),.PIECEWISE_BEZIER_KNOTS.);
#155=B_SPLINE_SURFACE_WITH_KNOTS('',3,1,((#14743,#14744),(#14745,#14746),
(#14747,#14748),(#14749,#14750)),.SURF_OF_LINEAR_EXTRUSION.,.F.,.F.,.F.,
(4,4),(2,2),(0.,1.),(0.,1.),.PIECEWISE_BEZIER_KNOTS.);
#156=B_SPLINE_SURFACE_WITH_KNOTS('',3,1,((#14752,#14753),(#14754,#14755),
(#14756,#14757),(#14758,#14759)),.SURF_OF_LINEAR_EXTRUSION.,.F.,.F.,.F.,
(4,4),(2,2),(0.,1.),(0.,1.),.PIECEWISE_BEZIER_KNOTS.);
#157=B_SPLINE_SURFACE_WITH_KNOTS('',3,1,((#14855,#14856),(#14857,#14858),
(#14859,#14860),(#14861,#14862)),.SURF_OF_LINEAR_EXTRUSION.,.F.,.F.,.F.,
(4,4),(2,2),(0.,1.),(0.,1.),.PIECEWISE_BEZIER_KNOTS.);
#158=B_SPLINE_SURFACE_WITH_KNOTS('',3,1,((#14874,#14875),(#14876,#14877),
(#14878,#14879),(#14880,#14881)),.SURF_OF_LINEAR_EXTRUSION.,.F.,.F.,.F.,
(4,4),(2,2),(0.,1.),(0.,1.),.PIECEWISE_BEZIER_KNOTS.);
#159=B_SPLINE_SURFACE_WITH_KNOTS('',3,1,((#14883,#14884),(#14885,#14886),
(#14887,#14888),(#14889,#14890)),.SURF_OF_LINEAR_EXTRUSION.,.F.,.F.,.F.,
(4,4),(2,2),(0.,1.),(0.,1.),.PIECEWISE_BEZIER_KNOTS.);
#160=B_SPLINE_SURFACE_WITH_KNOTS('',3,1,((#14892,#14893),(#14894,#14895),
(#14896,#14897),(#14898,#14899)),.SURF_OF_LINEAR_EXTRUSION.,.F.,.F.,.F.,
(4,4),(2,2),(0.,1.),(0.,1.),.PIECEWISE_BEZIER_KNOTS.);
#161=B_SPLINE_SURFACE_WITH_KNOTS('',3,1,((#15025,#15026),(#15027,#15028),
(#15029,#15030),(#15031,#15032)),.SURF_OF_LINEAR_EXTRUSION.,.F.,.F.,.F.,
(4,4),(2,2),(0.,1.),(0.,1.),.PIECEWISE_BEZIER_KNOTS.);
#162=B_SPLINE_SURFACE_WITH_KNOTS('',3,1,((#15034,#15035),(#15036,#15037),
(#15038,#15039),(#15040,#15041)),.SURF_OF_LINEAR_EXTRUSION.,.F.,.F.,.F.,
(4,4),(2,2),(0.,1.),(0.,1.),.PIECEWISE_BEZIER_KNOTS.);
#163=B_SPLINE_SURFACE_WITH_KNOTS('',3,1,((#15047,#15048),(#15049,#15050),
(#15051,#15052),(#15053,#15054)),.SURF_OF_LINEAR_EXTRUSION.,.F.,.F.,.F.,
(4,4),(2,2),(0.,1.),(0.,1.),.PIECEWISE_BEZIER_KNOTS.);
#164=B_SPLINE_SURFACE_WITH_KNOTS('',3,1,((#15056,#15057),(#15058,#15059),
(#15060,#15061),(#15062,#15063)),.SURF_OF_LINEAR_EXTRUSION.,.F.,.F.,.F.,
(4,4),(2,2),(0.,1.),(0.,1.),.PIECEWISE_BEZIER_KNOTS.);
#165=B_SPLINE_SURFACE_WITH_KNOTS('',3,1,((#15077,#15078),(#15079,#15080),
(#15081,#15082),(#15083,#15084)),.SURF_OF_LINEAR_EXTRUSION.,.F.,.F.,.F.,
(4,4),(2,2),(0.,1.),(0.,1.),.PIECEWISE_BEZIER_KNOTS.);
#166=B_SPLINE_SURFACE_WITH_KNOTS('',3,1,((#15086,#15087),(#15088,#15089),
(#15090,#15091),(#15092,#15093)),.SURF_OF_LINEAR_EXTRUSION.,.F.,.F.,.F.,
(4,4),(2,2),(0.,1.),(0.,1.),.PIECEWISE_BEZIER_KNOTS.);
#167=CIRCLE('',#9124,0.00350436616573451);
#168=CIRCLE('',#9125,0.00399937775165517);
#169=CIRCLE('',#9126,0.00364120929521588);
#170=CIRCLE('',#9127,0.00454303673296782);
#171=CIRCLE('',#9128,0.0041554097666195);
#172=CIRCLE('',#9129,0.002094785575422);
#173=CIRCLE('',#9130,0.00239934140944027);
#174=CIRCLE('',#9131,0.000510990527210154);
#175=CIRCLE('',#9132,0.000947988216921634);
#176=CIRCLE('',#9133,0.0014798379856722);
#177=CIRCLE('',#9134,0.00117441219004679);
#178=CIRCLE('',#9135,0.00220423419920942);
#179=CIRCLE('',#9136,0.00129603735128774);
#180=CIRCLE('',#9137,0.00323967800196451);
#181=CIRCLE('',#9138,0.00272793814706297);
#182=CIRCLE('',#9139,0.00254609761542961);
#183=CIRCLE('',#9140,0.00294321543249383);
#184=CIRCLE('',#9141,0.00177325084283015);
#185=CIRCLE('',#9142,0.00335675670264397);
#186=CIRCLE('',#9143,0.00285913496125142);
#187=CIRCLE('',#9144,0.00313665475479094);
#188=CIRCLE('',#9145,0.00176527277933485);
#189=CIRCLE('',#9146,0.00158098244130982);
#190=CIRCLE('',#9147,0.00310369035437459);
#191=CIRCLE('',#9148,0.0028931566102552);
#192=CIRCLE('',#9149,0.00233031124057296);
#193=CIRCLE('',#9150,0.0034481905815636);
#194=CIRCLE('',#9151,0.00334233291397511);
#195=CIRCLE('',#9152,0.00492248960832294);
#196=CIRCLE('',#9153,0.00386794390029813);
#197=CIRCLE('',#9154,0.00404865246458026);
#198=CIRCLE('',#9155,0.00240881572490663);
#199=CIRCLE('',#9156,0.00156151976329414);
#200=CIRCLE('',#9157,0.00324418888329122);
#201=CIRCLE('',#9158,0.00176114246991224);
#202=CIRCLE('',#9159,0.00169793283488226);
#203=CIRCLE('',#9160,0.00302389310891748);
#204=CIRCLE('',#9161,0.00294924453396797);
#205=CIRCLE('',#9162,0.00326494316772619);
#206=CIRCLE('',#9163,0.00180503360596391);
#207=CIRCLE('',#9164,0.0016703817705958);
#208=CIRCLE('',#9165,0.00313047333136508);
#209=CIRCLE('',#9166,0.00294924453396879);
#210=CIRCLE('',#9167,0.00937526740544836);
#211=CIRCLE('',#9168,0.00126583105626408);
#212=CIRCLE('',#9169,0.000639656208823666);
#213=CIRCLE('',#9170,0.000885083473350035);
#214=CIRCLE('',#9171,0.00210599669156815);
#215=CIRCLE('',#9172,0.00601638953953383);
#216=CIRCLE('',#9173,0.00935272135275778);
#217=CIRCLE('',#9174,0.00234628700789834);
#218=CIRCLE('',#9175,0.00220664297715847);
#219=CIRCLE('',#9176,0.00206068383770305);
#220=CIRCLE('',#9177,0.00284216799870165);
#221=CIRCLE('',#9178,0.00119397085827898);
#222=CIRCLE('',#9179,0.00216061033132284);
#223=CIRCLE('',#9180,0.0132651759740525);
#224=CIRCLE('',#9181,0.0034037849593259);
#225=CIRCLE('',#9182,0.00178237395229965);
#226=CIRCLE('',#9183,0.00234551624858391);
#227=CIRCLE('',#9184,0.00828515069216523);
#228=CIRCLE('',#9185,0.00496084674583419);
#229=CIRCLE('',#9186,0.00274638435215229);
#230=CIRCLE('',#9187,0.00555948237977909);
#231=CIRCLE('',#9188,0.00436085926728201);
#232=CIRCLE('',#9189,0.00287788727313284);
#233=CIRCLE('',#9190,0.00350436616573489);
#234=CIRCLE('',#9191,0.00399937774624005);
#235=CIRCLE('',#9192,0.00364120929522692);
#236=CIRCLE('',#9193,0.00454303673290871);
#237=CIRCLE('',#9194,0.00415540976662061);
#238=CIRCLE('',#9195,0.00209478557541817);
#239=CIRCLE('',#9196,0.0262458418261211);
#240=CIRCLE('',#9197,0.003133537745879);
#241=CIRCLE('',#9198,0.00215843564173786);
#242=CIRCLE('',#9199,0.00204765793637885);
#243=CIRCLE('',#9200,0.00222122197063633);
#244=CIRCLE('',#9201,0.00233011717106037);
#245=CIRCLE('',#9202,0.00259838916874987);
#246=CIRCLE('',#9203,0.00239934140944182);
#247=CIRCLE('',#9204,0.000510990527209756);
#248=CIRCLE('',#9205,0.000947988216903511);
#249=CIRCLE('',#9206,0.00147983798567264);
#250=CIRCLE('',#9207,0.00117441219004902);
#251=CIRCLE('',#9208,0.00220423419919686);
#252=CIRCLE('',#9209,0.00129603735128826);
#253=CIRCLE('',#9210,0.00323967800196277);
#254=CIRCLE('',#9211,0.00272793814705979);
#255=CIRCLE('',#9212,0.00254609761542963);
#256=CIRCLE('',#9214,0.00234628700789834);
#257=CIRCLE('',#9215,0.0034037849593259);
#258=CIRCLE('',#9216,0.0132651759740525);
#259=CIRCLE('',#9217,0.00216061033132284);
#260=CIRCLE('',#9218,0.00119397085827898);
#261=CIRCLE('',#9219,0.00284216799870165);
#262=CIRCLE('',#9220,0.00206068383770305);
#263=CIRCLE('',#9221,0.00220664297715847);
#264=CIRCLE('',#9222,0.00294924453396879);
#265=CIRCLE('',#9223,0.00313047333136508);
#266=CIRCLE('',#9224,0.0016703817705958);
#267=CIRCLE('',#9225,0.00180503360596391);
#268=CIRCLE('',#9226,0.00326494316772619);
#269=CIRCLE('',#9227,0.00294924453396797);
#270=CIRCLE('',#9228,0.00156151976329414);
#271=CIRCLE('',#9229,0.00240881572490663);
#272=CIRCLE('',#9230,0.00404865246458026);
#273=CIRCLE('',#9231,0.00386794390029813);
#274=CIRCLE('',#9232,0.00492248960832294);
#275=CIRCLE('',#9233,0.00334233291397511);
#276=CIRCLE('',#9234,0.0034481905815636);
#277=CIRCLE('',#9235,0.00233031124057296);
#278=CIRCLE('',#9236,0.00294321543249383);
#279=CIRCLE('',#9237,0.00335675670264397);
#280=CIRCLE('',#9238,0.00177325084283015);
#281=CIRCLE('',#9239,0.002094785575422);
#282=CIRCLE('',#9240,0.0041554097666195);
#283=CIRCLE('',#9241,0.00454303673296782);
#284=CIRCLE('',#9242,0.00364120929521588);
#285=CIRCLE('',#9243,0.00399937775165517);
#286=CIRCLE('',#9244,0.00350436616573451);
#287=CIRCLE('',#9245,0.00239934140944027);
#288=CIRCLE('',#9246,0.00254609761542961);
#289=CIRCLE('',#9247,0.00272793814706297);
#290=CIRCLE('',#9248,0.00323967800196451);
#291=CIRCLE('',#9249,0.00129603735128774);
#292=CIRCLE('',#9250,0.00220423419920942);
#293=CIRCLE('',#9251,0.00117441219004679);
#294=CIRCLE('',#9252,0.0014798379856722);
#295=CIRCLE('',#9253,0.000947988216921634);
#296=CIRCLE('',#9254,0.000510990527210154);
#297=CIRCLE('',#9255,0.0028931566102552);
#298=CIRCLE('',#9256,0.00310369035437459);
#299=CIRCLE('',#9257,0.00158098244130982);
#300=CIRCLE('',#9258,0.00176527277933485);
#301=CIRCLE('',#9259,0.00313665475479094);
#302=CIRCLE('',#9260,0.00285913496125142);
#303=CIRCLE('',#9261,0.00324418888329122);
#304=CIRCLE('',#9262,0.00302389310891748);
#305=CIRCLE('',#9263,0.00169793283488226);
#306=CIRCLE('',#9264,0.00176114246991224);
#307=CIRCLE('',#9265,0.00126583105626408);
#308=CIRCLE('',#9266,0.00937526740544836);
#309=CIRCLE('',#9267,0.00935272135275778);
#310=CIRCLE('',#9268,0.00601638953953383);
#311=CIRCLE('',#9269,0.00210599669156815);
#312=CIRCLE('',#9270,0.000885083473350035);
#313=CIRCLE('',#9271,0.000639656208823666);
#314=CIRCLE('',#9272,0.00178237395229965);
#315=CIRCLE('',#9273,0.00287788727313284);
#316=CIRCLE('',#9274,0.00436085926728201);
#317=CIRCLE('',#9275,0.00555948237977909);
#318=CIRCLE('',#9276,0.00274638435215229);
#319=CIRCLE('',#9277,0.00496084674583419);
#320=CIRCLE('',#9278,0.00828515069216523);
#321=CIRCLE('',#9279,0.00234551624858391);
#322=CIRCLE('',#9280,0.00209478557541817);
#323=CIRCLE('',#9281,0.00415540976662061);
#324=CIRCLE('',#9282,0.00454303673290871);
#325=CIRCLE('',#9283,0.00364120929522692);
#326=CIRCLE('',#9284,0.00399937774624005);
#327=CIRCLE('',#9285,0.00350436616573489);
#328=CIRCLE('',#9286,0.00259838916874987);
#329=CIRCLE('',#9287,0.00233011717106037);
#330=CIRCLE('',#9288,0.00222122197063633);
#331=CIRCLE('',#9289,0.00204765793637885);
#332=CIRCLE('',#9290,0.00215843564173786);
#333=CIRCLE('',#9291,0.003133537745879);
#334=CIRCLE('',#9292,0.0262458418261211);
#335=CIRCLE('',#9293,0.00239934140944182);
#336=CIRCLE('',#9294,0.00254609761542963);
#337=CIRCLE('',#9295,0.00272793814705979);
#338=CIRCLE('',#9296,0.00323967800196277);
#339=CIRCLE('',#9297,0.00129603735128826);
#340=CIRCLE('',#9298,0.00220423419919686);
#341=CIRCLE('',#9299,0.00117441219004902);
#342=CIRCLE('',#9300,0.00147983798567264);
#343=CIRCLE('',#9301,0.000947988216903511);
#344=CIRCLE('',#9302,0.000510990527209756);
#345=B_SPLINE_CURVE_WITH_KNOTS('',2,(#11936,#11937,#11938),
 .UNSPECIFIED.,.F.,.F.,(3,3),(0.,1.),.PIECEWISE_BEZIER_KNOTS.);
#346=B_SPLINE_CURVE_WITH_KNOTS('',2,(#11940,#11941,#11942),
 .UNSPECIFIED.,.F.,.F.,(3,3),(0.,1.),.PIECEWISE_BEZIER_KNOTS.);
#347=B_SPLINE_CURVE_WITH_KNOTS('',2,(#11948,#11949,#11950),
 .UNSPECIFIED.,.F.,.F.,(3,3),(0.,1.),.PIECEWISE_BEZIER_KNOTS.);
#348=B_SPLINE_CURVE_WITH_KNOTS('',2,(#11952,#11953,#11954),
 .UNSPECIFIED.,.F.,.F.,(3,3),(0.,1.),.PIECEWISE_BEZIER_KNOTS.);
#349=B_SPLINE_CURVE_WITH_KNOTS('',2,(#11956,#11957,#11958),
 .UNSPECIFIED.,.F.,.F.,(3,3),(0.,1.),.PIECEWISE_BEZIER_KNOTS.);
#350=B_SPLINE_CURVE_WITH_KNOTS('',2,(#11962,#11963,#11964),
 .UNSPECIFIED.,.F.,.F.,(3,3),(0.,1.),.PIECEWISE_BEZIER_KNOTS.);
#351=B_SPLINE_CURVE_WITH_KNOTS('',2,(#11974,#11975,#11976),
 .UNSPECIFIED.,.F.,.F.,(3,3),(0.,1.),.PIECEWISE_BEZIER_KNOTS.);
#352=B_SPLINE_CURVE_WITH_KNOTS('',2,(#11978,#11979,#11980),
 .UNSPECIFIED.,.F.,.F.,(3,3),(0.,1.),.PIECEWISE_BEZIER_KNOTS.);
#353=B_SPLINE_CURVE_WITH_KNOTS('',2,(#11986,#11987,#11988),
 .UNSPECIFIED.,.F.,.F.,(3,3),(0.,1.),.PIECEWISE_BEZIER_KNOTS.);
#354=B_SPLINE_CURVE_WITH_KNOTS('',2,(#11990,#11991,#11992),
 .UNSPECIFIED.,.F.,.F.,(3,3),(0.,1.),.PIECEWISE_BEZIER_KNOTS.);
#355=B_SPLINE_CURVE_WITH_KNOTS('',2,(#12034,#12035,#12036),
 .UNSPECIFIED.,.F.,.F.,(3,3),(0.,1.),.PIECEWISE_BEZIER_KNOTS.);
#356=B_SPLINE_CURVE_WITH_KNOTS('',2,(#12038,#12039,#12040),
 .UNSPECIFIED.,.F.,.F.,(3,3),(0.,1.),.PIECEWISE_BEZIER_KNOTS.);
#357=B_SPLINE_CURVE_WITH_KNOTS('',2,(#12046,#12047,#12048),
 .UNSPECIFIED.,.F.,.F.,(3,3),(0.,1.),.PIECEWISE_BEZIER_KNOTS.);
#358=B_SPLINE_CURVE_WITH_KNOTS('',2,(#12050,#12051,#12052),
 .UNSPECIFIED.,.F.,.F.,(3,3),(0.,1.),.PIECEWISE_BEZIER_KNOTS.);
#359=B_SPLINE_CURVE_WITH_KNOTS('',2,(#12066,#12067,#12068),
 .UNSPECIFIED.,.F.,.F.,(3,3),(0.,1.),.PIECEWISE_BEZIER_KNOTS.);
#360=B_SPLINE_CURVE_WITH_KNOTS('',2,(#12070,#12071,#12072),
 .UNSPECIFIED.,.F.,.F.,(3,3),(0.,1.),.PIECEWISE_BEZIER_KNOTS.);
#361=B_SPLINE_CURVE_WITH_KNOTS('',2,(#12078,#12079,#12080),
 .UNSPECIFIED.,.F.,.F.,(3,3),(0.,1.),.PIECEWISE_BEZIER_KNOTS.);
#362=B_SPLINE_CURVE_WITH_KNOTS('',2,(#12091,#12092,#12093),
 .UNSPECIFIED.,.F.,.F.,(3,3),(0.,1.),.PIECEWISE_BEZIER_KNOTS.);
#363=B_SPLINE_CURVE_WITH_KNOTS('',2,(#12096,#12097,#12098),
 .UNSPECIFIED.,.F.,.F.,(3,3),(0.,1.),.PIECEWISE_BEZIER_KNOTS.);
#364=B_SPLINE_CURVE_WITH_KNOTS('',2,(#12100,#12101,#12102),
 .UNSPECIFIED.,.F.,.F.,(3,3),(0.,1.),.PIECEWISE_BEZIER_KNOTS.);
#365=B_SPLINE_CURVE_WITH_KNOTS('',2,(#12104,#12105,#12106),
 .UNSPECIFIED.,.F.,.F.,(3,3),(0.,1.),.PIECEWISE_BEZIER_KNOTS.);
#366=B_SPLINE_CURVE_WITH_KNOTS('',2,(#12116,#12117,#12118),
 .UNSPECIFIED.,.F.,.F.,(3,3),(0.,1.),.PIECEWISE_BEZIER_KNOTS.);
#367=B_SPLINE_CURVE_WITH_KNOTS('',2,(#12120,#12121,#12122),
 .UNSPECIFIED.,.F.,.F.,(3,3),(0.,1.),.PIECEWISE_BEZIER_KNOTS.);
#368=B_SPLINE_CURVE_WITH_KNOTS('',2,(#12124,#12125,#12126),
 .UNSPECIFIED.,.F.,.F.,(3,3),(0.,1.),.PIECEWISE_BEZIER_KNOTS.);
#369=B_SPLINE_CURVE_WITH_KNOTS('',2,(#12128,#12129,#12130),
 .UNSPECIFIED.,.F.,.F.,(3,3),(0.,1.),.PIECEWISE_BEZIER_KNOTS.);
#370=B_SPLINE_CURVE_WITH_KNOTS('',2,(#12132,#12133,#12134),
 .UNSPECIFIED.,.F.,.F.,(3,3),(0.,1.),.PIECEWISE_BEZIER_KNOTS.);
#371=B_SPLINE_CURVE_WITH_KNOTS('',2,(#12136,#12137,#12138),
 .UNSPECIFIED.,.F.,.F.,(3,3),(0.,1.),.PIECEWISE_BEZIER_KNOTS.);
#372=B_SPLINE_CURVE_WITH_KNOTS('',2,(#12172,#12173,#12174),
 .UNSPECIFIED.,.F.,.F.,(3,3),(0.,1.),.PIECEWISE_BEZIER_KNOTS.);
#373=B_SPLINE_CURVE_WITH_KNOTS('',2,(#12211,#12212,#12213),
 .UNSPECIFIED.,.F.,.F.,(3,3),(0.,1.),.PIECEWISE_BEZIER_KNOTS.);
#374=B_SPLINE_CURVE_WITH_KNOTS('',2,(#12218,#12219,#12220),
 .UNSPECIFIED.,.F.,.F.,(3,3),(0.,1.),.PIECEWISE_BEZIER_KNOTS.);
#375=B_SPLINE_CURVE_WITH_KNOTS('',2,(#12237,#12238,#12239),
 .UNSPECIFIED.,.F.,.F.,(3,3),(0.,1.),.PIECEWISE_BEZIER_KNOTS.);
#376=B_SPLINE_CURVE_WITH_KNOTS('',2,(#12242,#12243,#12244),
 .UNSPECIFIED.,.F.,.F.,(3,3),(0.,1.),.PIECEWISE_BEZIER_KNOTS.);
#377=B_SPLINE_CURVE_WITH_KNOTS('',2,(#12246,#12247,#12248),
 .UNSPECIFIED.,.F.,.F.,(3,3),(0.,1.),.PIECEWISE_BEZIER_KNOTS.);
#378=B_SPLINE_CURVE_WITH_KNOTS('',2,(#12250,#12251,#12252),
 .UNSPECIFIED.,.F.,.F.,(3,3),(0.,1.),.PIECEWISE_BEZIER_KNOTS.);
#379=B_SPLINE_CURVE_WITH_KNOTS('',2,(#12262,#12263,#12264),
 .UNSPECIFIED.,.F.,.F.,(3,3),(0.,1.),.PIECEWISE_BEZIER_KNOTS.);
#380=B_SPLINE_CURVE_WITH_KNOTS('',2,(#12266,#12267,#12268),
 .UNSPECIFIED.,.F.,.F.,(3,3),(0.,1.),.PIECEWISE_BEZIER_KNOTS.);
#381=B_SPLINE_CURVE_WITH_KNOTS('',2,(#12270,#12271,#12272),
 .UNSPECIFIED.,.F.,.F.,(3,3),(0.,1.),.PIECEWISE_BEZIER_KNOTS.);
#382=B_SPLINE_CURVE_WITH_KNOTS('',2,(#12274,#12275,#12276),
 .UNSPECIFIED.,.F.,.F.,(3,3),(0.,1.),.PIECEWISE_BEZIER_KNOTS.);
#383=B_SPLINE_CURVE_WITH_KNOTS('',2,(#12278,#12279,#12280),
 .UNSPECIFIED.,.F.,.F.,(3,3),(0.,1.),.PIECEWISE_BEZIER_KNOTS.);
#384=B_SPLINE_CURVE_WITH_KNOTS('',2,(#12282,#12283,#12284),
 .UNSPECIFIED.,.F.,.F.,(3,3),(0.,1.),.PIECEWISE_BEZIER_KNOTS.);
#385=B_SPLINE_CURVE_WITH_KNOTS('',2,(#12304,#12305,#12306),
 .UNSPECIFIED.,.F.,.F.,(3,3),(0.,1.),.PIECEWISE_BEZIER_KNOTS.);
#386=B_SPLINE_CURVE_WITH_KNOTS('',2,(#12312,#12313,#12314),
 .UNSPECIFIED.,.F.,.F.,(3,3),(0.,1.),.PIECEWISE_BEZIER_KNOTS.);
#387=B_SPLINE_CURVE_WITH_KNOTS('',2,(#12322,#12323,#12324),
 .UNSPECIFIED.,.F.,.F.,(3,3),(0.,1.),.PIECEWISE_BEZIER_KNOTS.);
#388=B_SPLINE_CURVE_WITH_KNOTS('',2,(#12326,#12327,#12328),
 .UNSPECIFIED.,.F.,.F.,(3,3),(0.,1.),.PIECEWISE_BEZIER_KNOTS.);
#389=B_SPLINE_CURVE_WITH_KNOTS('',2,(#12340,#12341,#12342),
 .UNSPECIFIED.,.F.,.F.,(3,3),(0.,1.),.PIECEWISE_BEZIER_KNOTS.);
#390=B_SPLINE_CURVE_WITH_KNOTS('',2,(#12344,#12345,#12346),
 .UNSPECIFIED.,.F.,.F.,(3,3),(0.,1.),.PIECEWISE_BEZIER_KNOTS.);
#391=B_SPLINE_CURVE_WITH_KNOTS('',2,(#12418,#12419,#12420),
 .UNSPECIFIED.,.F.,.F.,(3,3),(0.,1.),.PIECEWISE_BEZIER_KNOTS.);
#392=B_SPLINE_CURVE_WITH_KNOTS('',2,(#12422,#12423,#12424),
 .UNSPECIFIED.,.F.,.F.,(3,3),(0.,1.),.PIECEWISE_BEZIER_KNOTS.);
#393=B_SPLINE_CURVE_WITH_KNOTS('',2,(#12430,#12431,#12432),
 .UNSPECIFIED.,.F.,.F.,(3,3),(0.,1.),.PIECEWISE_BEZIER_KNOTS.);
#394=B_SPLINE_CURVE_WITH_KNOTS('',2,(#12434,#12435,#12436),
 .UNSPECIFIED.,.F.,.F.,(3,3),(0.,1.),.PIECEWISE_BEZIER_KNOTS.);
#395=B_SPLINE_CURVE_WITH_KNOTS('',2,(#12438,#12439,#12440),
 .UNSPECIFIED.,.F.,.F.,(3,3),(0.,1.),.PIECEWISE_BEZIER_KNOTS.);
#396=B_SPLINE_CURVE_WITH_KNOTS('',2,(#12444,#12445,#12446),
 .UNSPECIFIED.,.F.,.F.,(3,3),(0.,1.),.PIECEWISE_BEZIER_KNOTS.);
#397=B_SPLINE_CURVE_WITH_KNOTS('',2,(#12456,#12457,#12458),
 .UNSPECIFIED.,.F.,.F.,(3,3),(0.,1.),.PIECEWISE_BEZIER_KNOTS.);
#398=B_SPLINE_CURVE_WITH_KNOTS('',2,(#12460,#12461,#12462),
 .UNSPECIFIED.,.F.,.F.,(3,3),(0.,1.),.PIECEWISE_BEZIER_KNOTS.);
#399=B_SPLINE_CURVE_WITH_KNOTS('',2,(#12468,#12469,#12470),
 .UNSPECIFIED.,.F.,.F.,(3,3),(0.,1.),.PIECEWISE_BEZIER_KNOTS.);
#400=B_SPLINE_CURVE_WITH_KNOTS('',2,(#12472,#12473,#12474),
 .UNSPECIFIED.,.F.,.F.,(3,3),(0.,1.),.PIECEWISE_BEZIER_KNOTS.);
#401=B_SPLINE_CURVE_WITH_KNOTS('',2,(#12559,#12560,#12561),
 .UNSPECIFIED.,.F.,.F.,(3,3),(0.,1.),.PIECEWISE_BEZIER_KNOTS.);
#402=B_SPLINE_CURVE_WITH_KNOTS('',2,(#12572,#12573,#12574),
 .UNSPECIFIED.,.F.,.F.,(3,3),(0.,1.),.PIECEWISE_BEZIER_KNOTS.);
#403=B_SPLINE_CURVE_WITH_KNOTS('',2,(#12586,#12587,#12588),
 .UNSPECIFIED.,.F.,.F.,(3,3),(0.,1.),.PIECEWISE_BEZIER_KNOTS.);
#404=B_SPLINE_CURVE_WITH_KNOTS('',2,(#12590,#12591,#12592),
 .UNSPECIFIED.,.F.,.F.,(3,3),(0.,1.),.PIECEWISE_BEZIER_KNOTS.);
#405=B_SPLINE_CURVE_WITH_KNOTS('',2,(#12720,#12721,#12722),
 .UNSPECIFIED.,.F.,.F.,(3,3),(0.,1.),.PIECEWISE_BEZIER_KNOTS.);
#406=B_SPLINE_CURVE_WITH_KNOTS('',2,(#12724,#12725,#12726),
 .UNSPECIFIED.,.F.,.F.,(3,3),(0.,1.),.PIECEWISE_BEZIER_KNOTS.);
#407=B_SPLINE_CURVE_WITH_KNOTS('',2,(#12732,#12733,#12734),
 .UNSPECIFIED.,.F.,.F.,(3,3),(0.,1.),.PIECEWISE_BEZIER_KNOTS.);
#408=B_SPLINE_CURVE_WITH_KNOTS('',2,(#12736,#12737,#12738),
 .UNSPECIFIED.,.F.,.F.,(3,3),(0.,1.),.PIECEWISE_BEZIER_KNOTS.);
#409=B_SPLINE_CURVE_WITH_KNOTS('',2,(#12752,#12753,#12754),
 .UNSPECIFIED.,.F.,.F.,(3,3),(0.,1.),.PIECEWISE_BEZIER_KNOTS.);
#410=B_SPLINE_CURVE_WITH_KNOTS('',2,(#12756,#12757,#12758),
 .UNSPECIFIED.,.F.,.F.,(3,3),(0.,1.),.PIECEWISE_BEZIER_KNOTS.);
#411=B_SPLINE_CURVE_WITH_KNOTS('',2,(#12936,#12937,#12938),
 .UNSPECIFIED.,.F.,.F.,(3,3),(0.,1.),.PIECEWISE_BEZIER_KNOTS.);
#412=B_SPLINE_CURVE_WITH_KNOTS('',2,(#12951,#12952,#12953),
 .UNSPECIFIED.,.F.,.F.,(3,3),(0.,1.),.PIECEWISE_BEZIER_KNOTS.);
#413=B_SPLINE_CURVE_WITH_KNOTS('',2,(#12955,#12956,#12957),
 .UNSPECIFIED.,.F.,.F.,(3,3),(0.,1.),.PIECEWISE_BEZIER_KNOTS.);
#414=B_SPLINE_CURVE_WITH_KNOTS('',2,(#12969,#12970,#12971),
 .UNSPECIFIED.,.F.,.F.,(3,3),(0.,1.),.PIECEWISE_BEZIER_KNOTS.);
#415=B_SPLINE_CURVE_WITH_KNOTS('',2,(#12972,#12973,#12974),
 .UNSPECIFIED.,.F.,.F.,(3,3),(0.,1.),.PIECEWISE_BEZIER_KNOTS.);
#416=B_SPLINE_CURVE_WITH_KNOTS('',2,(#12977,#12978,#12979),
 .UNSPECIFIED.,.F.,.F.,(3,3),(0.,1.),.PIECEWISE_BEZIER_KNOTS.);
#417=B_SPLINE_CURVE_WITH_KNOTS('',2,(#12989,#12990,#12991),
 .UNSPECIFIED.,.F.,.F.,(3,3),(0.,1.),.PIECEWISE_BEZIER_KNOTS.);
#418=B_SPLINE_CURVE_WITH_KNOTS('',2,(#12993,#12994,#12995),
 .UNSPECIFIED.,.F.,.F.,(3,3),(0.,1.),.PIECEWISE_BEZIER_KNOTS.);
#419=B_SPLINE_CURVE_WITH_KNOTS('',2,(#12997,#12998,#12999),
 .UNSPECIFIED.,.F.,.F.,(3,3),(0.,1.),.PIECEWISE_BEZIER_KNOTS.);
#420=B_SPLINE_CURVE_WITH_KNOTS('',2,(#13001,#13002,#13003),
 .UNSPECIFIED.,.F.,.F.,(3,3),(0.,1.),.PIECEWISE_BEZIER_KNOTS.);
#421=B_SPLINE_CURVE_WITH_KNOTS('',2,(#13005,#13006,#13007),
 .UNSPECIFIED.,.F.,.F.,(3,3),(0.,1.),.PIECEWISE_BEZIER_KNOTS.);
#422=B_SPLINE_CURVE_WITH_KNOTS('',2,(#13009,#13010,#13011),
 .UNSPECIFIED.,.F.,.F.,(3,3),(0.,1.),.PIECEWISE_BEZIER_KNOTS.);
#423=B_SPLINE_CURVE_WITH_KNOTS('',2,(#13021,#13022,#13023),
 .UNSPECIFIED.,.F.,.F.,(3,3),(0.,1.),.PIECEWISE_BEZIER_KNOTS.);
#424=B_SPLINE_CURVE_WITH_KNOTS('',2,(#13025,#13026,#13027),
 .UNSPECIFIED.,.F.,.F.,(3,3),(0.,1.),.PIECEWISE_BEZIER_KNOTS.);
#425=B_SPLINE_CURVE_WITH_KNOTS('',2,(#13031,#13032,#13033),
 .UNSPECIFIED.,.F.,.F.,(3,3),(0.,1.),.PIECEWISE_BEZIER_KNOTS.);
#426=B_SPLINE_CURVE_WITH_KNOTS('',2,(#13039,#13040,#13041),
 .UNSPECIFIED.,.F.,.F.,(3,3),(0.,1.),.PIECEWISE_BEZIER_KNOTS.);
#427=B_SPLINE_CURVE_WITH_KNOTS('',2,(#13067,#13068,#13069),
 .UNSPECIFIED.,.F.,.F.,(3,3),(0.,1.),.PIECEWISE_BEZIER_KNOTS.);
#428=B_SPLINE_CURVE_WITH_KNOTS('',2,(#13105,#13106,#13107),
 .UNSPECIFIED.,.F.,.F.,(3,3),(0.,1.),.PIECEWISE_BEZIER_KNOTS.);
#429=B_SPLINE_CURVE_WITH_KNOTS('',2,(#13123,#13124,#13125),
 .UNSPECIFIED.,.F.,.F.,(3,3),(0.,1.),.PIECEWISE_BEZIER_KNOTS.);
#430=B_SPLINE_CURVE_WITH_KNOTS('',2,(#13127,#13128,#13129),
 .UNSPECIFIED.,.F.,.F.,(3,3),(0.,1.),.PIECEWISE_BEZIER_KNOTS.);
#431=B_SPLINE_CURVE_WITH_KNOTS('',2,(#13135,#13136,#13137),
 .UNSPECIFIED.,.F.,.F.,(3,3),(0.,1.),.PIECEWISE_BEZIER_KNOTS.);
#432=B_SPLINE_CURVE_WITH_KNOTS('',2,(#13139,#13140,#13141),
 .UNSPECIFIED.,.F.,.F.,(3,3),(0.,1.),.PIECEWISE_BEZIER_KNOTS.);
#433=B_SPLINE_CURVE_WITH_KNOTS('',2,(#13151,#13152,#13153),
 .UNSPECIFIED.,.F.,.F.,(3,3),(0.,1.),.PIECEWISE_BEZIER_KNOTS.);
#434=B_SPLINE_CURVE_WITH_KNOTS('',2,(#13157,#13158,#13159),
 .UNSPECIFIED.,.F.,.F.,(3,3),(0.,1.),.PIECEWISE_BEZIER_KNOTS.);
#435=B_SPLINE_CURVE_WITH_KNOTS('',2,(#13161,#13162,#13163),
 .UNSPECIFIED.,.F.,.F.,(3,3),(0.,1.),.PIECEWISE_BEZIER_KNOTS.);
#436=B_SPLINE_CURVE_WITH_KNOTS('',2,(#13165,#13166,#13167),
 .UNSPECIFIED.,.F.,.F.,(3,3),(0.,1.),.PIECEWISE_BEZIER_KNOTS.);
#437=B_SPLINE_CURVE_WITH_KNOTS('',2,(#13173,#13174,#13175),
 .UNSPECIFIED.,.F.,.F.,(3,3),(0.,1.),.PIECEWISE_BEZIER_KNOTS.);
#438=B_SPLINE_CURVE_WITH_KNOTS('',2,(#13177,#13178,#13179),
 .UNSPECIFIED.,.F.,.F.,(3,3),(0.,1.),.PIECEWISE_BEZIER_KNOTS.);
#439=B_SPLINE_CURVE_WITH_KNOTS('',2,(#13349,#13350,#13351),
 .UNSPECIFIED.,.F.,.F.,(3,3),(0.,1.),.PIECEWISE_BEZIER_KNOTS.);
#440=B_SPLINE_CURVE_WITH_KNOTS('',2,(#13353,#13354,#13355),
 .UNSPECIFIED.,.F.,.F.,(3,3),(0.,1.),.PIECEWISE_BEZIER_KNOTS.);
#441=B_SPLINE_CURVE_WITH_KNOTS('',2,(#13369,#13370,#13371),
 .UNSPECIFIED.,.F.,.F.,(3,3),(0.,1.),.PIECEWISE_BEZIER_KNOTS.);
#442=B_SPLINE_CURVE_WITH_KNOTS('',2,(#13373,#13374,#13375),
 .UNSPECIFIED.,.F.,.F.,(3,3),(0.,1.),.PIECEWISE_BEZIER_KNOTS.);
#443=B_SPLINE_CURVE_WITH_KNOTS('',2,(#13381,#13382,#13383),
 .UNSPECIFIED.,.F.,.F.,(3,3),(0.,1.),.PIECEWISE_BEZIER_KNOTS.);
#444=B_SPLINE_CURVE_WITH_KNOTS('',2,(#13385,#13386,#13387),
 .UNSPECIFIED.,.F.,.F.,(3,3),(0.,1.),.PIECEWISE_BEZIER_KNOTS.);
#445=B_SPLINE_CURVE_WITH_KNOTS('',2,(#13406,#13407,#13408),
 .UNSPECIFIED.,.F.,.F.,(3,3),(0.,1.),.PIECEWISE_BEZIER_KNOTS.);
#446=B_SPLINE_CURVE_WITH_KNOTS('',2,(#13411,#13412,#13413),
 .UNSPECIFIED.,.F.,.F.,(3,3),(0.,1.),.PIECEWISE_BEZIER_KNOTS.);
#447=B_SPLINE_CURVE_WITH_KNOTS('',2,(#13423,#13424,#13425),
 .UNSPECIFIED.,.F.,.F.,(3,3),(0.,1.),.PIECEWISE_BEZIER_KNOTS.);
#448=B_SPLINE_CURVE_WITH_KNOTS('',2,(#13427,#13428,#13429),
 .UNSPECIFIED.,.F.,.F.,(3,3),(0.,1.),.PIECEWISE_BEZIER_KNOTS.);
#449=B_SPLINE_CURVE_WITH_KNOTS('',2,(#13431,#13432,#13433),
 .UNSPECIFIED.,.F.,.F.,(3,3),(0.,1.),.PIECEWISE_BEZIER_KNOTS.);
#450=B_SPLINE_CURVE_WITH_KNOTS('',2,(#13435,#13436,#13437),
 .UNSPECIFIED.,.F.,.F.,(3,3),(0.,1.),.PIECEWISE_BEZIER_KNOTS.);
#451=B_SPLINE_CURVE_WITH_KNOTS('',2,(#13439,#13440,#13441),
 .UNSPECIFIED.,.F.,.F.,(3,3),(0.,1.),.PIECEWISE_BEZIER_KNOTS.);
#452=B_SPLINE_CURVE_WITH_KNOTS('',2,(#13443,#13444,#13445),
 .UNSPECIFIED.,.F.,.F.,(3,3),(0.,1.),.PIECEWISE_BEZIER_KNOTS.);
#453=B_SPLINE_CURVE_WITH_KNOTS('',2,(#13455,#13456,#13457),
 .UNSPECIFIED.,.F.,.F.,(3,3),(0.,1.),.PIECEWISE_BEZIER_KNOTS.);
#454=B_SPLINE_CURVE_WITH_KNOTS('',2,(#13459,#13460,#13461),
 .UNSPECIFIED.,.F.,.F.,(3,3),(0.,1.),.PIECEWISE_BEZIER_KNOTS.);
#455=B_SPLINE_CURVE_WITH_KNOTS('',2,(#13499,#13500,#13501),
 .UNSPECIFIED.,.F.,.F.,(3,3),(0.,1.),.PIECEWISE_BEZIER_KNOTS.);
#456=B_SPLINE_CURVE_WITH_KNOTS('',2,(#13507,#13508,#13509),
 .UNSPECIFIED.,.F.,.F.,(3,3),(0.,1.),.PIECEWISE_BEZIER_KNOTS.);
#457=B_SPLINE_CURVE_WITH_KNOTS('',2,(#13555,#13556,#13557),
 .UNSPECIFIED.,.F.,.F.,(3,3),(0.,1.),.PIECEWISE_BEZIER_KNOTS.);
#458=B_SPLINE_CURVE_WITH_KNOTS('',2,(#13559,#13560,#13561),
 .UNSPECIFIED.,.F.,.F.,(3,3),(0.,1.),.PIECEWISE_BEZIER_KNOTS.);
#459=B_SPLINE_CURVE_WITH_KNOTS('',2,(#13567,#13568,#13569),
 .UNSPECIFIED.,.F.,.F.,(3,3),(0.,1.),.PIECEWISE_BEZIER_KNOTS.);
#460=B_SPLINE_CURVE_WITH_KNOTS('',2,(#13571,#13572,#13573),
 .UNSPECIFIED.,.F.,.F.,(3,3),(0.,1.),.PIECEWISE_BEZIER_KNOTS.);
#461=B_SPLINE_CURVE_WITH_KNOTS('',2,(#13583,#13584,#13585),
 .UNSPECIFIED.,.F.,.F.,(3,3),(0.,1.),.PIECEWISE_BEZIER_KNOTS.);
#462=B_SPLINE_CURVE_WITH_KNOTS('',2,(#13589,#13590,#13591),
 .UNSPECIFIED.,.F.,.F.,(3,3),(0.,1.),.PIECEWISE_BEZIER_KNOTS.);
#463=B_SPLINE_CURVE_WITH_KNOTS('',2,(#13593,#13594,#13595),
 .UNSPECIFIED.,.F.,.F.,(3,3),(0.,1.),.PIECEWISE_BEZIER_KNOTS.);
#464=B_SPLINE_CURVE_WITH_KNOTS('',2,(#13597,#13598,#13599),
 .UNSPECIFIED.,.F.,.F.,(3,3),(0.,1.),.PIECEWISE_BEZIER_KNOTS.);
#465=B_SPLINE_CURVE_WITH_KNOTS('',2,(#13605,#13606,#13607),
 .UNSPECIFIED.,.F.,.F.,(3,3),(0.,1.),.PIECEWISE_BEZIER_KNOTS.);
#466=B_SPLINE_CURVE_WITH_KNOTS('',2,(#13609,#13610,#13611),
 .UNSPECIFIED.,.F.,.F.,(3,3),(0.,1.),.PIECEWISE_BEZIER_KNOTS.);
#467=B_SPLINE_CURVE_WITH_KNOTS('',2,(#13639,#13640,#13641),
 .UNSPECIFIED.,.F.,.F.,(3,3),(0.,1.),.PIECEWISE_BEZIER_KNOTS.);
#468=B_SPLINE_CURVE_WITH_KNOTS('',2,(#13643,#13644,#13645),
 .UNSPECIFIED.,.F.,.F.,(3,3),(0.,1.),.PIECEWISE_BEZIER_KNOTS.);
#469=B_SPLINE_CURVE_WITH_KNOTS('',2,(#13647,#13648,#13649),
 .UNSPECIFIED.,.F.,.F.,(3,3),(0.,1.),.PIECEWISE_BEZIER_KNOTS.);
#470=B_SPLINE_CURVE_WITH_KNOTS('',2,(#13661,#13662,#13663),
 .UNSPECIFIED.,.F.,.F.,(3,3),(0.,1.),.PIECEWISE_BEZIER_KNOTS.);
#471=B_SPLINE_CURVE_WITH_KNOTS('',2,(#13715,#13716,#13717),
 .UNSPECIFIED.,.F.,.F.,(3,3),(0.,1.),.PIECEWISE_BEZIER_KNOTS.);
#472=B_SPLINE_CURVE_WITH_KNOTS('',2,(#13719,#13720,#13721),
 .UNSPECIFIED.,.F.,.F.,(3,3),(0.,1.),.PIECEWISE_BEZIER_KNOTS.);
#473=B_SPLINE_CURVE_WITH_KNOTS('',2,(#13735,#13736,#13737),
 .UNSPECIFIED.,.F.,.F.,(3,3),(0.,1.),.PIECEWISE_BEZIER_KNOTS.);
#474=B_SPLINE_CURVE_WITH_KNOTS('',2,(#13739,#13740,#13741),
 .UNSPECIFIED.,.F.,.F.,(3,3),(0.,1.),.PIECEWISE_BEZIER_KNOTS.);
#475=B_SPLINE_CURVE_WITH_KNOTS('',2,(#13747,#13748,#13749),
 .UNSPECIFIED.,.F.,.F.,(3,3),(0.,1.),.PIECEWISE_BEZIER_KNOTS.);
#476=B_SPLINE_CURVE_WITH_KNOTS('',2,(#13751,#13752,#13753),
 .UNSPECIFIED.,.F.,.F.,(3,3),(0.,1.),.PIECEWISE_BEZIER_KNOTS.);
#477=ORIENTED_EDGE('',*,*,#3093,.T.);
#478=ORIENTED_EDGE('',*,*,#3094,.F.);
#479=ORIENTED_EDGE('',*,*,#3095,.F.);
#480=ORIENTED_EDGE('',*,*,#3096,.T.);
#481=ORIENTED_EDGE('',*,*,#3097,.F.);
#482=ORIENTED_EDGE('',*,*,#3098,.T.);
#483=ORIENTED_EDGE('',*,*,#3099,.F.);
#484=ORIENTED_EDGE('',*,*,#3100,.F.);
#485=ORIENTED_EDGE('',*,*,#3101,.T.);
#486=ORIENTED_EDGE('',*,*,#3102,.F.);
#487=ORIENTED_EDGE('',*,*,#3103,.T.);
#488=ORIENTED_EDGE('',*,*,#3104,.F.);
#489=ORIENTED_EDGE('',*,*,#3105,.T.);
#490=ORIENTED_EDGE('',*,*,#3106,.F.);
#491=ORIENTED_EDGE('',*,*,#3107,.T.);
#492=ORIENTED_EDGE('',*,*,#3108,.F.);
#493=ORIENTED_EDGE('',*,*,#3109,.T.);
#494=ORIENTED_EDGE('',*,*,#3110,.T.);
#495=ORIENTED_EDGE('',*,*,#3111,.F.);
#496=ORIENTED_EDGE('',*,*,#3112,.T.);
#497=ORIENTED_EDGE('',*,*,#3113,.F.);
#498=ORIENTED_EDGE('',*,*,#3114,.T.);
#499=ORIENTED_EDGE('',*,*,#3115,.F.);
#500=ORIENTED_EDGE('',*,*,#3116,.T.);
#501=ORIENTED_EDGE('',*,*,#3117,.F.);
#502=ORIENTED_EDGE('',*,*,#3118,.F.);
#503=ORIENTED_EDGE('',*,*,#3119,.T.);
#504=ORIENTED_EDGE('',*,*,#3120,.F.);
#505=ORIENTED_EDGE('',*,*,#3121,.T.);
#506=ORIENTED_EDGE('',*,*,#3122,.T.);
#507=ORIENTED_EDGE('',*,*,#3123,.T.);
#508=ORIENTED_EDGE('',*,*,#3124,.F.);
#509=ORIENTED_EDGE('',*,*,#3125,.F.);
#510=ORIENTED_EDGE('',*,*,#3126,.T.);
#511=ORIENTED_EDGE('',*,*,#3127,.F.);
#512=ORIENTED_EDGE('',*,*,#3128,.T.);
#513=ORIENTED_EDGE('',*,*,#3129,.T.);
#514=ORIENTED_EDGE('',*,*,#3130,.T.);
#515=ORIENTED_EDGE('',*,*,#3131,.T.);
#516=ORIENTED_EDGE('',*,*,#3132,.T.);
#517=ORIENTED_EDGE('',*,*,#3133,.T.);
#518=ORIENTED_EDGE('',*,*,#3134,.F.);
#519=ORIENTED_EDGE('',*,*,#3135,.T.);
#520=ORIENTED_EDGE('',*,*,#3136,.F.);
#521=ORIENTED_EDGE('',*,*,#3137,.T.);
#522=ORIENTED_EDGE('',*,*,#3138,.F.);
#523=ORIENTED_EDGE('',*,*,#3139,.T.);
#524=ORIENTED_EDGE('',*,*,#3140,.F.);
#525=ORIENTED_EDGE('',*,*,#3141,.T.);
#526=ORIENTED_EDGE('',*,*,#3142,.T.);
#527=ORIENTED_EDGE('',*,*,#3143,.F.);
#528=ORIENTED_EDGE('',*,*,#3144,.T.);
#529=ORIENTED_EDGE('',*,*,#3145,.F.);
#530=ORIENTED_EDGE('',*,*,#3146,.T.);
#531=ORIENTED_EDGE('',*,*,#3147,.T.);
#532=ORIENTED_EDGE('',*,*,#3148,.F.);
#533=ORIENTED_EDGE('',*,*,#3149,.T.);
#534=ORIENTED_EDGE('',*,*,#3150,.F.);
#535=ORIENTED_EDGE('',*,*,#3151,.T.);
#536=ORIENTED_EDGE('',*,*,#3152,.F.);
#537=ORIENTED_EDGE('',*,*,#3153,.T.);
#538=ORIENTED_EDGE('',*,*,#3154,.T.);
#539=ORIENTED_EDGE('',*,*,#3155,.F.);
#540=ORIENTED_EDGE('',*,*,#3156,.T.);
#541=ORIENTED_EDGE('',*,*,#3157,.T.);
#542=ORIENTED_EDGE('',*,*,#3158,.T.);
#543=ORIENTED_EDGE('',*,*,#3159,.F.);
#544=ORIENTED_EDGE('',*,*,#3160,.F.);
#545=ORIENTED_EDGE('',*,*,#3161,.T.);
#546=ORIENTED_EDGE('',*,*,#3162,.F.);
#547=ORIENTED_EDGE('',*,*,#3163,.F.);
#548=ORIENTED_EDGE('',*,*,#3164,.T.);
#549=ORIENTED_EDGE('',*,*,#3165,.F.);
#550=ORIENTED_EDGE('',*,*,#3166,.T.);
#551=ORIENTED_EDGE('',*,*,#3167,.T.);
#552=ORIENTED_EDGE('',*,*,#3168,.T.);
#553=ORIENTED_EDGE('',*,*,#3169,.T.);
#554=ORIENTED_EDGE('',*,*,#3170,.T.);
#555=ORIENTED_EDGE('',*,*,#3171,.T.);
#556=ORIENTED_EDGE('',*,*,#3172,.T.);
#557=ORIENTED_EDGE('',*,*,#3173,.T.);
#558=ORIENTED_EDGE('',*,*,#3174,.T.);
#559=ORIENTED_EDGE('',*,*,#3175,.T.);
#560=ORIENTED_EDGE('',*,*,#3176,.T.);
#561=ORIENTED_EDGE('',*,*,#3177,.T.);
#562=ORIENTED_EDGE('',*,*,#3178,.T.);
#563=ORIENTED_EDGE('',*,*,#3179,.T.);
#564=ORIENTED_EDGE('',*,*,#3180,.T.);
#565=ORIENTED_EDGE('',*,*,#3181,.T.);
#566=ORIENTED_EDGE('',*,*,#3182,.T.);
#567=ORIENTED_EDGE('',*,*,#3183,.T.);
#568=ORIENTED_EDGE('',*,*,#3184,.T.);
#569=ORIENTED_EDGE('',*,*,#3185,.T.);
#570=ORIENTED_EDGE('',*,*,#3186,.T.);
#571=ORIENTED_EDGE('',*,*,#3187,.T.);
#572=ORIENTED_EDGE('',*,*,#3188,.T.);
#573=ORIENTED_EDGE('',*,*,#3189,.T.);
#574=ORIENTED_EDGE('',*,*,#3190,.T.);
#575=ORIENTED_EDGE('',*,*,#3191,.T.);
#576=ORIENTED_EDGE('',*,*,#3192,.T.);
#577=ORIENTED_EDGE('',*,*,#3193,.T.);
#578=ORIENTED_EDGE('',*,*,#3194,.T.);
#579=ORIENTED_EDGE('',*,*,#3195,.T.);
#580=ORIENTED_EDGE('',*,*,#3196,.T.);
#581=ORIENTED_EDGE('',*,*,#3197,.T.);
#582=ORIENTED_EDGE('',*,*,#3198,.T.);
#583=ORIENTED_EDGE('',*,*,#3199,.T.);
#584=ORIENTED_EDGE('',*,*,#3200,.T.);
#585=ORIENTED_EDGE('',*,*,#3201,.T.);
#586=ORIENTED_EDGE('',*,*,#3202,.T.);
#587=ORIENTED_EDGE('',*,*,#3203,.T.);
#588=ORIENTED_EDGE('',*,*,#3204,.T.);
#589=ORIENTED_EDGE('',*,*,#3205,.T.);
#590=ORIENTED_EDGE('',*,*,#3206,.T.);
#591=ORIENTED_EDGE('',*,*,#3207,.T.);
#592=ORIENTED_EDGE('',*,*,#3208,.T.);
#593=ORIENTED_EDGE('',*,*,#3209,.T.);
#594=ORIENTED_EDGE('',*,*,#3210,.T.);
#595=ORIENTED_EDGE('',*,*,#3211,.T.);
#596=ORIENTED_EDGE('',*,*,#3212,.T.);
#597=ORIENTED_EDGE('',*,*,#3213,.T.);
#598=ORIENTED_EDGE('',*,*,#3214,.T.);
#599=ORIENTED_EDGE('',*,*,#3215,.T.);
#600=ORIENTED_EDGE('',*,*,#3216,.T.);
#601=ORIENTED_EDGE('',*,*,#3217,.T.);
#602=ORIENTED_EDGE('',*,*,#3218,.T.);
#603=ORIENTED_EDGE('',*,*,#3219,.T.);
#604=ORIENTED_EDGE('',*,*,#3220,.T.);
#605=ORIENTED_EDGE('',*,*,#3221,.T.);
#606=ORIENTED_EDGE('',*,*,#3222,.T.);
#607=ORIENTED_EDGE('',*,*,#3223,.T.);
#608=ORIENTED_EDGE('',*,*,#3224,.T.);
#609=ORIENTED_EDGE('',*,*,#3225,.T.);
#610=ORIENTED_EDGE('',*,*,#3226,.T.);
#611=ORIENTED_EDGE('',*,*,#3227,.T.);
#612=ORIENTED_EDGE('',*,*,#3228,.T.);
#613=ORIENTED_EDGE('',*,*,#3229,.T.);
#614=ORIENTED_EDGE('',*,*,#3230,.T.);
#615=ORIENTED_EDGE('',*,*,#3231,.T.);
#616=ORIENTED_EDGE('',*,*,#3232,.T.);
#617=ORIENTED_EDGE('',*,*,#3233,.T.);
#618=ORIENTED_EDGE('',*,*,#3234,.T.);
#619=ORIENTED_EDGE('',*,*,#3235,.T.);
#620=ORIENTED_EDGE('',*,*,#3236,.T.);
#621=ORIENTED_EDGE('',*,*,#3237,.T.);
#622=ORIENTED_EDGE('',*,*,#3238,.T.);
#623=ORIENTED_EDGE('',*,*,#3239,.T.);
#624=ORIENTED_EDGE('',*,*,#3240,.T.);
#625=ORIENTED_EDGE('',*,*,#3241,.T.);
#626=ORIENTED_EDGE('',*,*,#3242,.T.);
#627=ORIENTED_EDGE('',*,*,#3243,.T.);
#628=ORIENTED_EDGE('',*,*,#3244,.T.);
#629=ORIENTED_EDGE('',*,*,#3245,.T.);
#630=ORIENTED_EDGE('',*,*,#3246,.T.);
#631=ORIENTED_EDGE('',*,*,#3247,.T.);
#632=ORIENTED_EDGE('',*,*,#3248,.T.);
#633=ORIENTED_EDGE('',*,*,#3249,.T.);
#634=ORIENTED_EDGE('',*,*,#3250,.T.);
#635=ORIENTED_EDGE('',*,*,#3251,.T.);
#636=ORIENTED_EDGE('',*,*,#3252,.T.);
#637=ORIENTED_EDGE('',*,*,#3253,.T.);
#638=ORIENTED_EDGE('',*,*,#3254,.T.);
#639=ORIENTED_EDGE('',*,*,#3255,.T.);
#640=ORIENTED_EDGE('',*,*,#3256,.T.);
#641=ORIENTED_EDGE('',*,*,#3257,.T.);
#642=ORIENTED_EDGE('',*,*,#3258,.T.);
#643=ORIENTED_EDGE('',*,*,#3259,.T.);
#644=ORIENTED_EDGE('',*,*,#3260,.T.);
#645=ORIENTED_EDGE('',*,*,#3261,.T.);
#646=ORIENTED_EDGE('',*,*,#3262,.T.);
#647=ORIENTED_EDGE('',*,*,#3263,.T.);
#648=ORIENTED_EDGE('',*,*,#3264,.T.);
#649=ORIENTED_EDGE('',*,*,#3265,.T.);
#650=ORIENTED_EDGE('',*,*,#3266,.T.);
#651=ORIENTED_EDGE('',*,*,#3267,.T.);
#652=ORIENTED_EDGE('',*,*,#3268,.T.);
#653=ORIENTED_EDGE('',*,*,#3269,.T.);
#654=ORIENTED_EDGE('',*,*,#3270,.T.);
#655=ORIENTED_EDGE('',*,*,#3271,.T.);
#656=ORIENTED_EDGE('',*,*,#3272,.T.);
#657=ORIENTED_EDGE('',*,*,#3273,.T.);
#658=ORIENTED_EDGE('',*,*,#3274,.T.);
#659=ORIENTED_EDGE('',*,*,#3275,.T.);
#660=ORIENTED_EDGE('',*,*,#3276,.T.);
#661=ORIENTED_EDGE('',*,*,#3277,.T.);
#662=ORIENTED_EDGE('',*,*,#3278,.T.);
#663=ORIENTED_EDGE('',*,*,#3279,.T.);
#664=ORIENTED_EDGE('',*,*,#3280,.T.);
#665=ORIENTED_EDGE('',*,*,#3281,.T.);
#666=ORIENTED_EDGE('',*,*,#3282,.T.);
#667=ORIENTED_EDGE('',*,*,#3283,.T.);
#668=ORIENTED_EDGE('',*,*,#3284,.T.);
#669=ORIENTED_EDGE('',*,*,#3285,.T.);
#670=ORIENTED_EDGE('',*,*,#3286,.T.);
#671=ORIENTED_EDGE('',*,*,#3287,.T.);
#672=ORIENTED_EDGE('',*,*,#3288,.T.);
#673=ORIENTED_EDGE('',*,*,#3289,.T.);
#674=ORIENTED_EDGE('',*,*,#3290,.T.);
#675=ORIENTED_EDGE('',*,*,#3291,.T.);
#676=ORIENTED_EDGE('',*,*,#3292,.T.);
#677=ORIENTED_EDGE('',*,*,#3293,.T.);
#678=ORIENTED_EDGE('',*,*,#3294,.T.);
#679=ORIENTED_EDGE('',*,*,#3295,.T.);
#680=ORIENTED_EDGE('',*,*,#3296,.T.);
#681=ORIENTED_EDGE('',*,*,#3297,.T.);
#682=ORIENTED_EDGE('',*,*,#3298,.T.);
#683=ORIENTED_EDGE('',*,*,#3299,.T.);
#684=ORIENTED_EDGE('',*,*,#3300,.T.);
#685=ORIENTED_EDGE('',*,*,#3301,.T.);
#686=ORIENTED_EDGE('',*,*,#3302,.T.);
#687=ORIENTED_EDGE('',*,*,#3303,.T.);
#688=ORIENTED_EDGE('',*,*,#3304,.T.);
#689=ORIENTED_EDGE('',*,*,#3305,.T.);
#690=ORIENTED_EDGE('',*,*,#3306,.T.);
#691=ORIENTED_EDGE('',*,*,#3307,.T.);
#692=ORIENTED_EDGE('',*,*,#3308,.T.);
#693=ORIENTED_EDGE('',*,*,#3309,.T.);
#694=ORIENTED_EDGE('',*,*,#3310,.T.);
#695=ORIENTED_EDGE('',*,*,#3311,.T.);
#696=ORIENTED_EDGE('',*,*,#3312,.T.);
#697=ORIENTED_EDGE('',*,*,#3313,.T.);
#698=ORIENTED_EDGE('',*,*,#3314,.T.);
#699=ORIENTED_EDGE('',*,*,#3315,.T.);
#700=ORIENTED_EDGE('',*,*,#3316,.T.);
#701=ORIENTED_EDGE('',*,*,#3317,.T.);
#702=ORIENTED_EDGE('',*,*,#3318,.T.);
#703=ORIENTED_EDGE('',*,*,#3319,.T.);
#704=ORIENTED_EDGE('',*,*,#3320,.T.);
#705=ORIENTED_EDGE('',*,*,#3321,.T.);
#706=ORIENTED_EDGE('',*,*,#3322,.T.);
#707=ORIENTED_EDGE('',*,*,#3323,.T.);
#708=ORIENTED_EDGE('',*,*,#3324,.T.);
#709=ORIENTED_EDGE('',*,*,#3325,.T.);
#710=ORIENTED_EDGE('',*,*,#3326,.T.);
#711=ORIENTED_EDGE('',*,*,#3327,.T.);
#712=ORIENTED_EDGE('',*,*,#3328,.T.);
#713=ORIENTED_EDGE('',*,*,#3329,.T.);
#714=ORIENTED_EDGE('',*,*,#3330,.T.);
#715=ORIENTED_EDGE('',*,*,#3331,.T.);
#716=ORIENTED_EDGE('',*,*,#3332,.T.);
#717=ORIENTED_EDGE('',*,*,#3333,.T.);
#718=ORIENTED_EDGE('',*,*,#3334,.T.);
#719=ORIENTED_EDGE('',*,*,#3335,.T.);
#720=ORIENTED_EDGE('',*,*,#3336,.T.);
#721=ORIENTED_EDGE('',*,*,#3337,.T.);
#722=ORIENTED_EDGE('',*,*,#3338,.T.);
#723=ORIENTED_EDGE('',*,*,#3339,.T.);
#724=ORIENTED_EDGE('',*,*,#3340,.T.);
#725=ORIENTED_EDGE('',*,*,#3341,.T.);
#726=ORIENTED_EDGE('',*,*,#3342,.T.);
#727=ORIENTED_EDGE('',*,*,#3343,.T.);
#728=ORIENTED_EDGE('',*,*,#3344,.T.);
#729=ORIENTED_EDGE('',*,*,#3345,.T.);
#730=ORIENTED_EDGE('',*,*,#3346,.T.);
#731=ORIENTED_EDGE('',*,*,#3347,.T.);
#732=ORIENTED_EDGE('',*,*,#3348,.T.);
#733=ORIENTED_EDGE('',*,*,#3349,.T.);
#734=ORIENTED_EDGE('',*,*,#3350,.T.);
#735=ORIENTED_EDGE('',*,*,#3351,.T.);
#736=ORIENTED_EDGE('',*,*,#3352,.T.);
#737=ORIENTED_EDGE('',*,*,#3353,.T.);
#738=ORIENTED_EDGE('',*,*,#3354,.T.);
#739=ORIENTED_EDGE('',*,*,#3355,.T.);
#740=ORIENTED_EDGE('',*,*,#3356,.T.);
#741=ORIENTED_EDGE('',*,*,#3357,.T.);
#742=ORIENTED_EDGE('',*,*,#3358,.T.);
#743=ORIENTED_EDGE('',*,*,#3359,.T.);
#744=ORIENTED_EDGE('',*,*,#3360,.T.);
#745=ORIENTED_EDGE('',*,*,#3361,.T.);
#746=ORIENTED_EDGE('',*,*,#3362,.T.);
#747=ORIENTED_EDGE('',*,*,#3363,.T.);
#748=ORIENTED_EDGE('',*,*,#3364,.T.);
#749=ORIENTED_EDGE('',*,*,#3365,.T.);
#750=ORIENTED_EDGE('',*,*,#3366,.T.);
#751=ORIENTED_EDGE('',*,*,#3367,.T.);
#752=ORIENTED_EDGE('',*,*,#3368,.T.);
#753=ORIENTED_EDGE('',*,*,#3369,.T.);
#754=ORIENTED_EDGE('',*,*,#3370,.T.);
#755=ORIENTED_EDGE('',*,*,#3371,.T.);
#756=ORIENTED_EDGE('',*,*,#3372,.T.);
#757=ORIENTED_EDGE('',*,*,#3373,.T.);
#758=ORIENTED_EDGE('',*,*,#3374,.T.);
#759=ORIENTED_EDGE('',*,*,#3375,.T.);
#760=ORIENTED_EDGE('',*,*,#3376,.T.);
#761=ORIENTED_EDGE('',*,*,#3377,.T.);
#762=ORIENTED_EDGE('',*,*,#3378,.T.);
#763=ORIENTED_EDGE('',*,*,#3379,.T.);
#764=ORIENTED_EDGE('',*,*,#3380,.T.);
#765=ORIENTED_EDGE('',*,*,#3381,.T.);
#766=ORIENTED_EDGE('',*,*,#3382,.T.);
#767=ORIENTED_EDGE('',*,*,#3383,.T.);
#768=ORIENTED_EDGE('',*,*,#3384,.T.);
#769=ORIENTED_EDGE('',*,*,#3385,.T.);
#770=ORIENTED_EDGE('',*,*,#3386,.T.);
#771=ORIENTED_EDGE('',*,*,#3387,.T.);
#772=ORIENTED_EDGE('',*,*,#3388,.T.);
#773=ORIENTED_EDGE('',*,*,#3389,.T.);
#774=ORIENTED_EDGE('',*,*,#3390,.T.);
#775=ORIENTED_EDGE('',*,*,#3391,.T.);
#776=ORIENTED_EDGE('',*,*,#3392,.T.);
#777=ORIENTED_EDGE('',*,*,#3393,.T.);
#778=ORIENTED_EDGE('',*,*,#3394,.T.);
#779=ORIENTED_EDGE('',*,*,#3395,.T.);
#780=ORIENTED_EDGE('',*,*,#3396,.T.);
#781=ORIENTED_EDGE('',*,*,#3397,.T.);
#782=ORIENTED_EDGE('',*,*,#3398,.T.);
#783=ORIENTED_EDGE('',*,*,#3399,.T.);
#784=ORIENTED_EDGE('',*,*,#3400,.T.);
#785=ORIENTED_EDGE('',*,*,#3401,.T.);
#786=ORIENTED_EDGE('',*,*,#3402,.T.);
#787=ORIENTED_EDGE('',*,*,#3403,.T.);
#788=ORIENTED_EDGE('',*,*,#3404,.T.);
#789=ORIENTED_EDGE('',*,*,#3405,.T.);
#790=ORIENTED_EDGE('',*,*,#3406,.T.);
#791=ORIENTED_EDGE('',*,*,#3407,.T.);
#792=ORIENTED_EDGE('',*,*,#3408,.T.);
#793=ORIENTED_EDGE('',*,*,#3409,.T.);
#794=ORIENTED_EDGE('',*,*,#3410,.T.);
#795=ORIENTED_EDGE('',*,*,#3411,.T.);
#796=ORIENTED_EDGE('',*,*,#3412,.T.);
#797=ORIENTED_EDGE('',*,*,#3413,.T.);
#798=ORIENTED_EDGE('',*,*,#3414,.T.);
#799=ORIENTED_EDGE('',*,*,#3415,.T.);
#800=ORIENTED_EDGE('',*,*,#3416,.T.);
#801=ORIENTED_EDGE('',*,*,#3417,.T.);
#802=ORIENTED_EDGE('',*,*,#3418,.T.);
#803=ORIENTED_EDGE('',*,*,#3419,.T.);
#804=ORIENTED_EDGE('',*,*,#3420,.T.);
#805=ORIENTED_EDGE('',*,*,#3421,.T.);
#806=ORIENTED_EDGE('',*,*,#3422,.T.);
#807=ORIENTED_EDGE('',*,*,#3423,.T.);
#808=ORIENTED_EDGE('',*,*,#3424,.T.);
#809=ORIENTED_EDGE('',*,*,#3425,.T.);
#810=ORIENTED_EDGE('',*,*,#3426,.T.);
#811=ORIENTED_EDGE('',*,*,#3427,.T.);
#812=ORIENTED_EDGE('',*,*,#3428,.T.);
#813=ORIENTED_EDGE('',*,*,#3429,.T.);
#814=ORIENTED_EDGE('',*,*,#3430,.T.);
#815=ORIENTED_EDGE('',*,*,#3431,.T.);
#816=ORIENTED_EDGE('',*,*,#3432,.T.);
#817=ORIENTED_EDGE('',*,*,#3433,.T.);
#818=ORIENTED_EDGE('',*,*,#3434,.T.);
#819=ORIENTED_EDGE('',*,*,#3435,.T.);
#820=ORIENTED_EDGE('',*,*,#3436,.T.);
#821=ORIENTED_EDGE('',*,*,#3437,.T.);
#822=ORIENTED_EDGE('',*,*,#3438,.T.);
#823=ORIENTED_EDGE('',*,*,#3439,.T.);
#824=ORIENTED_EDGE('',*,*,#3440,.T.);
#825=ORIENTED_EDGE('',*,*,#3441,.T.);
#826=ORIENTED_EDGE('',*,*,#3442,.T.);
#827=ORIENTED_EDGE('',*,*,#3443,.T.);
#828=ORIENTED_EDGE('',*,*,#3444,.T.);
#829=ORIENTED_EDGE('',*,*,#3445,.T.);
#830=ORIENTED_EDGE('',*,*,#3446,.T.);
#831=ORIENTED_EDGE('',*,*,#3447,.T.);
#832=ORIENTED_EDGE('',*,*,#3448,.T.);
#833=ORIENTED_EDGE('',*,*,#3449,.T.);
#834=ORIENTED_EDGE('',*,*,#3450,.T.);
#835=ORIENTED_EDGE('',*,*,#3451,.T.);
#836=ORIENTED_EDGE('',*,*,#3452,.T.);
#837=ORIENTED_EDGE('',*,*,#3453,.T.);
#838=ORIENTED_EDGE('',*,*,#3454,.T.);
#839=ORIENTED_EDGE('',*,*,#3455,.T.);
#840=ORIENTED_EDGE('',*,*,#3456,.T.);
#841=ORIENTED_EDGE('',*,*,#3457,.T.);
#842=ORIENTED_EDGE('',*,*,#3458,.T.);
#843=ORIENTED_EDGE('',*,*,#3459,.T.);
#844=ORIENTED_EDGE('',*,*,#3460,.T.);
#845=ORIENTED_EDGE('',*,*,#3461,.T.);
#846=ORIENTED_EDGE('',*,*,#3462,.T.);
#847=ORIENTED_EDGE('',*,*,#3463,.T.);
#848=ORIENTED_EDGE('',*,*,#3464,.T.);
#849=ORIENTED_EDGE('',*,*,#3465,.T.);
#850=ORIENTED_EDGE('',*,*,#3466,.T.);
#851=ORIENTED_EDGE('',*,*,#3467,.T.);
#852=ORIENTED_EDGE('',*,*,#3468,.T.);
#853=ORIENTED_EDGE('',*,*,#3469,.T.);
#854=ORIENTED_EDGE('',*,*,#3470,.T.);
#855=ORIENTED_EDGE('',*,*,#3471,.T.);
#856=ORIENTED_EDGE('',*,*,#3472,.T.);
#857=ORIENTED_EDGE('',*,*,#3473,.T.);
#858=ORIENTED_EDGE('',*,*,#3474,.T.);
#859=ORIENTED_EDGE('',*,*,#3475,.T.);
#860=ORIENTED_EDGE('',*,*,#3476,.T.);
#861=ORIENTED_EDGE('',*,*,#3477,.T.);
#862=ORIENTED_EDGE('',*,*,#3478,.T.);
#863=ORIENTED_EDGE('',*,*,#3479,.T.);
#864=ORIENTED_EDGE('',*,*,#3480,.T.);
#865=ORIENTED_EDGE('',*,*,#3481,.T.);
#866=ORIENTED_EDGE('',*,*,#3482,.T.);
#867=ORIENTED_EDGE('',*,*,#3483,.T.);
#868=ORIENTED_EDGE('',*,*,#3484,.T.);
#869=ORIENTED_EDGE('',*,*,#3485,.T.);
#870=ORIENTED_EDGE('',*,*,#3486,.T.);
#871=ORIENTED_EDGE('',*,*,#3487,.T.);
#872=ORIENTED_EDGE('',*,*,#3488,.T.);
#873=ORIENTED_EDGE('',*,*,#3489,.T.);
#874=ORIENTED_EDGE('',*,*,#3490,.T.);
#875=ORIENTED_EDGE('',*,*,#3491,.T.);
#876=ORIENTED_EDGE('',*,*,#3492,.T.);
#877=ORIENTED_EDGE('',*,*,#3493,.T.);
#878=ORIENTED_EDGE('',*,*,#3494,.T.);
#879=ORIENTED_EDGE('',*,*,#3495,.T.);
#880=ORIENTED_EDGE('',*,*,#3496,.T.);
#881=ORIENTED_EDGE('',*,*,#3497,.T.);
#882=ORIENTED_EDGE('',*,*,#3498,.T.);
#883=ORIENTED_EDGE('',*,*,#3499,.T.);
#884=ORIENTED_EDGE('',*,*,#3500,.T.);
#885=ORIENTED_EDGE('',*,*,#3501,.T.);
#886=ORIENTED_EDGE('',*,*,#3502,.T.);
#887=ORIENTED_EDGE('',*,*,#3503,.T.);
#888=ORIENTED_EDGE('',*,*,#3504,.T.);
#889=ORIENTED_EDGE('',*,*,#3505,.T.);
#890=ORIENTED_EDGE('',*,*,#3506,.T.);
#891=ORIENTED_EDGE('',*,*,#3507,.T.);
#892=ORIENTED_EDGE('',*,*,#3508,.T.);
#893=ORIENTED_EDGE('',*,*,#3509,.T.);
#894=ORIENTED_EDGE('',*,*,#3510,.T.);
#895=ORIENTED_EDGE('',*,*,#3511,.T.);
#896=ORIENTED_EDGE('',*,*,#3512,.T.);
#897=ORIENTED_EDGE('',*,*,#3513,.T.);
#898=ORIENTED_EDGE('',*,*,#3514,.T.);
#899=ORIENTED_EDGE('',*,*,#3515,.T.);
#900=ORIENTED_EDGE('',*,*,#3516,.T.);
#901=ORIENTED_EDGE('',*,*,#3517,.T.);
#902=ORIENTED_EDGE('',*,*,#3518,.T.);
#903=ORIENTED_EDGE('',*,*,#3519,.T.);
#904=ORIENTED_EDGE('',*,*,#3520,.T.);
#905=ORIENTED_EDGE('',*,*,#3521,.T.);
#906=ORIENTED_EDGE('',*,*,#3522,.T.);
#907=ORIENTED_EDGE('',*,*,#3523,.T.);
#908=ORIENTED_EDGE('',*,*,#3524,.T.);
#909=ORIENTED_EDGE('',*,*,#3525,.T.);
#910=ORIENTED_EDGE('',*,*,#3526,.T.);
#911=ORIENTED_EDGE('',*,*,#3527,.T.);
#912=ORIENTED_EDGE('',*,*,#3528,.T.);
#913=ORIENTED_EDGE('',*,*,#3529,.T.);
#914=ORIENTED_EDGE('',*,*,#3530,.T.);
#915=ORIENTED_EDGE('',*,*,#3531,.T.);
#916=ORIENTED_EDGE('',*,*,#3532,.T.);
#917=ORIENTED_EDGE('',*,*,#3533,.T.);
#918=ORIENTED_EDGE('',*,*,#3534,.T.);
#919=ORIENTED_EDGE('',*,*,#3535,.T.);
#920=ORIENTED_EDGE('',*,*,#3536,.T.);
#921=ORIENTED_EDGE('',*,*,#3537,.T.);
#922=ORIENTED_EDGE('',*,*,#3538,.T.);
#923=ORIENTED_EDGE('',*,*,#3539,.T.);
#924=ORIENTED_EDGE('',*,*,#3540,.T.);
#925=ORIENTED_EDGE('',*,*,#3541,.T.);
#926=ORIENTED_EDGE('',*,*,#3542,.T.);
#927=ORIENTED_EDGE('',*,*,#3543,.T.);
#928=ORIENTED_EDGE('',*,*,#3544,.T.);
#929=ORIENTED_EDGE('',*,*,#3545,.T.);
#930=ORIENTED_EDGE('',*,*,#3546,.T.);
#931=ORIENTED_EDGE('',*,*,#3547,.T.);
#932=ORIENTED_EDGE('',*,*,#3548,.T.);
#933=ORIENTED_EDGE('',*,*,#3549,.T.);
#934=ORIENTED_EDGE('',*,*,#3550,.T.);
#935=ORIENTED_EDGE('',*,*,#3551,.T.);
#936=ORIENTED_EDGE('',*,*,#3552,.T.);
#937=ORIENTED_EDGE('',*,*,#3553,.T.);
#938=ORIENTED_EDGE('',*,*,#3554,.T.);
#939=ORIENTED_EDGE('',*,*,#3555,.T.);
#940=ORIENTED_EDGE('',*,*,#3556,.T.);
#941=ORIENTED_EDGE('',*,*,#3557,.T.);
#942=ORIENTED_EDGE('',*,*,#3558,.T.);
#943=ORIENTED_EDGE('',*,*,#3559,.T.);
#944=ORIENTED_EDGE('',*,*,#3560,.T.);
#945=ORIENTED_EDGE('',*,*,#3561,.T.);
#946=ORIENTED_EDGE('',*,*,#3562,.T.);
#947=ORIENTED_EDGE('',*,*,#3563,.T.);
#948=ORIENTED_EDGE('',*,*,#3564,.T.);
#949=ORIENTED_EDGE('',*,*,#3565,.T.);
#950=ORIENTED_EDGE('',*,*,#3566,.T.);
#951=ORIENTED_EDGE('',*,*,#3567,.T.);
#952=ORIENTED_EDGE('',*,*,#3568,.T.);
#953=ORIENTED_EDGE('',*,*,#3569,.T.);
#954=ORIENTED_EDGE('',*,*,#3570,.T.);
#955=ORIENTED_EDGE('',*,*,#3571,.T.);
#956=ORIENTED_EDGE('',*,*,#3572,.T.);
#957=ORIENTED_EDGE('',*,*,#3573,.T.);
#958=ORIENTED_EDGE('',*,*,#3574,.T.);
#959=ORIENTED_EDGE('',*,*,#3575,.T.);
#960=ORIENTED_EDGE('',*,*,#3576,.T.);
#961=ORIENTED_EDGE('',*,*,#3577,.T.);
#962=ORIENTED_EDGE('',*,*,#3578,.T.);
#963=ORIENTED_EDGE('',*,*,#3579,.T.);
#964=ORIENTED_EDGE('',*,*,#3580,.T.);
#965=ORIENTED_EDGE('',*,*,#3581,.T.);
#966=ORIENTED_EDGE('',*,*,#3582,.T.);
#967=ORIENTED_EDGE('',*,*,#3583,.T.);
#968=ORIENTED_EDGE('',*,*,#3584,.T.);
#969=ORIENTED_EDGE('',*,*,#3585,.T.);
#970=ORIENTED_EDGE('',*,*,#3586,.T.);
#971=ORIENTED_EDGE('',*,*,#3587,.T.);
#972=ORIENTED_EDGE('',*,*,#3588,.T.);
#973=ORIENTED_EDGE('',*,*,#3589,.T.);
#974=ORIENTED_EDGE('',*,*,#3590,.T.);
#975=ORIENTED_EDGE('',*,*,#3591,.T.);
#976=ORIENTED_EDGE('',*,*,#3592,.T.);
#977=ORIENTED_EDGE('',*,*,#3593,.T.);
#978=ORIENTED_EDGE('',*,*,#3594,.T.);
#979=ORIENTED_EDGE('',*,*,#3595,.T.);
#980=ORIENTED_EDGE('',*,*,#3596,.T.);
#981=ORIENTED_EDGE('',*,*,#3597,.T.);
#982=ORIENTED_EDGE('',*,*,#3598,.T.);
#983=ORIENTED_EDGE('',*,*,#3599,.T.);
#984=ORIENTED_EDGE('',*,*,#3600,.T.);
#985=ORIENTED_EDGE('',*,*,#3601,.T.);
#986=ORIENTED_EDGE('',*,*,#3602,.T.);
#987=ORIENTED_EDGE('',*,*,#3603,.T.);
#988=ORIENTED_EDGE('',*,*,#3604,.T.);
#989=ORIENTED_EDGE('',*,*,#3605,.T.);
#990=ORIENTED_EDGE('',*,*,#3606,.T.);
#991=ORIENTED_EDGE('',*,*,#3607,.T.);
#992=ORIENTED_EDGE('',*,*,#3608,.T.);
#993=ORIENTED_EDGE('',*,*,#3609,.T.);
#994=ORIENTED_EDGE('',*,*,#3610,.T.);
#995=ORIENTED_EDGE('',*,*,#3611,.T.);
#996=ORIENTED_EDGE('',*,*,#3612,.T.);
#997=ORIENTED_EDGE('',*,*,#3613,.T.);
#998=ORIENTED_EDGE('',*,*,#3614,.T.);
#999=ORIENTED_EDGE('',*,*,#3615,.T.);
#1000=ORIENTED_EDGE('',*,*,#3616,.T.);
#1001=ORIENTED_EDGE('',*,*,#3617,.T.);
#1002=ORIENTED_EDGE('',*,*,#3618,.T.);
#1003=ORIENTED_EDGE('',*,*,#3619,.T.);
#1004=ORIENTED_EDGE('',*,*,#3620,.T.);
#1005=ORIENTED_EDGE('',*,*,#3621,.T.);
#1006=ORIENTED_EDGE('',*,*,#3622,.T.);
#1007=ORIENTED_EDGE('',*,*,#3623,.T.);
#1008=ORIENTED_EDGE('',*,*,#3624,.T.);
#1009=ORIENTED_EDGE('',*,*,#3625,.T.);
#1010=ORIENTED_EDGE('',*,*,#3626,.T.);
#1011=ORIENTED_EDGE('',*,*,#3627,.T.);
#1012=ORIENTED_EDGE('',*,*,#3628,.T.);
#1013=ORIENTED_EDGE('',*,*,#3629,.T.);
#1014=ORIENTED_EDGE('',*,*,#3630,.T.);
#1015=ORIENTED_EDGE('',*,*,#3631,.T.);
#1016=ORIENTED_EDGE('',*,*,#3632,.T.);
#1017=ORIENTED_EDGE('',*,*,#3633,.T.);
#1018=ORIENTED_EDGE('',*,*,#3634,.T.);
#1019=ORIENTED_EDGE('',*,*,#3635,.T.);
#1020=ORIENTED_EDGE('',*,*,#3636,.T.);
#1021=ORIENTED_EDGE('',*,*,#3637,.T.);
#1022=ORIENTED_EDGE('',*,*,#3638,.T.);
#1023=ORIENTED_EDGE('',*,*,#3639,.T.);
#1024=ORIENTED_EDGE('',*,*,#3640,.T.);
#1025=ORIENTED_EDGE('',*,*,#3641,.T.);
#1026=ORIENTED_EDGE('',*,*,#3642,.T.);
#1027=ORIENTED_EDGE('',*,*,#3643,.T.);
#1028=ORIENTED_EDGE('',*,*,#3644,.T.);
#1029=ORIENTED_EDGE('',*,*,#3645,.T.);
#1030=ORIENTED_EDGE('',*,*,#3646,.T.);
#1031=ORIENTED_EDGE('',*,*,#3647,.T.);
#1032=ORIENTED_EDGE('',*,*,#3648,.T.);
#1033=ORIENTED_EDGE('',*,*,#3649,.T.);
#1034=ORIENTED_EDGE('',*,*,#3650,.T.);
#1035=ORIENTED_EDGE('',*,*,#3651,.T.);
#1036=ORIENTED_EDGE('',*,*,#3652,.T.);
#1037=ORIENTED_EDGE('',*,*,#3653,.T.);
#1038=ORIENTED_EDGE('',*,*,#3654,.T.);
#1039=ORIENTED_EDGE('',*,*,#3655,.T.);
#1040=ORIENTED_EDGE('',*,*,#3656,.T.);
#1041=ORIENTED_EDGE('',*,*,#3657,.T.);
#1042=ORIENTED_EDGE('',*,*,#3658,.T.);
#1043=ORIENTED_EDGE('',*,*,#3659,.T.);
#1044=ORIENTED_EDGE('',*,*,#3660,.T.);
#1045=ORIENTED_EDGE('',*,*,#3661,.T.);
#1046=ORIENTED_EDGE('',*,*,#3662,.T.);
#1047=ORIENTED_EDGE('',*,*,#3663,.T.);
#1048=ORIENTED_EDGE('',*,*,#3664,.T.);
#1049=ORIENTED_EDGE('',*,*,#3665,.T.);
#1050=ORIENTED_EDGE('',*,*,#3666,.T.);
#1051=ORIENTED_EDGE('',*,*,#3667,.T.);
#1052=ORIENTED_EDGE('',*,*,#3668,.T.);
#1053=ORIENTED_EDGE('',*,*,#3669,.T.);
#1054=ORIENTED_EDGE('',*,*,#3670,.T.);
#1055=ORIENTED_EDGE('',*,*,#3671,.T.);
#1056=ORIENTED_EDGE('',*,*,#3672,.T.);
#1057=ORIENTED_EDGE('',*,*,#3673,.T.);
#1058=ORIENTED_EDGE('',*,*,#3674,.T.);
#1059=ORIENTED_EDGE('',*,*,#3675,.T.);
#1060=ORIENTED_EDGE('',*,*,#3676,.T.);
#1061=ORIENTED_EDGE('',*,*,#3677,.T.);
#1062=ORIENTED_EDGE('',*,*,#3678,.T.);
#1063=ORIENTED_EDGE('',*,*,#3679,.T.);
#1064=ORIENTED_EDGE('',*,*,#3680,.T.);
#1065=ORIENTED_EDGE('',*,*,#3681,.T.);
#1066=ORIENTED_EDGE('',*,*,#3682,.T.);
#1067=ORIENTED_EDGE('',*,*,#3683,.T.);
#1068=ORIENTED_EDGE('',*,*,#3684,.T.);
#1069=ORIENTED_EDGE('',*,*,#3685,.T.);
#1070=ORIENTED_EDGE('',*,*,#3686,.T.);
#1071=ORIENTED_EDGE('',*,*,#3687,.T.);
#1072=ORIENTED_EDGE('',*,*,#3688,.T.);
#1073=ORIENTED_EDGE('',*,*,#3689,.T.);
#1074=ORIENTED_EDGE('',*,*,#3690,.T.);
#1075=ORIENTED_EDGE('',*,*,#3691,.T.);
#1076=ORIENTED_EDGE('',*,*,#3692,.T.);
#1077=ORIENTED_EDGE('',*,*,#3693,.T.);
#1078=ORIENTED_EDGE('',*,*,#3694,.T.);
#1079=ORIENTED_EDGE('',*,*,#3695,.T.);
#1080=ORIENTED_EDGE('',*,*,#3696,.T.);
#1081=ORIENTED_EDGE('',*,*,#3697,.T.);
#1082=ORIENTED_EDGE('',*,*,#3698,.T.);
#1083=ORIENTED_EDGE('',*,*,#3699,.T.);
#1084=ORIENTED_EDGE('',*,*,#3700,.T.);
#1085=ORIENTED_EDGE('',*,*,#3701,.T.);
#1086=ORIENTED_EDGE('',*,*,#3702,.F.);
#1087=ORIENTED_EDGE('',*,*,#3703,.T.);
#1088=ORIENTED_EDGE('',*,*,#3704,.F.);
#1089=ORIENTED_EDGE('',*,*,#3705,.T.);
#1090=ORIENTED_EDGE('',*,*,#3706,.T.);
#1091=ORIENTED_EDGE('',*,*,#3707,.F.);
#1092=ORIENTED_EDGE('',*,*,#3708,.T.);
#1093=ORIENTED_EDGE('',*,*,#3709,.F.);
#1094=ORIENTED_EDGE('',*,*,#3710,.F.);
#1095=ORIENTED_EDGE('',*,*,#3711,.F.);
#1096=ORIENTED_EDGE('',*,*,#3712,.F.);
#1097=ORIENTED_EDGE('',*,*,#3713,.T.);
#1098=ORIENTED_EDGE('',*,*,#3714,.F.);
#1099=ORIENTED_EDGE('',*,*,#3715,.T.);
#1100=ORIENTED_EDGE('',*,*,#3716,.T.);
#1101=ORIENTED_EDGE('',*,*,#3717,.F.);
#1102=ORIENTED_EDGE('',*,*,#3718,.F.);
#1103=ORIENTED_EDGE('',*,*,#3719,.F.);
#1104=ORIENTED_EDGE('',*,*,#3720,.T.);
#1105=ORIENTED_EDGE('',*,*,#3721,.F.);
#1106=ORIENTED_EDGE('',*,*,#3722,.T.);
#1107=ORIENTED_EDGE('',*,*,#3723,.T.);
#1108=ORIENTED_EDGE('',*,*,#3724,.F.);
#1109=ORIENTED_EDGE('',*,*,#3725,.T.);
#1110=ORIENTED_EDGE('',*,*,#3726,.F.);
#1111=ORIENTED_EDGE('',*,*,#3727,.F.);
#1112=ORIENTED_EDGE('',*,*,#3728,.T.);
#1113=ORIENTED_EDGE('',*,*,#3729,.F.);
#1114=ORIENTED_EDGE('',*,*,#3730,.T.);
#1115=ORIENTED_EDGE('',*,*,#3731,.F.);
#1116=ORIENTED_EDGE('',*,*,#3732,.F.);
#1117=ORIENTED_EDGE('',*,*,#3733,.F.);
#1118=ORIENTED_EDGE('',*,*,#3734,.T.);
#1119=ORIENTED_EDGE('',*,*,#3735,.F.);
#1120=ORIENTED_EDGE('',*,*,#3736,.F.);
#1121=ORIENTED_EDGE('',*,*,#3737,.F.);
#1122=ORIENTED_EDGE('',*,*,#3738,.F.);
#1123=ORIENTED_EDGE('',*,*,#3739,.T.);
#1124=ORIENTED_EDGE('',*,*,#3740,.F.);
#1125=ORIENTED_EDGE('',*,*,#3741,.T.);
#1126=ORIENTED_EDGE('',*,*,#3742,.F.);
#1127=ORIENTED_EDGE('',*,*,#3743,.F.);
#1128=ORIENTED_EDGE('',*,*,#3744,.T.);
#1129=ORIENTED_EDGE('',*,*,#3745,.F.);
#1130=ORIENTED_EDGE('',*,*,#3746,.T.);
#1131=ORIENTED_EDGE('',*,*,#3747,.F.);
#1132=ORIENTED_EDGE('',*,*,#3748,.T.);
#1133=ORIENTED_EDGE('',*,*,#3749,.F.);
#1134=ORIENTED_EDGE('',*,*,#3750,.T.);
#1135=ORIENTED_EDGE('',*,*,#3751,.T.);
#1136=ORIENTED_EDGE('',*,*,#3752,.F.);
#1137=ORIENTED_EDGE('',*,*,#3753,.T.);
#1138=ORIENTED_EDGE('',*,*,#3754,.F.);
#1139=ORIENTED_EDGE('',*,*,#3755,.T.);
#1140=ORIENTED_EDGE('',*,*,#3756,.F.);
#1141=ORIENTED_EDGE('',*,*,#3757,.F.);
#1142=ORIENTED_EDGE('',*,*,#3758,.F.);
#1143=ORIENTED_EDGE('',*,*,#3759,.F.);
#1144=ORIENTED_EDGE('',*,*,#3760,.T.);
#1145=ORIENTED_EDGE('',*,*,#3761,.F.);
#1146=ORIENTED_EDGE('',*,*,#3762,.T.);
#1147=ORIENTED_EDGE('',*,*,#3763,.F.);
#1148=ORIENTED_EDGE('',*,*,#3764,.T.);
#1149=ORIENTED_EDGE('',*,*,#3765,.T.);
#1150=ORIENTED_EDGE('',*,*,#3766,.T.);
#1151=ORIENTED_EDGE('',*,*,#3767,.F.);
#1152=ORIENTED_EDGE('',*,*,#3768,.T.);
#1153=ORIENTED_EDGE('',*,*,#3769,.T.);
#1154=ORIENTED_EDGE('',*,*,#3770,.F.);
#1155=ORIENTED_EDGE('',*,*,#3771,.F.);
#1156=ORIENTED_EDGE('',*,*,#3772,.F.);
#1157=ORIENTED_EDGE('',*,*,#3773,.T.);
#1158=ORIENTED_EDGE('',*,*,#3774,.T.);
#1159=ORIENTED_EDGE('',*,*,#3775,.T.);
#1160=ORIENTED_EDGE('',*,*,#3776,.T.);
#1161=ORIENTED_EDGE('',*,*,#3777,.T.);
#1162=ORIENTED_EDGE('',*,*,#3778,.T.);
#1163=ORIENTED_EDGE('',*,*,#3779,.T.);
#1164=ORIENTED_EDGE('',*,*,#3780,.T.);
#1165=ORIENTED_EDGE('',*,*,#3781,.T.);
#1166=ORIENTED_EDGE('',*,*,#3782,.T.);
#1167=ORIENTED_EDGE('',*,*,#3783,.T.);
#1168=ORIENTED_EDGE('',*,*,#3784,.T.);
#1169=ORIENTED_EDGE('',*,*,#3785,.T.);
#1170=ORIENTED_EDGE('',*,*,#3786,.T.);
#1171=ORIENTED_EDGE('',*,*,#3787,.T.);
#1172=ORIENTED_EDGE('',*,*,#3788,.T.);
#1173=ORIENTED_EDGE('',*,*,#3789,.T.);
#1174=ORIENTED_EDGE('',*,*,#3790,.T.);
#1175=ORIENTED_EDGE('',*,*,#3791,.T.);
#1176=ORIENTED_EDGE('',*,*,#3792,.T.);
#1177=ORIENTED_EDGE('',*,*,#3793,.T.);
#1178=ORIENTED_EDGE('',*,*,#3794,.T.);
#1179=ORIENTED_EDGE('',*,*,#3795,.T.);
#1180=ORIENTED_EDGE('',*,*,#3796,.T.);
#1181=ORIENTED_EDGE('',*,*,#3797,.T.);
#1182=ORIENTED_EDGE('',*,*,#3798,.T.);
#1183=ORIENTED_EDGE('',*,*,#3799,.T.);
#1184=ORIENTED_EDGE('',*,*,#3800,.T.);
#1185=ORIENTED_EDGE('',*,*,#3801,.T.);
#1186=ORIENTED_EDGE('',*,*,#3802,.T.);
#1187=ORIENTED_EDGE('',*,*,#3803,.T.);
#1188=ORIENTED_EDGE('',*,*,#3804,.T.);
#1189=ORIENTED_EDGE('',*,*,#3805,.T.);
#1190=ORIENTED_EDGE('',*,*,#3806,.T.);
#1191=ORIENTED_EDGE('',*,*,#3807,.T.);
#1192=ORIENTED_EDGE('',*,*,#3808,.T.);
#1193=ORIENTED_EDGE('',*,*,#3809,.T.);
#1194=ORIENTED_EDGE('',*,*,#3810,.T.);
#1195=ORIENTED_EDGE('',*,*,#3811,.T.);
#1196=ORIENTED_EDGE('',*,*,#3812,.T.);
#1197=ORIENTED_EDGE('',*,*,#3813,.T.);
#1198=ORIENTED_EDGE('',*,*,#3814,.T.);
#1199=ORIENTED_EDGE('',*,*,#3815,.T.);
#1200=ORIENTED_EDGE('',*,*,#3816,.T.);
#1201=ORIENTED_EDGE('',*,*,#3817,.T.);
#1202=ORIENTED_EDGE('',*,*,#3818,.T.);
#1203=ORIENTED_EDGE('',*,*,#3819,.T.);
#1204=ORIENTED_EDGE('',*,*,#3820,.T.);
#1205=ORIENTED_EDGE('',*,*,#3821,.T.);
#1206=ORIENTED_EDGE('',*,*,#3822,.T.);
#1207=ORIENTED_EDGE('',*,*,#3823,.T.);
#1208=ORIENTED_EDGE('',*,*,#3824,.T.);
#1209=ORIENTED_EDGE('',*,*,#3825,.T.);
#1210=ORIENTED_EDGE('',*,*,#3826,.T.);
#1211=ORIENTED_EDGE('',*,*,#3827,.T.);
#1212=ORIENTED_EDGE('',*,*,#3828,.T.);
#1213=ORIENTED_EDGE('',*,*,#3829,.T.);
#1214=ORIENTED_EDGE('',*,*,#3830,.T.);
#1215=ORIENTED_EDGE('',*,*,#3831,.T.);
#1216=ORIENTED_EDGE('',*,*,#3832,.T.);
#1217=ORIENTED_EDGE('',*,*,#3833,.T.);
#1218=ORIENTED_EDGE('',*,*,#3834,.T.);
#1219=ORIENTED_EDGE('',*,*,#3835,.T.);
#1220=ORIENTED_EDGE('',*,*,#3836,.T.);
#1221=ORIENTED_EDGE('',*,*,#3837,.T.);
#1222=ORIENTED_EDGE('',*,*,#3838,.T.);
#1223=ORIENTED_EDGE('',*,*,#3839,.T.);
#1224=ORIENTED_EDGE('',*,*,#3840,.T.);
#1225=ORIENTED_EDGE('',*,*,#3841,.T.);
#1226=ORIENTED_EDGE('',*,*,#3842,.T.);
#1227=ORIENTED_EDGE('',*,*,#3843,.T.);
#1228=ORIENTED_EDGE('',*,*,#3844,.T.);
#1229=ORIENTED_EDGE('',*,*,#3845,.T.);
#1230=ORIENTED_EDGE('',*,*,#3846,.T.);
#1231=ORIENTED_EDGE('',*,*,#3847,.T.);
#1232=ORIENTED_EDGE('',*,*,#3848,.T.);
#1233=ORIENTED_EDGE('',*,*,#3849,.T.);
#1234=ORIENTED_EDGE('',*,*,#3850,.T.);
#1235=ORIENTED_EDGE('',*,*,#3851,.T.);
#1236=ORIENTED_EDGE('',*,*,#3852,.T.);
#1237=ORIENTED_EDGE('',*,*,#3853,.T.);
#1238=ORIENTED_EDGE('',*,*,#3854,.T.);
#1239=ORIENTED_EDGE('',*,*,#3855,.T.);
#1240=ORIENTED_EDGE('',*,*,#3856,.T.);
#1241=ORIENTED_EDGE('',*,*,#3857,.T.);
#1242=ORIENTED_EDGE('',*,*,#3858,.T.);
#1243=ORIENTED_EDGE('',*,*,#3859,.T.);
#1244=ORIENTED_EDGE('',*,*,#3860,.T.);
#1245=ORIENTED_EDGE('',*,*,#3861,.T.);
#1246=ORIENTED_EDGE('',*,*,#3862,.T.);
#1247=ORIENTED_EDGE('',*,*,#3863,.T.);
#1248=ORIENTED_EDGE('',*,*,#3864,.T.);
#1249=ORIENTED_EDGE('',*,*,#3865,.T.);
#1250=ORIENTED_EDGE('',*,*,#3866,.T.);
#1251=ORIENTED_EDGE('',*,*,#3867,.T.);
#1252=ORIENTED_EDGE('',*,*,#3868,.T.);
#1253=ORIENTED_EDGE('',*,*,#3869,.T.);
#1254=ORIENTED_EDGE('',*,*,#3870,.T.);
#1255=ORIENTED_EDGE('',*,*,#3871,.T.);
#1256=ORIENTED_EDGE('',*,*,#3872,.T.);
#1257=ORIENTED_EDGE('',*,*,#3873,.T.);
#1258=ORIENTED_EDGE('',*,*,#3874,.T.);
#1259=ORIENTED_EDGE('',*,*,#3875,.T.);
#1260=ORIENTED_EDGE('',*,*,#3876,.T.);
#1261=ORIENTED_EDGE('',*,*,#3877,.T.);
#1262=ORIENTED_EDGE('',*,*,#3878,.T.);
#1263=ORIENTED_EDGE('',*,*,#3879,.T.);
#1264=ORIENTED_EDGE('',*,*,#3880,.T.);
#1265=ORIENTED_EDGE('',*,*,#3881,.T.);
#1266=ORIENTED_EDGE('',*,*,#3882,.T.);
#1267=ORIENTED_EDGE('',*,*,#3883,.T.);
#1268=ORIENTED_EDGE('',*,*,#3884,.T.);
#1269=ORIENTED_EDGE('',*,*,#3885,.T.);
#1270=ORIENTED_EDGE('',*,*,#3886,.T.);
#1271=ORIENTED_EDGE('',*,*,#3887,.T.);
#1272=ORIENTED_EDGE('',*,*,#3888,.T.);
#1273=ORIENTED_EDGE('',*,*,#3889,.T.);
#1274=ORIENTED_EDGE('',*,*,#3890,.T.);
#1275=ORIENTED_EDGE('',*,*,#3891,.T.);
#1276=ORIENTED_EDGE('',*,*,#3892,.T.);
#1277=ORIENTED_EDGE('',*,*,#3893,.T.);
#1278=ORIENTED_EDGE('',*,*,#3894,.T.);
#1279=ORIENTED_EDGE('',*,*,#3895,.T.);
#1280=ORIENTED_EDGE('',*,*,#3896,.T.);
#1281=ORIENTED_EDGE('',*,*,#3897,.T.);
#1282=ORIENTED_EDGE('',*,*,#3898,.T.);
#1283=ORIENTED_EDGE('',*,*,#3899,.T.);
#1284=ORIENTED_EDGE('',*,*,#3900,.T.);
#1285=ORIENTED_EDGE('',*,*,#3901,.T.);
#1286=ORIENTED_EDGE('',*,*,#3902,.T.);
#1287=ORIENTED_EDGE('',*,*,#3903,.T.);
#1288=ORIENTED_EDGE('',*,*,#3904,.T.);
#1289=ORIENTED_EDGE('',*,*,#3905,.T.);
#1290=ORIENTED_EDGE('',*,*,#3906,.T.);
#1291=ORIENTED_EDGE('',*,*,#3907,.T.);
#1292=ORIENTED_EDGE('',*,*,#3908,.T.);
#1293=ORIENTED_EDGE('',*,*,#3909,.T.);
#1294=ORIENTED_EDGE('',*,*,#3910,.T.);
#1295=ORIENTED_EDGE('',*,*,#3911,.T.);
#1296=ORIENTED_EDGE('',*,*,#3912,.T.);
#1297=ORIENTED_EDGE('',*,*,#3913,.T.);
#1298=ORIENTED_EDGE('',*,*,#3914,.T.);
#1299=ORIENTED_EDGE('',*,*,#3915,.T.);
#1300=ORIENTED_EDGE('',*,*,#3916,.T.);
#1301=ORIENTED_EDGE('',*,*,#3917,.T.);
#1302=ORIENTED_EDGE('',*,*,#3918,.T.);
#1303=ORIENTED_EDGE('',*,*,#3919,.T.);
#1304=ORIENTED_EDGE('',*,*,#3920,.T.);
#1305=ORIENTED_EDGE('',*,*,#3921,.T.);
#1306=ORIENTED_EDGE('',*,*,#3922,.T.);
#1307=ORIENTED_EDGE('',*,*,#3923,.T.);
#1308=ORIENTED_EDGE('',*,*,#3924,.T.);
#1309=ORIENTED_EDGE('',*,*,#3925,.T.);
#1310=ORIENTED_EDGE('',*,*,#3926,.T.);
#1311=ORIENTED_EDGE('',*,*,#3927,.T.);
#1312=ORIENTED_EDGE('',*,*,#3928,.T.);
#1313=ORIENTED_EDGE('',*,*,#3929,.T.);
#1314=ORIENTED_EDGE('',*,*,#3930,.T.);
#1315=ORIENTED_EDGE('',*,*,#3931,.T.);
#1316=ORIENTED_EDGE('',*,*,#3932,.T.);
#1317=ORIENTED_EDGE('',*,*,#3933,.T.);
#1318=ORIENTED_EDGE('',*,*,#3934,.T.);
#1319=ORIENTED_EDGE('',*,*,#3935,.T.);
#1320=ORIENTED_EDGE('',*,*,#3936,.T.);
#1321=ORIENTED_EDGE('',*,*,#3937,.T.);
#1322=ORIENTED_EDGE('',*,*,#3938,.T.);
#1323=ORIENTED_EDGE('',*,*,#3939,.T.);
#1324=ORIENTED_EDGE('',*,*,#3940,.T.);
#1325=ORIENTED_EDGE('',*,*,#3941,.T.);
#1326=ORIENTED_EDGE('',*,*,#3942,.T.);
#1327=ORIENTED_EDGE('',*,*,#3943,.T.);
#1328=ORIENTED_EDGE('',*,*,#3944,.T.);
#1329=ORIENTED_EDGE('',*,*,#3945,.T.);
#1330=ORIENTED_EDGE('',*,*,#3946,.T.);
#1331=ORIENTED_EDGE('',*,*,#3947,.T.);
#1332=ORIENTED_EDGE('',*,*,#3948,.T.);
#1333=ORIENTED_EDGE('',*,*,#3949,.T.);
#1334=ORIENTED_EDGE('',*,*,#3950,.T.);
#1335=ORIENTED_EDGE('',*,*,#3951,.T.);
#1336=ORIENTED_EDGE('',*,*,#3952,.T.);
#1337=ORIENTED_EDGE('',*,*,#3953,.T.);
#1338=ORIENTED_EDGE('',*,*,#3954,.T.);
#1339=ORIENTED_EDGE('',*,*,#3955,.T.);
#1340=ORIENTED_EDGE('',*,*,#3956,.T.);
#1341=ORIENTED_EDGE('',*,*,#3957,.T.);
#1342=ORIENTED_EDGE('',*,*,#3958,.T.);
#1343=ORIENTED_EDGE('',*,*,#3959,.T.);
#1344=ORIENTED_EDGE('',*,*,#3960,.T.);
#1345=ORIENTED_EDGE('',*,*,#3961,.T.);
#1346=ORIENTED_EDGE('',*,*,#3962,.T.);
#1347=ORIENTED_EDGE('',*,*,#3963,.T.);
#1348=ORIENTED_EDGE('',*,*,#3964,.T.);
#1349=ORIENTED_EDGE('',*,*,#3701,.F.);
#1350=ORIENTED_EDGE('',*,*,#3965,.F.);
#1351=ORIENTED_EDGE('',*,*,#3163,.T.);
#1352=ORIENTED_EDGE('',*,*,#3966,.T.);
#1353=ORIENTED_EDGE('',*,*,#3704,.T.);
#1354=ORIENTED_EDGE('',*,*,#3967,.F.);
#1355=ORIENTED_EDGE('',*,*,#3164,.F.);
#1356=ORIENTED_EDGE('',*,*,#3965,.T.);
#1357=ORIENTED_EDGE('',*,*,#3703,.F.);
#1358=ORIENTED_EDGE('',*,*,#3968,.F.);
#1359=ORIENTED_EDGE('',*,*,#3165,.T.);
#1360=ORIENTED_EDGE('',*,*,#3967,.T.);
#1361=ORIENTED_EDGE('',*,*,#3705,.F.);
#1362=ORIENTED_EDGE('',*,*,#3969,.F.);
#1363=ORIENTED_EDGE('',*,*,#3159,.T.);
#1364=ORIENTED_EDGE('',*,*,#3970,.T.);
#1365=ORIENTED_EDGE('',*,*,#3708,.F.);
#1366=ORIENTED_EDGE('',*,*,#3971,.F.);
#1367=ORIENTED_EDGE('',*,*,#3160,.T.);
#1368=ORIENTED_EDGE('',*,*,#3969,.T.);
#1369=ORIENTED_EDGE('',*,*,#3707,.T.);
#1370=ORIENTED_EDGE('',*,*,#3972,.F.);
#1371=ORIENTED_EDGE('',*,*,#3161,.F.);
#1372=ORIENTED_EDGE('',*,*,#3971,.T.);
#1373=ORIENTED_EDGE('',*,*,#3709,.T.);
#1374=ORIENTED_EDGE('',*,*,#3973,.F.);
#1375=ORIENTED_EDGE('',*,*,#3156,.F.);
#1376=ORIENTED_EDGE('',*,*,#3974,.T.);
#1377=ORIENTED_EDGE('',*,*,#3711,.T.);
#1378=ORIENTED_EDGE('',*,*,#3975,.F.);
#1379=ORIENTED_EDGE('',*,*,#3157,.F.);
#1380=ORIENTED_EDGE('',*,*,#3973,.T.);
#1381=ORIENTED_EDGE('',*,*,#3712,.T.);
#1382=ORIENTED_EDGE('',*,*,#3976,.F.);
#1383=ORIENTED_EDGE('',*,*,#3153,.F.);
#1384=ORIENTED_EDGE('',*,*,#3977,.T.);
#1385=ORIENTED_EDGE('',*,*,#3714,.T.);
#1386=ORIENTED_EDGE('',*,*,#3978,.F.);
#1387=ORIENTED_EDGE('',*,*,#3154,.F.);
#1388=ORIENTED_EDGE('',*,*,#3976,.T.);
#1389=ORIENTED_EDGE('',*,*,#3715,.F.);
#1390=ORIENTED_EDGE('',*,*,#3979,.F.);
#1391=ORIENTED_EDGE('',*,*,#3150,.T.);
#1392=ORIENTED_EDGE('',*,*,#3980,.T.);
#1393=ORIENTED_EDGE('',*,*,#3717,.T.);
#1394=ORIENTED_EDGE('',*,*,#3981,.F.);
#1395=ORIENTED_EDGE('',*,*,#3151,.F.);
#1396=ORIENTED_EDGE('',*,*,#3979,.T.);
#1397=ORIENTED_EDGE('',*,*,#3718,.T.);
#1398=ORIENTED_EDGE('',*,*,#3982,.F.);
#1399=ORIENTED_EDGE('',*,*,#3146,.F.);
#1400=ORIENTED_EDGE('',*,*,#3983,.T.);
#1401=ORIENTED_EDGE('',*,*,#3721,.T.);
#1402=ORIENTED_EDGE('',*,*,#3984,.F.);
#1403=ORIENTED_EDGE('',*,*,#3147,.F.);
#1404=ORIENTED_EDGE('',*,*,#3982,.T.);
#1405=ORIENTED_EDGE('',*,*,#3720,.F.);
#1406=ORIENTED_EDGE('',*,*,#3985,.F.);
#1407=ORIENTED_EDGE('',*,*,#3148,.T.);
#1408=ORIENTED_EDGE('',*,*,#3984,.T.);
#1409=ORIENTED_EDGE('',*,*,#3722,.F.);
#1410=ORIENTED_EDGE('',*,*,#3986,.F.);
#1411=ORIENTED_EDGE('',*,*,#3143,.T.);
#1412=ORIENTED_EDGE('',*,*,#3987,.T.);
#1413=ORIENTED_EDGE('',*,*,#3724,.T.);
#1414=ORIENTED_EDGE('',*,*,#3988,.F.);
#1415=ORIENTED_EDGE('',*,*,#3144,.F.);
#1416=ORIENTED_EDGE('',*,*,#3986,.T.);
#1417=ORIENTED_EDGE('',*,*,#3725,.F.);
#1418=ORIENTED_EDGE('',*,*,#3989,.F.);
#1419=ORIENTED_EDGE('',*,*,#3140,.T.);
#1420=ORIENTED_EDGE('',*,*,#3990,.T.);
#1421=ORIENTED_EDGE('',*,*,#3727,.T.);
#1422=ORIENTED_EDGE('',*,*,#3991,.F.);
#1423=ORIENTED_EDGE('',*,*,#3141,.F.);
#1424=ORIENTED_EDGE('',*,*,#3989,.T.);
#1425=ORIENTED_EDGE('',*,*,#3728,.F.);
#1426=ORIENTED_EDGE('',*,*,#3992,.F.);
#1427=ORIENTED_EDGE('',*,*,#3136,.T.);
#1428=ORIENTED_EDGE('',*,*,#3993,.T.);
#1429=ORIENTED_EDGE('',*,*,#3731,.T.);
#1430=ORIENTED_EDGE('',*,*,#3994,.F.);
#1431=ORIENTED_EDGE('',*,*,#3137,.F.);
#1432=ORIENTED_EDGE('',*,*,#3992,.T.);
#1433=ORIENTED_EDGE('',*,*,#3730,.F.);
#1434=ORIENTED_EDGE('',*,*,#3995,.F.);
#1435=ORIENTED_EDGE('',*,*,#3138,.T.);
#1436=ORIENTED_EDGE('',*,*,#3994,.T.);
#1437=ORIENTED_EDGE('',*,*,#3732,.T.);
#1438=ORIENTED_EDGE('',*,*,#3996,.F.);
#1439=ORIENTED_EDGE('',*,*,#3133,.F.);
#1440=ORIENTED_EDGE('',*,*,#3997,.T.);
#1441=ORIENTED_EDGE('',*,*,#3734,.F.);
#1442=ORIENTED_EDGE('',*,*,#3998,.F.);
#1443=ORIENTED_EDGE('',*,*,#3134,.T.);
#1444=ORIENTED_EDGE('',*,*,#3996,.T.);
#1445=ORIENTED_EDGE('',*,*,#3735,.T.);
#1446=ORIENTED_EDGE('',*,*,#3999,.F.);
#1447=ORIENTED_EDGE('',*,*,#3129,.F.);
#1448=ORIENTED_EDGE('',*,*,#4000,.T.);
#1449=ORIENTED_EDGE('',*,*,#3738,.T.);
#1450=ORIENTED_EDGE('',*,*,#4001,.F.);
#1451=ORIENTED_EDGE('',*,*,#3130,.F.);
#1452=ORIENTED_EDGE('',*,*,#3999,.T.);
#1453=ORIENTED_EDGE('',*,*,#3737,.T.);
#1454=ORIENTED_EDGE('',*,*,#4002,.F.);
#1455=ORIENTED_EDGE('',*,*,#3131,.F.);
#1456=ORIENTED_EDGE('',*,*,#4001,.T.);
#1457=ORIENTED_EDGE('',*,*,#3739,.F.);
#1458=ORIENTED_EDGE('',*,*,#4003,.F.);
#1459=ORIENTED_EDGE('',*,*,#3125,.T.);
#1460=ORIENTED_EDGE('',*,*,#4004,.T.);
#1461=ORIENTED_EDGE('',*,*,#3742,.T.);
#1462=ORIENTED_EDGE('',*,*,#4005,.F.);
#1463=ORIENTED_EDGE('',*,*,#3126,.F.);
#1464=ORIENTED_EDGE('',*,*,#4003,.T.);
#1465=ORIENTED_EDGE('',*,*,#3741,.F.);
#1466=ORIENTED_EDGE('',*,*,#4006,.F.);
#1467=ORIENTED_EDGE('',*,*,#3127,.T.);
#1468=ORIENTED_EDGE('',*,*,#4005,.T.);
#1469=ORIENTED_EDGE('',*,*,#3743,.T.);
#1470=ORIENTED_EDGE('',*,*,#4007,.F.);
#1471=ORIENTED_EDGE('',*,*,#3122,.F.);
#1472=ORIENTED_EDGE('',*,*,#4008,.T.);
#1473=ORIENTED_EDGE('',*,*,#3745,.T.);
#1474=ORIENTED_EDGE('',*,*,#4009,.F.);
#1475=ORIENTED_EDGE('',*,*,#3123,.F.);
#1476=ORIENTED_EDGE('',*,*,#4007,.T.);
#1477=ORIENTED_EDGE('',*,*,#3746,.F.);
#1478=ORIENTED_EDGE('',*,*,#4010,.F.);
#1479=ORIENTED_EDGE('',*,*,#3118,.T.);
#1480=ORIENTED_EDGE('',*,*,#4011,.T.);
#1481=ORIENTED_EDGE('',*,*,#3749,.T.);
#1482=ORIENTED_EDGE('',*,*,#4012,.F.);
#1483=ORIENTED_EDGE('',*,*,#3119,.F.);
#1484=ORIENTED_EDGE('',*,*,#4010,.T.);
#1485=ORIENTED_EDGE('',*,*,#3748,.F.);
#1486=ORIENTED_EDGE('',*,*,#4013,.F.);
#1487=ORIENTED_EDGE('',*,*,#3120,.T.);
#1488=ORIENTED_EDGE('',*,*,#4012,.T.);
#1489=ORIENTED_EDGE('',*,*,#3750,.F.);
#1490=ORIENTED_EDGE('',*,*,#4014,.F.);
#1491=ORIENTED_EDGE('',*,*,#3115,.T.);
#1492=ORIENTED_EDGE('',*,*,#4015,.T.);
#1493=ORIENTED_EDGE('',*,*,#3752,.T.);
#1494=ORIENTED_EDGE('',*,*,#4016,.F.);
#1495=ORIENTED_EDGE('',*,*,#3116,.F.);
#1496=ORIENTED_EDGE('',*,*,#4014,.T.);
#1497=ORIENTED_EDGE('',*,*,#3753,.F.);
#1498=ORIENTED_EDGE('',*,*,#4017,.F.);
#1499=ORIENTED_EDGE('',*,*,#3111,.T.);
#1500=ORIENTED_EDGE('',*,*,#4018,.T.);
#1501=ORIENTED_EDGE('',*,*,#3756,.T.);
#1502=ORIENTED_EDGE('',*,*,#4019,.F.);
#1503=ORIENTED_EDGE('',*,*,#3112,.F.);
#1504=ORIENTED_EDGE('',*,*,#4017,.T.);
#1505=ORIENTED_EDGE('',*,*,#3755,.F.);
#1506=ORIENTED_EDGE('',*,*,#4020,.F.);
#1507=ORIENTED_EDGE('',*,*,#3113,.T.);
#1508=ORIENTED_EDGE('',*,*,#4019,.T.);
#1509=ORIENTED_EDGE('',*,*,#3757,.T.);
#1510=ORIENTED_EDGE('',*,*,#4021,.F.);
#1511=ORIENTED_EDGE('',*,*,#3107,.F.);
#1512=ORIENTED_EDGE('',*,*,#4022,.T.);
#1513=ORIENTED_EDGE('',*,*,#3760,.F.);
#1514=ORIENTED_EDGE('',*,*,#4023,.F.);
#1515=ORIENTED_EDGE('',*,*,#3108,.T.);
#1516=ORIENTED_EDGE('',*,*,#4021,.T.);
#1517=ORIENTED_EDGE('',*,*,#3759,.T.);
#1518=ORIENTED_EDGE('',*,*,#4024,.F.);
#1519=ORIENTED_EDGE('',*,*,#3109,.F.);
#1520=ORIENTED_EDGE('',*,*,#4023,.T.);
#1521=ORIENTED_EDGE('',*,*,#3761,.T.);
#1522=ORIENTED_EDGE('',*,*,#4025,.F.);
#1523=ORIENTED_EDGE('',*,*,#3103,.F.);
#1524=ORIENTED_EDGE('',*,*,#4026,.T.);
#1525=ORIENTED_EDGE('',*,*,#3764,.F.);
#1526=ORIENTED_EDGE('',*,*,#4027,.F.);
#1527=ORIENTED_EDGE('',*,*,#3104,.T.);
#1528=ORIENTED_EDGE('',*,*,#4025,.T.);
#1529=ORIENTED_EDGE('',*,*,#3763,.T.);
#1530=ORIENTED_EDGE('',*,*,#4028,.F.);
#1531=ORIENTED_EDGE('',*,*,#3105,.F.);
#1532=ORIENTED_EDGE('',*,*,#4027,.T.);
#1533=ORIENTED_EDGE('',*,*,#3765,.F.);
#1534=ORIENTED_EDGE('',*,*,#4029,.F.);
#1535=ORIENTED_EDGE('',*,*,#3100,.T.);
#1536=ORIENTED_EDGE('',*,*,#4030,.T.);
#1537=ORIENTED_EDGE('',*,*,#3767,.T.);
#1538=ORIENTED_EDGE('',*,*,#4031,.F.);
#1539=ORIENTED_EDGE('',*,*,#3101,.F.);
#1540=ORIENTED_EDGE('',*,*,#4029,.T.);
#1541=ORIENTED_EDGE('',*,*,#3768,.F.);
#1542=ORIENTED_EDGE('',*,*,#4032,.F.);
#1543=ORIENTED_EDGE('',*,*,#3097,.T.);
#1544=ORIENTED_EDGE('',*,*,#4033,.T.);
#1545=ORIENTED_EDGE('',*,*,#3770,.T.);
#1546=ORIENTED_EDGE('',*,*,#4034,.F.);
#1547=ORIENTED_EDGE('',*,*,#3098,.F.);
#1548=ORIENTED_EDGE('',*,*,#4032,.T.);
#1549=ORIENTED_EDGE('',*,*,#3771,.T.);
#1550=ORIENTED_EDGE('',*,*,#4035,.F.);
#1551=ORIENTED_EDGE('',*,*,#3093,.F.);
#1552=ORIENTED_EDGE('',*,*,#4036,.T.);
#1553=ORIENTED_EDGE('',*,*,#3774,.F.);
#1554=ORIENTED_EDGE('',*,*,#4037,.F.);
#1555=ORIENTED_EDGE('',*,*,#3094,.T.);
#1556=ORIENTED_EDGE('',*,*,#4035,.T.);
#1557=ORIENTED_EDGE('',*,*,#3773,.F.);
#1558=ORIENTED_EDGE('',*,*,#4038,.F.);
#1559=ORIENTED_EDGE('',*,*,#3095,.T.);
#1560=ORIENTED_EDGE('',*,*,#4037,.T.);
#1561=ORIENTED_EDGE('',*,*,#3706,.F.);
#1562=ORIENTED_EDGE('',*,*,#3970,.F.);
#1563=ORIENTED_EDGE('',*,*,#3162,.T.);
#1564=ORIENTED_EDGE('',*,*,#3972,.T.);
#1565=ORIENTED_EDGE('',*,*,#3710,.T.);
#1566=ORIENTED_EDGE('',*,*,#3974,.F.);
#1567=ORIENTED_EDGE('',*,*,#3158,.F.);
#1568=ORIENTED_EDGE('',*,*,#3975,.T.);
#1569=ORIENTED_EDGE('',*,*,#3713,.F.);
#1570=ORIENTED_EDGE('',*,*,#3977,.F.);
#1571=ORIENTED_EDGE('',*,*,#3155,.T.);
#1572=ORIENTED_EDGE('',*,*,#3978,.T.);
#1573=ORIENTED_EDGE('',*,*,#3716,.F.);
#1574=ORIENTED_EDGE('',*,*,#3980,.F.);
#1575=ORIENTED_EDGE('',*,*,#3152,.T.);
#1576=ORIENTED_EDGE('',*,*,#3981,.T.);
#1577=ORIENTED_EDGE('',*,*,#3719,.T.);
#1578=ORIENTED_EDGE('',*,*,#3983,.F.);
#1579=ORIENTED_EDGE('',*,*,#3149,.F.);
#1580=ORIENTED_EDGE('',*,*,#3985,.T.);
#1581=ORIENTED_EDGE('',*,*,#3723,.F.);
#1582=ORIENTED_EDGE('',*,*,#3987,.F.);
#1583=ORIENTED_EDGE('',*,*,#3145,.T.);
#1584=ORIENTED_EDGE('',*,*,#3988,.T.);
#1585=ORIENTED_EDGE('',*,*,#3726,.T.);
#1586=ORIENTED_EDGE('',*,*,#3990,.F.);
#1587=ORIENTED_EDGE('',*,*,#3142,.F.);
#1588=ORIENTED_EDGE('',*,*,#3991,.T.);
#1589=ORIENTED_EDGE('',*,*,#3729,.T.);
#1590=ORIENTED_EDGE('',*,*,#3993,.F.);
#1591=ORIENTED_EDGE('',*,*,#3139,.F.);
#1592=ORIENTED_EDGE('',*,*,#3995,.T.);
#1593=ORIENTED_EDGE('',*,*,#3733,.T.);
#1594=ORIENTED_EDGE('',*,*,#3997,.F.);
#1595=ORIENTED_EDGE('',*,*,#3135,.F.);
#1596=ORIENTED_EDGE('',*,*,#3998,.T.);
#1597=ORIENTED_EDGE('',*,*,#3736,.T.);
#1598=ORIENTED_EDGE('',*,*,#4000,.F.);
#1599=ORIENTED_EDGE('',*,*,#3132,.F.);
#1600=ORIENTED_EDGE('',*,*,#4002,.T.);
#1601=ORIENTED_EDGE('',*,*,#3740,.T.);
#1602=ORIENTED_EDGE('',*,*,#4004,.F.);
#1603=ORIENTED_EDGE('',*,*,#3128,.F.);
#1604=ORIENTED_EDGE('',*,*,#4006,.T.);
#1605=ORIENTED_EDGE('',*,*,#3744,.F.);
#1606=ORIENTED_EDGE('',*,*,#4008,.F.);
#1607=ORIENTED_EDGE('',*,*,#3124,.T.);
#1608=ORIENTED_EDGE('',*,*,#4009,.T.);
#1609=ORIENTED_EDGE('',*,*,#3747,.T.);
#1610=ORIENTED_EDGE('',*,*,#4011,.F.);
#1611=ORIENTED_EDGE('',*,*,#3121,.F.);
#1612=ORIENTED_EDGE('',*,*,#4013,.T.);
#1613=ORIENTED_EDGE('',*,*,#3751,.F.);
#1614=ORIENTED_EDGE('',*,*,#4015,.F.);
#1615=ORIENTED_EDGE('',*,*,#3117,.T.);
#1616=ORIENTED_EDGE('',*,*,#4016,.T.);
#1617=ORIENTED_EDGE('',*,*,#3754,.T.);
#1618=ORIENTED_EDGE('',*,*,#4018,.F.);
#1619=ORIENTED_EDGE('',*,*,#3114,.F.);
#1620=ORIENTED_EDGE('',*,*,#4020,.T.);
#1621=ORIENTED_EDGE('',*,*,#3758,.T.);
#1622=ORIENTED_EDGE('',*,*,#4022,.F.);
#1623=ORIENTED_EDGE('',*,*,#3110,.F.);
#1624=ORIENTED_EDGE('',*,*,#4024,.T.);
#1625=ORIENTED_EDGE('',*,*,#3762,.F.);
#1626=ORIENTED_EDGE('',*,*,#4026,.F.);
#1627=ORIENTED_EDGE('',*,*,#3106,.T.);
#1628=ORIENTED_EDGE('',*,*,#4028,.T.);
#1629=ORIENTED_EDGE('',*,*,#3766,.F.);
#1630=ORIENTED_EDGE('',*,*,#4030,.F.);
#1631=ORIENTED_EDGE('',*,*,#3102,.T.);
#1632=ORIENTED_EDGE('',*,*,#4031,.T.);
#1633=ORIENTED_EDGE('',*,*,#3769,.F.);
#1634=ORIENTED_EDGE('',*,*,#4033,.F.);
#1635=ORIENTED_EDGE('',*,*,#3099,.T.);
#1636=ORIENTED_EDGE('',*,*,#4034,.T.);
#1637=ORIENTED_EDGE('',*,*,#3772,.T.);
#1638=ORIENTED_EDGE('',*,*,#4036,.F.);
#1639=ORIENTED_EDGE('',*,*,#3096,.F.);
#1640=ORIENTED_EDGE('',*,*,#4038,.T.);
#1641=ORIENTED_EDGE('',*,*,#3702,.T.);
#1642=ORIENTED_EDGE('',*,*,#3966,.F.);
#1643=ORIENTED_EDGE('',*,*,#3166,.F.);
#1644=ORIENTED_EDGE('',*,*,#3968,.T.);
#1645=ORIENTED_EDGE('',*,*,#4039,.T.);
#1646=ORIENTED_EDGE('',*,*,#3170,.F.);
#1647=ORIENTED_EDGE('',*,*,#4040,.F.);
#1648=ORIENTED_EDGE('',*,*,#3777,.F.);
#1649=ORIENTED_EDGE('',*,*,#4041,.T.);
#1650=ORIENTED_EDGE('',*,*,#3167,.F.);
#1651=ORIENTED_EDGE('',*,*,#4039,.F.);
#1652=ORIENTED_EDGE('',*,*,#3776,.F.);
#1653=ORIENTED_EDGE('',*,*,#4040,.T.);
#1654=ORIENTED_EDGE('',*,*,#3169,.F.);
#1655=ORIENTED_EDGE('',*,*,#4042,.F.);
#1656=ORIENTED_EDGE('',*,*,#3778,.F.);
#1657=ORIENTED_EDGE('',*,*,#4042,.T.);
#1658=ORIENTED_EDGE('',*,*,#3168,.F.);
#1659=ORIENTED_EDGE('',*,*,#4041,.F.);
#1660=ORIENTED_EDGE('',*,*,#3775,.F.);
#1661=ORIENTED_EDGE('',*,*,#4043,.T.);
#1662=ORIENTED_EDGE('',*,*,#3174,.F.);
#1663=ORIENTED_EDGE('',*,*,#4044,.F.);
#1664=ORIENTED_EDGE('',*,*,#3699,.F.);
#1665=ORIENTED_EDGE('',*,*,#4045,.T.);
#1666=ORIENTED_EDGE('',*,*,#3175,.F.);
#1667=ORIENTED_EDGE('',*,*,#4043,.F.);
#1668=ORIENTED_EDGE('',*,*,#3698,.F.);
#1669=ORIENTED_EDGE('',*,*,#4044,.T.);
#1670=ORIENTED_EDGE('',*,*,#3173,.F.);
#1671=ORIENTED_EDGE('',*,*,#4046,.F.);
#1672=ORIENTED_EDGE('',*,*,#3700,.F.);
#1673=ORIENTED_EDGE('',*,*,#4047,.T.);
#1674=ORIENTED_EDGE('',*,*,#3176,.F.);
#1675=ORIENTED_EDGE('',*,*,#4045,.F.);
#1676=ORIENTED_EDGE('',*,*,#3697,.F.);
#1677=ORIENTED_EDGE('',*,*,#4048,.T.);
#1678=ORIENTED_EDGE('',*,*,#3177,.F.);
#1679=ORIENTED_EDGE('',*,*,#4047,.F.);
#1680=ORIENTED_EDGE('',*,*,#3696,.F.);
#1681=ORIENTED_EDGE('',*,*,#4049,.T.);
#1682=ORIENTED_EDGE('',*,*,#3178,.F.);
#1683=ORIENTED_EDGE('',*,*,#4048,.F.);
#1684=ORIENTED_EDGE('',*,*,#3695,.F.);
#1685=ORIENTED_EDGE('',*,*,#4050,.T.);
#1686=ORIENTED_EDGE('',*,*,#3179,.F.);
#1687=ORIENTED_EDGE('',*,*,#4049,.F.);
#1688=ORIENTED_EDGE('',*,*,#3694,.F.);
#1689=ORIENTED_EDGE('',*,*,#4051,.T.);
#1690=ORIENTED_EDGE('',*,*,#3180,.F.);
#1691=ORIENTED_EDGE('',*,*,#4050,.F.);
#1692=ORIENTED_EDGE('',*,*,#3693,.F.);
#1693=ORIENTED_EDGE('',*,*,#4052,.T.);
#1694=ORIENTED_EDGE('',*,*,#3181,.F.);
#1695=ORIENTED_EDGE('',*,*,#4051,.F.);
#1696=ORIENTED_EDGE('',*,*,#3692,.F.);
#1697=ORIENTED_EDGE('',*,*,#4053,.T.);
#1698=ORIENTED_EDGE('',*,*,#3182,.F.);
#1699=ORIENTED_EDGE('',*,*,#4052,.F.);
#1700=ORIENTED_EDGE('',*,*,#3691,.F.);
#1701=ORIENTED_EDGE('',*,*,#4054,.T.);
#1702=ORIENTED_EDGE('',*,*,#3183,.F.);
#1703=ORIENTED_EDGE('',*,*,#4053,.F.);
#1704=ORIENTED_EDGE('',*,*,#3690,.F.);
#1705=ORIENTED_EDGE('',*,*,#4055,.T.);
#1706=ORIENTED_EDGE('',*,*,#3184,.F.);
#1707=ORIENTED_EDGE('',*,*,#4054,.F.);
#1708=ORIENTED_EDGE('',*,*,#3689,.F.);
#1709=ORIENTED_EDGE('',*,*,#4056,.T.);
#1710=ORIENTED_EDGE('',*,*,#3185,.F.);
#1711=ORIENTED_EDGE('',*,*,#4055,.F.);
#1712=ORIENTED_EDGE('',*,*,#3688,.F.);
#1713=ORIENTED_EDGE('',*,*,#4057,.T.);
#1714=ORIENTED_EDGE('',*,*,#3186,.F.);
#1715=ORIENTED_EDGE('',*,*,#4056,.F.);
#1716=ORIENTED_EDGE('',*,*,#3687,.F.);
#1717=ORIENTED_EDGE('',*,*,#4058,.T.);
#1718=ORIENTED_EDGE('',*,*,#3187,.F.);
#1719=ORIENTED_EDGE('',*,*,#4057,.F.);
#1720=ORIENTED_EDGE('',*,*,#3686,.F.);
#1721=ORIENTED_EDGE('',*,*,#4059,.T.);
#1722=ORIENTED_EDGE('',*,*,#3188,.F.);
#1723=ORIENTED_EDGE('',*,*,#4058,.F.);
#1724=ORIENTED_EDGE('',*,*,#3685,.F.);
#1725=ORIENTED_EDGE('',*,*,#4060,.T.);
#1726=ORIENTED_EDGE('',*,*,#3189,.F.);
#1727=ORIENTED_EDGE('',*,*,#4059,.F.);
#1728=ORIENTED_EDGE('',*,*,#3684,.F.);
#1729=ORIENTED_EDGE('',*,*,#4061,.T.);
#1730=ORIENTED_EDGE('',*,*,#3190,.F.);
#1731=ORIENTED_EDGE('',*,*,#4060,.F.);
#1732=ORIENTED_EDGE('',*,*,#3683,.F.);
#1733=ORIENTED_EDGE('',*,*,#4062,.T.);
#1734=ORIENTED_EDGE('',*,*,#3191,.F.);
#1735=ORIENTED_EDGE('',*,*,#4061,.F.);
#1736=ORIENTED_EDGE('',*,*,#3682,.F.);
#1737=ORIENTED_EDGE('',*,*,#4063,.T.);
#1738=ORIENTED_EDGE('',*,*,#3192,.F.);
#1739=ORIENTED_EDGE('',*,*,#4062,.F.);
#1740=ORIENTED_EDGE('',*,*,#3681,.F.);
#1741=ORIENTED_EDGE('',*,*,#4064,.T.);
#1742=ORIENTED_EDGE('',*,*,#3171,.F.);
#1743=ORIENTED_EDGE('',*,*,#4063,.F.);
#1744=ORIENTED_EDGE('',*,*,#3680,.F.);
#1745=ORIENTED_EDGE('',*,*,#4046,.T.);
#1746=ORIENTED_EDGE('',*,*,#3172,.F.);
#1747=ORIENTED_EDGE('',*,*,#4064,.F.);
#1748=ORIENTED_EDGE('',*,*,#3679,.F.);
#1749=ORIENTED_EDGE('',*,*,#4065,.T.);
#1750=ORIENTED_EDGE('',*,*,#3196,.F.);
#1751=ORIENTED_EDGE('',*,*,#4066,.F.);
#1752=ORIENTED_EDGE('',*,*,#3781,.F.);
#1753=ORIENTED_EDGE('',*,*,#4067,.T.);
#1754=ORIENTED_EDGE('',*,*,#3193,.F.);
#1755=ORIENTED_EDGE('',*,*,#4065,.F.);
#1756=ORIENTED_EDGE('',*,*,#3780,.F.);
#1757=ORIENTED_EDGE('',*,*,#4066,.T.);
#1758=ORIENTED_EDGE('',*,*,#3195,.F.);
#1759=ORIENTED_EDGE('',*,*,#4068,.F.);
#1760=ORIENTED_EDGE('',*,*,#3782,.F.);
#1761=ORIENTED_EDGE('',*,*,#4068,.T.);
#1762=ORIENTED_EDGE('',*,*,#3194,.F.);
#1763=ORIENTED_EDGE('',*,*,#4067,.F.);
#1764=ORIENTED_EDGE('',*,*,#3779,.F.);
#1765=ORIENTED_EDGE('',*,*,#4069,.T.);
#1766=ORIENTED_EDGE('',*,*,#3200,.F.);
#1767=ORIENTED_EDGE('',*,*,#4070,.F.);
#1768=ORIENTED_EDGE('',*,*,#3677,.F.);
#1769=ORIENTED_EDGE('',*,*,#4071,.T.);
#1770=ORIENTED_EDGE('',*,*,#3197,.F.);
#1771=ORIENTED_EDGE('',*,*,#4069,.F.);
#1772=ORIENTED_EDGE('',*,*,#3676,.F.);
#1773=ORIENTED_EDGE('',*,*,#4070,.T.);
#1774=ORIENTED_EDGE('',*,*,#3199,.F.);
#1775=ORIENTED_EDGE('',*,*,#4072,.F.);
#1776=ORIENTED_EDGE('',*,*,#3678,.F.);
#1777=ORIENTED_EDGE('',*,*,#4072,.T.);
#1778=ORIENTED_EDGE('',*,*,#3198,.F.);
#1779=ORIENTED_EDGE('',*,*,#4071,.F.);
#1780=ORIENTED_EDGE('',*,*,#3675,.F.);
#1781=ORIENTED_EDGE('',*,*,#4073,.T.);
#1782=ORIENTED_EDGE('',*,*,#3204,.F.);
#1783=ORIENTED_EDGE('',*,*,#4074,.F.);
#1784=ORIENTED_EDGE('',*,*,#3806,.F.);
#1785=ORIENTED_EDGE('',*,*,#4075,.T.);
#1786=ORIENTED_EDGE('',*,*,#3205,.F.);
#1787=ORIENTED_EDGE('',*,*,#4073,.F.);
#1788=ORIENTED_EDGE('',*,*,#3805,.F.);
#1789=ORIENTED_EDGE('',*,*,#4074,.T.);
#1790=ORIENTED_EDGE('',*,*,#3203,.F.);
#1791=ORIENTED_EDGE('',*,*,#4076,.F.);
#1792=ORIENTED_EDGE('',*,*,#3807,.F.);
#1793=ORIENTED_EDGE('',*,*,#4077,.T.);
#1794=ORIENTED_EDGE('',*,*,#3206,.F.);
#1795=ORIENTED_EDGE('',*,*,#4075,.F.);
#1796=ORIENTED_EDGE('',*,*,#3804,.F.);
#1797=ORIENTED_EDGE('',*,*,#4078,.T.);
#1798=ORIENTED_EDGE('',*,*,#3207,.F.);
#1799=ORIENTED_EDGE('',*,*,#4077,.F.);
#1800=ORIENTED_EDGE('',*,*,#3803,.F.);
#1801=ORIENTED_EDGE('',*,*,#4079,.T.);
#1802=ORIENTED_EDGE('',*,*,#3208,.F.);
#1803=ORIENTED_EDGE('',*,*,#4078,.F.);
#1804=ORIENTED_EDGE('',*,*,#3802,.F.);
#1805=ORIENTED_EDGE('',*,*,#4080,.T.);
#1806=ORIENTED_EDGE('',*,*,#3209,.F.);
#1807=ORIENTED_EDGE('',*,*,#4079,.F.);
#1808=ORIENTED_EDGE('',*,*,#3801,.F.);
#1809=ORIENTED_EDGE('',*,*,#4081,.T.);
#1810=ORIENTED_EDGE('',*,*,#3210,.F.);
#1811=ORIENTED_EDGE('',*,*,#4080,.F.);
#1812=ORIENTED_EDGE('',*,*,#3800,.F.);
#1813=ORIENTED_EDGE('',*,*,#4082,.T.);
#1814=ORIENTED_EDGE('',*,*,#3211,.F.);
#1815=ORIENTED_EDGE('',*,*,#4081,.F.);
#1816=ORIENTED_EDGE('',*,*,#3799,.F.);
#1817=ORIENTED_EDGE('',*,*,#4083,.T.);
#1818=ORIENTED_EDGE('',*,*,#3212,.F.);
#1819=ORIENTED_EDGE('',*,*,#4082,.F.);
#1820=ORIENTED_EDGE('',*,*,#3798,.F.);
#1821=ORIENTED_EDGE('',*,*,#4084,.T.);
#1822=ORIENTED_EDGE('',*,*,#3213,.F.);
#1823=ORIENTED_EDGE('',*,*,#4083,.F.);
#1824=ORIENTED_EDGE('',*,*,#3797,.F.);
#1825=ORIENTED_EDGE('',*,*,#4085,.T.);
#1826=ORIENTED_EDGE('',*,*,#3214,.F.);
#1827=ORIENTED_EDGE('',*,*,#4084,.F.);
#1828=ORIENTED_EDGE('',*,*,#3796,.F.);
#1829=ORIENTED_EDGE('',*,*,#4086,.T.);
#1830=ORIENTED_EDGE('',*,*,#3215,.F.);
#1831=ORIENTED_EDGE('',*,*,#4085,.F.);
#1832=ORIENTED_EDGE('',*,*,#3795,.F.);
#1833=ORIENTED_EDGE('',*,*,#4087,.T.);
#1834=ORIENTED_EDGE('',*,*,#3216,.F.);
#1835=ORIENTED_EDGE('',*,*,#4086,.F.);
#1836=ORIENTED_EDGE('',*,*,#3794,.F.);
#1837=ORIENTED_EDGE('',*,*,#4088,.T.);
#1838=ORIENTED_EDGE('',*,*,#3217,.F.);
#1839=ORIENTED_EDGE('',*,*,#4087,.F.);
#1840=ORIENTED_EDGE('',*,*,#3793,.F.);
#1841=ORIENTED_EDGE('',*,*,#4089,.T.);
#1842=ORIENTED_EDGE('',*,*,#3218,.F.);
#1843=ORIENTED_EDGE('',*,*,#4088,.F.);
#1844=ORIENTED_EDGE('',*,*,#3792,.F.);
#1845=ORIENTED_EDGE('',*,*,#4090,.T.);
#1846=ORIENTED_EDGE('',*,*,#3219,.F.);
#1847=ORIENTED_EDGE('',*,*,#4089,.F.);
#1848=ORIENTED_EDGE('',*,*,#3791,.F.);
#1849=ORIENTED_EDGE('',*,*,#4091,.T.);
#1850=ORIENTED_EDGE('',*,*,#3220,.F.);
#1851=ORIENTED_EDGE('',*,*,#4090,.F.);
#1852=ORIENTED_EDGE('',*,*,#3790,.F.);
#1853=ORIENTED_EDGE('',*,*,#4092,.T.);
#1854=ORIENTED_EDGE('',*,*,#3221,.F.);
#1855=ORIENTED_EDGE('',*,*,#4091,.F.);
#1856=ORIENTED_EDGE('',*,*,#3789,.F.);
#1857=ORIENTED_EDGE('',*,*,#4093,.T.);
#1858=ORIENTED_EDGE('',*,*,#3222,.F.);
#1859=ORIENTED_EDGE('',*,*,#4092,.F.);
#1860=ORIENTED_EDGE('',*,*,#3788,.F.);
#1861=ORIENTED_EDGE('',*,*,#4094,.T.);
#1862=ORIENTED_EDGE('',*,*,#3223,.F.);
#1863=ORIENTED_EDGE('',*,*,#4093,.F.);
#1864=ORIENTED_EDGE('',*,*,#3787,.F.);
#1865=ORIENTED_EDGE('',*,*,#4095,.T.);
#1866=ORIENTED_EDGE('',*,*,#3224,.F.);
#1867=ORIENTED_EDGE('',*,*,#4094,.F.);
#1868=ORIENTED_EDGE('',*,*,#3786,.F.);
#1869=ORIENTED_EDGE('',*,*,#4096,.T.);
#1870=ORIENTED_EDGE('',*,*,#3225,.F.);
#1871=ORIENTED_EDGE('',*,*,#4095,.F.);
#1872=ORIENTED_EDGE('',*,*,#3785,.F.);
#1873=ORIENTED_EDGE('',*,*,#4097,.T.);
#1874=ORIENTED_EDGE('',*,*,#3201,.F.);
#1875=ORIENTED_EDGE('',*,*,#4096,.F.);
#1876=ORIENTED_EDGE('',*,*,#3784,.F.);
#1877=ORIENTED_EDGE('',*,*,#4076,.T.);
#1878=ORIENTED_EDGE('',*,*,#3202,.F.);
#1879=ORIENTED_EDGE('',*,*,#4097,.F.);
#1880=ORIENTED_EDGE('',*,*,#3783,.F.);
#1881=ORIENTED_EDGE('',*,*,#4098,.T.);
#1882=ORIENTED_EDGE('',*,*,#3229,.F.);
#1883=ORIENTED_EDGE('',*,*,#4099,.F.);
#1884=ORIENTED_EDGE('',*,*,#3673,.F.);
#1885=ORIENTED_EDGE('',*,*,#4100,.T.);
#1886=ORIENTED_EDGE('',*,*,#3230,.F.);
#1887=ORIENTED_EDGE('',*,*,#4098,.F.);
#1888=ORIENTED_EDGE('',*,*,#3672,.F.);
#1889=ORIENTED_EDGE('',*,*,#4099,.T.);
#1890=ORIENTED_EDGE('',*,*,#3228,.F.);
#1891=ORIENTED_EDGE('',*,*,#4101,.F.);
#1892=ORIENTED_EDGE('',*,*,#3674,.F.);
#1893=ORIENTED_EDGE('',*,*,#4102,.T.);
#1894=ORIENTED_EDGE('',*,*,#3231,.F.);
#1895=ORIENTED_EDGE('',*,*,#4100,.F.);
#1896=ORIENTED_EDGE('',*,*,#3671,.F.);
#1897=ORIENTED_EDGE('',*,*,#4103,.T.);
#1898=ORIENTED_EDGE('',*,*,#3232,.F.);
#1899=ORIENTED_EDGE('',*,*,#4102,.F.);
#1900=ORIENTED_EDGE('',*,*,#3670,.F.);
#1901=ORIENTED_EDGE('',*,*,#4104,.T.);
#1902=ORIENTED_EDGE('',*,*,#3233,.F.);
#1903=ORIENTED_EDGE('',*,*,#4103,.F.);
#1904=ORIENTED_EDGE('',*,*,#3669,.F.);
#1905=ORIENTED_EDGE('',*,*,#4105,.T.);
#1906=ORIENTED_EDGE('',*,*,#3226,.F.);
#1907=ORIENTED_EDGE('',*,*,#4104,.F.);
#1908=ORIENTED_EDGE('',*,*,#3668,.F.);
#1909=ORIENTED_EDGE('',*,*,#4101,.T.);
#1910=ORIENTED_EDGE('',*,*,#3227,.F.);
#1911=ORIENTED_EDGE('',*,*,#4105,.F.);
#1912=ORIENTED_EDGE('',*,*,#3667,.F.);
#1913=ORIENTED_EDGE('',*,*,#4106,.T.);
#1914=ORIENTED_EDGE('',*,*,#3237,.F.);
#1915=ORIENTED_EDGE('',*,*,#4107,.F.);
#1916=ORIENTED_EDGE('',*,*,#3824,.F.);
#1917=ORIENTED_EDGE('',*,*,#4108,.T.);
#1918=ORIENTED_EDGE('',*,*,#3238,.F.);
#1919=ORIENTED_EDGE('',*,*,#4106,.F.);
#1920=ORIENTED_EDGE('',*,*,#3823,.F.);
#1921=ORIENTED_EDGE('',*,*,#4107,.T.);
#1922=ORIENTED_EDGE('',*,*,#3236,.F.);
#1923=ORIENTED_EDGE('',*,*,#4109,.F.);
#1924=ORIENTED_EDGE('',*,*,#3825,.F.);
#1925=ORIENTED_EDGE('',*,*,#4110,.T.);
#1926=ORIENTED_EDGE('',*,*,#3239,.F.);
#1927=ORIENTED_EDGE('',*,*,#4108,.F.);
#1928=ORIENTED_EDGE('',*,*,#3822,.F.);
#1929=ORIENTED_EDGE('',*,*,#4111,.T.);
#1930=ORIENTED_EDGE('',*,*,#3240,.F.);
#1931=ORIENTED_EDGE('',*,*,#4110,.F.);
#1932=ORIENTED_EDGE('',*,*,#3821,.F.);
#1933=ORIENTED_EDGE('',*,*,#4112,.T.);
#1934=ORIENTED_EDGE('',*,*,#3241,.F.);
#1935=ORIENTED_EDGE('',*,*,#4111,.F.);
#1936=ORIENTED_EDGE('',*,*,#3820,.F.);
#1937=ORIENTED_EDGE('',*,*,#4113,.T.);
#1938=ORIENTED_EDGE('',*,*,#3242,.F.);
#1939=ORIENTED_EDGE('',*,*,#4112,.F.);
#1940=ORIENTED_EDGE('',*,*,#3819,.F.);
#1941=ORIENTED_EDGE('',*,*,#4114,.T.);
#1942=ORIENTED_EDGE('',*,*,#3243,.F.);
#1943=ORIENTED_EDGE('',*,*,#4113,.F.);
#1944=ORIENTED_EDGE('',*,*,#3818,.F.);
#1945=ORIENTED_EDGE('',*,*,#4115,.T.);
#1946=ORIENTED_EDGE('',*,*,#3244,.F.);
#1947=ORIENTED_EDGE('',*,*,#4114,.F.);
#1948=ORIENTED_EDGE('',*,*,#3817,.F.);
#1949=ORIENTED_EDGE('',*,*,#4116,.T.);
#1950=ORIENTED_EDGE('',*,*,#3245,.F.);
#1951=ORIENTED_EDGE('',*,*,#4115,.F.);
#1952=ORIENTED_EDGE('',*,*,#3816,.F.);
#1953=ORIENTED_EDGE('',*,*,#4117,.T.);
#1954=ORIENTED_EDGE('',*,*,#3246,.F.);
#1955=ORIENTED_EDGE('',*,*,#4116,.F.);
#1956=ORIENTED_EDGE('',*,*,#3815,.F.);
#1957=ORIENTED_EDGE('',*,*,#4118,.T.);
#1958=ORIENTED_EDGE('',*,*,#3247,.F.);
#1959=ORIENTED_EDGE('',*,*,#4117,.F.);
#1960=ORIENTED_EDGE('',*,*,#3814,.F.);
#1961=ORIENTED_EDGE('',*,*,#4119,.T.);
#1962=ORIENTED_EDGE('',*,*,#3248,.F.);
#1963=ORIENTED_EDGE('',*,*,#4118,.F.);
#1964=ORIENTED_EDGE('',*,*,#3813,.F.);
#1965=ORIENTED_EDGE('',*,*,#4120,.T.);
#1966=ORIENTED_EDGE('',*,*,#3249,.F.);
#1967=ORIENTED_EDGE('',*,*,#4119,.F.);
#1968=ORIENTED_EDGE('',*,*,#3812,.F.);
#1969=ORIENTED_EDGE('',*,*,#4121,.T.);
#1970=ORIENTED_EDGE('',*,*,#3250,.F.);
#1971=ORIENTED_EDGE('',*,*,#4120,.F.);
#1972=ORIENTED_EDGE('',*,*,#3811,.F.);
#1973=ORIENTED_EDGE('',*,*,#4122,.T.);
#1974=ORIENTED_EDGE('',*,*,#3251,.F.);
#1975=ORIENTED_EDGE('',*,*,#4121,.F.);
#1976=ORIENTED_EDGE('',*,*,#3810,.F.);
#1977=ORIENTED_EDGE('',*,*,#4123,.T.);
#1978=ORIENTED_EDGE('',*,*,#3234,.F.);
#1979=ORIENTED_EDGE('',*,*,#4122,.F.);
#1980=ORIENTED_EDGE('',*,*,#3809,.F.);
#1981=ORIENTED_EDGE('',*,*,#4109,.T.);
#1982=ORIENTED_EDGE('',*,*,#3235,.F.);
#1983=ORIENTED_EDGE('',*,*,#4123,.F.);
#1984=ORIENTED_EDGE('',*,*,#3808,.F.);
#1985=ORIENTED_EDGE('',*,*,#4124,.T.);
#1986=ORIENTED_EDGE('',*,*,#3255,.F.);
#1987=ORIENTED_EDGE('',*,*,#4125,.F.);
#1988=ORIENTED_EDGE('',*,*,#3665,.F.);
#1989=ORIENTED_EDGE('',*,*,#4126,.T.);
#1990=ORIENTED_EDGE('',*,*,#3256,.F.);
#1991=ORIENTED_EDGE('',*,*,#4124,.F.);
#1992=ORIENTED_EDGE('',*,*,#3664,.F.);
#1993=ORIENTED_EDGE('',*,*,#4125,.T.);
#1994=ORIENTED_EDGE('',*,*,#3254,.F.);
#1995=ORIENTED_EDGE('',*,*,#4127,.F.);
#1996=ORIENTED_EDGE('',*,*,#3666,.F.);
#1997=ORIENTED_EDGE('',*,*,#4128,.T.);
#1998=ORIENTED_EDGE('',*,*,#3257,.F.);
#1999=ORIENTED_EDGE('',*,*,#4126,.F.);
#2000=ORIENTED_EDGE('',*,*,#3663,.F.);
#2001=ORIENTED_EDGE('',*,*,#4129,.T.);
#2002=ORIENTED_EDGE('',*,*,#3258,.F.);
#2003=ORIENTED_EDGE('',*,*,#4128,.F.);
#2004=ORIENTED_EDGE('',*,*,#3662,.F.);
#2005=ORIENTED_EDGE('',*,*,#4130,.T.);
#2006=ORIENTED_EDGE('',*,*,#3259,.F.);
#2007=ORIENTED_EDGE('',*,*,#4129,.F.);
#2008=ORIENTED_EDGE('',*,*,#3661,.F.);
#2009=ORIENTED_EDGE('',*,*,#4131,.T.);
#2010=ORIENTED_EDGE('',*,*,#3260,.F.);
#2011=ORIENTED_EDGE('',*,*,#4130,.F.);
#2012=ORIENTED_EDGE('',*,*,#3660,.F.);
#2013=ORIENTED_EDGE('',*,*,#4132,.T.);
#2014=ORIENTED_EDGE('',*,*,#3261,.F.);
#2015=ORIENTED_EDGE('',*,*,#4131,.F.);
#2016=ORIENTED_EDGE('',*,*,#3659,.F.);
#2017=ORIENTED_EDGE('',*,*,#4133,.T.);
#2018=ORIENTED_EDGE('',*,*,#3262,.F.);
#2019=ORIENTED_EDGE('',*,*,#4132,.F.);
#2020=ORIENTED_EDGE('',*,*,#3658,.F.);
#2021=ORIENTED_EDGE('',*,*,#4134,.T.);
#2022=ORIENTED_EDGE('',*,*,#3263,.F.);
#2023=ORIENTED_EDGE('',*,*,#4133,.F.);
#2024=ORIENTED_EDGE('',*,*,#3657,.F.);
#2025=ORIENTED_EDGE('',*,*,#4135,.T.);
#2026=ORIENTED_EDGE('',*,*,#3264,.F.);
#2027=ORIENTED_EDGE('',*,*,#4134,.F.);
#2028=ORIENTED_EDGE('',*,*,#3656,.F.);
#2029=ORIENTED_EDGE('',*,*,#4136,.T.);
#2030=ORIENTED_EDGE('',*,*,#3265,.F.);
#2031=ORIENTED_EDGE('',*,*,#4135,.F.);
#2032=ORIENTED_EDGE('',*,*,#3655,.F.);
#2033=ORIENTED_EDGE('',*,*,#4137,.T.);
#2034=ORIENTED_EDGE('',*,*,#3266,.F.);
#2035=ORIENTED_EDGE('',*,*,#4136,.F.);
#2036=ORIENTED_EDGE('',*,*,#3654,.F.);
#2037=ORIENTED_EDGE('',*,*,#4138,.T.);
#2038=ORIENTED_EDGE('',*,*,#3252,.F.);
#2039=ORIENTED_EDGE('',*,*,#4137,.F.);
#2040=ORIENTED_EDGE('',*,*,#3653,.F.);
#2041=ORIENTED_EDGE('',*,*,#4127,.T.);
#2042=ORIENTED_EDGE('',*,*,#3253,.F.);
#2043=ORIENTED_EDGE('',*,*,#4138,.F.);
#2044=ORIENTED_EDGE('',*,*,#3652,.F.);
#2045=ORIENTED_EDGE('',*,*,#4139,.T.);
#2046=ORIENTED_EDGE('',*,*,#3270,.F.);
#2047=ORIENTED_EDGE('',*,*,#4140,.F.);
#2048=ORIENTED_EDGE('',*,*,#3828,.F.);
#2049=ORIENTED_EDGE('',*,*,#4141,.T.);
#2050=ORIENTED_EDGE('',*,*,#3267,.F.);
#2051=ORIENTED_EDGE('',*,*,#4139,.F.);
#2052=ORIENTED_EDGE('',*,*,#3827,.F.);
#2053=ORIENTED_EDGE('',*,*,#4140,.T.);
#2054=ORIENTED_EDGE('',*,*,#3269,.F.);
#2055=ORIENTED_EDGE('',*,*,#4142,.F.);
#2056=ORIENTED_EDGE('',*,*,#3829,.F.);
#2057=ORIENTED_EDGE('',*,*,#4142,.T.);
#2058=ORIENTED_EDGE('',*,*,#3268,.F.);
#2059=ORIENTED_EDGE('',*,*,#4141,.F.);
#2060=ORIENTED_EDGE('',*,*,#3826,.F.);
#2061=ORIENTED_EDGE('',*,*,#4143,.T.);
#2062=ORIENTED_EDGE('',*,*,#3274,.F.);
#2063=ORIENTED_EDGE('',*,*,#4144,.F.);
#2064=ORIENTED_EDGE('',*,*,#3650,.F.);
#2065=ORIENTED_EDGE('',*,*,#4145,.T.);
#2066=ORIENTED_EDGE('',*,*,#3275,.F.);
#2067=ORIENTED_EDGE('',*,*,#4143,.F.);
#2068=ORIENTED_EDGE('',*,*,#3649,.F.);
#2069=ORIENTED_EDGE('',*,*,#4144,.T.);
#2070=ORIENTED_EDGE('',*,*,#3273,.F.);
#2071=ORIENTED_EDGE('',*,*,#4146,.F.);
#2072=ORIENTED_EDGE('',*,*,#3651,.F.);
#2073=ORIENTED_EDGE('',*,*,#4147,.T.);
#2074=ORIENTED_EDGE('',*,*,#3276,.F.);
#2075=ORIENTED_EDGE('',*,*,#4145,.F.);
#2076=ORIENTED_EDGE('',*,*,#3648,.F.);
#2077=ORIENTED_EDGE('',*,*,#4148,.T.);
#2078=ORIENTED_EDGE('',*,*,#3277,.F.);
#2079=ORIENTED_EDGE('',*,*,#4147,.F.);
#2080=ORIENTED_EDGE('',*,*,#3647,.F.);
#2081=ORIENTED_EDGE('',*,*,#4149,.T.);
#2082=ORIENTED_EDGE('',*,*,#3278,.F.);
#2083=ORIENTED_EDGE('',*,*,#4148,.F.);
#2084=ORIENTED_EDGE('',*,*,#3646,.F.);
#2085=ORIENTED_EDGE('',*,*,#4150,.T.);
#2086=ORIENTED_EDGE('',*,*,#3271,.F.);
#2087=ORIENTED_EDGE('',*,*,#4149,.F.);
#2088=ORIENTED_EDGE('',*,*,#3645,.F.);
#2089=ORIENTED_EDGE('',*,*,#4146,.T.);
#2090=ORIENTED_EDGE('',*,*,#3272,.F.);
#2091=ORIENTED_EDGE('',*,*,#4150,.F.);
#2092=ORIENTED_EDGE('',*,*,#3644,.F.);
#2093=ORIENTED_EDGE('',*,*,#4151,.T.);
#2094=ORIENTED_EDGE('',*,*,#3282,.F.);
#2095=ORIENTED_EDGE('',*,*,#4152,.F.);
#2096=ORIENTED_EDGE('',*,*,#3832,.F.);
#2097=ORIENTED_EDGE('',*,*,#4153,.T.);
#2098=ORIENTED_EDGE('',*,*,#3279,.F.);
#2099=ORIENTED_EDGE('',*,*,#4151,.F.);
#2100=ORIENTED_EDGE('',*,*,#3831,.F.);
#2101=ORIENTED_EDGE('',*,*,#4152,.T.);
#2102=ORIENTED_EDGE('',*,*,#3281,.F.);
#2103=ORIENTED_EDGE('',*,*,#4154,.F.);
#2104=ORIENTED_EDGE('',*,*,#3833,.F.);
#2105=ORIENTED_EDGE('',*,*,#4154,.T.);
#2106=ORIENTED_EDGE('',*,*,#3280,.F.);
#2107=ORIENTED_EDGE('',*,*,#4153,.F.);
#2108=ORIENTED_EDGE('',*,*,#3830,.F.);
#2109=ORIENTED_EDGE('',*,*,#4155,.T.);
#2110=ORIENTED_EDGE('',*,*,#3286,.F.);
#2111=ORIENTED_EDGE('',*,*,#4156,.F.);
#2112=ORIENTED_EDGE('',*,*,#3642,.F.);
#2113=ORIENTED_EDGE('',*,*,#4157,.T.);
#2114=ORIENTED_EDGE('',*,*,#3287,.F.);
#2115=ORIENTED_EDGE('',*,*,#4155,.F.);
#2116=ORIENTED_EDGE('',*,*,#3641,.F.);
#2117=ORIENTED_EDGE('',*,*,#4156,.T.);
#2118=ORIENTED_EDGE('',*,*,#3285,.F.);
#2119=ORIENTED_EDGE('',*,*,#4158,.F.);
#2120=ORIENTED_EDGE('',*,*,#3643,.F.);
#2121=ORIENTED_EDGE('',*,*,#4159,.T.);
#2122=ORIENTED_EDGE('',*,*,#3283,.F.);
#2123=ORIENTED_EDGE('',*,*,#4157,.F.);
#2124=ORIENTED_EDGE('',*,*,#3640,.F.);
#2125=ORIENTED_EDGE('',*,*,#4158,.T.);
#2126=ORIENTED_EDGE('',*,*,#3284,.F.);
#2127=ORIENTED_EDGE('',*,*,#4159,.F.);
#2128=ORIENTED_EDGE('',*,*,#3639,.F.);
#2129=ORIENTED_EDGE('',*,*,#4160,.T.);
#2130=ORIENTED_EDGE('',*,*,#3291,.F.);
#2131=ORIENTED_EDGE('',*,*,#4161,.F.);
#2132=ORIENTED_EDGE('',*,*,#3838,.F.);
#2133=ORIENTED_EDGE('',*,*,#4162,.T.);
#2134=ORIENTED_EDGE('',*,*,#3292,.F.);
#2135=ORIENTED_EDGE('',*,*,#4160,.F.);
#2136=ORIENTED_EDGE('',*,*,#3837,.F.);
#2137=ORIENTED_EDGE('',*,*,#4161,.T.);
#2138=ORIENTED_EDGE('',*,*,#3290,.F.);
#2139=ORIENTED_EDGE('',*,*,#4163,.F.);
#2140=ORIENTED_EDGE('',*,*,#3839,.F.);
#2141=ORIENTED_EDGE('',*,*,#4164,.T.);
#2142=ORIENTED_EDGE('',*,*,#3293,.F.);
#2143=ORIENTED_EDGE('',*,*,#4162,.F.);
#2144=ORIENTED_EDGE('',*,*,#3836,.F.);
#2145=ORIENTED_EDGE('',*,*,#4165,.T.);
#2146=ORIENTED_EDGE('',*,*,#3288,.F.);
#2147=ORIENTED_EDGE('',*,*,#4164,.F.);
#2148=ORIENTED_EDGE('',*,*,#3835,.F.);
#2149=ORIENTED_EDGE('',*,*,#4163,.T.);
#2150=ORIENTED_EDGE('',*,*,#3289,.F.);
#2151=ORIENTED_EDGE('',*,*,#4165,.F.);
#2152=ORIENTED_EDGE('',*,*,#3834,.F.);
#2153=ORIENTED_EDGE('',*,*,#4166,.T.);
#2154=ORIENTED_EDGE('',*,*,#3297,.F.);
#2155=ORIENTED_EDGE('',*,*,#4167,.F.);
#2156=ORIENTED_EDGE('',*,*,#3637,.F.);
#2157=ORIENTED_EDGE('',*,*,#4168,.T.);
#2158=ORIENTED_EDGE('',*,*,#3298,.F.);
#2159=ORIENTED_EDGE('',*,*,#4166,.F.);
#2160=ORIENTED_EDGE('',*,*,#3636,.F.);
#2161=ORIENTED_EDGE('',*,*,#4167,.T.);
#2162=ORIENTED_EDGE('',*,*,#3296,.F.);
#2163=ORIENTED_EDGE('',*,*,#4169,.F.);
#2164=ORIENTED_EDGE('',*,*,#3638,.F.);
#2165=ORIENTED_EDGE('',*,*,#4170,.T.);
#2166=ORIENTED_EDGE('',*,*,#3299,.F.);
#2167=ORIENTED_EDGE('',*,*,#4168,.F.);
#2168=ORIENTED_EDGE('',*,*,#3635,.F.);
#2169=ORIENTED_EDGE('',*,*,#4171,.T.);
#2170=ORIENTED_EDGE('',*,*,#3300,.F.);
#2171=ORIENTED_EDGE('',*,*,#4170,.F.);
#2172=ORIENTED_EDGE('',*,*,#3634,.F.);
#2173=ORIENTED_EDGE('',*,*,#4172,.T.);
#2174=ORIENTED_EDGE('',*,*,#3301,.F.);
#2175=ORIENTED_EDGE('',*,*,#4171,.F.);
#2176=ORIENTED_EDGE('',*,*,#3633,.F.);
#2177=ORIENTED_EDGE('',*,*,#4173,.T.);
#2178=ORIENTED_EDGE('',*,*,#3302,.F.);
#2179=ORIENTED_EDGE('',*,*,#4172,.F.);
#2180=ORIENTED_EDGE('',*,*,#3632,.F.);
#2181=ORIENTED_EDGE('',*,*,#4174,.T.);
#2182=ORIENTED_EDGE('',*,*,#3303,.F.);
#2183=ORIENTED_EDGE('',*,*,#4173,.F.);
#2184=ORIENTED_EDGE('',*,*,#3631,.F.);
#2185=ORIENTED_EDGE('',*,*,#4175,.T.);
#2186=ORIENTED_EDGE('',*,*,#3304,.F.);
#2187=ORIENTED_EDGE('',*,*,#4174,.F.);
#2188=ORIENTED_EDGE('',*,*,#3630,.F.);
#2189=ORIENTED_EDGE('',*,*,#4176,.T.);
#2190=ORIENTED_EDGE('',*,*,#3305,.F.);
#2191=ORIENTED_EDGE('',*,*,#4175,.F.);
#2192=ORIENTED_EDGE('',*,*,#3629,.F.);
#2193=ORIENTED_EDGE('',*,*,#4177,.T.);
#2194=ORIENTED_EDGE('',*,*,#3306,.F.);
#2195=ORIENTED_EDGE('',*,*,#4176,.F.);
#2196=ORIENTED_EDGE('',*,*,#3628,.F.);
#2197=ORIENTED_EDGE('',*,*,#4178,.T.);
#2198=ORIENTED_EDGE('',*,*,#3307,.F.);
#2199=ORIENTED_EDGE('',*,*,#4177,.F.);
#2200=ORIENTED_EDGE('',*,*,#3627,.F.);
#2201=ORIENTED_EDGE('',*,*,#4179,.T.);
#2202=ORIENTED_EDGE('',*,*,#3308,.F.);
#2203=ORIENTED_EDGE('',*,*,#4178,.F.);
#2204=ORIENTED_EDGE('',*,*,#3626,.F.);
#2205=ORIENTED_EDGE('',*,*,#4180,.T.);
#2206=ORIENTED_EDGE('',*,*,#3309,.F.);
#2207=ORIENTED_EDGE('',*,*,#4179,.F.);
#2208=ORIENTED_EDGE('',*,*,#3625,.F.);
#2209=ORIENTED_EDGE('',*,*,#4181,.T.);
#2210=ORIENTED_EDGE('',*,*,#3310,.F.);
#2211=ORIENTED_EDGE('',*,*,#4180,.F.);
#2212=ORIENTED_EDGE('',*,*,#3624,.F.);
#2213=ORIENTED_EDGE('',*,*,#4182,.T.);
#2214=ORIENTED_EDGE('',*,*,#3311,.F.);
#2215=ORIENTED_EDGE('',*,*,#4181,.F.);
#2216=ORIENTED_EDGE('',*,*,#3623,.F.);
#2217=ORIENTED_EDGE('',*,*,#4183,.T.);
#2218=ORIENTED_EDGE('',*,*,#3294,.F.);
#2219=ORIENTED_EDGE('',*,*,#4182,.F.);
#2220=ORIENTED_EDGE('',*,*,#3622,.F.);
#2221=ORIENTED_EDGE('',*,*,#4169,.T.);
#2222=ORIENTED_EDGE('',*,*,#3295,.F.);
#2223=ORIENTED_EDGE('',*,*,#4183,.F.);
#2224=ORIENTED_EDGE('',*,*,#3621,.F.);
#2225=ORIENTED_EDGE('',*,*,#4184,.T.);
#2226=ORIENTED_EDGE('',*,*,#3315,.F.);
#2227=ORIENTED_EDGE('',*,*,#4185,.F.);
#2228=ORIENTED_EDGE('',*,*,#3849,.F.);
#2229=ORIENTED_EDGE('',*,*,#4186,.T.);
#2230=ORIENTED_EDGE('',*,*,#3316,.F.);
#2231=ORIENTED_EDGE('',*,*,#4184,.F.);
#2232=ORIENTED_EDGE('',*,*,#3848,.F.);
#2233=ORIENTED_EDGE('',*,*,#4185,.T.);
#2234=ORIENTED_EDGE('',*,*,#3314,.F.);
#2235=ORIENTED_EDGE('',*,*,#4187,.F.);
#2236=ORIENTED_EDGE('',*,*,#3850,.F.);
#2237=ORIENTED_EDGE('',*,*,#4188,.T.);
#2238=ORIENTED_EDGE('',*,*,#3317,.F.);
#2239=ORIENTED_EDGE('',*,*,#4186,.F.);
#2240=ORIENTED_EDGE('',*,*,#3847,.F.);
#2241=ORIENTED_EDGE('',*,*,#4189,.T.);
#2242=ORIENTED_EDGE('',*,*,#3318,.F.);
#2243=ORIENTED_EDGE('',*,*,#4188,.F.);
#2244=ORIENTED_EDGE('',*,*,#3846,.F.);
#2245=ORIENTED_EDGE('',*,*,#4190,.T.);
#2246=ORIENTED_EDGE('',*,*,#3319,.F.);
#2247=ORIENTED_EDGE('',*,*,#4189,.F.);
#2248=ORIENTED_EDGE('',*,*,#3845,.F.);
#2249=ORIENTED_EDGE('',*,*,#4191,.T.);
#2250=ORIENTED_EDGE('',*,*,#3320,.F.);
#2251=ORIENTED_EDGE('',*,*,#4190,.F.);
#2252=ORIENTED_EDGE('',*,*,#3844,.F.);
#2253=ORIENTED_EDGE('',*,*,#4192,.T.);
#2254=ORIENTED_EDGE('',*,*,#3321,.F.);
#2255=ORIENTED_EDGE('',*,*,#4191,.F.);
#2256=ORIENTED_EDGE('',*,*,#3843,.F.);
#2257=ORIENTED_EDGE('',*,*,#4193,.T.);
#2258=ORIENTED_EDGE('',*,*,#3322,.F.);
#2259=ORIENTED_EDGE('',*,*,#4192,.F.);
#2260=ORIENTED_EDGE('',*,*,#3842,.F.);
#2261=ORIENTED_EDGE('',*,*,#4194,.T.);
#2262=ORIENTED_EDGE('',*,*,#3312,.F.);
#2263=ORIENTED_EDGE('',*,*,#4193,.F.);
#2264=ORIENTED_EDGE('',*,*,#3841,.F.);
#2265=ORIENTED_EDGE('',*,*,#4187,.T.);
#2266=ORIENTED_EDGE('',*,*,#3313,.F.);
#2267=ORIENTED_EDGE('',*,*,#4194,.F.);
#2268=ORIENTED_EDGE('',*,*,#3840,.F.);
#2269=ORIENTED_EDGE('',*,*,#4195,.T.);
#2270=ORIENTED_EDGE('',*,*,#3326,.F.);
#2271=ORIENTED_EDGE('',*,*,#4196,.F.);
#2272=ORIENTED_EDGE('',*,*,#3619,.F.);
#2273=ORIENTED_EDGE('',*,*,#4197,.T.);
#2274=ORIENTED_EDGE('',*,*,#3327,.F.);
#2275=ORIENTED_EDGE('',*,*,#4195,.F.);
#2276=ORIENTED_EDGE('',*,*,#3618,.F.);
#2277=ORIENTED_EDGE('',*,*,#4196,.T.);
#2278=ORIENTED_EDGE('',*,*,#3325,.F.);
#2279=ORIENTED_EDGE('',*,*,#4198,.F.);
#2280=ORIENTED_EDGE('',*,*,#3620,.F.);
#2281=ORIENTED_EDGE('',*,*,#4199,.T.);
#2282=ORIENTED_EDGE('',*,*,#3328,.F.);
#2283=ORIENTED_EDGE('',*,*,#4197,.F.);
#2284=ORIENTED_EDGE('',*,*,#3617,.F.);
#2285=ORIENTED_EDGE('',*,*,#4200,.T.);
#2286=ORIENTED_EDGE('',*,*,#3329,.F.);
#2287=ORIENTED_EDGE('',*,*,#4199,.F.);
#2288=ORIENTED_EDGE('',*,*,#3616,.F.);
#2289=ORIENTED_EDGE('',*,*,#4201,.T.);
#2290=ORIENTED_EDGE('',*,*,#3330,.F.);
#2291=ORIENTED_EDGE('',*,*,#4200,.F.);
#2292=ORIENTED_EDGE('',*,*,#3615,.F.);
#2293=ORIENTED_EDGE('',*,*,#4202,.T.);
#2294=ORIENTED_EDGE('',*,*,#3331,.F.);
#2295=ORIENTED_EDGE('',*,*,#4201,.F.);
#2296=ORIENTED_EDGE('',*,*,#3614,.F.);
#2297=ORIENTED_EDGE('',*,*,#4203,.T.);
#2298=ORIENTED_EDGE('',*,*,#3332,.F.);
#2299=ORIENTED_EDGE('',*,*,#4202,.F.);
#2300=ORIENTED_EDGE('',*,*,#3613,.F.);
#2301=ORIENTED_EDGE('',*,*,#4204,.T.);
#2302=ORIENTED_EDGE('',*,*,#3333,.F.);
#2303=ORIENTED_EDGE('',*,*,#4203,.F.);
#2304=ORIENTED_EDGE('',*,*,#3612,.F.);
#2305=ORIENTED_EDGE('',*,*,#4205,.T.);
#2306=ORIENTED_EDGE('',*,*,#3334,.F.);
#2307=ORIENTED_EDGE('',*,*,#4204,.F.);
#2308=ORIENTED_EDGE('',*,*,#3611,.F.);
#2309=ORIENTED_EDGE('',*,*,#4206,.T.);
#2310=ORIENTED_EDGE('',*,*,#3335,.F.);
#2311=ORIENTED_EDGE('',*,*,#4205,.F.);
#2312=ORIENTED_EDGE('',*,*,#3610,.F.);
#2313=ORIENTED_EDGE('',*,*,#4207,.T.);
#2314=ORIENTED_EDGE('',*,*,#3336,.F.);
#2315=ORIENTED_EDGE('',*,*,#4206,.F.);
#2316=ORIENTED_EDGE('',*,*,#3609,.F.);
#2317=ORIENTED_EDGE('',*,*,#4208,.T.);
#2318=ORIENTED_EDGE('',*,*,#3323,.F.);
#2319=ORIENTED_EDGE('',*,*,#4207,.F.);
#2320=ORIENTED_EDGE('',*,*,#3608,.F.);
#2321=ORIENTED_EDGE('',*,*,#4198,.T.);
#2322=ORIENTED_EDGE('',*,*,#3324,.F.);
#2323=ORIENTED_EDGE('',*,*,#4208,.F.);
#2324=ORIENTED_EDGE('',*,*,#3607,.F.);
#2325=ORIENTED_EDGE('',*,*,#4209,.T.);
#2326=ORIENTED_EDGE('',*,*,#3340,.F.);
#2327=ORIENTED_EDGE('',*,*,#4210,.F.);
#2328=ORIENTED_EDGE('',*,*,#3861,.F.);
#2329=ORIENTED_EDGE('',*,*,#4211,.T.);
#2330=ORIENTED_EDGE('',*,*,#3341,.F.);
#2331=ORIENTED_EDGE('',*,*,#4209,.F.);
#2332=ORIENTED_EDGE('',*,*,#3860,.F.);
#2333=ORIENTED_EDGE('',*,*,#4210,.T.);
#2334=ORIENTED_EDGE('',*,*,#3339,.F.);
#2335=ORIENTED_EDGE('',*,*,#4212,.F.);
#2336=ORIENTED_EDGE('',*,*,#3862,.F.);
#2337=ORIENTED_EDGE('',*,*,#4213,.T.);
#2338=ORIENTED_EDGE('',*,*,#3342,.F.);
#2339=ORIENTED_EDGE('',*,*,#4211,.F.);
#2340=ORIENTED_EDGE('',*,*,#3859,.F.);
#2341=ORIENTED_EDGE('',*,*,#4214,.T.);
#2342=ORIENTED_EDGE('',*,*,#3343,.F.);
#2343=ORIENTED_EDGE('',*,*,#4213,.F.);
#2344=ORIENTED_EDGE('',*,*,#3858,.F.);
#2345=ORIENTED_EDGE('',*,*,#4215,.T.);
#2346=ORIENTED_EDGE('',*,*,#3344,.F.);
#2347=ORIENTED_EDGE('',*,*,#4214,.F.);
#2348=ORIENTED_EDGE('',*,*,#3857,.F.);
#2349=ORIENTED_EDGE('',*,*,#4216,.T.);
#2350=ORIENTED_EDGE('',*,*,#3345,.F.);
#2351=ORIENTED_EDGE('',*,*,#4215,.F.);
#2352=ORIENTED_EDGE('',*,*,#3856,.F.);
#2353=ORIENTED_EDGE('',*,*,#4217,.T.);
#2354=ORIENTED_EDGE('',*,*,#3346,.F.);
#2355=ORIENTED_EDGE('',*,*,#4216,.F.);
#2356=ORIENTED_EDGE('',*,*,#3855,.F.);
#2357=ORIENTED_EDGE('',*,*,#4218,.T.);
#2358=ORIENTED_EDGE('',*,*,#3347,.F.);
#2359=ORIENTED_EDGE('',*,*,#4217,.F.);
#2360=ORIENTED_EDGE('',*,*,#3854,.F.);
#2361=ORIENTED_EDGE('',*,*,#4219,.T.);
#2362=ORIENTED_EDGE('',*,*,#3348,.F.);
#2363=ORIENTED_EDGE('',*,*,#4218,.F.);
#2364=ORIENTED_EDGE('',*,*,#3853,.F.);
#2365=ORIENTED_EDGE('',*,*,#4220,.T.);
#2366=ORIENTED_EDGE('',*,*,#3337,.F.);
#2367=ORIENTED_EDGE('',*,*,#4219,.F.);
#2368=ORIENTED_EDGE('',*,*,#3852,.F.);
#2369=ORIENTED_EDGE('',*,*,#4212,.T.);
#2370=ORIENTED_EDGE('',*,*,#3338,.F.);
#2371=ORIENTED_EDGE('',*,*,#4220,.F.);
#2372=ORIENTED_EDGE('',*,*,#3851,.F.);
#2373=ORIENTED_EDGE('',*,*,#4221,.T.);
#2374=ORIENTED_EDGE('',*,*,#3352,.F.);
#2375=ORIENTED_EDGE('',*,*,#4222,.F.);
#2376=ORIENTED_EDGE('',*,*,#3605,.F.);
#2377=ORIENTED_EDGE('',*,*,#4223,.T.);
#2378=ORIENTED_EDGE('',*,*,#3353,.F.);
#2379=ORIENTED_EDGE('',*,*,#4221,.F.);
#2380=ORIENTED_EDGE('',*,*,#3604,.F.);
#2381=ORIENTED_EDGE('',*,*,#4222,.T.);
#2382=ORIENTED_EDGE('',*,*,#3351,.F.);
#2383=ORIENTED_EDGE('',*,*,#4224,.F.);
#2384=ORIENTED_EDGE('',*,*,#3606,.F.);
#2385=ORIENTED_EDGE('',*,*,#4225,.T.);
#2386=ORIENTED_EDGE('',*,*,#3354,.F.);
#2387=ORIENTED_EDGE('',*,*,#4223,.F.);
#2388=ORIENTED_EDGE('',*,*,#3603,.F.);
#2389=ORIENTED_EDGE('',*,*,#4226,.T.);
#2390=ORIENTED_EDGE('',*,*,#3355,.F.);
#2391=ORIENTED_EDGE('',*,*,#4225,.F.);
#2392=ORIENTED_EDGE('',*,*,#3602,.F.);
#2393=ORIENTED_EDGE('',*,*,#4227,.T.);
#2394=ORIENTED_EDGE('',*,*,#3349,.F.);
#2395=ORIENTED_EDGE('',*,*,#4226,.F.);
#2396=ORIENTED_EDGE('',*,*,#3601,.F.);
#2397=ORIENTED_EDGE('',*,*,#4224,.T.);
#2398=ORIENTED_EDGE('',*,*,#3350,.F.);
#2399=ORIENTED_EDGE('',*,*,#4227,.F.);
#2400=ORIENTED_EDGE('',*,*,#3600,.F.);
#2401=ORIENTED_EDGE('',*,*,#4228,.T.);
#2402=ORIENTED_EDGE('',*,*,#3359,.F.);
#2403=ORIENTED_EDGE('',*,*,#4229,.F.);
#2404=ORIENTED_EDGE('',*,*,#3865,.F.);
#2405=ORIENTED_EDGE('',*,*,#4230,.T.);
#2406=ORIENTED_EDGE('',*,*,#3356,.F.);
#2407=ORIENTED_EDGE('',*,*,#4228,.F.);
#2408=ORIENTED_EDGE('',*,*,#3864,.F.);
#2409=ORIENTED_EDGE('',*,*,#4229,.T.);
#2410=ORIENTED_EDGE('',*,*,#3358,.F.);
#2411=ORIENTED_EDGE('',*,*,#4231,.F.);
#2412=ORIENTED_EDGE('',*,*,#3866,.F.);
#2413=ORIENTED_EDGE('',*,*,#4231,.T.);
#2414=ORIENTED_EDGE('',*,*,#3357,.F.);
#2415=ORIENTED_EDGE('',*,*,#4230,.F.);
#2416=ORIENTED_EDGE('',*,*,#3863,.F.);
#2417=ORIENTED_EDGE('',*,*,#4232,.T.);
#2418=ORIENTED_EDGE('',*,*,#3363,.F.);
#2419=ORIENTED_EDGE('',*,*,#4233,.F.);
#2420=ORIENTED_EDGE('',*,*,#3598,.F.);
#2421=ORIENTED_EDGE('',*,*,#4234,.T.);
#2422=ORIENTED_EDGE('',*,*,#3364,.F.);
#2423=ORIENTED_EDGE('',*,*,#4232,.F.);
#2424=ORIENTED_EDGE('',*,*,#3597,.F.);
#2425=ORIENTED_EDGE('',*,*,#4233,.T.);
#2426=ORIENTED_EDGE('',*,*,#3362,.F.);
#2427=ORIENTED_EDGE('',*,*,#4235,.F.);
#2428=ORIENTED_EDGE('',*,*,#3599,.F.);
#2429=ORIENTED_EDGE('',*,*,#4236,.T.);
#2430=ORIENTED_EDGE('',*,*,#3365,.F.);
#2431=ORIENTED_EDGE('',*,*,#4234,.F.);
#2432=ORIENTED_EDGE('',*,*,#3596,.F.);
#2433=ORIENTED_EDGE('',*,*,#4237,.T.);
#2434=ORIENTED_EDGE('',*,*,#3360,.F.);
#2435=ORIENTED_EDGE('',*,*,#4236,.F.);
#2436=ORIENTED_EDGE('',*,*,#3595,.F.);
#2437=ORIENTED_EDGE('',*,*,#4235,.T.);
#2438=ORIENTED_EDGE('',*,*,#3361,.F.);
#2439=ORIENTED_EDGE('',*,*,#4237,.F.);
#2440=ORIENTED_EDGE('',*,*,#3594,.F.);
#2441=ORIENTED_EDGE('',*,*,#4238,.T.);
#2442=ORIENTED_EDGE('',*,*,#3369,.F.);
#2443=ORIENTED_EDGE('',*,*,#4239,.F.);
#2444=ORIENTED_EDGE('',*,*,#3887,.F.);
#2445=ORIENTED_EDGE('',*,*,#4240,.T.);
#2446=ORIENTED_EDGE('',*,*,#3370,.F.);
#2447=ORIENTED_EDGE('',*,*,#4238,.F.);
#2448=ORIENTED_EDGE('',*,*,#3886,.F.);
#2449=ORIENTED_EDGE('',*,*,#4239,.T.);
#2450=ORIENTED_EDGE('',*,*,#3368,.F.);
#2451=ORIENTED_EDGE('',*,*,#4241,.F.);
#2452=ORIENTED_EDGE('',*,*,#3888,.F.);
#2453=ORIENTED_EDGE('',*,*,#4242,.T.);
#2454=ORIENTED_EDGE('',*,*,#3371,.F.);
#2455=ORIENTED_EDGE('',*,*,#4240,.F.);
#2456=ORIENTED_EDGE('',*,*,#3885,.F.);
#2457=ORIENTED_EDGE('',*,*,#4243,.T.);
#2458=ORIENTED_EDGE('',*,*,#3372,.F.);
#2459=ORIENTED_EDGE('',*,*,#4242,.F.);
#2460=ORIENTED_EDGE('',*,*,#3884,.F.);
#2461=ORIENTED_EDGE('',*,*,#4244,.T.);
#2462=ORIENTED_EDGE('',*,*,#3373,.F.);
#2463=ORIENTED_EDGE('',*,*,#4243,.F.);
#2464=ORIENTED_EDGE('',*,*,#3883,.F.);
#2465=ORIENTED_EDGE('',*,*,#4245,.T.);
#2466=ORIENTED_EDGE('',*,*,#3374,.F.);
#2467=ORIENTED_EDGE('',*,*,#4244,.F.);
#2468=ORIENTED_EDGE('',*,*,#3882,.F.);
#2469=ORIENTED_EDGE('',*,*,#4246,.T.);
#2470=ORIENTED_EDGE('',*,*,#3375,.F.);
#2471=ORIENTED_EDGE('',*,*,#4245,.F.);
#2472=ORIENTED_EDGE('',*,*,#3881,.F.);
#2473=ORIENTED_EDGE('',*,*,#4247,.T.);
#2474=ORIENTED_EDGE('',*,*,#3376,.F.);
#2475=ORIENTED_EDGE('',*,*,#4246,.F.);
#2476=ORIENTED_EDGE('',*,*,#3880,.F.);
#2477=ORIENTED_EDGE('',*,*,#4248,.T.);
#2478=ORIENTED_EDGE('',*,*,#3377,.F.);
#2479=ORIENTED_EDGE('',*,*,#4247,.F.);
#2480=ORIENTED_EDGE('',*,*,#3879,.F.);
#2481=ORIENTED_EDGE('',*,*,#4249,.T.);
#2482=ORIENTED_EDGE('',*,*,#3378,.F.);
#2483=ORIENTED_EDGE('',*,*,#4248,.F.);
#2484=ORIENTED_EDGE('',*,*,#3878,.F.);
#2485=ORIENTED_EDGE('',*,*,#4250,.T.);
#2486=ORIENTED_EDGE('',*,*,#3379,.F.);
#2487=ORIENTED_EDGE('',*,*,#4249,.F.);
#2488=ORIENTED_EDGE('',*,*,#3877,.F.);
#2489=ORIENTED_EDGE('',*,*,#4251,.T.);
#2490=ORIENTED_EDGE('',*,*,#3380,.F.);
#2491=ORIENTED_EDGE('',*,*,#4250,.F.);
#2492=ORIENTED_EDGE('',*,*,#3876,.F.);
#2493=ORIENTED_EDGE('',*,*,#4252,.T.);
#2494=ORIENTED_EDGE('',*,*,#3381,.F.);
#2495=ORIENTED_EDGE('',*,*,#4251,.F.);
#2496=ORIENTED_EDGE('',*,*,#3875,.F.);
#2497=ORIENTED_EDGE('',*,*,#4253,.T.);
#2498=ORIENTED_EDGE('',*,*,#3382,.F.);
#2499=ORIENTED_EDGE('',*,*,#4252,.F.);
#2500=ORIENTED_EDGE('',*,*,#3874,.F.);
#2501=ORIENTED_EDGE('',*,*,#4254,.T.);
#2502=ORIENTED_EDGE('',*,*,#3383,.F.);
#2503=ORIENTED_EDGE('',*,*,#4253,.F.);
#2504=ORIENTED_EDGE('',*,*,#3873,.F.);
#2505=ORIENTED_EDGE('',*,*,#4255,.T.);
#2506=ORIENTED_EDGE('',*,*,#3384,.F.);
#2507=ORIENTED_EDGE('',*,*,#4254,.F.);
#2508=ORIENTED_EDGE('',*,*,#3872,.F.);
#2509=ORIENTED_EDGE('',*,*,#4256,.T.);
#2510=ORIENTED_EDGE('',*,*,#3385,.F.);
#2511=ORIENTED_EDGE('',*,*,#4255,.F.);
#2512=ORIENTED_EDGE('',*,*,#3871,.F.);
#2513=ORIENTED_EDGE('',*,*,#4257,.T.);
#2514=ORIENTED_EDGE('',*,*,#3386,.F.);
#2515=ORIENTED_EDGE('',*,*,#4256,.F.);
#2516=ORIENTED_EDGE('',*,*,#3870,.F.);
#2517=ORIENTED_EDGE('',*,*,#4258,.T.);
#2518=ORIENTED_EDGE('',*,*,#3387,.F.);
#2519=ORIENTED_EDGE('',*,*,#4257,.F.);
#2520=ORIENTED_EDGE('',*,*,#3869,.F.);
#2521=ORIENTED_EDGE('',*,*,#4259,.T.);
#2522=ORIENTED_EDGE('',*,*,#3366,.F.);
#2523=ORIENTED_EDGE('',*,*,#4258,.F.);
#2524=ORIENTED_EDGE('',*,*,#3868,.F.);
#2525=ORIENTED_EDGE('',*,*,#4241,.T.);
#2526=ORIENTED_EDGE('',*,*,#3367,.F.);
#2527=ORIENTED_EDGE('',*,*,#4259,.F.);
#2528=ORIENTED_EDGE('',*,*,#3867,.F.);
#2529=ORIENTED_EDGE('',*,*,#4260,.T.);
#2530=ORIENTED_EDGE('',*,*,#3391,.F.);
#2531=ORIENTED_EDGE('',*,*,#4261,.F.);
#2532=ORIENTED_EDGE('',*,*,#3592,.F.);
#2533=ORIENTED_EDGE('',*,*,#4262,.T.);
#2534=ORIENTED_EDGE('',*,*,#3392,.F.);
#2535=ORIENTED_EDGE('',*,*,#4260,.F.);
#2536=ORIENTED_EDGE('',*,*,#3591,.F.);
#2537=ORIENTED_EDGE('',*,*,#4261,.T.);
#2538=ORIENTED_EDGE('',*,*,#3390,.F.);
#2539=ORIENTED_EDGE('',*,*,#4263,.F.);
#2540=ORIENTED_EDGE('',*,*,#3593,.F.);
#2541=ORIENTED_EDGE('',*,*,#4264,.T.);
#2542=ORIENTED_EDGE('',*,*,#3393,.F.);
#2543=ORIENTED_EDGE('',*,*,#4262,.F.);
#2544=ORIENTED_EDGE('',*,*,#3590,.F.);
#2545=ORIENTED_EDGE('',*,*,#4265,.T.);
#2546=ORIENTED_EDGE('',*,*,#3394,.F.);
#2547=ORIENTED_EDGE('',*,*,#4264,.F.);
#2548=ORIENTED_EDGE('',*,*,#3589,.F.);
#2549=ORIENTED_EDGE('',*,*,#4266,.T.);
#2550=ORIENTED_EDGE('',*,*,#3395,.F.);
#2551=ORIENTED_EDGE('',*,*,#4265,.F.);
#2552=ORIENTED_EDGE('',*,*,#3588,.F.);
#2553=ORIENTED_EDGE('',*,*,#4267,.T.);
#2554=ORIENTED_EDGE('',*,*,#3388,.F.);
#2555=ORIENTED_EDGE('',*,*,#4266,.F.);
#2556=ORIENTED_EDGE('',*,*,#3587,.F.);
#2557=ORIENTED_EDGE('',*,*,#4263,.T.);
#2558=ORIENTED_EDGE('',*,*,#3389,.F.);
#2559=ORIENTED_EDGE('',*,*,#4267,.F.);
#2560=ORIENTED_EDGE('',*,*,#3586,.F.);
#2561=ORIENTED_EDGE('',*,*,#4268,.T.);
#2562=ORIENTED_EDGE('',*,*,#3399,.F.);
#2563=ORIENTED_EDGE('',*,*,#4269,.F.);
#2564=ORIENTED_EDGE('',*,*,#3891,.F.);
#2565=ORIENTED_EDGE('',*,*,#4270,.T.);
#2566=ORIENTED_EDGE('',*,*,#3396,.F.);
#2567=ORIENTED_EDGE('',*,*,#4268,.F.);
#2568=ORIENTED_EDGE('',*,*,#3890,.F.);
#2569=ORIENTED_EDGE('',*,*,#4269,.T.);
#2570=ORIENTED_EDGE('',*,*,#3398,.F.);
#2571=ORIENTED_EDGE('',*,*,#4271,.F.);
#2572=ORIENTED_EDGE('',*,*,#3892,.F.);
#2573=ORIENTED_EDGE('',*,*,#4271,.T.);
#2574=ORIENTED_EDGE('',*,*,#3397,.F.);
#2575=ORIENTED_EDGE('',*,*,#4270,.F.);
#2576=ORIENTED_EDGE('',*,*,#3889,.F.);
#2577=ORIENTED_EDGE('',*,*,#4272,.T.);
#2578=ORIENTED_EDGE('',*,*,#3403,.F.);
#2579=ORIENTED_EDGE('',*,*,#4273,.F.);
#2580=ORIENTED_EDGE('',*,*,#3584,.F.);
#2581=ORIENTED_EDGE('',*,*,#4274,.T.);
#2582=ORIENTED_EDGE('',*,*,#3404,.F.);
#2583=ORIENTED_EDGE('',*,*,#4272,.F.);
#2584=ORIENTED_EDGE('',*,*,#3583,.F.);
#2585=ORIENTED_EDGE('',*,*,#4273,.T.);
#2586=ORIENTED_EDGE('',*,*,#3402,.F.);
#2587=ORIENTED_EDGE('',*,*,#4275,.F.);
#2588=ORIENTED_EDGE('',*,*,#3585,.F.);
#2589=ORIENTED_EDGE('',*,*,#4276,.T.);
#2590=ORIENTED_EDGE('',*,*,#3405,.F.);
#2591=ORIENTED_EDGE('',*,*,#4274,.F.);
#2592=ORIENTED_EDGE('',*,*,#3582,.F.);
#2593=ORIENTED_EDGE('',*,*,#4277,.T.);
#2594=ORIENTED_EDGE('',*,*,#3406,.F.);
#2595=ORIENTED_EDGE('',*,*,#4276,.F.);
#2596=ORIENTED_EDGE('',*,*,#3581,.F.);
#2597=ORIENTED_EDGE('',*,*,#4278,.T.);
#2598=ORIENTED_EDGE('',*,*,#3400,.F.);
#2599=ORIENTED_EDGE('',*,*,#4277,.F.);
#2600=ORIENTED_EDGE('',*,*,#3580,.F.);
#2601=ORIENTED_EDGE('',*,*,#4275,.T.);
#2602=ORIENTED_EDGE('',*,*,#3401,.F.);
#2603=ORIENTED_EDGE('',*,*,#4278,.F.);
#2604=ORIENTED_EDGE('',*,*,#3579,.F.);
#2605=ORIENTED_EDGE('',*,*,#4279,.T.);
#2606=ORIENTED_EDGE('',*,*,#3410,.F.);
#2607=ORIENTED_EDGE('',*,*,#4280,.F.);
#2608=ORIENTED_EDGE('',*,*,#3895,.F.);
#2609=ORIENTED_EDGE('',*,*,#4281,.T.);
#2610=ORIENTED_EDGE('',*,*,#3407,.F.);
#2611=ORIENTED_EDGE('',*,*,#4279,.F.);
#2612=ORIENTED_EDGE('',*,*,#3894,.F.);
#2613=ORIENTED_EDGE('',*,*,#4280,.T.);
#2614=ORIENTED_EDGE('',*,*,#3409,.F.);
#2615=ORIENTED_EDGE('',*,*,#4282,.F.);
#2616=ORIENTED_EDGE('',*,*,#3896,.F.);
#2617=ORIENTED_EDGE('',*,*,#4282,.T.);
#2618=ORIENTED_EDGE('',*,*,#3408,.F.);
#2619=ORIENTED_EDGE('',*,*,#4281,.F.);
#2620=ORIENTED_EDGE('',*,*,#3893,.F.);
#2621=ORIENTED_EDGE('',*,*,#4283,.T.);
#2622=ORIENTED_EDGE('',*,*,#3414,.F.);
#2623=ORIENTED_EDGE('',*,*,#4284,.F.);
#2624=ORIENTED_EDGE('',*,*,#3577,.F.);
#2625=ORIENTED_EDGE('',*,*,#4285,.T.);
#2626=ORIENTED_EDGE('',*,*,#3415,.F.);
#2627=ORIENTED_EDGE('',*,*,#4283,.F.);
#2628=ORIENTED_EDGE('',*,*,#3576,.F.);
#2629=ORIENTED_EDGE('',*,*,#4284,.T.);
#2630=ORIENTED_EDGE('',*,*,#3413,.F.);
#2631=ORIENTED_EDGE('',*,*,#4286,.F.);
#2632=ORIENTED_EDGE('',*,*,#3578,.F.);
#2633=ORIENTED_EDGE('',*,*,#4287,.T.);
#2634=ORIENTED_EDGE('',*,*,#3416,.F.);
#2635=ORIENTED_EDGE('',*,*,#4285,.F.);
#2636=ORIENTED_EDGE('',*,*,#3575,.F.);
#2637=ORIENTED_EDGE('',*,*,#4288,.T.);
#2638=ORIENTED_EDGE('',*,*,#3417,.F.);
#2639=ORIENTED_EDGE('',*,*,#4287,.F.);
#2640=ORIENTED_EDGE('',*,*,#3574,.F.);
#2641=ORIENTED_EDGE('',*,*,#4289,.T.);
#2642=ORIENTED_EDGE('',*,*,#3418,.F.);
#2643=ORIENTED_EDGE('',*,*,#4288,.F.);
#2644=ORIENTED_EDGE('',*,*,#3573,.F.);
#2645=ORIENTED_EDGE('',*,*,#4290,.T.);
#2646=ORIENTED_EDGE('',*,*,#3411,.F.);
#2647=ORIENTED_EDGE('',*,*,#4289,.F.);
#2648=ORIENTED_EDGE('',*,*,#3572,.F.);
#2649=ORIENTED_EDGE('',*,*,#4286,.T.);
#2650=ORIENTED_EDGE('',*,*,#3412,.F.);
#2651=ORIENTED_EDGE('',*,*,#4290,.F.);
#2652=ORIENTED_EDGE('',*,*,#3571,.F.);
#2653=ORIENTED_EDGE('',*,*,#4291,.T.);
#2654=ORIENTED_EDGE('',*,*,#3422,.F.);
#2655=ORIENTED_EDGE('',*,*,#4292,.F.);
#2656=ORIENTED_EDGE('',*,*,#3899,.F.);
#2657=ORIENTED_EDGE('',*,*,#4293,.T.);
#2658=ORIENTED_EDGE('',*,*,#3419,.F.);
#2659=ORIENTED_EDGE('',*,*,#4291,.F.);
#2660=ORIENTED_EDGE('',*,*,#3898,.F.);
#2661=ORIENTED_EDGE('',*,*,#4292,.T.);
#2662=ORIENTED_EDGE('',*,*,#3421,.F.);
#2663=ORIENTED_EDGE('',*,*,#4294,.F.);
#2664=ORIENTED_EDGE('',*,*,#3900,.F.);
#2665=ORIENTED_EDGE('',*,*,#4294,.T.);
#2666=ORIENTED_EDGE('',*,*,#3420,.F.);
#2667=ORIENTED_EDGE('',*,*,#4293,.F.);
#2668=ORIENTED_EDGE('',*,*,#3897,.F.);
#2669=ORIENTED_EDGE('',*,*,#4295,.T.);
#2670=ORIENTED_EDGE('',*,*,#3426,.F.);
#2671=ORIENTED_EDGE('',*,*,#4296,.F.);
#2672=ORIENTED_EDGE('',*,*,#3569,.F.);
#2673=ORIENTED_EDGE('',*,*,#4297,.T.);
#2674=ORIENTED_EDGE('',*,*,#3427,.F.);
#2675=ORIENTED_EDGE('',*,*,#4295,.F.);
#2676=ORIENTED_EDGE('',*,*,#3568,.F.);
#2677=ORIENTED_EDGE('',*,*,#4296,.T.);
#2678=ORIENTED_EDGE('',*,*,#3425,.F.);
#2679=ORIENTED_EDGE('',*,*,#4298,.F.);
#2680=ORIENTED_EDGE('',*,*,#3570,.F.);
#2681=ORIENTED_EDGE('',*,*,#4299,.T.);
#2682=ORIENTED_EDGE('',*,*,#3428,.F.);
#2683=ORIENTED_EDGE('',*,*,#4297,.F.);
#2684=ORIENTED_EDGE('',*,*,#3567,.F.);
#2685=ORIENTED_EDGE('',*,*,#4300,.T.);
#2686=ORIENTED_EDGE('',*,*,#3423,.F.);
#2687=ORIENTED_EDGE('',*,*,#4299,.F.);
#2688=ORIENTED_EDGE('',*,*,#3566,.F.);
#2689=ORIENTED_EDGE('',*,*,#4298,.T.);
#2690=ORIENTED_EDGE('',*,*,#3424,.F.);
#2691=ORIENTED_EDGE('',*,*,#4300,.F.);
#2692=ORIENTED_EDGE('',*,*,#3565,.F.);
#2693=ORIENTED_EDGE('',*,*,#4301,.T.);
#2694=ORIENTED_EDGE('',*,*,#3432,.F.);
#2695=ORIENTED_EDGE('',*,*,#4302,.F.);
#2696=ORIENTED_EDGE('',*,*,#3912,.F.);
#2697=ORIENTED_EDGE('',*,*,#4303,.T.);
#2698=ORIENTED_EDGE('',*,*,#3433,.F.);
#2699=ORIENTED_EDGE('',*,*,#4301,.F.);
#2700=ORIENTED_EDGE('',*,*,#3911,.F.);
#2701=ORIENTED_EDGE('',*,*,#4302,.T.);
#2702=ORIENTED_EDGE('',*,*,#3431,.F.);
#2703=ORIENTED_EDGE('',*,*,#4304,.F.);
#2704=ORIENTED_EDGE('',*,*,#3913,.F.);
#2705=ORIENTED_EDGE('',*,*,#4305,.T.);
#2706=ORIENTED_EDGE('',*,*,#3434,.F.);
#2707=ORIENTED_EDGE('',*,*,#4303,.F.);
#2708=ORIENTED_EDGE('',*,*,#3910,.F.);
#2709=ORIENTED_EDGE('',*,*,#4306,.T.);
#2710=ORIENTED_EDGE('',*,*,#3435,.F.);
#2711=ORIENTED_EDGE('',*,*,#4305,.F.);
#2712=ORIENTED_EDGE('',*,*,#3909,.F.);
#2713=ORIENTED_EDGE('',*,*,#4307,.T.);
#2714=ORIENTED_EDGE('',*,*,#3436,.F.);
#2715=ORIENTED_EDGE('',*,*,#4306,.F.);
#2716=ORIENTED_EDGE('',*,*,#3908,.F.);
#2717=ORIENTED_EDGE('',*,*,#4308,.T.);
#2718=ORIENTED_EDGE('',*,*,#3437,.F.);
#2719=ORIENTED_EDGE('',*,*,#4307,.F.);
#2720=ORIENTED_EDGE('',*,*,#3907,.F.);
#2721=ORIENTED_EDGE('',*,*,#4309,.T.);
#2722=ORIENTED_EDGE('',*,*,#3438,.F.);
#2723=ORIENTED_EDGE('',*,*,#4308,.F.);
#2724=ORIENTED_EDGE('',*,*,#3906,.F.);
#2725=ORIENTED_EDGE('',*,*,#4310,.T.);
#2726=ORIENTED_EDGE('',*,*,#3439,.F.);
#2727=ORIENTED_EDGE('',*,*,#4309,.F.);
#2728=ORIENTED_EDGE('',*,*,#3905,.F.);
#2729=ORIENTED_EDGE('',*,*,#4311,.T.);
#2730=ORIENTED_EDGE('',*,*,#3440,.F.);
#2731=ORIENTED_EDGE('',*,*,#4310,.F.);
#2732=ORIENTED_EDGE('',*,*,#3904,.F.);
#2733=ORIENTED_EDGE('',*,*,#4312,.T.);
#2734=ORIENTED_EDGE('',*,*,#3441,.F.);
#2735=ORIENTED_EDGE('',*,*,#4311,.F.);
#2736=ORIENTED_EDGE('',*,*,#3903,.F.);
#2737=ORIENTED_EDGE('',*,*,#4313,.T.);
#2738=ORIENTED_EDGE('',*,*,#3429,.F.);
#2739=ORIENTED_EDGE('',*,*,#4312,.F.);
#2740=ORIENTED_EDGE('',*,*,#3902,.F.);
#2741=ORIENTED_EDGE('',*,*,#4304,.T.);
#2742=ORIENTED_EDGE('',*,*,#3430,.F.);
#2743=ORIENTED_EDGE('',*,*,#4313,.F.);
#2744=ORIENTED_EDGE('',*,*,#3901,.F.);
#2745=ORIENTED_EDGE('',*,*,#4314,.T.);
#2746=ORIENTED_EDGE('',*,*,#3445,.F.);
#2747=ORIENTED_EDGE('',*,*,#4315,.F.);
#2748=ORIENTED_EDGE('',*,*,#3563,.F.);
#2749=ORIENTED_EDGE('',*,*,#4316,.T.);
#2750=ORIENTED_EDGE('',*,*,#3446,.F.);
#2751=ORIENTED_EDGE('',*,*,#4314,.F.);
#2752=ORIENTED_EDGE('',*,*,#3562,.F.);
#2753=ORIENTED_EDGE('',*,*,#4315,.T.);
#2754=ORIENTED_EDGE('',*,*,#3444,.F.);
#2755=ORIENTED_EDGE('',*,*,#4317,.F.);
#2756=ORIENTED_EDGE('',*,*,#3564,.F.);
#2757=ORIENTED_EDGE('',*,*,#4318,.T.);
#2758=ORIENTED_EDGE('',*,*,#3447,.F.);
#2759=ORIENTED_EDGE('',*,*,#4316,.F.);
#2760=ORIENTED_EDGE('',*,*,#3561,.F.);
#2761=ORIENTED_EDGE('',*,*,#4319,.T.);
#2762=ORIENTED_EDGE('',*,*,#3448,.F.);
#2763=ORIENTED_EDGE('',*,*,#4318,.F.);
#2764=ORIENTED_EDGE('',*,*,#3560,.F.);
#2765=ORIENTED_EDGE('',*,*,#4320,.T.);
#2766=ORIENTED_EDGE('',*,*,#3449,.F.);
#2767=ORIENTED_EDGE('',*,*,#4319,.F.);
#2768=ORIENTED_EDGE('',*,*,#3559,.F.);
#2769=ORIENTED_EDGE('',*,*,#4321,.T.);
#2770=ORIENTED_EDGE('',*,*,#3442,.F.);
#2771=ORIENTED_EDGE('',*,*,#4320,.F.);
#2772=ORIENTED_EDGE('',*,*,#3558,.F.);
#2773=ORIENTED_EDGE('',*,*,#4317,.T.);
#2774=ORIENTED_EDGE('',*,*,#3443,.F.);
#2775=ORIENTED_EDGE('',*,*,#4321,.F.);
#2776=ORIENTED_EDGE('',*,*,#3557,.F.);
#2777=ORIENTED_EDGE('',*,*,#4322,.T.);
#2778=ORIENTED_EDGE('',*,*,#3453,.F.);
#2779=ORIENTED_EDGE('',*,*,#4323,.F.);
#2780=ORIENTED_EDGE('',*,*,#3920,.F.);
#2781=ORIENTED_EDGE('',*,*,#4324,.T.);
#2782=ORIENTED_EDGE('',*,*,#3454,.F.);
#2783=ORIENTED_EDGE('',*,*,#4322,.F.);
#2784=ORIENTED_EDGE('',*,*,#3919,.F.);
#2785=ORIENTED_EDGE('',*,*,#4323,.T.);
#2786=ORIENTED_EDGE('',*,*,#3452,.F.);
#2787=ORIENTED_EDGE('',*,*,#4325,.F.);
#2788=ORIENTED_EDGE('',*,*,#3921,.F.);
#2789=ORIENTED_EDGE('',*,*,#4326,.T.);
#2790=ORIENTED_EDGE('',*,*,#3455,.F.);
#2791=ORIENTED_EDGE('',*,*,#4324,.F.);
#2792=ORIENTED_EDGE('',*,*,#3918,.F.);
#2793=ORIENTED_EDGE('',*,*,#4327,.T.);
#2794=ORIENTED_EDGE('',*,*,#3456,.F.);
#2795=ORIENTED_EDGE('',*,*,#4326,.F.);
#2796=ORIENTED_EDGE('',*,*,#3917,.F.);
#2797=ORIENTED_EDGE('',*,*,#4328,.T.);
#2798=ORIENTED_EDGE('',*,*,#3457,.F.);
#2799=ORIENTED_EDGE('',*,*,#4327,.F.);
#2800=ORIENTED_EDGE('',*,*,#3916,.F.);
#2801=ORIENTED_EDGE('',*,*,#4329,.T.);
#2802=ORIENTED_EDGE('',*,*,#3450,.F.);
#2803=ORIENTED_EDGE('',*,*,#4328,.F.);
#2804=ORIENTED_EDGE('',*,*,#3915,.F.);
#2805=ORIENTED_EDGE('',*,*,#4325,.T.);
#2806=ORIENTED_EDGE('',*,*,#3451,.F.);
#2807=ORIENTED_EDGE('',*,*,#4329,.F.);
#2808=ORIENTED_EDGE('',*,*,#3914,.F.);
#2809=ORIENTED_EDGE('',*,*,#4330,.T.);
#2810=ORIENTED_EDGE('',*,*,#3461,.F.);
#2811=ORIENTED_EDGE('',*,*,#4331,.F.);
#2812=ORIENTED_EDGE('',*,*,#3555,.F.);
#2813=ORIENTED_EDGE('',*,*,#4332,.T.);
#2814=ORIENTED_EDGE('',*,*,#3462,.F.);
#2815=ORIENTED_EDGE('',*,*,#4330,.F.);
#2816=ORIENTED_EDGE('',*,*,#3554,.F.);
#2817=ORIENTED_EDGE('',*,*,#4331,.T.);
#2818=ORIENTED_EDGE('',*,*,#3460,.F.);
#2819=ORIENTED_EDGE('',*,*,#4333,.F.);
#2820=ORIENTED_EDGE('',*,*,#3556,.F.);
#2821=ORIENTED_EDGE('',*,*,#4334,.T.);
#2822=ORIENTED_EDGE('',*,*,#3463,.F.);
#2823=ORIENTED_EDGE('',*,*,#4332,.F.);
#2824=ORIENTED_EDGE('',*,*,#3553,.F.);
#2825=ORIENTED_EDGE('',*,*,#4335,.T.);
#2826=ORIENTED_EDGE('',*,*,#3464,.F.);
#2827=ORIENTED_EDGE('',*,*,#4334,.F.);
#2828=ORIENTED_EDGE('',*,*,#3552,.F.);
#2829=ORIENTED_EDGE('',*,*,#4336,.T.);
#2830=ORIENTED_EDGE('',*,*,#3465,.F.);
#2831=ORIENTED_EDGE('',*,*,#4335,.F.);
#2832=ORIENTED_EDGE('',*,*,#3551,.F.);
#2833=ORIENTED_EDGE('',*,*,#4337,.T.);
#2834=ORIENTED_EDGE('',*,*,#3458,.F.);
#2835=ORIENTED_EDGE('',*,*,#4336,.F.);
#2836=ORIENTED_EDGE('',*,*,#3550,.F.);
#2837=ORIENTED_EDGE('',*,*,#4333,.T.);
#2838=ORIENTED_EDGE('',*,*,#3459,.F.);
#2839=ORIENTED_EDGE('',*,*,#4337,.F.);
#2840=ORIENTED_EDGE('',*,*,#3549,.F.);
#2841=ORIENTED_EDGE('',*,*,#4338,.T.);
#2842=ORIENTED_EDGE('',*,*,#3469,.F.);
#2843=ORIENTED_EDGE('',*,*,#4339,.F.);
#2844=ORIENTED_EDGE('',*,*,#3924,.F.);
#2845=ORIENTED_EDGE('',*,*,#4340,.T.);
#2846=ORIENTED_EDGE('',*,*,#3466,.F.);
#2847=ORIENTED_EDGE('',*,*,#4338,.F.);
#2848=ORIENTED_EDGE('',*,*,#3923,.F.);
#2849=ORIENTED_EDGE('',*,*,#4339,.T.);
#2850=ORIENTED_EDGE('',*,*,#3468,.F.);
#2851=ORIENTED_EDGE('',*,*,#4341,.F.);
#2852=ORIENTED_EDGE('',*,*,#3925,.F.);
#2853=ORIENTED_EDGE('',*,*,#4341,.T.);
#2854=ORIENTED_EDGE('',*,*,#3467,.F.);
#2855=ORIENTED_EDGE('',*,*,#4340,.F.);
#2856=ORIENTED_EDGE('',*,*,#3922,.F.);
#2857=ORIENTED_EDGE('',*,*,#4342,.T.);
#2858=ORIENTED_EDGE('',*,*,#3473,.F.);
#2859=ORIENTED_EDGE('',*,*,#4343,.F.);
#2860=ORIENTED_EDGE('',*,*,#3547,.F.);
#2861=ORIENTED_EDGE('',*,*,#4344,.T.);
#2862=ORIENTED_EDGE('',*,*,#3474,.F.);
#2863=ORIENTED_EDGE('',*,*,#4342,.F.);
#2864=ORIENTED_EDGE('',*,*,#3546,.F.);
#2865=ORIENTED_EDGE('',*,*,#4343,.T.);
#2866=ORIENTED_EDGE('',*,*,#3472,.F.);
#2867=ORIENTED_EDGE('',*,*,#4345,.F.);
#2868=ORIENTED_EDGE('',*,*,#3548,.F.);
#2869=ORIENTED_EDGE('',*,*,#4346,.T.);
#2870=ORIENTED_EDGE('',*,*,#3475,.F.);
#2871=ORIENTED_EDGE('',*,*,#4344,.F.);
#2872=ORIENTED_EDGE('',*,*,#3545,.F.);
#2873=ORIENTED_EDGE('',*,*,#4347,.T.);
#2874=ORIENTED_EDGE('',*,*,#3476,.F.);
#2875=ORIENTED_EDGE('',*,*,#4346,.F.);
#2876=ORIENTED_EDGE('',*,*,#3544,.F.);
#2877=ORIENTED_EDGE('',*,*,#4348,.T.);
#2878=ORIENTED_EDGE('',*,*,#3477,.F.);
#2879=ORIENTED_EDGE('',*,*,#4347,.F.);
#2880=ORIENTED_EDGE('',*,*,#3543,.F.);
#2881=ORIENTED_EDGE('',*,*,#4349,.T.);
#2882=ORIENTED_EDGE('',*,*,#3470,.F.);
#2883=ORIENTED_EDGE('',*,*,#4348,.F.);
#2884=ORIENTED_EDGE('',*,*,#3542,.F.);
#2885=ORIENTED_EDGE('',*,*,#4345,.T.);
#2886=ORIENTED_EDGE('',*,*,#3471,.F.);
#2887=ORIENTED_EDGE('',*,*,#4349,.F.);
#2888=ORIENTED_EDGE('',*,*,#3541,.F.);
#2889=ORIENTED_EDGE('',*,*,#4350,.T.);
#2890=ORIENTED_EDGE('',*,*,#3481,.F.);
#2891=ORIENTED_EDGE('',*,*,#4351,.F.);
#2892=ORIENTED_EDGE('',*,*,#3928,.F.);
#2893=ORIENTED_EDGE('',*,*,#4352,.T.);
#2894=ORIENTED_EDGE('',*,*,#3478,.F.);
#2895=ORIENTED_EDGE('',*,*,#4350,.F.);
#2896=ORIENTED_EDGE('',*,*,#3927,.F.);
#2897=ORIENTED_EDGE('',*,*,#4351,.T.);
#2898=ORIENTED_EDGE('',*,*,#3480,.F.);
#2899=ORIENTED_EDGE('',*,*,#4353,.F.);
#2900=ORIENTED_EDGE('',*,*,#3929,.F.);
#2901=ORIENTED_EDGE('',*,*,#4353,.T.);
#2902=ORIENTED_EDGE('',*,*,#3479,.F.);
#2903=ORIENTED_EDGE('',*,*,#4352,.F.);
#2904=ORIENTED_EDGE('',*,*,#3926,.F.);
#2905=ORIENTED_EDGE('',*,*,#4354,.T.);
#2906=ORIENTED_EDGE('',*,*,#3485,.F.);
#2907=ORIENTED_EDGE('',*,*,#4355,.F.);
#2908=ORIENTED_EDGE('',*,*,#3539,.F.);
#2909=ORIENTED_EDGE('',*,*,#4356,.T.);
#2910=ORIENTED_EDGE('',*,*,#3482,.F.);
#2911=ORIENTED_EDGE('',*,*,#4354,.F.);
#2912=ORIENTED_EDGE('',*,*,#3538,.F.);
#2913=ORIENTED_EDGE('',*,*,#4355,.T.);
#2914=ORIENTED_EDGE('',*,*,#3484,.F.);
#2915=ORIENTED_EDGE('',*,*,#4357,.F.);
#2916=ORIENTED_EDGE('',*,*,#3540,.F.);
#2917=ORIENTED_EDGE('',*,*,#4357,.T.);
#2918=ORIENTED_EDGE('',*,*,#3483,.F.);
#2919=ORIENTED_EDGE('',*,*,#4356,.F.);
#2920=ORIENTED_EDGE('',*,*,#3537,.F.);
#2921=ORIENTED_EDGE('',*,*,#4358,.T.);
#2922=ORIENTED_EDGE('',*,*,#3489,.F.);
#2923=ORIENTED_EDGE('',*,*,#4359,.F.);
#2924=ORIENTED_EDGE('',*,*,#3932,.F.);
#2925=ORIENTED_EDGE('',*,*,#4360,.T.);
#2926=ORIENTED_EDGE('',*,*,#3486,.F.);
#2927=ORIENTED_EDGE('',*,*,#4358,.F.);
#2928=ORIENTED_EDGE('',*,*,#3931,.F.);
#2929=ORIENTED_EDGE('',*,*,#4359,.T.);
#2930=ORIENTED_EDGE('',*,*,#3488,.F.);
#2931=ORIENTED_EDGE('',*,*,#4361,.F.);
#2932=ORIENTED_EDGE('',*,*,#3933,.F.);
#2933=ORIENTED_EDGE('',*,*,#4361,.T.);
#2934=ORIENTED_EDGE('',*,*,#3487,.F.);
#2935=ORIENTED_EDGE('',*,*,#4360,.F.);
#2936=ORIENTED_EDGE('',*,*,#3930,.F.);
#2937=ORIENTED_EDGE('',*,*,#4362,.T.);
#2938=ORIENTED_EDGE('',*,*,#3493,.F.);
#2939=ORIENTED_EDGE('',*,*,#4363,.F.);
#2940=ORIENTED_EDGE('',*,*,#3535,.F.);
#2941=ORIENTED_EDGE('',*,*,#4364,.T.);
#2942=ORIENTED_EDGE('',*,*,#3490,.F.);
#2943=ORIENTED_EDGE('',*,*,#4362,.F.);
#2944=ORIENTED_EDGE('',*,*,#3534,.F.);
#2945=ORIENTED_EDGE('',*,*,#4363,.T.);
#2946=ORIENTED_EDGE('',*,*,#3492,.F.);
#2947=ORIENTED_EDGE('',*,*,#4365,.F.);
#2948=ORIENTED_EDGE('',*,*,#3536,.F.);
#2949=ORIENTED_EDGE('',*,*,#4365,.T.);
#2950=ORIENTED_EDGE('',*,*,#3491,.F.);
#2951=ORIENTED_EDGE('',*,*,#4364,.F.);
#2952=ORIENTED_EDGE('',*,*,#3533,.F.);
#2953=ORIENTED_EDGE('',*,*,#4366,.T.);
#2954=ORIENTED_EDGE('',*,*,#3497,.F.);
#2955=ORIENTED_EDGE('',*,*,#4367,.F.);
#2956=ORIENTED_EDGE('',*,*,#3957,.F.);
#2957=ORIENTED_EDGE('',*,*,#4368,.T.);
#2958=ORIENTED_EDGE('',*,*,#3498,.F.);
#2959=ORIENTED_EDGE('',*,*,#4366,.F.);
#2960=ORIENTED_EDGE('',*,*,#3956,.F.);
#2961=ORIENTED_EDGE('',*,*,#4367,.T.);
#2962=ORIENTED_EDGE('',*,*,#3496,.F.);
#2963=ORIENTED_EDGE('',*,*,#4369,.F.);
#2964=ORIENTED_EDGE('',*,*,#3958,.F.);
#2965=ORIENTED_EDGE('',*,*,#4370,.T.);
#2966=ORIENTED_EDGE('',*,*,#3499,.F.);
#2967=ORIENTED_EDGE('',*,*,#4368,.F.);
#2968=ORIENTED_EDGE('',*,*,#3955,.F.);
#2969=ORIENTED_EDGE('',*,*,#4371,.T.);
#2970=ORIENTED_EDGE('',*,*,#3500,.F.);
#2971=ORIENTED_EDGE('',*,*,#4370,.F.);
#2972=ORIENTED_EDGE('',*,*,#3954,.F.);
#2973=ORIENTED_EDGE('',*,*,#4372,.T.);
#2974=ORIENTED_EDGE('',*,*,#3501,.F.);
#2975=ORIENTED_EDGE('',*,*,#4371,.F.);
#2976=ORIENTED_EDGE('',*,*,#3953,.F.);
#2977=ORIENTED_EDGE('',*,*,#4373,.T.);
#2978=ORIENTED_EDGE('',*,*,#3502,.F.);
#2979=ORIENTED_EDGE('',*,*,#4372,.F.);
#2980=ORIENTED_EDGE('',*,*,#3952,.F.);
#2981=ORIENTED_EDGE('',*,*,#4374,.T.);
#2982=ORIENTED_EDGE('',*,*,#3503,.F.);
#2983=ORIENTED_EDGE('',*,*,#4373,.F.);
#2984=ORIENTED_EDGE('',*,*,#3951,.F.);
#2985=ORIENTED_EDGE('',*,*,#4375,.T.);
#2986=ORIENTED_EDGE('',*,*,#3504,.F.);
#2987=ORIENTED_EDGE('',*,*,#4374,.F.);
#2988=ORIENTED_EDGE('',*,*,#3950,.F.);
#2989=ORIENTED_EDGE('',*,*,#4376,.T.);
#2990=ORIENTED_EDGE('',*,*,#3505,.F.);
#2991=ORIENTED_EDGE('',*,*,#4375,.F.);
#2992=ORIENTED_EDGE('',*,*,#3949,.F.);
#2993=ORIENTED_EDGE('',*,*,#4377,.T.);
#2994=ORIENTED_EDGE('',*,*,#3506,.F.);
#2995=ORIENTED_EDGE('',*,*,#4376,.F.);
#2996=ORIENTED_EDGE('',*,*,#3948,.F.);
#2997=ORIENTED_EDGE('',*,*,#4378,.T.);
#2998=ORIENTED_EDGE('',*,*,#3507,.F.);
#2999=ORIENTED_EDGE('',*,*,#4377,.F.);
#3000=ORIENTED_EDGE('',*,*,#3947,.F.);
#3001=ORIENTED_EDGE('',*,*,#4379,.T.);
#3002=ORIENTED_EDGE('',*,*,#3508,.F.);
#3003=ORIENTED_EDGE('',*,*,#4378,.F.);
#3004=ORIENTED_EDGE('',*,*,#3946,.F.);
#3005=ORIENTED_EDGE('',*,*,#4380,.T.);
#3006=ORIENTED_EDGE('',*,*,#3509,.F.);
#3007=ORIENTED_EDGE('',*,*,#4379,.F.);
#3008=ORIENTED_EDGE('',*,*,#3945,.F.);
#3009=ORIENTED_EDGE('',*,*,#4381,.T.);
#3010=ORIENTED_EDGE('',*,*,#3510,.F.);
#3011=ORIENTED_EDGE('',*,*,#4380,.F.);
#3012=ORIENTED_EDGE('',*,*,#3944,.F.);
#3013=ORIENTED_EDGE('',*,*,#4382,.T.);
#3014=ORIENTED_EDGE('',*,*,#3511,.F.);
#3015=ORIENTED_EDGE('',*,*,#4381,.F.);
#3016=ORIENTED_EDGE('',*,*,#3943,.F.);
#3017=ORIENTED_EDGE('',*,*,#4383,.T.);
#3018=ORIENTED_EDGE('',*,*,#3512,.F.);
#3019=ORIENTED_EDGE('',*,*,#4382,.F.);
#3020=ORIENTED_EDGE('',*,*,#3942,.F.);
#3021=ORIENTED_EDGE('',*,*,#4384,.T.);
#3022=ORIENTED_EDGE('',*,*,#3513,.F.);
#3023=ORIENTED_EDGE('',*,*,#4383,.F.);
#3024=ORIENTED_EDGE('',*,*,#3941,.F.);
#3025=ORIENTED_EDGE('',*,*,#4385,.T.);
#3026=ORIENTED_EDGE('',*,*,#3514,.F.);
#3027=ORIENTED_EDGE('',*,*,#4384,.F.);
#3028=ORIENTED_EDGE('',*,*,#3940,.F.);
#3029=ORIENTED_EDGE('',*,*,#4386,.T.);
#3030=ORIENTED_EDGE('',*,*,#3515,.F.);
#3031=ORIENTED_EDGE('',*,*,#4385,.F.);
#3032=ORIENTED_EDGE('',*,*,#3939,.F.);
#3033=ORIENTED_EDGE('',*,*,#4387,.T.);
#3034=ORIENTED_EDGE('',*,*,#3516,.F.);
#3035=ORIENTED_EDGE('',*,*,#4386,.F.);
#3036=ORIENTED_EDGE('',*,*,#3938,.F.);
#3037=ORIENTED_EDGE('',*,*,#4388,.T.);
#3038=ORIENTED_EDGE('',*,*,#3517,.F.);
#3039=ORIENTED_EDGE('',*,*,#4387,.F.);
#3040=ORIENTED_EDGE('',*,*,#3937,.F.);
#3041=ORIENTED_EDGE('',*,*,#4389,.T.);
#3042=ORIENTED_EDGE('',*,*,#3518,.F.);
#3043=ORIENTED_EDGE('',*,*,#4388,.F.);
#3044=ORIENTED_EDGE('',*,*,#3936,.F.);
#3045=ORIENTED_EDGE('',*,*,#4390,.T.);
#3046=ORIENTED_EDGE('',*,*,#3494,.F.);
#3047=ORIENTED_EDGE('',*,*,#4389,.F.);
#3048=ORIENTED_EDGE('',*,*,#3935,.F.);
#3049=ORIENTED_EDGE('',*,*,#4369,.T.);
#3050=ORIENTED_EDGE('',*,*,#3495,.F.);
#3051=ORIENTED_EDGE('',*,*,#4390,.F.);
#3052=ORIENTED_EDGE('',*,*,#3934,.F.);
#3053=ORIENTED_EDGE('',*,*,#4391,.T.);
#3054=ORIENTED_EDGE('',*,*,#3522,.F.);
#3055=ORIENTED_EDGE('',*,*,#4392,.F.);
#3056=ORIENTED_EDGE('',*,*,#3531,.F.);
#3057=ORIENTED_EDGE('',*,*,#4393,.T.);
#3058=ORIENTED_EDGE('',*,*,#3519,.F.);
#3059=ORIENTED_EDGE('',*,*,#4391,.F.);
#3060=ORIENTED_EDGE('',*,*,#3530,.F.);
#3061=ORIENTED_EDGE('',*,*,#4392,.T.);
#3062=ORIENTED_EDGE('',*,*,#3521,.F.);
#3063=ORIENTED_EDGE('',*,*,#4394,.F.);
#3064=ORIENTED_EDGE('',*,*,#3532,.F.);
#3065=ORIENTED_EDGE('',*,*,#4394,.T.);
#3066=ORIENTED_EDGE('',*,*,#3520,.F.);
#3067=ORIENTED_EDGE('',*,*,#4393,.F.);
#3068=ORIENTED_EDGE('',*,*,#3529,.F.);
#3069=ORIENTED_EDGE('',*,*,#4395,.T.);
#3070=ORIENTED_EDGE('',*,*,#3526,.F.);
#3071=ORIENTED_EDGE('',*,*,#4396,.F.);
#3072=ORIENTED_EDGE('',*,*,#3963,.F.);
#3073=ORIENTED_EDGE('',*,*,#4397,.T.);
#3074=ORIENTED_EDGE('',*,*,#3527,.F.);
#3075=ORIENTED_EDGE('',*,*,#4395,.F.);
#3076=ORIENTED_EDGE('',*,*,#3962,.F.);
#3077=ORIENTED_EDGE('',*,*,#4396,.T.);
#3078=ORIENTED_EDGE('',*,*,#3525,.F.);
#3079=ORIENTED_EDGE('',*,*,#4398,.F.);
#3080=ORIENTED_EDGE('',*,*,#3964,.F.);
#3081=ORIENTED_EDGE('',*,*,#4399,.T.);
#3082=ORIENTED_EDGE('',*,*,#3528,.F.);
#3083=ORIENTED_EDGE('',*,*,#4397,.F.);
#3084=ORIENTED_EDGE('',*,*,#3961,.F.);
#3085=ORIENTED_EDGE('',*,*,#4400,.T.);
#3086=ORIENTED_EDGE('',*,*,#3523,.F.);
#3087=ORIENTED_EDGE('',*,*,#4399,.F.);
#3088=ORIENTED_EDGE('',*,*,#3960,.F.);
#3089=ORIENTED_EDGE('',*,*,#4398,.T.);
#3090=ORIENTED_EDGE('',*,*,#3524,.F.);
#3091=ORIENTED_EDGE('',*,*,#4400,.F.);
#3092=ORIENTED_EDGE('',*,*,#3959,.F.);
#3093=EDGE_CURVE('',#4401,#4402,#5273,.T.);
#3094=EDGE_CURVE('',#4403,#4402,#5274,.T.);
#3095=EDGE_CURVE('',#4404,#4403,#5275,.T.);
#3096=EDGE_CURVE('',#4404,#4401,#5276,.T.);
#3097=EDGE_CURVE('',#4405,#4406,#5277,.T.);
#3098=EDGE_CURVE('',#4405,#4407,#5278,.T.);
#3099=EDGE_CURVE('',#4406,#4407,#5279,.T.);
#3100=EDGE_CURVE('',#4408,#4409,#5280,.T.);
#3101=EDGE_CURVE('',#4408,#4410,#5281,.T.);
#3102=EDGE_CURVE('',#4409,#4410,#5282,.T.);
#3103=EDGE_CURVE('',#4411,#4412,#5283,.T.);
#3104=EDGE_CURVE('',#4413,#4412,#5284,.T.);
#3105=EDGE_CURVE('',#4413,#4414,#5285,.T.);
#3106=EDGE_CURVE('',#4411,#4414,#5286,.T.);
#3107=EDGE_CURVE('',#4415,#4416,#5287,.T.);
#3108=EDGE_CURVE('',#4417,#4416,#5288,.T.);
#3109=EDGE_CURVE('',#4417,#4418,#5289,.T.);
#3110=EDGE_CURVE('',#4418,#4415,#5290,.T.);
#3111=EDGE_CURVE('',#4419,#4420,#5291,.T.);
#3112=EDGE_CURVE('',#4419,#4421,#5292,.T.);
#3113=EDGE_CURVE('',#4422,#4421,#5293,.T.);
#3114=EDGE_CURVE('',#4422,#4420,#5294,.T.);
#3115=EDGE_CURVE('',#4423,#4424,#5295,.T.);
#3116=EDGE_CURVE('',#4423,#4425,#5296,.T.);
#3117=EDGE_CURVE('',#4424,#4425,#5297,.T.);
#3118=EDGE_CURVE('',#4426,#4427,#5298,.T.);
#3119=EDGE_CURVE('',#4426,#4428,#5299,.T.);
#3120=EDGE_CURVE('',#4429,#4428,#5300,.T.);
#3121=EDGE_CURVE('',#4429,#4427,#5301,.T.);
#3122=EDGE_CURVE('',#4430,#4431,#5302,.T.);
#3123=EDGE_CURVE('',#4431,#4432,#5303,.T.);
#3124=EDGE_CURVE('',#4430,#4432,#5304,.T.);
#3125=EDGE_CURVE('',#4433,#4434,#5305,.T.);
#3126=EDGE_CURVE('',#4433,#4435,#5306,.T.);
#3127=EDGE_CURVE('',#4436,#4435,#5307,.T.);
#3128=EDGE_CURVE('',#4436,#4434,#5308,.T.);
#3129=EDGE_CURVE('',#4437,#4438,#5309,.T.);
#3130=EDGE_CURVE('',#4438,#4439,#5310,.T.);
#3131=EDGE_CURVE('',#4439,#4440,#5311,.T.);
#3132=EDGE_CURVE('',#4440,#4437,#5312,.T.);
#3133=EDGE_CURVE('',#4441,#4442,#5313,.T.);
#3134=EDGE_CURVE('',#4443,#4442,#5314,.T.);
#3135=EDGE_CURVE('',#4443,#4441,#5315,.T.);
#3136=EDGE_CURVE('',#4444,#4445,#5316,.T.);
#3137=EDGE_CURVE('',#4444,#4446,#5317,.T.);
#3138=EDGE_CURVE('',#4447,#4446,#5318,.T.);
#3139=EDGE_CURVE('',#4447,#4445,#5319,.T.);
#3140=EDGE_CURVE('',#4448,#4449,#5320,.T.);
#3141=EDGE_CURVE('',#4448,#4450,#5321,.T.);
#3142=EDGE_CURVE('',#4450,#4449,#5322,.T.);
#3143=EDGE_CURVE('',#4451,#4452,#5323,.T.);
#3144=EDGE_CURVE('',#4451,#4453,#5324,.T.);
#3145=EDGE_CURVE('',#4452,#4453,#5325,.T.);
#3146=EDGE_CURVE('',#4454,#4455,#5326,.T.);
#3147=EDGE_CURVE('',#4455,#4456,#5327,.T.);
#3148=EDGE_CURVE('',#4457,#4456,#5328,.T.);
#3149=EDGE_CURVE('',#4457,#4454,#5329,.T.);
#3150=EDGE_CURVE('',#4458,#4459,#5330,.T.);
#3151=EDGE_CURVE('',#4458,#4460,#5331,.T.);
#3152=EDGE_CURVE('',#4459,#4460,#5332,.T.);
#3153=EDGE_CURVE('',#4461,#4462,#5333,.T.);
#3154=EDGE_CURVE('',#4462,#4463,#5334,.T.);
#3155=EDGE_CURVE('',#4461,#4463,#5335,.T.);
#3156=EDGE_CURVE('',#4464,#4465,#5336,.T.);
#3157=EDGE_CURVE('',#4465,#4466,#5337,.T.);
#3158=EDGE_CURVE('',#4466,#4464,#5338,.T.);
#3159=EDGE_CURVE('',#4467,#4468,#5339,.T.);
#3160=EDGE_CURVE('',#4469,#4467,#5340,.T.);
#3161=EDGE_CURVE('',#4469,#4470,#5341,.T.);
#3162=EDGE_CURVE('',#4468,#4470,#5342,.T.);
#3163=EDGE_CURVE('',#4471,#4472,#5343,.T.);
#3164=EDGE_CURVE('',#4471,#4473,#5344,.T.);
#3165=EDGE_CURVE('',#4474,#4473,#5345,.T.);
#3166=EDGE_CURVE('',#4474,#4472,#5346,.T.);
#3167=EDGE_CURVE('',#4475,#4476,#5347,.T.);
#3168=EDGE_CURVE('',#4476,#4477,#5348,.T.);
#3169=EDGE_CURVE('',#4477,#4478,#5349,.T.);
#3170=EDGE_CURVE('',#4478,#4475,#5350,.T.);
#3171=EDGE_CURVE('',#4479,#4480,#5351,.T.);
#3172=EDGE_CURVE('',#4480,#4481,#5352,.T.);
#3173=EDGE_CURVE('',#4481,#4482,#345,.T.);
#3174=EDGE_CURVE('',#4482,#4483,#346,.T.);
#3175=EDGE_CURVE('',#4483,#4484,#167,.F.);
#3176=EDGE_CURVE('',#4484,#4485,#168,.F.);
#3177=EDGE_CURVE('',#4485,#4486,#347,.T.);
#3178=EDGE_CURVE('',#4486,#4487,#348,.T.);
#3179=EDGE_CURVE('',#4487,#4488,#349,.T.);
#3180=EDGE_CURVE('',#4488,#4489,#169,.F.);
#3181=EDGE_CURVE('',#4489,#4490,#350,.T.);
#3182=EDGE_CURVE('',#4490,#4491,#170,.F.);
#3183=EDGE_CURVE('',#4491,#4492,#5353,.T.);
#3184=EDGE_CURVE('',#4492,#4493,#5354,.T.);
#3185=EDGE_CURVE('',#4493,#4494,#5355,.T.);
#3186=EDGE_CURVE('',#4494,#4495,#351,.T.);
#3187=EDGE_CURVE('',#4495,#4496,#352,.T.);
#3188=EDGE_CURVE('',#4496,#4497,#171,.T.);
#3189=EDGE_CURVE('',#4497,#4498,#172,.T.);
#3190=EDGE_CURVE('',#4498,#4499,#353,.T.);
#3191=EDGE_CURVE('',#4499,#4500,#354,.T.);
#3192=EDGE_CURVE('',#4500,#4479,#5356,.T.);
#3193=EDGE_CURVE('',#4501,#4502,#5357,.T.);
#3194=EDGE_CURVE('',#4502,#4503,#5358,.T.);
#3195=EDGE_CURVE('',#4503,#4504,#5359,.T.);
#3196=EDGE_CURVE('',#4504,#4501,#5360,.T.);
#3197=EDGE_CURVE('',#4505,#4506,#5361,.T.);
#3198=EDGE_CURVE('',#4506,#4507,#5362,.T.);
#3199=EDGE_CURVE('',#4507,#4508,#5363,.T.);
#3200=EDGE_CURVE('',#4508,#4505,#5364,.T.);
#3201=EDGE_CURVE('',#4509,#4510,#173,.F.);
#3202=EDGE_CURVE('',#4510,#4511,#5365,.T.);
#3203=EDGE_CURVE('',#4511,#4512,#5366,.T.);
#3204=EDGE_CURVE('',#4512,#4513,#5367,.T.);
#3205=EDGE_CURVE('',#4513,#4514,#174,.T.);
#3206=EDGE_CURVE('',#4514,#4515,#175,.F.);
#3207=EDGE_CURVE('',#4515,#4516,#5368,.T.);
#3208=EDGE_CURVE('',#4516,#4517,#5369,.T.);
#3209=EDGE_CURVE('',#4517,#4518,#5370,.T.);
#3210=EDGE_CURVE('',#4518,#4519,#176,.T.);
#3211=EDGE_CURVE('',#4519,#4520,#177,.T.);
#3212=EDGE_CURVE('',#4520,#4521,#355,.T.);
#3213=EDGE_CURVE('',#4521,#4522,#356,.T.);
#3214=EDGE_CURVE('',#4522,#4523,#178,.T.);
#3215=EDGE_CURVE('',#4523,#4524,#179,.T.);
#3216=EDGE_CURVE('',#4524,#4525,#357,.T.);
#3217=EDGE_CURVE('',#4525,#4526,#358,.T.);
#3218=EDGE_CURVE('',#4526,#4527,#5371,.T.);
#3219=EDGE_CURVE('',#4527,#4528,#5372,.T.);
#3220=EDGE_CURVE('',#4528,#4529,#5373,.T.);
#3221=EDGE_CURVE('',#4529,#4530,#180,.F.);
#3222=EDGE_CURVE('',#4530,#4531,#181,.F.);
#3223=EDGE_CURVE('',#4531,#4532,#182,.F.);
#3224=EDGE_CURVE('',#4532,#4533,#359,.T.);
#3225=EDGE_CURVE('',#4533,#4509,#360,.T.);
#3226=EDGE_CURVE('',#4534,#4535,#183,.F.);
#3227=EDGE_CURVE('',#4535,#4536,#5374,.T.);
#3228=EDGE_CURVE('',#4536,#4537,#361,.T.);
#3229=EDGE_CURVE('',#4537,#4538,#184,.T.);
#3230=EDGE_CURVE('',#4538,#4539,#5375,.T.);
#3231=EDGE_CURVE('',#4539,#4540,#5376,.T.);
#3232=EDGE_CURVE('',#4540,#4541,#5377,.T.);
#3233=EDGE_CURVE('',#4541,#4534,#185,.F.);
#3234=EDGE_CURVE('',#4542,#4543,#362,.T.);
#3235=EDGE_CURVE('',#4543,#4544,#363,.T.);
#3236=EDGE_CURVE('',#4544,#4545,#364,.T.);
#3237=EDGE_CURVE('',#4545,#4546,#365,.T.);
#3238=EDGE_CURVE('',#4546,#4547,#186,.F.);
#3239=EDGE_CURVE('',#4547,#4548,#187,.F.);
#3240=EDGE_CURVE('',#4548,#4549,#5378,.T.);
#3241=EDGE_CURVE('',#4549,#4550,#188,.T.);
#3242=EDGE_CURVE('',#4550,#4551,#366,.T.);
#3243=EDGE_CURVE('',#4551,#4552,#367,.T.);
#3244=EDGE_CURVE('',#4552,#4553,#368,.T.);
#3245=EDGE_CURVE('',#4553,#4554,#369,.T.);
#3246=EDGE_CURVE('',#4554,#4555,#370,.T.);
#3247=EDGE_CURVE('',#4555,#4556,#371,.T.);
#3248=EDGE_CURVE('',#4556,#4557,#189,.T.);
#3249=EDGE_CURVE('',#4557,#4558,#5379,.T.);
#3250=EDGE_CURVE('',#4558,#4559,#190,.F.);
#3251=EDGE_CURVE('',#4559,#4542,#191,.F.);
#3252=EDGE_CURVE('',#4560,#4561,#5380,.T.);
#3253=EDGE_CURVE('',#4561,#4562,#5381,.T.);
#3254=EDGE_CURVE('',#4562,#4563,#5382,.T.);
#3255=EDGE_CURVE('',#4563,#4564,#192,.F.);
#3256=EDGE_CURVE('',#4564,#4565,#193,.F.);
#3257=EDGE_CURVE('',#4565,#4566,#194,.F.);
#3258=EDGE_CURVE('',#4566,#4567,#195,.F.);
#3259=EDGE_CURVE('',#4567,#4568,#5383,.T.);
#3260=EDGE_CURVE('',#4568,#4569,#5384,.T.);
#3261=EDGE_CURVE('',#4569,#4570,#196,.T.);
#3262=EDGE_CURVE('',#4570,#4571,#197,.T.);
#3263=EDGE_CURVE('',#4571,#4572,#198,.T.);
#3264=EDGE_CURVE('',#4572,#4573,#372,.T.);
#3265=EDGE_CURVE('',#4573,#4574,#5385,.T.);
#3266=EDGE_CURVE('',#4574,#4560,#5386,.T.);
#3267=EDGE_CURVE('',#4575,#4576,#5387,.T.);
#3268=EDGE_CURVE('',#4576,#4577,#5388,.T.);
#3269=EDGE_CURVE('',#4577,#4578,#5389,.T.);
#3270=EDGE_CURVE('',#4578,#4575,#5390,.T.);
#3271=EDGE_CURVE('',#4579,#4580,#5391,.T.);
#3272=EDGE_CURVE('',#4580,#4581,#5392,.T.);
#3273=EDGE_CURVE('',#4581,#4582,#5393,.T.);
#3274=EDGE_CURVE('',#4582,#4583,#5394,.T.);
#3275=EDGE_CURVE('',#4583,#4584,#5395,.T.);
#3276=EDGE_CURVE('',#4584,#4585,#5396,.T.);
#3277=EDGE_CURVE('',#4585,#4586,#5397,.T.);
#3278=EDGE_CURVE('',#4586,#4579,#5398,.T.);
#3279=EDGE_CURVE('',#4587,#4588,#5399,.T.);
#3280=EDGE_CURVE('',#4588,#4589,#5400,.T.);
#3281=EDGE_CURVE('',#4589,#4590,#5401,.T.);
#3282=EDGE_CURVE('',#4590,#4587,#5402,.T.);
#3283=EDGE_CURVE('',#4591,#4592,#373,.T.);
#3284=EDGE_CURVE('',#4592,#4593,#5403,.T.);
#3285=EDGE_CURVE('',#4593,#4594,#374,.T.);
#3286=EDGE_CURVE('',#4594,#4595,#199,.T.);
#3287=EDGE_CURVE('',#4595,#4591,#5404,.T.);
#3288=EDGE_CURVE('',#4596,#4597,#200,.F.);
#3289=EDGE_CURVE('',#4597,#4598,#5405,.T.);
#3290=EDGE_CURVE('',#4598,#4599,#201,.T.);
#3291=EDGE_CURVE('',#4599,#4600,#202,.T.);
#3292=EDGE_CURVE('',#4600,#4601,#5406,.T.);
#3293=EDGE_CURVE('',#4601,#4596,#203,.F.);
#3294=EDGE_CURVE('',#4602,#4603,#375,.T.);
#3295=EDGE_CURVE('',#4603,#4604,#376,.T.);
#3296=EDGE_CURVE('',#4604,#4605,#377,.T.);
#3297=EDGE_CURVE('',#4605,#4606,#378,.T.);
#3298=EDGE_CURVE('',#4606,#4607,#204,.F.);
#3299=EDGE_CURVE('',#4607,#4608,#205,.F.);
#3300=EDGE_CURVE('',#4608,#4609,#5407,.T.);
#3301=EDGE_CURVE('',#4609,#4610,#206,.T.);
#3302=EDGE_CURVE('',#4610,#4611,#379,.T.);
#3303=EDGE_CURVE('',#4611,#4612,#380,.T.);
#3304=EDGE_CURVE('',#4612,#4613,#381,.T.);
#3305=EDGE_CURVE('',#4613,#4614,#382,.T.);
#3306=EDGE_CURVE('',#4614,#4615,#383,.T.);
#3307=EDGE_CURVE('',#4615,#4616,#384,.T.);
#3308=EDGE_CURVE('',#4616,#4617,#207,.T.);
#3309=EDGE_CURVE('',#4617,#4618,#5408,.T.);
#3310=EDGE_CURVE('',#4618,#4619,#208,.F.);
#3311=EDGE_CURVE('',#4619,#4602,#209,.F.);
#3312=EDGE_CURVE('',#4620,#4621,#210,.F.);
#3313=EDGE_CURVE('',#4621,#4622,#211,.F.);
#3314=EDGE_CURVE('',#4622,#4623,#212,.F.);
#3315=EDGE_CURVE('',#4623,#4624,#213,.T.);
#3316=EDGE_CURVE('',#4624,#4625,#214,.T.);
#3317=EDGE_CURVE('',#4625,#4626,#385,.T.);
#3318=EDGE_CURVE('',#4626,#4627,#5409,.T.);
#3319=EDGE_CURVE('',#4627,#4628,#215,.F.);
#3320=EDGE_CURVE('',#4628,#4629,#386,.T.);
#3321=EDGE_CURVE('',#4629,#4630,#216,.F.);
#3322=EDGE_CURVE('',#4630,#4620,#5410,.T.);
#3323=EDGE_CURVE('',#4631,#4632,#217,.F.);
#3324=EDGE_CURVE('',#4632,#4633,#387,.T.);
#3325=EDGE_CURVE('',#4633,#4634,#388,.T.);
#3326=EDGE_CURVE('',#4634,#4635,#218,.F.);
#3327=EDGE_CURVE('',#4635,#4636,#219,.F.);
#3328=EDGE_CURVE('',#4636,#4637,#220,.F.);
#3329=EDGE_CURVE('',#4637,#4638,#5411,.T.);
#3330=EDGE_CURVE('',#4638,#4639,#221,.T.);
#3331=EDGE_CURVE('',#4639,#4640,#389,.T.);
#3332=EDGE_CURVE('',#4640,#4641,#390,.T.);
#3333=EDGE_CURVE('',#4641,#4642,#222,.T.);
#3334=EDGE_CURVE('',#4642,#4643,#5412,.T.);
#3335=EDGE_CURVE('',#4643,#4644,#223,.F.);
#3336=EDGE_CURVE('',#4644,#4631,#224,.F.);
#3337=EDGE_CURVE('',#4645,#4646,#225,.F.);
#3338=EDGE_CURVE('',#4646,#4647,#5413,.T.);
#3339=EDGE_CURVE('',#4647,#4648,#226,.T.);
#3340=EDGE_CURVE('',#4648,#4649,#227,.T.);
#3341=EDGE_CURVE('',#4649,#4650,#228,.T.);
#3342=EDGE_CURVE('',#4650,#4651,#229,.T.);
#3343=EDGE_CURVE('',#4651,#4652,#5414,.T.);
#3344=EDGE_CURVE('',#4652,#4653,#5415,.T.);
#3345=EDGE_CURVE('',#4653,#4654,#5416,.T.);
#3346=EDGE_CURVE('',#4654,#4655,#230,.F.);
#3347=EDGE_CURVE('',#4655,#4656,#231,.F.);
#3348=EDGE_CURVE('',#4656,#4645,#232,.F.);
#3349=EDGE_CURVE('',#4657,#4658,#5417,.T.);
#3350=EDGE_CURVE('',#4658,#4659,#5418,.T.);
#3351=EDGE_CURVE('',#4659,#4660,#5419,.T.);
#3352=EDGE_CURVE('',#4660,#4661,#5420,.T.);
#3353=EDGE_CURVE('',#4661,#4662,#5421,.T.);
#3354=EDGE_CURVE('',#4662,#4663,#5422,.T.);
#3355=EDGE_CURVE('',#4663,#4657,#5423,.T.);
#3356=EDGE_CURVE('',#4664,#4665,#5424,.T.);
#3357=EDGE_CURVE('',#4665,#4666,#5425,.T.);
#3358=EDGE_CURVE('',#4666,#4667,#5426,.T.);
#3359=EDGE_CURVE('',#4667,#4664,#5427,.T.);
#3360=EDGE_CURVE('',#4668,#4669,#5428,.T.);
#3361=EDGE_CURVE('',#4669,#4670,#5429,.T.);
#3362=EDGE_CURVE('',#4670,#4671,#5430,.T.);
#3363=EDGE_CURVE('',#4671,#4672,#5431,.T.);
#3364=EDGE_CURVE('',#4672,#4673,#5432,.T.);
#3365=EDGE_CURVE('',#4673,#4668,#5433,.T.);
#3366=EDGE_CURVE('',#4674,#4675,#5434,.T.);
#3367=EDGE_CURVE('',#4675,#4676,#5435,.T.);
#3368=EDGE_CURVE('',#4676,#4677,#391,.T.);
#3369=EDGE_CURVE('',#4677,#4678,#392,.T.);
#3370=EDGE_CURVE('',#4678,#4679,#233,.F.);
#3371=EDGE_CURVE('',#4679,#4680,#234,.F.);
#3372=EDGE_CURVE('',#4680,#4681,#393,.T.);
#3373=EDGE_CURVE('',#4681,#4682,#394,.T.);
#3374=EDGE_CURVE('',#4682,#4683,#395,.T.);
#3375=EDGE_CURVE('',#4683,#4684,#235,.F.);
#3376=EDGE_CURVE('',#4684,#4685,#396,.T.);
#3377=EDGE_CURVE('',#4685,#4686,#236,.F.);
#3378=EDGE_CURVE('',#4686,#4687,#5436,.T.);
#3379=EDGE_CURVE('',#4687,#4688,#5437,.T.);
#3380=EDGE_CURVE('',#4688,#4689,#5438,.T.);
#3381=EDGE_CURVE('',#4689,#4690,#397,.T.);
#3382=EDGE_CURVE('',#4690,#4691,#398,.T.);
#3383=EDGE_CURVE('',#4691,#4692,#237,.T.);
#3384=EDGE_CURVE('',#4692,#4693,#238,.T.);
#3385=EDGE_CURVE('',#4693,#4694,#399,.T.);
#3386=EDGE_CURVE('',#4694,#4695,#400,.T.);
#3387=EDGE_CURVE('',#4695,#4674,#5439,.T.);
#3388=EDGE_CURVE('',#4696,#4697,#5440,.T.);
#3389=EDGE_CURVE('',#4697,#4698,#5441,.T.);
#3390=EDGE_CURVE('',#4698,#4699,#5442,.T.);
#3391=EDGE_CURVE('',#4699,#4700,#5443,.T.);
#3392=EDGE_CURVE('',#4700,#4701,#5444,.T.);
#3393=EDGE_CURVE('',#4701,#4702,#5445,.T.);
#3394=EDGE_CURVE('',#4702,#4703,#5446,.T.);
#3395=EDGE_CURVE('',#4703,#4696,#5447,.T.);
#3396=EDGE_CURVE('',#4704,#4705,#5448,.T.);
#3397=EDGE_CURVE('',#4705,#4706,#5449,.T.);
#3398=EDGE_CURVE('',#4706,#4707,#5450,.T.);
#3399=EDGE_CURVE('',#4707,#4704,#5451,.T.);
#3400=EDGE_CURVE('',#4708,#4709,#5452,.T.);
#3401=EDGE_CURVE('',#4709,#4710,#5453,.T.);
#3402=EDGE_CURVE('',#4710,#4711,#5454,.T.);
#3403=EDGE_CURVE('',#4711,#4712,#5455,.T.);
#3404=EDGE_CURVE('',#4712,#4713,#5456,.T.);
#3405=EDGE_CURVE('',#4713,#4714,#5457,.T.);
#3406=EDGE_CURVE('',#4714,#4708,#5458,.T.);
#3407=EDGE_CURVE('',#4715,#4716,#5459,.T.);
#3408=EDGE_CURVE('',#4716,#4717,#5460,.T.);
#3409=EDGE_CURVE('',#4717,#4718,#5461,.T.);
#3410=EDGE_CURVE('',#4718,#4715,#5462,.T.);
#3411=EDGE_CURVE('',#4719,#4720,#5463,.T.);
#3412=EDGE_CURVE('',#4720,#4721,#5464,.T.);
#3413=EDGE_CURVE('',#4721,#4722,#5465,.T.);
#3414=EDGE_CURVE('',#4722,#4723,#5466,.T.);
#3415=EDGE_CURVE('',#4723,#4724,#5467,.T.);
#3416=EDGE_CURVE('',#4724,#4725,#5468,.T.);
#3417=EDGE_CURVE('',#4725,#4726,#5469,.T.);
#3418=EDGE_CURVE('',#4726,#4719,#5470,.T.);
#3419=EDGE_CURVE('',#4727,#4728,#5471,.T.);
#3420=EDGE_CURVE('',#4728,#4729,#5472,.T.);
#3421=EDGE_CURVE('',#4729,#4730,#5473,.T.);
#3422=EDGE_CURVE('',#4730,#4727,#5474,.T.);
#3423=EDGE_CURVE('',#4731,#4732,#5475,.T.);
#3424=EDGE_CURVE('',#4732,#4733,#5476,.T.);
#3425=EDGE_CURVE('',#4733,#4734,#5477,.T.);
#3426=EDGE_CURVE('',#4734,#4735,#5478,.T.);
#3427=EDGE_CURVE('',#4735,#4736,#5479,.T.);
#3428=EDGE_CURVE('',#4736,#4731,#5480,.T.);
#3429=EDGE_CURVE('',#4737,#4738,#401,.T.);
#3430=EDGE_CURVE('',#4738,#4739,#5481,.T.);
#3431=EDGE_CURVE('',#4739,#4740,#239,.F.);
#3432=EDGE_CURVE('',#4740,#4741,#240,.F.);
#3433=EDGE_CURVE('',#4741,#4742,#241,.F.);
#3434=EDGE_CURVE('',#4742,#4743,#402,.T.);
#3435=EDGE_CURVE('',#4743,#4744,#242,.F.);
#3436=EDGE_CURVE('',#4744,#4745,#243,.F.);
#3437=EDGE_CURVE('',#4745,#4746,#244,.F.);
#3438=EDGE_CURVE('',#4746,#4747,#245,.F.);
#3439=EDGE_CURVE('',#4747,#4748,#5482,.T.);
#3440=EDGE_CURVE('',#4748,#4749,#403,.T.);
#3441=EDGE_CURVE('',#4749,#4737,#404,.T.);
#3442=EDGE_CURVE('',#4750,#4751,#5483,.T.);
#3443=EDGE_CURVE('',#4751,#4752,#5484,.T.);
#3444=EDGE_CURVE('',#4752,#4753,#5485,.T.);
#3445=EDGE_CURVE('',#4753,#4754,#5486,.T.);
#3446=EDGE_CURVE('',#4754,#4755,#5487,.T.);
#3447=EDGE_CURVE('',#4755,#4756,#5488,.T.);
#3448=EDGE_CURVE('',#4756,#4757,#5489,.T.);
#3449=EDGE_CURVE('',#4757,#4750,#5490,.T.);
#3450=EDGE_CURVE('',#4758,#4759,#5491,.T.);
#3451=EDGE_CURVE('',#4759,#4760,#5492,.T.);
#3452=EDGE_CURVE('',#4760,#4761,#5493,.T.);
#3453=EDGE_CURVE('',#4761,#4762,#5494,.T.);
#3454=EDGE_CURVE('',#4762,#4763,#5495,.T.);
#3455=EDGE_CURVE('',#4763,#4764,#5496,.T.);
#3456=EDGE_CURVE('',#4764,#4765,#5497,.T.);
#3457=EDGE_CURVE('',#4765,#4758,#5498,.T.);
#3458=EDGE_CURVE('',#4766,#4767,#5499,.T.);
#3459=EDGE_CURVE('',#4767,#4768,#5500,.T.);
#3460=EDGE_CURVE('',#4768,#4769,#5501,.T.);
#3461=EDGE_CURVE('',#4769,#4770,#5502,.T.);
#3462=EDGE_CURVE('',#4770,#4771,#5503,.T.);
#3463=EDGE_CURVE('',#4771,#4772,#5504,.T.);
#3464=EDGE_CURVE('',#4772,#4773,#5505,.T.);
#3465=EDGE_CURVE('',#4773,#4766,#5506,.T.);
#3466=EDGE_CURVE('',#4774,#4775,#5507,.T.);
#3467=EDGE_CURVE('',#4775,#4776,#5508,.T.);
#3468=EDGE_CURVE('',#4776,#4777,#5509,.T.);
#3469=EDGE_CURVE('',#4777,#4774,#5510,.T.);
#3470=EDGE_CURVE('',#4778,#4779,#5511,.T.);
#3471=EDGE_CURVE('',#4779,#4780,#5512,.T.);
#3472=EDGE_CURVE('',#4780,#4781,#5513,.T.);
#3473=EDGE_CURVE('',#4781,#4782,#5514,.T.);
#3474=EDGE_CURVE('',#4782,#4783,#5515,.T.);
#3475=EDGE_CURVE('',#4783,#4784,#5516,.T.);
#3476=EDGE_CURVE('',#4784,#4785,#5517,.T.);
#3477=EDGE_CURVE('',#4785,#4778,#5518,.T.);
#3478=EDGE_CURVE('',#4786,#4787,#5519,.T.);
#3479=EDGE_CURVE('',#4787,#4788,#5520,.T.);
#3480=EDGE_CURVE('',#4788,#4789,#5521,.T.);
#3481=EDGE_CURVE('',#4789,#4786,#5522,.T.);
#3482=EDGE_CURVE('',#4790,#4791,#5523,.T.);
#3483=EDGE_CURVE('',#4791,#4792,#5524,.T.);
#3484=EDGE_CURVE('',#4792,#4793,#5525,.T.);
#3485=EDGE_CURVE('',#4793,#4790,#5526,.T.);
#3486=EDGE_CURVE('',#4794,#4795,#5527,.T.);
#3487=EDGE_CURVE('',#4795,#4796,#5528,.T.);
#3488=EDGE_CURVE('',#4796,#4797,#5529,.T.);
#3489=EDGE_CURVE('',#4797,#4794,#5530,.T.);
#3490=EDGE_CURVE('',#4798,#4799,#5531,.T.);
#3491=EDGE_CURVE('',#4799,#4800,#5532,.T.);
#3492=EDGE_CURVE('',#4800,#4801,#5533,.T.);
#3493=EDGE_CURVE('',#4801,#4798,#5534,.T.);
#3494=EDGE_CURVE('',#4802,#4803,#246,.F.);
#3495=EDGE_CURVE('',#4803,#4804,#5535,.T.);
#3496=EDGE_CURVE('',#4804,#4805,#5536,.T.);
#3497=EDGE_CURVE('',#4805,#4806,#5537,.T.);
#3498=EDGE_CURVE('',#4806,#4807,#247,.T.);
#3499=EDGE_CURVE('',#4807,#4808,#248,.F.);
#3500=EDGE_CURVE('',#4808,#4809,#5538,.T.);
#3501=EDGE_CURVE('',#4809,#4810,#5539,.T.);
#3502=EDGE_CURVE('',#4810,#4811,#5540,.T.);
#3503=EDGE_CURVE('',#4811,#4812,#249,.T.);
#3504=EDGE_CURVE('',#4812,#4813,#250,.T.);
#3505=EDGE_CURVE('',#4813,#4814,#405,.T.);
#3506=EDGE_CURVE('',#4814,#4815,#406,.T.);
#3507=EDGE_CURVE('',#4815,#4816,#251,.T.);
#3508=EDGE_CURVE('',#4816,#4817,#252,.T.);
#3509=EDGE_CURVE('',#4817,#4818,#407,.T.);
#3510=EDGE_CURVE('',#4818,#4819,#408,.T.);
#3511=EDGE_CURVE('',#4819,#4820,#5541,.T.);
#3512=EDGE_CURVE('',#4820,#4821,#5542,.T.);
#3513=EDGE_CURVE('',#4821,#4822,#5543,.T.);
#3514=EDGE_CURVE('',#4822,#4823,#253,.F.);
#3515=EDGE_CURVE('',#4823,#4824,#254,.F.);
#3516=EDGE_CURVE('',#4824,#4825,#255,.F.);
#3517=EDGE_CURVE('',#4825,#4826,#409,.T.);
#3518=EDGE_CURVE('',#4826,#4802,#410,.T.);
#3519=EDGE_CURVE('',#4827,#4828,#5544,.T.);
#3520=EDGE_CURVE('',#4828,#4829,#5545,.T.);
#3521=EDGE_CURVE('',#4829,#4830,#5546,.T.);
#3522=EDGE_CURVE('',#4830,#4827,#5547,.T.);
#3523=EDGE_CURVE('',#4831,#4832,#5548,.T.);
#3524=EDGE_CURVE('',#4832,#4833,#5549,.T.);
#3525=EDGE_CURVE('',#4833,#4834,#5550,.T.);
#3526=EDGE_CURVE('',#4834,#4835,#5551,.T.);
#3527=EDGE_CURVE('',#4835,#4836,#5552,.T.);
#3528=EDGE_CURVE('',#4836,#4831,#5553,.T.);
#3529=EDGE_CURVE('',#4837,#4838,#5554,.T.);
#3530=EDGE_CURVE('',#4838,#4839,#5555,.T.);
#3531=EDGE_CURVE('',#4839,#4840,#5556,.T.);
#3532=EDGE_CURVE('',#4840,#4837,#5557,.T.);
#3533=EDGE_CURVE('',#4841,#4842,#5558,.T.);
#3534=EDGE_CURVE('',#4842,#4843,#5559,.T.);
#3535=EDGE_CURVE('',#4843,#4844,#5560,.T.);
#3536=EDGE_CURVE('',#4844,#4841,#5561,.T.);
#3537=EDGE_CURVE('',#4845,#4846,#5562,.T.);
#3538=EDGE_CURVE('',#4846,#4847,#5563,.T.);
#3539=EDGE_CURVE('',#4847,#4848,#5564,.T.);
#3540=EDGE_CURVE('',#4848,#4845,#5565,.T.);
#3541=EDGE_CURVE('',#4849,#4850,#5566,.T.);
#3542=EDGE_CURVE('',#4850,#4851,#5567,.T.);
#3543=EDGE_CURVE('',#4851,#4852,#5568,.T.);
#3544=EDGE_CURVE('',#4852,#4853,#5569,.T.);
#3545=EDGE_CURVE('',#4853,#4854,#5570,.T.);
#3546=EDGE_CURVE('',#4854,#4855,#5571,.T.);
#3547=EDGE_CURVE('',#4855,#4856,#5572,.T.);
#3548=EDGE_CURVE('',#4856,#4849,#5573,.T.);
#3549=EDGE_CURVE('',#4857,#4858,#5574,.T.);
#3550=EDGE_CURVE('',#4858,#4859,#5575,.T.);
#3551=EDGE_CURVE('',#4859,#4860,#5576,.T.);
#3552=EDGE_CURVE('',#4860,#4861,#5577,.T.);
#3553=EDGE_CURVE('',#4861,#4862,#5578,.T.);
#3554=EDGE_CURVE('',#4862,#4863,#5579,.T.);
#3555=EDGE_CURVE('',#4863,#4864,#5580,.T.);
#3556=EDGE_CURVE('',#4864,#4857,#5581,.T.);
#3557=EDGE_CURVE('',#4865,#4866,#5582,.T.);
#3558=EDGE_CURVE('',#4866,#4867,#5583,.T.);
#3559=EDGE_CURVE('',#4867,#4868,#5584,.T.);
#3560=EDGE_CURVE('',#4868,#4869,#5585,.T.);
#3561=EDGE_CURVE('',#4869,#4870,#5586,.T.);
#3562=EDGE_CURVE('',#4870,#4871,#5587,.T.);
#3563=EDGE_CURVE('',#4871,#4872,#5588,.T.);
#3564=EDGE_CURVE('',#4872,#4865,#5589,.T.);
#3565=EDGE_CURVE('',#4873,#4874,#5590,.T.);
#3566=EDGE_CURVE('',#4874,#4875,#5591,.T.);
#3567=EDGE_CURVE('',#4875,#4876,#5592,.T.);
#3568=EDGE_CURVE('',#4876,#4877,#5593,.T.);
#3569=EDGE_CURVE('',#4877,#4878,#5594,.T.);
#3570=EDGE_CURVE('',#4878,#4873,#5595,.T.);
#3571=EDGE_CURVE('',#4879,#4880,#5596,.T.);
#3572=EDGE_CURVE('',#4880,#4881,#5597,.T.);
#3573=EDGE_CURVE('',#4881,#4882,#5598,.T.);
#3574=EDGE_CURVE('',#4882,#4883,#5599,.T.);
#3575=EDGE_CURVE('',#4883,#4884,#5600,.T.);
#3576=EDGE_CURVE('',#4884,#4885,#5601,.T.);
#3577=EDGE_CURVE('',#4885,#4886,#5602,.T.);
#3578=EDGE_CURVE('',#4886,#4879,#5603,.T.);
#3579=EDGE_CURVE('',#4887,#4888,#5604,.T.);
#3580=EDGE_CURVE('',#4888,#4889,#5605,.T.);
#3581=EDGE_CURVE('',#4889,#4890,#5606,.T.);
#3582=EDGE_CURVE('',#4890,#4891,#5607,.T.);
#3583=EDGE_CURVE('',#4891,#4892,#5608,.T.);
#3584=EDGE_CURVE('',#4892,#4893,#5609,.T.);
#3585=EDGE_CURVE('',#4893,#4887,#5610,.T.);
#3586=EDGE_CURVE('',#4894,#4895,#5611,.T.);
#3587=EDGE_CURVE('',#4895,#4896,#5612,.T.);
#3588=EDGE_CURVE('',#4896,#4897,#5613,.T.);
#3589=EDGE_CURVE('',#4897,#4898,#5614,.T.);
#3590=EDGE_CURVE('',#4898,#4899,#5615,.T.);
#3591=EDGE_CURVE('',#4899,#4900,#5616,.T.);
#3592=EDGE_CURVE('',#4900,#4901,#5617,.T.);
#3593=EDGE_CURVE('',#4901,#4894,#5618,.T.);
#3594=EDGE_CURVE('',#4902,#4903,#5619,.T.);
#3595=EDGE_CURVE('',#4903,#4904,#5620,.T.);
#3596=EDGE_CURVE('',#4904,#4905,#5621,.T.);
#3597=EDGE_CURVE('',#4905,#4906,#5622,.T.);
#3598=EDGE_CURVE('',#4906,#4907,#5623,.T.);
#3599=EDGE_CURVE('',#4907,#4902,#5624,.T.);
#3600=EDGE_CURVE('',#4908,#4909,#5625,.T.);
#3601=EDGE_CURVE('',#4909,#4910,#5626,.T.);
#3602=EDGE_CURVE('',#4910,#4911,#5627,.T.);
#3603=EDGE_CURVE('',#4911,#4912,#5628,.T.);
#3604=EDGE_CURVE('',#4912,#4913,#5629,.T.);
#3605=EDGE_CURVE('',#4913,#4914,#5630,.T.);
#3606=EDGE_CURVE('',#4914,#4908,#5631,.T.);
#3607=EDGE_CURVE('',#4915,#4916,#411,.F.);
#3608=EDGE_CURVE('',#4916,#4917,#256,.T.);
#3609=EDGE_CURVE('',#4917,#4918,#257,.T.);
#3610=EDGE_CURVE('',#4918,#4919,#258,.T.);
#3611=EDGE_CURVE('',#4919,#4920,#5632,.T.);
#3612=EDGE_CURVE('',#4920,#4921,#259,.F.);
#3613=EDGE_CURVE('',#4921,#4922,#412,.F.);
#3614=EDGE_CURVE('',#4922,#4923,#413,.F.);
#3615=EDGE_CURVE('',#4923,#4924,#260,.F.);
#3616=EDGE_CURVE('',#4924,#4925,#5633,.T.);
#3617=EDGE_CURVE('',#4925,#4926,#261,.T.);
#3618=EDGE_CURVE('',#4926,#4927,#262,.T.);
#3619=EDGE_CURVE('',#4927,#4928,#263,.T.);
#3620=EDGE_CURVE('',#4928,#4915,#414,.F.);
#3621=EDGE_CURVE('',#4929,#4930,#415,.F.);
#3622=EDGE_CURVE('',#4930,#4931,#416,.F.);
#3623=EDGE_CURVE('',#4931,#4932,#264,.T.);
#3624=EDGE_CURVE('',#4932,#4933,#265,.T.);
#3625=EDGE_CURVE('',#4933,#4934,#5634,.T.);
#3626=EDGE_CURVE('',#4934,#4935,#266,.F.);
#3627=EDGE_CURVE('',#4935,#4936,#417,.F.);
#3628=EDGE_CURVE('',#4936,#4937,#418,.F.);
#3629=EDGE_CURVE('',#4937,#4938,#419,.F.);
#3630=EDGE_CURVE('',#4938,#4939,#420,.F.);
#3631=EDGE_CURVE('',#4939,#4940,#421,.F.);
#3632=EDGE_CURVE('',#4940,#4941,#422,.F.);
#3633=EDGE_CURVE('',#4941,#4942,#267,.F.);
#3634=EDGE_CURVE('',#4942,#4943,#5635,.T.);
#3635=EDGE_CURVE('',#4943,#4944,#268,.T.);
#3636=EDGE_CURVE('',#4944,#4945,#269,.T.);
#3637=EDGE_CURVE('',#4945,#4946,#423,.F.);
#3638=EDGE_CURVE('',#4946,#4929,#424,.F.);
#3639=EDGE_CURVE('',#4947,#4948,#5636,.T.);
#3640=EDGE_CURVE('',#4948,#4949,#425,.F.);
#3641=EDGE_CURVE('',#4949,#4950,#5637,.T.);
#3642=EDGE_CURVE('',#4950,#4951,#270,.F.);
#3643=EDGE_CURVE('',#4951,#4947,#426,.F.);
#3644=EDGE_CURVE('',#4952,#4953,#5638,.T.);
#3645=EDGE_CURVE('',#4953,#4954,#5639,.T.);
#3646=EDGE_CURVE('',#4954,#4955,#5640,.T.);
#3647=EDGE_CURVE('',#4955,#4956,#5641,.T.);
#3648=EDGE_CURVE('',#4956,#4957,#5642,.T.);
#3649=EDGE_CURVE('',#4957,#4958,#5643,.T.);
#3650=EDGE_CURVE('',#4958,#4959,#5644,.T.);
#3651=EDGE_CURVE('',#4959,#4952,#5645,.T.);
#3652=EDGE_CURVE('',#4960,#4961,#5646,.T.);
#3653=EDGE_CURVE('',#4961,#4962,#5647,.T.);
#3654=EDGE_CURVE('',#4962,#4963,#5648,.T.);
#3655=EDGE_CURVE('',#4963,#4964,#5649,.T.);
#3656=EDGE_CURVE('',#4964,#4965,#427,.F.);
#3657=EDGE_CURVE('',#4965,#4966,#271,.F.);
#3658=EDGE_CURVE('',#4966,#4967,#272,.F.);
#3659=EDGE_CURVE('',#4967,#4968,#273,.F.);
#3660=EDGE_CURVE('',#4968,#4969,#5650,.T.);
#3661=EDGE_CURVE('',#4969,#4970,#5651,.T.);
#3662=EDGE_CURVE('',#4970,#4971,#274,.T.);
#3663=EDGE_CURVE('',#4971,#4972,#275,.T.);
#3664=EDGE_CURVE('',#4972,#4973,#276,.T.);
#3665=EDGE_CURVE('',#4973,#4974,#277,.T.);
#3666=EDGE_CURVE('',#4974,#4960,#5652,.T.);
#3667=EDGE_CURVE('',#4975,#4976,#5653,.T.);
#3668=EDGE_CURVE('',#4976,#4977,#278,.T.);
#3669=EDGE_CURVE('',#4977,#4978,#279,.T.);
#3670=EDGE_CURVE('',#4978,#4979,#5654,.T.);
#3671=EDGE_CURVE('',#4979,#4980,#5655,.T.);
#3672=EDGE_CURVE('',#4980,#4981,#5656,.T.);
#3673=EDGE_CURVE('',#4981,#4982,#280,.F.);
#3674=EDGE_CURVE('',#4982,#4975,#428,.F.);
#3675=EDGE_CURVE('',#4983,#4984,#5657,.T.);
#3676=EDGE_CURVE('',#4984,#4985,#5658,.T.);
#3677=EDGE_CURVE('',#4985,#4986,#5659,.T.);
#3678=EDGE_CURVE('',#4986,#4983,#5660,.T.);
#3679=EDGE_CURVE('',#4987,#4988,#5661,.T.);
#3680=EDGE_CURVE('',#4988,#4989,#5662,.T.);
#3681=EDGE_CURVE('',#4989,#4990,#5663,.T.);
#3682=EDGE_CURVE('',#4990,#4991,#429,.F.);
#3683=EDGE_CURVE('',#4991,#4992,#430,.F.);
#3684=EDGE_CURVE('',#4992,#4993,#281,.F.);
#3685=EDGE_CURVE('',#4993,#4994,#282,.F.);
#3686=EDGE_CURVE('',#4994,#4995,#431,.F.);
#3687=EDGE_CURVE('',#4995,#4996,#432,.F.);
#3688=EDGE_CURVE('',#4996,#4997,#5664,.T.);
#3689=EDGE_CURVE('',#4997,#4998,#5665,.T.);
#3690=EDGE_CURVE('',#4998,#4999,#5666,.T.);
#3691=EDGE_CURVE('',#4999,#5000,#283,.T.);
#3692=EDGE_CURVE('',#5000,#5001,#433,.F.);
#3693=EDGE_CURVE('',#5001,#5002,#284,.T.);
#3694=EDGE_CURVE('',#5002,#5003,#434,.F.);
#3695=EDGE_CURVE('',#5003,#5004,#435,.F.);
#3696=EDGE_CURVE('',#5004,#5005,#436,.F.);
#3697=EDGE_CURVE('',#5005,#5006,#285,.T.);
#3698=EDGE_CURVE('',#5006,#5007,#286,.T.);
#3699=EDGE_CURVE('',#5007,#5008,#437,.F.);
#3700=EDGE_CURVE('',#5008,#4987,#438,.F.);
#3701=EDGE_CURVE('',#5009,#5010,#5667,.T.);
#3702=EDGE_CURVE('',#5011,#5010,#5668,.T.);
#3703=EDGE_CURVE('',#5011,#5012,#5669,.T.);
#3704=EDGE_CURVE('',#5009,#5012,#5670,.T.);
#3705=EDGE_CURVE('',#5013,#5014,#5671,.T.);
#3706=EDGE_CURVE('',#5014,#5015,#5672,.T.);
#3707=EDGE_CURVE('',#5016,#5015,#5673,.T.);
#3708=EDGE_CURVE('',#5016,#5013,#5674,.T.);
#3709=EDGE_CURVE('',#5017,#5018,#5675,.T.);
#3710=EDGE_CURVE('',#5019,#5017,#5676,.T.);
#3711=EDGE_CURVE('',#5018,#5019,#5677,.T.);
#3712=EDGE_CURVE('',#5020,#5021,#5678,.T.);
#3713=EDGE_CURVE('',#5020,#5022,#5679,.T.);
#3714=EDGE_CURVE('',#5021,#5022,#5680,.T.);
#3715=EDGE_CURVE('',#5023,#5024,#5681,.T.);
#3716=EDGE_CURVE('',#5024,#5025,#5682,.T.);
#3717=EDGE_CURVE('',#5023,#5025,#5683,.T.);
#3718=EDGE_CURVE('',#5026,#5027,#5684,.T.);
#3719=EDGE_CURVE('',#5028,#5026,#5685,.T.);
#3720=EDGE_CURVE('',#5028,#5029,#5686,.T.);
#3721=EDGE_CURVE('',#5027,#5029,#5687,.T.);
#3722=EDGE_CURVE('',#5030,#5031,#5688,.T.);
#3723=EDGE_CURVE('',#5031,#5032,#5689,.T.);
#3724=EDGE_CURVE('',#5030,#5032,#5690,.T.);
#3725=EDGE_CURVE('',#5033,#5034,#5691,.T.);
#3726=EDGE_CURVE('',#5035,#5034,#5692,.T.);
#3727=EDGE_CURVE('',#5033,#5035,#5693,.T.);
#3728=EDGE_CURVE('',#5036,#5037,#5694,.T.);
#3729=EDGE_CURVE('',#5038,#5037,#5695,.T.);
#3730=EDGE_CURVE('',#5038,#5039,#5696,.T.);
#3731=EDGE_CURVE('',#5036,#5039,#5697,.T.);
#3732=EDGE_CURVE('',#5040,#5041,#5698,.T.);
#3733=EDGE_CURVE('',#5042,#5040,#5699,.T.);
#3734=EDGE_CURVE('',#5042,#5041,#5700,.T.);
#3735=EDGE_CURVE('',#5043,#5044,#5701,.T.);
#3736=EDGE_CURVE('',#5045,#5043,#5702,.T.);
#3737=EDGE_CURVE('',#5046,#5045,#5703,.T.);
#3738=EDGE_CURVE('',#5044,#5046,#5704,.T.);
#3739=EDGE_CURVE('',#5047,#5048,#5705,.T.);
#3740=EDGE_CURVE('',#5049,#5048,#5706,.T.);
#3741=EDGE_CURVE('',#5049,#5050,#5707,.T.);
#3742=EDGE_CURVE('',#5047,#5050,#5708,.T.);
#3743=EDGE_CURVE('',#5051,#5052,#5709,.T.);
#3744=EDGE_CURVE('',#5051,#5053,#5710,.T.);
#3745=EDGE_CURVE('',#5052,#5053,#5711,.T.);
#3746=EDGE_CURVE('',#5054,#5055,#5712,.T.);
#3747=EDGE_CURVE('',#5056,#5055,#5713,.T.);
#3748=EDGE_CURVE('',#5056,#5057,#5714,.T.);
#3749=EDGE_CURVE('',#5054,#5057,#5715,.T.);
#3750=EDGE_CURVE('',#5058,#5059,#5716,.T.);
#3751=EDGE_CURVE('',#5059,#5060,#5717,.T.);
#3752=EDGE_CURVE('',#5058,#5060,#5718,.T.);
#3753=EDGE_CURVE('',#5061,#5062,#5719,.T.);
#3754=EDGE_CURVE('',#5063,#5062,#5720,.T.);
#3755=EDGE_CURVE('',#5063,#5064,#5721,.T.);
#3756=EDGE_CURVE('',#5061,#5064,#5722,.T.);
#3757=EDGE_CURVE('',#5065,#5066,#5723,.T.);
#3758=EDGE_CURVE('',#5067,#5065,#5724,.T.);
#3759=EDGE_CURVE('',#5068,#5067,#5725,.T.);
#3760=EDGE_CURVE('',#5068,#5066,#5726,.T.);
#3761=EDGE_CURVE('',#5069,#5070,#5727,.T.);
#3762=EDGE_CURVE('',#5069,#5071,#5728,.T.);
#3763=EDGE_CURVE('',#5072,#5071,#5729,.T.);
#3764=EDGE_CURVE('',#5072,#5070,#5730,.T.);
#3765=EDGE_CURVE('',#5073,#5074,#5731,.T.);
#3766=EDGE_CURVE('',#5074,#5075,#5732,.T.);
#3767=EDGE_CURVE('',#5073,#5075,#5733,.T.);
#3768=EDGE_CURVE('',#5076,#5077,#5734,.T.);
#3769=EDGE_CURVE('',#5077,#5078,#5735,.T.);
#3770=EDGE_CURVE('',#5076,#5078,#5736,.T.);
#3771=EDGE_CURVE('',#5079,#5080,#5737,.T.);
#3772=EDGE_CURVE('',#5081,#5079,#5738,.T.);
#3773=EDGE_CURVE('',#5081,#5082,#5739,.T.);
#3774=EDGE_CURVE('',#5082,#5080,#5740,.T.);
#3775=EDGE_CURVE('',#5083,#5084,#5741,.T.);
#3776=EDGE_CURVE('',#5084,#5085,#5742,.T.);
#3777=EDGE_CURVE('',#5085,#5086,#5743,.T.);
#3778=EDGE_CURVE('',#5086,#5083,#5744,.T.);
#3779=EDGE_CURVE('',#5087,#5088,#5745,.T.);
#3780=EDGE_CURVE('',#5088,#5089,#5746,.T.);
#3781=EDGE_CURVE('',#5089,#5090,#5747,.T.);
#3782=EDGE_CURVE('',#5090,#5087,#5748,.T.);
#3783=EDGE_CURVE('',#5091,#5092,#5749,.T.);
#3784=EDGE_CURVE('',#5092,#5093,#287,.T.);
#3785=EDGE_CURVE('',#5093,#5094,#439,.F.);
#3786=EDGE_CURVE('',#5094,#5095,#440,.F.);
#3787=EDGE_CURVE('',#5095,#5096,#288,.T.);
#3788=EDGE_CURVE('',#5096,#5097,#289,.T.);
#3789=EDGE_CURVE('',#5097,#5098,#290,.T.);
#3790=EDGE_CURVE('',#5098,#5099,#5750,.T.);
#3791=EDGE_CURVE('',#5099,#5100,#5751,.T.);
#3792=EDGE_CURVE('',#5100,#5101,#5752,.T.);
#3793=EDGE_CURVE('',#5101,#5102,#441,.F.);
#3794=EDGE_CURVE('',#5102,#5103,#442,.F.);
#3795=EDGE_CURVE('',#5103,#5104,#291,.F.);
#3796=EDGE_CURVE('',#5104,#5105,#292,.F.);
#3797=EDGE_CURVE('',#5105,#5106,#443,.F.);
#3798=EDGE_CURVE('',#5106,#5107,#444,.F.);
#3799=EDGE_CURVE('',#5107,#5108,#293,.F.);
#3800=EDGE_CURVE('',#5108,#5109,#294,.F.);
#3801=EDGE_CURVE('',#5109,#5110,#5753,.T.);
#3802=EDGE_CURVE('',#5110,#5111,#5754,.T.);
#3803=EDGE_CURVE('',#5111,#5112,#5755,.T.);
#3804=EDGE_CURVE('',#5112,#5113,#295,.T.);
#3805=EDGE_CURVE('',#5113,#5114,#296,.F.);
#3806=EDGE_CURVE('',#5114,#5115,#5756,.T.);
#3807=EDGE_CURVE('',#5115,#5091,#5757,.T.);
#3808=EDGE_CURVE('',#5116,#5117,#445,.F.);
#3809=EDGE_CURVE('',#5117,#5118,#446,.F.);
#3810=EDGE_CURVE('',#5118,#5119,#297,.T.);
#3811=EDGE_CURVE('',#5119,#5120,#298,.T.);
#3812=EDGE_CURVE('',#5120,#5121,#5758,.T.);
#3813=EDGE_CURVE('',#5121,#5122,#299,.F.);
#3814=EDGE_CURVE('',#5122,#5123,#447,.F.);
#3815=EDGE_CURVE('',#5123,#5124,#448,.F.);
#3816=EDGE_CURVE('',#5124,#5125,#449,.F.);
#3817=EDGE_CURVE('',#5125,#5126,#450,.F.);
#3818=EDGE_CURVE('',#5126,#5127,#451,.F.);
#3819=EDGE_CURVE('',#5127,#5128,#452,.F.);
#3820=EDGE_CURVE('',#5128,#5129,#300,.F.);
#3821=EDGE_CURVE('',#5129,#5130,#5759,.T.);
#3822=EDGE_CURVE('',#5130,#5131,#301,.T.);
#3823=EDGE_CURVE('',#5131,#5132,#302,.T.);
#3824=EDGE_CURVE('',#5132,#5133,#453,.F.);
#3825=EDGE_CURVE('',#5133,#5116,#454,.F.);
#3826=EDGE_CURVE('',#5134,#5135,#5760,.T.);
#3827=EDGE_CURVE('',#5135,#5136,#5761,.T.);
#3828=EDGE_CURVE('',#5136,#5137,#5762,.T.);
#3829=EDGE_CURVE('',#5137,#5134,#5763,.T.);
#3830=EDGE_CURVE('',#5138,#5139,#5764,.T.);
#3831=EDGE_CURVE('',#5139,#5140,#5765,.T.);
#3832=EDGE_CURVE('',#5140,#5141,#5766,.T.);
#3833=EDGE_CURVE('',#5141,#5138,#5767,.T.);
#3834=EDGE_CURVE('',#5142,#5143,#5768,.T.);
#3835=EDGE_CURVE('',#5143,#5144,#303,.T.);
#3836=EDGE_CURVE('',#5144,#5145,#304,.T.);
#3837=EDGE_CURVE('',#5145,#5146,#5769,.T.);
#3838=EDGE_CURVE('',#5146,#5147,#305,.F.);
#3839=EDGE_CURVE('',#5147,#5142,#306,.F.);
#3840=EDGE_CURVE('',#5148,#5149,#307,.T.);
#3841=EDGE_CURVE('',#5149,#5150,#308,.T.);
#3842=EDGE_CURVE('',#5150,#5151,#5770,.T.);
#3843=EDGE_CURVE('',#5151,#5152,#309,.T.);
#3844=EDGE_CURVE('',#5152,#5153,#455,.F.);
#3845=EDGE_CURVE('',#5153,#5154,#310,.T.);
#3846=EDGE_CURVE('',#5154,#5155,#5771,.T.);
#3847=EDGE_CURVE('',#5155,#5156,#456,.F.);
#3848=EDGE_CURVE('',#5156,#5157,#311,.F.);
#3849=EDGE_CURVE('',#5157,#5158,#312,.F.);
#3850=EDGE_CURVE('',#5158,#5148,#313,.T.);
#3851=EDGE_CURVE('',#5159,#5160,#5772,.T.);
#3852=EDGE_CURVE('',#5160,#5161,#314,.T.);
#3853=EDGE_CURVE('',#5161,#5162,#315,.T.);
#3854=EDGE_CURVE('',#5162,#5163,#316,.T.);
#3855=EDGE_CURVE('',#5163,#5164,#317,.T.);
#3856=EDGE_CURVE('',#5164,#5165,#5773,.T.);
#3857=EDGE_CURVE('',#5165,#5166,#5774,.T.);
#3858=EDGE_CURVE('',#5166,#5167,#5775,.T.);
#3859=EDGE_CURVE('',#5167,#5168,#318,.F.);
#3860=EDGE_CURVE('',#5168,#5169,#319,.F.);
#3861=EDGE_CURVE('',#5169,#5170,#320,.F.);
#3862=EDGE_CURVE('',#5170,#5159,#321,.F.);
#3863=EDGE_CURVE('',#5171,#5172,#5776,.T.);
#3864=EDGE_CURVE('',#5172,#5173,#5777,.T.);
#3865=EDGE_CURVE('',#5173,#5174,#5778,.T.);
#3866=EDGE_CURVE('',#5174,#5171,#5779,.T.);
#3867=EDGE_CURVE('',#5175,#5176,#5780,.T.);
#3868=EDGE_CURVE('',#5176,#5177,#5781,.T.);
#3869=EDGE_CURVE('',#5177,#5178,#5782,.T.);
#3870=EDGE_CURVE('',#5178,#5179,#457,.F.);
#3871=EDGE_CURVE('',#5179,#5180,#458,.F.);
#3872=EDGE_CURVE('',#5180,#5181,#322,.F.);
#3873=EDGE_CURVE('',#5181,#5182,#323,.F.);
#3874=EDGE_CURVE('',#5182,#5183,#459,.F.);
#3875=EDGE_CURVE('',#5183,#5184,#460,.F.);
#3876=EDGE_CURVE('',#5184,#5185,#5783,.T.);
#3877=EDGE_CURVE('',#5185,#5186,#5784,.T.);
#3878=EDGE_CURVE('',#5186,#5187,#5785,.T.);
#3879=EDGE_CURVE('',#5187,#5188,#324,.T.);
#3880=EDGE_CURVE('',#5188,#5189,#461,.F.);
#3881=EDGE_CURVE('',#5189,#5190,#325,.T.);
#3882=EDGE_CURVE('',#5190,#5191,#462,.F.);
#3883=EDGE_CURVE('',#5191,#5192,#463,.F.);
#3884=EDGE_CURVE('',#5192,#5193,#464,.F.);
#3885=EDGE_CURVE('',#5193,#5194,#326,.T.);
#3886=EDGE_CURVE('',#5194,#5195,#327,.T.);
#3887=EDGE_CURVE('',#5195,#5196,#465,.F.);
#3888=EDGE_CURVE('',#5196,#5175,#466,.F.);
#3889=EDGE_CURVE('',#5197,#5198,#5786,.T.);
#3890=EDGE_CURVE('',#5198,#5199,#5787,.T.);
#3891=EDGE_CURVE('',#5199,#5200,#5788,.T.);
#3892=EDGE_CURVE('',#5200,#5197,#5789,.T.);
#3893=EDGE_CURVE('',#5201,#5202,#5790,.T.);
#3894=EDGE_CURVE('',#5202,#5203,#5791,.T.);
#3895=EDGE_CURVE('',#5203,#5204,#5792,.T.);
#3896=EDGE_CURVE('',#5204,#5201,#5793,.T.);
#3897=EDGE_CURVE('',#5205,#5206,#5794,.T.);
#3898=EDGE_CURVE('',#5206,#5207,#5795,.T.);
#3899=EDGE_CURVE('',#5207,#5208,#5796,.T.);
#3900=EDGE_CURVE('',#5208,#5205,#5797,.T.);
#3901=EDGE_CURVE('',#5209,#5210,#5798,.T.);
#3902=EDGE_CURVE('',#5210,#5211,#467,.F.);
#3903=EDGE_CURVE('',#5211,#5212,#468,.F.);
#3904=EDGE_CURVE('',#5212,#5213,#469,.F.);
#3905=EDGE_CURVE('',#5213,#5214,#5799,.T.);
#3906=EDGE_CURVE('',#5214,#5215,#328,.T.);
#3907=EDGE_CURVE('',#5215,#5216,#329,.T.);
#3908=EDGE_CURVE('',#5216,#5217,#330,.T.);
#3909=EDGE_CURVE('',#5217,#5218,#331,.T.);
#3910=EDGE_CURVE('',#5218,#5219,#470,.F.);
#3911=EDGE_CURVE('',#5219,#5220,#332,.T.);
#3912=EDGE_CURVE('',#5220,#5221,#333,.T.);
#3913=EDGE_CURVE('',#5221,#5209,#334,.T.);
#3914=EDGE_CURVE('',#5222,#5223,#5800,.T.);
#3915=EDGE_CURVE('',#5223,#5224,#5801,.T.);
#3916=EDGE_CURVE('',#5224,#5225,#5802,.T.);
#3917=EDGE_CURVE('',#5225,#5226,#5803,.T.);
#3918=EDGE_CURVE('',#5226,#5227,#5804,.T.);
#3919=EDGE_CURVE('',#5227,#5228,#5805,.T.);
#3920=EDGE_CURVE('',#5228,#5229,#5806,.T.);
#3921=EDGE_CURVE('',#5229,#5222,#5807,.T.);
#3922=EDGE_CURVE('',#5230,#5231,#5808,.T.);
#3923=EDGE_CURVE('',#5231,#5232,#5809,.T.);
#3924=EDGE_CURVE('',#5232,#5233,#5810,.T.);
#3925=EDGE_CURVE('',#5233,#5230,#5811,.T.);
#3926=EDGE_CURVE('',#5234,#5235,#5812,.T.);
#3927=EDGE_CURVE('',#5235,#5236,#5813,.T.);
#3928=EDGE_CURVE('',#5236,#5237,#5814,.T.);
#3929=EDGE_CURVE('',#5237,#5234,#5815,.T.);
#3930=EDGE_CURVE('',#5238,#5239,#5816,.T.);
#3931=EDGE_CURVE('',#5239,#5240,#5817,.T.);
#3932=EDGE_CURVE('',#5240,#5241,#5818,.T.);
#3933=EDGE_CURVE('',#5241,#5238,#5819,.T.);
#3934=EDGE_CURVE('',#5242,#5243,#5820,.T.);
#3935=EDGE_CURVE('',#5243,#5244,#335,.T.);
#3936=EDGE_CURVE('',#5244,#5245,#471,.F.);
#3937=EDGE_CURVE('',#5245,#5246,#472,.F.);
#3938=EDGE_CURVE('',#5246,#5247,#336,.T.);
#3939=EDGE_CURVE('',#5247,#5248,#337,.T.);
#3940=EDGE_CURVE('',#5248,#5249,#338,.T.);
#3941=EDGE_CURVE('',#5249,#5250,#5821,.T.);
#3942=EDGE_CURVE('',#5250,#5251,#5822,.T.);
#3943=EDGE_CURVE('',#5251,#5252,#5823,.T.);
#3944=EDGE_CURVE('',#5252,#5253,#473,.F.);
#3945=EDGE_CURVE('',#5253,#5254,#474,.F.);
#3946=EDGE_CURVE('',#5254,#5255,#339,.F.);
#3947=EDGE_CURVE('',#5255,#5256,#340,.F.);
#3948=EDGE_CURVE('',#5256,#5257,#475,.F.);
#3949=EDGE_CURVE('',#5257,#5258,#476,.F.);
#3950=EDGE_CURVE('',#5258,#5259,#341,.F.);
#3951=EDGE_CURVE('',#5259,#5260,#342,.F.);
#3952=EDGE_CURVE('',#5260,#5261,#5824,.T.);
#3953=EDGE_CURVE('',#5261,#5262,#5825,.T.);
#3954=EDGE_CURVE('',#5262,#5263,#5826,.T.);
#3955=EDGE_CURVE('',#5263,#5264,#343,.T.);
#3956=EDGE_CURVE('',#5264,#5265,#344,.F.);
#3957=EDGE_CURVE('',#5265,#5266,#5827,.T.);
#3958=EDGE_CURVE('',#5266,#5242,#5828,.T.);
#3959=EDGE_CURVE('',#5267,#5268,#5829,.T.);
#3960=EDGE_CURVE('',#5268,#5269,#5830,.T.);
#3961=EDGE_CURVE('',#5269,#5270,#5831,.T.);
#3962=EDGE_CURVE('',#5270,#5271,#5832,.T.);
#3963=EDGE_CURVE('',#5271,#5272,#5833,.T.);
#3964=EDGE_CURVE('',#5272,#5267,#5834,.T.);
#3965=EDGE_CURVE('',#4471,#5009,#5835,.T.);
#3966=EDGE_CURVE('',#4472,#5010,#5836,.T.);
#3967=EDGE_CURVE('',#4473,#5012,#5837,.T.);
#3968=EDGE_CURVE('',#4474,#5011,#5838,.T.);
#3969=EDGE_CURVE('',#4467,#5013,#5839,.T.);
#3970=EDGE_CURVE('',#4468,#5014,#5840,.T.);
#3971=EDGE_CURVE('',#4469,#5016,#5841,.T.);
#3972=EDGE_CURVE('',#4470,#5015,#5842,.T.);
#3973=EDGE_CURVE('',#4465,#5018,#5843,.T.);
#3974=EDGE_CURVE('',#4464,#5017,#5844,.T.);
#3975=EDGE_CURVE('',#4466,#5019,#5845,.T.);
#3976=EDGE_CURVE('',#4462,#5021,#5846,.T.);
#3977=EDGE_CURVE('',#4461,#5020,#5847,.T.);
#3978=EDGE_CURVE('',#4463,#5022,#5848,.T.);
#3979=EDGE_CURVE('',#4458,#5023,#5849,.T.);
#3980=EDGE_CURVE('',#4459,#5024,#5850,.T.);
#3981=EDGE_CURVE('',#4460,#5025,#5851,.T.);
#3982=EDGE_CURVE('',#4455,#5027,#5852,.T.);
#3983=EDGE_CURVE('',#4454,#5026,#5853,.T.);
#3984=EDGE_CURVE('',#4456,#5029,#5854,.T.);
#3985=EDGE_CURVE('',#4457,#5028,#5855,.T.);
#3986=EDGE_CURVE('',#4451,#5030,#5856,.T.);
#3987=EDGE_CURVE('',#4452,#5031,#5857,.T.);
#3988=EDGE_CURVE('',#4453,#5032,#5858,.T.);
#3989=EDGE_CURVE('',#4448,#5033,#5859,.T.);
#3990=EDGE_CURVE('',#4449,#5034,#5860,.T.);
#3991=EDGE_CURVE('',#4450,#5035,#5861,.T.);
#3992=EDGE_CURVE('',#4444,#5036,#5862,.T.);
#3993=EDGE_CURVE('',#4445,#5037,#5863,.T.);
#3994=EDGE_CURVE('',#4446,#5039,#5864,.T.);
#3995=EDGE_CURVE('',#4447,#5038,#5865,.T.);
#3996=EDGE_CURVE('',#4442,#5041,#5866,.T.);
#3997=EDGE_CURVE('',#4441,#5040,#5867,.T.);
#3998=EDGE_CURVE('',#4443,#5042,#5868,.T.);
#3999=EDGE_CURVE('',#4438,#5044,#5869,.T.);
#4000=EDGE_CURVE('',#4437,#5043,#5870,.T.);
#4001=EDGE_CURVE('',#4439,#5046,#5871,.T.);
#4002=EDGE_CURVE('',#4440,#5045,#5872,.T.);
#4003=EDGE_CURVE('',#4433,#5047,#5873,.T.);
#4004=EDGE_CURVE('',#4434,#5048,#5874,.T.);
#4005=EDGE_CURVE('',#4435,#5050,#5875,.T.);
#4006=EDGE_CURVE('',#4436,#5049,#5876,.T.);
#4007=EDGE_CURVE('',#4431,#5052,#5877,.T.);
#4008=EDGE_CURVE('',#4430,#5051,#5878,.T.);
#4009=EDGE_CURVE('',#4432,#5053,#5879,.T.);
#4010=EDGE_CURVE('',#4426,#5054,#5880,.T.);
#4011=EDGE_CURVE('',#4427,#5055,#5881,.T.);
#4012=EDGE_CURVE('',#4428,#5057,#5882,.T.);
#4013=EDGE_CURVE('',#4429,#5056,#5883,.T.);
#4014=EDGE_CURVE('',#4423,#5058,#5884,.T.);
#4015=EDGE_CURVE('',#4424,#5059,#5885,.T.);
#4016=EDGE_CURVE('',#4425,#5060,#5886,.T.);
#4017=EDGE_CURVE('',#4419,#5061,#5887,.T.);
#4018=EDGE_CURVE('',#4420,#5062,#5888,.T.);
#4019=EDGE_CURVE('',#4421,#5064,#5889,.T.);
#4020=EDGE_CURVE('',#4422,#5063,#5890,.T.);
#4021=EDGE_CURVE('',#4416,#5066,#5891,.T.);
#4022=EDGE_CURVE('',#4415,#5065,#5892,.T.);
#4023=EDGE_CURVE('',#4417,#5068,#5893,.T.);
#4024=EDGE_CURVE('',#4418,#5067,#5894,.T.);
#4025=EDGE_CURVE('',#4412,#5070,#5895,.T.);
#4026=EDGE_CURVE('',#4411,#5069,#5896,.T.);
#4027=EDGE_CURVE('',#4413,#5072,#5897,.T.);
#4028=EDGE_CURVE('',#4414,#5071,#5898,.T.);
#4029=EDGE_CURVE('',#4408,#5073,#5899,.T.);
#4030=EDGE_CURVE('',#4409,#5074,#5900,.T.);
#4031=EDGE_CURVE('',#4410,#5075,#5901,.T.);
#4032=EDGE_CURVE('',#4405,#5076,#5902,.T.);
#4033=EDGE_CURVE('',#4406,#5077,#5903,.T.);
#4034=EDGE_CURVE('',#4407,#5078,#5904,.T.);
#4035=EDGE_CURVE('',#4402,#5080,#5905,.T.);
#4036=EDGE_CURVE('',#4401,#5079,#5906,.T.);
#4037=EDGE_CURVE('',#4403,#5082,#5907,.T.);
#4038=EDGE_CURVE('',#4404,#5081,#5908,.T.);
#4039=EDGE_CURVE('',#5085,#4475,#5909,.T.);
#4040=EDGE_CURVE('',#5086,#4478,#5910,.T.);
#4041=EDGE_CURVE('',#5084,#4476,#5911,.T.);
#4042=EDGE_CURVE('',#5083,#4477,#5912,.T.);
#4043=EDGE_CURVE('',#5007,#4483,#5913,.T.);
#4044=EDGE_CURVE('',#5008,#4482,#5914,.T.);
#4045=EDGE_CURVE('',#5006,#4484,#5915,.T.);
#4046=EDGE_CURVE('',#4987,#4481,#5916,.T.);
#4047=EDGE_CURVE('',#5005,#4485,#5917,.T.);
#4048=EDGE_CURVE('',#5004,#4486,#5918,.T.);
#4049=EDGE_CURVE('',#5003,#4487,#5919,.T.);
#4050=EDGE_CURVE('',#5002,#4488,#5920,.T.);
#4051=EDGE_CURVE('',#5001,#4489,#5921,.T.);
#4052=EDGE_CURVE('',#5000,#4490,#5922,.T.);
#4053=EDGE_CURVE('',#4999,#4491,#5923,.T.);
#4054=EDGE_CURVE('',#4998,#4492,#5924,.T.);
#4055=EDGE_CURVE('',#4997,#4493,#5925,.T.);
#4056=EDGE_CURVE('',#4996,#4494,#5926,.T.);
#4057=EDGE_CURVE('',#4995,#4495,#5927,.T.);
#4058=EDGE_CURVE('',#4994,#4496,#5928,.T.);
#4059=EDGE_CURVE('',#4993,#4497,#5929,.T.);
#4060=EDGE_CURVE('',#4992,#4498,#5930,.T.);
#4061=EDGE_CURVE('',#4991,#4499,#5931,.T.);
#4062=EDGE_CURVE('',#4990,#4500,#5932,.T.);
#4063=EDGE_CURVE('',#4989,#4479,#5933,.T.);
#4064=EDGE_CURVE('',#4988,#4480,#5934,.T.);
#4065=EDGE_CURVE('',#5089,#4501,#5935,.T.);
#4066=EDGE_CURVE('',#5090,#4504,#5936,.T.);
#4067=EDGE_CURVE('',#5088,#4502,#5937,.T.);
#4068=EDGE_CURVE('',#5087,#4503,#5938,.T.);
#4069=EDGE_CURVE('',#4985,#4505,#5939,.T.);
#4070=EDGE_CURVE('',#4986,#4508,#5940,.T.);
#4071=EDGE_CURVE('',#4984,#4506,#5941,.T.);
#4072=EDGE_CURVE('',#4983,#4507,#5942,.T.);
#4073=EDGE_CURVE('',#5114,#4513,#5943,.T.);
#4074=EDGE_CURVE('',#5115,#4512,#5944,.T.);
#4075=EDGE_CURVE('',#5113,#4514,#5945,.T.);
#4076=EDGE_CURVE('',#5091,#4511,#5946,.T.);
#4077=EDGE_CURVE('',#5112,#4515,#5947,.T.);
#4078=EDGE_CURVE('',#5111,#4516,#5948,.T.);
#4079=EDGE_CURVE('',#5110,#4517,#5949,.T.);
#4080=EDGE_CURVE('',#5109,#4518,#5950,.T.);
#4081=EDGE_CURVE('',#5108,#4519,#5951,.T.);
#4082=EDGE_CURVE('',#5107,#4520,#5952,.T.);
#4083=EDGE_CURVE('',#5106,#4521,#5953,.T.);
#4084=EDGE_CURVE('',#5105,#4522,#5954,.T.);
#4085=EDGE_CURVE('',#5104,#4523,#5955,.T.);
#4086=EDGE_CURVE('',#5103,#4524,#5956,.T.);
#4087=EDGE_CURVE('',#5102,#4525,#5957,.T.);
#4088=EDGE_CURVE('',#5101,#4526,#5958,.T.);
#4089=EDGE_CURVE('',#5100,#4527,#5959,.T.);
#4090=EDGE_CURVE('',#5099,#4528,#5960,.T.);
#4091=EDGE_CURVE('',#5098,#4529,#5961,.T.);
#4092=EDGE_CURVE('',#5097,#4530,#5962,.T.);
#4093=EDGE_CURVE('',#5096,#4531,#5963,.T.);
#4094=EDGE_CURVE('',#5095,#4532,#5964,.T.);
#4095=EDGE_CURVE('',#5094,#4533,#5965,.T.);
#4096=EDGE_CURVE('',#5093,#4509,#5966,.T.);
#4097=EDGE_CURVE('',#5092,#4510,#5967,.T.);
#4098=EDGE_CURVE('',#4981,#4538,#5968,.T.);
#4099=EDGE_CURVE('',#4982,#4537,#5969,.T.);
#4100=EDGE_CURVE('',#4980,#4539,#5970,.T.);
#4101=EDGE_CURVE('',#4975,#4536,#5971,.T.);
#4102=EDGE_CURVE('',#4979,#4540,#5972,.T.);
#4103=EDGE_CURVE('',#4978,#4541,#5973,.T.);
#4104=EDGE_CURVE('',#4977,#4534,#5974,.T.);
#4105=EDGE_CURVE('',#4976,#4535,#5975,.T.);
#4106=EDGE_CURVE('',#5132,#4546,#5976,.T.);
#4107=EDGE_CURVE('',#5133,#4545,#5977,.T.);
#4108=EDGE_CURVE('',#5131,#4547,#5978,.T.);
#4109=EDGE_CURVE('',#5116,#4544,#5979,.T.);
#4110=EDGE_CURVE('',#5130,#4548,#5980,.T.);
#4111=EDGE_CURVE('',#5129,#4549,#5981,.T.);
#4112=EDGE_CURVE('',#5128,#4550,#5982,.T.);
#4113=EDGE_CURVE('',#5127,#4551,#5983,.T.);
#4114=EDGE_CURVE('',#5126,#4552,#5984,.T.);
#4115=EDGE_CURVE('',#5125,#4553,#5985,.T.);
#4116=EDGE_CURVE('',#5124,#4554,#5986,.T.);
#4117=EDGE_CURVE('',#5123,#4555,#5987,.T.);
#4118=EDGE_CURVE('',#5122,#4556,#5988,.T.);
#4119=EDGE_CURVE('',#5121,#4557,#5989,.T.);
#4120=EDGE_CURVE('',#5120,#4558,#5990,.T.);
#4121=EDGE_CURVE('',#5119,#4559,#5991,.T.);
#4122=EDGE_CURVE('',#5118,#4542,#5992,.T.);
#4123=EDGE_CURVE('',#5117,#4543,#5993,.T.);
#4124=EDGE_CURVE('',#4973,#4564,#5994,.T.);
#4125=EDGE_CURVE('',#4974,#4563,#5995,.T.);
#4126=EDGE_CURVE('',#4972,#4565,#5996,.T.);
#4127=EDGE_CURVE('',#4960,#4562,#5997,.T.);
#4128=EDGE_CURVE('',#4971,#4566,#5998,.T.);
#4129=EDGE_CURVE('',#4970,#4567,#5999,.T.);
#4130=EDGE_CURVE('',#4969,#4568,#6000,.T.);
#4131=EDGE_CURVE('',#4968,#4569,#6001,.T.);
#4132=EDGE_CURVE('',#4967,#4570,#6002,.T.);
#4133=EDGE_CURVE('',#4966,#4571,#6003,.T.);
#4134=EDGE_CURVE('',#4965,#4572,#6004,.T.);
#4135=EDGE_CURVE('',#4964,#4573,#6005,.T.);
#4136=EDGE_CURVE('',#4963,#4574,#6006,.T.);
#4137=EDGE_CURVE('',#4962,#4560,#6007,.T.);
#4138=EDGE_CURVE('',#4961,#4561,#6008,.T.);
#4139=EDGE_CURVE('',#5136,#4575,#6009,.T.);
#4140=EDGE_CURVE('',#5137,#4578,#6010,.T.);
#4141=EDGE_CURVE('',#5135,#4576,#6011,.T.);
#4142=EDGE_CURVE('',#5134,#4577,#6012,.T.);
#4143=EDGE_CURVE('',#4958,#4583,#6013,.T.);
#4144=EDGE_CURVE('',#4959,#4582,#6014,.T.);
#4145=EDGE_CURVE('',#4957,#4584,#6015,.T.);
#4146=EDGE_CURVE('',#4952,#4581,#6016,.T.);
#4147=EDGE_CURVE('',#4956,#4585,#6017,.T.);
#4148=EDGE_CURVE('',#4955,#4586,#6018,.T.);
#4149=EDGE_CURVE('',#4954,#4579,#6019,.T.);
#4150=EDGE_CURVE('',#4953,#4580,#6020,.T.);
#4151=EDGE_CURVE('',#5140,#4587,#6021,.T.);
#4152=EDGE_CURVE('',#5141,#4590,#6022,.T.);
#4153=EDGE_CURVE('',#5139,#4588,#6023,.T.);
#4154=EDGE_CURVE('',#5138,#4589,#6024,.T.);
#4155=EDGE_CURVE('',#4950,#4595,#6025,.T.);
#4156=EDGE_CURVE('',#4951,#4594,#6026,.T.);
#4157=EDGE_CURVE('',#4949,#4591,#6027,.T.);
#4158=EDGE_CURVE('',#4947,#4593,#6028,.T.);
#4159=EDGE_CURVE('',#4948,#4592,#6029,.T.);
#4160=EDGE_CURVE('',#5146,#4600,#6030,.T.);
#4161=EDGE_CURVE('',#5147,#4599,#6031,.T.);
#4162=EDGE_CURVE('',#5145,#4601,#6032,.T.);
#4163=EDGE_CURVE('',#5142,#4598,#6033,.T.);
#4164=EDGE_CURVE('',#5144,#4596,#6034,.T.);
#4165=EDGE_CURVE('',#5143,#4597,#6035,.T.);
#4166=EDGE_CURVE('',#4945,#4606,#6036,.T.);
#4167=EDGE_CURVE('',#4946,#4605,#6037,.T.);
#4168=EDGE_CURVE('',#4944,#4607,#6038,.T.);
#4169=EDGE_CURVE('',#4929,#4604,#6039,.T.);
#4170=EDGE_CURVE('',#4943,#4608,#6040,.T.);
#4171=EDGE_CURVE('',#4942,#4609,#6041,.T.);
#4172=EDGE_CURVE('',#4941,#4610,#6042,.T.);
#4173=EDGE_CURVE('',#4940,#4611,#6043,.T.);
#4174=EDGE_CURVE('',#4939,#4612,#6044,.T.);
#4175=EDGE_CURVE('',#4938,#4613,#6045,.T.);
#4176=EDGE_CURVE('',#4937,#4614,#6046,.T.);
#4177=EDGE_CURVE('',#4936,#4615,#6047,.T.);
#4178=EDGE_CURVE('',#4935,#4616,#6048,.T.);
#4179=EDGE_CURVE('',#4934,#4617,#6049,.T.);
#4180=EDGE_CURVE('',#4933,#4618,#6050,.T.);
#4181=EDGE_CURVE('',#4932,#4619,#6051,.T.);
#4182=EDGE_CURVE('',#4931,#4602,#6052,.T.);
#4183=EDGE_CURVE('',#4930,#4603,#6053,.T.);
#4184=EDGE_CURVE('',#5157,#4624,#6054,.T.);
#4185=EDGE_CURVE('',#5158,#4623,#6055,.T.);
#4186=EDGE_CURVE('',#5156,#4625,#6056,.T.);
#4187=EDGE_CURVE('',#5148,#4622,#6057,.T.);
#4188=EDGE_CURVE('',#5155,#4626,#6058,.T.);
#4189=EDGE_CURVE('',#5154,#4627,#6059,.T.);
#4190=EDGE_CURVE('',#5153,#4628,#6060,.T.);
#4191=EDGE_CURVE('',#5152,#4629,#6061,.T.);
#4192=EDGE_CURVE('',#5151,#4630,#6062,.T.);
#4193=EDGE_CURVE('',#5150,#4620,#6063,.T.);
#4194=EDGE_CURVE('',#5149,#4621,#6064,.T.);
#4195=EDGE_CURVE('',#4927,#4635,#6065,.T.);
#4196=EDGE_CURVE('',#4928,#4634,#6066,.T.);
#4197=EDGE_CURVE('',#4926,#4636,#6067,.T.);
#4198=EDGE_CURVE('',#4915,#4633,#6068,.T.);
#4199=EDGE_CURVE('',#4925,#4637,#6069,.T.);
#4200=EDGE_CURVE('',#4924,#4638,#6070,.T.);
#4201=EDGE_CURVE('',#4923,#4639,#6071,.T.);
#4202=EDGE_CURVE('',#4922,#4640,#6072,.T.);
#4203=EDGE_CURVE('',#4921,#4641,#6073,.T.);
#4204=EDGE_CURVE('',#4920,#4642,#6074,.T.);
#4205=EDGE_CURVE('',#4919,#4643,#6075,.T.);
#4206=EDGE_CURVE('',#4918,#4644,#6076,.T.);
#4207=EDGE_CURVE('',#4917,#4631,#6077,.T.);
#4208=EDGE_CURVE('',#4916,#4632,#6078,.T.);
#4209=EDGE_CURVE('',#5169,#4649,#6079,.T.);
#4210=EDGE_CURVE('',#5170,#4648,#6080,.T.);
#4211=EDGE_CURVE('',#5168,#4650,#6081,.T.);
#4212=EDGE_CURVE('',#5159,#4647,#6082,.T.);
#4213=EDGE_CURVE('',#5167,#4651,#6083,.T.);
#4214=EDGE_CURVE('',#5166,#4652,#6084,.T.);
#4215=EDGE_CURVE('',#5165,#4653,#6085,.T.);
#4216=EDGE_CURVE('',#5164,#4654,#6086,.T.);
#4217=EDGE_CURVE('',#5163,#4655,#6087,.T.);
#4218=EDGE_CURVE('',#5162,#4656,#6088,.T.);
#4219=EDGE_CURVE('',#5161,#4645,#6089,.T.);
#4220=EDGE_CURVE('',#5160,#4646,#6090,.T.);
#4221=EDGE_CURVE('',#4913,#4661,#6091,.T.);
#4222=EDGE_CURVE('',#4914,#4660,#6092,.T.);
#4223=EDGE_CURVE('',#4912,#4662,#6093,.T.);
#4224=EDGE_CURVE('',#4908,#4659,#6094,.T.);
#4225=EDGE_CURVE('',#4911,#4663,#6095,.T.);
#4226=EDGE_CURVE('',#4910,#4657,#6096,.T.);
#4227=EDGE_CURVE('',#4909,#4658,#6097,.T.);
#4228=EDGE_CURVE('',#5173,#4664,#6098,.T.);
#4229=EDGE_CURVE('',#5174,#4667,#6099,.T.);
#4230=EDGE_CURVE('',#5172,#4665,#6100,.T.);
#4231=EDGE_CURVE('',#5171,#4666,#6101,.T.);
#4232=EDGE_CURVE('',#4906,#4672,#6102,.T.);
#4233=EDGE_CURVE('',#4907,#4671,#6103,.T.);
#4234=EDGE_CURVE('',#4905,#4673,#6104,.T.);
#4235=EDGE_CURVE('',#4902,#4670,#6105,.T.);
#4236=EDGE_CURVE('',#4904,#4668,#6106,.T.);
#4237=EDGE_CURVE('',#4903,#4669,#6107,.T.);
#4238=EDGE_CURVE('',#5195,#4678,#6108,.T.);
#4239=EDGE_CURVE('',#5196,#4677,#6109,.T.);
#4240=EDGE_CURVE('',#5194,#4679,#6110,.T.);
#4241=EDGE_CURVE('',#5175,#4676,#6111,.T.);
#4242=EDGE_CURVE('',#5193,#4680,#6112,.T.);
#4243=EDGE_CURVE('',#5192,#4681,#6113,.T.);
#4244=EDGE_CURVE('',#5191,#4682,#6114,.T.);
#4245=EDGE_CURVE('',#5190,#4683,#6115,.T.);
#4246=EDGE_CURVE('',#5189,#4684,#6116,.T.);
#4247=EDGE_CURVE('',#5188,#4685,#6117,.T.);
#4248=EDGE_CURVE('',#5187,#4686,#6118,.T.);
#4249=EDGE_CURVE('',#5186,#4687,#6119,.T.);
#4250=EDGE_CURVE('',#5185,#4688,#6120,.T.);
#4251=EDGE_CURVE('',#5184,#4689,#6121,.T.);
#4252=EDGE_CURVE('',#5183,#4690,#6122,.T.);
#4253=EDGE_CURVE('',#5182,#4691,#6123,.T.);
#4254=EDGE_CURVE('',#5181,#4692,#6124,.T.);
#4255=EDGE_CURVE('',#5180,#4693,#6125,.T.);
#4256=EDGE_CURVE('',#5179,#4694,#6126,.T.);
#4257=EDGE_CURVE('',#5178,#4695,#6127,.T.);
#4258=EDGE_CURVE('',#5177,#4674,#6128,.T.);
#4259=EDGE_CURVE('',#5176,#4675,#6129,.T.);
#4260=EDGE_CURVE('',#4900,#4700,#6130,.T.);
#4261=EDGE_CURVE('',#4901,#4699,#6131,.T.);
#4262=EDGE_CURVE('',#4899,#4701,#6132,.T.);
#4263=EDGE_CURVE('',#4894,#4698,#6133,.T.);
#4264=EDGE_CURVE('',#4898,#4702,#6134,.T.);
#4265=EDGE_CURVE('',#4897,#4703,#6135,.T.);
#4266=EDGE_CURVE('',#4896,#4696,#6136,.T.);
#4267=EDGE_CURVE('',#4895,#4697,#6137,.T.);
#4268=EDGE_CURVE('',#5199,#4704,#6138,.T.);
#4269=EDGE_CURVE('',#5200,#4707,#6139,.T.);
#4270=EDGE_CURVE('',#5198,#4705,#6140,.T.);
#4271=EDGE_CURVE('',#5197,#4706,#6141,.T.);
#4272=EDGE_CURVE('',#4892,#4712,#6142,.T.);
#4273=EDGE_CURVE('',#4893,#4711,#6143,.T.);
#4274=EDGE_CURVE('',#4891,#4713,#6144,.T.);
#4275=EDGE_CURVE('',#4887,#4710,#6145,.T.);
#4276=EDGE_CURVE('',#4890,#4714,#6146,.T.);
#4277=EDGE_CURVE('',#4889,#4708,#6147,.T.);
#4278=EDGE_CURVE('',#4888,#4709,#6148,.T.);
#4279=EDGE_CURVE('',#5203,#4715,#6149,.T.);
#4280=EDGE_CURVE('',#5204,#4718,#6150,.T.);
#4281=EDGE_CURVE('',#5202,#4716,#6151,.T.);
#4282=EDGE_CURVE('',#5201,#4717,#6152,.T.);
#4283=EDGE_CURVE('',#4885,#4723,#6153,.T.);
#4284=EDGE_CURVE('',#4886,#4722,#6154,.T.);
#4285=EDGE_CURVE('',#4884,#4724,#6155,.T.);
#4286=EDGE_CURVE('',#4879,#4721,#6156,.T.);
#4287=EDGE_CURVE('',#4883,#4725,#6157,.T.);
#4288=EDGE_CURVE('',#4882,#4726,#6158,.T.);
#4289=EDGE_CURVE('',#4881,#4719,#6159,.T.);
#4290=EDGE_CURVE('',#4880,#4720,#6160,.T.);
#4291=EDGE_CURVE('',#5207,#4727,#6161,.T.);
#4292=EDGE_CURVE('',#5208,#4730,#6162,.T.);
#4293=EDGE_CURVE('',#5206,#4728,#6163,.T.);
#4294=EDGE_CURVE('',#5205,#4729,#6164,.T.);
#4295=EDGE_CURVE('',#4877,#4735,#6165,.T.);
#4296=EDGE_CURVE('',#4878,#4734,#6166,.T.);
#4297=EDGE_CURVE('',#4876,#4736,#6167,.T.);
#4298=EDGE_CURVE('',#4873,#4733,#6168,.T.);
#4299=EDGE_CURVE('',#4875,#4731,#6169,.T.);
#4300=EDGE_CURVE('',#4874,#4732,#6170,.T.);
#4301=EDGE_CURVE('',#5220,#4741,#6171,.T.);
#4302=EDGE_CURVE('',#5221,#4740,#6172,.T.);
#4303=EDGE_CURVE('',#5219,#4742,#6173,.T.);
#4304=EDGE_CURVE('',#5209,#4739,#6174,.T.);
#4305=EDGE_CURVE('',#5218,#4743,#6175,.T.);
#4306=EDGE_CURVE('',#5217,#4744,#6176,.T.);
#4307=EDGE_CURVE('',#5216,#4745,#6177,.T.);
#4308=EDGE_CURVE('',#5215,#4746,#6178,.T.);
#4309=EDGE_CURVE('',#5214,#4747,#6179,.T.);
#4310=EDGE_CURVE('',#5213,#4748,#6180,.T.);
#4311=EDGE_CURVE('',#5212,#4749,#6181,.T.);
#4312=EDGE_CURVE('',#5211,#4737,#6182,.T.);
#4313=EDGE_CURVE('',#5210,#4738,#6183,.T.);
#4314=EDGE_CURVE('',#4871,#4754,#6184,.T.);
#4315=EDGE_CURVE('',#4872,#4753,#6185,.T.);
#4316=EDGE_CURVE('',#4870,#4755,#6186,.T.);
#4317=EDGE_CURVE('',#4865,#4752,#6187,.T.);
#4318=EDGE_CURVE('',#4869,#4756,#6188,.T.);
#4319=EDGE_CURVE('',#4868,#4757,#6189,.T.);
#4320=EDGE_CURVE('',#4867,#4750,#6190,.T.);
#4321=EDGE_CURVE('',#4866,#4751,#6191,.T.);
#4322=EDGE_CURVE('',#5228,#4762,#6192,.T.);
#4323=EDGE_CURVE('',#5229,#4761,#6193,.T.);
#4324=EDGE_CURVE('',#5227,#4763,#6194,.T.);
#4325=EDGE_CURVE('',#5222,#4760,#6195,.T.);
#4326=EDGE_CURVE('',#5226,#4764,#6196,.T.);
#4327=EDGE_CURVE('',#5225,#4765,#6197,.T.);
#4328=EDGE_CURVE('',#5224,#4758,#6198,.T.);
#4329=EDGE_CURVE('',#5223,#4759,#6199,.T.);
#4330=EDGE_CURVE('',#4863,#4770,#6200,.T.);
#4331=EDGE_CURVE('',#4864,#4769,#6201,.T.);
#4332=EDGE_CURVE('',#4862,#4771,#6202,.T.);
#4333=EDGE_CURVE('',#4857,#4768,#6203,.T.);
#4334=EDGE_CURVE('',#4861,#4772,#6204,.T.);
#4335=EDGE_CURVE('',#4860,#4773,#6205,.T.);
#4336=EDGE_CURVE('',#4859,#4766,#6206,.T.);
#4337=EDGE_CURVE('',#4858,#4767,#6207,.T.);
#4338=EDGE_CURVE('',#5232,#4774,#6208,.T.);
#4339=EDGE_CURVE('',#5233,#4777,#6209,.T.);
#4340=EDGE_CURVE('',#5231,#4775,#6210,.T.);
#4341=EDGE_CURVE('',#5230,#4776,#6211,.T.);
#4342=EDGE_CURVE('',#4855,#4782,#6212,.T.);
#4343=EDGE_CURVE('',#4856,#4781,#6213,.T.);
#4344=EDGE_CURVE('',#4854,#4783,#6214,.T.);
#4345=EDGE_CURVE('',#4849,#4780,#6215,.T.);
#4346=EDGE_CURVE('',#4853,#4784,#6216,.T.);
#4347=EDGE_CURVE('',#4852,#4785,#6217,.T.);
#4348=EDGE_CURVE('',#4851,#4778,#6218,.T.);
#4349=EDGE_CURVE('',#4850,#4779,#6219,.T.);
#4350=EDGE_CURVE('',#5236,#4786,#6220,.T.);
#4351=EDGE_CURVE('',#5237,#4789,#6221,.T.);
#4352=EDGE_CURVE('',#5235,#4787,#6222,.T.);
#4353=EDGE_CURVE('',#5234,#4788,#6223,.T.);
#4354=EDGE_CURVE('',#4847,#4790,#6224,.T.);
#4355=EDGE_CURVE('',#4848,#4793,#6225,.T.);
#4356=EDGE_CURVE('',#4846,#4791,#6226,.T.);
#4357=EDGE_CURVE('',#4845,#4792,#6227,.T.);
#4358=EDGE_CURVE('',#5240,#4794,#6228,.T.);
#4359=EDGE_CURVE('',#5241,#4797,#6229,.T.);
#4360=EDGE_CURVE('',#5239,#4795,#6230,.T.);
#4361=EDGE_CURVE('',#5238,#4796,#6231,.T.);
#4362=EDGE_CURVE('',#4843,#4798,#6232,.T.);
#4363=EDGE_CURVE('',#4844,#4801,#6233,.T.);
#4364=EDGE_CURVE('',#4842,#4799,#6234,.T.);
#4365=EDGE_CURVE('',#4841,#4800,#6235,.T.);
#4366=EDGE_CURVE('',#5265,#4806,#6236,.T.);
#4367=EDGE_CURVE('',#5266,#4805,#6237,.T.);
#4368=EDGE_CURVE('',#5264,#4807,#6238,.T.);
#4369=EDGE_CURVE('',#5242,#4804,#6239,.T.);
#4370=EDGE_CURVE('',#5263,#4808,#6240,.T.);
#4371=EDGE_CURVE('',#5262,#4809,#6241,.T.);
#4372=EDGE_CURVE('',#5261,#4810,#6242,.T.);
#4373=EDGE_CURVE('',#5260,#4811,#6243,.T.);
#4374=EDGE_CURVE('',#5259,#4812,#6244,.T.);
#4375=EDGE_CURVE('',#5258,#4813,#6245,.T.);
#4376=EDGE_CURVE('',#5257,#4814,#6246,.T.);
#4377=EDGE_CURVE('',#5256,#4815,#6247,.T.);
#4378=EDGE_CURVE('',#5255,#4816,#6248,.T.);
#4379=EDGE_CURVE('',#5254,#4817,#6249,.T.);
#4380=EDGE_CURVE('',#5253,#4818,#6250,.T.);
#4381=EDGE_CURVE('',#5252,#4819,#6251,.T.);
#4382=EDGE_CURVE('',#5251,#4820,#6252,.T.);
#4383=EDGE_CURVE('',#5250,#4821,#6253,.T.);
#4384=EDGE_CURVE('',#5249,#4822,#6254,.T.);
#4385=EDGE_CURVE('',#5248,#4823,#6255,.T.);
#4386=EDGE_CURVE('',#5247,#4824,#6256,.T.);
#4387=EDGE_CURVE('',#5246,#4825,#6257,.T.);
#4388=EDGE_CURVE('',#5245,#4826,#6258,.T.);
#4389=EDGE_CURVE('',#5244,#4802,#6259,.T.);
#4390=EDGE_CURVE('',#5243,#4803,#6260,.T.);
#4391=EDGE_CURVE('',#4839,#4827,#6261,.T.);
#4392=EDGE_CURVE('',#4840,#4830,#6262,.T.);
#4393=EDGE_CURVE('',#4838,#4828,#6263,.T.);
#4394=EDGE_CURVE('',#4837,#4829,#6264,.T.);
#4395=EDGE_CURVE('',#5271,#4835,#6265,.T.);
#4396=EDGE_CURVE('',#5272,#4834,#6266,.T.);
#4397=EDGE_CURVE('',#5270,#4836,#6267,.T.);
#4398=EDGE_CURVE('',#5267,#4833,#6268,.T.);
#4399=EDGE_CURVE('',#5269,#4831,#6269,.T.);
#4400=EDGE_CURVE('',#5268,#4832,#6270,.T.);
#4401=VERTEX_POINT('',#11776);
#4402=VERTEX_POINT('',#11777);
#4403=VERTEX_POINT('',#11779);
#4404=VERTEX_POINT('',#11781);
#4405=VERTEX_POINT('',#11784);
#4406=VERTEX_POINT('',#11785);
#4407=VERTEX_POINT('',#11787);
#4408=VERTEX_POINT('',#11790);
#4409=VERTEX_POINT('',#11791);
#4410=VERTEX_POINT('',#11793);
#4411=VERTEX_POINT('',#11796);
#4412=VERTEX_POINT('',#11797);
#4413=VERTEX_POINT('',#11799);
#4414=VERTEX_POINT('',#11801);
#4415=VERTEX_POINT('',#11804);
#4416=VERTEX_POINT('',#11805);
#4417=VERTEX_POINT('',#11807);
#4418=VERTEX_POINT('',#11809);
#4419=VERTEX_POINT('',#11812);
#4420=VERTEX_POINT('',#11813);
#4421=VERTEX_POINT('',#11815);
#4422=VERTEX_POINT('',#11817);
#4423=VERTEX_POINT('',#11820);
#4424=VERTEX_POINT('',#11821);
#4425=VERTEX_POINT('',#11823);
#4426=VERTEX_POINT('',#11826);
#4427=VERTEX_POINT('',#11827);
#4428=VERTEX_POINT('',#11829);
#4429=VERTEX_POINT('',#11831);
#4430=VERTEX_POINT('',#11834);
#4431=VERTEX_POINT('',#11835);
#4432=VERTEX_POINT('',#11837);
#4433=VERTEX_POINT('',#11840);
#4434=VERTEX_POINT('',#11841);
#4435=VERTEX_POINT('',#11843);
#4436=VERTEX_POINT('',#11845);
#4437=VERTEX_POINT('',#11848);
#4438=VERTEX_POINT('',#11849);
#4439=VERTEX_POINT('',#11851);
#4440=VERTEX_POINT('',#11853);
#4441=VERTEX_POINT('',#11856);
#4442=VERTEX_POINT('',#11857);
#4443=VERTEX_POINT('',#11859);
#4444=VERTEX_POINT('',#11862);
#4445=VERTEX_POINT('',#11863);
#4446=VERTEX_POINT('',#11865);
#4447=VERTEX_POINT('',#11867);
#4448=VERTEX_POINT('',#11870);
#4449=VERTEX_POINT('',#11871);
#4450=VERTEX_POINT('',#11873);
#4451=VERTEX_POINT('',#11876);
#4452=VERTEX_POINT('',#11877);
#4453=VERTEX_POINT('',#11879);
#4454=VERTEX_POINT('',#11882);
#4455=VERTEX_POINT('',#11883);
#4456=VERTEX_POINT('',#11885);
#4457=VERTEX_POINT('',#11887);
#4458=VERTEX_POINT('',#11890);
#4459=VERTEX_POINT('',#11891);
#4460=VERTEX_POINT('',#11893);
#4461=VERTEX_POINT('',#11896);
#4462=VERTEX_POINT('',#11897);
#4463=VERTEX_POINT('',#11899);
#4464=VERTEX_POINT('',#11902);
#4465=VERTEX_POINT('',#11903);
#4466=VERTEX_POINT('',#11905);
#4467=VERTEX_POINT('',#11908);
#4468=VERTEX_POINT('',#11909);
#4469=VERTEX_POINT('',#11911);
#4470=VERTEX_POINT('',#11913);
#4471=VERTEX_POINT('',#11916);
#4472=VERTEX_POINT('',#11917);
#4473=VERTEX_POINT('',#11919);
#4474=VERTEX_POINT('',#11921);
#4475=VERTEX_POINT('',#11924);
#4476=VERTEX_POINT('',#11925);
#4477=VERTEX_POINT('',#11927);
#4478=VERTEX_POINT('',#11929);
#4479=VERTEX_POINT('',#11932);
#4480=VERTEX_POINT('',#11933);
#4481=VERTEX_POINT('',#11935);
#4482=VERTEX_POINT('',#11939);
#4483=VERTEX_POINT('',#11943);
#4484=VERTEX_POINT('',#11945);
#4485=VERTEX_POINT('',#11947);
#4486=VERTEX_POINT('',#11951);
#4487=VERTEX_POINT('',#11955);
#4488=VERTEX_POINT('',#11959);
#4489=VERTEX_POINT('',#11961);
#4490=VERTEX_POINT('',#11965);
#4491=VERTEX_POINT('',#11967);
#4492=VERTEX_POINT('',#11969);
#4493=VERTEX_POINT('',#11971);
#4494=VERTEX_POINT('',#11973);
#4495=VERTEX_POINT('',#11977);
#4496=VERTEX_POINT('',#11981);
#4497=VERTEX_POINT('',#11983);
#4498=VERTEX_POINT('',#11985);
#4499=VERTEX_POINT('',#11989);
#4500=VERTEX_POINT('',#11993);
#4501=VERTEX_POINT('',#11996);
#4502=VERTEX_POINT('',#11997);
#4503=VERTEX_POINT('',#11999);
#4504=VERTEX_POINT('',#12001);
#4505=VERTEX_POINT('',#12004);
#4506=VERTEX_POINT('',#12005);
#4507=VERTEX_POINT('',#12007);
#4508=VERTEX_POINT('',#12009);
#4509=VERTEX_POINT('',#12012);
#4510=VERTEX_POINT('',#12013);
#4511=VERTEX_POINT('',#12015);
#4512=VERTEX_POINT('',#12017);
#4513=VERTEX_POINT('',#12019);
#4514=VERTEX_POINT('',#12021);
#4515=VERTEX_POINT('',#12023);
#4516=VERTEX_POINT('',#12025);
#4517=VERTEX_POINT('',#12027);
#4518=VERTEX_POINT('',#12029);
#4519=VERTEX_POINT('',#12031);
#4520=VERTEX_POINT('',#12033);
#4521=VERTEX_POINT('',#12037);
#4522=VERTEX_POINT('',#12041);
#4523=VERTEX_POINT('',#12043);
#4524=VERTEX_POINT('',#12045);
#4525=VERTEX_POINT('',#12049);
#4526=VERTEX_POINT('',#12053);
#4527=VERTEX_POINT('',#12055);
#4528=VERTEX_POINT('',#12057);
#4529=VERTEX_POINT('',#12059);
#4530=VERTEX_POINT('',#12061);
#4531=VERTEX_POINT('',#12063);
#4532=VERTEX_POINT('',#12065);
#4533=VERTEX_POINT('',#12069);
#4534=VERTEX_POINT('',#12074);
#4535=VERTEX_POINT('',#12075);
#4536=VERTEX_POINT('',#12077);
#4537=VERTEX_POINT('',#12081);
#4538=VERTEX_POINT('',#12083);
#4539=VERTEX_POINT('',#12085);
#4540=VERTEX_POINT('',#12087);
#4541=VERTEX_POINT('',#12089);
#4542=VERTEX_POINT('',#12094);
#4543=VERTEX_POINT('',#12095);
#4544=VERTEX_POINT('',#12099);
#4545=VERTEX_POINT('',#12103);
#4546=VERTEX_POINT('',#12107);
#4547=VERTEX_POINT('',#12109);
#4548=VERTEX_POINT('',#12111);
#4549=VERTEX_POINT('',#12113);
#4550=VERTEX_POINT('',#12115);
#4551=VERTEX_POINT('',#12119);
#4552=VERTEX_POINT('',#12123);
#4553=VERTEX_POINT('',#12127);
#4554=VERTEX_POINT('',#12131);
#4555=VERTEX_POINT('',#12135);
#4556=VERTEX_POINT('',#12139);
#4557=VERTEX_POINT('',#12141);
#4558=VERTEX_POINT('',#12143);
#4559=VERTEX_POINT('',#12145);
#4560=VERTEX_POINT('',#12148);
#4561=VERTEX_POINT('',#12149);
#4562=VERTEX_POINT('',#12151);
#4563=VERTEX_POINT('',#12153);
#4564=VERTEX_POINT('',#12155);
#4565=VERTEX_POINT('',#12157);
#4566=VERTEX_POINT('',#12159);
#4567=VERTEX_POINT('',#12161);
#4568=VERTEX_POINT('',#12163);
#4569=VERTEX_POINT('',#12165);
#4570=VERTEX_POINT('',#12167);
#4571=VERTEX_POINT('',#12169);
#4572=VERTEX_POINT('',#12171);
#4573=VERTEX_POINT('',#12175);
#4574=VERTEX_POINT('',#12177);
#4575=VERTEX_POINT('',#12180);
#4576=VERTEX_POINT('',#12181);
#4577=VERTEX_POINT('',#12183);
#4578=VERTEX_POINT('',#12185);
#4579=VERTEX_POINT('',#12188);
#4580=VERTEX_POINT('',#12189);
#4581=VERTEX_POINT('',#12191);
#4582=VERTEX_POINT('',#12193);
#4583=VERTEX_POINT('',#12195);
#4584=VERTEX_POINT('',#12197);
#4585=VERTEX_POINT('',#12199);
#4586=VERTEX_POINT('',#12201);
#4587=VERTEX_POINT('',#12204);
#4588=VERTEX_POINT('',#12205);
#4589=VERTEX_POINT('',#12207);
#4590=VERTEX_POINT('',#12209);
#4591=VERTEX_POINT('',#12214);
#4592=VERTEX_POINT('',#12215);
#4593=VERTEX_POINT('',#12217);
#4594=VERTEX_POINT('',#12221);
#4595=VERTEX_POINT('',#12223);
#4596=VERTEX_POINT('',#12226);
#4597=VERTEX_POINT('',#12227);
#4598=VERTEX_POINT('',#12229);
#4599=VERTEX_POINT('',#12231);
#4600=VERTEX_POINT('',#12233);
#4601=VERTEX_POINT('',#12235);
#4602=VERTEX_POINT('',#12240);
#4603=VERTEX_POINT('',#12241);
#4604=VERTEX_POINT('',#12245);
#4605=VERTEX_POINT('',#12249);
#4606=VERTEX_POINT('',#12253);
#4607=VERTEX_POINT('',#12255);
#4608=VERTEX_POINT('',#12257);
#4609=VERTEX_POINT('',#12259);
#4610=VERTEX_POINT('',#12261);
#4611=VERTEX_POINT('',#12265);
#4612=VERTEX_POINT('',#12269);
#4613=VERTEX_POINT('',#12273);
#4614=VERTEX_POINT('',#12277);
#4615=VERTEX_POINT('',#12281);
#4616=VERTEX_POINT('',#12285);
#4617=VERTEX_POINT('',#12287);
#4618=VERTEX_POINT('',#12289);
#4619=VERTEX_POINT('',#12291);
#4620=VERTEX_POINT('',#12294);
#4621=VERTEX_POINT('',#12295);
#4622=VERTEX_POINT('',#12297);
#4623=VERTEX_POINT('',#12299);
#4624=VERTEX_POINT('',#12301);
#4625=VERTEX_POINT('',#12303);
#4626=VERTEX_POINT('',#12307);
#4627=VERTEX_POINT('',#12309);
#4628=VERTEX_POINT('',#12311);
#4629=VERTEX_POINT('',#12315);
#4630=VERTEX_POINT('',#12317);
#4631=VERTEX_POINT('',#12320);
#4632=VERTEX_POINT('',#12321);
#4633=VERTEX_POINT('',#12325);
#4634=VERTEX_POINT('',#12329);
#4635=VERTEX_POINT('',#12331);
#4636=VERTEX_POINT('',#12333);
#4637=VERTEX_POINT('',#12335);
#4638=VERTEX_POINT('',#12337);
#4639=VERTEX_POINT('',#12339);
#4640=VERTEX_POINT('',#12343);
#4641=VERTEX_POINT('',#12347);
#4642=VERTEX_POINT('',#12349);
#4643=VERTEX_POINT('',#12351);
#4644=VERTEX_POINT('',#12353);
#4645=VERTEX_POINT('',#12356);
#4646=VERTEX_POINT('',#12357);
#4647=VERTEX_POINT('',#12359);
#4648=VERTEX_POINT('',#12361);
#4649=VERTEX_POINT('',#12363);
#4650=VERTEX_POINT('',#12365);
#4651=VERTEX_POINT('',#12367);
#4652=VERTEX_POINT('',#12369);
#4653=VERTEX_POINT('',#12371);
#4654=VERTEX_POINT('',#12373);
#4655=VERTEX_POINT('',#12375);
#4656=VERTEX_POINT('',#12377);
#4657=VERTEX_POINT('',#12380);
#4658=VERTEX_POINT('',#12381);
#4659=VERTEX_POINT('',#12383);
#4660=VERTEX_POINT('',#12385);
#4661=VERTEX_POINT('',#12387);
#4662=VERTEX_POINT('',#12389);
#4663=VERTEX_POINT('',#12391);
#4664=VERTEX_POINT('',#12394);
#4665=VERTEX_POINT('',#12395);
#4666=VERTEX_POINT('',#12397);
#4667=VERTEX_POINT('',#12399);
#4668=VERTEX_POINT('',#12402);
#4669=VERTEX_POINT('',#12403);
#4670=VERTEX_POINT('',#12405);
#4671=VERTEX_POINT('',#12407);
#4672=VERTEX_POINT('',#12409);
#4673=VERTEX_POINT('',#12411);
#4674=VERTEX_POINT('',#12414);
#4675=VERTEX_POINT('',#12415);
#4676=VERTEX_POINT('',#12417);
#4677=VERTEX_POINT('',#12421);
#4678=VERTEX_POINT('',#12425);
#4679=VERTEX_POINT('',#12427);
#4680=VERTEX_POINT('',#12429);
#4681=VERTEX_POINT('',#12433);
#4682=VERTEX_POINT('',#12437);
#4683=VERTEX_POINT('',#12441);
#4684=VERTEX_POINT('',#12443);
#4685=VERTEX_POINT('',#12447);
#4686=VERTEX_POINT('',#12449);
#4687=VERTEX_POINT('',#12451);
#4688=VERTEX_POINT('',#12453);
#4689=VERTEX_POINT('',#12455);
#4690=VERTEX_POINT('',#12459);
#4691=VERTEX_POINT('',#12463);
#4692=VERTEX_POINT('',#12465);
#4693=VERTEX_POINT('',#12467);
#4694=VERTEX_POINT('',#12471);
#4695=VERTEX_POINT('',#12475);
#4696=VERTEX_POINT('',#12478);
#4697=VERTEX_POINT('',#12479);
#4698=VERTEX_POINT('',#12481);
#4699=VERTEX_POINT('',#12483);
#4700=VERTEX_POINT('',#12485);
#4701=VERTEX_POINT('',#12487);
#4702=VERTEX_POINT('',#12489);
#4703=VERTEX_POINT('',#12491);
#4704=VERTEX_POINT('',#12494);
#4705=VERTEX_POINT('',#12495);
#4706=VERTEX_POINT('',#12497);
#4707=VERTEX_POINT('',#12499);
#4708=VERTEX_POINT('',#12502);
#4709=VERTEX_POINT('',#12503);
#4710=VERTEX_POINT('',#12505);
#4711=VERTEX_POINT('',#12507);
#4712=VERTEX_POINT('',#12509);
#4713=VERTEX_POINT('',#12511);
#4714=VERTEX_POINT('',#12513);
#4715=VERTEX_POINT('',#12516);
#4716=VERTEX_POINT('',#12517);
#4717=VERTEX_POINT('',#12519);
#4718=VERTEX_POINT('',#12521);
#4719=VERTEX_POINT('',#12524);
#4720=VERTEX_POINT('',#12525);
#4721=VERTEX_POINT('',#12527);
#4722=VERTEX_POINT('',#12529);
#4723=VERTEX_POINT('',#12531);
#4724=VERTEX_POINT('',#12533);
#4725=VERTEX_POINT('',#12535);
#4726=VERTEX_POINT('',#12537);
#4727=VERTEX_POINT('',#12540);
#4728=VERTEX_POINT('',#12541);
#4729=VERTEX_POINT('',#12543);
#4730=VERTEX_POINT('',#12545);
#4731=VERTEX_POINT('',#12548);
#4732=VERTEX_POINT('',#12549);
#4733=VERTEX_POINT('',#12551);
#4734=VERTEX_POINT('',#12553);
#4735=VERTEX_POINT('',#12555);
#4736=VERTEX_POINT('',#12557);
#4737=VERTEX_POINT('',#12562);
#4738=VERTEX_POINT('',#12563);
#4739=VERTEX_POINT('',#12565);
#4740=VERTEX_POINT('',#12567);
#4741=VERTEX_POINT('',#12569);
#4742=VERTEX_POINT('',#12571);
#4743=VERTEX_POINT('',#12575);
#4744=VERTEX_POINT('',#12577);
#4745=VERTEX_POINT('',#12579);
#4746=VERTEX_POINT('',#12581);
#4747=VERTEX_POINT('',#12583);
#4748=VERTEX_POINT('',#12585);
#4749=VERTEX_POINT('',#12589);
#4750=VERTEX_POINT('',#12594);
#4751=VERTEX_POINT('',#12595);
#4752=VERTEX_POINT('',#12597);
#4753=VERTEX_POINT('',#12599);
#4754=VERTEX_POINT('',#12601);
#4755=VERTEX_POINT('',#12603);
#4756=VERTEX_POINT('',#12605);
#4757=VERTEX_POINT('',#12607);
#4758=VERTEX_POINT('',#12610);
#4759=VERTEX_POINT('',#12611);
#4760=VERTEX_POINT('',#12613);
#4761=VERTEX_POINT('',#12615);
#4762=VERTEX_POINT('',#12617);
#4763=VERTEX_POINT('',#12619);
#4764=VERTEX_POINT('',#12621);
#4765=VERTEX_POINT('',#12623);
#4766=VERTEX_POINT('',#12626);
#4767=VERTEX_POINT('',#12627);
#4768=VERTEX_POINT('',#12629);
#4769=VERTEX_POINT('',#12631);
#4770=VERTEX_POINT('',#12633);
#4771=VERTEX_POINT('',#12635);
#4772=VERTEX_POINT('',#12637);
#4773=VERTEX_POINT('',#12639);
#4774=VERTEX_POINT('',#12642);
#4775=VERTEX_POINT('',#12643);
#4776=VERTEX_POINT('',#12645);
#4777=VERTEX_POINT('',#12647);
#4778=VERTEX_POINT('',#12650);
#4779=VERTEX_POINT('',#12651);
#4780=VERTEX_POINT('',#12653);
#4781=VERTEX_POINT('',#12655);
#4782=VERTEX_POINT('',#12657);
#4783=VERTEX_POINT('',#12659);
#4784=VERTEX_POINT('',#12661);
#4785=VERTEX_POINT('',#12663);
#4786=VERTEX_POINT('',#12666);
#4787=VERTEX_POINT('',#12667);
#4788=VERTEX_POINT('',#12669);
#4789=VERTEX_POINT('',#12671);
#4790=VERTEX_POINT('',#12674);
#4791=VERTEX_POINT('',#12675);
#4792=VERTEX_POINT('',#12677);
#4793=VERTEX_POINT('',#12679);
#4794=VERTEX_POINT('',#12682);
#4795=VERTEX_POINT('',#12683);
#4796=VERTEX_POINT('',#12685);
#4797=VERTEX_POINT('',#12687);
#4798=VERTEX_POINT('',#12690);
#4799=VERTEX_POINT('',#12691);
#4800=VERTEX_POINT('',#12693);
#4801=VERTEX_POINT('',#12695);
#4802=VERTEX_POINT('',#12698);
#4803=VERTEX_POINT('',#12699);
#4804=VERTEX_POINT('',#12701);
#4805=VERTEX_POINT('',#12703);
#4806=VERTEX_POINT('',#12705);
#4807=VERTEX_POINT('',#12707);
#4808=VERTEX_POINT('',#12709);
#4809=VERTEX_POINT('',#12711);
#4810=VERTEX_POINT('',#12713);
#4811=VERTEX_POINT('',#12715);
#4812=VERTEX_POINT('',#12717);
#4813=VERTEX_POINT('',#12719);
#4814=VERTEX_POINT('',#12723);
#4815=VERTEX_POINT('',#12727);
#4816=VERTEX_POINT('',#12729);
#4817=VERTEX_POINT('',#12731);
#4818=VERTEX_POINT('',#12735);
#4819=VERTEX_POINT('',#12739);
#4820=VERTEX_POINT('',#12741);
#4821=VERTEX_POINT('',#12743);
#4822=VERTEX_POINT('',#12745);
#4823=VERTEX_POINT('',#12747);
#4824=VERTEX_POINT('',#12749);
#4825=VERTEX_POINT('',#12751);
#4826=VERTEX_POINT('',#12755);
#4827=VERTEX_POINT('',#12760);
#4828=VERTEX_POINT('',#12761);
#4829=VERTEX_POINT('',#12763);
#4830=VERTEX_POINT('',#12765);
#4831=VERTEX_POINT('',#12768);
#4832=VERTEX_POINT('',#12769);
#4833=VERTEX_POINT('',#12771);
#4834=VERTEX_POINT('',#12773);
#4835=VERTEX_POINT('',#12775);
#4836=VERTEX_POINT('',#12777);
#4837=VERTEX_POINT('',#12781);
#4838=VERTEX_POINT('',#12782);
#4839=VERTEX_POINT('',#12784);
#4840=VERTEX_POINT('',#12786);
#4841=VERTEX_POINT('',#12789);
#4842=VERTEX_POINT('',#12790);
#4843=VERTEX_POINT('',#12792);
#4844=VERTEX_POINT('',#12794);
#4845=VERTEX_POINT('',#12797);
#4846=VERTEX_POINT('',#12798);
#4847=VERTEX_POINT('',#12800);
#4848=VERTEX_POINT('',#12802);
#4849=VERTEX_POINT('',#12805);
#4850=VERTEX_POINT('',#12806);
#4851=VERTEX_POINT('',#12808);
#4852=VERTEX_POINT('',#12810);
#4853=VERTEX_POINT('',#12812);
#4854=VERTEX_POINT('',#12814);
#4855=VERTEX_POINT('',#12816);
#4856=VERTEX_POINT('',#12818);
#4857=VERTEX_POINT('',#12821);
#4858=VERTEX_POINT('',#12822);
#4859=VERTEX_POINT('',#12824);
#4860=VERTEX_POINT('',#12826);
#4861=VERTEX_POINT('',#12828);
#4862=VERTEX_POINT('',#12830);
#4863=VERTEX_POINT('',#12832);
#4864=VERTEX_POINT('',#12834);
#4865=VERTEX_POINT('',#12837);
#4866=VERTEX_POINT('',#12838);
#4867=VERTEX_POINT('',#12840);
#4868=VERTEX_POINT('',#12842);
#4869=VERTEX_POINT('',#12844);
#4870=VERTEX_POINT('',#12846);
#4871=VERTEX_POINT('',#12848);
#4872=VERTEX_POINT('',#12850);
#4873=VERTEX_POINT('',#12853);
#4874=VERTEX_POINT('',#12854);
#4875=VERTEX_POINT('',#12856);
#4876=VERTEX_POINT('',#12858);
#4877=VERTEX_POINT('',#12860);
#4878=VERTEX_POINT('',#12862);
#4879=VERTEX_POINT('',#12865);
#4880=VERTEX_POINT('',#12866);
#4881=VERTEX_POINT('',#12868);
#4882=VERTEX_POINT('',#12870);
#4883=VERTEX_POINT('',#12872);
#4884=VERTEX_POINT('',#12874);
#4885=VERTEX_POINT('',#12876);
#4886=VERTEX_POINT('',#12878);
#4887=VERTEX_POINT('',#12881);
#4888=VERTEX_POINT('',#12882);
#4889=VERTEX_POINT('',#12884);
#4890=VERTEX_POINT('',#12886);
#4891=VERTEX_POINT('',#12888);
#4892=VERTEX_POINT('',#12890);
#4893=VERTEX_POINT('',#12892);
#4894=VERTEX_POINT('',#12895);
#4895=VERTEX_POINT('',#12896);
#4896=VERTEX_POINT('',#12898);
#4897=VERTEX_POINT('',#12900);
#4898=VERTEX_POINT('',#12902);
#4899=VERTEX_POINT('',#12904);
#4900=VERTEX_POINT('',#12906);
#4901=VERTEX_POINT('',#12908);
#4902=VERTEX_POINT('',#12911);
#4903=VERTEX_POINT('',#12912);
#4904=VERTEX_POINT('',#12914);
#4905=VERTEX_POINT('',#12916);
#4906=VERTEX_POINT('',#12918);
#4907=VERTEX_POINT('',#12920);
#4908=VERTEX_POINT('',#12923);
#4909=VERTEX_POINT('',#12924);
#4910=VERTEX_POINT('',#12926);
#4911=VERTEX_POINT('',#12928);
#4912=VERTEX_POINT('',#12930);
#4913=VERTEX_POINT('',#12932);
#4914=VERTEX_POINT('',#12934);
#4915=VERTEX_POINT('',#12939);
#4916=VERTEX_POINT('',#12940);
#4917=VERTEX_POINT('',#12942);
#4918=VERTEX_POINT('',#12944);
#4919=VERTEX_POINT('',#12946);
#4920=VERTEX_POINT('',#12948);
#4921=VERTEX_POINT('',#12950);
#4922=VERTEX_POINT('',#12954);
#4923=VERTEX_POINT('',#12958);
#4924=VERTEX_POINT('',#12960);
#4925=VERTEX_POINT('',#12962);
#4926=VERTEX_POINT('',#12964);
#4927=VERTEX_POINT('',#12966);
#4928=VERTEX_POINT('',#12968);
#4929=VERTEX_POINT('',#12975);
#4930=VERTEX_POINT('',#12976);
#4931=VERTEX_POINT('',#12980);
#4932=VERTEX_POINT('',#12982);
#4933=VERTEX_POINT('',#12984);
#4934=VERTEX_POINT('',#12986);
#4935=VERTEX_POINT('',#12988);
#4936=VERTEX_POINT('',#12992);
#4937=VERTEX_POINT('',#12996);
#4938=VERTEX_POINT('',#13000);
#4939=VERTEX_POINT('',#13004);
#4940=VERTEX_POINT('',#13008);
#4941=VERTEX_POINT('',#13012);
#4942=VERTEX_POINT('',#13014);
#4943=VERTEX_POINT('',#13016);
#4944=VERTEX_POINT('',#13018);
#4945=VERTEX_POINT('',#13020);
#4946=VERTEX_POINT('',#13024);
#4947=VERTEX_POINT('',#13029);
#4948=VERTEX_POINT('',#13030);
#4949=VERTEX_POINT('',#13034);
#4950=VERTEX_POINT('',#13036);
#4951=VERTEX_POINT('',#13038);
#4952=VERTEX_POINT('',#13043);
#4953=VERTEX_POINT('',#13044);
#4954=VERTEX_POINT('',#13046);
#4955=VERTEX_POINT('',#13048);
#4956=VERTEX_POINT('',#13050);
#4957=VERTEX_POINT('',#13052);
#4958=VERTEX_POINT('',#13054);
#4959=VERTEX_POINT('',#13056);
#4960=VERTEX_POINT('',#13059);
#4961=VERTEX_POINT('',#13060);
#4962=VERTEX_POINT('',#13062);
#4963=VERTEX_POINT('',#13064);
#4964=VERTEX_POINT('',#13066);
#4965=VERTEX_POINT('',#13070);
#4966=VERTEX_POINT('',#13072);
#4967=VERTEX_POINT('',#13074);
#4968=VERTEX_POINT('',#13076);
#4969=VERTEX_POINT('',#13078);
#4970=VERTEX_POINT('',#13080);
#4971=VERTEX_POINT('',#13082);
#4972=VERTEX_POINT('',#13084);
#4973=VERTEX_POINT('',#13086);
#4974=VERTEX_POINT('',#13088);
#4975=VERTEX_POINT('',#13091);
#4976=VERTEX_POINT('',#13092);
#4977=VERTEX_POINT('',#13094);
#4978=VERTEX_POINT('',#13096);
#4979=VERTEX_POINT('',#13098);
#4980=VERTEX_POINT('',#13100);
#4981=VERTEX_POINT('',#13102);
#4982=VERTEX_POINT('',#13104);
#4983=VERTEX_POINT('',#13109);
#4984=VERTEX_POINT('',#13110);
#4985=VERTEX_POINT('',#13112);
#4986=VERTEX_POINT('',#13114);
#4987=VERTEX_POINT('',#13117);
#4988=VERTEX_POINT('',#13118);
#4989=VERTEX_POINT('',#13120);
#4990=VERTEX_POINT('',#13122);
#4991=VERTEX_POINT('',#13126);
#4992=VERTEX_POINT('',#13130);
#4993=VERTEX_POINT('',#13132);
#4994=VERTEX_POINT('',#13134);
#4995=VERTEX_POINT('',#13138);
#4996=VERTEX_POINT('',#13142);
#4997=VERTEX_POINT('',#13144);
#4998=VERTEX_POINT('',#13146);
#4999=VERTEX_POINT('',#13148);
#5000=VERTEX_POINT('',#13150);
#5001=VERTEX_POINT('',#13154);
#5002=VERTEX_POINT('',#13156);
#5003=VERTEX_POINT('',#13160);
#5004=VERTEX_POINT('',#13164);
#5005=VERTEX_POINT('',#13168);
#5006=VERTEX_POINT('',#13170);
#5007=VERTEX_POINT('',#13172);
#5008=VERTEX_POINT('',#13176);
#5009=VERTEX_POINT('',#13181);
#5010=VERTEX_POINT('',#13182);
#5011=VERTEX_POINT('',#13184);
#5012=VERTEX_POINT('',#13186);
#5013=VERTEX_POINT('',#13189);
#5014=VERTEX_POINT('',#13190);
#5015=VERTEX_POINT('',#13192);
#5016=VERTEX_POINT('',#13194);
#5017=VERTEX_POINT('',#13197);
#5018=VERTEX_POINT('',#13198);
#5019=VERTEX_POINT('',#13200);
#5020=VERTEX_POINT('',#13203);
#5021=VERTEX_POINT('',#13204);
#5022=VERTEX_POINT('',#13206);
#5023=VERTEX_POINT('',#13209);
#5024=VERTEX_POINT('',#13210);
#5025=VERTEX_POINT('',#13212);
#5026=VERTEX_POINT('',#13215);
#5027=VERTEX_POINT('',#13216);
#5028=VERTEX_POINT('',#13218);
#5029=VERTEX_POINT('',#13220);
#5030=VERTEX_POINT('',#13223);
#5031=VERTEX_POINT('',#13224);
#5032=VERTEX_POINT('',#13226);
#5033=VERTEX_POINT('',#13229);
#5034=VERTEX_POINT('',#13230);
#5035=VERTEX_POINT('',#13232);
#5036=VERTEX_POINT('',#13235);
#5037=VERTEX_POINT('',#13236);
#5038=VERTEX_POINT('',#13238);
#5039=VERTEX_POINT('',#13240);
#5040=VERTEX_POINT('',#13243);
#5041=VERTEX_POINT('',#13244);
#5042=VERTEX_POINT('',#13246);
#5043=VERTEX_POINT('',#13249);
#5044=VERTEX_POINT('',#13250);
#5045=VERTEX_POINT('',#13252);
#5046=VERTEX_POINT('',#13254);
#5047=VERTEX_POINT('',#13257);
#5048=VERTEX_POINT('',#13258);
#5049=VERTEX_POINT('',#13260);
#5050=VERTEX_POINT('',#13262);
#5051=VERTEX_POINT('',#13265);
#5052=VERTEX_POINT('',#13266);
#5053=VERTEX_POINT('',#13268);
#5054=VERTEX_POINT('',#13271);
#5055=VERTEX_POINT('',#13272);
#5056=VERTEX_POINT('',#13274);
#5057=VERTEX_POINT('',#13276);
#5058=VERTEX_POINT('',#13279);
#5059=VERTEX_POINT('',#13280);
#5060=VERTEX_POINT('',#13282);
#5061=VERTEX_POINT('',#13285);
#5062=VERTEX_POINT('',#13286);
#5063=VERTEX_POINT('',#13288);
#5064=VERTEX_POINT('',#13290);
#5065=VERTEX_POINT('',#13293);
#5066=VERTEX_POINT('',#13294);
#5067=VERTEX_POINT('',#13296);
#5068=VERTEX_POINT('',#13298);
#5069=VERTEX_POINT('',#13301);
#5070=VERTEX_POINT('',#13302);
#5071=VERTEX_POINT('',#13304);
#5072=VERTEX_POINT('',#13306);
#5073=VERTEX_POINT('',#13309);
#5074=VERTEX_POINT('',#13310);
#5075=VERTEX_POINT('',#13312);
#5076=VERTEX_POINT('',#13315);
#5077=VERTEX_POINT('',#13316);
#5078=VERTEX_POINT('',#13318);
#5079=VERTEX_POINT('',#13321);
#5080=VERTEX_POINT('',#13322);
#5081=VERTEX_POINT('',#13324);
#5082=VERTEX_POINT('',#13326);
#5083=VERTEX_POINT('',#13329);
#5084=VERTEX_POINT('',#13330);
#5085=VERTEX_POINT('',#13332);
#5086=VERTEX_POINT('',#13334);
#5087=VERTEX_POINT('',#13337);
#5088=VERTEX_POINT('',#13338);
#5089=VERTEX_POINT('',#13340);
#5090=VERTEX_POINT('',#13342);
#5091=VERTEX_POINT('',#13345);
#5092=VERTEX_POINT('',#13346);
#5093=VERTEX_POINT('',#13348);
#5094=VERTEX_POINT('',#13352);
#5095=VERTEX_POINT('',#13356);
#5096=VERTEX_POINT('',#13358);
#5097=VERTEX_POINT('',#13360);
#5098=VERTEX_POINT('',#13362);
#5099=VERTEX_POINT('',#13364);
#5100=VERTEX_POINT('',#13366);
#5101=VERTEX_POINT('',#13368);
#5102=VERTEX_POINT('',#13372);
#5103=VERTEX_POINT('',#13376);
#5104=VERTEX_POINT('',#13378);
#5105=VERTEX_POINT('',#13380);
#5106=VERTEX_POINT('',#13384);
#5107=VERTEX_POINT('',#13388);
#5108=VERTEX_POINT('',#13390);
#5109=VERTEX_POINT('',#13392);
#5110=VERTEX_POINT('',#13394);
#5111=VERTEX_POINT('',#13396);
#5112=VERTEX_POINT('',#13398);
#5113=VERTEX_POINT('',#13400);
#5114=VERTEX_POINT('',#13402);
#5115=VERTEX_POINT('',#13404);
#5116=VERTEX_POINT('',#13409);
#5117=VERTEX_POINT('',#13410);
#5118=VERTEX_POINT('',#13414);
#5119=VERTEX_POINT('',#13416);
#5120=VERTEX_POINT('',#13418);
#5121=VERTEX_POINT('',#13420);
#5122=VERTEX_POINT('',#13422);
#5123=VERTEX_POINT('',#13426);
#5124=VERTEX_POINT('',#13430);
#5125=VERTEX_POINT('',#13434);
#5126=VERTEX_POINT('',#13438);
#5127=VERTEX_POINT('',#13442);
#5128=VERTEX_POINT('',#13446);
#5129=VERTEX_POINT('',#13448);
#5130=VERTEX_POINT('',#13450);
#5131=VERTEX_POINT('',#13452);
#5132=VERTEX_POINT('',#13454);
#5133=VERTEX_POINT('',#13458);
#5134=VERTEX_POINT('',#13463);
#5135=VERTEX_POINT('',#13464);
#5136=VERTEX_POINT('',#13466);
#5137=VERTEX_POINT('',#13468);
#5138=VERTEX_POINT('',#13471);
#5139=VERTEX_POINT('',#13472);
#5140=VERTEX_POINT('',#13474);
#5141=VERTEX_POINT('',#13476);
#5142=VERTEX_POINT('',#13479);
#5143=VERTEX_POINT('',#13480);
#5144=VERTEX_POINT('',#13482);
#5145=VERTEX_POINT('',#13484);
#5146=VERTEX_POINT('',#13486);
#5147=VERTEX_POINT('',#13488);
#5148=VERTEX_POINT('',#13491);
#5149=VERTEX_POINT('',#13492);
#5150=VERTEX_POINT('',#13494);
#5151=VERTEX_POINT('',#13496);
#5152=VERTEX_POINT('',#13498);
#5153=VERTEX_POINT('',#13502);
#5154=VERTEX_POINT('',#13504);
#5155=VERTEX_POINT('',#13506);
#5156=VERTEX_POINT('',#13510);
#5157=VERTEX_POINT('',#13512);
#5158=VERTEX_POINT('',#13514);
#5159=VERTEX_POINT('',#13517);
#5160=VERTEX_POINT('',#13518);
#5161=VERTEX_POINT('',#13520);
#5162=VERTEX_POINT('',#13522);
#5163=VERTEX_POINT('',#13524);
#5164=VERTEX_POINT('',#13526);
#5165=VERTEX_POINT('',#13528);
#5166=VERTEX_POINT('',#13530);
#5167=VERTEX_POINT('',#13532);
#5168=VERTEX_POINT('',#13534);
#5169=VERTEX_POINT('',#13536);
#5170=VERTEX_POINT('',#13538);
#5171=VERTEX_POINT('',#13541);
#5172=VERTEX_POINT('',#13542);
#5173=VERTEX_POINT('',#13544);
#5174=VERTEX_POINT('',#13546);
#5175=VERTEX_POINT('',#13549);
#5176=VERTEX_POINT('',#13550);
#5177=VERTEX_POINT('',#13552);
#5178=VERTEX_POINT('',#13554);
#5179=VERTEX_POINT('',#13558);
#5180=VERTEX_POINT('',#13562);
#5181=VERTEX_POINT('',#13564);
#5182=VERTEX_POINT('',#13566);
#5183=VERTEX_POINT('',#13570);
#5184=VERTEX_POINT('',#13574);
#5185=VERTEX_POINT('',#13576);
#5186=VERTEX_POINT('',#13578);
#5187=VERTEX_POINT('',#13580);
#5188=VERTEX_POINT('',#13582);
#5189=VERTEX_POINT('',#13586);
#5190=VERTEX_POINT('',#13588);
#5191=VERTEX_POINT('',#13592);
#5192=VERTEX_POINT('',#13596);
#5193=VERTEX_POINT('',#13600);
#5194=VERTEX_POINT('',#13602);
#5195=VERTEX_POINT('',#13604);
#5196=VERTEX_POINT('',#13608);
#5197=VERTEX_POINT('',#13613);
#5198=VERTEX_POINT('',#13614);
#5199=VERTEX_POINT('',#13616);
#5200=VERTEX_POINT('',#13618);
#5201=VERTEX_POINT('',#13621);
#5202=VERTEX_POINT('',#13622);
#5203=VERTEX_POINT('',#13624);
#5204=VERTEX_POINT('',#13626);
#5205=VERTEX_POINT('',#13629);
#5206=VERTEX_POINT('',#13630);
#5207=VERTEX_POINT('',#13632);
#5208=VERTEX_POINT('',#13634);
#5209=VERTEX_POINT('',#13637);
#5210=VERTEX_POINT('',#13638);
#5211=VERTEX_POINT('',#13642);
#5212=VERTEX_POINT('',#13646);
#5213=VERTEX_POINT('',#13650);
#5214=VERTEX_POINT('',#13652);
#5215=VERTEX_POINT('',#13654);
#5216=VERTEX_POINT('',#13656);
#5217=VERTEX_POINT('',#13658);
#5218=VERTEX_POINT('',#13660);
#5219=VERTEX_POINT('',#13664);
#5220=VERTEX_POINT('',#13666);
#5221=VERTEX_POINT('',#13668);
#5222=VERTEX_POINT('',#13671);
#5223=VERTEX_POINT('',#13672);
#5224=VERTEX_POINT('',#13674);
#5225=VERTEX_POINT('',#13676);
#5226=VERTEX_POINT('',#13678);
#5227=VERTEX_POINT('',#13680);
#5228=VERTEX_POINT('',#13682);
#5229=VERTEX_POINT('',#13684);
#5230=VERTEX_POINT('',#13687);
#5231=VERTEX_POINT('',#13688);
#5232=VERTEX_POINT('',#13690);
#5233=VERTEX_POINT('',#13692);
#5234=VERTEX_POINT('',#13695);
#5235=VERTEX_POINT('',#13696);
#5236=VERTEX_POINT('',#13698);
#5237=VERTEX_POINT('',#13700);
#5238=VERTEX_POINT('',#13703);
#5239=VERTEX_POINT('',#13704);
#5240=VERTEX_POINT('',#13706);
#5241=VERTEX_POINT('',#13708);
#5242=VERTEX_POINT('',#13711);
#5243=VERTEX_POINT('',#13712);
#5244=VERTEX_POINT('',#13714);
#5245=VERTEX_POINT('',#13718);
#5246=VERTEX_POINT('',#13722);
#5247=VERTEX_POINT('',#13724);
#5248=VERTEX_POINT('',#13726);
#5249=VERTEX_POINT('',#13728);
#5250=VERTEX_POINT('',#13730);
#5251=VERTEX_POINT('',#13732);
#5252=VERTEX_POINT('',#13734);
#5253=VERTEX_POINT('',#13738);
#5254=VERTEX_POINT('',#13742);
#5255=VERTEX_POINT('',#13744);
#5256=VERTEX_POINT('',#13746);
#5257=VERTEX_POINT('',#13750);
#5258=VERTEX_POINT('',#13754);
#5259=VERTEX_POINT('',#13756);
#5260=VERTEX_POINT('',#13758);
#5261=VERTEX_POINT('',#13760);
#5262=VERTEX_POINT('',#13762);
#5263=VERTEX_POINT('',#13764);
#5264=VERTEX_POINT('',#13766);
#5265=VERTEX_POINT('',#13768);
#5266=VERTEX_POINT('',#13770);
#5267=VERTEX_POINT('',#13773);
#5268=VERTEX_POINT('',#13774);
#5269=VERTEX_POINT('',#13776);
#5270=VERTEX_POINT('',#13778);
#5271=VERTEX_POINT('',#13780);
#5272=VERTEX_POINT('',#13782);
#5273=LINE('',#11775,#6271);
#5274=LINE('',#11778,#6272);
#5275=LINE('',#11780,#6273);
#5276=LINE('',#11782,#6274);
#5277=LINE('',#11783,#6275);
#5278=LINE('',#11786,#6276);
#5279=LINE('',#11788,#6277);
#5280=LINE('',#11789,#6278);
#5281=LINE('',#11792,#6279);
#5282=LINE('',#11794,#6280);
#5283=LINE('',#11795,#6281);
#5284=LINE('',#11798,#6282);
#5285=LINE('',#11800,#6283);
#5286=LINE('',#11802,#6284);
#5287=LINE('',#11803,#6285);
#5288=LINE('',#11806,#6286);
#5289=LINE('',#11808,#6287);
#5290=LINE('',#11810,#6288);
#5291=LINE('',#11811,#6289);
#5292=LINE('',#11814,#6290);
#5293=LINE('',#11816,#6291);
#5294=LINE('',#11818,#6292);
#5295=LINE('',#11819,#6293);
#5296=LINE('',#11822,#6294);
#5297=LINE('',#11824,#6295);
#5298=LINE('',#11825,#6296);
#5299=LINE('',#11828,#6297);
#5300=LINE('',#11830,#6298);
#5301=LINE('',#11832,#6299);
#5302=LINE('',#11833,#6300);
#5303=LINE('',#11836,#6301);
#5304=LINE('',#11838,#6302);
#5305=LINE('',#11839,#6303);
#5306=LINE('',#11842,#6304);
#5307=LINE('',#11844,#6305);
#5308=LINE('',#11846,#6306);
#5309=LINE('',#11847,#6307);
#5310=LINE('',#11850,#6308);
#5311=LINE('',#11852,#6309);
#5312=LINE('',#11854,#6310);
#5313=LINE('',#11855,#6311);
#5314=LINE('',#11858,#6312);
#5315=LINE('',#11860,#6313);
#5316=LINE('',#11861,#6314);
#5317=LINE('',#11864,#6315);
#5318=LINE('',#11866,#6316);
#5319=LINE('',#11868,#6317);
#5320=LINE('',#11869,#6318);
#5321=LINE('',#11872,#6319);
#5322=LINE('',#11874,#6320);
#5323=LINE('',#11875,#6321);
#5324=LINE('',#11878,#6322);
#5325=LINE('',#11880,#6323);
#5326=LINE('',#11881,#6324);
#5327=LINE('',#11884,#6325);
#5328=LINE('',#11886,#6326);
#5329=LINE('',#11888,#6327);
#5330=LINE('',#11889,#6328);
#5331=LINE('',#11892,#6329);
#5332=LINE('',#11894,#6330);
#5333=LINE('',#11895,#6331);
#5334=LINE('',#11898,#6332);
#5335=LINE('',#11900,#6333);
#5336=LINE('',#11901,#6334);
#5337=LINE('',#11904,#6335);
#5338=LINE('',#11906,#6336);
#5339=LINE('',#11907,#6337);
#5340=LINE('',#11910,#6338);
#5341=LINE('',#11912,#6339);
#5342=LINE('',#11914,#6340);
#5343=LINE('',#11915,#6341);
#5344=LINE('',#11918,#6342);
#5345=LINE('',#11920,#6343);
#5346=LINE('',#11922,#6344);
#5347=LINE('',#11923,#6345);
#5348=LINE('',#11926,#6346);
#5349=LINE('',#11928,#6347);
#5350=LINE('',#11930,#6348);
#5351=LINE('',#11931,#6349);
#5352=LINE('',#11934,#6350);
#5353=LINE('',#11968,#6351);
#5354=LINE('',#11970,#6352);
#5355=LINE('',#11972,#6353);
#5356=LINE('',#11994,#6354);
#5357=LINE('',#11995,#6355);
#5358=LINE('',#11998,#6356);
#5359=LINE('',#12000,#6357);
#5360=LINE('',#12002,#6358);
#5361=LINE('',#12003,#6359);
#5362=LINE('',#12006,#6360);
#5363=LINE('',#12008,#6361);
#5364=LINE('',#12010,#6362);
#5365=LINE('',#12014,#6363);
#5366=LINE('',#12016,#6364);
#5367=LINE('',#12018,#6365);
#5368=LINE('',#12024,#6366);
#5369=LINE('',#12026,#6367);
#5370=LINE('',#12028,#6368);
#5371=LINE('',#12054,#6369);
#5372=LINE('',#12056,#6370);
#5373=LINE('',#12058,#6371);
#5374=LINE('',#12076,#6372);
#5375=LINE('',#12084,#6373);
#5376=LINE('',#12086,#6374);
#5377=LINE('',#12088,#6375);
#5378=LINE('',#12112,#6376);
#5379=LINE('',#12142,#6377);
#5380=LINE('',#12147,#6378);
#5381=LINE('',#12150,#6379);
#5382=LINE('',#12152,#6380);
#5383=LINE('',#12162,#6381);
#5384=LINE('',#12164,#6382);
#5385=LINE('',#12176,#6383);
#5386=LINE('',#12178,#6384);
#5387=LINE('',#12179,#6385);
#5388=LINE('',#12182,#6386);
#5389=LINE('',#12184,#6387);
#5390=LINE('',#12186,#6388);
#5391=LINE('',#12187,#6389);
#5392=LINE('',#12190,#6390);
#5393=LINE('',#12192,#6391);
#5394=LINE('',#12194,#6392);
#5395=LINE('',#12196,#6393);
#5396=LINE('',#12198,#6394);
#5397=LINE('',#12200,#6395);
#5398=LINE('',#12202,#6396);
#5399=LINE('',#12203,#6397);
#5400=LINE('',#12206,#6398);
#5401=LINE('',#12208,#6399);
#5402=LINE('',#12210,#6400);
#5403=LINE('',#12216,#6401);
#5404=LINE('',#12224,#6402);
#5405=LINE('',#12228,#6403);
#5406=LINE('',#12234,#6404);
#5407=LINE('',#12258,#6405);
#5408=LINE('',#12288,#6406);
#5409=LINE('',#12308,#6407);
#5410=LINE('',#12318,#6408);
#5411=LINE('',#12336,#6409);
#5412=LINE('',#12350,#6410);
#5413=LINE('',#12358,#6411);
#5414=LINE('',#12368,#6412);
#5415=LINE('',#12370,#6413);
#5416=LINE('',#12372,#6414);
#5417=LINE('',#12379,#6415);
#5418=LINE('',#12382,#6416);
#5419=LINE('',#12384,#6417);
#5420=LINE('',#12386,#6418);
#5421=LINE('',#12388,#6419);
#5422=LINE('',#12390,#6420);
#5423=LINE('',#12392,#6421);
#5424=LINE('',#12393,#6422);
#5425=LINE('',#12396,#6423);
#5426=LINE('',#12398,#6424);
#5427=LINE('',#12400,#6425);
#5428=LINE('',#12401,#6426);
#5429=LINE('',#12404,#6427);
#5430=LINE('',#12406,#6428);
#5431=LINE('',#12408,#6429);
#5432=LINE('',#12410,#6430);
#5433=LINE('',#12412,#6431);
#5434=LINE('',#12413,#6432);
#5435=LINE('',#12416,#6433);
#5436=LINE('',#12450,#6434);
#5437=LINE('',#12452,#6435);
#5438=LINE('',#12454,#6436);
#5439=LINE('',#12476,#6437);
#5440=LINE('',#12477,#6438);
#5441=LINE('',#12480,#6439);
#5442=LINE('',#12482,#6440);
#5443=LINE('',#12484,#6441);
#5444=LINE('',#12486,#6442);
#5445=LINE('',#12488,#6443);
#5446=LINE('',#12490,#6444);
#5447=LINE('',#12492,#6445);
#5448=LINE('',#12493,#6446);
#5449=LINE('',#12496,#6447);
#5450=LINE('',#12498,#6448);
#5451=LINE('',#12500,#6449);
#5452=LINE('',#12501,#6450);
#5453=LINE('',#12504,#6451);
#5454=LINE('',#12506,#6452);
#5455=LINE('',#12508,#6453);
#5456=LINE('',#12510,#6454);
#5457=LINE('',#12512,#6455);
#5458=LINE('',#12514,#6456);
#5459=LINE('',#12515,#6457);
#5460=LINE('',#12518,#6458);
#5461=LINE('',#12520,#6459);
#5462=LINE('',#12522,#6460);
#5463=LINE('',#12523,#6461);
#5464=LINE('',#12526,#6462);
#5465=LINE('',#12528,#6463);
#5466=LINE('',#12530,#6464);
#5467=LINE('',#12532,#6465);
#5468=LINE('',#12534,#6466);
#5469=LINE('',#12536,#6467);
#5470=LINE('',#12538,#6468);
#5471=LINE('',#12539,#6469);
#5472=LINE('',#12542,#6470);
#5473=LINE('',#12544,#6471);
#5474=LINE('',#12546,#6472);
#5475=LINE('',#12547,#6473);
#5476=LINE('',#12550,#6474);
#5477=LINE('',#12552,#6475);
#5478=LINE('',#12554,#6476);
#5479=LINE('',#12556,#6477);
#5480=LINE('',#12558,#6478);
#5481=LINE('',#12564,#6479);
#5482=LINE('',#12584,#6480);
#5483=LINE('',#12593,#6481);
#5484=LINE('',#12596,#6482);
#5485=LINE('',#12598,#6483);
#5486=LINE('',#12600,#6484);
#5487=LINE('',#12602,#6485);
#5488=LINE('',#12604,#6486);
#5489=LINE('',#12606,#6487);
#5490=LINE('',#12608,#6488);
#5491=LINE('',#12609,#6489);
#5492=LINE('',#12612,#6490);
#5493=LINE('',#12614,#6491);
#5494=LINE('',#12616,#6492);
#5495=LINE('',#12618,#6493);
#5496=LINE('',#12620,#6494);
#5497=LINE('',#12622,#6495);
#5498=LINE('',#12624,#6496);
#5499=LINE('',#12625,#6497);
#5500=LINE('',#12628,#6498);
#5501=LINE('',#12630,#6499);
#5502=LINE('',#12632,#6500);
#5503=LINE('',#12634,#6501);
#5504=LINE('',#12636,#6502);
#5505=LINE('',#12638,#6503);
#5506=LINE('',#12640,#6504);
#5507=LINE('',#12641,#6505);
#5508=LINE('',#12644,#6506);
#5509=LINE('',#12646,#6507);
#5510=LINE('',#12648,#6508);
#5511=LINE('',#12649,#6509);
#5512=LINE('',#12652,#6510);
#5513=LINE('',#12654,#6511);
#5514=LINE('',#12656,#6512);
#5515=LINE('',#12658,#6513);
#5516=LINE('',#12660,#6514);
#5517=LINE('',#12662,#6515);
#5518=LINE('',#12664,#6516);
#5519=LINE('',#12665,#6517);
#5520=LINE('',#12668,#6518);
#5521=LINE('',#12670,#6519);
#5522=LINE('',#12672,#6520);
#5523=LINE('',#12673,#6521);
#5524=LINE('',#12676,#6522);
#5525=LINE('',#12678,#6523);
#5526=LINE('',#12680,#6524);
#5527=LINE('',#12681,#6525);
#5528=LINE('',#12684,#6526);
#5529=LINE('',#12686,#6527);
#5530=LINE('',#12688,#6528);
#5531=LINE('',#12689,#6529);
#5532=LINE('',#12692,#6530);
#5533=LINE('',#12694,#6531);
#5534=LINE('',#12696,#6532);
#5535=LINE('',#12700,#6533);
#5536=LINE('',#12702,#6534);
#5537=LINE('',#12704,#6535);
#5538=LINE('',#12710,#6536);
#5539=LINE('',#12712,#6537);
#5540=LINE('',#12714,#6538);
#5541=LINE('',#12740,#6539);
#5542=LINE('',#12742,#6540);
#5543=LINE('',#12744,#6541);
#5544=LINE('',#12759,#6542);
#5545=LINE('',#12762,#6543);
#5546=LINE('',#12764,#6544);
#5547=LINE('',#12766,#6545);
#5548=LINE('',#12767,#6546);
#5549=LINE('',#12770,#6547);
#5550=LINE('',#12772,#6548);
#5551=LINE('',#12774,#6549);
#5552=LINE('',#12776,#6550);
#5553=LINE('',#12778,#6551);
#5554=LINE('',#12780,#6552);
#5555=LINE('',#12783,#6553);
#5556=LINE('',#12785,#6554);
#5557=LINE('',#12787,#6555);
#5558=LINE('',#12788,#6556);
#5559=LINE('',#12791,#6557);
#5560=LINE('',#12793,#6558);
#5561=LINE('',#12795,#6559);
#5562=LINE('',#12796,#6560);
#5563=LINE('',#12799,#6561);
#5564=LINE('',#12801,#6562);
#5565=LINE('',#12803,#6563);
#5566=LINE('',#12804,#6564);
#5567=LINE('',#12807,#6565);
#5568=LINE('',#12809,#6566);
#5569=LINE('',#12811,#6567);
#5570=LINE('',#12813,#6568);
#5571=LINE('',#12815,#6569);
#5572=LINE('',#12817,#6570);
#5573=LINE('',#12819,#6571);
#5574=LINE('',#12820,#6572);
#5575=LINE('',#12823,#6573);
#5576=LINE('',#12825,#6574);
#5577=LINE('',#12827,#6575);
#5578=LINE('',#12829,#6576);
#5579=LINE('',#12831,#6577);
#5580=LINE('',#12833,#6578);
#5581=LINE('',#12835,#6579);
#5582=LINE('',#12836,#6580);
#5583=LINE('',#12839,#6581);
#5584=LINE('',#12841,#6582);
#5585=LINE('',#12843,#6583);
#5586=LINE('',#12845,#6584);
#5587=LINE('',#12847,#6585);
#5588=LINE('',#12849,#6586);
#5589=LINE('',#12851,#6587);
#5590=LINE('',#12852,#6588);
#5591=LINE('',#12855,#6589);
#5592=LINE('',#12857,#6590);
#5593=LINE('',#12859,#6591);
#5594=LINE('',#12861,#6592);
#5595=LINE('',#12863,#6593);
#5596=LINE('',#12864,#6594);
#5597=LINE('',#12867,#6595);
#5598=LINE('',#12869,#6596);
#5599=LINE('',#12871,#6597);
#5600=LINE('',#12873,#6598);
#5601=LINE('',#12875,#6599);
#5602=LINE('',#12877,#6600);
#5603=LINE('',#12879,#6601);
#5604=LINE('',#12880,#6602);
#5605=LINE('',#12883,#6603);
#5606=LINE('',#12885,#6604);
#5607=LINE('',#12887,#6605);
#5608=LINE('',#12889,#6606);
#5609=LINE('',#12891,#6607);
#5610=LINE('',#12893,#6608);
#5611=LINE('',#12894,#6609);
#5612=LINE('',#12897,#6610);
#5613=LINE('',#12899,#6611);
#5614=LINE('',#12901,#6612);
#5615=LINE('',#12903,#6613);
#5616=LINE('',#12905,#6614);
#5617=LINE('',#12907,#6615);
#5618=LINE('',#12909,#6616);
#5619=LINE('',#12910,#6617);
#5620=LINE('',#12913,#6618);
#5621=LINE('',#12915,#6619);
#5622=LINE('',#12917,#6620);
#5623=LINE('',#12919,#6621);
#5624=LINE('',#12921,#6622);
#5625=LINE('',#12922,#6623);
#5626=LINE('',#12925,#6624);
#5627=LINE('',#12927,#6625);
#5628=LINE('',#12929,#6626);
#5629=LINE('',#12931,#6627);
#5630=LINE('',#12933,#6628);
#5631=LINE('',#12935,#6629);
#5632=LINE('',#12947,#6630);
#5633=LINE('',#12961,#6631);
#5634=LINE('',#12985,#6632);
#5635=LINE('',#13015,#6633);
#5636=LINE('',#13028,#6634);
#5637=LINE('',#13035,#6635);
#5638=LINE('',#13042,#6636);
#5639=LINE('',#13045,#6637);
#5640=LINE('',#13047,#6638);
#5641=LINE('',#13049,#6639);
#5642=LINE('',#13051,#6640);
#5643=LINE('',#13053,#6641);
#5644=LINE('',#13055,#6642);
#5645=LINE('',#13057,#6643);
#5646=LINE('',#13058,#6644);
#5647=LINE('',#13061,#6645);
#5648=LINE('',#13063,#6646);
#5649=LINE('',#13065,#6647);
#5650=LINE('',#13077,#6648);
#5651=LINE('',#13079,#6649);
#5652=LINE('',#13089,#6650);
#5653=LINE('',#13090,#6651);
#5654=LINE('',#13097,#6652);
#5655=LINE('',#13099,#6653);
#5656=LINE('',#13101,#6654);
#5657=LINE('',#13108,#6655);
#5658=LINE('',#13111,#6656);
#5659=LINE('',#13113,#6657);
#5660=LINE('',#13115,#6658);
#5661=LINE('',#13116,#6659);
#5662=LINE('',#13119,#6660);
#5663=LINE('',#13121,#6661);
#5664=LINE('',#13143,#6662);
#5665=LINE('',#13145,#6663);
#5666=LINE('',#13147,#6664);
#5667=LINE('',#13180,#6665);
#5668=LINE('',#13183,#6666);
#5669=LINE('',#13185,#6667);
#5670=LINE('',#13187,#6668);
#5671=LINE('',#13188,#6669);
#5672=LINE('',#13191,#6670);
#5673=LINE('',#13193,#6671);
#5674=LINE('',#13195,#6672);
#5675=LINE('',#13196,#6673);
#5676=LINE('',#13199,#6674);
#5677=LINE('',#13201,#6675);
#5678=LINE('',#13202,#6676);
#5679=LINE('',#13205,#6677);
#5680=LINE('',#13207,#6678);
#5681=LINE('',#13208,#6679);
#5682=LINE('',#13211,#6680);
#5683=LINE('',#13213,#6681);
#5684=LINE('',#13214,#6682);
#5685=LINE('',#13217,#6683);
#5686=LINE('',#13219,#6684);
#5687=LINE('',#13221,#6685);
#5688=LINE('',#13222,#6686);
#5689=LINE('',#13225,#6687);
#5690=LINE('',#13227,#6688);
#5691=LINE('',#13228,#6689);
#5692=LINE('',#13231,#6690);
#5693=LINE('',#13233,#6691);
#5694=LINE('',#13234,#6692);
#5695=LINE('',#13237,#6693);
#5696=LINE('',#13239,#6694);
#5697=LINE('',#13241,#6695);
#5698=LINE('',#13242,#6696);
#5699=LINE('',#13245,#6697);
#5700=LINE('',#13247,#6698);
#5701=LINE('',#13248,#6699);
#5702=LINE('',#13251,#6700);
#5703=LINE('',#13253,#6701);
#5704=LINE('',#13255,#6702);
#5705=LINE('',#13256,#6703);
#5706=LINE('',#13259,#6704);
#5707=LINE('',#13261,#6705);
#5708=LINE('',#13263,#6706);
#5709=LINE('',#13264,#6707);
#5710=LINE('',#13267,#6708);
#5711=LINE('',#13269,#6709);
#5712=LINE('',#13270,#6710);
#5713=LINE('',#13273,#6711);
#5714=LINE('',#13275,#6712);
#5715=LINE('',#13277,#6713);
#5716=LINE('',#13278,#6714);
#5717=LINE('',#13281,#6715);
#5718=LINE('',#13283,#6716);
#5719=LINE('',#13284,#6717);
#5720=LINE('',#13287,#6718);
#5721=LINE('',#13289,#6719);
#5722=LINE('',#13291,#6720);
#5723=LINE('',#13292,#6721);
#5724=LINE('',#13295,#6722);
#5725=LINE('',#13297,#6723);
#5726=LINE('',#13299,#6724);
#5727=LINE('',#13300,#6725);
#5728=LINE('',#13303,#6726);
#5729=LINE('',#13305,#6727);
#5730=LINE('',#13307,#6728);
#5731=LINE('',#13308,#6729);
#5732=LINE('',#13311,#6730);
#5733=LINE('',#13313,#6731);
#5734=LINE('',#13314,#6732);
#5735=LINE('',#13317,#6733);
#5736=LINE('',#13319,#6734);
#5737=LINE('',#13320,#6735);
#5738=LINE('',#13323,#6736);
#5739=LINE('',#13325,#6737);
#5740=LINE('',#13327,#6738);
#5741=LINE('',#13328,#6739);
#5742=LINE('',#13331,#6740);
#5743=LINE('',#13333,#6741);
#5744=LINE('',#13335,#6742);
#5745=LINE('',#13336,#6743);
#5746=LINE('',#13339,#6744);
#5747=LINE('',#13341,#6745);
#5748=LINE('',#13343,#6746);
#5749=LINE('',#13344,#6747);
#5750=LINE('',#13363,#6748);
#5751=LINE('',#13365,#6749);
#5752=LINE('',#13367,#6750);
#5753=LINE('',#13393,#6751);
#5754=LINE('',#13395,#6752);
#5755=LINE('',#13397,#6753);
#5756=LINE('',#13403,#6754);
#5757=LINE('',#13405,#6755);
#5758=LINE('',#13419,#6756);
#5759=LINE('',#13449,#6757);
#5760=LINE('',#13462,#6758);
#5761=LINE('',#13465,#6759);
#5762=LINE('',#13467,#6760);
#5763=LINE('',#13469,#6761);
#5764=LINE('',#13470,#6762);
#5765=LINE('',#13473,#6763);
#5766=LINE('',#13475,#6764);
#5767=LINE('',#13477,#6765);
#5768=LINE('',#13478,#6766);
#5769=LINE('',#13485,#6767);
#5770=LINE('',#13495,#6768);
#5771=LINE('',#13505,#6769);
#5772=LINE('',#13516,#6770);
#5773=LINE('',#13527,#6771);
#5774=LINE('',#13529,#6772);
#5775=LINE('',#13531,#6773);
#5776=LINE('',#13540,#6774);
#5777=LINE('',#13543,#6775);
#5778=LINE('',#13545,#6776);
#5779=LINE('',#13547,#6777);
#5780=LINE('',#13548,#6778);
#5781=LINE('',#13551,#6779);
#5782=LINE('',#13553,#6780);
#5783=LINE('',#13575,#6781);
#5784=LINE('',#13577,#6782);
#5785=LINE('',#13579,#6783);
#5786=LINE('',#13612,#6784);
#5787=LINE('',#13615,#6785);
#5788=LINE('',#13617,#6786);
#5789=LINE('',#13619,#6787);
#5790=LINE('',#13620,#6788);
#5791=LINE('',#13623,#6789);
#5792=LINE('',#13625,#6790);
#5793=LINE('',#13627,#6791);
#5794=LINE('',#13628,#6792);
#5795=LINE('',#13631,#6793);
#5796=LINE('',#13633,#6794);
#5797=LINE('',#13635,#6795);
#5798=LINE('',#13636,#6796);
#5799=LINE('',#13651,#6797);
#5800=LINE('',#13670,#6798);
#5801=LINE('',#13673,#6799);
#5802=LINE('',#13675,#6800);
#5803=LINE('',#13677,#6801);
#5804=LINE('',#13679,#6802);
#5805=LINE('',#13681,#6803);
#5806=LINE('',#13683,#6804);
#5807=LINE('',#13685,#6805);
#5808=LINE('',#13686,#6806);
#5809=LINE('',#13689,#6807);
#5810=LINE('',#13691,#6808);
#5811=LINE('',#13693,#6809);
#5812=LINE('',#13694,#6810);
#5813=LINE('',#13697,#6811);
#5814=LINE('',#13699,#6812);
#5815=LINE('',#13701,#6813);
#5816=LINE('',#13702,#6814);
#5817=LINE('',#13705,#6815);
#5818=LINE('',#13707,#6816);
#5819=LINE('',#13709,#6817);
#5820=LINE('',#13710,#6818);
#5821=LINE('',#13729,#6819);
#5822=LINE('',#13731,#6820);
#5823=LINE('',#13733,#6821);
#5824=LINE('',#13759,#6822);
#5825=LINE('',#13761,#6823);
#5826=LINE('',#13763,#6824);
#5827=LINE('',#13769,#6825);
#5828=LINE('',#13771,#6826);
#5829=LINE('',#13772,#6827);
#5830=LINE('',#13775,#6828);
#5831=LINE('',#13777,#6829);
#5832=LINE('',#13779,#6830);
#5833=LINE('',#13781,#6831);
#5834=LINE('',#13783,#6832);
#5835=LINE('',#13785,#6833);
#5836=LINE('',#13786,#6834);
#5837=LINE('',#13788,#6835);
#5838=LINE('',#13790,#6836);
#5839=LINE('',#13792,#6837);
#5840=LINE('',#13793,#6838);
#5841=LINE('',#13795,#6839);
#5842=LINE('',#13797,#6840);
#5843=LINE('',#13799,#6841);
#5844=LINE('',#13800,#6842);
#5845=LINE('',#13802,#6843);
#5846=LINE('',#13804,#6844);
#5847=LINE('',#13805,#6845);
#5848=LINE('',#13807,#6846);
#5849=LINE('',#13809,#6847);
#5850=LINE('',#13810,#6848);
#5851=LINE('',#13812,#6849);
#5852=LINE('',#13814,#6850);
#5853=LINE('',#13815,#6851);
#5854=LINE('',#13817,#6852);
#5855=LINE('',#13819,#6853);
#5856=LINE('',#13821,#6854);
#5857=LINE('',#13822,#6855);
#5858=LINE('',#13824,#6856);
#5859=LINE('',#13826,#6857);
#5860=LINE('',#13827,#6858);
#5861=LINE('',#13829,#6859);
#5862=LINE('',#13831,#6860);
#5863=LINE('',#13832,#6861);
#5864=LINE('',#13834,#6862);
#5865=LINE('',#13836,#6863);
#5866=LINE('',#13838,#6864);
#5867=LINE('',#13839,#6865);
#5868=LINE('',#13841,#6866);
#5869=LINE('',#13843,#6867);
#5870=LINE('',#13844,#6868);
#5871=LINE('',#13846,#6869);
#5872=LINE('',#13848,#6870);
#5873=LINE('',#13850,#6871);
#5874=LINE('',#13851,#6872);
#5875=LINE('',#13853,#6873);
#5876=LINE('',#13855,#6874);
#5877=LINE('',#13857,#6875);
#5878=LINE('',#13858,#6876);
#5879=LINE('',#13860,#6877);
#5880=LINE('',#13862,#6878);
#5881=LINE('',#13863,#6879);
#5882=LINE('',#13865,#6880);
#5883=LINE('',#13867,#6881);
#5884=LINE('',#13869,#6882);
#5885=LINE('',#13870,#6883);
#5886=LINE('',#13872,#6884);
#5887=LINE('',#13874,#6885);
#5888=LINE('',#13875,#6886);
#5889=LINE('',#13877,#6887);
#5890=LINE('',#13879,#6888);
#5891=LINE('',#13881,#6889);
#5892=LINE('',#13882,#6890);
#5893=LINE('',#13884,#6891);
#5894=LINE('',#13886,#6892);
#5895=LINE('',#13888,#6893);
#5896=LINE('',#13889,#6894);
#5897=LINE('',#13891,#6895);
#5898=LINE('',#13893,#6896);
#5899=LINE('',#13895,#6897);
#5900=LINE('',#13896,#6898);
#5901=LINE('',#13898,#6899);
#5902=LINE('',#13900,#6900);
#5903=LINE('',#13901,#6901);
#5904=LINE('',#13903,#6902);
#5905=LINE('',#13905,#6903);
#5906=LINE('',#13906,#6904);
#5907=LINE('',#13908,#6905);
#5908=LINE('',#13910,#6906);
#5909=LINE('',#13933,#6907);
#5910=LINE('',#13934,#6908);
#5911=LINE('',#13936,#6909);
#5912=LINE('',#13938,#6910);
#5913=LINE('',#13948,#6911);
#5914=LINE('',#13949,#6912);
#5915=LINE('',#13951,#6913);
#5916=LINE('',#13960,#6914);
#5917=LINE('',#13962,#6915);
#5918=LINE('',#13971,#6916);
#5919=LINE('',#13980,#6917);
#5920=LINE('',#13989,#6918);
#5921=LINE('',#13991,#6919);
#5922=LINE('',#14000,#6920);
#5923=LINE('',#14002,#6921);
#5924=LINE('',#14004,#6922);
#5925=LINE('',#14006,#6923);
#5926=LINE('',#14008,#6924);
#5927=LINE('',#14017,#6925);
#5928=LINE('',#14026,#6926);
#5929=LINE('',#14028,#6927);
#5930=LINE('',#14030,#6928);
#5931=LINE('',#14039,#6929);
#5932=LINE('',#14048,#6930);
#5933=LINE('',#14050,#6931);
#5934=LINE('',#14052,#6932);
#5935=LINE('',#14055,#6933);
#5936=LINE('',#14056,#6934);
#5937=LINE('',#14058,#6935);
#5938=LINE('',#14060,#6936);
#5939=LINE('',#14063,#6937);
#5940=LINE('',#14064,#6938);
#5941=LINE('',#14066,#6939);
#5942=LINE('',#14068,#6940);
#5943=LINE('',#14071,#6941);
#5944=LINE('',#14072,#6942);
#5945=LINE('',#14074,#6943);
#5946=LINE('',#14076,#6944);
#5947=LINE('',#14078,#6945);
#5948=LINE('',#14080,#6946);
#5949=LINE('',#14082,#6947);
#5950=LINE('',#14084,#6948);
#5951=LINE('',#14086,#6949);
#5952=LINE('',#14088,#6950);
#5953=LINE('',#14097,#6951);
#5954=LINE('',#14106,#6952);
#5955=LINE('',#14108,#6953);
#5956=LINE('',#14110,#6954);
#5957=LINE('',#14119,#6955);
#5958=LINE('',#14128,#6956);
#5959=LINE('',#14130,#6957);
#5960=LINE('',#14132,#6958);
#5961=LINE('',#14134,#6959);
#5962=LINE('',#14136,#6960);
#5963=LINE('',#14138,#6961);
#5964=LINE('',#14140,#6962);
#5965=LINE('',#14149,#6963);
#5966=LINE('',#14158,#6964);
#5967=LINE('',#14160,#6965);
#5968=LINE('',#14163,#6966);
#5969=LINE('',#14164,#6967);
#5970=LINE('',#14166,#6968);
#5971=LINE('',#14175,#6969);
#5972=LINE('',#14177,#6970);
#5973=LINE('',#14179,#6971);
#5974=LINE('',#14181,#6972);
#5975=LINE('',#14183,#6973);
#5976=LINE('',#14193,#6974);
#5977=LINE('',#14194,#6975);
#5978=LINE('',#14196,#6976);
#5979=LINE('',#14205,#6977);
#5980=LINE('',#14207,#6978);
#5981=LINE('',#14209,#6979);
#5982=LINE('',#14211,#6980);
#5983=LINE('',#14220,#6981);
#5984=LINE('',#14229,#6982);
#5985=LINE('',#14238,#6983);
#5986=LINE('',#14247,#6984);
#5987=LINE('',#14256,#6985);
#5988=LINE('',#14265,#6986);
#5989=LINE('',#14267,#6987);
#5990=LINE('',#14269,#6988);
#5991=LINE('',#14271,#6989);
#5992=LINE('',#14273,#6990);
#5993=LINE('',#14282,#6991);
#5994=LINE('',#14292,#6992);
#5995=LINE('',#14293,#6993);
#5996=LINE('',#14295,#6994);
#5997=LINE('',#14297,#6995);
#5998=LINE('',#14299,#6996);
#5999=LINE('',#14301,#6997);
#6000=LINE('',#14303,#6998);
#6001=LINE('',#14305,#6999);
#6002=LINE('',#14307,#7000);
#6003=LINE('',#14309,#7001);
#6004=LINE('',#14311,#7002);
#6005=LINE('',#14320,#7003);
#6006=LINE('',#14322,#7004);
#6007=LINE('',#14324,#7005);
#6008=LINE('',#14326,#7006);
#6009=LINE('',#14329,#7007);
#6010=LINE('',#14330,#7008);
#6011=LINE('',#14332,#7009);
#6012=LINE('',#14334,#7010);
#6013=LINE('',#14337,#7011);
#6014=LINE('',#14338,#7012);
#6015=LINE('',#14340,#7013);
#6016=LINE('',#14342,#7014);
#6017=LINE('',#14344,#7015);
#6018=LINE('',#14346,#7016);
#6019=LINE('',#14348,#7017);
#6020=LINE('',#14350,#7018);
#6021=LINE('',#14353,#7019);
#6022=LINE('',#14354,#7020);
#6023=LINE('',#14356,#7021);
#6024=LINE('',#14358,#7022);
#6025=LINE('',#14361,#7023);
#6026=LINE('',#14362,#7024);
#6027=LINE('',#14364,#7025);
#6028=LINE('',#14373,#7026);
#6029=LINE('',#14382,#7027);
#6030=LINE('',#14385,#7028);
#6031=LINE('',#14386,#7029);
#6032=LINE('',#14388,#7030);
#6033=LINE('',#14390,#7031);
#6034=LINE('',#14392,#7032);
#6035=LINE('',#14394,#7033);
#6036=LINE('',#14404,#7034);
#6037=LINE('',#14405,#7035);
#6038=LINE('',#14407,#7036);
#6039=LINE('',#14416,#7037);
#6040=LINE('',#14418,#7038);
#6041=LINE('',#14420,#7039);
#6042=LINE('',#14422,#7040);
#6043=LINE('',#14431,#7041);
#6044=LINE('',#14440,#7042);
#6045=LINE('',#14449,#7043);
#6046=LINE('',#14458,#7044);
#6047=LINE('',#14467,#7045);
#6048=LINE('',#14476,#7046);
#6049=LINE('',#14478,#7047);
#6050=LINE('',#14480,#7048);
#6051=LINE('',#14482,#7049);
#6052=LINE('',#14484,#7050);
#6053=LINE('',#14493,#7051);
#6054=LINE('',#14503,#7052);
#6055=LINE('',#14504,#7053);
#6056=LINE('',#14506,#7054);
#6057=LINE('',#14508,#7055);
#6058=LINE('',#14517,#7056);
#6059=LINE('',#14519,#7057);
#6060=LINE('',#14521,#7058);
#6061=LINE('',#14530,#7059);
#6062=LINE('',#14532,#7060);
#6063=LINE('',#14534,#7061);
#6064=LINE('',#14536,#7062);
#6065=LINE('',#14539,#7063);
#6066=LINE('',#14540,#7064);
#6067=LINE('',#14542,#7065);
#6068=LINE('',#14551,#7066);
#6069=LINE('',#14553,#7067);
#6070=LINE('',#14555,#7068);
#6071=LINE('',#14557,#7069);
#6072=LINE('',#14566,#7070);
#6073=LINE('',#14575,#7071);
#6074=LINE('',#14577,#7072);
#6075=LINE('',#14579,#7073);
#6076=LINE('',#14581,#7074);
#6077=LINE('',#14583,#7075);
#6078=LINE('',#14585,#7076);
#6079=LINE('',#14595,#7077);
#6080=LINE('',#14596,#7078);
#6081=LINE('',#14598,#7079);
#6082=LINE('',#14600,#7080);
#6083=LINE('',#14602,#7081);
#6084=LINE('',#14604,#7082);
#6085=LINE('',#14606,#7083);
#6086=LINE('',#14608,#7084);
#6087=LINE('',#14610,#7085);
#6088=LINE('',#14612,#7086);
#6089=LINE('',#14614,#7087);
#6090=LINE('',#14616,#7088);
#6091=LINE('',#14619,#7089);
#6092=LINE('',#14620,#7090);
#6093=LINE('',#14622,#7091);
#6094=LINE('',#14624,#7092);
#6095=LINE('',#14626,#7093);
#6096=LINE('',#14628,#7094);
#6097=LINE('',#14630,#7095);
#6098=LINE('',#14633,#7096);
#6099=LINE('',#14634,#7097);
#6100=LINE('',#14636,#7098);
#6101=LINE('',#14638,#7099);
#6102=LINE('',#14641,#7100);
#6103=LINE('',#14642,#7101);
#6104=LINE('',#14644,#7102);
#6105=LINE('',#14646,#7103);
#6106=LINE('',#14648,#7104);
#6107=LINE('',#14650,#7105);
#6108=LINE('',#14660,#7106);
#6109=LINE('',#14661,#7107);
#6110=LINE('',#14663,#7108);
#6111=LINE('',#14672,#7109);
#6112=LINE('',#14674,#7110);
#6113=LINE('',#14683,#7111);
#6114=LINE('',#14692,#7112);
#6115=LINE('',#14701,#7113);
#6116=LINE('',#14703,#7114);
#6117=LINE('',#14712,#7115);
#6118=LINE('',#14714,#7116);
#6119=LINE('',#14716,#7117);
#6120=LINE('',#14718,#7118);
#6121=LINE('',#14720,#7119);
#6122=LINE('',#14729,#7120);
#6123=LINE('',#14738,#7121);
#6124=LINE('',#14740,#7122);
#6125=LINE('',#14742,#7123);
#6126=LINE('',#14751,#7124);
#6127=LINE('',#14760,#7125);
#6128=LINE('',#14762,#7126);
#6129=LINE('',#14764,#7127);
#6130=LINE('',#14767,#7128);
#6131=LINE('',#14768,#7129);
#6132=LINE('',#14770,#7130);
#6133=LINE('',#14772,#7131);
#6134=LINE('',#14774,#7132);
#6135=LINE('',#14776,#7133);
#6136=LINE('',#14778,#7134);
#6137=LINE('',#14780,#7135);
#6138=LINE('',#14783,#7136);
#6139=LINE('',#14784,#7137);
#6140=LINE('',#14786,#7138);
#6141=LINE('',#14788,#7139);
#6142=LINE('',#14791,#7140);
#6143=LINE('',#14792,#7141);
#6144=LINE('',#14794,#7142);
#6145=LINE('',#14796,#7143);
#6146=LINE('',#14798,#7144);
#6147=LINE('',#14800,#7145);
#6148=LINE('',#14802,#7146);
#6149=LINE('',#14805,#7147);
#6150=LINE('',#14806,#7148);
#6151=LINE('',#14808,#7149);
#6152=LINE('',#14810,#7150);
#6153=LINE('',#14813,#7151);
#6154=LINE('',#14814,#7152);
#6155=LINE('',#14816,#7153);
#6156=LINE('',#14818,#7154);
#6157=LINE('',#14820,#7155);
#6158=LINE('',#14822,#7156);
#6159=LINE('',#14824,#7157);
#6160=LINE('',#14826,#7158);
#6161=LINE('',#14829,#7159);
#6162=LINE('',#14830,#7160);
#6163=LINE('',#14832,#7161);
#6164=LINE('',#14834,#7162);
#6165=LINE('',#14837,#7163);
#6166=LINE('',#14838,#7164);
#6167=LINE('',#14840,#7165);
#6168=LINE('',#14842,#7166);
#6169=LINE('',#14844,#7167);
#6170=LINE('',#14846,#7168);
#6171=LINE('',#14849,#7169);
#6172=LINE('',#14850,#7170);
#6173=LINE('',#14852,#7171);
#6174=LINE('',#14854,#7172);
#6175=LINE('',#14863,#7173);
#6176=LINE('',#14865,#7174);
#6177=LINE('',#14867,#7175);
#6178=LINE('',#14869,#7176);
#6179=LINE('',#14871,#7177);
#6180=LINE('',#14873,#7178);
#6181=LINE('',#14882,#7179);
#6182=LINE('',#14891,#7180);
#6183=LINE('',#14900,#7181);
#6184=LINE('',#14903,#7182);
#6185=LINE('',#14904,#7183);
#6186=LINE('',#14906,#7184);
#6187=LINE('',#14908,#7185);
#6188=LINE('',#14910,#7186);
#6189=LINE('',#14912,#7187);
#6190=LINE('',#14914,#7188);
#6191=LINE('',#14916,#7189);
#6192=LINE('',#14919,#7190);
#6193=LINE('',#14920,#7191);
#6194=LINE('',#14922,#7192);
#6195=LINE('',#14924,#7193);
#6196=LINE('',#14926,#7194);
#6197=LINE('',#14928,#7195);
#6198=LINE('',#14930,#7196);
#6199=LINE('',#14932,#7197);
#6200=LINE('',#14935,#7198);
#6201=LINE('',#14936,#7199);
#6202=LINE('',#14938,#7200);
#6203=LINE('',#14940,#7201);
#6204=LINE('',#14942,#7202);
#6205=LINE('',#14944,#7203);
#6206=LINE('',#14946,#7204);
#6207=LINE('',#14948,#7205);
#6208=LINE('',#14951,#7206);
#6209=LINE('',#14952,#7207);
#6210=LINE('',#14954,#7208);
#6211=LINE('',#14956,#7209);
#6212=LINE('',#14959,#7210);
#6213=LINE('',#14960,#7211);
#6214=LINE('',#14962,#7212);
#6215=LINE('',#14964,#7213);
#6216=LINE('',#14966,#7214);
#6217=LINE('',#14968,#7215);
#6218=LINE('',#14970,#7216);
#6219=LINE('',#14972,#7217);
#6220=LINE('',#14975,#7218);
#6221=LINE('',#14976,#7219);
#6222=LINE('',#14978,#7220);
#6223=LINE('',#14980,#7221);
#6224=LINE('',#14983,#7222);
#6225=LINE('',#14984,#7223);
#6226=LINE('',#14986,#7224);
#6227=LINE('',#14988,#7225);
#6228=LINE('',#14991,#7226);
#6229=LINE('',#14992,#7227);
#6230=LINE('',#14994,#7228);
#6231=LINE('',#14996,#7229);
#6232=LINE('',#14999,#7230);
#6233=LINE('',#15000,#7231);
#6234=LINE('',#15002,#7232);
#6235=LINE('',#15004,#7233);
#6236=LINE('',#15007,#7234);
#6237=LINE('',#15008,#7235);
#6238=LINE('',#15010,#7236);
#6239=LINE('',#15012,#7237);
#6240=LINE('',#15014,#7238);
#6241=LINE('',#15016,#7239);
#6242=LINE('',#15018,#7240);
#6243=LINE('',#15020,#7241);
#6244=LINE('',#15022,#7242);
#6245=LINE('',#15024,#7243);
#6246=LINE('',#15033,#7244);
#6247=LINE('',#15042,#7245);
#6248=LINE('',#15044,#7246);
#6249=LINE('',#15046,#7247);
#6250=LINE('',#15055,#7248);
#6251=LINE('',#15064,#7249);
#6252=LINE('',#15066,#7250);
#6253=LINE('',#15068,#7251);
#6254=LINE('',#15070,#7252);
#6255=LINE('',#15072,#7253);
#6256=LINE('',#15074,#7254);
#6257=LINE('',#15076,#7255);
#6258=LINE('',#15085,#7256);
#6259=LINE('',#15094,#7257);
#6260=LINE('',#15096,#7258);
#6261=LINE('',#15099,#7259);
#6262=LINE('',#15100,#7260);
#6263=LINE('',#15102,#7261);
#6264=LINE('',#15104,#7262);
#6265=LINE('',#15107,#7263);
#6266=LINE('',#15108,#7264);
#6267=LINE('',#15110,#7265);
#6268=LINE('',#15112,#7266);
#6269=LINE('',#15114,#7267);
#6270=LINE('',#15116,#7268);
#6271=VECTOR('',#9677,1.);
#6272=VECTOR('',#9678,1.);
#6273=VECTOR('',#9679,1.);
#6274=VECTOR('',#9680,1.);
#6275=VECTOR('',#9681,1.);
#6276=VECTOR('',#9682,1.);
#6277=VECTOR('',#9683,1.);
#6278=VECTOR('',#9684,1.);
#6279=VECTOR('',#9685,1.);
#6280=VECTOR('',#9686,1.);
#6281=VECTOR('',#9687,1.);
#6282=VECTOR('',#9688,1.);
#6283=VECTOR('',#9689,1.);
#6284=VECTOR('',#9690,1.);
#6285=VECTOR('',#9691,1.);
#6286=VECTOR('',#9692,1.);
#6287=VECTOR('',#9693,1.);
#6288=VECTOR('',#9694,1.);
#6289=VECTOR('',#9695,1.);
#6290=VECTOR('',#9696,1.);
#6291=VECTOR('',#9697,1.);
#6292=VECTOR('',#9698,1.);
#6293=VECTOR('',#9699,1.);
#6294=VECTOR('',#9700,1.);
#6295=VECTOR('',#9701,1.);
#6296=VECTOR('',#9702,1.);
#6297=VECTOR('',#9703,1.);
#6298=VECTOR('',#9704,1.);
#6299=VECTOR('',#9705,1.);
#6300=VECTOR('',#9706,1.);
#6301=VECTOR('',#9707,1.);
#6302=VECTOR('',#9708,1.);
#6303=VECTOR('',#9709,1.);
#6304=VECTOR('',#9710,1.);
#6305=VECTOR('',#9711,1.);
#6306=VECTOR('',#9712,1.);
#6307=VECTOR('',#9713,1.);
#6308=VECTOR('',#9714,1.);
#6309=VECTOR('',#9715,1.);
#6310=VECTOR('',#9716,1.);
#6311=VECTOR('',#9717,1.);
#6312=VECTOR('',#9718,1.);
#6313=VECTOR('',#9719,1.);
#6314=VECTOR('',#9720,1.);
#6315=VECTOR('',#9721,1.);
#6316=VECTOR('',#9722,1.);
#6317=VECTOR('',#9723,1.);
#6318=VECTOR('',#9724,1.);
#6319=VECTOR('',#9725,1.);
#6320=VECTOR('',#9726,1.);
#6321=VECTOR('',#9727,1.);
#6322=VECTOR('',#9728,1.);
#6323=VECTOR('',#9729,1.);
#6324=VECTOR('',#9730,1.);
#6325=VECTOR('',#9731,1.);
#6326=VECTOR('',#9732,1.);
#6327=VECTOR('',#9733,1.);
#6328=VECTOR('',#9734,1.);
#6329=VECTOR('',#9735,1.);
#6330=VECTOR('',#9736,1.);
#6331=VECTOR('',#9737,1.);
#6332=VECTOR('',#9738,1.);
#6333=VECTOR('',#9739,1.);
#6334=VECTOR('',#9740,1.);
#6335=VECTOR('',#9741,1.);
#6336=VECTOR('',#9742,1.);
#6337=VECTOR('',#9743,1.);
#6338=VECTOR('',#9744,1.);
#6339=VECTOR('',#9745,1.);
#6340=VECTOR('',#9746,1.);
#6341=VECTOR('',#9747,1.);
#6342=VECTOR('',#9748,1.);
#6343=VECTOR('',#9749,1.);
#6344=VECTOR('',#9750,1.);
#6345=VECTOR('',#9751,1.);
#6346=VECTOR('',#9752,1.);
#6347=VECTOR('',#9753,1.);
#6348=VECTOR('',#9754,1.);
#6349=VECTOR('',#9755,1.);
#6350=VECTOR('',#9756,1.);
#6351=VECTOR('',#9765,1.);
#6352=VECTOR('',#9766,1.);
#6353=VECTOR('',#9767,1.);
#6354=VECTOR('',#9772,1.);
#6355=VECTOR('',#9773,1.);
#6356=VECTOR('',#9774,1.);
#6357=VECTOR('',#9775,1.);
#6358=VECTOR('',#9776,1.);
#6359=VECTOR('',#9777,1.);
#6360=VECTOR('',#9778,1.);
#6361=VECTOR('',#9779,1.);
#6362=VECTOR('',#9780,1.);
#6363=VECTOR('',#9783,1.);
#6364=VECTOR('',#9784,1.);
#6365=VECTOR('',#9785,1.);
#6366=VECTOR('',#9790,1.);
#6367=VECTOR('',#9791,1.);
#6368=VECTOR('',#9792,1.);
#6369=VECTOR('',#9801,1.);
#6370=VECTOR('',#9802,1.);
#6371=VECTOR('',#9803,1.);
#6372=VECTOR('',#9812,1.);
#6373=VECTOR('',#9815,1.);
#6374=VECTOR('',#9816,1.);
#6375=VECTOR('',#9817,1.);
#6376=VECTOR('',#9824,1.);
#6377=VECTOR('',#9829,1.);
#6378=VECTOR('',#9834,1.);
#6379=VECTOR('',#9835,1.);
#6380=VECTOR('',#9836,1.);
#6381=VECTOR('',#9845,1.);
#6382=VECTOR('',#9846,1.);
#6383=VECTOR('',#9853,1.);
#6384=VECTOR('',#9854,1.);
#6385=VECTOR('',#9855,1.);
#6386=VECTOR('',#9856,1.);
#6387=VECTOR('',#9857,1.);
#6388=VECTOR('',#9858,1.);
#6389=VECTOR('',#9859,1.);
#6390=VECTOR('',#9860,1.);
#6391=VECTOR('',#9861,1.);
#6392=VECTOR('',#9862,1.);
#6393=VECTOR('',#9863,1.);
#6394=VECTOR('',#9864,1.);
#6395=VECTOR('',#9865,1.);
#6396=VECTOR('',#9866,1.);
#6397=VECTOR('',#9867,1.);
#6398=VECTOR('',#9868,1.);
#6399=VECTOR('',#9869,1.);
#6400=VECTOR('',#9870,1.);
#6401=VECTOR('',#9871,1.);
#6402=VECTOR('',#9874,1.);
#6403=VECTOR('',#9877,1.);
#6404=VECTOR('',#9882,1.);
#6405=VECTOR('',#9889,1.);
#6406=VECTOR('',#9894,1.);
#6407=VECTOR('',#9909,1.);
#6408=VECTOR('',#9914,1.);
#6409=VECTOR('',#9923,1.);
#6410=VECTOR('',#9928,1.);
#6411=VECTOR('',#9935,1.);
#6412=VECTOR('',#9944,1.);
#6413=VECTOR('',#9945,1.);
#6414=VECTOR('',#9946,1.);
#6415=VECTOR('',#9953,1.);
#6416=VECTOR('',#9954,1.);
#6417=VECTOR('',#9955,1.);
#6418=VECTOR('',#9956,1.);
#6419=VECTOR('',#9957,1.);
#6420=VECTOR('',#9958,1.);
#6421=VECTOR('',#9959,1.);
#6422=VECTOR('',#9960,1.);
#6423=VECTOR('',#9961,1.);
#6424=VECTOR('',#9962,1.);
#6425=VECTOR('',#9963,1.);
#6426=VECTOR('',#9964,1.);
#6427=VECTOR('',#9965,1.);
#6428=VECTOR('',#9966,1.);
#6429=VECTOR('',#9967,1.);
#6430=VECTOR('',#9968,1.);
#6431=VECTOR('',#9969,1.);
#6432=VECTOR('',#9970,1.);
#6433=VECTOR('',#9971,1.);
#6434=VECTOR('',#9980,1.);
#6435=VECTOR('',#9981,1.);
#6436=VECTOR('',#9982,1.);
#6437=VECTOR('',#9987,1.);
#6438=VECTOR('',#9988,1.);
#6439=VECTOR('',#9989,1.);
#6440=VECTOR('',#9990,1.);
#6441=VECTOR('',#9991,1.);
#6442=VECTOR('',#9992,1.);
#6443=VECTOR('',#9993,1.);
#6444=VECTOR('',#9994,1.);
#6445=VECTOR('',#9995,1.);
#6446=VECTOR('',#9996,1.);
#6447=VECTOR('',#9997,1.);
#6448=VECTOR('',#9998,1.);
#6449=VECTOR('',#9999,1.);
#6450=VECTOR('',#10000,1.);
#6451=VECTOR('',#10001,1.);
#6452=VECTOR('',#10002,1.);
#6453=VECTOR('',#10003,1.);
#6454=VECTOR('',#10004,1.);
#6455=VECTOR('',#10005,1.);
#6456=VECTOR('',#10006,1.);
#6457=VECTOR('',#10007,1.);
#6458=VECTOR('',#10008,1.);
#6459=VECTOR('',#10009,1.);
#6460=VECTOR('',#10010,1.);
#6461=VECTOR('',#10011,1.);
#6462=VECTOR('',#10012,1.);
#6463=VECTOR('',#10013,1.);
#6464=VECTOR('',#10014,1.);
#6465=VECTOR('',#10015,1.);
#6466=VECTOR('',#10016,1.);
#6467=VECTOR('',#10017,1.);
#6468=VECTOR('',#10018,1.);
#6469=VECTOR('',#10019,1.);
#6470=VECTOR('',#10020,1.);
#6471=VECTOR('',#10021,1.);
#6472=VECTOR('',#10022,1.);
#6473=VECTOR('',#10023,1.);
#6474=VECTOR('',#10024,1.);
#6475=VECTOR('',#10025,1.);
#6476=VECTOR('',#10026,1.);
#6477=VECTOR('',#10027,1.);
#6478=VECTOR('',#10028,1.);
#6479=VECTOR('',#10029,1.);
#6480=VECTOR('',#10044,1.);
#6481=VECTOR('',#10045,1.);
#6482=VECTOR('',#10046,1.);
#6483=VECTOR('',#10047,1.);
#6484=VECTOR('',#10048,1.);
#6485=VECTOR('',#10049,1.);
#6486=VECTOR('',#10050,1.);
#6487=VECTOR('',#10051,1.);
#6488=VECTOR('',#10052,1.);
#6489=VECTOR('',#10053,1.);
#6490=VECTOR('',#10054,1.);
#6491=VECTOR('',#10055,1.);
#6492=VECTOR('',#10056,1.);
#6493=VECTOR('',#10057,1.);
#6494=VECTOR('',#10058,1.);
#6495=VECTOR('',#10059,1.);
#6496=VECTOR('',#10060,1.);
#6497=VECTOR('',#10061,1.);
#6498=VECTOR('',#10062,1.);
#6499=VECTOR('',#10063,1.);
#6500=VECTOR('',#10064,1.);
#6501=VECTOR('',#10065,1.);
#6502=VECTOR('',#10066,1.);
#6503=VECTOR('',#10067,1.);
#6504=VECTOR('',#10068,1.);
#6505=VECTOR('',#10069,1.);
#6506=VECTOR('',#10070,1.);
#6507=VECTOR('',#10071,1.);
#6508=VECTOR('',#10072,1.);
#6509=VECTOR('',#10073,1.);
#6510=VECTOR('',#10074,1.);
#6511=VECTOR('',#10075,1.);
#6512=VECTOR('',#10076,1.);
#6513=VECTOR('',#10077,1.);
#6514=VECTOR('',#10078,1.);
#6515=VECTOR('',#10079,1.);
#6516=VECTOR('',#10080,1.);
#6517=VECTOR('',#10081,1.);
#6518=VECTOR('',#10082,1.);
#6519=VECTOR('',#10083,1.);
#6520=VECTOR('',#10084,1.);
#6521=VECTOR('',#10085,1.);
#6522=VECTOR('',#10086,1.);
#6523=VECTOR('',#10087,1.);
#6524=VECTOR('',#10088,1.);
#6525=VECTOR('',#10089,1.);
#6526=VECTOR('',#10090,1.);
#6527=VECTOR('',#10091,1.);
#6528=VECTOR('',#10092,1.);
#6529=VECTOR('',#10093,1.);
#6530=VECTOR('',#10094,1.);
#6531=VECTOR('',#10095,1.);
#6532=VECTOR('',#10096,1.);
#6533=VECTOR('',#10099,1.);
#6534=VECTOR('',#10100,1.);
#6535=VECTOR('',#10101,1.);
#6536=VECTOR('',#10106,1.);
#6537=VECTOR('',#10107,1.);
#6538=VECTOR('',#10108,1.);
#6539=VECTOR('',#10117,1.);
#6540=VECTOR('',#10118,1.);
#6541=VECTOR('',#10119,1.);
#6542=VECTOR('',#10126,1.);
#6543=VECTOR('',#10127,1.);
#6544=VECTOR('',#10128,1.);
#6545=VECTOR('',#10129,1.);
#6546=VECTOR('',#10130,1.);
#6547=VECTOR('',#10131,1.);
#6548=VECTOR('',#10132,1.);
#6549=VECTOR('',#10133,1.);
#6550=VECTOR('',#10134,1.);
#6551=VECTOR('',#10135,1.);
#6552=VECTOR('',#10138,1.);
#6553=VECTOR('',#10139,1.);
#6554=VECTOR('',#10140,1.);
#6555=VECTOR('',#10141,1.);
#6556=VECTOR('',#10142,1.);
#6557=VECTOR('',#10143,1.);
#6558=VECTOR('',#10144,1.);
#6559=VECTOR('',#10145,1.);
#6560=VECTOR('',#10146,1.);
#6561=VECTOR('',#10147,1.);
#6562=VECTOR('',#10148,1.);
#6563=VECTOR('',#10149,1.);
#6564=VECTOR('',#10150,1.);
#6565=VECTOR('',#10151,1.);
#6566=VECTOR('',#10152,1.);
#6567=VECTOR('',#10153,1.);
#6568=VECTOR('',#10154,1.);
#6569=VECTOR('',#10155,1.);
#6570=VECTOR('',#10156,1.);
#6571=VECTOR('',#10157,1.);
#6572=VECTOR('',#10158,1.);
#6573=VECTOR('',#10159,1.);
#6574=VECTOR('',#10160,1.);
#6575=VECTOR('',#10161,1.);
#6576=VECTOR('',#10162,1.);
#6577=VECTOR('',#10163,1.);
#6578=VECTOR('',#10164,1.);
#6579=VECTOR('',#10165,1.);
#6580=VECTOR('',#10166,1.);
#6581=VECTOR('',#10167,1.);
#6582=VECTOR('',#10168,1.);
#6583=VECTOR('',#10169,1.);
#6584=VECTOR('',#10170,1.);
#6585=VECTOR('',#10171,1.);
#6586=VECTOR('',#10172,1.);
#6587=VECTOR('',#10173,1.);
#6588=VECTOR('',#10174,1.);
#6589=VECTOR('',#10175,1.);
#6590=VECTOR('',#10176,1.);
#6591=VECTOR('',#10177,1.);
#6592=VECTOR('',#10178,1.);
#6593=VECTOR('',#10179,1.);
#6594=VECTOR('',#10180,1.);
#6595=VECTOR('',#10181,1.);
#6596=VECTOR('',#10182,1.);
#6597=VECTOR('',#10183,1.);
#6598=VECTOR('',#10184,1.);
#6599=VECTOR('',#10185,1.);
#6600=VECTOR('',#10186,1.);
#6601=VECTOR('',#10187,1.);
#6602=VECTOR('',#10188,1.);
#6603=VECTOR('',#10189,1.);
#6604=VECTOR('',#10190,1.);
#6605=VECTOR('',#10191,1.);
#6606=VECTOR('',#10192,1.);
#6607=VECTOR('',#10193,1.);
#6608=VECTOR('',#10194,1.);
#6609=VECTOR('',#10195,1.);
#6610=VECTOR('',#10196,1.);
#6611=VECTOR('',#10197,1.);
#6612=VECTOR('',#10198,1.);
#6613=VECTOR('',#10199,1.);
#6614=VECTOR('',#10200,1.);
#6615=VECTOR('',#10201,1.);
#6616=VECTOR('',#10202,1.);
#6617=VECTOR('',#10203,1.);
#6618=VECTOR('',#10204,1.);
#6619=VECTOR('',#10205,1.);
#6620=VECTOR('',#10206,1.);
#6621=VECTOR('',#10207,1.);
#6622=VECTOR('',#10208,1.);
#6623=VECTOR('',#10209,1.);
#6624=VECTOR('',#10210,1.);
#6625=VECTOR('',#10211,1.);
#6626=VECTOR('',#10212,1.);
#6627=VECTOR('',#10213,1.);
#6628=VECTOR('',#10214,1.);
#6629=VECTOR('',#10215,1.);
#6630=VECTOR('',#10222,1.);
#6631=VECTOR('',#10227,1.);
#6632=VECTOR('',#10238,1.);
#6633=VECTOR('',#10243,1.);
#6634=VECTOR('',#10248,1.);
#6635=VECTOR('',#10249,1.);
#6636=VECTOR('',#10252,1.);
#6637=VECTOR('',#10253,1.);
#6638=VECTOR('',#10254,1.);
#6639=VECTOR('',#10255,1.);
#6640=VECTOR('',#10256,1.);
#6641=VECTOR('',#10257,1.);
#6642=VECTOR('',#10258,1.);
#6643=VECTOR('',#10259,1.);
#6644=VECTOR('',#10260,1.);
#6645=VECTOR('',#10261,1.);
#6646=VECTOR('',#10262,1.);
#6647=VECTOR('',#10263,1.);
#6648=VECTOR('',#10270,1.);
#6649=VECTOR('',#10271,1.);
#6650=VECTOR('',#10280,1.);
#6651=VECTOR('',#10281,1.);
#6652=VECTOR('',#10286,1.);
#6653=VECTOR('',#10287,1.);
#6654=VECTOR('',#10288,1.);
#6655=VECTOR('',#10291,1.);
#6656=VECTOR('',#10292,1.);
#6657=VECTOR('',#10293,1.);
#6658=VECTOR('',#10294,1.);
#6659=VECTOR('',#10295,1.);
#6660=VECTOR('',#10296,1.);
#6661=VECTOR('',#10297,1.);
#6662=VECTOR('',#10302,1.);
#6663=VECTOR('',#10303,1.);
#6664=VECTOR('',#10304,1.);
#6665=VECTOR('',#10313,1.);
#6666=VECTOR('',#10314,1.);
#6667=VECTOR('',#10315,1.);
#6668=VECTOR('',#10316,1.);
#6669=VECTOR('',#10317,1.);
#6670=VECTOR('',#10318,1.);
#6671=VECTOR('',#10319,1.);
#6672=VECTOR('',#10320,1.);
#6673=VECTOR('',#10321,1.);
#6674=VECTOR('',#10322,1.);
#6675=VECTOR('',#10323,1.);
#6676=VECTOR('',#10324,1.);
#6677=VECTOR('',#10325,1.);
#6678=VECTOR('',#10326,1.);
#6679=VECTOR('',#10327,1.);
#6680=VECTOR('',#10328,1.);
#6681=VECTOR('',#10329,1.);
#6682=VECTOR('',#10330,1.);
#6683=VECTOR('',#10331,1.);
#6684=VECTOR('',#10332,1.);
#6685=VECTOR('',#10333,1.);
#6686=VECTOR('',#10334,1.);
#6687=VECTOR('',#10335,1.);
#6688=VECTOR('',#10336,1.);
#6689=VECTOR('',#10337,1.);
#6690=VECTOR('',#10338,1.);
#6691=VECTOR('',#10339,1.);
#6692=VECTOR('',#10340,1.);
#6693=VECTOR('',#10341,1.);
#6694=VECTOR('',#10342,1.);
#6695=VECTOR('',#10343,1.);
#6696=VECTOR('',#10344,1.);
#6697=VECTOR('',#10345,1.);
#6698=VECTOR('',#10346,1.);
#6699=VECTOR('',#10347,1.);
#6700=VECTOR('',#10348,1.);
#6701=VECTOR('',#10349,1.);
#6702=VECTOR('',#10350,1.);
#6703=VECTOR('',#10351,1.);
#6704=VECTOR('',#10352,1.);
#6705=VECTOR('',#10353,1.);
#6706=VECTOR('',#10354,1.);
#6707=VECTOR('',#10355,1.);
#6708=VECTOR('',#10356,1.);
#6709=VECTOR('',#10357,1.);
#6710=VECTOR('',#10358,1.);
#6711=VECTOR('',#10359,1.);
#6712=VECTOR('',#10360,1.);
#6713=VECTOR('',#10361,1.);
#6714=VECTOR('',#10362,1.);
#6715=VECTOR('',#10363,1.);
#6716=VECTOR('',#10364,1.);
#6717=VECTOR('',#10365,1.);
#6718=VECTOR('',#10366,1.);
#6719=VECTOR('',#10367,1.);
#6720=VECTOR('',#10368,1.);
#6721=VECTOR('',#10369,1.);
#6722=VECTOR('',#10370,1.);
#6723=VECTOR('',#10371,1.);
#6724=VECTOR('',#10372,1.);
#6725=VECTOR('',#10373,1.);
#6726=VECTOR('',#10374,1.);
#6727=VECTOR('',#10375,1.);
#6728=VECTOR('',#10376,1.);
#6729=VECTOR('',#10377,1.);
#6730=VECTOR('',#10378,1.);
#6731=VECTOR('',#10379,1.);
#6732=VECTOR('',#10380,1.);
#6733=VECTOR('',#10381,1.);
#6734=VECTOR('',#10382,1.);
#6735=VECTOR('',#10383,1.);
#6736=VECTOR('',#10384,1.);
#6737=VECTOR('',#10385,1.);
#6738=VECTOR('',#10386,1.);
#6739=VECTOR('',#10387,1.);
#6740=VECTOR('',#10388,1.);
#6741=VECTOR('',#10389,1.);
#6742=VECTOR('',#10390,1.);
#6743=VECTOR('',#10391,1.);
#6744=VECTOR('',#10392,1.);
#6745=VECTOR('',#10393,1.);
#6746=VECTOR('',#10394,1.);
#6747=VECTOR('',#10395,1.);
#6748=VECTOR('',#10404,1.);
#6749=VECTOR('',#10405,1.);
#6750=VECTOR('',#10406,1.);
#6751=VECTOR('',#10415,1.);
#6752=VECTOR('',#10416,1.);
#6753=VECTOR('',#10417,1.);
#6754=VECTOR('',#10422,1.);
#6755=VECTOR('',#10423,1.);
#6756=VECTOR('',#10428,1.);
#6757=VECTOR('',#10433,1.);
#6758=VECTOR('',#10438,1.);
#6759=VECTOR('',#10439,1.);
#6760=VECTOR('',#10440,1.);
#6761=VECTOR('',#10441,1.);
#6762=VECTOR('',#10442,1.);
#6763=VECTOR('',#10443,1.);
#6764=VECTOR('',#10444,1.);
#6765=VECTOR('',#10445,1.);
#6766=VECTOR('',#10446,1.);
#6767=VECTOR('',#10451,1.);
#6768=VECTOR('',#10460,1.);
#6769=VECTOR('',#10465,1.);
#6770=VECTOR('',#10472,1.);
#6771=VECTOR('',#10481,1.);
#6772=VECTOR('',#10482,1.);
#6773=VECTOR('',#10483,1.);
#6774=VECTOR('',#10492,1.);
#6775=VECTOR('',#10493,1.);
#6776=VECTOR('',#10494,1.);
#6777=VECTOR('',#10495,1.);
#6778=VECTOR('',#10496,1.);
#6779=VECTOR('',#10497,1.);
#6780=VECTOR('',#10498,1.);
#6781=VECTOR('',#10503,1.);
#6782=VECTOR('',#10504,1.);
#6783=VECTOR('',#10505,1.);
#6784=VECTOR('',#10514,1.);
#6785=VECTOR('',#10515,1.);
#6786=VECTOR('',#10516,1.);
#6787=VECTOR('',#10517,1.);
#6788=VECTOR('',#10518,1.);
#6789=VECTOR('',#10519,1.);
#6790=VECTOR('',#10520,1.);
#6791=VECTOR('',#10521,1.);
#6792=VECTOR('',#10522,1.);
#6793=VECTOR('',#10523,1.);
#6794=VECTOR('',#10524,1.);
#6795=VECTOR('',#10525,1.);
#6796=VECTOR('',#10526,1.);
#6797=VECTOR('',#10527,1.);
#6798=VECTOR('',#10542,1.);
#6799=VECTOR('',#10543,1.);
#6800=VECTOR('',#10544,1.);
#6801=VECTOR('',#10545,1.);
#6802=VECTOR('',#10546,1.);
#6803=VECTOR('',#10547,1.);
#6804=VECTOR('',#10548,1.);
#6805=VECTOR('',#10549,1.);
#6806=VECTOR('',#10550,1.);
#6807=VECTOR('',#10551,1.);
#6808=VECTOR('',#10552,1.);
#6809=VECTOR('',#10553,1.);
#6810=VECTOR('',#10554,1.);
#6811=VECTOR('',#10555,1.);
#6812=VECTOR('',#10556,1.);
#6813=VECTOR('',#10557,1.);
#6814=VECTOR('',#10558,1.);
#6815=VECTOR('',#10559,1.);
#6816=VECTOR('',#10560,1.);
#6817=VECTOR('',#10561,1.);
#6818=VECTOR('',#10562,1.);
#6819=VECTOR('',#10571,1.);
#6820=VECTOR('',#10572,1.);
#6821=VECTOR('',#10573,1.);
#6822=VECTOR('',#10582,1.);
#6823=VECTOR('',#10583,1.);
#6824=VECTOR('',#10584,1.);
#6825=VECTOR('',#10589,1.);
#6826=VECTOR('',#10590,1.);
#6827=VECTOR('',#10591,1.);
#6828=VECTOR('',#10592,1.);
#6829=VECTOR('',#10593,1.);
#6830=VECTOR('',#10594,1.);
#6831=VECTOR('',#10595,1.);
#6832=VECTOR('',#10596,1.);
#6833=VECTOR('',#10599,1.);
#6834=VECTOR('',#10600,1.);
#6835=VECTOR('',#10603,1.);
#6836=VECTOR('',#10606,1.);
#6837=VECTOR('',#10609,1.);
#6838=VECTOR('',#10610,1.);
#6839=VECTOR('',#10613,1.);
#6840=VECTOR('',#10616,1.);
#6841=VECTOR('',#10619,1.);
#6842=VECTOR('',#10620,1.);
#6843=VECTOR('',#10623,1.);
#6844=VECTOR('',#10626,1.);
#6845=VECTOR('',#10627,1.);
#6846=VECTOR('',#10630,1.);
#6847=VECTOR('',#10633,1.);
#6848=VECTOR('',#10634,1.);
#6849=VECTOR('',#10637,1.);
#6850=VECTOR('',#10640,1.);
#6851=VECTOR('',#10641,1.);
#6852=VECTOR('',#10644,1.);
#6853=VECTOR('',#10647,1.);
#6854=VECTOR('',#10650,1.);
#6855=VECTOR('',#10651,1.);
#6856=VECTOR('',#10654,1.);
#6857=VECTOR('',#10657,1.);
#6858=VECTOR('',#10658,1.);
#6859=VECTOR('',#10661,1.);
#6860=VECTOR('',#10664,1.);
#6861=VECTOR('',#10665,1.);
#6862=VECTOR('',#10668,1.);
#6863=VECTOR('',#10671,1.);
#6864=VECTOR('',#10674,1.);
#6865=VECTOR('',#10675,1.);
#6866=VECTOR('',#10678,1.);
#6867=VECTOR('',#10681,1.);
#6868=VECTOR('',#10682,1.);
#6869=VECTOR('',#10685,1.);
#6870=VECTOR('',#10688,1.);
#6871=VECTOR('',#10691,1.);
#6872=VECTOR('',#10692,1.);
#6873=VECTOR('',#10695,1.);
#6874=VECTOR('',#10698,1.);
#6875=VECTOR('',#10701,1.);
#6876=VECTOR('',#10702,1.);
#6877=VECTOR('',#10705,1.);
#6878=VECTOR('',#10708,1.);
#6879=VECTOR('',#10709,1.);
#6880=VECTOR('',#10712,1.);
#6881=VECTOR('',#10715,1.);
#6882=VECTOR('',#10718,1.);
#6883=VECTOR('',#10719,1.);
#6884=VECTOR('',#10722,1.);
#6885=VECTOR('',#10725,1.);
#6886=VECTOR('',#10726,1.);
#6887=VECTOR('',#10729,1.);
#6888=VECTOR('',#10732,1.);
#6889=VECTOR('',#10735,1.);
#6890=VECTOR('',#10736,1.);
#6891=VECTOR('',#10739,1.);
#6892=VECTOR('',#10742,1.);
#6893=VECTOR('',#10745,1.);
#6894=VECTOR('',#10746,1.);
#6895=VECTOR('',#10749,1.);
#6896=VECTOR('',#10752,1.);
#6897=VECTOR('',#10755,1.);
#6898=VECTOR('',#10756,1.);
#6899=VECTOR('',#10759,1.);
#6900=VECTOR('',#10762,1.);
#6901=VECTOR('',#10763,1.);
#6902=VECTOR('',#10766,1.);
#6903=VECTOR('',#10769,1.);
#6904=VECTOR('',#10770,1.);
#6905=VECTOR('',#10773,1.);
#6906=VECTOR('',#10776,1.);
#6907=VECTOR('',#10821,1.);
#6908=VECTOR('',#10822,1.);
#6909=VECTOR('',#10825,1.);
#6910=VECTOR('',#10828,1.);
#6911=VECTOR('',#10831,1.);
#6912=VECTOR('',#10832,1.);
#6913=VECTOR('',#10835,1.);
#6914=VECTOR('',#10836,1.);
#6915=VECTOR('',#10839,1.);
#6916=VECTOR('',#10840,1.);
#6917=VECTOR('',#10841,1.);
#6918=VECTOR('',#10842,1.);
#6919=VECTOR('',#10845,1.);
#6920=VECTOR('',#10846,1.);
#6921=VECTOR('',#10849,1.);
#6922=VECTOR('',#10852,1.);
#6923=VECTOR('',#10855,1.);
#6924=VECTOR('',#10858,1.);
#6925=VECTOR('',#10859,1.);
#6926=VECTOR('',#10860,1.);
#6927=VECTOR('',#10863,1.);
#6928=VECTOR('',#10866,1.);
#6929=VECTOR('',#10867,1.);
#6930=VECTOR('',#10868,1.);
#6931=VECTOR('',#10871,1.);
#6932=VECTOR('',#10874,1.);
#6933=VECTOR('',#10879,1.);
#6934=VECTOR('',#10880,1.);
#6935=VECTOR('',#10883,1.);
#6936=VECTOR('',#10886,1.);
#6937=VECTOR('',#10891,1.);
#6938=VECTOR('',#10892,1.);
#6939=VECTOR('',#10895,1.);
#6940=VECTOR('',#10898,1.);
#6941=VECTOR('',#10903,1.);
#6942=VECTOR('',#10904,1.);
#6943=VECTOR('',#10907,1.);
#6944=VECTOR('',#10910,1.);
#6945=VECTOR('',#10913,1.);
#6946=VECTOR('',#10916,1.);
#6947=VECTOR('',#10919,1.);
#6948=VECTOR('',#10922,1.);
#6949=VECTOR('',#10925,1.);
#6950=VECTOR('',#10928,1.);
#6951=VECTOR('',#10929,1.);
#6952=VECTOR('',#10930,1.);
#6953=VECTOR('',#10933,1.);
#6954=VECTOR('',#10936,1.);
#6955=VECTOR('',#10937,1.);
#6956=VECTOR('',#10938,1.);
#6957=VECTOR('',#10941,1.);
#6958=VECTOR('',#10944,1.);
#6959=VECTOR('',#10947,1.);
#6960=VECTOR('',#10950,1.);
#6961=VECTOR('',#10953,1.);
#6962=VECTOR('',#10956,1.);
#6963=VECTOR('',#10957,1.);
#6964=VECTOR('',#10958,1.);
#6965=VECTOR('',#10961,1.);
#6966=VECTOR('',#10966,1.);
#6967=VECTOR('',#10967,1.);
#6968=VECTOR('',#10970,1.);
#6969=VECTOR('',#10971,1.);
#6970=VECTOR('',#10974,1.);
#6971=VECTOR('',#10977,1.);
#6972=VECTOR('',#10980,1.);
#6973=VECTOR('',#10983,1.);
#6974=VECTOR('',#10986,1.);
#6975=VECTOR('',#10987,1.);
#6976=VECTOR('',#10990,1.);
#6977=VECTOR('',#10991,1.);
#6978=VECTOR('',#10994,1.);
#6979=VECTOR('',#10997,1.);
#6980=VECTOR('',#11000,1.);
#6981=VECTOR('',#11001,1.);
#6982=VECTOR('',#11002,1.);
#6983=VECTOR('',#11003,1.);
#6984=VECTOR('',#11004,1.);
#6985=VECTOR('',#11005,1.);
#6986=VECTOR('',#11006,1.);
#6987=VECTOR('',#11009,1.);
#6988=VECTOR('',#11012,1.);
#6989=VECTOR('',#11015,1.);
#6990=VECTOR('',#11018,1.);
#6991=VECTOR('',#11019,1.);
#6992=VECTOR('',#11022,1.);
#6993=VECTOR('',#11023,1.);
#6994=VECTOR('',#11026,1.);
#6995=VECTOR('',#11029,1.);
#6996=VECTOR('',#11032,1.);
#6997=VECTOR('',#11035,1.);
#6998=VECTOR('',#11038,1.);
#6999=VECTOR('',#11041,1.);
#7000=VECTOR('',#11044,1.);
#7001=VECTOR('',#11047,1.);
#7002=VECTOR('',#11050,1.);
#7003=VECTOR('',#11051,1.);
#7004=VECTOR('',#11054,1.);
#7005=VECTOR('',#11057,1.);
#7006=VECTOR('',#11060,1.);
#7007=VECTOR('',#11065,1.);
#7008=VECTOR('',#11066,1.);
#7009=VECTOR('',#11069,1.);
#7010=VECTOR('',#11072,1.);
#7011=VECTOR('',#11077,1.);
#7012=VECTOR('',#11078,1.);
#7013=VECTOR('',#11081,1.);
#7014=VECTOR('',#11084,1.);
#7015=VECTOR('',#11087,1.);
#7016=VECTOR('',#11090,1.);
#7017=VECTOR('',#11093,1.);
#7018=VECTOR('',#11096,1.);
#7019=VECTOR('',#11101,1.);
#7020=VECTOR('',#11102,1.);
#7021=VECTOR('',#11105,1.);
#7022=VECTOR('',#11108,1.);
#7023=VECTOR('',#11113,1.);
#7024=VECTOR('',#11114,1.);
#7025=VECTOR('',#11117,1.);
#7026=VECTOR('',#11118,1.);
#7027=VECTOR('',#11119,1.);
#7028=VECTOR('',#11124,1.);
#7029=VECTOR('',#11125,1.);
#7030=VECTOR('',#11128,1.);
#7031=VECTOR('',#11131,1.);
#7032=VECTOR('',#11134,1.);
#7033=VECTOR('',#11137,1.);
#7034=VECTOR('',#11140,1.);
#7035=VECTOR('',#11141,1.);
#7036=VECTOR('',#11144,1.);
#7037=VECTOR('',#11145,1.);
#7038=VECTOR('',#11148,1.);
#7039=VECTOR('',#11151,1.);
#7040=VECTOR('',#11154,1.);
#7041=VECTOR('',#11155,1.);
#7042=VECTOR('',#11156,1.);
#7043=VECTOR('',#11157,1.);
#7044=VECTOR('',#11158,1.);
#7045=VECTOR('',#11159,1.);
#7046=VECTOR('',#11160,1.);
#7047=VECTOR('',#11163,1.);
#7048=VECTOR('',#11166,1.);
#7049=VECTOR('',#11169,1.);
#7050=VECTOR('',#11172,1.);
#7051=VECTOR('',#11173,1.);
#7052=VECTOR('',#11176,1.);
#7053=VECTOR('',#11177,1.);
#7054=VECTOR('',#11180,1.);
#7055=VECTOR('',#11183,1.);
#7056=VECTOR('',#11184,1.);
#7057=VECTOR('',#11187,1.);
#7058=VECTOR('',#11190,1.);
#7059=VECTOR('',#11191,1.);
#7060=VECTOR('',#11194,1.);
#7061=VECTOR('',#11197,1.);
#7062=VECTOR('',#11200,1.);
#7063=VECTOR('',#11205,1.);
#7064=VECTOR('',#11206,1.);
#7065=VECTOR('',#11209,1.);
#7066=VECTOR('',#11210,1.);
#7067=VECTOR('',#11213,1.);
#7068=VECTOR('',#11216,1.);
#7069=VECTOR('',#11219,1.);
#7070=VECTOR('',#11220,1.);
#7071=VECTOR('',#11221,1.);
#7072=VECTOR('',#11224,1.);
#7073=VECTOR('',#11227,1.);
#7074=VECTOR('',#11230,1.);
#7075=VECTOR('',#11233,1.);
#7076=VECTOR('',#11236,1.);
#7077=VECTOR('',#11239,1.);
#7078=VECTOR('',#11240,1.);
#7079=VECTOR('',#11243,1.);
#7080=VECTOR('',#11246,1.);
#7081=VECTOR('',#11249,1.);
#7082=VECTOR('',#11252,1.);
#7083=VECTOR('',#11255,1.);
#7084=VECTOR('',#11258,1.);
#7085=VECTOR('',#11261,1.);
#7086=VECTOR('',#11264,1.);
#7087=VECTOR('',#11267,1.);
#7088=VECTOR('',#11270,1.);
#7089=VECTOR('',#11275,1.);
#7090=VECTOR('',#11276,1.);
#7091=VECTOR('',#11279,1.);
#7092=VECTOR('',#11282,1.);
#7093=VECTOR('',#11285,1.);
#7094=VECTOR('',#11288,1.);
#7095=VECTOR('',#11291,1.);
#7096=VECTOR('',#11296,1.);
#7097=VECTOR('',#11297,1.);
#7098=VECTOR('',#11300,1.);
#7099=VECTOR('',#11303,1.);
#7100=VECTOR('',#11308,1.);
#7101=VECTOR('',#11309,1.);
#7102=VECTOR('',#11312,1.);
#7103=VECTOR('',#11315,1.);
#7104=VECTOR('',#11318,1.);
#7105=VECTOR('',#11321,1.);
#7106=VECTOR('',#11324,1.);
#7107=VECTOR('',#11325,1.);
#7108=VECTOR('',#11328,1.);
#7109=VECTOR('',#11329,1.);
#7110=VECTOR('',#11332,1.);
#7111=VECTOR('',#11333,1.);
#7112=VECTOR('',#11334,1.);
#7113=VECTOR('',#11335,1.);
#7114=VECTOR('',#11338,1.);
#7115=VECTOR('',#11339,1.);
#7116=VECTOR('',#11342,1.);
#7117=VECTOR('',#11345,1.);
#7118=VECTOR('',#11348,1.);
#7119=VECTOR('',#11351,1.);
#7120=VECTOR('',#11352,1.);
#7121=VECTOR('',#11353,1.);
#7122=VECTOR('',#11356,1.);
#7123=VECTOR('',#11359,1.);
#7124=VECTOR('',#11360,1.);
#7125=VECTOR('',#11361,1.);
#7126=VECTOR('',#11364,1.);
#7127=VECTOR('',#11367,1.);
#7128=VECTOR('',#11372,1.);
#7129=VECTOR('',#11373,1.);
#7130=VECTOR('',#11376,1.);
#7131=VECTOR('',#11379,1.);
#7132=VECTOR('',#11382,1.);
#7133=VECTOR('',#11385,1.);
#7134=VECTOR('',#11388,1.);
#7135=VECTOR('',#11391,1.);
#7136=VECTOR('',#11396,1.);
#7137=VECTOR('',#11397,1.);
#7138=VECTOR('',#11400,1.);
#7139=VECTOR('',#11403,1.);
#7140=VECTOR('',#11408,1.);
#7141=VECTOR('',#11409,1.);
#7142=VECTOR('',#11412,1.);
#7143=VECTOR('',#11415,1.);
#7144=VECTOR('',#11418,1.);
#7145=VECTOR('',#11421,1.);
#7146=VECTOR('',#11424,1.);
#7147=VECTOR('',#11429,1.);
#7148=VECTOR('',#11430,1.);
#7149=VECTOR('',#11433,1.);
#7150=VECTOR('',#11436,1.);
#7151=VECTOR('',#11441,1.);
#7152=VECTOR('',#11442,1.);
#7153=VECTOR('',#11445,1.);
#7154=VECTOR('',#11448,1.);
#7155=VECTOR('',#11451,1.);
#7156=VECTOR('',#11454,1.);
#7157=VECTOR('',#11457,1.);
#7158=VECTOR('',#11460,1.);
#7159=VECTOR('',#11465,1.);
#7160=VECTOR('',#11466,1.);
#7161=VECTOR('',#11469,1.);
#7162=VECTOR('',#11472,1.);
#7163=VECTOR('',#11477,1.);
#7164=VECTOR('',#11478,1.);
#7165=VECTOR('',#11481,1.);
#7166=VECTOR('',#11484,1.);
#7167=VECTOR('',#11487,1.);
#7168=VECTOR('',#11490,1.);
#7169=VECTOR('',#11495,1.);
#7170=VECTOR('',#11496,1.);
#7171=VECTOR('',#11499,1.);
#7172=VECTOR('',#11502,1.);
#7173=VECTOR('',#11503,1.);
#7174=VECTOR('',#11506,1.);
#7175=VECTOR('',#11509,1.);
#7176=VECTOR('',#11512,1.);
#7177=VECTOR('',#11515,1.);
#7178=VECTOR('',#11518,1.);
#7179=VECTOR('',#11519,1.);
#7180=VECTOR('',#11520,1.);
#7181=VECTOR('',#11521,1.);
#7182=VECTOR('',#11526,1.);
#7183=VECTOR('',#11527,1.);
#7184=VECTOR('',#11530,1.);
#7185=VECTOR('',#11533,1.);
#7186=VECTOR('',#11536,1.);
#7187=VECTOR('',#11539,1.);
#7188=VECTOR('',#11542,1.);
#7189=VECTOR('',#11545,1.);
#7190=VECTOR('',#11550,1.);
#7191=VECTOR('',#11551,1.);
#7192=VECTOR('',#11554,1.);
#7193=VECTOR('',#11557,1.);
#7194=VECTOR('',#11560,1.);
#7195=VECTOR('',#11563,1.);
#7196=VECTOR('',#11566,1.);
#7197=VECTOR('',#11569,1.);
#7198=VECTOR('',#11574,1.);
#7199=VECTOR('',#11575,1.);
#7200=VECTOR('',#11578,1.);
#7201=VECTOR('',#11581,1.);
#7202=VECTOR('',#11584,1.);
#7203=VECTOR('',#11587,1.);
#7204=VECTOR('',#11590,1.);
#7205=VECTOR('',#11593,1.);
#7206=VECTOR('',#11598,1.);
#7207=VECTOR('',#11599,1.);
#7208=VECTOR('',#11602,1.);
#7209=VECTOR('',#11605,1.);
#7210=VECTOR('',#11610,1.);
#7211=VECTOR('',#11611,1.);
#7212=VECTOR('',#11614,1.);
#7213=VECTOR('',#11617,1.);
#7214=VECTOR('',#11620,1.);
#7215=VECTOR('',#11623,1.);
#7216=VECTOR('',#11626,1.);
#7217=VECTOR('',#11629,1.);
#7218=VECTOR('',#11634,1.);
#7219=VECTOR('',#11635,1.);
#7220=VECTOR('',#11638,1.);
#7221=VECTOR('',#11641,1.);
#7222=VECTOR('',#11646,1.);
#7223=VECTOR('',#11647,1.);
#7224=VECTOR('',#11650,1.);
#7225=VECTOR('',#11653,1.);
#7226=VECTOR('',#11658,1.);
#7227=VECTOR('',#11659,1.);
#7228=VECTOR('',#11662,1.);
#7229=VECTOR('',#11665,1.);
#7230=VECTOR('',#11670,1.);
#7231=VECTOR('',#11671,1.);
#7232=VECTOR('',#11674,1.);
#7233=VECTOR('',#11677,1.);
#7234=VECTOR('',#11682,1.);
#7235=VECTOR('',#11683,1.);
#7236=VECTOR('',#11686,1.);
#7237=VECTOR('',#11689,1.);
#7238=VECTOR('',#11692,1.);
#7239=VECTOR('',#11695,1.);
#7240=VECTOR('',#11698,1.);
#7241=VECTOR('',#11701,1.);
#7242=VECTOR('',#11704,1.);
#7243=VECTOR('',#11707,1.);
#7244=VECTOR('',#11708,1.);
#7245=VECTOR('',#11709,1.);
#7246=VECTOR('',#11712,1.);
#7247=VECTOR('',#11715,1.);
#7248=VECTOR('',#11716,1.);
#7249=VECTOR('',#11717,1.);
#7250=VECTOR('',#11720,1.);
#7251=VECTOR('',#11723,1.);
#7252=VECTOR('',#11726,1.);
#7253=VECTOR('',#11729,1.);
#7254=VECTOR('',#11732,1.);
#7255=VECTOR('',#11735,1.);
#7256=VECTOR('',#11736,1.);
#7257=VECTOR('',#11737,1.);
#7258=VECTOR('',#11740,1.);
#7259=VECTOR('',#11745,1.);
#7260=VECTOR('',#11746,1.);
#7261=VECTOR('',#11749,1.);
#7262=VECTOR('',#11752,1.);
#7263=VECTOR('',#11757,1.);
#7264=VECTOR('',#11758,1.);
#7265=VECTOR('',#11761,1.);
#7266=VECTOR('',#11764,1.);
#7267=VECTOR('',#11767,1.);
#7268=VECTOR('',#11770,1.);
#7269=EDGE_LOOP('',(#477,#478,#479,#480));
#7270=EDGE_LOOP('',(#481,#482,#483));
#7271=EDGE_LOOP('',(#484,#485,#486));
#7272=EDGE_LOOP('',(#487,#488,#489,#490));
#7273=EDGE_LOOP('',(#491,#492,#493,#494));
#7274=EDGE_LOOP('',(#495,#496,#497,#498));
#7275=EDGE_LOOP('',(#499,#500,#501));
#7276=EDGE_LOOP('',(#502,#503,#504,#505));
#7277=EDGE_LOOP('',(#506,#507,#508));
#7278=EDGE_LOOP('',(#509,#510,#511,#512));
#7279=EDGE_LOOP('',(#513,#514,#515,#516));
#7280=EDGE_LOOP('',(#517,#518,#519));
#7281=EDGE_LOOP('',(#520,#521,#522,#523));
#7282=EDGE_LOOP('',(#524,#525,#526));
#7283=EDGE_LOOP('',(#527,#528,#529));
#7284=EDGE_LOOP('',(#530,#531,#532,#533));
#7285=EDGE_LOOP('',(#534,#535,#536));
#7286=EDGE_LOOP('',(#537,#538,#539));
#7287=EDGE_LOOP('',(#540,#541,#542));
#7288=EDGE_LOOP('',(#543,#544,#545,#546));
#7289=EDGE_LOOP('',(#547,#548,#549,#550));
#7290=EDGE_LOOP('',(#551,#552,#553,#554));
#7291=EDGE_LOOP('',(#555,#556,#557,#558,#559,#560,#561,#562,#563,#564,#565,
#566,#567,#568,#569,#570,#571,#572,#573,#574,#575,#576));
#7292=EDGE_LOOP('',(#577,#578,#579,#580));
#7293=EDGE_LOOP('',(#581,#582,#583,#584));
#7294=EDGE_LOOP('',(#585,#586,#587,#588,#589,#590,#591,#592,#593,#594,#595,
#596,#597,#598,#599,#600,#601,#602,#603,#604,#605,#606,#607,#608,#609));
#7295=EDGE_LOOP('',(#610,#611,#612,#613,#614,#615,#616,#617));
#7296=EDGE_LOOP('',(#618,#619,#620,#621,#622,#623,#624,#625,#626,#627,#628,
#629,#630,#631,#632,#633,#634,#635));
#7297=EDGE_LOOP('',(#636,#637,#638,#639,#640,#641,#642,#643,#644,#645,#646,
#647,#648,#649,#650));
#7298=EDGE_LOOP('',(#651,#652,#653,#654));
#7299=EDGE_LOOP('',(#655,#656,#657,#658,#659,#660,#661,#662));
#7300=EDGE_LOOP('',(#663,#664,#665,#666));
#7301=EDGE_LOOP('',(#667,#668,#669,#670,#671));
#7302=EDGE_LOOP('',(#672,#673,#674,#675,#676,#677));
#7303=EDGE_LOOP('',(#678,#679,#680,#681,#682,#683,#684,#685,#686,#687,#688,
#689,#690,#691,#692,#693,#694,#695));
#7304=EDGE_LOOP('',(#696,#697,#698,#699,#700,#701,#702,#703,#704,#705,#706));
#7305=EDGE_LOOP('',(#707,#708,#709,#710,#711,#712,#713,#714,#715,#716,#717,
#718,#719,#720));
#7306=EDGE_LOOP('',(#721,#722,#723,#724,#725,#726,#727,#728,#729,#730,#731,
#732));
#7307=EDGE_LOOP('',(#733,#734,#735,#736,#737,#738,#739));
#7308=EDGE_LOOP('',(#740,#741,#742,#743));
#7309=EDGE_LOOP('',(#744,#745,#746,#747,#748,#749));
#7310=EDGE_LOOP('',(#750,#751,#752,#753,#754,#755,#756,#757,#758,#759,#760,
#761,#762,#763,#764,#765,#766,#767,#768,#769,#770,#771));
#7311=EDGE_LOOP('',(#772,#773,#774,#775,#776,#777,#778,#779));
#7312=EDGE_LOOP('',(#780,#781,#782,#783));
#7313=EDGE_LOOP('',(#784,#785,#786,#787,#788,#789,#790));
#7314=EDGE_LOOP('',(#791,#792,#793,#794));
#7315=EDGE_LOOP('',(#795,#796,#797,#798,#799,#800,#801,#802));
#7316=EDGE_LOOP('',(#803,#804,#805,#806));
#7317=EDGE_LOOP('',(#807,#808,#809,#810,#811,#812));
#7318=EDGE_LOOP('',(#813,#814,#815,#816,#817,#818,#819,#820,#821,#822,#823,
#824,#825));
#7319=EDGE_LOOP('',(#826,#827,#828,#829,#830,#831,#832,#833));
#7320=EDGE_LOOP('',(#834,#835,#836,#837,#838,#839,#840,#841));
#7321=EDGE_LOOP('',(#842,#843,#844,#845,#846,#847,#848,#849));
#7322=EDGE_LOOP('',(#850,#851,#852,#853));
#7323=EDGE_LOOP('',(#854,#855,#856,#857,#858,#859,#860,#861));
#7324=EDGE_LOOP('',(#862,#863,#864,#865));
#7325=EDGE_LOOP('',(#866,#867,#868,#869));
#7326=EDGE_LOOP('',(#870,#871,#872,#873));
#7327=EDGE_LOOP('',(#874,#875,#876,#877));
#7328=EDGE_LOOP('',(#878,#879,#880,#881,#882,#883,#884,#885,#886,#887,#888,
#889,#890,#891,#892,#893,#894,#895,#896,#897,#898,#899,#900,#901,#902));
#7329=EDGE_LOOP('',(#903,#904,#905,#906));
#7330=EDGE_LOOP('',(#907,#908,#909,#910,#911,#912));
#7331=EDGE_LOOP('',(#913,#914,#915,#916));
#7332=EDGE_LOOP('',(#917,#918,#919,#920));
#7333=EDGE_LOOP('',(#921,#922,#923,#924));
#7334=EDGE_LOOP('',(#925,#926,#927,#928,#929,#930,#931,#932));
#7335=EDGE_LOOP('',(#933,#934,#935,#936,#937,#938,#939,#940));
#7336=EDGE_LOOP('',(#941,#942,#943,#944,#945,#946,#947,#948));
#7337=EDGE_LOOP('',(#949,#950,#951,#952,#953,#954));
#7338=EDGE_LOOP('',(#955,#956,#957,#958,#959,#960,#961,#962));
#7339=EDGE_LOOP('',(#963,#964,#965,#966,#967,#968,#969));
#7340=EDGE_LOOP('',(#970,#971,#972,#973,#974,#975,#976,#977));
#7341=EDGE_LOOP('',(#978,#979,#980,#981,#982,#983));
#7342=EDGE_LOOP('',(#984,#985,#986,#987,#988,#989,#990));
#7343=EDGE_LOOP('',(#991,#992,#993,#994,#995,#996,#997,#998,#999,#1000,
#1001,#1002,#1003,#1004));
#7344=EDGE_LOOP('',(#1005,#1006,#1007,#1008,#1009,#1010,#1011,#1012,#1013,
#1014,#1015,#1016,#1017,#1018,#1019,#1020,#1021,#1022));
#7345=EDGE_LOOP('',(#1023,#1024,#1025,#1026,#1027));
#7346=EDGE_LOOP('',(#1028,#1029,#1030,#1031,#1032,#1033,#1034,#1035));
#7347=EDGE_LOOP('',(#1036,#1037,#1038,#1039,#1040,#1041,#1042,#1043,#1044,
#1045,#1046,#1047,#1048,#1049,#1050));
#7348=EDGE_LOOP('',(#1051,#1052,#1053,#1054,#1055,#1056,#1057,#1058));
#7349=EDGE_LOOP('',(#1059,#1060,#1061,#1062));
#7350=EDGE_LOOP('',(#1063,#1064,#1065,#1066,#1067,#1068,#1069,#1070,#1071,
#1072,#1073,#1074,#1075,#1076,#1077,#1078,#1079,#1080,#1081,#1082,#1083,
#1084));
#7351=EDGE_LOOP('',(#1085,#1086,#1087,#1088));
#7352=EDGE_LOOP('',(#1089,#1090,#1091,#1092));
#7353=EDGE_LOOP('',(#1093,#1094,#1095));
#7354=EDGE_LOOP('',(#1096,#1097,#1098));
#7355=EDGE_LOOP('',(#1099,#1100,#1101));
#7356=EDGE_LOOP('',(#1102,#1103,#1104,#1105));
#7357=EDGE_LOOP('',(#1106,#1107,#1108));
#7358=EDGE_LOOP('',(#1109,#1110,#1111));
#7359=EDGE_LOOP('',(#1112,#1113,#1114,#1115));
#7360=EDGE_LOOP('',(#1116,#1117,#1118));
#7361=EDGE_LOOP('',(#1119,#1120,#1121,#1122));
#7362=EDGE_LOOP('',(#1123,#1124,#1125,#1126));
#7363=EDGE_LOOP('',(#1127,#1128,#1129));
#7364=EDGE_LOOP('',(#1130,#1131,#1132,#1133));
#7365=EDGE_LOOP('',(#1134,#1135,#1136));
#7366=EDGE_LOOP('',(#1137,#1138,#1139,#1140));
#7367=EDGE_LOOP('',(#1141,#1142,#1143,#1144));
#7368=EDGE_LOOP('',(#1145,#1146,#1147,#1148));
#7369=EDGE_LOOP('',(#1149,#1150,#1151));
#7370=EDGE_LOOP('',(#1152,#1153,#1154));
#7371=EDGE_LOOP('',(#1155,#1156,#1157,#1158));
#7372=EDGE_LOOP('',(#1159,#1160,#1161,#1162));
#7373=EDGE_LOOP('',(#1163,#1164,#1165,#1166));
#7374=EDGE_LOOP('',(#1167,#1168,#1169,#1170,#1171,#1172,#1173,#1174,#1175,
#1176,#1177,#1178,#1179,#1180,#1181,#1182,#1183,#1184,#1185,#1186,#1187,
#1188,#1189,#1190,#1191));
#7375=EDGE_LOOP('',(#1192,#1193,#1194,#1195,#1196,#1197,#1198,#1199,#1200,
#1201,#1202,#1203,#1204,#1205,#1206,#1207,#1208,#1209));
#7376=EDGE_LOOP('',(#1210,#1211,#1212,#1213));
#7377=EDGE_LOOP('',(#1214,#1215,#1216,#1217));
#7378=EDGE_LOOP('',(#1218,#1219,#1220,#1221,#1222,#1223));
#7379=EDGE_LOOP('',(#1224,#1225,#1226,#1227,#1228,#1229,#1230,#1231,#1232,
#1233,#1234));
#7380=EDGE_LOOP('',(#1235,#1236,#1237,#1238,#1239,#1240,#1241,#1242,#1243,
#1244,#1245,#1246));
#7381=EDGE_LOOP('',(#1247,#1248,#1249,#1250));
#7382=EDGE_LOOP('',(#1251,#1252,#1253,#1254,#1255,#1256,#1257,#1258,#1259,
#1260,#1261,#1262,#1263,#1264,#1265,#1266,#1267,#1268,#1269,#1270,#1271,
#1272));
#7383=EDGE_LOOP('',(#1273,#1274,#1275,#1276));
#7384=EDGE_LOOP('',(#1277,#1278,#1279,#1280));
#7385=EDGE_LOOP('',(#1281,#1282,#1283,#1284));
#7386=EDGE_LOOP('',(#1285,#1286,#1287,#1288,#1289,#1290,#1291,#1292,#1293,
#1294,#1295,#1296,#1297));
#7387=EDGE_LOOP('',(#1298,#1299,#1300,#1301,#1302,#1303,#1304,#1305));
#7388=EDGE_LOOP('',(#1306,#1307,#1308,#1309));
#7389=EDGE_LOOP('',(#1310,#1311,#1312,#1313));
#7390=EDGE_LOOP('',(#1314,#1315,#1316,#1317));
#7391=EDGE_LOOP('',(#1318,#1319,#1320,#1321,#1322,#1323,#1324,#1325,#1326,
#1327,#1328,#1329,#1330,#1331,#1332,#1333,#1334,#1335,#1336,#1337,#1338,
#1339,#1340,#1341,#1342));
#7392=EDGE_LOOP('',(#1343,#1344,#1345,#1346,#1347,#1348));
#7393=EDGE_LOOP('',(#1349,#1350,#1351,#1352));
#7394=EDGE_LOOP('',(#1353,#1354,#1355,#1356));
#7395=EDGE_LOOP('',(#1357,#1358,#1359,#1360));
#7396=EDGE_LOOP('',(#1361,#1362,#1363,#1364));
#7397=EDGE_LOOP('',(#1365,#1366,#1367,#1368));
#7398=EDGE_LOOP('',(#1369,#1370,#1371,#1372));
#7399=EDGE_LOOP('',(#1373,#1374,#1375,#1376));
#7400=EDGE_LOOP('',(#1377,#1378,#1379,#1380));
#7401=EDGE_LOOP('',(#1381,#1382,#1383,#1384));
#7402=EDGE_LOOP('',(#1385,#1386,#1387,#1388));
#7403=EDGE_LOOP('',(#1389,#1390,#1391,#1392));
#7404=EDGE_LOOP('',(#1393,#1394,#1395,#1396));
#7405=EDGE_LOOP('',(#1397,#1398,#1399,#1400));
#7406=EDGE_LOOP('',(#1401,#1402,#1403,#1404));
#7407=EDGE_LOOP('',(#1405,#1406,#1407,#1408));
#7408=EDGE_LOOP('',(#1409,#1410,#1411,#1412));
#7409=EDGE_LOOP('',(#1413,#1414,#1415,#1416));
#7410=EDGE_LOOP('',(#1417,#1418,#1419,#1420));
#7411=EDGE_LOOP('',(#1421,#1422,#1423,#1424));
#7412=EDGE_LOOP('',(#1425,#1426,#1427,#1428));
#7413=EDGE_LOOP('',(#1429,#1430,#1431,#1432));
#7414=EDGE_LOOP('',(#1433,#1434,#1435,#1436));
#7415=EDGE_LOOP('',(#1437,#1438,#1439,#1440));
#7416=EDGE_LOOP('',(#1441,#1442,#1443,#1444));
#7417=EDGE_LOOP('',(#1445,#1446,#1447,#1448));
#7418=EDGE_LOOP('',(#1449,#1450,#1451,#1452));
#7419=EDGE_LOOP('',(#1453,#1454,#1455,#1456));
#7420=EDGE_LOOP('',(#1457,#1458,#1459,#1460));
#7421=EDGE_LOOP('',(#1461,#1462,#1463,#1464));
#7422=EDGE_LOOP('',(#1465,#1466,#1467,#1468));
#7423=EDGE_LOOP('',(#1469,#1470,#1471,#1472));
#7424=EDGE_LOOP('',(#1473,#1474,#1475,#1476));
#7425=EDGE_LOOP('',(#1477,#1478,#1479,#1480));
#7426=EDGE_LOOP('',(#1481,#1482,#1483,#1484));
#7427=EDGE_LOOP('',(#1485,#1486,#1487,#1488));
#7428=EDGE_LOOP('',(#1489,#1490,#1491,#1492));
#7429=EDGE_LOOP('',(#1493,#1494,#1495,#1496));
#7430=EDGE_LOOP('',(#1497,#1498,#1499,#1500));
#7431=EDGE_LOOP('',(#1501,#1502,#1503,#1504));
#7432=EDGE_LOOP('',(#1505,#1506,#1507,#1508));
#7433=EDGE_LOOP('',(#1509,#1510,#1511,#1512));
#7434=EDGE_LOOP('',(#1513,#1514,#1515,#1516));
#7435=EDGE_LOOP('',(#1517,#1518,#1519,#1520));
#7436=EDGE_LOOP('',(#1521,#1522,#1523,#1524));
#7437=EDGE_LOOP('',(#1525,#1526,#1527,#1528));
#7438=EDGE_LOOP('',(#1529,#1530,#1531,#1532));
#7439=EDGE_LOOP('',(#1533,#1534,#1535,#1536));
#7440=EDGE_LOOP('',(#1537,#1538,#1539,#1540));
#7441=EDGE_LOOP('',(#1541,#1542,#1543,#1544));
#7442=EDGE_LOOP('',(#1545,#1546,#1547,#1548));
#7443=EDGE_LOOP('',(#1549,#1550,#1551,#1552));
#7444=EDGE_LOOP('',(#1553,#1554,#1555,#1556));
#7445=EDGE_LOOP('',(#1557,#1558,#1559,#1560));
#7446=EDGE_LOOP('',(#1561,#1562,#1563,#1564));
#7447=EDGE_LOOP('',(#1565,#1566,#1567,#1568));
#7448=EDGE_LOOP('',(#1569,#1570,#1571,#1572));
#7449=EDGE_LOOP('',(#1573,#1574,#1575,#1576));
#7450=EDGE_LOOP('',(#1577,#1578,#1579,#1580));
#7451=EDGE_LOOP('',(#1581,#1582,#1583,#1584));
#7452=EDGE_LOOP('',(#1585,#1586,#1587,#1588));
#7453=EDGE_LOOP('',(#1589,#1590,#1591,#1592));
#7454=EDGE_LOOP('',(#1593,#1594,#1595,#1596));
#7455=EDGE_LOOP('',(#1597,#1598,#1599,#1600));
#7456=EDGE_LOOP('',(#1601,#1602,#1603,#1604));
#7457=EDGE_LOOP('',(#1605,#1606,#1607,#1608));
#7458=EDGE_LOOP('',(#1609,#1610,#1611,#1612));
#7459=EDGE_LOOP('',(#1613,#1614,#1615,#1616));
#7460=EDGE_LOOP('',(#1617,#1618,#1619,#1620));
#7461=EDGE_LOOP('',(#1621,#1622,#1623,#1624));
#7462=EDGE_LOOP('',(#1625,#1626,#1627,#1628));
#7463=EDGE_LOOP('',(#1629,#1630,#1631,#1632));
#7464=EDGE_LOOP('',(#1633,#1634,#1635,#1636));
#7465=EDGE_LOOP('',(#1637,#1638,#1639,#1640));
#7466=EDGE_LOOP('',(#1641,#1642,#1643,#1644));
#7467=EDGE_LOOP('',(#1645,#1646,#1647,#1648));
#7468=EDGE_LOOP('',(#1649,#1650,#1651,#1652));
#7469=EDGE_LOOP('',(#1653,#1654,#1655,#1656));
#7470=EDGE_LOOP('',(#1657,#1658,#1659,#1660));
#7471=EDGE_LOOP('',(#1661,#1662,#1663,#1664));
#7472=EDGE_LOOP('',(#1665,#1666,#1667,#1668));
#7473=EDGE_LOOP('',(#1669,#1670,#1671,#1672));
#7474=EDGE_LOOP('',(#1673,#1674,#1675,#1676));
#7475=EDGE_LOOP('',(#1677,#1678,#1679,#1680));
#7476=EDGE_LOOP('',(#1681,#1682,#1683,#1684));
#7477=EDGE_LOOP('',(#1685,#1686,#1687,#1688));
#7478=EDGE_LOOP('',(#1689,#1690,#1691,#1692));
#7479=EDGE_LOOP('',(#1693,#1694,#1695,#1696));
#7480=EDGE_LOOP('',(#1697,#1698,#1699,#1700));
#7481=EDGE_LOOP('',(#1701,#1702,#1703,#1704));
#7482=EDGE_LOOP('',(#1705,#1706,#1707,#1708));
#7483=EDGE_LOOP('',(#1709,#1710,#1711,#1712));
#7484=EDGE_LOOP('',(#1713,#1714,#1715,#1716));
#7485=EDGE_LOOP('',(#1717,#1718,#1719,#1720));
#7486=EDGE_LOOP('',(#1721,#1722,#1723,#1724));
#7487=EDGE_LOOP('',(#1725,#1726,#1727,#1728));
#7488=EDGE_LOOP('',(#1729,#1730,#1731,#1732));
#7489=EDGE_LOOP('',(#1733,#1734,#1735,#1736));
#7490=EDGE_LOOP('',(#1737,#1738,#1739,#1740));
#7491=EDGE_LOOP('',(#1741,#1742,#1743,#1744));
#7492=EDGE_LOOP('',(#1745,#1746,#1747,#1748));
#7493=EDGE_LOOP('',(#1749,#1750,#1751,#1752));
#7494=EDGE_LOOP('',(#1753,#1754,#1755,#1756));
#7495=EDGE_LOOP('',(#1757,#1758,#1759,#1760));
#7496=EDGE_LOOP('',(#1761,#1762,#1763,#1764));
#7497=EDGE_LOOP('',(#1765,#1766,#1767,#1768));
#7498=EDGE_LOOP('',(#1769,#1770,#1771,#1772));
#7499=EDGE_LOOP('',(#1773,#1774,#1775,#1776));
#7500=EDGE_LOOP('',(#1777,#1778,#1779,#1780));
#7501=EDGE_LOOP('',(#1781,#1782,#1783,#1784));
#7502=EDGE_LOOP('',(#1785,#1786,#1787,#1788));
#7503=EDGE_LOOP('',(#1789,#1790,#1791,#1792));
#7504=EDGE_LOOP('',(#1793,#1794,#1795,#1796));
#7505=EDGE_LOOP('',(#1797,#1798,#1799,#1800));
#7506=EDGE_LOOP('',(#1801,#1802,#1803,#1804));
#7507=EDGE_LOOP('',(#1805,#1806,#1807,#1808));
#7508=EDGE_LOOP('',(#1809,#1810,#1811,#1812));
#7509=EDGE_LOOP('',(#1813,#1814,#1815,#1816));
#7510=EDGE_LOOP('',(#1817,#1818,#1819,#1820));
#7511=EDGE_LOOP('',(#1821,#1822,#1823,#1824));
#7512=EDGE_LOOP('',(#1825,#1826,#1827,#1828));
#7513=EDGE_LOOP('',(#1829,#1830,#1831,#1832));
#7514=EDGE_LOOP('',(#1833,#1834,#1835,#1836));
#7515=EDGE_LOOP('',(#1837,#1838,#1839,#1840));
#7516=EDGE_LOOP('',(#1841,#1842,#1843,#1844));
#7517=EDGE_LOOP('',(#1845,#1846,#1847,#1848));
#7518=EDGE_LOOP('',(#1849,#1850,#1851,#1852));
#7519=EDGE_LOOP('',(#1853,#1854,#1855,#1856));
#7520=EDGE_LOOP('',(#1857,#1858,#1859,#1860));
#7521=EDGE_LOOP('',(#1861,#1862,#1863,#1864));
#7522=EDGE_LOOP('',(#1865,#1866,#1867,#1868));
#7523=EDGE_LOOP('',(#1869,#1870,#1871,#1872));
#7524=EDGE_LOOP('',(#1873,#1874,#1875,#1876));
#7525=EDGE_LOOP('',(#1877,#1878,#1879,#1880));
#7526=EDGE_LOOP('',(#1881,#1882,#1883,#1884));
#7527=EDGE_LOOP('',(#1885,#1886,#1887,#1888));
#7528=EDGE_LOOP('',(#1889,#1890,#1891,#1892));
#7529=EDGE_LOOP('',(#1893,#1894,#1895,#1896));
#7530=EDGE_LOOP('',(#1897,#1898,#1899,#1900));
#7531=EDGE_LOOP('',(#1901,#1902,#1903,#1904));
#7532=EDGE_LOOP('',(#1905,#1906,#1907,#1908));
#7533=EDGE_LOOP('',(#1909,#1910,#1911,#1912));
#7534=EDGE_LOOP('',(#1913,#1914,#1915,#1916));
#7535=EDGE_LOOP('',(#1917,#1918,#1919,#1920));
#7536=EDGE_LOOP('',(#1921,#1922,#1923,#1924));
#7537=EDGE_LOOP('',(#1925,#1926,#1927,#1928));
#7538=EDGE_LOOP('',(#1929,#1930,#1931,#1932));
#7539=EDGE_LOOP('',(#1933,#1934,#1935,#1936));
#7540=EDGE_LOOP('',(#1937,#1938,#1939,#1940));
#7541=EDGE_LOOP('',(#1941,#1942,#1943,#1944));
#7542=EDGE_LOOP('',(#1945,#1946,#1947,#1948));
#7543=EDGE_LOOP('',(#1949,#1950,#1951,#1952));
#7544=EDGE_LOOP('',(#1953,#1954,#1955,#1956));
#7545=EDGE_LOOP('',(#1957,#1958,#1959,#1960));
#7546=EDGE_LOOP('',(#1961,#1962,#1963,#1964));
#7547=EDGE_LOOP('',(#1965,#1966,#1967,#1968));
#7548=EDGE_LOOP('',(#1969,#1970,#1971,#1972));
#7549=EDGE_LOOP('',(#1973,#1974,#1975,#1976));
#7550=EDGE_LOOP('',(#1977,#1978,#1979,#1980));
#7551=EDGE_LOOP('',(#1981,#1982,#1983,#1984));
#7552=EDGE_LOOP('',(#1985,#1986,#1987,#1988));
#7553=EDGE_LOOP('',(#1989,#1990,#1991,#1992));
#7554=EDGE_LOOP('',(#1993,#1994,#1995,#1996));
#7555=EDGE_LOOP('',(#1997,#1998,#1999,#2000));
#7556=EDGE_LOOP('',(#2001,#2002,#2003,#2004));
#7557=EDGE_LOOP('',(#2005,#2006,#2007,#2008));
#7558=EDGE_LOOP('',(#2009,#2010,#2011,#2012));
#7559=EDGE_LOOP('',(#2013,#2014,#2015,#2016));
#7560=EDGE_LOOP('',(#2017,#2018,#2019,#2020));
#7561=EDGE_LOOP('',(#2021,#2022,#2023,#2024));
#7562=EDGE_LOOP('',(#2025,#2026,#2027,#2028));
#7563=EDGE_LOOP('',(#2029,#2030,#2031,#2032));
#7564=EDGE_LOOP('',(#2033,#2034,#2035,#2036));
#7565=EDGE_LOOP('',(#2037,#2038,#2039,#2040));
#7566=EDGE_LOOP('',(#2041,#2042,#2043,#2044));
#7567=EDGE_LOOP('',(#2045,#2046,#2047,#2048));
#7568=EDGE_LOOP('',(#2049,#2050,#2051,#2052));
#7569=EDGE_LOOP('',(#2053,#2054,#2055,#2056));
#7570=EDGE_LOOP('',(#2057,#2058,#2059,#2060));
#7571=EDGE_LOOP('',(#2061,#2062,#2063,#2064));
#7572=EDGE_LOOP('',(#2065,#2066,#2067,#2068));
#7573=EDGE_LOOP('',(#2069,#2070,#2071,#2072));
#7574=EDGE_LOOP('',(#2073,#2074,#2075,#2076));
#7575=EDGE_LOOP('',(#2077,#2078,#2079,#2080));
#7576=EDGE_LOOP('',(#2081,#2082,#2083,#2084));
#7577=EDGE_LOOP('',(#2085,#2086,#2087,#2088));
#7578=EDGE_LOOP('',(#2089,#2090,#2091,#2092));
#7579=EDGE_LOOP('',(#2093,#2094,#2095,#2096));
#7580=EDGE_LOOP('',(#2097,#2098,#2099,#2100));
#7581=EDGE_LOOP('',(#2101,#2102,#2103,#2104));
#7582=EDGE_LOOP('',(#2105,#2106,#2107,#2108));
#7583=EDGE_LOOP('',(#2109,#2110,#2111,#2112));
#7584=EDGE_LOOP('',(#2113,#2114,#2115,#2116));
#7585=EDGE_LOOP('',(#2117,#2118,#2119,#2120));
#7586=EDGE_LOOP('',(#2121,#2122,#2123,#2124));
#7587=EDGE_LOOP('',(#2125,#2126,#2127,#2128));
#7588=EDGE_LOOP('',(#2129,#2130,#2131,#2132));
#7589=EDGE_LOOP('',(#2133,#2134,#2135,#2136));
#7590=EDGE_LOOP('',(#2137,#2138,#2139,#2140));
#7591=EDGE_LOOP('',(#2141,#2142,#2143,#2144));
#7592=EDGE_LOOP('',(#2145,#2146,#2147,#2148));
#7593=EDGE_LOOP('',(#2149,#2150,#2151,#2152));
#7594=EDGE_LOOP('',(#2153,#2154,#2155,#2156));
#7595=EDGE_LOOP('',(#2157,#2158,#2159,#2160));
#7596=EDGE_LOOP('',(#2161,#2162,#2163,#2164));
#7597=EDGE_LOOP('',(#2165,#2166,#2167,#2168));
#7598=EDGE_LOOP('',(#2169,#2170,#2171,#2172));
#7599=EDGE_LOOP('',(#2173,#2174,#2175,#2176));
#7600=EDGE_LOOP('',(#2177,#2178,#2179,#2180));
#7601=EDGE_LOOP('',(#2181,#2182,#2183,#2184));
#7602=EDGE_LOOP('',(#2185,#2186,#2187,#2188));
#7603=EDGE_LOOP('',(#2189,#2190,#2191,#2192));
#7604=EDGE_LOOP('',(#2193,#2194,#2195,#2196));
#7605=EDGE_LOOP('',(#2197,#2198,#2199,#2200));
#7606=EDGE_LOOP('',(#2201,#2202,#2203,#2204));
#7607=EDGE_LOOP('',(#2205,#2206,#2207,#2208));
#7608=EDGE_LOOP('',(#2209,#2210,#2211,#2212));
#7609=EDGE_LOOP('',(#2213,#2214,#2215,#2216));
#7610=EDGE_LOOP('',(#2217,#2218,#2219,#2220));
#7611=EDGE_LOOP('',(#2221,#2222,#2223,#2224));
#7612=EDGE_LOOP('',(#2225,#2226,#2227,#2228));
#7613=EDGE_LOOP('',(#2229,#2230,#2231,#2232));
#7614=EDGE_LOOP('',(#2233,#2234,#2235,#2236));
#7615=EDGE_LOOP('',(#2237,#2238,#2239,#2240));
#7616=EDGE_LOOP('',(#2241,#2242,#2243,#2244));
#7617=EDGE_LOOP('',(#2245,#2246,#2247,#2248));
#7618=EDGE_LOOP('',(#2249,#2250,#2251,#2252));
#7619=EDGE_LOOP('',(#2253,#2254,#2255,#2256));
#7620=EDGE_LOOP('',(#2257,#2258,#2259,#2260));
#7621=EDGE_LOOP('',(#2261,#2262,#2263,#2264));
#7622=EDGE_LOOP('',(#2265,#2266,#2267,#2268));
#7623=EDGE_LOOP('',(#2269,#2270,#2271,#2272));
#7624=EDGE_LOOP('',(#2273,#2274,#2275,#2276));
#7625=EDGE_LOOP('',(#2277,#2278,#2279,#2280));
#7626=EDGE_LOOP('',(#2281,#2282,#2283,#2284));
#7627=EDGE_LOOP('',(#2285,#2286,#2287,#2288));
#7628=EDGE_LOOP('',(#2289,#2290,#2291,#2292));
#7629=EDGE_LOOP('',(#2293,#2294,#2295,#2296));
#7630=EDGE_LOOP('',(#2297,#2298,#2299,#2300));
#7631=EDGE_LOOP('',(#2301,#2302,#2303,#2304));
#7632=EDGE_LOOP('',(#2305,#2306,#2307,#2308));
#7633=EDGE_LOOP('',(#2309,#2310,#2311,#2312));
#7634=EDGE_LOOP('',(#2313,#2314,#2315,#2316));
#7635=EDGE_LOOP('',(#2317,#2318,#2319,#2320));
#7636=EDGE_LOOP('',(#2321,#2322,#2323,#2324));
#7637=EDGE_LOOP('',(#2325,#2326,#2327,#2328));
#7638=EDGE_LOOP('',(#2329,#2330,#2331,#2332));
#7639=EDGE_LOOP('',(#2333,#2334,#2335,#2336));
#7640=EDGE_LOOP('',(#2337,#2338,#2339,#2340));
#7641=EDGE_LOOP('',(#2341,#2342,#2343,#2344));
#7642=EDGE_LOOP('',(#2345,#2346,#2347,#2348));
#7643=EDGE_LOOP('',(#2349,#2350,#2351,#2352));
#7644=EDGE_LOOP('',(#2353,#2354,#2355,#2356));
#7645=EDGE_LOOP('',(#2357,#2358,#2359,#2360));
#7646=EDGE_LOOP('',(#2361,#2362,#2363,#2364));
#7647=EDGE_LOOP('',(#2365,#2366,#2367,#2368));
#7648=EDGE_LOOP('',(#2369,#2370,#2371,#2372));
#7649=EDGE_LOOP('',(#2373,#2374,#2375,#2376));
#7650=EDGE_LOOP('',(#2377,#2378,#2379,#2380));
#7651=EDGE_LOOP('',(#2381,#2382,#2383,#2384));
#7652=EDGE_LOOP('',(#2385,#2386,#2387,#2388));
#7653=EDGE_LOOP('',(#2389,#2390,#2391,#2392));
#7654=EDGE_LOOP('',(#2393,#2394,#2395,#2396));
#7655=EDGE_LOOP('',(#2397,#2398,#2399,#2400));
#7656=EDGE_LOOP('',(#2401,#2402,#2403,#2404));
#7657=EDGE_LOOP('',(#2405,#2406,#2407,#2408));
#7658=EDGE_LOOP('',(#2409,#2410,#2411,#2412));
#7659=EDGE_LOOP('',(#2413,#2414,#2415,#2416));
#7660=EDGE_LOOP('',(#2417,#2418,#2419,#2420));
#7661=EDGE_LOOP('',(#2421,#2422,#2423,#2424));
#7662=EDGE_LOOP('',(#2425,#2426,#2427,#2428));
#7663=EDGE_LOOP('',(#2429,#2430,#2431,#2432));
#7664=EDGE_LOOP('',(#2433,#2434,#2435,#2436));
#7665=EDGE_LOOP('',(#2437,#2438,#2439,#2440));
#7666=EDGE_LOOP('',(#2441,#2442,#2443,#2444));
#7667=EDGE_LOOP('',(#2445,#2446,#2447,#2448));
#7668=EDGE_LOOP('',(#2449,#2450,#2451,#2452));
#7669=EDGE_LOOP('',(#2453,#2454,#2455,#2456));
#7670=EDGE_LOOP('',(#2457,#2458,#2459,#2460));
#7671=EDGE_LOOP('',(#2461,#2462,#2463,#2464));
#7672=EDGE_LOOP('',(#2465,#2466,#2467,#2468));
#7673=EDGE_LOOP('',(#2469,#2470,#2471,#2472));
#7674=EDGE_LOOP('',(#2473,#2474,#2475,#2476));
#7675=EDGE_LOOP('',(#2477,#2478,#2479,#2480));
#7676=EDGE_LOOP('',(#2481,#2482,#2483,#2484));
#7677=EDGE_LOOP('',(#2485,#2486,#2487,#2488));
#7678=EDGE_LOOP('',(#2489,#2490,#2491,#2492));
#7679=EDGE_LOOP('',(#2493,#2494,#2495,#2496));
#7680=EDGE_LOOP('',(#2497,#2498,#2499,#2500));
#7681=EDGE_LOOP('',(#2501,#2502,#2503,#2504));
#7682=EDGE_LOOP('',(#2505,#2506,#2507,#2508));
#7683=EDGE_LOOP('',(#2509,#2510,#2511,#2512));
#7684=EDGE_LOOP('',(#2513,#2514,#2515,#2516));
#7685=EDGE_LOOP('',(#2517,#2518,#2519,#2520));
#7686=EDGE_LOOP('',(#2521,#2522,#2523,#2524));
#7687=EDGE_LOOP('',(#2525,#2526,#2527,#2528));
#7688=EDGE_LOOP('',(#2529,#2530,#2531,#2532));
#7689=EDGE_LOOP('',(#2533,#2534,#2535,#2536));
#7690=EDGE_LOOP('',(#2537,#2538,#2539,#2540));
#7691=EDGE_LOOP('',(#2541,#2542,#2543,#2544));
#7692=EDGE_LOOP('',(#2545,#2546,#2547,#2548));
#7693=EDGE_LOOP('',(#2549,#2550,#2551,#2552));
#7694=EDGE_LOOP('',(#2553,#2554,#2555,#2556));
#7695=EDGE_LOOP('',(#2557,#2558,#2559,#2560));
#7696=EDGE_LOOP('',(#2561,#2562,#2563,#2564));
#7697=EDGE_LOOP('',(#2565,#2566,#2567,#2568));
#7698=EDGE_LOOP('',(#2569,#2570,#2571,#2572));
#7699=EDGE_LOOP('',(#2573,#2574,#2575,#2576));
#7700=EDGE_LOOP('',(#2577,#2578,#2579,#2580));
#7701=EDGE_LOOP('',(#2581,#2582,#2583,#2584));
#7702=EDGE_LOOP('',(#2585,#2586,#2587,#2588));
#7703=EDGE_LOOP('',(#2589,#2590,#2591,#2592));
#7704=EDGE_LOOP('',(#2593,#2594,#2595,#2596));
#7705=EDGE_LOOP('',(#2597,#2598,#2599,#2600));
#7706=EDGE_LOOP('',(#2601,#2602,#2603,#2604));
#7707=EDGE_LOOP('',(#2605,#2606,#2607,#2608));
#7708=EDGE_LOOP('',(#2609,#2610,#2611,#2612));
#7709=EDGE_LOOP('',(#2613,#2614,#2615,#2616));
#7710=EDGE_LOOP('',(#2617,#2618,#2619,#2620));
#7711=EDGE_LOOP('',(#2621,#2622,#2623,#2624));
#7712=EDGE_LOOP('',(#2625,#2626,#2627,#2628));
#7713=EDGE_LOOP('',(#2629,#2630,#2631,#2632));
#7714=EDGE_LOOP('',(#2633,#2634,#2635,#2636));
#7715=EDGE_LOOP('',(#2637,#2638,#2639,#2640));
#7716=EDGE_LOOP('',(#2641,#2642,#2643,#2644));
#7717=EDGE_LOOP('',(#2645,#2646,#2647,#2648));
#7718=EDGE_LOOP('',(#2649,#2650,#2651,#2652));
#7719=EDGE_LOOP('',(#2653,#2654,#2655,#2656));
#7720=EDGE_LOOP('',(#2657,#2658,#2659,#2660));
#7721=EDGE_LOOP('',(#2661,#2662,#2663,#2664));
#7722=EDGE_LOOP('',(#2665,#2666,#2667,#2668));
#7723=EDGE_LOOP('',(#2669,#2670,#2671,#2672));
#7724=EDGE_LOOP('',(#2673,#2674,#2675,#2676));
#7725=EDGE_LOOP('',(#2677,#2678,#2679,#2680));
#7726=EDGE_LOOP('',(#2681,#2682,#2683,#2684));
#7727=EDGE_LOOP('',(#2685,#2686,#2687,#2688));
#7728=EDGE_LOOP('',(#2689,#2690,#2691,#2692));
#7729=EDGE_LOOP('',(#2693,#2694,#2695,#2696));
#7730=EDGE_LOOP('',(#2697,#2698,#2699,#2700));
#7731=EDGE_LOOP('',(#2701,#2702,#2703,#2704));
#7732=EDGE_LOOP('',(#2705,#2706,#2707,#2708));
#7733=EDGE_LOOP('',(#2709,#2710,#2711,#2712));
#7734=EDGE_LOOP('',(#2713,#2714,#2715,#2716));
#7735=EDGE_LOOP('',(#2717,#2718,#2719,#2720));
#7736=EDGE_LOOP('',(#2721,#2722,#2723,#2724));
#7737=EDGE_LOOP('',(#2725,#2726,#2727,#2728));
#7738=EDGE_LOOP('',(#2729,#2730,#2731,#2732));
#7739=EDGE_LOOP('',(#2733,#2734,#2735,#2736));
#7740=EDGE_LOOP('',(#2737,#2738,#2739,#2740));
#7741=EDGE_LOOP('',(#2741,#2742,#2743,#2744));
#7742=EDGE_LOOP('',(#2745,#2746,#2747,#2748));
#7743=EDGE_LOOP('',(#2749,#2750,#2751,#2752));
#7744=EDGE_LOOP('',(#2753,#2754,#2755,#2756));
#7745=EDGE_LOOP('',(#2757,#2758,#2759,#2760));
#7746=EDGE_LOOP('',(#2761,#2762,#2763,#2764));
#7747=EDGE_LOOP('',(#2765,#2766,#2767,#2768));
#7748=EDGE_LOOP('',(#2769,#2770,#2771,#2772));
#7749=EDGE_LOOP('',(#2773,#2774,#2775,#2776));
#7750=EDGE_LOOP('',(#2777,#2778,#2779,#2780));
#7751=EDGE_LOOP('',(#2781,#2782,#2783,#2784));
#7752=EDGE_LOOP('',(#2785,#2786,#2787,#2788));
#7753=EDGE_LOOP('',(#2789,#2790,#2791,#2792));
#7754=EDGE_LOOP('',(#2793,#2794,#2795,#2796));
#7755=EDGE_LOOP('',(#2797,#2798,#2799,#2800));
#7756=EDGE_LOOP('',(#2801,#2802,#2803,#2804));
#7757=EDGE_LOOP('',(#2805,#2806,#2807,#2808));
#7758=EDGE_LOOP('',(#2809,#2810,#2811,#2812));
#7759=EDGE_LOOP('',(#2813,#2814,#2815,#2816));
#7760=EDGE_LOOP('',(#2817,#2818,#2819,#2820));
#7761=EDGE_LOOP('',(#2821,#2822,#2823,#2824));
#7762=EDGE_LOOP('',(#2825,#2826,#2827,#2828));
#7763=EDGE_LOOP('',(#2829,#2830,#2831,#2832));
#7764=EDGE_LOOP('',(#2833,#2834,#2835,#2836));
#7765=EDGE_LOOP('',(#2837,#2838,#2839,#2840));
#7766=EDGE_LOOP('',(#2841,#2842,#2843,#2844));
#7767=EDGE_LOOP('',(#2845,#2846,#2847,#2848));
#7768=EDGE_LOOP('',(#2849,#2850,#2851,#2852));
#7769=EDGE_LOOP('',(#2853,#2854,#2855,#2856));
#7770=EDGE_LOOP('',(#2857,#2858,#2859,#2860));
#7771=EDGE_LOOP('',(#2861,#2862,#2863,#2864));
#7772=EDGE_LOOP('',(#2865,#2866,#2867,#2868));
#7773=EDGE_LOOP('',(#2869,#2870,#2871,#2872));
#7774=EDGE_LOOP('',(#2873,#2874,#2875,#2876));
#7775=EDGE_LOOP('',(#2877,#2878,#2879,#2880));
#7776=EDGE_LOOP('',(#2881,#2882,#2883,#2884));
#7777=EDGE_LOOP('',(#2885,#2886,#2887,#2888));
#7778=EDGE_LOOP('',(#2889,#2890,#2891,#2892));
#7779=EDGE_LOOP('',(#2893,#2894,#2895,#2896));
#7780=EDGE_LOOP('',(#2897,#2898,#2899,#2900));
#7781=EDGE_LOOP('',(#2901,#2902,#2903,#2904));
#7782=EDGE_LOOP('',(#2905,#2906,#2907,#2908));
#7783=EDGE_LOOP('',(#2909,#2910,#2911,#2912));
#7784=EDGE_LOOP('',(#2913,#2914,#2915,#2916));
#7785=EDGE_LOOP('',(#2917,#2918,#2919,#2920));
#7786=EDGE_LOOP('',(#2921,#2922,#2923,#2924));
#7787=EDGE_LOOP('',(#2925,#2926,#2927,#2928));
#7788=EDGE_LOOP('',(#2929,#2930,#2931,#2932));
#7789=EDGE_LOOP('',(#2933,#2934,#2935,#2936));
#7790=EDGE_LOOP('',(#2937,#2938,#2939,#2940));
#7791=EDGE_LOOP('',(#2941,#2942,#2943,#2944));
#7792=EDGE_LOOP('',(#2945,#2946,#2947,#2948));
#7793=EDGE_LOOP('',(#2949,#2950,#2951,#2952));
#7794=EDGE_LOOP('',(#2953,#2954,#2955,#2956));
#7795=EDGE_LOOP('',(#2957,#2958,#2959,#2960));
#7796=EDGE_LOOP('',(#2961,#2962,#2963,#2964));
#7797=EDGE_LOOP('',(#2965,#2966,#2967,#2968));
#7798=EDGE_LOOP('',(#2969,#2970,#2971,#2972));
#7799=EDGE_LOOP('',(#2973,#2974,#2975,#2976));
#7800=EDGE_LOOP('',(#2977,#2978,#2979,#2980));
#7801=EDGE_LOOP('',(#2981,#2982,#2983,#2984));
#7802=EDGE_LOOP('',(#2985,#2986,#2987,#2988));
#7803=EDGE_LOOP('',(#2989,#2990,#2991,#2992));
#7804=EDGE_LOOP('',(#2993,#2994,#2995,#2996));
#7805=EDGE_LOOP('',(#2997,#2998,#2999,#3000));
#7806=EDGE_LOOP('',(#3001,#3002,#3003,#3004));
#7807=EDGE_LOOP('',(#3005,#3006,#3007,#3008));
#7808=EDGE_LOOP('',(#3009,#3010,#3011,#3012));
#7809=EDGE_LOOP('',(#3013,#3014,#3015,#3016));
#7810=EDGE_LOOP('',(#3017,#3018,#3019,#3020));
#7811=EDGE_LOOP('',(#3021,#3022,#3023,#3024));
#7812=EDGE_LOOP('',(#3025,#3026,#3027,#3028));
#7813=EDGE_LOOP('',(#3029,#3030,#3031,#3032));
#7814=EDGE_LOOP('',(#3033,#3034,#3035,#3036));
#7815=EDGE_LOOP('',(#3037,#3038,#3039,#3040));
#7816=EDGE_LOOP('',(#3041,#3042,#3043,#3044));
#7817=EDGE_LOOP('',(#3045,#3046,#3047,#3048));
#7818=EDGE_LOOP('',(#3049,#3050,#3051,#3052));
#7819=EDGE_LOOP('',(#3053,#3054,#3055,#3056));
#7820=EDGE_LOOP('',(#3057,#3058,#3059,#3060));
#7821=EDGE_LOOP('',(#3061,#3062,#3063,#3064));
#7822=EDGE_LOOP('',(#3065,#3066,#3067,#3068));
#7823=EDGE_LOOP('',(#3069,#3070,#3071,#3072));
#7824=EDGE_LOOP('',(#3073,#3074,#3075,#3076));
#7825=EDGE_LOOP('',(#3077,#3078,#3079,#3080));
#7826=EDGE_LOOP('',(#3081,#3082,#3083,#3084));
#7827=EDGE_LOOP('',(#3085,#3086,#3087,#3088));
#7828=EDGE_LOOP('',(#3089,#3090,#3091,#3092));
#7829=FACE_BOUND('',#7269,.T.);
#7830=FACE_BOUND('',#7270,.T.);
#7831=FACE_BOUND('',#7271,.T.);
#7832=FACE_BOUND('',#7272,.T.);
#7833=FACE_BOUND('',#7273,.T.);
#7834=FACE_BOUND('',#7274,.T.);
#7835=FACE_BOUND('',#7275,.T.);
#7836=FACE_BOUND('',#7276,.T.);
#7837=FACE_BOUND('',#7277,.T.);
#7838=FACE_BOUND('',#7278,.T.);
#7839=FACE_BOUND('',#7279,.T.);
#7840=FACE_BOUND('',#7280,.T.);
#7841=FACE_BOUND('',#7281,.T.);
#7842=FACE_BOUND('',#7282,.T.);
#7843=FACE_BOUND('',#7283,.T.);
#7844=FACE_BOUND('',#7284,.T.);
#7845=FACE_BOUND('',#7285,.T.);
#7846=FACE_BOUND('',#7286,.T.);
#7847=FACE_BOUND('',#7287,.T.);
#7848=FACE_BOUND('',#7288,.T.);
#7849=FACE_BOUND('',#7289,.T.);
#7850=FACE_BOUND('',#7290,.T.);
#7851=FACE_BOUND('',#7291,.T.);
#7852=FACE_BOUND('',#7292,.T.);
#7853=FACE_BOUND('',#7293,.T.);
#7854=FACE_BOUND('',#7294,.T.);
#7855=FACE_BOUND('',#7295,.T.);
#7856=FACE_BOUND('',#7296,.T.);
#7857=FACE_BOUND('',#7297,.T.);
#7858=FACE_BOUND('',#7298,.T.);
#7859=FACE_BOUND('',#7299,.T.);
#7860=FACE_BOUND('',#7300,.T.);
#7861=FACE_BOUND('',#7301,.T.);
#7862=FACE_BOUND('',#7302,.T.);
#7863=FACE_BOUND('',#7303,.T.);
#7864=FACE_BOUND('',#7304,.T.);
#7865=FACE_BOUND('',#7305,.T.);
#7866=FACE_BOUND('',#7306,.T.);
#7867=FACE_BOUND('',#7307,.T.);
#7868=FACE_BOUND('',#7308,.T.);
#7869=FACE_BOUND('',#7309,.T.);
#7870=FACE_BOUND('',#7310,.T.);
#7871=FACE_BOUND('',#7311,.T.);
#7872=FACE_BOUND('',#7312,.T.);
#7873=FACE_BOUND('',#7313,.T.);
#7874=FACE_BOUND('',#7314,.T.);
#7875=FACE_BOUND('',#7315,.T.);
#7876=FACE_BOUND('',#7316,.T.);
#7877=FACE_BOUND('',#7317,.T.);
#7878=FACE_BOUND('',#7318,.T.);
#7879=FACE_BOUND('',#7319,.T.);
#7880=FACE_BOUND('',#7320,.T.);
#7881=FACE_BOUND('',#7321,.T.);
#7882=FACE_BOUND('',#7322,.T.);
#7883=FACE_BOUND('',#7323,.T.);
#7884=FACE_BOUND('',#7324,.T.);
#7885=FACE_BOUND('',#7325,.T.);
#7886=FACE_BOUND('',#7326,.T.);
#7887=FACE_BOUND('',#7327,.T.);
#7888=FACE_BOUND('',#7328,.T.);
#7889=FACE_BOUND('',#7329,.T.);
#7890=FACE_BOUND('',#7330,.T.);
#7891=FACE_BOUND('',#7331,.T.);
#7892=FACE_BOUND('',#7332,.T.);
#7893=FACE_BOUND('',#7333,.T.);
#7894=FACE_BOUND('',#7334,.T.);
#7895=FACE_BOUND('',#7335,.T.);
#7896=FACE_BOUND('',#7336,.T.);
#7897=FACE_BOUND('',#7337,.T.);
#7898=FACE_BOUND('',#7338,.T.);
#7899=FACE_BOUND('',#7339,.T.);
#7900=FACE_BOUND('',#7340,.T.);
#7901=FACE_BOUND('',#7341,.T.);
#7902=FACE_BOUND('',#7342,.T.);
#7903=FACE_BOUND('',#7343,.T.);
#7904=FACE_BOUND('',#7344,.T.);
#7905=FACE_BOUND('',#7345,.T.);
#7906=FACE_BOUND('',#7346,.T.);
#7907=FACE_BOUND('',#7347,.T.);
#7908=FACE_BOUND('',#7348,.T.);
#7909=FACE_BOUND('',#7349,.T.);
#7910=FACE_BOUND('',#7350,.T.);
#7911=FACE_BOUND('',#7351,.T.);
#7912=FACE_BOUND('',#7352,.T.);
#7913=FACE_BOUND('',#7353,.T.);
#7914=FACE_BOUND('',#7354,.T.);
#7915=FACE_BOUND('',#7355,.T.);
#7916=FACE_BOUND('',#7356,.T.);
#7917=FACE_BOUND('',#7357,.T.);
#7918=FACE_BOUND('',#7358,.T.);
#7919=FACE_BOUND('',#7359,.T.);
#7920=FACE_BOUND('',#7360,.T.);
#7921=FACE_BOUND('',#7361,.T.);
#7922=FACE_BOUND('',#7362,.T.);
#7923=FACE_BOUND('',#7363,.T.);
#7924=FACE_BOUND('',#7364,.T.);
#7925=FACE_BOUND('',#7365,.T.);
#7926=FACE_BOUND('',#7366,.T.);
#7927=FACE_BOUND('',#7367,.T.);
#7928=FACE_BOUND('',#7368,.T.);
#7929=FACE_BOUND('',#7369,.T.);
#7930=FACE_BOUND('',#7370,.T.);
#7931=FACE_BOUND('',#7371,.T.);
#7932=FACE_BOUND('',#7372,.T.);
#7933=FACE_BOUND('',#7373,.T.);
#7934=FACE_BOUND('',#7374,.T.);
#7935=FACE_BOUND('',#7375,.T.);
#7936=FACE_BOUND('',#7376,.T.);
#7937=FACE_BOUND('',#7377,.T.);
#7938=FACE_BOUND('',#7378,.T.);
#7939=FACE_BOUND('',#7379,.T.);
#7940=FACE_BOUND('',#7380,.T.);
#7941=FACE_BOUND('',#7381,.T.);
#7942=FACE_BOUND('',#7382,.T.);
#7943=FACE_BOUND('',#7383,.T.);
#7944=FACE_BOUND('',#7384,.T.);
#7945=FACE_BOUND('',#7385,.T.);
#7946=FACE_BOUND('',#7386,.T.);
#7947=FACE_BOUND('',#7387,.T.);
#7948=FACE_BOUND('',#7388,.T.);
#7949=FACE_BOUND('',#7389,.T.);
#7950=FACE_BOUND('',#7390,.T.);
#7951=FACE_BOUND('',#7391,.T.);
#7952=FACE_BOUND('',#7392,.T.);
#7953=FACE_BOUND('',#7393,.T.);
#7954=FACE_BOUND('',#7394,.T.);
#7955=FACE_BOUND('',#7395,.T.);
#7956=FACE_BOUND('',#7396,.T.);
#7957=FACE_BOUND('',#7397,.T.);
#7958=FACE_BOUND('',#7398,.T.);
#7959=FACE_BOUND('',#7399,.T.);
#7960=FACE_BOUND('',#7400,.T.);
#7961=FACE_BOUND('',#7401,.T.);
#7962=FACE_BOUND('',#7402,.T.);
#7963=FACE_BOUND('',#7403,.T.);
#7964=FACE_BOUND('',#7404,.T.);
#7965=FACE_BOUND('',#7405,.T.);
#7966=FACE_BOUND('',#7406,.T.);
#7967=FACE_BOUND('',#7407,.T.);
#7968=FACE_BOUND('',#7408,.T.);
#7969=FACE_BOUND('',#7409,.T.);
#7970=FACE_BOUND('',#7410,.T.);
#7971=FACE_BOUND('',#7411,.T.);
#7972=FACE_BOUND('',#7412,.T.);
#7973=FACE_BOUND('',#7413,.T.);
#7974=FACE_BOUND('',#7414,.T.);
#7975=FACE_BOUND('',#7415,.T.);
#7976=FACE_BOUND('',#7416,.T.);
#7977=FACE_BOUND('',#7417,.T.);
#7978=FACE_BOUND('',#7418,.T.);
#7979=FACE_BOUND('',#7419,.T.);
#7980=FACE_BOUND('',#7420,.T.);
#7981=FACE_BOUND('',#7421,.T.);
#7982=FACE_BOUND('',#7422,.T.);
#7983=FACE_BOUND('',#7423,.T.);
#7984=FACE_BOUND('',#7424,.T.);
#7985=FACE_BOUND('',#7425,.T.);
#7986=FACE_BOUND('',#7426,.T.);
#7987=FACE_BOUND('',#7427,.T.);
#7988=FACE_BOUND('',#7428,.T.);
#7989=FACE_BOUND('',#7429,.T.);
#7990=FACE_BOUND('',#7430,.T.);
#7991=FACE_BOUND('',#7431,.T.);
#7992=FACE_BOUND('',#7432,.T.);
#7993=FACE_BOUND('',#7433,.T.);
#7994=FACE_BOUND('',#7434,.T.);
#7995=FACE_BOUND('',#7435,.T.);
#7996=FACE_BOUND('',#7436,.T.);
#7997=FACE_BOUND('',#7437,.T.);
#7998=FACE_BOUND('',#7438,.T.);
#7999=FACE_BOUND('',#7439,.T.);
#8000=FACE_BOUND('',#7440,.T.);
#8001=FACE_BOUND('',#7441,.T.);
#8002=FACE_BOUND('',#7442,.T.);
#8003=FACE_BOUND('',#7443,.T.);
#8004=FACE_BOUND('',#7444,.T.);
#8005=FACE_BOUND('',#7445,.T.);
#8006=FACE_BOUND('',#7446,.T.);
#8007=FACE_BOUND('',#7447,.T.);
#8008=FACE_BOUND('',#7448,.T.);
#8009=FACE_BOUND('',#7449,.T.);
#8010=FACE_BOUND('',#7450,.T.);
#8011=FACE_BOUND('',#7451,.T.);
#8012=FACE_BOUND('',#7452,.T.);
#8013=FACE_BOUND('',#7453,.T.);
#8014=FACE_BOUND('',#7454,.T.);
#8015=FACE_BOUND('',#7455,.T.);
#8016=FACE_BOUND('',#7456,.T.);
#8017=FACE_BOUND('',#7457,.T.);
#8018=FACE_BOUND('',#7458,.T.);
#8019=FACE_BOUND('',#7459,.T.);
#8020=FACE_BOUND('',#7460,.T.);
#8021=FACE_BOUND('',#7461,.T.);
#8022=FACE_BOUND('',#7462,.T.);
#8023=FACE_BOUND('',#7463,.T.);
#8024=FACE_BOUND('',#7464,.T.);
#8025=FACE_BOUND('',#7465,.T.);
#8026=FACE_BOUND('',#7466,.T.);
#8027=FACE_BOUND('',#7467,.T.);
#8028=FACE_BOUND('',#7468,.T.);
#8029=FACE_BOUND('',#7469,.T.);
#8030=FACE_BOUND('',#7470,.T.);
#8031=FACE_BOUND('',#7471,.T.);
#8032=FACE_BOUND('',#7472,.T.);
#8033=FACE_BOUND('',#7473,.T.);
#8034=FACE_BOUND('',#7474,.T.);
#8035=FACE_BOUND('',#7475,.T.);
#8036=FACE_BOUND('',#7476,.T.);
#8037=FACE_BOUND('',#7477,.T.);
#8038=FACE_BOUND('',#7478,.T.);
#8039=FACE_BOUND('',#7479,.T.);
#8040=FACE_BOUND('',#7480,.T.);
#8041=FACE_BOUND('',#7481,.T.);
#8042=FACE_BOUND('',#7482,.T.);
#8043=FACE_BOUND('',#7483,.T.);
#8044=FACE_BOUND('',#7484,.T.);
#8045=FACE_BOUND('',#7485,.T.);
#8046=FACE_BOUND('',#7486,.T.);
#8047=FACE_BOUND('',#7487,.T.);
#8048=FACE_BOUND('',#7488,.T.);
#8049=FACE_BOUND('',#7489,.T.);
#8050=FACE_BOUND('',#7490,.T.);
#8051=FACE_BOUND('',#7491,.T.);
#8052=FACE_BOUND('',#7492,.T.);
#8053=FACE_BOUND('',#7493,.T.);
#8054=FACE_BOUND('',#7494,.T.);
#8055=FACE_BOUND('',#7495,.T.);
#8056=FACE_BOUND('',#7496,.T.);
#8057=FACE_BOUND('',#7497,.T.);
#8058=FACE_BOUND('',#7498,.T.);
#8059=FACE_BOUND('',#7499,.T.);
#8060=FACE_BOUND('',#7500,.T.);
#8061=FACE_BOUND('',#7501,.T.);
#8062=FACE_BOUND('',#7502,.T.);
#8063=FACE_BOUND('',#7503,.T.);
#8064=FACE_BOUND('',#7504,.T.);
#8065=FACE_BOUND('',#7505,.T.);
#8066=FACE_BOUND('',#7506,.T.);
#8067=FACE_BOUND('',#7507,.T.);
#8068=FACE_BOUND('',#7508,.T.);
#8069=FACE_BOUND('',#7509,.T.);
#8070=FACE_BOUND('',#7510,.T.);
#8071=FACE_BOUND('',#7511,.T.);
#8072=FACE_BOUND('',#7512,.T.);
#8073=FACE_BOUND('',#7513,.T.);
#8074=FACE_BOUND('',#7514,.T.);
#8075=FACE_BOUND('',#7515,.T.);
#8076=FACE_BOUND('',#7516,.T.);
#8077=FACE_BOUND('',#7517,.T.);
#8078=FACE_BOUND('',#7518,.T.);
#8079=FACE_BOUND('',#7519,.T.);
#8080=FACE_BOUND('',#7520,.T.);
#8081=FACE_BOUND('',#7521,.T.);
#8082=FACE_BOUND('',#7522,.T.);
#8083=FACE_BOUND('',#7523,.T.);
#8084=FACE_BOUND('',#7524,.T.);
#8085=FACE_BOUND('',#7525,.T.);
#8086=FACE_BOUND('',#7526,.T.);
#8087=FACE_BOUND('',#7527,.T.);
#8088=FACE_BOUND('',#7528,.T.);
#8089=FACE_BOUND('',#7529,.T.);
#8090=FACE_BOUND('',#7530,.T.);
#8091=FACE_BOUND('',#7531,.T.);
#8092=FACE_BOUND('',#7532,.T.);
#8093=FACE_BOUND('',#7533,.T.);
#8094=FACE_BOUND('',#7534,.T.);
#8095=FACE_BOUND('',#7535,.T.);
#8096=FACE_BOUND('',#7536,.T.);
#8097=FACE_BOUND('',#7537,.T.);
#8098=FACE_BOUND('',#7538,.T.);
#8099=FACE_BOUND('',#7539,.T.);
#8100=FACE_BOUND('',#7540,.T.);
#8101=FACE_BOUND('',#7541,.T.);
#8102=FACE_BOUND('',#7542,.T.);
#8103=FACE_BOUND('',#7543,.T.);
#8104=FACE_BOUND('',#7544,.T.);
#8105=FACE_BOUND('',#7545,.T.);
#8106=FACE_BOUND('',#7546,.T.);
#8107=FACE_BOUND('',#7547,.T.);
#8108=FACE_BOUND('',#7548,.T.);
#8109=FACE_BOUND('',#7549,.T.);
#8110=FACE_BOUND('',#7550,.T.);
#8111=FACE_BOUND('',#7551,.T.);
#8112=FACE_BOUND('',#7552,.T.);
#8113=FACE_BOUND('',#7553,.T.);
#8114=FACE_BOUND('',#7554,.T.);
#8115=FACE_BOUND('',#7555,.T.);
#8116=FACE_BOUND('',#7556,.T.);
#8117=FACE_BOUND('',#7557,.T.);
#8118=FACE_BOUND('',#7558,.T.);
#8119=FACE_BOUND('',#7559,.T.);
#8120=FACE_BOUND('',#7560,.T.);
#8121=FACE_BOUND('',#7561,.T.);
#8122=FACE_BOUND('',#7562,.T.);
#8123=FACE_BOUND('',#7563,.T.);
#8124=FACE_BOUND('',#7564,.T.);
#8125=FACE_BOUND('',#7565,.T.);
#8126=FACE_BOUND('',#7566,.T.);
#8127=FACE_BOUND('',#7567,.T.);
#8128=FACE_BOUND('',#7568,.T.);
#8129=FACE_BOUND('',#7569,.T.);
#8130=FACE_BOUND('',#7570,.T.);
#8131=FACE_BOUND('',#7571,.T.);
#8132=FACE_BOUND('',#7572,.T.);
#8133=FACE_BOUND('',#7573,.T.);
#8134=FACE_BOUND('',#7574,.T.);
#8135=FACE_BOUND('',#7575,.T.);
#8136=FACE_BOUND('',#7576,.T.);
#8137=FACE_BOUND('',#7577,.T.);
#8138=FACE_BOUND('',#7578,.T.);
#8139=FACE_BOUND('',#7579,.T.);
#8140=FACE_BOUND('',#7580,.T.);
#8141=FACE_BOUND('',#7581,.T.);
#8142=FACE_BOUND('',#7582,.T.);
#8143=FACE_BOUND('',#7583,.T.);
#8144=FACE_BOUND('',#7584,.T.);
#8145=FACE_BOUND('',#7585,.T.);
#8146=FACE_BOUND('',#7586,.T.);
#8147=FACE_BOUND('',#7587,.T.);
#8148=FACE_BOUND('',#7588,.T.);
#8149=FACE_BOUND('',#7589,.T.);
#8150=FACE_BOUND('',#7590,.T.);
#8151=FACE_BOUND('',#7591,.T.);
#8152=FACE_BOUND('',#7592,.T.);
#8153=FACE_BOUND('',#7593,.T.);
#8154=FACE_BOUND('',#7594,.T.);
#8155=FACE_BOUND('',#7595,.T.);
#8156=FACE_BOUND('',#7596,.T.);
#8157=FACE_BOUND('',#7597,.T.);
#8158=FACE_BOUND('',#7598,.T.);
#8159=FACE_BOUND('',#7599,.T.);
#8160=FACE_BOUND('',#7600,.T.);
#8161=FACE_BOUND('',#7601,.T.);
#8162=FACE_BOUND('',#7602,.T.);
#8163=FACE_BOUND('',#7603,.T.);
#8164=FACE_BOUND('',#7604,.T.);
#8165=FACE_BOUND('',#7605,.T.);
#8166=FACE_BOUND('',#7606,.T.);
#8167=FACE_BOUND('',#7607,.T.);
#8168=FACE_BOUND('',#7608,.T.);
#8169=FACE_BOUND('',#7609,.T.);
#8170=FACE_BOUND('',#7610,.T.);
#8171=FACE_BOUND('',#7611,.T.);
#8172=FACE_BOUND('',#7612,.T.);
#8173=FACE_BOUND('',#7613,.T.);
#8174=FACE_BOUND('',#7614,.T.);
#8175=FACE_BOUND('',#7615,.T.);
#8176=FACE_BOUND('',#7616,.T.);
#8177=FACE_BOUND('',#7617,.T.);
#8178=FACE_BOUND('',#7618,.T.);
#8179=FACE_BOUND('',#7619,.T.);
#8180=FACE_BOUND('',#7620,.T.);
#8181=FACE_BOUND('',#7621,.T.);
#8182=FACE_BOUND('',#7622,.T.);
#8183=FACE_BOUND('',#7623,.T.);
#8184=FACE_BOUND('',#7624,.T.);
#8185=FACE_BOUND('',#7625,.T.);
#8186=FACE_BOUND('',#7626,.T.);
#8187=FACE_BOUND('',#7627,.T.);
#8188=FACE_BOUND('',#7628,.T.);
#8189=FACE_BOUND('',#7629,.T.);
#8190=FACE_BOUND('',#7630,.T.);
#8191=FACE_BOUND('',#7631,.T.);
#8192=FACE_BOUND('',#7632,.T.);
#8193=FACE_BOUND('',#7633,.T.);
#8194=FACE_BOUND('',#7634,.T.);
#8195=FACE_BOUND('',#7635,.T.);
#8196=FACE_BOUND('',#7636,.T.);
#8197=FACE_BOUND('',#7637,.T.);
#8198=FACE_BOUND('',#7638,.T.);
#8199=FACE_BOUND('',#7639,.T.);
#8200=FACE_BOUND('',#7640,.T.);
#8201=FACE_BOUND('',#7641,.T.);
#8202=FACE_BOUND('',#7642,.T.);
#8203=FACE_BOUND('',#7643,.T.);
#8204=FACE_BOUND('',#7644,.T.);
#8205=FACE_BOUND('',#7645,.T.);
#8206=FACE_BOUND('',#7646,.T.);
#8207=FACE_BOUND('',#7647,.T.);
#8208=FACE_BOUND('',#7648,.T.);
#8209=FACE_BOUND('',#7649,.T.);
#8210=FACE_BOUND('',#7650,.T.);
#8211=FACE_BOUND('',#7651,.T.);
#8212=FACE_BOUND('',#7652,.T.);
#8213=FACE_BOUND('',#7653,.T.);
#8214=FACE_BOUND('',#7654,.T.);
#8215=FACE_BOUND('',#7655,.T.);
#8216=FACE_BOUND('',#7656,.T.);
#8217=FACE_BOUND('',#7657,.T.);
#8218=FACE_BOUND('',#7658,.T.);
#8219=FACE_BOUND('',#7659,.T.);
#8220=FACE_BOUND('',#7660,.T.);
#8221=FACE_BOUND('',#7661,.T.);
#8222=FACE_BOUND('',#7662,.T.);
#8223=FACE_BOUND('',#7663,.T.);
#8224=FACE_BOUND('',#7664,.T.);
#8225=FACE_BOUND('',#7665,.T.);
#8226=FACE_BOUND('',#7666,.T.);
#8227=FACE_BOUND('',#7667,.T.);
#8228=FACE_BOUND('',#7668,.T.);
#8229=FACE_BOUND('',#7669,.T.);
#8230=FACE_BOUND('',#7670,.T.);
#8231=FACE_BOUND('',#7671,.T.);
#8232=FACE_BOUND('',#7672,.T.);
#8233=FACE_BOUND('',#7673,.T.);
#8234=FACE_BOUND('',#7674,.T.);
#8235=FACE_BOUND('',#7675,.T.);
#8236=FACE_BOUND('',#7676,.T.);
#8237=FACE_BOUND('',#7677,.T.);
#8238=FACE_BOUND('',#7678,.T.);
#8239=FACE_BOUND('',#7679,.T.);
#8240=FACE_BOUND('',#7680,.T.);
#8241=FACE_BOUND('',#7681,.T.);
#8242=FACE_BOUND('',#7682,.T.);
#8243=FACE_BOUND('',#7683,.T.);
#8244=FACE_BOUND('',#7684,.T.);
#8245=FACE_BOUND('',#7685,.T.);
#8246=FACE_BOUND('',#7686,.T.);
#8247=FACE_BOUND('',#7687,.T.);
#8248=FACE_BOUND('',#7688,.T.);
#8249=FACE_BOUND('',#7689,.T.);
#8250=FACE_BOUND('',#7690,.T.);
#8251=FACE_BOUND('',#7691,.T.);
#8252=FACE_BOUND('',#7692,.T.);
#8253=FACE_BOUND('',#7693,.T.);
#8254=FACE_BOUND('',#7694,.T.);
#8255=FACE_BOUND('',#7695,.T.);
#8256=FACE_BOUND('',#7696,.T.);
#8257=FACE_BOUND('',#7697,.T.);
#8258=FACE_BOUND('',#7698,.T.);
#8259=FACE_BOUND('',#7699,.T.);
#8260=FACE_BOUND('',#7700,.T.);
#8261=FACE_BOUND('',#7701,.T.);
#8262=FACE_BOUND('',#7702,.T.);
#8263=FACE_BOUND('',#7703,.T.);
#8264=FACE_BOUND('',#7704,.T.);
#8265=FACE_BOUND('',#7705,.T.);
#8266=FACE_BOUND('',#7706,.T.);
#8267=FACE_BOUND('',#7707,.T.);
#8268=FACE_BOUND('',#7708,.T.);
#8269=FACE_BOUND('',#7709,.T.);
#8270=FACE_BOUND('',#7710,.T.);
#8271=FACE_BOUND('',#7711,.T.);
#8272=FACE_BOUND('',#7712,.T.);
#8273=FACE_BOUND('',#7713,.T.);
#8274=FACE_BOUND('',#7714,.T.);
#8275=FACE_BOUND('',#7715,.T.);
#8276=FACE_BOUND('',#7716,.T.);
#8277=FACE_BOUND('',#7717,.T.);
#8278=FACE_BOUND('',#7718,.T.);
#8279=FACE_BOUND('',#7719,.T.);
#8280=FACE_BOUND('',#7720,.T.);
#8281=FACE_BOUND('',#7721,.T.);
#8282=FACE_BOUND('',#7722,.T.);
#8283=FACE_BOUND('',#7723,.T.);
#8284=FACE_BOUND('',#7724,.T.);
#8285=FACE_BOUND('',#7725,.T.);
#8286=FACE_BOUND('',#7726,.T.);
#8287=FACE_BOUND('',#7727,.T.);
#8288=FACE_BOUND('',#7728,.T.);
#8289=FACE_BOUND('',#7729,.T.);
#8290=FACE_BOUND('',#7730,.T.);
#8291=FACE_BOUND('',#7731,.T.);
#8292=FACE_BOUND('',#7732,.T.);
#8293=FACE_BOUND('',#7733,.T.);
#8294=FACE_BOUND('',#7734,.T.);
#8295=FACE_BOUND('',#7735,.T.);
#8296=FACE_BOUND('',#7736,.T.);
#8297=FACE_BOUND('',#7737,.T.);
#8298=FACE_BOUND('',#7738,.T.);
#8299=FACE_BOUND('',#7739,.T.);
#8300=FACE_BOUND('',#7740,.T.);
#8301=FACE_BOUND('',#7741,.T.);
#8302=FACE_BOUND('',#7742,.T.);
#8303=FACE_BOUND('',#7743,.T.);
#8304=FACE_BOUND('',#7744,.T.);
#8305=FACE_BOUND('',#7745,.T.);
#8306=FACE_BOUND('',#7746,.T.);
#8307=FACE_BOUND('',#7747,.T.);
#8308=FACE_BOUND('',#7748,.T.);
#8309=FACE_BOUND('',#7749,.T.);
#8310=FACE_BOUND('',#7750,.T.);
#8311=FACE_BOUND('',#7751,.T.);
#8312=FACE_BOUND('',#7752,.T.);
#8313=FACE_BOUND('',#7753,.T.);
#8314=FACE_BOUND('',#7754,.T.);
#8315=FACE_BOUND('',#7755,.T.);
#8316=FACE_BOUND('',#7756,.T.);
#8317=FACE_BOUND('',#7757,.T.);
#8318=FACE_BOUND('',#7758,.T.);
#8319=FACE_BOUND('',#7759,.T.);
#8320=FACE_BOUND('',#7760,.T.);
#8321=FACE_BOUND('',#7761,.T.);
#8322=FACE_BOUND('',#7762,.T.);
#8323=FACE_BOUND('',#7763,.T.);
#8324=FACE_BOUND('',#7764,.T.);
#8325=FACE_BOUND('',#7765,.T.);
#8326=FACE_BOUND('',#7766,.T.);
#8327=FACE_BOUND('',#7767,.T.);
#8328=FACE_BOUND('',#7768,.T.);
#8329=FACE_BOUND('',#7769,.T.);
#8330=FACE_BOUND('',#7770,.T.);
#8331=FACE_BOUND('',#7771,.T.);
#8332=FACE_BOUND('',#7772,.T.);
#8333=FACE_BOUND('',#7773,.T.);
#8334=FACE_BOUND('',#7774,.T.);
#8335=FACE_BOUND('',#7775,.T.);
#8336=FACE_BOUND('',#7776,.T.);
#8337=FACE_BOUND('',#7777,.T.);
#8338=FACE_BOUND('',#7778,.T.);
#8339=FACE_BOUND('',#7779,.T.);
#8340=FACE_BOUND('',#7780,.T.);
#8341=FACE_BOUND('',#7781,.T.);
#8342=FACE_BOUND('',#7782,.T.);
#8343=FACE_BOUND('',#7783,.T.);
#8344=FACE_BOUND('',#7784,.T.);
#8345=FACE_BOUND('',#7785,.T.);
#8346=FACE_BOUND('',#7786,.T.);
#8347=FACE_BOUND('',#7787,.T.);
#8348=FACE_BOUND('',#7788,.T.);
#8349=FACE_BOUND('',#7789,.T.);
#8350=FACE_BOUND('',#7790,.T.);
#8351=FACE_BOUND('',#7791,.T.);
#8352=FACE_BOUND('',#7792,.T.);
#8353=FACE_BOUND('',#7793,.T.);
#8354=FACE_BOUND('',#7794,.T.);
#8355=FACE_BOUND('',#7795,.T.);
#8356=FACE_BOUND('',#7796,.T.);
#8357=FACE_BOUND('',#7797,.T.);
#8358=FACE_BOUND('',#7798,.T.);
#8359=FACE_BOUND('',#7799,.T.);
#8360=FACE_BOUND('',#7800,.T.);
#8361=FACE_BOUND('',#7801,.T.);
#8362=FACE_BOUND('',#7802,.T.);
#8363=FACE_BOUND('',#7803,.T.);
#8364=FACE_BOUND('',#7804,.T.);
#8365=FACE_BOUND('',#7805,.T.);
#8366=FACE_BOUND('',#7806,.T.);
#8367=FACE_BOUND('',#7807,.T.);
#8368=FACE_BOUND('',#7808,.T.);
#8369=FACE_BOUND('',#7809,.T.);
#8370=FACE_BOUND('',#7810,.T.);
#8371=FACE_BOUND('',#7811,.T.);
#8372=FACE_BOUND('',#7812,.T.);
#8373=FACE_BOUND('',#7813,.T.);
#8374=FACE_BOUND('',#7814,.T.);
#8375=FACE_BOUND('',#7815,.T.);
#8376=FACE_BOUND('',#7816,.T.);
#8377=FACE_BOUND('',#7817,.T.);
#8378=FACE_BOUND('',#7818,.T.);
#8379=FACE_BOUND('',#7819,.T.);
#8380=FACE_BOUND('',#7820,.T.);
#8381=FACE_BOUND('',#7821,.T.);
#8382=FACE_BOUND('',#7822,.T.);
#8383=FACE_BOUND('',#7823,.T.);
#8384=FACE_BOUND('',#7824,.T.);
#8385=FACE_BOUND('',#7825,.T.);
#8386=FACE_BOUND('',#7826,.T.);
#8387=FACE_BOUND('',#7827,.T.);
#8388=FACE_BOUND('',#7828,.T.);
#8389=PLANE('',#9123);
#8390=PLANE('',#9213);
#8391=PLANE('',#9303);
#8392=PLANE('',#9304);
#8393=PLANE('',#9305);
#8394=PLANE('',#9306);
#8395=PLANE('',#9307);
#8396=PLANE('',#9308);
#8397=PLANE('',#9309);
#8398=PLANE('',#9310);
#8399=PLANE('',#9311);
#8400=PLANE('',#9312);
#8401=PLANE('',#9313);
#8402=PLANE('',#9314);
#8403=PLANE('',#9315);
#8404=PLANE('',#9316);
#8405=PLANE('',#9317);
#8406=PLANE('',#9318);
#8407=PLANE('',#9319);
#8408=PLANE('',#9320);
#8409=PLANE('',#9321);
#8410=PLANE('',#9322);
#8411=PLANE('',#9323);
#8412=PLANE('',#9324);
#8413=PLANE('',#9325);
#8414=PLANE('',#9326);
#8415=PLANE('',#9327);
#8416=PLANE('',#9328);
#8417=PLANE('',#9329);
#8418=PLANE('',#9330);
#8419=PLANE('',#9331);
#8420=PLANE('',#9332);
#8421=PLANE('',#9333);
#8422=PLANE('',#9334);
#8423=PLANE('',#9335);
#8424=PLANE('',#9336);
#8425=PLANE('',#9337);
#8426=PLANE('',#9338);
#8427=PLANE('',#9339);
#8428=PLANE('',#9340);
#8429=PLANE('',#9341);
#8430=PLANE('',#9342);
#8431=PLANE('',#9343);
#8432=PLANE('',#9344);
#8433=PLANE('',#9345);
#8434=PLANE('',#9346);
#8435=PLANE('',#9347);
#8436=PLANE('',#9348);
#8437=PLANE('',#9349);
#8438=PLANE('',#9350);
#8439=PLANE('',#9351);
#8440=PLANE('',#9352);
#8441=PLANE('',#9353);
#8442=PLANE('',#9354);
#8443=PLANE('',#9355);
#8444=PLANE('',#9356);
#8445=PLANE('',#9357);
#8446=PLANE('',#9358);
#8447=PLANE('',#9359);
#8448=PLANE('',#9360);
#8449=PLANE('',#9361);
#8450=PLANE('',#9362);
#8451=PLANE('',#9363);
#8452=PLANE('',#9364);
#8453=PLANE('',#9365);
#8454=PLANE('',#9366);
#8455=PLANE('',#9367);
#8456=PLANE('',#9368);
#8457=PLANE('',#9369);
#8458=PLANE('',#9370);
#8459=PLANE('',#9371);
#8460=PLANE('',#9372);
#8461=PLANE('',#9373);
#8462=PLANE('',#9374);
#8463=PLANE('',#9375);
#8464=PLANE('',#9376);
#8465=PLANE('',#9377);
#8466=PLANE('',#9378);
#8467=PLANE('',#9379);
#8468=PLANE('',#9380);
#8469=PLANE('',#9385);
#8470=PLANE('',#9386);
#8471=PLANE('',#9387);
#8472=PLANE('',#9390);
#8473=PLANE('',#9391);
#8474=PLANE('',#9392);
#8475=PLANE('',#9393);
#8476=PLANE('',#9394);
#8477=PLANE('',#9395);
#8478=PLANE('',#9396);
#8479=PLANE('',#9397);
#8480=PLANE('',#9398);
#8481=PLANE('',#9399);
#8482=PLANE('',#9400);
#8483=PLANE('',#9401);
#8484=PLANE('',#9403);
#8485=PLANE('',#9405);
#8486=PLANE('',#9406);
#8487=PLANE('',#9407);
#8488=PLANE('',#9412);
#8489=PLANE('',#9413);
#8490=PLANE('',#9414);
#8491=PLANE('',#9419);
#8492=PLANE('',#9421);
#8493=PLANE('',#9422);
#8494=PLANE('',#9423);
#8495=PLANE('',#9426);
#8496=PLANE('',#9429);
#8497=PLANE('',#9432);
#8498=PLANE('',#9437);
#8499=PLANE('',#9440);
#8500=PLANE('',#9441);
#8501=PLANE('',#9445);
#8502=PLANE('',#9446);
#8503=PLANE('',#9447);
#8504=PLANE('',#9448);
#8505=PLANE('',#9449);
#8506=PLANE('',#9450);
#8507=PLANE('',#9451);
#8508=PLANE('',#9452);
#8509=PLANE('',#9453);
#8510=PLANE('',#9454);
#8511=PLANE('',#9455);
#8512=PLANE('',#9456);
#8513=PLANE('',#9457);
#8514=PLANE('',#9458);
#8515=PLANE('',#9459);
#8516=PLANE('',#9460);
#8517=PLANE('',#9461);
#8518=PLANE('',#9462);
#8519=PLANE('',#9463);
#8520=PLANE('',#9464);
#8521=PLANE('',#9466);
#8522=PLANE('',#9467);
#8523=PLANE('',#9469);
#8524=PLANE('',#9473);
#8525=PLANE('',#9476);
#8526=PLANE('',#9479);
#8527=PLANE('',#9485);
#8528=PLANE('',#9488);
#8529=PLANE('',#9494);
#8530=PLANE('',#9497);
#8531=PLANE('',#9505);
#8532=PLANE('',#9506);
#8533=PLANE('',#9507);
#8534=PLANE('',#9512);
#8535=PLANE('',#9513);
#8536=PLANE('',#9514);
#8537=PLANE('',#9515);
#8538=PLANE('',#9516);
#8539=PLANE('',#9517);
#8540=PLANE('',#9518);
#8541=PLANE('',#9519);
#8542=PLANE('',#9520);
#8543=PLANE('',#9521);
#8544=PLANE('',#9522);
#8545=PLANE('',#9523);
#8546=PLANE('',#9524);
#8547=PLANE('',#9525);
#8548=PLANE('',#9526);
#8549=PLANE('',#9527);
#8550=PLANE('',#9528);
#8551=PLANE('',#9529);
#8552=PLANE('',#9534);
#8553=PLANE('',#9535);
#8554=PLANE('',#9536);
#8555=PLANE('',#9539);
#8556=PLANE('',#9540);
#8557=PLANE('',#9541);
#8558=PLANE('',#9542);
#8559=PLANE('',#9543);
#8560=PLANE('',#9544);
#8561=PLANE('',#9545);
#8562=PLANE('',#9546);
#8563=PLANE('',#9547);
#8564=PLANE('',#9548);
#8565=PLANE('',#9549);
#8566=PLANE('',#9550);
#8567=PLANE('',#9551);
#8568=PLANE('',#9552);
#8569=PLANE('',#9553);
#8570=PLANE('',#9554);
#8571=PLANE('',#9555);
#8572=PLANE('',#9556);
#8573=PLANE('',#9557);
#8574=PLANE('',#9558);
#8575=PLANE('',#9559);
#8576=PLANE('',#9560);
#8577=PLANE('',#9561);
#8578=PLANE('',#9562);
#8579=PLANE('',#9563);
#8580=PLANE('',#9564);
#8581=PLANE('',#9565);
#8582=PLANE('',#9566);
#8583=PLANE('',#9567);
#8584=PLANE('',#9568);
#8585=PLANE('',#9569);
#8586=PLANE('',#9570);
#8587=PLANE('',#9571);
#8588=PLANE('',#9572);
#8589=PLANE('',#9573);
#8590=PLANE('',#9574);
#8591=PLANE('',#9575);
#8592=PLANE('',#9576);
#8593=PLANE('',#9577);
#8594=PLANE('',#9578);
#8595=PLANE('',#9579);
#8596=PLANE('',#9580);
#8597=PLANE('',#9581);
#8598=PLANE('',#9582);
#8599=PLANE('',#9590);
#8600=PLANE('',#9591);
#8601=PLANE('',#9592);
#8602=PLANE('',#9593);
#8603=PLANE('',#9594);
#8604=PLANE('',#9595);
#8605=PLANE('',#9596);
#8606=PLANE('',#9597);
#8607=PLANE('',#9598);
#8608=PLANE('',#9599);
#8609=PLANE('',#9600);
#8610=PLANE('',#9601);
#8611=PLANE('',#9602);
#8612=PLANE('',#9603);
#8613=PLANE('',#9604);
#8614=PLANE('',#9605);
#8615=PLANE('',#9606);
#8616=PLANE('',#9607);
#8617=PLANE('',#9608);
#8618=PLANE('',#9609);
#8619=PLANE('',#9610);
#8620=PLANE('',#9611);
#8621=PLANE('',#9612);
#8622=PLANE('',#9613);
#8623=PLANE('',#9614);
#8624=PLANE('',#9615);
#8625=PLANE('',#9616);
#8626=PLANE('',#9617);
#8627=PLANE('',#9618);
#8628=PLANE('',#9619);
#8629=PLANE('',#9620);
#8630=PLANE('',#9621);
#8631=PLANE('',#9622);
#8632=PLANE('',#9623);
#8633=PLANE('',#9624);
#8634=PLANE('',#9625);
#8635=PLANE('',#9626);
#8636=PLANE('',#9627);
#8637=PLANE('',#9628);
#8638=PLANE('',#9629);
#8639=PLANE('',#9630);
#8640=PLANE('',#9631);
#8641=PLANE('',#9632);
#8642=PLANE('',#9633);
#8643=PLANE('',#9634);
#8644=PLANE('',#9635);
#8645=PLANE('',#9636);
#8646=PLANE('',#9637);
#8647=PLANE('',#9638);
#8648=PLANE('',#9639);
#8649=PLANE('',#9640);
#8650=PLANE('',#9641);
#8651=PLANE('',#9642);
#8652=PLANE('',#9643);
#8653=PLANE('',#9644);
#8654=PLANE('',#9646);
#8655=PLANE('',#9648);
#8656=PLANE('',#9649);
#8657=PLANE('',#9650);
#8658=PLANE('',#9655);
#8659=PLANE('',#9656);
#8660=PLANE('',#9657);
#8661=PLANE('',#9662);
#8662=PLANE('',#9663);
#8663=PLANE('',#9664);
#8664=PLANE('',#9665);
#8665=PLANE('',#9666);
#8666=PLANE('',#9667);
#8667=PLANE('',#9668);
#8668=PLANE('',#9669);
#8669=PLANE('',#9670);
#8670=PLANE('',#9671);
#8671=PLANE('',#9672);
#8672=ADVANCED_FACE('',(#7829,#7830,#7831,#7832,#7833,#7834,#7835,#7836,
#7837,#7838,#7839,#7840,#7841,#7842,#7843,#7844,#7845,#7846,#7847,#7848,
#7849,#7850,#7851,#7852,#7853,#7854,#7855,#7856,#7857,#7858,#7859,#7860,
#7861,#7862,#7863,#7864,#7865,#7866,#7867,#7868,#7869,#7870,#7871,#7872,
#7873,#7874,#7875,#7876,#7877,#7878,#7879,#7880,#7881,#7882,#7883,#7884,
#7885,#7886,#7887,#7888,#7889,#7890),#8389,.T.);
#8673=ADVANCED_FACE('',(#7891,#7892,#7893,#7894,#7895,#7896,#7897,#7898,
#7899,#7900,#7901,#7902,#7903,#7904,#7905,#7906,#7907,#7908,#7909,#7910,
#7911,#7912,#7913,#7914,#7915,#7916,#7917,#7918,#7919,#7920,#7921,#7922,
#7923,#7924,#7925,#7926,#7927,#7928,#7929,#7930,#7931,#7932,#7933,#7934,
#7935,#7936,#7937,#7938,#7939,#7940,#7941,#7942,#7943,#7944,#7945,#7946,
#7947,#7948,#7949,#7950,#7951,#7952),#8390,.F.);
#8674=ADVANCED_FACE('',(#7953),#8391,.T.);
#8675=ADVANCED_FACE('',(#7954),#8392,.F.);
#8676=ADVANCED_FACE('',(#7955),#8393,.T.);
#8677=ADVANCED_FACE('',(#7956),#8394,.T.);
#8678=ADVANCED_FACE('',(#7957),#8395,.T.);
#8679=ADVANCED_FACE('',(#7958),#8396,.F.);
#8680=ADVANCED_FACE('',(#7959),#8397,.F.);
#8681=ADVANCED_FACE('',(#7960),#8398,.F.);
#8682=ADVANCED_FACE('',(#7961),#8399,.F.);
#8683=ADVANCED_FACE('',(#7962),#8400,.F.);
#8684=ADVANCED_FACE('',(#7963),#8401,.T.);
#8685=ADVANCED_FACE('',(#7964),#8402,.F.);
#8686=ADVANCED_FACE('',(#7965),#8403,.F.);
#8687=ADVANCED_FACE('',(#7966),#8404,.F.);
#8688=ADVANCED_FACE('',(#7967),#8405,.T.);
#8689=ADVANCED_FACE('',(#7968),#8406,.T.);
#8690=ADVANCED_FACE('',(#7969),#8407,.F.);
#8691=ADVANCED_FACE('',(#7970),#8408,.T.);
#8692=ADVANCED_FACE('',(#7971),#8409,.F.);
#8693=ADVANCED_FACE('',(#7972),#8410,.T.);
#8694=ADVANCED_FACE('',(#7973),#8411,.F.);
#8695=ADVANCED_FACE('',(#7974),#8412,.T.);
#8696=ADVANCED_FACE('',(#7975),#8413,.F.);
#8697=ADVANCED_FACE('',(#7976),#8414,.T.);
#8698=ADVANCED_FACE('',(#7977),#8415,.F.);
#8699=ADVANCED_FACE('',(#7978),#8416,.F.);
#8700=ADVANCED_FACE('',(#7979),#8417,.F.);
#8701=ADVANCED_FACE('',(#7980),#8418,.T.);
#8702=ADVANCED_FACE('',(#7981),#8419,.F.);
#8703=ADVANCED_FACE('',(#7982),#8420,.T.);
#8704=ADVANCED_FACE('',(#7983),#8421,.F.);
#8705=ADVANCED_FACE('',(#7984),#8422,.F.);
#8706=ADVANCED_FACE('',(#7985),#8423,.T.);
#8707=ADVANCED_FACE('',(#7986),#8424,.F.);
#8708=ADVANCED_FACE('',(#7987),#8425,.T.);
#8709=ADVANCED_FACE('',(#7988),#8426,.T.);
#8710=ADVANCED_FACE('',(#7989),#8427,.F.);
#8711=ADVANCED_FACE('',(#7990),#8428,.T.);
#8712=ADVANCED_FACE('',(#7991),#8429,.F.);
#8713=ADVANCED_FACE('',(#7992),#8430,.T.);
#8714=ADVANCED_FACE('',(#7993),#8431,.F.);
#8715=ADVANCED_FACE('',(#7994),#8432,.T.);
#8716=ADVANCED_FACE('',(#7995),#8433,.F.);
#8717=ADVANCED_FACE('',(#7996),#8434,.F.);
#8718=ADVANCED_FACE('',(#7997),#8435,.T.);
#8719=ADVANCED_FACE('',(#7998),#8436,.F.);
#8720=ADVANCED_FACE('',(#7999),#8437,.T.);
#8721=ADVANCED_FACE('',(#8000),#8438,.F.);
#8722=ADVANCED_FACE('',(#8001),#8439,.T.);
#8723=ADVANCED_FACE('',(#8002),#8440,.F.);
#8724=ADVANCED_FACE('',(#8003),#8441,.F.);
#8725=ADVANCED_FACE('',(#8004),#8442,.T.);
#8726=ADVANCED_FACE('',(#8005),#8443,.T.);
#8727=ADVANCED_FACE('',(#8006),#8444,.T.);
#8728=ADVANCED_FACE('',(#8007),#8445,.F.);
#8729=ADVANCED_FACE('',(#8008),#8446,.T.);
#8730=ADVANCED_FACE('',(#8009),#8447,.T.);
#8731=ADVANCED_FACE('',(#8010),#8448,.F.);
#8732=ADVANCED_FACE('',(#8011),#8449,.T.);
#8733=ADVANCED_FACE('',(#8012),#8450,.F.);
#8734=ADVANCED_FACE('',(#8013),#8451,.F.);
#8735=ADVANCED_FACE('',(#8014),#8452,.F.);
#8736=ADVANCED_FACE('',(#8015),#8453,.F.);
#8737=ADVANCED_FACE('',(#8016),#8454,.F.);
#8738=ADVANCED_FACE('',(#8017),#8455,.T.);
#8739=ADVANCED_FACE('',(#8018),#8456,.F.);
#8740=ADVANCED_FACE('',(#8019),#8457,.T.);
#8741=ADVANCED_FACE('',(#8020),#8458,.F.);
#8742=ADVANCED_FACE('',(#8021),#8459,.F.);
#8743=ADVANCED_FACE('',(#8022),#8460,.T.);
#8744=ADVANCED_FACE('',(#8023),#8461,.T.);
#8745=ADVANCED_FACE('',(#8024),#8462,.T.);
#8746=ADVANCED_FACE('',(#8025),#8463,.F.);
#8747=ADVANCED_FACE('',(#8026),#8464,.F.);
#8748=ADVANCED_FACE('',(#8027),#8465,.T.);
#8749=ADVANCED_FACE('',(#8028),#8466,.T.);
#8750=ADVANCED_FACE('',(#8029),#8467,.T.);
#8751=ADVANCED_FACE('',(#8030),#8468,.T.);
#8752=ADVANCED_FACE('',(#8031),#101,.T.);
#8753=ADVANCED_FACE('',(#8032),#12,.F.);
#8754=ADVANCED_FACE('',(#8033),#102,.T.);
#8755=ADVANCED_FACE('',(#8034),#13,.F.);
#8756=ADVANCED_FACE('',(#8035),#103,.T.);
#8757=ADVANCED_FACE('',(#8036),#104,.T.);
#8758=ADVANCED_FACE('',(#8037),#105,.T.);
#8759=ADVANCED_FACE('',(#8038),#14,.F.);
#8760=ADVANCED_FACE('',(#8039),#106,.T.);
#8761=ADVANCED_FACE('',(#8040),#15,.F.);
#8762=ADVANCED_FACE('',(#8041),#8469,.T.);
#8763=ADVANCED_FACE('',(#8042),#8470,.T.);
#8764=ADVANCED_FACE('',(#8043),#8471,.T.);
#8765=ADVANCED_FACE('',(#8044),#107,.T.);
#8766=ADVANCED_FACE('',(#8045),#108,.T.);
#8767=ADVANCED_FACE('',(#8046),#16,.T.);
#8768=ADVANCED_FACE('',(#8047),#17,.T.);
#8769=ADVANCED_FACE('',(#8048),#109,.T.);
#8770=ADVANCED_FACE('',(#8049),#110,.T.);
#8771=ADVANCED_FACE('',(#8050),#8472,.T.);
#8772=ADVANCED_FACE('',(#8051),#8473,.T.);
#8773=ADVANCED_FACE('',(#8052),#8474,.T.);
#8774=ADVANCED_FACE('',(#8053),#8475,.T.);
#8775=ADVANCED_FACE('',(#8054),#8476,.T.);
#8776=ADVANCED_FACE('',(#8055),#8477,.T.);
#8777=ADVANCED_FACE('',(#8056),#8478,.T.);
#8778=ADVANCED_FACE('',(#8057),#8479,.T.);
#8779=ADVANCED_FACE('',(#8058),#8480,.T.);
#8780=ADVANCED_FACE('',(#8059),#8481,.T.);
#8781=ADVANCED_FACE('',(#8060),#8482,.T.);
#8782=ADVANCED_FACE('',(#8061),#8483,.T.);
#8783=ADVANCED_FACE('',(#8062),#18,.T.);
#8784=ADVANCED_FACE('',(#8063),#8484,.T.);
#8785=ADVANCED_FACE('',(#8064),#19,.F.);
#8786=ADVANCED_FACE('',(#8065),#8485,.T.);
#8787=ADVANCED_FACE('',(#8066),#8486,.T.);
#8788=ADVANCED_FACE('',(#8067),#8487,.T.);
#8789=ADVANCED_FACE('',(#8068),#20,.T.);
#8790=ADVANCED_FACE('',(#8069),#21,.T.);
#8791=ADVANCED_FACE('',(#8070),#111,.T.);
#8792=ADVANCED_FACE('',(#8071),#112,.T.);
#8793=ADVANCED_FACE('',(#8072),#22,.T.);
#8794=ADVANCED_FACE('',(#8073),#23,.T.);
#8795=ADVANCED_FACE('',(#8074),#113,.T.);
#8796=ADVANCED_FACE('',(#8075),#114,.T.);
#8797=ADVANCED_FACE('',(#8076),#8488,.T.);
#8798=ADVANCED_FACE('',(#8077),#8489,.T.);
#8799=ADVANCED_FACE('',(#8078),#8490,.T.);
#8800=ADVANCED_FACE('',(#8079),#24,.F.);
#8801=ADVANCED_FACE('',(#8080),#25,.F.);
#8802=ADVANCED_FACE('',(#8081),#26,.F.);
#8803=ADVANCED_FACE('',(#8082),#115,.T.);
#8804=ADVANCED_FACE('',(#8083),#116,.T.);
#8805=ADVANCED_FACE('',(#8084),#27,.F.);
#8806=ADVANCED_FACE('',(#8085),#8491,.T.);
#8807=ADVANCED_FACE('',(#8086),#28,.T.);
#8808=ADVANCED_FACE('',(#8087),#8492,.T.);
#8809=ADVANCED_FACE('',(#8088),#117,.T.);
#8810=ADVANCED_FACE('',(#8089),#8493,.T.);
#8811=ADVANCED_FACE('',(#8090),#8494,.T.);
#8812=ADVANCED_FACE('',(#8091),#29,.F.);
#8813=ADVANCED_FACE('',(#8092),#30,.F.);
#8814=ADVANCED_FACE('',(#8093),#8495,.T.);
#8815=ADVANCED_FACE('',(#8094),#118,.T.);
#8816=ADVANCED_FACE('',(#8095),#31,.F.);
#8817=ADVANCED_FACE('',(#8096),#119,.T.);
#8818=ADVANCED_FACE('',(#8097),#32,.F.);
#8819=ADVANCED_FACE('',(#8098),#8496,.T.);
#8820=ADVANCED_FACE('',(#8099),#33,.T.);
#8821=ADVANCED_FACE('',(#8100),#120,.T.);
#8822=ADVANCED_FACE('',(#8101),#121,.T.);
#8823=ADVANCED_FACE('',(#8102),#122,.T.);
#8824=ADVANCED_FACE('',(#8103),#123,.T.);
#8825=ADVANCED_FACE('',(#8104),#124,.T.);
#8826=ADVANCED_FACE('',(#8105),#125,.T.);
#8827=ADVANCED_FACE('',(#8106),#34,.T.);
#8828=ADVANCED_FACE('',(#8107),#8497,.T.);
#8829=ADVANCED_FACE('',(#8108),#35,.F.);
#8830=ADVANCED_FACE('',(#8109),#36,.F.);
#8831=ADVANCED_FACE('',(#8110),#126,.T.);
#8832=ADVANCED_FACE('',(#8111),#127,.T.);
#8833=ADVANCED_FACE('',(#8112),#37,.F.);
#8834=ADVANCED_FACE('',(#8113),#38,.F.);
#8835=ADVANCED_FACE('',(#8114),#8498,.T.);
#8836=ADVANCED_FACE('',(#8115),#39,.F.);
#8837=ADVANCED_FACE('',(#8116),#40,.F.);
#8838=ADVANCED_FACE('',(#8117),#8499,.T.);
#8839=ADVANCED_FACE('',(#8118),#8500,.T.);
#8840=ADVANCED_FACE('',(#8119),#41,.T.);
#8841=ADVANCED_FACE('',(#8120),#42,.T.);
#8842=ADVANCED_FACE('',(#8121),#43,.T.);
#8843=ADVANCED_FACE('',(#8122),#128,.T.);
#8844=ADVANCED_FACE('',(#8123),#8501,.T.);
#8845=ADVANCED_FACE('',(#8124),#8502,.T.);
#8846=ADVANCED_FACE('',(#8125),#8503,.T.);
#8847=ADVANCED_FACE('',(#8126),#8504,.T.);
#8848=ADVANCED_FACE('',(#8127),#8505,.T.);
#8849=ADVANCED_FACE('',(#8128),#8506,.T.);
#8850=ADVANCED_FACE('',(#8129),#8507,.T.);
#8851=ADVANCED_FACE('',(#8130),#8508,.T.);
#8852=ADVANCED_FACE('',(#8131),#8509,.T.);
#8853=ADVANCED_FACE('',(#8132),#8510,.T.);
#8854=ADVANCED_FACE('',(#8133),#8511,.T.);
#8855=ADVANCED_FACE('',(#8134),#8512,.T.);
#8856=ADVANCED_FACE('',(#8135),#8513,.T.);
#8857=ADVANCED_FACE('',(#8136),#8514,.T.);
#8858=ADVANCED_FACE('',(#8137),#8515,.T.);
#8859=ADVANCED_FACE('',(#8138),#8516,.T.);
#8860=ADVANCED_FACE('',(#8139),#8517,.T.);
#8861=ADVANCED_FACE('',(#8140),#8518,.T.);
#8862=ADVANCED_FACE('',(#8141),#8519,.T.);
#8863=ADVANCED_FACE('',(#8142),#8520,.T.);
#8864=ADVANCED_FACE('',(#8143),#44,.T.);
#8865=ADVANCED_FACE('',(#8144),#8521,.T.);
#8866=ADVANCED_FACE('',(#8145),#129,.T.);
#8867=ADVANCED_FACE('',(#8146),#130,.T.);
#8868=ADVANCED_FACE('',(#8147),#8522,.T.);
#8869=ADVANCED_FACE('',(#8148),#45,.T.);
#8870=ADVANCED_FACE('',(#8149),#8523,.T.);
#8871=ADVANCED_FACE('',(#8150),#46,.T.);
#8872=ADVANCED_FACE('',(#8151),#47,.F.);
#8873=ADVANCED_FACE('',(#8152),#48,.F.);
#8874=ADVANCED_FACE('',(#8153),#8524,.T.);
#8875=ADVANCED_FACE('',(#8154),#131,.T.);
#8876=ADVANCED_FACE('',(#8155),#49,.F.);
#8877=ADVANCED_FACE('',(#8156),#132,.T.);
#8878=ADVANCED_FACE('',(#8157),#50,.F.);
#8879=ADVANCED_FACE('',(#8158),#8525,.T.);
#8880=ADVANCED_FACE('',(#8159),#51,.T.);
#8881=ADVANCED_FACE('',(#8160),#133,.T.);
#8882=ADVANCED_FACE('',(#8161),#134,.T.);
#8883=ADVANCED_FACE('',(#8162),#135,.T.);
#8884=ADVANCED_FACE('',(#8163),#136,.T.);
#8885=ADVANCED_FACE('',(#8164),#137,.T.);
#8886=ADVANCED_FACE('',(#8165),#138,.T.);
#8887=ADVANCED_FACE('',(#8166),#52,.T.);
#8888=ADVANCED_FACE('',(#8167),#8526,.T.);
#8889=ADVANCED_FACE('',(#8168),#53,.F.);
#8890=ADVANCED_FACE('',(#8169),#54,.F.);
#8891=ADVANCED_FACE('',(#8170),#139,.T.);
#8892=ADVANCED_FACE('',(#8171),#140,.T.);
#8893=ADVANCED_FACE('',(#8172),#55,.T.);
#8894=ADVANCED_FACE('',(#8173),#56,.T.);
#8895=ADVANCED_FACE('',(#8174),#57,.F.);
#8896=ADVANCED_FACE('',(#8175),#141,.T.);
#8897=ADVANCED_FACE('',(#8176),#8527,.T.);
#8898=ADVANCED_FACE('',(#8177),#58,.F.);
#8899=ADVANCED_FACE('',(#8178),#142,.T.);
#8900=ADVANCED_FACE('',(#8179),#59,.F.);
#8901=ADVANCED_FACE('',(#8180),#8528,.T.);
#8902=ADVANCED_FACE('',(#8181),#60,.F.);
#8903=ADVANCED_FACE('',(#8182),#61,.F.);
#8904=ADVANCED_FACE('',(#8183),#62,.F.);
#8905=ADVANCED_FACE('',(#8184),#63,.F.);
#8906=ADVANCED_FACE('',(#8185),#143,.T.);
#8907=ADVANCED_FACE('',(#8186),#64,.F.);
#8908=ADVANCED_FACE('',(#8187),#8529,.T.);
#8909=ADVANCED_FACE('',(#8188),#65,.T.);
#8910=ADVANCED_FACE('',(#8189),#144,.T.);
#8911=ADVANCED_FACE('',(#8190),#145,.T.);
#8912=ADVANCED_FACE('',(#8191),#66,.T.);
#8913=ADVANCED_FACE('',(#8192),#8530,.T.);
#8914=ADVANCED_FACE('',(#8193),#67,.F.);
#8915=ADVANCED_FACE('',(#8194),#68,.F.);
#8916=ADVANCED_FACE('',(#8195),#69,.F.);
#8917=ADVANCED_FACE('',(#8196),#146,.T.);
#8918=ADVANCED_FACE('',(#8197),#70,.T.);
#8919=ADVANCED_FACE('',(#8198),#71,.T.);
#8920=ADVANCED_FACE('',(#8199),#72,.T.);
#8921=ADVANCED_FACE('',(#8200),#73,.T.);
#8922=ADVANCED_FACE('',(#8201),#8531,.T.);
#8923=ADVANCED_FACE('',(#8202),#8532,.T.);
#8924=ADVANCED_FACE('',(#8203),#8533,.T.);
#8925=ADVANCED_FACE('',(#8204),#74,.F.);
#8926=ADVANCED_FACE('',(#8205),#75,.F.);
#8927=ADVANCED_FACE('',(#8206),#76,.F.);
#8928=ADVANCED_FACE('',(#8207),#77,.F.);
#8929=ADVANCED_FACE('',(#8208),#8534,.T.);
#8930=ADVANCED_FACE('',(#8209),#8535,.T.);
#8931=ADVANCED_FACE('',(#8210),#8536,.T.);
#8932=ADVANCED_FACE('',(#8211),#8537,.T.);
#8933=ADVANCED_FACE('',(#8212),#8538,.T.);
#8934=ADVANCED_FACE('',(#8213),#8539,.T.);
#8935=ADVANCED_FACE('',(#8214),#8540,.T.);
#8936=ADVANCED_FACE('',(#8215),#8541,.T.);
#8937=ADVANCED_FACE('',(#8216),#8542,.T.);
#8938=ADVANCED_FACE('',(#8217),#8543,.T.);
#8939=ADVANCED_FACE('',(#8218),#8544,.T.);
#8940=ADVANCED_FACE('',(#8219),#8545,.T.);
#8941=ADVANCED_FACE('',(#8220),#8546,.T.);
#8942=ADVANCED_FACE('',(#8221),#8547,.T.);
#8943=ADVANCED_FACE('',(#8222),#8548,.T.);
#8944=ADVANCED_FACE('',(#8223),#8549,.T.);
#8945=ADVANCED_FACE('',(#8224),#8550,.T.);
#8946=ADVANCED_FACE('',(#8225),#8551,.T.);
#8947=ADVANCED_FACE('',(#8226),#147,.T.);
#8948=ADVANCED_FACE('',(#8227),#78,.F.);
#8949=ADVANCED_FACE('',(#8228),#148,.T.);
#8950=ADVANCED_FACE('',(#8229),#79,.F.);
#8951=ADVANCED_FACE('',(#8230),#149,.T.);
#8952=ADVANCED_FACE('',(#8231),#150,.T.);
#8953=ADVANCED_FACE('',(#8232),#151,.T.);
#8954=ADVANCED_FACE('',(#8233),#80,.F.);
#8955=ADVANCED_FACE('',(#8234),#152,.T.);
#8956=ADVANCED_FACE('',(#8235),#81,.F.);
#8957=ADVANCED_FACE('',(#8236),#8552,.T.);
#8958=ADVANCED_FACE('',(#8237),#8553,.T.);
#8959=ADVANCED_FACE('',(#8238),#8554,.T.);
#8960=ADVANCED_FACE('',(#8239),#153,.T.);
#8961=ADVANCED_FACE('',(#8240),#154,.T.);
#8962=ADVANCED_FACE('',(#8241),#82,.T.);
#8963=ADVANCED_FACE('',(#8242),#83,.T.);
#8964=ADVANCED_FACE('',(#8243),#155,.T.);
#8965=ADVANCED_FACE('',(#8244),#156,.T.);
#8966=ADVANCED_FACE('',(#8245),#8555,.T.);
#8967=ADVANCED_FACE('',(#8246),#8556,.T.);
#8968=ADVANCED_FACE('',(#8247),#8557,.T.);
#8969=ADVANCED_FACE('',(#8248),#8558,.T.);
#8970=ADVANCED_FACE('',(#8249),#8559,.T.);
#8971=ADVANCED_FACE('',(#8250),#8560,.T.);
#8972=ADVANCED_FACE('',(#8251),#8561,.T.);
#8973=ADVANCED_FACE('',(#8252),#8562,.T.);
#8974=ADVANCED_FACE('',(#8253),#8563,.T.);
#8975=ADVANCED_FACE('',(#8254),#8564,.T.);
#8976=ADVANCED_FACE('',(#8255),#8565,.T.);
#8977=ADVANCED_FACE('',(#8256),#8566,.T.);
#8978=ADVANCED_FACE('',(#8257),#8567,.T.);
#8979=ADVANCED_FACE('',(#8258),#8568,.T.);
#8980=ADVANCED_FACE('',(#8259),#8569,.T.);
#8981=ADVANCED_FACE('',(#8260),#8570,.T.);
#8982=ADVANCED_FACE('',(#8261),#8571,.T.);
#8983=ADVANCED_FACE('',(#8262),#8572,.T.);
#8984=ADVANCED_FACE('',(#8263),#8573,.T.);
#8985=ADVANCED_FACE('',(#8264),#8574,.T.);
#8986=ADVANCED_FACE('',(#8265),#8575,.T.);
#8987=ADVANCED_FACE('',(#8266),#8576,.T.);
#8988=ADVANCED_FACE('',(#8267),#8577,.T.);
#8989=ADVANCED_FACE('',(#8268),#8578,.T.);
#8990=ADVANCED_FACE('',(#8269),#8579,.T.);
#8991=ADVANCED_FACE('',(#8270),#8580,.T.);
#8992=ADVANCED_FACE('',(#8271),#8581,.T.);
#8993=ADVANCED_FACE('',(#8272),#8582,.T.);
#8994=ADVANCED_FACE('',(#8273),#8583,.T.);
#8995=ADVANCED_FACE('',(#8274),#8584,.T.);
#8996=ADVANCED_FACE('',(#8275),#8585,.T.);
#8997=ADVANCED_FACE('',(#8276),#8586,.T.);
#8998=ADVANCED_FACE('',(#8277),#8587,.T.);
#8999=ADVANCED_FACE('',(#8278),#8588,.T.);
#9000=ADVANCED_FACE('',(#8279),#8589,.T.);
#9001=ADVANCED_FACE('',(#8280),#8590,.T.);
#9002=ADVANCED_FACE('',(#8281),#8591,.T.);
#9003=ADVANCED_FACE('',(#8282),#8592,.T.);
#9004=ADVANCED_FACE('',(#8283),#8593,.T.);
#9005=ADVANCED_FACE('',(#8284),#8594,.T.);
#9006=ADVANCED_FACE('',(#8285),#8595,.T.);
#9007=ADVANCED_FACE('',(#8286),#8596,.T.);
#9008=ADVANCED_FACE('',(#8287),#8597,.T.);
#9009=ADVANCED_FACE('',(#8288),#8598,.T.);
#9010=ADVANCED_FACE('',(#8289),#84,.F.);
#9011=ADVANCED_FACE('',(#8290),#85,.F.);
#9012=ADVANCED_FACE('',(#8291),#86,.F.);
#9013=ADVANCED_FACE('',(#8292),#157,.T.);
#9014=ADVANCED_FACE('',(#8293),#87,.F.);
#9015=ADVANCED_FACE('',(#8294),#88,.F.);
#9016=ADVANCED_FACE('',(#8295),#89,.F.);
#9017=ADVANCED_FACE('',(#8296),#90,.F.);
#9018=ADVANCED_FACE('',(#8297),#8599,.T.);
#9019=ADVANCED_FACE('',(#8298),#158,.T.);
#9020=ADVANCED_FACE('',(#8299),#159,.T.);
#9021=ADVANCED_FACE('',(#8300),#160,.T.);
#9022=ADVANCED_FACE('',(#8301),#8600,.T.);
#9023=ADVANCED_FACE('',(#8302),#8601,.T.);
#9024=ADVANCED_FACE('',(#8303),#8602,.T.);
#9025=ADVANCED_FACE('',(#8304),#8603,.T.);
#9026=ADVANCED_FACE('',(#8305),#8604,.T.);
#9027=ADVANCED_FACE('',(#8306),#8605,.T.);
#9028=ADVANCED_FACE('',(#8307),#8606,.T.);
#9029=ADVANCED_FACE('',(#8308),#8607,.T.);
#9030=ADVANCED_FACE('',(#8309),#8608,.T.);
#9031=ADVANCED_FACE('',(#8310),#8609,.T.);
#9032=ADVANCED_FACE('',(#8311),#8610,.T.);
#9033=ADVANCED_FACE('',(#8312),#8611,.T.);
#9034=ADVANCED_FACE('',(#8313),#8612,.T.);
#9035=ADVANCED_FACE('',(#8314),#8613,.T.);
#9036=ADVANCED_FACE('',(#8315),#8614,.T.);
#9037=ADVANCED_FACE('',(#8316),#8615,.T.);
#9038=ADVANCED_FACE('',(#8317),#8616,.T.);
#9039=ADVANCED_FACE('',(#8318),#8617,.T.);
#9040=ADVANCED_FACE('',(#8319),#8618,.T.);
#9041=ADVANCED_FACE('',(#8320),#8619,.T.);
#9042=ADVANCED_FACE('',(#8321),#8620,.T.);
#9043=ADVANCED_FACE('',(#8322),#8621,.T.);
#9044=ADVANCED_FACE('',(#8323),#8622,.T.);
#9045=ADVANCED_FACE('',(#8324),#8623,.T.);
#9046=ADVANCED_FACE('',(#8325),#8624,.T.);
#9047=ADVANCED_FACE('',(#8326),#8625,.T.);
#9048=ADVANCED_FACE('',(#8327),#8626,.T.);
#9049=ADVANCED_FACE('',(#8328),#8627,.T.);
#9050=ADVANCED_FACE('',(#8329),#8628,.T.);
#9051=ADVANCED_FACE('',(#8330),#8629,.T.);
#9052=ADVANCED_FACE('',(#8331),#8630,.T.);
#9053=ADVANCED_FACE('',(#8332),#8631,.T.);
#9054=ADVANCED_FACE('',(#8333),#8632,.T.);
#9055=ADVANCED_FACE('',(#8334),#8633,.T.);
#9056=ADVANCED_FACE('',(#8335),#8634,.T.);
#9057=ADVANCED_FACE('',(#8336),#8635,.T.);
#9058=ADVANCED_FACE('',(#8337),#8636,.T.);
#9059=ADVANCED_FACE('',(#8338),#8637,.T.);
#9060=ADVANCED_FACE('',(#8339),#8638,.T.);
#9061=ADVANCED_FACE('',(#8340),#8639,.T.);
#9062=ADVANCED_FACE('',(#8341),#8640,.T.);
#9063=ADVANCED_FACE('',(#8342),#8641,.T.);
#9064=ADVANCED_FACE('',(#8343),#8642,.T.);
#9065=ADVANCED_FACE('',(#8344),#8643,.T.);
#9066=ADVANCED_FACE('',(#8345),#8644,.T.);
#9067=ADVANCED_FACE('',(#8346),#8645,.T.);
#9068=ADVANCED_FACE('',(#8347),#8646,.T.);
#9069=ADVANCED_FACE('',(#8348),#8647,.T.);
#9070=ADVANCED_FACE('',(#8349),#8648,.T.);
#9071=ADVANCED_FACE('',(#8350),#8649,.T.);
#9072=ADVANCED_FACE('',(#8351),#8650,.T.);
#9073=ADVANCED_FACE('',(#8352),#8651,.T.);
#9074=ADVANCED_FACE('',(#8353),#8652,.T.);
#9075=ADVANCED_FACE('',(#8354),#8653,.T.);
#9076=ADVANCED_FACE('',(#8355),#91,.T.);
#9077=ADVANCED_FACE('',(#8356),#8654,.T.);
#9078=ADVANCED_FACE('',(#8357),#92,.F.);
#9079=ADVANCED_FACE('',(#8358),#8655,.T.);
#9080=ADVANCED_FACE('',(#8359),#8656,.T.);
#9081=ADVANCED_FACE('',(#8360),#8657,.T.);
#9082=ADVANCED_FACE('',(#8361),#93,.T.);
#9083=ADVANCED_FACE('',(#8362),#94,.T.);
#9084=ADVANCED_FACE('',(#8363),#161,.T.);
#9085=ADVANCED_FACE('',(#8364),#162,.T.);
#9086=ADVANCED_FACE('',(#8365),#95,.T.);
#9087=ADVANCED_FACE('',(#8366),#96,.T.);
#9088=ADVANCED_FACE('',(#8367),#163,.T.);
#9089=ADVANCED_FACE('',(#8368),#164,.T.);
#9090=ADVANCED_FACE('',(#8369),#8658,.T.);
#9091=ADVANCED_FACE('',(#8370),#8659,.T.);
#9092=ADVANCED_FACE('',(#8371),#8660,.T.);
#9093=ADVANCED_FACE('',(#8372),#97,.F.);
#9094=ADVANCED_FACE('',(#8373),#98,.F.);
#9095=ADVANCED_FACE('',(#8374),#99,.F.);
#9096=ADVANCED_FACE('',(#8375),#165,.T.);
#9097=ADVANCED_FACE('',(#8376),#166,.T.);
#9098=ADVANCED_FACE('',(#8377),#100,.F.);
#9099=ADVANCED_FACE('',(#8378),#8661,.T.);
#9100=ADVANCED_FACE('',(#8379),#8662,.T.);
#9101=ADVANCED_FACE('',(#8380),#8663,.T.);
#9102=ADVANCED_FACE('',(#8381),#8664,.T.);
#9103=ADVANCED_FACE('',(#8382),#8665,.T.);
#9104=ADVANCED_FACE('',(#8383),#8666,.T.);
#9105=ADVANCED_FACE('',(#8384),#8667,.T.);
#9106=ADVANCED_FACE('',(#8385),#8668,.T.);
#9107=ADVANCED_FACE('',(#8386),#8669,.T.);
#9108=ADVANCED_FACE('',(#8387),#8670,.T.);
#9109=ADVANCED_FACE('',(#8388),#8671,.T.);
#9110=CLOSED_SHELL('',(#8672,#8673,#8674,#8675,#8676,#8677,#8678,#8679,
#8680,#8681,#8682,#8683,#8684,#8685,#8686,#8687,#8688,#8689,#8690,#8691,
#8692,#8693,#8694,#8695,#8696,#8697,#8698,#8699,#8700,#8701,#8702,#8703,
#8704,#8705,#8706,#8707,#8708,#8709,#8710,#8711,#8712,#8713,#8714,#8715,
#8716,#8717,#8718,#8719,#8720,#8721,#8722,#8723,#8724,#8725,#8726,#8727,
#8728,#8729,#8730,#8731,#8732,#8733,#8734,#8735,#8736,#8737,#8738,#8739,
#8740,#8741,#8742,#8743,#8744,#8745,#8746,#8747,#8748,#8749,#8750,#8751,
#8752,#8753,#8754,#8755,#8756,#8757,#8758,#8759,#8760,#8761,#8762,#8763,
#8764,#8765,#8766,#8767,#8768,#8769,#8770,#8771,#8772,#8773,#8774,#8775,
#8776,#8777,#8778,#8779,#8780,#8781,#8782,#8783,#8784,#8785,#8786,#8787,
#8788,#8789,#8790,#8791,#8792,#8793,#8794,#8795,#8796,#8797,#8798,#8799,
#8800,#8801,#8802,#8803,#8804,#8805,#8806,#8807,#8808,#8809,#8810,#8811,
#8812,#8813,#8814,#8815,#8816,#8817,#8818,#8819,#8820,#8821,#8822,#8823,
#8824,#8825,#8826,#8827,#8828,#8829,#8830,#8831,#8832,#8833,#8834,#8835,
#8836,#8837,#8838,#8839,#8840,#8841,#8842,#8843,#8844,#8845,#8846,#8847,
#8848,#8849,#8850,#8851,#8852,#8853,#8854,#8855,#8856,#8857,#8858,#8859,
#8860,#8861,#8862,#8863,#8864,#8865,#8866,#8867,#8868,#8869,#8870,#8871,
#8872,#8873,#8874,#8875,#8876,#8877,#8878,#8879,#8880,#8881,#8882,#8883,
#8884,#8885,#8886,#8887,#8888,#8889,#8890,#8891,#8892,#8893,#8894,#8895,
#8896,#8897,#8898,#8899,#8900,#8901,#8902,#8903,#8904,#8905,#8906,#8907,
#8908,#8909,#8910,#8911,#8912,#8913,#8914,#8915,#8916,#8917,#8918,#8919,
#8920,#8921,#8922,#8923,#8924,#8925,#8926,#8927,#8928,#8929,#8930,#8931,
#8932,#8933,#8934,#8935,#8936,#8937,#8938,#8939,#8940,#8941,#8942,#8943,
#8944,#8945,#8946,#8947,#8948,#8949,#8950,#8951,#8952,#8953,#8954,#8955,
#8956,#8957,#8958,#8959,#8960,#8961,#8962,#8963,#8964,#8965,#8966,#8967,
#8968,#8969,#8970,#8971,#8972,#8973,#8974,#8975,#8976,#8977,#8978,#8979,
#8980,#8981,#8982,#8983,#8984,#8985,#8986,#8987,#8988,#8989,#8990,#8991,
#8992,#8993,#8994,#8995,#8996,#8997,#8998,#8999,#9000,#9001,#9002,#9003,
#9004,#9005,#9006,#9007,#9008,#9009,#9010,#9011,#9012,#9013,#9014,#9015,
#9016,#9017,#9018,#9019,#9020,#9021,#9022,#9023,#9024,#9025,#9026,#9027,
#9028,#9029,#9030,#9031,#9032,#9033,#9034,#9035,#9036,#9037,#9038,#9039,
#9040,#9041,#9042,#9043,#9044,#9045,#9046,#9047,#9048,#9049,#9050,#9051,
#9052,#9053,#9054,#9055,#9056,#9057,#9058,#9059,#9060,#9061,#9062,#9063,
#9064,#9065,#9066,#9067,#9068,#9069,#9070,#9071,#9072,#9073,#9074,#9075,
#9076,#9077,#9078,#9079,#9080,#9081,#9082,#9083,#9084,#9085,#9086,#9087,
#9088,#9089,#9090,#9091,#9092,#9093,#9094,#9095,#9096,#9097,#9098,#9099,
#9100,#9101,#9102,#9103,#9104,#9105,#9106,#9107,#9108,#9109));
#9111=STYLED_ITEM('',(#9112),#9119);
#9112=PRESENTATION_STYLE_ASSIGNMENT((#9113));
#9113=SURFACE_STYLE_USAGE(.BOTH.,#9114);
#9114=SURFACE_SIDE_STYLE('',(#9115));
#9115=SURFACE_STYLE_FILL_AREA(#9116);
#9116=FILL_AREA_STYLE('',(#9117));
#9117=FILL_AREA_STYLE_COLOUR('',#9118);
#9118=COLOUR_RGB('',0.615686274509804,0.811764705882353,0.929411764705882);
#9119=MANIFOLD_SOLID_BREP('DYNAMIC SYMMETRY TRIANGLE GRID-A',#9110);
#9120=SHAPE_DEFINITION_REPRESENTATION(#15124,#9121);
#9121=SHAPE_REPRESENTATION('DYNAMIC SYMMETRY TRIANGLE GRID-A',(#9122),#15119);
#9122=AXIS2_PLACEMENT_3D('',#11773,#9673,#9674);
#9123=AXIS2_PLACEMENT_3D('',#11774,#9675,#9676);
#9124=AXIS2_PLACEMENT_3D('',#11944,#9757,#9758);
#9125=AXIS2_PLACEMENT_3D('',#11946,#9759,#9760);
#9126=AXIS2_PLACEMENT_3D('',#11960,#9761,#9762);
#9127=AXIS2_PLACEMENT_3D('',#11966,#9763,#9764);
#9128=AXIS2_PLACEMENT_3D('',#11982,#9768,#9769);
#9129=AXIS2_PLACEMENT_3D('',#11984,#9770,#9771);
#9130=AXIS2_PLACEMENT_3D('',#12011,#9781,#9782);
#9131=AXIS2_PLACEMENT_3D('',#12020,#9786,#9787);
#9132=AXIS2_PLACEMENT_3D('',#12022,#9788,#9789);
#9133=AXIS2_PLACEMENT_3D('',#12030,#9793,#9794);
#9134=AXIS2_PLACEMENT_3D('',#12032,#9795,#9796);
#9135=AXIS2_PLACEMENT_3D('',#12042,#9797,#9798);
#9136=AXIS2_PLACEMENT_3D('',#12044,#9799,#9800);
#9137=AXIS2_PLACEMENT_3D('',#12060,#9804,#9805);
#9138=AXIS2_PLACEMENT_3D('',#12062,#9806,#9807);
#9139=AXIS2_PLACEMENT_3D('',#12064,#9808,#9809);
#9140=AXIS2_PLACEMENT_3D('',#12073,#9810,#9811);
#9141=AXIS2_PLACEMENT_3D('',#12082,#9813,#9814);
#9142=AXIS2_PLACEMENT_3D('',#12090,#9818,#9819);
#9143=AXIS2_PLACEMENT_3D('',#12108,#9820,#9821);
#9144=AXIS2_PLACEMENT_3D('',#12110,#9822,#9823);
#9145=AXIS2_PLACEMENT_3D('',#12114,#9825,#9826);
#9146=AXIS2_PLACEMENT_3D('',#12140,#9827,#9828);
#9147=AXIS2_PLACEMENT_3D('',#12144,#9830,#9831);
#9148=AXIS2_PLACEMENT_3D('',#12146,#9832,#9833);
#9149=AXIS2_PLACEMENT_3D('',#12154,#9837,#9838);
#9150=AXIS2_PLACEMENT_3D('',#12156,#9839,#9840);
#9151=AXIS2_PLACEMENT_3D('',#12158,#9841,#9842);
#9152=AXIS2_PLACEMENT_3D('',#12160,#9843,#9844);
#9153=AXIS2_PLACEMENT_3D('',#12166,#9847,#9848);
#9154=AXIS2_PLACEMENT_3D('',#12168,#9849,#9850);
#9155=AXIS2_PLACEMENT_3D('',#12170,#9851,#9852);
#9156=AXIS2_PLACEMENT_3D('',#12222,#9872,#9873);
#9157=AXIS2_PLACEMENT_3D('',#12225,#9875,#9876);
#9158=AXIS2_PLACEMENT_3D('',#12230,#9878,#9879);
#9159=AXIS2_PLACEMENT_3D('',#12232,#9880,#9881);
#9160=AXIS2_PLACEMENT_3D('',#12236,#9883,#9884);
#9161=AXIS2_PLACEMENT_3D('',#12254,#9885,#9886);
#9162=AXIS2_PLACEMENT_3D('',#12256,#9887,#9888);
#9163=AXIS2_PLACEMENT_3D('',#12260,#9890,#9891);
#9164=AXIS2_PLACEMENT_3D('',#12286,#9892,#9893);
#9165=AXIS2_PLACEMENT_3D('',#12290,#9895,#9896);
#9166=AXIS2_PLACEMENT_3D('',#12292,#9897,#9898);
#9167=AXIS2_PLACEMENT_3D('',#12293,#9899,#9900);
#9168=AXIS2_PLACEMENT_3D('',#12296,#9901,#9902);
#9169=AXIS2_PLACEMENT_3D('',#12298,#9903,#9904);
#9170=AXIS2_PLACEMENT_3D('',#12300,#9905,#9906);
#9171=AXIS2_PLACEMENT_3D('',#12302,#9907,#9908);
#9172=AXIS2_PLACEMENT_3D('',#12310,#9910,#9911);
#9173=AXIS2_PLACEMENT_3D('',#12316,#9912,#9913);
#9174=AXIS2_PLACEMENT_3D('',#12319,#9915,#9916);
#9175=AXIS2_PLACEMENT_3D('',#12330,#9917,#9918);
#9176=AXIS2_PLACEMENT_3D('',#12332,#9919,#9920);
#9177=AXIS2_PLACEMENT_3D('',#12334,#9921,#9922);
#9178=AXIS2_PLACEMENT_3D('',#12338,#9924,#9925);
#9179=AXIS2_PLACEMENT_3D('',#12348,#9926,#9927);
#9180=AXIS2_PLACEMENT_3D('',#12352,#9929,#9930);
#9181=AXIS2_PLACEMENT_3D('',#12354,#9931,#9932);
#9182=AXIS2_PLACEMENT_3D('',#12355,#9933,#9934);
#9183=AXIS2_PLACEMENT_3D('',#12360,#9936,#9937);
#9184=AXIS2_PLACEMENT_3D('',#12362,#9938,#9939);
#9185=AXIS2_PLACEMENT_3D('',#12364,#9940,#9941);
#9186=AXIS2_PLACEMENT_3D('',#12366,#9942,#9943);
#9187=AXIS2_PLACEMENT_3D('',#12374,#9947,#9948);
#9188=AXIS2_PLACEMENT_3D('',#12376,#9949,#9950);
#9189=AXIS2_PLACEMENT_3D('',#12378,#9951,#9952);
#9190=AXIS2_PLACEMENT_3D('',#12426,#9972,#9973);
#9191=AXIS2_PLACEMENT_3D('',#12428,#9974,#9975);
#9192=AXIS2_PLACEMENT_3D('',#12442,#9976,#9977);
#9193=AXIS2_PLACEMENT_3D('',#12448,#9978,#9979);
#9194=AXIS2_PLACEMENT_3D('',#12464,#9983,#9984);
#9195=AXIS2_PLACEMENT_3D('',#12466,#9985,#9986);
#9196=AXIS2_PLACEMENT_3D('',#12566,#10030,#10031);
#9197=AXIS2_PLACEMENT_3D('',#12568,#10032,#10033);
#9198=AXIS2_PLACEMENT_3D('',#12570,#10034,#10035);
#9199=AXIS2_PLACEMENT_3D('',#12576,#10036,#10037);
#9200=AXIS2_PLACEMENT_3D('',#12578,#10038,#10039);
#9201=AXIS2_PLACEMENT_3D('',#12580,#10040,#10041);
#9202=AXIS2_PLACEMENT_3D('',#12582,#10042,#10043);
#9203=AXIS2_PLACEMENT_3D('',#12697,#10097,#10098);
#9204=AXIS2_PLACEMENT_3D('',#12706,#10102,#10103);
#9205=AXIS2_PLACEMENT_3D('',#12708,#10104,#10105);
#9206=AXIS2_PLACEMENT_3D('',#12716,#10109,#10110);
#9207=AXIS2_PLACEMENT_3D('',#12718,#10111,#10112);
#9208=AXIS2_PLACEMENT_3D('',#12728,#10113,#10114);
#9209=AXIS2_PLACEMENT_3D('',#12730,#10115,#10116);
#9210=AXIS2_PLACEMENT_3D('',#12746,#10120,#10121);
#9211=AXIS2_PLACEMENT_3D('',#12748,#10122,#10123);
#9212=AXIS2_PLACEMENT_3D('',#12750,#10124,#10125);
#9213=AXIS2_PLACEMENT_3D('',#12779,#10136,#10137);
#9214=AXIS2_PLACEMENT_3D('',#12941,#10216,#10217);
#9215=AXIS2_PLACEMENT_3D('',#12943,#10218,#10219);
#9216=AXIS2_PLACEMENT_3D('',#12945,#10220,#10221);
#9217=AXIS2_PLACEMENT_3D('',#12949,#10223,#10224);
#9218=AXIS2_PLACEMENT_3D('',#12959,#10225,#10226);
#9219=AXIS2_PLACEMENT_3D('',#12963,#10228,#10229);
#9220=AXIS2_PLACEMENT_3D('',#12965,#10230,#10231);
#9221=AXIS2_PLACEMENT_3D('',#12967,#10232,#10233);
#9222=AXIS2_PLACEMENT_3D('',#12981,#10234,#10235);
#9223=AXIS2_PLACEMENT_3D('',#12983,#10236,#10237);
#9224=AXIS2_PLACEMENT_3D('',#12987,#10239,#10240);
#9225=AXIS2_PLACEMENT_3D('',#13013,#10241,#10242);
#9226=AXIS2_PLACEMENT_3D('',#13017,#10244,#10245);
#9227=AXIS2_PLACEMENT_3D('',#13019,#10246,#10247);
#9228=AXIS2_PLACEMENT_3D('',#13037,#10250,#10251);
#9229=AXIS2_PLACEMENT_3D('',#13071,#10264,#10265);
#9230=AXIS2_PLACEMENT_3D('',#13073,#10266,#10267);
#9231=AXIS2_PLACEMENT_3D('',#13075,#10268,#10269);
#9232=AXIS2_PLACEMENT_3D('',#13081,#10272,#10273);
#9233=AXIS2_PLACEMENT_3D('',#13083,#10274,#10275);
#9234=AXIS2_PLACEMENT_3D('',#13085,#10276,#10277);
#9235=AXIS2_PLACEMENT_3D('',#13087,#10278,#10279);
#9236=AXIS2_PLACEMENT_3D('',#13093,#10282,#10283);
#9237=AXIS2_PLACEMENT_3D('',#13095,#10284,#10285);
#9238=AXIS2_PLACEMENT_3D('',#13103,#10289,#10290);
#9239=AXIS2_PLACEMENT_3D('',#13131,#10298,#10299);
#9240=AXIS2_PLACEMENT_3D('',#13133,#10300,#10301);
#9241=AXIS2_PLACEMENT_3D('',#13149,#10305,#10306);
#9242=AXIS2_PLACEMENT_3D('',#13155,#10307,#10308);
#9243=AXIS2_PLACEMENT_3D('',#13169,#10309,#10310);
#9244=AXIS2_PLACEMENT_3D('',#13171,#10311,#10312);
#9245=AXIS2_PLACEMENT_3D('',#13347,#10396,#10397);
#9246=AXIS2_PLACEMENT_3D('',#13357,#10398,#10399);
#9247=AXIS2_PLACEMENT_3D('',#13359,#10400,#10401);
#9248=AXIS2_PLACEMENT_3D('',#13361,#10402,#10403);
#9249=AXIS2_PLACEMENT_3D('',#13377,#10407,#10408);
#9250=AXIS2_PLACEMENT_3D('',#13379,#10409,#10410);
#9251=AXIS2_PLACEMENT_3D('',#13389,#10411,#10412);
#9252=AXIS2_PLACEMENT_3D('',#13391,#10413,#10414);
#9253=AXIS2_PLACEMENT_3D('',#13399,#10418,#10419);
#9254=AXIS2_PLACEMENT_3D('',#13401,#10420,#10421);
#9255=AXIS2_PLACEMENT_3D('',#13415,#10424,#10425);
#9256=AXIS2_PLACEMENT_3D('',#13417,#10426,#10427);
#9257=AXIS2_PLACEMENT_3D('',#13421,#10429,#10430);
#9258=AXIS2_PLACEMENT_3D('',#13447,#10431,#10432);
#9259=AXIS2_PLACEMENT_3D('',#13451,#10434,#10435);
#9260=AXIS2_PLACEMENT_3D('',#13453,#10436,#10437);
#9261=AXIS2_PLACEMENT_3D('',#13481,#10447,#10448);
#9262=AXIS2_PLACEMENT_3D('',#13483,#10449,#10450);
#9263=AXIS2_PLACEMENT_3D('',#13487,#10452,#10453);
#9264=AXIS2_PLACEMENT_3D('',#13489,#10454,#10455);
#9265=AXIS2_PLACEMENT_3D('',#13490,#10456,#10457);
#9266=AXIS2_PLACEMENT_3D('',#13493,#10458,#10459);
#9267=AXIS2_PLACEMENT_3D('',#13497,#10461,#10462);
#9268=AXIS2_PLACEMENT_3D('',#13503,#10463,#10464);
#9269=AXIS2_PLACEMENT_3D('',#13511,#10466,#10467);
#9270=AXIS2_PLACEMENT_3D('',#13513,#10468,#10469);
#9271=AXIS2_PLACEMENT_3D('',#13515,#10470,#10471);
#9272=AXIS2_PLACEMENT_3D('',#13519,#10473,#10474);
#9273=AXIS2_PLACEMENT_3D('',#13521,#10475,#10476);
#9274=AXIS2_PLACEMENT_3D('',#13523,#10477,#10478);
#9275=AXIS2_PLACEMENT_3D('',#13525,#10479,#10480);
#9276=AXIS2_PLACEMENT_3D('',#13533,#10484,#10485);
#9277=AXIS2_PLACEMENT_3D('',#13535,#10486,#10487);
#9278=AXIS2_PLACEMENT_3D('',#13537,#10488,#10489);
#9279=AXIS2_PLACEMENT_3D('',#13539,#10490,#10491);
#9280=AXIS2_PLACEMENT_3D('',#13563,#10499,#10500);
#9281=AXIS2_PLACEMENT_3D('',#13565,#10501,#10502);
#9282=AXIS2_PLACEMENT_3D('',#13581,#10506,#10507);
#9283=AXIS2_PLACEMENT_3D('',#13587,#10508,#10509);
#9284=AXIS2_PLACEMENT_3D('',#13601,#10510,#10511);
#9285=AXIS2_PLACEMENT_3D('',#13603,#10512,#10513);
#9286=AXIS2_PLACEMENT_3D('',#13653,#10528,#10529);
#9287=AXIS2_PLACEMENT_3D('',#13655,#10530,#10531);
#9288=AXIS2_PLACEMENT_3D('',#13657,#10532,#10533);
#9289=AXIS2_PLACEMENT_3D('',#13659,#10534,#10535);
#9290=AXIS2_PLACEMENT_3D('',#13665,#10536,#10537);
#9291=AXIS2_PLACEMENT_3D('',#13667,#10538,#10539);
#9292=AXIS2_PLACEMENT_3D('',#13669,#10540,#10541);
#9293=AXIS2_PLACEMENT_3D('',#13713,#10563,#10564);
#9294=AXIS2_PLACEMENT_3D('',#13723,#10565,#10566);
#9295=AXIS2_PLACEMENT_3D('',#13725,#10567,#10568);
#9296=AXIS2_PLACEMENT_3D('',#13727,#10569,#10570);
#9297=AXIS2_PLACEMENT_3D('',#13743,#10574,#10575);
#9298=AXIS2_PLACEMENT_3D('',#13745,#10576,#10577);
#9299=AXIS2_PLACEMENT_3D('',#13755,#10578,#10579);
#9300=AXIS2_PLACEMENT_3D('',#13757,#10580,#10581);
#9301=AXIS2_PLACEMENT_3D('',#13765,#10585,#10586);
#9302=AXIS2_PLACEMENT_3D('',#13767,#10587,#10588);
#9303=AXIS2_PLACEMENT_3D('',#13784,#10597,#10598);
#9304=AXIS2_PLACEMENT_3D('',#13787,#10601,#10602);
#9305=AXIS2_PLACEMENT_3D('',#13789,#10604,#10605);
#9306=AXIS2_PLACEMENT_3D('',#13791,#10607,#10608);
#9307=AXIS2_PLACEMENT_3D('',#13794,#10611,#10612);
#9308=AXIS2_PLACEMENT_3D('',#13796,#10614,#10615);
#9309=AXIS2_PLACEMENT_3D('',#13798,#10617,#10618);
#9310=AXIS2_PLACEMENT_3D('',#13801,#10621,#10622);
#9311=AXIS2_PLACEMENT_3D('',#13803,#10624,#10625);
#9312=AXIS2_PLACEMENT_3D('',#13806,#10628,#10629);
#9313=AXIS2_PLACEMENT_3D('',#13808,#10631,#10632);
#9314=AXIS2_PLACEMENT_3D('',#13811,#10635,#10636);
#9315=AXIS2_PLACEMENT_3D('',#13813,#10638,#10639);
#9316=AXIS2_PLACEMENT_3D('',#13816,#10642,#10643);
#9317=AXIS2_PLACEMENT_3D('',#13818,#10645,#10646);
#9318=AXIS2_PLACEMENT_3D('',#13820,#10648,#10649);
#9319=AXIS2_PLACEMENT_3D('',#13823,#10652,#10653);
#9320=AXIS2_PLACEMENT_3D('',#13825,#10655,#10656);
#9321=AXIS2_PLACEMENT_3D('',#13828,#10659,#10660);
#9322=AXIS2_PLACEMENT_3D('',#13830,#10662,#10663);
#9323=AXIS2_PLACEMENT_3D('',#13833,#10666,#10667);
#9324=AXIS2_PLACEMENT_3D('',#13835,#10669,#10670);
#9325=AXIS2_PLACEMENT_3D('',#13837,#10672,#10673);
#9326=AXIS2_PLACEMENT_3D('',#13840,#10676,#10677);
#9327=AXIS2_PLACEMENT_3D('',#13842,#10679,#10680);
#9328=AXIS2_PLACEMENT_3D('',#13845,#10683,#10684);
#9329=AXIS2_PLACEMENT_3D('',#13847,#10686,#10687);
#9330=AXIS2_PLACEMENT_3D('',#13849,#10689,#10690);
#9331=AXIS2_PLACEMENT_3D('',#13852,#10693,#10694);
#9332=AXIS2_PLACEMENT_3D('',#13854,#10696,#10697);
#9333=AXIS2_PLACEMENT_3D('',#13856,#10699,#10700);
#9334=AXIS2_PLACEMENT_3D('',#13859,#10703,#10704);
#9335=AXIS2_PLACEMENT_3D('',#13861,#10706,#10707);
#9336=AXIS2_PLACEMENT_3D('',#13864,#10710,#10711);
#9337=AXIS2_PLACEMENT_3D('',#13866,#10713,#10714);
#9338=AXIS2_PLACEMENT_3D('',#13868,#10716,#10717);
#9339=AXIS2_PLACEMENT_3D('',#13871,#10720,#10721);
#9340=AXIS2_PLACEMENT_3D('',#13873,#10723,#10724);
#9341=AXIS2_PLACEMENT_3D('',#13876,#10727,#10728);
#9342=AXIS2_PLACEMENT_3D('',#13878,#10730,#10731);
#9343=AXIS2_PLACEMENT_3D('',#13880,#10733,#10734);
#9344=AXIS2_PLACEMENT_3D('',#13883,#10737,#10738);
#9345=AXIS2_PLACEMENT_3D('',#13885,#10740,#10741);
#9346=AXIS2_PLACEMENT_3D('',#13887,#10743,#10744);
#9347=AXIS2_PLACEMENT_3D('',#13890,#10747,#10748);
#9348=AXIS2_PLACEMENT_3D('',#13892,#10750,#10751);
#9349=AXIS2_PLACEMENT_3D('',#13894,#10753,#10754);
#9350=AXIS2_PLACEMENT_3D('',#13897,#10757,#10758);
#9351=AXIS2_PLACEMENT_3D('',#13899,#10760,#10761);
#9352=AXIS2_PLACEMENT_3D('',#13902,#10764,#10765);
#9353=AXIS2_PLACEMENT_3D('',#13904,#10767,#10768);
#9354=AXIS2_PLACEMENT_3D('',#13907,#10771,#10772);
#9355=AXIS2_PLACEMENT_3D('',#13909,#10774,#10775);
#9356=AXIS2_PLACEMENT_3D('',#13911,#10777,#10778);
#9357=AXIS2_PLACEMENT_3D('',#13912,#10779,#10780);
#9358=AXIS2_PLACEMENT_3D('',#13913,#10781,#10782);
#9359=AXIS2_PLACEMENT_3D('',#13914,#10783,#10784);
#9360=AXIS2_PLACEMENT_3D('',#13915,#10785,#10786);
#9361=AXIS2_PLACEMENT_3D('',#13916,#10787,#10788);
#9362=AXIS2_PLACEMENT_3D('',#13917,#10789,#10790);
#9363=AXIS2_PLACEMENT_3D('',#13918,#10791,#10792);
#9364=AXIS2_PLACEMENT_3D('',#13919,#10793,#10794);
#9365=AXIS2_PLACEMENT_3D('',#13920,#10795,#10796);
#9366=AXIS2_PLACEMENT_3D('',#13921,#10797,#10798);
#9367=AXIS2_PLACEMENT_3D('',#13922,#10799,#10800);
#9368=AXIS2_PLACEMENT_3D('',#13923,#10801,#10802);
#9369=AXIS2_PLACEMENT_3D('',#13924,#10803,#10804);
#9370=AXIS2_PLACEMENT_3D('',#13925,#10805,#10806);
#9371=AXIS2_PLACEMENT_3D('',#13926,#10807,#10808);
#9372=AXIS2_PLACEMENT_3D('',#13927,#10809,#10810);
#9373=AXIS2_PLACEMENT_3D('',#13928,#10811,#10812);
#9374=AXIS2_PLACEMENT_3D('',#13929,#10813,#10814);
#9375=AXIS2_PLACEMENT_3D('',#13930,#10815,#10816);
#9376=AXIS2_PLACEMENT_3D('',#13931,#10817,#10818);
#9377=AXIS2_PLACEMENT_3D('',#13932,#10819,#10820);
#9378=AXIS2_PLACEMENT_3D('',#13935,#10823,#10824);
#9379=AXIS2_PLACEMENT_3D('',#13937,#10826,#10827);
#9380=AXIS2_PLACEMENT_3D('',#13939,#10829,#10830);
#9381=AXIS2_PLACEMENT_3D('',#13950,#10833,#10834);
#9382=AXIS2_PLACEMENT_3D('',#13961,#10837,#10838);
#9383=AXIS2_PLACEMENT_3D('',#13990,#10843,#10844);
#9384=AXIS2_PLACEMENT_3D('',#14001,#10847,#10848);
#9385=AXIS2_PLACEMENT_3D('',#14003,#10850,#10851);
#9386=AXIS2_PLACEMENT_3D('',#14005,#10853,#10854);
#9387=AXIS2_PLACEMENT_3D('',#14007,#10856,#10857);
#9388=AXIS2_PLACEMENT_3D('',#14027,#10861,#10862);
#9389=AXIS2_PLACEMENT_3D('',#14029,#10864,#10865);
#9390=AXIS2_PLACEMENT_3D('',#14049,#10869,#10870);
#9391=AXIS2_PLACEMENT_3D('',#14051,#10872,#10873);
#9392=AXIS2_PLACEMENT_3D('',#14053,#10875,#10876);
#9393=AXIS2_PLACEMENT_3D('',#14054,#10877,#10878);
#9394=AXIS2_PLACEMENT_3D('',#14057,#10881,#10882);
#9395=AXIS2_PLACEMENT_3D('',#14059,#10884,#10885);
#9396=AXIS2_PLACEMENT_3D('',#14061,#10887,#10888);
#9397=AXIS2_PLACEMENT_3D('',#14062,#10889,#10890);
#9398=AXIS2_PLACEMENT_3D('',#14065,#10893,#10894);
#9399=AXIS2_PLACEMENT_3D('',#14067,#10896,#10897);
#9400=AXIS2_PLACEMENT_3D('',#14069,#10899,#10900);
#9401=AXIS2_PLACEMENT_3D('',#14070,#10901,#10902);
#9402=AXIS2_PLACEMENT_3D('',#14073,#10905,#10906);
#9403=AXIS2_PLACEMENT_3D('',#14075,#10908,#10909);
#9404=AXIS2_PLACEMENT_3D('',#14077,#10911,#10912);
#9405=AXIS2_PLACEMENT_3D('',#14079,#10914,#10915);
#9406=AXIS2_PLACEMENT_3D('',#14081,#10917,#10918);
#9407=AXIS2_PLACEMENT_3D('',#14083,#10920,#10921);
#9408=AXIS2_PLACEMENT_3D('',#14085,#10923,#10924);
#9409=AXIS2_PLACEMENT_3D('',#14087,#10926,#10927);
#9410=AXIS2_PLACEMENT_3D('',#14107,#10931,#10932);
#9411=AXIS2_PLACEMENT_3D('',#14109,#10934,#10935);
#9412=AXIS2_PLACEMENT_3D('',#14129,#10939,#10940);
#9413=AXIS2_PLACEMENT_3D('',#14131,#10942,#10943);
#9414=AXIS2_PLACEMENT_3D('',#14133,#10945,#10946);
#9415=AXIS2_PLACEMENT_3D('',#14135,#10948,#10949);
#9416=AXIS2_PLACEMENT_3D('',#14137,#10951,#10952);
#9417=AXIS2_PLACEMENT_3D('',#14139,#10954,#10955);
#9418=AXIS2_PLACEMENT_3D('',#14159,#10959,#10960);
#9419=AXIS2_PLACEMENT_3D('',#14161,#10962,#10963);
#9420=AXIS2_PLACEMENT_3D('',#14162,#10964,#10965);
#9421=AXIS2_PLACEMENT_3D('',#14165,#10968,#10969);
#9422=AXIS2_PLACEMENT_3D('',#14176,#10972,#10973);
#9423=AXIS2_PLACEMENT_3D('',#14178,#10975,#10976);
#9424=AXIS2_PLACEMENT_3D('',#14180,#10978,#10979);
#9425=AXIS2_PLACEMENT_3D('',#14182,#10981,#10982);
#9426=AXIS2_PLACEMENT_3D('',#14184,#10984,#10985);
#9427=AXIS2_PLACEMENT_3D('',#14195,#10988,#10989);
#9428=AXIS2_PLACEMENT_3D('',#14206,#10992,#10993);
#9429=AXIS2_PLACEMENT_3D('',#14208,#10995,#10996);
#9430=AXIS2_PLACEMENT_3D('',#14210,#10998,#10999);
#9431=AXIS2_PLACEMENT_3D('',#14266,#11007,#11008);
#9432=AXIS2_PLACEMENT_3D('',#14268,#11010,#11011);
#9433=AXIS2_PLACEMENT_3D('',#14270,#11013,#11014);
#9434=AXIS2_PLACEMENT_3D('',#14272,#11016,#11017);
#9435=AXIS2_PLACEMENT_3D('',#14291,#11020,#11021);
#9436=AXIS2_PLACEMENT_3D('',#14294,#11024,#11025);
#9437=AXIS2_PLACEMENT_3D('',#14296,#11027,#11028);
#9438=AXIS2_PLACEMENT_3D('',#14298,#11030,#11031);
#9439=AXIS2_PLACEMENT_3D('',#14300,#11033,#11034);
#9440=AXIS2_PLACEMENT_3D('',#14302,#11036,#11037);
#9441=AXIS2_PLACEMENT_3D('',#14304,#11039,#11040);
#9442=AXIS2_PLACEMENT_3D('',#14306,#11042,#11043);
#9443=AXIS2_PLACEMENT_3D('',#14308,#11045,#11046);
#9444=AXIS2_PLACEMENT_3D('',#14310,#11048,#11049);
#9445=AXIS2_PLACEMENT_3D('',#14321,#11052,#11053);
#9446=AXIS2_PLACEMENT_3D('',#14323,#11055,#11056);
#9447=AXIS2_PLACEMENT_3D('',#14325,#11058,#11059);
#9448=AXIS2_PLACEMENT_3D('',#14327,#11061,#11062);
#9449=AXIS2_PLACEMENT_3D('',#14328,#11063,#11064);
#9450=AXIS2_PLACEMENT_3D('',#14331,#11067,#11068);
#9451=AXIS2_PLACEMENT_3D('',#14333,#11070,#11071);
#9452=AXIS2_PLACEMENT_3D('',#14335,#11073,#11074);
#9453=AXIS2_PLACEMENT_3D('',#14336,#11075,#11076);
#9454=AXIS2_PLACEMENT_3D('',#14339,#11079,#11080);
#9455=AXIS2_PLACEMENT_3D('',#14341,#11082,#11083);
#9456=AXIS2_PLACEMENT_3D('',#14343,#11085,#11086);
#9457=AXIS2_PLACEMENT_3D('',#14345,#11088,#11089);
#9458=AXIS2_PLACEMENT_3D('',#14347,#11091,#11092);
#9459=AXIS2_PLACEMENT_3D('',#14349,#11094,#11095);
#9460=AXIS2_PLACEMENT_3D('',#14351,#11097,#11098);
#9461=AXIS2_PLACEMENT_3D('',#14352,#11099,#11100);
#9462=AXIS2_PLACEMENT_3D('',#14355,#11103,#11104);
#9463=AXIS2_PLACEMENT_3D('',#14357,#11106,#11107);
#9464=AXIS2_PLACEMENT_3D('',#14359,#11109,#11110);
#9465=AXIS2_PLACEMENT_3D('',#14360,#11111,#11112);
#9466=AXIS2_PLACEMENT_3D('',#14363,#11115,#11116);
#9467=AXIS2_PLACEMENT_3D('',#14383,#11120,#11121);
#9468=AXIS2_PLACEMENT_3D('',#14384,#11122,#11123);
#9469=AXIS2_PLACEMENT_3D('',#14387,#11126,#11127);
#9470=AXIS2_PLACEMENT_3D('',#14389,#11129,#11130);
#9471=AXIS2_PLACEMENT_3D('',#14391,#11132,#11133);
#9472=AXIS2_PLACEMENT_3D('',#14393,#11135,#11136);
#9473=AXIS2_PLACEMENT_3D('',#14395,#11138,#11139);
#9474=AXIS2_PLACEMENT_3D('',#14406,#11142,#11143);
#9475=AXIS2_PLACEMENT_3D('',#14417,#11146,#11147);
#9476=AXIS2_PLACEMENT_3D('',#14419,#11149,#11150);
#9477=AXIS2_PLACEMENT_3D('',#14421,#11152,#11153);
#9478=AXIS2_PLACEMENT_3D('',#14477,#11161,#11162);
#9479=AXIS2_PLACEMENT_3D('',#14479,#11164,#11165);
#9480=AXIS2_PLACEMENT_3D('',#14481,#11167,#11168);
#9481=AXIS2_PLACEMENT_3D('',#14483,#11170,#11171);
#9482=AXIS2_PLACEMENT_3D('',#14502,#11174,#11175);
#9483=AXIS2_PLACEMENT_3D('',#14505,#11178,#11179);
#9484=AXIS2_PLACEMENT_3D('',#14507,#11181,#11182);
#9485=AXIS2_PLACEMENT_3D('',#14518,#11185,#11186);
#9486=AXIS2_PLACEMENT_3D('',#14520,#11188,#11189);
#9487=AXIS2_PLACEMENT_3D('',#14531,#11192,#11193);
#9488=AXIS2_PLACEMENT_3D('',#14533,#11195,#11196);
#9489=AXIS2_PLACEMENT_3D('',#14535,#11198,#11199);
#9490=AXIS2_PLACEMENT_3D('',#14537,#11201,#11202);
#9491=AXIS2_PLACEMENT_3D('',#14538,#11203,#11204);
#9492=AXIS2_PLACEMENT_3D('',#14541,#11207,#11208);
#9493=AXIS2_PLACEMENT_3D('',#14552,#11211,#11212);
#9494=AXIS2_PLACEMENT_3D('',#14554,#11214,#11215);
#9495=AXIS2_PLACEMENT_3D('',#14556,#11217,#11218);
#9496=AXIS2_PLACEMENT_3D('',#14576,#11222,#11223);
#9497=AXIS2_PLACEMENT_3D('',#14578,#11225,#11226);
#9498=AXIS2_PLACEMENT_3D('',#14580,#11228,#11229);
#9499=AXIS2_PLACEMENT_3D('',#14582,#11231,#11232);
#9500=AXIS2_PLACEMENT_3D('',#14584,#11234,#11235);
#9501=AXIS2_PLACEMENT_3D('',#14594,#11237,#11238);
#9502=AXIS2_PLACEMENT_3D('',#14597,#11241,#11242);
#9503=AXIS2_PLACEMENT_3D('',#14599,#11244,#11245);
#9504=AXIS2_PLACEMENT_3D('',#14601,#11247,#11248);
#9505=AXIS2_PLACEMENT_3D('',#14603,#11250,#11251);
#9506=AXIS2_PLACEMENT_3D('',#14605,#11253,#11254);
#9507=AXIS2_PLACEMENT_3D('',#14607,#11256,#11257);
#9508=AXIS2_PLACEMENT_3D('',#14609,#11259,#11260);
#9509=AXIS2_PLACEMENT_3D('',#14611,#11262,#11263);
#9510=AXIS2_PLACEMENT_3D('',#14613,#11265,#11266);
#9511=AXIS2_PLACEMENT_3D('',#14615,#11268,#11269);
#9512=AXIS2_PLACEMENT_3D('',#14617,#11271,#11272);
#9513=AXIS2_PLACEMENT_3D('',#14618,#11273,#11274);
#9514=AXIS2_PLACEMENT_3D('',#14621,#11277,#11278);
#9515=AXIS2_PLACEMENT_3D('',#14623,#11280,#11281);
#9516=AXIS2_PLACEMENT_3D('',#14625,#11283,#11284);
#9517=AXIS2_PLACEMENT_3D('',#14627,#11286,#11287);
#9518=AXIS2_PLACEMENT_3D('',#14629,#11289,#11290);
#9519=AXIS2_PLACEMENT_3D('',#14631,#11292,#11293);
#9520=AXIS2_PLACEMENT_3D('',#14632,#11294,#11295);
#9521=AXIS2_PLACEMENT_3D('',#14635,#11298,#11299);
#9522=AXIS2_PLACEMENT_3D('',#14637,#11301,#11302);
#9523=AXIS2_PLACEMENT_3D('',#14639,#11304,#11305);
#9524=AXIS2_PLACEMENT_3D('',#14640,#11306,#11307);
#9525=AXIS2_PLACEMENT_3D('',#14643,#11310,#11311);
#9526=AXIS2_PLACEMENT_3D('',#14645,#11313,#11314);
#9527=AXIS2_PLACEMENT_3D('',#14647,#11316,#11317);
#9528=AXIS2_PLACEMENT_3D('',#14649,#11319,#11320);
#9529=AXIS2_PLACEMENT_3D('',#14651,#11322,#11323);
#9530=AXIS2_PLACEMENT_3D('',#14662,#11326,#11327);
#9531=AXIS2_PLACEMENT_3D('',#14673,#11330,#11331);
#9532=AXIS2_PLACEMENT_3D('',#14702,#11336,#11337);
#9533=AXIS2_PLACEMENT_3D('',#14713,#11340,#11341);
#9534=AXIS2_PLACEMENT_3D('',#14715,#11343,#11344);
#9535=AXIS2_PLACEMENT_3D('',#14717,#11346,#11347);
#9536=AXIS2_PLACEMENT_3D('',#14719,#11349,#11350);
#9537=AXIS2_PLACEMENT_3D('',#14739,#11354,#11355);
#9538=AXIS2_PLACEMENT_3D('',#14741,#11357,#11358);
#9539=AXIS2_PLACEMENT_3D('',#14761,#11362,#11363);
#9540=AXIS2_PLACEMENT_3D('',#14763,#11365,#11366);
#9541=AXIS2_PLACEMENT_3D('',#14765,#11368,#11369);
#9542=AXIS2_PLACEMENT_3D('',#14766,#11370,#11371);
#9543=AXIS2_PLACEMENT_3D('',#14769,#11374,#11375);
#9544=AXIS2_PLACEMENT_3D('',#14771,#11377,#11378);
#9545=AXIS2_PLACEMENT_3D('',#14773,#11380,#11381);
#9546=AXIS2_PLACEMENT_3D('',#14775,#11383,#11384);
#9547=AXIS2_PLACEMENT_3D('',#14777,#11386,#11387);
#9548=AXIS2_PLACEMENT_3D('',#14779,#11389,#11390);
#9549=AXIS2_PLACEMENT_3D('',#14781,#11392,#11393);
#9550=AXIS2_PLACEMENT_3D('',#14782,#11394,#11395);
#9551=AXIS2_PLACEMENT_3D('',#14785,#11398,#11399);
#9552=AXIS2_PLACEMENT_3D('',#14787,#11401,#11402);
#9553=AXIS2_PLACEMENT_3D('',#14789,#11404,#11405);
#9554=AXIS2_PLACEMENT_3D('',#14790,#11406,#11407);
#9555=AXIS2_PLACEMENT_3D('',#14793,#11410,#11411);
#9556=AXIS2_PLACEMENT_3D('',#14795,#11413,#11414);
#9557=AXIS2_PLACEMENT_3D('',#14797,#11416,#11417);
#9558=AXIS2_PLACEMENT_3D('',#14799,#11419,#11420);
#9559=AXIS2_PLACEMENT_3D('',#14801,#11422,#11423);
#9560=AXIS2_PLACEMENT_3D('',#14803,#11425,#11426);
#9561=AXIS2_PLACEMENT_3D('',#14804,#11427,#11428);
#9562=AXIS2_PLACEMENT_3D('',#14807,#11431,#11432);
#9563=AXIS2_PLACEMENT_3D('',#14809,#11434,#11435);
#9564=AXIS2_PLACEMENT_3D('',#14811,#11437,#11438);
#9565=AXIS2_PLACEMENT_3D('',#14812,#11439,#11440);
#9566=AXIS2_PLACEMENT_3D('',#14815,#11443,#11444);
#9567=AXIS2_PLACEMENT_3D('',#14817,#11446,#11447);
#9568=AXIS2_PLACEMENT_3D('',#14819,#11449,#11450);
#9569=AXIS2_PLACEMENT_3D('',#14821,#11452,#11453);
#9570=AXIS2_PLACEMENT_3D('',#14823,#11455,#11456);
#9571=AXIS2_PLACEMENT_3D('',#14825,#11458,#11459);
#9572=AXIS2_PLACEMENT_3D('',#14827,#11461,#11462);
#9573=AXIS2_PLACEMENT_3D('',#14828,#11463,#11464);
#9574=AXIS2_PLACEMENT_3D('',#14831,#11467,#11468);
#9575=AXIS2_PLACEMENT_3D('',#14833,#11470,#11471);
#9576=AXIS2_PLACEMENT_3D('',#14835,#11473,#11474);
#9577=AXIS2_PLACEMENT_3D('',#14836,#11475,#11476);
#9578=AXIS2_PLACEMENT_3D('',#14839,#11479,#11480);
#9579=AXIS2_PLACEMENT_3D('',#14841,#11482,#11483);
#9580=AXIS2_PLACEMENT_3D('',#14843,#11485,#11486);
#9581=AXIS2_PLACEMENT_3D('',#14845,#11488,#11489);
#9582=AXIS2_PLACEMENT_3D('',#14847,#11491,#11492);
#9583=AXIS2_PLACEMENT_3D('',#14848,#11493,#11494);
#9584=AXIS2_PLACEMENT_3D('',#14851,#11497,#11498);
#9585=AXIS2_PLACEMENT_3D('',#14853,#11500,#11501);
#9586=AXIS2_PLACEMENT_3D('',#14864,#11504,#11505);
#9587=AXIS2_PLACEMENT_3D('',#14866,#11507,#11508);
#9588=AXIS2_PLACEMENT_3D('',#14868,#11510,#11511);
#9589=AXIS2_PLACEMENT_3D('',#14870,#11513,#11514);
#9590=AXIS2_PLACEMENT_3D('',#14872,#11516,#11517);
#9591=AXIS2_PLACEMENT_3D('',#14901,#11522,#11523);
#9592=AXIS2_PLACEMENT_3D('',#14902,#11524,#11525);
#9593=AXIS2_PLACEMENT_3D('',#14905,#11528,#11529);
#9594=AXIS2_PLACEMENT_3D('',#14907,#11531,#11532);
#9595=AXIS2_PLACEMENT_3D('',#14909,#11534,#11535);
#9596=AXIS2_PLACEMENT_3D('',#14911,#11537,#11538);
#9597=AXIS2_PLACEMENT_3D('',#14913,#11540,#11541);
#9598=AXIS2_PLACEMENT_3D('',#14915,#11543,#11544);
#9599=AXIS2_PLACEMENT_3D('',#14917,#11546,#11547);
#9600=AXIS2_PLACEMENT_3D('',#14918,#11548,#11549);
#9601=AXIS2_PLACEMENT_3D('',#14921,#11552,#11553);
#9602=AXIS2_PLACEMENT_3D('',#14923,#11555,#11556);
#9603=AXIS2_PLACEMENT_3D('',#14925,#11558,#11559);
#9604=AXIS2_PLACEMENT_3D('',#14927,#11561,#11562);
#9605=AXIS2_PLACEMENT_3D('',#14929,#11564,#11565);
#9606=AXIS2_PLACEMENT_3D('',#14931,#11567,#11568);
#9607=AXIS2_PLACEMENT_3D('',#14933,#11570,#11571);
#9608=AXIS2_PLACEMENT_3D('',#14934,#11572,#11573);
#9609=AXIS2_PLACEMENT_3D('',#14937,#11576,#11577);
#9610=AXIS2_PLACEMENT_3D('',#14939,#11579,#11580);
#9611=AXIS2_PLACEMENT_3D('',#14941,#11582,#11583);
#9612=AXIS2_PLACEMENT_3D('',#14943,#11585,#11586);
#9613=AXIS2_PLACEMENT_3D('',#14945,#11588,#11589);
#9614=AXIS2_PLACEMENT_3D('',#14947,#11591,#11592);
#9615=AXIS2_PLACEMENT_3D('',#14949,#11594,#11595);
#9616=AXIS2_PLACEMENT_3D('',#14950,#11596,#11597);
#9617=AXIS2_PLACEMENT_3D('',#14953,#11600,#11601);
#9618=AXIS2_PLACEMENT_3D('',#14955,#11603,#11604);
#9619=AXIS2_PLACEMENT_3D('',#14957,#11606,#11607);
#9620=AXIS2_PLACEMENT_3D('',#14958,#11608,#11609);
#9621=AXIS2_PLACEMENT_3D('',#14961,#11612,#11613);
#9622=AXIS2_PLACEMENT_3D('',#14963,#11615,#11616);
#9623=AXIS2_PLACEMENT_3D('',#14965,#11618,#11619);
#9624=AXIS2_PLACEMENT_3D('',#14967,#11621,#11622);
#9625=AXIS2_PLACEMENT_3D('',#14969,#11624,#11625);
#9626=AXIS2_PLACEMENT_3D('',#14971,#11627,#11628);
#9627=AXIS2_PLACEMENT_3D('',#14973,#11630,#11631);
#9628=AXIS2_PLACEMENT_3D('',#14974,#11632,#11633);
#9629=AXIS2_PLACEMENT_3D('',#14977,#11636,#11637);
#9630=AXIS2_PLACEMENT_3D('',#14979,#11639,#11640);
#9631=AXIS2_PLACEMENT_3D('',#14981,#11642,#11643);
#9632=AXIS2_PLACEMENT_3D('',#14982,#11644,#11645);
#9633=AXIS2_PLACEMENT_3D('',#14985,#11648,#11649);
#9634=AXIS2_PLACEMENT_3D('',#14987,#11651,#11652);
#9635=AXIS2_PLACEMENT_3D('',#14989,#11654,#11655);
#9636=AXIS2_PLACEMENT_3D('',#14990,#11656,#11657);
#9637=AXIS2_PLACEMENT_3D('',#14993,#11660,#11661);
#9638=AXIS2_PLACEMENT_3D('',#14995,#11663,#11664);
#9639=AXIS2_PLACEMENT_3D('',#14997,#11666,#11667);
#9640=AXIS2_PLACEMENT_3D('',#14998,#11668,#11669);
#9641=AXIS2_PLACEMENT_3D('',#15001,#11672,#11673);
#9642=AXIS2_PLACEMENT_3D('',#15003,#11675,#11676);
#9643=AXIS2_PLACEMENT_3D('',#15005,#11678,#11679);
#9644=AXIS2_PLACEMENT_3D('',#15006,#11680,#11681);
#9645=AXIS2_PLACEMENT_3D('',#15009,#11684,#11685);
#9646=AXIS2_PLACEMENT_3D('',#15011,#11687,#11688);
#9647=AXIS2_PLACEMENT_3D('',#15013,#11690,#11691);
#9648=AXIS2_PLACEMENT_3D('',#15015,#11693,#11694);
#9649=AXIS2_PLACEMENT_3D('',#15017,#11696,#11697);
#9650=AXIS2_PLACEMENT_3D('',#15019,#11699,#11700);
#9651=AXIS2_PLACEMENT_3D('',#15021,#11702,#11703);
#9652=AXIS2_PLACEMENT_3D('',#15023,#11705,#11706);
#9653=AXIS2_PLACEMENT_3D('',#15043,#11710,#11711);
#9654=AXIS2_PLACEMENT_3D('',#15045,#11713,#11714);
#9655=AXIS2_PLACEMENT_3D('',#15065,#11718,#11719);
#9656=AXIS2_PLACEMENT_3D('',#15067,#11721,#11722);
#9657=AXIS2_PLACEMENT_3D('',#15069,#11724,#11725);
#9658=AXIS2_PLACEMENT_3D('',#15071,#11727,#11728);
#9659=AXIS2_PLACEMENT_3D('',#15073,#11730,#11731);
#9660=AXIS2_PLACEMENT_3D('',#15075,#11733,#11734);
#9661=AXIS2_PLACEMENT_3D('',#15095,#11738,#11739);
#9662=AXIS2_PLACEMENT_3D('',#15097,#11741,#11742);
#9663=AXIS2_PLACEMENT_3D('',#15098,#11743,#11744);
#9664=AXIS2_PLACEMENT_3D('',#15101,#11747,#11748);
#9665=AXIS2_PLACEMENT_3D('',#15103,#11750,#11751);
#9666=AXIS2_PLACEMENT_3D('',#15105,#11753,#11754);
#9667=AXIS2_PLACEMENT_3D('',#15106,#11755,#11756);
#9668=AXIS2_PLACEMENT_3D('',#15109,#11759,#11760);
#9669=AXIS2_PLACEMENT_3D('',#15111,#11762,#11763);
#9670=AXIS2_PLACEMENT_3D('',#15113,#11765,#11766);
#9671=AXIS2_PLACEMENT_3D('',#15115,#11768,#11769);
#9672=AXIS2_PLACEMENT_3D('',#15117,#11771,#11772);
#9673=DIRECTION('',(0.,0.,1.));
#9674=DIRECTION('',(1.,0.,0.));
#9675=DIRECTION('',(0.,0.,1.));
#9676=DIRECTION('',(1.,0.,0.));
#9677=DIRECTION('',(-1.,0.,0.));
#9678=DIRECTION('',(0.,1.,0.));
#9679=DIRECTION('',(-1.,0.,0.));
#9680=DIRECTION('',(0.,1.,0.));
#9681=DIRECTION('',(0.850663738380124,0.525710190318916,0.));
#9682=DIRECTION('',(0.,1.,0.));
#9683=DIRECTION('',(-1.,0.,0.));
#9684=DIRECTION('',(-0.850663738380124,-0.525710190318917,0.));
#9685=DIRECTION('',(0.525785884596953,-0.850616954662085,0.));
#9686=DIRECTION('',(1.,1.55253644710448E-15,0.));
#9687=DIRECTION('',(0.,1.,0.));
#9688=DIRECTION('',(-1.,0.,0.));
#9689=DIRECTION('',(0.525785884596953,-0.850616954662085,0.));
#9690=DIRECTION('',(1.,0.,0.));
#9691=DIRECTION('',(-1.,-2.51387818706846E-16,0.));
#9692=DIRECTION('',(0.,-1.,0.));
#9693=DIRECTION('',(1.,4.05187029806795E-16,0.));
#9694=DIRECTION('',(0.525785884596953,-0.850616954662085,0.));
#9695=DIRECTION('',(-1.,0.,0.));
#9696=DIRECTION('',(0.,-1.,0.));
#9697=DIRECTION('',(1.,0.,0.));
#9698=DIRECTION('',(-0.525785884596953,0.850616954662085,0.));
#9699=DIRECTION('',(0.,-1.,0.));
#9700=DIRECTION('',(0.525785884596952,-0.850616954662086,0.));
#9701=DIRECTION('',(0.850663738380124,0.525710190318917,0.));
#9702=DIRECTION('',(-1.,0.,0.));
#9703=DIRECTION('',(0.,-1.,0.));
#9704=DIRECTION('',(1.,8.10374059613587E-16,0.));
#9705=DIRECTION('',(-0.525785884596952,0.850616954662086,0.));
#9706=DIRECTION('',(0.525785884596953,-0.850616954662085,0.));
#9707=DIRECTION('',(-1.,0.,0.));
#9708=DIRECTION('',(-0.850663738380124,-0.525710190318917,0.));
#9709=DIRECTION('',(-0.850663738380124,-0.525710190318916,0.));
#9710=DIRECTION('',(0.,-1.,0.));
#9711=DIRECTION('',(1.,0.,0.));
#9712=DIRECTION('',(-0.525785884596955,0.850616954662084,0.));
#9713=DIRECTION('',(1.,8.18748543233892E-16,0.));
#9714=DIRECTION('',(8.1874854323389E-16,-1.,0.));
#9715=DIRECTION('',(-1.,0.,0.));
#9716=DIRECTION('',(0.,1.,0.));
#9717=DIRECTION('',(0.525785884596952,-0.850616954662086,0.));
#9718=DIRECTION('',(1.,0.,0.));
#9719=DIRECTION('',(0.,1.,0.));
#9720=DIRECTION('',(-1.,-8.32921941000456E-16,0.));
#9721=DIRECTION('',(0.,-1.,0.));
#9722=DIRECTION('',(1.,0.,0.));
#9723=DIRECTION('',(-0.525785884596953,0.850616954662085,0.));
#9724=DIRECTION('',(-0.850663738380124,-0.525710190318917,0.));
#9725=DIRECTION('',(0.,-1.,0.));
#9726=DIRECTION('',(-0.525785884596953,0.850616954662085,0.));
#9727=DIRECTION('',(-0.850663738380124,-0.525710190318916,0.));
#9728=DIRECTION('',(0.,-1.,0.));
#9729=DIRECTION('',(1.,0.,0.));
#9730=DIRECTION('',(1.,4.05187029806795E-16,0.));
#9731=DIRECTION('',(0.52578588459695,-0.850616954662087,0.));
#9732=DIRECTION('',(0.850663738380124,0.525710190318917,0.));
#9733=DIRECTION('',(0.,1.,0.));
#9734=DIRECTION('',(0.850663738380124,0.525710190318917,0.));
#9735=DIRECTION('',(-0.525785884596952,0.850616954662086,0.));
#9736=DIRECTION('',(-1.,0.,0.));
#9737=DIRECTION('',(-0.525785884596953,0.850616954662085,0.));
#9738=DIRECTION('',(1.,7.76268223552233E-16,0.));
#9739=DIRECTION('',(0.850663738380124,0.525710190318917,0.));
#9740=DIRECTION('',(1.,7.01385511282036E-16,0.));
#9741=DIRECTION('',(0.,-1.,0.));
#9742=DIRECTION('',(-0.525785884596953,0.850616954662085,0.));
#9743=DIRECTION('',(0.,-1.,0.));
#9744=DIRECTION('',(-1.,-1.3399795228315E-15,0.));
#9745=DIRECTION('',(0.525785884596953,-0.850616954662085,0.));
#9746=DIRECTION('',(1.,0.,0.));
#9747=DIRECTION('',(-1.,0.,0.));
#9748=DIRECTION('',(8.18748543233892E-16,-1.,0.));
#9749=DIRECTION('',(1.,0.,0.));
#9750=DIRECTION('',(0.,1.,0.));
#9751=DIRECTION('',(0.,1.,0.));
#9752=DIRECTION('',(1.,0.,0.));
#9753=DIRECTION('',(0.,-1.,0.));
#9754=DIRECTION('',(-1.,0.,0.));
#9755=DIRECTION('',(1.,0.,0.));
#9756=DIRECTION('',(0.,-1.,0.));
#9757=DIRECTION('',(0.,0.,1.));
#9758=DIRECTION('',(1.,0.,0.));
#9759=DIRECTION('',(0.,0.,1.));
#9760=DIRECTION('',(1.,0.,0.));
#9761=DIRECTION('',(0.,0.,1.));
#9762=DIRECTION('',(1.,0.,0.));
#9763=DIRECTION('',(0.,0.,1.));
#9764=DIRECTION('',(1.,0.,0.));
#9765=DIRECTION('',(0.,1.,0.));
#9766=DIRECTION('',(1.,0.,0.));
#9767=DIRECTION('',(0.,-1.,0.));
#9768=DIRECTION('',(0.,0.,1.));
#9769=DIRECTION('',(1.,0.,0.));
#9770=DIRECTION('',(0.,0.,1.));
#9771=DIRECTION('',(1.,0.,0.));
#9772=DIRECTION('',(0.,1.,0.));
#9773=DIRECTION('',(0.,1.,0.));
#9774=DIRECTION('',(1.,0.,0.));
#9775=DIRECTION('',(0.,-1.,0.));
#9776=DIRECTION('',(-1.,0.,0.));
#9777=DIRECTION('',(0.,-1.,0.));
#9778=DIRECTION('',(-1.,0.,0.));
#9779=DIRECTION('',(0.,1.,0.));
#9780=DIRECTION('',(1.,0.,0.));
#9781=DIRECTION('',(0.,0.,1.));
#9782=DIRECTION('',(1.,0.,0.));
#9783=DIRECTION('',(-0.865350025837742,-0.501167968631895,0.));
#9784=DIRECTION('',(0.,1.,0.));
#9785=DIRECTION('',(0.886973045168111,0.461821196076152,0.));
#9786=DIRECTION('',(0.,0.,1.));
#9787=DIRECTION('',(1.,0.,0.));
#9788=DIRECTION('',(0.,0.,1.));
#9789=DIRECTION('',(1.,0.,0.));
#9790=DIRECTION('',(0.,1.,0.));
#9791=DIRECTION('',(1.,0.,0.));
#9792=DIRECTION('',(0.,-1.,0.));
#9793=DIRECTION('',(0.,0.,1.));
#9794=DIRECTION('',(1.,0.,0.));
#9795=DIRECTION('',(0.,0.,1.));
#9796=DIRECTION('',(1.,0.,0.));
#9797=DIRECTION('',(0.,0.,1.));
#9798=DIRECTION('',(1.,0.,0.));
#9799=DIRECTION('',(0.,0.,1.));
#9800=DIRECTION('',(1.,0.,0.));
#9801=DIRECTION('',(0.,1.,0.));
#9802=DIRECTION('',(1.,0.,0.));
#9803=DIRECTION('',(0.,-1.,0.));
#9804=DIRECTION('',(0.,0.,1.));
#9805=DIRECTION('',(1.,0.,0.));
#9806=DIRECTION('',(0.,0.,1.));
#9807=DIRECTION('',(1.,0.,0.));
#9808=DIRECTION('',(0.,0.,1.));
#9809=DIRECTION('',(1.,0.,0.));
#9810=DIRECTION('',(0.,0.,1.));
#9811=DIRECTION('',(1.,0.,0.));
#9812=DIRECTION('',(-0.664899637265185,0.746932709395315,0.));
#9813=DIRECTION('',(0.,0.,1.));
#9814=DIRECTION('',(1.,0.,0.));
#9815=DIRECTION('',(0.,1.,0.));
#9816=DIRECTION('',(1.,0.,0.));
#9817=DIRECTION('',(0.,-1.,0.));
#9818=DIRECTION('',(0.,0.,1.));
#9819=DIRECTION('',(1.,0.,0.));
#9820=DIRECTION('',(0.,0.,1.));
#9821=DIRECTION('',(1.,0.,0.));
#9822=DIRECTION('',(0.,0.,1.));
#9823=DIRECTION('',(1.,0.,0.));
#9824=DIRECTION('',(-1.,0.,0.));
#9825=DIRECTION('',(0.,0.,1.));
#9826=DIRECTION('',(1.,0.,0.));
#9827=DIRECTION('',(0.,0.,1.));
#9828=DIRECTION('',(1.,0.,0.));
#9829=DIRECTION('',(-1.,0.,0.));
#9830=DIRECTION('',(0.,0.,1.));
#9831=DIRECTION('',(1.,0.,0.));
#9832=DIRECTION('',(0.,0.,1.));
#9833=DIRECTION('',(1.,0.,0.));
#9834=DIRECTION('',(1.,0.,0.));
#9835=DIRECTION('',(0.,-1.,0.));
#9836=DIRECTION('',(-1.,0.,0.));
#9837=DIRECTION('',(0.,0.,1.));
#9838=DIRECTION('',(1.,0.,0.));
#9839=DIRECTION('',(0.,0.,1.));
#9840=DIRECTION('',(1.,0.,0.));
#9841=DIRECTION('',(0.,0.,1.));
#9842=DIRECTION('',(1.,0.,0.));
#9843=DIRECTION('',(0.,0.,1.));
#9844=DIRECTION('',(1.,0.,0.));
#9845=DIRECTION('',(0.,1.,0.));
#9846=DIRECTION('',(1.,0.,0.));
#9847=DIRECTION('',(0.,0.,1.));
#9848=DIRECTION('',(1.,0.,0.));
#9849=DIRECTION('',(0.,0.,1.));
#9850=DIRECTION('',(1.,0.,0.));
#9851=DIRECTION('',(0.,0.,1.));
#9852=DIRECTION('',(1.,0.,0.));
#9853=DIRECTION('',(1.,0.,0.));
#9854=DIRECTION('',(0.,1.,0.));
#9855=DIRECTION('',(0.,1.,0.));
#9856=DIRECTION('',(1.,0.,0.));
#9857=DIRECTION('',(0.,-1.,0.));
#9858=DIRECTION('',(-1.,0.,0.));
#9859=DIRECTION('',(1.,0.,0.));
#9860=DIRECTION('',(0.917508737712472,-0.397715622299735,0.));
#9861=DIRECTION('',(0.,-1.,0.));
#9862=DIRECTION('',(-1.,0.,0.));
#9863=DIRECTION('',(0.,1.,0.));
#9864=DIRECTION('',(1.,0.,0.));
#9865=DIRECTION('',(-0.927750969801037,0.373199863388555,0.));
#9866=DIRECTION('',(0.,1.,0.));
#9867=DIRECTION('',(0.,-1.,0.));
#9868=DIRECTION('',(-1.,0.,0.));
#9869=DIRECTION('',(0.,1.,0.));
#9870=DIRECTION('',(1.,0.,0.));
#9871=DIRECTION('',(-0.664899637265185,0.746932709395315,0.));
#9872=DIRECTION('',(0.,0.,1.));
#9873=DIRECTION('',(1.,0.,0.));
#9874=DIRECTION('',(1.,0.,0.));
#9875=DIRECTION('',(0.,0.,1.));
#9876=DIRECTION('',(1.,0.,0.));
#9877=DIRECTION('',(1.,0.,0.));
#9878=DIRECTION('',(0.,0.,1.));
#9879=DIRECTION('',(1.,0.,0.));
#9880=DIRECTION('',(0.,0.,1.));
#9881=DIRECTION('',(1.,0.,0.));
#9882=DIRECTION('',(-0.66004035671367,-0.751230142838592,0.));
#9883=DIRECTION('',(0.,0.,1.));
#9884=DIRECTION('',(1.,0.,0.));
#9885=DIRECTION('',(0.,0.,1.));
#9886=DIRECTION('',(1.,0.,0.));
#9887=DIRECTION('',(0.,0.,1.));
#9888=DIRECTION('',(1.,0.,0.));
#9889=DIRECTION('',(-1.,0.,0.));
#9890=DIRECTION('',(0.,0.,1.));
#9891=DIRECTION('',(1.,0.,0.));
#9892=DIRECTION('',(0.,0.,1.));
#9893=DIRECTION('',(1.,0.,0.));
#9894=DIRECTION('',(-1.,0.,0.));
#9895=DIRECTION('',(0.,0.,1.));
#9896=DIRECTION('',(1.,0.,0.));
#9897=DIRECTION('',(0.,0.,1.));
#9898=DIRECTION('',(1.,0.,0.));
#9899=DIRECTION('',(0.,0.,1.));
#9900=DIRECTION('',(1.,0.,0.));
#9901=DIRECTION('',(0.,0.,1.));
#9902=DIRECTION('',(1.,0.,0.));
#9903=DIRECTION('',(0.,0.,1.));
#9904=DIRECTION('',(1.,0.,0.));
#9905=DIRECTION('',(0.,0.,1.));
#9906=DIRECTION('',(1.,0.,0.));
#9907=DIRECTION('',(0.,0.,1.));
#9908=DIRECTION('',(1.,0.,0.));
#9909=DIRECTION('',(1.,0.,0.));
#9910=DIRECTION('',(0.,0.,1.));
#9911=DIRECTION('',(1.,0.,0.));
#9912=DIRECTION('',(0.,0.,1.));
#9913=DIRECTION('',(1.,0.,0.));
#9914=DIRECTION('',(-0.888461516247378,0.458951123919978,0.));
#9915=DIRECTION('',(0.,0.,1.));
#9916=DIRECTION('',(1.,0.,0.));
#9917=DIRECTION('',(0.,0.,1.));
#9918=DIRECTION('',(1.,0.,0.));
#9919=DIRECTION('',(0.,0.,1.));
#9920=DIRECTION('',(1.,0.,0.));
#9921=DIRECTION('',(0.,0.,1.));
#9922=DIRECTION('',(1.,0.,0.));
#9923=DIRECTION('',(-1.,0.,0.));
#9924=DIRECTION('',(0.,0.,1.));
#9925=DIRECTION('',(1.,0.,0.));
#9926=DIRECTION('',(0.,0.,1.));
#9927=DIRECTION('',(1.,0.,0.));
#9928=DIRECTION('',(-1.,0.,0.));
#9929=DIRECTION('',(0.,0.,1.));
#9930=DIRECTION('',(1.,0.,0.));
#9931=DIRECTION('',(0.,0.,1.));
#9932=DIRECTION('',(1.,0.,0.));
#9933=DIRECTION('',(0.,0.,1.));
#9934=DIRECTION('',(1.,0.,0.));
#9935=DIRECTION('',(0.97119508136872,-0.238285782045857,0.));
#9936=DIRECTION('',(0.,0.,1.));
#9937=DIRECTION('',(1.,0.,0.));
#9938=DIRECTION('',(0.,0.,1.));
#9939=DIRECTION('',(1.,0.,0.));
#9940=DIRECTION('',(0.,0.,1.));
#9941=DIRECTION('',(1.,0.,0.));
#9942=DIRECTION('',(0.,0.,1.));
#9943=DIRECTION('',(1.,0.,0.));
#9944=DIRECTION('',(0.,-1.,0.));
#9945=DIRECTION('',(-1.,0.,0.));
#9946=DIRECTION('',(0.,1.,0.));
#9947=DIRECTION('',(0.,0.,1.));
#9948=DIRECTION('',(1.,0.,0.));
#9949=DIRECTION('',(0.,0.,1.));
#9950=DIRECTION('',(1.,0.,0.));
#9951=DIRECTION('',(0.,0.,1.));
#9952=DIRECTION('',(1.,0.,0.));
#9953=DIRECTION('',(-0.869767165115364,-0.493462337455639,0.));
#9954=DIRECTION('',(1.,0.,0.));
#9955=DIRECTION('',(0.,-1.,0.));
#9956=DIRECTION('',(-1.,0.,0.));
#9957=DIRECTION('',(0.,1.,0.));
#9958=DIRECTION('',(0.869222922883502,0.494420378153916,0.));
#9959=DIRECTION('',(1.,0.,0.));
#9960=DIRECTION('',(0.907103691516793,0.420907225925865,0.));
#9961=DIRECTION('',(0.,-1.,0.));
#9962=DIRECTION('',(-0.932579394592741,-0.360964919044824,0.));
#9963=DIRECTION('',(-0.924373933534974,0.381487655109676,0.));
#9964=DIRECTION('',(1.,0.,0.));
#9965=DIRECTION('',(0.923432726629026,-0.383760341086052,0.));
#9966=DIRECTION('',(0.,-1.,0.));
#9967=DIRECTION('',(-0.893968443896062,0.448129915669611,0.));
#9968=DIRECTION('',(-1.,0.,0.));
#9969=DIRECTION('',(0.,1.,0.));
#9970=DIRECTION('',(1.,0.,0.));
#9971=DIRECTION('',(0.,-1.,0.));
#9972=DIRECTION('',(0.,0.,1.));
#9973=DIRECTION('',(1.,0.,0.));
#9974=DIRECTION('',(0.,0.,1.));
#9975=DIRECTION('',(1.,0.,0.));
#9976=DIRECTION('',(0.,0.,1.));
#9977=DIRECTION('',(1.,0.,0.));
#9978=DIRECTION('',(0.,0.,1.));
#9979=DIRECTION('',(1.,0.,0.));
#9980=DIRECTION('',(0.,1.,0.));
#9981=DIRECTION('',(1.,0.,0.));
#9982=DIRECTION('',(0.,-1.,0.));
#9983=DIRECTION('',(0.,0.,1.));
#9984=DIRECTION('',(1.,0.,0.));
#9985=DIRECTION('',(0.,0.,1.));
#9986=DIRECTION('',(1.,0.,0.));
#9987=DIRECTION('',(0.,1.,0.));
#9988=DIRECTION('',(0.,1.,0.));
#9989=DIRECTION('',(1.,0.,0.));
#9990=DIRECTION('',(0.,-1.,0.));
#9991=DIRECTION('',(-0.916962340766209,-0.398973765574322,0.));
#9992=DIRECTION('',(-1.,0.,0.));
#9993=DIRECTION('',(0.,1.,0.));
#9994=DIRECTION('',(0.926997718891683,0.375066966246851,0.));
#9995=DIRECTION('',(-1.,0.,0.));
#9996=DIRECTION('',(0.945273870729847,-0.326277963269685,0.));
#9997=DIRECTION('',(0.,-1.,0.));
#9998=DIRECTION('',(-0.941783930532423,-0.336218720762095,0.));
#9999=DIRECTION('',(0.,1.,0.));
#10000=DIRECTION('',(0.,-1.,0.));
#10001=DIRECTION('',(-0.94449679670616,-0.32852062494127,0.));
#10002=DIRECTION('',(0.,1.,0.));
#10003=DIRECTION('',(0.945005611242039,0.32705411589072,0.));
#10004=DIRECTION('',(-0.943986258892119,0.329984761804029,0.));
#10005=DIRECTION('',(0.,1.,0.));
#10006=DIRECTION('',(0.943730346928174,-0.330715938967004,0.));
#10007=DIRECTION('',(-1.,0.,0.));
#10008=DIRECTION('',(0.,1.,0.));
#10009=DIRECTION('',(1.,0.,0.));
#10010=DIRECTION('',(0.,-1.,0.));
#10011=DIRECTION('',(0.,1.,0.));
#10012=DIRECTION('',(1.,0.,0.));
#10013=DIRECTION('',(0.,-1.,0.));
#10014=DIRECTION('',(-0.916962340766209,-0.398973765574322,0.));
#10015=DIRECTION('',(-1.,0.,0.));
#10016=DIRECTION('',(0.,1.,0.));
#10017=DIRECTION('',(0.926997718891683,0.375066966246851,0.));
#10018=DIRECTION('',(-1.,0.,0.));
#10019=DIRECTION('',(0.907103691516793,0.420907225925865,0.));
#10020=DIRECTION('',(0.,-1.,0.));
#10021=DIRECTION('',(-0.932579394592741,-0.360964919044824,0.));
#10022=DIRECTION('',(-0.924373933534974,0.381487655109676,0.));
#10023=DIRECTION('',(1.,0.,0.));
#10024=DIRECTION('',(0.923432726629026,-0.383760341086052,0.));
#10025=DIRECTION('',(0.,-1.,0.));
#10026=DIRECTION('',(-0.893968443896062,0.448129915669611,0.));
#10027=DIRECTION('',(-1.,0.,0.));
#10028=DIRECTION('',(0.,1.,0.));
#10029=DIRECTION('',(1.,0.,0.));
#10030=DIRECTION('',(0.,0.,1.));
#10031=DIRECTION('',(1.,0.,0.));
#10032=DIRECTION('',(0.,0.,1.));
#10033=DIRECTION('',(1.,0.,0.));
#10034=DIRECTION('',(0.,0.,1.));
#10035=DIRECTION('',(1.,0.,0.));
#10036=DIRECTION('',(0.,0.,1.));
#10037=DIRECTION('',(1.,0.,0.));
#10038=DIRECTION('',(0.,0.,1.));
#10039=DIRECTION('',(1.,0.,0.));
#10040=DIRECTION('',(0.,0.,1.));
#10041=DIRECTION('',(1.,0.,0.));
#10042=DIRECTION('',(0.,0.,1.));
#10043=DIRECTION('',(1.,0.,0.));
#10044=DIRECTION('',(1.,0.,0.));
#10045=DIRECTION('',(1.,0.,0.));
#10046=DIRECTION('',(0.917508737712474,-0.397715622299731,0.));
#10047=DIRECTION('',(0.,-1.,0.));
#10048=DIRECTION('',(-1.,0.,0.));
#10049=DIRECTION('',(0.,1.,0.));
#10050=DIRECTION('',(1.,0.,0.));
#10051=DIRECTION('',(-0.927750969801037,0.373199863388555,0.));
#10052=DIRECTION('',(0.,1.,0.));
#10053=DIRECTION('',(0.,1.,0.));
#10054=DIRECTION('',(1.,0.,0.));
#10055=DIRECTION('',(0.,-1.,0.));
#10056=DIRECTION('',(-0.916962340766209,-0.398973765574322,0.));
#10057=DIRECTION('',(-1.,0.,0.));
#10058=DIRECTION('',(0.,1.,0.));
#10059=DIRECTION('',(0.926997718891683,0.375066966246851,0.));
#10060=DIRECTION('',(-1.,0.,0.));
#10061=DIRECTION('',(1.,0.,0.));
#10062=DIRECTION('',(0.917508737712474,-0.397715622299731,0.));
#10063=DIRECTION('',(0.,-1.,0.));
#10064=DIRECTION('',(-1.,0.,0.));
#10065=DIRECTION('',(0.,1.,0.));
#10066=DIRECTION('',(1.,0.,0.));
#10067=DIRECTION('',(-0.927750969801037,0.373199863388555,0.));
#10068=DIRECTION('',(0.,1.,0.));
#10069=DIRECTION('',(0.,1.,0.));
#10070=DIRECTION('',(1.,0.,0.));
#10071=DIRECTION('',(0.,-1.,0.));
#10072=DIRECTION('',(-1.,0.,0.));
#10073=DIRECTION('',(1.,0.,0.));
#10074=DIRECTION('',(0.,-1.,0.));
#10075=DIRECTION('',(-1.,0.,0.));
#10076=DIRECTION('',(0.,1.,0.));
#10077=DIRECTION('',(-1.,0.,0.));
#10078=DIRECTION('',(0.,1.,0.));
#10079=DIRECTION('',(1.,0.,0.));
#10080=DIRECTION('',(0.,1.,0.));
#10081=DIRECTION('',(1.,0.,0.));
#10082=DIRECTION('',(0.,-1.,0.));
#10083=DIRECTION('',(-1.,0.,0.));
#10084=DIRECTION('',(0.,1.,0.));
#10085=DIRECTION('',(0.,1.,0.));
#10086=DIRECTION('',(1.,0.,0.));
#10087=DIRECTION('',(0.,-1.,0.));
#10088=DIRECTION('',(-1.,0.,0.));
#10089=DIRECTION('',(0.,-1.,0.));
#10090=DIRECTION('',(-1.,0.,0.));
#10091=DIRECTION('',(0.,1.,0.));
#10092=DIRECTION('',(1.,0.,0.));
#10093=DIRECTION('',(0.,1.,0.));
#10094=DIRECTION('',(1.,0.,0.));
#10095=DIRECTION('',(0.,-1.,0.));
#10096=DIRECTION('',(-1.,0.,0.));
#10097=DIRECTION('',(0.,0.,1.));
#10098=DIRECTION('',(1.,0.,0.));
#10099=DIRECTION('',(-0.86535002583774,-0.501167968631898,0.));
#10100=DIRECTION('',(0.,1.,0.));
#10101=DIRECTION('',(0.886973045168113,0.461821196076149,0.));
#10102=DIRECTION('',(0.,0.,1.));
#10103=DIRECTION('',(1.,0.,0.));
#10104=DIRECTION('',(0.,0.,1.));
#10105=DIRECTION('',(1.,0.,0.));
#10106=DIRECTION('',(0.,1.,0.));
#10107=DIRECTION('',(1.,0.,0.));
#10108=DIRECTION('',(0.,-1.,0.));
#10109=DIRECTION('',(0.,0.,1.));
#10110=DIRECTION('',(1.,0.,0.));
#10111=DIRECTION('',(0.,0.,1.));
#10112=DIRECTION('',(1.,0.,0.));
#10113=DIRECTION('',(0.,0.,1.));
#10114=DIRECTION('',(1.,0.,0.));
#10115=DIRECTION('',(0.,0.,1.));
#10116=DIRECTION('',(1.,0.,0.));
#10117=DIRECTION('',(0.,1.,0.));
#10118=DIRECTION('',(1.,0.,0.));
#10119=DIRECTION('',(0.,-1.,0.));
#10120=DIRECTION('',(0.,0.,1.));
#10121=DIRECTION('',(1.,0.,0.));
#10122=DIRECTION('',(0.,0.,1.));
#10123=DIRECTION('',(1.,0.,0.));
#10124=DIRECTION('',(0.,0.,1.));
#10125=DIRECTION('',(1.,0.,0.));
#10126=DIRECTION('',(0.907103691516795,0.42090722592586,0.));
#10127=DIRECTION('',(0.,-1.,0.));
#10128=DIRECTION('',(-0.932579394592743,-0.36096491904482,0.));
#10129=DIRECTION('',(-0.924373933534974,0.381487655109676,0.));
#10130=DIRECTION('',(1.,0.,0.));
#10131=DIRECTION('',(0.923432726629026,-0.383760341086052,0.));
#10132=DIRECTION('',(0.,-1.,0.));
#10133=DIRECTION('',(-0.893968443896062,0.448129915669611,0.));
#10134=DIRECTION('',(-1.,0.,0.));
#10135=DIRECTION('',(0.,1.,0.));
#10136=DIRECTION('',(0.,0.,1.));
#10137=DIRECTION('',(1.,0.,0.));
#10138=DIRECTION('',(0.,1.,0.));
#10139=DIRECTION('',(-0.907103691516795,-0.420907225925861,0.));
#10140=DIRECTION('',(0.924373933534974,-0.381487655109676,0.));
#10141=DIRECTION('',(0.932579394592743,0.36096491904482,0.));
#10142=DIRECTION('',(-1.,0.,0.));
#10143=DIRECTION('',(0.,-1.,0.));
#10144=DIRECTION('',(1.,0.,0.));
#10145=DIRECTION('',(0.,1.,0.));
#10146=DIRECTION('',(-1.,0.,0.));
#10147=DIRECTION('',(0.,-1.,0.));
#10148=DIRECTION('',(1.,0.,0.));
#10149=DIRECTION('',(0.,1.,0.));
#10150=DIRECTION('',(0.,1.,0.));
#10151=DIRECTION('',(-1.,0.,0.));
#10152=DIRECTION('',(0.,-1.,0.));
#10153=DIRECTION('',(-1.,0.,0.));
#10154=DIRECTION('',(0.,-1.,0.));
#10155=DIRECTION('',(1.,0.,0.));
#10156=DIRECTION('',(0.,-1.,0.));
#10157=DIRECTION('',(1.,0.,0.));
#10158=DIRECTION('',(-0.917508737712474,0.397715622299731,0.));
#10159=DIRECTION('',(-1.,0.,0.));
#10160=DIRECTION('',(0.,-1.,0.));
#10161=DIRECTION('',(0.927750969801037,-0.373199863388555,0.));
#10162=DIRECTION('',(-1.,0.,0.));
#10163=DIRECTION('',(0.,-1.,0.));
#10164=DIRECTION('',(1.,0.,0.));
#10165=DIRECTION('',(0.,1.,0.));
#10166=DIRECTION('',(-0.917508737712474,0.397715622299731,0.));
#10167=DIRECTION('',(-1.,0.,0.));
#10168=DIRECTION('',(0.,-1.,0.));
#10169=DIRECTION('',(0.927750969801037,-0.373199863388555,0.));
#10170=DIRECTION('',(-1.,0.,0.));
#10171=DIRECTION('',(0.,-1.,0.));
#10172=DIRECTION('',(1.,0.,0.));
#10173=DIRECTION('',(0.,1.,0.));
#10174=DIRECTION('',(-0.923432726629026,0.383760341086052,0.));
#10175=DIRECTION('',(-1.,0.,0.));
#10176=DIRECTION('',(0.,-1.,0.));
#10177=DIRECTION('',(1.,0.,0.));
#10178=DIRECTION('',(0.893968443896062,-0.448129915669611,0.));
#10179=DIRECTION('',(0.,1.,0.));
#10180=DIRECTION('',(-1.,0.,0.));
#10181=DIRECTION('',(0.,-1.,0.));
#10182=DIRECTION('',(1.,0.,0.));
#10183=DIRECTION('',(-0.926997718891683,-0.375066966246851,0.));
#10184=DIRECTION('',(0.,-1.,0.));
#10185=DIRECTION('',(1.,0.,0.));
#10186=DIRECTION('',(0.916962340766209,0.398973765574322,0.));
#10187=DIRECTION('',(0.,1.,0.));
#10188=DIRECTION('',(0.94449679670616,0.328520624941271,0.));
#10189=DIRECTION('',(0.,1.,0.));
#10190=DIRECTION('',(-0.943730346928175,0.330715938967004,0.));
#10191=DIRECTION('',(0.,-1.,0.));
#10192=DIRECTION('',(0.943986258892119,-0.329984761804029,0.));
#10193=DIRECTION('',(-0.945005611242039,-0.32705411589072,0.));
#10194=DIRECTION('',(0.,-1.,0.));
#10195=DIRECTION('',(-1.,0.,0.));
#10196=DIRECTION('',(0.,-1.,0.));
#10197=DIRECTION('',(1.,0.,0.));
#10198=DIRECTION('',(-0.926997718891683,-0.375066966246851,0.));
#10199=DIRECTION('',(0.,-1.,0.));
#10200=DIRECTION('',(1.,0.,0.));
#10201=DIRECTION('',(0.916962340766209,0.398973765574322,0.));
#10202=DIRECTION('',(0.,1.,0.));
#10203=DIRECTION('',(-0.923432726629026,0.383760341086052,0.));
#10204=DIRECTION('',(-1.,0.,0.));
#10205=DIRECTION('',(0.,-1.,0.));
#10206=DIRECTION('',(1.,0.,0.));
#10207=DIRECTION('',(0.893968443896062,-0.448129915669611,0.));
#10208=DIRECTION('',(0.,1.,0.));
#10209=DIRECTION('',(-1.,0.,0.));
#10210=DIRECTION('',(0.869767165115364,0.493462337455639,0.));
#10211=DIRECTION('',(-1.,0.,0.));
#10212=DIRECTION('',(-0.869222922883503,-0.494420378153916,0.));
#10213=DIRECTION('',(0.,-1.,0.));
#10214=DIRECTION('',(1.,0.,0.));
#10215=DIRECTION('',(0.,1.,0.));
#10216=DIRECTION('',(0.,0.,1.));
#10217=DIRECTION('',(1.,0.,0.));
#10218=DIRECTION('',(0.,0.,1.));
#10219=DIRECTION('',(1.,0.,0.));
#10220=DIRECTION('',(0.,0.,1.));
#10221=DIRECTION('',(1.,0.,0.));
#10222=DIRECTION('',(1.,0.,0.));
#10223=DIRECTION('',(0.,0.,1.));
#10224=DIRECTION('',(1.,0.,0.));
#10225=DIRECTION('',(0.,0.,1.));
#10226=DIRECTION('',(1.,0.,0.));
#10227=DIRECTION('',(1.,0.,0.));
#10228=DIRECTION('',(0.,0.,1.));
#10229=DIRECTION('',(1.,0.,0.));
#10230=DIRECTION('',(0.,0.,1.));
#10231=DIRECTION('',(1.,0.,0.));
#10232=DIRECTION('',(0.,0.,1.));
#10233=DIRECTION('',(1.,0.,0.));
#10234=DIRECTION('',(0.,0.,1.));
#10235=DIRECTION('',(1.,0.,0.));
#10236=DIRECTION('',(0.,0.,1.));
#10237=DIRECTION('',(1.,0.,0.));
#10238=DIRECTION('',(1.,0.,0.));
#10239=DIRECTION('',(0.,0.,1.));
#10240=DIRECTION('',(1.,0.,0.));
#10241=DIRECTION('',(0.,0.,1.));
#10242=DIRECTION('',(1.,0.,0.));
#10243=DIRECTION('',(1.,0.,0.));
#10244=DIRECTION('',(0.,0.,1.));
#10245=DIRECTION('',(1.,0.,0.));
#10246=DIRECTION('',(0.,0.,1.));
#10247=DIRECTION('',(1.,0.,0.));
#10248=DIRECTION('',(0.664899637265185,-0.746932709395315,0.));
#10249=DIRECTION('',(-1.,0.,0.));
#10250=DIRECTION('',(0.,0.,1.));
#10251=DIRECTION('',(1.,0.,0.));
#10252=DIRECTION('',(-0.917508737712473,0.397715622299735,0.));
#10253=DIRECTION('',(-1.,0.,0.));
#10254=DIRECTION('',(0.,-1.,0.));
#10255=DIRECTION('',(0.927750969801037,-0.373199863388555,0.));
#10256=DIRECTION('',(-1.,0.,0.));
#10257=DIRECTION('',(0.,-1.,0.));
#10258=DIRECTION('',(1.,0.,0.));
#10259=DIRECTION('',(0.,1.,0.));
#10260=DIRECTION('',(0.,1.,0.));
#10261=DIRECTION('',(-1.,0.,0.));
#10262=DIRECTION('',(0.,-1.,0.));
#10263=DIRECTION('',(-1.,0.,0.));
#10264=DIRECTION('',(0.,0.,1.));
#10265=DIRECTION('',(1.,0.,0.));
#10266=DIRECTION('',(0.,0.,1.));
#10267=DIRECTION('',(1.,0.,0.));
#10268=DIRECTION('',(0.,0.,1.));
#10269=DIRECTION('',(1.,0.,0.));
#10270=DIRECTION('',(-1.,0.,0.));
#10271=DIRECTION('',(0.,-1.,0.));
#10272=DIRECTION('',(0.,0.,1.));
#10273=DIRECTION('',(1.,0.,0.));
#10274=DIRECTION('',(0.,0.,1.));
#10275=DIRECTION('',(1.,0.,0.));
#10276=DIRECTION('',(0.,0.,1.));
#10277=DIRECTION('',(1.,0.,0.));
#10278=DIRECTION('',(0.,0.,1.));
#10279=DIRECTION('',(1.,0.,0.));
#10280=DIRECTION('',(1.,0.,0.));
#10281=DIRECTION('',(0.664899637265185,-0.746932709395315,0.));
#10282=DIRECTION('',(0.,0.,1.));
#10283=DIRECTION('',(1.,0.,0.));
#10284=DIRECTION('',(0.,0.,1.));
#10285=DIRECTION('',(1.,0.,0.));
#10286=DIRECTION('',(0.,1.,0.));
#10287=DIRECTION('',(-1.,0.,0.));
#10288=DIRECTION('',(0.,-1.,0.));
#10289=DIRECTION('',(0.,0.,1.));
#10290=DIRECTION('',(1.,0.,0.));
#10291=DIRECTION('',(1.,0.,0.));
#10292=DIRECTION('',(0.,1.,0.));
#10293=DIRECTION('',(-1.,0.,0.));
#10294=DIRECTION('',(0.,-1.,0.));
#10295=DIRECTION('',(0.,1.,0.));
#10296=DIRECTION('',(-1.,0.,0.));
#10297=DIRECTION('',(0.,-1.,0.));
#10298=DIRECTION('',(0.,0.,1.));
#10299=DIRECTION('',(1.,0.,0.));
#10300=DIRECTION('',(0.,0.,1.));
#10301=DIRECTION('',(1.,0.,0.));
#10302=DIRECTION('',(0.,1.,0.));
#10303=DIRECTION('',(-1.,0.,0.));
#10304=DIRECTION('',(0.,-1.,0.));
#10305=DIRECTION('',(0.,0.,1.));
#10306=DIRECTION('',(1.,0.,0.));
#10307=DIRECTION('',(0.,0.,1.));
#10308=DIRECTION('',(1.,0.,0.));
#10309=DIRECTION('',(0.,0.,1.));
#10310=DIRECTION('',(1.,0.,0.));
#10311=DIRECTION('',(0.,0.,1.));
#10312=DIRECTION('',(1.,0.,0.));
#10313=DIRECTION('',(-1.,0.,0.));
#10314=DIRECTION('',(0.,1.,0.));
#10315=DIRECTION('',(1.,0.,0.));
#10316=DIRECTION('',(8.18748543233892E-16,-1.,0.));
#10317=DIRECTION('',(0.,-1.,0.));
#10318=DIRECTION('',(1.,0.,0.));
#10319=DIRECTION('',(0.525785884596953,-0.850616954662085,0.));
#10320=DIRECTION('',(-1.,-1.3399795228315E-15,0.));
#10321=DIRECTION('',(1.,7.01385511282036E-16,0.));
#10322=DIRECTION('',(-0.525785884596953,0.850616954662085,0.));
#10323=DIRECTION('',(0.,-1.,0.));
#10324=DIRECTION('',(-0.525785884596953,0.850616954662085,0.));
#10325=DIRECTION('',(0.850663738380124,0.525710190318917,0.));
#10326=DIRECTION('',(1.,7.76268223552233E-16,0.));
#10327=DIRECTION('',(0.850663738380124,0.525710190318917,0.));
#10328=DIRECTION('',(-1.,0.,0.));
#10329=DIRECTION('',(-0.525785884596952,0.850616954662086,0.));
#10330=DIRECTION('',(1.,4.05187029806795E-16,0.));
#10331=DIRECTION('',(0.,1.,0.));
#10332=DIRECTION('',(0.850663738380124,0.525710190318917,0.));
#10333=DIRECTION('',(0.52578588459695,-0.850616954662087,0.));
#10334=DIRECTION('',(-0.850663738380124,-0.525710190318916,0.));
#10335=DIRECTION('',(1.,0.,0.));
#10336=DIRECTION('',(0.,-1.,0.));
#10337=DIRECTION('',(-0.850663738380124,-0.525710190318917,0.));
#10338=DIRECTION('',(-0.525785884596953,0.850616954662085,0.));
#10339=DIRECTION('',(0.,-1.,0.));
#10340=DIRECTION('',(-1.,-8.32921941000456E-16,0.));
#10341=DIRECTION('',(-0.525785884596953,0.850616954662085,0.));
#10342=DIRECTION('',(1.,0.,0.));
#10343=DIRECTION('',(0.,-1.,0.));
#10344=DIRECTION('',(0.525785884596952,-0.850616954662086,0.));
#10345=DIRECTION('',(0.,1.,0.));
#10346=DIRECTION('',(1.,0.,0.));
#10347=DIRECTION('',(1.,8.18748543233892E-16,0.));
#10348=DIRECTION('',(0.,1.,0.));
#10349=DIRECTION('',(-1.,0.,0.));
#10350=DIRECTION('',(8.1874854323389E-16,-1.,0.));
#10351=DIRECTION('',(-0.850663738380124,-0.525710190318916,0.));
#10352=DIRECTION('',(-0.525785884596955,0.850616954662084,0.));
#10353=DIRECTION('',(1.,0.,0.));
#10354=DIRECTION('',(0.,-1.,0.));
#10355=DIRECTION('',(0.525785884596953,-0.850616954662085,0.));
#10356=DIRECTION('',(-0.850663738380124,-0.525710190318917,0.));
#10357=DIRECTION('',(-1.,0.,0.));
#10358=DIRECTION('',(-1.,0.,0.));
#10359=DIRECTION('',(-0.525785884596952,0.850616954662086,0.));
#10360=DIRECTION('',(1.,8.10374059613587E-16,0.));
#10361=DIRECTION('',(0.,-1.,0.));
#10362=DIRECTION('',(0.,-1.,0.));
#10363=DIRECTION('',(0.850663738380124,0.525710190318917,0.));
#10364=DIRECTION('',(0.525785884596952,-0.850616954662086,0.));
#10365=DIRECTION('',(-1.,0.,0.));
#10366=DIRECTION('',(-0.525785884596953,0.850616954662085,0.));
#10367=DIRECTION('',(1.,0.,0.));
#10368=DIRECTION('',(0.,-1.,0.));
#10369=DIRECTION('',(-1.,-2.51387818706846E-16,0.));
#10370=DIRECTION('',(0.525785884596953,-0.850616954662085,0.));
#10371=DIRECTION('',(1.,4.05187029806795E-16,0.));
#10372=DIRECTION('',(0.,-1.,0.));
#10373=DIRECTION('',(0.,1.,0.));
#10374=DIRECTION('',(1.,0.,0.));
#10375=DIRECTION('',(0.525785884596953,-0.850616954662085,0.));
#10376=DIRECTION('',(-1.,0.,0.));
#10377=DIRECTION('',(-0.850663738380124,-0.525710190318917,0.));
#10378=DIRECTION('',(1.,1.55253644710448E-15,0.));
#10379=DIRECTION('',(0.525785884596953,-0.850616954662085,0.));
#10380=DIRECTION('',(0.850663738380124,0.525710190318916,0.));
#10381=DIRECTION('',(-1.,0.,0.));
#10382=DIRECTION('',(0.,1.,0.));
#10383=DIRECTION('',(-1.,0.,0.));
#10384=DIRECTION('',(0.,1.,0.));
#10385=DIRECTION('',(-1.,0.,0.));
#10386=DIRECTION('',(0.,1.,0.));
#10387=DIRECTION('',(-1.,0.,0.));
#10388=DIRECTION('',(0.,-1.,0.));
#10389=DIRECTION('',(1.,0.,0.));
#10390=DIRECTION('',(0.,1.,0.));
#10391=DIRECTION('',(-1.,0.,0.));
#10392=DIRECTION('',(0.,-1.,0.));
#10393=DIRECTION('',(1.,0.,0.));
#10394=DIRECTION('',(0.,1.,0.));
#10395=DIRECTION('',(0.865350025837742,0.501167968631895,0.));
#10396=DIRECTION('',(0.,0.,1.));
#10397=DIRECTION('',(1.,0.,0.));
#10398=DIRECTION('',(0.,0.,1.));
#10399=DIRECTION('',(1.,0.,0.));
#10400=DIRECTION('',(0.,0.,1.));
#10401=DIRECTION('',(1.,0.,0.));
#10402=DIRECTION('',(0.,0.,1.));
#10403=DIRECTION('',(1.,0.,0.));
#10404=DIRECTION('',(0.,1.,0.));
#10405=DIRECTION('',(-1.,0.,0.));
#10406=DIRECTION('',(0.,-1.,0.));
#10407=DIRECTION('',(0.,0.,1.));
#10408=DIRECTION('',(1.,0.,0.));
#10409=DIRECTION('',(0.,0.,1.));
#10410=DIRECTION('',(1.,0.,0.));
#10411=DIRECTION('',(0.,0.,1.));
#10412=DIRECTION('',(1.,0.,0.));
#10413=DIRECTION('',(0.,0.,1.));
#10414=DIRECTION('',(1.,0.,0.));
#10415=DIRECTION('',(0.,1.,0.));
#10416=DIRECTION('',(-1.,0.,0.));
#10417=DIRECTION('',(0.,-1.,0.));
#10418=DIRECTION('',(0.,0.,1.));
#10419=DIRECTION('',(1.,0.,0.));
#10420=DIRECTION('',(0.,0.,1.));
#10421=DIRECTION('',(1.,0.,0.));
#10422=DIRECTION('',(-0.886973045168111,-0.461821196076152,0.));
#10423=DIRECTION('',(0.,-1.,0.));
#10424=DIRECTION('',(0.,0.,1.));
#10425=DIRECTION('',(1.,0.,0.));
#10426=DIRECTION('',(0.,0.,1.));
#10427=DIRECTION('',(1.,0.,0.));
#10428=DIRECTION('',(1.,0.,0.));
#10429=DIRECTION('',(0.,0.,1.));
#10430=DIRECTION('',(1.,0.,0.));
#10431=DIRECTION('',(0.,0.,1.));
#10432=DIRECTION('',(1.,0.,0.));
#10433=DIRECTION('',(1.,0.,0.));
#10434=DIRECTION('',(0.,0.,1.));
#10435=DIRECTION('',(1.,0.,0.));
#10436=DIRECTION('',(0.,0.,1.));
#10437=DIRECTION('',(1.,0.,0.));
#10438=DIRECTION('',(-1.,0.,0.));
#10439=DIRECTION('',(0.,-1.,0.));
#10440=DIRECTION('',(1.,0.,0.));
#10441=DIRECTION('',(0.,1.,0.));
#10442=DIRECTION('',(1.,0.,0.));
#10443=DIRECTION('',(0.,1.,0.));
#10444=DIRECTION('',(-1.,0.,0.));
#10445=DIRECTION('',(0.,-1.,0.));
#10446=DIRECTION('',(-1.,0.,0.));
#10447=DIRECTION('',(0.,0.,1.));
#10448=DIRECTION('',(1.,0.,0.));
#10449=DIRECTION('',(0.,0.,1.));
#10450=DIRECTION('',(1.,0.,0.));
#10451=DIRECTION('',(0.66004035671367,0.751230142838592,0.));
#10452=DIRECTION('',(0.,0.,1.));
#10453=DIRECTION('',(1.,0.,0.));
#10454=DIRECTION('',(0.,0.,1.));
#10455=DIRECTION('',(1.,0.,0.));
#10456=DIRECTION('',(0.,0.,1.));
#10457=DIRECTION('',(1.,0.,0.));
#10458=DIRECTION('',(0.,0.,1.));
#10459=DIRECTION('',(1.,0.,0.));
#10460=DIRECTION('',(0.888461516247378,-0.458951123919978,0.));
#10461=DIRECTION('',(0.,0.,1.));
#10462=DIRECTION('',(1.,0.,0.));
#10463=DIRECTION('',(0.,0.,1.));
#10464=DIRECTION('',(1.,0.,0.));
#10465=DIRECTION('',(-1.,0.,0.));
#10466=DIRECTION('',(0.,0.,1.));
#10467=DIRECTION('',(1.,0.,0.));
#10468=DIRECTION('',(0.,0.,1.));
#10469=DIRECTION('',(1.,0.,0.));
#10470=DIRECTION('',(0.,0.,1.));
#10471=DIRECTION('',(1.,0.,0.));
#10472=DIRECTION('',(-0.97119508136872,0.238285782045857,0.));
#10473=DIRECTION('',(0.,0.,1.));
#10474=DIRECTION('',(1.,0.,0.));
#10475=DIRECTION('',(0.,0.,1.));
#10476=DIRECTION('',(1.,0.,0.));
#10477=DIRECTION('',(0.,0.,1.));
#10478=DIRECTION('',(1.,0.,0.));
#10479=DIRECTION('',(0.,0.,1.));
#10480=DIRECTION('',(1.,0.,0.));
#10481=DIRECTION('',(0.,-1.,0.));
#10482=DIRECTION('',(1.,0.,0.));
#10483=DIRECTION('',(0.,1.,0.));
#10484=DIRECTION('',(0.,0.,1.));
#10485=DIRECTION('',(1.,0.,0.));
#10486=DIRECTION('',(0.,0.,1.));
#10487=DIRECTION('',(1.,0.,0.));
#10488=DIRECTION('',(0.,0.,1.));
#10489=DIRECTION('',(1.,0.,0.));
#10490=DIRECTION('',(0.,0.,1.));
#10491=DIRECTION('',(1.,0.,0.));
#10492=DIRECTION('',(0.,1.,0.));
#10493=DIRECTION('',(-0.907103691516793,-0.420907225925865,0.));
#10494=DIRECTION('',(0.924373933534974,-0.381487655109676,0.));
#10495=DIRECTION('',(0.932579394592741,0.360964919044824,0.));
#10496=DIRECTION('',(0.,1.,0.));
#10497=DIRECTION('',(-1.,0.,0.));
#10498=DIRECTION('',(0.,-1.,0.));
#10499=DIRECTION('',(0.,0.,1.));
#10500=DIRECTION('',(1.,0.,0.));
#10501=DIRECTION('',(0.,0.,1.));
#10502=DIRECTION('',(1.,0.,0.));
#10503=DIRECTION('',(0.,1.,0.));
#10504=DIRECTION('',(-1.,0.,0.));
#10505=DIRECTION('',(0.,-1.,0.));
#10506=DIRECTION('',(0.,0.,1.));
#10507=DIRECTION('',(1.,0.,0.));
#10508=DIRECTION('',(0.,0.,1.));
#10509=DIRECTION('',(1.,0.,0.));
#10510=DIRECTION('',(0.,0.,1.));
#10511=DIRECTION('',(1.,0.,0.));
#10512=DIRECTION('',(0.,0.,1.));
#10513=DIRECTION('',(1.,0.,0.));
#10514=DIRECTION('',(0.,1.,0.));
#10515=DIRECTION('',(-0.945273870729846,0.326277963269685,0.));
#10516=DIRECTION('',(0.,-1.,0.));
#10517=DIRECTION('',(0.941783930532423,0.336218720762095,0.));
#10518=DIRECTION('',(0.,-1.,0.));
#10519=DIRECTION('',(1.,0.,0.));
#10520=DIRECTION('',(0.,1.,0.));
#10521=DIRECTION('',(-1.,0.,0.));
#10522=DIRECTION('',(0.,1.,0.));
#10523=DIRECTION('',(-0.907103691516793,-0.420907225925865,0.));
#10524=DIRECTION('',(0.924373933534974,-0.381487655109676,0.));
#10525=DIRECTION('',(0.932579394592741,0.360964919044824,0.));
#10526=DIRECTION('',(-1.,0.,0.));
#10527=DIRECTION('',(-1.,0.,0.));
#10528=DIRECTION('',(0.,0.,1.));
#10529=DIRECTION('',(1.,0.,0.));
#10530=DIRECTION('',(0.,0.,1.));
#10531=DIRECTION('',(1.,0.,0.));
#10532=DIRECTION('',(0.,0.,1.));
#10533=DIRECTION('',(1.,0.,0.));
#10534=DIRECTION('',(0.,0.,1.));
#10535=DIRECTION('',(1.,0.,0.));
#10536=DIRECTION('',(0.,0.,1.));
#10537=DIRECTION('',(1.,0.,0.));
#10538=DIRECTION('',(0.,0.,1.));
#10539=DIRECTION('',(1.,0.,0.));
#10540=DIRECTION('',(0.,0.,1.));
#10541=DIRECTION('',(1.,0.,0.));
#10542=DIRECTION('',(-1.,0.,0.));
#10543=DIRECTION('',(0.,-1.,0.));
#10544=DIRECTION('',(1.,0.,0.));
#10545=DIRECTION('',(-0.926997718891683,-0.375066966246851,0.));
#10546=DIRECTION('',(0.,-1.,0.));
#10547=DIRECTION('',(1.,0.,0.));
#10548=DIRECTION('',(0.916962340766209,0.398973765574322,0.));
#10549=DIRECTION('',(0.,1.,0.));
#10550=DIRECTION('',(-1.,0.,0.));
#10551=DIRECTION('',(0.,-1.,0.));
#10552=DIRECTION('',(1.,0.,0.));
#10553=DIRECTION('',(0.,1.,0.));
#10554=DIRECTION('',(0.,1.,0.));
#10555=DIRECTION('',(-1.,0.,0.));
#10556=DIRECTION('',(0.,-1.,0.));
#10557=DIRECTION('',(1.,0.,0.));
#10558=DIRECTION('',(1.,0.,0.));
#10559=DIRECTION('',(0.,1.,0.));
#10560=DIRECTION('',(-1.,0.,0.));
#10561=DIRECTION('',(0.,-1.,0.));
#10562=DIRECTION('',(0.86535002583774,0.501167968631898,0.));
#10563=DIRECTION('',(0.,0.,1.));
#10564=DIRECTION('',(1.,0.,0.));
#10565=DIRECTION('',(0.,0.,1.));
#10566=DIRECTION('',(1.,0.,0.));
#10567=DIRECTION('',(0.,0.,1.));
#10568=DIRECTION('',(1.,0.,0.));
#10569=DIRECTION('',(0.,0.,1.));
#10570=DIRECTION('',(1.,0.,0.));
#10571=DIRECTION('',(0.,1.,0.));
#10572=DIRECTION('',(-1.,0.,0.));
#10573=DIRECTION('',(0.,-1.,0.));
#10574=DIRECTION('',(0.,0.,1.));
#10575=DIRECTION('',(1.,0.,0.));
#10576=DIRECTION('',(0.,0.,1.));
#10577=DIRECTION('',(1.,0.,0.));
#10578=DIRECTION('',(0.,0.,1.));
#10579=DIRECTION('',(1.,0.,0.));
#10580=DIRECTION('',(0.,0.,1.));
#10581=DIRECTION('',(1.,0.,0.));
#10582=DIRECTION('',(0.,1.,0.));
#10583=DIRECTION('',(-1.,0.,0.));
#10584=DIRECTION('',(0.,-1.,0.));
#10585=DIRECTION('',(0.,0.,1.));
#10586=DIRECTION('',(1.,0.,0.));
#10587=DIRECTION('',(0.,0.,1.));
#10588=DIRECTION('',(1.,0.,0.));
#10589=DIRECTION('',(-0.886973045168113,-0.461821196076149,0.));
#10590=DIRECTION('',(0.,-1.,0.));
#10591=DIRECTION('',(-0.923432726629026,0.383760341086052,0.));
#10592=DIRECTION('',(-1.,0.,0.));
#10593=DIRECTION('',(0.,-1.,0.));
#10594=DIRECTION('',(1.,0.,0.));
#10595=DIRECTION('',(0.893968443896062,-0.448129915669611,0.));
#10596=DIRECTION('',(0.,1.,0.));
#10597=DIRECTION('',(0.,-1.,0.));
#10598=DIRECTION('',(0.,0.,-1.));
#10599=DIRECTION('',(0.,0.,-1.));
#10600=DIRECTION('',(0.,0.,-1.));
#10601=DIRECTION('',(1.,8.18748543233892E-16,0.));
#10602=DIRECTION('',(-8.18748543233892E-16,1.,0.));
#10603=DIRECTION('',(0.,0.,-1.));
#10604=DIRECTION('',(0.,1.,0.));
#10605=DIRECTION('',(0.,0.,1.));
#10606=DIRECTION('',(0.,0.,-1.));
#10607=DIRECTION('',(1.,0.,0.));
#10608=DIRECTION('',(0.,0.,-1.));
#10609=DIRECTION('',(0.,0.,-1.));
#10610=DIRECTION('',(0.,0.,-1.));
#10611=DIRECTION('',(1.3399795228315E-15,-1.,0.));
#10612=DIRECTION('',(1.,1.3399795228315E-15,0.));
#10613=DIRECTION('',(0.,0.,-1.));
#10614=DIRECTION('',(0.850616954662085,0.525785884596953,0.));
#10615=DIRECTION('',(-0.525785884596953,0.850616954662085,0.));
#10616=DIRECTION('',(0.,0.,-1.));
#10617=DIRECTION('',(-7.01385511282036E-16,1.,0.));
#10618=DIRECTION('',(-1.,-7.01385511282036E-16,0.));
#10619=DIRECTION('',(0.,0.,-1.));
#10620=DIRECTION('',(0.,0.,-1.));
#10621=DIRECTION('',(1.,0.,0.));
#10622=DIRECTION('',(0.,0.,-1.));
#10623=DIRECTION('',(0.,0.,-1.));
#10624=DIRECTION('',(-0.850616954662085,-0.525785884596953,0.));
#10625=DIRECTION('',(0.525785884596953,-0.850616954662085,0.));
#10626=DIRECTION('',(0.,0.,-1.));
#10627=DIRECTION('',(0.,0.,-1.));
#10628=DIRECTION('',(-7.76268223552233E-16,1.,0.));
#10629=DIRECTION('',(-1.,-7.76268223552233E-16,0.));
#10630=DIRECTION('',(0.,0.,-1.));
#10631=DIRECTION('',(-0.525710190318917,0.850663738380124,0.));
#10632=DIRECTION('',(-0.850663738380124,-0.525710190318917,0.));
#10633=DIRECTION('',(0.,0.,-1.));
#10634=DIRECTION('',(0.,0.,-1.));
#10635=DIRECTION('',(-0.850616954662086,-0.525785884596952,0.));
#10636=DIRECTION('',(0.525785884596952,-0.850616954662086,0.));
#10637=DIRECTION('',(0.,0.,-1.));
#10638=DIRECTION('',(-4.05187029806795E-16,1.,0.));
#10639=DIRECTION('',(-1.,-4.05187029806795E-16,0.));
#10640=DIRECTION('',(0.,0.,-1.));
#10641=DIRECTION('',(0.,0.,-1.));
#10642=DIRECTION('',(0.850616954662087,0.52578588459695,0.));
#10643=DIRECTION('',(-0.52578588459695,0.850616954662087,0.));
#10644=DIRECTION('',(0.,0.,-1.));
#10645=DIRECTION('',(-0.525710190318917,0.850663738380124,0.));
#10646=DIRECTION('',(-0.850663738380124,-0.525710190318917,0.));
#10647=DIRECTION('',(0.,0.,-1.));
#10648=DIRECTION('',(0.525710190318917,-0.850663738380124,0.));
#10649=DIRECTION('',(0.850663738380124,0.525710190318917,0.));
#10650=DIRECTION('',(0.,0.,-1.));
#10651=DIRECTION('',(0.,0.,-1.));
#10652=DIRECTION('',(1.,0.,0.));
#10653=DIRECTION('',(0.,0.,-1.));
#10654=DIRECTION('',(0.,0.,-1.));
#10655=DIRECTION('',(0.525710190318917,-0.850663738380124,0.));
#10656=DIRECTION('',(0.850663738380124,0.525710190318917,0.));
#10657=DIRECTION('',(0.,0.,-1.));
#10658=DIRECTION('',(0.,0.,-1.));
#10659=DIRECTION('',(1.,0.,0.));
#10660=DIRECTION('',(0.,0.,-1.));
#10661=DIRECTION('',(0.,0.,-1.));
#10662=DIRECTION('',(8.32921941000456E-16,-1.,0.));
#10663=DIRECTION('',(1.,8.32921941000456E-16,0.));
#10664=DIRECTION('',(0.,0.,-1.));
#10665=DIRECTION('',(0.,0.,-1.));
#10666=DIRECTION('',(1.,0.,0.));
#10667=DIRECTION('',(0.,0.,-1.));
#10668=DIRECTION('',(0.,0.,-1.));
#10669=DIRECTION('',(0.,1.,0.));
#10670=DIRECTION('',(0.,0.,1.));
#10671=DIRECTION('',(0.,0.,-1.));
#10672=DIRECTION('',(0.850616954662085,0.525785884596952,0.));
#10673=DIRECTION('',(-0.525785884596952,0.850616954662086,0.));
#10674=DIRECTION('',(0.,0.,-1.));
#10675=DIRECTION('',(0.,0.,-1.));
#10676=DIRECTION('',(0.,1.,0.));
#10677=DIRECTION('',(0.,0.,1.));
#10678=DIRECTION('',(0.,0.,-1.));
#10679=DIRECTION('',(-8.18748543233892E-16,1.,0.));
#10680=DIRECTION('',(-1.,-8.18748543233892E-16,0.));
#10681=DIRECTION('',(0.,0.,-1.));
#10682=DIRECTION('',(0.,0.,-1.));
#10683=DIRECTION('',(1.,8.1874854323389E-16,0.));
#10684=DIRECTION('',(-8.1874854323389E-16,1.,0.));
#10685=DIRECTION('',(0.,0.,-1.));
#10686=DIRECTION('',(0.,-1.,0.));
#10687=DIRECTION('',(0.,0.,-1.));
#10688=DIRECTION('',(0.,0.,-1.));
#10689=DIRECTION('',(0.525710190318916,-0.850663738380124,0.));
#10690=DIRECTION('',(0.850663738380124,0.525710190318916,0.));
#10691=DIRECTION('',(0.,0.,-1.));
#10692=DIRECTION('',(0.,0.,-1.));
#10693=DIRECTION('',(1.,0.,0.));
#10694=DIRECTION('',(0.,0.,-1.));
#10695=DIRECTION('',(0.,0.,-1.));
#10696=DIRECTION('',(0.,1.,0.));
#10697=DIRECTION('',(0.,0.,1.));
#10698=DIRECTION('',(0.,0.,-1.));
#10699=DIRECTION('',(0.850616954662085,0.525785884596952,0.));
#10700=DIRECTION('',(-0.525785884596953,0.850616954662085,0.));
#10701=DIRECTION('',(0.,0.,-1.));
#10702=DIRECTION('',(0.,0.,-1.));
#10703=DIRECTION('',(0.,-1.,0.));
#10704=DIRECTION('',(0.,0.,-1.));
#10705=DIRECTION('',(0.,0.,-1.));
#10706=DIRECTION('',(0.,-1.,0.));
#10707=DIRECTION('',(0.,0.,-1.));
#10708=DIRECTION('',(0.,0.,-1.));
#10709=DIRECTION('',(0.,0.,-1.));
#10710=DIRECTION('',(1.,0.,0.));
#10711=DIRECTION('',(0.,0.,-1.));
#10712=DIRECTION('',(0.,0.,-1.));
#10713=DIRECTION('',(-8.10374059613587E-16,1.,0.));
#10714=DIRECTION('',(-1.,-8.10374059613587E-16,0.));
#10715=DIRECTION('',(0.,0.,-1.));
#10716=DIRECTION('',(1.,0.,0.));
#10717=DIRECTION('',(0.,0.,-1.));
#10718=DIRECTION('',(0.,0.,-1.));
#10719=DIRECTION('',(0.,0.,-1.));
#10720=DIRECTION('',(0.850616954662086,0.525785884596952,0.));
#10721=DIRECTION('',(-0.525785884596952,0.850616954662086,0.));
#10722=DIRECTION('',(0.,0.,-1.));
#10723=DIRECTION('',(0.,-1.,0.));
#10724=DIRECTION('',(0.,0.,-1.));
#10725=DIRECTION('',(0.,0.,-1.));
#10726=DIRECTION('',(0.,0.,-1.));
#10727=DIRECTION('',(1.,0.,0.));
#10728=DIRECTION('',(0.,0.,-1.));
#10729=DIRECTION('',(0.,0.,-1.));
#10730=DIRECTION('',(0.,1.,0.));
#10731=DIRECTION('',(0.,0.,1.));
#10732=DIRECTION('',(0.,0.,-1.));
#10733=DIRECTION('',(2.51387818706846E-16,-1.,0.));
#10734=DIRECTION('',(1.,2.51387818706846E-16,0.));
#10735=DIRECTION('',(0.,0.,-1.));
#10736=DIRECTION('',(0.,0.,-1.));
#10737=DIRECTION('',(1.,0.,0.));
#10738=DIRECTION('',(0.,0.,-1.));
#10739=DIRECTION('',(0.,0.,-1.));
#10740=DIRECTION('',(-4.05187029806795E-16,1.,0.));
#10741=DIRECTION('',(-1.,-4.05187029806795E-16,0.));
#10742=DIRECTION('',(0.,0.,-1.));
#10743=DIRECTION('',(-1.,0.,0.));
#10744=DIRECTION('',(0.,0.,1.));
#10745=DIRECTION('',(0.,0.,-1.));
#10746=DIRECTION('',(0.,0.,-1.));
#10747=DIRECTION('',(0.,-1.,0.));
#10748=DIRECTION('',(0.,0.,-1.));
#10749=DIRECTION('',(0.,0.,-1.));
#10750=DIRECTION('',(0.850616954662085,0.525785884596953,0.));
#10751=DIRECTION('',(-0.525785884596953,0.850616954662085,0.));
#10752=DIRECTION('',(0.,0.,-1.));
#10753=DIRECTION('',(0.525710190318916,-0.850663738380124,0.));
#10754=DIRECTION('',(0.850663738380124,0.525710190318917,0.));
#10755=DIRECTION('',(0.,0.,-1.));
#10756=DIRECTION('',(0.,0.,-1.));
#10757=DIRECTION('',(0.850616954662085,0.525785884596952,0.));
#10758=DIRECTION('',(-0.525785884596953,0.850616954662085,0.));
#10759=DIRECTION('',(0.,0.,-1.));
#10760=DIRECTION('',(-0.525710190318916,0.850663738380124,0.));
#10761=DIRECTION('',(-0.850663738380124,-0.525710190318916,0.));
#10762=DIRECTION('',(0.,0.,-1.));
#10763=DIRECTION('',(0.,0.,-1.));
#10764=DIRECTION('',(-1.,0.,0.));
#10765=DIRECTION('',(0.,0.,1.));
#10766=DIRECTION('',(0.,0.,-1.));
#10767=DIRECTION('',(0.,-1.,0.));
#10768=DIRECTION('',(0.,0.,-1.));
#10769=DIRECTION('',(0.,0.,-1.));
#10770=DIRECTION('',(0.,0.,-1.));
#10771=DIRECTION('',(-1.,0.,0.));
#10772=DIRECTION('',(0.,0.,1.));
#10773=DIRECTION('',(0.,0.,-1.));
#10774=DIRECTION('',(0.,-1.,0.));
#10775=DIRECTION('',(0.,0.,-1.));
#10776=DIRECTION('',(0.,0.,-1.));
#10777=DIRECTION('',(0.,1.,0.));
#10778=DIRECTION('',(0.,0.,1.));
#10779=DIRECTION('',(-0.850616954662085,-0.525785884596952,0.));
#10780=DIRECTION('',(0.525785884596953,-0.850616954662085,0.));
#10781=DIRECTION('',(-0.525710190318917,0.850663738380124,0.));
#10782=DIRECTION('',(-0.850663738380124,-0.525710190318917,0.));
#10783=DIRECTION('',(0.,-1.,0.));
#10784=DIRECTION('',(0.,0.,-1.));
#10785=DIRECTION('',(-1.,0.,0.));
#10786=DIRECTION('',(0.,0.,1.));
#10787=DIRECTION('',(0.,1.,0.));
#10788=DIRECTION('',(0.,0.,1.));
#10789=DIRECTION('',(-0.850616954662085,-0.525785884596952,0.));
#10790=DIRECTION('',(0.525785884596953,-0.850616954662085,0.));
#10791=DIRECTION('',(-0.850616954662085,-0.525785884596953,0.));
#10792=DIRECTION('',(0.525785884596953,-0.850616954662085,0.));
#10793=DIRECTION('',(-1.,0.,0.));
#10794=DIRECTION('',(0.,0.,1.));
#10795=DIRECTION('',(-1.,0.,0.));
#10796=DIRECTION('',(0.,0.,1.));
#10797=DIRECTION('',(-0.850616954662084,-0.525785884596955,0.));
#10798=DIRECTION('',(0.525785884596955,-0.850616954662084,0.));
#10799=DIRECTION('',(0.525710190318916,-0.850663738380124,0.));
#10800=DIRECTION('',(0.850663738380124,0.525710190318917,0.));
#10801=DIRECTION('',(-0.850616954662085,-0.525785884596952,0.));
#10802=DIRECTION('',(0.525785884596952,-0.850616954662085,0.));
#10803=DIRECTION('',(-0.525710190318917,0.850663738380124,0.));
#10804=DIRECTION('',(-0.850663738380124,-0.525710190318917,0.));
#10805=DIRECTION('',(-0.850616954662085,-0.525785884596953,0.));
#10806=DIRECTION('',(0.525785884596953,-0.850616954662085,0.));
#10807=DIRECTION('',(0.850616954662085,0.525785884596953,0.));
#10808=DIRECTION('',(-0.525785884596953,0.850616954662085,0.));
#10809=DIRECTION('',(0.,1.,0.));
#10810=DIRECTION('',(0.,0.,1.));
#10811=DIRECTION('',(-1.55253644710448E-15,1.,0.));
#10812=DIRECTION('',(-1.,-1.55253644710448E-15,0.));
#10813=DIRECTION('',(0.,-1.,0.));
#10814=DIRECTION('',(0.,0.,-1.));
#10815=DIRECTION('',(-1.,0.,0.));
#10816=DIRECTION('',(0.,0.,1.));
#10817=DIRECTION('',(-1.,0.,0.));
#10818=DIRECTION('',(0.,0.,1.));
#10819=DIRECTION('',(0.,1.,0.));
#10820=DIRECTION('',(0.,0.,1.));
#10821=DIRECTION('',(0.,0.,1.));
#10822=DIRECTION('',(0.,0.,1.));
#10823=DIRECTION('',(1.,0.,0.));
#10824=DIRECTION('',(0.,0.,-1.));
#10825=DIRECTION('',(0.,0.,1.));
#10826=DIRECTION('',(-1.,0.,0.));
#10827=DIRECTION('',(0.,0.,1.));
#10828=DIRECTION('',(0.,0.,1.));
#10829=DIRECTION('',(0.,-1.,0.));
#10830=DIRECTION('',(0.,0.,-1.));
#10831=DIRECTION('',(0.,0.,1.));
#10832=DIRECTION('',(0.,0.,1.));
#10833=DIRECTION('',(0.,0.,1.));
#10834=DIRECTION('',(0.528581695987127,-0.848882436305153,0.));
#10835=DIRECTION('',(0.,0.,1.));
#10836=DIRECTION('',(0.,0.,1.));
#10837=DIRECTION('',(0.,0.,1.));
#10838=DIRECTION('',(0.176175566510475,-0.98435876069892,0.));
#10839=DIRECTION('',(0.,0.,1.));
#10840=DIRECTION('',(0.,0.,1.));
#10841=DIRECTION('',(0.,0.,1.));
#10842=DIRECTION('',(0.,0.,1.));
#10843=DIRECTION('',(0.,0.,1.));
#10844=DIRECTION('',(-0.889879460097942,-0.456195732658467,0.));
#10845=DIRECTION('',(0.,0.,1.));
#10846=DIRECTION('',(0.,0.,1.));
#10847=DIRECTION('',(0.,0.,1.));
#10848=DIRECTION('',(-0.99713298784472,-0.0756690461936764,0.));
#10849=DIRECTION('',(0.,0.,1.));
#10850=DIRECTION('',(1.,0.,0.));
#10851=DIRECTION('',(0.,0.,-1.));
#10852=DIRECTION('',(0.,0.,1.));
#10853=DIRECTION('',(0.,-1.,0.));
#10854=DIRECTION('',(0.,0.,-1.));
#10855=DIRECTION('',(0.,0.,1.));
#10856=DIRECTION('',(-1.,0.,0.));
#10857=DIRECTION('',(0.,0.,1.));
#10858=DIRECTION('',(0.,0.,1.));
#10859=DIRECTION('',(0.,0.,1.));
#10860=DIRECTION('',(0.,0.,1.));
#10861=DIRECTION('',(0.,0.,1.));
#10862=DIRECTION('',(0.119438812954859,-0.992841563372492,0.));
#10863=DIRECTION('',(0.,0.,1.));
#10864=DIRECTION('',(0.,0.,1.));
#10865=DIRECTION('',(0.460966157974529,-0.887417715172625,0.));
#10866=DIRECTION('',(0.,0.,1.));
#10867=DIRECTION('',(0.,0.,1.));
#10868=DIRECTION('',(0.,0.,1.));
#10869=DIRECTION('',(1.,0.,0.));
#10870=DIRECTION('',(0.,0.,-1.));
#10871=DIRECTION('',(0.,0.,1.));
#10872=DIRECTION('',(0.,-1.,0.));
#10873=DIRECTION('',(0.,0.,-1.));
#10874=DIRECTION('',(0.,0.,1.));
#10875=DIRECTION('',(-1.,0.,0.));
#10876=DIRECTION('',(0.,0.,1.));
#10877=DIRECTION('',(0.,1.,0.));
#10878=DIRECTION('',(0.,0.,1.));
#10879=DIRECTION('',(0.,0.,1.));
#10880=DIRECTION('',(0.,0.,1.));
#10881=DIRECTION('',(1.,0.,0.));
#10882=DIRECTION('',(0.,0.,-1.));
#10883=DIRECTION('',(0.,0.,1.));
#10884=DIRECTION('',(-1.,0.,0.));
#10885=DIRECTION('',(0.,0.,1.));
#10886=DIRECTION('',(0.,0.,1.));
#10887=DIRECTION('',(0.,-1.,0.));
#10888=DIRECTION('',(0.,0.,-1.));
#10889=DIRECTION('',(0.,-1.,0.));
#10890=DIRECTION('',(0.,0.,-1.));
#10891=DIRECTION('',(0.,0.,1.));
#10892=DIRECTION('',(0.,0.,1.));
#10893=DIRECTION('',(-1.,0.,0.));
#10894=DIRECTION('',(0.,0.,1.));
#10895=DIRECTION('',(0.,0.,1.));
#10896=DIRECTION('',(1.,0.,0.));
#10897=DIRECTION('',(0.,0.,-1.));
#10898=DIRECTION('',(0.,0.,1.));
#10899=DIRECTION('',(0.,1.,0.));
#10900=DIRECTION('',(0.,0.,1.));
#10901=DIRECTION('',(0.461821196076152,-0.886973045168111,0.));
#10902=DIRECTION('',(0.886973045168111,0.461821196076152,0.));
#10903=DIRECTION('',(0.,0.,1.));
#10904=DIRECTION('',(0.,0.,1.));
#10905=DIRECTION('',(0.,0.,1.));
#10906=DIRECTION('',(0.997379151002286,0.0723521191531969,0.));
#10907=DIRECTION('',(0.,0.,1.));
#10908=DIRECTION('',(1.,0.,0.));
#10909=DIRECTION('',(0.,0.,-1.));
#10910=DIRECTION('',(0.,0.,1.));
#10911=DIRECTION('',(0.,0.,1.));
#10912=DIRECTION('',(-0.998623209867776,-0.0524565030609182,0.));
#10913=DIRECTION('',(0.,0.,1.));
#10914=DIRECTION('',(1.,0.,0.));
#10915=DIRECTION('',(0.,0.,-1.));
#10916=DIRECTION('',(0.,0.,1.));
#10917=DIRECTION('',(0.,-1.,0.));
#10918=DIRECTION('',(0.,0.,-1.));
#10919=DIRECTION('',(0.,0.,1.));
#10920=DIRECTION('',(-1.,0.,0.));
#10921=DIRECTION('',(0.,0.,1.));
#10922=DIRECTION('',(0.,0.,1.));
#10923=DIRECTION('',(0.,0.,1.));
#10924=DIRECTION('',(-0.986219728061802,-0.165440768801725,0.));
#10925=DIRECTION('',(0.,0.,1.));
#10926=DIRECTION('',(0.,0.,1.));
#10927=DIRECTION('',(-0.854216221814961,-0.519917922741824,0.));
#10928=DIRECTION('',(0.,0.,1.));
#10929=DIRECTION('',(0.,0.,1.));
#10930=DIRECTION('',(0.,0.,1.));
#10931=DIRECTION('',(0.,0.,1.));
#10932=DIRECTION('',(0.115428720740473,-0.993315765720155,0.));
#10933=DIRECTION('',(0.,0.,1.));
#10934=DIRECTION('',(0.,0.,1.));
#10935=DIRECTION('',(0.41148863638292,-0.911414890227127,0.));
#10936=DIRECTION('',(0.,0.,1.));
#10937=DIRECTION('',(0.,0.,1.));
#10938=DIRECTION('',(0.,0.,1.));
#10939=DIRECTION('',(1.,0.,0.));
#10940=DIRECTION('',(0.,0.,-1.));
#10941=DIRECTION('',(0.,0.,1.));
#10942=DIRECTION('',(0.,-1.,0.));
#10943=DIRECTION('',(0.,0.,-1.));
#10944=DIRECTION('',(0.,0.,1.));
#10945=DIRECTION('',(-1.,0.,0.));
#10946=DIRECTION('',(0.,0.,1.));
#10947=DIRECTION('',(0.,0.,1.));
#10948=DIRECTION('',(0.,0.,1.));
#10949=DIRECTION('',(0.987408143602593,-0.158193419418384,0.));
#10950=DIRECTION('',(0.,0.,1.));
#10951=DIRECTION('',(0.,0.,1.));
#10952=DIRECTION('',(0.877875417522441,-0.478889080382712,0.));
#10953=DIRECTION('',(0.,0.,1.));
#10954=DIRECTION('',(0.,0.,1.));
#10955=DIRECTION('',(0.631986443133373,-0.774979442111614,0.));
#10956=DIRECTION('',(0.,0.,1.));
#10957=DIRECTION('',(0.,0.,1.));
#10958=DIRECTION('',(0.,0.,1.));
#10959=DIRECTION('',(0.,0.,1.));
#10960=DIRECTION('',(-0.769064779931431,-0.639170841222455,0.));
#10961=DIRECTION('',(0.,0.,1.));
#10962=DIRECTION('',(-0.501167968631895,0.865350025837741,0.));
#10963=DIRECTION('',(-0.865350025837742,-0.501167968631895,0.));
#10964=DIRECTION('',(0.,0.,1.));
#10965=DIRECTION('',(0.980013804522258,-0.198929492398212,0.));
#10966=DIRECTION('',(0.,0.,1.));
#10967=DIRECTION('',(0.,0.,1.));
#10968=DIRECTION('',(1.,0.,0.));
#10969=DIRECTION('',(0.,0.,-1.));
#10970=DIRECTION('',(0.,0.,1.));
#10971=DIRECTION('',(0.,0.,1.));
#10972=DIRECTION('',(0.,-1.,0.));
#10973=DIRECTION('',(0.,0.,-1.));
#10974=DIRECTION('',(0.,0.,1.));
#10975=DIRECTION('',(-1.,0.,0.));
#10976=DIRECTION('',(0.,0.,1.));
#10977=DIRECTION('',(0.,0.,1.));
#10978=DIRECTION('',(0.,0.,1.));
#10979=DIRECTION('',(0.984015616784278,-0.178082188678872,0.));
#10980=DIRECTION('',(0.,0.,1.));
#10981=DIRECTION('',(0.,0.,1.));
#10982=DIRECTION('',(0.840708652660509,-0.541487729631754,0.));
#10983=DIRECTION('',(0.,0.,1.));
#10984=DIRECTION('',(0.746932709395315,0.664899637265185,0.));
#10985=DIRECTION('',(-0.664899637265185,0.746932709395315,0.));
#10986=DIRECTION('',(0.,0.,1.));
#10987=DIRECTION('',(0.,0.,1.));
#10988=DIRECTION('',(0.,0.,1.));
#10989=DIRECTION('',(0.753399126388092,0.657563499867244,0.));
#10990=DIRECTION('',(0.,0.,1.));
#10991=DIRECTION('',(0.,0.,1.));
#10992=DIRECTION('',(0.,0.,1.));
#10993=DIRECTION('',(0.952180147357412,0.305537177735243,0.));
#10994=DIRECTION('',(0.,0.,1.));
#10995=DIRECTION('',(0.,1.,0.));
#10996=DIRECTION('',(0.,0.,1.));
#10997=DIRECTION('',(0.,0.,1.));
#10998=DIRECTION('',(0.,0.,1.));
#10999=DIRECTION('',(0.899675109312987,0.436560073395019,0.));
#11000=DIRECTION('',(0.,0.,1.));
#11001=DIRECTION('',(0.,0.,1.));
#11002=DIRECTION('',(0.,0.,1.));
#11003=DIRECTION('',(0.,0.,1.));
#11004=DIRECTION('',(0.,0.,1.));
#11005=DIRECTION('',(0.,0.,1.));
#11006=DIRECTION('',(0.,0.,1.));
#11007=DIRECTION('',(0.,0.,1.));
#11008=DIRECTION('',(-0.88696167241934,0.461843037902584,0.));
#11009=DIRECTION('',(0.,0.,1.));
#11010=DIRECTION('',(0.,1.,0.));
#11011=DIRECTION('',(0.,0.,1.));
#11012=DIRECTION('',(0.,0.,1.));
#11013=DIRECTION('',(0.,0.,1.));
#11014=DIRECTION('',(-0.950531846917251,0.31062712050959,0.));
#11015=DIRECTION('',(0.,0.,1.));
#11016=DIRECTION('',(0.,0.,1.));
#11017=DIRECTION('',(-0.749204617416256,0.66233861524311,0.));
#11018=DIRECTION('',(0.,0.,1.));
#11019=DIRECTION('',(0.,0.,1.));
#11020=DIRECTION('',(0.,0.,1.));
#11021=DIRECTION('',(-0.73604475787045,-0.676932872899101,0.));
#11022=DIRECTION('',(0.,0.,1.));
#11023=DIRECTION('',(0.,0.,1.));
#11024=DIRECTION('',(0.,0.,1.));
#11025=DIRECTION('',(-0.891172728156642,-0.453664158370318,0.));
#11026=DIRECTION('',(0.,0.,1.));
#11027=DIRECTION('',(0.,1.,0.));
#11028=DIRECTION('',(0.,0.,1.));
#11029=DIRECTION('',(0.,0.,1.));
#11030=DIRECTION('',(0.,0.,1.));
#11031=DIRECTION('',(-0.967534903498953,-0.252737433933464,0.));
#11032=DIRECTION('',(0.,0.,1.));
#11033=DIRECTION('',(0.,0.,1.));
#11034=DIRECTION('',(-0.997253398772524,-0.0740652323067226,0.));
#11035=DIRECTION('',(0.,0.,1.));
#11036=DIRECTION('',(1.,0.,0.));
#11037=DIRECTION('',(0.,0.,-1.));
#11038=DIRECTION('',(0.,0.,1.));
#11039=DIRECTION('',(0.,-1.,0.));
#11040=DIRECTION('',(0.,0.,-1.));
#11041=DIRECTION('',(0.,0.,1.));
#11042=DIRECTION('',(0.,0.,1.));
#11043=DIRECTION('',(-0.998806623413892,-0.0488398303082537,0.));
#11044=DIRECTION('',(0.,0.,1.));
#11045=DIRECTION('',(0.,0.,1.));
#11046=DIRECTION('',(-0.990714841960756,-0.135956250016964,0.));
#11047=DIRECTION('',(0.,0.,1.));
#11048=DIRECTION('',(0.,0.,1.));
#11049=DIRECTION('',(-0.965342800303332,-0.260985206290549,0.));
#11050=DIRECTION('',(0.,0.,1.));
#11051=DIRECTION('',(0.,0.,1.));
#11052=DIRECTION('',(0.,-1.,0.));
#11053=DIRECTION('',(0.,0.,-1.));
#11054=DIRECTION('',(0.,0.,1.));
#11055=DIRECTION('',(1.,0.,0.));
#11056=DIRECTION('',(0.,0.,-1.));
#11057=DIRECTION('',(0.,0.,1.));
#11058=DIRECTION('',(0.,-1.,0.));
#11059=DIRECTION('',(0.,0.,-1.));
#11060=DIRECTION('',(0.,0.,1.));
#11061=DIRECTION('',(-1.,0.,0.));
#11062=DIRECTION('',(0.,0.,1.));
#11063=DIRECTION('',(0.,1.,0.));
#11064=DIRECTION('',(0.,0.,1.));
#11065=DIRECTION('',(0.,0.,1.));
#11066=DIRECTION('',(0.,0.,1.));
#11067=DIRECTION('',(1.,0.,0.));
#11068=DIRECTION('',(0.,0.,-1.));
#11069=DIRECTION('',(0.,0.,1.));
#11070=DIRECTION('',(-1.,0.,0.));
#11071=DIRECTION('',(0.,0.,1.));
#11072=DIRECTION('',(0.,0.,1.));
#11073=DIRECTION('',(0.,-1.,0.));
#11074=DIRECTION('',(0.,0.,-1.));
#11075=DIRECTION('',(0.,1.,0.));
#11076=DIRECTION('',(0.,0.,1.));
#11077=DIRECTION('',(0.,0.,1.));
#11078=DIRECTION('',(0.,0.,1.));
#11079=DIRECTION('',(1.,0.,0.));
#11080=DIRECTION('',(0.,0.,-1.));
#11081=DIRECTION('',(0.,0.,1.));
#11082=DIRECTION('',(-1.,0.,0.));
#11083=DIRECTION('',(0.,0.,1.));
#11084=DIRECTION('',(0.,0.,1.));
#11085=DIRECTION('',(0.,-1.,0.));
#11086=DIRECTION('',(0.,0.,-1.));
#11087=DIRECTION('',(0.,0.,1.));
#11088=DIRECTION('',(0.373199863388555,0.927750969801037,0.));
#11089=DIRECTION('',(-0.927750969801037,0.373199863388555,0.));
#11090=DIRECTION('',(0.,0.,1.));
#11091=DIRECTION('',(1.,0.,0.));
#11092=DIRECTION('',(0.,0.,-1.));
#11093=DIRECTION('',(0.,0.,1.));
#11094=DIRECTION('',(0.,-1.,0.));
#11095=DIRECTION('',(0.,0.,-1.));
#11096=DIRECTION('',(0.,0.,1.));
#11097=DIRECTION('',(-0.397715622299735,-0.917508737712472,0.));
#11098=DIRECTION('',(0.917508737712473,-0.397715622299735,0.));
#11099=DIRECTION('',(0.,-1.,0.));
#11100=DIRECTION('',(0.,0.,-1.));
#11101=DIRECTION('',(0.,0.,1.));
#11102=DIRECTION('',(0.,0.,1.));
#11103=DIRECTION('',(-1.,0.,0.));
#11104=DIRECTION('',(0.,0.,1.));
#11105=DIRECTION('',(0.,0.,1.));
#11106=DIRECTION('',(1.,0.,0.));
#11107=DIRECTION('',(0.,0.,-1.));
#11108=DIRECTION('',(0.,0.,1.));
#11109=DIRECTION('',(0.,1.,0.));
#11110=DIRECTION('',(0.,0.,1.));
#11111=DIRECTION('',(0.,0.,1.));
#11112=DIRECTION('',(0.965756750287089,-0.259449222922178,0.));
#11113=DIRECTION('',(0.,0.,1.));
#11114=DIRECTION('',(0.,0.,1.));
#11115=DIRECTION('',(0.,-1.,0.));
#11116=DIRECTION('',(0.,0.,-1.));
#11117=DIRECTION('',(0.,0.,1.));
#11118=DIRECTION('',(0.,0.,1.));
#11119=DIRECTION('',(0.,0.,1.));
#11120=DIRECTION('',(0.746932709395315,0.664899637265185,0.));
#11121=DIRECTION('',(-0.664899637265185,0.746932709395315,0.));
#11122=DIRECTION('',(0.,0.,1.));
#11123=DIRECTION('',(-0.789443526430304,-0.61382319814201,0.));
#11124=DIRECTION('',(0.,0.,1.));
#11125=DIRECTION('',(0.,0.,1.));
#11126=DIRECTION('',(-0.751230142838592,0.66004035671367,0.));
#11127=DIRECTION('',(-0.66004035671367,-0.751230142838592,0.));
#11128=DIRECTION('',(0.,0.,1.));
#11129=DIRECTION('',(0.,0.,1.));
#11130=DIRECTION('',(-0.962363309604986,-0.271766186870511,0.));
#11131=DIRECTION('',(0.,0.,1.));
#11132=DIRECTION('',(0.,0.,1.));
#11133=DIRECTION('',(-0.831153688249126,-0.556042756008812,0.));
#11134=DIRECTION('',(0.,0.,1.));
#11135=DIRECTION('',(0.,0.,1.));
#11136=DIRECTION('',(-0.975411437948309,-0.220391757376752,0.));
#11137=DIRECTION('',(0.,0.,1.));
#11138=DIRECTION('',(0.,-1.,0.));
#11139=DIRECTION('',(0.,0.,-1.));
#11140=DIRECTION('',(0.,0.,1.));
#11141=DIRECTION('',(0.,0.,1.));
#11142=DIRECTION('',(0.,0.,1.));
#11143=DIRECTION('',(0.775656631919575,0.631155123055483,0.));
#11144=DIRECTION('',(0.,0.,1.));
#11145=DIRECTION('',(0.,0.,1.));
#11146=DIRECTION('',(0.,0.,1.));
#11147=DIRECTION('',(0.963643620642134,0.2671908913038,0.));
#11148=DIRECTION('',(0.,0.,1.));
#11149=DIRECTION('',(0.,1.,0.));
#11150=DIRECTION('',(0.,0.,1.));
#11151=DIRECTION('',(0.,0.,1.));
#11152=DIRECTION('',(0.,0.,1.));
#11153=DIRECTION('',(0.940375832354903,0.340137169275607,0.));
#11154=DIRECTION('',(0.,0.,1.));
#11155=DIRECTION('',(0.,0.,1.));
#11156=DIRECTION('',(0.,0.,1.));
#11157=DIRECTION('',(0.,0.,1.));
#11158=DIRECTION('',(0.,0.,1.));
#11159=DIRECTION('',(0.,0.,1.));
#11160=DIRECTION('',(0.,0.,1.));
#11161=DIRECTION('',(0.,0.,1.));
#11162=DIRECTION('',(-0.942459952272703,0.334319066704449,0.));
#11163=DIRECTION('',(0.,0.,1.));
#11164=DIRECTION('',(0.,1.,0.));
#11165=DIRECTION('',(0.,0.,1.));
#11166=DIRECTION('',(0.,0.,1.));
#11167=DIRECTION('',(0.,0.,1.));
#11168=DIRECTION('',(-0.965723097097796,0.259574458935855,0.));
#11169=DIRECTION('',(0.,0.,1.));
#11170=DIRECTION('',(0.,0.,1.));
#11171=DIRECTION('',(-0.775656631919495,0.631155123055581,0.));
#11172=DIRECTION('',(0.,0.,1.));
#11173=DIRECTION('',(0.,0.,1.));
#11174=DIRECTION('',(0.,0.,1.));
#11175=DIRECTION('',(0.898449663566549,-0.439076533234418,0.));
#11176=DIRECTION('',(0.,0.,1.));
#11177=DIRECTION('',(0.,0.,1.));
#11178=DIRECTION('',(0.,0.,1.));
#11179=DIRECTION('',(0.973695248263443,-0.227854259361531,0.));
#11180=DIRECTION('',(0.,0.,1.));
#11181=DIRECTION('',(0.,0.,1.));
#11182=DIRECTION('',(-0.86970736928835,0.493567717547995,0.));
#11183=DIRECTION('',(0.,0.,1.));
#11184=DIRECTION('',(0.,0.,1.));
#11185=DIRECTION('',(0.,-1.,0.));
#11186=DIRECTION('',(0.,0.,-1.));
#11187=DIRECTION('',(0.,0.,1.));
#11188=DIRECTION('',(0.,0.,1.));
#11189=DIRECTION('',(0.994557606840576,-0.104188131164477,0.));
#11190=DIRECTION('',(0.,0.,1.));
#11191=DIRECTION('',(0.,0.,1.));
#11192=DIRECTION('',(0.,0.,1.));
#11193=DIRECTION('',(-0.442639804758247,-0.896699505544406,0.));
#11194=DIRECTION('',(0.,0.,1.));
#11195=DIRECTION('',(0.458951123919978,0.888461516247378,8.18729381934323E-26));
#11196=DIRECTION('',(-0.888461516247378,0.458951123919978,-1.62806751060463E-33));
#11197=DIRECTION('',(0.,0.,1.));
#11198=DIRECTION('',(0.,0.,1.));
#11199=DIRECTION('',(-0.471719526628607,-0.881748653640754,0.));
#11200=DIRECTION('',(0.,0.,1.));
#11201=DIRECTION('',(0.,0.,1.));
#11202=DIRECTION('',(-0.524987967448234,-0.851109648655549,0.));
#11203=DIRECTION('',(0.,0.,1.));
#11204=DIRECTION('',(0.550499100023726,0.834835756824699,0.));
#11205=DIRECTION('',(0.,0.,1.));
#11206=DIRECTION('',(0.,0.,1.));
#11207=DIRECTION('',(0.,0.,1.));
#11208=DIRECTION('',(0.818750961876258,0.574148815575459,0.));
#11209=DIRECTION('',(0.,0.,1.));
#11210=DIRECTION('',(0.,0.,1.));
#11211=DIRECTION('',(0.,0.,1.));
#11212=DIRECTION('',(0.96201018939803,0.27301354452548,0.));
#11213=DIRECTION('',(0.,0.,1.));
#11214=DIRECTION('',(0.,1.,0.));
#11215=DIRECTION('',(0.,0.,1.));
#11216=DIRECTION('',(0.,0.,1.));
#11217=DIRECTION('',(0.,0.,1.));
#11218=DIRECTION('',(0.810776661719547,0.58535562251584,0.));
#11219=DIRECTION('',(0.,0.,1.));
#11220=DIRECTION('',(0.,0.,1.));
#11221=DIRECTION('',(0.,0.,1.));
#11222=DIRECTION('',(0.,0.,1.));
#11223=DIRECTION('',(-0.782059444035314,0.623203839843093,0.));
#11224=DIRECTION('',(0.,0.,1.));
#11225=DIRECTION('',(0.,1.,0.));
#11226=DIRECTION('',(0.,0.,1.));
#11227=DIRECTION('',(0.,0.,1.));
#11228=DIRECTION('',(0.,0.,1.));
#11229=DIRECTION('',(-0.886628561707226,0.462482208917247,0.));
#11230=DIRECTION('',(0.,0.,1.));
#11231=DIRECTION('',(0.,0.,1.));
#11232=DIRECTION('',(-0.809191240904408,0.587545347733759,0.));
#11233=DIRECTION('',(0.,0.,1.));
#11234=DIRECTION('',(0.,0.,1.));
#11235=DIRECTION('',(-0.608814775086,0.793312403556747,0.));
#11236=DIRECTION('',(0.,0.,1.));
#11237=DIRECTION('',(0.,0.,1.));
#11238=DIRECTION('',(-0.953798471185397,0.300447127402475,0.));
#11239=DIRECTION('',(0.,0.,1.));
#11240=DIRECTION('',(0.,0.,1.));
#11241=DIRECTION('',(0.,0.,1.));
#11242=DIRECTION('',(-0.975054072352195,0.221967466060681,0.));
#11243=DIRECTION('',(0.,0.,1.));
#11244=DIRECTION('',(0.,0.,1.));
#11245=DIRECTION('',(-0.913930951543949,0.40586970299589,0.));
#11246=DIRECTION('',(0.,0.,1.));
#11247=DIRECTION('',(0.,0.,1.));
#11248=DIRECTION('',(-0.995911850533749,0.090330426581769,0.));
#11249=DIRECTION('',(0.,0.,1.));
#11250=DIRECTION('',(-1.,0.,0.));
#11251=DIRECTION('',(0.,0.,1.));
#11252=DIRECTION('',(0.,0.,1.));
#11253=DIRECTION('',(0.,1.,0.));
#11254=DIRECTION('',(0.,0.,1.));
#11255=DIRECTION('',(0.,0.,1.));
#11256=DIRECTION('',(1.,0.,0.));
#11257=DIRECTION('',(0.,0.,-1.));
#11258=DIRECTION('',(0.,0.,1.));
#11259=DIRECTION('',(0.,0.,1.));
#11260=DIRECTION('',(-0.998774659070805,0.0494891947600488,0.));
#11261=DIRECTION('',(0.,0.,1.));
#11262=DIRECTION('',(0.,0.,1.));
#11263=DIRECTION('',(-0.986792909408376,0.161986894350598,0.));
#11264=DIRECTION('',(0.,0.,1.));
#11265=DIRECTION('',(0.,0.,1.));
#11266=DIRECTION('',(-0.948028074572362,0.318186690203441,0.));
#11267=DIRECTION('',(0.,0.,1.));
#11268=DIRECTION('',(0.,0.,1.));
#11269=DIRECTION('',(-0.845514018815734,0.533953222657254,0.));
#11270=DIRECTION('',(0.,0.,1.));
#11271=DIRECTION('',(-0.238285782045857,-0.97119508136872,0.));
#11272=DIRECTION('',(0.97119508136872,-0.238285782045857,0.));
#11273=DIRECTION('',(0.,1.,0.));
#11274=DIRECTION('',(0.,0.,1.));
#11275=DIRECTION('',(0.,0.,1.));
#11276=DIRECTION('',(0.,0.,1.));
#11277=DIRECTION('',(1.,0.,0.));
#11278=DIRECTION('',(0.,0.,-1.));
#11279=DIRECTION('',(0.,0.,1.));
#11280=DIRECTION('',(-1.,0.,0.));
#11281=DIRECTION('',(0.,0.,1.));
#11282=DIRECTION('',(0.,0.,1.));
#11283=DIRECTION('',(0.494420378153916,-0.869222922883502,0.));
#11284=DIRECTION('',(0.869222922883503,0.494420378153916,0.));
#11285=DIRECTION('',(0.,0.,1.));
#11286=DIRECTION('',(0.,-1.,0.));
#11287=DIRECTION('',(0.,0.,-1.));
#11288=DIRECTION('',(0.,0.,1.));
#11289=DIRECTION('',(-0.493462337455639,0.869767165115364,0.));
#11290=DIRECTION('',(-0.869767165115364,-0.493462337455639,0.));
#11291=DIRECTION('',(0.,0.,1.));
#11292=DIRECTION('',(0.,-1.,0.));
#11293=DIRECTION('',(0.,0.,-1.));
#11294=DIRECTION('',(0.381487655109676,0.924373933534974,0.));
#11295=DIRECTION('',(-0.924373933534974,0.381487655109676,0.));
#11296=DIRECTION('',(0.,0.,1.));
#11297=DIRECTION('',(0.,0.,1.));
#11298=DIRECTION('',(0.420907225925865,-0.907103691516793,0.));
#11299=DIRECTION('',(0.907103691516793,0.420907225925865,0.));
#11300=DIRECTION('',(0.,0.,1.));
#11301=DIRECTION('',(-0.360964919044824,0.932579394592741,0.));
#11302=DIRECTION('',(-0.932579394592741,-0.360964919044824,0.));
#11303=DIRECTION('',(0.,0.,1.));
#11304=DIRECTION('',(-1.,0.,0.));
#11305=DIRECTION('',(0.,0.,1.));
#11306=DIRECTION('',(0.448129915669611,0.893968443896062,0.));
#11307=DIRECTION('',(-0.893968443896062,0.448129915669611,0.));
#11308=DIRECTION('',(0.,0.,1.));
#11309=DIRECTION('',(0.,0.,1.));
#11310=DIRECTION('',(0.,1.,0.));
#11311=DIRECTION('',(0.,0.,1.));
#11312=DIRECTION('',(0.,0.,1.));
#11313=DIRECTION('',(-1.,0.,0.));
#11314=DIRECTION('',(0.,0.,1.));
#11315=DIRECTION('',(0.,0.,1.));
#11316=DIRECTION('',(1.,0.,0.));
#11317=DIRECTION('',(0.,0.,-1.));
#11318=DIRECTION('',(0.,0.,1.));
#11319=DIRECTION('',(0.,-1.,0.));
#11320=DIRECTION('',(0.,0.,-1.));
#11321=DIRECTION('',(0.,0.,1.));
#11322=DIRECTION('',(-0.383760341086052,-0.923432726629026,0.));
#11323=DIRECTION('',(0.923432726629026,-0.383760341086052,0.));
#11324=DIRECTION('',(0.,0.,1.));
#11325=DIRECTION('',(0.,0.,1.));
#11326=DIRECTION('',(0.,0.,1.));
#11327=DIRECTION('',(0.528581695986958,-0.848882436305259,0.));
#11328=DIRECTION('',(0.,0.,1.));
#11329=DIRECTION('',(0.,0.,1.));
#11330=DIRECTION('',(0.,0.,1.));
#11331=DIRECTION('',(0.176175566553482,-0.984358760691223,0.));
#11332=DIRECTION('',(0.,0.,1.));
#11333=DIRECTION('',(0.,0.,1.));
#11334=DIRECTION('',(0.,0.,1.));
#11335=DIRECTION('',(0.,0.,1.));
#11336=DIRECTION('',(0.,0.,1.));
#11337=DIRECTION('',(-0.889879460097882,-0.456195732658583,0.));
#11338=DIRECTION('',(0.,0.,1.));
#11339=DIRECTION('',(0.,0.,1.));
#11340=DIRECTION('',(0.,0.,1.));
#11341=DIRECTION('',(-0.997132987844729,-0.0756690461935677,0.));
#11342=DIRECTION('',(0.,0.,1.));
#11343=DIRECTION('',(1.,0.,0.));
#11344=DIRECTION('',(0.,0.,-1.));
#11345=DIRECTION('',(0.,0.,1.));
#11346=DIRECTION('',(0.,-1.,0.));
#11347=DIRECTION('',(0.,0.,-1.));
#11348=DIRECTION('',(0.,0.,1.));
#11349=DIRECTION('',(-1.,0.,0.));
#11350=DIRECTION('',(0.,0.,1.));
#11351=DIRECTION('',(0.,0.,1.));
#11352=DIRECTION('',(0.,0.,1.));
#11353=DIRECTION('',(0.,0.,1.));
#11354=DIRECTION('',(0.,0.,1.));
#11355=DIRECTION('',(0.119438812954781,-0.992841563372501,0.));
#11356=DIRECTION('',(0.,0.,1.));
#11357=DIRECTION('',(0.,0.,1.));
#11358=DIRECTION('',(0.460966157974588,-0.887417715172594,0.));
#11359=DIRECTION('',(0.,0.,1.));
#11360=DIRECTION('',(0.,0.,1.));
#11361=DIRECTION('',(0.,0.,1.));
#11362=DIRECTION('',(1.,0.,0.));
#11363=DIRECTION('',(0.,0.,-1.));
#11364=DIRECTION('',(0.,0.,1.));
#11365=DIRECTION('',(0.,-1.,0.));
#11366=DIRECTION('',(0.,0.,-1.));
#11367=DIRECTION('',(0.,0.,1.));
#11368=DIRECTION('',(-1.,0.,0.));
#11369=DIRECTION('',(0.,0.,1.));
#11370=DIRECTION('',(-0.398973765574322,0.916962340766209,0.));
#11371=DIRECTION('',(-0.916962340766209,-0.398973765574322,0.));
#11372=DIRECTION('',(0.,0.,1.));
#11373=DIRECTION('',(0.,0.,1.));
#11374=DIRECTION('',(0.,1.,0.));
#11375=DIRECTION('',(0.,0.,1.));
#11376=DIRECTION('',(0.,0.,1.));
#11377=DIRECTION('',(-1.,0.,0.));
#11378=DIRECTION('',(0.,0.,1.));
#11379=DIRECTION('',(0.,0.,1.));
#11380=DIRECTION('',(1.,0.,0.));
#11381=DIRECTION('',(0.,0.,-1.));
#11382=DIRECTION('',(0.,0.,1.));
#11383=DIRECTION('',(0.375066966246851,-0.926997718891683,0.));
#11384=DIRECTION('',(0.926997718891683,0.375066966246851,0.));
#11385=DIRECTION('',(0.,0.,1.));
#11386=DIRECTION('',(0.,1.,0.));
#11387=DIRECTION('',(0.,0.,1.));
#11388=DIRECTION('',(0.,0.,1.));
#11389=DIRECTION('',(1.,0.,0.));
#11390=DIRECTION('',(0.,0.,-1.));
#11391=DIRECTION('',(0.,0.,1.));
#11392=DIRECTION('',(0.,-1.,0.));
#11393=DIRECTION('',(0.,0.,-1.));
#11394=DIRECTION('',(1.,0.,0.));
#11395=DIRECTION('',(0.,0.,-1.));
#11396=DIRECTION('',(0.,0.,1.));
#11397=DIRECTION('',(0.,0.,1.));
#11398=DIRECTION('',(-0.326277963269685,-0.945273870729846,0.));
#11399=DIRECTION('',(0.945273870729846,-0.326277963269685,0.));
#11400=DIRECTION('',(0.,0.,1.));
#11401=DIRECTION('',(-0.336218720762095,0.941783930532423,0.));
#11402=DIRECTION('',(-0.941783930532423,-0.336218720762095,0.));
#11403=DIRECTION('',(0.,0.,1.));
#11404=DIRECTION('',(-1.,0.,0.));
#11405=DIRECTION('',(0.,0.,1.));
#11406=DIRECTION('',(0.32705411589072,-0.945005611242039,0.));
#11407=DIRECTION('',(0.945005611242039,0.32705411589072,0.));
#11408=DIRECTION('',(0.,0.,1.));
#11409=DIRECTION('',(0.,0.,1.));
#11410=DIRECTION('',(0.329984761804029,0.943986258892119,0.));
#11411=DIRECTION('',(-0.943986258892119,0.329984761804029,0.));
#11412=DIRECTION('',(0.,0.,1.));
#11413=DIRECTION('',(1.,0.,0.));
#11414=DIRECTION('',(0.,0.,-1.));
#11415=DIRECTION('',(0.,0.,1.));
#11416=DIRECTION('',(1.,0.,0.));
#11417=DIRECTION('',(0.,0.,-1.));
#11418=DIRECTION('',(0.,0.,1.));
#11419=DIRECTION('',(-0.330715938967004,-0.943730346928174,0.));
#11420=DIRECTION('',(0.943730346928175,-0.330715938967004,0.));
#11421=DIRECTION('',(0.,0.,1.));
#11422=DIRECTION('',(-1.,0.,0.));
#11423=DIRECTION('',(0.,0.,1.));
#11424=DIRECTION('',(0.,0.,1.));
#11425=DIRECTION('',(-0.32852062494127,0.94449679670616,0.));
#11426=DIRECTION('',(-0.94449679670616,-0.328520624941271,0.));
#11427=DIRECTION('',(-1.,0.,0.));
#11428=DIRECTION('',(0.,0.,1.));
#11429=DIRECTION('',(0.,0.,1.));
#11430=DIRECTION('',(0.,0.,1.));
#11431=DIRECTION('',(0.,1.,0.));
#11432=DIRECTION('',(0.,0.,1.));
#11433=DIRECTION('',(0.,0.,1.));
#11434=DIRECTION('',(0.,-1.,0.));
#11435=DIRECTION('',(0.,0.,-1.));
#11436=DIRECTION('',(0.,0.,1.));
#11437=DIRECTION('',(1.,0.,0.));
#11438=DIRECTION('',(0.,0.,-1.));
#11439=DIRECTION('',(-0.398973765574322,0.916962340766209,0.));
#11440=DIRECTION('',(-0.916962340766209,-0.398973765574322,0.));
#11441=DIRECTION('',(0.,0.,1.));
#11442=DIRECTION('',(0.,0.,1.));
#11443=DIRECTION('',(0.,1.,0.));
#11444=DIRECTION('',(0.,0.,1.));
#11445=DIRECTION('',(0.,0.,1.));
#11446=DIRECTION('',(-1.,0.,0.));
#11447=DIRECTION('',(0.,0.,1.));
#11448=DIRECTION('',(0.,0.,1.));
#11449=DIRECTION('',(1.,0.,0.));
#11450=DIRECTION('',(0.,0.,-1.));
#11451=DIRECTION('',(0.,0.,1.));
#11452=DIRECTION('',(0.375066966246851,-0.926997718891683,0.));
#11453=DIRECTION('',(0.926997718891683,0.375066966246851,0.));
#11454=DIRECTION('',(0.,0.,1.));
#11455=DIRECTION('',(0.,1.,0.));
#11456=DIRECTION('',(0.,0.,1.));
#11457=DIRECTION('',(0.,0.,1.));
#11458=DIRECTION('',(1.,0.,0.));
#11459=DIRECTION('',(0.,0.,-1.));
#11460=DIRECTION('',(0.,0.,1.));
#11461=DIRECTION('',(0.,-1.,0.));
#11462=DIRECTION('',(0.,0.,-1.));
#11463=DIRECTION('',(0.381487655109676,0.924373933534974,0.));
#11464=DIRECTION('',(-0.924373933534974,0.381487655109676,0.));
#11465=DIRECTION('',(0.,0.,1.));
#11466=DIRECTION('',(0.,0.,1.));
#11467=DIRECTION('',(0.420907225925865,-0.907103691516793,0.));
#11468=DIRECTION('',(0.907103691516793,0.420907225925865,0.));
#11469=DIRECTION('',(0.,0.,1.));
#11470=DIRECTION('',(-0.360964919044824,0.932579394592741,0.));
#11471=DIRECTION('',(-0.932579394592741,-0.360964919044824,0.));
#11472=DIRECTION('',(0.,0.,1.));
#11473=DIRECTION('',(-1.,0.,0.));
#11474=DIRECTION('',(0.,0.,1.));
#11475=DIRECTION('',(0.448129915669611,0.893968443896062,0.));
#11476=DIRECTION('',(-0.893968443896062,0.448129915669611,0.));
#11477=DIRECTION('',(0.,0.,1.));
#11478=DIRECTION('',(0.,0.,1.));
#11479=DIRECTION('',(0.,1.,0.));
#11480=DIRECTION('',(0.,0.,1.));
#11481=DIRECTION('',(0.,0.,1.));
#11482=DIRECTION('',(-1.,0.,0.));
#11483=DIRECTION('',(0.,0.,1.));
#11484=DIRECTION('',(0.,0.,1.));
#11485=DIRECTION('',(1.,0.,0.));
#11486=DIRECTION('',(0.,0.,-1.));
#11487=DIRECTION('',(0.,0.,1.));
#11488=DIRECTION('',(0.,-1.,0.));
#11489=DIRECTION('',(0.,0.,-1.));
#11490=DIRECTION('',(0.,0.,1.));
#11491=DIRECTION('',(-0.383760341086052,-0.923432726629026,0.));
#11492=DIRECTION('',(0.923432726629026,-0.383760341086052,0.));
#11493=DIRECTION('',(0.,0.,1.));
#11494=DIRECTION('',(0.832464399395095,-0.554078535714716,0.));
#11495=DIRECTION('',(0.,0.,1.));
#11496=DIRECTION('',(0.,0.,1.));
#11497=DIRECTION('',(0.,0.,1.));
#11498=DIRECTION('',(0.613445841261996,-0.789736791493446,0.));
#11499=DIRECTION('',(0.,0.,1.));
#11500=DIRECTION('',(0.,0.,1.));
#11501=DIRECTION('',(0.903104122576151,-0.429421638702524,0.));
#11502=DIRECTION('',(0.,0.,1.));
#11503=DIRECTION('',(0.,0.,1.));
#11504=DIRECTION('',(0.,0.,1.));
#11505=DIRECTION('',(-0.188065788971111,-0.982156433068925,0.));
#11506=DIRECTION('',(0.,0.,1.));
#11507=DIRECTION('',(0.,0.,1.));
#11508=DIRECTION('',(-0.525289342890561,-0.850923678272971,0.));
#11509=DIRECTION('',(0.,0.,1.));
#11510=DIRECTION('',(0.,0.,1.));
#11511=DIRECTION('',(-0.790947044819866,-0.611884607005864,0.));
#11512=DIRECTION('',(0.,0.,1.));
#11513=DIRECTION('',(0.,0.,1.));
#11514=DIRECTION('',(-0.955436997222027,-0.295195095384994,0.));
#11515=DIRECTION('',(0.,0.,1.));
#11516=DIRECTION('',(0.,-1.,0.));
#11517=DIRECTION('',(0.,0.,-1.));
#11518=DIRECTION('',(0.,0.,1.));
#11519=DIRECTION('',(0.,0.,1.));
#11520=DIRECTION('',(0.,0.,1.));
#11521=DIRECTION('',(0.,0.,1.));
#11522=DIRECTION('',(0.,-1.,0.));
#11523=DIRECTION('',(0.,0.,-1.));
#11524=DIRECTION('',(0.,1.,0.));
#11525=DIRECTION('',(0.,0.,1.));
#11526=DIRECTION('',(0.,0.,1.));
#11527=DIRECTION('',(0.,0.,1.));
#11528=DIRECTION('',(1.,0.,0.));
#11529=DIRECTION('',(0.,0.,-1.));
#11530=DIRECTION('',(0.,0.,1.));
#11531=DIRECTION('',(-1.,0.,0.));
#11532=DIRECTION('',(0.,0.,1.));
#11533=DIRECTION('',(0.,0.,1.));
#11534=DIRECTION('',(0.,-1.,0.));
#11535=DIRECTION('',(0.,0.,-1.));
#11536=DIRECTION('',(0.,0.,1.));
#11537=DIRECTION('',(0.373199863388555,0.927750969801037,0.));
#11538=DIRECTION('',(-0.927750969801037,0.373199863388555,0.));
#11539=DIRECTION('',(0.,0.,1.));
#11540=DIRECTION('',(1.,0.,0.));
#11541=DIRECTION('',(0.,0.,-1.));
#11542=DIRECTION('',(0.,0.,1.));
#11543=DIRECTION('',(0.,-1.,0.));
#11544=DIRECTION('',(0.,0.,-1.));
#11545=DIRECTION('',(0.,0.,1.));
#11546=DIRECTION('',(-0.397715622299731,-0.917508737712474,0.));
#11547=DIRECTION('',(0.917508737712474,-0.397715622299731,0.));
#11548=DIRECTION('',(-0.398973765574322,0.916962340766209,0.));
#11549=DIRECTION('',(-0.916962340766209,-0.398973765574322,0.));
#11550=DIRECTION('',(0.,0.,1.));
#11551=DIRECTION('',(0.,0.,1.));
#11552=DIRECTION('',(0.,1.,0.));
#11553=DIRECTION('',(0.,0.,1.));
#11554=DIRECTION('',(0.,0.,1.));
#11555=DIRECTION('',(-1.,0.,0.));
#11556=DIRECTION('',(0.,0.,1.));
#11557=DIRECTION('',(0.,0.,1.));
#11558=DIRECTION('',(1.,0.,0.));
#11559=DIRECTION('',(0.,0.,-1.));
#11560=DIRECTION('',(0.,0.,1.));
#11561=DIRECTION('',(0.375066966246851,-0.926997718891683,0.));
#11562=DIRECTION('',(0.926997718891683,0.375066966246851,0.));
#11563=DIRECTION('',(0.,0.,1.));
#11564=DIRECTION('',(0.,1.,0.));
#11565=DIRECTION('',(0.,0.,1.));
#11566=DIRECTION('',(0.,0.,1.));
#11567=DIRECTION('',(1.,0.,0.));
#11568=DIRECTION('',(0.,0.,-1.));
#11569=DIRECTION('',(0.,0.,1.));
#11570=DIRECTION('',(0.,-1.,0.));
#11571=DIRECTION('',(0.,0.,-1.));
#11572=DIRECTION('',(0.,1.,0.));
#11573=DIRECTION('',(0.,0.,1.));
#11574=DIRECTION('',(0.,0.,1.));
#11575=DIRECTION('',(0.,0.,1.));
#11576=DIRECTION('',(1.,0.,0.));
#11577=DIRECTION('',(0.,0.,-1.));
#11578=DIRECTION('',(0.,0.,1.));
#11579=DIRECTION('',(-1.,0.,0.));
#11580=DIRECTION('',(0.,0.,1.));
#11581=DIRECTION('',(0.,0.,1.));
#11582=DIRECTION('',(0.,-1.,0.));
#11583=DIRECTION('',(0.,0.,-1.));
#11584=DIRECTION('',(0.,0.,1.));
#11585=DIRECTION('',(0.373199863388555,0.927750969801037,0.));
#11586=DIRECTION('',(-0.927750969801037,0.373199863388555,0.));
#11587=DIRECTION('',(0.,0.,1.));
#11588=DIRECTION('',(1.,0.,0.));
#11589=DIRECTION('',(0.,0.,-1.));
#11590=DIRECTION('',(0.,0.,1.));
#11591=DIRECTION('',(0.,-1.,0.));
#11592=DIRECTION('',(0.,0.,-1.));
#11593=DIRECTION('',(0.,0.,1.));
#11594=DIRECTION('',(-0.397715622299731,-0.917508737712474,0.));
#11595=DIRECTION('',(0.917508737712474,-0.397715622299731,0.));
#11596=DIRECTION('',(0.,1.,0.));
#11597=DIRECTION('',(0.,0.,1.));
#11598=DIRECTION('',(0.,0.,1.));
#11599=DIRECTION('',(0.,0.,1.));
#11600=DIRECTION('',(1.,0.,0.));
#11601=DIRECTION('',(0.,0.,-1.));
#11602=DIRECTION('',(0.,0.,1.));
#11603=DIRECTION('',(-1.,0.,0.));
#11604=DIRECTION('',(0.,0.,1.));
#11605=DIRECTION('',(0.,0.,1.));
#11606=DIRECTION('',(0.,-1.,0.));
#11607=DIRECTION('',(0.,0.,-1.));
#11608=DIRECTION('',(1.,0.,0.));
#11609=DIRECTION('',(0.,0.,-1.));
#11610=DIRECTION('',(0.,0.,1.));
#11611=DIRECTION('',(0.,0.,1.));
#11612=DIRECTION('',(0.,1.,0.));
#11613=DIRECTION('',(0.,0.,1.));
#11614=DIRECTION('',(0.,0.,1.));
#11615=DIRECTION('',(0.,1.,0.));
#11616=DIRECTION('',(0.,0.,1.));
#11617=DIRECTION('',(0.,0.,1.));
#11618=DIRECTION('',(1.,0.,0.));
#11619=DIRECTION('',(0.,0.,-1.));
#11620=DIRECTION('',(0.,0.,1.));
#11621=DIRECTION('',(0.,-1.,0.));
#11622=DIRECTION('',(0.,0.,-1.));
#11623=DIRECTION('',(0.,0.,1.));
#11624=DIRECTION('',(1.,0.,0.));
#11625=DIRECTION('',(0.,0.,-1.));
#11626=DIRECTION('',(0.,0.,1.));
#11627=DIRECTION('',(0.,-1.,0.));
#11628=DIRECTION('',(0.,0.,-1.));
#11629=DIRECTION('',(0.,0.,1.));
#11630=DIRECTION('',(-1.,0.,0.));
#11631=DIRECTION('',(0.,0.,1.));
#11632=DIRECTION('',(1.,0.,0.));
#11633=DIRECTION('',(0.,0.,-1.));
#11634=DIRECTION('',(0.,0.,1.));
#11635=DIRECTION('',(0.,0.,1.));
#11636=DIRECTION('',(0.,-1.,0.));
#11637=DIRECTION('',(0.,0.,-1.));
#11638=DIRECTION('',(0.,0.,1.));
#11639=DIRECTION('',(0.,1.,0.));
#11640=DIRECTION('',(0.,0.,1.));
#11641=DIRECTION('',(0.,0.,1.));
#11642=DIRECTION('',(-1.,0.,0.));
#11643=DIRECTION('',(0.,0.,1.));
#11644=DIRECTION('',(0.,1.,0.));
#11645=DIRECTION('',(0.,0.,1.));
#11646=DIRECTION('',(0.,0.,1.));
#11647=DIRECTION('',(0.,0.,1.));
#11648=DIRECTION('',(1.,0.,0.));
#11649=DIRECTION('',(0.,0.,-1.));
#11650=DIRECTION('',(0.,0.,1.));
#11651=DIRECTION('',(-1.,0.,0.));
#11652=DIRECTION('',(0.,0.,1.));
#11653=DIRECTION('',(0.,0.,1.));
#11654=DIRECTION('',(0.,-1.,0.));
#11655=DIRECTION('',(0.,0.,-1.));
#11656=DIRECTION('',(0.,-1.,0.));
#11657=DIRECTION('',(0.,0.,-1.));
#11658=DIRECTION('',(0.,0.,1.));
#11659=DIRECTION('',(0.,0.,1.));
#11660=DIRECTION('',(-1.,0.,0.));
#11661=DIRECTION('',(0.,0.,1.));
#11662=DIRECTION('',(0.,0.,1.));
#11663=DIRECTION('',(1.,0.,0.));
#11664=DIRECTION('',(0.,0.,-1.));
#11665=DIRECTION('',(0.,0.,1.));
#11666=DIRECTION('',(0.,1.,0.));
#11667=DIRECTION('',(0.,0.,1.));
#11668=DIRECTION('',(0.,1.,0.));
#11669=DIRECTION('',(0.,0.,1.));
#11670=DIRECTION('',(0.,0.,1.));
#11671=DIRECTION('',(0.,0.,1.));
#11672=DIRECTION('',(1.,0.,0.));
#11673=DIRECTION('',(0.,0.,-1.));
#11674=DIRECTION('',(0.,0.,1.));
#11675=DIRECTION('',(-1.,0.,0.));
#11676=DIRECTION('',(0.,0.,1.));
#11677=DIRECTION('',(0.,0.,1.));
#11678=DIRECTION('',(0.,-1.,0.));
#11679=DIRECTION('',(0.,0.,-1.));
#11680=DIRECTION('',(0.461821196076149,-0.886973045168113,0.));
#11681=DIRECTION('',(0.886973045168113,0.461821196076149,0.));
#11682=DIRECTION('',(0.,0.,1.));
#11683=DIRECTION('',(0.,0.,1.));
#11684=DIRECTION('',(0.,0.,1.));
#11685=DIRECTION('',(0.997379151002286,0.0723521191531978,0.));
#11686=DIRECTION('',(0.,0.,1.));
#11687=DIRECTION('',(1.,0.,0.));
#11688=DIRECTION('',(0.,0.,-1.));
#11689=DIRECTION('',(0.,0.,1.));
#11690=DIRECTION('',(0.,0.,1.));
#11691=DIRECTION('',(-0.998623209867765,-0.0524565030611314,0.));
#11692=DIRECTION('',(0.,0.,1.));
#11693=DIRECTION('',(1.,0.,0.));
#11694=DIRECTION('',(0.,0.,-1.));
#11695=DIRECTION('',(0.,0.,1.));
#11696=DIRECTION('',(0.,-1.,0.));
#11697=DIRECTION('',(0.,0.,-1.));
#11698=DIRECTION('',(0.,0.,1.));
#11699=DIRECTION('',(-1.,0.,0.));
#11700=DIRECTION('',(0.,0.,1.));
#11701=DIRECTION('',(0.,0.,1.));
#11702=DIRECTION('',(0.,0.,1.));
#11703=DIRECTION('',(-0.986219728061802,-0.165440768801725,0.));
#11704=DIRECTION('',(0.,0.,1.));
#11705=DIRECTION('',(0.,0.,1.));
#11706=DIRECTION('',(-0.854216221814971,-0.519917922741807,0.));
#11707=DIRECTION('',(0.,0.,1.));
#11708=DIRECTION('',(0.,0.,1.));
#11709=DIRECTION('',(0.,0.,1.));
#11710=DIRECTION('',(0.,0.,1.));
#11711=DIRECTION('',(0.115428720740766,-0.993315765720121,0.));
#11712=DIRECTION('',(0.,0.,1.));
#11713=DIRECTION('',(0.,0.,1.));
#11714=DIRECTION('',(0.411488636382882,-0.911414890227144,0.));
#11715=DIRECTION('',(0.,0.,1.));
#11716=DIRECTION('',(0.,0.,1.));
#11717=DIRECTION('',(0.,0.,1.));
#11718=DIRECTION('',(1.,0.,0.));
#11719=DIRECTION('',(0.,0.,-1.));
#11720=DIRECTION('',(0.,0.,1.));
#11721=DIRECTION('',(0.,-1.,0.));
#11722=DIRECTION('',(0.,0.,-1.));
#11723=DIRECTION('',(0.,0.,1.));
#11724=DIRECTION('',(-1.,0.,0.));
#11725=DIRECTION('',(0.,0.,1.));
#11726=DIRECTION('',(0.,0.,1.));
#11727=DIRECTION('',(0.,0.,1.));
#11728=DIRECTION('',(0.987408143602588,-0.158193419418417,0.));
#11729=DIRECTION('',(0.,0.,1.));
#11730=DIRECTION('',(0.,0.,1.));
#11731=DIRECTION('',(0.877875417522469,-0.47888908038266,0.));
#11732=DIRECTION('',(0.,0.,1.));
#11733=DIRECTION('',(0.,0.,1.));
#11734=DIRECTION('',(0.631986443133371,-0.774979442111615,0.));
#11735=DIRECTION('',(0.,0.,1.));
#11736=DIRECTION('',(0.,0.,1.));
#11737=DIRECTION('',(0.,0.,1.));
#11738=DIRECTION('',(0.,0.,1.));
#11739=DIRECTION('',(-0.76906477993144,-0.639170841222444,0.));
#11740=DIRECTION('',(0.,0.,1.));
#11741=DIRECTION('',(-0.501167968631898,0.86535002583774,0.));
#11742=DIRECTION('',(-0.86535002583774,-0.501167968631898,0.));
#11743=DIRECTION('',(0.381487655109676,0.924373933534974,0.));
#11744=DIRECTION('',(-0.924373933534974,0.381487655109676,0.));
#11745=DIRECTION('',(0.,0.,1.));
#11746=DIRECTION('',(0.,0.,1.));
#11747=DIRECTION('',(0.42090722592586,-0.907103691516795,0.));
#11748=DIRECTION('',(0.907103691516795,0.420907225925861,0.));
#11749=DIRECTION('',(0.,0.,1.));
#11750=DIRECTION('',(-0.36096491904482,0.932579394592743,0.));
#11751=DIRECTION('',(-0.932579394592743,-0.36096491904482,0.));
#11752=DIRECTION('',(0.,0.,1.));
#11753=DIRECTION('',(-1.,0.,0.));
#11754=DIRECTION('',(0.,0.,1.));
#11755=DIRECTION('',(0.448129915669611,0.893968443896062,0.));
#11756=DIRECTION('',(-0.893968443896062,0.448129915669611,0.));
#11757=DIRECTION('',(0.,0.,1.));
#11758=DIRECTION('',(0.,0.,1.));
#11759=DIRECTION('',(0.,1.,0.));
#11760=DIRECTION('',(0.,0.,1.));
#11761=DIRECTION('',(0.,0.,1.));
#11762=DIRECTION('',(-1.,0.,0.));
#11763=DIRECTION('',(0.,0.,1.));
#11764=DIRECTION('',(0.,0.,1.));
#11765=DIRECTION('',(1.,0.,0.));
#11766=DIRECTION('',(0.,0.,-1.));
#11767=DIRECTION('',(0.,0.,1.));
#11768=DIRECTION('',(0.,-1.,0.));
#11769=DIRECTION('',(0.,0.,-1.));
#11770=DIRECTION('',(0.,0.,1.));
#11771=DIRECTION('',(-0.383760341086052,-0.923432726629026,0.));
#11772=DIRECTION('',(0.923432726629026,-0.383760341086052,0.));
#11773=CARTESIAN_POINT('',(0.,0.,0.));
#11774=CARTESIAN_POINT('',(0.220625,0.1347,0.0015));
#11775=CARTESIAN_POINT('',(0.145375,0.1823,0.0015));
#11776=CARTESIAN_POINT('',(0.30625,0.1823,0.0015));
#11777=CARTESIAN_POINT('',(0.135,0.1823,0.0015));
#11778=CARTESIAN_POINT('',(0.135,0.1347,0.0015));
#11779=CARTESIAN_POINT('',(0.135,0.0871,0.0015));
#11780=CARTESIAN_POINT('',(0.145375,0.0871,0.0015));
#11781=CARTESIAN_POINT('',(0.30625,0.0871,0.0015));
#11782=CARTESIAN_POINT('',(0.30625,0.1347,0.0015));
#11783=CARTESIAN_POINT('',(0.229064106410196,0.135003282238499,0.0015));
#11784=CARTESIAN_POINT('',(0.21305,0.125106564476998,0.0015));
#11785=CARTESIAN_POINT('',(0.245078212820391,0.1449,0.0015));
#11786=CARTESIAN_POINT('',(0.21305,0.135003282238499,0.0015));
#11787=CARTESIAN_POINT('',(0.21305,0.1449,0.0015));
#11788=CARTESIAN_POINT('',(0.229064106410196,0.1449,0.0015));
#11789=CARTESIAN_POINT('',(0.256826686104633,0.150397227535666,0.0015));
#11790=CARTESIAN_POINT('',(0.263294691825775,0.154394455071331,0.0015));
#11791=CARTESIAN_POINT('',(0.250358680383492,0.1464,0.0015));
#11792=CARTESIAN_POINT('',(0.265765470011251,0.150397227535666,0.0015));
#11793=CARTESIAN_POINT('',(0.268236248196727,0.1464,0.0015));
#11794=CARTESIAN_POINT('',(0.259297464290109,0.1464,0.0015));
#11795=CARTESIAN_POINT('',(0.15575,0.1347,0.0015));
#11796=CARTESIAN_POINT('',(0.15575,0.1245,0.0015));
#11797=CARTESIAN_POINT('',(0.15575,0.1449,0.0015));
#11798=CARTESIAN_POINT('',(0.166106716331373,0.1449,0.0015));
#11799=CARTESIAN_POINT('',(0.176463432662746,0.1449,0.0015));
#11800=CARTESIAN_POINT('',(0.182768287031678,0.1347,0.0015));
#11801=CARTESIAN_POINT('',(0.18907314140061,0.1245,0.0015));
#11802=CARTESIAN_POINT('',(0.172411570700305,0.1245,0.0015));
#11803=CARTESIAN_POINT('',(0.276052347399334,0.0891,0.0015));
#11804=CARTESIAN_POINT('',(0.303654694798669,0.0891,0.0015));
#11805=CARTESIAN_POINT('',(0.24845,0.0891,0.0015));
#11806=CARTESIAN_POINT('',(0.24845,0.10605,0.0015));
#11807=CARTESIAN_POINT('',(0.24845,0.123,0.0015));
#11808=CARTESIAN_POINT('',(0.265575162933315,0.123,0.0015));
#11809=CARTESIAN_POINT('',(0.282700325866629,0.123,0.0015));
#11810=CARTESIAN_POINT('',(0.293177510332649,0.10605,0.0015));
#11811=CARTESIAN_POINT('',(0.287588429299695,0.1449,0.0015));
#11812=CARTESIAN_POINT('',(0.30425,0.1449,0.0015));
#11813=CARTESIAN_POINT('',(0.27092685859939,0.1449,0.0015));
#11814=CARTESIAN_POINT('',(0.30425,0.1347,0.0015));
#11815=CARTESIAN_POINT('',(0.30425,0.1245,0.0015));
#11816=CARTESIAN_POINT('',(0.293893283668627,0.1245,0.0015));
#11817=CARTESIAN_POINT('',(0.283536567337254,0.1245,0.0015));
#11818=CARTESIAN_POINT('',(0.277231712968322,0.1347,0.0015));
#11819=CARTESIAN_POINT('',(0.24845,0.162696988764124,0.0015));
#11820=CARTESIAN_POINT('',(0.24845,0.178410213051249,0.0015));
#11821=CARTESIAN_POINT('',(0.24845,0.146983764476998,0.0015));
#11822=CARTESIAN_POINT('',(0.255478006497878,0.167040296779812,0.0015));
#11823=CARTESIAN_POINT('',(0.262506012995756,0.155670380508376,0.0015));
#11824=CARTESIAN_POINT('',(0.255478006497878,0.151327072492687,0.0015));
#11825=CARTESIAN_POINT('',(0.183947652600666,0.1803,0.0015));
#11826=CARTESIAN_POINT('',(0.21155,0.1803,0.0015));
#11827=CARTESIAN_POINT('',(0.156345305201331,0.1803,0.0015));
#11828=CARTESIAN_POINT('',(0.21155,0.16335,0.0015));
#11829=CARTESIAN_POINT('',(0.21155,0.1464,0.0015));
#11830=CARTESIAN_POINT('',(0.194424837066685,0.1464,0.0015));
#11831=CARTESIAN_POINT('',(0.17729967413337,0.1464,0.0015));
#11832=CARTESIAN_POINT('',(0.166822489667351,0.16335,0.0015));
#11833=CARTESIAN_POINT('',(0.203586343095145,0.101020527101512,0.0015));
#11834=CARTESIAN_POINT('',(0.196217991391621,0.112941054203024,0.0015));
#11835=CARTESIAN_POINT('',(0.210954694798668,0.0891,0.0015));
#11836=CARTESIAN_POINT('',(0.184297464290109,0.0891,0.0015));
#11837=CARTESIAN_POINT('',(0.15764023378155,0.0891,0.0015));
#11838=CARTESIAN_POINT('',(0.176929112586586,0.101020527101512,0.0015));
#11839=CARTESIAN_POINT('',(0.284410343719198,0.167443927941467,0.0015));
#11840=CARTESIAN_POINT('',(0.30425,0.179704835523002,0.0015));
#11841=CARTESIAN_POINT('',(0.264570687438397,0.155183020359931,0.0015));
#11842=CARTESIAN_POINT('',(0.30425,0.163052417761501,0.0015));
#11843=CARTESIAN_POINT('',(0.30425,0.1464,0.0015));
#11844=CARTESIAN_POINT('',(0.287124837066685,0.1464,0.0015));
#11845=CARTESIAN_POINT('',(0.269999674133371,0.1464,0.0015));
#11846=CARTESIAN_POINT('',(0.267285180785884,0.150791510179966,0.0015));
#11847=CARTESIAN_POINT('',(0.23,0.123,0.0015));
#11848=CARTESIAN_POINT('',(0.21305,0.123,0.0015));
#11849=CARTESIAN_POINT('',(0.24695,0.123,0.0015));
#11850=CARTESIAN_POINT('',(0.24695,0.10605,0.0015));
#11851=CARTESIAN_POINT('',(0.24695,0.0891,0.0015));
#11852=CARTESIAN_POINT('',(0.23,0.0891,0.0015));
#11853=CARTESIAN_POINT('',(0.21305,0.0891,0.0015));
#11854=CARTESIAN_POINT('',(0.21305,0.10605,0.0015));
#11855=CARTESIAN_POINT('',(0.165643124098364,0.162405106525625,0.0015));
#11856=CARTESIAN_POINT('',(0.15575,0.178410213051249,0.0015));
#11857=CARTESIAN_POINT('',(0.175536248196726,0.1464,0.0015));
#11858=CARTESIAN_POINT('',(0.165643124098364,0.1464,0.0015));
#11859=CARTESIAN_POINT('',(0.15575,0.1464,0.0015));
#11860=CARTESIAN_POINT('',(0.15575,0.162405106525625,0.0015));
#11861=CARTESIAN_POINT('',(0.194888429299695,0.1449,0.0015));
#11862=CARTESIAN_POINT('',(0.21155,0.1449,0.0015));
#11863=CARTESIAN_POINT('',(0.17822685859939,0.1449,0.0015));
#11864=CARTESIAN_POINT('',(0.21155,0.1347,0.0015));
#11865=CARTESIAN_POINT('',(0.21155,0.1245,0.0015));
#11866=CARTESIAN_POINT('',(0.201193283668627,0.1245,0.0015));
#11867=CARTESIAN_POINT('',(0.190836567337254,0.1245,0.0015));
#11868=CARTESIAN_POINT('',(0.184531712968322,0.1347,0.0015));
#11869=CARTESIAN_POINT('',(0.204521993502121,0.118072927507313,0.0015));
#11870=CARTESIAN_POINT('',(0.21155,0.122416235523002,0.0015));
#11871=CARTESIAN_POINT('',(0.197493987004244,0.113729619491624,0.0015));
#11872=CARTESIAN_POINT('',(0.21155,0.106703011235876,0.0015));
#11873=CARTESIAN_POINT('',(0.21155,0.090989786948751,0.0015));
#11874=CARTESIAN_POINT('',(0.204521993502121,0.102359703220188,0.0015));
#11875=CARTESIAN_POINT('',(0.230935893589804,0.134396717761501,0.0015));
#11876=CARTESIAN_POINT('',(0.24695,0.144293435523002,0.0015));
#11877=CARTESIAN_POINT('',(0.214921787179608,0.1245,0.0015));
#11878=CARTESIAN_POINT('',(0.24695,0.134396717761501,0.0015));
#11879=CARTESIAN_POINT('',(0.24695,0.1245,0.0015));
#11880=CARTESIAN_POINT('',(0.230935893589804,0.1245,0.0015));
#11881=CARTESIAN_POINT('',(0.172875162933315,0.123,0.0015));
#11882=CARTESIAN_POINT('',(0.15575,0.123,0.0015));
#11883=CARTESIAN_POINT('',(0.19000032586663,0.123,0.0015));
#11884=CARTESIAN_POINT('',(0.192714819214117,0.118608489820034,0.0015));
#11885=CARTESIAN_POINT('',(0.195429312561603,0.114216979640069,0.0015));
#11886=CARTESIAN_POINT('',(0.175589656280802,0.101956072058533,0.0015));
#11887=CARTESIAN_POINT('',(0.15575,0.0896951644769979,0.0015));
#11888=CARTESIAN_POINT('',(0.15575,0.106347582238499,0.0015));
#11889=CARTESIAN_POINT('',(0.283070887413415,0.168379472898488,0.0015));
#11890=CARTESIAN_POINT('',(0.263782008608379,0.156458945796976,0.0015));
#11891=CARTESIAN_POINT('',(0.30235976621845,0.1803,0.0015));
#11892=CARTESIAN_POINT('',(0.256413656904855,0.168379472898488,0.0015));
#11893=CARTESIAN_POINT('',(0.249045305201332,0.1803,0.0015));
#11894=CARTESIAN_POINT('',(0.275702535709891,0.1803,0.0015));
#11895=CARTESIAN_POINT('',(0.19423452998875,0.119002772464335,0.0015));
#11896=CARTESIAN_POINT('',(0.196705308174225,0.115005544928669,0.0015));
#11897=CARTESIAN_POINT('',(0.191763751803273,0.123,0.0015));
#11898=CARTESIAN_POINT('',(0.20070253570989,0.123,0.0015));
#11899=CARTESIAN_POINT('',(0.209641319616508,0.123,0.0015));
#11900=CARTESIAN_POINT('',(0.203173313895367,0.119002772464335,0.0015));
#11901=CARTESIAN_POINT('',(0.294356875901637,0.123,0.0015));
#11902=CARTESIAN_POINT('',(0.284463751803273,0.123,0.0015));
#11903=CARTESIAN_POINT('',(0.30425,0.123,0.0015));
#11904=CARTESIAN_POINT('',(0.30425,0.106994893474375,0.0015));
#11905=CARTESIAN_POINT('',(0.30425,0.090989786948751,0.0015));
#11906=CARTESIAN_POINT('',(0.294356875901637,0.106994893474375,0.0015));
#11907=CARTESIAN_POINT('',(0.24845,0.1347,0.0015));
#11908=CARTESIAN_POINT('',(0.24845,0.1449,0.0015));
#11909=CARTESIAN_POINT('',(0.24845,0.1245,0.0015));
#11910=CARTESIAN_POINT('',(0.258806716331373,0.1449,0.0015));
#11911=CARTESIAN_POINT('',(0.269163432662746,0.1449,0.0015));
#11912=CARTESIAN_POINT('',(0.275468287031678,0.1347,0.0015));
#11913=CARTESIAN_POINT('',(0.28177314140061,0.1245,0.0015));
#11914=CARTESIAN_POINT('',(0.265111570700305,0.1245,0.0015));
#11915=CARTESIAN_POINT('',(0.23,0.1803,0.0015));
#11916=CARTESIAN_POINT('',(0.24695,0.1803,0.0015));
#11917=CARTESIAN_POINT('',(0.21305,0.1803,0.0015));
#11918=CARTESIAN_POINT('',(0.24695,0.16335,0.0015));
#11919=CARTESIAN_POINT('',(0.24695,0.1464,0.0015));
#11920=CARTESIAN_POINT('',(0.23,0.1464,0.0015));
#11921=CARTESIAN_POINT('',(0.21305,0.1464,0.0015));
#11922=CARTESIAN_POINT('',(0.21305,0.16335,0.0015));
#11923=CARTESIAN_POINT('',(0.146166666666667,0.158683506944444,0.0015));
#11924=CARTESIAN_POINT('',(0.146166666666667,0.158032465277778,0.0015));
#11925=CARTESIAN_POINT('',(0.146166666666667,0.159334548611111,0.0015));
#11926=CARTESIAN_POINT('',(0.150164930555555,0.159334548611111,0.0015));
#11927=CARTESIAN_POINT('',(0.154163194444445,0.159334548611111,0.0015));
#11928=CARTESIAN_POINT('',(0.154163194444445,0.158683506944444,0.0015));
#11929=CARTESIAN_POINT('',(0.154163194444445,0.158032465277778,0.0015));
#11930=CARTESIAN_POINT('',(0.150164930555555,0.158032465277778,0.0015));
#11931=CARTESIAN_POINT('',(0.144086805555556,0.0954222222222224,0.0015));
#11932=CARTESIAN_POINT('',(0.14359375,0.0954222222222224,0.0015));
#11933=CARTESIAN_POINT('',(0.144579861111111,0.0954222222222224,0.0015));
#11934=CARTESIAN_POINT('',(0.144579861111111,0.0950906250000002,0.0015));
#11935=CARTESIAN_POINT('',(0.144579861111111,0.094759027777778,0.0015));
#11936=CARTESIAN_POINT('',(0.144579861111111,0.094759027777778,0.0015));
#11937=CARTESIAN_POINT('',(0.144579861111111,0.0937503472222224,0.0015));
#11938=CARTESIAN_POINT('',(0.144260416666667,0.092985590277778,0.0015));
#11939=CARTESIAN_POINT('',(0.144260416666667,0.092985590277778,0.0015));
#11940=CARTESIAN_POINT('',(0.144260416666667,0.092985590277778,0.0015));
#11941=CARTESIAN_POINT('',(0.143940972222222,0.0922208333333335,0.0015));
#11942=CARTESIAN_POINT('',(0.143408854166667,0.0917164930555558,0.0015));
#11943=CARTESIAN_POINT('',(0.143408854166667,0.0917164930555558,0.0015));
#11944=CARTESIAN_POINT('',(0.140987892056003,0.0942506000424415,0.0015));
#11945=CARTESIAN_POINT('',(0.142198766332292,0.0909622013996814,0.00149999975000101));
#11946=CARTESIAN_POINT('',(0.140806465986624,0.0947115260417935,0.0015));
#11947=CARTESIAN_POINT('',(0.140803819443249,0.0907121509717887,0.0015));
#11948=CARTESIAN_POINT('',(0.140803819444444,0.090712152777778,0.0015));
#11949=CARTESIAN_POINT('',(0.139817708333333,0.090712152777778,0.0015));
#11950=CARTESIAN_POINT('',(0.1391171875,0.0909239583333336,0.0015));
#11951=CARTESIAN_POINT('',(0.1391171875,0.0909239583333336,0.0015));
#11952=CARTESIAN_POINT('',(0.1391171875,0.0909239583333336,0.0015));
#11953=CARTESIAN_POINT('',(0.138416666666667,0.0911357638888891,0.0015));
#11954=CARTESIAN_POINT('',(0.1379453125,0.0914612847222224,0.0015));
#11955=CARTESIAN_POINT('',(0.1379453125,0.0914612847222224,0.0015));
#11956=CARTESIAN_POINT('',(0.1379453125,0.0914612847222224,0.0015));
#11957=CARTESIAN_POINT('',(0.137473958333333,0.0917868055555558,0.0015));
#11958=CARTESIAN_POINT('',(0.137202256944444,0.0921939236111113,0.0015));
#11959=CARTESIAN_POINT('',(0.137202256944444,0.0921939236111113,0.0015));
#11960=CARTESIAN_POINT('',(0.140204903035145,0.0942552213255825,0.0015));
#11961=CARTESIAN_POINT('',(0.136795138888889,0.0929803819444447,0.0015));
#11962=CARTESIAN_POINT('',(0.136795138888889,0.0929803819444447,0.0015));
#11963=CARTESIAN_POINT('',(0.136659722222222,0.0933597222222224,0.0015));
#11964=CARTESIAN_POINT('',(0.136621527777778,0.0936748263888891,0.0015));
#11965=CARTESIAN_POINT('',(0.136621527777778,0.0936748263888891,0.0015));
#11966=CARTESIAN_POINT('',(0.141122992905873,0.0942926897126375,0.0015));
#11967=CARTESIAN_POINT('',(0.136582912251358,0.094140958149471,0.00149999975));
#11968=CARTESIAN_POINT('',(0.136583333333333,0.0947815972222224,0.0015));
#11969=CARTESIAN_POINT('',(0.136583333333333,0.0954222222222224,0.0015));
#11970=CARTESIAN_POINT('',(0.137060763888889,0.0954222222222224,0.0015));
#11971=CARTESIAN_POINT('',(0.137538194444444,0.0954222222222224,0.0015));
#11972=CARTESIAN_POINT('',(0.137538194444444,0.0949986111111113,0.0015));
#11973=CARTESIAN_POINT('',(0.137538194444444,0.094575,0.0015));
#11974=CARTESIAN_POINT('',(0.137538194444444,0.094575,0.0015));
#11975=CARTESIAN_POINT('',(0.137538194444444,0.0932520833333335,0.0015));
#11976=CARTESIAN_POINT('',(0.138384548611111,0.0926661458333335,0.0015));
#11977=CARTESIAN_POINT('',(0.138384548611111,0.0926661458333335,0.0015));
#11978=CARTESIAN_POINT('',(0.138384548611111,0.0926661458333335,0.0015));
#11979=CARTESIAN_POINT('',(0.139230902777778,0.0920802083333336,0.0015));
#11980=CARTESIAN_POINT('',(0.140836805555556,0.0920802083333336,0.0015));
#11981=CARTESIAN_POINT('',(0.140836805555222,0.092080206177421,0.0015));
#11982=CARTESIAN_POINT('',(0.140837448831184,0.0962356137383368,0.0015));
#11983=CARTESIAN_POINT('',(0.141824684094575,0.0921990059011328,0.0014999997500005));
#11984=CARTESIAN_POINT('',(0.141323828739843,0.0942328598286506,0.0015));
#11985=CARTESIAN_POINT('',(0.142708333333333,0.0926600694444447,0.0015));
#11986=CARTESIAN_POINT('',(0.142708333333333,0.0926600694444447,0.0015));
#11987=CARTESIAN_POINT('',(0.143104166666667,0.0930020833333335,0.0015));
#11988=CARTESIAN_POINT('',(0.143348958333333,0.0935880208333335,0.0015));
#11989=CARTESIAN_POINT('',(0.143348958333333,0.0935880208333335,0.0015));
#11990=CARTESIAN_POINT('',(0.143348958333333,0.0935880208333335,0.0015));
#11991=CARTESIAN_POINT('',(0.14359375,0.0941739583333335,0.0015));
#11992=CARTESIAN_POINT('',(0.14359375,0.09510625,0.0015));
#11993=CARTESIAN_POINT('',(0.14359375,0.09510625,0.0015));
#11994=CARTESIAN_POINT('',(0.14359375,0.0952642361111113,0.0015));
#11995=CARTESIAN_POINT('',(0.136583333333333,0.0965177083333335,0.0015));
#11996=CARTESIAN_POINT('',(0.136583333333333,0.0958666666666669,0.0015));
#11997=CARTESIAN_POINT('',(0.136583333333333,0.09716875,0.0015));
#11998=CARTESIAN_POINT('',(0.140581597222222,0.09716875,0.0015));
#11999=CARTESIAN_POINT('',(0.144579861111111,0.09716875,0.0015));
#12000=CARTESIAN_POINT('',(0.144579861111111,0.0965177083333335,0.0015));
#12001=CARTESIAN_POINT('',(0.144579861111111,0.0958666666666669,0.0015));
#12002=CARTESIAN_POINT('',(0.140581597222222,0.0958666666666669,0.0015));
#12003=CARTESIAN_POINT('',(0.144579861111111,0.0998701388888891,0.0015));
#12004=CARTESIAN_POINT('',(0.144579861111111,0.100531597222222,0.0015));
#12005=CARTESIAN_POINT('',(0.144579861111111,0.0992086805555557,0.0015));
#12006=CARTESIAN_POINT('',(0.140581597222222,0.0992086805555557,0.0015));
#12007=CARTESIAN_POINT('',(0.136583333333333,0.0992086805555557,0.0015));
#12008=CARTESIAN_POINT('',(0.136583333333333,0.0998701388888891,0.0015));
#12009=CARTESIAN_POINT('',(0.136583333333333,0.100531597222222,0.0015));
#12010=CARTESIAN_POINT('',(0.140581597222222,0.100531597222222,0.0015));
#12011=CARTESIAN_POINT('',(0.141946996727619,0.105055574629628,0.0015));
#12012=CARTESIAN_POINT('',(0.140630208333333,0.103049826388889,0.0015));
#12013=CARTESIAN_POINT('',(0.139730902777778,0.104134027777778,0.0015));
#12014=CARTESIAN_POINT('',(0.138157118055556,0.103222569444445,0.0015));
#12015=CARTESIAN_POINT('',(0.136583333333333,0.102311111111111,0.0015));
#12016=CARTESIAN_POINT('',(0.136583333333333,0.103000347222222,0.0015));
#12017=CARTESIAN_POINT('',(0.136583333333333,0.103689583333333,0.0015));
#12018=CARTESIAN_POINT('',(0.138032118055556,0.104443923611111,0.0015));
#12019=CARTESIAN_POINT('',(0.139480930767747,0.105198278462381,0.0015));
#12020=CARTESIAN_POINT('',(0.1389699485533,0.105195363760785,0.0015));
#12021=CARTESIAN_POINT('',(0.139475581486456,0.10526856478862,0.0015));
#12022=CARTESIAN_POINT('',(0.140418497032961,0.105365397904951,0.0015));
#12023=CARTESIAN_POINT('',(0.139470572706484,0.105382290123519,0.00149999975));
#12024=CARTESIAN_POINT('',(0.139470486111111,0.105774869791667,0.0015));
#12025=CARTESIAN_POINT('',(0.139470486111111,0.105989930555556,0.0015));
#12026=CARTESIAN_POINT('',(0.139947916666667,0.105989930555556,0.0015));
#12027=CARTESIAN_POINT('',(0.140425347222222,0.105989930555556,0.0015));
#12028=CARTESIAN_POINT('',(0.140425347222222,0.105621006944445,0.0015));
#12029=CARTESIAN_POINT('',(0.14042525765884,0.10525208292391,0.0015));
#12030=CARTESIAN_POINT('',(0.141904990619281,0.10525884726324,0.0015));
#12031=CARTESIAN_POINT('',(0.140506052105662,0.104775512616493,0.00149999975));
#12032=CARTESIAN_POINT('',(0.141616081709346,0.105158274003734,0.0015));
#12033=CARTESIAN_POINT('',(0.140771701388889,0.104341493055556,0.0015));
#12034=CARTESIAN_POINT('',(0.140771701388889,0.104341493055556,0.0015));
#12035=CARTESIAN_POINT('',(0.140956597222222,0.104146180555556,0.0015));
#12036=CARTESIAN_POINT('',(0.141287326388889,0.104026388888889,0.0015));
#12037=CARTESIAN_POINT('',(0.141287326388889,0.104026388888889,0.0015));
#12038=CARTESIAN_POINT('',(0.141287326388889,0.104026388888889,0.0015));
#12039=CARTESIAN_POINT('',(0.141618055555556,0.103906597222222,0.0015));
#12040=CARTESIAN_POINT('',(0.142105902777778,0.103906597222222,0.0015));
#12041=CARTESIAN_POINT('',(0.142105902777778,0.103906597222222,0.0015));
#12042=CARTESIAN_POINT('',(0.142062404410286,0.106109803529582,0.0015));
#12043=CARTESIAN_POINT('',(0.142557276581031,0.103961344990588,0.00149999975));
#12044=CARTESIAN_POINT('',(0.142273536725713,0.105225447806556,0.0015));
#12045=CARTESIAN_POINT('',(0.143045138888889,0.104183506944445,0.0015));
#12046=CARTESIAN_POINT('',(0.143045138888889,0.104183506944445,0.0015));
#12047=CARTESIAN_POINT('',(0.143277777777778,0.104351041666667,0.0015));
#12048=CARTESIAN_POINT('',(0.143435763888889,0.104654861111111,0.0015));
#12049=CARTESIAN_POINT('',(0.143435763888889,0.104654861111111,0.0015));
#12050=CARTESIAN_POINT('',(0.143435763888889,0.104654861111111,0.0015));
#12051=CARTESIAN_POINT('',(0.14359375,0.104958680555556,0.0015));
#12052=CARTESIAN_POINT('',(0.14359375,0.105458680555556,0.0015));
#12053=CARTESIAN_POINT('',(0.14359375,0.105458680555556,0.0015));
#12054=CARTESIAN_POINT('',(0.14359375,0.105724305555556,0.0015));
#12055=CARTESIAN_POINT('',(0.14359375,0.105989930555556,0.0015));
#12056=CARTESIAN_POINT('',(0.144086805555556,0.105989930555556,0.0015));
#12057=CARTESIAN_POINT('',(0.144579861111111,0.105989930555556,0.0015));
#12058=CARTESIAN_POINT('',(0.144579861111111,0.105713020833333,0.0015));
#12059=CARTESIAN_POINT('',(0.144579950658603,0.105436110939544,0.0015));
#12060=CARTESIAN_POINT('',(0.141340368150217,0.105442317762454,0.0015));
#12061=CARTESIAN_POINT('',(0.144417356841249,0.104428584981256,0.0015));
#12062=CARTESIAN_POINT('',(0.141819580907836,0.105261175357122,0.0015));
#12063=CARTESIAN_POINT('',(0.143929734147655,0.103532427037584,0.00149999975));
#12064=CARTESIAN_POINT('',(0.14196117983653,0.105147172707422,0.0015));
#12065=CARTESIAN_POINT('',(0.143143229166667,0.102891840277778,0.0015));
#12066=CARTESIAN_POINT('',(0.143143229166667,0.102891840277778,0.0015));
#12067=CARTESIAN_POINT('',(0.142682291666667,0.102647916666667,0.0015));
#12068=CARTESIAN_POINT('',(0.142105902777778,0.102647916666667,0.0015));
#12069=CARTESIAN_POINT('',(0.142105902777778,0.102647916666667,0.0015));
#12070=CARTESIAN_POINT('',(0.142105902777778,0.102647916666667,0.0015));
#12071=CARTESIAN_POINT('',(0.141237847222222,0.102647916666667,0.0015));
#12072=CARTESIAN_POINT('',(0.140630208333333,0.103049826388889,0.0015));
#12073=CARTESIAN_POINT('',(0.141747344034044,0.112073699980804,0.0015));
#12074=CARTESIAN_POINT('',(0.144493368361739,0.11101411740995,0.00149999975));
#12075=CARTESIAN_POINT('',(0.143841748355254,0.110005853849834,0.0015));
#12076=CARTESIAN_POINT('',(0.143440972222222,0.110456076388889,0.0015));
#12077=CARTESIAN_POINT('',(0.143039930555556,0.110906597222222,0.0015));
#12078=CARTESIAN_POINT('',(0.143039930555556,0.110906597222222,0.0015));
#12079=CARTESIAN_POINT('',(0.143354166666667,0.111167013888889,0.0015));
#12080=CARTESIAN_POINT('',(0.143495659722222,0.111502951388889,0.0015));
#12081=CARTESIAN_POINT('',(0.143495659722222,0.111502951388889,0.0015));
#12082=CARTESIAN_POINT('',(0.141863932466838,0.112197507612115,0.0015));
#12083=CARTESIAN_POINT('',(0.143637167963084,0.112198263895366,0.00149999975));
#12084=CARTESIAN_POINT('',(0.143637152777778,0.112219965277778,0.0015));
#12085=CARTESIAN_POINT('',(0.143637152777778,0.112241666666667,0.0015));
#12086=CARTESIAN_POINT('',(0.144173611111111,0.112241666666667,0.0015));
#12087=CARTESIAN_POINT('',(0.144710069444444,0.112241666666667,0.0015));
#12088=CARTESIAN_POINT('',(0.144710069444444,0.112235590277778,0.0015));
#12089=CARTESIAN_POINT('',(0.144709666571092,0.112229510102937,0.0015));
#12090=CARTESIAN_POINT('',(0.141352655204004,0.112197963005028,0.0015));
#12091=CARTESIAN_POINT('',(0.137733506944444,0.114747743055556,0.0015));
#12092=CARTESIAN_POINT('',(0.138243055555556,0.115127083333333,0.0015));
#12093=CARTESIAN_POINT('',(0.138965277777778,0.115344097222222,0.0015));
#12094=CARTESIAN_POINT('',(0.137733506944444,0.114747743055556,0.0015));
#12095=CARTESIAN_POINT('',(0.138965277777778,0.115344097222222,0.0015));
#12096=CARTESIAN_POINT('',(0.138965277777778,0.115344097222222,0.0015));
#12097=CARTESIAN_POINT('',(0.1396875,0.115561111111111,0.0015));
#12098=CARTESIAN_POINT('',(0.140619791666667,0.115561111111111,0.0015));
#12099=CARTESIAN_POINT('',(0.140619791666667,0.115561111111111,0.0015));
#12100=CARTESIAN_POINT('',(0.140619791666667,0.115561111111111,0.0015));
#12101=CARTESIAN_POINT('',(0.141553819444444,0.115561111111111,0.0015));
#12102=CARTESIAN_POINT('',(0.142275173611111,0.115344097222222,0.0015));
#12103=CARTESIAN_POINT('',(0.142275173611111,0.115344097222222,0.0015));
#12104=CARTESIAN_POINT('',(0.142275173611111,0.115344097222222,0.0015));
#12105=CARTESIAN_POINT('',(0.142996527777778,0.115127083333333,0.0015));
#12106=CARTESIAN_POINT('',(0.143500868055556,0.114747743055556,0.0015));
#12107=CARTESIAN_POINT('',(0.143500868055556,0.114747743055556,0.0015));
#12108=CARTESIAN_POINT('',(0.141798344785886,0.112450093705923,0.0015));
#12109=CARTESIAN_POINT('',(0.144298748549294,0.1138363606261,0.00149999975));
#12110=CARTESIAN_POINT('',(0.141550611219055,0.11232430007143,0.0015));
#12111=CARTESIAN_POINT('',(0.144666328764391,0.112686111111111,0.0015));
#12112=CARTESIAN_POINT('',(0.144124131944444,0.112686111111111,0.0015));
#12113=CARTESIAN_POINT('',(0.143581700159141,0.112686111111111,0.0015));
#12114=CARTESIAN_POINT('',(0.141876861351604,0.112228167199944,0.0015));
#12115=CARTESIAN_POINT('',(0.1432890625,0.113287673611111,0.0015));
#12116=CARTESIAN_POINT('',(0.1432890625,0.113287673611111,0.0015));
#12117=CARTESIAN_POINT('',(0.143083333333333,0.113564583333333,0.0015));
#12118=CARTESIAN_POINT('',(0.142719618055556,0.113776388888889,0.0015));
#12119=CARTESIAN_POINT('',(0.142719618055556,0.113776388888889,0.0015));
#12120=CARTESIAN_POINT('',(0.142719618055556,0.113776388888889,0.0015));
#12121=CARTESIAN_POINT('',(0.142355902777778,0.113988194444445,0.0015));
#12122=CARTESIAN_POINT('',(0.141840277777778,0.114107118055556,0.0015));
#12123=CARTESIAN_POINT('',(0.141840277777778,0.114107118055556,0.0015));
#12124=CARTESIAN_POINT('',(0.141840277777778,0.114107118055556,0.0015));
#12125=CARTESIAN_POINT('',(0.141324652777778,0.114226041666667,0.0015));
#12126=CARTESIAN_POINT('',(0.140619791666667,0.114238194444445,0.0015));
#12127=CARTESIAN_POINT('',(0.140619791666667,0.114238194444445,0.0015));
#12128=CARTESIAN_POINT('',(0.140619791666667,0.114238194444445,0.0015));
#12129=CARTESIAN_POINT('',(0.139914930555556,0.114226041666667,0.0015));
#12130=CARTESIAN_POINT('',(0.1393828125,0.114107118055556,0.0015));
#12131=CARTESIAN_POINT('',(0.1393828125,0.114107118055556,0.0015));
#12132=CARTESIAN_POINT('',(0.1393828125,0.114107118055556,0.0015));
#12133=CARTESIAN_POINT('',(0.138850694444444,0.113988194444445,0.0015));
#12134=CARTESIAN_POINT('',(0.138466145833333,0.113776388888889,0.0015));
#12135=CARTESIAN_POINT('',(0.138466145833333,0.113776388888889,0.0015));
#12136=CARTESIAN_POINT('',(0.138466145833333,0.113776388888889,0.0015));
#12137=CARTESIAN_POINT('',(0.138081597222222,0.113564583333333,0.0015));
#12138=CARTESIAN_POINT('',(0.137853298611111,0.113287673611111,0.0015));
#12139=CARTESIAN_POINT('',(0.137853298611111,0.113287673611111,0.0015));
#12140=CARTESIAN_POINT('',(0.139062688177471,0.112268639437119,0.0015));
#12141=CARTESIAN_POINT('',(0.137537820025418,0.112686111111111,0.0015));
#12142=CARTESIAN_POINT('',(0.137044270833333,0.112686111111111,0.0015));
#12143=CARTESIAN_POINT('',(0.136550653022441,0.112686111111111,0.0015));
#12144=CARTESIAN_POINT('',(0.139632504716299,0.112318573422017,0.0015));
#12145=CARTESIAN_POINT('',(0.136925197831694,0.113836369078011,0.0015));
#12146=CARTESIAN_POINT('',(0.139444317632465,0.112413907155736,0.0015));
#12147=CARTESIAN_POINT('',(0.140262152777778,0.112241666666667,0.0015));
#12148=CARTESIAN_POINT('',(0.139817708333333,0.112241666666667,0.0015));
#12149=CARTESIAN_POINT('',(0.140706597222222,0.112241666666667,0.0015));
#12150=CARTESIAN_POINT('',(0.140706597222222,0.110917881944445,0.0015));
#12151=CARTESIAN_POINT('',(0.140706597222222,0.109594097222222,0.0015));
#12152=CARTESIAN_POINT('',(0.139160590277778,0.109594097222222,0.0015));
#12153=CARTESIAN_POINT('',(0.137615333073706,0.109594097222222,0.0015));
#12154=CARTESIAN_POINT('',(0.139043793096748,0.111435252414082,0.0015));
#12155=CARTESIAN_POINT('',(0.137098809535833,0.110152158442893,0.00149999975));
#12156=CARTESIAN_POINT('',(0.139988303068646,0.112034288340656,0.0015));
#12157=CARTESIAN_POINT('',(0.136767346516574,0.110803293037317,0.00149999975));
#12158=CARTESIAN_POINT('',(0.139890079671217,0.111994820995429,0.0015));
#12159=CARTESIAN_POINT('',(0.136583365608451,0.111508164540226,0.0015));
#12160=CARTESIAN_POINT('',(0.141451940411166,0.112234941400224,0.0015));
#12161=CARTESIAN_POINT('',(0.13652948384199,0.112229513855759,0.00149999975));
#12162=CARTESIAN_POINT('',(0.136529513888889,0.112235590277778,0.0015));
#12163=CARTESIAN_POINT('',(0.136529513888889,0.112241666666667,0.0015));
#12164=CARTESIAN_POINT('',(0.137006944444444,0.112241666666667,0.0015));
#12165=CARTESIAN_POINT('',(0.137484144962348,0.112241666666667,0.0015));
#12166=CARTESIAN_POINT('',(0.141351841675066,0.112285394852966,0.0015));
#12167=CARTESIAN_POINT('',(0.137500939517564,0.11192136123894,0.00149999975));
#12168=CARTESIAN_POINT('',(0.141533630500066,0.112279085573019,0.0015));
#12169=CARTESIAN_POINT('',(0.137554731940402,0.111530737293925,0.0015));
#12170=CARTESIAN_POINT('',(0.139924293652144,0.111964082584809,0.0015));
#12171=CARTESIAN_POINT('',(0.137657118055556,0.111150520833333,0.0015));
#12172=CARTESIAN_POINT('',(0.137657118055556,0.111150520833333,0.0015));
#12173=CARTESIAN_POINT('',(0.137722222222222,0.110970833333333,0.0015));
#12174=CARTESIAN_POINT('',(0.137842013888889,0.110884027777778,0.0015));
#12175=CARTESIAN_POINT('',(0.137842013888889,0.110884027777778,0.0015));
#12176=CARTESIAN_POINT('',(0.138829861111111,0.110884027777778,0.0015));
#12177=CARTESIAN_POINT('',(0.139817708333333,0.110884027777778,0.0015));
#12178=CARTESIAN_POINT('',(0.139817708333333,0.111562847222222,0.0015));
#12179=CARTESIAN_POINT('',(0.136583333333333,0.107085416666667,0.0015));
#12180=CARTESIAN_POINT('',(0.136583333333333,0.106434375,0.0015));
#12181=CARTESIAN_POINT('',(0.136583333333333,0.107736458333333,0.0015));
#12182=CARTESIAN_POINT('',(0.140581597222222,0.107736458333333,0.0015));
#12183=CARTESIAN_POINT('',(0.144579861111111,0.107736458333333,0.0015));
#12184=CARTESIAN_POINT('',(0.144579861111111,0.107085416666667,0.0015));
#12185=CARTESIAN_POINT('',(0.144579861111111,0.106434375,0.0015));
#12186=CARTESIAN_POINT('',(0.140581597222222,0.106434375,0.0015));
#12187=CARTESIAN_POINT('',(0.148211805555556,0.123992534722222,0.0015));
#12188=CARTESIAN_POINT('',(0.14721875,0.123992534722222,0.0015));
#12189=CARTESIAN_POINT('',(0.149204861111111,0.123992534722222,0.0015));
#12190=CARTESIAN_POINT('',(0.151684027777778,0.122917881944444,0.0015));
#12191=CARTESIAN_POINT('',(0.154163194444445,0.121843229166667,0.0015));
#12192=CARTESIAN_POINT('',(0.154163194444445,0.121181770833333,0.0015));
#12193=CARTESIAN_POINT('',(0.154163194444445,0.1205203125,0.0015));
#12194=CARTESIAN_POINT('',(0.150164930555555,0.1205203125,0.0015));
#12195=CARTESIAN_POINT('',(0.146166666666667,0.1205203125,0.0015));
#12196=CARTESIAN_POINT('',(0.146166666666667,0.121181770833333,0.0015));
#12197=CARTESIAN_POINT('',(0.146166666666667,0.121843229166667,0.0015));
#12198=CARTESIAN_POINT('',(0.148917534722222,0.121843229166667,0.0015));
#12199=CARTESIAN_POINT('',(0.151668402777778,0.121843229166667,0.0015));
#12200=CARTESIAN_POINT('',(0.149443576388889,0.122738194444444,0.0015));
#12201=CARTESIAN_POINT('',(0.14721875,0.123633159722222,0.0015));
#12202=CARTESIAN_POINT('',(0.14721875,0.123812847222222,0.0015));
#12203=CARTESIAN_POINT('',(0.154163194444445,0.117839756944444,0.0015));
#12204=CARTESIAN_POINT('',(0.154163194444445,0.118501215277778,0.0015));
#12205=CARTESIAN_POINT('',(0.154163194444445,0.117178298611111,0.0015));
#12206=CARTESIAN_POINT('',(0.150164930555555,0.117178298611111,0.0015));
#12207=CARTESIAN_POINT('',(0.146166666666667,0.117178298611111,0.0015));
#12208=CARTESIAN_POINT('',(0.146166666666667,0.117839756944444,0.0015));
#12209=CARTESIAN_POINT('',(0.146166666666667,0.118501215277778,0.0015));
#12210=CARTESIAN_POINT('',(0.150164930555555,0.118501215277778,0.0015));
#12211=CARTESIAN_POINT('',(0.154282986111111,0.111806770833333,0.0015));
#12212=CARTESIAN_POINT('',(0.154229166666667,0.110591493055555,0.0015));
#12213=CARTESIAN_POINT('',(0.153425347222222,0.109766840277778,0.0015));
#12214=CARTESIAN_POINT('',(0.154282986111111,0.111806770833333,0.0015));
#12215=CARTESIAN_POINT('',(0.153425347222222,0.109766840277778,0.0015));
#12216=CARTESIAN_POINT('',(0.153024305555556,0.110217361111111,0.0015));
#12217=CARTESIAN_POINT('',(0.152623263888889,0.110667881944444,0.0015));
#12218=CARTESIAN_POINT('',(0.152623263888889,0.110667881944444,0.0015));
#12219=CARTESIAN_POINT('',(0.152904513888889,0.110917881944444,0.0015));
#12220=CARTESIAN_POINT('',(0.153046006944445,0.1112,0.0015));
#12221=CARTESIAN_POINT('',(0.153046006944445,0.1112,0.0015));
#12222=CARTESIAN_POINT('',(0.151649253504717,0.111897895774665,0.0015));
#12223=CARTESIAN_POINT('',(0.153208112130836,0.111806770833333,0.0015));
#12224=CARTESIAN_POINT('',(0.153745659722222,0.111806770833333,0.0015));
#12225=CARTESIAN_POINT('',(0.149355228647597,0.111938659316291,0.0015));
#12226=CARTESIAN_POINT('',(0.146361621529481,0.110689434092175,0.0015));
#12227=CARTESIAN_POINT('',(0.146113721754417,0.111806770833333,0.0015));
#12228=CARTESIAN_POINT('',(0.146650173611111,0.111806770833333,0.0015));
#12229=CARTESIAN_POINT('',(0.147187618527297,0.111806770833333,0.0015));
#12230=CARTESIAN_POINT('',(0.148941193521684,0.111969858350906,0.0015));
#12231=CARTESIAN_POINT('',(0.147359960402624,0.111193780909265,0.0015));
#12232=CARTESIAN_POINT('',(0.148874531510511,0.111960576272254,0.0015));
#12233=CARTESIAN_POINT('',(0.147772569444444,0.110667881944444,0.0015));
#12234=CARTESIAN_POINT('',(0.147376736111111,0.110217361111111,0.0015));
#12235=CARTESIAN_POINT('',(0.146981174986336,0.109767150099031,0.0015));
#12236=CARTESIAN_POINT('',(0.1491390104685,0.111885563558621,0.0015));
#12237=CARTESIAN_POINT('',(0.147241319444444,0.114443055555555,0.0015));
#12238=CARTESIAN_POINT('',(0.147751736111111,0.114855381944444,0.0015));
#12239=CARTESIAN_POINT('',(0.148494791666667,0.115088888888889,0.0015));
#12240=CARTESIAN_POINT('',(0.147241319444444,0.114443055555555,0.0015));
#12241=CARTESIAN_POINT('',(0.148494791666667,0.115088888888889,0.0015));
#12242=CARTESIAN_POINT('',(0.148494791666667,0.115088888888889,0.0015));
#12243=CARTESIAN_POINT('',(0.149237847222222,0.115322395833333,0.0015));
#12244=CARTESIAN_POINT('',(0.150203125,0.115322395833333,0.0015));
#12245=CARTESIAN_POINT('',(0.150203125,0.115322395833333,0.0015));
#12246=CARTESIAN_POINT('',(0.150203125,0.115322395833333,0.0015));
#12247=CARTESIAN_POINT('',(0.151168402777778,0.115322395833333,0.0015));
#12248=CARTESIAN_POINT('',(0.15190625,0.115088888888889,0.0015));
#12249=CARTESIAN_POINT('',(0.15190625,0.115088888888889,0.0015));
#12250=CARTESIAN_POINT('',(0.15190625,0.115088888888889,0.0015));
#12251=CARTESIAN_POINT('',(0.152644097222222,0.114855381944444,0.0015));
#12252=CARTESIAN_POINT('',(0.153154513888889,0.114443055555555,0.0015));
#12253=CARTESIAN_POINT('',(0.153154513888889,0.114443055555555,0.0015));
#12254=CARTESIAN_POINT('',(0.151320189476647,0.112132786865715,0.0015));
#12255=CARTESIAN_POINT('',(0.153947309218612,0.113472699406307,0.0015));
#12256=CARTESIAN_POINT('',(0.151025784268888,0.112015769641847,0.0015));
#12257=CARTESIAN_POINT('',(0.154282226996928,0.112251215277778,0.0015));
#12258=CARTESIAN_POINT('',(0.153740451388889,0.112251215277778,0.0015));
#12259=CARTESIAN_POINT('',(0.153197916666667,0.112251215277778,0.0015));
#12260=CARTESIAN_POINT('',(0.151412581436531,0.111985334010214,0.0015));
#12261=CARTESIAN_POINT('',(0.152953993055556,0.112924826388889,0.0015));
#12262=CARTESIAN_POINT('',(0.152953993055556,0.112924826388889,0.0015));
#12263=CARTESIAN_POINT('',(0.152763888888889,0.1132390625,0.0015));
#12264=CARTESIAN_POINT('',(0.15240625,0.113477777777778,0.0015));
#12265=CARTESIAN_POINT('',(0.15240625,0.113477777777778,0.0015));
#12266=CARTESIAN_POINT('',(0.15240625,0.113477777777778,0.0015));
#12267=CARTESIAN_POINT('',(0.152048611111111,0.113716493055555,0.0015));
#12268=CARTESIAN_POINT('',(0.1515,0.113851909722222,0.0015));
#12269=CARTESIAN_POINT('',(0.1515,0.113851909722222,0.0015));
#12270=CARTESIAN_POINT('',(0.1515,0.113851909722222,0.0015));
#12271=CARTESIAN_POINT('',(0.150951388888889,0.113987326388889,0.0015));
#12272=CARTESIAN_POINT('',(0.150203125,0.113999479166667,0.0015));
#12273=CARTESIAN_POINT('',(0.150203125,0.113999479166667,0.0015));
#12274=CARTESIAN_POINT('',(0.150203125,0.113999479166667,0.0015));
#12275=CARTESIAN_POINT('',(0.149444444444444,0.113987326388889,0.0015));
#12276=CARTESIAN_POINT('',(0.148901909722222,0.113851909722222,0.0015));
#12277=CARTESIAN_POINT('',(0.148901909722222,0.113851909722222,0.0015));
#12278=CARTESIAN_POINT('',(0.148901909722222,0.113851909722222,0.0015));
#12279=CARTESIAN_POINT('',(0.148359375,0.113716493055555,0.0015));
#12280=CARTESIAN_POINT('',(0.147990451388889,0.113477777777778,0.0015));
#12281=CARTESIAN_POINT('',(0.147990451388889,0.113477777777778,0.0015));
#12282=CARTESIAN_POINT('',(0.147990451388889,0.113477777777778,0.0015));
#12283=CARTESIAN_POINT('',(0.147621527777778,0.1132390625,0.0015));
#12284=CARTESIAN_POINT('',(0.147426215277778,0.11291875,0.0015));
#12285=CARTESIAN_POINT('',(0.147426215277778,0.11291875,0.0015));
#12286=CARTESIAN_POINT('',(0.148843196044214,0.112033252598991,0.0015));
#12287=CARTESIAN_POINT('',(0.147187095947542,0.112251215277778,0.0015));
#12288=CARTESIAN_POINT('',(0.146655381944444,0.112251215277778,0.0015));
#12289=CARTESIAN_POINT('',(0.146124049362466,0.112251215277778,0.0015));
#12290=CARTESIAN_POINT('',(0.149249589569538,0.112075540315523,0.0015));
#12291=CARTESIAN_POINT('',(0.14644852367091,0.113472701893505,0.00149999975000001));
#12292=CARTESIAN_POINT('',(0.149075643856687,0.112132786865715,0.0015));
#12293=CARTESIAN_POINT('',(0.147984781873416,0.182895452940579,0.0015));
#12294=CARTESIAN_POINT('',(0.143696181783508,0.174558509456085,0.0015));
#12295=CARTESIAN_POINT('',(0.143452311455888,0.174688820728418,0.00149999999999912));
#12296=CARTESIAN_POINT('',(0.144040698589027,0.175809805438705,0.0015));
#12297=CARTESIAN_POINT('',(0.14334375,0.174753819444445,0.0015));
#12298=CARTESIAN_POINT('',(0.143929391063006,0.174497550303314,0.0015));
#12299=CARTESIAN_POINT('',(0.143419555449467,0.174883828495669,0.0015));
#12300=CARTESIAN_POINT('',(0.142677182886177,0.1753651211749,0.0015));
#12301=CARTESIAN_POINT('',(0.143522557051553,0.175101043797427,0.00149999975));
#12302=CARTESIAN_POINT('',(0.141516636404059,0.17574063331528,0.0015));
#12303=CARTESIAN_POINT('',(0.143604166666667,0.175458680555555,0.0015));
#12304=CARTESIAN_POINT('',(0.143604166666667,0.175458680555555,0.0015));
#12305=CARTESIAN_POINT('',(0.143637152777778,0.175675694444445,0.0015));
#12306=CARTESIAN_POINT('',(0.143614583333333,0.1760125,0.0015));
#12307=CARTESIAN_POINT('',(0.143614583333333,0.1760125,0.0015));
#12308=CARTESIAN_POINT('',(0.144162326388889,0.1760125,0.0015));
#12309=CARTESIAN_POINT('',(0.144710237642053,0.1760125,0.0015));
#12310=CARTESIAN_POINT('',(0.138695602497979,0.176157783085989,0.0015));
#12311=CARTESIAN_POINT('',(0.144607638888889,0.175041145833333,0.0015));
#12312=CARTESIAN_POINT('',(0.144607638888889,0.175041145833333,0.0015));
#12313=CARTESIAN_POINT('',(0.144515625,0.174547222222222,0.0015));
#12314=CARTESIAN_POINT('',(0.144319444444444,0.174243402777778,0.0015));
#12315=CARTESIAN_POINT('',(0.144319444444444,0.174243402777778,0.0015));
#12316=CARTESIAN_POINT('',(0.148311762644443,0.182701165750631,0.0015));
#12317=CARTESIAN_POINT('',(0.144010416642719,0.174396180437367,0.0015));
#12318=CARTESIAN_POINT('',(0.220673707585667,0.134794290684039,0.0015));
#12319=CARTESIAN_POINT('',(0.142710370516587,0.176231002617641,0.0015));
#12320=CARTESIAN_POINT('',(0.140988682559717,0.177825030242424,0.00149999975));
#12321=CARTESIAN_POINT('',(0.141618055555556,0.178307638888889,0.0015));
#12322=CARTESIAN_POINT('',(0.141618055555556,0.178307638888889,0.0015));
#12323=CARTESIAN_POINT('',(0.141975694444444,0.178496875,0.0015));
#12324=CARTESIAN_POINT('',(0.142475694444444,0.178496875,0.0015));
#12325=CARTESIAN_POINT('',(0.142475694444444,0.178496875,0.0015));
#12326=CARTESIAN_POINT('',(0.142475694444444,0.178496875,0.0015));
#12327=CARTESIAN_POINT('',(0.142953125,0.178496875,0.0015));
#12328=CARTESIAN_POINT('',(0.143332465277778,0.178334548611111,0.0015));
#12329=CARTESIAN_POINT('',(0.143332465277778,0.178334548611111,0.0015));
#12330=CARTESIAN_POINT('',(0.142474246392408,0.176301365038589,0.0015));
#12331=CARTESIAN_POINT('',(0.144000053441866,0.177895368095872,0.00149999975));
#12332=CARTESIAN_POINT('',(0.142570811425235,0.176410936148435,0.0015));
#12333=CARTESIAN_POINT('',(0.144455652382576,0.177244237161076,0.00149999975));
#12334=CARTESIAN_POINT('',(0.141861059021517,0.17608441850533,0.0015));
#12335=CARTESIAN_POINT('',(0.14467870757262,0.176456944444445,0.0015));
#12336=CARTESIAN_POINT('',(0.144108506944444,0.176456944444445,0.0015));
#12337=CARTESIAN_POINT('',(0.143538241181363,0.176456944444445,0.0015));
#12338=CARTESIAN_POINT('',(0.142406853147506,0.176075463740784,0.0015));
#12339=CARTESIAN_POINT('',(0.143121527777778,0.177032465277778,0.0015));
#12340=CARTESIAN_POINT('',(0.143121527777778,0.177032465277778,0.0015));
#12341=CARTESIAN_POINT('',(0.142822916666667,0.177260763888889,0.0015));
#12342=CARTESIAN_POINT('',(0.142519097222222,0.177260763888889,0.0015));
#12343=CARTESIAN_POINT('',(0.142519097222222,0.177260763888889,0.0015));
#12344=CARTESIAN_POINT('',(0.142519097222222,0.177260763888889,0.0015));
#12345=CARTESIAN_POINT('',(0.142095486111111,0.177260763888889,0.0015));
#12346=CARTESIAN_POINT('',(0.141835069444444,0.177032465277778,0.0015));
#12347=CARTESIAN_POINT('',(0.141835069444444,0.177032465277778,0.0015));
#12348=CARTESIAN_POINT('',(0.143280905636626,0.17542790794448,0.0015));
#12349=CARTESIAN_POINT('',(0.141381084359358,0.176456944444445,0.0015));
#12350=CARTESIAN_POINT('',(0.140761284722222,0.176456944444445,0.0015));
#12351=CARTESIAN_POINT('',(0.140142361111111,0.176456944444445,0.0015));
#12352=CARTESIAN_POINT('',(0.152083983805288,0.170680977396015,0.0015));
#12353=CARTESIAN_POINT('',(0.140516543217812,0.17717393038542,0.0015));
#12354=CARTESIAN_POINT('',(0.143489129332675,0.175515654854751,0.0015));
#12355=CARTESIAN_POINT('',(0.138471883062369,0.17739780742386,0.0015));
#12356=CARTESIAN_POINT('',(0.136838694234566,0.17811226005569,0.0014999999999995));
#12357=CARTESIAN_POINT('',(0.137114144597594,0.178552538200755,0.0015));
#12358=CARTESIAN_POINT('',(0.137581597222222,0.178437847222222,0.0015));
#12359=CARTESIAN_POINT('',(0.138048013332898,0.178323410563394,0.0015));
#12360=CARTESIAN_POINT('',(0.140106783024883,0.177199616159173,0.0015));
#12361=CARTESIAN_POINT('',(0.137880443247707,0.17793863958154,0.0015));
#12362=CARTESIAN_POINT('',(0.145703796688288,0.175212052252914,0.0015));
#12363=CARTESIAN_POINT('',(0.13772831289492,0.177456072352726,0.00149999975000004));
#12364=CARTESIAN_POINT('',(0.142501807886742,0.176105580729755,0.0015));
#12365=CARTESIAN_POINT('',(0.137614701320824,0.176956922985327,0.00149999999999844));
#12366=CARTESIAN_POINT('',(0.14031719773234,0.176467108016899,0.0015));
#12367=CARTESIAN_POINT('',(0.137571044392095,0.176489931687229,0.00149999975));
#12368=CARTESIAN_POINT('',(0.137571180555556,0.1764734375,0.0015));
#12369=CARTESIAN_POINT('',(0.137571180555556,0.176456944444445,0.0015));
#12370=CARTESIAN_POINT('',(0.137055555555556,0.176456944444445,0.0015));
#12371=CARTESIAN_POINT('',(0.136539930555556,0.176456944444445,0.0015));
#12372=CARTESIAN_POINT('',(0.136539930555556,0.176468229166667,0.0015));
#12373=CARTESIAN_POINT('',(0.136539893840062,0.176479513958857,0.0015));
#12374=CARTESIAN_POINT('',(0.142099329409411,0.176468919448533,0.0015));
#12375=CARTESIAN_POINT('',(0.136566845938762,0.177016839694579,0.00149999975));
#12376=CARTESIAN_POINT('',(0.140906565066161,0.17658864979571,0.0015));
#12377=CARTESIAN_POINT('',(0.136658899678721,0.177575857665641,0.0015));
#12378=CARTESIAN_POINT('',(0.139464649933469,0.176935334938848,0.0015));
#12379=CARTESIAN_POINT('',(0.151022569444445,0.140799826388889,0.0015));
#12380=CARTESIAN_POINT('',(0.153394097222222,0.1421453125,0.0015));
#12381=CARTESIAN_POINT('',(0.148651041666667,0.139454340277778,0.0015));
#12382=CARTESIAN_POINT('',(0.151407118055556,0.139454340277778,0.0015));
#12383=CARTESIAN_POINT('',(0.154163194444445,0.139454340277778,0.0015));
#12384=CARTESIAN_POINT('',(0.154163194444445,0.138792881944444,0.0015));
#12385=CARTESIAN_POINT('',(0.154163194444445,0.138131423611111,0.0015));
#12386=CARTESIAN_POINT('',(0.150164930555555,0.138131423611111,0.0015));
#12387=CARTESIAN_POINT('',(0.146166666666667,0.138131423611111,0.0015));
#12388=CARTESIAN_POINT('',(0.146166666666667,0.138792881944444,0.0015));
#12389=CARTESIAN_POINT('',(0.146166666666667,0.139454340277778,0.0015));
#12390=CARTESIAN_POINT('',(0.148532118055556,0.140799826388889,0.0015));
#12391=CARTESIAN_POINT('',(0.150897569444444,0.1421453125,0.0015));
#12392=CARTESIAN_POINT('',(0.152145833333334,0.1421453125,0.0015));
#12393=CARTESIAN_POINT('',(0.151895833333334,0.150381423611111,0.0015));
#12394=CARTESIAN_POINT('',(0.149628472222222,0.149329340277778,0.0015));
#12395=CARTESIAN_POINT('',(0.154163194444445,0.151433506944444,0.0015));
#12396=CARTESIAN_POINT('',(0.154163194444445,0.150690451388889,0.0015));
#12397=CARTESIAN_POINT('',(0.154163194444445,0.149947395833333,0.0015));
#12398=CARTESIAN_POINT('',(0.152606770833334,0.149344965277778,0.0015));
#12399=CARTESIAN_POINT('',(0.151050347222222,0.148742534722222,0.0015));
#12400=CARTESIAN_POINT('',(0.150339409722222,0.1490359375,0.0015));
#12401=CARTESIAN_POINT('',(0.147501736111111,0.1491765625,0.0015));
#12402=CARTESIAN_POINT('',(0.146166666666667,0.1491765625,0.0015));
#12403=CARTESIAN_POINT('',(0.148836805555556,0.1491765625,0.0015));
#12404=CARTESIAN_POINT('',(0.1515,0.148069791666667,0.0015));
#12405=CARTESIAN_POINT('',(0.154163194444445,0.146963020833333,0.0015));
#12406=CARTESIAN_POINT('',(0.154163194444445,0.146219965277778,0.0015));
#12407=CARTESIAN_POINT('',(0.154163194444445,0.145476909722222,0.0015));
#12408=CARTESIAN_POINT('',(0.151792534722222,0.146665277777778,0.0015));
#12409=CARTESIAN_POINT('',(0.149421875,0.147853645833333,0.0015));
#12410=CARTESIAN_POINT('',(0.147794270833333,0.147853645833333,0.0015));
#12411=CARTESIAN_POINT('',(0.146166666666667,0.147853645833333,0.0015));
#12412=CARTESIAN_POINT('',(0.146166666666667,0.148515104166667,0.0015));
#12413=CARTESIAN_POINT('',(0.153670138888889,0.157588020833334,0.0015));
#12414=CARTESIAN_POINT('',(0.153177083333333,0.157588020833334,0.0015));
#12415=CARTESIAN_POINT('',(0.154163194444445,0.157588020833334,0.0015));
#12416=CARTESIAN_POINT('',(0.154163194444445,0.157256423611111,0.0015));
#12417=CARTESIAN_POINT('',(0.154163194444445,0.156924826388889,0.0015));
#12418=CARTESIAN_POINT('',(0.154163194444445,0.156924826388889,0.0015));
#12419=CARTESIAN_POINT('',(0.154163194444445,0.155916145833333,0.0015));
#12420=CARTESIAN_POINT('',(0.15384375,0.155151388888889,0.0015));
#12421=CARTESIAN_POINT('',(0.15384375,0.155151388888889,0.0015));
#12422=CARTESIAN_POINT('',(0.15384375,0.155151388888889,0.0015));
#12423=CARTESIAN_POINT('',(0.153524305555556,0.154386631944444,0.0015));
#12424=CARTESIAN_POINT('',(0.1529921875,0.153882291666667,0.0015));
#12425=CARTESIAN_POINT('',(0.1529921875,0.153882291666667,0.0015));
#12426=CARTESIAN_POINT('',(0.150571225389337,0.156416398653553,0.0015));
#12427=CARTESIAN_POINT('',(0.151782099665606,0.153128000010843,0.00149999975000101));
#12428=CARTESIAN_POINT('',(0.150389799320741,0.156877324647534,0.0015));
#12429=CARTESIAN_POINT('',(0.150387152776583,0.152877949582922,0.0015));
#12430=CARTESIAN_POINT('',(0.150387152777778,0.152877951388889,0.0015));
#12431=CARTESIAN_POINT('',(0.149401041666667,0.152877951388889,0.0015));
#12432=CARTESIAN_POINT('',(0.148700520833333,0.153089756944445,0.0015));
#12433=CARTESIAN_POINT('',(0.148700520833333,0.153089756944445,0.0015));
#12434=CARTESIAN_POINT('',(0.148700520833333,0.153089756944445,0.0015));
#12435=CARTESIAN_POINT('',(0.148,0.1533015625,0.0015));
#12436=CARTESIAN_POINT('',(0.147528645833333,0.153627083333333,0.0015));
#12437=CARTESIAN_POINT('',(0.147528645833333,0.153627083333333,0.0015));
#12438=CARTESIAN_POINT('',(0.147528645833333,0.153627083333333,0.0015));
#12439=CARTESIAN_POINT('',(0.147057291666667,0.153952604166667,0.0015));
#12440=CARTESIAN_POINT('',(0.146785590277778,0.154359722222222,0.0015));
#12441=CARTESIAN_POINT('',(0.146785590277778,0.154359722222222,0.0015));
#12442=CARTESIAN_POINT('',(0.149788236368488,0.156421019936699,0.0015));
#12443=CARTESIAN_POINT('',(0.146378472222222,0.155146180555556,0.0015));
#12444=CARTESIAN_POINT('',(0.146378472222222,0.155146180555556,0.0015));
#12445=CARTESIAN_POINT('',(0.146243055555556,0.155525520833334,0.0015));
#12446=CARTESIAN_POINT('',(0.146204861111111,0.155840625,0.0015));
#12447=CARTESIAN_POINT('',(0.146204861111111,0.155840625,0.0015));
#12448=CARTESIAN_POINT('',(0.150706326239147,0.156458488323743,0.0015));
#12449=CARTESIAN_POINT('',(0.146166245584691,0.156306756760582,0.00149999975));
#12450=CARTESIAN_POINT('',(0.146166666666667,0.156947395833334,0.0015));
#12451=CARTESIAN_POINT('',(0.146166666666667,0.157588020833334,0.0015));
#12452=CARTESIAN_POINT('',(0.146644097222222,0.157588020833334,0.0015));
#12453=CARTESIAN_POINT('',(0.147121527777778,0.157588020833334,0.0015));
#12454=CARTESIAN_POINT('',(0.147121527777778,0.157164409722222,0.0015));
#12455=CARTESIAN_POINT('',(0.147121527777778,0.156740798611111,0.0015));
#12456=CARTESIAN_POINT('',(0.147121527777778,0.156740798611111,0.0015));
#12457=CARTESIAN_POINT('',(0.147121527777778,0.155417881944445,0.0015));
#12458=CARTESIAN_POINT('',(0.147967881944444,0.154831944444445,0.0015));
#12459=CARTESIAN_POINT('',(0.147967881944444,0.154831944444445,0.0015));
#12460=CARTESIAN_POINT('',(0.147967881944444,0.154831944444445,0.0015));
#12461=CARTESIAN_POINT('',(0.148814236111111,0.154246006944445,0.0015));
#12462=CARTESIAN_POINT('',(0.150420138888889,0.154246006944445,0.0015));
#12463=CARTESIAN_POINT('',(0.150420138888555,0.154246004788532,0.0015));
#12464=CARTESIAN_POINT('',(0.150420782164517,0.158401412349449,0.0015));
#12465=CARTESIAN_POINT('',(0.151408017427908,0.154364804512244,0.0014999997500005));
#12466=CARTESIAN_POINT('',(0.150907162073178,0.156398658439758,0.0015));
#12467=CARTESIAN_POINT('',(0.152291666666666,0.154825868055556,0.0015));
#12468=CARTESIAN_POINT('',(0.152291666666666,0.154825868055556,0.0015));
#12469=CARTESIAN_POINT('',(0.1526875,0.155167881944445,0.0015));
#12470=CARTESIAN_POINT('',(0.152932291666666,0.155753819444444,0.0015));
#12471=CARTESIAN_POINT('',(0.152932291666666,0.155753819444444,0.0015));
#12472=CARTESIAN_POINT('',(0.152932291666666,0.155753819444444,0.0015));
#12473=CARTESIAN_POINT('',(0.153177083333333,0.156339756944444,0.0015));
#12474=CARTESIAN_POINT('',(0.153177083333333,0.157272048611111,0.0015));
#12475=CARTESIAN_POINT('',(0.153177083333333,0.157272048611111,0.0015));
#12476=CARTESIAN_POINT('',(0.153177083333333,0.157430034722222,0.0015));
#12477=CARTESIAN_POINT('',(0.146166666666667,0.127246875,0.0015));
#12478=CARTESIAN_POINT('',(0.146166666666667,0.126584548611111,0.0015));
#12479=CARTESIAN_POINT('',(0.146166666666667,0.127909201388889,0.0015));
#12480=CARTESIAN_POINT('',(0.150164930555555,0.127909201388889,0.0015));
#12481=CARTESIAN_POINT('',(0.154163194444445,0.127909201388889,0.0015));
#12482=CARTESIAN_POINT('',(0.154163194444445,0.127246875,0.0015));
#12483=CARTESIAN_POINT('',(0.154163194444445,0.126584548611111,0.0015));
#12484=CARTESIAN_POINT('',(0.1516953125,0.125510763888889,0.0015));
#12485=CARTESIAN_POINT('',(0.149227430555556,0.124436979166667,0.0015));
#12486=CARTESIAN_POINT('',(0.148223090277778,0.124436979166667,0.0015));
#12487=CARTESIAN_POINT('',(0.14721875,0.124436979166667,0.0015));
#12488=CARTESIAN_POINT('',(0.14721875,0.124610590277778,0.0015));
#12489=CARTESIAN_POINT('',(0.14721875,0.124784201388889,0.0015));
#12490=CARTESIAN_POINT('',(0.149443576388889,0.125684375,0.0015));
#12491=CARTESIAN_POINT('',(0.151668402777778,0.126584548611111,0.0015));
#12492=CARTESIAN_POINT('',(0.148917534722222,0.126584548611111,0.0015));
#12493=CARTESIAN_POINT('',(0.148266493055556,0.133899652777778,0.0015));
#12494=CARTESIAN_POINT('',(0.147826388888889,0.1340515625,0.0015));
#12495=CARTESIAN_POINT('',(0.148706597222222,0.133747743055555,0.0015));
#12496=CARTESIAN_POINT('',(0.148706597222222,0.1330203125,0.0015));
#12497=CARTESIAN_POINT('',(0.148706597222222,0.132292881944444,0.0015));
#12498=CARTESIAN_POINT('',(0.148266493055556,0.132135763888889,0.0015));
#12499=CARTESIAN_POINT('',(0.147826388888889,0.131978645833333,0.0015));
#12500=CARTESIAN_POINT('',(0.147826388888889,0.133015104166667,0.0015));
#12501=CARTESIAN_POINT('',(0.154152777777778,0.133015104166667,0.0015));
#12502=CARTESIAN_POINT('',(0.154152777777778,0.1336609375,0.0015));
#12503=CARTESIAN_POINT('',(0.154152777777778,0.132369270833333,0.0015));
#12504=CARTESIAN_POINT('',(0.150159722222222,0.130980381944444,0.0015));
#12505=CARTESIAN_POINT('',(0.146166666666667,0.129591493055555,0.0015));
#12506=CARTESIAN_POINT('',(0.146166666666667,0.130264236111111,0.0015));
#12507=CARTESIAN_POINT('',(0.146166666666667,0.130936979166667,0.0015));
#12508=CARTESIAN_POINT('',(0.149161458333333,0.1319734375,0.0015));
#12509=CARTESIAN_POINT('',(0.15215625,0.133009895833333,0.0015));
#12510=CARTESIAN_POINT('',(0.149161458333333,0.134056770833333,0.0015));
#12511=CARTESIAN_POINT('',(0.146166666666667,0.135103645833333,0.0015));
#12512=CARTESIAN_POINT('',(0.146166666666667,0.135781597222222,0.0015));
#12513=CARTESIAN_POINT('',(0.146166666666667,0.136459548611111,0.0015));
#12514=CARTESIAN_POINT('',(0.150159722222222,0.135060243055555,0.0015));
#12515=CARTESIAN_POINT('',(0.150164930555555,0.142589756944444,0.0015));
#12516=CARTESIAN_POINT('',(0.154163194444445,0.142589756944444,0.0015));
#12517=CARTESIAN_POINT('',(0.146166666666667,0.142589756944444,0.0015));
#12518=CARTESIAN_POINT('',(0.146166666666667,0.143252083333333,0.0015));
#12519=CARTESIAN_POINT('',(0.146166666666667,0.143914409722222,0.0015));
#12520=CARTESIAN_POINT('',(0.150164930555555,0.143914409722222,0.0015));
#12521=CARTESIAN_POINT('',(0.154163194444445,0.143914409722222,0.0015));
#12522=CARTESIAN_POINT('',(0.154163194444445,0.143252083333333,0.0015));
#12523=CARTESIAN_POINT('',(0.136583333333333,0.164780729166667,0.0015));
#12524=CARTESIAN_POINT('',(0.136583333333333,0.164118402777778,0.0015));
#12525=CARTESIAN_POINT('',(0.136583333333333,0.165443055555555,0.0015));
#12526=CARTESIAN_POINT('',(0.140581597222222,0.165443055555555,0.0015));
#12527=CARTESIAN_POINT('',(0.144579861111111,0.165443055555555,0.0015));
#12528=CARTESIAN_POINT('',(0.144579861111111,0.164780729166667,0.0015));
#12529=CARTESIAN_POINT('',(0.144579861111111,0.164118402777778,0.0015));
#12530=CARTESIAN_POINT('',(0.142111979166667,0.163044618055556,0.0015));
#12531=CARTESIAN_POINT('',(0.139644097222222,0.161970833333334,0.0015));
#12532=CARTESIAN_POINT('',(0.138639756944444,0.161970833333334,0.0015));
#12533=CARTESIAN_POINT('',(0.137635416666667,0.161970833333334,0.0015));
#12534=CARTESIAN_POINT('',(0.137635416666667,0.162144444444445,0.0015));
#12535=CARTESIAN_POINT('',(0.137635416666667,0.162318055555556,0.0015));
#12536=CARTESIAN_POINT('',(0.139860243055556,0.163218229166667,0.0015));
#12537=CARTESIAN_POINT('',(0.142085069444444,0.164118402777778,0.0015));
#12538=CARTESIAN_POINT('',(0.139334201388889,0.164118402777778,0.0015));
#12539=CARTESIAN_POINT('',(0.1423125,0.171910069444445,0.0015));
#12540=CARTESIAN_POINT('',(0.140045138888889,0.170857986111111,0.0015));
#12541=CARTESIAN_POINT('',(0.144579861111111,0.172962152777778,0.0015));
#12542=CARTESIAN_POINT('',(0.144579861111111,0.172219097222222,0.0015));
#12543=CARTESIAN_POINT('',(0.144579861111111,0.171476041666666,0.0015));
#12544=CARTESIAN_POINT('',(0.1430234375,0.170873611111111,0.0015));
#12545=CARTESIAN_POINT('',(0.141467013888889,0.170271180555556,0.0015));
#12546=CARTESIAN_POINT('',(0.140756076388889,0.170564583333333,0.0015));
#12547=CARTESIAN_POINT('',(0.137918402777778,0.170705208333333,0.0015));
#12548=CARTESIAN_POINT('',(0.136583333333333,0.170705208333333,0.0015));
#12549=CARTESIAN_POINT('',(0.139253472222222,0.170705208333333,0.0015));
#12550=CARTESIAN_POINT('',(0.141916666666667,0.1695984375,0.0015));
#12551=CARTESIAN_POINT('',(0.144579861111111,0.168491666666667,0.0015));
#12552=CARTESIAN_POINT('',(0.144579861111111,0.167748611111111,0.0015));
#12553=CARTESIAN_POINT('',(0.144579861111111,0.167005555555556,0.0015));
#12554=CARTESIAN_POINT('',(0.142209201388889,0.168193923611111,0.0015));
#12555=CARTESIAN_POINT('',(0.139838541666667,0.169382291666667,0.0015));
#12556=CARTESIAN_POINT('',(0.1382109375,0.169382291666667,0.0015));
#12557=CARTESIAN_POINT('',(0.136583333333333,0.169382291666667,0.0015));
#12558=CARTESIAN_POINT('',(0.136583333333333,0.17004375,0.0015));
#12559=CARTESIAN_POINT('',(0.139426215277778,0.175372743055556,0.0015));
#12560=CARTESIAN_POINT('',(0.139675347222222,0.175621875,0.0015));
#12561=CARTESIAN_POINT('',(0.139892361111111,0.1760125,0.0015));
#12562=CARTESIAN_POINT('',(0.139426215277778,0.175372743055556,0.0015));
#12563=CARTESIAN_POINT('',(0.139892361111111,0.1760125,0.0015));
#12564=CARTESIAN_POINT('',(0.140527777777778,0.1760125,0.0015));
#12565=CARTESIAN_POINT('',(0.141163194444444,0.1760125,0.0015));
#12566=CARTESIAN_POINT('',(0.117291846358344,0.186921270415363,0.0015));
#12567=CARTESIAN_POINT('',(0.140815027833875,0.175280766676704,0.0015));
#12568=CARTESIAN_POINT('',(0.13800145699839,0.17666040829227,0.0015));
#12569=CARTESIAN_POINT('',(0.140364704823981,0.174602670569249,0.0015));
#12570=CARTESIAN_POINT('',(0.138746421593883,0.176030712715441,0.0015));
#12571=CARTESIAN_POINT('',(0.139719618055556,0.174103645833334,0.0015));
#12572=CARTESIAN_POINT('',(0.139719618055556,0.174103645833334,0.0015));
#12573=CARTESIAN_POINT('',(0.139340277777778,0.173908333333333,0.0015));
#12574=CARTESIAN_POINT('',(0.138776041666667,0.173908333333333,0.0015));
#12575=CARTESIAN_POINT('',(0.138776041666667,0.173908333333333,0.0015));
#12576=CARTESIAN_POINT('',(0.138775942880946,0.17595594582729,0.0015));
#12577=CARTESIAN_POINT('',(0.138016519668641,0.174054233260163,0.00149999975));
#12578=CARTESIAN_POINT('',(0.138831946657331,0.176120279369593,0.0015));
#12579=CARTESIAN_POINT('',(0.137348788303412,0.174466306629791,0.00149999999999975));
#12580=CARTESIAN_POINT('',(0.138916383714478,0.176189808020195,0.0015));
#12581=CARTESIAN_POINT('',(0.136843648453607,0.175123559666077,0.00149999975));
#12582=CARTESIAN_POINT('',(0.139155395403258,0.176308194627465,0.0015));
#12583=CARTESIAN_POINT('',(0.136573885968922,0.1760125,0.0015));
#12584=CARTESIAN_POINT('',(0.13709375,0.1760125,0.0015));
#12585=CARTESIAN_POINT('',(0.137614583333333,0.1760125,0.0015));
#12586=CARTESIAN_POINT('',(0.137614583333333,0.1760125,0.0015));
#12587=CARTESIAN_POINT('',(0.137831597222222,0.175123611111111,0.0015));
#12588=CARTESIAN_POINT('',(0.138796875,0.175123611111111,0.0015));
#12589=CARTESIAN_POINT('',(0.138796875,0.175123611111111,0.0015));
#12590=CARTESIAN_POINT('',(0.138796875,0.175123611111111,0.0015));
#12591=CARTESIAN_POINT('',(0.139177083333333,0.175123611111111,0.0015));
#12592=CARTESIAN_POINT('',(0.139426215277778,0.175372743055556,0.0015));
#12593=CARTESIAN_POINT('',(0.138628472222222,0.161526388888889,0.0015));
#12594=CARTESIAN_POINT('',(0.137635416666667,0.161526388888889,0.0015));
#12595=CARTESIAN_POINT('',(0.139621527777778,0.161526388888889,0.0015));
#12596=CARTESIAN_POINT('',(0.142100694444444,0.160451736111111,0.0015));
#12597=CARTESIAN_POINT('',(0.144579861111111,0.159377083333334,0.0015));
#12598=CARTESIAN_POINT('',(0.144579861111111,0.158715625,0.0015));
#12599=CARTESIAN_POINT('',(0.144579861111111,0.158054166666666,0.0015));
#12600=CARTESIAN_POINT('',(0.140581597222222,0.158054166666666,0.0015));
#12601=CARTESIAN_POINT('',(0.136583333333333,0.158054166666666,0.0015));
#12602=CARTESIAN_POINT('',(0.136583333333333,0.158715625,0.0015));
#12603=CARTESIAN_POINT('',(0.136583333333333,0.159377083333334,0.0015));
#12604=CARTESIAN_POINT('',(0.139334201388889,0.159377083333334,0.0015));
#12605=CARTESIAN_POINT('',(0.142085069444444,0.159377083333334,0.0015));
#12606=CARTESIAN_POINT('',(0.139860243055556,0.160272048611111,0.0015));
#12607=CARTESIAN_POINT('',(0.137635416666667,0.161167013888889,0.0015));
#12608=CARTESIAN_POINT('',(0.137635416666667,0.161346701388889,0.0015));
#12609=CARTESIAN_POINT('',(0.136583333333333,0.1553953125,0.0015));
#12610=CARTESIAN_POINT('',(0.136583333333333,0.154732986111111,0.0015));
#12611=CARTESIAN_POINT('',(0.136583333333333,0.156057638888889,0.0015));
#12612=CARTESIAN_POINT('',(0.140581597222222,0.156057638888889,0.0015));
#12613=CARTESIAN_POINT('',(0.144579861111111,0.156057638888889,0.0015));
#12614=CARTESIAN_POINT('',(0.144579861111111,0.1553953125,0.0015));
#12615=CARTESIAN_POINT('',(0.144579861111111,0.154732986111111,0.0015));
#12616=CARTESIAN_POINT('',(0.142111979166667,0.153659201388889,0.0015));
#12617=CARTESIAN_POINT('',(0.139644097222222,0.152585416666667,0.0015));
#12618=CARTESIAN_POINT('',(0.138639756944444,0.152585416666667,0.0015));
#12619=CARTESIAN_POINT('',(0.137635416666667,0.152585416666667,0.0015));
#12620=CARTESIAN_POINT('',(0.137635416666667,0.152759027777778,0.0015));
#12621=CARTESIAN_POINT('',(0.137635416666667,0.152932638888889,0.0015));
#12622=CARTESIAN_POINT('',(0.139860243055556,0.1538328125,0.0015));
#12623=CARTESIAN_POINT('',(0.142085069444444,0.154732986111111,0.0015));
#12624=CARTESIAN_POINT('',(0.139334201388889,0.154732986111111,0.0015));
#12625=CARTESIAN_POINT('',(0.138628472222222,0.152140972222223,0.0015));
#12626=CARTESIAN_POINT('',(0.137635416666667,0.152140972222223,0.0015));
#12627=CARTESIAN_POINT('',(0.139621527777778,0.152140972222223,0.0015));
#12628=CARTESIAN_POINT('',(0.142100694444444,0.151066319444445,0.0015));
#12629=CARTESIAN_POINT('',(0.144579861111111,0.149991666666667,0.0015));
#12630=CARTESIAN_POINT('',(0.144579861111111,0.149330208333333,0.0015));
#12631=CARTESIAN_POINT('',(0.144579861111111,0.14866875,0.0015));
#12632=CARTESIAN_POINT('',(0.140581597222222,0.14866875,0.0015));
#12633=CARTESIAN_POINT('',(0.136583333333333,0.14866875,0.0015));
#12634=CARTESIAN_POINT('',(0.136583333333333,0.149330208333333,0.0015));
#12635=CARTESIAN_POINT('',(0.136583333333333,0.149991666666667,0.0015));
#12636=CARTESIAN_POINT('',(0.139334201388889,0.149991666666667,0.0015));
#12637=CARTESIAN_POINT('',(0.142085069444444,0.149991666666667,0.0015));
#12638=CARTESIAN_POINT('',(0.139860243055556,0.150886631944445,0.0015));
#12639=CARTESIAN_POINT('',(0.137635416666667,0.151781597222223,0.0015));
#12640=CARTESIAN_POINT('',(0.137635416666667,0.151961284722223,0.0015));
#12641=CARTESIAN_POINT('',(0.136583333333333,0.145977777777778,0.0015));
#12642=CARTESIAN_POINT('',(0.136583333333333,0.145316319444444,0.0015));
#12643=CARTESIAN_POINT('',(0.136583333333333,0.146639236111111,0.0015));
#12644=CARTESIAN_POINT('',(0.140581597222222,0.146639236111111,0.0015));
#12645=CARTESIAN_POINT('',(0.144579861111111,0.146639236111111,0.0015));
#12646=CARTESIAN_POINT('',(0.144579861111111,0.145977777777778,0.0015));
#12647=CARTESIAN_POINT('',(0.144579861111111,0.145316319444444,0.0015));
#12648=CARTESIAN_POINT('',(0.140581597222222,0.145316319444444,0.0015));
#12649=CARTESIAN_POINT('',(0.144135416666667,0.140302430555556,0.0015));
#12650=CARTESIAN_POINT('',(0.143690972222222,0.140302430555556,0.0015));
#12651=CARTESIAN_POINT('',(0.144579861111111,0.140302430555556,0.0015));
#12652=CARTESIAN_POINT('',(0.144579861111111,0.137259027777778,0.0015));
#12653=CARTESIAN_POINT('',(0.144579861111111,0.134215625,0.0015));
#12654=CARTESIAN_POINT('',(0.144135416666667,0.134215625,0.0015));
#12655=CARTESIAN_POINT('',(0.143690972222222,0.134215625,0.0015));
#12656=CARTESIAN_POINT('',(0.143690972222222,0.135409201388889,0.0015));
#12657=CARTESIAN_POINT('',(0.143690972222222,0.136602777777778,0.0015));
#12658=CARTESIAN_POINT('',(0.140137152777778,0.136602777777778,0.0015));
#12659=CARTESIAN_POINT('',(0.136583333333333,0.136602777777778,0.0015));
#12660=CARTESIAN_POINT('',(0.136583333333333,0.137259027777778,0.0015));
#12661=CARTESIAN_POINT('',(0.136583333333333,0.137915277777778,0.0015));
#12662=CARTESIAN_POINT('',(0.140137152777778,0.137915277777778,0.0015));
#12663=CARTESIAN_POINT('',(0.143690972222222,0.137915277777778,0.0015));
#12664=CARTESIAN_POINT('',(0.143690972222222,0.139108854166667,0.0015));
#12665=CARTESIAN_POINT('',(0.144086805555556,0.144870138888889,0.0015));
#12666=CARTESIAN_POINT('',(0.14359375,0.144870138888889,0.0015));
#12667=CARTESIAN_POINT('',(0.144579861111111,0.144870138888889,0.0015));
#12668=CARTESIAN_POINT('',(0.144579861111111,0.143253819444445,0.0015));
#12669=CARTESIAN_POINT('',(0.144579861111111,0.1416375,0.0015));
#12670=CARTESIAN_POINT('',(0.144086805555556,0.1416375,0.0015));
#12671=CARTESIAN_POINT('',(0.14359375,0.1416375,0.0015));
#12672=CARTESIAN_POINT('',(0.14359375,0.143253819444445,0.0015));
#12673=CARTESIAN_POINT('',(0.136583333333333,0.143253819444445,0.0015));
#12674=CARTESIAN_POINT('',(0.136583333333333,0.1416375,0.0015));
#12675=CARTESIAN_POINT('',(0.136583333333333,0.144870138888889,0.0015));
#12676=CARTESIAN_POINT('',(0.137077256944444,0.144870138888889,0.0015));
#12677=CARTESIAN_POINT('',(0.137571180555556,0.144870138888889,0.0015));
#12678=CARTESIAN_POINT('',(0.137571180555556,0.143253819444445,0.0015));
#12679=CARTESIAN_POINT('',(0.137571180555556,0.1416375,0.0015));
#12680=CARTESIAN_POINT('',(0.137077256944444,0.1416375,0.0015));
#12681=CARTESIAN_POINT('',(0.141076388888889,0.143422222222222,0.0015));
#12682=CARTESIAN_POINT('',(0.141076388888889,0.144870138888889,0.0015));
#12683=CARTESIAN_POINT('',(0.141076388888889,0.141974305555556,0.0015));
#12684=CARTESIAN_POINT('',(0.140631076388889,0.141974305555556,0.0015));
#12685=CARTESIAN_POINT('',(0.140185763888889,0.141974305555556,0.0015));
#12686=CARTESIAN_POINT('',(0.140185763888889,0.143422222222222,0.0015));
#12687=CARTESIAN_POINT('',(0.140185763888889,0.144870138888889,0.0015));
#12688=CARTESIAN_POINT('',(0.140631076388889,0.144870138888889,0.0015));
#12689=CARTESIAN_POINT('',(0.136583333333333,0.132033333333333,0.0015));
#12690=CARTESIAN_POINT('',(0.136583333333333,0.131382291666667,0.0015));
#12691=CARTESIAN_POINT('',(0.136583333333333,0.132684375,0.0015));
#12692=CARTESIAN_POINT('',(0.140581597222222,0.132684375,0.0015));
#12693=CARTESIAN_POINT('',(0.144579861111111,0.132684375,0.0015));
#12694=CARTESIAN_POINT('',(0.144579861111111,0.132033333333333,0.0015));
#12695=CARTESIAN_POINT('',(0.144579861111111,0.131382291666667,0.0015));
#12696=CARTESIAN_POINT('',(0.140581597222222,0.131382291666667,0.0015));
#12697=CARTESIAN_POINT('',(0.14194699672762,0.130003491296295,0.0015));
#12698=CARTESIAN_POINT('',(0.140630208333333,0.127997743055556,0.0015));
#12699=CARTESIAN_POINT('',(0.139730902777778,0.129081944444445,0.0015));
#12700=CARTESIAN_POINT('',(0.138157118055556,0.128170486111111,0.0015));
#12701=CARTESIAN_POINT('',(0.136583333333333,0.127259027777778,0.0015));
#12702=CARTESIAN_POINT('',(0.136583333333333,0.127948263888889,0.0015));
#12703=CARTESIAN_POINT('',(0.136583333333333,0.1286375,0.0015));
#12704=CARTESIAN_POINT('',(0.138032118055556,0.129391840277778,0.0015));
#12705=CARTESIAN_POINT('',(0.139480930767681,0.130146195129088,0.0015));
#12706=CARTESIAN_POINT('',(0.138969948553301,0.130143280427451,0.0015));
#12707=CARTESIAN_POINT('',(0.139475581486456,0.130216481455286,0.0015));
#12708=CARTESIAN_POINT('',(0.140418497032943,0.130313314571617,0.0015));
#12709=CARTESIAN_POINT('',(0.139470572706484,0.130330206790185,0.00149999975));
#12710=CARTESIAN_POINT('',(0.139470486111111,0.130722786458333,0.0015));
#12711=CARTESIAN_POINT('',(0.139470486111111,0.130937847222222,0.0015));
#12712=CARTESIAN_POINT('',(0.139947916666667,0.130937847222222,0.0015));
#12713=CARTESIAN_POINT('',(0.140425347222222,0.130937847222222,0.0015));
#12714=CARTESIAN_POINT('',(0.140425347222222,0.130568923611111,0.0015));
#12715=CARTESIAN_POINT('',(0.14042525765884,0.130199999590577,0.0015));
#12716=CARTESIAN_POINT('',(0.141904990619281,0.130206763929907,0.0015));
#12717=CARTESIAN_POINT('',(0.140506052105662,0.129723429283159,0.00149999975));
#12718=CARTESIAN_POINT('',(0.141616081709347,0.130106190670402,0.0015));
#12719=CARTESIAN_POINT('',(0.140771701388889,0.129289409722222,0.0015));
#12720=CARTESIAN_POINT('',(0.140771701388889,0.129289409722222,0.0015));
#12721=CARTESIAN_POINT('',(0.140956597222222,0.129094097222222,0.0015));
#12722=CARTESIAN_POINT('',(0.141287326388889,0.128974305555556,0.0015));
#12723=CARTESIAN_POINT('',(0.141287326388889,0.128974305555556,0.0015));
#12724=CARTESIAN_POINT('',(0.141287326388889,0.128974305555556,0.0015));
#12725=CARTESIAN_POINT('',(0.141618055555556,0.128854513888889,0.0015));
#12726=CARTESIAN_POINT('',(0.142105902777778,0.128854513888889,0.0015));
#12727=CARTESIAN_POINT('',(0.142105902777778,0.128854513888889,0.0015));
#12728=CARTESIAN_POINT('',(0.142062404410287,0.131057720196236,0.0015));
#12729=CARTESIAN_POINT('',(0.142557276581031,0.128909261657255,0.00149999975));
#12730=CARTESIAN_POINT('',(0.142273536725713,0.130173364473223,0.0015));
#12731=CARTESIAN_POINT('',(0.143045138888889,0.129131423611111,0.0015));
#12732=CARTESIAN_POINT('',(0.143045138888889,0.129131423611111,0.0015));
#12733=CARTESIAN_POINT('',(0.143277777777778,0.129298958333333,0.0015));
#12734=CARTESIAN_POINT('',(0.143435763888889,0.129602777777778,0.0015));
#12735=CARTESIAN_POINT('',(0.143435763888889,0.129602777777778,0.0015));
#12736=CARTESIAN_POINT('',(0.143435763888889,0.129602777777778,0.0015));
#12737=CARTESIAN_POINT('',(0.14359375,0.129906597222222,0.0015));
#12738=CARTESIAN_POINT('',(0.14359375,0.130406597222222,0.0015));
#12739=CARTESIAN_POINT('',(0.14359375,0.130406597222222,0.0015));
#12740=CARTESIAN_POINT('',(0.14359375,0.130672222222222,0.0015));
#12741=CARTESIAN_POINT('',(0.14359375,0.130937847222222,0.0015));
#12742=CARTESIAN_POINT('',(0.144086805555556,0.130937847222222,0.0015));
#12743=CARTESIAN_POINT('',(0.144579861111111,0.130937847222222,0.0015));
#12744=CARTESIAN_POINT('',(0.144579861111111,0.1306609375,0.0015));
#12745=CARTESIAN_POINT('',(0.144579950658603,0.130384027606211,0.0015));
#12746=CARTESIAN_POINT('',(0.141340368150219,0.130390234429121,0.0015));
#12747=CARTESIAN_POINT('',(0.144417356841248,0.129376501647922,0.0015));
#12748=CARTESIAN_POINT('',(0.141819580907839,0.130209092023787,0.0015));
#12749=CARTESIAN_POINT('',(0.143929734147655,0.128480343704251,0.00149999975));
#12750=CARTESIAN_POINT('',(0.14196117983653,0.130095089374089,0.0015));
#12751=CARTESIAN_POINT('',(0.143143229166667,0.127839756944445,0.0015));
#12752=CARTESIAN_POINT('',(0.143143229166667,0.127839756944445,0.0015));
#12753=CARTESIAN_POINT('',(0.142682291666667,0.127595833333333,0.0015));
#12754=CARTESIAN_POINT('',(0.142105902777778,0.127595833333333,0.0015));
#12755=CARTESIAN_POINT('',(0.142105902777778,0.127595833333333,0.0015));
#12756=CARTESIAN_POINT('',(0.142105902777778,0.127595833333333,0.0015));
#12757=CARTESIAN_POINT('',(0.141237847222222,0.127595833333333,0.0015));
#12758=CARTESIAN_POINT('',(0.140630208333333,0.127997743055556,0.0015));
#12759=CARTESIAN_POINT('',(0.1423125,0.124861458333333,0.0015));
#12760=CARTESIAN_POINT('',(0.140045138888889,0.123809375,0.0015));
#12761=CARTESIAN_POINT('',(0.144579861111111,0.125913541666667,0.0015));
#12762=CARTESIAN_POINT('',(0.144579861111111,0.125170486111111,0.0015));
#12763=CARTESIAN_POINT('',(0.144579861111111,0.124427430555556,0.0015));
#12764=CARTESIAN_POINT('',(0.1430234375,0.123825,0.0015));
#12765=CARTESIAN_POINT('',(0.141467013888889,0.123222569444445,0.0015));
#12766=CARTESIAN_POINT('',(0.140756076388889,0.123515972222222,0.0015));
#12767=CARTESIAN_POINT('',(0.137918402777778,0.123656597222222,0.0015));
#12768=CARTESIAN_POINT('',(0.136583333333333,0.123656597222222,0.0015));
#12769=CARTESIAN_POINT('',(0.139253472222222,0.123656597222222,0.0015));
#12770=CARTESIAN_POINT('',(0.141916666666667,0.122549826388889,0.0015));
#12771=CARTESIAN_POINT('',(0.144579861111111,0.121443055555556,0.0015));
#12772=CARTESIAN_POINT('',(0.144579861111111,0.1207,0.0015));
#12773=CARTESIAN_POINT('',(0.144579861111111,0.119956944444445,0.0015));
#12774=CARTESIAN_POINT('',(0.142209201388889,0.1211453125,0.0015));
#12775=CARTESIAN_POINT('',(0.139838541666667,0.122333680555556,0.0015));
#12776=CARTESIAN_POINT('',(0.1382109375,0.122333680555556,0.0015));
#12777=CARTESIAN_POINT('',(0.136583333333333,0.122333680555556,0.0015));
#12778=CARTESIAN_POINT('',(0.136583333333333,0.122995138888889,0.0015));
#12779=CARTESIAN_POINT('',(0.220625,0.1347,0.));
#12780=CARTESIAN_POINT('',(0.144579861111111,0.125170486111111,0.));
#12781=CARTESIAN_POINT('',(0.144579861111111,0.124427430555556,-8.470329472543E-22));
#12782=CARTESIAN_POINT('',(0.144579861111111,0.125913541666667,-8.470329472543E-22));
#12783=CARTESIAN_POINT('',(0.1423125,0.124861458333333,0.));
#12784=CARTESIAN_POINT('',(0.140045138888889,0.123809375,-8.470329472543E-22));
#12785=CARTESIAN_POINT('',(0.140756076388889,0.123515972222222,0.));
#12786=CARTESIAN_POINT('',(0.141467013888889,0.123222569444445,0.));
#12787=CARTESIAN_POINT('',(0.1430234375,0.123825,0.));
#12788=CARTESIAN_POINT('',(0.140581597222222,0.132684375,0.));
#12789=CARTESIAN_POINT('',(0.144579861111111,0.132684375,-8.470329472543E-22));
#12790=CARTESIAN_POINT('',(0.136583333333333,0.132684375,-8.470329472543E-22));
#12791=CARTESIAN_POINT('',(0.136583333333333,0.132033333333333,0.));
#12792=CARTESIAN_POINT('',(0.136583333333333,0.131382291666667,-8.470329472543E-22));
#12793=CARTESIAN_POINT('',(0.140581597222222,0.131382291666667,0.));
#12794=CARTESIAN_POINT('',(0.144579861111111,0.131382291666667,0.));
#12795=CARTESIAN_POINT('',(0.144579861111111,0.132033333333333,0.));
#12796=CARTESIAN_POINT('',(0.137077256944444,0.144870138888889,0.));
#12797=CARTESIAN_POINT('',(0.137571180555556,0.144870138888889,-8.470329472543E-22));
#12798=CARTESIAN_POINT('',(0.136583333333333,0.144870138888889,-8.470329472543E-22));
#12799=CARTESIAN_POINT('',(0.136583333333333,0.143253819444445,0.));
#12800=CARTESIAN_POINT('',(0.136583333333333,0.1416375,-8.470329472543E-22));
#12801=CARTESIAN_POINT('',(0.137077256944444,0.1416375,0.));
#12802=CARTESIAN_POINT('',(0.137571180555556,0.1416375,0.));
#12803=CARTESIAN_POINT('',(0.137571180555556,0.143253819444445,0.));
#12804=CARTESIAN_POINT('',(0.144579861111111,0.137259027777778,0.));
#12805=CARTESIAN_POINT('',(0.144579861111111,0.134215625,-8.470329472543E-22));
#12806=CARTESIAN_POINT('',(0.144579861111111,0.140302430555556,-8.470329472543E-22));
#12807=CARTESIAN_POINT('',(0.144135416666667,0.140302430555556,0.));
#12808=CARTESIAN_POINT('',(0.143690972222222,0.140302430555556,-8.470329472543E-22));
#12809=CARTESIAN_POINT('',(0.143690972222222,0.139108854166667,0.));
#12810=CARTESIAN_POINT('',(0.143690972222222,0.137915277777778,-8.470329472543E-22));
#12811=CARTESIAN_POINT('',(0.140137152777778,0.137915277777778,0.));
#12812=CARTESIAN_POINT('',(0.136583333333333,0.137915277777778,-8.470329472543E-22));
#12813=CARTESIAN_POINT('',(0.136583333333333,0.137259027777778,0.));
#12814=CARTESIAN_POINT('',(0.136583333333333,0.136602777777778,-8.470329472543E-22));
#12815=CARTESIAN_POINT('',(0.140137152777778,0.136602777777778,0.));
#12816=CARTESIAN_POINT('',(0.143690972222222,0.136602777777778,-8.470329472543E-22));
#12817=CARTESIAN_POINT('',(0.143690972222222,0.135409201388889,0.));
#12818=CARTESIAN_POINT('',(0.143690972222222,0.134215625,0.));
#12819=CARTESIAN_POINT('',(0.144135416666667,0.134215625,0.));
#12820=CARTESIAN_POINT('',(0.142100694444444,0.151066319444445,0.));
#12821=CARTESIAN_POINT('',(0.144579861111111,0.149991666666667,-8.470329472543E-22));
#12822=CARTESIAN_POINT('',(0.139621527777778,0.152140972222223,-8.470329472543E-22));
#12823=CARTESIAN_POINT('',(0.138628472222222,0.152140972222223,0.));
#12824=CARTESIAN_POINT('',(0.137635416666667,0.152140972222223,-8.470329472543E-22));
#12825=CARTESIAN_POINT('',(0.137635416666667,0.151961284722223,0.));
#12826=CARTESIAN_POINT('',(0.137635416666667,0.151781597222223,-8.470329472543E-22));
#12827=CARTESIAN_POINT('',(0.139860243055556,0.150886631944445,0.));
#12828=CARTESIAN_POINT('',(0.142085069444444,0.149991666666667,-8.470329472543E-22));
#12829=CARTESIAN_POINT('',(0.139334201388889,0.149991666666667,0.));
#12830=CARTESIAN_POINT('',(0.136583333333333,0.149991666666667,-8.470329472543E-22));
#12831=CARTESIAN_POINT('',(0.136583333333333,0.149330208333333,0.));
#12832=CARTESIAN_POINT('',(0.136583333333333,0.14866875,-8.470329472543E-22));
#12833=CARTESIAN_POINT('',(0.140581597222222,0.14866875,0.));
#12834=CARTESIAN_POINT('',(0.144579861111111,0.14866875,0.));
#12835=CARTESIAN_POINT('',(0.144579861111111,0.149330208333333,0.));
#12836=CARTESIAN_POINT('',(0.142100694444444,0.160451736111111,0.));
#12837=CARTESIAN_POINT('',(0.144579861111111,0.159377083333334,-8.470329472543E-22));
#12838=CARTESIAN_POINT('',(0.139621527777778,0.161526388888889,-8.470329472543E-22));
#12839=CARTESIAN_POINT('',(0.138628472222222,0.161526388888889,0.));
#12840=CARTESIAN_POINT('',(0.137635416666667,0.161526388888889,-8.470329472543E-22));
#12841=CARTESIAN_POINT('',(0.137635416666667,0.161346701388889,0.));
#12842=CARTESIAN_POINT('',(0.137635416666667,0.161167013888889,-8.470329472543E-22));
#12843=CARTESIAN_POINT('',(0.139860243055556,0.160272048611111,0.));
#12844=CARTESIAN_POINT('',(0.142085069444444,0.159377083333334,-8.470329472543E-22));
#12845=CARTESIAN_POINT('',(0.139334201388889,0.159377083333334,0.));
#12846=CARTESIAN_POINT('',(0.136583333333333,0.159377083333334,-8.470329472543E-22));
#12847=CARTESIAN_POINT('',(0.136583333333333,0.158715625,0.));
#12848=CARTESIAN_POINT('',(0.136583333333333,0.158054166666666,-8.470329472543E-22));
#12849=CARTESIAN_POINT('',(0.140581597222222,0.158054166666666,0.));
#12850=CARTESIAN_POINT('',(0.144579861111111,0.158054166666666,0.));
#12851=CARTESIAN_POINT('',(0.144579861111111,0.158715625,0.));
#12852=CARTESIAN_POINT('',(0.141916666666667,0.1695984375,0.));
#12853=CARTESIAN_POINT('',(0.144579861111111,0.168491666666667,-8.470329472543E-22));
#12854=CARTESIAN_POINT('',(0.139253472222222,0.170705208333333,-8.470329472543E-22));
#12855=CARTESIAN_POINT('',(0.137918402777778,0.170705208333333,0.));
#12856=CARTESIAN_POINT('',(0.136583333333333,0.170705208333333,-8.470329472543E-22));
#12857=CARTESIAN_POINT('',(0.136583333333333,0.17004375,0.));
#12858=CARTESIAN_POINT('',(0.136583333333333,0.169382291666667,-8.470329472543E-22));
#12859=CARTESIAN_POINT('',(0.1382109375,0.169382291666667,0.));
#12860=CARTESIAN_POINT('',(0.139838541666667,0.169382291666667,-8.470329472543E-22));
#12861=CARTESIAN_POINT('',(0.142209201388889,0.168193923611111,0.));
#12862=CARTESIAN_POINT('',(0.144579861111111,0.167005555555556,0.));
#12863=CARTESIAN_POINT('',(0.144579861111111,0.167748611111111,0.));
#12864=CARTESIAN_POINT('',(0.140581597222222,0.165443055555555,0.));
#12865=CARTESIAN_POINT('',(0.144579861111111,0.165443055555555,-8.470329472543E-22));
#12866=CARTESIAN_POINT('',(0.136583333333333,0.165443055555555,-8.470329472543E-22));
#12867=CARTESIAN_POINT('',(0.136583333333333,0.164780729166667,0.));
#12868=CARTESIAN_POINT('',(0.136583333333333,0.164118402777778,-8.470329472543E-22));
#12869=CARTESIAN_POINT('',(0.139334201388889,0.164118402777778,0.));
#12870=CARTESIAN_POINT('',(0.142085069444444,0.164118402777778,-8.470329472543E-22));
#12871=CARTESIAN_POINT('',(0.139860243055556,0.163218229166667,0.));
#12872=CARTESIAN_POINT('',(0.137635416666667,0.162318055555556,-8.470329472543E-22));
#12873=CARTESIAN_POINT('',(0.137635416666667,0.162144444444445,0.));
#12874=CARTESIAN_POINT('',(0.137635416666667,0.161970833333334,-8.470329472543E-22));
#12875=CARTESIAN_POINT('',(0.138639756944444,0.161970833333334,0.));
#12876=CARTESIAN_POINT('',(0.139644097222222,0.161970833333334,-8.470329472543E-22));
#12877=CARTESIAN_POINT('',(0.142111979166667,0.163044618055556,0.));
#12878=CARTESIAN_POINT('',(0.144579861111111,0.164118402777778,0.));
#12879=CARTESIAN_POINT('',(0.144579861111111,0.164780729166667,0.));
#12880=CARTESIAN_POINT('',(0.150159722222222,0.130980381944444,0.));
#12881=CARTESIAN_POINT('',(0.146166666666667,0.129591493055555,-8.470329472543E-22));
#12882=CARTESIAN_POINT('',(0.154152777777778,0.132369270833333,-8.470329472543E-22));
#12883=CARTESIAN_POINT('',(0.154152777777778,0.133015104166667,0.));
#12884=CARTESIAN_POINT('',(0.154152777777778,0.1336609375,-8.470329472543E-22));
#12885=CARTESIAN_POINT('',(0.150159722222222,0.135060243055555,0.));
#12886=CARTESIAN_POINT('',(0.146166666666667,0.136459548611111,-8.470329472543E-22));
#12887=CARTESIAN_POINT('',(0.146166666666667,0.135781597222222,0.));
#12888=CARTESIAN_POINT('',(0.146166666666667,0.135103645833333,-8.470329472543E-22));
#12889=CARTESIAN_POINT('',(0.149161458333333,0.134056770833333,0.));
#12890=CARTESIAN_POINT('',(0.15215625,0.133009895833333,-8.470329472543E-22));
#12891=CARTESIAN_POINT('',(0.149161458333333,0.1319734375,0.));
#12892=CARTESIAN_POINT('',(0.146166666666667,0.130936979166667,0.));
#12893=CARTESIAN_POINT('',(0.146166666666667,0.130264236111111,0.));
#12894=CARTESIAN_POINT('',(0.150164930555555,0.127909201388889,0.));
#12895=CARTESIAN_POINT('',(0.154163194444445,0.127909201388889,-8.470329472543E-22));
#12896=CARTESIAN_POINT('',(0.146166666666667,0.127909201388889,-8.470329472543E-22));
#12897=CARTESIAN_POINT('',(0.146166666666667,0.127246875,0.));
#12898=CARTESIAN_POINT('',(0.146166666666667,0.126584548611111,-8.470329472543E-22));
#12899=CARTESIAN_POINT('',(0.148917534722222,0.126584548611111,0.));
#12900=CARTESIAN_POINT('',(0.151668402777778,0.126584548611111,-8.470329472543E-22));
#12901=CARTESIAN_POINT('',(0.149443576388889,0.125684375,0.));
#12902=CARTESIAN_POINT('',(0.14721875,0.124784201388889,-8.470329472543E-22));
#12903=CARTESIAN_POINT('',(0.14721875,0.124610590277778,0.));
#12904=CARTESIAN_POINT('',(0.14721875,0.124436979166667,-8.470329472543E-22));
#12905=CARTESIAN_POINT('',(0.148223090277778,0.124436979166667,0.));
#12906=CARTESIAN_POINT('',(0.149227430555556,0.124436979166667,-8.470329472543E-22));
#12907=CARTESIAN_POINT('',(0.1516953125,0.125510763888889,0.));
#12908=CARTESIAN_POINT('',(0.154163194444445,0.126584548611111,0.));
#12909=CARTESIAN_POINT('',(0.154163194444445,0.127246875,0.));
#12910=CARTESIAN_POINT('',(0.1515,0.148069791666667,0.));
#12911=CARTESIAN_POINT('',(0.154163194444445,0.146963020833333,-8.470329472543E-22));
#12912=CARTESIAN_POINT('',(0.148836805555556,0.1491765625,-8.470329472543E-22));
#12913=CARTESIAN_POINT('',(0.147501736111111,0.1491765625,0.));
#12914=CARTESIAN_POINT('',(0.146166666666667,0.1491765625,-8.470329472543E-22));
#12915=CARTESIAN_POINT('',(0.146166666666667,0.148515104166667,0.));
#12916=CARTESIAN_POINT('',(0.146166666666667,0.147853645833333,-8.470329472543E-22));
#12917=CARTESIAN_POINT('',(0.147794270833333,0.147853645833333,0.));
#12918=CARTESIAN_POINT('',(0.149421875,0.147853645833333,-8.470329472543E-22));
#12919=CARTESIAN_POINT('',(0.151792534722222,0.146665277777778,0.));
#12920=CARTESIAN_POINT('',(0.154163194444445,0.145476909722222,0.));
#12921=CARTESIAN_POINT('',(0.154163194444445,0.146219965277778,0.));
#12922=CARTESIAN_POINT('',(0.151407118055556,0.139454340277778,0.));
#12923=CARTESIAN_POINT('',(0.154163194444445,0.139454340277778,-8.470329472543E-22));
#12924=CARTESIAN_POINT('',(0.148651041666667,0.139454340277778,-8.470329472543E-22));
#12925=CARTESIAN_POINT('',(0.151022569444445,0.140799826388889,0.));
#12926=CARTESIAN_POINT('',(0.153394097222222,0.1421453125,-8.470329472543E-22));
#12927=CARTESIAN_POINT('',(0.152145833333334,0.1421453125,0.));
#12928=CARTESIAN_POINT('',(0.150897569444444,0.1421453125,-8.470329472543E-22));
#12929=CARTESIAN_POINT('',(0.148532118055556,0.140799826388889,0.));
#12930=CARTESIAN_POINT('',(0.146166666666667,0.139454340277778,-8.470329472543E-22));
#12931=CARTESIAN_POINT('',(0.146166666666667,0.138792881944444,0.));
#12932=CARTESIAN_POINT('',(0.146166666666667,0.138131423611111,-8.470329472543E-22));
#12933=CARTESIAN_POINT('',(0.150164930555555,0.138131423611111,0.));
#12934=CARTESIAN_POINT('',(0.154163194444445,0.138131423611111,0.));
#12935=CARTESIAN_POINT('',(0.154163194444445,0.138792881944444,0.));
#12936=CARTESIAN_POINT('',(0.141618055555556,0.178307638888889,-8.470329472543E-22));
#12937=CARTESIAN_POINT('',(0.141975694444444,0.178496875,-8.470329472543E-22));
#12938=CARTESIAN_POINT('',(0.142475694444444,0.178496875,-8.470329472543E-22));
#12939=CARTESIAN_POINT('',(0.142475694444444,0.178496875,-1.6940658945086E-21));
#12940=CARTESIAN_POINT('',(0.141618055555556,0.178307638888889,-1.6940658945086E-21));
#12941=CARTESIAN_POINT('',(0.142710370516587,0.176231002617641,-8.470329472543E-22));
#12942=CARTESIAN_POINT('',(0.140988682559717,0.177825030242424,2.49999997935443E-10));
#12943=CARTESIAN_POINT('',(0.143489129332675,0.175515654854751,-8.470329472543E-22));
#12944=CARTESIAN_POINT('',(0.140516543217812,0.17717393038542,-1.01643953670516E-21));
#12945=CARTESIAN_POINT('',(0.152083983805288,0.170680977396015,-8.470329472543E-22));
#12946=CARTESIAN_POINT('',(0.140142361111111,0.176456944444445,-8.470329472543E-22));
#12947=CARTESIAN_POINT('',(0.140761284722222,0.176456944444445,0.));
#12948=CARTESIAN_POINT('',(0.141381084359358,0.176456944444445,-4.2351647362715E-22));
#12949=CARTESIAN_POINT('',(0.143280905636626,0.17542790794448,-8.470329472543E-22));
#12950=CARTESIAN_POINT('',(0.141835069444444,0.177032465277778,-1.6940658945086E-21));
#12951=CARTESIAN_POINT('',(0.142519097222222,0.177260763888889,-8.470329472543E-22));
#12952=CARTESIAN_POINT('',(0.142095486111111,0.177260763888889,-8.470329472543E-22));
#12953=CARTESIAN_POINT('',(0.141835069444444,0.177032465277778,-8.470329472543E-22));
#12954=CARTESIAN_POINT('',(0.142519097222222,0.177260763888889,-1.6940658945086E-21));
#12955=CARTESIAN_POINT('',(0.143121527777778,0.177032465277778,-8.470329472543E-22));
#12956=CARTESIAN_POINT('',(0.142822916666667,0.177260763888889,-8.470329472543E-22));
#12957=CARTESIAN_POINT('',(0.142519097222222,0.177260763888889,-8.470329472543E-22));
#12958=CARTESIAN_POINT('',(0.143121527777778,0.177032465277778,-1.6940658945086E-21));
#12959=CARTESIAN_POINT('',(0.142406853147506,0.176075463740784,-8.470329472543E-22));
#12960=CARTESIAN_POINT('',(0.143538241181363,0.176456944444445,0.));
#12961=CARTESIAN_POINT('',(0.144108506944444,0.176456944444445,0.));
#12962=CARTESIAN_POINT('',(0.14467870757262,0.176456944444445,-4.2351647362715E-22));
#12963=CARTESIAN_POINT('',(0.141861059021517,0.17608441850533,-8.470329472543E-22));
#12964=CARTESIAN_POINT('',(0.144455652382576,0.177244237161076,2.49999999998431E-10));
#12965=CARTESIAN_POINT('',(0.142570811425235,0.176410936148435,-8.470329472543E-22));
#12966=CARTESIAN_POINT('',(0.144000053441866,0.177895368095872,2.50000000014867E-10));
#12967=CARTESIAN_POINT('',(0.142474246392408,0.176301365038589,-8.470329472543E-22));
#12968=CARTESIAN_POINT('',(0.143332465277778,0.178334548611111,-8.470329472543E-22));
#12969=CARTESIAN_POINT('',(0.142475694444444,0.178496875,-8.470329472543E-22));
#12970=CARTESIAN_POINT('',(0.142953125,0.178496875,-8.470329472543E-22));
#12971=CARTESIAN_POINT('',(0.143332465277778,0.178334548611111,-8.470329472543E-22));
#12972=CARTESIAN_POINT('',(0.148494791666667,0.115088888888889,-8.470329472543E-22));
#12973=CARTESIAN_POINT('',(0.149237847222222,0.115322395833333,-8.470329472543E-22));
#12974=CARTESIAN_POINT('',(0.150203125,0.115322395833333,-8.470329472543E-22));
#12975=CARTESIAN_POINT('',(0.150203125,0.115322395833333,-1.6940658945086E-21));
#12976=CARTESIAN_POINT('',(0.148494791666667,0.115088888888889,-1.6940658945086E-21));
#12977=CARTESIAN_POINT('',(0.147241319444444,0.114443055555555,-8.470329472543E-22));
#12978=CARTESIAN_POINT('',(0.147751736111111,0.114855381944444,-8.470329472543E-22));
#12979=CARTESIAN_POINT('',(0.148494791666667,0.115088888888889,-8.470329472543E-22));
#12980=CARTESIAN_POINT('',(0.147241319444444,0.114443055555555,-1.6940658945086E-21));
#12981=CARTESIAN_POINT('',(0.149075643856687,0.112132786865715,-8.470329472543E-22));
#12982=CARTESIAN_POINT('',(0.14644852367091,0.113472701893505,2.49999994329999E-10));
#12983=CARTESIAN_POINT('',(0.149249589569538,0.112075540315523,-8.470329472543E-22));
#12984=CARTESIAN_POINT('',(0.146124049362466,0.112251215277778,-4.2351647362715E-22));
#12985=CARTESIAN_POINT('',(0.146655381944444,0.112251215277778,0.));
#12986=CARTESIAN_POINT('',(0.147187095947542,0.112251215277778,0.));
#12987=CARTESIAN_POINT('',(0.148843196044214,0.112033252598991,-8.470329472543E-22));
#12988=CARTESIAN_POINT('',(0.147426215277778,0.11291875,-1.6940658945086E-21));
#12989=CARTESIAN_POINT('',(0.147990451388889,0.113477777777778,-8.470329472543E-22));
#12990=CARTESIAN_POINT('',(0.147621527777778,0.1132390625,-8.470329472543E-22));
#12991=CARTESIAN_POINT('',(0.147426215277778,0.11291875,-8.470329472543E-22));
#12992=CARTESIAN_POINT('',(0.147990451388889,0.113477777777778,-1.6940658945086E-21));
#12993=CARTESIAN_POINT('',(0.148901909722222,0.113851909722222,-8.470329472543E-22));
#12994=CARTESIAN_POINT('',(0.148359375,0.113716493055555,-8.470329472543E-22));
#12995=CARTESIAN_POINT('',(0.147990451388889,0.113477777777778,-8.470329472543E-22));
#12996=CARTESIAN_POINT('',(0.148901909722222,0.113851909722222,-1.6940658945086E-21));
#12997=CARTESIAN_POINT('',(0.150203125,0.113999479166667,-8.470329472543E-22));
#12998=CARTESIAN_POINT('',(0.149444444444444,0.113987326388889,-8.470329472543E-22));
#12999=CARTESIAN_POINT('',(0.148901909722222,0.113851909722222,-8.470329472543E-22));
#13000=CARTESIAN_POINT('',(0.150203125,0.113999479166667,-1.6940658945086E-21));
#13001=CARTESIAN_POINT('',(0.1515,0.113851909722222,-8.470329472543E-22));
#13002=CARTESIAN_POINT('',(0.150951388888889,0.113987326388889,-8.470329472543E-22));
#13003=CARTESIAN_POINT('',(0.150203125,0.113999479166667,-8.470329472543E-22));
#13004=CARTESIAN_POINT('',(0.1515,0.113851909722222,-1.6940658945086E-21));
#13005=CARTESIAN_POINT('',(0.15240625,0.113477777777778,-8.470329472543E-22));
#13006=CARTESIAN_POINT('',(0.152048611111111,0.113716493055555,-8.470329472543E-22));
#13007=CARTESIAN_POINT('',(0.1515,0.113851909722222,-8.470329472543E-22));
#13008=CARTESIAN_POINT('',(0.15240625,0.113477777777778,-1.6940658945086E-21));
#13009=CARTESIAN_POINT('',(0.152953993055556,0.112924826388889,-8.470329472543E-22));
#13010=CARTESIAN_POINT('',(0.152763888888889,0.1132390625,-8.470329472543E-22));
#13011=CARTESIAN_POINT('',(0.15240625,0.113477777777778,-8.470329472543E-22));
#13012=CARTESIAN_POINT('',(0.152953993055556,0.112924826388889,-1.6940658945086E-21));
#13013=CARTESIAN_POINT('',(0.151412581436531,0.111985334010214,-8.470329472543E-22));
#13014=CARTESIAN_POINT('',(0.153197916666667,0.112251215277778,-8.470329472543E-22));
#13015=CARTESIAN_POINT('',(0.153740451388889,0.112251215277778,0.));
#13016=CARTESIAN_POINT('',(0.154282226996928,0.112251215277778,-4.2351647362715E-22));
#13017=CARTESIAN_POINT('',(0.151025784268888,0.112015769641847,-8.470329472543E-22));
#13018=CARTESIAN_POINT('',(0.153947309218612,0.113472699406307,-8.47032947276865E-22));
#13019=CARTESIAN_POINT('',(0.151320189476647,0.112132786865715,-8.470329472543E-22));
#13020=CARTESIAN_POINT('',(0.153154513888889,0.114443055555555,-1.6940658945086E-21));
#13021=CARTESIAN_POINT('',(0.15190625,0.115088888888889,-8.470329472543E-22));
#13022=CARTESIAN_POINT('',(0.152644097222222,0.114855381944444,-8.470329472543E-22));
#13023=CARTESIAN_POINT('',(0.153154513888889,0.114443055555555,-8.470329472543E-22));
#13024=CARTESIAN_POINT('',(0.15190625,0.115088888888889,-8.470329472543E-22));
#13025=CARTESIAN_POINT('',(0.150203125,0.115322395833333,-8.470329472543E-22));
#13026=CARTESIAN_POINT('',(0.151168402777778,0.115322395833333,-8.470329472543E-22));
#13027=CARTESIAN_POINT('',(0.15190625,0.115088888888889,-8.470329472543E-22));
#13028=CARTESIAN_POINT('',(0.153024305555556,0.110217361111111,0.));
#13029=CARTESIAN_POINT('',(0.152623263888889,0.110667881944444,-8.470329472543E-22));
#13030=CARTESIAN_POINT('',(0.153425347222222,0.109766840277778,-1.6940658945086E-21));
#13031=CARTESIAN_POINT('',(0.154282986111111,0.111806770833333,-8.470329472543E-22));
#13032=CARTESIAN_POINT('',(0.154229166666667,0.110591493055555,-8.470329472543E-22));
#13033=CARTESIAN_POINT('',(0.153425347222222,0.109766840277778,-8.470329472543E-22));
#13034=CARTESIAN_POINT('',(0.154282986111111,0.111806770833333,-8.470329472543E-22));
#13035=CARTESIAN_POINT('',(0.153745659722222,0.111806770833333,0.));
#13036=CARTESIAN_POINT('',(0.153208112130836,0.111806770833333,-4.2351647362715E-22));
#13037=CARTESIAN_POINT('',(0.151649253504717,0.111897895774665,-8.470329472543E-22));
#13038=CARTESIAN_POINT('',(0.153046006944445,0.1112,-8.470329472543E-22));
#13039=CARTESIAN_POINT('',(0.152623263888889,0.110667881944444,-8.470329472543E-22));
#13040=CARTESIAN_POINT('',(0.152904513888889,0.110917881944444,-8.470329472543E-22));
#13041=CARTESIAN_POINT('',(0.153046006944445,0.1112,-8.470329472543E-22));
#13042=CARTESIAN_POINT('',(0.151684027777778,0.122917881944444,0.));
#13043=CARTESIAN_POINT('',(0.154163194444445,0.121843229166667,-8.470329472543E-22));
#13044=CARTESIAN_POINT('',(0.149204861111111,0.123992534722222,-8.470329472543E-22));
#13045=CARTESIAN_POINT('',(0.148211805555556,0.123992534722222,0.));
#13046=CARTESIAN_POINT('',(0.14721875,0.123992534722222,-8.470329472543E-22));
#13047=CARTESIAN_POINT('',(0.14721875,0.123812847222222,0.));
#13048=CARTESIAN_POINT('',(0.14721875,0.123633159722222,-8.470329472543E-22));
#13049=CARTESIAN_POINT('',(0.149443576388889,0.122738194444444,0.));
#13050=CARTESIAN_POINT('',(0.151668402777778,0.121843229166667,-8.470329472543E-22));
#13051=CARTESIAN_POINT('',(0.148917534722222,0.121843229166667,0.));
#13052=CARTESIAN_POINT('',(0.146166666666667,0.121843229166667,-8.470329472543E-22));
#13053=CARTESIAN_POINT('',(0.146166666666667,0.121181770833333,0.));
#13054=CARTESIAN_POINT('',(0.146166666666667,0.1205203125,-8.470329472543E-22));
#13055=CARTESIAN_POINT('',(0.150164930555555,0.1205203125,0.));
#13056=CARTESIAN_POINT('',(0.154163194444445,0.1205203125,0.));
#13057=CARTESIAN_POINT('',(0.154163194444445,0.121181770833333,0.));
#13058=CARTESIAN_POINT('',(0.140706597222222,0.110917881944445,0.));
#13059=CARTESIAN_POINT('',(0.140706597222222,0.109594097222222,-8.470329472543E-22));
#13060=CARTESIAN_POINT('',(0.140706597222222,0.112241666666667,-8.470329472543E-22));
#13061=CARTESIAN_POINT('',(0.140262152777778,0.112241666666667,0.));
#13062=CARTESIAN_POINT('',(0.139817708333333,0.112241666666667,-8.470329472543E-22));
#13063=CARTESIAN_POINT('',(0.139817708333333,0.111562847222222,0.));
#13064=CARTESIAN_POINT('',(0.139817708333333,0.110884027777778,-8.470329472543E-22));
#13065=CARTESIAN_POINT('',(0.138829861111111,0.110884027777778,0.));
#13066=CARTESIAN_POINT('',(0.137842013888889,0.110884027777778,-1.6940658945086E-21));
#13067=CARTESIAN_POINT('',(0.137657118055556,0.111150520833333,-8.470329472543E-22));
#13068=CARTESIAN_POINT('',(0.137722222222222,0.110970833333333,-8.470329472543E-22));
#13069=CARTESIAN_POINT('',(0.137842013888889,0.110884027777778,-8.470329472543E-22));
#13070=CARTESIAN_POINT('',(0.137657118055556,0.111150520833333,-1.6940658945086E-21));
#13071=CARTESIAN_POINT('',(0.139924293652144,0.111964082584809,-8.470329472543E-22));
#13072=CARTESIAN_POINT('',(0.137554731940402,0.111530737293925,-8.47032947245524E-22));
#13073=CARTESIAN_POINT('',(0.141533630500066,0.112279085573019,-8.470329472543E-22));
#13074=CARTESIAN_POINT('',(0.137500939517564,0.11192136123894,2.49999999998431E-10));
#13075=CARTESIAN_POINT('',(0.141351841675066,0.112285394852966,-8.470329472543E-22));
#13076=CARTESIAN_POINT('',(0.137484144962348,0.112241666666667,-4.2351647362715E-22));
#13077=CARTESIAN_POINT('',(0.137006944444444,0.112241666666667,0.));
#13078=CARTESIAN_POINT('',(0.136529513888889,0.112241666666667,-8.470329472543E-22));
#13079=CARTESIAN_POINT('',(0.136529513888889,0.112235590277778,0.));
#13080=CARTESIAN_POINT('',(0.13652948384199,0.112229513855759,2.49999999652474E-10));
#13081=CARTESIAN_POINT('',(0.141451940411166,0.112234941400224,-8.470329472543E-22));
#13082=CARTESIAN_POINT('',(0.136583365608451,0.111508164540226,-8.47032947120699E-22));
#13083=CARTESIAN_POINT('',(0.139890079671217,0.111994820995429,-8.470329472543E-22));
#13084=CARTESIAN_POINT('',(0.136767346516574,0.110803293037317,2.49999995851166E-10));
#13085=CARTESIAN_POINT('',(0.139988303068646,0.112034288340656,-8.470329472543E-22));
#13086=CARTESIAN_POINT('',(0.137098809535833,0.110152158442893,2.49999999998431E-10));
#13087=CARTESIAN_POINT('',(0.139043793096748,0.111435252414082,-8.470329472543E-22));
#13088=CARTESIAN_POINT('',(0.137615333073706,0.109594097222222,0.));
#13089=CARTESIAN_POINT('',(0.139160590277778,0.109594097222222,0.));
#13090=CARTESIAN_POINT('',(0.143440972222222,0.110456076388889,0.));
#13091=CARTESIAN_POINT('',(0.143039930555556,0.110906597222222,-8.470329472543E-22));
#13092=CARTESIAN_POINT('',(0.143841748355254,0.110005853849834,-4.2351647362715E-22));
#13093=CARTESIAN_POINT('',(0.141747344034044,0.112073699980804,-8.470329472543E-22));
#13094=CARTESIAN_POINT('',(0.144493368361739,0.11101411740995,2.49999998472994E-10));
#13095=CARTESIAN_POINT('',(0.141352655204004,0.112197963005028,-8.470329472543E-22));
#13096=CARTESIAN_POINT('',(0.144709666571092,0.112229510102937,2.50000000031526E-10));
#13097=CARTESIAN_POINT('',(0.144710069444444,0.112235590277778,0.));
#13098=CARTESIAN_POINT('',(0.144710069444444,0.112241666666667,-8.470329472543E-22));
#13099=CARTESIAN_POINT('',(0.144173611111111,0.112241666666667,0.));
#13100=CARTESIAN_POINT('',(0.143637152777778,0.112241666666667,-8.470329472543E-22));
#13101=CARTESIAN_POINT('',(0.143637152777778,0.112219965277778,0.));
#13102=CARTESIAN_POINT('',(0.143637167963084,0.112198263895366,2.49999999928841E-10));
#13103=CARTESIAN_POINT('',(0.141863932466838,0.112197507612115,-8.470329472543E-22));
#13104=CARTESIAN_POINT('',(0.143495659722222,0.111502951388889,-8.470329472543E-22));
#13105=CARTESIAN_POINT('',(0.143039930555556,0.110906597222222,-8.470329472543E-22));
#13106=CARTESIAN_POINT('',(0.143354166666667,0.111167013888889,-8.470329472543E-22));
#13107=CARTESIAN_POINT('',(0.143495659722222,0.111502951388889,-8.470329472543E-22));
#13108=CARTESIAN_POINT('',(0.140581597222222,0.0992086805555557,0.));
#13109=CARTESIAN_POINT('',(0.136583333333333,0.0992086805555557,-8.470329472543E-22));
#13110=CARTESIAN_POINT('',(0.144579861111111,0.0992086805555557,-8.470329472543E-22));
#13111=CARTESIAN_POINT('',(0.144579861111111,0.0998701388888891,0.));
#13112=CARTESIAN_POINT('',(0.144579861111111,0.100531597222222,-8.470329472543E-22));
#13113=CARTESIAN_POINT('',(0.140581597222222,0.100531597222222,0.));
#13114=CARTESIAN_POINT('',(0.136583333333333,0.100531597222222,0.));
#13115=CARTESIAN_POINT('',(0.136583333333333,0.0998701388888891,0.));
#13116=CARTESIAN_POINT('',(0.144579861111111,0.0950906250000002,0.));
#13117=CARTESIAN_POINT('',(0.144579861111111,0.094759027777778,-8.470329472543E-22));
#13118=CARTESIAN_POINT('',(0.144579861111111,0.0954222222222224,-8.470329472543E-22));
#13119=CARTESIAN_POINT('',(0.144086805555556,0.0954222222222224,0.));
#13120=CARTESIAN_POINT('',(0.14359375,0.0954222222222224,-8.470329472543E-22));
#13121=CARTESIAN_POINT('',(0.14359375,0.0952642361111113,0.));
#13122=CARTESIAN_POINT('',(0.14359375,0.09510625,-1.6940658945086E-21));
#13123=CARTESIAN_POINT('',(0.143348958333333,0.0935880208333335,-8.470329472543E-22));
#13124=CARTESIAN_POINT('',(0.14359375,0.0941739583333335,-8.470329472543E-22));
#13125=CARTESIAN_POINT('',(0.14359375,0.09510625,-8.470329472543E-22));
#13126=CARTESIAN_POINT('',(0.143348958333333,0.0935880208333335,-1.6940658945086E-21));
#13127=CARTESIAN_POINT('',(0.142708333333333,0.0926600694444447,-8.470329472543E-22));
#13128=CARTESIAN_POINT('',(0.143104166666667,0.0930020833333335,-8.470329472543E-22));
#13129=CARTESIAN_POINT('',(0.143348958333333,0.0935880208333335,-8.470329472543E-22));
#13130=CARTESIAN_POINT('',(0.142708333333333,0.0926600694444447,-1.6940658945086E-21));
#13131=CARTESIAN_POINT('',(0.141323828739843,0.0942328598286506,-8.470329472543E-22));
#13132=CARTESIAN_POINT('',(0.141824684094575,0.0921990059011328,2.49999500249908E-10));
#13133=CARTESIAN_POINT('',(0.140837448831184,0.0962356137383368,-8.470329472543E-22));
#13134=CARTESIAN_POINT('',(0.140836805555222,0.092080206177421,-8.470329472543E-22));
#13135=CARTESIAN_POINT('',(0.138384548611111,0.0926661458333335,-8.470329472543E-22));
#13136=CARTESIAN_POINT('',(0.139230902777778,0.0920802083333336,-8.470329472543E-22));
#13137=CARTESIAN_POINT('',(0.140836805555556,0.0920802083333336,-8.470329472543E-22));
#13138=CARTESIAN_POINT('',(0.138384548611111,0.0926661458333335,-1.6940658945086E-21));
#13139=CARTESIAN_POINT('',(0.137538194444444,0.094575,-8.470329472543E-22));
#13140=CARTESIAN_POINT('',(0.137538194444444,0.0932520833333335,-8.470329472543E-22));
#13141=CARTESIAN_POINT('',(0.138384548611111,0.0926661458333335,-8.470329472543E-22));
#13142=CARTESIAN_POINT('',(0.137538194444444,0.094575,-8.470329472543E-22));
#13143=CARTESIAN_POINT('',(0.137538194444444,0.0949986111111113,0.));
#13144=CARTESIAN_POINT('',(0.137538194444444,0.0954222222222224,-8.470329472543E-22));
#13145=CARTESIAN_POINT('',(0.137060763888889,0.0954222222222224,0.));
#13146=CARTESIAN_POINT('',(0.136583333333333,0.0954222222222224,-8.470329472543E-22));
#13147=CARTESIAN_POINT('',(0.136583333333333,0.0947815972222224,0.));
#13148=CARTESIAN_POINT('',(0.136582912251358,0.094140958149471,2.49999999998298E-10));
#13149=CARTESIAN_POINT('',(0.141122992905873,0.0942926897126375,-8.470329472543E-22));
#13150=CARTESIAN_POINT('',(0.136621527777778,0.0936748263888891,-1.6940658945086E-21));
#13151=CARTESIAN_POINT('',(0.136795138888889,0.0929803819444447,-8.470329472543E-22));
#13152=CARTESIAN_POINT('',(0.136659722222222,0.0933597222222224,-8.470329472543E-22));
#13153=CARTESIAN_POINT('',(0.136621527777778,0.0936748263888891,-8.470329472543E-22));
#13154=CARTESIAN_POINT('',(0.136795138888889,0.0929803819444447,-1.6940658945086E-21));
#13155=CARTESIAN_POINT('',(0.140204903035145,0.0942552213255825,-8.470329472543E-22));
#13156=CARTESIAN_POINT('',(0.137202256944444,0.0921939236111113,-1.6940658945086E-21));
#13157=CARTESIAN_POINT('',(0.1379453125,0.0914612847222224,-8.470329472543E-22));
#13158=CARTESIAN_POINT('',(0.137473958333333,0.0917868055555558,-8.470329472543E-22));
#13159=CARTESIAN_POINT('',(0.137202256944444,0.0921939236111113,-8.470329472543E-22));
#13160=CARTESIAN_POINT('',(0.1379453125,0.0914612847222224,-1.6940658945086E-21));
#13161=CARTESIAN_POINT('',(0.1391171875,0.0909239583333336,-8.470329472543E-22));
#13162=CARTESIAN_POINT('',(0.138416666666667,0.0911357638888891,-8.470329472543E-22));
#13163=CARTESIAN_POINT('',(0.1379453125,0.0914612847222224,-8.470329472543E-22));
#13164=CARTESIAN_POINT('',(0.1391171875,0.0909239583333336,-1.6940658945086E-21));
#13165=CARTESIAN_POINT('',(0.140803819444444,0.090712152777778,-8.470329472543E-22));
#13166=CARTESIAN_POINT('',(0.139817708333333,0.090712152777778,-8.470329472543E-22));
#13167=CARTESIAN_POINT('',(0.1391171875,0.0909239583333336,-8.470329472543E-22));
#13168=CARTESIAN_POINT('',(0.140803819443249,0.0907121509717887,-8.470329472543E-22));
#13169=CARTESIAN_POINT('',(0.140806465986624,0.0947115260417935,-8.470329472543E-22));
#13170=CARTESIAN_POINT('',(0.142198766332292,0.0909622013996814,2.4999899448487E-10));
#13171=CARTESIAN_POINT('',(0.140987892056003,0.0942506000424415,-8.470329472543E-22));
#13172=CARTESIAN_POINT('',(0.143408854166667,0.0917164930555558,-1.6940658945086E-21));
#13173=CARTESIAN_POINT('',(0.144260416666667,0.092985590277778,-8.470329472543E-22));
#13174=CARTESIAN_POINT('',(0.143940972222222,0.0922208333333335,-8.470329472543E-22));
#13175=CARTESIAN_POINT('',(0.143408854166667,0.0917164930555558,-8.470329472543E-22));
#13176=CARTESIAN_POINT('',(0.144260416666667,0.092985590277778,-8.470329472543E-22));
#13177=CARTESIAN_POINT('',(0.144579861111111,0.094759027777778,-8.470329472543E-22));
#13178=CARTESIAN_POINT('',(0.144579861111111,0.0937503472222224,-8.470329472543E-22));
#13179=CARTESIAN_POINT('',(0.144260416666667,0.092985590277778,-8.470329472543E-22));
#13180=CARTESIAN_POINT('',(0.23,0.1803,0.));
#13181=CARTESIAN_POINT('',(0.24695,0.1803,0.));
#13182=CARTESIAN_POINT('',(0.21305,0.1803,0.));
#13183=CARTESIAN_POINT('',(0.21305,0.16335,0.));
#13184=CARTESIAN_POINT('',(0.21305,0.1464,0.));
#13185=CARTESIAN_POINT('',(0.23,0.1464,0.));
#13186=CARTESIAN_POINT('',(0.24695,0.1464,0.));
#13187=CARTESIAN_POINT('',(0.24695,0.16335,0.));
#13188=CARTESIAN_POINT('',(0.24845,0.1347,0.));
#13189=CARTESIAN_POINT('',(0.24845,0.1449,0.));
#13190=CARTESIAN_POINT('',(0.24845,0.1245,0.));
#13191=CARTESIAN_POINT('',(0.265111570700305,0.1245,0.));
#13192=CARTESIAN_POINT('',(0.28177314140061,0.1245,0.));
#13193=CARTESIAN_POINT('',(0.275468287031678,0.1347,0.));
#13194=CARTESIAN_POINT('',(0.269163432662746,0.1449,0.));
#13195=CARTESIAN_POINT('',(0.258806716331373,0.1449,0.));
#13196=CARTESIAN_POINT('',(0.294356875901637,0.123,0.));
#13197=CARTESIAN_POINT('',(0.284463751803273,0.123,0.));
#13198=CARTESIAN_POINT('',(0.30425,0.123,0.));
#13199=CARTESIAN_POINT('',(0.294356875901637,0.106994893474375,0.));
#13200=CARTESIAN_POINT('',(0.30425,0.090989786948751,0.));
#13201=CARTESIAN_POINT('',(0.30425,0.106994893474375,0.));
#13202=CARTESIAN_POINT('',(0.19423452998875,0.119002772464335,0.));
#13203=CARTESIAN_POINT('',(0.196705308174225,0.115005544928669,0.));
#13204=CARTESIAN_POINT('',(0.191763751803273,0.123,0.));
#13205=CARTESIAN_POINT('',(0.203173313895367,0.119002772464335,0.));
#13206=CARTESIAN_POINT('',(0.209641319616508,0.123,0.));
#13207=CARTESIAN_POINT('',(0.20070253570989,0.123,0.));
#13208=CARTESIAN_POINT('',(0.283070887413415,0.168379472898488,0.));
#13209=CARTESIAN_POINT('',(0.263782008608379,0.156458945796976,0.));
#13210=CARTESIAN_POINT('',(0.30235976621845,0.1803,0.));
#13211=CARTESIAN_POINT('',(0.275702535709891,0.1803,0.));
#13212=CARTESIAN_POINT('',(0.249045305201332,0.1803,0.));
#13213=CARTESIAN_POINT('',(0.256413656904855,0.168379472898488,0.));
#13214=CARTESIAN_POINT('',(0.172875162933315,0.123,0.));
#13215=CARTESIAN_POINT('',(0.15575,0.123,0.));
#13216=CARTESIAN_POINT('',(0.19000032586663,0.123,0.));
#13217=CARTESIAN_POINT('',(0.15575,0.106347582238499,0.));
#13218=CARTESIAN_POINT('',(0.15575,0.0896951644769979,0.));
#13219=CARTESIAN_POINT('',(0.175589656280802,0.101956072058533,0.));
#13220=CARTESIAN_POINT('',(0.195429312561603,0.114216979640069,0.));
#13221=CARTESIAN_POINT('',(0.192714819214117,0.118608489820034,0.));
#13222=CARTESIAN_POINT('',(0.230935893589804,0.134396717761501,0.));
#13223=CARTESIAN_POINT('',(0.24695,0.144293435523002,0.));
#13224=CARTESIAN_POINT('',(0.214921787179608,0.1245,0.));
#13225=CARTESIAN_POINT('',(0.230935893589804,0.1245,0.));
#13226=CARTESIAN_POINT('',(0.24695,0.1245,0.));
#13227=CARTESIAN_POINT('',(0.24695,0.134396717761501,0.));
#13228=CARTESIAN_POINT('',(0.204521993502121,0.118072927507313,0.));
#13229=CARTESIAN_POINT('',(0.21155,0.122416235523002,0.));
#13230=CARTESIAN_POINT('',(0.197493987004244,0.113729619491624,0.));
#13231=CARTESIAN_POINT('',(0.204521993502121,0.102359703220188,0.));
#13232=CARTESIAN_POINT('',(0.21155,0.090989786948751,0.));
#13233=CARTESIAN_POINT('',(0.21155,0.106703011235876,0.));
#13234=CARTESIAN_POINT('',(0.194888429299695,0.1449,0.));
#13235=CARTESIAN_POINT('',(0.21155,0.1449,0.));
#13236=CARTESIAN_POINT('',(0.17822685859939,0.1449,0.));
#13237=CARTESIAN_POINT('',(0.184531712968322,0.1347,0.));
#13238=CARTESIAN_POINT('',(0.190836567337254,0.1245,0.));
#13239=CARTESIAN_POINT('',(0.201193283668627,0.1245,0.));
#13240=CARTESIAN_POINT('',(0.21155,0.1245,0.));
#13241=CARTESIAN_POINT('',(0.21155,0.1347,0.));
#13242=CARTESIAN_POINT('',(0.165643124098364,0.162405106525625,0.));
#13243=CARTESIAN_POINT('',(0.15575,0.178410213051249,0.));
#13244=CARTESIAN_POINT('',(0.175536248196726,0.1464,0.));
#13245=CARTESIAN_POINT('',(0.15575,0.162405106525625,0.));
#13246=CARTESIAN_POINT('',(0.15575,0.1464,0.));
#13247=CARTESIAN_POINT('',(0.165643124098364,0.1464,0.));
#13248=CARTESIAN_POINT('',(0.23,0.123,0.));
#13249=CARTESIAN_POINT('',(0.21305,0.123,0.));
#13250=CARTESIAN_POINT('',(0.24695,0.123,0.));
#13251=CARTESIAN_POINT('',(0.21305,0.10605,0.));
#13252=CARTESIAN_POINT('',(0.21305,0.0891,0.));
#13253=CARTESIAN_POINT('',(0.23,0.0891,0.));
#13254=CARTESIAN_POINT('',(0.24695,0.0891,0.));
#13255=CARTESIAN_POINT('',(0.24695,0.10605,0.));
#13256=CARTESIAN_POINT('',(0.284410343719198,0.167443927941467,0.));
#13257=CARTESIAN_POINT('',(0.30425,0.179704835523002,0.));
#13258=CARTESIAN_POINT('',(0.264570687438397,0.155183020359931,0.));
#13259=CARTESIAN_POINT('',(0.267285180785884,0.150791510179966,0.));
#13260=CARTESIAN_POINT('',(0.269999674133371,0.1464,0.));
#13261=CARTESIAN_POINT('',(0.287124837066685,0.1464,0.));
#13262=CARTESIAN_POINT('',(0.30425,0.1464,0.));
#13263=CARTESIAN_POINT('',(0.30425,0.163052417761501,0.));
#13264=CARTESIAN_POINT('',(0.203586343095145,0.101020527101512,0.));
#13265=CARTESIAN_POINT('',(0.196217991391621,0.112941054203024,0.));
#13266=CARTESIAN_POINT('',(0.210954694798668,0.0891,0.));
#13267=CARTESIAN_POINT('',(0.176929112586586,0.101020527101512,0.));
#13268=CARTESIAN_POINT('',(0.15764023378155,0.0891,0.));
#13269=CARTESIAN_POINT('',(0.184297464290109,0.0891,0.));
#13270=CARTESIAN_POINT('',(0.183947652600666,0.1803,0.));
#13271=CARTESIAN_POINT('',(0.21155,0.1803,0.));
#13272=CARTESIAN_POINT('',(0.156345305201331,0.1803,0.));
#13273=CARTESIAN_POINT('',(0.166822489667351,0.16335,0.));
#13274=CARTESIAN_POINT('',(0.17729967413337,0.1464,0.));
#13275=CARTESIAN_POINT('',(0.194424837066685,0.1464,0.));
#13276=CARTESIAN_POINT('',(0.21155,0.1464,0.));
#13277=CARTESIAN_POINT('',(0.21155,0.16335,0.));
#13278=CARTESIAN_POINT('',(0.24845,0.162696988764124,0.));
#13279=CARTESIAN_POINT('',(0.24845,0.178410213051249,0.));
#13280=CARTESIAN_POINT('',(0.24845,0.146983764476998,0.));
#13281=CARTESIAN_POINT('',(0.255478006497878,0.151327072492687,0.));
#13282=CARTESIAN_POINT('',(0.262506012995756,0.155670380508376,0.));
#13283=CARTESIAN_POINT('',(0.255478006497878,0.167040296779812,0.));
#13284=CARTESIAN_POINT('',(0.287588429299695,0.1449,0.));
#13285=CARTESIAN_POINT('',(0.30425,0.1449,0.));
#13286=CARTESIAN_POINT('',(0.27092685859939,0.1449,0.));
#13287=CARTESIAN_POINT('',(0.277231712968322,0.1347,0.));
#13288=CARTESIAN_POINT('',(0.283536567337254,0.1245,0.));
#13289=CARTESIAN_POINT('',(0.293893283668627,0.1245,0.));
#13290=CARTESIAN_POINT('',(0.30425,0.1245,0.));
#13291=CARTESIAN_POINT('',(0.30425,0.1347,0.));
#13292=CARTESIAN_POINT('',(0.276052347399334,0.0891,0.));
#13293=CARTESIAN_POINT('',(0.303654694798669,0.0891,0.));
#13294=CARTESIAN_POINT('',(0.24845,0.0891,0.));
#13295=CARTESIAN_POINT('',(0.293177510332649,0.10605,0.));
#13296=CARTESIAN_POINT('',(0.282700325866629,0.123,0.));
#13297=CARTESIAN_POINT('',(0.265575162933315,0.123,0.));
#13298=CARTESIAN_POINT('',(0.24845,0.123,0.));
#13299=CARTESIAN_POINT('',(0.24845,0.10605,0.));
#13300=CARTESIAN_POINT('',(0.15575,0.1347,0.));
#13301=CARTESIAN_POINT('',(0.15575,0.1245,0.));
#13302=CARTESIAN_POINT('',(0.15575,0.1449,0.));
#13303=CARTESIAN_POINT('',(0.172411570700305,0.1245,0.));
#13304=CARTESIAN_POINT('',(0.18907314140061,0.1245,0.));
#13305=CARTESIAN_POINT('',(0.182768287031678,0.1347,0.));
#13306=CARTESIAN_POINT('',(0.176463432662746,0.1449,0.));
#13307=CARTESIAN_POINT('',(0.166106716331373,0.1449,0.));
#13308=CARTESIAN_POINT('',(0.256826686104633,0.150397227535666,0.));
#13309=CARTESIAN_POINT('',(0.263294691825775,0.154394455071331,0.));
#13310=CARTESIAN_POINT('',(0.250358680383492,0.1464,0.));
#13311=CARTESIAN_POINT('',(0.259297464290109,0.1464,0.));
#13312=CARTESIAN_POINT('',(0.268236248196727,0.1464,0.));
#13313=CARTESIAN_POINT('',(0.265765470011251,0.150397227535666,0.));
#13314=CARTESIAN_POINT('',(0.229064106410196,0.135003282238499,0.));
#13315=CARTESIAN_POINT('',(0.21305,0.125106564476998,0.));
#13316=CARTESIAN_POINT('',(0.245078212820391,0.1449,0.));
#13317=CARTESIAN_POINT('',(0.229064106410196,0.1449,0.));
#13318=CARTESIAN_POINT('',(0.21305,0.1449,0.));
#13319=CARTESIAN_POINT('',(0.21305,0.135003282238499,0.));
#13320=CARTESIAN_POINT('',(0.145375,0.1823,0.));
#13321=CARTESIAN_POINT('',(0.30625,0.1823,0.));
#13322=CARTESIAN_POINT('',(0.135,0.1823,0.));
#13323=CARTESIAN_POINT('',(0.30625,0.1347,0.));
#13324=CARTESIAN_POINT('',(0.30625,0.0871,0.));
#13325=CARTESIAN_POINT('',(0.145375,0.0871,0.));
#13326=CARTESIAN_POINT('',(0.135,0.0871,0.));
#13327=CARTESIAN_POINT('',(0.135,0.1347,0.));
#13328=CARTESIAN_POINT('',(0.150164930555555,0.159334548611111,0.));
#13329=CARTESIAN_POINT('',(0.154163194444445,0.159334548611111,-8.470329472543E-22));
#13330=CARTESIAN_POINT('',(0.146166666666667,0.159334548611111,-8.470329472543E-22));
#13331=CARTESIAN_POINT('',(0.146166666666667,0.158683506944444,0.));
#13332=CARTESIAN_POINT('',(0.146166666666667,0.158032465277778,-8.470329472543E-22));
#13333=CARTESIAN_POINT('',(0.150164930555555,0.158032465277778,0.));
#13334=CARTESIAN_POINT('',(0.154163194444445,0.158032465277778,0.));
#13335=CARTESIAN_POINT('',(0.154163194444445,0.158683506944444,0.));
#13336=CARTESIAN_POINT('',(0.140581597222222,0.09716875,0.));
#13337=CARTESIAN_POINT('',(0.144579861111111,0.09716875,-8.470329472543E-22));
#13338=CARTESIAN_POINT('',(0.136583333333333,0.09716875,-8.470329472543E-22));
#13339=CARTESIAN_POINT('',(0.136583333333333,0.0965177083333335,0.));
#13340=CARTESIAN_POINT('',(0.136583333333333,0.0958666666666669,-8.470329472543E-22));
#13341=CARTESIAN_POINT('',(0.140581597222222,0.0958666666666669,0.));
#13342=CARTESIAN_POINT('',(0.144579861111111,0.0958666666666669,0.));
#13343=CARTESIAN_POINT('',(0.144579861111111,0.0965177083333335,0.));
#13344=CARTESIAN_POINT('',(0.138157118055556,0.103222569444445,0.));
#13345=CARTESIAN_POINT('',(0.136583333333333,0.102311111111111,-8.470329472543E-22));
#13346=CARTESIAN_POINT('',(0.139730902777778,0.104134027777778,-1.6940658945086E-21));
#13347=CARTESIAN_POINT('',(0.141946996727619,0.105055574629628,-8.470329472543E-22));
#13348=CARTESIAN_POINT('',(0.140630208333333,0.103049826388889,-1.6940658945086E-21));
#13349=CARTESIAN_POINT('',(0.142105902777778,0.102647916666667,-8.470329472543E-22));
#13350=CARTESIAN_POINT('',(0.141237847222222,0.102647916666667,-8.470329472543E-22));
#13351=CARTESIAN_POINT('',(0.140630208333333,0.103049826388889,-8.470329472543E-22));
#13352=CARTESIAN_POINT('',(0.142105902777778,0.102647916666667,-1.6940658945086E-21));
#13353=CARTESIAN_POINT('',(0.143143229166667,0.102891840277778,-8.470329472543E-22));
#13354=CARTESIAN_POINT('',(0.142682291666667,0.102647916666667,-8.470329472543E-22));
#13355=CARTESIAN_POINT('',(0.142105902777778,0.102647916666667,-8.470329472543E-22));
#13356=CARTESIAN_POINT('',(0.143143229166667,0.102891840277778,-1.6940658945086E-21));
#13357=CARTESIAN_POINT('',(0.14196117983653,0.105147172707422,-8.470329472543E-22));
#13358=CARTESIAN_POINT('',(0.143929734147655,0.103532427037584,2.49999999084173E-10));
#13359=CARTESIAN_POINT('',(0.141819580907836,0.105261175357122,-8.470329472543E-22));
#13360=CARTESIAN_POINT('',(0.144417356841249,0.104428584981256,-8.470329472543E-22));
#13361=CARTESIAN_POINT('',(0.141340368150217,0.105442317762454,-8.470329472543E-22));
#13362=CARTESIAN_POINT('',(0.144579950658603,0.105436110939544,2.50000000021368E-10));
#13363=CARTESIAN_POINT('',(0.144579861111111,0.105713020833333,0.));
#13364=CARTESIAN_POINT('',(0.144579861111111,0.105989930555556,-8.470329472543E-22));
#13365=CARTESIAN_POINT('',(0.144086805555556,0.105989930555556,0.));
#13366=CARTESIAN_POINT('',(0.14359375,0.105989930555556,-8.470329472543E-22));
#13367=CARTESIAN_POINT('',(0.14359375,0.105724305555556,0.));
#13368=CARTESIAN_POINT('',(0.14359375,0.105458680555556,-1.6940658945086E-21));
#13369=CARTESIAN_POINT('',(0.143435763888889,0.104654861111111,-8.470329472543E-22));
#13370=CARTESIAN_POINT('',(0.14359375,0.104958680555556,-8.470329472543E-22));
#13371=CARTESIAN_POINT('',(0.14359375,0.105458680555556,-8.470329472543E-22));
#13372=CARTESIAN_POINT('',(0.143435763888889,0.104654861111111,-1.6940658945086E-21));
#13373=CARTESIAN_POINT('',(0.143045138888889,0.104183506944445,-8.470329472543E-22));
#13374=CARTESIAN_POINT('',(0.143277777777778,0.104351041666667,-8.470329472543E-22));
#13375=CARTESIAN_POINT('',(0.143435763888889,0.104654861111111,-8.470329472543E-22));
#13376=CARTESIAN_POINT('',(0.143045138888889,0.104183506944445,-1.6940658945086E-21));
#13377=CARTESIAN_POINT('',(0.142273536725713,0.105225447806556,-8.470329472543E-22));
#13378=CARTESIAN_POINT('',(0.142557276581031,0.103961344990588,2.49999999998431E-10));
#13379=CARTESIAN_POINT('',(0.142062404410286,0.106109803529582,-8.470329472543E-22));
#13380=CARTESIAN_POINT('',(0.142105902777778,0.103906597222222,-1.6940658945086E-21));
#13381=CARTESIAN_POINT('',(0.141287326388889,0.104026388888889,-8.470329472543E-22));
#13382=CARTESIAN_POINT('',(0.141618055555556,0.103906597222222,-8.470329472543E-22));
#13383=CARTESIAN_POINT('',(0.142105902777778,0.103906597222222,-8.470329472543E-22));
#13384=CARTESIAN_POINT('',(0.141287326388889,0.104026388888889,-1.6940658945086E-21));
#13385=CARTESIAN_POINT('',(0.140771701388889,0.104341493055556,-8.470329472543E-22));
#13386=CARTESIAN_POINT('',(0.140956597222222,0.104146180555556,-8.470329472543E-22));
#13387=CARTESIAN_POINT('',(0.141287326388889,0.104026388888889,-8.470329472543E-22));
#13388=CARTESIAN_POINT('',(0.140771701388889,0.104341493055556,-1.6940658945086E-21));
#13389=CARTESIAN_POINT('',(0.141616081709346,0.105158274003734,-8.470329472543E-22));
#13390=CARTESIAN_POINT('',(0.140506052105662,0.104775512616493,2.49999999997849E-10));
#13391=CARTESIAN_POINT('',(0.141904990619281,0.10525884726324,-8.470329472543E-22));
#13392=CARTESIAN_POINT('',(0.14042525765884,0.10525208292391,2.49999999997116E-10));
#13393=CARTESIAN_POINT('',(0.140425347222222,0.105621006944445,0.));
#13394=CARTESIAN_POINT('',(0.140425347222222,0.105989930555556,-8.470329472543E-22));
#13395=CARTESIAN_POINT('',(0.139947916666667,0.105989930555556,0.));
#13396=CARTESIAN_POINT('',(0.139470486111111,0.105989930555556,-8.470329472543E-22));
#13397=CARTESIAN_POINT('',(0.139470486111111,0.105774869791667,0.));
#13398=CARTESIAN_POINT('',(0.139470572706484,0.105382290123519,2.49999999970157E-10));
#13399=CARTESIAN_POINT('',(0.140418497032961,0.105365397904951,-8.470329472543E-22));
#13400=CARTESIAN_POINT('',(0.139475581486456,0.10526856478862,-8.4703294730579E-22));
#13401=CARTESIAN_POINT('',(0.1389699485533,0.105195363760785,-8.470329472543E-22));
#13402=CARTESIAN_POINT('',(0.139480930767747,0.105198278462381,-4.2351647362715E-22));
#13403=CARTESIAN_POINT('',(0.138032118055556,0.104443923611111,0.));
#13404=CARTESIAN_POINT('',(0.136583333333333,0.103689583333333,0.));
#13405=CARTESIAN_POINT('',(0.136583333333333,0.103000347222222,0.));
#13406=CARTESIAN_POINT('',(0.138965277777778,0.115344097222222,-8.470329472543E-22));
#13407=CARTESIAN_POINT('',(0.1396875,0.115561111111111,-8.470329472543E-22));
#13408=CARTESIAN_POINT('',(0.140619791666667,0.115561111111111,-8.470329472543E-22));
#13409=CARTESIAN_POINT('',(0.140619791666667,0.115561111111111,-1.6940658945086E-21));
#13410=CARTESIAN_POINT('',(0.138965277777778,0.115344097222222,-1.6940658945086E-21));
#13411=CARTESIAN_POINT('',(0.137733506944444,0.114747743055556,-8.470329472543E-22));
#13412=CARTESIAN_POINT('',(0.138243055555556,0.115127083333333,-8.470329472543E-22));
#13413=CARTESIAN_POINT('',(0.138965277777778,0.115344097222222,-8.470329472543E-22));
#13414=CARTESIAN_POINT('',(0.137733506944444,0.114747743055556,-1.6940658945086E-21));
#13415=CARTESIAN_POINT('',(0.139444317632465,0.112413907155736,-8.470329472543E-22));
#13416=CARTESIAN_POINT('',(0.136925197831694,0.113836369078011,-8.47032947231927E-22));
#13417=CARTESIAN_POINT('',(0.139632504716299,0.112318573422017,-8.470329472543E-22));
#13418=CARTESIAN_POINT('',(0.136550653022441,0.112686111111111,-4.2351647362715E-22));
#13419=CARTESIAN_POINT('',(0.137044270833333,0.112686111111111,0.));
#13420=CARTESIAN_POINT('',(0.137537820025418,0.112686111111111,0.));
#13421=CARTESIAN_POINT('',(0.139062688177471,0.112268639437119,-8.470329472543E-22));
#13422=CARTESIAN_POINT('',(0.137853298611111,0.113287673611111,-1.6940658945086E-21));
#13423=CARTESIAN_POINT('',(0.138466145833333,0.113776388888889,-8.470329472543E-22));
#13424=CARTESIAN_POINT('',(0.138081597222222,0.113564583333333,-8.470329472543E-22));
#13425=CARTESIAN_POINT('',(0.137853298611111,0.113287673611111,-8.470329472543E-22));
#13426=CARTESIAN_POINT('',(0.138466145833333,0.113776388888889,-1.6940658945086E-21));
#13427=CARTESIAN_POINT('',(0.1393828125,0.114107118055556,-8.470329472543E-22));
#13428=CARTESIAN_POINT('',(0.138850694444444,0.113988194444445,-8.470329472543E-22));
#13429=CARTESIAN_POINT('',(0.138466145833333,0.113776388888889,-8.470329472543E-22));
#13430=CARTESIAN_POINT('',(0.1393828125,0.114107118055556,-1.6940658945086E-21));
#13431=CARTESIAN_POINT('',(0.140619791666667,0.114238194444445,-8.470329472543E-22));
#13432=CARTESIAN_POINT('',(0.139914930555556,0.114226041666667,-8.470329472543E-22));
#13433=CARTESIAN_POINT('',(0.1393828125,0.114107118055556,-8.470329472543E-22));
#13434=CARTESIAN_POINT('',(0.140619791666667,0.114238194444445,-1.6940658945086E-21));
#13435=CARTESIAN_POINT('',(0.141840277777778,0.114107118055556,-8.470329472543E-22));
#13436=CARTESIAN_POINT('',(0.141324652777778,0.114226041666667,-8.470329472543E-22));
#13437=CARTESIAN_POINT('',(0.140619791666667,0.114238194444445,-8.470329472543E-22));
#13438=CARTESIAN_POINT('',(0.141840277777778,0.114107118055556,-1.6940658945086E-21));
#13439=CARTESIAN_POINT('',(0.142719618055556,0.113776388888889,-8.470329472543E-22));
#13440=CARTESIAN_POINT('',(0.142355902777778,0.113988194444445,-8.470329472543E-22));
#13441=CARTESIAN_POINT('',(0.141840277777778,0.114107118055556,-8.470329472543E-22));
#13442=CARTESIAN_POINT('',(0.142719618055556,0.113776388888889,-1.6940658945086E-21));
#13443=CARTESIAN_POINT('',(0.1432890625,0.113287673611111,-8.470329472543E-22));
#13444=CARTESIAN_POINT('',(0.143083333333333,0.113564583333333,-8.470329472543E-22));
#13445=CARTESIAN_POINT('',(0.142719618055556,0.113776388888889,-8.470329472543E-22));
#13446=CARTESIAN_POINT('',(0.1432890625,0.113287673611111,-1.6940658945086E-21));
#13447=CARTESIAN_POINT('',(0.141876861351604,0.112228167199944,-8.470329472543E-22));
#13448=CARTESIAN_POINT('',(0.143581700159141,0.112686111111111,0.));
#13449=CARTESIAN_POINT('',(0.144124131944444,0.112686111111111,0.));
#13450=CARTESIAN_POINT('',(0.144666328764391,0.112686111111111,-4.2351647362715E-22));
#13451=CARTESIAN_POINT('',(0.141550611219055,0.11232430007143,-8.470329472543E-22));
#13452=CARTESIAN_POINT('',(0.144298748549294,0.1138363606261,2.49999998080555E-10));
#13453=CARTESIAN_POINT('',(0.141798344785886,0.112450093705923,-8.470329472543E-22));
#13454=CARTESIAN_POINT('',(0.143500868055556,0.114747743055556,-1.6940658945086E-21));
#13455=CARTESIAN_POINT('',(0.142275173611111,0.115344097222222,-8.470329472543E-22));
#13456=CARTESIAN_POINT('',(0.142996527777778,0.115127083333333,-8.470329472543E-22));
#13457=CARTESIAN_POINT('',(0.143500868055556,0.114747743055556,-8.470329472543E-22));
#13458=CARTESIAN_POINT('',(0.142275173611111,0.115344097222222,-8.470329472543E-22));
#13459=CARTESIAN_POINT('',(0.140619791666667,0.115561111111111,-8.470329472543E-22));
#13460=CARTESIAN_POINT('',(0.141553819444444,0.115561111111111,-8.470329472543E-22));
#13461=CARTESIAN_POINT('',(0.142275173611111,0.115344097222222,-8.470329472543E-22));
#13462=CARTESIAN_POINT('',(0.140581597222222,0.107736458333333,0.));
#13463=CARTESIAN_POINT('',(0.144579861111111,0.107736458333333,-8.470329472543E-22));
#13464=CARTESIAN_POINT('',(0.136583333333333,0.107736458333333,-8.470329472543E-22));
#13465=CARTESIAN_POINT('',(0.136583333333333,0.107085416666667,0.));
#13466=CARTESIAN_POINT('',(0.136583333333333,0.106434375,-8.470329472543E-22));
#13467=CARTESIAN_POINT('',(0.140581597222222,0.106434375,0.));
#13468=CARTESIAN_POINT('',(0.144579861111111,0.106434375,0.));
#13469=CARTESIAN_POINT('',(0.144579861111111,0.107085416666667,0.));
#13470=CARTESIAN_POINT('',(0.150164930555555,0.117178298611111,0.));
#13471=CARTESIAN_POINT('',(0.146166666666667,0.117178298611111,-8.470329472543E-22));
#13472=CARTESIAN_POINT('',(0.154163194444445,0.117178298611111,-8.470329472543E-22));
#13473=CARTESIAN_POINT('',(0.154163194444445,0.117839756944444,0.));
#13474=CARTESIAN_POINT('',(0.154163194444445,0.118501215277778,-8.470329472543E-22));
#13475=CARTESIAN_POINT('',(0.150164930555555,0.118501215277778,0.));
#13476=CARTESIAN_POINT('',(0.146166666666667,0.118501215277778,0.));
#13477=CARTESIAN_POINT('',(0.146166666666667,0.117839756944444,0.));
#13478=CARTESIAN_POINT('',(0.146650173611111,0.111806770833333,0.));
#13479=CARTESIAN_POINT('',(0.147187618527297,0.111806770833333,-4.2351647362715E-22));
#13480=CARTESIAN_POINT('',(0.146113721754417,0.111806770833333,-4.2351647362715E-22));
#13481=CARTESIAN_POINT('',(0.149355228647597,0.111938659316291,-8.470329472543E-22));
#13482=CARTESIAN_POINT('',(0.146361621529481,0.110689434092175,-8.47032947268297E-22));
#13483=CARTESIAN_POINT('',(0.1491390104685,0.111885563558621,-8.470329472543E-22));
#13484=CARTESIAN_POINT('',(0.146981174986336,0.109767150099031,-8.470329472543E-22));
#13485=CARTESIAN_POINT('',(0.147376736111111,0.110217361111111,0.));
#13486=CARTESIAN_POINT('',(0.147772569444444,0.110667881944444,-1.6940658945086E-21));
#13487=CARTESIAN_POINT('',(0.148874531510511,0.111960576272254,-8.470329472543E-22));
#13488=CARTESIAN_POINT('',(0.147359960449365,0.111193780817003,2.49999999731296E-10));
#13489=CARTESIAN_POINT('',(0.148941193521684,0.111969858350906,-8.470329472543E-22));
#13490=CARTESIAN_POINT('',(0.144040698589027,0.175809805438705,-8.470329472543E-22));
#13491=CARTESIAN_POINT('',(0.14334375,0.174753819444445,-1.6940658945086E-21));
#13492=CARTESIAN_POINT('',(0.143452311455888,0.174688820728418,8.80171420873437E-16));
#13493=CARTESIAN_POINT('',(0.147984781873416,0.182895452940579,-8.470329472543E-22));
#13494=CARTESIAN_POINT('',(0.143696181783508,0.174558509456085,-1.01643953670516E-21));
#13495=CARTESIAN_POINT('',(0.14384973501462,0.174479125548246,0.));
#13496=CARTESIAN_POINT('',(0.144010416642719,0.174396180437367,-8.470329472543E-22));
#13497=CARTESIAN_POINT('',(0.148311762644443,0.182701165750631,-8.470329472543E-22));
#13498=CARTESIAN_POINT('',(0.144319444444444,0.174243402777778,-1.6940658945086E-21));
#13499=CARTESIAN_POINT('',(0.144607638888889,0.175041145833333,-8.470329472543E-22));
#13500=CARTESIAN_POINT('',(0.144515625,0.174547222222222,-8.470329472543E-22));
#13501=CARTESIAN_POINT('',(0.144319444444444,0.174243402777778,-8.470329472543E-22));
#13502=CARTESIAN_POINT('',(0.144607638888889,0.175041145833333,-1.6940658945086E-21));
#13503=CARTESIAN_POINT('',(0.138695602497979,0.176157783085989,-8.470329472543E-22));
#13504=CARTESIAN_POINT('',(0.144710237642053,0.1760125,-4.2351647362715E-22));
#13505=CARTESIAN_POINT('',(0.144162326388889,0.1760125,0.));
#13506=CARTESIAN_POINT('',(0.143614583333333,0.1760125,-1.6940658945086E-21));
#13507=CARTESIAN_POINT('',(0.143604166666667,0.175458680555555,-8.470329472543E-22));
#13508=CARTESIAN_POINT('',(0.143637152777778,0.175675694444445,-8.470329472543E-22));
#13509=CARTESIAN_POINT('',(0.143614583333333,0.1760125,-8.470329472543E-22));
#13510=CARTESIAN_POINT('',(0.143604166666667,0.175458680555555,-1.6940658945086E-21));
#13511=CARTESIAN_POINT('',(0.141516636404059,0.17574063331528,-8.470329472543E-22));
#13512=CARTESIAN_POINT('',(0.143522557051553,0.175101043797427,2.49999999998431E-10));
#13513=CARTESIAN_POINT('',(0.142677182886177,0.1753651211749,-8.470329472543E-22));
#13514=CARTESIAN_POINT('',(0.143419555203008,0.174883828862979,2.49999873034561E-10));
#13515=CARTESIAN_POINT('',(0.143929391063006,0.174497550303314,-8.470329472543E-22));
#13516=CARTESIAN_POINT('',(0.137581597222222,0.178437847222222,0.));
#13517=CARTESIAN_POINT('',(0.138048013332898,0.178323410563394,-8.470329472543E-22));
#13518=CARTESIAN_POINT('',(0.137114144597594,0.178552538200755,-4.2351647362715E-22));
#13519=CARTESIAN_POINT('',(0.138471883062369,0.17739780742386,-8.470329472543E-22));
#13520=CARTESIAN_POINT('',(0.136838694234566,0.17811226005569,5.02244713627231E-16));
#13521=CARTESIAN_POINT('',(0.139464649933469,0.176935334938848,-8.470329472543E-22));
#13522=CARTESIAN_POINT('',(0.136658899675783,0.17757585765277,-4.2351647362715E-22));
#13523=CARTESIAN_POINT('',(0.140906565066161,0.17658864979571,-8.470329472543E-22));
#13524=CARTESIAN_POINT('',(0.136566845938762,0.177016839694579,2.49999999998431E-10));
#13525=CARTESIAN_POINT('',(0.142099329409411,0.176468919448533,-8.470329472543E-22));
#13526=CARTESIAN_POINT('',(0.136539893840061,0.176479513958857,2.4999999971318E-10));
#13527=CARTESIAN_POINT('',(0.136539930555556,0.176468229166667,0.));
#13528=CARTESIAN_POINT('',(0.136539930555556,0.176456944444445,-8.470329472543E-22));
#13529=CARTESIAN_POINT('',(0.137055555555556,0.176456944444445,0.));
#13530=CARTESIAN_POINT('',(0.137571180555556,0.176456944444445,-8.470329472543E-22));
#13531=CARTESIAN_POINT('',(0.137571180555556,0.1764734375,0.));
#13532=CARTESIAN_POINT('',(0.137571044392095,0.176489931687229,2.49999999988515E-10));
#13533=CARTESIAN_POINT('',(0.14031719773234,0.176467108016899,-8.470329472543E-22));
#13534=CARTESIAN_POINT('',(0.137614701320824,0.176956922985327,1.55608767653931E-15));
#13535=CARTESIAN_POINT('',(0.142501807886742,0.176105580729755,-8.470329472543E-22));
#13536=CARTESIAN_POINT('',(0.13772831289492,0.177456072352726,2.49999956229712E-10));
#13537=CARTESIAN_POINT('',(0.145703796688288,0.175212052252914,-8.470329472543E-22));
#13538=CARTESIAN_POINT('',(0.13788044288083,0.177938638565871,-8.470329472543E-22));
#13539=CARTESIAN_POINT('',(0.140106783024883,0.177199616159173,-8.470329472543E-22));
#13540=CARTESIAN_POINT('',(0.154163194444445,0.150690451388889,0.));
#13541=CARTESIAN_POINT('',(0.154163194444445,0.149947395833333,-8.470329472543E-22));
#13542=CARTESIAN_POINT('',(0.154163194444445,0.151433506944444,-8.470329472543E-22));
#13543=CARTESIAN_POINT('',(0.151895833333334,0.150381423611111,0.));
#13544=CARTESIAN_POINT('',(0.149628472222222,0.149329340277778,-8.470329472543E-22));
#13545=CARTESIAN_POINT('',(0.150339409722222,0.1490359375,0.));
#13546=CARTESIAN_POINT('',(0.151050347222222,0.148742534722222,0.));
#13547=CARTESIAN_POINT('',(0.152606770833334,0.149344965277778,0.));
#13548=CARTESIAN_POINT('',(0.154163194444445,0.157256423611111,0.));
#13549=CARTESIAN_POINT('',(0.154163194444445,0.156924826388889,-8.470329472543E-22));
#13550=CARTESIAN_POINT('',(0.154163194444445,0.157588020833334,-8.470329472543E-22));
#13551=CARTESIAN_POINT('',(0.153670138888889,0.157588020833334,0.));
#13552=CARTESIAN_POINT('',(0.153177083333333,0.157588020833334,-8.470329472543E-22));
#13553=CARTESIAN_POINT('',(0.153177083333333,0.157430034722222,0.));
#13554=CARTESIAN_POINT('',(0.153177083333333,0.157272048611111,-1.6940658945086E-21));
#13555=CARTESIAN_POINT('',(0.152932291666666,0.155753819444444,-8.470329472543E-22));
#13556=CARTESIAN_POINT('',(0.153177083333333,0.156339756944444,-8.470329472543E-22));
#13557=CARTESIAN_POINT('',(0.153177083333333,0.157272048611111,-8.470329472543E-22));
#13558=CARTESIAN_POINT('',(0.152932291666666,0.155753819444444,-1.6940658945086E-21));
#13559=CARTESIAN_POINT('',(0.152291666666666,0.154825868055556,-8.470329472543E-22));
#13560=CARTESIAN_POINT('',(0.1526875,0.155167881944445,-8.470329472543E-22));
#13561=CARTESIAN_POINT('',(0.152932291666666,0.155753819444444,-8.470329472543E-22));
#13562=CARTESIAN_POINT('',(0.152291666666666,0.154825868055556,-1.6940658945086E-21));
#13563=CARTESIAN_POINT('',(0.150907162073178,0.156398658439758,-8.470329472543E-22));
#13564=CARTESIAN_POINT('',(0.151408017427908,0.154364804512244,2.49999500246559E-10));
#13565=CARTESIAN_POINT('',(0.150420782164517,0.158401412349449,-8.470329472543E-22));
#13566=CARTESIAN_POINT('',(0.150420138888555,0.154246004788532,-8.470329472543E-22));
#13567=CARTESIAN_POINT('',(0.147967881944444,0.154831944444445,-8.470329472543E-22));
#13568=CARTESIAN_POINT('',(0.148814236111111,0.154246006944445,-8.470329472543E-22));
#13569=CARTESIAN_POINT('',(0.150420138888889,0.154246006944445,-8.470329472543E-22));
#13570=CARTESIAN_POINT('',(0.147967881944444,0.154831944444445,-1.6940658945086E-21));
#13571=CARTESIAN_POINT('',(0.147121527777778,0.156740798611111,-8.470329472543E-22));
#13572=CARTESIAN_POINT('',(0.147121527777778,0.155417881944445,-8.470329472543E-22));
#13573=CARTESIAN_POINT('',(0.147967881944444,0.154831944444445,-8.470329472543E-22));
#13574=CARTESIAN_POINT('',(0.147121527777778,0.156740798611111,-8.470329472543E-22));
#13575=CARTESIAN_POINT('',(0.147121527777778,0.157164409722222,0.));
#13576=CARTESIAN_POINT('',(0.147121527777778,0.157588020833334,-8.470329472543E-22));
#13577=CARTESIAN_POINT('',(0.146644097222222,0.157588020833334,0.));
#13578=CARTESIAN_POINT('',(0.146166666666667,0.157588020833334,-8.470329472543E-22));
#13579=CARTESIAN_POINT('',(0.146166666666667,0.156947395833334,0.));
#13580=CARTESIAN_POINT('',(0.146166245584691,0.156306756760582,2.49999999991873E-10));
#13581=CARTESIAN_POINT('',(0.150706326239147,0.156458488323743,-8.470329472543E-22));
#13582=CARTESIAN_POINT('',(0.146204861111111,0.155840625,-1.6940658945086E-21));
#13583=CARTESIAN_POINT('',(0.146378472222222,0.155146180555556,-8.470329472543E-22));
#13584=CARTESIAN_POINT('',(0.146243055555556,0.155525520833334,-8.470329472543E-22));
#13585=CARTESIAN_POINT('',(0.146204861111111,0.155840625,-8.470329472543E-22));
#13586=CARTESIAN_POINT('',(0.146378472222222,0.155146180555556,-1.6940658945086E-21));
#13587=CARTESIAN_POINT('',(0.149788236368488,0.156421019936699,-8.470329472543E-22));
#13588=CARTESIAN_POINT('',(0.146785590277778,0.154359722222222,-1.6940658945086E-21));
#13589=CARTESIAN_POINT('',(0.147528645833333,0.153627083333333,-8.470329472543E-22));
#13590=CARTESIAN_POINT('',(0.147057291666667,0.153952604166667,-8.470329472543E-22));
#13591=CARTESIAN_POINT('',(0.146785590277778,0.154359722222222,-8.470329472543E-22));
#13592=CARTESIAN_POINT('',(0.147528645833333,0.153627083333333,-1.6940658945086E-21));
#13593=CARTESIAN_POINT('',(0.148700520833333,0.153089756944445,-8.470329472543E-22));
#13594=CARTESIAN_POINT('',(0.148,0.1533015625,-8.470329472543E-22));
#13595=CARTESIAN_POINT('',(0.147528645833333,0.153627083333333,-8.470329472543E-22));
#13596=CARTESIAN_POINT('',(0.148700520833333,0.153089756944445,-1.6940658945086E-21));
#13597=CARTESIAN_POINT('',(0.150387152777778,0.152877951388889,-8.470329472543E-22));
#13598=CARTESIAN_POINT('',(0.149401041666667,0.152877951388889,-8.470329472543E-22));
#13599=CARTESIAN_POINT('',(0.148700520833333,0.153089756944445,-8.470329472543E-22));
#13600=CARTESIAN_POINT('',(0.150387152776583,0.152877949582922,-8.470329472543E-22));
#13601=CARTESIAN_POINT('',(0.150389799320741,0.156877324647534,-8.470329472543E-22));
#13602=CARTESIAN_POINT('',(0.151782099665606,0.153128000010843,2.49998994488207E-10));
#13603=CARTESIAN_POINT('',(0.150571225389337,0.156416398653553,-8.470329472543E-22));
#13604=CARTESIAN_POINT('',(0.1529921875,0.153882291666667,-1.6940658945086E-21));
#13605=CARTESIAN_POINT('',(0.15384375,0.155151388888889,-8.470329472543E-22));
#13606=CARTESIAN_POINT('',(0.153524305555556,0.154386631944444,-8.470329472543E-22));
#13607=CARTESIAN_POINT('',(0.1529921875,0.153882291666667,-8.470329472543E-22));
#13608=CARTESIAN_POINT('',(0.15384375,0.155151388888889,-8.470329472543E-22));
#13609=CARTESIAN_POINT('',(0.154163194444445,0.156924826388889,-8.470329472543E-22));
#13610=CARTESIAN_POINT('',(0.154163194444445,0.155916145833333,-8.470329472543E-22));
#13611=CARTESIAN_POINT('',(0.15384375,0.155151388888889,-8.470329472543E-22));
#13612=CARTESIAN_POINT('',(0.148706597222222,0.1330203125,0.));
#13613=CARTESIAN_POINT('',(0.148706597222222,0.132292881944444,-8.470329472543E-22));
#13614=CARTESIAN_POINT('',(0.148706597222222,0.133747743055555,-8.470329472543E-22));
#13615=CARTESIAN_POINT('',(0.148266493055556,0.133899652777778,0.));
#13616=CARTESIAN_POINT('',(0.147826388888889,0.1340515625,-8.470329472543E-22));
#13617=CARTESIAN_POINT('',(0.147826388888889,0.133015104166667,0.));
#13618=CARTESIAN_POINT('',(0.147826388888889,0.131978645833333,0.));
#13619=CARTESIAN_POINT('',(0.148266493055556,0.132135763888889,0.));
#13620=CARTESIAN_POINT('',(0.146166666666667,0.143252083333333,0.));
#13621=CARTESIAN_POINT('',(0.146166666666667,0.143914409722222,-8.470329472543E-22));
#13622=CARTESIAN_POINT('',(0.146166666666667,0.142589756944444,-8.470329472543E-22));
#13623=CARTESIAN_POINT('',(0.150164930555555,0.142589756944444,0.));
#13624=CARTESIAN_POINT('',(0.154163194444445,0.142589756944444,-8.470329472543E-22));
#13625=CARTESIAN_POINT('',(0.154163194444445,0.143252083333333,0.));
#13626=CARTESIAN_POINT('',(0.154163194444445,0.143914409722222,0.));
#13627=CARTESIAN_POINT('',(0.150164930555555,0.143914409722222,0.));
#13628=CARTESIAN_POINT('',(0.144579861111111,0.172219097222222,0.));
#13629=CARTESIAN_POINT('',(0.144579861111111,0.171476041666666,-8.470329472543E-22));
#13630=CARTESIAN_POINT('',(0.144579861111111,0.172962152777778,-8.470329472543E-22));
#13631=CARTESIAN_POINT('',(0.1423125,0.171910069444445,0.));
#13632=CARTESIAN_POINT('',(0.140045138888889,0.170857986111111,-8.470329472543E-22));
#13633=CARTESIAN_POINT('',(0.140756076388889,0.170564583333333,0.));
#13634=CARTESIAN_POINT('',(0.141467013888889,0.170271180555556,0.));
#13635=CARTESIAN_POINT('',(0.1430234375,0.170873611111111,0.));
#13636=CARTESIAN_POINT('',(0.140527777777778,0.1760125,0.));
#13637=CARTESIAN_POINT('',(0.141163194444444,0.1760125,-8.470329472543E-22));
#13638=CARTESIAN_POINT('',(0.139892361111111,0.1760125,-1.6940658945086E-21));
#13639=CARTESIAN_POINT('',(0.139426215277778,0.175372743055556,-8.470329472543E-22));
#13640=CARTESIAN_POINT('',(0.139675347222222,0.175621875,-8.470329472543E-22));
#13641=CARTESIAN_POINT('',(0.139892361111111,0.1760125,-8.470329472543E-22));
#13642=CARTESIAN_POINT('',(0.139426215277778,0.175372743055556,-1.6940658945086E-21));
#13643=CARTESIAN_POINT('',(0.138796875,0.175123611111111,-8.470329472543E-22));
#13644=CARTESIAN_POINT('',(0.139177083333333,0.175123611111111,-8.470329472543E-22));
#13645=CARTESIAN_POINT('',(0.139426215277778,0.175372743055556,-8.470329472543E-22));
#13646=CARTESIAN_POINT('',(0.138796875,0.175123611111111,-1.6940658945086E-21));
#13647=CARTESIAN_POINT('',(0.137614583333333,0.1760125,-8.470329472543E-22));
#13648=CARTESIAN_POINT('',(0.137831597222222,0.175123611111111,-8.470329472543E-22));
#13649=CARTESIAN_POINT('',(0.138796875,0.175123611111111,-8.470329472543E-22));
#13650=CARTESIAN_POINT('',(0.137614583333333,0.1760125,-8.470329472543E-22));
#13651=CARTESIAN_POINT('',(0.13709375,0.1760125,0.));
#13652=CARTESIAN_POINT('',(0.136573885968922,0.1760125,-4.2351647362715E-22));
#13653=CARTESIAN_POINT('',(0.139155395403258,0.176308194627465,-8.470329472543E-22));
#13654=CARTESIAN_POINT('',(0.136843648453607,0.175123559666077,2.499999998324E-10));
#13655=CARTESIAN_POINT('',(0.138916383714478,0.176189808020195,-8.470329472543E-22));
#13656=CARTESIAN_POINT('',(0.137348788303412,0.174466306629791,2.51364734900904E-16));
#13657=CARTESIAN_POINT('',(0.138831946657331,0.176120279369593,-8.470329472543E-22));
#13658=CARTESIAN_POINT('',(0.138016519668641,0.174054233260163,2.49999999998431E-10));
#13659=CARTESIAN_POINT('',(0.138775942880946,0.17595594582729,-8.470329472543E-22));
#13660=CARTESIAN_POINT('',(0.138776041666667,0.173908333333333,-1.6940658945086E-21));
#13661=CARTESIAN_POINT('',(0.139719618055556,0.174103645833334,-8.470329472543E-22));
#13662=CARTESIAN_POINT('',(0.139340277777778,0.173908333333333,-8.470329472543E-22));
#13663=CARTESIAN_POINT('',(0.138776041666667,0.173908333333333,-8.470329472543E-22));
#13664=CARTESIAN_POINT('',(0.139719618055556,0.174103645833334,-1.6940658945086E-21));
#13665=CARTESIAN_POINT('',(0.138746421593883,0.176030712715441,-8.470329472543E-22));
#13666=CARTESIAN_POINT('',(0.140364704823981,0.174602670569249,-8.470329472363E-22));
#13667=CARTESIAN_POINT('',(0.13800145699839,0.17666040829227,-8.470329472543E-22));
#13668=CARTESIAN_POINT('',(0.140815027827225,0.175280766663112,2.49999998460331E-10));
#13669=CARTESIAN_POINT('',(0.117291846358344,0.186921270415363,-8.470329472543E-22));
#13670=CARTESIAN_POINT('',(0.140581597222222,0.156057638888889,0.));
#13671=CARTESIAN_POINT('',(0.144579861111111,0.156057638888889,-8.470329472543E-22));
#13672=CARTESIAN_POINT('',(0.136583333333333,0.156057638888889,-8.470329472543E-22));
#13673=CARTESIAN_POINT('',(0.136583333333333,0.1553953125,0.));
#13674=CARTESIAN_POINT('',(0.136583333333333,0.154732986111111,-8.470329472543E-22));
#13675=CARTESIAN_POINT('',(0.139334201388889,0.154732986111111,0.));
#13676=CARTESIAN_POINT('',(0.142085069444444,0.154732986111111,-8.470329472543E-22));
#13677=CARTESIAN_POINT('',(0.139860243055556,0.1538328125,0.));
#13678=CARTESIAN_POINT('',(0.137635416666667,0.152932638888889,-8.470329472543E-22));
#13679=CARTESIAN_POINT('',(0.137635416666667,0.152759027777778,0.));
#13680=CARTESIAN_POINT('',(0.137635416666667,0.152585416666667,-8.470329472543E-22));
#13681=CARTESIAN_POINT('',(0.138639756944444,0.152585416666667,0.));
#13682=CARTESIAN_POINT('',(0.139644097222222,0.152585416666667,-8.470329472543E-22));
#13683=CARTESIAN_POINT('',(0.142111979166667,0.153659201388889,0.));
#13684=CARTESIAN_POINT('',(0.144579861111111,0.154732986111111,0.));
#13685=CARTESIAN_POINT('',(0.144579861111111,0.1553953125,0.));
#13686=CARTESIAN_POINT('',(0.140581597222222,0.146639236111111,0.));
#13687=CARTESIAN_POINT('',(0.144579861111111,0.146639236111111,-8.470329472543E-22));
#13688=CARTESIAN_POINT('',(0.136583333333333,0.146639236111111,-8.470329472543E-22));
#13689=CARTESIAN_POINT('',(0.136583333333333,0.145977777777778,0.));
#13690=CARTESIAN_POINT('',(0.136583333333333,0.145316319444444,-8.470329472543E-22));
#13691=CARTESIAN_POINT('',(0.140581597222222,0.145316319444444,0.));
#13692=CARTESIAN_POINT('',(0.144579861111111,0.145316319444444,0.));
#13693=CARTESIAN_POINT('',(0.144579861111111,0.145977777777778,0.));
#13694=CARTESIAN_POINT('',(0.144579861111111,0.143253819444445,0.));
#13695=CARTESIAN_POINT('',(0.144579861111111,0.1416375,-8.470329472543E-22));
#13696=CARTESIAN_POINT('',(0.144579861111111,0.144870138888889,-8.470329472543E-22));
#13697=CARTESIAN_POINT('',(0.144086805555556,0.144870138888889,0.));
#13698=CARTESIAN_POINT('',(0.14359375,0.144870138888889,-8.470329472543E-22));
#13699=CARTESIAN_POINT('',(0.14359375,0.143253819444445,0.));
#13700=CARTESIAN_POINT('',(0.14359375,0.1416375,0.));
#13701=CARTESIAN_POINT('',(0.144086805555556,0.1416375,0.));
#13702=CARTESIAN_POINT('',(0.140631076388889,0.141974305555556,0.));
#13703=CARTESIAN_POINT('',(0.140185763888889,0.141974305555556,-8.470329472543E-22));
#13704=CARTESIAN_POINT('',(0.141076388888889,0.141974305555556,-8.470329472543E-22));
#13705=CARTESIAN_POINT('',(0.141076388888889,0.143422222222222,0.));
#13706=CARTESIAN_POINT('',(0.141076388888889,0.144870138888889,-8.470329472543E-22));
#13707=CARTESIAN_POINT('',(0.140631076388889,0.144870138888889,0.));
#13708=CARTESIAN_POINT('',(0.140185763888889,0.144870138888889,0.));
#13709=CARTESIAN_POINT('',(0.140185763888889,0.143422222222222,0.));
#13710=CARTESIAN_POINT('',(0.138157118055556,0.128170486111111,0.));
#13711=CARTESIAN_POINT('',(0.136583333333333,0.127259027777778,-8.470329472543E-22));
#13712=CARTESIAN_POINT('',(0.139730902777778,0.129081944444445,-1.6940658945086E-21));
#13713=CARTESIAN_POINT('',(0.14194699672762,0.130003491296295,-8.470329472543E-22));
#13714=CARTESIAN_POINT('',(0.140630208333333,0.127997743055556,-1.6940658945086E-21));
#13715=CARTESIAN_POINT('',(0.142105902777778,0.127595833333333,-8.470329472543E-22));
#13716=CARTESIAN_POINT('',(0.141237847222222,0.127595833333333,-8.470329472543E-22));
#13717=CARTESIAN_POINT('',(0.140630208333333,0.127997743055556,-8.470329472543E-22));
#13718=CARTESIAN_POINT('',(0.142105902777778,0.127595833333333,-1.6940658945086E-21));
#13719=CARTESIAN_POINT('',(0.143143229166667,0.127839756944445,-8.470329472543E-22));
#13720=CARTESIAN_POINT('',(0.142682291666667,0.127595833333333,-8.470329472543E-22));
#13721=CARTESIAN_POINT('',(0.142105902777778,0.127595833333333,-8.470329472543E-22));
#13722=CARTESIAN_POINT('',(0.143143229166667,0.127839756944445,-1.6940658945086E-21));
#13723=CARTESIAN_POINT('',(0.14196117983653,0.130095089374089,-8.470329472543E-22));
#13724=CARTESIAN_POINT('',(0.143929734147655,0.128480343704251,2.49999999075057E-10));
#13725=CARTESIAN_POINT('',(0.141819580907839,0.130209092023787,-8.470329472543E-22));
#13726=CARTESIAN_POINT('',(0.144417356841248,0.129376501647922,-8.470329472543E-22));
#13727=CARTESIAN_POINT('',(0.141340368150219,0.130390234429121,-8.470329472543E-22));
#13728=CARTESIAN_POINT('',(0.144579950658603,0.130384027606211,2.50000000021333E-10));
#13729=CARTESIAN_POINT('',(0.144579861111111,0.1306609375,0.));
#13730=CARTESIAN_POINT('',(0.144579861111111,0.130937847222222,-8.470329472543E-22));
#13731=CARTESIAN_POINT('',(0.144086805555556,0.130937847222222,0.));
#13732=CARTESIAN_POINT('',(0.14359375,0.130937847222222,-8.470329472543E-22));
#13733=CARTESIAN_POINT('',(0.14359375,0.130672222222222,0.));
#13734=CARTESIAN_POINT('',(0.14359375,0.130406597222222,-1.6940658945086E-21));
#13735=CARTESIAN_POINT('',(0.143435763888889,0.129602777777778,-8.470329472543E-22));
#13736=CARTESIAN_POINT('',(0.14359375,0.129906597222222,-8.470329472543E-22));
#13737=CARTESIAN_POINT('',(0.14359375,0.130406597222222,-8.470329472543E-22));
#13738=CARTESIAN_POINT('',(0.143435763888889,0.129602777777778,-1.6940658945086E-21));
#13739=CARTESIAN_POINT('',(0.143045138888889,0.129131423611111,-8.470329472543E-22));
#13740=CARTESIAN_POINT('',(0.143277777777778,0.129298958333333,-8.470329472543E-22));
#13741=CARTESIAN_POINT('',(0.143435763888889,0.129602777777778,-8.470329472543E-22));
#13742=CARTESIAN_POINT('',(0.143045138888889,0.129131423611111,-1.6940658945086E-21));
#13743=CARTESIAN_POINT('',(0.142273536725713,0.130173364473223,-8.470329472543E-22));
#13744=CARTESIAN_POINT('',(0.142557276581031,0.128909261657255,2.49999999997231E-10));
#13745=CARTESIAN_POINT('',(0.142062404410287,0.131057720196236,-8.470329472543E-22));
#13746=CARTESIAN_POINT('',(0.142105902777778,0.128854513888889,-1.6940658945086E-21));
#13747=CARTESIAN_POINT('',(0.141287326388889,0.128974305555556,-8.470329472543E-22));
#13748=CARTESIAN_POINT('',(0.141618055555556,0.128854513888889,-8.470329472543E-22));
#13749=CARTESIAN_POINT('',(0.142105902777778,0.128854513888889,-8.470329472543E-22));
#13750=CARTESIAN_POINT('',(0.141287326388889,0.128974305555556,-1.6940658945086E-21));
#13751=CARTESIAN_POINT('',(0.140771701388889,0.129289409722222,-8.470329472543E-22));
#13752=CARTESIAN_POINT('',(0.140956597222222,0.129094097222222,-8.470329472543E-22));
#13753=CARTESIAN_POINT('',(0.141287326388889,0.128974305555556,-8.470329472543E-22));
#13754=CARTESIAN_POINT('',(0.140771701388889,0.129289409722222,-1.6940658945086E-21));
#13755=CARTESIAN_POINT('',(0.141616081709347,0.130106190670402,-8.470329472543E-22));
#13756=CARTESIAN_POINT('',(0.140506052105662,0.129723429283159,2.49999999993902E-10));
#13757=CARTESIAN_POINT('',(0.141904990619281,0.130206763929907,-8.470329472543E-22));
#13758=CARTESIAN_POINT('',(0.14042525765884,0.130199999590577,2.50000000034641E-10));
#13759=CARTESIAN_POINT('',(0.140425347222222,0.130568923611111,0.));
#13760=CARTESIAN_POINT('',(0.140425347222222,0.130937847222222,-8.470329472543E-22));
#13761=CARTESIAN_POINT('',(0.139947916666667,0.130937847222222,0.));
#13762=CARTESIAN_POINT('',(0.139470486111111,0.130937847222222,-8.470329472543E-22));
#13763=CARTESIAN_POINT('',(0.139470486111111,0.130722786458333,0.));
#13764=CARTESIAN_POINT('',(0.139470572706484,0.130330206790185,2.499999999698E-10));
#13765=CARTESIAN_POINT('',(0.140418497032943,0.130313314571617,-8.470329472543E-22));
#13766=CARTESIAN_POINT('',(0.139475581486456,0.130216481455286,-8.47032947250335E-22));
#13767=CARTESIAN_POINT('',(0.138969948553301,0.130143280427451,-8.470329472543E-22));
#13768=CARTESIAN_POINT('',(0.139480930767681,0.130146195129088,-4.2351647362715E-22));
#13769=CARTESIAN_POINT('',(0.138032118055556,0.129391840277778,0.));
#13770=CARTESIAN_POINT('',(0.136583333333333,0.1286375,0.));
#13771=CARTESIAN_POINT('',(0.136583333333333,0.127948263888889,0.));
#13772=CARTESIAN_POINT('',(0.141916666666667,0.122549826388889,0.));
#13773=CARTESIAN_POINT('',(0.144579861111111,0.121443055555556,-8.470329472543E-22));
#13774=CARTESIAN_POINT('',(0.139253472222222,0.123656597222222,-8.470329472543E-22));
#13775=CARTESIAN_POINT('',(0.137918402777778,0.123656597222222,0.));
#13776=CARTESIAN_POINT('',(0.136583333333333,0.123656597222222,-8.470329472543E-22));
#13777=CARTESIAN_POINT('',(0.136583333333333,0.122995138888889,0.));
#13778=CARTESIAN_POINT('',(0.136583333333333,0.122333680555556,-8.470329472543E-22));
#13779=CARTESIAN_POINT('',(0.1382109375,0.122333680555556,0.));
#13780=CARTESIAN_POINT('',(0.139838541666667,0.122333680555556,-8.470329472543E-22));
#13781=CARTESIAN_POINT('',(0.142209201388889,0.1211453125,0.));
#13782=CARTESIAN_POINT('',(0.144579861111111,0.119956944444445,0.));
#13783=CARTESIAN_POINT('',(0.144579861111111,0.1207,0.));
#13784=CARTESIAN_POINT('',(0.23,0.1803,0.0015));
#13785=CARTESIAN_POINT('',(0.24695,0.1803,0.0015));
#13786=CARTESIAN_POINT('',(0.21305,0.1803,0.0015));
#13787=CARTESIAN_POINT('',(0.24695,0.16335,0.0015));
#13788=CARTESIAN_POINT('',(0.24695,0.1464,0.0015));
#13789=CARTESIAN_POINT('',(0.23,0.1464,0.0015));
#13790=CARTESIAN_POINT('',(0.21305,0.1464,0.0015));
#13791=CARTESIAN_POINT('',(0.24845,0.1347,0.0015));
#13792=CARTESIAN_POINT('',(0.24845,0.1449,0.0015));
#13793=CARTESIAN_POINT('',(0.24845,0.1245,0.0015));
#13794=CARTESIAN_POINT('',(0.258806716331373,0.1449,0.0015));
#13795=CARTESIAN_POINT('',(0.269163432662746,0.1449,0.0015));
#13796=CARTESIAN_POINT('',(0.275468287031678,0.1347,0.0015));
#13797=CARTESIAN_POINT('',(0.28177314140061,0.1245,0.0015));
#13798=CARTESIAN_POINT('',(0.294356875901637,0.123,0.0015));
#13799=CARTESIAN_POINT('',(0.30425,0.123,0.0015));
#13800=CARTESIAN_POINT('',(0.284463751803273,0.123,0.0015));
#13801=CARTESIAN_POINT('',(0.30425,0.106994893474375,0.0015));
#13802=CARTESIAN_POINT('',(0.30425,0.090989786948751,0.0015));
#13803=CARTESIAN_POINT('',(0.19423452998875,0.119002772464335,0.0015));
#13804=CARTESIAN_POINT('',(0.191763751803273,0.123,0.0015));
#13805=CARTESIAN_POINT('',(0.196705308174225,0.115005544928669,0.0015));
#13806=CARTESIAN_POINT('',(0.20070253570989,0.123,0.0015));
#13807=CARTESIAN_POINT('',(0.209641319616508,0.123,0.0015));
#13808=CARTESIAN_POINT('',(0.283070887413415,0.168379472898488,0.0015));
#13809=CARTESIAN_POINT('',(0.263782008608379,0.156458945796976,0.0015));
#13810=CARTESIAN_POINT('',(0.30235976621845,0.1803,0.0015));
#13811=CARTESIAN_POINT('',(0.256413656904855,0.168379472898488,0.0015));
#13812=CARTESIAN_POINT('',(0.249045305201332,0.1803,0.0015));
#13813=CARTESIAN_POINT('',(0.172875162933315,0.123,0.0015));
#13814=CARTESIAN_POINT('',(0.19000032586663,0.123,0.0015));
#13815=CARTESIAN_POINT('',(0.15575,0.123,0.0015));
#13816=CARTESIAN_POINT('',(0.192714819214117,0.118608489820034,0.0015));
#13817=CARTESIAN_POINT('',(0.195429312561603,0.114216979640069,0.0015));
#13818=CARTESIAN_POINT('',(0.175589656280802,0.101956072058533,0.0015));
#13819=CARTESIAN_POINT('',(0.15575,0.0896951644769979,0.0015));
#13820=CARTESIAN_POINT('',(0.230935893589804,0.134396717761501,0.0015));
#13821=CARTESIAN_POINT('',(0.24695,0.144293435523002,0.0015));
#13822=CARTESIAN_POINT('',(0.214921787179608,0.1245,0.0015));
#13823=CARTESIAN_POINT('',(0.24695,0.134396717761501,0.0015));
#13824=CARTESIAN_POINT('',(0.24695,0.1245,0.0015));
#13825=CARTESIAN_POINT('',(0.204521993502121,0.118072927507313,0.0015));
#13826=CARTESIAN_POINT('',(0.21155,0.122416235523002,0.0015));
#13827=CARTESIAN_POINT('',(0.197493987004244,0.113729619491624,0.0015));
#13828=CARTESIAN_POINT('',(0.21155,0.106703011235876,0.0015));
#13829=CARTESIAN_POINT('',(0.21155,0.090989786948751,0.0015));
#13830=CARTESIAN_POINT('',(0.194888429299695,0.1449,0.0015));
#13831=CARTESIAN_POINT('',(0.21155,0.1449,0.0015));
#13832=CARTESIAN_POINT('',(0.17822685859939,0.1449,0.0015));
#13833=CARTESIAN_POINT('',(0.21155,0.1347,0.0015));
#13834=CARTESIAN_POINT('',(0.21155,0.1245,0.0015));
#13835=CARTESIAN_POINT('',(0.201193283668627,0.1245,0.0015));
#13836=CARTESIAN_POINT('',(0.190836567337254,0.1245,0.0015));
#13837=CARTESIAN_POINT('',(0.165643124098364,0.162405106525625,0.0015));
#13838=CARTESIAN_POINT('',(0.175536248196726,0.1464,0.0015));
#13839=CARTESIAN_POINT('',(0.15575,0.178410213051249,0.0015));
#13840=CARTESIAN_POINT('',(0.165643124098364,0.1464,0.0015));
#13841=CARTESIAN_POINT('',(0.15575,0.1464,0.0015));
#13842=CARTESIAN_POINT('',(0.23,0.123,0.0015));
#13843=CARTESIAN_POINT('',(0.24695,0.123,0.0015));
#13844=CARTESIAN_POINT('',(0.21305,0.123,0.0015));
#13845=CARTESIAN_POINT('',(0.24695,0.10605,0.0015));
#13846=CARTESIAN_POINT('',(0.24695,0.0891,0.0015));
#13847=CARTESIAN_POINT('',(0.23,0.0891,0.0015));
#13848=CARTESIAN_POINT('',(0.21305,0.0891,0.0015));
#13849=CARTESIAN_POINT('',(0.284410343719198,0.167443927941467,0.0015));
#13850=CARTESIAN_POINT('',(0.30425,0.179704835523002,0.0015));
#13851=CARTESIAN_POINT('',(0.264570687438397,0.155183020359931,0.0015));
#13852=CARTESIAN_POINT('',(0.30425,0.163052417761501,0.0015));
#13853=CARTESIAN_POINT('',(0.30425,0.1464,0.0015));
#13854=CARTESIAN_POINT('',(0.287124837066685,0.1464,0.0015));
#13855=CARTESIAN_POINT('',(0.269999674133371,0.1464,0.0015));
#13856=CARTESIAN_POINT('',(0.203586343095145,0.101020527101512,0.0015));
#13857=CARTESIAN_POINT('',(0.210954694798668,0.0891,0.0015));
#13858=CARTESIAN_POINT('',(0.196217991391621,0.112941054203024,0.0015));
#13859=CARTESIAN_POINT('',(0.184297464290109,0.0891,0.0015));
#13860=CARTESIAN_POINT('',(0.15764023378155,0.0891,0.0015));
#13861=CARTESIAN_POINT('',(0.183947652600666,0.1803,0.0015));
#13862=CARTESIAN_POINT('',(0.21155,0.1803,0.0015));
#13863=CARTESIAN_POINT('',(0.156345305201331,0.1803,0.0015));
#13864=CARTESIAN_POINT('',(0.21155,0.16335,0.0015));
#13865=CARTESIAN_POINT('',(0.21155,0.1464,0.0015));
#13866=CARTESIAN_POINT('',(0.194424837066685,0.1464,0.0015));
#13867=CARTESIAN_POINT('',(0.17729967413337,0.1464,0.0015));
#13868=CARTESIAN_POINT('',(0.24845,0.162696988764124,0.0015));
#13869=CARTESIAN_POINT('',(0.24845,0.178410213051249,0.0015));
#13870=CARTESIAN_POINT('',(0.24845,0.146983764476998,0.0015));
#13871=CARTESIAN_POINT('',(0.255478006497878,0.167040296779812,0.0015));
#13872=CARTESIAN_POINT('',(0.262506012995756,0.155670380508376,0.0015));
#13873=CARTESIAN_POINT('',(0.287588429299695,0.1449,0.0015));
#13874=CARTESIAN_POINT('',(0.30425,0.1449,0.0015));
#13875=CARTESIAN_POINT('',(0.27092685859939,0.1449,0.0015));
#13876=CARTESIAN_POINT('',(0.30425,0.1347,0.0015));
#13877=CARTESIAN_POINT('',(0.30425,0.1245,0.0015));
#13878=CARTESIAN_POINT('',(0.293893283668627,0.1245,0.0015));
#13879=CARTESIAN_POINT('',(0.283536567337254,0.1245,0.0015));
#13880=CARTESIAN_POINT('',(0.276052347399334,0.0891,0.0015));
#13881=CARTESIAN_POINT('',(0.24845,0.0891,0.0015));
#13882=CARTESIAN_POINT('',(0.303654694798669,0.0891,0.0015));
#13883=CARTESIAN_POINT('',(0.24845,0.10605,0.0015));
#13884=CARTESIAN_POINT('',(0.24845,0.123,0.0015));
#13885=CARTESIAN_POINT('',(0.265575162933315,0.123,0.0015));
#13886=CARTESIAN_POINT('',(0.282700325866629,0.123,0.0015));
#13887=CARTESIAN_POINT('',(0.15575,0.1347,0.0015));
#13888=CARTESIAN_POINT('',(0.15575,0.1449,0.0015));
#13889=CARTESIAN_POINT('',(0.15575,0.1245,0.0015));
#13890=CARTESIAN_POINT('',(0.166106716331373,0.1449,0.0015));
#13891=CARTESIAN_POINT('',(0.176463432662746,0.1449,0.0015));
#13892=CARTESIAN_POINT('',(0.182768287031678,0.1347,0.0015));
#13893=CARTESIAN_POINT('',(0.18907314140061,0.1245,0.0015));
#13894=CARTESIAN_POINT('',(0.256826686104633,0.150397227535666,0.0015));
#13895=CARTESIAN_POINT('',(0.263294691825775,0.154394455071331,0.0015));
#13896=CARTESIAN_POINT('',(0.250358680383492,0.1464,0.0015));
#13897=CARTESIAN_POINT('',(0.265765470011251,0.150397227535666,0.0015));
#13898=CARTESIAN_POINT('',(0.268236248196727,0.1464,0.0015));
#13899=CARTESIAN_POINT('',(0.229064106410196,0.135003282238499,0.0015));
#13900=CARTESIAN_POINT('',(0.21305,0.125106564476998,0.0015));
#13901=CARTESIAN_POINT('',(0.245078212820391,0.1449,0.0015));
#13902=CARTESIAN_POINT('',(0.21305,0.135003282238499,0.0015));
#13903=CARTESIAN_POINT('',(0.21305,0.1449,0.0015));
#13904=CARTESIAN_POINT('',(0.145375,0.1823,0.0015));
#13905=CARTESIAN_POINT('',(0.135,0.1823,0.0015));
#13906=CARTESIAN_POINT('',(0.30625,0.1823,0.0015));
#13907=CARTESIAN_POINT('',(0.135,0.1347,0.0015));
#13908=CARTESIAN_POINT('',(0.135,0.0871,0.0015));
#13909=CARTESIAN_POINT('',(0.145375,0.0871,0.0015));
#13910=CARTESIAN_POINT('',(0.30625,0.0871,0.0015));
#13911=CARTESIAN_POINT('',(0.265111570700305,0.1245,0.0015));
#13912=CARTESIAN_POINT('',(0.294356875901637,0.106994893474375,0.0015));
#13913=CARTESIAN_POINT('',(0.203173313895367,0.119002772464335,0.0015));
#13914=CARTESIAN_POINT('',(0.275702535709891,0.1803,0.0015));
#13915=CARTESIAN_POINT('',(0.15575,0.106347582238499,0.0015));
#13916=CARTESIAN_POINT('',(0.230935893589804,0.1245,0.0015));
#13917=CARTESIAN_POINT('',(0.204521993502121,0.102359703220188,0.0015));
#13918=CARTESIAN_POINT('',(0.184531712968322,0.1347,0.0015));
#13919=CARTESIAN_POINT('',(0.15575,0.162405106525625,0.0015));
#13920=CARTESIAN_POINT('',(0.21305,0.10605,0.0015));
#13921=CARTESIAN_POINT('',(0.267285180785884,0.150791510179966,0.0015));
#13922=CARTESIAN_POINT('',(0.176929112586586,0.101020527101512,0.0015));
#13923=CARTESIAN_POINT('',(0.166822489667351,0.16335,0.0015));
#13924=CARTESIAN_POINT('',(0.255478006497878,0.151327072492687,0.0015));
#13925=CARTESIAN_POINT('',(0.277231712968322,0.1347,0.0015));
#13926=CARTESIAN_POINT('',(0.293177510332649,0.10605,0.0015));
#13927=CARTESIAN_POINT('',(0.172411570700305,0.1245,0.0015));
#13928=CARTESIAN_POINT('',(0.259297464290109,0.1464,0.0015));
#13929=CARTESIAN_POINT('',(0.229064106410196,0.1449,0.0015));
#13930=CARTESIAN_POINT('',(0.30625,0.1347,0.0015));
#13931=CARTESIAN_POINT('',(0.21305,0.16335,0.0015));
#13932=CARTESIAN_POINT('',(0.150164930555555,0.158032465277778,-2.00000000000005E-6));
#13933=CARTESIAN_POINT('',(0.146166666666667,0.158032465277778,-2.00000000000005E-6));
#13934=CARTESIAN_POINT('',(0.154163194444445,0.158032465277778,-2.00000000000005E-6));
#13935=CARTESIAN_POINT('',(0.146166666666667,0.158683506944444,-2.00000000000005E-6));
#13936=CARTESIAN_POINT('',(0.146166666666667,0.159334548611111,-2.00000000000005E-6));
#13937=CARTESIAN_POINT('',(0.154163194444445,0.158683506944444,-2.00000000000005E-6));
#13938=CARTESIAN_POINT('',(0.154163194444445,0.159334548611111,-2.00000000000005E-6));
#13939=CARTESIAN_POINT('',(0.150164930555555,0.159334548611111,-2.00000000000005E-6));
#13940=CARTESIAN_POINT('',(0.144260416666667,0.092985590277778,-8.470329472543E-22));
#13941=CARTESIAN_POINT('',(0.144260416666667,0.092985590277778,0.0015));
#13942=CARTESIAN_POINT('',(0.144047453703704,0.092475752314815,-8.470329472543E-22));
#13943=CARTESIAN_POINT('',(0.144047453703704,0.092475752314815,0.0015));
#13944=CARTESIAN_POINT('',(0.143763599537037,0.0920527199074076,-8.470329472543E-22));
#13945=CARTESIAN_POINT('',(0.143763599537037,0.0920527199074076,0.0015));
#13946=CARTESIAN_POINT('',(0.143408854166667,0.0917164930555558,-8.470329472543E-22));
#13947=CARTESIAN_POINT('',(0.143408854166667,0.0917164930555558,0.0015));
#13948=CARTESIAN_POINT('',(0.143408854166667,0.0917164930555558,-2.00000000000005E-6));
#13949=CARTESIAN_POINT('',(0.144260416666667,0.092985590277778,-2.00000000000005E-6));
#13950=CARTESIAN_POINT('',(0.140987892056003,0.0942506000424415,-2.00000000000005E-6));
#13951=CARTESIAN_POINT('',(0.142198784722222,0.090962152777778,-2.00000000000005E-6));
#13952=CARTESIAN_POINT('',(0.144579861111111,0.094759027777778,-8.470329472543E-22));
#13953=CARTESIAN_POINT('',(0.144579861111111,0.094759027777778,0.0015));
#13954=CARTESIAN_POINT('',(0.144579861111111,0.0940865740740743,-8.470329472543E-22));
#13955=CARTESIAN_POINT('',(0.144579861111111,0.0940865740740743,0.0015));
#13956=CARTESIAN_POINT('',(0.14447337962963,0.0934954282407409,-8.470329472543E-22));
#13957=CARTESIAN_POINT('',(0.14447337962963,0.0934954282407409,0.0015));
#13958=CARTESIAN_POINT('',(0.144260416666667,0.092985590277778,-8.470329472543E-22));
#13959=CARTESIAN_POINT('',(0.144260416666667,0.092985590277778,0.0015));
#13960=CARTESIAN_POINT('',(0.144579861111111,0.094759027777778,-2.00000000000005E-6));
#13961=CARTESIAN_POINT('',(0.140806465986624,0.0947115260417935,-2.00000000000005E-6));
#13962=CARTESIAN_POINT('',(0.140803819444444,0.090712152777778,-2.00000000000005E-6));
#13963=CARTESIAN_POINT('',(0.140803819444444,0.090712152777778,-1.6940658945086E-21));
#13964=CARTESIAN_POINT('',(0.140803819444444,0.090712152777778,0.0015));
#13965=CARTESIAN_POINT('',(0.140146412037037,0.090712152777778,-1.6940658945086E-21));
#13966=CARTESIAN_POINT('',(0.140146412037037,0.090712152777778,0.0015));
#13967=CARTESIAN_POINT('',(0.139584201388889,0.0907827546296299,-1.6940658945086E-21));
#13968=CARTESIAN_POINT('',(0.139584201388889,0.0907827546296299,0.0015));
#13969=CARTESIAN_POINT('',(0.1391171875,0.0909239583333336,-1.6940658945086E-21));
#13970=CARTESIAN_POINT('',(0.1391171875,0.0909239583333336,0.0015));
#13971=CARTESIAN_POINT('',(0.1391171875,0.0909239583333336,-2.00000000000005E-6));
#13972=CARTESIAN_POINT('',(0.1391171875,0.0909239583333336,-1.6940658945086E-21));
#13973=CARTESIAN_POINT('',(0.1391171875,0.0909239583333336,0.0015));
#13974=CARTESIAN_POINT('',(0.138650173611111,0.0910651620370373,-1.6940658945086E-21));
#13975=CARTESIAN_POINT('',(0.138650173611111,0.0910651620370373,0.0015));
#13976=CARTESIAN_POINT('',(0.138259548611111,0.0912442708333335,-1.6940658945086E-21));
#13977=CARTESIAN_POINT('',(0.138259548611111,0.0912442708333335,0.0015));
#13978=CARTESIAN_POINT('',(0.1379453125,0.0914612847222224,-1.6940658945086E-21));
#13979=CARTESIAN_POINT('',(0.1379453125,0.0914612847222224,0.0015));
#13980=CARTESIAN_POINT('',(0.1379453125,0.0914612847222224,-2.00000000000005E-6));
#13981=CARTESIAN_POINT('',(0.1379453125,0.0914612847222224,-8.470329472543E-22));
#13982=CARTESIAN_POINT('',(0.1379453125,0.0914612847222224,0.0015));
#13983=CARTESIAN_POINT('',(0.137631076388889,0.0916782986111113,-8.470329472543E-22));
#13984=CARTESIAN_POINT('',(0.137631076388889,0.0916782986111113,0.0015));
#13985=CARTESIAN_POINT('',(0.137383391203704,0.0919225115740743,-8.470329472543E-22));
#13986=CARTESIAN_POINT('',(0.137383391203704,0.0919225115740743,0.0015));
#13987=CARTESIAN_POINT('',(0.137202256944444,0.0921939236111113,-8.470329472543E-22));
#13988=CARTESIAN_POINT('',(0.137202256944444,0.0921939236111113,0.0015));
#13989=CARTESIAN_POINT('',(0.137202256944444,0.0921939236111113,-2.00000000000005E-6));
#13990=CARTESIAN_POINT('',(0.140204903035145,0.0942552213255825,-2.00000000000005E-6));
#13991=CARTESIAN_POINT('',(0.136795138888889,0.0929803819444447,-2.00000000000005E-6));
#13992=CARTESIAN_POINT('',(0.136795138888889,0.0929803819444447,-1.6940658945086E-21));
#13993=CARTESIAN_POINT('',(0.136795138888889,0.0929803819444447,0.0015));
#13994=CARTESIAN_POINT('',(0.136704861111111,0.0932332754629632,-1.6940658945086E-21));
#13995=CARTESIAN_POINT('',(0.136704861111111,0.0932332754629632,0.0015));
#13996=CARTESIAN_POINT('',(0.136646990740741,0.0934647569444446,-1.6940658945086E-21));
#13997=CARTESIAN_POINT('',(0.136646990740741,0.0934647569444446,0.0015));
#13998=CARTESIAN_POINT('',(0.136621527777778,0.0936748263888891,-1.6940658945086E-21));
#13999=CARTESIAN_POINT('',(0.136621527777778,0.0936748263888891,0.0015));
#14000=CARTESIAN_POINT('',(0.136621527777778,0.0936748263888891,-2.00000000000005E-6));
#14001=CARTESIAN_POINT('',(0.141122992905873,0.0942926897126375,-2.00000000000005E-6));
#14002=CARTESIAN_POINT('',(0.136583333333333,0.0941409722222224,-2.00000000000005E-6));
#14003=CARTESIAN_POINT('',(0.136583333333333,0.0947815972222224,-2.00000000000005E-6));
#14004=CARTESIAN_POINT('',(0.136583333333333,0.0954222222222224,-2.00000000000005E-6));
#14005=CARTESIAN_POINT('',(0.137060763888889,0.0954222222222224,-2.00000000000005E-6));
#14006=CARTESIAN_POINT('',(0.137538194444444,0.0954222222222224,-2.00000000000005E-6));
#14007=CARTESIAN_POINT('',(0.137538194444444,0.0949986111111113,-2.00000000000005E-6));
#14008=CARTESIAN_POINT('',(0.137538194444444,0.094575,-2.00000000000005E-6));
#14009=CARTESIAN_POINT('',(0.137538194444444,0.094575,-1.6940658945086E-21));
#14010=CARTESIAN_POINT('',(0.137538194444444,0.094575,0.0015));
#14011=CARTESIAN_POINT('',(0.137538194444444,0.0936930555555557,-1.6940658945086E-21));
#14012=CARTESIAN_POINT('',(0.137538194444444,0.0936930555555557,0.0015));
#14013=CARTESIAN_POINT('',(0.1378203125,0.0930567708333335,-1.6940658945086E-21));
#14014=CARTESIAN_POINT('',(0.1378203125,0.0930567708333335,0.0015));
#14015=CARTESIAN_POINT('',(0.138384548611111,0.0926661458333335,-1.6940658945086E-21));
#14016=CARTESIAN_POINT('',(0.138384548611111,0.0926661458333335,0.0015));
#14017=CARTESIAN_POINT('',(0.138384548611111,0.0926661458333335,-2.00000000000005E-6));
#14018=CARTESIAN_POINT('',(0.138384548611111,0.0926661458333335,-8.470329472543E-22));
#14019=CARTESIAN_POINT('',(0.138384548611111,0.0926661458333335,0.0015));
#14020=CARTESIAN_POINT('',(0.138948784722222,0.0922755208333336,-8.470329472543E-22));
#14021=CARTESIAN_POINT('',(0.138948784722222,0.0922755208333336,0.0015));
#14022=CARTESIAN_POINT('',(0.139766203703704,0.0920802083333336,-8.470329472543E-22));
#14023=CARTESIAN_POINT('',(0.139766203703704,0.0920802083333336,0.0015));
#14024=CARTESIAN_POINT('',(0.140836805555556,0.0920802083333336,-8.470329472543E-22));
#14025=CARTESIAN_POINT('',(0.140836805555556,0.0920802083333336,0.0015));
#14026=CARTESIAN_POINT('',(0.140836805555556,0.0920802083333336,-2.00000000000005E-6));
#14027=CARTESIAN_POINT('',(0.140837448831184,0.0962356137383368,-2.00000000000005E-6));
#14028=CARTESIAN_POINT('',(0.141824652777778,0.0921991319444447,-2.00000000000005E-6));
#14029=CARTESIAN_POINT('',(0.141323828739843,0.0942328598286506,-2.00000000000005E-6));
#14030=CARTESIAN_POINT('',(0.142708333333333,0.0926600694444447,-2.00000000000005E-6));
#14031=CARTESIAN_POINT('',(0.142708333333333,0.0926600694444447,-1.6940658945086E-21));
#14032=CARTESIAN_POINT('',(0.142708333333333,0.0926600694444447,0.0015));
#14033=CARTESIAN_POINT('',(0.142972222222222,0.0928880787037039,-1.6940658945086E-21));
#14034=CARTESIAN_POINT('',(0.142972222222222,0.0928880787037039,0.0015));
#14035=CARTESIAN_POINT('',(0.143185763888889,0.0931973958333335,-1.6940658945086E-21));
#14036=CARTESIAN_POINT('',(0.143185763888889,0.0931973958333335,0.0015));
#14037=CARTESIAN_POINT('',(0.143348958333333,0.0935880208333335,-1.6940658945086E-21));
#14038=CARTESIAN_POINT('',(0.143348958333333,0.0935880208333335,0.0015));
#14039=CARTESIAN_POINT('',(0.143348958333333,0.0935880208333335,-2.00000000000005E-6));
#14040=CARTESIAN_POINT('',(0.143348958333333,0.0935880208333335,-1.6940658945086E-21));
#14041=CARTESIAN_POINT('',(0.143348958333333,0.0935880208333335,0.0015));
#14042=CARTESIAN_POINT('',(0.143512152777778,0.0939786458333335,-1.6940658945086E-21));
#14043=CARTESIAN_POINT('',(0.143512152777778,0.0939786458333335,0.0015));
#14044=CARTESIAN_POINT('',(0.14359375,0.0944847222222223,-1.6940658945086E-21));
#14045=CARTESIAN_POINT('',(0.14359375,0.0944847222222223,0.0015));
#14046=CARTESIAN_POINT('',(0.14359375,0.09510625,-1.6940658945086E-21));
#14047=CARTESIAN_POINT('',(0.14359375,0.09510625,0.0015));
#14048=CARTESIAN_POINT('',(0.14359375,0.09510625,-2.00000000000005E-6));
#14049=CARTESIAN_POINT('',(0.14359375,0.0952642361111113,-2.00000000000005E-6));
#14050=CARTESIAN_POINT('',(0.14359375,0.0954222222222224,-2.00000000000005E-6));
#14051=CARTESIAN_POINT('',(0.144086805555556,0.0954222222222224,-2.00000000000005E-6));
#14052=CARTESIAN_POINT('',(0.144579861111111,0.0954222222222224,-2.00000000000005E-6));
#14053=CARTESIAN_POINT('',(0.144579861111111,0.0950906250000002,-2.00000000000005E-6));
#14054=CARTESIAN_POINT('',(0.140581597222222,0.0958666666666669,-2.00000000000005E-6));
#14055=CARTESIAN_POINT('',(0.136583333333333,0.0958666666666669,-2.00000000000005E-6));
#14056=CARTESIAN_POINT('',(0.144579861111111,0.0958666666666669,-2.00000000000005E-6));
#14057=CARTESIAN_POINT('',(0.136583333333333,0.0965177083333335,-2.00000000000005E-6));
#14058=CARTESIAN_POINT('',(0.136583333333333,0.09716875,-2.00000000000005E-6));
#14059=CARTESIAN_POINT('',(0.144579861111111,0.0965177083333335,-2.00000000000005E-6));
#14060=CARTESIAN_POINT('',(0.144579861111111,0.09716875,-2.00000000000005E-6));
#14061=CARTESIAN_POINT('',(0.140581597222222,0.09716875,-2.00000000000005E-6));
#14062=CARTESIAN_POINT('',(0.140581597222222,0.100531597222222,-2.00000000000005E-6));
#14063=CARTESIAN_POINT('',(0.144579861111111,0.100531597222222,-2.00000000000005E-6));
#14064=CARTESIAN_POINT('',(0.136583333333333,0.100531597222222,-2.00000000000005E-6));
#14065=CARTESIAN_POINT('',(0.144579861111111,0.0998701388888891,-2.00000000000005E-6));
#14066=CARTESIAN_POINT('',(0.144579861111111,0.0992086805555557,-2.00000000000005E-6));
#14067=CARTESIAN_POINT('',(0.136583333333333,0.0998701388888891,-2.00000000000005E-6));
#14068=CARTESIAN_POINT('',(0.136583333333333,0.0992086805555557,-2.00000000000005E-6));
#14069=CARTESIAN_POINT('',(0.140581597222222,0.0992086805555557,-2.00000000000005E-6));
#14070=CARTESIAN_POINT('',(0.138032118055556,0.104443923611111,-2.00000000000005E-6));
#14071=CARTESIAN_POINT('',(0.139480930767813,0.105198278462341,-8.470329472543E-22));
#14072=CARTESIAN_POINT('',(0.136583333333333,0.103689583333333,-2.00000000000005E-6));
#14073=CARTESIAN_POINT('',(0.1389699485533,0.105195363760785,-2.00000000000005E-6));
#14074=CARTESIAN_POINT('',(0.139475694444444,0.105268576388889,-2.00000000000005E-6));
#14075=CARTESIAN_POINT('',(0.136583333333333,0.103000347222222,-2.00000000000005E-6));
#14076=CARTESIAN_POINT('',(0.136583333333333,0.102311111111111,-2.00000000000005E-6));
#14077=CARTESIAN_POINT('',(0.140418497032961,0.105365397904951,-2.00000000000005E-6));
#14078=CARTESIAN_POINT('',(0.139470486111111,0.105382291666667,-2.00000000000005E-6));
#14079=CARTESIAN_POINT('',(0.139470486111111,0.105774869791667,-2.00000000000005E-6));
#14080=CARTESIAN_POINT('',(0.139470486111111,0.105989930555556,-2.00000000000005E-6));
#14081=CARTESIAN_POINT('',(0.139947916666667,0.105989930555556,-2.00000000000005E-6));
#14082=CARTESIAN_POINT('',(0.140425347222222,0.105989930555556,-2.00000000000005E-6));
#14083=CARTESIAN_POINT('',(0.140425347222222,0.105621006944445,-2.00000000000005E-6));
#14084=CARTESIAN_POINT('',(0.140425347222222,0.105252083333333,-2.00000000000005E-6));
#14085=CARTESIAN_POINT('',(0.141904990619281,0.10525884726324,-2.00000000000005E-6));
#14086=CARTESIAN_POINT('',(0.140506076388889,0.104775520833333,-2.00000000000005E-6));
#14087=CARTESIAN_POINT('',(0.141616081709346,0.105158274003734,-2.00000000000005E-6));
#14088=CARTESIAN_POINT('',(0.140771701388889,0.104341493055556,-2.00000000000005E-6));
#14089=CARTESIAN_POINT('',(0.140771701388889,0.104341493055556,-1.6940658945086E-21));
#14090=CARTESIAN_POINT('',(0.140771701388889,0.104341493055556,0.0015));
#14091=CARTESIAN_POINT('',(0.140894965277778,0.104211284722222,-1.6940658945086E-21));
#14092=CARTESIAN_POINT('',(0.140894965277778,0.104211284722222,0.0015));
#14093=CARTESIAN_POINT('',(0.141066840277778,0.10410625,-1.6940658945086E-21));
#14094=CARTESIAN_POINT('',(0.141066840277778,0.10410625,0.0015));
#14095=CARTESIAN_POINT('',(0.141287326388889,0.104026388888889,-1.6940658945086E-21));
#14096=CARTESIAN_POINT('',(0.141287326388889,0.104026388888889,0.0015));
#14097=CARTESIAN_POINT('',(0.141287326388889,0.104026388888889,-2.00000000000005E-6));
#14098=CARTESIAN_POINT('',(0.141287326388889,0.104026388888889,-8.470329472543E-22));
#14099=CARTESIAN_POINT('',(0.141287326388889,0.104026388888889,0.0015));
#14100=CARTESIAN_POINT('',(0.1415078125,0.103946527777778,-8.470329472543E-22));
#14101=CARTESIAN_POINT('',(0.1415078125,0.103946527777778,0.0015));
#14102=CARTESIAN_POINT('',(0.141780671296296,0.103906597222222,-8.470329472543E-22));
#14103=CARTESIAN_POINT('',(0.141780671296296,0.103906597222222,0.0015));
#14104=CARTESIAN_POINT('',(0.142105902777778,0.103906597222222,-8.470329472543E-22));
#14105=CARTESIAN_POINT('',(0.142105902777778,0.103906597222222,0.0015));
#14106=CARTESIAN_POINT('',(0.142105902777778,0.103906597222222,-2.00000000000005E-6));
#14107=CARTESIAN_POINT('',(0.142062404410286,0.106109803529582,-2.00000000000005E-6));
#14108=CARTESIAN_POINT('',(0.142557291666667,0.103961284722222,-2.00000000000005E-6));
#14109=CARTESIAN_POINT('',(0.142273536725713,0.105225447806556,-2.00000000000005E-6));
#14110=CARTESIAN_POINT('',(0.143045138888889,0.104183506944445,-2.00000000000005E-6));
#14111=CARTESIAN_POINT('',(0.143045138888889,0.104183506944445,-1.6940658945086E-21));
#14112=CARTESIAN_POINT('',(0.143045138888889,0.104183506944445,0.0015));
#14113=CARTESIAN_POINT('',(0.143200231481482,0.10429519675926,-1.6940658945086E-21));
#14114=CARTESIAN_POINT('',(0.143200231481482,0.10429519675926,0.0015));
#14115=CARTESIAN_POINT('',(0.143330439814815,0.104452314814815,-1.6940658945086E-21));
#14116=CARTESIAN_POINT('',(0.143330439814815,0.104452314814815,0.0015));
#14117=CARTESIAN_POINT('',(0.143435763888889,0.104654861111111,-1.6940658945086E-21));
#14118=CARTESIAN_POINT('',(0.143435763888889,0.104654861111111,0.0015));
#14119=CARTESIAN_POINT('',(0.143435763888889,0.104654861111111,-2.00000000000005E-6));
#14120=CARTESIAN_POINT('',(0.143435763888889,0.104654861111111,-1.6940658945086E-21));
#14121=CARTESIAN_POINT('',(0.143435763888889,0.104654861111111,0.0015));
#14122=CARTESIAN_POINT('',(0.143541087962963,0.104857407407407,-1.6940658945086E-21));
#14123=CARTESIAN_POINT('',(0.143541087962963,0.104857407407407,0.0015));
#14124=CARTESIAN_POINT('',(0.14359375,0.105125347222222,-1.6940658945086E-21));
#14125=CARTESIAN_POINT('',(0.14359375,0.105125347222222,0.0015));
#14126=CARTESIAN_POINT('',(0.14359375,0.105458680555556,-1.6940658945086E-21));
#14127=CARTESIAN_POINT('',(0.14359375,0.105458680555556,0.0015));
#14128=CARTESIAN_POINT('',(0.14359375,0.105458680555556,-2.00000000000005E-6));
#14129=CARTESIAN_POINT('',(0.14359375,0.105724305555556,-2.00000000000005E-6));
#14130=CARTESIAN_POINT('',(0.14359375,0.105989930555556,-2.00000000000005E-6));
#14131=CARTESIAN_POINT('',(0.144086805555556,0.105989930555556,-2.00000000000005E-6));
#14132=CARTESIAN_POINT('',(0.144579861111111,0.105989930555556,-2.00000000000005E-6));
#14133=CARTESIAN_POINT('',(0.144579861111111,0.105713020833333,-2.00000000000005E-6));
#14134=CARTESIAN_POINT('',(0.144579861111111,0.105436111111111,-2.00000000000005E-6));
#14135=CARTESIAN_POINT('',(0.141340368150217,0.105442317762454,-2.00000000000005E-6));
#14136=CARTESIAN_POINT('',(0.144417356841249,0.104428584981256,-1.6940658945086E-21));
#14137=CARTESIAN_POINT('',(0.141819580907836,0.105261175357122,-2.00000000000005E-6));
#14138=CARTESIAN_POINT('',(0.1439296875,0.103532465277778,-2.00000000000005E-6));
#14139=CARTESIAN_POINT('',(0.14196117983653,0.105147172707422,-2.00000000000005E-6));
#14140=CARTESIAN_POINT('',(0.143143229166667,0.102891840277778,-2.00000000000005E-6));
#14141=CARTESIAN_POINT('',(0.143143229166667,0.102891840277778,-1.6940658945086E-21));
#14142=CARTESIAN_POINT('',(0.143143229166667,0.102891840277778,0.0015));
#14143=CARTESIAN_POINT('',(0.1428359375,0.102729224537037,-1.6940658945086E-21));
#14144=CARTESIAN_POINT('',(0.1428359375,0.102729224537037,0.0015));
#14145=CARTESIAN_POINT('',(0.142490162037037,0.102647916666667,-1.6940658945086E-21));
#14146=CARTESIAN_POINT('',(0.142490162037037,0.102647916666667,0.0015));
#14147=CARTESIAN_POINT('',(0.142105902777778,0.102647916666667,-1.6940658945086E-21));
#14148=CARTESIAN_POINT('',(0.142105902777778,0.102647916666667,0.0015));
#14149=CARTESIAN_POINT('',(0.142105902777778,0.102647916666667,-2.00000000000005E-6));
#14150=CARTESIAN_POINT('',(0.142105902777778,0.102647916666667,-8.470329472543E-22));
#14151=CARTESIAN_POINT('',(0.142105902777778,0.102647916666667,0.0015));
#14152=CARTESIAN_POINT('',(0.141527199074074,0.102647916666667,-8.470329472543E-22));
#14153=CARTESIAN_POINT('',(0.141527199074074,0.102647916666667,0.0015));
#14154=CARTESIAN_POINT('',(0.141035300925926,0.102781886574074,-8.470329472543E-22));
#14155=CARTESIAN_POINT('',(0.141035300925926,0.102781886574074,0.0015));
#14156=CARTESIAN_POINT('',(0.140630208333333,0.103049826388889,-8.470329472543E-22));
#14157=CARTESIAN_POINT('',(0.140630208333333,0.103049826388889,0.0015));
#14158=CARTESIAN_POINT('',(0.140630208333333,0.103049826388889,-2.00000000000005E-6));
#14159=CARTESIAN_POINT('',(0.141946996727619,0.105055574629628,-2.00000000000005E-6));
#14160=CARTESIAN_POINT('',(0.139731535973006,0.104134394493161,-1.6940658945086E-21));
#14161=CARTESIAN_POINT('',(0.138157118055556,0.103222569444445,-2.00000000000005E-6));
#14162=CARTESIAN_POINT('',(0.141863932466838,0.112197507612115,-2.00000000000005E-6));
#14163=CARTESIAN_POINT('',(0.143637152777778,0.112198263888889,-2.00000000000005E-6));
#14164=CARTESIAN_POINT('',(0.143495659722222,0.111502951388889,-2.00000000000005E-6));
#14165=CARTESIAN_POINT('',(0.143637152777778,0.112219965277778,-2.00000000000005E-6));
#14166=CARTESIAN_POINT('',(0.143637152777778,0.112241666666667,-2.00000000000005E-6));
#14167=CARTESIAN_POINT('',(0.143039930555556,0.110906597222222,-8.470329472543E-22));
#14168=CARTESIAN_POINT('',(0.143039930555556,0.110906597222222,0.0015));
#14169=CARTESIAN_POINT('',(0.143249421296296,0.111080208333333,-8.470329472543E-22));
#14170=CARTESIAN_POINT('',(0.143249421296296,0.111080208333333,0.0015));
#14171=CARTESIAN_POINT('',(0.143401331018518,0.111278993055556,-8.470329472543E-22));
#14172=CARTESIAN_POINT('',(0.143401331018518,0.111278993055556,0.0015));
#14173=CARTESIAN_POINT('',(0.143495659722222,0.111502951388889,-8.470329472543E-22));
#14174=CARTESIAN_POINT('',(0.143495659722222,0.111502951388889,0.0015));
#14175=CARTESIAN_POINT('',(0.143039930555556,0.110906597222222,-2.00000000000005E-6));
#14176=CARTESIAN_POINT('',(0.144173611111111,0.112241666666667,-2.00000000000005E-6));
#14177=CARTESIAN_POINT('',(0.144710069444444,0.112241666666667,-2.00000000000005E-6));
#14178=CARTESIAN_POINT('',(0.144710069444444,0.112235590277778,-2.00000000000005E-6));
#14179=CARTESIAN_POINT('',(0.144710069444444,0.112229513888889,-2.00000000000005E-6));
#14180=CARTESIAN_POINT('',(0.141352655204004,0.112197963005028,-2.00000000000005E-6));
#14181=CARTESIAN_POINT('',(0.144493055555556,0.111014236111111,-2.00000000000005E-6));
#14182=CARTESIAN_POINT('',(0.141747344034044,0.112073699980804,-2.00000000000005E-6));
#14183=CARTESIAN_POINT('',(0.143841748355254,0.110005853849834,-1.6940658945086E-21));
#14184=CARTESIAN_POINT('',(0.143440972222222,0.110456076388889,-2.00000000000005E-6));
#14185=CARTESIAN_POINT('',(0.142275173611111,0.115344097222222,-8.470329472543E-22));
#14186=CARTESIAN_POINT('',(0.142275173611111,0.115344097222222,0.0015));
#14187=CARTESIAN_POINT('',(0.142756076388889,0.115199421296296,-8.470329472543E-22));
#14188=CARTESIAN_POINT('',(0.142756076388889,0.115199421296296,0.0015));
#14189=CARTESIAN_POINT('',(0.143164641203704,0.115000636574074,-8.470329472543E-22));
#14190=CARTESIAN_POINT('',(0.143164641203704,0.115000636574074,0.0015));
#14191=CARTESIAN_POINT('',(0.143500868055556,0.114747743055556,-8.470329472543E-22));
#14192=CARTESIAN_POINT('',(0.143500868055556,0.114747743055556,0.0015));
#14193=CARTESIAN_POINT('',(0.143500868055556,0.114747743055556,-2.00000000000005E-6));
#14194=CARTESIAN_POINT('',(0.142275173611111,0.115344097222222,-2.00000000000005E-6));
#14195=CARTESIAN_POINT('',(0.141798344785886,0.112450093705923,-2.00000000000005E-6));
#14196=CARTESIAN_POINT('',(0.144298611111111,0.113836284722222,-2.00000000000005E-6));
#14197=CARTESIAN_POINT('',(0.140619791666667,0.115561111111111,-8.470329472543E-22));
#14198=CARTESIAN_POINT('',(0.140619791666667,0.115561111111111,0.0015));
#14199=CARTESIAN_POINT('',(0.141242476851852,0.115561111111111,-8.470329472543E-22));
#14200=CARTESIAN_POINT('',(0.141242476851852,0.115561111111111,0.0015));
#14201=CARTESIAN_POINT('',(0.141794270833333,0.115488773148148,-8.470329472543E-22));
#14202=CARTESIAN_POINT('',(0.141794270833333,0.115488773148148,0.0015));
#14203=CARTESIAN_POINT('',(0.142275173611111,0.115344097222222,-8.470329472543E-22));
#14204=CARTESIAN_POINT('',(0.142275173611111,0.115344097222222,0.0015));
#14205=CARTESIAN_POINT('',(0.140619791666667,0.115561111111111,-2.00000000000005E-6));
#14206=CARTESIAN_POINT('',(0.141550611219055,0.11232430007143,-2.00000000000005E-6));
#14207=CARTESIAN_POINT('',(0.144666328764391,0.112686111111111,-1.6940658945086E-21));
#14208=CARTESIAN_POINT('',(0.144124131944444,0.112686111111111,-2.00000000000005E-6));
#14209=CARTESIAN_POINT('',(0.143581700159141,0.112686111111111,-8.470329472543E-22));
#14210=CARTESIAN_POINT('',(0.141876861351604,0.112228167199944,-2.00000000000005E-6));
#14211=CARTESIAN_POINT('',(0.1432890625,0.113287673611111,-2.00000000000005E-6));
#14212=CARTESIAN_POINT('',(0.1432890625,0.113287673611111,-1.6940658945086E-21));
#14213=CARTESIAN_POINT('',(0.1432890625,0.113287673611111,0.0015));
#14214=CARTESIAN_POINT('',(0.143151909722222,0.113472280092593,-1.6940658945086E-21));
#14215=CARTESIAN_POINT('',(0.143151909722222,0.113472280092593,0.0015));
#14216=CARTESIAN_POINT('',(0.142962094907407,0.113635185185185,-1.6940658945086E-21));
#14217=CARTESIAN_POINT('',(0.142962094907407,0.113635185185185,0.0015));
#14218=CARTESIAN_POINT('',(0.142719618055556,0.113776388888889,-1.6940658945086E-21));
#14219=CARTESIAN_POINT('',(0.142719618055556,0.113776388888889,0.0015));
#14220=CARTESIAN_POINT('',(0.142719618055556,0.113776388888889,-2.00000000000005E-6));
#14221=CARTESIAN_POINT('',(0.142719618055556,0.113776388888889,-1.6940658945086E-21));
#14222=CARTESIAN_POINT('',(0.142719618055556,0.113776388888889,0.0015));
#14223=CARTESIAN_POINT('',(0.142477141203704,0.113917592592593,-1.6940658945086E-21));
#14224=CARTESIAN_POINT('',(0.142477141203704,0.113917592592593,0.0015));
#14225=CARTESIAN_POINT('',(0.142184027777778,0.114027835648148,-1.6940658945086E-21));
#14226=CARTESIAN_POINT('',(0.142184027777778,0.114027835648148,0.0015));
#14227=CARTESIAN_POINT('',(0.141840277777778,0.114107118055556,-1.6940658945086E-21));
#14228=CARTESIAN_POINT('',(0.141840277777778,0.114107118055556,0.0015));
#14229=CARTESIAN_POINT('',(0.141840277777778,0.114107118055556,-2.00000000000005E-6));
#14230=CARTESIAN_POINT('',(0.141840277777778,0.114107118055556,-1.6940658945086E-21));
#14231=CARTESIAN_POINT('',(0.141840277777778,0.114107118055556,0.0015));
#14232=CARTESIAN_POINT('',(0.141496527777778,0.114186400462963,-1.6940658945086E-21));
#14233=CARTESIAN_POINT('',(0.141496527777778,0.114186400462963,0.0015));
#14234=CARTESIAN_POINT('',(0.141089699074074,0.114230092592593,-1.6940658945086E-21));
#14235=CARTESIAN_POINT('',(0.141089699074074,0.114230092592593,0.0015));
#14236=CARTESIAN_POINT('',(0.140619791666667,0.114238194444445,-1.6940658945086E-21));
#14237=CARTESIAN_POINT('',(0.140619791666667,0.114238194444445,0.0015));
#14238=CARTESIAN_POINT('',(0.140619791666667,0.114238194444445,-2.00000000000005E-6));
#14239=CARTESIAN_POINT('',(0.140619791666667,0.114238194444445,-1.6940658945086E-21));
#14240=CARTESIAN_POINT('',(0.140619791666667,0.114238194444445,0.0015));
#14241=CARTESIAN_POINT('',(0.140149884259259,0.114230092592593,-1.6940658945086E-21));
#14242=CARTESIAN_POINT('',(0.140149884259259,0.114230092592593,0.0015));
#14243=CARTESIAN_POINT('',(0.13973755787037,0.114186400462963,-1.6940658945086E-21));
#14244=CARTESIAN_POINT('',(0.13973755787037,0.114186400462963,0.0015));
#14245=CARTESIAN_POINT('',(0.1393828125,0.114107118055556,-1.6940658945086E-21));
#14246=CARTESIAN_POINT('',(0.1393828125,0.114107118055556,0.0015));
#14247=CARTESIAN_POINT('',(0.1393828125,0.114107118055556,-2.00000000000005E-6));
#14248=CARTESIAN_POINT('',(0.1393828125,0.114107118055556,-1.6940658945086E-21));
#14249=CARTESIAN_POINT('',(0.1393828125,0.114107118055556,0.0015));
#14250=CARTESIAN_POINT('',(0.13902806712963,0.114027835648148,-1.6940658945086E-21));
#14251=CARTESIAN_POINT('',(0.13902806712963,0.114027835648148,0.0015));
#14252=CARTESIAN_POINT('',(0.138722511574074,0.113917592592593,-1.6940658945086E-21));
#14253=CARTESIAN_POINT('',(0.138722511574074,0.113917592592593,0.0015));
#14254=CARTESIAN_POINT('',(0.138466145833333,0.113776388888889,-1.6940658945086E-21));
#14255=CARTESIAN_POINT('',(0.138466145833333,0.113776388888889,0.0015));
#14256=CARTESIAN_POINT('',(0.138466145833333,0.113776388888889,-2.00000000000005E-6));
#14257=CARTESIAN_POINT('',(0.138466145833333,0.113776388888889,-8.470329472543E-22));
#14258=CARTESIAN_POINT('',(0.138466145833333,0.113776388888889,0.0015));
#14259=CARTESIAN_POINT('',(0.138209780092593,0.113635185185185,-8.470329472543E-22));
#14260=CARTESIAN_POINT('',(0.138209780092593,0.113635185185185,0.0015));
#14261=CARTESIAN_POINT('',(0.138005497685185,0.113472280092593,-8.470329472543E-22));
#14262=CARTESIAN_POINT('',(0.138005497685185,0.113472280092593,0.0015));
#14263=CARTESIAN_POINT('',(0.137853298611111,0.113287673611111,-8.470329472543E-22));
#14264=CARTESIAN_POINT('',(0.137853298611111,0.113287673611111,0.0015));
#14265=CARTESIAN_POINT('',(0.137853298611111,0.113287673611111,-2.00000000000005E-6));
#14266=CARTESIAN_POINT('',(0.139062688177471,0.112268639437119,-2.00000000000005E-6));
#14267=CARTESIAN_POINT('',(0.137537820025418,0.112686111111111,-1.6940658945086E-21));
#14268=CARTESIAN_POINT('',(0.137044270833333,0.112686111111111,-2.00000000000005E-6));
#14269=CARTESIAN_POINT('',(0.136550653022441,0.112686111111111,-8.470329472543E-22));
#14270=CARTESIAN_POINT('',(0.139632504716299,0.112318573422017,-2.00000000000005E-6));
#14271=CARTESIAN_POINT('',(0.136925347222222,0.113836284722222,-2.00000000000005E-6));
#14272=CARTESIAN_POINT('',(0.139444317632465,0.112413907155736,-2.00000000000005E-6));
#14273=CARTESIAN_POINT('',(0.137733506944444,0.114747743055556,-2.00000000000005E-6));
#14274=CARTESIAN_POINT('',(0.137733506944444,0.114747743055556,-1.6940658945086E-21));
#14275=CARTESIAN_POINT('',(0.137733506944444,0.114747743055556,0.0015));
#14276=CARTESIAN_POINT('',(0.138073206018518,0.115000636574074,-1.6940658945086E-21));
#14277=CARTESIAN_POINT('',(0.138073206018518,0.115000636574074,0.0015));
#14278=CARTESIAN_POINT('',(0.138483796296296,0.115199421296296,-1.6940658945086E-21));
#14279=CARTESIAN_POINT('',(0.138483796296296,0.115199421296296,0.0015));
#14280=CARTESIAN_POINT('',(0.138965277777778,0.115344097222222,-1.6940658945086E-21));
#14281=CARTESIAN_POINT('',(0.138965277777778,0.115344097222222,0.0015));
#14282=CARTESIAN_POINT('',(0.138965277777778,0.115344097222222,-2.00000000000005E-6));
#14283=CARTESIAN_POINT('',(0.138965277777778,0.115344097222222,-1.6940658945086E-21));
#14284=CARTESIAN_POINT('',(0.138965277777778,0.115344097222222,0.0015));
#14285=CARTESIAN_POINT('',(0.139446759259259,0.115488773148148,-1.6940658945086E-21));
#14286=CARTESIAN_POINT('',(0.139446759259259,0.115488773148148,0.0015));
#14287=CARTESIAN_POINT('',(0.139998263888889,0.115561111111111,-1.6940658945086E-21));
#14288=CARTESIAN_POINT('',(0.139998263888889,0.115561111111111,0.0015));
#14289=CARTESIAN_POINT('',(0.140619791666667,0.115561111111111,-1.6940658945086E-21));
#14290=CARTESIAN_POINT('',(0.140619791666667,0.115561111111111,0.0015));
#14291=CARTESIAN_POINT('',(0.139043793096748,0.111435252414082,-2.00000000000005E-6));
#14292=CARTESIAN_POINT('',(0.137098958333333,0.110152256944445,-2.00000000000005E-6));
#14293=CARTESIAN_POINT('',(0.137615333073706,0.109594097222222,-8.470329472543E-22));
#14294=CARTESIAN_POINT('',(0.139988303068646,0.112034288340656,-2.00000000000005E-6));
#14295=CARTESIAN_POINT('',(0.136767361111111,0.110803298611111,-2.00000000000005E-6));
#14296=CARTESIAN_POINT('',(0.139160590277778,0.109594097222222,-2.00000000000005E-6));
#14297=CARTESIAN_POINT('',(0.140706597222222,0.109594097222222,-2.00000000000005E-6));
#14298=CARTESIAN_POINT('',(0.139890079671217,0.111994820995429,-2.00000000000005E-6));
#14299=CARTESIAN_POINT('',(0.136583333333333,0.111508159722222,-2.00000000000005E-6));
#14300=CARTESIAN_POINT('',(0.141451940411166,0.112234941400224,-2.00000000000005E-6));
#14301=CARTESIAN_POINT('',(0.136529513888889,0.112229513888889,-2.00000000000005E-6));
#14302=CARTESIAN_POINT('',(0.136529513888889,0.112235590277778,-2.00000000000005E-6));
#14303=CARTESIAN_POINT('',(0.136529513888889,0.112241666666667,-2.00000000000005E-6));
#14304=CARTESIAN_POINT('',(0.137006944444444,0.112241666666667,-2.00000000000005E-6));
#14305=CARTESIAN_POINT('',(0.137484144962348,0.112241666666667,-8.470329472543E-22));
#14306=CARTESIAN_POINT('',(0.141351841675066,0.112285394852966,-2.00000000000005E-6));
#14307=CARTESIAN_POINT('',(0.137500868055556,0.111921354166667,-2.00000000000005E-6));
#14308=CARTESIAN_POINT('',(0.141533630500066,0.112279085573019,-2.00000000000005E-6));
#14309=CARTESIAN_POINT('',(0.1375546875,0.111530729166667,-2.00000000000005E-6));
#14310=CARTESIAN_POINT('',(0.139924293652144,0.111964082584809,-2.00000000000005E-6));
#14311=CARTESIAN_POINT('',(0.137657118055556,0.111150520833333,-2.00000000000005E-6));
#14312=CARTESIAN_POINT('',(0.137657118055556,0.111150520833333,-1.6940658945086E-21));
#14313=CARTESIAN_POINT('',(0.137657118055556,0.111150520833333,0.0015));
#14314=CARTESIAN_POINT('',(0.137700520833333,0.111030729166667,-1.6940658945086E-21));
#14315=CARTESIAN_POINT('',(0.137700520833333,0.111030729166667,0.0015));
#14316=CARTESIAN_POINT('',(0.137762152777778,0.110941898148148,-1.6940658945086E-21));
#14317=CARTESIAN_POINT('',(0.137762152777778,0.110941898148148,0.0015));
#14318=CARTESIAN_POINT('',(0.137842013888889,0.110884027777778,-1.6940658945086E-21));
#14319=CARTESIAN_POINT('',(0.137842013888889,0.110884027777778,0.0015));
#14320=CARTESIAN_POINT('',(0.137842013888889,0.110884027777778,-2.00000000000005E-6));
#14321=CARTESIAN_POINT('',(0.138829861111111,0.110884027777778,-2.00000000000005E-6));
#14322=CARTESIAN_POINT('',(0.139817708333333,0.110884027777778,-2.00000000000005E-6));
#14323=CARTESIAN_POINT('',(0.139817708333333,0.111562847222222,-2.00000000000005E-6));
#14324=CARTESIAN_POINT('',(0.139817708333333,0.112241666666667,-2.00000000000005E-6));
#14325=CARTESIAN_POINT('',(0.140262152777778,0.112241666666667,-2.00000000000005E-6));
#14326=CARTESIAN_POINT('',(0.140706597222222,0.112241666666667,-2.00000000000005E-6));
#14327=CARTESIAN_POINT('',(0.140706597222222,0.110917881944445,-2.00000000000005E-6));
#14328=CARTESIAN_POINT('',(0.140581597222222,0.106434375,-2.00000000000005E-6));
#14329=CARTESIAN_POINT('',(0.136583333333333,0.106434375,-2.00000000000005E-6));
#14330=CARTESIAN_POINT('',(0.144579861111111,0.106434375,-2.00000000000005E-6));
#14331=CARTESIAN_POINT('',(0.136583333333333,0.107085416666667,-2.00000000000005E-6));
#14332=CARTESIAN_POINT('',(0.136583333333333,0.107736458333333,-2.00000000000005E-6));
#14333=CARTESIAN_POINT('',(0.144579861111111,0.107085416666667,-2.00000000000005E-6));
#14334=CARTESIAN_POINT('',(0.144579861111111,0.107736458333333,-2.00000000000005E-6));
#14335=CARTESIAN_POINT('',(0.140581597222222,0.107736458333333,-2.00000000000005E-6));
#14336=CARTESIAN_POINT('',(0.150164930555555,0.1205203125,-2.00000000000005E-6));
#14337=CARTESIAN_POINT('',(0.146166666666667,0.1205203125,-2.00000000000005E-6));
#14338=CARTESIAN_POINT('',(0.154163194444445,0.1205203125,-2.00000000000005E-6));
#14339=CARTESIAN_POINT('',(0.146166666666667,0.121181770833333,-2.00000000000005E-6));
#14340=CARTESIAN_POINT('',(0.146166666666667,0.121843229166667,-2.00000000000005E-6));
#14341=CARTESIAN_POINT('',(0.154163194444445,0.121181770833333,-2.00000000000005E-6));
#14342=CARTESIAN_POINT('',(0.154163194444445,0.121843229166667,-2.00000000000005E-6));
#14343=CARTESIAN_POINT('',(0.148917534722222,0.121843229166667,-2.00000000000005E-6));
#14344=CARTESIAN_POINT('',(0.151668402777778,0.121843229166667,-2.00000000000005E-6));
#14345=CARTESIAN_POINT('',(0.149443576388889,0.122738194444444,-2.00000000000005E-6));
#14346=CARTESIAN_POINT('',(0.14721875,0.123633159722222,-2.00000000000005E-6));
#14347=CARTESIAN_POINT('',(0.14721875,0.123812847222222,-2.00000000000005E-6));
#14348=CARTESIAN_POINT('',(0.14721875,0.123992534722222,-2.00000000000005E-6));
#14349=CARTESIAN_POINT('',(0.148211805555556,0.123992534722222,-2.00000000000005E-6));
#14350=CARTESIAN_POINT('',(0.149204861111111,0.123992534722222,-2.00000000000005E-6));
#14351=CARTESIAN_POINT('',(0.151684027777778,0.122917881944444,-2.00000000000005E-6));
#14352=CARTESIAN_POINT('',(0.150164930555555,0.118501215277778,-2.00000000000005E-6));
#14353=CARTESIAN_POINT('',(0.154163194444445,0.118501215277778,-2.00000000000005E-6));
#14354=CARTESIAN_POINT('',(0.146166666666667,0.118501215277778,-2.00000000000005E-6));
#14355=CARTESIAN_POINT('',(0.154163194444445,0.117839756944444,-2.00000000000005E-6));
#14356=CARTESIAN_POINT('',(0.154163194444445,0.117178298611111,-2.00000000000005E-6));
#14357=CARTESIAN_POINT('',(0.146166666666667,0.117839756944444,-2.00000000000005E-6));
#14358=CARTESIAN_POINT('',(0.146166666666667,0.117178298611111,-2.00000000000005E-6));
#14359=CARTESIAN_POINT('',(0.150164930555555,0.117178298611111,-2.00000000000005E-6));
#14360=CARTESIAN_POINT('',(0.151649253504717,0.111897895774665,-2.00000000000005E-6));
#14361=CARTESIAN_POINT('',(0.153208112130836,0.111806770833333,-1.6940658945086E-21));
#14362=CARTESIAN_POINT('',(0.153046006944445,0.1112,-2.00000000000005E-6));
#14363=CARTESIAN_POINT('',(0.153745659722222,0.111806770833333,-2.00000000000005E-6));
#14364=CARTESIAN_POINT('',(0.154282986111111,0.111806770833333,-2.00000000000005E-6));
#14365=CARTESIAN_POINT('',(0.152623263888889,0.110667881944444,-8.470329472543E-22));
#14366=CARTESIAN_POINT('',(0.152623263888889,0.110667881944444,0.0015));
#14367=CARTESIAN_POINT('',(0.152810763888889,0.110834548611111,-8.470329472543E-22));
#14368=CARTESIAN_POINT('',(0.152810763888889,0.110834548611111,0.0015));
#14369=CARTESIAN_POINT('',(0.152951678240741,0.111011921296296,-8.470329472543E-22));
#14370=CARTESIAN_POINT('',(0.152951678240741,0.111011921296296,0.0015));
#14371=CARTESIAN_POINT('',(0.153046006944445,0.1112,-8.470329472543E-22));
#14372=CARTESIAN_POINT('',(0.153046006944445,0.1112,0.0015));
#14373=CARTESIAN_POINT('',(0.152623263888889,0.110667881944444,-2.00000000000005E-6));
#14374=CARTESIAN_POINT('',(0.154282986111111,0.111806770833333,-1.6940658945086E-21));
#14375=CARTESIAN_POINT('',(0.154282986111111,0.111806770833333,0.0015));
#14376=CARTESIAN_POINT('',(0.154247106481481,0.110996585648148,-1.6940658945086E-21));
#14377=CARTESIAN_POINT('',(0.154247106481481,0.110996585648148,0.0015));
#14378=CARTESIAN_POINT('',(0.153961226851852,0.110316608796296,-1.6940658945086E-21));
#14379=CARTESIAN_POINT('',(0.153961226851852,0.110316608796296,0.0015));
#14380=CARTESIAN_POINT('',(0.153425347222222,0.109766840277778,-1.6940658945086E-21));
#14381=CARTESIAN_POINT('',(0.153425347222222,0.109766840277778,0.0015));
#14382=CARTESIAN_POINT('',(0.153425347222222,0.109766840277778,-2.00000000000005E-6));
#14383=CARTESIAN_POINT('',(0.153024305555556,0.110217361111111,-2.00000000000005E-6));
#14384=CARTESIAN_POINT('',(0.148874531510511,0.111960576272254,-2.00000000000005E-6));
#14385=CARTESIAN_POINT('',(0.147773036481643,0.110668413506519,-1.6940658945086E-21));
#14386=CARTESIAN_POINT('',(0.147360243055556,0.111193923611111,-2.00000000000005E-6));
#14387=CARTESIAN_POINT('',(0.147376736111111,0.110217361111111,-2.00000000000005E-6));
#14388=CARTESIAN_POINT('',(0.146981174981894,0.109767150098909,-8.470329472543E-22));
#14389=CARTESIAN_POINT('',(0.148941193521684,0.111969858350906,-2.00000000000005E-6));
#14390=CARTESIAN_POINT('',(0.147187618527297,0.111806770833333,-8.470329472543E-22));
#14391=CARTESIAN_POINT('',(0.1491390104685,0.111885563558621,-2.00000000000005E-6));
#14392=CARTESIAN_POINT('',(0.146361979166667,0.110689583333333,-2.00000000000005E-6));
#14393=CARTESIAN_POINT('',(0.149355228647597,0.111938659316291,-2.00000000000005E-6));
#14394=CARTESIAN_POINT('',(0.146113721754417,0.111806770833333,-1.6940658945086E-21));
#14395=CARTESIAN_POINT('',(0.146650173611111,0.111806770833333,-2.00000000000005E-6));
#14396=CARTESIAN_POINT('',(0.15190625,0.115088888888889,-8.470329472543E-22));
#14397=CARTESIAN_POINT('',(0.15190625,0.115088888888889,0.0015));
#14398=CARTESIAN_POINT('',(0.152398148148148,0.114933217592593,-8.470329472543E-22));
#14399=CARTESIAN_POINT('',(0.152398148148148,0.114933217592593,0.0015));
#14400=CARTESIAN_POINT('',(0.152814236111111,0.114717939814815,-8.470329472543E-22));
#14401=CARTESIAN_POINT('',(0.152814236111111,0.114717939814815,0.0015));
#14402=CARTESIAN_POINT('',(0.153154513888889,0.114443055555555,-8.470329472543E-22));
#14403=CARTESIAN_POINT('',(0.153154513888889,0.114443055555555,0.0015));
#14404=CARTESIAN_POINT('',(0.153154513888889,0.114443055555555,-2.00000000000005E-6));
#14405=CARTESIAN_POINT('',(0.15190625,0.115088888888889,-2.00000000000005E-6));
#14406=CARTESIAN_POINT('',(0.151320189476647,0.112132786865715,-2.00000000000005E-6));
#14407=CARTESIAN_POINT('',(0.153947048611111,0.113472569444444,-2.00000000000005E-6));
#14408=CARTESIAN_POINT('',(0.150203125,0.115322395833333,-8.470329472543E-22));
#14409=CARTESIAN_POINT('',(0.150203125,0.115322395833333,0.0015));
#14410=CARTESIAN_POINT('',(0.150846643518519,0.115322395833333,-8.470329472543E-22));
#14411=CARTESIAN_POINT('',(0.150846643518519,0.115322395833333,0.0015));
#14412=CARTESIAN_POINT('',(0.151414351851852,0.115244560185185,-8.470329472543E-22));
#14413=CARTESIAN_POINT('',(0.151414351851852,0.115244560185185,0.0015));
#14414=CARTESIAN_POINT('',(0.15190625,0.115088888888889,-8.470329472543E-22));
#14415=CARTESIAN_POINT('',(0.15190625,0.115088888888889,0.0015));
#14416=CARTESIAN_POINT('',(0.150203125,0.115322395833333,-2.00000000000005E-6));
#14417=CARTESIAN_POINT('',(0.151025784268888,0.112015769641847,-2.00000000000005E-6));
#14418=CARTESIAN_POINT('',(0.154282226996928,0.112251215277778,-1.6940658945086E-21));
#14419=CARTESIAN_POINT('',(0.153740451388889,0.112251215277778,-2.00000000000005E-6));
#14420=CARTESIAN_POINT('',(0.153197916666667,0.112251215277778,-2.00000000000005E-6));
#14421=CARTESIAN_POINT('',(0.151412581436531,0.111985334010214,-2.00000000000005E-6));
#14422=CARTESIAN_POINT('',(0.152953993055556,0.112924826388889,-2.00000000000005E-6));
#14423=CARTESIAN_POINT('',(0.152953993055556,0.112924826388889,-1.6940658945086E-21));
#14424=CARTESIAN_POINT('',(0.152953993055556,0.112924826388889,0.0015));
#14425=CARTESIAN_POINT('',(0.152827256944445,0.11313431712963,-1.6940658945086E-21));
#14426=CARTESIAN_POINT('',(0.152827256944445,0.11313431712963,0.0015));
#14427=CARTESIAN_POINT('',(0.152644675925926,0.113318634259259,-1.6940658945086E-21));
#14428=CARTESIAN_POINT('',(0.152644675925926,0.113318634259259,0.0015));
#14429=CARTESIAN_POINT('',(0.15240625,0.113477777777778,-1.6940658945086E-21));
#14430=CARTESIAN_POINT('',(0.15240625,0.113477777777778,0.0015));
#14431=CARTESIAN_POINT('',(0.15240625,0.113477777777778,-2.00000000000005E-6));
#14432=CARTESIAN_POINT('',(0.15240625,0.113477777777778,-1.6940658945086E-21));
#14433=CARTESIAN_POINT('',(0.15240625,0.113477777777778,0.0015));
#14434=CARTESIAN_POINT('',(0.152167824074074,0.113636921296296,-1.6940658945086E-21));
#14435=CARTESIAN_POINT('',(0.152167824074074,0.113636921296296,0.0015));
#14436=CARTESIAN_POINT('',(0.151865740740741,0.113761631944444,-1.6940658945086E-21));
#14437=CARTESIAN_POINT('',(0.151865740740741,0.113761631944444,0.0015));
#14438=CARTESIAN_POINT('',(0.1515,0.113851909722222,-1.6940658945086E-21));
#14439=CARTESIAN_POINT('',(0.1515,0.113851909722222,0.0015));
#14440=CARTESIAN_POINT('',(0.1515,0.113851909722222,-2.00000000000005E-6));
#14441=CARTESIAN_POINT('',(0.1515,0.113851909722222,-1.6940658945086E-21));
#14442=CARTESIAN_POINT('',(0.1515,0.113851909722222,0.0015));
#14443=CARTESIAN_POINT('',(0.151134259259259,0.1139421875,-1.6940658945086E-21));
#14444=CARTESIAN_POINT('',(0.151134259259259,0.1139421875,0.0015));
#14445=CARTESIAN_POINT('',(0.150701967592593,0.113991377314815,-1.6940658945086E-21));
#14446=CARTESIAN_POINT('',(0.150701967592593,0.113991377314815,0.0015));
#14447=CARTESIAN_POINT('',(0.150203125,0.113999479166667,-1.6940658945086E-21));
#14448=CARTESIAN_POINT('',(0.150203125,0.113999479166667,0.0015));
#14449=CARTESIAN_POINT('',(0.150203125,0.113999479166667,-2.00000000000005E-6));
#14450=CARTESIAN_POINT('',(0.150203125,0.113999479166667,-1.6940658945086E-21));
#14451=CARTESIAN_POINT('',(0.150203125,0.113999479166667,0.0015));
#14452=CARTESIAN_POINT('',(0.149697337962963,0.113991377314815,-1.6940658945086E-21));
#14453=CARTESIAN_POINT('',(0.149697337962963,0.113991377314815,0.0015));
#14454=CARTESIAN_POINT('',(0.149263599537037,0.1139421875,-1.6940658945086E-21));
#14455=CARTESIAN_POINT('',(0.149263599537037,0.1139421875,0.0015));
#14456=CARTESIAN_POINT('',(0.148901909722222,0.113851909722222,-1.6940658945086E-21));
#14457=CARTESIAN_POINT('',(0.148901909722222,0.113851909722222,0.0015));
#14458=CARTESIAN_POINT('',(0.148901909722222,0.113851909722222,-2.00000000000005E-6));
#14459=CARTESIAN_POINT('',(0.148901909722222,0.113851909722222,-1.6940658945086E-21));
#14460=CARTESIAN_POINT('',(0.148901909722222,0.113851909722222,0.0015));
#14461=CARTESIAN_POINT('',(0.148540219907407,0.113761631944444,-1.6940658945086E-21));
#14462=CARTESIAN_POINT('',(0.148540219907407,0.113761631944444,0.0015));
#14463=CARTESIAN_POINT('',(0.148236400462963,0.113636921296296,-1.6940658945086E-21));
#14464=CARTESIAN_POINT('',(0.148236400462963,0.113636921296296,0.0015));
#14465=CARTESIAN_POINT('',(0.147990451388889,0.113477777777778,-1.6940658945086E-21));
#14466=CARTESIAN_POINT('',(0.147990451388889,0.113477777777778,0.0015));
#14467=CARTESIAN_POINT('',(0.147990451388889,0.113477777777778,-2.00000000000005E-6));
#14468=CARTESIAN_POINT('',(0.147990451388889,0.113477777777778,-8.470329472543E-22));
#14469=CARTESIAN_POINT('',(0.147990451388889,0.113477777777778,0.0015));
#14470=CARTESIAN_POINT('',(0.147744502314815,0.113318634259259,-8.470329472543E-22));
#14471=CARTESIAN_POINT('',(0.147744502314815,0.113318634259259,0.0015));
#14472=CARTESIAN_POINT('',(0.147556423611111,0.113132291666667,-8.470329472543E-22));
#14473=CARTESIAN_POINT('',(0.147556423611111,0.113132291666667,0.0015));
#14474=CARTESIAN_POINT('',(0.147426215277778,0.11291875,-8.470329472543E-22));
#14475=CARTESIAN_POINT('',(0.147426215277778,0.11291875,0.0015));
#14476=CARTESIAN_POINT('',(0.147426215277778,0.11291875,-2.00000000000005E-6));
#14477=CARTESIAN_POINT('',(0.148843196044214,0.112033252598991,-2.00000000000005E-6));
#14478=CARTESIAN_POINT('',(0.147187095947542,0.112251215277778,-1.6940658945086E-21));
#14479=CARTESIAN_POINT('',(0.146655381944444,0.112251215277778,-2.00000000000005E-6));
#14480=CARTESIAN_POINT('',(0.146124049362466,0.112251215277778,-8.470329472543E-22));
#14481=CARTESIAN_POINT('',(0.149249589569538,0.112075540315523,-2.00000000000005E-6));
#14482=CARTESIAN_POINT('',(0.146448784722222,0.113472569444444,-2.00000000000005E-6));
#14483=CARTESIAN_POINT('',(0.149075643856687,0.112132786865715,-2.00000000000005E-6));
#14484=CARTESIAN_POINT('',(0.147241319444444,0.114443055555555,-2.00000000000005E-6));
#14485=CARTESIAN_POINT('',(0.147241319444444,0.114443055555555,-1.6940658945086E-21));
#14486=CARTESIAN_POINT('',(0.147241319444444,0.114443055555555,0.0015));
#14487=CARTESIAN_POINT('',(0.147581597222222,0.114717939814815,-1.6940658945086E-21));
#14488=CARTESIAN_POINT('',(0.147581597222222,0.114717939814815,0.0015));
#14489=CARTESIAN_POINT('',(0.147999421296296,0.114933217592593,-1.6940658945086E-21));
#14490=CARTESIAN_POINT('',(0.147999421296296,0.114933217592593,0.0015));
#14491=CARTESIAN_POINT('',(0.148494791666667,0.115088888888889,-1.6940658945086E-21));
#14492=CARTESIAN_POINT('',(0.148494791666667,0.115088888888889,0.0015));
#14493=CARTESIAN_POINT('',(0.148494791666667,0.115088888888889,-2.00000000000005E-6));
#14494=CARTESIAN_POINT('',(0.148494791666667,0.115088888888889,-1.6940658945086E-21));
#14495=CARTESIAN_POINT('',(0.148494791666667,0.115088888888889,0.0015));
#14496=CARTESIAN_POINT('',(0.148990162037037,0.115244560185185,-1.6940658945086E-21));
#14497=CARTESIAN_POINT('',(0.148990162037037,0.115244560185185,0.0015));
#14498=CARTESIAN_POINT('',(0.149559606481481,0.115322395833333,-1.6940658945086E-21));
#14499=CARTESIAN_POINT('',(0.149559606481481,0.115322395833333,0.0015));
#14500=CARTESIAN_POINT('',(0.150203125,0.115322395833333,-1.6940658945086E-21));
#14501=CARTESIAN_POINT('',(0.150203125,0.115322395833333,0.0015));
#14502=CARTESIAN_POINT('',(0.142677182886177,0.1753651211749,-2.00000000000005E-6));
#14503=CARTESIAN_POINT('',(0.143522569444444,0.175101041666667,-2.00000000000005E-6));
#14504=CARTESIAN_POINT('',(0.143419270833333,0.174884027777778,-2.00000000000005E-6));
#14505=CARTESIAN_POINT('',(0.141516636404059,0.17574063331528,-2.00000000000005E-6));
#14506=CARTESIAN_POINT('',(0.143604166666667,0.175458680555555,-2.00000000000005E-6));
#14507=CARTESIAN_POINT('',(0.143929391063006,0.174497550303314,-2.00000000000005E-6));
#14508=CARTESIAN_POINT('',(0.143343173367243,0.174753497326468,-1.6940658945086E-21));
#14509=CARTESIAN_POINT('',(0.143604166666667,0.175458680555555,-1.6940658945086E-21));
#14510=CARTESIAN_POINT('',(0.143604166666667,0.175458680555555,0.0015));
#14511=CARTESIAN_POINT('',(0.143626157407407,0.175603356481482,-1.6940658945086E-21));
#14512=CARTESIAN_POINT('',(0.143626157407407,0.175603356481482,0.0015));
#14513=CARTESIAN_POINT('',(0.14362962962963,0.175787962962963,-1.6940658945086E-21));
#14514=CARTESIAN_POINT('',(0.14362962962963,0.175787962962963,0.0015));
#14515=CARTESIAN_POINT('',(0.143614583333333,0.1760125,-1.6940658945086E-21));
#14516=CARTESIAN_POINT('',(0.143614583333333,0.1760125,0.0015));
#14517=CARTESIAN_POINT('',(0.143614583333333,0.1760125,-2.00000000000005E-6));
#14518=CARTESIAN_POINT('',(0.144162326388889,0.1760125,-2.00000000000005E-6));
#14519=CARTESIAN_POINT('',(0.144710237642053,0.1760125,-8.470329472543E-22));
#14520=CARTESIAN_POINT('',(0.138695602497979,0.176157783085989,-2.00000000000005E-6));
#14521=CARTESIAN_POINT('',(0.144607638888889,0.175041145833333,-2.00000000000005E-6));
#14522=CARTESIAN_POINT('',(0.144607638888889,0.175041145833333,-1.6940658945086E-21));
#14523=CARTESIAN_POINT('',(0.144607638888889,0.175041145833333,0.0015));
#14524=CARTESIAN_POINT('',(0.144546296296296,0.174711863425926,-1.6940658945086E-21));
#14525=CARTESIAN_POINT('',(0.144546296296296,0.174711863425926,0.0015));
#14526=CARTESIAN_POINT('',(0.144450231481481,0.174445949074074,-1.6940658945086E-21));
#14527=CARTESIAN_POINT('',(0.144450231481481,0.174445949074074,0.0015));
#14528=CARTESIAN_POINT('',(0.144319444444444,0.174243402777778,-1.6940658945086E-21));
#14529=CARTESIAN_POINT('',(0.144319444444444,0.174243402777778,0.0015));
#14530=CARTESIAN_POINT('',(0.144319444444444,0.174243402777778,-2.00000000000005E-6));
#14531=CARTESIAN_POINT('',(0.148311762644443,0.182701165750631,-2.00000000000005E-6));
#14532=CARTESIAN_POINT('',(0.144010416666667,0.174396180555556,-2.00000000000005E-6));
#14533=CARTESIAN_POINT('',(0.14384973501462,0.174479125548246,-2.00000541553891E-6));
#14534=CARTESIAN_POINT('',(0.143696180555556,0.174558506944444,-2.00000000000005E-6));
#14535=CARTESIAN_POINT('',(0.147984781873416,0.182895452940579,-2.00000000000005E-6));
#14536=CARTESIAN_POINT('',(0.143452256944444,0.174688715277778,-2.00000000000005E-6));
#14537=CARTESIAN_POINT('',(0.144040698589027,0.175809805438705,-2.00000000000005E-6));
#14538=CARTESIAN_POINT('',(0.142474246392408,0.176301365038589,-2.00000000000005E-6));
#14539=CARTESIAN_POINT('',(0.144,0.1778953125,-2.00000000000005E-6));
#14540=CARTESIAN_POINT('',(0.143332465277778,0.178334548611111,-2.00000000000005E-6));
#14541=CARTESIAN_POINT('',(0.142570811425235,0.176410936148435,-2.00000000000005E-6));
#14542=CARTESIAN_POINT('',(0.144455729166667,0.177244270833333,-2.00000000000005E-6));
#14543=CARTESIAN_POINT('',(0.142475694444444,0.178496875,-1.6940658945086E-21));
#14544=CARTESIAN_POINT('',(0.142475694444444,0.178496875,0.0015));
#14545=CARTESIAN_POINT('',(0.142793981481481,0.178496875,-1.6940658945086E-21));
#14546=CARTESIAN_POINT('',(0.142793981481481,0.178496875,0.0015));
#14547=CARTESIAN_POINT('',(0.143079571759259,0.178442766203704,-1.6940658945086E-21));
#14548=CARTESIAN_POINT('',(0.143079571759259,0.178442766203704,0.0015));
#14549=CARTESIAN_POINT('',(0.143332465277778,0.178334548611111,-1.6940658945086E-21));
#14550=CARTESIAN_POINT('',(0.143332465277778,0.178334548611111,0.0015));
#14551=CARTESIAN_POINT('',(0.142475694444444,0.178496875,-2.00000000000005E-6));
#14552=CARTESIAN_POINT('',(0.141861059021517,0.17608441850533,-2.00000000000005E-6));
#14553=CARTESIAN_POINT('',(0.14467870757262,0.176456944444445,-1.6940658945086E-21));
#14554=CARTESIAN_POINT('',(0.144108506944444,0.176456944444445,-2.00000000000005E-6));
#14555=CARTESIAN_POINT('',(0.143538241181363,0.176456944444445,-8.470329472543E-22));
#14556=CARTESIAN_POINT('',(0.142406853147506,0.176075463740784,-2.00000000000005E-6));
#14557=CARTESIAN_POINT('',(0.143121527777778,0.177032465277778,-2.00000000000005E-6));
#14558=CARTESIAN_POINT('',(0.143121527777778,0.177032465277778,-1.6940658945086E-21));
#14559=CARTESIAN_POINT('',(0.143121527777778,0.177032465277778,0.0015));
#14560=CARTESIAN_POINT('',(0.142922453703704,0.177184664351852,-1.6940658945086E-21));
#14561=CARTESIAN_POINT('',(0.142922453703704,0.177184664351852,0.0015));
#14562=CARTESIAN_POINT('',(0.142721643518518,0.177260763888889,-1.6940658945086E-21));
#14563=CARTESIAN_POINT('',(0.142721643518518,0.177260763888889,0.0015));
#14564=CARTESIAN_POINT('',(0.142519097222222,0.177260763888889,-1.6940658945086E-21));
#14565=CARTESIAN_POINT('',(0.142519097222222,0.177260763888889,0.0015));
#14566=CARTESIAN_POINT('',(0.142519097222222,0.177260763888889,-2.00000000000005E-6));
#14567=CARTESIAN_POINT('',(0.142519097222222,0.177260763888889,-8.470329472543E-22));
#14568=CARTESIAN_POINT('',(0.142519097222222,0.177260763888889,0.0015));
#14569=CARTESIAN_POINT('',(0.142236689814815,0.177260763888889,-8.470329472543E-22));
#14570=CARTESIAN_POINT('',(0.142236689814815,0.177260763888889,0.0015));
#14571=CARTESIAN_POINT('',(0.142008680555555,0.177184664351852,-8.470329472543E-22));
#14572=CARTESIAN_POINT('',(0.142008680555555,0.177184664351852,0.0015));
#14573=CARTESIAN_POINT('',(0.141835069444444,0.177032465277778,-8.470329472543E-22));
#14574=CARTESIAN_POINT('',(0.141835069444444,0.177032465277778,0.0015));
#14575=CARTESIAN_POINT('',(0.141835069444444,0.177032465277778,-2.00000000000005E-6));
#14576=CARTESIAN_POINT('',(0.143280905636626,0.17542790794448,-2.00000000000005E-6));
#14577=CARTESIAN_POINT('',(0.141381084359358,0.176456944444445,-1.6940658945086E-21));
#14578=CARTESIAN_POINT('',(0.140761284722222,0.176456944444445,-2.00000000000005E-6));
#14579=CARTESIAN_POINT('',(0.140142329888094,0.176456944444445,-8.470329472543E-22));
#14580=CARTESIAN_POINT('',(0.152083983805288,0.170680977396015,-2.00000000000005E-6));
#14581=CARTESIAN_POINT('',(0.140516493055556,0.177173958333333,-2.00000000000005E-6));
#14582=CARTESIAN_POINT('',(0.143489129332675,0.175515654854751,-2.00000000000005E-6));
#14583=CARTESIAN_POINT('',(0.140988715277778,0.177825,-2.00000000000005E-6));
#14584=CARTESIAN_POINT('',(0.142710370516587,0.176231002617641,-2.00000000000005E-6));
#14585=CARTESIAN_POINT('',(0.141618055555556,0.178307638888889,-2.00000000000005E-6));
#14586=CARTESIAN_POINT('',(0.141618055555556,0.178307638888889,-1.6940658945086E-21));
#14587=CARTESIAN_POINT('',(0.141618055555556,0.178307638888889,0.0015));
#14588=CARTESIAN_POINT('',(0.141856481481481,0.178433796296296,-1.6940658945086E-21));
#14589=CARTESIAN_POINT('',(0.141856481481481,0.178433796296296,0.0015));
#14590=CARTESIAN_POINT('',(0.142142361111111,0.178496875,-1.6940658945086E-21));
#14591=CARTESIAN_POINT('',(0.142142361111111,0.178496875,0.0015));
#14592=CARTESIAN_POINT('',(0.142475694444444,0.178496875,-1.6940658945086E-21));
#14593=CARTESIAN_POINT('',(0.142475694444444,0.178496875,0.0015));
#14594=CARTESIAN_POINT('',(0.145703796688288,0.175212052252914,-2.00000000000005E-6));
#14595=CARTESIAN_POINT('',(0.137728298611111,0.177456076388889,-2.00000000000005E-6));
#14596=CARTESIAN_POINT('',(0.137880208333333,0.177938715277778,-2.00000000000005E-6));
#14597=CARTESIAN_POINT('',(0.142501807886742,0.176105580729755,-2.00000000000005E-6));
#14598=CARTESIAN_POINT('',(0.137614583333333,0.176956944444445,-2.00000000000005E-6));
#14599=CARTESIAN_POINT('',(0.140106783024883,0.177199616159173,-2.00000000000005E-6));
#14600=CARTESIAN_POINT('',(0.138048013329075,0.178323410572064,-8.470329472543E-22));
#14601=CARTESIAN_POINT('',(0.14031719773234,0.176467108016899,-2.00000000000005E-6));
#14602=CARTESIAN_POINT('',(0.137571180555556,0.176489930555556,-2.00000000000005E-6));
#14603=CARTESIAN_POINT('',(0.137571180555556,0.1764734375,-2.00000000000005E-6));
#14604=CARTESIAN_POINT('',(0.137571180555556,0.176456944444445,-2.00000000000005E-6));
#14605=CARTESIAN_POINT('',(0.137055555555556,0.176456944444445,-2.00000000000005E-6));
#14606=CARTESIAN_POINT('',(0.136539930555556,0.176456944444445,-2.00000000000005E-6));
#14607=CARTESIAN_POINT('',(0.136539930555556,0.176468229166667,-2.00000000000005E-6));
#14608=CARTESIAN_POINT('',(0.136539930555556,0.176479513888889,-2.00000000000005E-6));
#14609=CARTESIAN_POINT('',(0.142099329409411,0.176468919448533,-2.00000000000005E-6));
#14610=CARTESIAN_POINT('',(0.136566840277778,0.177016840277778,-2.00000000000005E-6));
#14611=CARTESIAN_POINT('',(0.140906565066161,0.17658864979571,-2.00000000000005E-6));
#14612=CARTESIAN_POINT('',(0.136658854166667,0.177575868055556,-2.00000000000005E-6));
#14613=CARTESIAN_POINT('',(0.139464649933469,0.176935334938848,-2.00000000000005E-6));
#14614=CARTESIAN_POINT('',(0.136838541666667,0.178112326388889,-2.00000000000005E-6));
#14615=CARTESIAN_POINT('',(0.138471883062369,0.17739780742386,-2.00000000000005E-6));
#14616=CARTESIAN_POINT('',(0.137114144597594,0.178552538200755,-1.6940658945086E-21));
#14617=CARTESIAN_POINT('',(0.137581597222222,0.178437847222222,-2.00000000000005E-6));
#14618=CARTESIAN_POINT('',(0.150164930555555,0.138131423611111,-2.00000000000005E-6));
#14619=CARTESIAN_POINT('',(0.146166666666667,0.138131423611111,-2.00000000000005E-6));
#14620=CARTESIAN_POINT('',(0.154163194444445,0.138131423611111,-2.00000000000005E-6));
#14621=CARTESIAN_POINT('',(0.146166666666667,0.138792881944444,-2.00000000000005E-6));
#14622=CARTESIAN_POINT('',(0.146166666666667,0.139454340277778,-2.00000000000005E-6));
#14623=CARTESIAN_POINT('',(0.154163194444445,0.138792881944444,-2.00000000000005E-6));
#14624=CARTESIAN_POINT('',(0.154163194444445,0.139454340277778,-2.00000000000005E-6));
#14625=CARTESIAN_POINT('',(0.148532118055556,0.140799826388889,-2.00000000000005E-6));
#14626=CARTESIAN_POINT('',(0.150897569444444,0.1421453125,-2.00000000000005E-6));
#14627=CARTESIAN_POINT('',(0.152145833333334,0.1421453125,-2.00000000000005E-6));
#14628=CARTESIAN_POINT('',(0.153394097222222,0.1421453125,-2.00000000000005E-6));
#14629=CARTESIAN_POINT('',(0.151022569444445,0.140799826388889,-2.00000000000005E-6));
#14630=CARTESIAN_POINT('',(0.148651041666667,0.139454340277778,-2.00000000000005E-6));
#14631=CARTESIAN_POINT('',(0.151407118055556,0.139454340277778,-2.00000000000005E-6));
#14632=CARTESIAN_POINT('',(0.150339409722222,0.1490359375,-2.00000000000005E-6));
#14633=CARTESIAN_POINT('',(0.149628472222222,0.149329340277778,-2.00000000000005E-6));
#14634=CARTESIAN_POINT('',(0.151050347222222,0.148742534722222,-2.00000000000005E-6));
#14635=CARTESIAN_POINT('',(0.151895833333334,0.150381423611111,-2.00000000000005E-6));
#14636=CARTESIAN_POINT('',(0.154163194444445,0.151433506944444,-2.00000000000005E-6));
#14637=CARTESIAN_POINT('',(0.152606770833334,0.149344965277778,-2.00000000000005E-6));
#14638=CARTESIAN_POINT('',(0.154163194444445,0.149947395833333,-2.00000000000005E-6));
#14639=CARTESIAN_POINT('',(0.154163194444445,0.150690451388889,-2.00000000000005E-6));
#14640=CARTESIAN_POINT('',(0.151792534722222,0.146665277777778,-2.00000000000005E-6));
#14641=CARTESIAN_POINT('',(0.149421875,0.147853645833333,-2.00000000000005E-6));
#14642=CARTESIAN_POINT('',(0.154163194444445,0.145476909722222,-2.00000000000005E-6));
#14643=CARTESIAN_POINT('',(0.147794270833333,0.147853645833333,-2.00000000000005E-6));
#14644=CARTESIAN_POINT('',(0.146166666666667,0.147853645833333,-2.00000000000005E-6));
#14645=CARTESIAN_POINT('',(0.154163194444445,0.146219965277778,-2.00000000000005E-6));
#14646=CARTESIAN_POINT('',(0.154163194444445,0.146963020833333,-2.00000000000005E-6));
#14647=CARTESIAN_POINT('',(0.146166666666667,0.148515104166667,-2.00000000000005E-6));
#14648=CARTESIAN_POINT('',(0.146166666666667,0.1491765625,-2.00000000000005E-6));
#14649=CARTESIAN_POINT('',(0.147501736111111,0.1491765625,-2.00000000000005E-6));
#14650=CARTESIAN_POINT('',(0.148836805555556,0.1491765625,-2.00000000000005E-6));
#14651=CARTESIAN_POINT('',(0.1515,0.148069791666667,-2.00000000000005E-6));
#14652=CARTESIAN_POINT('',(0.15384375,0.155151388888889,-8.470329472543E-22));
#14653=CARTESIAN_POINT('',(0.15384375,0.155151388888889,0.0015));
#14654=CARTESIAN_POINT('',(0.153630787037037,0.154641550925926,-8.470329472543E-22));
#14655=CARTESIAN_POINT('',(0.153630787037037,0.154641550925926,0.0015));
#14656=CARTESIAN_POINT('',(0.15334693287037,0.154218518518519,-8.470329472543E-22));
#14657=CARTESIAN_POINT('',(0.15334693287037,0.154218518518519,0.0015));
#14658=CARTESIAN_POINT('',(0.1529921875,0.153882291666667,-8.470329472543E-22));
#14659=CARTESIAN_POINT('',(0.1529921875,0.153882291666667,0.0015));
#14660=CARTESIAN_POINT('',(0.1529921875,0.153882291666667,-2.00000000000005E-6));
#14661=CARTESIAN_POINT('',(0.15384375,0.155151388888889,-2.00000000000005E-6));
#14662=CARTESIAN_POINT('',(0.150571225389337,0.156416398653553,-2.00000000000005E-6));
#14663=CARTESIAN_POINT('',(0.151782118055555,0.153127951388889,-2.00000000000005E-6));
#14664=CARTESIAN_POINT('',(0.154163194444445,0.156924826388889,-8.470329472543E-22));
#14665=CARTESIAN_POINT('',(0.154163194444445,0.156924826388889,0.0015));
#14666=CARTESIAN_POINT('',(0.154163194444445,0.156252372685185,-8.470329472543E-22));
#14667=CARTESIAN_POINT('',(0.154163194444445,0.156252372685185,0.0015));
#14668=CARTESIAN_POINT('',(0.154056712962963,0.155661226851852,-8.470329472543E-22));
#14669=CARTESIAN_POINT('',(0.154056712962963,0.155661226851852,0.0015));
#14670=CARTESIAN_POINT('',(0.15384375,0.155151388888889,-8.470329472543E-22));
#14671=CARTESIAN_POINT('',(0.15384375,0.155151388888889,0.0015));
#14672=CARTESIAN_POINT('',(0.154163194444445,0.156924826388889,-2.00000000000005E-6));
#14673=CARTESIAN_POINT('',(0.150389799320741,0.156877324647534,-2.00000000000005E-6));
#14674=CARTESIAN_POINT('',(0.150387152777778,0.152877951388889,-2.00000000000005E-6));
#14675=CARTESIAN_POINT('',(0.150387152777778,0.152877951388889,-1.6940658945086E-21));
#14676=CARTESIAN_POINT('',(0.150387152777778,0.152877951388889,0.0015));
#14677=CARTESIAN_POINT('',(0.14972974537037,0.152877951388889,-1.6940658945086E-21));
#14678=CARTESIAN_POINT('',(0.14972974537037,0.152877951388889,0.0015));
#14679=CARTESIAN_POINT('',(0.149167534722222,0.152948553240741,-1.6940658945086E-21));
#14680=CARTESIAN_POINT('',(0.149167534722222,0.152948553240741,0.0015));
#14681=CARTESIAN_POINT('',(0.148700520833333,0.153089756944445,-1.6940658945086E-21));
#14682=CARTESIAN_POINT('',(0.148700520833333,0.153089756944445,0.0015));
#14683=CARTESIAN_POINT('',(0.148700520833333,0.153089756944445,-2.00000000000005E-6));
#14684=CARTESIAN_POINT('',(0.148700520833333,0.153089756944445,-1.6940658945086E-21));
#14685=CARTESIAN_POINT('',(0.148700520833333,0.153089756944445,0.0015));
#14686=CARTESIAN_POINT('',(0.148233506944444,0.153230960648148,-1.6940658945086E-21));
#14687=CARTESIAN_POINT('',(0.148233506944444,0.153230960648148,0.0015));
#14688=CARTESIAN_POINT('',(0.147842881944444,0.153410069444444,-1.6940658945086E-21));
#14689=CARTESIAN_POINT('',(0.147842881944444,0.153410069444444,0.0015));
#14690=CARTESIAN_POINT('',(0.147528645833333,0.153627083333333,-1.6940658945086E-21));
#14691=CARTESIAN_POINT('',(0.147528645833333,0.153627083333333,0.0015));
#14692=CARTESIAN_POINT('',(0.147528645833333,0.153627083333333,-2.00000000000005E-6));
#14693=CARTESIAN_POINT('',(0.147528645833333,0.153627083333333,-8.470329472543E-22));
#14694=CARTESIAN_POINT('',(0.147528645833333,0.153627083333333,0.0015));
#14695=CARTESIAN_POINT('',(0.147214409722222,0.153844097222222,-8.470329472543E-22));
#14696=CARTESIAN_POINT('',(0.147214409722222,0.153844097222222,0.0015));
#14697=CARTESIAN_POINT('',(0.146966724537037,0.154088310185185,-8.470329472543E-22));
#14698=CARTESIAN_POINT('',(0.146966724537037,0.154088310185185,0.0015));
#14699=CARTESIAN_POINT('',(0.146785590277778,0.154359722222222,-8.470329472543E-22));
#14700=CARTESIAN_POINT('',(0.146785590277778,0.154359722222222,0.0015));
#14701=CARTESIAN_POINT('',(0.146785590277778,0.154359722222222,-2.00000000000005E-6));
#14702=CARTESIAN_POINT('',(0.149788236368488,0.156421019936699,-2.00000000000005E-6));
#14703=CARTESIAN_POINT('',(0.146378472222222,0.155146180555556,-2.00000000000005E-6));
#14704=CARTESIAN_POINT('',(0.146378472222222,0.155146180555556,-1.6940658945086E-21));
#14705=CARTESIAN_POINT('',(0.146378472222222,0.155146180555556,0.0015));
#14706=CARTESIAN_POINT('',(0.146288194444444,0.155399074074074,-1.6940658945086E-21));
#14707=CARTESIAN_POINT('',(0.146288194444444,0.155399074074074,0.0015));
#14708=CARTESIAN_POINT('',(0.146230324074074,0.155630555555556,-1.6940658945086E-21));
#14709=CARTESIAN_POINT('',(0.146230324074074,0.155630555555556,0.0015));
#14710=CARTESIAN_POINT('',(0.146204861111111,0.155840625,-1.6940658945086E-21));
#14711=CARTESIAN_POINT('',(0.146204861111111,0.155840625,0.0015));
#14712=CARTESIAN_POINT('',(0.146204861111111,0.155840625,-2.00000000000005E-6));
#14713=CARTESIAN_POINT('',(0.150706326239147,0.156458488323743,-2.00000000000005E-6));
#14714=CARTESIAN_POINT('',(0.146166666666667,0.156306770833333,-2.00000000000005E-6));
#14715=CARTESIAN_POINT('',(0.146166666666667,0.156947395833334,-2.00000000000005E-6));
#14716=CARTESIAN_POINT('',(0.146166666666667,0.157588020833334,-2.00000000000005E-6));
#14717=CARTESIAN_POINT('',(0.146644097222222,0.157588020833334,-2.00000000000005E-6));
#14718=CARTESIAN_POINT('',(0.147121527777778,0.157588020833334,-2.00000000000005E-6));
#14719=CARTESIAN_POINT('',(0.147121527777778,0.157164409722222,-2.00000000000005E-6));
#14720=CARTESIAN_POINT('',(0.147121527777778,0.156740798611111,-2.00000000000005E-6));
#14721=CARTESIAN_POINT('',(0.147121527777778,0.156740798611111,-1.6940658945086E-21));
#14722=CARTESIAN_POINT('',(0.147121527777778,0.156740798611111,0.0015));
#14723=CARTESIAN_POINT('',(0.147121527777778,0.155858854166667,-1.6940658945086E-21));
#14724=CARTESIAN_POINT('',(0.147121527777778,0.155858854166667,0.0015));
#14725=CARTESIAN_POINT('',(0.147403645833333,0.155222569444445,-1.6940658945086E-21));
#14726=CARTESIAN_POINT('',(0.147403645833333,0.155222569444445,0.0015));
#14727=CARTESIAN_POINT('',(0.147967881944444,0.154831944444445,-1.6940658945086E-21));
#14728=CARTESIAN_POINT('',(0.147967881944444,0.154831944444445,0.0015));
#14729=CARTESIAN_POINT('',(0.147967881944444,0.154831944444445,-2.00000000000005E-6));
#14730=CARTESIAN_POINT('',(0.147967881944444,0.154831944444445,-8.470329472543E-22));
#14731=CARTESIAN_POINT('',(0.147967881944444,0.154831944444445,0.0015));
#14732=CARTESIAN_POINT('',(0.148532118055555,0.154441319444445,-8.470329472543E-22));
#14733=CARTESIAN_POINT('',(0.148532118055555,0.154441319444445,0.0015));
#14734=CARTESIAN_POINT('',(0.149349537037037,0.154246006944445,-8.470329472543E-22));
#14735=CARTESIAN_POINT('',(0.149349537037037,0.154246006944445,0.0015));
#14736=CARTESIAN_POINT('',(0.150420138888889,0.154246006944445,-8.470329472543E-22));
#14737=CARTESIAN_POINT('',(0.150420138888889,0.154246006944445,0.0015));
#14738=CARTESIAN_POINT('',(0.150420138888889,0.154246006944445,-2.00000000000005E-6));
#14739=CARTESIAN_POINT('',(0.150420782164517,0.158401412349449,-2.00000000000005E-6));
#14740=CARTESIAN_POINT('',(0.151407986111111,0.154364930555556,-2.00000000000005E-6));
#14741=CARTESIAN_POINT('',(0.150907162073178,0.156398658439758,-2.00000000000005E-6));
#14742=CARTESIAN_POINT('',(0.152291666666666,0.154825868055556,-2.00000000000005E-6));
#14743=CARTESIAN_POINT('',(0.152291666666666,0.154825868055556,-1.6940658945086E-21));
#14744=CARTESIAN_POINT('',(0.152291666666666,0.154825868055556,0.0015));
#14745=CARTESIAN_POINT('',(0.152555555555555,0.155053877314815,-1.6940658945086E-21));
#14746=CARTESIAN_POINT('',(0.152555555555555,0.155053877314815,0.0015));
#14747=CARTESIAN_POINT('',(0.152769097222222,0.155363194444444,-1.6940658945086E-21));
#14748=CARTESIAN_POINT('',(0.152769097222222,0.155363194444444,0.0015));
#14749=CARTESIAN_POINT('',(0.152932291666666,0.155753819444444,-1.6940658945086E-21));
#14750=CARTESIAN_POINT('',(0.152932291666666,0.155753819444444,0.0015));
#14751=CARTESIAN_POINT('',(0.152932291666666,0.155753819444444,-2.00000000000005E-6));
#14752=CARTESIAN_POINT('',(0.152932291666666,0.155753819444444,-1.6940658945086E-21));
#14753=CARTESIAN_POINT('',(0.152932291666666,0.155753819444444,0.0015));
#14754=CARTESIAN_POINT('',(0.153095486111111,0.156144444444445,-1.6940658945086E-21));
#14755=CARTESIAN_POINT('',(0.153095486111111,0.156144444444445,0.0015));
#14756=CARTESIAN_POINT('',(0.153177083333333,0.156650520833333,-1.6940658945086E-21));
#14757=CARTESIAN_POINT('',(0.153177083333333,0.156650520833333,0.0015));
#14758=CARTESIAN_POINT('',(0.153177083333333,0.157272048611111,-1.6940658945086E-21));
#14759=CARTESIAN_POINT('',(0.153177083333333,0.157272048611111,0.0015));
#14760=CARTESIAN_POINT('',(0.153177083333333,0.157272048611111,-2.00000000000005E-6));
#14761=CARTESIAN_POINT('',(0.153177083333333,0.157430034722222,-2.00000000000005E-6));
#14762=CARTESIAN_POINT('',(0.153177083333333,0.157588020833334,-2.00000000000005E-6));
#14763=CARTESIAN_POINT('',(0.153670138888889,0.157588020833334,-2.00000000000005E-6));
#14764=CARTESIAN_POINT('',(0.154163194444445,0.157588020833334,-2.00000000000005E-6));
#14765=CARTESIAN_POINT('',(0.154163194444445,0.157256423611111,-2.00000000000005E-6));
#14766=CARTESIAN_POINT('',(0.1516953125,0.125510763888889,-2.00000000000005E-6));
#14767=CARTESIAN_POINT('',(0.149227430555556,0.124436979166667,-2.00000000000005E-6));
#14768=CARTESIAN_POINT('',(0.154163194444445,0.126584548611111,-2.00000000000005E-6));
#14769=CARTESIAN_POINT('',(0.148223090277778,0.124436979166667,-2.00000000000005E-6));
#14770=CARTESIAN_POINT('',(0.14721875,0.124436979166667,-2.00000000000005E-6));
#14771=CARTESIAN_POINT('',(0.154163194444445,0.127246875,-2.00000000000005E-6));
#14772=CARTESIAN_POINT('',(0.154163194444445,0.127909201388889,-2.00000000000005E-6));
#14773=CARTESIAN_POINT('',(0.14721875,0.124610590277778,-2.00000000000005E-6));
#14774=CARTESIAN_POINT('',(0.14721875,0.124784201388889,-2.00000000000005E-6));
#14775=CARTESIAN_POINT('',(0.149443576388889,0.125684375,-2.00000000000005E-6));
#14776=CARTESIAN_POINT('',(0.151668402777778,0.126584548611111,-2.00000000000005E-6));
#14777=CARTESIAN_POINT('',(0.148917534722222,0.126584548611111,-2.00000000000005E-6));
#14778=CARTESIAN_POINT('',(0.146166666666667,0.126584548611111,-2.00000000000005E-6));
#14779=CARTESIAN_POINT('',(0.146166666666667,0.127246875,-2.00000000000005E-6));
#14780=CARTESIAN_POINT('',(0.146166666666667,0.127909201388889,-2.00000000000005E-6));
#14781=CARTESIAN_POINT('',(0.150164930555555,0.127909201388889,-2.00000000000005E-6));
#14782=CARTESIAN_POINT('',(0.147826388888889,0.133015104166667,-2.00000000000005E-6));
#14783=CARTESIAN_POINT('',(0.147826388888889,0.1340515625,-2.00000000000005E-6));
#14784=CARTESIAN_POINT('',(0.147826388888889,0.131978645833333,-2.00000000000005E-6));
#14785=CARTESIAN_POINT('',(0.148266493055556,0.133899652777778,-2.00000000000005E-6));
#14786=CARTESIAN_POINT('',(0.148706597222222,0.133747743055555,-2.00000000000005E-6));
#14787=CARTESIAN_POINT('',(0.148266493055556,0.132135763888889,-2.00000000000005E-6));
#14788=CARTESIAN_POINT('',(0.148706597222222,0.132292881944444,-2.00000000000005E-6));
#14789=CARTESIAN_POINT('',(0.148706597222222,0.1330203125,-2.00000000000005E-6));
#14790=CARTESIAN_POINT('',(0.149161458333333,0.1319734375,-2.00000000000005E-6));
#14791=CARTESIAN_POINT('',(0.15215625,0.133009895833333,-2.00000000000005E-6));
#14792=CARTESIAN_POINT('',(0.146166666666667,0.130936979166667,-2.00000000000005E-6));
#14793=CARTESIAN_POINT('',(0.149161458333333,0.134056770833333,-2.00000000000005E-6));
#14794=CARTESIAN_POINT('',(0.146166666666667,0.135103645833333,-2.00000000000005E-6));
#14795=CARTESIAN_POINT('',(0.146166666666667,0.130264236111111,-2.00000000000005E-6));
#14796=CARTESIAN_POINT('',(0.146166666666667,0.129591493055555,-2.00000000000005E-6));
#14797=CARTESIAN_POINT('',(0.146166666666667,0.135781597222222,-2.00000000000005E-6));
#14798=CARTESIAN_POINT('',(0.146166666666667,0.136459548611111,-2.00000000000005E-6));
#14799=CARTESIAN_POINT('',(0.150159722222222,0.135060243055555,-2.00000000000005E-6));
#14800=CARTESIAN_POINT('',(0.154152777777778,0.1336609375,-2.00000000000005E-6));
#14801=CARTESIAN_POINT('',(0.154152777777778,0.133015104166667,-2.00000000000005E-6));
#14802=CARTESIAN_POINT('',(0.154152777777778,0.132369270833333,-2.00000000000005E-6));
#14803=CARTESIAN_POINT('',(0.150159722222222,0.130980381944444,-2.00000000000005E-6));
#14804=CARTESIAN_POINT('',(0.154163194444445,0.143252083333333,-2.00000000000005E-6));
#14805=CARTESIAN_POINT('',(0.154163194444445,0.142589756944444,-2.00000000000005E-6));
#14806=CARTESIAN_POINT('',(0.154163194444445,0.143914409722222,-2.00000000000005E-6));
#14807=CARTESIAN_POINT('',(0.150164930555555,0.142589756944444,-2.00000000000005E-6));
#14808=CARTESIAN_POINT('',(0.146166666666667,0.142589756944444,-2.00000000000005E-6));
#14809=CARTESIAN_POINT('',(0.150164930555555,0.143914409722222,-2.00000000000005E-6));
#14810=CARTESIAN_POINT('',(0.146166666666667,0.143914409722222,-2.00000000000005E-6));
#14811=CARTESIAN_POINT('',(0.146166666666667,0.143252083333333,-2.00000000000005E-6));
#14812=CARTESIAN_POINT('',(0.142111979166667,0.163044618055556,-2.00000000000005E-6));
#14813=CARTESIAN_POINT('',(0.139644097222222,0.161970833333334,-2.00000000000005E-6));
#14814=CARTESIAN_POINT('',(0.144579861111111,0.164118402777778,-2.00000000000005E-6));
#14815=CARTESIAN_POINT('',(0.138639756944444,0.161970833333334,-2.00000000000005E-6));
#14816=CARTESIAN_POINT('',(0.137635416666667,0.161970833333334,-2.00000000000005E-6));
#14817=CARTESIAN_POINT('',(0.144579861111111,0.164780729166667,-2.00000000000005E-6));
#14818=CARTESIAN_POINT('',(0.144579861111111,0.165443055555555,-2.00000000000005E-6));
#14819=CARTESIAN_POINT('',(0.137635416666667,0.162144444444445,-2.00000000000005E-6));
#14820=CARTESIAN_POINT('',(0.137635416666667,0.162318055555556,-2.00000000000005E-6));
#14821=CARTESIAN_POINT('',(0.139860243055556,0.163218229166667,-2.00000000000005E-6));
#14822=CARTESIAN_POINT('',(0.142085069444444,0.164118402777778,-2.00000000000005E-6));
#14823=CARTESIAN_POINT('',(0.139334201388889,0.164118402777778,-2.00000000000005E-6));
#14824=CARTESIAN_POINT('',(0.136583333333333,0.164118402777778,-2.00000000000005E-6));
#14825=CARTESIAN_POINT('',(0.136583333333333,0.164780729166667,-2.00000000000005E-6));
#14826=CARTESIAN_POINT('',(0.136583333333333,0.165443055555555,-2.00000000000005E-6));
#14827=CARTESIAN_POINT('',(0.140581597222222,0.165443055555555,-2.00000000000005E-6));
#14828=CARTESIAN_POINT('',(0.140756076388889,0.170564583333333,-2.00000000000005E-6));
#14829=CARTESIAN_POINT('',(0.140045138888889,0.170857986111111,-2.00000000000005E-6));
#14830=CARTESIAN_POINT('',(0.141467013888889,0.170271180555556,-2.00000000000005E-6));
#14831=CARTESIAN_POINT('',(0.1423125,0.171910069444445,-2.00000000000005E-6));
#14832=CARTESIAN_POINT('',(0.144579861111111,0.172962152777778,-2.00000000000005E-6));
#14833=CARTESIAN_POINT('',(0.1430234375,0.170873611111111,-2.00000000000005E-6));
#14834=CARTESIAN_POINT('',(0.144579861111111,0.171476041666666,-2.00000000000005E-6));
#14835=CARTESIAN_POINT('',(0.144579861111111,0.172219097222222,-2.00000000000005E-6));
#14836=CARTESIAN_POINT('',(0.142209201388889,0.168193923611111,-2.00000000000005E-6));
#14837=CARTESIAN_POINT('',(0.139838541666667,0.169382291666667,-2.00000000000005E-6));
#14838=CARTESIAN_POINT('',(0.144579861111111,0.167005555555556,-2.00000000000005E-6));
#14839=CARTESIAN_POINT('',(0.1382109375,0.169382291666667,-2.00000000000005E-6));
#14840=CARTESIAN_POINT('',(0.136583333333333,0.169382291666667,-2.00000000000005E-6));
#14841=CARTESIAN_POINT('',(0.144579861111111,0.167748611111111,-2.00000000000005E-6));
#14842=CARTESIAN_POINT('',(0.144579861111111,0.168491666666667,-2.00000000000005E-6));
#14843=CARTESIAN_POINT('',(0.136583333333333,0.17004375,-2.00000000000005E-6));
#14844=CARTESIAN_POINT('',(0.136583333333333,0.170705208333333,-2.00000000000005E-6));
#14845=CARTESIAN_POINT('',(0.137918402777778,0.170705208333333,-2.00000000000005E-6));
#14846=CARTESIAN_POINT('',(0.139253472222222,0.170705208333333,-2.00000000000005E-6));
#14847=CARTESIAN_POINT('',(0.141916666666667,0.1695984375,-2.00000000000005E-6));
#14848=CARTESIAN_POINT('',(0.13800145699839,0.17666040829227,-2.00000000000005E-6));
#14849=CARTESIAN_POINT('',(0.140364583333333,0.174602777777778,-2.00000000000005E-6));
#14850=CARTESIAN_POINT('',(0.140815104166667,0.175280729166667,-2.00000000000005E-6));
#14851=CARTESIAN_POINT('',(0.138746421593883,0.176030712715441,-2.00000000000005E-6));
#14852=CARTESIAN_POINT('',(0.139719618055556,0.174103645833334,-2.00000000000005E-6));
#14853=CARTESIAN_POINT('',(0.117291846358344,0.186921270415363,-2.00000000000005E-6));
#14854=CARTESIAN_POINT('',(0.141163229669469,0.1760125,-8.470329472543E-22));
#14855=CARTESIAN_POINT('',(0.139719618055556,0.174103645833334,-1.6940658945086E-21));
#14856=CARTESIAN_POINT('',(0.139719618055556,0.174103645833334,0.0015));
#14857=CARTESIAN_POINT('',(0.139466724537037,0.1739734375,-1.6940658945086E-21));
#14858=CARTESIAN_POINT('',(0.139466724537037,0.1739734375,0.0015));
#14859=CARTESIAN_POINT('',(0.139152199074074,0.173908333333333,-1.6940658945086E-21));
#14860=CARTESIAN_POINT('',(0.139152199074074,0.173908333333333,0.0015));
#14861=CARTESIAN_POINT('',(0.138776041666667,0.173908333333333,-1.6940658945086E-21));
#14862=CARTESIAN_POINT('',(0.138776041666667,0.173908333333333,0.0015));
#14863=CARTESIAN_POINT('',(0.138776041666667,0.173908333333333,-2.00000000000005E-6));
#14864=CARTESIAN_POINT('',(0.138775942880946,0.17595594582729,-2.00000000000005E-6));
#14865=CARTESIAN_POINT('',(0.138016493055556,0.174054166666667,-2.00000000000005E-6));
#14866=CARTESIAN_POINT('',(0.138831946657331,0.176120279369593,-2.00000000000005E-6));
#14867=CARTESIAN_POINT('',(0.137348958333333,0.174466493055556,-2.00000000000005E-6));
#14868=CARTESIAN_POINT('',(0.138916383714478,0.176189808020195,-2.00000000000005E-6));
#14869=CARTESIAN_POINT('',(0.13684375,0.175123611111111,-2.00000000000005E-6));
#14870=CARTESIAN_POINT('',(0.139155395403258,0.176308194627465,-2.00000000000005E-6));
#14871=CARTESIAN_POINT('',(0.136573885968922,0.1760125,-1.6940658945086E-21));
#14872=CARTESIAN_POINT('',(0.13709375,0.1760125,-2.00000000000005E-6));
#14873=CARTESIAN_POINT('',(0.137614583333333,0.1760125,-2.00000000000005E-6));
#14874=CARTESIAN_POINT('',(0.137614583333333,0.1760125,-1.6940658945086E-21));
#14875=CARTESIAN_POINT('',(0.137614583333333,0.1760125,0.0015));
#14876=CARTESIAN_POINT('',(0.137759259259259,0.175419907407407,-1.6940658945086E-21));
#14877=CARTESIAN_POINT('',(0.137759259259259,0.175419907407407,0.0015));
#14878=CARTESIAN_POINT('',(0.138153356481481,0.175123611111111,-1.6940658945086E-21));
#14879=CARTESIAN_POINT('',(0.138153356481481,0.175123611111111,0.0015));
#14880=CARTESIAN_POINT('',(0.138796875,0.175123611111111,-1.6940658945086E-21));
#14881=CARTESIAN_POINT('',(0.138796875,0.175123611111111,0.0015));
#14882=CARTESIAN_POINT('',(0.138796875,0.175123611111111,-2.00000000000005E-6));
#14883=CARTESIAN_POINT('',(0.138796875,0.175123611111111,-1.6940658945086E-21));
#14884=CARTESIAN_POINT('',(0.138796875,0.175123611111111,0.0015));
#14885=CARTESIAN_POINT('',(0.139050347222222,0.175123611111111,-1.6940658945086E-21));
#14886=CARTESIAN_POINT('',(0.139050347222222,0.175123611111111,0.0015));
#14887=CARTESIAN_POINT('',(0.139260127314815,0.175206655092593,-1.6940658945086E-21));
#14888=CARTESIAN_POINT('',(0.139260127314815,0.175206655092593,0.0015));
#14889=CARTESIAN_POINT('',(0.139426215277778,0.175372743055556,-1.6940658945086E-21));
#14890=CARTESIAN_POINT('',(0.139426215277778,0.175372743055556,0.0015));
#14891=CARTESIAN_POINT('',(0.139426215277778,0.175372743055556,-2.00000000000005E-6));
#14892=CARTESIAN_POINT('',(0.139426215277778,0.175372743055556,-1.6940658945086E-21));
#14893=CARTESIAN_POINT('',(0.139426215277778,0.175372743055556,0.0015));
#14894=CARTESIAN_POINT('',(0.139592303240741,0.175538831018518,-1.6940658945086E-21));
#14895=CARTESIAN_POINT('',(0.139592303240741,0.175538831018518,0.0015));
#14896=CARTESIAN_POINT('',(0.139747685185185,0.175752083333333,-1.6940658945086E-21));
#14897=CARTESIAN_POINT('',(0.139747685185185,0.175752083333333,0.0015));
#14898=CARTESIAN_POINT('',(0.139892361111111,0.1760125,-1.6940658945086E-21));
#14899=CARTESIAN_POINT('',(0.139892361111111,0.1760125,0.0015));
#14900=CARTESIAN_POINT('',(0.139892361111111,0.1760125,-2.00000000000005E-6));
#14901=CARTESIAN_POINT('',(0.140527777777778,0.1760125,-2.00000000000005E-6));
#14902=CARTESIAN_POINT('',(0.140581597222222,0.158054166666666,-2.00000000000005E-6));
#14903=CARTESIAN_POINT('',(0.136583333333333,0.158054166666666,-2.00000000000005E-6));
#14904=CARTESIAN_POINT('',(0.144579861111111,0.158054166666666,-2.00000000000005E-6));
#14905=CARTESIAN_POINT('',(0.136583333333333,0.158715625,-2.00000000000005E-6));
#14906=CARTESIAN_POINT('',(0.136583333333333,0.159377083333334,-2.00000000000005E-6));
#14907=CARTESIAN_POINT('',(0.144579861111111,0.158715625,-2.00000000000005E-6));
#14908=CARTESIAN_POINT('',(0.144579861111111,0.159377083333334,-2.00000000000005E-6));
#14909=CARTESIAN_POINT('',(0.139334201388889,0.159377083333334,-2.00000000000005E-6));
#14910=CARTESIAN_POINT('',(0.142085069444444,0.159377083333334,-2.00000000000005E-6));
#14911=CARTESIAN_POINT('',(0.139860243055556,0.160272048611111,-2.00000000000005E-6));
#14912=CARTESIAN_POINT('',(0.137635416666667,0.161167013888889,-2.00000000000005E-6));
#14913=CARTESIAN_POINT('',(0.137635416666667,0.161346701388889,-2.00000000000005E-6));
#14914=CARTESIAN_POINT('',(0.137635416666667,0.161526388888889,-2.00000000000005E-6));
#14915=CARTESIAN_POINT('',(0.138628472222222,0.161526388888889,-2.00000000000005E-6));
#14916=CARTESIAN_POINT('',(0.139621527777778,0.161526388888889,-2.00000000000005E-6));
#14917=CARTESIAN_POINT('',(0.142100694444444,0.160451736111111,-2.00000000000005E-6));
#14918=CARTESIAN_POINT('',(0.142111979166667,0.153659201388889,-2.00000000000005E-6));
#14919=CARTESIAN_POINT('',(0.139644097222222,0.152585416666667,-2.00000000000005E-6));
#14920=CARTESIAN_POINT('',(0.144579861111111,0.154732986111111,-2.00000000000005E-6));
#14921=CARTESIAN_POINT('',(0.138639756944444,0.152585416666667,-2.00000000000005E-6));
#14922=CARTESIAN_POINT('',(0.137635416666667,0.152585416666667,-2.00000000000005E-6));
#14923=CARTESIAN_POINT('',(0.144579861111111,0.1553953125,-2.00000000000005E-6));
#14924=CARTESIAN_POINT('',(0.144579861111111,0.156057638888889,-2.00000000000005E-6));
#14925=CARTESIAN_POINT('',(0.137635416666667,0.152759027777778,-2.00000000000005E-6));
#14926=CARTESIAN_POINT('',(0.137635416666667,0.152932638888889,-2.00000000000005E-6));
#14927=CARTESIAN_POINT('',(0.139860243055556,0.1538328125,-2.00000000000005E-6));
#14928=CARTESIAN_POINT('',(0.142085069444444,0.154732986111111,-2.00000000000005E-6));
#14929=CARTESIAN_POINT('',(0.139334201388889,0.154732986111111,-2.00000000000005E-6));
#14930=CARTESIAN_POINT('',(0.136583333333333,0.154732986111111,-2.00000000000005E-6));
#14931=CARTESIAN_POINT('',(0.136583333333333,0.1553953125,-2.00000000000005E-6));
#14932=CARTESIAN_POINT('',(0.136583333333333,0.156057638888889,-2.00000000000005E-6));
#14933=CARTESIAN_POINT('',(0.140581597222222,0.156057638888889,-2.00000000000005E-6));
#14934=CARTESIAN_POINT('',(0.140581597222222,0.14866875,-2.00000000000005E-6));
#14935=CARTESIAN_POINT('',(0.136583333333333,0.14866875,-2.00000000000005E-6));
#14936=CARTESIAN_POINT('',(0.144579861111111,0.14866875,-2.00000000000005E-6));
#14937=CARTESIAN_POINT('',(0.136583333333333,0.149330208333333,-2.00000000000005E-6));
#14938=CARTESIAN_POINT('',(0.136583333333333,0.149991666666667,-2.00000000000005E-6));
#14939=CARTESIAN_POINT('',(0.144579861111111,0.149330208333333,-2.00000000000005E-6));
#14940=CARTESIAN_POINT('',(0.144579861111111,0.149991666666667,-2.00000000000005E-6));
#14941=CARTESIAN_POINT('',(0.139334201388889,0.149991666666667,-2.00000000000005E-6));
#14942=CARTESIAN_POINT('',(0.142085069444444,0.149991666666667,-2.00000000000005E-6));
#14943=CARTESIAN_POINT('',(0.139860243055556,0.150886631944445,-2.00000000000005E-6));
#14944=CARTESIAN_POINT('',(0.137635416666667,0.151781597222223,-2.00000000000005E-6));
#14945=CARTESIAN_POINT('',(0.137635416666667,0.151961284722223,-2.00000000000005E-6));
#14946=CARTESIAN_POINT('',(0.137635416666667,0.152140972222223,-2.00000000000005E-6));
#14947=CARTESIAN_POINT('',(0.138628472222222,0.152140972222223,-2.00000000000005E-6));
#14948=CARTESIAN_POINT('',(0.139621527777778,0.152140972222223,-2.00000000000005E-6));
#14949=CARTESIAN_POINT('',(0.142100694444444,0.151066319444445,-2.00000000000005E-6));
#14950=CARTESIAN_POINT('',(0.140581597222222,0.145316319444444,-2.00000000000005E-6));
#14951=CARTESIAN_POINT('',(0.136583333333333,0.145316319444444,-2.00000000000005E-6));
#14952=CARTESIAN_POINT('',(0.144579861111111,0.145316319444444,-2.00000000000005E-6));
#14953=CARTESIAN_POINT('',(0.136583333333333,0.145977777777778,-2.00000000000005E-6));
#14954=CARTESIAN_POINT('',(0.136583333333333,0.146639236111111,-2.00000000000005E-6));
#14955=CARTESIAN_POINT('',(0.144579861111111,0.145977777777778,-2.00000000000005E-6));
#14956=CARTESIAN_POINT('',(0.144579861111111,0.146639236111111,-2.00000000000005E-6));
#14957=CARTESIAN_POINT('',(0.140581597222222,0.146639236111111,-2.00000000000005E-6));
#14958=CARTESIAN_POINT('',(0.143690972222222,0.135409201388889,-2.00000000000005E-6));
#14959=CARTESIAN_POINT('',(0.143690972222222,0.136602777777778,-2.00000000000005E-6));
#14960=CARTESIAN_POINT('',(0.143690972222222,0.134215625,-2.00000000000005E-6));
#14961=CARTESIAN_POINT('',(0.140137152777778,0.136602777777778,-2.00000000000005E-6));
#14962=CARTESIAN_POINT('',(0.136583333333333,0.136602777777778,-2.00000000000005E-6));
#14963=CARTESIAN_POINT('',(0.144135416666667,0.134215625,-2.00000000000005E-6));
#14964=CARTESIAN_POINT('',(0.144579861111111,0.134215625,-2.00000000000005E-6));
#14965=CARTESIAN_POINT('',(0.136583333333333,0.137259027777778,-2.00000000000005E-6));
#14966=CARTESIAN_POINT('',(0.136583333333333,0.137915277777778,-2.00000000000005E-6));
#14967=CARTESIAN_POINT('',(0.140137152777778,0.137915277777778,-2.00000000000005E-6));
#14968=CARTESIAN_POINT('',(0.143690972222222,0.137915277777778,-2.00000000000005E-6));
#14969=CARTESIAN_POINT('',(0.143690972222222,0.139108854166667,-2.00000000000005E-6));
#14970=CARTESIAN_POINT('',(0.143690972222222,0.140302430555556,-2.00000000000005E-6));
#14971=CARTESIAN_POINT('',(0.144135416666667,0.140302430555556,-2.00000000000005E-6));
#14972=CARTESIAN_POINT('',(0.144579861111111,0.140302430555556,-2.00000000000005E-6));
#14973=CARTESIAN_POINT('',(0.144579861111111,0.137259027777778,-2.00000000000005E-6));
#14974=CARTESIAN_POINT('',(0.14359375,0.143253819444445,-2.00000000000005E-6));
#14975=CARTESIAN_POINT('',(0.14359375,0.144870138888889,-2.00000000000005E-6));
#14976=CARTESIAN_POINT('',(0.14359375,0.1416375,-2.00000000000005E-6));
#14977=CARTESIAN_POINT('',(0.144086805555556,0.144870138888889,-2.00000000000005E-6));
#14978=CARTESIAN_POINT('',(0.144579861111111,0.144870138888889,-2.00000000000005E-6));
#14979=CARTESIAN_POINT('',(0.144086805555556,0.1416375,-2.00000000000005E-6));
#14980=CARTESIAN_POINT('',(0.144579861111111,0.1416375,-2.00000000000005E-6));
#14981=CARTESIAN_POINT('',(0.144579861111111,0.143253819444445,-2.00000000000005E-6));
#14982=CARTESIAN_POINT('',(0.137077256944444,0.1416375,-2.00000000000005E-6));
#14983=CARTESIAN_POINT('',(0.136583333333333,0.1416375,-2.00000000000005E-6));
#14984=CARTESIAN_POINT('',(0.137571180555556,0.1416375,-2.00000000000005E-6));
#14985=CARTESIAN_POINT('',(0.136583333333333,0.143253819444445,-2.00000000000005E-6));
#14986=CARTESIAN_POINT('',(0.136583333333333,0.144870138888889,-2.00000000000005E-6));
#14987=CARTESIAN_POINT('',(0.137571180555556,0.143253819444445,-2.00000000000005E-6));
#14988=CARTESIAN_POINT('',(0.137571180555556,0.144870138888889,-2.00000000000005E-6));
#14989=CARTESIAN_POINT('',(0.137077256944444,0.144870138888889,-2.00000000000005E-6));
#14990=CARTESIAN_POINT('',(0.140631076388889,0.144870138888889,-2.00000000000005E-6));
#14991=CARTESIAN_POINT('',(0.141076388888889,0.144870138888889,-2.00000000000005E-6));
#14992=CARTESIAN_POINT('',(0.140185763888889,0.144870138888889,-2.00000000000005E-6));
#14993=CARTESIAN_POINT('',(0.141076388888889,0.143422222222222,-2.00000000000005E-6));
#14994=CARTESIAN_POINT('',(0.141076388888889,0.141974305555556,-2.00000000000005E-6));
#14995=CARTESIAN_POINT('',(0.140185763888889,0.143422222222222,-2.00000000000005E-6));
#14996=CARTESIAN_POINT('',(0.140185763888889,0.141974305555556,-2.00000000000005E-6));
#14997=CARTESIAN_POINT('',(0.140631076388889,0.141974305555556,-2.00000000000005E-6));
#14998=CARTESIAN_POINT('',(0.140581597222222,0.131382291666667,-2.00000000000005E-6));
#14999=CARTESIAN_POINT('',(0.136583333333333,0.131382291666667,-2.00000000000005E-6));
#15000=CARTESIAN_POINT('',(0.144579861111111,0.131382291666667,-2.00000000000005E-6));
#15001=CARTESIAN_POINT('',(0.136583333333333,0.132033333333333,-2.00000000000005E-6));
#15002=CARTESIAN_POINT('',(0.136583333333333,0.132684375,-2.00000000000005E-6));
#15003=CARTESIAN_POINT('',(0.144579861111111,0.132033333333333,-2.00000000000005E-6));
#15004=CARTESIAN_POINT('',(0.144579861111111,0.132684375,-2.00000000000005E-6));
#15005=CARTESIAN_POINT('',(0.140581597222222,0.132684375,-2.00000000000005E-6));
#15006=CARTESIAN_POINT('',(0.138032118055556,0.129391840277778,-2.00000000000005E-6));
#15007=CARTESIAN_POINT('',(0.139480930767681,0.130146195129088,-8.470329472543E-22));
#15008=CARTESIAN_POINT('',(0.136583333333333,0.1286375,-2.00000000000005E-6));
#15009=CARTESIAN_POINT('',(0.138969948553301,0.130143280427451,-2.00000000000005E-6));
#15010=CARTESIAN_POINT('',(0.139475694444444,0.130216493055556,-2.00000000000005E-6));
#15011=CARTESIAN_POINT('',(0.136583333333333,0.127948263888889,-2.00000000000005E-6));
#15012=CARTESIAN_POINT('',(0.136583333333333,0.127259027777778,-2.00000000000005E-6));
#15013=CARTESIAN_POINT('',(0.140418497032943,0.130313314571617,-2.00000000000005E-6));
#15014=CARTESIAN_POINT('',(0.139470486111111,0.130330208333333,-2.00000000000005E-6));
#15015=CARTESIAN_POINT('',(0.139470486111111,0.130722786458333,-2.00000000000005E-6));
#15016=CARTESIAN_POINT('',(0.139470486111111,0.130937847222222,-2.00000000000005E-6));
#15017=CARTESIAN_POINT('',(0.139947916666667,0.130937847222222,-2.00000000000005E-6));
#15018=CARTESIAN_POINT('',(0.140425347222222,0.130937847222222,-2.00000000000005E-6));
#15019=CARTESIAN_POINT('',(0.140425347222222,0.130568923611111,-2.00000000000005E-6));
#15020=CARTESIAN_POINT('',(0.140425347222222,0.1302,-2.00000000000005E-6));
#15021=CARTESIAN_POINT('',(0.141904990619281,0.130206763929907,-2.00000000000005E-6));
#15022=CARTESIAN_POINT('',(0.140506076388889,0.1297234375,-2.00000000000005E-6));
#15023=CARTESIAN_POINT('',(0.141616081709347,0.130106190670402,-2.00000000000005E-6));
#15024=CARTESIAN_POINT('',(0.140771701388889,0.129289409722222,-2.00000000000005E-6));
#15025=CARTESIAN_POINT('',(0.140771701388889,0.129289409722222,-1.6940658945086E-21));
#15026=CARTESIAN_POINT('',(0.140771701388889,0.129289409722222,0.0015));
#15027=CARTESIAN_POINT('',(0.140894965277778,0.129159201388889,-1.6940658945086E-21));
#15028=CARTESIAN_POINT('',(0.140894965277778,0.129159201388889,0.0015));
#15029=CARTESIAN_POINT('',(0.141066840277778,0.129054166666667,-1.6940658945086E-21));
#15030=CARTESIAN_POINT('',(0.141066840277778,0.129054166666667,0.0015));
#15031=CARTESIAN_POINT('',(0.141287326388889,0.128974305555556,-1.6940658945086E-21));
#15032=CARTESIAN_POINT('',(0.141287326388889,0.128974305555556,0.0015));
#15033=CARTESIAN_POINT('',(0.141287326388889,0.128974305555556,-2.00000000000005E-6));
#15034=CARTESIAN_POINT('',(0.141287326388889,0.128974305555556,-8.470329472543E-22));
#15035=CARTESIAN_POINT('',(0.141287326388889,0.128974305555556,0.0015));
#15036=CARTESIAN_POINT('',(0.1415078125,0.128894444444445,-8.470329472543E-22));
#15037=CARTESIAN_POINT('',(0.1415078125,0.128894444444445,0.0015));
#15038=CARTESIAN_POINT('',(0.141780671296296,0.128854513888889,-8.470329472543E-22));
#15039=CARTESIAN_POINT('',(0.141780671296296,0.128854513888889,0.0015));
#15040=CARTESIAN_POINT('',(0.142105902777778,0.128854513888889,-8.470329472543E-22));
#15041=CARTESIAN_POINT('',(0.142105902777778,0.128854513888889,0.0015));
#15042=CARTESIAN_POINT('',(0.142105902777778,0.128854513888889,-2.00000000000005E-6));
#15043=CARTESIAN_POINT('',(0.142062404410287,0.131057720196236,-2.00000000000005E-6));
#15044=CARTESIAN_POINT('',(0.142557291666667,0.128909201388889,-2.00000000000005E-6));
#15045=CARTESIAN_POINT('',(0.142273536725713,0.130173364473223,-2.00000000000005E-6));
#15046=CARTESIAN_POINT('',(0.143045138888889,0.129131423611111,-2.00000000000005E-6));
#15047=CARTESIAN_POINT('',(0.143045138888889,0.129131423611111,-1.6940658945086E-21));
#15048=CARTESIAN_POINT('',(0.143045138888889,0.129131423611111,0.0015));
#15049=CARTESIAN_POINT('',(0.143200231481482,0.129243113425926,-1.6940658945086E-21));
#15050=CARTESIAN_POINT('',(0.143200231481482,0.129243113425926,0.0015));
#15051=CARTESIAN_POINT('',(0.143330439814815,0.129400231481482,-1.6940658945086E-21));
#15052=CARTESIAN_POINT('',(0.143330439814815,0.129400231481482,0.0015));
#15053=CARTESIAN_POINT('',(0.143435763888889,0.129602777777778,-1.6940658945086E-21));
#15054=CARTESIAN_POINT('',(0.143435763888889,0.129602777777778,0.0015));
#15055=CARTESIAN_POINT('',(0.143435763888889,0.129602777777778,-2.00000000000005E-6));
#15056=CARTESIAN_POINT('',(0.143435763888889,0.129602777777778,-1.6940658945086E-21));
#15057=CARTESIAN_POINT('',(0.143435763888889,0.129602777777778,0.0015));
#15058=CARTESIAN_POINT('',(0.143541087962963,0.129805324074074,-1.6940658945086E-21));
#15059=CARTESIAN_POINT('',(0.143541087962963,0.129805324074074,0.0015));
#15060=CARTESIAN_POINT('',(0.14359375,0.130073263888889,-1.6940658945086E-21));
#15061=CARTESIAN_POINT('',(0.14359375,0.130073263888889,0.0015));
#15062=CARTESIAN_POINT('',(0.14359375,0.130406597222222,-1.6940658945086E-21));
#15063=CARTESIAN_POINT('',(0.14359375,0.130406597222222,0.0015));
#15064=CARTESIAN_POINT('',(0.14359375,0.130406597222222,-2.00000000000005E-6));
#15065=CARTESIAN_POINT('',(0.14359375,0.130672222222222,-2.00000000000005E-6));
#15066=CARTESIAN_POINT('',(0.14359375,0.130937847222222,-2.00000000000005E-6));
#15067=CARTESIAN_POINT('',(0.144086805555556,0.130937847222222,-2.00000000000005E-6));
#15068=CARTESIAN_POINT('',(0.144579861111111,0.130937847222222,-2.00000000000005E-6));
#15069=CARTESIAN_POINT('',(0.144579861111111,0.1306609375,-2.00000000000005E-6));
#15070=CARTESIAN_POINT('',(0.144579861111111,0.130384027777778,-2.00000000000005E-6));
#15071=CARTESIAN_POINT('',(0.141340368150219,0.130390234429121,-2.00000000000005E-6));
#15072=CARTESIAN_POINT('',(0.144417356841248,0.129376501647922,-1.6940658945086E-21));
#15073=CARTESIAN_POINT('',(0.141819580907839,0.130209092023787,-2.00000000000005E-6));
#15074=CARTESIAN_POINT('',(0.1439296875,0.128480381944445,-2.00000000000005E-6));
#15075=CARTESIAN_POINT('',(0.14196117983653,0.130095089374089,-2.00000000000005E-6));
#15076=CARTESIAN_POINT('',(0.143143229166667,0.127839756944445,-2.00000000000005E-6));
#15077=CARTESIAN_POINT('',(0.143143229166667,0.127839756944445,-1.6940658945086E-21));
#15078=CARTESIAN_POINT('',(0.143143229166667,0.127839756944445,0.0015));
#15079=CARTESIAN_POINT('',(0.1428359375,0.127677141203704,-1.6940658945086E-21));
#15080=CARTESIAN_POINT('',(0.1428359375,0.127677141203704,0.0015));
#15081=CARTESIAN_POINT('',(0.142490162037037,0.127595833333333,-1.6940658945086E-21));
#15082=CARTESIAN_POINT('',(0.142490162037037,0.127595833333333,0.0015));
#15083=CARTESIAN_POINT('',(0.142105902777778,0.127595833333333,-1.6940658945086E-21));
#15084=CARTESIAN_POINT('',(0.142105902777778,0.127595833333333,0.0015));
#15085=CARTESIAN_POINT('',(0.142105902777778,0.127595833333333,-2.00000000000005E-6));
#15086=CARTESIAN_POINT('',(0.142105902777778,0.127595833333333,-8.470329472543E-22));
#15087=CARTESIAN_POINT('',(0.142105902777778,0.127595833333333,0.0015));
#15088=CARTESIAN_POINT('',(0.141527199074074,0.127595833333333,-8.470329472543E-22));
#15089=CARTESIAN_POINT('',(0.141527199074074,0.127595833333333,0.0015));
#15090=CARTESIAN_POINT('',(0.141035300925926,0.127729803240741,-8.470329472543E-22));
#15091=CARTESIAN_POINT('',(0.141035300925926,0.127729803240741,0.0015));
#15092=CARTESIAN_POINT('',(0.140630208333333,0.127997743055556,-8.470329472543E-22));
#15093=CARTESIAN_POINT('',(0.140630208333333,0.127997743055556,0.0015));
#15094=CARTESIAN_POINT('',(0.140630208333333,0.127997743055556,-2.00000000000005E-6));
#15095=CARTESIAN_POINT('',(0.14194699672762,0.130003491296295,-2.00000000000005E-6));
#15096=CARTESIAN_POINT('',(0.139731535973005,0.129082311159827,-1.6940658945086E-21));
#15097=CARTESIAN_POINT('',(0.138157118055556,0.128170486111111,-2.00000000000005E-6));
#15098=CARTESIAN_POINT('',(0.140756076388889,0.123515972222222,-2.00000000000005E-6));
#15099=CARTESIAN_POINT('',(0.140045138888889,0.123809375,-2.00000000000005E-6));
#15100=CARTESIAN_POINT('',(0.141467013888889,0.123222569444445,-2.00000000000005E-6));
#15101=CARTESIAN_POINT('',(0.1423125,0.124861458333333,-2.00000000000005E-6));
#15102=CARTESIAN_POINT('',(0.144579861111111,0.125913541666667,-2.00000000000005E-6));
#15103=CARTESIAN_POINT('',(0.1430234375,0.123825,-2.00000000000005E-6));
#15104=CARTESIAN_POINT('',(0.144579861111111,0.124427430555556,-2.00000000000005E-6));
#15105=CARTESIAN_POINT('',(0.144579861111111,0.125170486111111,-2.00000000000005E-6));
#15106=CARTESIAN_POINT('',(0.142209201388889,0.1211453125,-2.00000000000005E-6));
#15107=CARTESIAN_POINT('',(0.139838541666667,0.122333680555556,-2.00000000000005E-6));
#15108=CARTESIAN_POINT('',(0.144579861111111,0.119956944444445,-2.00000000000005E-6));
#15109=CARTESIAN_POINT('',(0.1382109375,0.122333680555556,-2.00000000000005E-6));
#15110=CARTESIAN_POINT('',(0.136583333333333,0.122333680555556,-2.00000000000005E-6));
#15111=CARTESIAN_POINT('',(0.144579861111111,0.1207,-2.00000000000005E-6));
#15112=CARTESIAN_POINT('',(0.144579861111111,0.121443055555556,-2.00000000000005E-6));
#15113=CARTESIAN_POINT('',(0.136583333333333,0.122995138888889,-2.00000000000005E-6));
#15114=CARTESIAN_POINT('',(0.136583333333333,0.123656597222222,-2.00000000000005E-6));
#15115=CARTESIAN_POINT('',(0.137918402777778,0.123656597222222,-2.00000000000005E-6));
#15116=CARTESIAN_POINT('',(0.139253472222222,0.123656597222222,-2.00000000000005E-6));
#15117=CARTESIAN_POINT('',(0.141916666666667,0.122549826388889,-2.00000000000005E-6));
#15118=MECHANICAL_DESIGN_GEOMETRIC_PRESENTATION_REPRESENTATION('',(#9111),
#15119);
#15119=(
GEOMETRIC_REPRESENTATION_CONTEXT(3)
GLOBAL_UNCERTAINTY_ASSIGNED_CONTEXT((#15120))
GLOBAL_UNIT_ASSIGNED_CONTEXT((#15123,#15122,#15121))
REPRESENTATION_CONTEXT('DYNAMIC SYMMETRY TRIANGLE GRID-A',
'TOP_LEVEL_ASSEMBLY_PART')
);
#15120=UNCERTAINTY_MEASURE_WITH_UNIT(LENGTH_MEASURE(2.E-5),#15123,
'DISTANCE_ACCURACY_VALUE','Maximum Tolerance applied to model');
#15121=(
NAMED_UNIT(*)
SI_UNIT($,.STERADIAN.)
SOLID_ANGLE_UNIT()
);
#15122=(
NAMED_UNIT(*)
PLANE_ANGLE_UNIT()
SI_UNIT($,.RADIAN.)
);
#15123=(
LENGTH_UNIT()
NAMED_UNIT(*)
SI_UNIT($,.METRE.)
);
#15124=PRODUCT_DEFINITION_SHAPE('','',#15125);
#15125=PRODUCT_DEFINITION('','',#15127,#15126);
#15126=PRODUCT_DEFINITION_CONTEXT('',#15133,'design');
#15127=PRODUCT_DEFINITION_FORMATION_WITH_SPECIFIED_SOURCE('','',#15129,
 .NOT_KNOWN.);
#15128=PRODUCT_RELATED_PRODUCT_CATEGORY('','',(#15129));
#15129=PRODUCT('DYNAMIC SYMMETRY TRIANGLE GRID-A',
'DYNAMIC SYMMETRY TRIANGLE GRID-A','DYNAMIC SYMMETRY TRIANGLE GRID-A',(#15131));
#15130=PRODUCT_CATEGORY('','');
#15131=PRODUCT_CONTEXT('',#15133,'mechanical');
#15132=APPLICATION_PROTOCOL_DEFINITION('international standard',
'ap242_managed_model_based_3d_engineering',2020,#15133);
#15133=APPLICATION_CONTEXT('managed model based 3d engineering');
ENDSEC;
END-ISO-10303-21;
