ISO-10303-21;
HEADER;
/* Generated by software containing ST-Developer
 * from STEP Tools, Inc. (www.steptools.com) 
 */
/* OPTION: using custom renumber hook */

FILE_DESCRIPTION(
/* description */ ('STEP AP242 Edition 2',
'CAx-IF Rec.Pracs.---Representation and Presentation of Product Manufa
cturing Information (PMI)---4.0---2014-10-13',
'CAx-IF Rec.Pracs.---3D Tessellated Geometry---0.4---2014-09-14','2;1',
'CAx-IF Rec.Pracs.---User Defined Attributes---1.5---2016-08-15'),
/* implementation_level */ '2;1');

FILE_NAME(
/* name */ 'FRAMEKIT - DIAGONALS',
/* time_stamp */ '2026-09-20T09:45:05Z',
/* author */ (''),
/* organization */ (''),
/* preprocessor_version */ 'ST-DEVELOPER v20',
/* originating_system */ 'ONSHAPE BY PTC INC, 1.221',
/* authorisation */ '  ');

FILE_SCHEMA (('AP242_MANAGED_MODEL_BASED_3D_ENGINEERING_MIM_LF { 1 0 10303 442 3 1 4 }'));
ENDSEC;

DATA;
#10=SHAPE_REPRESENTATION_RELATIONSHIP('','',#4343,#11);
#11=ADVANCED_BREP_SHAPE_REPRESENTATION('',(#4341),#7473);
#12=CYLINDRICAL_SURFACE('',#4487,0.00394241193645145);
#13=CYLINDRICAL_SURFACE('',#4488,0.00449929997061195);
#14=CYLINDRICAL_SURFACE('',#4489,0.00511091632452441);
#15=CYLINDRICAL_SURFACE('',#4493,0.00467483598744675);
#16=CYLINDRICAL_SURFACE('',#4494,0.00235663377234629);
#17=CYLINDRICAL_SURFACE('',#4513,0.00324377438381328);
#18=CYLINDRICAL_SURFACE('',#4514,0.00371483425056513);
#19=CYLINDRICAL_SURFACE('',#4516,0.00205975496198992);
#20=CYLINDRICAL_SURFACE('',#4517,0.00182298945415937);
#21=CYLINDRICAL_SURFACE('',#4519,0.0037422270856891);
#22=CYLINDRICAL_SURFACE('',#4520,0.00322708005920046);
#23=CYLINDRICAL_SURFACE('',#4521,0.00262160014564794);
#24=CYLINDRICAL_SURFACE('',#4522,0.00387921440312208);
#25=CYLINDRICAL_SURFACE('',#4524,0.00376012452822655);
#26=CYLINDRICAL_SURFACE('',#4525,0.00553780081184712);
#27=CYLINDRICAL_SURFACE('',#4528,0.00435143688784307);
#28=CYLINDRICAL_SURFACE('',#4529,0.0045547340227079);
#29=CYLINDRICAL_SURFACE('',#4530,0.00270991769050763);
#30=CYLINDRICAL_SURFACE('',#4535,0.0032165268314125);
#31=CYLINDRICAL_SURFACE('',#4536,0.00352873659914658);
#32=CYLINDRICAL_SURFACE('',#4538,0.00198593187674964);
#33=CYLINDRICAL_SURFACE('',#4539,0.00177860524647277);
#34=CYLINDRICAL_SURFACE('',#4541,0.00349165164866831);
#35=CYLINDRICAL_SURFACE('',#4542,0.00325480118653816);
#36=CYLINDRICAL_SURFACE('',#4543,0.00199490719818398);
#37=CYLINDRICAL_SURFACE('',#4547,0.00377635129046722);
#38=CYLINDRICAL_SURFACE('',#4548,0.00331111736155224);
#39=CYLINDRICAL_SURFACE('',#4550,0.00248247334930054);
#40=CYLINDRICAL_SURFACE('',#4551,0.00231826931741762);
#41=CYLINDRICAL_SURFACE('',#4552,0.00319743899854828);
#42=CYLINDRICAL_SURFACE('',#4554,0.00134321721556298);
#43=CYLINDRICAL_SURFACE('',#4555,0.00243068662271846);
#44=CYLINDRICAL_SURFACE('',#4557,0.0149233229719513);
#45=CYLINDRICAL_SURFACE('',#4558,0.00382925807624968);
#46=CYLINDRICAL_SURFACE('',#4559,0.00263957288389407);
#47=CYLINDRICAL_SURFACE('',#4560,0.00099571890753796);
#48=CYLINDRICAL_SURFACE('',#4561,0.00236924627804525);
#49=CYLINDRICAL_SURFACE('',#4562,0.000719613234918401);
#50=CYLINDRICAL_SURFACE('',#4564,0.00676843823197621);
#51=CYLINDRICAL_SURFACE('',#4565,0.0105218115092513);
#52=CYLINDRICAL_SURFACE('',#4567,0.0105471758310013);
#53=CYLINDRICAL_SURFACE('',#4568,0.00142405993826611);
#54=CYLINDRICAL_SURFACE('',#4579,0.00330802464632022);
#55=CYLINDRICAL_SURFACE('',#4580,0.00348010715529369);
#56=CYLINDRICAL_SURFACE('',#4581,0.00326426796453789);
#57=CYLINDRICAL_SURFACE('',#4582,0.00366253945522337);
#58=CYLINDRICAL_SURFACE('',#4584,0.00200500919863984);
#59=CYLINDRICAL_SURFACE('',#4585,0.00182298945415967);
#60=CYLINDRICAL_SURFACE('',#4605,0.00932079452692662);
#61=CYLINDRICAL_SURFACE('',#4606,0.00558095258974923);
#62=CYLINDRICAL_SURFACE('',#4607,0.00263870577961543);
#63=CYLINDRICAL_SURFACE('',#4608,0.00308968239617704);
#64=CYLINDRICAL_SURFACE('',#4612,0.00625441767724638);
#65=CYLINDRICAL_SURFACE('',#4613,0.0049059666722075);
#66=CYLINDRICAL_SURFACE('',#4614,0.00323762318343305);
#67=CYLINDRICAL_SURFACE('',#4615,0.00200517069632905);
#68=CYLINDRICAL_SURFACE('',#4617,0.0035252299568389);
#69=CYLINDRICAL_SURFACE('',#4618,0.00242824009695619);
#70=CYLINDRICAL_SURFACE('',#4619,0.0295265720538176);
#71=CYLINDRICAL_SURFACE('',#4620,0.00230361517842329);
#72=CYLINDRICAL_SURFACE('',#4621,0.00249887471696303);
#73=CYLINDRICAL_SURFACE('',#4622,0.0026213818174441);
#74=B_SPLINE_SURFACE_WITH_KNOTS('',3,1,((#6702,#6703),(#6704,#6705),(#6706,
#6707),(#6708,#6709)),.SURF_OF_LINEAR_EXTRUSION.,.F.,.F.,.F.,(4,4),(2,2),
(0.,1.),(0.,1.),.PIECEWISE_BEZIER_KNOTS.);
#75=B_SPLINE_SURFACE_WITH_KNOTS('',3,1,((#6714,#6715),(#6716,#6717),(#6718,
#6719),(#6720,#6721)),.SURF_OF_LINEAR_EXTRUSION.,.F.,.F.,.F.,(4,4),(2,2),
(0.,1.),(0.,1.),.PIECEWISE_BEZIER_KNOTS.);
#76=B_SPLINE_SURFACE_WITH_KNOTS('',3,1,((#6725,#6726),(#6727,#6728),(#6729,
#6730),(#6731,#6732)),.SURF_OF_LINEAR_EXTRUSION.,.F.,.F.,.F.,(4,4),(2,2),
(0.,1.),(0.,1.),.PIECEWISE_BEZIER_KNOTS.);
#77=B_SPLINE_SURFACE_WITH_KNOTS('',3,1,((#6734,#6735),(#6736,#6737),(#6738,
#6739),(#6740,#6741)),.SURF_OF_LINEAR_EXTRUSION.,.F.,.F.,.F.,(4,4),(2,2),
(0.,1.),(0.,1.),.PIECEWISE_BEZIER_KNOTS.);
#78=B_SPLINE_SURFACE_WITH_KNOTS('',3,1,((#6743,#6744),(#6745,#6746),(#6747,
#6748),(#6749,#6750)),.SURF_OF_LINEAR_EXTRUSION.,.F.,.F.,.F.,(4,4),(2,2),
(0.,1.),(0.,1.),.PIECEWISE_BEZIER_KNOTS.);
#79=B_SPLINE_SURFACE_WITH_KNOTS('',3,1,((#6752,#6753),(#6754,#6755),(#6756,
#6757),(#6758,#6759)),.SURF_OF_LINEAR_EXTRUSION.,.F.,.F.,.F.,(4,4),(2,2),
(0.,1.),(0.,1.),.PIECEWISE_BEZIER_KNOTS.);
#80=B_SPLINE_SURFACE_WITH_KNOTS('',3,1,((#6761,#6762),(#6763,#6764),(#6765,
#6766),(#6767,#6768)),.SURF_OF_LINEAR_EXTRUSION.,.F.,.F.,.F.,(4,4),(2,2),
(0.,1.),(0.,1.),.PIECEWISE_BEZIER_KNOTS.);
#81=B_SPLINE_SURFACE_WITH_KNOTS('',3,1,((#6778,#6779),(#6780,#6781),(#6782,
#6783),(#6784,#6785)),.SURF_OF_LINEAR_EXTRUSION.,.F.,.F.,.F.,(4,4),(2,2),
(0.,1.),(0.,1.),.PIECEWISE_BEZIER_KNOTS.);
#82=B_SPLINE_SURFACE_WITH_KNOTS('',3,1,((#6787,#6788),(#6789,#6790),(#6791,
#6792),(#6793,#6794)),.SURF_OF_LINEAR_EXTRUSION.,.F.,.F.,.F.,(4,4),(2,2),
(0.,1.),(0.,1.),.PIECEWISE_BEZIER_KNOTS.);
#83=B_SPLINE_SURFACE_WITH_KNOTS('',3,1,((#6800,#6801),(#6802,#6803),(#6804,
#6805),(#6806,#6807)),.SURF_OF_LINEAR_EXTRUSION.,.F.,.F.,.F.,(4,4),(2,2),
(0.,1.),(0.,1.),.PIECEWISE_BEZIER_KNOTS.);
#84=B_SPLINE_SURFACE_WITH_KNOTS('',3,1,((#6809,#6810),(#6811,#6812),(#6813,
#6814),(#6815,#6816)),.SURF_OF_LINEAR_EXTRUSION.,.F.,.F.,.F.,(4,4),(2,2),
(0.,1.),(0.,1.),.PIECEWISE_BEZIER_KNOTS.);
#85=B_SPLINE_SURFACE_WITH_KNOTS('',3,1,((#6853,#6854),(#6855,#6856),(#6857,
#6858),(#6859,#6860)),.SURF_OF_LINEAR_EXTRUSION.,.F.,.F.,.F.,(4,4),(2,2),
(0.,1.),(0.,1.),.PIECEWISE_BEZIER_KNOTS.);
#86=B_SPLINE_SURFACE_WITH_KNOTS('',3,1,((#6865,#6866),(#6867,#6868),(#6869,
#6870),(#6871,#6872)),.SURF_OF_LINEAR_EXTRUSION.,.F.,.F.,.F.,(4,4),(2,2),
(0.,1.),(0.,1.),.PIECEWISE_BEZIER_KNOTS.);
#87=B_SPLINE_SURFACE_WITH_KNOTS('',3,1,((#6880,#6881),(#6882,#6883),(#6884,
#6885),(#6886,#6887)),.SURF_OF_LINEAR_EXTRUSION.,.F.,.F.,.F.,(4,4),(2,2),
(0.,1.),(0.,1.),.PIECEWISE_BEZIER_KNOTS.);
#88=B_SPLINE_SURFACE_WITH_KNOTS('',3,1,((#6889,#6890),(#6891,#6892),(#6893,
#6894),(#6895,#6896)),.SURF_OF_LINEAR_EXTRUSION.,.F.,.F.,.F.,(4,4),(2,2),
(0.,1.),(0.,1.),.PIECEWISE_BEZIER_KNOTS.);
#89=B_SPLINE_SURFACE_WITH_KNOTS('',3,1,((#6898,#6899),(#6900,#6901),(#6902,
#6903),(#6904,#6905)),.SURF_OF_LINEAR_EXTRUSION.,.F.,.F.,.F.,(4,4),(2,2),
(0.,1.),(0.,1.),.PIECEWISE_BEZIER_KNOTS.);
#90=B_SPLINE_SURFACE_WITH_KNOTS('',3,1,((#6907,#6908),(#6909,#6910),(#6911,
#6912),(#6913,#6914)),.SURF_OF_LINEAR_EXTRUSION.,.F.,.F.,.F.,(4,4),(2,2),
(0.,1.),(0.,1.),.PIECEWISE_BEZIER_KNOTS.);
#91=B_SPLINE_SURFACE_WITH_KNOTS('',3,1,((#6916,#6917),(#6918,#6919),(#6920,
#6921),(#6922,#6923)),.SURF_OF_LINEAR_EXTRUSION.,.F.,.F.,.F.,(4,4),(2,2),
(0.,1.),(0.,1.),.PIECEWISE_BEZIER_KNOTS.);
#92=B_SPLINE_SURFACE_WITH_KNOTS('',3,1,((#6925,#6926),(#6927,#6928),(#6929,
#6930),(#6931,#6932)),.SURF_OF_LINEAR_EXTRUSION.,.F.,.F.,.F.,(4,4),(2,2),
(0.,1.),(0.,1.),.PIECEWISE_BEZIER_KNOTS.);
#93=B_SPLINE_SURFACE_WITH_KNOTS('',3,1,((#6942,#6943),(#6944,#6945),(#6946,
#6947),(#6948,#6949)),.SURF_OF_LINEAR_EXTRUSION.,.F.,.F.,.F.,(4,4),(2,2),
(0.,1.),(0.,1.),.PIECEWISE_BEZIER_KNOTS.);
#94=B_SPLINE_SURFACE_WITH_KNOTS('',3,1,((#6951,#6952),(#6953,#6954),(#6955,
#6956),(#6957,#6958)),.SURF_OF_LINEAR_EXTRUSION.,.F.,.F.,.F.,(4,4),(2,2),
(0.,1.),(0.,1.),.PIECEWISE_BEZIER_KNOTS.);
#95=B_SPLINE_SURFACE_WITH_KNOTS('',3,1,((#6980,#6981),(#6982,#6983),(#6984,
#6985),(#6986,#6987)),.SURF_OF_LINEAR_EXTRUSION.,.F.,.F.,.F.,(4,4),(2,2),
(0.,1.),(0.,1.),.PIECEWISE_BEZIER_KNOTS.);
#96=B_SPLINE_SURFACE_WITH_KNOTS('',3,1,((#6996,#6997),(#6998,#6999),(#7000,
#7001),(#7002,#7003)),.SURF_OF_LINEAR_EXTRUSION.,.F.,.F.,.F.,(4,4),(2,2),
(0.,1.),(0.,1.),.PIECEWISE_BEZIER_KNOTS.);
#97=B_SPLINE_SURFACE_WITH_KNOTS('',3,1,((#7008,#7009),(#7010,#7011),(#7012,
#7013),(#7014,#7015)),.SURF_OF_LINEAR_EXTRUSION.,.F.,.F.,.F.,(4,4),(2,2),
(0.,1.),(0.,1.),.PIECEWISE_BEZIER_KNOTS.);
#98=B_SPLINE_SURFACE_WITH_KNOTS('',3,1,((#7023,#7024),(#7025,#7026),(#7027,
#7028),(#7029,#7030)),.SURF_OF_LINEAR_EXTRUSION.,.F.,.F.,.F.,(4,4),(2,2),
(0.,1.),(0.,1.),.PIECEWISE_BEZIER_KNOTS.);
#99=B_SPLINE_SURFACE_WITH_KNOTS('',3,1,((#7032,#7033),(#7034,#7035),(#7036,
#7037),(#7038,#7039)),.SURF_OF_LINEAR_EXTRUSION.,.F.,.F.,.F.,(4,4),(2,2),
(0.,1.),(0.,1.),.PIECEWISE_BEZIER_KNOTS.);
#100=B_SPLINE_SURFACE_WITH_KNOTS('',3,1,((#7041,#7042),(#7043,#7044),(#7045,
#7046),(#7047,#7048)),.SURF_OF_LINEAR_EXTRUSION.,.F.,.F.,.F.,(4,4),(2,2),
(0.,1.),(0.,1.),.PIECEWISE_BEZIER_KNOTS.);
#101=B_SPLINE_SURFACE_WITH_KNOTS('',3,1,((#7050,#7051),(#7052,#7053),(#7054,
#7055),(#7056,#7057)),.SURF_OF_LINEAR_EXTRUSION.,.F.,.F.,.F.,(4,4),(2,2),
(0.,1.),(0.,1.),.PIECEWISE_BEZIER_KNOTS.);
#102=B_SPLINE_SURFACE_WITH_KNOTS('',3,1,((#7059,#7060),(#7061,#7062),(#7063,
#7064),(#7065,#7066)),.SURF_OF_LINEAR_EXTRUSION.,.F.,.F.,.F.,(4,4),(2,2),
(0.,1.),(0.,1.),.PIECEWISE_BEZIER_KNOTS.);
#103=B_SPLINE_SURFACE_WITH_KNOTS('',3,1,((#7068,#7069),(#7070,#7071),(#7072,
#7073),(#7074,#7075)),.SURF_OF_LINEAR_EXTRUSION.,.F.,.F.,.F.,(4,4),(2,2),
(0.,1.),(0.,1.),.PIECEWISE_BEZIER_KNOTS.);
#104=B_SPLINE_SURFACE_WITH_KNOTS('',3,1,((#7085,#7086),(#7087,#7088),(#7089,
#7090),(#7091,#7092)),.SURF_OF_LINEAR_EXTRUSION.,.F.,.F.,.F.,(4,4),(2,2),
(0.,1.),(0.,1.),.PIECEWISE_BEZIER_KNOTS.);
#105=B_SPLINE_SURFACE_WITH_KNOTS('',3,1,((#7094,#7095),(#7096,#7097),(#7098,
#7099),(#7100,#7101)),.SURF_OF_LINEAR_EXTRUSION.,.F.,.F.,.F.,(4,4),(2,2),
(0.,1.),(0.,1.),.PIECEWISE_BEZIER_KNOTS.);
#106=B_SPLINE_SURFACE_WITH_KNOTS('',3,1,((#7107,#7108),(#7109,#7110),(#7111,
#7112),(#7113,#7114)),.SURF_OF_LINEAR_EXTRUSION.,.F.,.F.,.F.,(4,4),(2,2),
(0.,1.),(0.,1.),.PIECEWISE_BEZIER_KNOTS.);
#107=B_SPLINE_SURFACE_WITH_KNOTS('',3,1,((#7130,#7131),(#7132,#7133),(#7134,
#7135),(#7136,#7137)),.SURF_OF_LINEAR_EXTRUSION.,.F.,.F.,.F.,(4,4),(2,2),
(0.,1.),(0.,1.),.PIECEWISE_BEZIER_KNOTS.);
#108=B_SPLINE_SURFACE_WITH_KNOTS('',3,1,((#7145,#7146),(#7147,#7148),(#7149,
#7150),(#7151,#7152)),.SURF_OF_LINEAR_EXTRUSION.,.F.,.F.,.F.,(4,4),(2,2),
(0.,1.),(0.,1.),.PIECEWISE_BEZIER_KNOTS.);
#109=B_SPLINE_SURFACE_WITH_KNOTS('',3,1,((#7154,#7155),(#7156,#7157),(#7158,
#7159),(#7160,#7161)),.SURF_OF_LINEAR_EXTRUSION.,.F.,.F.,.F.,(4,4),(2,2),
(0.,1.),(0.,1.),.PIECEWISE_BEZIER_KNOTS.);
#110=B_SPLINE_SURFACE_WITH_KNOTS('',3,1,((#7173,#7174),(#7175,#7176),(#7177,
#7178),(#7179,#7180)),.SURF_OF_LINEAR_EXTRUSION.,.F.,.F.,.F.,(4,4),(2,2),
(0.,1.),(0.,1.),.PIECEWISE_BEZIER_KNOTS.);
#111=B_SPLINE_SURFACE_WITH_KNOTS('',3,1,((#7188,#7189),(#7190,#7191),(#7192,
#7193),(#7194,#7195)),.SURF_OF_LINEAR_EXTRUSION.,.F.,.F.,.F.,(4,4),(2,2),
(0.,1.),(0.,1.),.PIECEWISE_BEZIER_KNOTS.);
#112=B_SPLINE_SURFACE_WITH_KNOTS('',3,1,((#7201,#7202),(#7203,#7204),(#7205,
#7206),(#7207,#7208)),.SURF_OF_LINEAR_EXTRUSION.,.F.,.F.,.F.,(4,4),(2,2),
(0.,1.),(0.,1.),.PIECEWISE_BEZIER_KNOTS.);
#113=B_SPLINE_SURFACE_WITH_KNOTS('',3,1,((#7240,#7241),(#7242,#7243),(#7244,
#7245),(#7246,#7247)),.SURF_OF_LINEAR_EXTRUSION.,.F.,.F.,.F.,(4,4),(2,2),
(0.,1.),(0.,1.),.PIECEWISE_BEZIER_KNOTS.);
#114=B_SPLINE_SURFACE_WITH_KNOTS('',3,1,((#7251,#7252),(#7253,#7254),(#7255,
#7256),(#7257,#7258)),.SURF_OF_LINEAR_EXTRUSION.,.F.,.F.,.F.,(4,4),(2,2),
(0.,1.),(0.,1.),.PIECEWISE_BEZIER_KNOTS.);
#115=B_SPLINE_SURFACE_WITH_KNOTS('',3,1,((#7260,#7261),(#7262,#7263),(#7264,
#7265),(#7266,#7267)),.SURF_OF_LINEAR_EXTRUSION.,.F.,.F.,.F.,(4,4),(2,2),
(0.,1.),(0.,1.),.PIECEWISE_BEZIER_KNOTS.);
#116=B_SPLINE_SURFACE_WITH_KNOTS('',3,1,((#7269,#7270),(#7271,#7272),(#7273,
#7274),(#7275,#7276)),.SURF_OF_LINEAR_EXTRUSION.,.F.,.F.,.F.,(4,4),(2,2),
(0.,1.),(0.,1.),.PIECEWISE_BEZIER_KNOTS.);
#117=B_SPLINE_SURFACE_WITH_KNOTS('',3,1,((#7286,#7287),(#7288,#7289),(#7290,
#7291),(#7292,#7293)),.SURF_OF_LINEAR_EXTRUSION.,.F.,.F.,.F.,(4,4),(2,2),
(0.,1.),(0.,1.),.PIECEWISE_BEZIER_KNOTS.);
#118=B_SPLINE_SURFACE_WITH_KNOTS('',3,1,((#7295,#7296),(#7297,#7298),(#7299,
#7300),(#7301,#7302)),.SURF_OF_LINEAR_EXTRUSION.,.F.,.F.,.F.,(4,4),(2,2),
(0.,1.),(0.,1.),.PIECEWISE_BEZIER_KNOTS.);
#119=B_SPLINE_SURFACE_WITH_KNOTS('',3,1,((#7304,#7305),(#7306,#7307),(#7308,
#7309),(#7310,#7311)),.SURF_OF_LINEAR_EXTRUSION.,.F.,.F.,.F.,(4,4),(2,2),
(0.,1.),(0.,1.),.PIECEWISE_BEZIER_KNOTS.);
#120=B_SPLINE_SURFACE_WITH_KNOTS('',3,1,((#7313,#7314),(#7315,#7316),(#7317,
#7318),(#7319,#7320)),.SURF_OF_LINEAR_EXTRUSION.,.F.,.F.,.F.,(4,4),(2,2),
(0.,1.),(0.,1.),.PIECEWISE_BEZIER_KNOTS.);
#121=B_SPLINE_SURFACE_WITH_KNOTS('',3,1,((#7322,#7323),(#7324,#7325),(#7326,
#7327),(#7328,#7329)),.SURF_OF_LINEAR_EXTRUSION.,.F.,.F.,.F.,(4,4),(2,2),
(0.,1.),(0.,1.),.PIECEWISE_BEZIER_KNOTS.);
#122=B_SPLINE_SURFACE_WITH_KNOTS('',3,1,((#7331,#7332),(#7333,#7334),(#7335,
#7336),(#7337,#7338)),.SURF_OF_LINEAR_EXTRUSION.,.F.,.F.,.F.,(4,4),(2,2),
(0.,1.),(0.,1.),.PIECEWISE_BEZIER_KNOTS.);
#123=B_SPLINE_SURFACE_WITH_KNOTS('',3,1,((#7410,#7411),(#7412,#7413),(#7414,
#7415),(#7416,#7417)),.SURF_OF_LINEAR_EXTRUSION.,.F.,.F.,.F.,(4,4),(2,2),
(0.,1.),(0.,1.),.PIECEWISE_BEZIER_KNOTS.);
#124=B_SPLINE_SURFACE_WITH_KNOTS('',3,1,((#7425,#7426),(#7427,#7428),(#7429,
#7430),(#7431,#7432)),.SURF_OF_LINEAR_EXTRUSION.,.F.,.F.,.F.,(4,4),(2,2),
(0.,1.),(0.,1.),.PIECEWISE_BEZIER_KNOTS.);
#125=B_SPLINE_SURFACE_WITH_KNOTS('',3,1,((#7436,#7437),(#7438,#7439),(#7440,
#7441),(#7442,#7443)),.SURF_OF_LINEAR_EXTRUSION.,.F.,.F.,.F.,(4,4),(2,2),
(0.,1.),(0.,1.),.PIECEWISE_BEZIER_KNOTS.);
#126=B_SPLINE_SURFACE_WITH_KNOTS('',3,1,((#7445,#7446),(#7447,#7448),(#7449,
#7450),(#7451,#7452)),.SURF_OF_LINEAR_EXTRUSION.,.F.,.F.,.F.,(4,4),(2,2),
(0.,1.),(0.,1.),.PIECEWISE_BEZIER_KNOTS.);
#127=B_SPLINE_SURFACE_WITH_KNOTS('',3,1,((#7454,#7455),(#7456,#7457),(#7458,
#7459),(#7460,#7461)),.SURF_OF_LINEAR_EXTRUSION.,.F.,.F.,.F.,(4,4),(2,2),
(0.,1.),(0.,1.),.PIECEWISE_BEZIER_KNOTS.);
#128=CIRCLE('',#4346,0.00394241193645145);
#129=CIRCLE('',#4347,0.00449929997061195);
#130=CIRCLE('',#4348,0.00511091632452441);
#131=CIRCLE('',#4349,0.00467483598744675);
#132=CIRCLE('',#4350,0.00235663377234629);
#133=CIRCLE('',#4351,0.00324377438381328);
#134=CIRCLE('',#4352,0.00371483425056513);
#135=CIRCLE('',#4353,0.00205975496198992);
#136=CIRCLE('',#4354,0.00182298945415937);
#137=CIRCLE('',#4355,0.0037422270856891);
#138=CIRCLE('',#4356,0.00322708005920046);
#139=CIRCLE('',#4357,0.00262160014564794);
#140=CIRCLE('',#4358,0.00387921440312208);
#141=CIRCLE('',#4359,0.00376012452822655);
#142=CIRCLE('',#4360,0.00553780081184712);
#143=CIRCLE('',#4361,0.00435143688784307);
#144=CIRCLE('',#4362,0.0045547340227079);
#145=CIRCLE('',#4363,0.00270991769050763);
#146=CIRCLE('',#4364,0.0032165268314125);
#147=CIRCLE('',#4365,0.00352873659914658);
#148=CIRCLE('',#4366,0.00198593187674964);
#149=CIRCLE('',#4367,0.00177860524647277);
#150=CIRCLE('',#4368,0.00349165164866831);
#151=CIRCLE('',#4369,0.00325480118653816);
#152=CIRCLE('',#4370,0.00331111736155224);
#153=CIRCLE('',#4371,0.00199490719818398);
#154=CIRCLE('',#4372,0.00377635129046722);
#155=CIRCLE('',#4373,0.00263957288389407);
#156=CIRCLE('',#4374,0.00248247334930054);
#157=CIRCLE('',#4375,0.00231826931741762);
#158=CIRCLE('',#4376,0.00319743899854828);
#159=CIRCLE('',#4377,0.00134321721556298);
#160=CIRCLE('',#4378,0.00243068662271846);
#161=CIRCLE('',#4379,0.0149233229719513);
#162=CIRCLE('',#4380,0.00382925807624968);
#163=CIRCLE('',#4381,0.0105471758310013);
#164=CIRCLE('',#4382,0.00142405993826611);
#165=CIRCLE('',#4383,0.000719613234918401);
#166=CIRCLE('',#4384,0.00099571890753796);
#167=CIRCLE('',#4385,0.00236924627804525);
#168=CIRCLE('',#4386,0.00676843823197621);
#169=CIRCLE('',#4387,0.0105218115092513);
#170=CIRCLE('',#4388,0.00182298945415967);
#171=CIRCLE('',#4389,0.00348010715529369);
#172=CIRCLE('',#4390,0.00330802464632022);
#173=CIRCLE('',#4391,0.00326426796453789);
#174=CIRCLE('',#4392,0.00366253945522337);
#175=CIRCLE('',#4393,0.00200500919863984);
#176=CIRCLE('',#4394,0.00200517069632905);
#177=CIRCLE('',#4395,0.00263870577961543);
#178=CIRCLE('',#4396,0.00932079452692662);
#179=CIRCLE('',#4397,0.00558095258974923);
#180=CIRCLE('',#4398,0.00308968239617704);
#181=CIRCLE('',#4399,0.00625441767724638);
#182=CIRCLE('',#4400,0.0049059666722075);
#183=CIRCLE('',#4401,0.00323762318343305);
#184=CIRCLE('',#4402,0.0295265720538176);
#185=CIRCLE('',#4403,0.0035252299568389);
#186=CIRCLE('',#4404,0.00242824009695619);
#187=CIRCLE('',#4405,0.00230361517842329);
#188=CIRCLE('',#4406,0.00249887471696303);
#189=CIRCLE('',#4407,0.0026213818174441);
#190=CIRCLE('',#4409,0.0026213818174441);
#191=CIRCLE('',#4410,0.00249887471696303);
#192=CIRCLE('',#4411,0.00230361517842329);
#193=CIRCLE('',#4412,0.00242824009695619);
#194=CIRCLE('',#4413,0.0035252299568389);
#195=CIRCLE('',#4414,0.0295265720538176);
#196=CIRCLE('',#4415,0.00142405993826611);
#197=CIRCLE('',#4416,0.0105471758310013);
#198=CIRCLE('',#4417,0.0105218115092513);
#199=CIRCLE('',#4418,0.00676843823197621);
#200=CIRCLE('',#4419,0.00236924627804525);
#201=CIRCLE('',#4420,0.00099571890753796);
#202=CIRCLE('',#4421,0.000719613234918401);
#203=CIRCLE('',#4422,0.00331111736155224);
#204=CIRCLE('',#4423,0.00377635129046722);
#205=CIRCLE('',#4424,0.00199490719818398);
#206=CIRCLE('',#4425,0.00270991769050763);
#207=CIRCLE('',#4426,0.0045547340227079);
#208=CIRCLE('',#4427,0.00435143688784307);
#209=CIRCLE('',#4428,0.00553780081184712);
#210=CIRCLE('',#4429,0.00376012452822655);
#211=CIRCLE('',#4430,0.00387921440312208);
#212=CIRCLE('',#4431,0.00262160014564794);
#213=CIRCLE('',#4432,0.00235663377234629);
#214=CIRCLE('',#4433,0.00467483598744675);
#215=CIRCLE('',#4434,0.00511091632452441);
#216=CIRCLE('',#4435,0.00449929997061195);
#217=CIRCLE('',#4436,0.00394241193645145);
#218=CIRCLE('',#4437,0.00322708005920046);
#219=CIRCLE('',#4438,0.0037422270856891);
#220=CIRCLE('',#4439,0.00182298945415937);
#221=CIRCLE('',#4440,0.00205975496198992);
#222=CIRCLE('',#4441,0.00371483425056513);
#223=CIRCLE('',#4442,0.00324377438381328);
#224=CIRCLE('',#4443,0.00325480118653816);
#225=CIRCLE('',#4444,0.00349165164866831);
#226=CIRCLE('',#4445,0.00177860524647277);
#227=CIRCLE('',#4446,0.00198593187674964);
#228=CIRCLE('',#4447,0.00352873659914658);
#229=CIRCLE('',#4448,0.0032165268314125);
#230=CIRCLE('',#4449,0.00263957288389407);
#231=CIRCLE('',#4450,0.00382925807624968);
#232=CIRCLE('',#4451,0.0149233229719513);
#233=CIRCLE('',#4452,0.00243068662271846);
#234=CIRCLE('',#4453,0.00134321721556298);
#235=CIRCLE('',#4454,0.00319743899854828);
#236=CIRCLE('',#4455,0.00231826931741762);
#237=CIRCLE('',#4456,0.00248247334930054);
#238=CIRCLE('',#4457,0.00182298945415967);
#239=CIRCLE('',#4458,0.00200500919863984);
#240=CIRCLE('',#4459,0.00366253945522337);
#241=CIRCLE('',#4460,0.00326426796453789);
#242=CIRCLE('',#4461,0.00330802464632022);
#243=CIRCLE('',#4462,0.00348010715529369);
#244=CIRCLE('',#4463,0.00200517069632905);
#245=CIRCLE('',#4464,0.00323762318343305);
#246=CIRCLE('',#4465,0.0049059666722075);
#247=CIRCLE('',#4466,0.00625441767724638);
#248=CIRCLE('',#4467,0.00308968239617704);
#249=CIRCLE('',#4468,0.00558095258974923);
#250=CIRCLE('',#4469,0.00932079452692662);
#251=CIRCLE('',#4470,0.00263870577961543);
#252=B_SPLINE_CURVE_WITH_KNOTS('',2,(#5642,#5643,#5644),.UNSPECIFIED.,.F.,
 .F.,(3,3),(0.,1.),.PIECEWISE_BEZIER_KNOTS.);
#253=B_SPLINE_CURVE_WITH_KNOTS('',2,(#5646,#5647,#5648),.UNSPECIFIED.,.F.,
 .F.,(3,3),(0.,1.),.PIECEWISE_BEZIER_KNOTS.);
#254=B_SPLINE_CURVE_WITH_KNOTS('',2,(#5654,#5655,#5656),.UNSPECIFIED.,.F.,
 .F.,(3,3),(0.,1.),.PIECEWISE_BEZIER_KNOTS.);
#255=B_SPLINE_CURVE_WITH_KNOTS('',2,(#5658,#5659,#5660),.UNSPECIFIED.,.F.,
 .F.,(3,3),(0.,1.),.PIECEWISE_BEZIER_KNOTS.);
#256=B_SPLINE_CURVE_WITH_KNOTS('',2,(#5662,#5663,#5664),.UNSPECIFIED.,.F.,
 .F.,(3,3),(0.,1.),.PIECEWISE_BEZIER_KNOTS.);
#257=B_SPLINE_CURVE_WITH_KNOTS('',2,(#5666,#5667,#5668),.UNSPECIFIED.,.F.,
 .F.,(3,3),(0.,1.),.PIECEWISE_BEZIER_KNOTS.);
#258=B_SPLINE_CURVE_WITH_KNOTS('',2,(#5670,#5671,#5672),.UNSPECIFIED.,.F.,
 .F.,(3,3),(0.,1.),.PIECEWISE_BEZIER_KNOTS.);
#259=B_SPLINE_CURVE_WITH_KNOTS('',2,(#5682,#5683,#5684),.UNSPECIFIED.,.F.,
 .F.,(3,3),(0.,1.),.PIECEWISE_BEZIER_KNOTS.);
#260=B_SPLINE_CURVE_WITH_KNOTS('',2,(#5686,#5687,#5688),.UNSPECIFIED.,.F.,
 .F.,(3,3),(0.,1.),.PIECEWISE_BEZIER_KNOTS.);
#261=B_SPLINE_CURVE_WITH_KNOTS('',2,(#5694,#5695,#5696),.UNSPECIFIED.,.F.,
 .F.,(3,3),(0.,1.),.PIECEWISE_BEZIER_KNOTS.);
#262=B_SPLINE_CURVE_WITH_KNOTS('',2,(#5698,#5699,#5700),.UNSPECIFIED.,.F.,
 .F.,(3,3),(0.,1.),.PIECEWISE_BEZIER_KNOTS.);
#263=B_SPLINE_CURVE_WITH_KNOTS('',2,(#5733,#5734,#5735),.UNSPECIFIED.,.F.,
 .F.,(3,3),(0.,1.),.PIECEWISE_BEZIER_KNOTS.);
#264=B_SPLINE_CURVE_WITH_KNOTS('',2,(#5738,#5739,#5740),.UNSPECIFIED.,.F.,
 .F.,(3,3),(0.,1.),.PIECEWISE_BEZIER_KNOTS.);
#265=B_SPLINE_CURVE_WITH_KNOTS('',2,(#5742,#5743,#5744),.UNSPECIFIED.,.F.,
 .F.,(3,3),(0.,1.),.PIECEWISE_BEZIER_KNOTS.);
#266=B_SPLINE_CURVE_WITH_KNOTS('',2,(#5746,#5747,#5748),.UNSPECIFIED.,.F.,
 .F.,(3,3),(0.,1.),.PIECEWISE_BEZIER_KNOTS.);
#267=B_SPLINE_CURVE_WITH_KNOTS('',2,(#5758,#5759,#5760),.UNSPECIFIED.,.F.,
 .F.,(3,3),(0.,1.),.PIECEWISE_BEZIER_KNOTS.);
#268=B_SPLINE_CURVE_WITH_KNOTS('',2,(#5762,#5763,#5764),.UNSPECIFIED.,.F.,
 .F.,(3,3),(0.,1.),.PIECEWISE_BEZIER_KNOTS.);
#269=B_SPLINE_CURVE_WITH_KNOTS('',2,(#5766,#5767,#5768),.UNSPECIFIED.,.F.,
 .F.,(3,3),(0.,1.),.PIECEWISE_BEZIER_KNOTS.);
#270=B_SPLINE_CURVE_WITH_KNOTS('',2,(#5770,#5771,#5772),.UNSPECIFIED.,.F.,
 .F.,(3,3),(0.,1.),.PIECEWISE_BEZIER_KNOTS.);
#271=B_SPLINE_CURVE_WITH_KNOTS('',2,(#5774,#5775,#5776),.UNSPECIFIED.,.F.,
 .F.,(3,3),(0.,1.),.PIECEWISE_BEZIER_KNOTS.);
#272=B_SPLINE_CURVE_WITH_KNOTS('',2,(#5778,#5779,#5780),.UNSPECIFIED.,.F.,
 .F.,(3,3),(0.,1.),.PIECEWISE_BEZIER_KNOTS.);
#273=B_SPLINE_CURVE_WITH_KNOTS('',2,(#5814,#5815,#5816),.UNSPECIFIED.,.F.,
 .F.,(3,3),(0.,1.),.PIECEWISE_BEZIER_KNOTS.);
#274=B_SPLINE_CURVE_WITH_KNOTS('',2,(#5821,#5822,#5823),.UNSPECIFIED.,.F.,
 .F.,(3,3),(0.,1.),.PIECEWISE_BEZIER_KNOTS.);
#275=B_SPLINE_CURVE_WITH_KNOTS('',2,(#5826,#5827,#5828),.UNSPECIFIED.,.F.,
 .F.,(3,3),(0.,1.),.PIECEWISE_BEZIER_KNOTS.);
#276=B_SPLINE_CURVE_WITH_KNOTS('',2,(#5830,#5831,#5832),.UNSPECIFIED.,.F.,
 .F.,(3,3),(0.,1.),.PIECEWISE_BEZIER_KNOTS.);
#277=B_SPLINE_CURVE_WITH_KNOTS('',2,(#5834,#5835,#5836),.UNSPECIFIED.,.F.,
 .F.,(3,3),(0.,1.),.PIECEWISE_BEZIER_KNOTS.);
#278=B_SPLINE_CURVE_WITH_KNOTS('',2,(#5846,#5847,#5848),.UNSPECIFIED.,.F.,
 .F.,(3,3),(0.,1.),.PIECEWISE_BEZIER_KNOTS.);
#279=B_SPLINE_CURVE_WITH_KNOTS('',2,(#5850,#5851,#5852),.UNSPECIFIED.,.F.,
 .F.,(3,3),(0.,1.),.PIECEWISE_BEZIER_KNOTS.);
#280=B_SPLINE_CURVE_WITH_KNOTS('',2,(#5854,#5855,#5856),.UNSPECIFIED.,.F.,
 .F.,(3,3),(0.,1.),.PIECEWISE_BEZIER_KNOTS.);
#281=B_SPLINE_CURVE_WITH_KNOTS('',2,(#5858,#5859,#5860),.UNSPECIFIED.,.F.,
 .F.,(3,3),(0.,1.),.PIECEWISE_BEZIER_KNOTS.);
#282=B_SPLINE_CURVE_WITH_KNOTS('',2,(#5862,#5863,#5864),.UNSPECIFIED.,.F.,
 .F.,(3,3),(0.,1.),.PIECEWISE_BEZIER_KNOTS.);
#283=B_SPLINE_CURVE_WITH_KNOTS('',2,(#5866,#5867,#5868),.UNSPECIFIED.,.F.,
 .F.,(3,3),(0.,1.),.PIECEWISE_BEZIER_KNOTS.);
#284=B_SPLINE_CURVE_WITH_KNOTS('',2,(#5882,#5883,#5884),.UNSPECIFIED.,.F.,
 .F.,(3,3),(0.,1.),.PIECEWISE_BEZIER_KNOTS.);
#285=B_SPLINE_CURVE_WITH_KNOTS('',2,(#5898,#5899,#5900),.UNSPECIFIED.,.F.,
 .F.,(3,3),(0.,1.),.PIECEWISE_BEZIER_KNOTS.);
#286=B_SPLINE_CURVE_WITH_KNOTS('',2,(#5902,#5903,#5904),.UNSPECIFIED.,.F.,
 .F.,(3,3),(0.,1.),.PIECEWISE_BEZIER_KNOTS.);
#287=B_SPLINE_CURVE_WITH_KNOTS('',2,(#5916,#5917,#5918),.UNSPECIFIED.,.F.,
 .F.,(3,3),(0.,1.),.PIECEWISE_BEZIER_KNOTS.);
#288=B_SPLINE_CURVE_WITH_KNOTS('',2,(#5920,#5921,#5922),.UNSPECIFIED.,.F.,
 .F.,(3,3),(0.,1.),.PIECEWISE_BEZIER_KNOTS.);
#289=B_SPLINE_CURVE_WITH_KNOTS('',2,(#5942,#5943,#5944),.UNSPECIFIED.,.F.,
 .F.,(3,3),(0.,1.),.PIECEWISE_BEZIER_KNOTS.);
#290=B_SPLINE_CURVE_WITH_KNOTS('',2,(#5950,#5951,#5952),.UNSPECIFIED.,.F.,
 .F.,(3,3),(0.,1.),.PIECEWISE_BEZIER_KNOTS.);
#291=B_SPLINE_CURVE_WITH_KNOTS('',2,(#5986,#5987,#5988),.UNSPECIFIED.,.F.,
 .F.,(3,3),(0.,1.),.PIECEWISE_BEZIER_KNOTS.);
#292=B_SPLINE_CURVE_WITH_KNOTS('',2,(#5990,#5991,#5992),.UNSPECIFIED.,.F.,
 .F.,(3,3),(0.,1.),.PIECEWISE_BEZIER_KNOTS.);
#293=B_SPLINE_CURVE_WITH_KNOTS('',2,(#5994,#5995,#5996),.UNSPECIFIED.,.F.,
 .F.,(3,3),(0.,1.),.PIECEWISE_BEZIER_KNOTS.);
#294=B_SPLINE_CURVE_WITH_KNOTS('',2,(#5998,#5999,#6000),.UNSPECIFIED.,.F.,
 .F.,(3,3),(0.,1.),.PIECEWISE_BEZIER_KNOTS.);
#295=B_SPLINE_CURVE_WITH_KNOTS('',2,(#6010,#6011,#6012),.UNSPECIFIED.,.F.,
 .F.,(3,3),(0.,1.),.PIECEWISE_BEZIER_KNOTS.);
#296=B_SPLINE_CURVE_WITH_KNOTS('',2,(#6014,#6015,#6016),.UNSPECIFIED.,.F.,
 .F.,(3,3),(0.,1.),.PIECEWISE_BEZIER_KNOTS.);
#297=B_SPLINE_CURVE_WITH_KNOTS('',2,(#6018,#6019,#6020),.UNSPECIFIED.,.F.,
 .F.,(3,3),(0.,1.),.PIECEWISE_BEZIER_KNOTS.);
#298=B_SPLINE_CURVE_WITH_KNOTS('',2,(#6022,#6023,#6024),.UNSPECIFIED.,.F.,
 .F.,(3,3),(0.,1.),.PIECEWISE_BEZIER_KNOTS.);
#299=B_SPLINE_CURVE_WITH_KNOTS('',2,(#6026,#6027,#6028),.UNSPECIFIED.,.F.,
 .F.,(3,3),(0.,1.),.PIECEWISE_BEZIER_KNOTS.);
#300=B_SPLINE_CURVE_WITH_KNOTS('',2,(#6030,#6031,#6032),.UNSPECIFIED.,.F.,
 .F.,(3,3),(0.,1.),.PIECEWISE_BEZIER_KNOTS.);
#301=B_SPLINE_CURVE_WITH_KNOTS('',2,(#6093,#6094,#6095),.UNSPECIFIED.,.F.,
 .F.,(3,3),(0.,1.),.PIECEWISE_BEZIER_KNOTS.);
#302=B_SPLINE_CURVE_WITH_KNOTS('',2,(#6106,#6107,#6108),.UNSPECIFIED.,.F.,
 .F.,(3,3),(0.,1.),.PIECEWISE_BEZIER_KNOTS.);
#303=B_SPLINE_CURVE_WITH_KNOTS('',2,(#6116,#6117,#6118),.UNSPECIFIED.,.F.,
 .F.,(3,3),(0.,1.),.PIECEWISE_BEZIER_KNOTS.);
#304=B_SPLINE_CURVE_WITH_KNOTS('',2,(#6122,#6123,#6124),.UNSPECIFIED.,.F.,
 .F.,(3,3),(0.,1.),.PIECEWISE_BEZIER_KNOTS.);
#305=B_SPLINE_CURVE_WITH_KNOTS('',2,(#6126,#6127,#6128),.UNSPECIFIED.,.F.,
 .F.,(3,3),(0.,1.),.PIECEWISE_BEZIER_KNOTS.);
#306=B_SPLINE_CURVE_WITH_KNOTS('',2,(#6141,#6142,#6143),.UNSPECIFIED.,.F.,
 .F.,(3,3),(0.,1.),.PIECEWISE_BEZIER_KNOTS.);
#307=B_SPLINE_CURVE_WITH_KNOTS('',2,(#6145,#6146,#6147),.UNSPECIFIED.,.F.,
 .F.,(3,3),(0.,1.),.PIECEWISE_BEZIER_KNOTS.);
#308=B_SPLINE_CURVE_WITH_KNOTS('',2,(#6149,#6150,#6151),.UNSPECIFIED.,.F.,
 .F.,(3,3),(0.,1.),.PIECEWISE_BEZIER_KNOTS.);
#309=B_SPLINE_CURVE_WITH_KNOTS('',2,(#6155,#6156,#6157),.UNSPECIFIED.,.F.,
 .F.,(3,3),(0.,1.),.PIECEWISE_BEZIER_KNOTS.);
#310=B_SPLINE_CURVE_WITH_KNOTS('',2,(#6165,#6166,#6167),.UNSPECIFIED.,.F.,
 .F.,(3,3),(0.,1.),.PIECEWISE_BEZIER_KNOTS.);
#311=B_SPLINE_CURVE_WITH_KNOTS('',2,(#6219,#6220,#6221),.UNSPECIFIED.,.F.,
 .F.,(3,3),(0.,1.),.PIECEWISE_BEZIER_KNOTS.);
#312=B_SPLINE_CURVE_WITH_KNOTS('',2,(#6227,#6228,#6229),.UNSPECIFIED.,.F.,
 .F.,(3,3),(0.,1.),.PIECEWISE_BEZIER_KNOTS.);
#313=B_SPLINE_CURVE_WITH_KNOTS('',2,(#6251,#6252,#6253),.UNSPECIFIED.,.F.,
 .F.,(3,3),(0.,1.),.PIECEWISE_BEZIER_KNOTS.);
#314=B_SPLINE_CURVE_WITH_KNOTS('',2,(#6263,#6264,#6265),.UNSPECIFIED.,.F.,
 .F.,(3,3),(0.,1.),.PIECEWISE_BEZIER_KNOTS.);
#315=B_SPLINE_CURVE_WITH_KNOTS('',2,(#6347,#6348,#6349),.UNSPECIFIED.,.F.,
 .F.,(3,3),(0.,1.),.PIECEWISE_BEZIER_KNOTS.);
#316=B_SPLINE_CURVE_WITH_KNOTS('',2,(#6351,#6352,#6353),.UNSPECIFIED.,.F.,
 .F.,(3,3),(0.,1.),.PIECEWISE_BEZIER_KNOTS.);
#317=B_SPLINE_CURVE_WITH_KNOTS('',2,(#6359,#6360,#6361),.UNSPECIFIED.,.F.,
 .F.,(3,3),(0.,1.),.PIECEWISE_BEZIER_KNOTS.);
#318=B_SPLINE_CURVE_WITH_KNOTS('',2,(#6363,#6364,#6365),.UNSPECIFIED.,.F.,
 .F.,(3,3),(0.,1.),.PIECEWISE_BEZIER_KNOTS.);
#319=B_SPLINE_CURVE_WITH_KNOTS('',2,(#6375,#6376,#6377),.UNSPECIFIED.,.F.,
 .F.,(3,3),(0.,1.),.PIECEWISE_BEZIER_KNOTS.);
#320=B_SPLINE_CURVE_WITH_KNOTS('',2,(#6379,#6380,#6381),.UNSPECIFIED.,.F.,
 .F.,(3,3),(0.,1.),.PIECEWISE_BEZIER_KNOTS.);
#321=B_SPLINE_CURVE_WITH_KNOTS('',2,(#6383,#6384,#6385),.UNSPECIFIED.,.F.,
 .F.,(3,3),(0.,1.),.PIECEWISE_BEZIER_KNOTS.);
#322=B_SPLINE_CURVE_WITH_KNOTS('',2,(#6387,#6388,#6389),.UNSPECIFIED.,.F.,
 .F.,(3,3),(0.,1.),.PIECEWISE_BEZIER_KNOTS.);
#323=B_SPLINE_CURVE_WITH_KNOTS('',2,(#6391,#6392,#6393),.UNSPECIFIED.,.F.,
 .F.,(3,3),(0.,1.),.PIECEWISE_BEZIER_KNOTS.);
#324=B_SPLINE_CURVE_WITH_KNOTS('',2,(#6399,#6400,#6401),.UNSPECIFIED.,.F.,
 .F.,(3,3),(0.,1.),.PIECEWISE_BEZIER_KNOTS.);
#325=B_SPLINE_CURVE_WITH_KNOTS('',2,(#6403,#6404,#6405),.UNSPECIFIED.,.F.,
 .F.,(3,3),(0.,1.),.PIECEWISE_BEZIER_KNOTS.);
#326=B_SPLINE_CURVE_WITH_KNOTS('',2,(#6414,#6415,#6416),.UNSPECIFIED.,.F.,
 .F.,(3,3),(0.,1.),.PIECEWISE_BEZIER_KNOTS.);
#327=B_SPLINE_CURVE_WITH_KNOTS('',2,(#6419,#6420,#6421),.UNSPECIFIED.,.F.,
 .F.,(3,3),(0.,1.),.PIECEWISE_BEZIER_KNOTS.);
#328=B_SPLINE_CURVE_WITH_KNOTS('',2,(#6431,#6432,#6433),.UNSPECIFIED.,.F.,
 .F.,(3,3),(0.,1.),.PIECEWISE_BEZIER_KNOTS.);
#329=B_SPLINE_CURVE_WITH_KNOTS('',2,(#6435,#6436,#6437),.UNSPECIFIED.,.F.,
 .F.,(3,3),(0.,1.),.PIECEWISE_BEZIER_KNOTS.);
#330=B_SPLINE_CURVE_WITH_KNOTS('',2,(#6439,#6440,#6441),.UNSPECIFIED.,.F.,
 .F.,(3,3),(0.,1.),.PIECEWISE_BEZIER_KNOTS.);
#331=B_SPLINE_CURVE_WITH_KNOTS('',2,(#6443,#6444,#6445),.UNSPECIFIED.,.F.,
 .F.,(3,3),(0.,1.),.PIECEWISE_BEZIER_KNOTS.);
#332=B_SPLINE_CURVE_WITH_KNOTS('',2,(#6447,#6448,#6449),.UNSPECIFIED.,.F.,
 .F.,(3,3),(0.,1.),.PIECEWISE_BEZIER_KNOTS.);
#333=B_SPLINE_CURVE_WITH_KNOTS('',2,(#6451,#6452,#6453),.UNSPECIFIED.,.F.,
 .F.,(3,3),(0.,1.),.PIECEWISE_BEZIER_KNOTS.);
#334=B_SPLINE_CURVE_WITH_KNOTS('',2,(#6463,#6464,#6465),.UNSPECIFIED.,.F.,
 .F.,(3,3),(0.,1.),.PIECEWISE_BEZIER_KNOTS.);
#335=B_SPLINE_CURVE_WITH_KNOTS('',2,(#6467,#6468,#6469),.UNSPECIFIED.,.F.,
 .F.,(3,3),(0.,1.),.PIECEWISE_BEZIER_KNOTS.);
#336=B_SPLINE_CURVE_WITH_KNOTS('',2,(#6470,#6471,#6472),.UNSPECIFIED.,.F.,
 .F.,(3,3),(0.,1.),.PIECEWISE_BEZIER_KNOTS.);
#337=B_SPLINE_CURVE_WITH_KNOTS('',2,(#6475,#6476,#6477),.UNSPECIFIED.,.F.,
 .F.,(3,3),(0.,1.),.PIECEWISE_BEZIER_KNOTS.);
#338=B_SPLINE_CURVE_WITH_KNOTS('',2,(#6487,#6488,#6489),.UNSPECIFIED.,.F.,
 .F.,(3,3),(0.,1.),.PIECEWISE_BEZIER_KNOTS.);
#339=B_SPLINE_CURVE_WITH_KNOTS('',2,(#6491,#6492,#6493),.UNSPECIFIED.,.F.,
 .F.,(3,3),(0.,1.),.PIECEWISE_BEZIER_KNOTS.);
#340=B_SPLINE_CURVE_WITH_KNOTS('',2,(#6495,#6496,#6497),.UNSPECIFIED.,.F.,
 .F.,(3,3),(0.,1.),.PIECEWISE_BEZIER_KNOTS.);
#341=B_SPLINE_CURVE_WITH_KNOTS('',2,(#6499,#6500,#6501),.UNSPECIFIED.,.F.,
 .F.,(3,3),(0.,1.),.PIECEWISE_BEZIER_KNOTS.);
#342=B_SPLINE_CURVE_WITH_KNOTS('',2,(#6503,#6504,#6505),.UNSPECIFIED.,.F.,
 .F.,(3,3),(0.,1.),.PIECEWISE_BEZIER_KNOTS.);
#343=B_SPLINE_CURVE_WITH_KNOTS('',2,(#6507,#6508,#6509),.UNSPECIFIED.,.F.,
 .F.,(3,3),(0.,1.),.PIECEWISE_BEZIER_KNOTS.);
#344=B_SPLINE_CURVE_WITH_KNOTS('',2,(#6519,#6520,#6521),.UNSPECIFIED.,.F.,
 .F.,(3,3),(0.,1.),.PIECEWISE_BEZIER_KNOTS.);
#345=B_SPLINE_CURVE_WITH_KNOTS('',2,(#6523,#6524,#6525),.UNSPECIFIED.,.F.,
 .F.,(3,3),(0.,1.),.PIECEWISE_BEZIER_KNOTS.);
#346=B_SPLINE_CURVE_WITH_KNOTS('',2,(#6526,#6527,#6528),.UNSPECIFIED.,.F.,
 .F.,(3,3),(0.,1.),.PIECEWISE_BEZIER_KNOTS.);
#347=B_SPLINE_CURVE_WITH_KNOTS('',2,(#6541,#6542,#6543),.UNSPECIFIED.,.F.,
 .F.,(3,3),(0.,1.),.PIECEWISE_BEZIER_KNOTS.);
#348=B_SPLINE_CURVE_WITH_KNOTS('',2,(#6545,#6546,#6547),.UNSPECIFIED.,.F.,
 .F.,(3,3),(0.,1.),.PIECEWISE_BEZIER_KNOTS.);
#349=B_SPLINE_CURVE_WITH_KNOTS('',2,(#6559,#6560,#6561),.UNSPECIFIED.,.F.,
 .F.,(3,3),(0.,1.),.PIECEWISE_BEZIER_KNOTS.);
#350=B_SPLINE_CURVE_WITH_KNOTS('',2,(#6579,#6580,#6581),.UNSPECIFIED.,.F.,
 .F.,(3,3),(0.,1.),.PIECEWISE_BEZIER_KNOTS.);
#351=B_SPLINE_CURVE_WITH_KNOTS('',2,(#6583,#6584,#6585),.UNSPECIFIED.,.F.,
 .F.,(3,3),(0.,1.),.PIECEWISE_BEZIER_KNOTS.);
#352=B_SPLINE_CURVE_WITH_KNOTS('',2,(#6587,#6588,#6589),.UNSPECIFIED.,.F.,
 .F.,(3,3),(0.,1.),.PIECEWISE_BEZIER_KNOTS.);
#353=B_SPLINE_CURVE_WITH_KNOTS('',2,(#6591,#6592,#6593),.UNSPECIFIED.,.F.,
 .F.,(3,3),(0.,1.),.PIECEWISE_BEZIER_KNOTS.);
#354=B_SPLINE_CURVE_WITH_KNOTS('',2,(#6595,#6596,#6597),.UNSPECIFIED.,.F.,
 .F.,(3,3),(0.,1.),.PIECEWISE_BEZIER_KNOTS.);
#355=B_SPLINE_CURVE_WITH_KNOTS('',2,(#6599,#6600,#6601),.UNSPECIFIED.,.F.,
 .F.,(3,3),(0.,1.),.PIECEWISE_BEZIER_KNOTS.);
#356=B_SPLINE_CURVE_WITH_KNOTS('',2,(#6611,#6612,#6613),.UNSPECIFIED.,.F.,
 .F.,(3,3),(0.,1.),.PIECEWISE_BEZIER_KNOTS.);
#357=B_SPLINE_CURVE_WITH_KNOTS('',2,(#6615,#6616,#6617),.UNSPECIFIED.,.F.,
 .F.,(3,3),(0.,1.),.PIECEWISE_BEZIER_KNOTS.);
#358=B_SPLINE_CURVE_WITH_KNOTS('',2,(#6619,#6620,#6621),.UNSPECIFIED.,.F.,
 .F.,(3,3),(0.,1.),.PIECEWISE_BEZIER_KNOTS.);
#359=B_SPLINE_CURVE_WITH_KNOTS('',2,(#6623,#6624,#6625),.UNSPECIFIED.,.F.,
 .F.,(3,3),(0.,1.),.PIECEWISE_BEZIER_KNOTS.);
#360=ORIENTED_EDGE('',*,*,#1632,.F.);
#361=ORIENTED_EDGE('',*,*,#1633,.T.);
#362=ORIENTED_EDGE('',*,*,#1634,.T.);
#363=ORIENTED_EDGE('',*,*,#1635,.F.);
#364=ORIENTED_EDGE('',*,*,#1636,.F.);
#365=ORIENTED_EDGE('',*,*,#1637,.F.);
#366=ORIENTED_EDGE('',*,*,#1638,.T.);
#367=ORIENTED_EDGE('',*,*,#1639,.F.);
#368=ORIENTED_EDGE('',*,*,#1640,.T.);
#369=ORIENTED_EDGE('',*,*,#1641,.T.);
#370=ORIENTED_EDGE('',*,*,#1642,.T.);
#371=ORIENTED_EDGE('',*,*,#1643,.T.);
#372=ORIENTED_EDGE('',*,*,#1644,.F.);
#373=ORIENTED_EDGE('',*,*,#1645,.F.);
#374=ORIENTED_EDGE('',*,*,#1646,.T.);
#375=ORIENTED_EDGE('',*,*,#1647,.F.);
#376=ORIENTED_EDGE('',*,*,#1648,.T.);
#377=ORIENTED_EDGE('',*,*,#1649,.T.);
#378=ORIENTED_EDGE('',*,*,#1650,.T.);
#379=ORIENTED_EDGE('',*,*,#1651,.T.);
#380=ORIENTED_EDGE('',*,*,#1652,.T.);
#381=ORIENTED_EDGE('',*,*,#1653,.T.);
#382=ORIENTED_EDGE('',*,*,#1654,.T.);
#383=ORIENTED_EDGE('',*,*,#1655,.T.);
#384=ORIENTED_EDGE('',*,*,#1656,.T.);
#385=ORIENTED_EDGE('',*,*,#1657,.T.);
#386=ORIENTED_EDGE('',*,*,#1658,.T.);
#387=ORIENTED_EDGE('',*,*,#1659,.T.);
#388=ORIENTED_EDGE('',*,*,#1660,.T.);
#389=ORIENTED_EDGE('',*,*,#1661,.T.);
#390=ORIENTED_EDGE('',*,*,#1662,.T.);
#391=ORIENTED_EDGE('',*,*,#1663,.T.);
#392=ORIENTED_EDGE('',*,*,#1664,.T.);
#393=ORIENTED_EDGE('',*,*,#1665,.T.);
#394=ORIENTED_EDGE('',*,*,#1666,.T.);
#395=ORIENTED_EDGE('',*,*,#1667,.T.);
#396=ORIENTED_EDGE('',*,*,#1668,.T.);
#397=ORIENTED_EDGE('',*,*,#1669,.T.);
#398=ORIENTED_EDGE('',*,*,#1670,.T.);
#399=ORIENTED_EDGE('',*,*,#1671,.T.);
#400=ORIENTED_EDGE('',*,*,#1672,.T.);
#401=ORIENTED_EDGE('',*,*,#1673,.T.);
#402=ORIENTED_EDGE('',*,*,#1674,.T.);
#403=ORIENTED_EDGE('',*,*,#1675,.T.);
#404=ORIENTED_EDGE('',*,*,#1676,.T.);
#405=ORIENTED_EDGE('',*,*,#1677,.T.);
#406=ORIENTED_EDGE('',*,*,#1678,.T.);
#407=ORIENTED_EDGE('',*,*,#1679,.T.);
#408=ORIENTED_EDGE('',*,*,#1680,.T.);
#409=ORIENTED_EDGE('',*,*,#1681,.T.);
#410=ORIENTED_EDGE('',*,*,#1682,.T.);
#411=ORIENTED_EDGE('',*,*,#1683,.T.);
#412=ORIENTED_EDGE('',*,*,#1684,.T.);
#413=ORIENTED_EDGE('',*,*,#1685,.T.);
#414=ORIENTED_EDGE('',*,*,#1686,.T.);
#415=ORIENTED_EDGE('',*,*,#1687,.T.);
#416=ORIENTED_EDGE('',*,*,#1688,.T.);
#417=ORIENTED_EDGE('',*,*,#1689,.T.);
#418=ORIENTED_EDGE('',*,*,#1690,.T.);
#419=ORIENTED_EDGE('',*,*,#1691,.T.);
#420=ORIENTED_EDGE('',*,*,#1692,.T.);
#421=ORIENTED_EDGE('',*,*,#1693,.T.);
#422=ORIENTED_EDGE('',*,*,#1694,.T.);
#423=ORIENTED_EDGE('',*,*,#1695,.T.);
#424=ORIENTED_EDGE('',*,*,#1696,.T.);
#425=ORIENTED_EDGE('',*,*,#1697,.T.);
#426=ORIENTED_EDGE('',*,*,#1698,.T.);
#427=ORIENTED_EDGE('',*,*,#1699,.T.);
#428=ORIENTED_EDGE('',*,*,#1700,.T.);
#429=ORIENTED_EDGE('',*,*,#1701,.T.);
#430=ORIENTED_EDGE('',*,*,#1702,.T.);
#431=ORIENTED_EDGE('',*,*,#1703,.T.);
#432=ORIENTED_EDGE('',*,*,#1704,.T.);
#433=ORIENTED_EDGE('',*,*,#1705,.T.);
#434=ORIENTED_EDGE('',*,*,#1706,.T.);
#435=ORIENTED_EDGE('',*,*,#1707,.T.);
#436=ORIENTED_EDGE('',*,*,#1708,.T.);
#437=ORIENTED_EDGE('',*,*,#1709,.T.);
#438=ORIENTED_EDGE('',*,*,#1710,.T.);
#439=ORIENTED_EDGE('',*,*,#1711,.T.);
#440=ORIENTED_EDGE('',*,*,#1712,.T.);
#441=ORIENTED_EDGE('',*,*,#1713,.T.);
#442=ORIENTED_EDGE('',*,*,#1714,.T.);
#443=ORIENTED_EDGE('',*,*,#1715,.T.);
#444=ORIENTED_EDGE('',*,*,#1716,.T.);
#445=ORIENTED_EDGE('',*,*,#1717,.T.);
#446=ORIENTED_EDGE('',*,*,#1718,.T.);
#447=ORIENTED_EDGE('',*,*,#1719,.T.);
#448=ORIENTED_EDGE('',*,*,#1720,.T.);
#449=ORIENTED_EDGE('',*,*,#1721,.T.);
#450=ORIENTED_EDGE('',*,*,#1722,.T.);
#451=ORIENTED_EDGE('',*,*,#1723,.T.);
#452=ORIENTED_EDGE('',*,*,#1724,.T.);
#453=ORIENTED_EDGE('',*,*,#1725,.T.);
#454=ORIENTED_EDGE('',*,*,#1726,.T.);
#455=ORIENTED_EDGE('',*,*,#1727,.T.);
#456=ORIENTED_EDGE('',*,*,#1728,.T.);
#457=ORIENTED_EDGE('',*,*,#1729,.T.);
#458=ORIENTED_EDGE('',*,*,#1730,.T.);
#459=ORIENTED_EDGE('',*,*,#1731,.T.);
#460=ORIENTED_EDGE('',*,*,#1732,.T.);
#461=ORIENTED_EDGE('',*,*,#1733,.T.);
#462=ORIENTED_EDGE('',*,*,#1734,.T.);
#463=ORIENTED_EDGE('',*,*,#1735,.T.);
#464=ORIENTED_EDGE('',*,*,#1736,.T.);
#465=ORIENTED_EDGE('',*,*,#1737,.T.);
#466=ORIENTED_EDGE('',*,*,#1738,.T.);
#467=ORIENTED_EDGE('',*,*,#1739,.T.);
#468=ORIENTED_EDGE('',*,*,#1740,.T.);
#469=ORIENTED_EDGE('',*,*,#1741,.T.);
#470=ORIENTED_EDGE('',*,*,#1742,.T.);
#471=ORIENTED_EDGE('',*,*,#1743,.T.);
#472=ORIENTED_EDGE('',*,*,#1744,.T.);
#473=ORIENTED_EDGE('',*,*,#1745,.T.);
#474=ORIENTED_EDGE('',*,*,#1746,.T.);
#475=ORIENTED_EDGE('',*,*,#1747,.T.);
#476=ORIENTED_EDGE('',*,*,#1748,.T.);
#477=ORIENTED_EDGE('',*,*,#1749,.T.);
#478=ORIENTED_EDGE('',*,*,#1750,.T.);
#479=ORIENTED_EDGE('',*,*,#1751,.T.);
#480=ORIENTED_EDGE('',*,*,#1752,.T.);
#481=ORIENTED_EDGE('',*,*,#1753,.T.);
#482=ORIENTED_EDGE('',*,*,#1754,.T.);
#483=ORIENTED_EDGE('',*,*,#1755,.T.);
#484=ORIENTED_EDGE('',*,*,#1756,.T.);
#485=ORIENTED_EDGE('',*,*,#1757,.T.);
#486=ORIENTED_EDGE('',*,*,#1758,.T.);
#487=ORIENTED_EDGE('',*,*,#1759,.T.);
#488=ORIENTED_EDGE('',*,*,#1760,.T.);
#489=ORIENTED_EDGE('',*,*,#1761,.T.);
#490=ORIENTED_EDGE('',*,*,#1762,.T.);
#491=ORIENTED_EDGE('',*,*,#1763,.T.);
#492=ORIENTED_EDGE('',*,*,#1764,.T.);
#493=ORIENTED_EDGE('',*,*,#1765,.T.);
#494=ORIENTED_EDGE('',*,*,#1766,.T.);
#495=ORIENTED_EDGE('',*,*,#1767,.T.);
#496=ORIENTED_EDGE('',*,*,#1768,.T.);
#497=ORIENTED_EDGE('',*,*,#1769,.T.);
#498=ORIENTED_EDGE('',*,*,#1770,.T.);
#499=ORIENTED_EDGE('',*,*,#1771,.T.);
#500=ORIENTED_EDGE('',*,*,#1772,.T.);
#501=ORIENTED_EDGE('',*,*,#1773,.T.);
#502=ORIENTED_EDGE('',*,*,#1774,.T.);
#503=ORIENTED_EDGE('',*,*,#1775,.T.);
#504=ORIENTED_EDGE('',*,*,#1776,.T.);
#505=ORIENTED_EDGE('',*,*,#1777,.T.);
#506=ORIENTED_EDGE('',*,*,#1778,.T.);
#507=ORIENTED_EDGE('',*,*,#1779,.T.);
#508=ORIENTED_EDGE('',*,*,#1780,.T.);
#509=ORIENTED_EDGE('',*,*,#1781,.T.);
#510=ORIENTED_EDGE('',*,*,#1782,.T.);
#511=ORIENTED_EDGE('',*,*,#1783,.T.);
#512=ORIENTED_EDGE('',*,*,#1784,.T.);
#513=ORIENTED_EDGE('',*,*,#1785,.T.);
#514=ORIENTED_EDGE('',*,*,#1786,.T.);
#515=ORIENTED_EDGE('',*,*,#1787,.T.);
#516=ORIENTED_EDGE('',*,*,#1788,.T.);
#517=ORIENTED_EDGE('',*,*,#1789,.T.);
#518=ORIENTED_EDGE('',*,*,#1790,.T.);
#519=ORIENTED_EDGE('',*,*,#1791,.T.);
#520=ORIENTED_EDGE('',*,*,#1792,.T.);
#521=ORIENTED_EDGE('',*,*,#1793,.T.);
#522=ORIENTED_EDGE('',*,*,#1794,.T.);
#523=ORIENTED_EDGE('',*,*,#1795,.T.);
#524=ORIENTED_EDGE('',*,*,#1796,.T.);
#525=ORIENTED_EDGE('',*,*,#1797,.T.);
#526=ORIENTED_EDGE('',*,*,#1798,.T.);
#527=ORIENTED_EDGE('',*,*,#1799,.T.);
#528=ORIENTED_EDGE('',*,*,#1800,.T.);
#529=ORIENTED_EDGE('',*,*,#1801,.T.);
#530=ORIENTED_EDGE('',*,*,#1802,.T.);
#531=ORIENTED_EDGE('',*,*,#1803,.T.);
#532=ORIENTED_EDGE('',*,*,#1804,.T.);
#533=ORIENTED_EDGE('',*,*,#1805,.T.);
#534=ORIENTED_EDGE('',*,*,#1806,.T.);
#535=ORIENTED_EDGE('',*,*,#1807,.T.);
#536=ORIENTED_EDGE('',*,*,#1808,.T.);
#537=ORIENTED_EDGE('',*,*,#1809,.T.);
#538=ORIENTED_EDGE('',*,*,#1810,.T.);
#539=ORIENTED_EDGE('',*,*,#1811,.T.);
#540=ORIENTED_EDGE('',*,*,#1812,.T.);
#541=ORIENTED_EDGE('',*,*,#1813,.T.);
#542=ORIENTED_EDGE('',*,*,#1814,.T.);
#543=ORIENTED_EDGE('',*,*,#1815,.T.);
#544=ORIENTED_EDGE('',*,*,#1816,.T.);
#545=ORIENTED_EDGE('',*,*,#1817,.T.);
#546=ORIENTED_EDGE('',*,*,#1818,.T.);
#547=ORIENTED_EDGE('',*,*,#1819,.T.);
#548=ORIENTED_EDGE('',*,*,#1820,.T.);
#549=ORIENTED_EDGE('',*,*,#1821,.T.);
#550=ORIENTED_EDGE('',*,*,#1822,.T.);
#551=ORIENTED_EDGE('',*,*,#1823,.T.);
#552=ORIENTED_EDGE('',*,*,#1824,.T.);
#553=ORIENTED_EDGE('',*,*,#1825,.T.);
#554=ORIENTED_EDGE('',*,*,#1826,.T.);
#555=ORIENTED_EDGE('',*,*,#1827,.T.);
#556=ORIENTED_EDGE('',*,*,#1828,.T.);
#557=ORIENTED_EDGE('',*,*,#1829,.T.);
#558=ORIENTED_EDGE('',*,*,#1830,.T.);
#559=ORIENTED_EDGE('',*,*,#1831,.T.);
#560=ORIENTED_EDGE('',*,*,#1832,.T.);
#561=ORIENTED_EDGE('',*,*,#1833,.T.);
#562=ORIENTED_EDGE('',*,*,#1834,.T.);
#563=ORIENTED_EDGE('',*,*,#1835,.T.);
#564=ORIENTED_EDGE('',*,*,#1836,.T.);
#565=ORIENTED_EDGE('',*,*,#1837,.T.);
#566=ORIENTED_EDGE('',*,*,#1838,.T.);
#567=ORIENTED_EDGE('',*,*,#1839,.T.);
#568=ORIENTED_EDGE('',*,*,#1840,.T.);
#569=ORIENTED_EDGE('',*,*,#1841,.T.);
#570=ORIENTED_EDGE('',*,*,#1842,.T.);
#571=ORIENTED_EDGE('',*,*,#1843,.T.);
#572=ORIENTED_EDGE('',*,*,#1844,.T.);
#573=ORIENTED_EDGE('',*,*,#1845,.T.);
#574=ORIENTED_EDGE('',*,*,#1846,.T.);
#575=ORIENTED_EDGE('',*,*,#1847,.T.);
#576=ORIENTED_EDGE('',*,*,#1848,.T.);
#577=ORIENTED_EDGE('',*,*,#1849,.T.);
#578=ORIENTED_EDGE('',*,*,#1850,.T.);
#579=ORIENTED_EDGE('',*,*,#1851,.T.);
#580=ORIENTED_EDGE('',*,*,#1852,.T.);
#581=ORIENTED_EDGE('',*,*,#1853,.T.);
#582=ORIENTED_EDGE('',*,*,#1854,.T.);
#583=ORIENTED_EDGE('',*,*,#1855,.T.);
#584=ORIENTED_EDGE('',*,*,#1856,.T.);
#585=ORIENTED_EDGE('',*,*,#1857,.T.);
#586=ORIENTED_EDGE('',*,*,#1858,.T.);
#587=ORIENTED_EDGE('',*,*,#1859,.T.);
#588=ORIENTED_EDGE('',*,*,#1860,.T.);
#589=ORIENTED_EDGE('',*,*,#1861,.T.);
#590=ORIENTED_EDGE('',*,*,#1862,.T.);
#591=ORIENTED_EDGE('',*,*,#1863,.T.);
#592=ORIENTED_EDGE('',*,*,#1864,.T.);
#593=ORIENTED_EDGE('',*,*,#1865,.T.);
#594=ORIENTED_EDGE('',*,*,#1866,.T.);
#595=ORIENTED_EDGE('',*,*,#1867,.T.);
#596=ORIENTED_EDGE('',*,*,#1868,.T.);
#597=ORIENTED_EDGE('',*,*,#1869,.T.);
#598=ORIENTED_EDGE('',*,*,#1870,.T.);
#599=ORIENTED_EDGE('',*,*,#1871,.T.);
#600=ORIENTED_EDGE('',*,*,#1872,.T.);
#601=ORIENTED_EDGE('',*,*,#1873,.T.);
#602=ORIENTED_EDGE('',*,*,#1874,.T.);
#603=ORIENTED_EDGE('',*,*,#1875,.T.);
#604=ORIENTED_EDGE('',*,*,#1876,.T.);
#605=ORIENTED_EDGE('',*,*,#1877,.T.);
#606=ORIENTED_EDGE('',*,*,#1878,.T.);
#607=ORIENTED_EDGE('',*,*,#1879,.T.);
#608=ORIENTED_EDGE('',*,*,#1880,.T.);
#609=ORIENTED_EDGE('',*,*,#1881,.T.);
#610=ORIENTED_EDGE('',*,*,#1882,.T.);
#611=ORIENTED_EDGE('',*,*,#1883,.T.);
#612=ORIENTED_EDGE('',*,*,#1884,.T.);
#613=ORIENTED_EDGE('',*,*,#1885,.T.);
#614=ORIENTED_EDGE('',*,*,#1886,.T.);
#615=ORIENTED_EDGE('',*,*,#1887,.T.);
#616=ORIENTED_EDGE('',*,*,#1888,.T.);
#617=ORIENTED_EDGE('',*,*,#1889,.T.);
#618=ORIENTED_EDGE('',*,*,#1890,.T.);
#619=ORIENTED_EDGE('',*,*,#1891,.T.);
#620=ORIENTED_EDGE('',*,*,#1892,.T.);
#621=ORIENTED_EDGE('',*,*,#1893,.T.);
#622=ORIENTED_EDGE('',*,*,#1894,.T.);
#623=ORIENTED_EDGE('',*,*,#1895,.T.);
#624=ORIENTED_EDGE('',*,*,#1896,.T.);
#625=ORIENTED_EDGE('',*,*,#1897,.T.);
#626=ORIENTED_EDGE('',*,*,#1898,.T.);
#627=ORIENTED_EDGE('',*,*,#1899,.T.);
#628=ORIENTED_EDGE('',*,*,#1900,.T.);
#629=ORIENTED_EDGE('',*,*,#1901,.T.);
#630=ORIENTED_EDGE('',*,*,#1902,.T.);
#631=ORIENTED_EDGE('',*,*,#1903,.T.);
#632=ORIENTED_EDGE('',*,*,#1904,.T.);
#633=ORIENTED_EDGE('',*,*,#1905,.T.);
#634=ORIENTED_EDGE('',*,*,#1906,.T.);
#635=ORIENTED_EDGE('',*,*,#1907,.T.);
#636=ORIENTED_EDGE('',*,*,#1908,.T.);
#637=ORIENTED_EDGE('',*,*,#1909,.T.);
#638=ORIENTED_EDGE('',*,*,#1910,.T.);
#639=ORIENTED_EDGE('',*,*,#1911,.T.);
#640=ORIENTED_EDGE('',*,*,#1912,.T.);
#641=ORIENTED_EDGE('',*,*,#1913,.T.);
#642=ORIENTED_EDGE('',*,*,#1914,.T.);
#643=ORIENTED_EDGE('',*,*,#1915,.T.);
#644=ORIENTED_EDGE('',*,*,#1916,.T.);
#645=ORIENTED_EDGE('',*,*,#1917,.T.);
#646=ORIENTED_EDGE('',*,*,#1918,.T.);
#647=ORIENTED_EDGE('',*,*,#1919,.T.);
#648=ORIENTED_EDGE('',*,*,#1920,.T.);
#649=ORIENTED_EDGE('',*,*,#1921,.T.);
#650=ORIENTED_EDGE('',*,*,#1922,.F.);
#651=ORIENTED_EDGE('',*,*,#1923,.F.);
#652=ORIENTED_EDGE('',*,*,#1924,.T.);
#653=ORIENTED_EDGE('',*,*,#1925,.F.);
#654=ORIENTED_EDGE('',*,*,#1926,.T.);
#655=ORIENTED_EDGE('',*,*,#1927,.F.);
#656=ORIENTED_EDGE('',*,*,#1928,.F.);
#657=ORIENTED_EDGE('',*,*,#1929,.T.);
#658=ORIENTED_EDGE('',*,*,#1930,.F.);
#659=ORIENTED_EDGE('',*,*,#1931,.T.);
#660=ORIENTED_EDGE('',*,*,#1932,.T.);
#661=ORIENTED_EDGE('',*,*,#1933,.T.);
#662=ORIENTED_EDGE('',*,*,#1934,.F.);
#663=ORIENTED_EDGE('',*,*,#1935,.F.);
#664=ORIENTED_EDGE('',*,*,#1936,.T.);
#665=ORIENTED_EDGE('',*,*,#1937,.T.);
#666=ORIENTED_EDGE('',*,*,#1938,.T.);
#667=ORIENTED_EDGE('',*,*,#1939,.T.);
#668=ORIENTED_EDGE('',*,*,#1940,.T.);
#669=ORIENTED_EDGE('',*,*,#1941,.T.);
#670=ORIENTED_EDGE('',*,*,#1942,.T.);
#671=ORIENTED_EDGE('',*,*,#1943,.T.);
#672=ORIENTED_EDGE('',*,*,#1944,.T.);
#673=ORIENTED_EDGE('',*,*,#1945,.T.);
#674=ORIENTED_EDGE('',*,*,#1946,.T.);
#675=ORIENTED_EDGE('',*,*,#1947,.T.);
#676=ORIENTED_EDGE('',*,*,#1948,.T.);
#677=ORIENTED_EDGE('',*,*,#1949,.T.);
#678=ORIENTED_EDGE('',*,*,#1950,.T.);
#679=ORIENTED_EDGE('',*,*,#1951,.T.);
#680=ORIENTED_EDGE('',*,*,#1952,.T.);
#681=ORIENTED_EDGE('',*,*,#1953,.T.);
#682=ORIENTED_EDGE('',*,*,#1954,.T.);
#683=ORIENTED_EDGE('',*,*,#1955,.T.);
#684=ORIENTED_EDGE('',*,*,#1956,.T.);
#685=ORIENTED_EDGE('',*,*,#1957,.T.);
#686=ORIENTED_EDGE('',*,*,#1958,.T.);
#687=ORIENTED_EDGE('',*,*,#1959,.T.);
#688=ORIENTED_EDGE('',*,*,#1960,.T.);
#689=ORIENTED_EDGE('',*,*,#1961,.T.);
#690=ORIENTED_EDGE('',*,*,#1962,.T.);
#691=ORIENTED_EDGE('',*,*,#1963,.T.);
#692=ORIENTED_EDGE('',*,*,#1964,.T.);
#693=ORIENTED_EDGE('',*,*,#1965,.T.);
#694=ORIENTED_EDGE('',*,*,#1966,.T.);
#695=ORIENTED_EDGE('',*,*,#1967,.T.);
#696=ORIENTED_EDGE('',*,*,#1968,.T.);
#697=ORIENTED_EDGE('',*,*,#1969,.T.);
#698=ORIENTED_EDGE('',*,*,#1970,.T.);
#699=ORIENTED_EDGE('',*,*,#1971,.T.);
#700=ORIENTED_EDGE('',*,*,#1972,.T.);
#701=ORIENTED_EDGE('',*,*,#1973,.T.);
#702=ORIENTED_EDGE('',*,*,#1974,.T.);
#703=ORIENTED_EDGE('',*,*,#1975,.T.);
#704=ORIENTED_EDGE('',*,*,#1976,.T.);
#705=ORIENTED_EDGE('',*,*,#1977,.T.);
#706=ORIENTED_EDGE('',*,*,#1978,.T.);
#707=ORIENTED_EDGE('',*,*,#1979,.T.);
#708=ORIENTED_EDGE('',*,*,#1980,.T.);
#709=ORIENTED_EDGE('',*,*,#1981,.T.);
#710=ORIENTED_EDGE('',*,*,#1982,.T.);
#711=ORIENTED_EDGE('',*,*,#1983,.T.);
#712=ORIENTED_EDGE('',*,*,#1984,.T.);
#713=ORIENTED_EDGE('',*,*,#1985,.T.);
#714=ORIENTED_EDGE('',*,*,#1986,.T.);
#715=ORIENTED_EDGE('',*,*,#1987,.T.);
#716=ORIENTED_EDGE('',*,*,#1988,.T.);
#717=ORIENTED_EDGE('',*,*,#1989,.T.);
#718=ORIENTED_EDGE('',*,*,#1990,.T.);
#719=ORIENTED_EDGE('',*,*,#1991,.T.);
#720=ORIENTED_EDGE('',*,*,#1992,.T.);
#721=ORIENTED_EDGE('',*,*,#1993,.T.);
#722=ORIENTED_EDGE('',*,*,#1994,.T.);
#723=ORIENTED_EDGE('',*,*,#1995,.T.);
#724=ORIENTED_EDGE('',*,*,#1996,.T.);
#725=ORIENTED_EDGE('',*,*,#1997,.T.);
#726=ORIENTED_EDGE('',*,*,#1998,.T.);
#727=ORIENTED_EDGE('',*,*,#1999,.T.);
#728=ORIENTED_EDGE('',*,*,#2000,.T.);
#729=ORIENTED_EDGE('',*,*,#2001,.T.);
#730=ORIENTED_EDGE('',*,*,#2002,.T.);
#731=ORIENTED_EDGE('',*,*,#2003,.T.);
#732=ORIENTED_EDGE('',*,*,#2004,.T.);
#733=ORIENTED_EDGE('',*,*,#2005,.T.);
#734=ORIENTED_EDGE('',*,*,#2006,.T.);
#735=ORIENTED_EDGE('',*,*,#2007,.T.);
#736=ORIENTED_EDGE('',*,*,#2008,.T.);
#737=ORIENTED_EDGE('',*,*,#2009,.T.);
#738=ORIENTED_EDGE('',*,*,#2010,.T.);
#739=ORIENTED_EDGE('',*,*,#2011,.T.);
#740=ORIENTED_EDGE('',*,*,#2012,.T.);
#741=ORIENTED_EDGE('',*,*,#2013,.T.);
#742=ORIENTED_EDGE('',*,*,#2014,.T.);
#743=ORIENTED_EDGE('',*,*,#2015,.T.);
#744=ORIENTED_EDGE('',*,*,#2016,.T.);
#745=ORIENTED_EDGE('',*,*,#2017,.T.);
#746=ORIENTED_EDGE('',*,*,#2018,.T.);
#747=ORIENTED_EDGE('',*,*,#2019,.T.);
#748=ORIENTED_EDGE('',*,*,#2020,.T.);
#749=ORIENTED_EDGE('',*,*,#2021,.T.);
#750=ORIENTED_EDGE('',*,*,#2022,.T.);
#751=ORIENTED_EDGE('',*,*,#2023,.T.);
#752=ORIENTED_EDGE('',*,*,#2024,.T.);
#753=ORIENTED_EDGE('',*,*,#2025,.T.);
#754=ORIENTED_EDGE('',*,*,#2026,.T.);
#755=ORIENTED_EDGE('',*,*,#2027,.T.);
#756=ORIENTED_EDGE('',*,*,#2028,.T.);
#757=ORIENTED_EDGE('',*,*,#2029,.T.);
#758=ORIENTED_EDGE('',*,*,#2030,.T.);
#759=ORIENTED_EDGE('',*,*,#2031,.T.);
#760=ORIENTED_EDGE('',*,*,#2032,.T.);
#761=ORIENTED_EDGE('',*,*,#2033,.T.);
#762=ORIENTED_EDGE('',*,*,#2034,.T.);
#763=ORIENTED_EDGE('',*,*,#2035,.T.);
#764=ORIENTED_EDGE('',*,*,#2036,.T.);
#765=ORIENTED_EDGE('',*,*,#2037,.T.);
#766=ORIENTED_EDGE('',*,*,#2038,.T.);
#767=ORIENTED_EDGE('',*,*,#2039,.T.);
#768=ORIENTED_EDGE('',*,*,#2040,.T.);
#769=ORIENTED_EDGE('',*,*,#2041,.T.);
#770=ORIENTED_EDGE('',*,*,#2042,.T.);
#771=ORIENTED_EDGE('',*,*,#2043,.T.);
#772=ORIENTED_EDGE('',*,*,#2044,.T.);
#773=ORIENTED_EDGE('',*,*,#2045,.T.);
#774=ORIENTED_EDGE('',*,*,#2046,.T.);
#775=ORIENTED_EDGE('',*,*,#2047,.T.);
#776=ORIENTED_EDGE('',*,*,#2048,.T.);
#777=ORIENTED_EDGE('',*,*,#2049,.T.);
#778=ORIENTED_EDGE('',*,*,#2050,.T.);
#779=ORIENTED_EDGE('',*,*,#2051,.T.);
#780=ORIENTED_EDGE('',*,*,#2052,.T.);
#781=ORIENTED_EDGE('',*,*,#2053,.T.);
#782=ORIENTED_EDGE('',*,*,#2054,.T.);
#783=ORIENTED_EDGE('',*,*,#2055,.T.);
#784=ORIENTED_EDGE('',*,*,#1920,.F.);
#785=ORIENTED_EDGE('',*,*,#2056,.F.);
#786=ORIENTED_EDGE('',*,*,#1645,.T.);
#787=ORIENTED_EDGE('',*,*,#2057,.T.);
#788=ORIENTED_EDGE('',*,*,#1922,.T.);
#789=ORIENTED_EDGE('',*,*,#2058,.F.);
#790=ORIENTED_EDGE('',*,*,#1646,.F.);
#791=ORIENTED_EDGE('',*,*,#2056,.T.);
#792=ORIENTED_EDGE('',*,*,#1923,.T.);
#793=ORIENTED_EDGE('',*,*,#2059,.F.);
#794=ORIENTED_EDGE('',*,*,#1642,.F.);
#795=ORIENTED_EDGE('',*,*,#2060,.T.);
#796=ORIENTED_EDGE('',*,*,#1925,.T.);
#797=ORIENTED_EDGE('',*,*,#2061,.F.);
#798=ORIENTED_EDGE('',*,*,#1643,.F.);
#799=ORIENTED_EDGE('',*,*,#2059,.T.);
#800=ORIENTED_EDGE('',*,*,#1926,.F.);
#801=ORIENTED_EDGE('',*,*,#2062,.F.);
#802=ORIENTED_EDGE('',*,*,#1639,.T.);
#803=ORIENTED_EDGE('',*,*,#2063,.T.);
#804=ORIENTED_EDGE('',*,*,#1928,.T.);
#805=ORIENTED_EDGE('',*,*,#2064,.F.);
#806=ORIENTED_EDGE('',*,*,#1640,.F.);
#807=ORIENTED_EDGE('',*,*,#2062,.T.);
#808=ORIENTED_EDGE('',*,*,#1929,.F.);
#809=ORIENTED_EDGE('',*,*,#2065,.F.);
#810=ORIENTED_EDGE('',*,*,#1636,.T.);
#811=ORIENTED_EDGE('',*,*,#2066,.T.);
#812=ORIENTED_EDGE('',*,*,#1931,.F.);
#813=ORIENTED_EDGE('',*,*,#2067,.F.);
#814=ORIENTED_EDGE('',*,*,#1637,.T.);
#815=ORIENTED_EDGE('',*,*,#2065,.T.);
#816=ORIENTED_EDGE('',*,*,#1932,.F.);
#817=ORIENTED_EDGE('',*,*,#2068,.F.);
#818=ORIENTED_EDGE('',*,*,#1632,.T.);
#819=ORIENTED_EDGE('',*,*,#2069,.T.);
#820=ORIENTED_EDGE('',*,*,#1935,.T.);
#821=ORIENTED_EDGE('',*,*,#2070,.F.);
#822=ORIENTED_EDGE('',*,*,#1633,.F.);
#823=ORIENTED_EDGE('',*,*,#2068,.T.);
#824=ORIENTED_EDGE('',*,*,#1934,.T.);
#825=ORIENTED_EDGE('',*,*,#2071,.F.);
#826=ORIENTED_EDGE('',*,*,#1634,.F.);
#827=ORIENTED_EDGE('',*,*,#2070,.T.);
#828=ORIENTED_EDGE('',*,*,#1924,.F.);
#829=ORIENTED_EDGE('',*,*,#2060,.F.);
#830=ORIENTED_EDGE('',*,*,#1644,.T.);
#831=ORIENTED_EDGE('',*,*,#2061,.T.);
#832=ORIENTED_EDGE('',*,*,#1927,.T.);
#833=ORIENTED_EDGE('',*,*,#2063,.F.);
#834=ORIENTED_EDGE('',*,*,#1641,.F.);
#835=ORIENTED_EDGE('',*,*,#2064,.T.);
#836=ORIENTED_EDGE('',*,*,#1930,.T.);
#837=ORIENTED_EDGE('',*,*,#2066,.F.);
#838=ORIENTED_EDGE('',*,*,#1638,.F.);
#839=ORIENTED_EDGE('',*,*,#2067,.T.);
#840=ORIENTED_EDGE('',*,*,#1933,.F.);
#841=ORIENTED_EDGE('',*,*,#2069,.F.);
#842=ORIENTED_EDGE('',*,*,#1635,.T.);
#843=ORIENTED_EDGE('',*,*,#2071,.T.);
#844=ORIENTED_EDGE('',*,*,#1921,.F.);
#845=ORIENTED_EDGE('',*,*,#2057,.F.);
#846=ORIENTED_EDGE('',*,*,#1647,.T.);
#847=ORIENTED_EDGE('',*,*,#2058,.T.);
#848=ORIENTED_EDGE('',*,*,#2072,.T.);
#849=ORIENTED_EDGE('',*,*,#1651,.F.);
#850=ORIENTED_EDGE('',*,*,#2073,.F.);
#851=ORIENTED_EDGE('',*,*,#1956,.F.);
#852=ORIENTED_EDGE('',*,*,#2074,.T.);
#853=ORIENTED_EDGE('',*,*,#1652,.F.);
#854=ORIENTED_EDGE('',*,*,#2072,.F.);
#855=ORIENTED_EDGE('',*,*,#1955,.F.);
#856=ORIENTED_EDGE('',*,*,#2073,.T.);
#857=ORIENTED_EDGE('',*,*,#1650,.F.);
#858=ORIENTED_EDGE('',*,*,#2075,.F.);
#859=ORIENTED_EDGE('',*,*,#1957,.F.);
#860=ORIENTED_EDGE('',*,*,#2076,.T.);
#861=ORIENTED_EDGE('',*,*,#1653,.F.);
#862=ORIENTED_EDGE('',*,*,#2074,.F.);
#863=ORIENTED_EDGE('',*,*,#1954,.F.);
#864=ORIENTED_EDGE('',*,*,#2077,.T.);
#865=ORIENTED_EDGE('',*,*,#1654,.F.);
#866=ORIENTED_EDGE('',*,*,#2076,.F.);
#867=ORIENTED_EDGE('',*,*,#1953,.F.);
#868=ORIENTED_EDGE('',*,*,#2078,.T.);
#869=ORIENTED_EDGE('',*,*,#1655,.F.);
#870=ORIENTED_EDGE('',*,*,#2077,.F.);
#871=ORIENTED_EDGE('',*,*,#1952,.F.);
#872=ORIENTED_EDGE('',*,*,#2079,.T.);
#873=ORIENTED_EDGE('',*,*,#1656,.F.);
#874=ORIENTED_EDGE('',*,*,#2078,.F.);
#875=ORIENTED_EDGE('',*,*,#1951,.F.);
#876=ORIENTED_EDGE('',*,*,#2080,.T.);
#877=ORIENTED_EDGE('',*,*,#1657,.F.);
#878=ORIENTED_EDGE('',*,*,#2079,.F.);
#879=ORIENTED_EDGE('',*,*,#1950,.F.);
#880=ORIENTED_EDGE('',*,*,#2081,.T.);
#881=ORIENTED_EDGE('',*,*,#1658,.F.);
#882=ORIENTED_EDGE('',*,*,#2080,.F.);
#883=ORIENTED_EDGE('',*,*,#1949,.F.);
#884=ORIENTED_EDGE('',*,*,#2082,.T.);
#885=ORIENTED_EDGE('',*,*,#1659,.F.);
#886=ORIENTED_EDGE('',*,*,#2081,.F.);
#887=ORIENTED_EDGE('',*,*,#1948,.F.);
#888=ORIENTED_EDGE('',*,*,#2083,.T.);
#889=ORIENTED_EDGE('',*,*,#1660,.F.);
#890=ORIENTED_EDGE('',*,*,#2082,.F.);
#891=ORIENTED_EDGE('',*,*,#1947,.F.);
#892=ORIENTED_EDGE('',*,*,#2084,.T.);
#893=ORIENTED_EDGE('',*,*,#1661,.F.);
#894=ORIENTED_EDGE('',*,*,#2083,.F.);
#895=ORIENTED_EDGE('',*,*,#1946,.F.);
#896=ORIENTED_EDGE('',*,*,#2085,.T.);
#897=ORIENTED_EDGE('',*,*,#1662,.F.);
#898=ORIENTED_EDGE('',*,*,#2084,.F.);
#899=ORIENTED_EDGE('',*,*,#1945,.F.);
#900=ORIENTED_EDGE('',*,*,#2086,.T.);
#901=ORIENTED_EDGE('',*,*,#1663,.F.);
#902=ORIENTED_EDGE('',*,*,#2085,.F.);
#903=ORIENTED_EDGE('',*,*,#1944,.F.);
#904=ORIENTED_EDGE('',*,*,#2087,.T.);
#905=ORIENTED_EDGE('',*,*,#1664,.F.);
#906=ORIENTED_EDGE('',*,*,#2086,.F.);
#907=ORIENTED_EDGE('',*,*,#1943,.F.);
#908=ORIENTED_EDGE('',*,*,#2088,.T.);
#909=ORIENTED_EDGE('',*,*,#1665,.F.);
#910=ORIENTED_EDGE('',*,*,#2087,.F.);
#911=ORIENTED_EDGE('',*,*,#1942,.F.);
#912=ORIENTED_EDGE('',*,*,#2089,.T.);
#913=ORIENTED_EDGE('',*,*,#1666,.F.);
#914=ORIENTED_EDGE('',*,*,#2088,.F.);
#915=ORIENTED_EDGE('',*,*,#1941,.F.);
#916=ORIENTED_EDGE('',*,*,#2090,.T.);
#917=ORIENTED_EDGE('',*,*,#1667,.F.);
#918=ORIENTED_EDGE('',*,*,#2089,.F.);
#919=ORIENTED_EDGE('',*,*,#1940,.F.);
#920=ORIENTED_EDGE('',*,*,#2091,.T.);
#921=ORIENTED_EDGE('',*,*,#1668,.F.);
#922=ORIENTED_EDGE('',*,*,#2090,.F.);
#923=ORIENTED_EDGE('',*,*,#1939,.F.);
#924=ORIENTED_EDGE('',*,*,#2092,.T.);
#925=ORIENTED_EDGE('',*,*,#1669,.F.);
#926=ORIENTED_EDGE('',*,*,#2091,.F.);
#927=ORIENTED_EDGE('',*,*,#1938,.F.);
#928=ORIENTED_EDGE('',*,*,#2093,.T.);
#929=ORIENTED_EDGE('',*,*,#1648,.F.);
#930=ORIENTED_EDGE('',*,*,#2092,.F.);
#931=ORIENTED_EDGE('',*,*,#1937,.F.);
#932=ORIENTED_EDGE('',*,*,#2075,.T.);
#933=ORIENTED_EDGE('',*,*,#1649,.F.);
#934=ORIENTED_EDGE('',*,*,#2093,.F.);
#935=ORIENTED_EDGE('',*,*,#1936,.F.);
#936=ORIENTED_EDGE('',*,*,#2094,.T.);
#937=ORIENTED_EDGE('',*,*,#1673,.F.);
#938=ORIENTED_EDGE('',*,*,#2095,.F.);
#939=ORIENTED_EDGE('',*,*,#1918,.F.);
#940=ORIENTED_EDGE('',*,*,#2096,.T.);
#941=ORIENTED_EDGE('',*,*,#1670,.F.);
#942=ORIENTED_EDGE('',*,*,#2094,.F.);
#943=ORIENTED_EDGE('',*,*,#1917,.F.);
#944=ORIENTED_EDGE('',*,*,#2095,.T.);
#945=ORIENTED_EDGE('',*,*,#1672,.F.);
#946=ORIENTED_EDGE('',*,*,#2097,.F.);
#947=ORIENTED_EDGE('',*,*,#1919,.F.);
#948=ORIENTED_EDGE('',*,*,#2097,.T.);
#949=ORIENTED_EDGE('',*,*,#1671,.F.);
#950=ORIENTED_EDGE('',*,*,#2096,.F.);
#951=ORIENTED_EDGE('',*,*,#1916,.F.);
#952=ORIENTED_EDGE('',*,*,#2098,.T.);
#953=ORIENTED_EDGE('',*,*,#1677,.F.);
#954=ORIENTED_EDGE('',*,*,#2099,.F.);
#955=ORIENTED_EDGE('',*,*,#1960,.F.);
#956=ORIENTED_EDGE('',*,*,#2100,.T.);
#957=ORIENTED_EDGE('',*,*,#1674,.F.);
#958=ORIENTED_EDGE('',*,*,#2098,.F.);
#959=ORIENTED_EDGE('',*,*,#1959,.F.);
#960=ORIENTED_EDGE('',*,*,#2099,.T.);
#961=ORIENTED_EDGE('',*,*,#1676,.F.);
#962=ORIENTED_EDGE('',*,*,#2101,.F.);
#963=ORIENTED_EDGE('',*,*,#1961,.F.);
#964=ORIENTED_EDGE('',*,*,#2101,.T.);
#965=ORIENTED_EDGE('',*,*,#1675,.F.);
#966=ORIENTED_EDGE('',*,*,#2100,.F.);
#967=ORIENTED_EDGE('',*,*,#1958,.F.);
#968=ORIENTED_EDGE('',*,*,#2102,.T.);
#969=ORIENTED_EDGE('',*,*,#1681,.F.);
#970=ORIENTED_EDGE('',*,*,#2103,.F.);
#971=ORIENTED_EDGE('',*,*,#1914,.F.);
#972=ORIENTED_EDGE('',*,*,#2104,.T.);
#973=ORIENTED_EDGE('',*,*,#1682,.F.);
#974=ORIENTED_EDGE('',*,*,#2102,.F.);
#975=ORIENTED_EDGE('',*,*,#1913,.F.);
#976=ORIENTED_EDGE('',*,*,#2103,.T.);
#977=ORIENTED_EDGE('',*,*,#1680,.F.);
#978=ORIENTED_EDGE('',*,*,#2105,.F.);
#979=ORIENTED_EDGE('',*,*,#1915,.F.);
#980=ORIENTED_EDGE('',*,*,#2106,.T.);
#981=ORIENTED_EDGE('',*,*,#1683,.F.);
#982=ORIENTED_EDGE('',*,*,#2104,.F.);
#983=ORIENTED_EDGE('',*,*,#1912,.F.);
#984=ORIENTED_EDGE('',*,*,#2107,.T.);
#985=ORIENTED_EDGE('',*,*,#1684,.F.);
#986=ORIENTED_EDGE('',*,*,#2106,.F.);
#987=ORIENTED_EDGE('',*,*,#1911,.F.);
#988=ORIENTED_EDGE('',*,*,#2108,.T.);
#989=ORIENTED_EDGE('',*,*,#1678,.F.);
#990=ORIENTED_EDGE('',*,*,#2107,.F.);
#991=ORIENTED_EDGE('',*,*,#1910,.F.);
#992=ORIENTED_EDGE('',*,*,#2105,.T.);
#993=ORIENTED_EDGE('',*,*,#1679,.F.);
#994=ORIENTED_EDGE('',*,*,#2108,.F.);
#995=ORIENTED_EDGE('',*,*,#1909,.F.);
#996=ORIENTED_EDGE('',*,*,#2109,.T.);
#997=ORIENTED_EDGE('',*,*,#1688,.F.);
#998=ORIENTED_EDGE('',*,*,#2110,.F.);
#999=ORIENTED_EDGE('',*,*,#1978,.F.);
#1000=ORIENTED_EDGE('',*,*,#2111,.T.);
#1001=ORIENTED_EDGE('',*,*,#1689,.F.);
#1002=ORIENTED_EDGE('',*,*,#2109,.F.);
#1003=ORIENTED_EDGE('',*,*,#1977,.F.);
#1004=ORIENTED_EDGE('',*,*,#2110,.T.);
#1005=ORIENTED_EDGE('',*,*,#1687,.F.);
#1006=ORIENTED_EDGE('',*,*,#2112,.F.);
#1007=ORIENTED_EDGE('',*,*,#1979,.F.);
#1008=ORIENTED_EDGE('',*,*,#2113,.T.);
#1009=ORIENTED_EDGE('',*,*,#1690,.F.);
#1010=ORIENTED_EDGE('',*,*,#2111,.F.);
#1011=ORIENTED_EDGE('',*,*,#1976,.F.);
#1012=ORIENTED_EDGE('',*,*,#2114,.T.);
#1013=ORIENTED_EDGE('',*,*,#1691,.F.);
#1014=ORIENTED_EDGE('',*,*,#2113,.F.);
#1015=ORIENTED_EDGE('',*,*,#1975,.F.);
#1016=ORIENTED_EDGE('',*,*,#2115,.T.);
#1017=ORIENTED_EDGE('',*,*,#1692,.F.);
#1018=ORIENTED_EDGE('',*,*,#2114,.F.);
#1019=ORIENTED_EDGE('',*,*,#1974,.F.);
#1020=ORIENTED_EDGE('',*,*,#2116,.T.);
#1021=ORIENTED_EDGE('',*,*,#1693,.F.);
#1022=ORIENTED_EDGE('',*,*,#2115,.F.);
#1023=ORIENTED_EDGE('',*,*,#1973,.F.);
#1024=ORIENTED_EDGE('',*,*,#2117,.T.);
#1025=ORIENTED_EDGE('',*,*,#1694,.F.);
#1026=ORIENTED_EDGE('',*,*,#2116,.F.);
#1027=ORIENTED_EDGE('',*,*,#1972,.F.);
#1028=ORIENTED_EDGE('',*,*,#2118,.T.);
#1029=ORIENTED_EDGE('',*,*,#1695,.F.);
#1030=ORIENTED_EDGE('',*,*,#2117,.F.);
#1031=ORIENTED_EDGE('',*,*,#1971,.F.);
#1032=ORIENTED_EDGE('',*,*,#2119,.T.);
#1033=ORIENTED_EDGE('',*,*,#1696,.F.);
#1034=ORIENTED_EDGE('',*,*,#2118,.F.);
#1035=ORIENTED_EDGE('',*,*,#1970,.F.);
#1036=ORIENTED_EDGE('',*,*,#2120,.T.);
#1037=ORIENTED_EDGE('',*,*,#1697,.F.);
#1038=ORIENTED_EDGE('',*,*,#2119,.F.);
#1039=ORIENTED_EDGE('',*,*,#1969,.F.);
#1040=ORIENTED_EDGE('',*,*,#2121,.T.);
#1041=ORIENTED_EDGE('',*,*,#1698,.F.);
#1042=ORIENTED_EDGE('',*,*,#2120,.F.);
#1043=ORIENTED_EDGE('',*,*,#1968,.F.);
#1044=ORIENTED_EDGE('',*,*,#2122,.T.);
#1045=ORIENTED_EDGE('',*,*,#1699,.F.);
#1046=ORIENTED_EDGE('',*,*,#2121,.F.);
#1047=ORIENTED_EDGE('',*,*,#1967,.F.);
#1048=ORIENTED_EDGE('',*,*,#2123,.T.);
#1049=ORIENTED_EDGE('',*,*,#1700,.F.);
#1050=ORIENTED_EDGE('',*,*,#2122,.F.);
#1051=ORIENTED_EDGE('',*,*,#1966,.F.);
#1052=ORIENTED_EDGE('',*,*,#2124,.T.);
#1053=ORIENTED_EDGE('',*,*,#1701,.F.);
#1054=ORIENTED_EDGE('',*,*,#2123,.F.);
#1055=ORIENTED_EDGE('',*,*,#1965,.F.);
#1056=ORIENTED_EDGE('',*,*,#2125,.T.);
#1057=ORIENTED_EDGE('',*,*,#1702,.F.);
#1058=ORIENTED_EDGE('',*,*,#2124,.F.);
#1059=ORIENTED_EDGE('',*,*,#1964,.F.);
#1060=ORIENTED_EDGE('',*,*,#2126,.T.);
#1061=ORIENTED_EDGE('',*,*,#1685,.F.);
#1062=ORIENTED_EDGE('',*,*,#2125,.F.);
#1063=ORIENTED_EDGE('',*,*,#1963,.F.);
#1064=ORIENTED_EDGE('',*,*,#2112,.T.);
#1065=ORIENTED_EDGE('',*,*,#1686,.F.);
#1066=ORIENTED_EDGE('',*,*,#2126,.F.);
#1067=ORIENTED_EDGE('',*,*,#1962,.F.);
#1068=ORIENTED_EDGE('',*,*,#2127,.T.);
#1069=ORIENTED_EDGE('',*,*,#1706,.F.);
#1070=ORIENTED_EDGE('',*,*,#2128,.F.);
#1071=ORIENTED_EDGE('',*,*,#1907,.F.);
#1072=ORIENTED_EDGE('',*,*,#2129,.T.);
#1073=ORIENTED_EDGE('',*,*,#1707,.F.);
#1074=ORIENTED_EDGE('',*,*,#2127,.F.);
#1075=ORIENTED_EDGE('',*,*,#1906,.F.);
#1076=ORIENTED_EDGE('',*,*,#2128,.T.);
#1077=ORIENTED_EDGE('',*,*,#1705,.F.);
#1078=ORIENTED_EDGE('',*,*,#2130,.F.);
#1079=ORIENTED_EDGE('',*,*,#1908,.F.);
#1080=ORIENTED_EDGE('',*,*,#2131,.T.);
#1081=ORIENTED_EDGE('',*,*,#1708,.F.);
#1082=ORIENTED_EDGE('',*,*,#2129,.F.);
#1083=ORIENTED_EDGE('',*,*,#1905,.F.);
#1084=ORIENTED_EDGE('',*,*,#2132,.T.);
#1085=ORIENTED_EDGE('',*,*,#1709,.F.);
#1086=ORIENTED_EDGE('',*,*,#2131,.F.);
#1087=ORIENTED_EDGE('',*,*,#1904,.F.);
#1088=ORIENTED_EDGE('',*,*,#2133,.T.);
#1089=ORIENTED_EDGE('',*,*,#1710,.F.);
#1090=ORIENTED_EDGE('',*,*,#2132,.F.);
#1091=ORIENTED_EDGE('',*,*,#1903,.F.);
#1092=ORIENTED_EDGE('',*,*,#2134,.T.);
#1093=ORIENTED_EDGE('',*,*,#1711,.F.);
#1094=ORIENTED_EDGE('',*,*,#2133,.F.);
#1095=ORIENTED_EDGE('',*,*,#1902,.F.);
#1096=ORIENTED_EDGE('',*,*,#2135,.T.);
#1097=ORIENTED_EDGE('',*,*,#1712,.F.);
#1098=ORIENTED_EDGE('',*,*,#2134,.F.);
#1099=ORIENTED_EDGE('',*,*,#1901,.F.);
#1100=ORIENTED_EDGE('',*,*,#2136,.T.);
#1101=ORIENTED_EDGE('',*,*,#1713,.F.);
#1102=ORIENTED_EDGE('',*,*,#2135,.F.);
#1103=ORIENTED_EDGE('',*,*,#1900,.F.);
#1104=ORIENTED_EDGE('',*,*,#2137,.T.);
#1105=ORIENTED_EDGE('',*,*,#1714,.F.);
#1106=ORIENTED_EDGE('',*,*,#2136,.F.);
#1107=ORIENTED_EDGE('',*,*,#1899,.F.);
#1108=ORIENTED_EDGE('',*,*,#2138,.T.);
#1109=ORIENTED_EDGE('',*,*,#1715,.F.);
#1110=ORIENTED_EDGE('',*,*,#2137,.F.);
#1111=ORIENTED_EDGE('',*,*,#1898,.F.);
#1112=ORIENTED_EDGE('',*,*,#2139,.T.);
#1113=ORIENTED_EDGE('',*,*,#1716,.F.);
#1114=ORIENTED_EDGE('',*,*,#2138,.F.);
#1115=ORIENTED_EDGE('',*,*,#1897,.F.);
#1116=ORIENTED_EDGE('',*,*,#2140,.T.);
#1117=ORIENTED_EDGE('',*,*,#1717,.F.);
#1118=ORIENTED_EDGE('',*,*,#2139,.F.);
#1119=ORIENTED_EDGE('',*,*,#1896,.F.);
#1120=ORIENTED_EDGE('',*,*,#2141,.T.);
#1121=ORIENTED_EDGE('',*,*,#1703,.F.);
#1122=ORIENTED_EDGE('',*,*,#2140,.F.);
#1123=ORIENTED_EDGE('',*,*,#1895,.F.);
#1124=ORIENTED_EDGE('',*,*,#2130,.T.);
#1125=ORIENTED_EDGE('',*,*,#1704,.F.);
#1126=ORIENTED_EDGE('',*,*,#2141,.F.);
#1127=ORIENTED_EDGE('',*,*,#1894,.F.);
#1128=ORIENTED_EDGE('',*,*,#2142,.T.);
#1129=ORIENTED_EDGE('',*,*,#1721,.F.);
#1130=ORIENTED_EDGE('',*,*,#2143,.F.);
#1131=ORIENTED_EDGE('',*,*,#1996,.F.);
#1132=ORIENTED_EDGE('',*,*,#2144,.T.);
#1133=ORIENTED_EDGE('',*,*,#1722,.F.);
#1134=ORIENTED_EDGE('',*,*,#2142,.F.);
#1135=ORIENTED_EDGE('',*,*,#1995,.F.);
#1136=ORIENTED_EDGE('',*,*,#2143,.T.);
#1137=ORIENTED_EDGE('',*,*,#1720,.F.);
#1138=ORIENTED_EDGE('',*,*,#2145,.F.);
#1139=ORIENTED_EDGE('',*,*,#1997,.F.);
#1140=ORIENTED_EDGE('',*,*,#2146,.T.);
#1141=ORIENTED_EDGE('',*,*,#1723,.F.);
#1142=ORIENTED_EDGE('',*,*,#2144,.F.);
#1143=ORIENTED_EDGE('',*,*,#1994,.F.);
#1144=ORIENTED_EDGE('',*,*,#2147,.T.);
#1145=ORIENTED_EDGE('',*,*,#1724,.F.);
#1146=ORIENTED_EDGE('',*,*,#2146,.F.);
#1147=ORIENTED_EDGE('',*,*,#1993,.F.);
#1148=ORIENTED_EDGE('',*,*,#2148,.T.);
#1149=ORIENTED_EDGE('',*,*,#1725,.F.);
#1150=ORIENTED_EDGE('',*,*,#2147,.F.);
#1151=ORIENTED_EDGE('',*,*,#1992,.F.);
#1152=ORIENTED_EDGE('',*,*,#2149,.T.);
#1153=ORIENTED_EDGE('',*,*,#1726,.F.);
#1154=ORIENTED_EDGE('',*,*,#2148,.F.);
#1155=ORIENTED_EDGE('',*,*,#1991,.F.);
#1156=ORIENTED_EDGE('',*,*,#2150,.T.);
#1157=ORIENTED_EDGE('',*,*,#1727,.F.);
#1158=ORIENTED_EDGE('',*,*,#2149,.F.);
#1159=ORIENTED_EDGE('',*,*,#1990,.F.);
#1160=ORIENTED_EDGE('',*,*,#2151,.T.);
#1161=ORIENTED_EDGE('',*,*,#1728,.F.);
#1162=ORIENTED_EDGE('',*,*,#2150,.F.);
#1163=ORIENTED_EDGE('',*,*,#1989,.F.);
#1164=ORIENTED_EDGE('',*,*,#2152,.T.);
#1165=ORIENTED_EDGE('',*,*,#1729,.F.);
#1166=ORIENTED_EDGE('',*,*,#2151,.F.);
#1167=ORIENTED_EDGE('',*,*,#1988,.F.);
#1168=ORIENTED_EDGE('',*,*,#2153,.T.);
#1169=ORIENTED_EDGE('',*,*,#1730,.F.);
#1170=ORIENTED_EDGE('',*,*,#2152,.F.);
#1171=ORIENTED_EDGE('',*,*,#1987,.F.);
#1172=ORIENTED_EDGE('',*,*,#2154,.T.);
#1173=ORIENTED_EDGE('',*,*,#1731,.F.);
#1174=ORIENTED_EDGE('',*,*,#2153,.F.);
#1175=ORIENTED_EDGE('',*,*,#1986,.F.);
#1176=ORIENTED_EDGE('',*,*,#2155,.T.);
#1177=ORIENTED_EDGE('',*,*,#1732,.F.);
#1178=ORIENTED_EDGE('',*,*,#2154,.F.);
#1179=ORIENTED_EDGE('',*,*,#1985,.F.);
#1180=ORIENTED_EDGE('',*,*,#2156,.T.);
#1181=ORIENTED_EDGE('',*,*,#1733,.F.);
#1182=ORIENTED_EDGE('',*,*,#2155,.F.);
#1183=ORIENTED_EDGE('',*,*,#1984,.F.);
#1184=ORIENTED_EDGE('',*,*,#2157,.T.);
#1185=ORIENTED_EDGE('',*,*,#1734,.F.);
#1186=ORIENTED_EDGE('',*,*,#2156,.F.);
#1187=ORIENTED_EDGE('',*,*,#1983,.F.);
#1188=ORIENTED_EDGE('',*,*,#2158,.T.);
#1189=ORIENTED_EDGE('',*,*,#1735,.F.);
#1190=ORIENTED_EDGE('',*,*,#2157,.F.);
#1191=ORIENTED_EDGE('',*,*,#1982,.F.);
#1192=ORIENTED_EDGE('',*,*,#2159,.T.);
#1193=ORIENTED_EDGE('',*,*,#1718,.F.);
#1194=ORIENTED_EDGE('',*,*,#2158,.F.);
#1195=ORIENTED_EDGE('',*,*,#1981,.F.);
#1196=ORIENTED_EDGE('',*,*,#2145,.T.);
#1197=ORIENTED_EDGE('',*,*,#1719,.F.);
#1198=ORIENTED_EDGE('',*,*,#2159,.F.);
#1199=ORIENTED_EDGE('',*,*,#1980,.F.);
#1200=ORIENTED_EDGE('',*,*,#2160,.T.);
#1201=ORIENTED_EDGE('',*,*,#1739,.F.);
#1202=ORIENTED_EDGE('',*,*,#2161,.F.);
#1203=ORIENTED_EDGE('',*,*,#1892,.F.);
#1204=ORIENTED_EDGE('',*,*,#2162,.T.);
#1205=ORIENTED_EDGE('',*,*,#1740,.F.);
#1206=ORIENTED_EDGE('',*,*,#2160,.F.);
#1207=ORIENTED_EDGE('',*,*,#1891,.F.);
#1208=ORIENTED_EDGE('',*,*,#2161,.T.);
#1209=ORIENTED_EDGE('',*,*,#1738,.F.);
#1210=ORIENTED_EDGE('',*,*,#2163,.F.);
#1211=ORIENTED_EDGE('',*,*,#1893,.F.);
#1212=ORIENTED_EDGE('',*,*,#2164,.T.);
#1213=ORIENTED_EDGE('',*,*,#1741,.F.);
#1214=ORIENTED_EDGE('',*,*,#2162,.F.);
#1215=ORIENTED_EDGE('',*,*,#1890,.F.);
#1216=ORIENTED_EDGE('',*,*,#2165,.T.);
#1217=ORIENTED_EDGE('',*,*,#1742,.F.);
#1218=ORIENTED_EDGE('',*,*,#2164,.F.);
#1219=ORIENTED_EDGE('',*,*,#1889,.F.);
#1220=ORIENTED_EDGE('',*,*,#2166,.T.);
#1221=ORIENTED_EDGE('',*,*,#1743,.F.);
#1222=ORIENTED_EDGE('',*,*,#2165,.F.);
#1223=ORIENTED_EDGE('',*,*,#1888,.F.);
#1224=ORIENTED_EDGE('',*,*,#2167,.T.);
#1225=ORIENTED_EDGE('',*,*,#1736,.F.);
#1226=ORIENTED_EDGE('',*,*,#2166,.F.);
#1227=ORIENTED_EDGE('',*,*,#1887,.F.);
#1228=ORIENTED_EDGE('',*,*,#2163,.T.);
#1229=ORIENTED_EDGE('',*,*,#1737,.F.);
#1230=ORIENTED_EDGE('',*,*,#2167,.F.);
#1231=ORIENTED_EDGE('',*,*,#1886,.F.);
#1232=ORIENTED_EDGE('',*,*,#2168,.T.);
#1233=ORIENTED_EDGE('',*,*,#1747,.F.);
#1234=ORIENTED_EDGE('',*,*,#2169,.F.);
#1235=ORIENTED_EDGE('',*,*,#2010,.F.);
#1236=ORIENTED_EDGE('',*,*,#2170,.T.);
#1237=ORIENTED_EDGE('',*,*,#1748,.F.);
#1238=ORIENTED_EDGE('',*,*,#2168,.F.);
#1239=ORIENTED_EDGE('',*,*,#2009,.F.);
#1240=ORIENTED_EDGE('',*,*,#2169,.T.);
#1241=ORIENTED_EDGE('',*,*,#1746,.F.);
#1242=ORIENTED_EDGE('',*,*,#2171,.F.);
#1243=ORIENTED_EDGE('',*,*,#2011,.F.);
#1244=ORIENTED_EDGE('',*,*,#2172,.T.);
#1245=ORIENTED_EDGE('',*,*,#1749,.F.);
#1246=ORIENTED_EDGE('',*,*,#2170,.F.);
#1247=ORIENTED_EDGE('',*,*,#2008,.F.);
#1248=ORIENTED_EDGE('',*,*,#2173,.T.);
#1249=ORIENTED_EDGE('',*,*,#1750,.F.);
#1250=ORIENTED_EDGE('',*,*,#2172,.F.);
#1251=ORIENTED_EDGE('',*,*,#2007,.F.);
#1252=ORIENTED_EDGE('',*,*,#2174,.T.);
#1253=ORIENTED_EDGE('',*,*,#1751,.F.);
#1254=ORIENTED_EDGE('',*,*,#2173,.F.);
#1255=ORIENTED_EDGE('',*,*,#2006,.F.);
#1256=ORIENTED_EDGE('',*,*,#2175,.T.);
#1257=ORIENTED_EDGE('',*,*,#1752,.F.);
#1258=ORIENTED_EDGE('',*,*,#2174,.F.);
#1259=ORIENTED_EDGE('',*,*,#2005,.F.);
#1260=ORIENTED_EDGE('',*,*,#2176,.T.);
#1261=ORIENTED_EDGE('',*,*,#1753,.F.);
#1262=ORIENTED_EDGE('',*,*,#2175,.F.);
#1263=ORIENTED_EDGE('',*,*,#2004,.F.);
#1264=ORIENTED_EDGE('',*,*,#2177,.T.);
#1265=ORIENTED_EDGE('',*,*,#1754,.F.);
#1266=ORIENTED_EDGE('',*,*,#2176,.F.);
#1267=ORIENTED_EDGE('',*,*,#2003,.F.);
#1268=ORIENTED_EDGE('',*,*,#2178,.T.);
#1269=ORIENTED_EDGE('',*,*,#1755,.F.);
#1270=ORIENTED_EDGE('',*,*,#2177,.F.);
#1271=ORIENTED_EDGE('',*,*,#2002,.F.);
#1272=ORIENTED_EDGE('',*,*,#2179,.T.);
#1273=ORIENTED_EDGE('',*,*,#1756,.F.);
#1274=ORIENTED_EDGE('',*,*,#2178,.F.);
#1275=ORIENTED_EDGE('',*,*,#2001,.F.);
#1276=ORIENTED_EDGE('',*,*,#2180,.T.);
#1277=ORIENTED_EDGE('',*,*,#1757,.F.);
#1278=ORIENTED_EDGE('',*,*,#2179,.F.);
#1279=ORIENTED_EDGE('',*,*,#2000,.F.);
#1280=ORIENTED_EDGE('',*,*,#2181,.T.);
#1281=ORIENTED_EDGE('',*,*,#1744,.F.);
#1282=ORIENTED_EDGE('',*,*,#2180,.F.);
#1283=ORIENTED_EDGE('',*,*,#1999,.F.);
#1284=ORIENTED_EDGE('',*,*,#2171,.T.);
#1285=ORIENTED_EDGE('',*,*,#1745,.F.);
#1286=ORIENTED_EDGE('',*,*,#2181,.F.);
#1287=ORIENTED_EDGE('',*,*,#1998,.F.);
#1288=ORIENTED_EDGE('',*,*,#2182,.T.);
#1289=ORIENTED_EDGE('',*,*,#1761,.F.);
#1290=ORIENTED_EDGE('',*,*,#2183,.F.);
#1291=ORIENTED_EDGE('',*,*,#1884,.F.);
#1292=ORIENTED_EDGE('',*,*,#2184,.T.);
#1293=ORIENTED_EDGE('',*,*,#1762,.F.);
#1294=ORIENTED_EDGE('',*,*,#2182,.F.);
#1295=ORIENTED_EDGE('',*,*,#1883,.F.);
#1296=ORIENTED_EDGE('',*,*,#2183,.T.);
#1297=ORIENTED_EDGE('',*,*,#1760,.F.);
#1298=ORIENTED_EDGE('',*,*,#2185,.F.);
#1299=ORIENTED_EDGE('',*,*,#1885,.F.);
#1300=ORIENTED_EDGE('',*,*,#2186,.T.);
#1301=ORIENTED_EDGE('',*,*,#1763,.F.);
#1302=ORIENTED_EDGE('',*,*,#2184,.F.);
#1303=ORIENTED_EDGE('',*,*,#1882,.F.);
#1304=ORIENTED_EDGE('',*,*,#2187,.T.);
#1305=ORIENTED_EDGE('',*,*,#1764,.F.);
#1306=ORIENTED_EDGE('',*,*,#2186,.F.);
#1307=ORIENTED_EDGE('',*,*,#1881,.F.);
#1308=ORIENTED_EDGE('',*,*,#2188,.T.);
#1309=ORIENTED_EDGE('',*,*,#1765,.F.);
#1310=ORIENTED_EDGE('',*,*,#2187,.F.);
#1311=ORIENTED_EDGE('',*,*,#1880,.F.);
#1312=ORIENTED_EDGE('',*,*,#2189,.T.);
#1313=ORIENTED_EDGE('',*,*,#1766,.F.);
#1314=ORIENTED_EDGE('',*,*,#2188,.F.);
#1315=ORIENTED_EDGE('',*,*,#1879,.F.);
#1316=ORIENTED_EDGE('',*,*,#2190,.T.);
#1317=ORIENTED_EDGE('',*,*,#1767,.F.);
#1318=ORIENTED_EDGE('',*,*,#2189,.F.);
#1319=ORIENTED_EDGE('',*,*,#1878,.F.);
#1320=ORIENTED_EDGE('',*,*,#2191,.T.);
#1321=ORIENTED_EDGE('',*,*,#1768,.F.);
#1322=ORIENTED_EDGE('',*,*,#2190,.F.);
#1323=ORIENTED_EDGE('',*,*,#1877,.F.);
#1324=ORIENTED_EDGE('',*,*,#2192,.T.);
#1325=ORIENTED_EDGE('',*,*,#1758,.F.);
#1326=ORIENTED_EDGE('',*,*,#2191,.F.);
#1327=ORIENTED_EDGE('',*,*,#1876,.F.);
#1328=ORIENTED_EDGE('',*,*,#2185,.T.);
#1329=ORIENTED_EDGE('',*,*,#1759,.F.);
#1330=ORIENTED_EDGE('',*,*,#2192,.F.);
#1331=ORIENTED_EDGE('',*,*,#1875,.F.);
#1332=ORIENTED_EDGE('',*,*,#2193,.T.);
#1333=ORIENTED_EDGE('',*,*,#1772,.F.);
#1334=ORIENTED_EDGE('',*,*,#2194,.F.);
#1335=ORIENTED_EDGE('',*,*,#2016,.F.);
#1336=ORIENTED_EDGE('',*,*,#2195,.T.);
#1337=ORIENTED_EDGE('',*,*,#1773,.F.);
#1338=ORIENTED_EDGE('',*,*,#2193,.F.);
#1339=ORIENTED_EDGE('',*,*,#2015,.F.);
#1340=ORIENTED_EDGE('',*,*,#2194,.T.);
#1341=ORIENTED_EDGE('',*,*,#1771,.F.);
#1342=ORIENTED_EDGE('',*,*,#2196,.F.);
#1343=ORIENTED_EDGE('',*,*,#2017,.F.);
#1344=ORIENTED_EDGE('',*,*,#2197,.T.);
#1345=ORIENTED_EDGE('',*,*,#1774,.F.);
#1346=ORIENTED_EDGE('',*,*,#2195,.F.);
#1347=ORIENTED_EDGE('',*,*,#2014,.F.);
#1348=ORIENTED_EDGE('',*,*,#2198,.T.);
#1349=ORIENTED_EDGE('',*,*,#1769,.F.);
#1350=ORIENTED_EDGE('',*,*,#2197,.F.);
#1351=ORIENTED_EDGE('',*,*,#2013,.F.);
#1352=ORIENTED_EDGE('',*,*,#2196,.T.);
#1353=ORIENTED_EDGE('',*,*,#1770,.F.);
#1354=ORIENTED_EDGE('',*,*,#2198,.F.);
#1355=ORIENTED_EDGE('',*,*,#2012,.F.);
#1356=ORIENTED_EDGE('',*,*,#2199,.T.);
#1357=ORIENTED_EDGE('',*,*,#1778,.F.);
#1358=ORIENTED_EDGE('',*,*,#2200,.F.);
#1359=ORIENTED_EDGE('',*,*,#1873,.F.);
#1360=ORIENTED_EDGE('',*,*,#2201,.T.);
#1361=ORIENTED_EDGE('',*,*,#1775,.F.);
#1362=ORIENTED_EDGE('',*,*,#2199,.F.);
#1363=ORIENTED_EDGE('',*,*,#1872,.F.);
#1364=ORIENTED_EDGE('',*,*,#2200,.T.);
#1365=ORIENTED_EDGE('',*,*,#1777,.F.);
#1366=ORIENTED_EDGE('',*,*,#2202,.F.);
#1367=ORIENTED_EDGE('',*,*,#1874,.F.);
#1368=ORIENTED_EDGE('',*,*,#2202,.T.);
#1369=ORIENTED_EDGE('',*,*,#1776,.F.);
#1370=ORIENTED_EDGE('',*,*,#2201,.F.);
#1371=ORIENTED_EDGE('',*,*,#1871,.F.);
#1372=ORIENTED_EDGE('',*,*,#2203,.T.);
#1373=ORIENTED_EDGE('',*,*,#1782,.F.);
#1374=ORIENTED_EDGE('',*,*,#2204,.F.);
#1375=ORIENTED_EDGE('',*,*,#2034,.F.);
#1376=ORIENTED_EDGE('',*,*,#2205,.T.);
#1377=ORIENTED_EDGE('',*,*,#1783,.F.);
#1378=ORIENTED_EDGE('',*,*,#2203,.F.);
#1379=ORIENTED_EDGE('',*,*,#2033,.F.);
#1380=ORIENTED_EDGE('',*,*,#2204,.T.);
#1381=ORIENTED_EDGE('',*,*,#1781,.F.);
#1382=ORIENTED_EDGE('',*,*,#2206,.F.);
#1383=ORIENTED_EDGE('',*,*,#2035,.F.);
#1384=ORIENTED_EDGE('',*,*,#2207,.T.);
#1385=ORIENTED_EDGE('',*,*,#1784,.F.);
#1386=ORIENTED_EDGE('',*,*,#2205,.F.);
#1387=ORIENTED_EDGE('',*,*,#2032,.F.);
#1388=ORIENTED_EDGE('',*,*,#2208,.T.);
#1389=ORIENTED_EDGE('',*,*,#1785,.F.);
#1390=ORIENTED_EDGE('',*,*,#2207,.F.);
#1391=ORIENTED_EDGE('',*,*,#2031,.F.);
#1392=ORIENTED_EDGE('',*,*,#2209,.T.);
#1393=ORIENTED_EDGE('',*,*,#1786,.F.);
#1394=ORIENTED_EDGE('',*,*,#2208,.F.);
#1395=ORIENTED_EDGE('',*,*,#2030,.F.);
#1396=ORIENTED_EDGE('',*,*,#2210,.T.);
#1397=ORIENTED_EDGE('',*,*,#1787,.F.);
#1398=ORIENTED_EDGE('',*,*,#2209,.F.);
#1399=ORIENTED_EDGE('',*,*,#2029,.F.);
#1400=ORIENTED_EDGE('',*,*,#2211,.T.);
#1401=ORIENTED_EDGE('',*,*,#1788,.F.);
#1402=ORIENTED_EDGE('',*,*,#2210,.F.);
#1403=ORIENTED_EDGE('',*,*,#2028,.F.);
#1404=ORIENTED_EDGE('',*,*,#2212,.T.);
#1405=ORIENTED_EDGE('',*,*,#1789,.F.);
#1406=ORIENTED_EDGE('',*,*,#2211,.F.);
#1407=ORIENTED_EDGE('',*,*,#2027,.F.);
#1408=ORIENTED_EDGE('',*,*,#2213,.T.);
#1409=ORIENTED_EDGE('',*,*,#1790,.F.);
#1410=ORIENTED_EDGE('',*,*,#2212,.F.);
#1411=ORIENTED_EDGE('',*,*,#2026,.F.);
#1412=ORIENTED_EDGE('',*,*,#2214,.T.);
#1413=ORIENTED_EDGE('',*,*,#1791,.F.);
#1414=ORIENTED_EDGE('',*,*,#2213,.F.);
#1415=ORIENTED_EDGE('',*,*,#2025,.F.);
#1416=ORIENTED_EDGE('',*,*,#2215,.T.);
#1417=ORIENTED_EDGE('',*,*,#1792,.F.);
#1418=ORIENTED_EDGE('',*,*,#2214,.F.);
#1419=ORIENTED_EDGE('',*,*,#2024,.F.);
#1420=ORIENTED_EDGE('',*,*,#2216,.T.);
#1421=ORIENTED_EDGE('',*,*,#1793,.F.);
#1422=ORIENTED_EDGE('',*,*,#2215,.F.);
#1423=ORIENTED_EDGE('',*,*,#2023,.F.);
#1424=ORIENTED_EDGE('',*,*,#2217,.T.);
#1425=ORIENTED_EDGE('',*,*,#1794,.F.);
#1426=ORIENTED_EDGE('',*,*,#2216,.F.);
#1427=ORIENTED_EDGE('',*,*,#2022,.F.);
#1428=ORIENTED_EDGE('',*,*,#2218,.T.);
#1429=ORIENTED_EDGE('',*,*,#1795,.F.);
#1430=ORIENTED_EDGE('',*,*,#2217,.F.);
#1431=ORIENTED_EDGE('',*,*,#2021,.F.);
#1432=ORIENTED_EDGE('',*,*,#2219,.T.);
#1433=ORIENTED_EDGE('',*,*,#1796,.F.);
#1434=ORIENTED_EDGE('',*,*,#2218,.F.);
#1435=ORIENTED_EDGE('',*,*,#2020,.F.);
#1436=ORIENTED_EDGE('',*,*,#2220,.T.);
#1437=ORIENTED_EDGE('',*,*,#1779,.F.);
#1438=ORIENTED_EDGE('',*,*,#2219,.F.);
#1439=ORIENTED_EDGE('',*,*,#2019,.F.);
#1440=ORIENTED_EDGE('',*,*,#2206,.T.);
#1441=ORIENTED_EDGE('',*,*,#1780,.F.);
#1442=ORIENTED_EDGE('',*,*,#2220,.F.);
#1443=ORIENTED_EDGE('',*,*,#2018,.F.);
#1444=ORIENTED_EDGE('',*,*,#2221,.T.);
#1445=ORIENTED_EDGE('',*,*,#1800,.F.);
#1446=ORIENTED_EDGE('',*,*,#2222,.F.);
#1447=ORIENTED_EDGE('',*,*,#1869,.F.);
#1448=ORIENTED_EDGE('',*,*,#2223,.T.);
#1449=ORIENTED_EDGE('',*,*,#1801,.F.);
#1450=ORIENTED_EDGE('',*,*,#2221,.F.);
#1451=ORIENTED_EDGE('',*,*,#1868,.F.);
#1452=ORIENTED_EDGE('',*,*,#2222,.T.);
#1453=ORIENTED_EDGE('',*,*,#1799,.F.);
#1454=ORIENTED_EDGE('',*,*,#2224,.F.);
#1455=ORIENTED_EDGE('',*,*,#1870,.F.);
#1456=ORIENTED_EDGE('',*,*,#2225,.T.);
#1457=ORIENTED_EDGE('',*,*,#1802,.F.);
#1458=ORIENTED_EDGE('',*,*,#2223,.F.);
#1459=ORIENTED_EDGE('',*,*,#1867,.F.);
#1460=ORIENTED_EDGE('',*,*,#2226,.T.);
#1461=ORIENTED_EDGE('',*,*,#1803,.F.);
#1462=ORIENTED_EDGE('',*,*,#2225,.F.);
#1463=ORIENTED_EDGE('',*,*,#1866,.F.);
#1464=ORIENTED_EDGE('',*,*,#2227,.T.);
#1465=ORIENTED_EDGE('',*,*,#1797,.F.);
#1466=ORIENTED_EDGE('',*,*,#2226,.F.);
#1467=ORIENTED_EDGE('',*,*,#1865,.F.);
#1468=ORIENTED_EDGE('',*,*,#2224,.T.);
#1469=ORIENTED_EDGE('',*,*,#1798,.F.);
#1470=ORIENTED_EDGE('',*,*,#2227,.F.);
#1471=ORIENTED_EDGE('',*,*,#1864,.F.);
#1472=ORIENTED_EDGE('',*,*,#2228,.T.);
#1473=ORIENTED_EDGE('',*,*,#1807,.F.);
#1474=ORIENTED_EDGE('',*,*,#2229,.F.);
#1475=ORIENTED_EDGE('',*,*,#2038,.F.);
#1476=ORIENTED_EDGE('',*,*,#2230,.T.);
#1477=ORIENTED_EDGE('',*,*,#1804,.F.);
#1478=ORIENTED_EDGE('',*,*,#2228,.F.);
#1479=ORIENTED_EDGE('',*,*,#2037,.F.);
#1480=ORIENTED_EDGE('',*,*,#2229,.T.);
#1481=ORIENTED_EDGE('',*,*,#1806,.F.);
#1482=ORIENTED_EDGE('',*,*,#2231,.F.);
#1483=ORIENTED_EDGE('',*,*,#2039,.F.);
#1484=ORIENTED_EDGE('',*,*,#2231,.T.);
#1485=ORIENTED_EDGE('',*,*,#1805,.F.);
#1486=ORIENTED_EDGE('',*,*,#2230,.F.);
#1487=ORIENTED_EDGE('',*,*,#2036,.F.);
#1488=ORIENTED_EDGE('',*,*,#2232,.T.);
#1489=ORIENTED_EDGE('',*,*,#1811,.F.);
#1490=ORIENTED_EDGE('',*,*,#2233,.F.);
#1491=ORIENTED_EDGE('',*,*,#1862,.F.);
#1492=ORIENTED_EDGE('',*,*,#2234,.T.);
#1493=ORIENTED_EDGE('',*,*,#1812,.F.);
#1494=ORIENTED_EDGE('',*,*,#2232,.F.);
#1495=ORIENTED_EDGE('',*,*,#1861,.F.);
#1496=ORIENTED_EDGE('',*,*,#2233,.T.);
#1497=ORIENTED_EDGE('',*,*,#1810,.F.);
#1498=ORIENTED_EDGE('',*,*,#2235,.F.);
#1499=ORIENTED_EDGE('',*,*,#1863,.F.);
#1500=ORIENTED_EDGE('',*,*,#2236,.T.);
#1501=ORIENTED_EDGE('',*,*,#1813,.F.);
#1502=ORIENTED_EDGE('',*,*,#2234,.F.);
#1503=ORIENTED_EDGE('',*,*,#1860,.F.);
#1504=ORIENTED_EDGE('',*,*,#2237,.T.);
#1505=ORIENTED_EDGE('',*,*,#1814,.F.);
#1506=ORIENTED_EDGE('',*,*,#2236,.F.);
#1507=ORIENTED_EDGE('',*,*,#1859,.F.);
#1508=ORIENTED_EDGE('',*,*,#2238,.T.);
#1509=ORIENTED_EDGE('',*,*,#1808,.F.);
#1510=ORIENTED_EDGE('',*,*,#2237,.F.);
#1511=ORIENTED_EDGE('',*,*,#1858,.F.);
#1512=ORIENTED_EDGE('',*,*,#2235,.T.);
#1513=ORIENTED_EDGE('',*,*,#1809,.F.);
#1514=ORIENTED_EDGE('',*,*,#2238,.F.);
#1515=ORIENTED_EDGE('',*,*,#1857,.F.);
#1516=ORIENTED_EDGE('',*,*,#2239,.T.);
#1517=ORIENTED_EDGE('',*,*,#1818,.F.);
#1518=ORIENTED_EDGE('',*,*,#2240,.F.);
#1519=ORIENTED_EDGE('',*,*,#2050,.F.);
#1520=ORIENTED_EDGE('',*,*,#2241,.T.);
#1521=ORIENTED_EDGE('',*,*,#1819,.F.);
#1522=ORIENTED_EDGE('',*,*,#2239,.F.);
#1523=ORIENTED_EDGE('',*,*,#2049,.F.);
#1524=ORIENTED_EDGE('',*,*,#2240,.T.);
#1525=ORIENTED_EDGE('',*,*,#1817,.F.);
#1526=ORIENTED_EDGE('',*,*,#2242,.F.);
#1527=ORIENTED_EDGE('',*,*,#2051,.F.);
#1528=ORIENTED_EDGE('',*,*,#2243,.T.);
#1529=ORIENTED_EDGE('',*,*,#1820,.F.);
#1530=ORIENTED_EDGE('',*,*,#2241,.F.);
#1531=ORIENTED_EDGE('',*,*,#2048,.F.);
#1532=ORIENTED_EDGE('',*,*,#2244,.T.);
#1533=ORIENTED_EDGE('',*,*,#1821,.F.);
#1534=ORIENTED_EDGE('',*,*,#2243,.F.);
#1535=ORIENTED_EDGE('',*,*,#2047,.F.);
#1536=ORIENTED_EDGE('',*,*,#2245,.T.);
#1537=ORIENTED_EDGE('',*,*,#1822,.F.);
#1538=ORIENTED_EDGE('',*,*,#2244,.F.);
#1539=ORIENTED_EDGE('',*,*,#2046,.F.);
#1540=ORIENTED_EDGE('',*,*,#2246,.T.);
#1541=ORIENTED_EDGE('',*,*,#1823,.F.);
#1542=ORIENTED_EDGE('',*,*,#2245,.F.);
#1543=ORIENTED_EDGE('',*,*,#2045,.F.);
#1544=ORIENTED_EDGE('',*,*,#2247,.T.);
#1545=ORIENTED_EDGE('',*,*,#1824,.F.);
#1546=ORIENTED_EDGE('',*,*,#2246,.F.);
#1547=ORIENTED_EDGE('',*,*,#2044,.F.);
#1548=ORIENTED_EDGE('',*,*,#2248,.T.);
#1549=ORIENTED_EDGE('',*,*,#1825,.F.);
#1550=ORIENTED_EDGE('',*,*,#2247,.F.);
#1551=ORIENTED_EDGE('',*,*,#2043,.F.);
#1552=ORIENTED_EDGE('',*,*,#2249,.T.);
#1553=ORIENTED_EDGE('',*,*,#1826,.F.);
#1554=ORIENTED_EDGE('',*,*,#2248,.F.);
#1555=ORIENTED_EDGE('',*,*,#2042,.F.);
#1556=ORIENTED_EDGE('',*,*,#2250,.T.);
#1557=ORIENTED_EDGE('',*,*,#1815,.F.);
#1558=ORIENTED_EDGE('',*,*,#2249,.F.);
#1559=ORIENTED_EDGE('',*,*,#2041,.F.);
#1560=ORIENTED_EDGE('',*,*,#2242,.T.);
#1561=ORIENTED_EDGE('',*,*,#1816,.F.);
#1562=ORIENTED_EDGE('',*,*,#2250,.F.);
#1563=ORIENTED_EDGE('',*,*,#2040,.F.);
#1564=ORIENTED_EDGE('',*,*,#2251,.T.);
#1565=ORIENTED_EDGE('',*,*,#1830,.F.);
#1566=ORIENTED_EDGE('',*,*,#2252,.F.);
#1567=ORIENTED_EDGE('',*,*,#1855,.F.);
#1568=ORIENTED_EDGE('',*,*,#2253,.T.);
#1569=ORIENTED_EDGE('',*,*,#1831,.F.);
#1570=ORIENTED_EDGE('',*,*,#2251,.F.);
#1571=ORIENTED_EDGE('',*,*,#1854,.F.);
#1572=ORIENTED_EDGE('',*,*,#2252,.T.);
#1573=ORIENTED_EDGE('',*,*,#1829,.F.);
#1574=ORIENTED_EDGE('',*,*,#2254,.F.);
#1575=ORIENTED_EDGE('',*,*,#1856,.F.);
#1576=ORIENTED_EDGE('',*,*,#2255,.T.);
#1577=ORIENTED_EDGE('',*,*,#1832,.F.);
#1578=ORIENTED_EDGE('',*,*,#2253,.F.);
#1579=ORIENTED_EDGE('',*,*,#1853,.F.);
#1580=ORIENTED_EDGE('',*,*,#2256,.T.);
#1581=ORIENTED_EDGE('',*,*,#1833,.F.);
#1582=ORIENTED_EDGE('',*,*,#2255,.F.);
#1583=ORIENTED_EDGE('',*,*,#1852,.F.);
#1584=ORIENTED_EDGE('',*,*,#2257,.T.);
#1585=ORIENTED_EDGE('',*,*,#1834,.F.);
#1586=ORIENTED_EDGE('',*,*,#2256,.F.);
#1587=ORIENTED_EDGE('',*,*,#1851,.F.);
#1588=ORIENTED_EDGE('',*,*,#2258,.T.);
#1589=ORIENTED_EDGE('',*,*,#1835,.F.);
#1590=ORIENTED_EDGE('',*,*,#2257,.F.);
#1591=ORIENTED_EDGE('',*,*,#1850,.F.);
#1592=ORIENTED_EDGE('',*,*,#2259,.T.);
#1593=ORIENTED_EDGE('',*,*,#1836,.F.);
#1594=ORIENTED_EDGE('',*,*,#2258,.F.);
#1595=ORIENTED_EDGE('',*,*,#1849,.F.);
#1596=ORIENTED_EDGE('',*,*,#2260,.T.);
#1597=ORIENTED_EDGE('',*,*,#1837,.F.);
#1598=ORIENTED_EDGE('',*,*,#2259,.F.);
#1599=ORIENTED_EDGE('',*,*,#1848,.F.);
#1600=ORIENTED_EDGE('',*,*,#2261,.T.);
#1601=ORIENTED_EDGE('',*,*,#1838,.F.);
#1602=ORIENTED_EDGE('',*,*,#2260,.F.);
#1603=ORIENTED_EDGE('',*,*,#1847,.F.);
#1604=ORIENTED_EDGE('',*,*,#2262,.T.);
#1605=ORIENTED_EDGE('',*,*,#1839,.F.);
#1606=ORIENTED_EDGE('',*,*,#2261,.F.);
#1607=ORIENTED_EDGE('',*,*,#1846,.F.);
#1608=ORIENTED_EDGE('',*,*,#2263,.T.);
#1609=ORIENTED_EDGE('',*,*,#1827,.F.);
#1610=ORIENTED_EDGE('',*,*,#2262,.F.);
#1611=ORIENTED_EDGE('',*,*,#1845,.F.);
#1612=ORIENTED_EDGE('',*,*,#2254,.T.);
#1613=ORIENTED_EDGE('',*,*,#1828,.F.);
#1614=ORIENTED_EDGE('',*,*,#2263,.F.);
#1615=ORIENTED_EDGE('',*,*,#1844,.F.);
#1616=ORIENTED_EDGE('',*,*,#2264,.T.);
#1617=ORIENTED_EDGE('',*,*,#1843,.F.);
#1618=ORIENTED_EDGE('',*,*,#2265,.F.);
#1619=ORIENTED_EDGE('',*,*,#2054,.F.);
#1620=ORIENTED_EDGE('',*,*,#2266,.T.);
#1621=ORIENTED_EDGE('',*,*,#1840,.F.);
#1622=ORIENTED_EDGE('',*,*,#2264,.F.);
#1623=ORIENTED_EDGE('',*,*,#2053,.F.);
#1624=ORIENTED_EDGE('',*,*,#2265,.T.);
#1625=ORIENTED_EDGE('',*,*,#1842,.F.);
#1626=ORIENTED_EDGE('',*,*,#2267,.F.);
#1627=ORIENTED_EDGE('',*,*,#2055,.F.);
#1628=ORIENTED_EDGE('',*,*,#2267,.T.);
#1629=ORIENTED_EDGE('',*,*,#1841,.F.);
#1630=ORIENTED_EDGE('',*,*,#2266,.F.);
#1631=ORIENTED_EDGE('',*,*,#2052,.F.);
#1632=EDGE_CURVE('',#2268,#2269,#2692,.T.);
#1633=EDGE_CURVE('',#2268,#2270,#2693,.T.);
#1634=EDGE_CURVE('',#2270,#2271,#2694,.T.);
#1635=EDGE_CURVE('',#2269,#2271,#2695,.T.);
#1636=EDGE_CURVE('',#2272,#2273,#2696,.T.);
#1637=EDGE_CURVE('',#2274,#2272,#2697,.T.);
#1638=EDGE_CURVE('',#2274,#2273,#2698,.T.);
#1639=EDGE_CURVE('',#2275,#2276,#2699,.T.);
#1640=EDGE_CURVE('',#2275,#2277,#2700,.T.);
#1641=EDGE_CURVE('',#2277,#2276,#2701,.T.);
#1642=EDGE_CURVE('',#2278,#2279,#2702,.T.);
#1643=EDGE_CURVE('',#2279,#2280,#2703,.T.);
#1644=EDGE_CURVE('',#2278,#2280,#2704,.T.);
#1645=EDGE_CURVE('',#2281,#2282,#2705,.T.);
#1646=EDGE_CURVE('',#2281,#2283,#2706,.T.);
#1647=EDGE_CURVE('',#2282,#2283,#2707,.T.);
#1648=EDGE_CURVE('',#2284,#2285,#2708,.T.);
#1649=EDGE_CURVE('',#2285,#2286,#2709,.T.);
#1650=EDGE_CURVE('',#2286,#2287,#252,.T.);
#1651=EDGE_CURVE('',#2287,#2288,#253,.T.);
#1652=EDGE_CURVE('',#2288,#2289,#128,.F.);
#1653=EDGE_CURVE('',#2289,#2290,#129,.F.);
#1654=EDGE_CURVE('',#2290,#2291,#254,.T.);
#1655=EDGE_CURVE('',#2291,#2292,#255,.T.);
#1656=EDGE_CURVE('',#2292,#2293,#256,.T.);
#1657=EDGE_CURVE('',#2293,#2294,#257,.T.);
#1658=EDGE_CURVE('',#2294,#2295,#258,.T.);
#1659=EDGE_CURVE('',#2295,#2296,#130,.F.);
#1660=EDGE_CURVE('',#2296,#2297,#2710,.T.);
#1661=EDGE_CURVE('',#2297,#2298,#2711,.T.);
#1662=EDGE_CURVE('',#2298,#2299,#2712,.T.);
#1663=EDGE_CURVE('',#2299,#2300,#259,.T.);
#1664=EDGE_CURVE('',#2300,#2301,#260,.T.);
#1665=EDGE_CURVE('',#2301,#2302,#131,.T.);
#1666=EDGE_CURVE('',#2302,#2303,#132,.T.);
#1667=EDGE_CURVE('',#2303,#2304,#261,.T.);
#1668=EDGE_CURVE('',#2304,#2305,#262,.T.);
#1669=EDGE_CURVE('',#2305,#2284,#2713,.T.);
#1670=EDGE_CURVE('',#2306,#2307,#2714,.T.);
#1671=EDGE_CURVE('',#2307,#2308,#2715,.T.);
#1672=EDGE_CURVE('',#2308,#2309,#2716,.T.);
#1673=EDGE_CURVE('',#2309,#2306,#2717,.T.);
#1674=EDGE_CURVE('',#2310,#2311,#2718,.T.);
#1675=EDGE_CURVE('',#2311,#2312,#2719,.T.);
#1676=EDGE_CURVE('',#2312,#2313,#2720,.T.);
#1677=EDGE_CURVE('',#2313,#2310,#2721,.T.);
#1678=EDGE_CURVE('',#2314,#2315,#2722,.T.);
#1679=EDGE_CURVE('',#2315,#2316,#2723,.T.);
#1680=EDGE_CURVE('',#2316,#2317,#2724,.T.);
#1681=EDGE_CURVE('',#2317,#2318,#2725,.T.);
#1682=EDGE_CURVE('',#2318,#2319,#2726,.T.);
#1683=EDGE_CURVE('',#2319,#2320,#2727,.T.);
#1684=EDGE_CURVE('',#2320,#2314,#2728,.T.);
#1685=EDGE_CURVE('',#2321,#2322,#263,.T.);
#1686=EDGE_CURVE('',#2322,#2323,#264,.T.);
#1687=EDGE_CURVE('',#2323,#2324,#265,.T.);
#1688=EDGE_CURVE('',#2324,#2325,#266,.T.);
#1689=EDGE_CURVE('',#2325,#2326,#133,.F.);
#1690=EDGE_CURVE('',#2326,#2327,#134,.F.);
#1691=EDGE_CURVE('',#2327,#2328,#2729,.T.);
#1692=EDGE_CURVE('',#2328,#2329,#135,.T.);
#1693=EDGE_CURVE('',#2329,#2330,#267,.T.);
#1694=EDGE_CURVE('',#2330,#2331,#268,.T.);
#1695=EDGE_CURVE('',#2331,#2332,#269,.T.);
#1696=EDGE_CURVE('',#2332,#2333,#270,.T.);
#1697=EDGE_CURVE('',#2333,#2334,#271,.T.);
#1698=EDGE_CURVE('',#2334,#2335,#272,.T.);
#1699=EDGE_CURVE('',#2335,#2336,#136,.T.);
#1700=EDGE_CURVE('',#2336,#2337,#2730,.T.);
#1701=EDGE_CURVE('',#2337,#2338,#137,.F.);
#1702=EDGE_CURVE('',#2338,#2321,#138,.F.);
#1703=EDGE_CURVE('',#2339,#2340,#2731,.T.);
#1704=EDGE_CURVE('',#2340,#2341,#2732,.T.);
#1705=EDGE_CURVE('',#2341,#2342,#2733,.T.);
#1706=EDGE_CURVE('',#2342,#2343,#139,.F.);
#1707=EDGE_CURVE('',#2343,#2344,#140,.F.);
#1708=EDGE_CURVE('',#2344,#2345,#141,.F.);
#1709=EDGE_CURVE('',#2345,#2346,#142,.F.);
#1710=EDGE_CURVE('',#2346,#2347,#2734,.T.);
#1711=EDGE_CURVE('',#2347,#2348,#2735,.T.);
#1712=EDGE_CURVE('',#2348,#2349,#143,.T.);
#1713=EDGE_CURVE('',#2349,#2350,#144,.T.);
#1714=EDGE_CURVE('',#2350,#2351,#145,.T.);
#1715=EDGE_CURVE('',#2351,#2352,#273,.T.);
#1716=EDGE_CURVE('',#2352,#2353,#2736,.T.);
#1717=EDGE_CURVE('',#2353,#2339,#2737,.T.);
#1718=EDGE_CURVE('',#2354,#2355,#274,.T.);
#1719=EDGE_CURVE('',#2355,#2356,#275,.T.);
#1720=EDGE_CURVE('',#2356,#2357,#276,.T.);
#1721=EDGE_CURVE('',#2357,#2358,#277,.T.);
#1722=EDGE_CURVE('',#2358,#2359,#146,.F.);
#1723=EDGE_CURVE('',#2359,#2360,#147,.F.);
#1724=EDGE_CURVE('',#2360,#2361,#2738,.T.);
#1725=EDGE_CURVE('',#2361,#2362,#148,.T.);
#1726=EDGE_CURVE('',#2362,#2363,#278,.T.);
#1727=EDGE_CURVE('',#2363,#2364,#279,.T.);
#1728=EDGE_CURVE('',#2364,#2365,#280,.T.);
#1729=EDGE_CURVE('',#2365,#2366,#281,.T.);
#1730=EDGE_CURVE('',#2366,#2367,#282,.T.);
#1731=EDGE_CURVE('',#2367,#2368,#283,.T.);
#1732=EDGE_CURVE('',#2368,#2369,#149,.T.);
#1733=EDGE_CURVE('',#2369,#2370,#2739,.T.);
#1734=EDGE_CURVE('',#2370,#2371,#150,.F.);
#1735=EDGE_CURVE('',#2371,#2354,#151,.F.);
#1736=EDGE_CURVE('',#2372,#2373,#152,.F.);
#1737=EDGE_CURVE('',#2373,#2374,#2740,.T.);
#1738=EDGE_CURVE('',#2374,#2375,#284,.T.);
#1739=EDGE_CURVE('',#2375,#2376,#153,.T.);
#1740=EDGE_CURVE('',#2376,#2377,#2741,.T.);
#1741=EDGE_CURVE('',#2377,#2378,#2742,.T.);
#1742=EDGE_CURVE('',#2378,#2379,#2743,.T.);
#1743=EDGE_CURVE('',#2379,#2372,#154,.F.);
#1744=EDGE_CURVE('',#2380,#2381,#155,.F.);
#1745=EDGE_CURVE('',#2381,#2382,#285,.T.);
#1746=EDGE_CURVE('',#2382,#2383,#286,.T.);
#1747=EDGE_CURVE('',#2383,#2384,#156,.F.);
#1748=EDGE_CURVE('',#2384,#2385,#157,.F.);
#1749=EDGE_CURVE('',#2385,#2386,#158,.F.);
#1750=EDGE_CURVE('',#2386,#2387,#2744,.T.);
#1751=EDGE_CURVE('',#2387,#2388,#159,.T.);
#1752=EDGE_CURVE('',#2388,#2389,#287,.T.);
#1753=EDGE_CURVE('',#2389,#2390,#288,.T.);
#1754=EDGE_CURVE('',#2390,#2391,#160,.T.);
#1755=EDGE_CURVE('',#2391,#2392,#2745,.T.);
#1756=EDGE_CURVE('',#2392,#2393,#161,.F.);
#1757=EDGE_CURVE('',#2393,#2380,#162,.F.);
#1758=EDGE_CURVE('',#2394,#2395,#163,.F.);
#1759=EDGE_CURVE('',#2395,#2396,#164,.F.);
#1760=EDGE_CURVE('',#2396,#2397,#165,.F.);
#1761=EDGE_CURVE('',#2397,#2398,#166,.T.);
#1762=EDGE_CURVE('',#2398,#2399,#167,.T.);
#1763=EDGE_CURVE('',#2399,#2400,#289,.T.);
#1764=EDGE_CURVE('',#2400,#2401,#2746,.T.);
#1765=EDGE_CURVE('',#2401,#2402,#168,.F.);
#1766=EDGE_CURVE('',#2402,#2403,#290,.T.);
#1767=EDGE_CURVE('',#2403,#2404,#169,.F.);
#1768=EDGE_CURVE('',#2404,#2394,#2747,.T.);
#1769=EDGE_CURVE('',#2405,#2406,#2748,.T.);
#1770=EDGE_CURVE('',#2406,#2407,#2749,.T.);
#1771=EDGE_CURVE('',#2407,#2408,#2750,.T.);
#1772=EDGE_CURVE('',#2408,#2409,#2751,.T.);
#1773=EDGE_CURVE('',#2409,#2410,#2752,.T.);
#1774=EDGE_CURVE('',#2410,#2405,#2753,.T.);
#1775=EDGE_CURVE('',#2411,#2412,#2754,.T.);
#1776=EDGE_CURVE('',#2412,#2413,#2755,.T.);
#1777=EDGE_CURVE('',#2413,#2414,#2756,.T.);
#1778=EDGE_CURVE('',#2414,#2411,#2757,.T.);
#1779=EDGE_CURVE('',#2415,#2416,#170,.T.);
#1780=EDGE_CURVE('',#2416,#2417,#2758,.T.);
#1781=EDGE_CURVE('',#2417,#2418,#171,.F.);
#1782=EDGE_CURVE('',#2418,#2419,#172,.F.);
#1783=EDGE_CURVE('',#2419,#2420,#291,.T.);
#1784=EDGE_CURVE('',#2420,#2421,#292,.T.);
#1785=EDGE_CURVE('',#2421,#2422,#293,.T.);
#1786=EDGE_CURVE('',#2422,#2423,#294,.T.);
#1787=EDGE_CURVE('',#2423,#2424,#173,.F.);
#1788=EDGE_CURVE('',#2424,#2425,#174,.F.);
#1789=EDGE_CURVE('',#2425,#2426,#2759,.T.);
#1790=EDGE_CURVE('',#2426,#2427,#175,.T.);
#1791=EDGE_CURVE('',#2427,#2428,#295,.T.);
#1792=EDGE_CURVE('',#2428,#2429,#296,.T.);
#1793=EDGE_CURVE('',#2429,#2430,#297,.T.);
#1794=EDGE_CURVE('',#2430,#2431,#298,.T.);
#1795=EDGE_CURVE('',#2431,#2432,#299,.T.);
#1796=EDGE_CURVE('',#2432,#2415,#300,.T.);
#1797=EDGE_CURVE('',#2433,#2434,#2760,.T.);
#1798=EDGE_CURVE('',#2434,#2435,#2761,.T.);
#1799=EDGE_CURVE('',#2435,#2436,#2762,.T.);
#1800=EDGE_CURVE('',#2436,#2437,#2763,.T.);
#1801=EDGE_CURVE('',#2437,#2438,#2764,.T.);
#1802=EDGE_CURVE('',#2438,#2439,#2765,.T.);
#1803=EDGE_CURVE('',#2439,#2433,#2766,.T.);
#1804=EDGE_CURVE('',#2440,#2441,#2767,.T.);
#1805=EDGE_CURVE('',#2441,#2442,#2768,.T.);
#1806=EDGE_CURVE('',#2442,#2443,#2769,.T.);
#1807=EDGE_CURVE('',#2443,#2440,#2770,.T.);
#1808=EDGE_CURVE('',#2444,#2445,#2771,.T.);
#1809=EDGE_CURVE('',#2445,#2446,#2772,.T.);
#1810=EDGE_CURVE('',#2446,#2447,#2773,.T.);
#1811=EDGE_CURVE('',#2447,#2448,#2774,.T.);
#1812=EDGE_CURVE('',#2448,#2449,#2775,.T.);
#1813=EDGE_CURVE('',#2449,#2450,#2776,.T.);
#1814=EDGE_CURVE('',#2450,#2444,#2777,.T.);
#1815=EDGE_CURVE('',#2451,#2452,#176,.F.);
#1816=EDGE_CURVE('',#2452,#2453,#2778,.T.);
#1817=EDGE_CURVE('',#2453,#2454,#177,.T.);
#1818=EDGE_CURVE('',#2454,#2455,#178,.T.);
#1819=EDGE_CURVE('',#2455,#2456,#179,.T.);
#1820=EDGE_CURVE('',#2456,#2457,#180,.T.);
#1821=EDGE_CURVE('',#2457,#2458,#2779,.T.);
#1822=EDGE_CURVE('',#2458,#2459,#2780,.T.);
#1823=EDGE_CURVE('',#2459,#2460,#2781,.T.);
#1824=EDGE_CURVE('',#2460,#2461,#181,.F.);
#1825=EDGE_CURVE('',#2461,#2462,#182,.F.);
#1826=EDGE_CURVE('',#2462,#2451,#183,.F.);
#1827=EDGE_CURVE('',#2463,#2464,#301,.T.);
#1828=EDGE_CURVE('',#2464,#2465,#2782,.T.);
#1829=EDGE_CURVE('',#2465,#2466,#184,.F.);
#1830=EDGE_CURVE('',#2466,#2467,#185,.F.);
#1831=EDGE_CURVE('',#2467,#2468,#186,.F.);
#1832=EDGE_CURVE('',#2468,#2469,#302,.T.);
#1833=EDGE_CURVE('',#2469,#2470,#187,.F.);
#1834=EDGE_CURVE('',#2470,#2471,#188,.F.);
#1835=EDGE_CURVE('',#2471,#2472,#189,.F.);
#1836=EDGE_CURVE('',#2472,#2473,#303,.T.);
#1837=EDGE_CURVE('',#2473,#2474,#2783,.T.);
#1838=EDGE_CURVE('',#2474,#2475,#304,.T.);
#1839=EDGE_CURVE('',#2475,#2463,#305,.T.);
#1840=EDGE_CURVE('',#2476,#2477,#2784,.T.);
#1841=EDGE_CURVE('',#2477,#2478,#2785,.T.);
#1842=EDGE_CURVE('',#2478,#2479,#2786,.T.);
#1843=EDGE_CURVE('',#2479,#2476,#2787,.T.);
#1844=EDGE_CURVE('',#2480,#2481,#2788,.T.);
#1845=EDGE_CURVE('',#2481,#2482,#306,.F.);
#1846=EDGE_CURVE('',#2482,#2483,#307,.F.);
#1847=EDGE_CURVE('',#2483,#2484,#308,.F.);
#1848=EDGE_CURVE('',#2484,#2485,#2789,.T.);
#1849=EDGE_CURVE('',#2485,#2486,#309,.F.);
#1850=EDGE_CURVE('',#2486,#2487,#190,.T.);
#1851=EDGE_CURVE('',#2487,#2488,#191,.T.);
#1852=EDGE_CURVE('',#2488,#2489,#192,.T.);
#1853=EDGE_CURVE('',#2489,#2490,#310,.F.);
#1854=EDGE_CURVE('',#2490,#2491,#193,.T.);
#1855=EDGE_CURVE('',#2491,#2492,#194,.T.);
#1856=EDGE_CURVE('',#2492,#2480,#195,.T.);
#1857=EDGE_CURVE('',#2493,#2494,#2790,.T.);
#1858=EDGE_CURVE('',#2494,#2495,#2791,.T.);
#1859=EDGE_CURVE('',#2495,#2496,#2792,.T.);
#1860=EDGE_CURVE('',#2496,#2497,#2793,.T.);
#1861=EDGE_CURVE('',#2497,#2498,#2794,.T.);
#1862=EDGE_CURVE('',#2498,#2499,#2795,.T.);
#1863=EDGE_CURVE('',#2499,#2493,#2796,.T.);
#1864=EDGE_CURVE('',#2500,#2501,#2797,.T.);
#1865=EDGE_CURVE('',#2501,#2502,#2798,.T.);
#1866=EDGE_CURVE('',#2502,#2503,#2799,.T.);
#1867=EDGE_CURVE('',#2503,#2504,#2800,.T.);
#1868=EDGE_CURVE('',#2504,#2505,#2801,.T.);
#1869=EDGE_CURVE('',#2505,#2506,#2802,.T.);
#1870=EDGE_CURVE('',#2506,#2500,#2803,.T.);
#1871=EDGE_CURVE('',#2507,#2508,#2804,.T.);
#1872=EDGE_CURVE('',#2508,#2509,#2805,.T.);
#1873=EDGE_CURVE('',#2509,#2510,#2806,.T.);
#1874=EDGE_CURVE('',#2510,#2507,#2807,.T.);
#1875=EDGE_CURVE('',#2511,#2512,#196,.T.);
#1876=EDGE_CURVE('',#2512,#2513,#197,.T.);
#1877=EDGE_CURVE('',#2513,#2514,#2808,.T.);
#1878=EDGE_CURVE('',#2514,#2515,#198,.T.);
#1879=EDGE_CURVE('',#2515,#2516,#311,.F.);
#1880=EDGE_CURVE('',#2516,#2517,#199,.T.);
#1881=EDGE_CURVE('',#2517,#2518,#2809,.T.);
#1882=EDGE_CURVE('',#2518,#2519,#312,.F.);
#1883=EDGE_CURVE('',#2519,#2520,#200,.F.);
#1884=EDGE_CURVE('',#2520,#2521,#201,.F.);
#1885=EDGE_CURVE('',#2521,#2511,#202,.T.);
#1886=EDGE_CURVE('',#2522,#2523,#2810,.T.);
#1887=EDGE_CURVE('',#2523,#2524,#203,.T.);
#1888=EDGE_CURVE('',#2524,#2525,#204,.T.);
#1889=EDGE_CURVE('',#2525,#2526,#2811,.T.);
#1890=EDGE_CURVE('',#2526,#2527,#2812,.T.);
#1891=EDGE_CURVE('',#2527,#2528,#2813,.T.);
#1892=EDGE_CURVE('',#2528,#2529,#205,.F.);
#1893=EDGE_CURVE('',#2529,#2522,#313,.F.);
#1894=EDGE_CURVE('',#2530,#2531,#2814,.T.);
#1895=EDGE_CURVE('',#2531,#2532,#2815,.T.);
#1896=EDGE_CURVE('',#2532,#2533,#2816,.T.);
#1897=EDGE_CURVE('',#2533,#2534,#2817,.T.);
#1898=EDGE_CURVE('',#2534,#2535,#314,.F.);
#1899=EDGE_CURVE('',#2535,#2536,#206,.F.);
#1900=EDGE_CURVE('',#2536,#2537,#207,.F.);
#1901=EDGE_CURVE('',#2537,#2538,#208,.F.);
#1902=EDGE_CURVE('',#2538,#2539,#2818,.T.);
#1903=EDGE_CURVE('',#2539,#2540,#2819,.T.);
#1904=EDGE_CURVE('',#2540,#2541,#209,.T.);
#1905=EDGE_CURVE('',#2541,#2542,#210,.T.);
#1906=EDGE_CURVE('',#2542,#2543,#211,.T.);
#1907=EDGE_CURVE('',#2543,#2544,#212,.T.);
#1908=EDGE_CURVE('',#2544,#2530,#2820,.T.);
#1909=EDGE_CURVE('',#2545,#2546,#2821,.T.);
#1910=EDGE_CURVE('',#2546,#2547,#2822,.T.);
#1911=EDGE_CURVE('',#2547,#2548,#2823,.T.);
#1912=EDGE_CURVE('',#2548,#2549,#2824,.T.);
#1913=EDGE_CURVE('',#2549,#2550,#2825,.T.);
#1914=EDGE_CURVE('',#2550,#2551,#2826,.T.);
#1915=EDGE_CURVE('',#2551,#2545,#2827,.T.);
#1916=EDGE_CURVE('',#2552,#2553,#2828,.T.);
#1917=EDGE_CURVE('',#2553,#2554,#2829,.T.);
#1918=EDGE_CURVE('',#2554,#2555,#2830,.T.);
#1919=EDGE_CURVE('',#2555,#2552,#2831,.T.);
#1920=EDGE_CURVE('',#2556,#2557,#2832,.T.);
#1921=EDGE_CURVE('',#2557,#2558,#2833,.T.);
#1922=EDGE_CURVE('',#2556,#2558,#2834,.T.);
#1923=EDGE_CURVE('',#2559,#2560,#2835,.T.);
#1924=EDGE_CURVE('',#2559,#2561,#2836,.T.);
#1925=EDGE_CURVE('',#2560,#2561,#2837,.T.);
#1926=EDGE_CURVE('',#2562,#2563,#2838,.T.);
#1927=EDGE_CURVE('',#2564,#2563,#2839,.T.);
#1928=EDGE_CURVE('',#2562,#2564,#2840,.T.);
#1929=EDGE_CURVE('',#2565,#2566,#2841,.T.);
#1930=EDGE_CURVE('',#2567,#2566,#2842,.T.);
#1931=EDGE_CURVE('',#2567,#2565,#2843,.T.);
#1932=EDGE_CURVE('',#2568,#2569,#2844,.T.);
#1933=EDGE_CURVE('',#2569,#2570,#2845,.T.);
#1934=EDGE_CURVE('',#2571,#2570,#2846,.T.);
#1935=EDGE_CURVE('',#2568,#2571,#2847,.T.);
#1936=EDGE_CURVE('',#2572,#2573,#2848,.T.);
#1937=EDGE_CURVE('',#2573,#2574,#2849,.T.);
#1938=EDGE_CURVE('',#2574,#2575,#2850,.T.);
#1939=EDGE_CURVE('',#2575,#2576,#315,.F.);
#1940=EDGE_CURVE('',#2576,#2577,#316,.F.);
#1941=EDGE_CURVE('',#2577,#2578,#213,.F.);
#1942=EDGE_CURVE('',#2578,#2579,#214,.F.);
#1943=EDGE_CURVE('',#2579,#2580,#317,.F.);
#1944=EDGE_CURVE('',#2580,#2581,#318,.F.);
#1945=EDGE_CURVE('',#2581,#2582,#2851,.T.);
#1946=EDGE_CURVE('',#2582,#2583,#2852,.T.);
#1947=EDGE_CURVE('',#2583,#2584,#2853,.T.);
#1948=EDGE_CURVE('',#2584,#2585,#215,.T.);
#1949=EDGE_CURVE('',#2585,#2586,#319,.F.);
#1950=EDGE_CURVE('',#2586,#2587,#320,.F.);
#1951=EDGE_CURVE('',#2587,#2588,#321,.F.);
#1952=EDGE_CURVE('',#2588,#2589,#322,.F.);
#1953=EDGE_CURVE('',#2589,#2590,#323,.F.);
#1954=EDGE_CURVE('',#2590,#2591,#216,.T.);
#1955=EDGE_CURVE('',#2591,#2592,#217,.T.);
#1956=EDGE_CURVE('',#2592,#2593,#324,.F.);
#1957=EDGE_CURVE('',#2593,#2572,#325,.F.);
#1958=EDGE_CURVE('',#2594,#2595,#2854,.T.);
#1959=EDGE_CURVE('',#2595,#2596,#2855,.T.);
#1960=EDGE_CURVE('',#2596,#2597,#2856,.T.);
#1961=EDGE_CURVE('',#2597,#2594,#2857,.T.);
#1962=EDGE_CURVE('',#2598,#2599,#326,.F.);
#1963=EDGE_CURVE('',#2599,#2600,#327,.F.);
#1964=EDGE_CURVE('',#2600,#2601,#218,.T.);
#1965=EDGE_CURVE('',#2601,#2602,#219,.T.);
#1966=EDGE_CURVE('',#2602,#2603,#2858,.T.);
#1967=EDGE_CURVE('',#2603,#2604,#220,.F.);
#1968=EDGE_CURVE('',#2604,#2605,#328,.F.);
#1969=EDGE_CURVE('',#2605,#2606,#329,.F.);
#1970=EDGE_CURVE('',#2606,#2607,#330,.F.);
#1971=EDGE_CURVE('',#2607,#2608,#331,.F.);
#1972=EDGE_CURVE('',#2608,#2609,#332,.F.);
#1973=EDGE_CURVE('',#2609,#2610,#333,.F.);
#1974=EDGE_CURVE('',#2610,#2611,#221,.F.);
#1975=EDGE_CURVE('',#2611,#2612,#2859,.T.);
#1976=EDGE_CURVE('',#2612,#2613,#222,.T.);
#1977=EDGE_CURVE('',#2613,#2614,#223,.T.);
#1978=EDGE_CURVE('',#2614,#2615,#334,.F.);
#1979=EDGE_CURVE('',#2615,#2598,#335,.F.);
#1980=EDGE_CURVE('',#2616,#2617,#336,.F.);
#1981=EDGE_CURVE('',#2617,#2618,#337,.F.);
#1982=EDGE_CURVE('',#2618,#2619,#224,.T.);
#1983=EDGE_CURVE('',#2619,#2620,#225,.T.);
#1984=EDGE_CURVE('',#2620,#2621,#2860,.T.);
#1985=EDGE_CURVE('',#2621,#2622,#226,.F.);
#1986=EDGE_CURVE('',#2622,#2623,#338,.F.);
#1987=EDGE_CURVE('',#2623,#2624,#339,.F.);
#1988=EDGE_CURVE('',#2624,#2625,#340,.F.);
#1989=EDGE_CURVE('',#2625,#2626,#341,.F.);
#1990=EDGE_CURVE('',#2626,#2627,#342,.F.);
#1991=EDGE_CURVE('',#2627,#2628,#343,.F.);
#1992=EDGE_CURVE('',#2628,#2629,#227,.F.);
#1993=EDGE_CURVE('',#2629,#2630,#2861,.T.);
#1994=EDGE_CURVE('',#2630,#2631,#228,.T.);
#1995=EDGE_CURVE('',#2631,#2632,#229,.T.);
#1996=EDGE_CURVE('',#2632,#2633,#344,.F.);
#1997=EDGE_CURVE('',#2633,#2616,#345,.F.);
#1998=EDGE_CURVE('',#2634,#2635,#346,.F.);
#1999=EDGE_CURVE('',#2635,#2636,#230,.T.);
#2000=EDGE_CURVE('',#2636,#2637,#231,.T.);
#2001=EDGE_CURVE('',#2637,#2638,#232,.T.);
#2002=EDGE_CURVE('',#2638,#2639,#2862,.T.);
#2003=EDGE_CURVE('',#2639,#2640,#233,.F.);
#2004=EDGE_CURVE('',#2640,#2641,#347,.F.);
#2005=EDGE_CURVE('',#2641,#2642,#348,.F.);
#2006=EDGE_CURVE('',#2642,#2643,#234,.F.);
#2007=EDGE_CURVE('',#2643,#2644,#2863,.T.);
#2008=EDGE_CURVE('',#2644,#2645,#235,.T.);
#2009=EDGE_CURVE('',#2645,#2646,#236,.T.);
#2010=EDGE_CURVE('',#2646,#2647,#237,.T.);
#2011=EDGE_CURVE('',#2647,#2634,#349,.F.);
#2012=EDGE_CURVE('',#2648,#2649,#2864,.T.);
#2013=EDGE_CURVE('',#2649,#2650,#2865,.T.);
#2014=EDGE_CURVE('',#2650,#2651,#2866,.T.);
#2015=EDGE_CURVE('',#2651,#2652,#2867,.T.);
#2016=EDGE_CURVE('',#2652,#2653,#2868,.T.);
#2017=EDGE_CURVE('',#2653,#2648,#2869,.T.);
#2018=EDGE_CURVE('',#2654,#2655,#2870,.T.);
#2019=EDGE_CURVE('',#2655,#2656,#238,.F.);
#2020=EDGE_CURVE('',#2656,#2657,#350,.F.);
#2021=EDGE_CURVE('',#2657,#2658,#351,.F.);
#2022=EDGE_CURVE('',#2658,#2659,#352,.F.);
#2023=EDGE_CURVE('',#2659,#2660,#353,.F.);
#2024=EDGE_CURVE('',#2660,#2661,#354,.F.);
#2025=EDGE_CURVE('',#2661,#2662,#355,.F.);
#2026=EDGE_CURVE('',#2662,#2663,#239,.F.);
#2027=EDGE_CURVE('',#2663,#2664,#2871,.T.);
#2028=EDGE_CURVE('',#2664,#2665,#240,.T.);
#2029=EDGE_CURVE('',#2665,#2666,#241,.T.);
#2030=EDGE_CURVE('',#2666,#2667,#356,.F.);
#2031=EDGE_CURVE('',#2667,#2668,#357,.F.);
#2032=EDGE_CURVE('',#2668,#2669,#358,.F.);
#2033=EDGE_CURVE('',#2669,#2670,#359,.F.);
#2034=EDGE_CURVE('',#2670,#2671,#242,.T.);
#2035=EDGE_CURVE('',#2671,#2654,#243,.T.);
#2036=EDGE_CURVE('',#2672,#2673,#2872,.T.);
#2037=EDGE_CURVE('',#2673,#2674,#2873,.T.);
#2038=EDGE_CURVE('',#2674,#2675,#2874,.T.);
#2039=EDGE_CURVE('',#2675,#2672,#2875,.T.);
#2040=EDGE_CURVE('',#2676,#2677,#2876,.T.);
#2041=EDGE_CURVE('',#2677,#2678,#244,.T.);
#2042=EDGE_CURVE('',#2678,#2679,#245,.T.);
#2043=EDGE_CURVE('',#2679,#2680,#246,.T.);
#2044=EDGE_CURVE('',#2680,#2681,#247,.T.);
#2045=EDGE_CURVE('',#2681,#2682,#2877,.T.);
#2046=EDGE_CURVE('',#2682,#2683,#2878,.T.);
#2047=EDGE_CURVE('',#2683,#2684,#2879,.T.);
#2048=EDGE_CURVE('',#2684,#2685,#248,.F.);
#2049=EDGE_CURVE('',#2685,#2686,#249,.F.);
#2050=EDGE_CURVE('',#2686,#2687,#250,.F.);
#2051=EDGE_CURVE('',#2687,#2676,#251,.F.);
#2052=EDGE_CURVE('',#2688,#2689,#2880,.T.);
#2053=EDGE_CURVE('',#2689,#2690,#2881,.T.);
#2054=EDGE_CURVE('',#2690,#2691,#2882,.T.);
#2055=EDGE_CURVE('',#2691,#2688,#2883,.T.);
#2056=EDGE_CURVE('',#2281,#2556,#2884,.T.);
#2057=EDGE_CURVE('',#2282,#2557,#2885,.T.);
#2058=EDGE_CURVE('',#2283,#2558,#2886,.T.);
#2059=EDGE_CURVE('',#2279,#2560,#2887,.T.);
#2060=EDGE_CURVE('',#2278,#2559,#2888,.T.);
#2061=EDGE_CURVE('',#2280,#2561,#2889,.T.);
#2062=EDGE_CURVE('',#2275,#2562,#2890,.T.);
#2063=EDGE_CURVE('',#2276,#2563,#2891,.T.);
#2064=EDGE_CURVE('',#2277,#2564,#2892,.T.);
#2065=EDGE_CURVE('',#2272,#2565,#2893,.T.);
#2066=EDGE_CURVE('',#2273,#2566,#2894,.T.);
#2067=EDGE_CURVE('',#2274,#2567,#2895,.T.);
#2068=EDGE_CURVE('',#2268,#2568,#2896,.T.);
#2069=EDGE_CURVE('',#2269,#2569,#2897,.T.);
#2070=EDGE_CURVE('',#2270,#2571,#2898,.T.);
#2071=EDGE_CURVE('',#2271,#2570,#2899,.T.);
#2072=EDGE_CURVE('',#2592,#2288,#2900,.T.);
#2073=EDGE_CURVE('',#2593,#2287,#2901,.T.);
#2074=EDGE_CURVE('',#2591,#2289,#2902,.T.);
#2075=EDGE_CURVE('',#2572,#2286,#2903,.T.);
#2076=EDGE_CURVE('',#2590,#2290,#2904,.T.);
#2077=EDGE_CURVE('',#2589,#2291,#2905,.T.);
#2078=EDGE_CURVE('',#2588,#2292,#2906,.T.);
#2079=EDGE_CURVE('',#2587,#2293,#2907,.T.);
#2080=EDGE_CURVE('',#2586,#2294,#2908,.T.);
#2081=EDGE_CURVE('',#2585,#2295,#2909,.T.);
#2082=EDGE_CURVE('',#2584,#2296,#2910,.T.);
#2083=EDGE_CURVE('',#2583,#2297,#2911,.T.);
#2084=EDGE_CURVE('',#2582,#2298,#2912,.T.);
#2085=EDGE_CURVE('',#2581,#2299,#2913,.T.);
#2086=EDGE_CURVE('',#2580,#2300,#2914,.T.);
#2087=EDGE_CURVE('',#2579,#2301,#2915,.T.);
#2088=EDGE_CURVE('',#2578,#2302,#2916,.T.);
#2089=EDGE_CURVE('',#2577,#2303,#2917,.T.);
#2090=EDGE_CURVE('',#2576,#2304,#2918,.T.);
#2091=EDGE_CURVE('',#2575,#2305,#2919,.T.);
#2092=EDGE_CURVE('',#2574,#2284,#2920,.T.);
#2093=EDGE_CURVE('',#2573,#2285,#2921,.T.);
#2094=EDGE_CURVE('',#2554,#2306,#2922,.T.);
#2095=EDGE_CURVE('',#2555,#2309,#2923,.T.);
#2096=EDGE_CURVE('',#2553,#2307,#2924,.T.);
#2097=EDGE_CURVE('',#2552,#2308,#2925,.T.);
#2098=EDGE_CURVE('',#2596,#2310,#2926,.T.);
#2099=EDGE_CURVE('',#2597,#2313,#2927,.T.);
#2100=EDGE_CURVE('',#2595,#2311,#2928,.T.);
#2101=EDGE_CURVE('',#2594,#2312,#2929,.T.);
#2102=EDGE_CURVE('',#2550,#2318,#2930,.T.);
#2103=EDGE_CURVE('',#2551,#2317,#2931,.T.);
#2104=EDGE_CURVE('',#2549,#2319,#2932,.T.);
#2105=EDGE_CURVE('',#2545,#2316,#2933,.T.);
#2106=EDGE_CURVE('',#2548,#2320,#2934,.T.);
#2107=EDGE_CURVE('',#2547,#2314,#2935,.T.);
#2108=EDGE_CURVE('',#2546,#2315,#2936,.T.);
#2109=EDGE_CURVE('',#2614,#2325,#2937,.T.);
#2110=EDGE_CURVE('',#2615,#2324,#2938,.T.);
#2111=EDGE_CURVE('',#2613,#2326,#2939,.T.);
#2112=EDGE_CURVE('',#2598,#2323,#2940,.T.);
#2113=EDGE_CURVE('',#2612,#2327,#2941,.T.);
#2114=EDGE_CURVE('',#2611,#2328,#2942,.T.);
#2115=EDGE_CURVE('',#2610,#2329,#2943,.T.);
#2116=EDGE_CURVE('',#2609,#2330,#2944,.T.);
#2117=EDGE_CURVE('',#2608,#2331,#2945,.T.);
#2118=EDGE_CURVE('',#2607,#2332,#2946,.T.);
#2119=EDGE_CURVE('',#2606,#2333,#2947,.T.);
#2120=EDGE_CURVE('',#2605,#2334,#2948,.T.);
#2121=EDGE_CURVE('',#2604,#2335,#2949,.T.);
#2122=EDGE_CURVE('',#2603,#2336,#2950,.T.);
#2123=EDGE_CURVE('',#2602,#2337,#2951,.T.);
#2124=EDGE_CURVE('',#2601,#2338,#2952,.T.);
#2125=EDGE_CURVE('',#2600,#2321,#2953,.T.);
#2126=EDGE_CURVE('',#2599,#2322,#2954,.T.);
#2127=EDGE_CURVE('',#2543,#2343,#2955,.T.);
#2128=EDGE_CURVE('',#2544,#2342,#2956,.T.);
#2129=EDGE_CURVE('',#2542,#2344,#2957,.T.);
#2130=EDGE_CURVE('',#2530,#2341,#2958,.T.);
#2131=EDGE_CURVE('',#2541,#2345,#2959,.T.);
#2132=EDGE_CURVE('',#2540,#2346,#2960,.T.);
#2133=EDGE_CURVE('',#2539,#2347,#2961,.T.);
#2134=EDGE_CURVE('',#2538,#2348,#2962,.T.);
#2135=EDGE_CURVE('',#2537,#2349,#2963,.T.);
#2136=EDGE_CURVE('',#2536,#2350,#2964,.T.);
#2137=EDGE_CURVE('',#2535,#2351,#2965,.T.);
#2138=EDGE_CURVE('',#2534,#2352,#2966,.T.);
#2139=EDGE_CURVE('',#2533,#2353,#2967,.T.);
#2140=EDGE_CURVE('',#2532,#2339,#2968,.T.);
#2141=EDGE_CURVE('',#2531,#2340,#2969,.T.);
#2142=EDGE_CURVE('',#2632,#2358,#2970,.T.);
#2143=EDGE_CURVE('',#2633,#2357,#2971,.T.);
#2144=EDGE_CURVE('',#2631,#2359,#2972,.T.);
#2145=EDGE_CURVE('',#2616,#2356,#2973,.T.);
#2146=EDGE_CURVE('',#2630,#2360,#2974,.T.);
#2147=EDGE_CURVE('',#2629,#2361,#2975,.T.);
#2148=EDGE_CURVE('',#2628,#2362,#2976,.T.);
#2149=EDGE_CURVE('',#2627,#2363,#2977,.T.);
#2150=EDGE_CURVE('',#2626,#2364,#2978,.T.);
#2151=EDGE_CURVE('',#2625,#2365,#2979,.T.);
#2152=EDGE_CURVE('',#2624,#2366,#2980,.T.);
#2153=EDGE_CURVE('',#2623,#2367,#2981,.T.);
#2154=EDGE_CURVE('',#2622,#2368,#2982,.T.);
#2155=EDGE_CURVE('',#2621,#2369,#2983,.T.);
#2156=EDGE_CURVE('',#2620,#2370,#2984,.T.);
#2157=EDGE_CURVE('',#2619,#2371,#2985,.T.);
#2158=EDGE_CURVE('',#2618,#2354,#2986,.T.);
#2159=EDGE_CURVE('',#2617,#2355,#2987,.T.);
#2160=EDGE_CURVE('',#2528,#2376,#2988,.T.);
#2161=EDGE_CURVE('',#2529,#2375,#2989,.T.);
#2162=EDGE_CURVE('',#2527,#2377,#2990,.T.);
#2163=EDGE_CURVE('',#2522,#2374,#2991,.T.);
#2164=EDGE_CURVE('',#2526,#2378,#2992,.T.);
#2165=EDGE_CURVE('',#2525,#2379,#2993,.T.);
#2166=EDGE_CURVE('',#2524,#2372,#2994,.T.);
#2167=EDGE_CURVE('',#2523,#2373,#2995,.T.);
#2168=EDGE_CURVE('',#2646,#2384,#2996,.T.);
#2169=EDGE_CURVE('',#2647,#2383,#2997,.T.);
#2170=EDGE_CURVE('',#2645,#2385,#2998,.T.);
#2171=EDGE_CURVE('',#2634,#2382,#2999,.T.);
#2172=EDGE_CURVE('',#2644,#2386,#3000,.T.);
#2173=EDGE_CURVE('',#2643,#2387,#3001,.T.);
#2174=EDGE_CURVE('',#2642,#2388,#3002,.T.);
#2175=EDGE_CURVE('',#2641,#2389,#3003,.T.);
#2176=EDGE_CURVE('',#2640,#2390,#3004,.T.);
#2177=EDGE_CURVE('',#2639,#2391,#3005,.T.);
#2178=EDGE_CURVE('',#2638,#2392,#3006,.T.);
#2179=EDGE_CURVE('',#2637,#2393,#3007,.T.);
#2180=EDGE_CURVE('',#2636,#2380,#3008,.T.);
#2181=EDGE_CURVE('',#2635,#2381,#3009,.T.);
#2182=EDGE_CURVE('',#2520,#2398,#3010,.T.);
#2183=EDGE_CURVE('',#2521,#2397,#3011,.T.);
#2184=EDGE_CURVE('',#2519,#2399,#3012,.T.);
#2185=EDGE_CURVE('',#2511,#2396,#3013,.T.);
#2186=EDGE_CURVE('',#2518,#2400,#3014,.T.);
#2187=EDGE_CURVE('',#2517,#2401,#3015,.T.);
#2188=EDGE_CURVE('',#2516,#2402,#3016,.T.);
#2189=EDGE_CURVE('',#2515,#2403,#3017,.T.);
#2190=EDGE_CURVE('',#2514,#2404,#3018,.T.);
#2191=EDGE_CURVE('',#2513,#2394,#3019,.T.);
#2192=EDGE_CURVE('',#2512,#2395,#3020,.T.);
#2193=EDGE_CURVE('',#2652,#2409,#3021,.T.);
#2194=EDGE_CURVE('',#2653,#2408,#3022,.T.);
#2195=EDGE_CURVE('',#2651,#2410,#3023,.T.);
#2196=EDGE_CURVE('',#2648,#2407,#3024,.T.);
#2197=EDGE_CURVE('',#2650,#2405,#3025,.T.);
#2198=EDGE_CURVE('',#2649,#2406,#3026,.T.);
#2199=EDGE_CURVE('',#2509,#2411,#3027,.T.);
#2200=EDGE_CURVE('',#2510,#2414,#3028,.T.);
#2201=EDGE_CURVE('',#2508,#2412,#3029,.T.);
#2202=EDGE_CURVE('',#2507,#2413,#3030,.T.);
#2203=EDGE_CURVE('',#2670,#2419,#3031,.T.);
#2204=EDGE_CURVE('',#2671,#2418,#3032,.T.);
#2205=EDGE_CURVE('',#2669,#2420,#3033,.T.);
#2206=EDGE_CURVE('',#2654,#2417,#3034,.T.);
#2207=EDGE_CURVE('',#2668,#2421,#3035,.T.);
#2208=EDGE_CURVE('',#2667,#2422,#3036,.T.);
#2209=EDGE_CURVE('',#2666,#2423,#3037,.T.);
#2210=EDGE_CURVE('',#2665,#2424,#3038,.T.);
#2211=EDGE_CURVE('',#2664,#2425,#3039,.T.);
#2212=EDGE_CURVE('',#2663,#2426,#3040,.T.);
#2213=EDGE_CURVE('',#2662,#2427,#3041,.T.);
#2214=EDGE_CURVE('',#2661,#2428,#3042,.T.);
#2215=EDGE_CURVE('',#2660,#2429,#3043,.T.);
#2216=EDGE_CURVE('',#2659,#2430,#3044,.T.);
#2217=EDGE_CURVE('',#2658,#2431,#3045,.T.);
#2218=EDGE_CURVE('',#2657,#2432,#3046,.T.);
#2219=EDGE_CURVE('',#2656,#2415,#3047,.T.);
#2220=EDGE_CURVE('',#2655,#2416,#3048,.T.);
#2221=EDGE_CURVE('',#2505,#2437,#3049,.T.);
#2222=EDGE_CURVE('',#2506,#2436,#3050,.T.);
#2223=EDGE_CURVE('',#2504,#2438,#3051,.T.);
#2224=EDGE_CURVE('',#2500,#2435,#3052,.T.);
#2225=EDGE_CURVE('',#2503,#2439,#3053,.T.);
#2226=EDGE_CURVE('',#2502,#2433,#3054,.T.);
#2227=EDGE_CURVE('',#2501,#2434,#3055,.T.);
#2228=EDGE_CURVE('',#2674,#2440,#3056,.T.);
#2229=EDGE_CURVE('',#2675,#2443,#3057,.T.);
#2230=EDGE_CURVE('',#2673,#2441,#3058,.T.);
#2231=EDGE_CURVE('',#2672,#2442,#3059,.T.);
#2232=EDGE_CURVE('',#2498,#2448,#3060,.T.);
#2233=EDGE_CURVE('',#2499,#2447,#3061,.T.);
#2234=EDGE_CURVE('',#2497,#2449,#3062,.T.);
#2235=EDGE_CURVE('',#2493,#2446,#3063,.T.);
#2236=EDGE_CURVE('',#2496,#2450,#3064,.T.);
#2237=EDGE_CURVE('',#2495,#2444,#3065,.T.);
#2238=EDGE_CURVE('',#2494,#2445,#3066,.T.);
#2239=EDGE_CURVE('',#2686,#2455,#3067,.T.);
#2240=EDGE_CURVE('',#2687,#2454,#3068,.T.);
#2241=EDGE_CURVE('',#2685,#2456,#3069,.T.);
#2242=EDGE_CURVE('',#2676,#2453,#3070,.T.);
#2243=EDGE_CURVE('',#2684,#2457,#3071,.T.);
#2244=EDGE_CURVE('',#2683,#2458,#3072,.T.);
#2245=EDGE_CURVE('',#2682,#2459,#3073,.T.);
#2246=EDGE_CURVE('',#2681,#2460,#3074,.T.);
#2247=EDGE_CURVE('',#2680,#2461,#3075,.T.);
#2248=EDGE_CURVE('',#2679,#2462,#3076,.T.);
#2249=EDGE_CURVE('',#2678,#2451,#3077,.T.);
#2250=EDGE_CURVE('',#2677,#2452,#3078,.T.);
#2251=EDGE_CURVE('',#2491,#2467,#3079,.T.);
#2252=EDGE_CURVE('',#2492,#2466,#3080,.T.);
#2253=EDGE_CURVE('',#2490,#2468,#3081,.T.);
#2254=EDGE_CURVE('',#2480,#2465,#3082,.T.);
#2255=EDGE_CURVE('',#2489,#2469,#3083,.T.);
#2256=EDGE_CURVE('',#2488,#2470,#3084,.T.);
#2257=EDGE_CURVE('',#2487,#2471,#3085,.T.);
#2258=EDGE_CURVE('',#2486,#2472,#3086,.T.);
#2259=EDGE_CURVE('',#2485,#2473,#3087,.T.);
#2260=EDGE_CURVE('',#2484,#2474,#3088,.T.);
#2261=EDGE_CURVE('',#2483,#2475,#3089,.T.);
#2262=EDGE_CURVE('',#2482,#2463,#3090,.T.);
#2263=EDGE_CURVE('',#2481,#2464,#3091,.T.);
#2264=EDGE_CURVE('',#2690,#2476,#3092,.T.);
#2265=EDGE_CURVE('',#2691,#2479,#3093,.T.);
#2266=EDGE_CURVE('',#2689,#2477,#3094,.T.);
#2267=EDGE_CURVE('',#2688,#2478,#3095,.T.);
#2268=VERTEX_POINT('',#5606);
#2269=VERTEX_POINT('',#5607);
#2270=VERTEX_POINT('',#5609);
#2271=VERTEX_POINT('',#5611);
#2272=VERTEX_POINT('',#5614);
#2273=VERTEX_POINT('',#5615);
#2274=VERTEX_POINT('',#5617);
#2275=VERTEX_POINT('',#5620);
#2276=VERTEX_POINT('',#5621);
#2277=VERTEX_POINT('',#5623);
#2278=VERTEX_POINT('',#5626);
#2279=VERTEX_POINT('',#5627);
#2280=VERTEX_POINT('',#5629);
#2281=VERTEX_POINT('',#5632);
#2282=VERTEX_POINT('',#5633);
#2283=VERTEX_POINT('',#5635);
#2284=VERTEX_POINT('',#5638);
#2285=VERTEX_POINT('',#5639);
#2286=VERTEX_POINT('',#5641);
#2287=VERTEX_POINT('',#5645);
#2288=VERTEX_POINT('',#5649);
#2289=VERTEX_POINT('',#5651);
#2290=VERTEX_POINT('',#5653);
#2291=VERTEX_POINT('',#5657);
#2292=VERTEX_POINT('',#5661);
#2293=VERTEX_POINT('',#5665);
#2294=VERTEX_POINT('',#5669);
#2295=VERTEX_POINT('',#5673);
#2296=VERTEX_POINT('',#5675);
#2297=VERTEX_POINT('',#5677);
#2298=VERTEX_POINT('',#5679);
#2299=VERTEX_POINT('',#5681);
#2300=VERTEX_POINT('',#5685);
#2301=VERTEX_POINT('',#5689);
#2302=VERTEX_POINT('',#5691);
#2303=VERTEX_POINT('',#5693);
#2304=VERTEX_POINT('',#5697);
#2305=VERTEX_POINT('',#5701);
#2306=VERTEX_POINT('',#5704);
#2307=VERTEX_POINT('',#5705);
#2308=VERTEX_POINT('',#5707);
#2309=VERTEX_POINT('',#5709);
#2310=VERTEX_POINT('',#5712);
#2311=VERTEX_POINT('',#5713);
#2312=VERTEX_POINT('',#5715);
#2313=VERTEX_POINT('',#5717);
#2314=VERTEX_POINT('',#5720);
#2315=VERTEX_POINT('',#5721);
#2316=VERTEX_POINT('',#5723);
#2317=VERTEX_POINT('',#5725);
#2318=VERTEX_POINT('',#5727);
#2319=VERTEX_POINT('',#5729);
#2320=VERTEX_POINT('',#5731);
#2321=VERTEX_POINT('',#5736);
#2322=VERTEX_POINT('',#5737);
#2323=VERTEX_POINT('',#5741);
#2324=VERTEX_POINT('',#5745);
#2325=VERTEX_POINT('',#5749);
#2326=VERTEX_POINT('',#5751);
#2327=VERTEX_POINT('',#5753);
#2328=VERTEX_POINT('',#5755);
#2329=VERTEX_POINT('',#5757);
#2330=VERTEX_POINT('',#5761);
#2331=VERTEX_POINT('',#5765);
#2332=VERTEX_POINT('',#5769);
#2333=VERTEX_POINT('',#5773);
#2334=VERTEX_POINT('',#5777);
#2335=VERTEX_POINT('',#5781);
#2336=VERTEX_POINT('',#5783);
#2337=VERTEX_POINT('',#5785);
#2338=VERTEX_POINT('',#5787);
#2339=VERTEX_POINT('',#5790);
#2340=VERTEX_POINT('',#5791);
#2341=VERTEX_POINT('',#5793);
#2342=VERTEX_POINT('',#5795);
#2343=VERTEX_POINT('',#5797);
#2344=VERTEX_POINT('',#5799);
#2345=VERTEX_POINT('',#5801);
#2346=VERTEX_POINT('',#5803);
#2347=VERTEX_POINT('',#5805);
#2348=VERTEX_POINT('',#5807);
#2349=VERTEX_POINT('',#5809);
#2350=VERTEX_POINT('',#5811);
#2351=VERTEX_POINT('',#5813);
#2352=VERTEX_POINT('',#5817);
#2353=VERTEX_POINT('',#5819);
#2354=VERTEX_POINT('',#5824);
#2355=VERTEX_POINT('',#5825);
#2356=VERTEX_POINT('',#5829);
#2357=VERTEX_POINT('',#5833);
#2358=VERTEX_POINT('',#5837);
#2359=VERTEX_POINT('',#5839);
#2360=VERTEX_POINT('',#5841);
#2361=VERTEX_POINT('',#5843);
#2362=VERTEX_POINT('',#5845);
#2363=VERTEX_POINT('',#5849);
#2364=VERTEX_POINT('',#5853);
#2365=VERTEX_POINT('',#5857);
#2366=VERTEX_POINT('',#5861);
#2367=VERTEX_POINT('',#5865);
#2368=VERTEX_POINT('',#5869);
#2369=VERTEX_POINT('',#5871);
#2370=VERTEX_POINT('',#5873);
#2371=VERTEX_POINT('',#5875);
#2372=VERTEX_POINT('',#5878);
#2373=VERTEX_POINT('',#5879);
#2374=VERTEX_POINT('',#5881);
#2375=VERTEX_POINT('',#5885);
#2376=VERTEX_POINT('',#5887);
#2377=VERTEX_POINT('',#5889);
#2378=VERTEX_POINT('',#5891);
#2379=VERTEX_POINT('',#5893);
#2380=VERTEX_POINT('',#5896);
#2381=VERTEX_POINT('',#5897);
#2382=VERTEX_POINT('',#5901);
#2383=VERTEX_POINT('',#5905);
#2384=VERTEX_POINT('',#5907);
#2385=VERTEX_POINT('',#5909);
#2386=VERTEX_POINT('',#5911);
#2387=VERTEX_POINT('',#5913);
#2388=VERTEX_POINT('',#5915);
#2389=VERTEX_POINT('',#5919);
#2390=VERTEX_POINT('',#5923);
#2391=VERTEX_POINT('',#5925);
#2392=VERTEX_POINT('',#5927);
#2393=VERTEX_POINT('',#5929);
#2394=VERTEX_POINT('',#5932);
#2395=VERTEX_POINT('',#5933);
#2396=VERTEX_POINT('',#5935);
#2397=VERTEX_POINT('',#5937);
#2398=VERTEX_POINT('',#5939);
#2399=VERTEX_POINT('',#5941);
#2400=VERTEX_POINT('',#5945);
#2401=VERTEX_POINT('',#5947);
#2402=VERTEX_POINT('',#5949);
#2403=VERTEX_POINT('',#5953);
#2404=VERTEX_POINT('',#5955);
#2405=VERTEX_POINT('',#5958);
#2406=VERTEX_POINT('',#5959);
#2407=VERTEX_POINT('',#5961);
#2408=VERTEX_POINT('',#5963);
#2409=VERTEX_POINT('',#5965);
#2410=VERTEX_POINT('',#5967);
#2411=VERTEX_POINT('',#5970);
#2412=VERTEX_POINT('',#5971);
#2413=VERTEX_POINT('',#5973);
#2414=VERTEX_POINT('',#5975);
#2415=VERTEX_POINT('',#5978);
#2416=VERTEX_POINT('',#5979);
#2417=VERTEX_POINT('',#5981);
#2418=VERTEX_POINT('',#5983);
#2419=VERTEX_POINT('',#5985);
#2420=VERTEX_POINT('',#5989);
#2421=VERTEX_POINT('',#5993);
#2422=VERTEX_POINT('',#5997);
#2423=VERTEX_POINT('',#6001);
#2424=VERTEX_POINT('',#6003);
#2425=VERTEX_POINT('',#6005);
#2426=VERTEX_POINT('',#6007);
#2427=VERTEX_POINT('',#6009);
#2428=VERTEX_POINT('',#6013);
#2429=VERTEX_POINT('',#6017);
#2430=VERTEX_POINT('',#6021);
#2431=VERTEX_POINT('',#6025);
#2432=VERTEX_POINT('',#6029);
#2433=VERTEX_POINT('',#6034);
#2434=VERTEX_POINT('',#6035);
#2435=VERTEX_POINT('',#6037);
#2436=VERTEX_POINT('',#6039);
#2437=VERTEX_POINT('',#6041);
#2438=VERTEX_POINT('',#6043);
#2439=VERTEX_POINT('',#6045);
#2440=VERTEX_POINT('',#6048);
#2441=VERTEX_POINT('',#6049);
#2442=VERTEX_POINT('',#6051);
#2443=VERTEX_POINT('',#6053);
#2444=VERTEX_POINT('',#6056);
#2445=VERTEX_POINT('',#6057);
#2446=VERTEX_POINT('',#6059);
#2447=VERTEX_POINT('',#6061);
#2448=VERTEX_POINT('',#6063);
#2449=VERTEX_POINT('',#6065);
#2450=VERTEX_POINT('',#6067);
#2451=VERTEX_POINT('',#6070);
#2452=VERTEX_POINT('',#6071);
#2453=VERTEX_POINT('',#6073);
#2454=VERTEX_POINT('',#6075);
#2455=VERTEX_POINT('',#6077);
#2456=VERTEX_POINT('',#6079);
#2457=VERTEX_POINT('',#6081);
#2458=VERTEX_POINT('',#6083);
#2459=VERTEX_POINT('',#6085);
#2460=VERTEX_POINT('',#6087);
#2461=VERTEX_POINT('',#6089);
#2462=VERTEX_POINT('',#6091);
#2463=VERTEX_POINT('',#6096);
#2464=VERTEX_POINT('',#6097);
#2465=VERTEX_POINT('',#6099);
#2466=VERTEX_POINT('',#6101);
#2467=VERTEX_POINT('',#6103);
#2468=VERTEX_POINT('',#6105);
#2469=VERTEX_POINT('',#6109);
#2470=VERTEX_POINT('',#6111);
#2471=VERTEX_POINT('',#6113);
#2472=VERTEX_POINT('',#6115);
#2473=VERTEX_POINT('',#6119);
#2474=VERTEX_POINT('',#6121);
#2475=VERTEX_POINT('',#6125);
#2476=VERTEX_POINT('',#6130);
#2477=VERTEX_POINT('',#6131);
#2478=VERTEX_POINT('',#6133);
#2479=VERTEX_POINT('',#6135);
#2480=VERTEX_POINT('',#6139);
#2481=VERTEX_POINT('',#6140);
#2482=VERTEX_POINT('',#6144);
#2483=VERTEX_POINT('',#6148);
#2484=VERTEX_POINT('',#6152);
#2485=VERTEX_POINT('',#6154);
#2486=VERTEX_POINT('',#6158);
#2487=VERTEX_POINT('',#6160);
#2488=VERTEX_POINT('',#6162);
#2489=VERTEX_POINT('',#6164);
#2490=VERTEX_POINT('',#6168);
#2491=VERTEX_POINT('',#6170);
#2492=VERTEX_POINT('',#6172);
#2493=VERTEX_POINT('',#6175);
#2494=VERTEX_POINT('',#6176);
#2495=VERTEX_POINT('',#6178);
#2496=VERTEX_POINT('',#6180);
#2497=VERTEX_POINT('',#6182);
#2498=VERTEX_POINT('',#6184);
#2499=VERTEX_POINT('',#6186);
#2500=VERTEX_POINT('',#6189);
#2501=VERTEX_POINT('',#6190);
#2502=VERTEX_POINT('',#6192);
#2503=VERTEX_POINT('',#6194);
#2504=VERTEX_POINT('',#6196);
#2505=VERTEX_POINT('',#6198);
#2506=VERTEX_POINT('',#6200);
#2507=VERTEX_POINT('',#6203);
#2508=VERTEX_POINT('',#6204);
#2509=VERTEX_POINT('',#6206);
#2510=VERTEX_POINT('',#6208);
#2511=VERTEX_POINT('',#6211);
#2512=VERTEX_POINT('',#6212);
#2513=VERTEX_POINT('',#6214);
#2514=VERTEX_POINT('',#6216);
#2515=VERTEX_POINT('',#6218);
#2516=VERTEX_POINT('',#6222);
#2517=VERTEX_POINT('',#6224);
#2518=VERTEX_POINT('',#6226);
#2519=VERTEX_POINT('',#6230);
#2520=VERTEX_POINT('',#6232);
#2521=VERTEX_POINT('',#6234);
#2522=VERTEX_POINT('',#6237);
#2523=VERTEX_POINT('',#6238);
#2524=VERTEX_POINT('',#6240);
#2525=VERTEX_POINT('',#6242);
#2526=VERTEX_POINT('',#6244);
#2527=VERTEX_POINT('',#6246);
#2528=VERTEX_POINT('',#6248);
#2529=VERTEX_POINT('',#6250);
#2530=VERTEX_POINT('',#6255);
#2531=VERTEX_POINT('',#6256);
#2532=VERTEX_POINT('',#6258);
#2533=VERTEX_POINT('',#6260);
#2534=VERTEX_POINT('',#6262);
#2535=VERTEX_POINT('',#6266);
#2536=VERTEX_POINT('',#6268);
#2537=VERTEX_POINT('',#6270);
#2538=VERTEX_POINT('',#6272);
#2539=VERTEX_POINT('',#6274);
#2540=VERTEX_POINT('',#6276);
#2541=VERTEX_POINT('',#6278);
#2542=VERTEX_POINT('',#6280);
#2543=VERTEX_POINT('',#6282);
#2544=VERTEX_POINT('',#6284);
#2545=VERTEX_POINT('',#6287);
#2546=VERTEX_POINT('',#6288);
#2547=VERTEX_POINT('',#6290);
#2548=VERTEX_POINT('',#6292);
#2549=VERTEX_POINT('',#6294);
#2550=VERTEX_POINT('',#6296);
#2551=VERTEX_POINT('',#6298);
#2552=VERTEX_POINT('',#6301);
#2553=VERTEX_POINT('',#6302);
#2554=VERTEX_POINT('',#6304);
#2555=VERTEX_POINT('',#6306);
#2556=VERTEX_POINT('',#6309);
#2557=VERTEX_POINT('',#6310);
#2558=VERTEX_POINT('',#6312);
#2559=VERTEX_POINT('',#6315);
#2560=VERTEX_POINT('',#6316);
#2561=VERTEX_POINT('',#6318);
#2562=VERTEX_POINT('',#6321);
#2563=VERTEX_POINT('',#6322);
#2564=VERTEX_POINT('',#6324);
#2565=VERTEX_POINT('',#6327);
#2566=VERTEX_POINT('',#6328);
#2567=VERTEX_POINT('',#6330);
#2568=VERTEX_POINT('',#6333);
#2569=VERTEX_POINT('',#6334);
#2570=VERTEX_POINT('',#6336);
#2571=VERTEX_POINT('',#6338);
#2572=VERTEX_POINT('',#6341);
#2573=VERTEX_POINT('',#6342);
#2574=VERTEX_POINT('',#6344);
#2575=VERTEX_POINT('',#6346);
#2576=VERTEX_POINT('',#6350);
#2577=VERTEX_POINT('',#6354);
#2578=VERTEX_POINT('',#6356);
#2579=VERTEX_POINT('',#6358);
#2580=VERTEX_POINT('',#6362);
#2581=VERTEX_POINT('',#6366);
#2582=VERTEX_POINT('',#6368);
#2583=VERTEX_POINT('',#6370);
#2584=VERTEX_POINT('',#6372);
#2585=VERTEX_POINT('',#6374);
#2586=VERTEX_POINT('',#6378);
#2587=VERTEX_POINT('',#6382);
#2588=VERTEX_POINT('',#6386);
#2589=VERTEX_POINT('',#6390);
#2590=VERTEX_POINT('',#6394);
#2591=VERTEX_POINT('',#6396);
#2592=VERTEX_POINT('',#6398);
#2593=VERTEX_POINT('',#6402);
#2594=VERTEX_POINT('',#6407);
#2595=VERTEX_POINT('',#6408);
#2596=VERTEX_POINT('',#6410);
#2597=VERTEX_POINT('',#6412);
#2598=VERTEX_POINT('',#6417);
#2599=VERTEX_POINT('',#6418);
#2600=VERTEX_POINT('',#6422);
#2601=VERTEX_POINT('',#6424);
#2602=VERTEX_POINT('',#6426);
#2603=VERTEX_POINT('',#6428);
#2604=VERTEX_POINT('',#6430);
#2605=VERTEX_POINT('',#6434);
#2606=VERTEX_POINT('',#6438);
#2607=VERTEX_POINT('',#6442);
#2608=VERTEX_POINT('',#6446);
#2609=VERTEX_POINT('',#6450);
#2610=VERTEX_POINT('',#6454);
#2611=VERTEX_POINT('',#6456);
#2612=VERTEX_POINT('',#6458);
#2613=VERTEX_POINT('',#6460);
#2614=VERTEX_POINT('',#6462);
#2615=VERTEX_POINT('',#6466);
#2616=VERTEX_POINT('',#6473);
#2617=VERTEX_POINT('',#6474);
#2618=VERTEX_POINT('',#6478);
#2619=VERTEX_POINT('',#6480);
#2620=VERTEX_POINT('',#6482);
#2621=VERTEX_POINT('',#6484);
#2622=VERTEX_POINT('',#6486);
#2623=VERTEX_POINT('',#6490);
#2624=VERTEX_POINT('',#6494);
#2625=VERTEX_POINT('',#6498);
#2626=VERTEX_POINT('',#6502);
#2627=VERTEX_POINT('',#6506);
#2628=VERTEX_POINT('',#6510);
#2629=VERTEX_POINT('',#6512);
#2630=VERTEX_POINT('',#6514);
#2631=VERTEX_POINT('',#6516);
#2632=VERTEX_POINT('',#6518);
#2633=VERTEX_POINT('',#6522);
#2634=VERTEX_POINT('',#6529);
#2635=VERTEX_POINT('',#6530);
#2636=VERTEX_POINT('',#6532);
#2637=VERTEX_POINT('',#6534);
#2638=VERTEX_POINT('',#6536);
#2639=VERTEX_POINT('',#6538);
#2640=VERTEX_POINT('',#6540);
#2641=VERTEX_POINT('',#6544);
#2642=VERTEX_POINT('',#6548);
#2643=VERTEX_POINT('',#6550);
#2644=VERTEX_POINT('',#6552);
#2645=VERTEX_POINT('',#6554);
#2646=VERTEX_POINT('',#6556);
#2647=VERTEX_POINT('',#6558);
#2648=VERTEX_POINT('',#6563);
#2649=VERTEX_POINT('',#6564);
#2650=VERTEX_POINT('',#6566);
#2651=VERTEX_POINT('',#6568);
#2652=VERTEX_POINT('',#6570);
#2653=VERTEX_POINT('',#6572);
#2654=VERTEX_POINT('',#6575);
#2655=VERTEX_POINT('',#6576);
#2656=VERTEX_POINT('',#6578);
#2657=VERTEX_POINT('',#6582);
#2658=VERTEX_POINT('',#6586);
#2659=VERTEX_POINT('',#6590);
#2660=VERTEX_POINT('',#6594);
#2661=VERTEX_POINT('',#6598);
#2662=VERTEX_POINT('',#6602);
#2663=VERTEX_POINT('',#6604);
#2664=VERTEX_POINT('',#6606);
#2665=VERTEX_POINT('',#6608);
#2666=VERTEX_POINT('',#6610);
#2667=VERTEX_POINT('',#6614);
#2668=VERTEX_POINT('',#6618);
#2669=VERTEX_POINT('',#6622);
#2670=VERTEX_POINT('',#6626);
#2671=VERTEX_POINT('',#6628);
#2672=VERTEX_POINT('',#6631);
#2673=VERTEX_POINT('',#6632);
#2674=VERTEX_POINT('',#6634);
#2675=VERTEX_POINT('',#6636);
#2676=VERTEX_POINT('',#6639);
#2677=VERTEX_POINT('',#6640);
#2678=VERTEX_POINT('',#6642);
#2679=VERTEX_POINT('',#6644);
#2680=VERTEX_POINT('',#6646);
#2681=VERTEX_POINT('',#6648);
#2682=VERTEX_POINT('',#6650);
#2683=VERTEX_POINT('',#6652);
#2684=VERTEX_POINT('',#6654);
#2685=VERTEX_POINT('',#6656);
#2686=VERTEX_POINT('',#6658);
#2687=VERTEX_POINT('',#6660);
#2688=VERTEX_POINT('',#6663);
#2689=VERTEX_POINT('',#6664);
#2690=VERTEX_POINT('',#6666);
#2691=VERTEX_POINT('',#6668);
#2692=LINE('',#5605,#3096);
#2693=LINE('',#5608,#3097);
#2694=LINE('',#5610,#3098);
#2695=LINE('',#5612,#3099);
#2696=LINE('',#5613,#3100);
#2697=LINE('',#5616,#3101);
#2698=LINE('',#5618,#3102);
#2699=LINE('',#5619,#3103);
#2700=LINE('',#5622,#3104);
#2701=LINE('',#5624,#3105);
#2702=LINE('',#5625,#3106);
#2703=LINE('',#5628,#3107);
#2704=LINE('',#5630,#3108);
#2705=LINE('',#5631,#3109);
#2706=LINE('',#5634,#3110);
#2707=LINE('',#5636,#3111);
#2708=LINE('',#5637,#3112);
#2709=LINE('',#5640,#3113);
#2710=LINE('',#5676,#3114);
#2711=LINE('',#5678,#3115);
#2712=LINE('',#5680,#3116);
#2713=LINE('',#5702,#3117);
#2714=LINE('',#5703,#3118);
#2715=LINE('',#5706,#3119);
#2716=LINE('',#5708,#3120);
#2717=LINE('',#5710,#3121);
#2718=LINE('',#5711,#3122);
#2719=LINE('',#5714,#3123);
#2720=LINE('',#5716,#3124);
#2721=LINE('',#5718,#3125);
#2722=LINE('',#5719,#3126);
#2723=LINE('',#5722,#3127);
#2724=LINE('',#5724,#3128);
#2725=LINE('',#5726,#3129);
#2726=LINE('',#5728,#3130);
#2727=LINE('',#5730,#3131);
#2728=LINE('',#5732,#3132);
#2729=LINE('',#5754,#3133);
#2730=LINE('',#5784,#3134);
#2731=LINE('',#5789,#3135);
#2732=LINE('',#5792,#3136);
#2733=LINE('',#5794,#3137);
#2734=LINE('',#5804,#3138);
#2735=LINE('',#5806,#3139);
#2736=LINE('',#5818,#3140);
#2737=LINE('',#5820,#3141);
#2738=LINE('',#5842,#3142);
#2739=LINE('',#5872,#3143);
#2740=LINE('',#5880,#3144);
#2741=LINE('',#5888,#3145);
#2742=LINE('',#5890,#3146);
#2743=LINE('',#5892,#3147);
#2744=LINE('',#5912,#3148);
#2745=LINE('',#5926,#3149);
#2746=LINE('',#5946,#3150);
#2747=LINE('',#5956,#3151);
#2748=LINE('',#5957,#3152);
#2749=LINE('',#5960,#3153);
#2750=LINE('',#5962,#3154);
#2751=LINE('',#5964,#3155);
#2752=LINE('',#5966,#3156);
#2753=LINE('',#5968,#3157);
#2754=LINE('',#5969,#3158);
#2755=LINE('',#5972,#3159);
#2756=LINE('',#5974,#3160);
#2757=LINE('',#5976,#3161);
#2758=LINE('',#5980,#3162);
#2759=LINE('',#6006,#3163);
#2760=LINE('',#6033,#3164);
#2761=LINE('',#6036,#3165);
#2762=LINE('',#6038,#3166);
#2763=LINE('',#6040,#3167);
#2764=LINE('',#6042,#3168);
#2765=LINE('',#6044,#3169);
#2766=LINE('',#6046,#3170);
#2767=LINE('',#6047,#3171);
#2768=LINE('',#6050,#3172);
#2769=LINE('',#6052,#3173);
#2770=LINE('',#6054,#3174);
#2771=LINE('',#6055,#3175);
#2772=LINE('',#6058,#3176);
#2773=LINE('',#6060,#3177);
#2774=LINE('',#6062,#3178);
#2775=LINE('',#6064,#3179);
#2776=LINE('',#6066,#3180);
#2777=LINE('',#6068,#3181);
#2778=LINE('',#6072,#3182);
#2779=LINE('',#6082,#3183);
#2780=LINE('',#6084,#3184);
#2781=LINE('',#6086,#3185);
#2782=LINE('',#6098,#3186);
#2783=LINE('',#6120,#3187);
#2784=LINE('',#6129,#3188);
#2785=LINE('',#6132,#3189);
#2786=LINE('',#6134,#3190);
#2787=LINE('',#6136,#3191);
#2788=LINE('',#6138,#3192);
#2789=LINE('',#6153,#3193);
#2790=LINE('',#6174,#3194);
#2791=LINE('',#6177,#3195);
#2792=LINE('',#6179,#3196);
#2793=LINE('',#6181,#3197);
#2794=LINE('',#6183,#3198);
#2795=LINE('',#6185,#3199);
#2796=LINE('',#6187,#3200);
#2797=LINE('',#6188,#3201);
#2798=LINE('',#6191,#3202);
#2799=LINE('',#6193,#3203);
#2800=LINE('',#6195,#3204);
#2801=LINE('',#6197,#3205);
#2802=LINE('',#6199,#3206);
#2803=LINE('',#6201,#3207);
#2804=LINE('',#6202,#3208);
#2805=LINE('',#6205,#3209);
#2806=LINE('',#6207,#3210);
#2807=LINE('',#6209,#3211);
#2808=LINE('',#6215,#3212);
#2809=LINE('',#6225,#3213);
#2810=LINE('',#6236,#3214);
#2811=LINE('',#6243,#3215);
#2812=LINE('',#6245,#3216);
#2813=LINE('',#6247,#3217);
#2814=LINE('',#6254,#3218);
#2815=LINE('',#6257,#3219);
#2816=LINE('',#6259,#3220);
#2817=LINE('',#6261,#3221);
#2818=LINE('',#6273,#3222);
#2819=LINE('',#6275,#3223);
#2820=LINE('',#6285,#3224);
#2821=LINE('',#6286,#3225);
#2822=LINE('',#6289,#3226);
#2823=LINE('',#6291,#3227);
#2824=LINE('',#6293,#3228);
#2825=LINE('',#6295,#3229);
#2826=LINE('',#6297,#3230);
#2827=LINE('',#6299,#3231);
#2828=LINE('',#6300,#3232);
#2829=LINE('',#6303,#3233);
#2830=LINE('',#6305,#3234);
#2831=LINE('',#6307,#3235);
#2832=LINE('',#6308,#3236);
#2833=LINE('',#6311,#3237);
#2834=LINE('',#6313,#3238);
#2835=LINE('',#6314,#3239);
#2836=LINE('',#6317,#3240);
#2837=LINE('',#6319,#3241);
#2838=LINE('',#6320,#3242);
#2839=LINE('',#6323,#3243);
#2840=LINE('',#6325,#3244);
#2841=LINE('',#6326,#3245);
#2842=LINE('',#6329,#3246);
#2843=LINE('',#6331,#3247);
#2844=LINE('',#6332,#3248);
#2845=LINE('',#6335,#3249);
#2846=LINE('',#6337,#3250);
#2847=LINE('',#6339,#3251);
#2848=LINE('',#6340,#3252);
#2849=LINE('',#6343,#3253);
#2850=LINE('',#6345,#3254);
#2851=LINE('',#6367,#3255);
#2852=LINE('',#6369,#3256);
#2853=LINE('',#6371,#3257);
#2854=LINE('',#6406,#3258);
#2855=LINE('',#6409,#3259);
#2856=LINE('',#6411,#3260);
#2857=LINE('',#6413,#3261);
#2858=LINE('',#6427,#3262);
#2859=LINE('',#6457,#3263);
#2860=LINE('',#6483,#3264);
#2861=LINE('',#6513,#3265);
#2862=LINE('',#6537,#3266);
#2863=LINE('',#6551,#3267);
#2864=LINE('',#6562,#3268);
#2865=LINE('',#6565,#3269);
#2866=LINE('',#6567,#3270);
#2867=LINE('',#6569,#3271);
#2868=LINE('',#6571,#3272);
#2869=LINE('',#6573,#3273);
#2870=LINE('',#6574,#3274);
#2871=LINE('',#6605,#3275);
#2872=LINE('',#6630,#3276);
#2873=LINE('',#6633,#3277);
#2874=LINE('',#6635,#3278);
#2875=LINE('',#6637,#3279);
#2876=LINE('',#6638,#3280);
#2877=LINE('',#6649,#3281);
#2878=LINE('',#6651,#3282);
#2879=LINE('',#6653,#3283);
#2880=LINE('',#6662,#3284);
#2881=LINE('',#6665,#3285);
#2882=LINE('',#6667,#3286);
#2883=LINE('',#6669,#3287);
#2884=LINE('',#6671,#3288);
#2885=LINE('',#6672,#3289);
#2886=LINE('',#6674,#3290);
#2887=LINE('',#6676,#3291);
#2888=LINE('',#6677,#3292);
#2889=LINE('',#6679,#3293);
#2890=LINE('',#6681,#3294);
#2891=LINE('',#6682,#3295);
#2892=LINE('',#6684,#3296);
#2893=LINE('',#6686,#3297);
#2894=LINE('',#6687,#3298);
#2895=LINE('',#6689,#3299);
#2896=LINE('',#6691,#3300);
#2897=LINE('',#6692,#3301);
#2898=LINE('',#6694,#3302);
#2899=LINE('',#6696,#3303);
#2900=LINE('',#6710,#3304);
#2901=LINE('',#6711,#3305);
#2902=LINE('',#6713,#3306);
#2903=LINE('',#6722,#3307);
#2904=LINE('',#6724,#3308);
#2905=LINE('',#6733,#3309);
#2906=LINE('',#6742,#3310);
#2907=LINE('',#6751,#3311);
#2908=LINE('',#6760,#3312);
#2909=LINE('',#6769,#3313);
#2910=LINE('',#6771,#3314);
#2911=LINE('',#6773,#3315);
#2912=LINE('',#6775,#3316);
#2913=LINE('',#6777,#3317);
#2914=LINE('',#6786,#3318);
#2915=LINE('',#6795,#3319);
#2916=LINE('',#6797,#3320);
#2917=LINE('',#6799,#3321);
#2918=LINE('',#6808,#3322);
#2919=LINE('',#6817,#3323);
#2920=LINE('',#6819,#3324);
#2921=LINE('',#6821,#3325);
#2922=LINE('',#6824,#3326);
#2923=LINE('',#6825,#3327);
#2924=LINE('',#6827,#3328);
#2925=LINE('',#6829,#3329);
#2926=LINE('',#6832,#3330);
#2927=LINE('',#6833,#3331);
#2928=LINE('',#6835,#3332);
#2929=LINE('',#6837,#3333);
#2930=LINE('',#6840,#3334);
#2931=LINE('',#6841,#3335);
#2932=LINE('',#6843,#3336);
#2933=LINE('',#6845,#3337);
#2934=LINE('',#6847,#3338);
#2935=LINE('',#6849,#3339);
#2936=LINE('',#6851,#3340);
#2937=LINE('',#6861,#3341);
#2938=LINE('',#6862,#3342);
#2939=LINE('',#6864,#3343);
#2940=LINE('',#6873,#3344);
#2941=LINE('',#6875,#3345);
#2942=LINE('',#6877,#3346);
#2943=LINE('',#6879,#3347);
#2944=LINE('',#6888,#3348);
#2945=LINE('',#6897,#3349);
#2946=LINE('',#6906,#3350);
#2947=LINE('',#6915,#3351);
#2948=LINE('',#6924,#3352);
#2949=LINE('',#6933,#3353);
#2950=LINE('',#6935,#3354);
#2951=LINE('',#6937,#3355);
#2952=LINE('',#6939,#3356);
#2953=LINE('',#6941,#3357);
#2954=LINE('',#6950,#3358);
#2955=LINE('',#6960,#3359);
#2956=LINE('',#6961,#3360);
#2957=LINE('',#6963,#3361);
#2958=LINE('',#6965,#3362);
#2959=LINE('',#6967,#3363);
#2960=LINE('',#6969,#3364);
#2961=LINE('',#6971,#3365);
#2962=LINE('',#6973,#3366);
#2963=LINE('',#6975,#3367);
#2964=LINE('',#6977,#3368);
#2965=LINE('',#6979,#3369);
#2966=LINE('',#6988,#3370);
#2967=LINE('',#6990,#3371);
#2968=LINE('',#6992,#3372);
#2969=LINE('',#6994,#3373);
#2970=LINE('',#7004,#3374);
#2971=LINE('',#7005,#3375);
#2972=LINE('',#7007,#3376);
#2973=LINE('',#7016,#3377);
#2974=LINE('',#7018,#3378);
#2975=LINE('',#7020,#3379);
#2976=LINE('',#7022,#3380);
#2977=LINE('',#7031,#3381);
#2978=LINE('',#7040,#3382);
#2979=LINE('',#7049,#3383);
#2980=LINE('',#7058,#3384);
#2981=LINE('',#7067,#3385);
#2982=LINE('',#7076,#3386);
#2983=LINE('',#7078,#3387);
#2984=LINE('',#7080,#3388);
#2985=LINE('',#7082,#3389);
#2986=LINE('',#7084,#3390);
#2987=LINE('',#7093,#3391);
#2988=LINE('',#7103,#3392);
#2989=LINE('',#7104,#3393);
#2990=LINE('',#7106,#3394);
#2991=LINE('',#7115,#3395);
#2992=LINE('',#7117,#3396);
#2993=LINE('',#7119,#3397);
#2994=LINE('',#7121,#3398);
#2995=LINE('',#7123,#3399);
#2996=LINE('',#7126,#3400);
#2997=LINE('',#7127,#3401);
#2998=LINE('',#7129,#3402);
#2999=LINE('',#7138,#3403);
#3000=LINE('',#7140,#3404);
#3001=LINE('',#7142,#3405);
#3002=LINE('',#7144,#3406);
#3003=LINE('',#7153,#3407);
#3004=LINE('',#7162,#3408);
#3005=LINE('',#7164,#3409);
#3006=LINE('',#7166,#3410);
#3007=LINE('',#7168,#3411);
#3008=LINE('',#7170,#3412);
#3009=LINE('',#7172,#3413);
#3010=LINE('',#7182,#3414);
#3011=LINE('',#7183,#3415);
#3012=LINE('',#7185,#3416);
#3013=LINE('',#7187,#3417);
#3014=LINE('',#7196,#3418);
#3015=LINE('',#7198,#3419);
#3016=LINE('',#7200,#3420);
#3017=LINE('',#7209,#3421);
#3018=LINE('',#7211,#3422);
#3019=LINE('',#7213,#3423);
#3020=LINE('',#7215,#3424);
#3021=LINE('',#7218,#3425);
#3022=LINE('',#7219,#3426);
#3023=LINE('',#7221,#3427);
#3024=LINE('',#7223,#3428);
#3025=LINE('',#7225,#3429);
#3026=LINE('',#7227,#3430);
#3027=LINE('',#7230,#3431);
#3028=LINE('',#7231,#3432);
#3029=LINE('',#7233,#3433);
#3030=LINE('',#7235,#3434);
#3031=LINE('',#7238,#3435);
#3032=LINE('',#7239,#3436);
#3033=LINE('',#7248,#3437);
#3034=LINE('',#7250,#3438);
#3035=LINE('',#7259,#3439);
#3036=LINE('',#7268,#3440);
#3037=LINE('',#7277,#3441);
#3038=LINE('',#7279,#3442);
#3039=LINE('',#7281,#3443);
#3040=LINE('',#7283,#3444);
#3041=LINE('',#7285,#3445);
#3042=LINE('',#7294,#3446);
#3043=LINE('',#7303,#3447);
#3044=LINE('',#7312,#3448);
#3045=LINE('',#7321,#3449);
#3046=LINE('',#7330,#3450);
#3047=LINE('',#7339,#3451);
#3048=LINE('',#7341,#3452);
#3049=LINE('',#7344,#3453);
#3050=LINE('',#7345,#3454);
#3051=LINE('',#7347,#3455);
#3052=LINE('',#7349,#3456);
#3053=LINE('',#7351,#3457);
#3054=LINE('',#7353,#3458);
#3055=LINE('',#7355,#3459);
#3056=LINE('',#7358,#3460);
#3057=LINE('',#7359,#3461);
#3058=LINE('',#7361,#3462);
#3059=LINE('',#7363,#3463);
#3060=LINE('',#7366,#3464);
#3061=LINE('',#7367,#3465);
#3062=LINE('',#7369,#3466);
#3063=LINE('',#7371,#3467);
#3064=LINE('',#7373,#3468);
#3065=LINE('',#7375,#3469);
#3066=LINE('',#7377,#3470);
#3067=LINE('',#7380,#3471);
#3068=LINE('',#7381,#3472);
#3069=LINE('',#7383,#3473);
#3070=LINE('',#7385,#3474);
#3071=LINE('',#7387,#3475);
#3072=LINE('',#7389,#3476);
#3073=LINE('',#7391,#3477);
#3074=LINE('',#7393,#3478);
#3075=LINE('',#7395,#3479);
#3076=LINE('',#7397,#3480);
#3077=LINE('',#7399,#3481);
#3078=LINE('',#7401,#3482);
#3079=LINE('',#7404,#3483);
#3080=LINE('',#7405,#3484);
#3081=LINE('',#7407,#3485);
#3082=LINE('',#7409,#3486);
#3083=LINE('',#7418,#3487);
#3084=LINE('',#7420,#3488);
#3085=LINE('',#7422,#3489);
#3086=LINE('',#7424,#3490);
#3087=LINE('',#7433,#3491);
#3088=LINE('',#7435,#3492);
#3089=LINE('',#7444,#3493);
#3090=LINE('',#7453,#3494);
#3091=LINE('',#7462,#3495);
#3092=LINE('',#7465,#3496);
#3093=LINE('',#7466,#3497);
#3094=LINE('',#7468,#3498);
#3095=LINE('',#7470,#3499);
#3096=VECTOR('',#4633,1.);
#3097=VECTOR('',#4634,1.);
#3098=VECTOR('',#4635,1.);
#3099=VECTOR('',#4636,1.);
#3100=VECTOR('',#4637,1.);
#3101=VECTOR('',#4638,1.);
#3102=VECTOR('',#4639,1.);
#3103=VECTOR('',#4640,1.);
#3104=VECTOR('',#4641,1.);
#3105=VECTOR('',#4642,1.);
#3106=VECTOR('',#4643,1.);
#3107=VECTOR('',#4644,1.);
#3108=VECTOR('',#4645,1.);
#3109=VECTOR('',#4646,1.);
#3110=VECTOR('',#4647,1.);
#3111=VECTOR('',#4648,1.);
#3112=VECTOR('',#4649,1.);
#3113=VECTOR('',#4650,1.);
#3114=VECTOR('',#4657,1.);
#3115=VECTOR('',#4658,1.);
#3116=VECTOR('',#4659,1.);
#3117=VECTOR('',#4664,1.);
#3118=VECTOR('',#4665,1.);
#3119=VECTOR('',#4666,1.);
#3120=VECTOR('',#4667,1.);
#3121=VECTOR('',#4668,1.);
#3122=VECTOR('',#4669,1.);
#3123=VECTOR('',#4670,1.);
#3124=VECTOR('',#4671,1.);
#3125=VECTOR('',#4672,1.);
#3126=VECTOR('',#4673,1.);
#3127=VECTOR('',#4674,1.);
#3128=VECTOR('',#4675,1.);
#3129=VECTOR('',#4676,1.);
#3130=VECTOR('',#4677,1.);
#3131=VECTOR('',#4678,1.);
#3132=VECTOR('',#4679,1.);
#3133=VECTOR('',#4684,1.);
#3134=VECTOR('',#4689,1.);
#3135=VECTOR('',#4694,1.);
#3136=VECTOR('',#4695,1.);
#3137=VECTOR('',#4696,1.);
#3138=VECTOR('',#4705,1.);
#3139=VECTOR('',#4706,1.);
#3140=VECTOR('',#4713,1.);
#3141=VECTOR('',#4714,1.);
#3142=VECTOR('',#4719,1.);
#3143=VECTOR('',#4724,1.);
#3144=VECTOR('',#4731,1.);
#3145=VECTOR('',#4734,1.);
#3146=VECTOR('',#4735,1.);
#3147=VECTOR('',#4736,1.);
#3148=VECTOR('',#4747,1.);
#3149=VECTOR('',#4752,1.);
#3150=VECTOR('',#4767,1.);
#3151=VECTOR('',#4772,1.);
#3152=VECTOR('',#4773,1.);
#3153=VECTOR('',#4774,1.);
#3154=VECTOR('',#4775,1.);
#3155=VECTOR('',#4776,1.);
#3156=VECTOR('',#4777,1.);
#3157=VECTOR('',#4778,1.);
#3158=VECTOR('',#4779,1.);
#3159=VECTOR('',#4780,1.);
#3160=VECTOR('',#4781,1.);
#3161=VECTOR('',#4782,1.);
#3162=VECTOR('',#4785,1.);
#3163=VECTOR('',#4794,1.);
#3164=VECTOR('',#4797,1.);
#3165=VECTOR('',#4798,1.);
#3166=VECTOR('',#4799,1.);
#3167=VECTOR('',#4800,1.);
#3168=VECTOR('',#4801,1.);
#3169=VECTOR('',#4802,1.);
#3170=VECTOR('',#4803,1.);
#3171=VECTOR('',#4804,1.);
#3172=VECTOR('',#4805,1.);
#3173=VECTOR('',#4806,1.);
#3174=VECTOR('',#4807,1.);
#3175=VECTOR('',#4808,1.);
#3176=VECTOR('',#4809,1.);
#3177=VECTOR('',#4810,1.);
#3178=VECTOR('',#4811,1.);
#3179=VECTOR('',#4812,1.);
#3180=VECTOR('',#4813,1.);
#3181=VECTOR('',#4814,1.);
#3182=VECTOR('',#4817,1.);
#3183=VECTOR('',#4826,1.);
#3184=VECTOR('',#4827,1.);
#3185=VECTOR('',#4828,1.);
#3186=VECTOR('',#4835,1.);
#3187=VECTOR('',#4848,1.);
#3188=VECTOR('',#4849,1.);
#3189=VECTOR('',#4850,1.);
#3190=VECTOR('',#4851,1.);
#3191=VECTOR('',#4852,1.);
#3192=VECTOR('',#4855,1.);
#3193=VECTOR('',#4856,1.);
#3194=VECTOR('',#4869,1.);
#3195=VECTOR('',#4870,1.);
#3196=VECTOR('',#4871,1.);
#3197=VECTOR('',#4872,1.);
#3198=VECTOR('',#4873,1.);
#3199=VECTOR('',#4874,1.);
#3200=VECTOR('',#4875,1.);
#3201=VECTOR('',#4876,1.);
#3202=VECTOR('',#4877,1.);
#3203=VECTOR('',#4878,1.);
#3204=VECTOR('',#4879,1.);
#3205=VECTOR('',#4880,1.);
#3206=VECTOR('',#4881,1.);
#3207=VECTOR('',#4882,1.);
#3208=VECTOR('',#4883,1.);
#3209=VECTOR('',#4884,1.);
#3210=VECTOR('',#4885,1.);
#3211=VECTOR('',#4886,1.);
#3212=VECTOR('',#4891,1.);
#3213=VECTOR('',#4896,1.);
#3214=VECTOR('',#4903,1.);
#3215=VECTOR('',#4908,1.);
#3216=VECTOR('',#4909,1.);
#3217=VECTOR('',#4910,1.);
#3218=VECTOR('',#4913,1.);
#3219=VECTOR('',#4914,1.);
#3220=VECTOR('',#4915,1.);
#3221=VECTOR('',#4916,1.);
#3222=VECTOR('',#4923,1.);
#3223=VECTOR('',#4924,1.);
#3224=VECTOR('',#4933,1.);
#3225=VECTOR('',#4934,1.);
#3226=VECTOR('',#4935,1.);
#3227=VECTOR('',#4936,1.);
#3228=VECTOR('',#4937,1.);
#3229=VECTOR('',#4938,1.);
#3230=VECTOR('',#4939,1.);
#3231=VECTOR('',#4940,1.);
#3232=VECTOR('',#4941,1.);
#3233=VECTOR('',#4942,1.);
#3234=VECTOR('',#4943,1.);
#3235=VECTOR('',#4944,1.);
#3236=VECTOR('',#4945,1.);
#3237=VECTOR('',#4946,1.);
#3238=VECTOR('',#4947,1.);
#3239=VECTOR('',#4948,1.);
#3240=VECTOR('',#4949,1.);
#3241=VECTOR('',#4950,1.);
#3242=VECTOR('',#4951,1.);
#3243=VECTOR('',#4952,1.);
#3244=VECTOR('',#4953,1.);
#3245=VECTOR('',#4954,1.);
#3246=VECTOR('',#4955,1.);
#3247=VECTOR('',#4956,1.);
#3248=VECTOR('',#4957,1.);
#3249=VECTOR('',#4958,1.);
#3250=VECTOR('',#4959,1.);
#3251=VECTOR('',#4960,1.);
#3252=VECTOR('',#4961,1.);
#3253=VECTOR('',#4962,1.);
#3254=VECTOR('',#4963,1.);
#3255=VECTOR('',#4968,1.);
#3256=VECTOR('',#4969,1.);
#3257=VECTOR('',#4970,1.);
#3258=VECTOR('',#4977,1.);
#3259=VECTOR('',#4978,1.);
#3260=VECTOR('',#4979,1.);
#3261=VECTOR('',#4980,1.);
#3262=VECTOR('',#4985,1.);
#3263=VECTOR('',#4990,1.);
#3264=VECTOR('',#4999,1.);
#3265=VECTOR('',#5004,1.);
#3266=VECTOR('',#5015,1.);
#3267=VECTOR('',#5020,1.);
#3268=VECTOR('',#5027,1.);
#3269=VECTOR('',#5028,1.);
#3270=VECTOR('',#5029,1.);
#3271=VECTOR('',#5030,1.);
#3272=VECTOR('',#5031,1.);
#3273=VECTOR('',#5032,1.);
#3274=VECTOR('',#5033,1.);
#3275=VECTOR('',#5038,1.);
#3276=VECTOR('',#5047,1.);
#3277=VECTOR('',#5048,1.);
#3278=VECTOR('',#5049,1.);
#3279=VECTOR('',#5050,1.);
#3280=VECTOR('',#5051,1.);
#3281=VECTOR('',#5060,1.);
#3282=VECTOR('',#5061,1.);
#3283=VECTOR('',#5062,1.);
#3284=VECTOR('',#5071,1.);
#3285=VECTOR('',#5072,1.);
#3286=VECTOR('',#5073,1.);
#3287=VECTOR('',#5074,1.);
#3288=VECTOR('',#5077,1.);
#3289=VECTOR('',#5078,1.);
#3290=VECTOR('',#5081,1.);
#3291=VECTOR('',#5084,1.);
#3292=VECTOR('',#5085,1.);
#3293=VECTOR('',#5088,1.);
#3294=VECTOR('',#5091,1.);
#3295=VECTOR('',#5092,1.);
#3296=VECTOR('',#5095,1.);
#3297=VECTOR('',#5098,1.);
#3298=VECTOR('',#5099,1.);
#3299=VECTOR('',#5102,1.);
#3300=VECTOR('',#5105,1.);
#3301=VECTOR('',#5106,1.);
#3302=VECTOR('',#5109,1.);
#3303=VECTOR('',#5112,1.);
#3304=VECTOR('',#5123,1.);
#3305=VECTOR('',#5124,1.);
#3306=VECTOR('',#5127,1.);
#3307=VECTOR('',#5128,1.);
#3308=VECTOR('',#5131,1.);
#3309=VECTOR('',#5132,1.);
#3310=VECTOR('',#5133,1.);
#3311=VECTOR('',#5134,1.);
#3312=VECTOR('',#5135,1.);
#3313=VECTOR('',#5136,1.);
#3314=VECTOR('',#5139,1.);
#3315=VECTOR('',#5142,1.);
#3316=VECTOR('',#5145,1.);
#3317=VECTOR('',#5148,1.);
#3318=VECTOR('',#5149,1.);
#3319=VECTOR('',#5150,1.);
#3320=VECTOR('',#5153,1.);
#3321=VECTOR('',#5156,1.);
#3322=VECTOR('',#5157,1.);
#3323=VECTOR('',#5158,1.);
#3324=VECTOR('',#5161,1.);
#3325=VECTOR('',#5164,1.);
#3326=VECTOR('',#5169,1.);
#3327=VECTOR('',#5170,1.);
#3328=VECTOR('',#5173,1.);
#3329=VECTOR('',#5176,1.);
#3330=VECTOR('',#5181,1.);
#3331=VECTOR('',#5182,1.);
#3332=VECTOR('',#5185,1.);
#3333=VECTOR('',#5188,1.);
#3334=VECTOR('',#5193,1.);
#3335=VECTOR('',#5194,1.);
#3336=VECTOR('',#5197,1.);
#3337=VECTOR('',#5200,1.);
#3338=VECTOR('',#5203,1.);
#3339=VECTOR('',#5206,1.);
#3340=VECTOR('',#5209,1.);
#3341=VECTOR('',#5212,1.);
#3342=VECTOR('',#5213,1.);
#3343=VECTOR('',#5216,1.);
#3344=VECTOR('',#5217,1.);
#3345=VECTOR('',#5220,1.);
#3346=VECTOR('',#5223,1.);
#3347=VECTOR('',#5226,1.);
#3348=VECTOR('',#5227,1.);
#3349=VECTOR('',#5228,1.);
#3350=VECTOR('',#5229,1.);
#3351=VECTOR('',#5230,1.);
#3352=VECTOR('',#5231,1.);
#3353=VECTOR('',#5232,1.);
#3354=VECTOR('',#5235,1.);
#3355=VECTOR('',#5238,1.);
#3356=VECTOR('',#5241,1.);
#3357=VECTOR('',#5244,1.);
#3358=VECTOR('',#5245,1.);
#3359=VECTOR('',#5248,1.);
#3360=VECTOR('',#5249,1.);
#3361=VECTOR('',#5252,1.);
#3362=VECTOR('',#5255,1.);
#3363=VECTOR('',#5258,1.);
#3364=VECTOR('',#5261,1.);
#3365=VECTOR('',#5264,1.);
#3366=VECTOR('',#5267,1.);
#3367=VECTOR('',#5270,1.);
#3368=VECTOR('',#5273,1.);
#3369=VECTOR('',#5276,1.);
#3370=VECTOR('',#5277,1.);
#3371=VECTOR('',#5280,1.);
#3372=VECTOR('',#5283,1.);
#3373=VECTOR('',#5286,1.);
#3374=VECTOR('',#5289,1.);
#3375=VECTOR('',#5290,1.);
#3376=VECTOR('',#5293,1.);
#3377=VECTOR('',#5294,1.);
#3378=VECTOR('',#5297,1.);
#3379=VECTOR('',#5300,1.);
#3380=VECTOR('',#5303,1.);
#3381=VECTOR('',#5304,1.);
#3382=VECTOR('',#5305,1.);
#3383=VECTOR('',#5306,1.);
#3384=VECTOR('',#5307,1.);
#3385=VECTOR('',#5308,1.);
#3386=VECTOR('',#5309,1.);
#3387=VECTOR('',#5312,1.);
#3388=VECTOR('',#5315,1.);
#3389=VECTOR('',#5318,1.);
#3390=VECTOR('',#5321,1.);
#3391=VECTOR('',#5322,1.);
#3392=VECTOR('',#5325,1.);
#3393=VECTOR('',#5326,1.);
#3394=VECTOR('',#5329,1.);
#3395=VECTOR('',#5330,1.);
#3396=VECTOR('',#5333,1.);
#3397=VECTOR('',#5336,1.);
#3398=VECTOR('',#5339,1.);
#3399=VECTOR('',#5342,1.);
#3400=VECTOR('',#5347,1.);
#3401=VECTOR('',#5348,1.);
#3402=VECTOR('',#5351,1.);
#3403=VECTOR('',#5352,1.);
#3404=VECTOR('',#5355,1.);
#3405=VECTOR('',#5358,1.);
#3406=VECTOR('',#5361,1.);
#3407=VECTOR('',#5362,1.);
#3408=VECTOR('',#5363,1.);
#3409=VECTOR('',#5366,1.);
#3410=VECTOR('',#5369,1.);
#3411=VECTOR('',#5372,1.);
#3412=VECTOR('',#5375,1.);
#3413=VECTOR('',#5378,1.);
#3414=VECTOR('',#5381,1.);
#3415=VECTOR('',#5382,1.);
#3416=VECTOR('',#5385,1.);
#3417=VECTOR('',#5388,1.);
#3418=VECTOR('',#5389,1.);
#3419=VECTOR('',#5392,1.);
#3420=VECTOR('',#5395,1.);
#3421=VECTOR('',#5396,1.);
#3422=VECTOR('',#5399,1.);
#3423=VECTOR('',#5402,1.);
#3424=VECTOR('',#5405,1.);
#3425=VECTOR('',#5410,1.);
#3426=VECTOR('',#5411,1.);
#3427=VECTOR('',#5414,1.);
#3428=VECTOR('',#5417,1.);
#3429=VECTOR('',#5420,1.);
#3430=VECTOR('',#5423,1.);
#3431=VECTOR('',#5428,1.);
#3432=VECTOR('',#5429,1.);
#3433=VECTOR('',#5432,1.);
#3434=VECTOR('',#5435,1.);
#3435=VECTOR('',#5440,1.);
#3436=VECTOR('',#5441,1.);
#3437=VECTOR('',#5442,1.);
#3438=VECTOR('',#5445,1.);
#3439=VECTOR('',#5446,1.);
#3440=VECTOR('',#5447,1.);
#3441=VECTOR('',#5448,1.);
#3442=VECTOR('',#5451,1.);
#3443=VECTOR('',#5454,1.);
#3444=VECTOR('',#5457,1.);
#3445=VECTOR('',#5460,1.);
#3446=VECTOR('',#5461,1.);
#3447=VECTOR('',#5462,1.);
#3448=VECTOR('',#5463,1.);
#3449=VECTOR('',#5464,1.);
#3450=VECTOR('',#5465,1.);
#3451=VECTOR('',#5466,1.);
#3452=VECTOR('',#5469,1.);
#3453=VECTOR('',#5474,1.);
#3454=VECTOR('',#5475,1.);
#3455=VECTOR('',#5478,1.);
#3456=VECTOR('',#5481,1.);
#3457=VECTOR('',#5484,1.);
#3458=VECTOR('',#5487,1.);
#3459=VECTOR('',#5490,1.);
#3460=VECTOR('',#5495,1.);
#3461=VECTOR('',#5496,1.);
#3462=VECTOR('',#5499,1.);
#3463=VECTOR('',#5502,1.);
#3464=VECTOR('',#5507,1.);
#3465=VECTOR('',#5508,1.);
#3466=VECTOR('',#5511,1.);
#3467=VECTOR('',#5514,1.);
#3468=VECTOR('',#5517,1.);
#3469=VECTOR('',#5520,1.);
#3470=VECTOR('',#5523,1.);
#3471=VECTOR('',#5528,1.);
#3472=VECTOR('',#5529,1.);
#3473=VECTOR('',#5532,1.);
#3474=VECTOR('',#5535,1.);
#3475=VECTOR('',#5538,1.);
#3476=VECTOR('',#5541,1.);
#3477=VECTOR('',#5544,1.);
#3478=VECTOR('',#5547,1.);
#3479=VECTOR('',#5550,1.);
#3480=VECTOR('',#5553,1.);
#3481=VECTOR('',#5556,1.);
#3482=VECTOR('',#5559,1.);
#3483=VECTOR('',#5564,1.);
#3484=VECTOR('',#5565,1.);
#3485=VECTOR('',#5568,1.);
#3486=VECTOR('',#5571,1.);
#3487=VECTOR('',#5572,1.);
#3488=VECTOR('',#5575,1.);
#3489=VECTOR('',#5578,1.);
#3490=VECTOR('',#5581,1.);
#3491=VECTOR('',#5582,1.);
#3492=VECTOR('',#5585,1.);
#3493=VECTOR('',#5586,1.);
#3494=VECTOR('',#5587,1.);
#3495=VECTOR('',#5588,1.);
#3496=VECTOR('',#5593,1.);
#3497=VECTOR('',#5594,1.);
#3498=VECTOR('',#5597,1.);
#3499=VECTOR('',#5600,1.);
#3500=EDGE_LOOP('',(#360,#361,#362,#363));
#3501=EDGE_LOOP('',(#364,#365,#366));
#3502=EDGE_LOOP('',(#367,#368,#369));
#3503=EDGE_LOOP('',(#370,#371,#372));
#3504=EDGE_LOOP('',(#373,#374,#375));
#3505=EDGE_LOOP('',(#376,#377,#378,#379,#380,#381,#382,#383,#384,#385,#386,
#387,#388,#389,#390,#391,#392,#393,#394,#395,#396,#397));
#3506=EDGE_LOOP('',(#398,#399,#400,#401));
#3507=EDGE_LOOP('',(#402,#403,#404,#405));
#3508=EDGE_LOOP('',(#406,#407,#408,#409,#410,#411,#412));
#3509=EDGE_LOOP('',(#413,#414,#415,#416,#417,#418,#419,#420,#421,#422,#423,
#424,#425,#426,#427,#428,#429,#430));
#3510=EDGE_LOOP('',(#431,#432,#433,#434,#435,#436,#437,#438,#439,#440,#441,
#442,#443,#444,#445));
#3511=EDGE_LOOP('',(#446,#447,#448,#449,#450,#451,#452,#453,#454,#455,#456,
#457,#458,#459,#460,#461,#462,#463));
#3512=EDGE_LOOP('',(#464,#465,#466,#467,#468,#469,#470,#471));
#3513=EDGE_LOOP('',(#472,#473,#474,#475,#476,#477,#478,#479,#480,#481,#482,
#483,#484,#485));
#3514=EDGE_LOOP('',(#486,#487,#488,#489,#490,#491,#492,#493,#494,#495,#496));
#3515=EDGE_LOOP('',(#497,#498,#499,#500,#501,#502));
#3516=EDGE_LOOP('',(#503,#504,#505,#506));
#3517=EDGE_LOOP('',(#507,#508,#509,#510,#511,#512,#513,#514,#515,#516,#517,
#518,#519,#520,#521,#522,#523,#524));
#3518=EDGE_LOOP('',(#525,#526,#527,#528,#529,#530,#531));
#3519=EDGE_LOOP('',(#532,#533,#534,#535));
#3520=EDGE_LOOP('',(#536,#537,#538,#539,#540,#541,#542));
#3521=EDGE_LOOP('',(#543,#544,#545,#546,#547,#548,#549,#550,#551,#552,#553,
#554));
#3522=EDGE_LOOP('',(#555,#556,#557,#558,#559,#560,#561,#562,#563,#564,#565,
#566,#567));
#3523=EDGE_LOOP('',(#568,#569,#570,#571));
#3524=EDGE_LOOP('',(#572,#573,#574,#575,#576,#577,#578,#579,#580,#581,#582,
#583,#584));
#3525=EDGE_LOOP('',(#585,#586,#587,#588,#589,#590,#591));
#3526=EDGE_LOOP('',(#592,#593,#594,#595,#596,#597,#598));
#3527=EDGE_LOOP('',(#599,#600,#601,#602));
#3528=EDGE_LOOP('',(#603,#604,#605,#606,#607,#608,#609,#610,#611,#612,#613));
#3529=EDGE_LOOP('',(#614,#615,#616,#617,#618,#619,#620,#621));
#3530=EDGE_LOOP('',(#622,#623,#624,#625,#626,#627,#628,#629,#630,#631,#632,
#633,#634,#635,#636));
#3531=EDGE_LOOP('',(#637,#638,#639,#640,#641,#642,#643));
#3532=EDGE_LOOP('',(#644,#645,#646,#647));
#3533=EDGE_LOOP('',(#648,#649,#650));
#3534=EDGE_LOOP('',(#651,#652,#653));
#3535=EDGE_LOOP('',(#654,#655,#656));
#3536=EDGE_LOOP('',(#657,#658,#659));
#3537=EDGE_LOOP('',(#660,#661,#662,#663));
#3538=EDGE_LOOP('',(#664,#665,#666,#667,#668,#669,#670,#671,#672,#673,#674,
#675,#676,#677,#678,#679,#680,#681,#682,#683,#684,#685));
#3539=EDGE_LOOP('',(#686,#687,#688,#689));
#3540=EDGE_LOOP('',(#690,#691,#692,#693,#694,#695,#696,#697,#698,#699,#700,
#701,#702,#703,#704,#705,#706,#707));
#3541=EDGE_LOOP('',(#708,#709,#710,#711,#712,#713,#714,#715,#716,#717,#718,
#719,#720,#721,#722,#723,#724,#725));
#3542=EDGE_LOOP('',(#726,#727,#728,#729,#730,#731,#732,#733,#734,#735,#736,
#737,#738,#739));
#3543=EDGE_LOOP('',(#740,#741,#742,#743,#744,#745));
#3544=EDGE_LOOP('',(#746,#747,#748,#749,#750,#751,#752,#753,#754,#755,#756,
#757,#758,#759,#760,#761,#762,#763));
#3545=EDGE_LOOP('',(#764,#765,#766,#767));
#3546=EDGE_LOOP('',(#768,#769,#770,#771,#772,#773,#774,#775,#776,#777,#778,
#779));
#3547=EDGE_LOOP('',(#780,#781,#782,#783));
#3548=EDGE_LOOP('',(#784,#785,#786,#787));
#3549=EDGE_LOOP('',(#788,#789,#790,#791));
#3550=EDGE_LOOP('',(#792,#793,#794,#795));
#3551=EDGE_LOOP('',(#796,#797,#798,#799));
#3552=EDGE_LOOP('',(#800,#801,#802,#803));
#3553=EDGE_LOOP('',(#804,#805,#806,#807));
#3554=EDGE_LOOP('',(#808,#809,#810,#811));
#3555=EDGE_LOOP('',(#812,#813,#814,#815));
#3556=EDGE_LOOP('',(#816,#817,#818,#819));
#3557=EDGE_LOOP('',(#820,#821,#822,#823));
#3558=EDGE_LOOP('',(#824,#825,#826,#827));
#3559=EDGE_LOOP('',(#828,#829,#830,#831));
#3560=EDGE_LOOP('',(#832,#833,#834,#835));
#3561=EDGE_LOOP('',(#836,#837,#838,#839));
#3562=EDGE_LOOP('',(#840,#841,#842,#843));
#3563=EDGE_LOOP('',(#844,#845,#846,#847));
#3564=EDGE_LOOP('',(#848,#849,#850,#851));
#3565=EDGE_LOOP('',(#852,#853,#854,#855));
#3566=EDGE_LOOP('',(#856,#857,#858,#859));
#3567=EDGE_LOOP('',(#860,#861,#862,#863));
#3568=EDGE_LOOP('',(#864,#865,#866,#867));
#3569=EDGE_LOOP('',(#868,#869,#870,#871));
#3570=EDGE_LOOP('',(#872,#873,#874,#875));
#3571=EDGE_LOOP('',(#876,#877,#878,#879));
#3572=EDGE_LOOP('',(#880,#881,#882,#883));
#3573=EDGE_LOOP('',(#884,#885,#886,#887));
#3574=EDGE_LOOP('',(#888,#889,#890,#891));
#3575=EDGE_LOOP('',(#892,#893,#894,#895));
#3576=EDGE_LOOP('',(#896,#897,#898,#899));
#3577=EDGE_LOOP('',(#900,#901,#902,#903));
#3578=EDGE_LOOP('',(#904,#905,#906,#907));
#3579=EDGE_LOOP('',(#908,#909,#910,#911));
#3580=EDGE_LOOP('',(#912,#913,#914,#915));
#3581=EDGE_LOOP('',(#916,#917,#918,#919));
#3582=EDGE_LOOP('',(#920,#921,#922,#923));
#3583=EDGE_LOOP('',(#924,#925,#926,#927));
#3584=EDGE_LOOP('',(#928,#929,#930,#931));
#3585=EDGE_LOOP('',(#932,#933,#934,#935));
#3586=EDGE_LOOP('',(#936,#937,#938,#939));
#3587=EDGE_LOOP('',(#940,#941,#942,#943));
#3588=EDGE_LOOP('',(#944,#945,#946,#947));
#3589=EDGE_LOOP('',(#948,#949,#950,#951));
#3590=EDGE_LOOP('',(#952,#953,#954,#955));
#3591=EDGE_LOOP('',(#956,#957,#958,#959));
#3592=EDGE_LOOP('',(#960,#961,#962,#963));
#3593=EDGE_LOOP('',(#964,#965,#966,#967));
#3594=EDGE_LOOP('',(#968,#969,#970,#971));
#3595=EDGE_LOOP('',(#972,#973,#974,#975));
#3596=EDGE_LOOP('',(#976,#977,#978,#979));
#3597=EDGE_LOOP('',(#980,#981,#982,#983));
#3598=EDGE_LOOP('',(#984,#985,#986,#987));
#3599=EDGE_LOOP('',(#988,#989,#990,#991));
#3600=EDGE_LOOP('',(#992,#993,#994,#995));
#3601=EDGE_LOOP('',(#996,#997,#998,#999));
#3602=EDGE_LOOP('',(#1000,#1001,#1002,#1003));
#3603=EDGE_LOOP('',(#1004,#1005,#1006,#1007));
#3604=EDGE_LOOP('',(#1008,#1009,#1010,#1011));
#3605=EDGE_LOOP('',(#1012,#1013,#1014,#1015));
#3606=EDGE_LOOP('',(#1016,#1017,#1018,#1019));
#3607=EDGE_LOOP('',(#1020,#1021,#1022,#1023));
#3608=EDGE_LOOP('',(#1024,#1025,#1026,#1027));
#3609=EDGE_LOOP('',(#1028,#1029,#1030,#1031));
#3610=EDGE_LOOP('',(#1032,#1033,#1034,#1035));
#3611=EDGE_LOOP('',(#1036,#1037,#1038,#1039));
#3612=EDGE_LOOP('',(#1040,#1041,#1042,#1043));
#3613=EDGE_LOOP('',(#1044,#1045,#1046,#1047));
#3614=EDGE_LOOP('',(#1048,#1049,#1050,#1051));
#3615=EDGE_LOOP('',(#1052,#1053,#1054,#1055));
#3616=EDGE_LOOP('',(#1056,#1057,#1058,#1059));
#3617=EDGE_LOOP('',(#1060,#1061,#1062,#1063));
#3618=EDGE_LOOP('',(#1064,#1065,#1066,#1067));
#3619=EDGE_LOOP('',(#1068,#1069,#1070,#1071));
#3620=EDGE_LOOP('',(#1072,#1073,#1074,#1075));
#3621=EDGE_LOOP('',(#1076,#1077,#1078,#1079));
#3622=EDGE_LOOP('',(#1080,#1081,#1082,#1083));
#3623=EDGE_LOOP('',(#1084,#1085,#1086,#1087));
#3624=EDGE_LOOP('',(#1088,#1089,#1090,#1091));
#3625=EDGE_LOOP('',(#1092,#1093,#1094,#1095));
#3626=EDGE_LOOP('',(#1096,#1097,#1098,#1099));
#3627=EDGE_LOOP('',(#1100,#1101,#1102,#1103));
#3628=EDGE_LOOP('',(#1104,#1105,#1106,#1107));
#3629=EDGE_LOOP('',(#1108,#1109,#1110,#1111));
#3630=EDGE_LOOP('',(#1112,#1113,#1114,#1115));
#3631=EDGE_LOOP('',(#1116,#1117,#1118,#1119));
#3632=EDGE_LOOP('',(#1120,#1121,#1122,#1123));
#3633=EDGE_LOOP('',(#1124,#1125,#1126,#1127));
#3634=EDGE_LOOP('',(#1128,#1129,#1130,#1131));
#3635=EDGE_LOOP('',(#1132,#1133,#1134,#1135));
#3636=EDGE_LOOP('',(#1136,#1137,#1138,#1139));
#3637=EDGE_LOOP('',(#1140,#1141,#1142,#1143));
#3638=EDGE_LOOP('',(#1144,#1145,#1146,#1147));
#3639=EDGE_LOOP('',(#1148,#1149,#1150,#1151));
#3640=EDGE_LOOP('',(#1152,#1153,#1154,#1155));
#3641=EDGE_LOOP('',(#1156,#1157,#1158,#1159));
#3642=EDGE_LOOP('',(#1160,#1161,#1162,#1163));
#3643=EDGE_LOOP('',(#1164,#1165,#1166,#1167));
#3644=EDGE_LOOP('',(#1168,#1169,#1170,#1171));
#3645=EDGE_LOOP('',(#1172,#1173,#1174,#1175));
#3646=EDGE_LOOP('',(#1176,#1177,#1178,#1179));
#3647=EDGE_LOOP('',(#1180,#1181,#1182,#1183));
#3648=EDGE_LOOP('',(#1184,#1185,#1186,#1187));
#3649=EDGE_LOOP('',(#1188,#1189,#1190,#1191));
#3650=EDGE_LOOP('',(#1192,#1193,#1194,#1195));
#3651=EDGE_LOOP('',(#1196,#1197,#1198,#1199));
#3652=EDGE_LOOP('',(#1200,#1201,#1202,#1203));
#3653=EDGE_LOOP('',(#1204,#1205,#1206,#1207));
#3654=EDGE_LOOP('',(#1208,#1209,#1210,#1211));
#3655=EDGE_LOOP('',(#1212,#1213,#1214,#1215));
#3656=EDGE_LOOP('',(#1216,#1217,#1218,#1219));
#3657=EDGE_LOOP('',(#1220,#1221,#1222,#1223));
#3658=EDGE_LOOP('',(#1224,#1225,#1226,#1227));
#3659=EDGE_LOOP('',(#1228,#1229,#1230,#1231));
#3660=EDGE_LOOP('',(#1232,#1233,#1234,#1235));
#3661=EDGE_LOOP('',(#1236,#1237,#1238,#1239));
#3662=EDGE_LOOP('',(#1240,#1241,#1242,#1243));
#3663=EDGE_LOOP('',(#1244,#1245,#1246,#1247));
#3664=EDGE_LOOP('',(#1248,#1249,#1250,#1251));
#3665=EDGE_LOOP('',(#1252,#1253,#1254,#1255));
#3666=EDGE_LOOP('',(#1256,#1257,#1258,#1259));
#3667=EDGE_LOOP('',(#1260,#1261,#1262,#1263));
#3668=EDGE_LOOP('',(#1264,#1265,#1266,#1267));
#3669=EDGE_LOOP('',(#1268,#1269,#1270,#1271));
#3670=EDGE_LOOP('',(#1272,#1273,#1274,#1275));
#3671=EDGE_LOOP('',(#1276,#1277,#1278,#1279));
#3672=EDGE_LOOP('',(#1280,#1281,#1282,#1283));
#3673=EDGE_LOOP('',(#1284,#1285,#1286,#1287));
#3674=EDGE_LOOP('',(#1288,#1289,#1290,#1291));
#3675=EDGE_LOOP('',(#1292,#1293,#1294,#1295));
#3676=EDGE_LOOP('',(#1296,#1297,#1298,#1299));
#3677=EDGE_LOOP('',(#1300,#1301,#1302,#1303));
#3678=EDGE_LOOP('',(#1304,#1305,#1306,#1307));
#3679=EDGE_LOOP('',(#1308,#1309,#1310,#1311));
#3680=EDGE_LOOP('',(#1312,#1313,#1314,#1315));
#3681=EDGE_LOOP('',(#1316,#1317,#1318,#1319));
#3682=EDGE_LOOP('',(#1320,#1321,#1322,#1323));
#3683=EDGE_LOOP('',(#1324,#1325,#1326,#1327));
#3684=EDGE_LOOP('',(#1328,#1329,#1330,#1331));
#3685=EDGE_LOOP('',(#1332,#1333,#1334,#1335));
#3686=EDGE_LOOP('',(#1336,#1337,#1338,#1339));
#3687=EDGE_LOOP('',(#1340,#1341,#1342,#1343));
#3688=EDGE_LOOP('',(#1344,#1345,#1346,#1347));
#3689=EDGE_LOOP('',(#1348,#1349,#1350,#1351));
#3690=EDGE_LOOP('',(#1352,#1353,#1354,#1355));
#3691=EDGE_LOOP('',(#1356,#1357,#1358,#1359));
#3692=EDGE_LOOP('',(#1360,#1361,#1362,#1363));
#3693=EDGE_LOOP('',(#1364,#1365,#1366,#1367));
#3694=EDGE_LOOP('',(#1368,#1369,#1370,#1371));
#3695=EDGE_LOOP('',(#1372,#1373,#1374,#1375));
#3696=EDGE_LOOP('',(#1376,#1377,#1378,#1379));
#3697=EDGE_LOOP('',(#1380,#1381,#1382,#1383));
#3698=EDGE_LOOP('',(#1384,#1385,#1386,#1387));
#3699=EDGE_LOOP('',(#1388,#1389,#1390,#1391));
#3700=EDGE_LOOP('',(#1392,#1393,#1394,#1395));
#3701=EDGE_LOOP('',(#1396,#1397,#1398,#1399));
#3702=EDGE_LOOP('',(#1400,#1401,#1402,#1403));
#3703=EDGE_LOOP('',(#1404,#1405,#1406,#1407));
#3704=EDGE_LOOP('',(#1408,#1409,#1410,#1411));
#3705=EDGE_LOOP('',(#1412,#1413,#1414,#1415));
#3706=EDGE_LOOP('',(#1416,#1417,#1418,#1419));
#3707=EDGE_LOOP('',(#1420,#1421,#1422,#1423));
#3708=EDGE_LOOP('',(#1424,#1425,#1426,#1427));
#3709=EDGE_LOOP('',(#1428,#1429,#1430,#1431));
#3710=EDGE_LOOP('',(#1432,#1433,#1434,#1435));
#3711=EDGE_LOOP('',(#1436,#1437,#1438,#1439));
#3712=EDGE_LOOP('',(#1440,#1441,#1442,#1443));
#3713=EDGE_LOOP('',(#1444,#1445,#1446,#1447));
#3714=EDGE_LOOP('',(#1448,#1449,#1450,#1451));
#3715=EDGE_LOOP('',(#1452,#1453,#1454,#1455));
#3716=EDGE_LOOP('',(#1456,#1457,#1458,#1459));
#3717=EDGE_LOOP('',(#1460,#1461,#1462,#1463));
#3718=EDGE_LOOP('',(#1464,#1465,#1466,#1467));
#3719=EDGE_LOOP('',(#1468,#1469,#1470,#1471));
#3720=EDGE_LOOP('',(#1472,#1473,#1474,#1475));
#3721=EDGE_LOOP('',(#1476,#1477,#1478,#1479));
#3722=EDGE_LOOP('',(#1480,#1481,#1482,#1483));
#3723=EDGE_LOOP('',(#1484,#1485,#1486,#1487));
#3724=EDGE_LOOP('',(#1488,#1489,#1490,#1491));
#3725=EDGE_LOOP('',(#1492,#1493,#1494,#1495));
#3726=EDGE_LOOP('',(#1496,#1497,#1498,#1499));
#3727=EDGE_LOOP('',(#1500,#1501,#1502,#1503));
#3728=EDGE_LOOP('',(#1504,#1505,#1506,#1507));
#3729=EDGE_LOOP('',(#1508,#1509,#1510,#1511));
#3730=EDGE_LOOP('',(#1512,#1513,#1514,#1515));
#3731=EDGE_LOOP('',(#1516,#1517,#1518,#1519));
#3732=EDGE_LOOP('',(#1520,#1521,#1522,#1523));
#3733=EDGE_LOOP('',(#1524,#1525,#1526,#1527));
#3734=EDGE_LOOP('',(#1528,#1529,#1530,#1531));
#3735=EDGE_LOOP('',(#1532,#1533,#1534,#1535));
#3736=EDGE_LOOP('',(#1536,#1537,#1538,#1539));
#3737=EDGE_LOOP('',(#1540,#1541,#1542,#1543));
#3738=EDGE_LOOP('',(#1544,#1545,#1546,#1547));
#3739=EDGE_LOOP('',(#1548,#1549,#1550,#1551));
#3740=EDGE_LOOP('',(#1552,#1553,#1554,#1555));
#3741=EDGE_LOOP('',(#1556,#1557,#1558,#1559));
#3742=EDGE_LOOP('',(#1560,#1561,#1562,#1563));
#3743=EDGE_LOOP('',(#1564,#1565,#1566,#1567));
#3744=EDGE_LOOP('',(#1568,#1569,#1570,#1571));
#3745=EDGE_LOOP('',(#1572,#1573,#1574,#1575));
#3746=EDGE_LOOP('',(#1576,#1577,#1578,#1579));
#3747=EDGE_LOOP('',(#1580,#1581,#1582,#1583));
#3748=EDGE_LOOP('',(#1584,#1585,#1586,#1587));
#3749=EDGE_LOOP('',(#1588,#1589,#1590,#1591));
#3750=EDGE_LOOP('',(#1592,#1593,#1594,#1595));
#3751=EDGE_LOOP('',(#1596,#1597,#1598,#1599));
#3752=EDGE_LOOP('',(#1600,#1601,#1602,#1603));
#3753=EDGE_LOOP('',(#1604,#1605,#1606,#1607));
#3754=EDGE_LOOP('',(#1608,#1609,#1610,#1611));
#3755=EDGE_LOOP('',(#1612,#1613,#1614,#1615));
#3756=EDGE_LOOP('',(#1616,#1617,#1618,#1619));
#3757=EDGE_LOOP('',(#1620,#1621,#1622,#1623));
#3758=EDGE_LOOP('',(#1624,#1625,#1626,#1627));
#3759=EDGE_LOOP('',(#1628,#1629,#1630,#1631));
#3760=FACE_BOUND('',#3500,.T.);
#3761=FACE_BOUND('',#3501,.T.);
#3762=FACE_BOUND('',#3502,.T.);
#3763=FACE_BOUND('',#3503,.T.);
#3764=FACE_BOUND('',#3504,.T.);
#3765=FACE_BOUND('',#3505,.T.);
#3766=FACE_BOUND('',#3506,.T.);
#3767=FACE_BOUND('',#3507,.T.);
#3768=FACE_BOUND('',#3508,.T.);
#3769=FACE_BOUND('',#3509,.T.);
#3770=FACE_BOUND('',#3510,.T.);
#3771=FACE_BOUND('',#3511,.T.);
#3772=FACE_BOUND('',#3512,.T.);
#3773=FACE_BOUND('',#3513,.T.);
#3774=FACE_BOUND('',#3514,.T.);
#3775=FACE_BOUND('',#3515,.T.);
#3776=FACE_BOUND('',#3516,.T.);
#3777=FACE_BOUND('',#3517,.T.);
#3778=FACE_BOUND('',#3518,.T.);
#3779=FACE_BOUND('',#3519,.T.);
#3780=FACE_BOUND('',#3520,.T.);
#3781=FACE_BOUND('',#3521,.T.);
#3782=FACE_BOUND('',#3522,.T.);
#3783=FACE_BOUND('',#3523,.T.);
#3784=FACE_BOUND('',#3524,.T.);
#3785=FACE_BOUND('',#3525,.T.);
#3786=FACE_BOUND('',#3526,.T.);
#3787=FACE_BOUND('',#3527,.T.);
#3788=FACE_BOUND('',#3528,.T.);
#3789=FACE_BOUND('',#3529,.T.);
#3790=FACE_BOUND('',#3530,.T.);
#3791=FACE_BOUND('',#3531,.T.);
#3792=FACE_BOUND('',#3532,.T.);
#3793=FACE_BOUND('',#3533,.T.);
#3794=FACE_BOUND('',#3534,.T.);
#3795=FACE_BOUND('',#3535,.T.);
#3796=FACE_BOUND('',#3536,.T.);
#3797=FACE_BOUND('',#3537,.T.);
#3798=FACE_BOUND('',#3538,.T.);
#3799=FACE_BOUND('',#3539,.T.);
#3800=FACE_BOUND('',#3540,.T.);
#3801=FACE_BOUND('',#3541,.T.);
#3802=FACE_BOUND('',#3542,.T.);
#3803=FACE_BOUND('',#3543,.T.);
#3804=FACE_BOUND('',#3544,.T.);
#3805=FACE_BOUND('',#3545,.T.);
#3806=FACE_BOUND('',#3546,.T.);
#3807=FACE_BOUND('',#3547,.T.);
#3808=FACE_BOUND('',#3548,.T.);
#3809=FACE_BOUND('',#3549,.T.);
#3810=FACE_BOUND('',#3550,.T.);
#3811=FACE_BOUND('',#3551,.T.);
#3812=FACE_BOUND('',#3552,.T.);
#3813=FACE_BOUND('',#3553,.T.);
#3814=FACE_BOUND('',#3554,.T.);
#3815=FACE_BOUND('',#3555,.T.);
#3816=FACE_BOUND('',#3556,.T.);
#3817=FACE_BOUND('',#3557,.T.);
#3818=FACE_BOUND('',#3558,.T.);
#3819=FACE_BOUND('',#3559,.T.);
#3820=FACE_BOUND('',#3560,.T.);
#3821=FACE_BOUND('',#3561,.T.);
#3822=FACE_BOUND('',#3562,.T.);
#3823=FACE_BOUND('',#3563,.T.);
#3824=FACE_BOUND('',#3564,.T.);
#3825=FACE_BOUND('',#3565,.T.);
#3826=FACE_BOUND('',#3566,.T.);
#3827=FACE_BOUND('',#3567,.T.);
#3828=FACE_BOUND('',#3568,.T.);
#3829=FACE_BOUND('',#3569,.T.);
#3830=FACE_BOUND('',#3570,.T.);
#3831=FACE_BOUND('',#3571,.T.);
#3832=FACE_BOUND('',#3572,.T.);
#3833=FACE_BOUND('',#3573,.T.);
#3834=FACE_BOUND('',#3574,.T.);
#3835=FACE_BOUND('',#3575,.T.);
#3836=FACE_BOUND('',#3576,.T.);
#3837=FACE_BOUND('',#3577,.T.);
#3838=FACE_BOUND('',#3578,.T.);
#3839=FACE_BOUND('',#3579,.T.);
#3840=FACE_BOUND('',#3580,.T.);
#3841=FACE_BOUND('',#3581,.T.);
#3842=FACE_BOUND('',#3582,.T.);
#3843=FACE_BOUND('',#3583,.T.);
#3844=FACE_BOUND('',#3584,.T.);
#3845=FACE_BOUND('',#3585,.T.);
#3846=FACE_BOUND('',#3586,.T.);
#3847=FACE_BOUND('',#3587,.T.);
#3848=FACE_BOUND('',#3588,.T.);
#3849=FACE_BOUND('',#3589,.T.);
#3850=FACE_BOUND('',#3590,.T.);
#3851=FACE_BOUND('',#3591,.T.);
#3852=FACE_BOUND('',#3592,.T.);
#3853=FACE_BOUND('',#3593,.T.);
#3854=FACE_BOUND('',#3594,.T.);
#3855=FACE_BOUND('',#3595,.T.);
#3856=FACE_BOUND('',#3596,.T.);
#3857=FACE_BOUND('',#3597,.T.);
#3858=FACE_BOUND('',#3598,.T.);
#3859=FACE_BOUND('',#3599,.T.);
#3860=FACE_BOUND('',#3600,.T.);
#3861=FACE_BOUND('',#3601,.T.);
#3862=FACE_BOUND('',#3602,.T.);
#3863=FACE_BOUND('',#3603,.T.);
#3864=FACE_BOUND('',#3604,.T.);
#3865=FACE_BOUND('',#3605,.T.);
#3866=FACE_BOUND('',#3606,.T.);
#3867=FACE_BOUND('',#3607,.T.);
#3868=FACE_BOUND('',#3608,.T.);
#3869=FACE_BOUND('',#3609,.T.);
#3870=FACE_BOUND('',#3610,.T.);
#3871=FACE_BOUND('',#3611,.T.);
#3872=FACE_BOUND('',#3612,.T.);
#3873=FACE_BOUND('',#3613,.T.);
#3874=FACE_BOUND('',#3614,.T.);
#3875=FACE_BOUND('',#3615,.T.);
#3876=FACE_BOUND('',#3616,.T.);
#3877=FACE_BOUND('',#3617,.T.);
#3878=FACE_BOUND('',#3618,.T.);
#3879=FACE_BOUND('',#3619,.T.);
#3880=FACE_BOUND('',#3620,.T.);
#3881=FACE_BOUND('',#3621,.T.);
#3882=FACE_BOUND('',#3622,.T.);
#3883=FACE_BOUND('',#3623,.T.);
#3884=FACE_BOUND('',#3624,.T.);
#3885=FACE_BOUND('',#3625,.T.);
#3886=FACE_BOUND('',#3626,.T.);
#3887=FACE_BOUND('',#3627,.T.);
#3888=FACE_BOUND('',#3628,.T.);
#3889=FACE_BOUND('',#3629,.T.);
#3890=FACE_BOUND('',#3630,.T.);
#3891=FACE_BOUND('',#3631,.T.);
#3892=FACE_BOUND('',#3632,.T.);
#3893=FACE_BOUND('',#3633,.T.);
#3894=FACE_BOUND('',#3634,.T.);
#3895=FACE_BOUND('',#3635,.T.);
#3896=FACE_BOUND('',#3636,.T.);
#3897=FACE_BOUND('',#3637,.T.);
#3898=FACE_BOUND('',#3638,.T.);
#3899=FACE_BOUND('',#3639,.T.);
#3900=FACE_BOUND('',#3640,.T.);
#3901=FACE_BOUND('',#3641,.T.);
#3902=FACE_BOUND('',#3642,.T.);
#3903=FACE_BOUND('',#3643,.T.);
#3904=FACE_BOUND('',#3644,.T.);
#3905=FACE_BOUND('',#3645,.T.);
#3906=FACE_BOUND('',#3646,.T.);
#3907=FACE_BOUND('',#3647,.T.);
#3908=FACE_BOUND('',#3648,.T.);
#3909=FACE_BOUND('',#3649,.T.);
#3910=FACE_BOUND('',#3650,.T.);
#3911=FACE_BOUND('',#3651,.T.);
#3912=FACE_BOUND('',#3652,.T.);
#3913=FACE_BOUND('',#3653,.T.);
#3914=FACE_BOUND('',#3654,.T.);
#3915=FACE_BOUND('',#3655,.T.);
#3916=FACE_BOUND('',#3656,.T.);
#3917=FACE_BOUND('',#3657,.T.);
#3918=FACE_BOUND('',#3658,.T.);
#3919=FACE_BOUND('',#3659,.T.);
#3920=FACE_BOUND('',#3660,.T.);
#3921=FACE_BOUND('',#3661,.T.);
#3922=FACE_BOUND('',#3662,.T.);
#3923=FACE_BOUND('',#3663,.T.);
#3924=FACE_BOUND('',#3664,.T.);
#3925=FACE_BOUND('',#3665,.T.);
#3926=FACE_BOUND('',#3666,.T.);
#3927=FACE_BOUND('',#3667,.T.);
#3928=FACE_BOUND('',#3668,.T.);
#3929=FACE_BOUND('',#3669,.T.);
#3930=FACE_BOUND('',#3670,.T.);
#3931=FACE_BOUND('',#3671,.T.);
#3932=FACE_BOUND('',#3672,.T.);
#3933=FACE_BOUND('',#3673,.T.);
#3934=FACE_BOUND('',#3674,.T.);
#3935=FACE_BOUND('',#3675,.T.);
#3936=FACE_BOUND('',#3676,.T.);
#3937=FACE_BOUND('',#3677,.T.);
#3938=FACE_BOUND('',#3678,.T.);
#3939=FACE_BOUND('',#3679,.T.);
#3940=FACE_BOUND('',#3680,.T.);
#3941=FACE_BOUND('',#3681,.T.);
#3942=FACE_BOUND('',#3682,.T.);
#3943=FACE_BOUND('',#3683,.T.);
#3944=FACE_BOUND('',#3684,.T.);
#3945=FACE_BOUND('',#3685,.T.);
#3946=FACE_BOUND('',#3686,.T.);
#3947=FACE_BOUND('',#3687,.T.);
#3948=FACE_BOUND('',#3688,.T.);
#3949=FACE_BOUND('',#3689,.T.);
#3950=FACE_BOUND('',#3690,.T.);
#3951=FACE_BOUND('',#3691,.T.);
#3952=FACE_BOUND('',#3692,.T.);
#3953=FACE_BOUND('',#3693,.T.);
#3954=FACE_BOUND('',#3694,.T.);
#3955=FACE_BOUND('',#3695,.T.);
#3956=FACE_BOUND('',#3696,.T.);
#3957=FACE_BOUND('',#3697,.T.);
#3958=FACE_BOUND('',#3698,.T.);
#3959=FACE_BOUND('',#3699,.T.);
#3960=FACE_BOUND('',#3700,.T.);
#3961=FACE_BOUND('',#3701,.T.);
#3962=FACE_BOUND('',#3702,.T.);
#3963=FACE_BOUND('',#3703,.T.);
#3964=FACE_BOUND('',#3704,.T.);
#3965=FACE_BOUND('',#3705,.T.);
#3966=FACE_BOUND('',#3706,.T.);
#3967=FACE_BOUND('',#3707,.T.);
#3968=FACE_BOUND('',#3708,.T.);
#3969=FACE_BOUND('',#3709,.T.);
#3970=FACE_BOUND('',#3710,.T.);
#3971=FACE_BOUND('',#3711,.T.);
#3972=FACE_BOUND('',#3712,.T.);
#3973=FACE_BOUND('',#3713,.T.);
#3974=FACE_BOUND('',#3714,.T.);
#3975=FACE_BOUND('',#3715,.T.);
#3976=FACE_BOUND('',#3716,.T.);
#3977=FACE_BOUND('',#3717,.T.);
#3978=FACE_BOUND('',#3718,.T.);
#3979=FACE_BOUND('',#3719,.T.);
#3980=FACE_BOUND('',#3720,.T.);
#3981=FACE_BOUND('',#3721,.T.);
#3982=FACE_BOUND('',#3722,.T.);
#3983=FACE_BOUND('',#3723,.T.);
#3984=FACE_BOUND('',#3724,.T.);
#3985=FACE_BOUND('',#3725,.T.);
#3986=FACE_BOUND('',#3726,.T.);
#3987=FACE_BOUND('',#3727,.T.);
#3988=FACE_BOUND('',#3728,.T.);
#3989=FACE_BOUND('',#3729,.T.);
#3990=FACE_BOUND('',#3730,.T.);
#3991=FACE_BOUND('',#3731,.T.);
#3992=FACE_BOUND('',#3732,.T.);
#3993=FACE_BOUND('',#3733,.T.);
#3994=FACE_BOUND('',#3734,.T.);
#3995=FACE_BOUND('',#3735,.T.);
#3996=FACE_BOUND('',#3736,.T.);
#3997=FACE_BOUND('',#3737,.T.);
#3998=FACE_BOUND('',#3738,.T.);
#3999=FACE_BOUND('',#3739,.T.);
#4000=FACE_BOUND('',#3740,.T.);
#4001=FACE_BOUND('',#3741,.T.);
#4002=FACE_BOUND('',#3742,.T.);
#4003=FACE_BOUND('',#3743,.T.);
#4004=FACE_BOUND('',#3744,.T.);
#4005=FACE_BOUND('',#3745,.T.);
#4006=FACE_BOUND('',#3746,.T.);
#4007=FACE_BOUND('',#3747,.T.);
#4008=FACE_BOUND('',#3748,.T.);
#4009=FACE_BOUND('',#3749,.T.);
#4010=FACE_BOUND('',#3750,.T.);
#4011=FACE_BOUND('',#3751,.T.);
#4012=FACE_BOUND('',#3752,.T.);
#4013=FACE_BOUND('',#3753,.T.);
#4014=FACE_BOUND('',#3754,.T.);
#4015=FACE_BOUND('',#3755,.T.);
#4016=FACE_BOUND('',#3756,.T.);
#4017=FACE_BOUND('',#3757,.T.);
#4018=FACE_BOUND('',#3758,.T.);
#4019=FACE_BOUND('',#3759,.T.);
#4020=PLANE('',#4345);
#4021=PLANE('',#4408);
#4022=PLANE('',#4471);
#4023=PLANE('',#4472);
#4024=PLANE('',#4473);
#4025=PLANE('',#4474);
#4026=PLANE('',#4475);
#4027=PLANE('',#4476);
#4028=PLANE('',#4477);
#4029=PLANE('',#4478);
#4030=PLANE('',#4479);
#4031=PLANE('',#4480);
#4032=PLANE('',#4481);
#4033=PLANE('',#4482);
#4034=PLANE('',#4483);
#4035=PLANE('',#4484);
#4036=PLANE('',#4485);
#4037=PLANE('',#4486);
#4038=PLANE('',#4490);
#4039=PLANE('',#4491);
#4040=PLANE('',#4492);
#4041=PLANE('',#4495);
#4042=PLANE('',#4496);
#4043=PLANE('',#4497);
#4044=PLANE('',#4498);
#4045=PLANE('',#4499);
#4046=PLANE('',#4500);
#4047=PLANE('',#4501);
#4048=PLANE('',#4502);
#4049=PLANE('',#4503);
#4050=PLANE('',#4504);
#4051=PLANE('',#4505);
#4052=PLANE('',#4506);
#4053=PLANE('',#4507);
#4054=PLANE('',#4508);
#4055=PLANE('',#4509);
#4056=PLANE('',#4510);
#4057=PLANE('',#4511);
#4058=PLANE('',#4512);
#4059=PLANE('',#4515);
#4060=PLANE('',#4518);
#4061=PLANE('',#4523);
#4062=PLANE('',#4526);
#4063=PLANE('',#4527);
#4064=PLANE('',#4531);
#4065=PLANE('',#4532);
#4066=PLANE('',#4533);
#4067=PLANE('',#4534);
#4068=PLANE('',#4537);
#4069=PLANE('',#4540);
#4070=PLANE('',#4544);
#4071=PLANE('',#4545);
#4072=PLANE('',#4546);
#4073=PLANE('',#4549);
#4074=PLANE('',#4553);
#4075=PLANE('',#4556);
#4076=PLANE('',#4563);
#4077=PLANE('',#4566);
#4078=PLANE('',#4569);
#4079=PLANE('',#4570);
#4080=PLANE('',#4571);
#4081=PLANE('',#4572);
#4082=PLANE('',#4573);
#4083=PLANE('',#4574);
#4084=PLANE('',#4575);
#4085=PLANE('',#4576);
#4086=PLANE('',#4577);
#4087=PLANE('',#4578);
#4088=PLANE('',#4583);
#4089=PLANE('',#4586);
#4090=PLANE('',#4587);
#4091=PLANE('',#4588);
#4092=PLANE('',#4589);
#4093=PLANE('',#4590);
#4094=PLANE('',#4591);
#4095=PLANE('',#4592);
#4096=PLANE('',#4593);
#4097=PLANE('',#4594);
#4098=PLANE('',#4595);
#4099=PLANE('',#4596);
#4100=PLANE('',#4597);
#4101=PLANE('',#4598);
#4102=PLANE('',#4599);
#4103=PLANE('',#4600);
#4104=PLANE('',#4601);
#4105=PLANE('',#4602);
#4106=PLANE('',#4603);
#4107=PLANE('',#4604);
#4108=PLANE('',#4609);
#4109=PLANE('',#4610);
#4110=PLANE('',#4611);
#4111=PLANE('',#4616);
#4112=PLANE('',#4623);
#4113=PLANE('',#4624);
#4114=PLANE('',#4625);
#4115=PLANE('',#4626);
#4116=PLANE('',#4627);
#4117=PLANE('',#4628);
#4118=ADVANCED_FACE('',(#3760,#3761,#3762,#3763,#3764,#3765,#3766,#3767,
#3768,#3769,#3770,#3771,#3772,#3773,#3774,#3775,#3776,#3777,#3778,#3779,
#3780,#3781,#3782,#3783),#4020,.T.);
#4119=ADVANCED_FACE('',(#3784,#3785,#3786,#3787,#3788,#3789,#3790,#3791,
#3792,#3793,#3794,#3795,#3796,#3797,#3798,#3799,#3800,#3801,#3802,#3803,
#3804,#3805,#3806,#3807),#4021,.F.);
#4120=ADVANCED_FACE('',(#3808),#4022,.T.);
#4121=ADVANCED_FACE('',(#3809),#4023,.F.);
#4122=ADVANCED_FACE('',(#3810),#4024,.F.);
#4123=ADVANCED_FACE('',(#3811),#4025,.F.);
#4124=ADVANCED_FACE('',(#3812),#4026,.T.);
#4125=ADVANCED_FACE('',(#3813),#4027,.F.);
#4126=ADVANCED_FACE('',(#3814),#4028,.T.);
#4127=ADVANCED_FACE('',(#3815),#4029,.T.);
#4128=ADVANCED_FACE('',(#3816),#4030,.T.);
#4129=ADVANCED_FACE('',(#3817),#4031,.F.);
#4130=ADVANCED_FACE('',(#3818),#4032,.F.);
#4131=ADVANCED_FACE('',(#3819),#4033,.T.);
#4132=ADVANCED_FACE('',(#3820),#4034,.F.);
#4133=ADVANCED_FACE('',(#3821),#4035,.F.);
#4134=ADVANCED_FACE('',(#3822),#4036,.T.);
#4135=ADVANCED_FACE('',(#3823),#4037,.T.);
#4136=ADVANCED_FACE('',(#3824),#74,.T.);
#4137=ADVANCED_FACE('',(#3825),#12,.F.);
#4138=ADVANCED_FACE('',(#3826),#75,.T.);
#4139=ADVANCED_FACE('',(#3827),#13,.F.);
#4140=ADVANCED_FACE('',(#3828),#76,.T.);
#4141=ADVANCED_FACE('',(#3829),#77,.T.);
#4142=ADVANCED_FACE('',(#3830),#78,.T.);
#4143=ADVANCED_FACE('',(#3831),#79,.T.);
#4144=ADVANCED_FACE('',(#3832),#80,.T.);
#4145=ADVANCED_FACE('',(#3833),#14,.F.);
#4146=ADVANCED_FACE('',(#3834),#4038,.T.);
#4147=ADVANCED_FACE('',(#3835),#4039,.T.);
#4148=ADVANCED_FACE('',(#3836),#4040,.T.);
#4149=ADVANCED_FACE('',(#3837),#81,.T.);
#4150=ADVANCED_FACE('',(#3838),#82,.T.);
#4151=ADVANCED_FACE('',(#3839),#15,.T.);
#4152=ADVANCED_FACE('',(#3840),#16,.T.);
#4153=ADVANCED_FACE('',(#3841),#83,.T.);
#4154=ADVANCED_FACE('',(#3842),#84,.T.);
#4155=ADVANCED_FACE('',(#3843),#4041,.T.);
#4156=ADVANCED_FACE('',(#3844),#4042,.T.);
#4157=ADVANCED_FACE('',(#3845),#4043,.T.);
#4158=ADVANCED_FACE('',(#3846),#4044,.T.);
#4159=ADVANCED_FACE('',(#3847),#4045,.T.);
#4160=ADVANCED_FACE('',(#3848),#4046,.T.);
#4161=ADVANCED_FACE('',(#3849),#4047,.T.);
#4162=ADVANCED_FACE('',(#3850),#4048,.T.);
#4163=ADVANCED_FACE('',(#3851),#4049,.T.);
#4164=ADVANCED_FACE('',(#3852),#4050,.T.);
#4165=ADVANCED_FACE('',(#3853),#4051,.T.);
#4166=ADVANCED_FACE('',(#3854),#4052,.T.);
#4167=ADVANCED_FACE('',(#3855),#4053,.T.);
#4168=ADVANCED_FACE('',(#3856),#4054,.T.);
#4169=ADVANCED_FACE('',(#3857),#4055,.T.);
#4170=ADVANCED_FACE('',(#3858),#4056,.T.);
#4171=ADVANCED_FACE('',(#3859),#4057,.T.);
#4172=ADVANCED_FACE('',(#3860),#4058,.T.);
#4173=ADVANCED_FACE('',(#3861),#85,.T.);
#4174=ADVANCED_FACE('',(#3862),#17,.F.);
#4175=ADVANCED_FACE('',(#3863),#86,.T.);
#4176=ADVANCED_FACE('',(#3864),#18,.F.);
#4177=ADVANCED_FACE('',(#3865),#4059,.T.);
#4178=ADVANCED_FACE('',(#3866),#19,.T.);
#4179=ADVANCED_FACE('',(#3867),#87,.T.);
#4180=ADVANCED_FACE('',(#3868),#88,.T.);
#4181=ADVANCED_FACE('',(#3869),#89,.T.);
#4182=ADVANCED_FACE('',(#3870),#90,.T.);
#4183=ADVANCED_FACE('',(#3871),#91,.T.);
#4184=ADVANCED_FACE('',(#3872),#92,.T.);
#4185=ADVANCED_FACE('',(#3873),#20,.T.);
#4186=ADVANCED_FACE('',(#3874),#4060,.T.);
#4187=ADVANCED_FACE('',(#3875),#21,.F.);
#4188=ADVANCED_FACE('',(#3876),#22,.F.);
#4189=ADVANCED_FACE('',(#3877),#93,.T.);
#4190=ADVANCED_FACE('',(#3878),#94,.T.);
#4191=ADVANCED_FACE('',(#3879),#23,.F.);
#4192=ADVANCED_FACE('',(#3880),#24,.F.);
#4193=ADVANCED_FACE('',(#3881),#4061,.T.);
#4194=ADVANCED_FACE('',(#3882),#25,.F.);
#4195=ADVANCED_FACE('',(#3883),#26,.F.);
#4196=ADVANCED_FACE('',(#3884),#4062,.T.);
#4197=ADVANCED_FACE('',(#3885),#4063,.T.);
#4198=ADVANCED_FACE('',(#3886),#27,.T.);
#4199=ADVANCED_FACE('',(#3887),#28,.T.);
#4200=ADVANCED_FACE('',(#3888),#29,.T.);
#4201=ADVANCED_FACE('',(#3889),#95,.T.);
#4202=ADVANCED_FACE('',(#3890),#4064,.T.);
#4203=ADVANCED_FACE('',(#3891),#4065,.T.);
#4204=ADVANCED_FACE('',(#3892),#4066,.T.);
#4205=ADVANCED_FACE('',(#3893),#4067,.T.);
#4206=ADVANCED_FACE('',(#3894),#96,.T.);
#4207=ADVANCED_FACE('',(#3895),#30,.F.);
#4208=ADVANCED_FACE('',(#3896),#97,.T.);
#4209=ADVANCED_FACE('',(#3897),#31,.F.);
#4210=ADVANCED_FACE('',(#3898),#4068,.T.);
#4211=ADVANCED_FACE('',(#3899),#32,.T.);
#4212=ADVANCED_FACE('',(#3900),#98,.T.);
#4213=ADVANCED_FACE('',(#3901),#99,.T.);
#4214=ADVANCED_FACE('',(#3902),#100,.T.);
#4215=ADVANCED_FACE('',(#3903),#101,.T.);
#4216=ADVANCED_FACE('',(#3904),#102,.T.);
#4217=ADVANCED_FACE('',(#3905),#103,.T.);
#4218=ADVANCED_FACE('',(#3906),#33,.T.);
#4219=ADVANCED_FACE('',(#3907),#4069,.T.);
#4220=ADVANCED_FACE('',(#3908),#34,.F.);
#4221=ADVANCED_FACE('',(#3909),#35,.F.);
#4222=ADVANCED_FACE('',(#3910),#104,.T.);
#4223=ADVANCED_FACE('',(#3911),#105,.T.);
#4224=ADVANCED_FACE('',(#3912),#36,.T.);
#4225=ADVANCED_FACE('',(#3913),#4070,.T.);
#4226=ADVANCED_FACE('',(#3914),#106,.T.);
#4227=ADVANCED_FACE('',(#3915),#4071,.T.);
#4228=ADVANCED_FACE('',(#3916),#4072,.T.);
#4229=ADVANCED_FACE('',(#3917),#37,.F.);
#4230=ADVANCED_FACE('',(#3918),#38,.F.);
#4231=ADVANCED_FACE('',(#3919),#4073,.T.);
#4232=ADVANCED_FACE('',(#3920),#39,.F.);
#4233=ADVANCED_FACE('',(#3921),#40,.F.);
#4234=ADVANCED_FACE('',(#3922),#107,.T.);
#4235=ADVANCED_FACE('',(#3923),#41,.F.);
#4236=ADVANCED_FACE('',(#3924),#4074,.T.);
#4237=ADVANCED_FACE('',(#3925),#42,.T.);
#4238=ADVANCED_FACE('',(#3926),#108,.T.);
#4239=ADVANCED_FACE('',(#3927),#109,.T.);
#4240=ADVANCED_FACE('',(#3928),#43,.T.);
#4241=ADVANCED_FACE('',(#3929),#4075,.T.);
#4242=ADVANCED_FACE('',(#3930),#44,.F.);
#4243=ADVANCED_FACE('',(#3931),#45,.F.);
#4244=ADVANCED_FACE('',(#3932),#46,.F.);
#4245=ADVANCED_FACE('',(#3933),#110,.T.);
#4246=ADVANCED_FACE('',(#3934),#47,.T.);
#4247=ADVANCED_FACE('',(#3935),#48,.T.);
#4248=ADVANCED_FACE('',(#3936),#49,.F.);
#4249=ADVANCED_FACE('',(#3937),#111,.T.);
#4250=ADVANCED_FACE('',(#3938),#4076,.T.);
#4251=ADVANCED_FACE('',(#3939),#50,.F.);
#4252=ADVANCED_FACE('',(#3940),#112,.T.);
#4253=ADVANCED_FACE('',(#3941),#51,.F.);
#4254=ADVANCED_FACE('',(#3942),#4077,.T.);
#4255=ADVANCED_FACE('',(#3943),#52,.F.);
#4256=ADVANCED_FACE('',(#3944),#53,.F.);
#4257=ADVANCED_FACE('',(#3945),#4078,.T.);
#4258=ADVANCED_FACE('',(#3946),#4079,.T.);
#4259=ADVANCED_FACE('',(#3947),#4080,.T.);
#4260=ADVANCED_FACE('',(#3948),#4081,.T.);
#4261=ADVANCED_FACE('',(#3949),#4082,.T.);
#4262=ADVANCED_FACE('',(#3950),#4083,.T.);
#4263=ADVANCED_FACE('',(#3951),#4084,.T.);
#4264=ADVANCED_FACE('',(#3952),#4085,.T.);
#4265=ADVANCED_FACE('',(#3953),#4086,.T.);
#4266=ADVANCED_FACE('',(#3954),#4087,.T.);
#4267=ADVANCED_FACE('',(#3955),#54,.F.);
#4268=ADVANCED_FACE('',(#3956),#113,.T.);
#4269=ADVANCED_FACE('',(#3957),#55,.F.);
#4270=ADVANCED_FACE('',(#3958),#114,.T.);
#4271=ADVANCED_FACE('',(#3959),#115,.T.);
#4272=ADVANCED_FACE('',(#3960),#116,.T.);
#4273=ADVANCED_FACE('',(#3961),#56,.F.);
#4274=ADVANCED_FACE('',(#3962),#57,.F.);
#4275=ADVANCED_FACE('',(#3963),#4088,.T.);
#4276=ADVANCED_FACE('',(#3964),#58,.T.);
#4277=ADVANCED_FACE('',(#3965),#117,.T.);
#4278=ADVANCED_FACE('',(#3966),#118,.T.);
#4279=ADVANCED_FACE('',(#3967),#119,.T.);
#4280=ADVANCED_FACE('',(#3968),#120,.T.);
#4281=ADVANCED_FACE('',(#3969),#121,.T.);
#4282=ADVANCED_FACE('',(#3970),#122,.T.);
#4283=ADVANCED_FACE('',(#3971),#59,.T.);
#4284=ADVANCED_FACE('',(#3972),#4089,.T.);
#4285=ADVANCED_FACE('',(#3973),#4090,.T.);
#4286=ADVANCED_FACE('',(#3974),#4091,.T.);
#4287=ADVANCED_FACE('',(#3975),#4092,.T.);
#4288=ADVANCED_FACE('',(#3976),#4093,.T.);
#4289=ADVANCED_FACE('',(#3977),#4094,.T.);
#4290=ADVANCED_FACE('',(#3978),#4095,.T.);
#4291=ADVANCED_FACE('',(#3979),#4096,.T.);
#4292=ADVANCED_FACE('',(#3980),#4097,.T.);
#4293=ADVANCED_FACE('',(#3981),#4098,.T.);
#4294=ADVANCED_FACE('',(#3982),#4099,.T.);
#4295=ADVANCED_FACE('',(#3983),#4100,.T.);
#4296=ADVANCED_FACE('',(#3984),#4101,.T.);
#4297=ADVANCED_FACE('',(#3985),#4102,.T.);
#4298=ADVANCED_FACE('',(#3986),#4103,.T.);
#4299=ADVANCED_FACE('',(#3987),#4104,.T.);
#4300=ADVANCED_FACE('',(#3988),#4105,.T.);
#4301=ADVANCED_FACE('',(#3989),#4106,.T.);
#4302=ADVANCED_FACE('',(#3990),#4107,.T.);
#4303=ADVANCED_FACE('',(#3991),#60,.T.);
#4304=ADVANCED_FACE('',(#3992),#61,.T.);
#4305=ADVANCED_FACE('',(#3993),#62,.T.);
#4306=ADVANCED_FACE('',(#3994),#63,.T.);
#4307=ADVANCED_FACE('',(#3995),#4108,.T.);
#4308=ADVANCED_FACE('',(#3996),#4109,.T.);
#4309=ADVANCED_FACE('',(#3997),#4110,.T.);
#4310=ADVANCED_FACE('',(#3998),#64,.F.);
#4311=ADVANCED_FACE('',(#3999),#65,.F.);
#4312=ADVANCED_FACE('',(#4000),#66,.F.);
#4313=ADVANCED_FACE('',(#4001),#67,.F.);
#4314=ADVANCED_FACE('',(#4002),#4111,.T.);
#4315=ADVANCED_FACE('',(#4003),#68,.F.);
#4316=ADVANCED_FACE('',(#4004),#69,.F.);
#4317=ADVANCED_FACE('',(#4005),#70,.F.);
#4318=ADVANCED_FACE('',(#4006),#123,.T.);
#4319=ADVANCED_FACE('',(#4007),#71,.F.);
#4320=ADVANCED_FACE('',(#4008),#72,.F.);
#4321=ADVANCED_FACE('',(#4009),#73,.F.);
#4322=ADVANCED_FACE('',(#4010),#124,.T.);
#4323=ADVANCED_FACE('',(#4011),#4112,.T.);
#4324=ADVANCED_FACE('',(#4012),#125,.T.);
#4325=ADVANCED_FACE('',(#4013),#126,.T.);
#4326=ADVANCED_FACE('',(#4014),#127,.T.);
#4327=ADVANCED_FACE('',(#4015),#4113,.T.);
#4328=ADVANCED_FACE('',(#4016),#4114,.T.);
#4329=ADVANCED_FACE('',(#4017),#4115,.T.);
#4330=ADVANCED_FACE('',(#4018),#4116,.T.);
#4331=ADVANCED_FACE('',(#4019),#4117,.T.);
#4332=CLOSED_SHELL('',(#4118,#4119,#4120,#4121,#4122,#4123,#4124,#4125,
#4126,#4127,#4128,#4129,#4130,#4131,#4132,#4133,#4134,#4135,#4136,#4137,
#4138,#4139,#4140,#4141,#4142,#4143,#4144,#4145,#4146,#4147,#4148,#4149,
#4150,#4151,#4152,#4153,#4154,#4155,#4156,#4157,#4158,#4159,#4160,#4161,
#4162,#4163,#4164,#4165,#4166,#4167,#4168,#4169,#4170,#4171,#4172,#4173,
#4174,#4175,#4176,#4177,#4178,#4179,#4180,#4181,#4182,#4183,#4184,#4185,
#4186,#4187,#4188,#4189,#4190,#4191,#4192,#4193,#4194,#4195,#4196,#4197,
#4198,#4199,#4200,#4201,#4202,#4203,#4204,#4205,#4206,#4207,#4208,#4209,
#4210,#4211,#4212,#4213,#4214,#4215,#4216,#4217,#4218,#4219,#4220,#4221,
#4222,#4223,#4224,#4225,#4226,#4227,#4228,#4229,#4230,#4231,#4232,#4233,
#4234,#4235,#4236,#4237,#4238,#4239,#4240,#4241,#4242,#4243,#4244,#4245,
#4246,#4247,#4248,#4249,#4250,#4251,#4252,#4253,#4254,#4255,#4256,#4257,
#4258,#4259,#4260,#4261,#4262,#4263,#4264,#4265,#4266,#4267,#4268,#4269,
#4270,#4271,#4272,#4273,#4274,#4275,#4276,#4277,#4278,#4279,#4280,#4281,
#4282,#4283,#4284,#4285,#4286,#4287,#4288,#4289,#4290,#4291,#4292,#4293,
#4294,#4295,#4296,#4297,#4298,#4299,#4300,#4301,#4302,#4303,#4304,#4305,
#4306,#4307,#4308,#4309,#4310,#4311,#4312,#4313,#4314,#4315,#4316,#4317,
#4318,#4319,#4320,#4321,#4322,#4323,#4324,#4325,#4326,#4327,#4328,#4329,
#4330,#4331));
#4333=STYLED_ITEM('',(#4334),#4341);
#4334=PRESENTATION_STYLE_ASSIGNMENT((#4335));
#4335=SURFACE_STYLE_USAGE(.BOTH.,#4336);
#4336=SURFACE_SIDE_STYLE('',(#4337));
#4337=SURFACE_STYLE_FILL_AREA(#4338);
#4338=FILL_AREA_STYLE('',(#4339));
#4339=FILL_AREA_STYLE_COLOUR('',#4340);
#4340=COLOUR_RGB('',0.615686274509804,0.811764705882353,0.929411764705882);
#4341=MANIFOLD_SOLID_BREP('DIAGONALS',#4332);
#4342=SHAPE_DEFINITION_REPRESENTATION(#7478,#4343);
#4343=SHAPE_REPRESENTATION('DIAGONALS',(#4344),#7473);
#4344=AXIS2_PLACEMENT_3D('',#5603,#4629,#4630);
#4345=AXIS2_PLACEMENT_3D('',#5604,#4631,#4632);
#4346=AXIS2_PLACEMENT_3D('',#5650,#4651,#4652);
#4347=AXIS2_PLACEMENT_3D('',#5652,#4653,#4654);
#4348=AXIS2_PLACEMENT_3D('',#5674,#4655,#4656);
#4349=AXIS2_PLACEMENT_3D('',#5690,#4660,#4661);
#4350=AXIS2_PLACEMENT_3D('',#5692,#4662,#4663);
#4351=AXIS2_PLACEMENT_3D('',#5750,#4680,#4681);
#4352=AXIS2_PLACEMENT_3D('',#5752,#4682,#4683);
#4353=AXIS2_PLACEMENT_3D('',#5756,#4685,#4686);
#4354=AXIS2_PLACEMENT_3D('',#5782,#4687,#4688);
#4355=AXIS2_PLACEMENT_3D('',#5786,#4690,#4691);
#4356=AXIS2_PLACEMENT_3D('',#5788,#4692,#4693);
#4357=AXIS2_PLACEMENT_3D('',#5796,#4697,#4698);
#4358=AXIS2_PLACEMENT_3D('',#5798,#4699,#4700);
#4359=AXIS2_PLACEMENT_3D('',#5800,#4701,#4702);
#4360=AXIS2_PLACEMENT_3D('',#5802,#4703,#4704);
#4361=AXIS2_PLACEMENT_3D('',#5808,#4707,#4708);
#4362=AXIS2_PLACEMENT_3D('',#5810,#4709,#4710);
#4363=AXIS2_PLACEMENT_3D('',#5812,#4711,#4712);
#4364=AXIS2_PLACEMENT_3D('',#5838,#4715,#4716);
#4365=AXIS2_PLACEMENT_3D('',#5840,#4717,#4718);
#4366=AXIS2_PLACEMENT_3D('',#5844,#4720,#4721);
#4367=AXIS2_PLACEMENT_3D('',#5870,#4722,#4723);
#4368=AXIS2_PLACEMENT_3D('',#5874,#4725,#4726);
#4369=AXIS2_PLACEMENT_3D('',#5876,#4727,#4728);
#4370=AXIS2_PLACEMENT_3D('',#5877,#4729,#4730);
#4371=AXIS2_PLACEMENT_3D('',#5886,#4732,#4733);
#4372=AXIS2_PLACEMENT_3D('',#5894,#4737,#4738);
#4373=AXIS2_PLACEMENT_3D('',#5895,#4739,#4740);
#4374=AXIS2_PLACEMENT_3D('',#5906,#4741,#4742);
#4375=AXIS2_PLACEMENT_3D('',#5908,#4743,#4744);
#4376=AXIS2_PLACEMENT_3D('',#5910,#4745,#4746);
#4377=AXIS2_PLACEMENT_3D('',#5914,#4748,#4749);
#4378=AXIS2_PLACEMENT_3D('',#5924,#4750,#4751);
#4379=AXIS2_PLACEMENT_3D('',#5928,#4753,#4754);
#4380=AXIS2_PLACEMENT_3D('',#5930,#4755,#4756);
#4381=AXIS2_PLACEMENT_3D('',#5931,#4757,#4758);
#4382=AXIS2_PLACEMENT_3D('',#5934,#4759,#4760);
#4383=AXIS2_PLACEMENT_3D('',#5936,#4761,#4762);
#4384=AXIS2_PLACEMENT_3D('',#5938,#4763,#4764);
#4385=AXIS2_PLACEMENT_3D('',#5940,#4765,#4766);
#4386=AXIS2_PLACEMENT_3D('',#5948,#4768,#4769);
#4387=AXIS2_PLACEMENT_3D('',#5954,#4770,#4771);
#4388=AXIS2_PLACEMENT_3D('',#5977,#4783,#4784);
#4389=AXIS2_PLACEMENT_3D('',#5982,#4786,#4787);
#4390=AXIS2_PLACEMENT_3D('',#5984,#4788,#4789);
#4391=AXIS2_PLACEMENT_3D('',#6002,#4790,#4791);
#4392=AXIS2_PLACEMENT_3D('',#6004,#4792,#4793);
#4393=AXIS2_PLACEMENT_3D('',#6008,#4795,#4796);
#4394=AXIS2_PLACEMENT_3D('',#6069,#4815,#4816);
#4395=AXIS2_PLACEMENT_3D('',#6074,#4818,#4819);
#4396=AXIS2_PLACEMENT_3D('',#6076,#4820,#4821);
#4397=AXIS2_PLACEMENT_3D('',#6078,#4822,#4823);
#4398=AXIS2_PLACEMENT_3D('',#6080,#4824,#4825);
#4399=AXIS2_PLACEMENT_3D('',#6088,#4829,#4830);
#4400=AXIS2_PLACEMENT_3D('',#6090,#4831,#4832);
#4401=AXIS2_PLACEMENT_3D('',#6092,#4833,#4834);
#4402=AXIS2_PLACEMENT_3D('',#6100,#4836,#4837);
#4403=AXIS2_PLACEMENT_3D('',#6102,#4838,#4839);
#4404=AXIS2_PLACEMENT_3D('',#6104,#4840,#4841);
#4405=AXIS2_PLACEMENT_3D('',#6110,#4842,#4843);
#4406=AXIS2_PLACEMENT_3D('',#6112,#4844,#4845);
#4407=AXIS2_PLACEMENT_3D('',#6114,#4846,#4847);
#4408=AXIS2_PLACEMENT_3D('',#6137,#4853,#4854);
#4409=AXIS2_PLACEMENT_3D('',#6159,#4857,#4858);
#4410=AXIS2_PLACEMENT_3D('',#6161,#4859,#4860);
#4411=AXIS2_PLACEMENT_3D('',#6163,#4861,#4862);
#4412=AXIS2_PLACEMENT_3D('',#6169,#4863,#4864);
#4413=AXIS2_PLACEMENT_3D('',#6171,#4865,#4866);
#4414=AXIS2_PLACEMENT_3D('',#6173,#4867,#4868);
#4415=AXIS2_PLACEMENT_3D('',#6210,#4887,#4888);
#4416=AXIS2_PLACEMENT_3D('',#6213,#4889,#4890);
#4417=AXIS2_PLACEMENT_3D('',#6217,#4892,#4893);
#4418=AXIS2_PLACEMENT_3D('',#6223,#4894,#4895);
#4419=AXIS2_PLACEMENT_3D('',#6231,#4897,#4898);
#4420=AXIS2_PLACEMENT_3D('',#6233,#4899,#4900);
#4421=AXIS2_PLACEMENT_3D('',#6235,#4901,#4902);
#4422=AXIS2_PLACEMENT_3D('',#6239,#4904,#4905);
#4423=AXIS2_PLACEMENT_3D('',#6241,#4906,#4907);
#4424=AXIS2_PLACEMENT_3D('',#6249,#4911,#4912);
#4425=AXIS2_PLACEMENT_3D('',#6267,#4917,#4918);
#4426=AXIS2_PLACEMENT_3D('',#6269,#4919,#4920);
#4427=AXIS2_PLACEMENT_3D('',#6271,#4921,#4922);
#4428=AXIS2_PLACEMENT_3D('',#6277,#4925,#4926);
#4429=AXIS2_PLACEMENT_3D('',#6279,#4927,#4928);
#4430=AXIS2_PLACEMENT_3D('',#6281,#4929,#4930);
#4431=AXIS2_PLACEMENT_3D('',#6283,#4931,#4932);
#4432=AXIS2_PLACEMENT_3D('',#6355,#4964,#4965);
#4433=AXIS2_PLACEMENT_3D('',#6357,#4966,#4967);
#4434=AXIS2_PLACEMENT_3D('',#6373,#4971,#4972);
#4435=AXIS2_PLACEMENT_3D('',#6395,#4973,#4974);
#4436=AXIS2_PLACEMENT_3D('',#6397,#4975,#4976);
#4437=AXIS2_PLACEMENT_3D('',#6423,#4981,#4982);
#4438=AXIS2_PLACEMENT_3D('',#6425,#4983,#4984);
#4439=AXIS2_PLACEMENT_3D('',#6429,#4986,#4987);
#4440=AXIS2_PLACEMENT_3D('',#6455,#4988,#4989);
#4441=AXIS2_PLACEMENT_3D('',#6459,#4991,#4992);
#4442=AXIS2_PLACEMENT_3D('',#6461,#4993,#4994);
#4443=AXIS2_PLACEMENT_3D('',#6479,#4995,#4996);
#4444=AXIS2_PLACEMENT_3D('',#6481,#4997,#4998);
#4445=AXIS2_PLACEMENT_3D('',#6485,#5000,#5001);
#4446=AXIS2_PLACEMENT_3D('',#6511,#5002,#5003);
#4447=AXIS2_PLACEMENT_3D('',#6515,#5005,#5006);
#4448=AXIS2_PLACEMENT_3D('',#6517,#5007,#5008);
#4449=AXIS2_PLACEMENT_3D('',#6531,#5009,#5010);
#4450=AXIS2_PLACEMENT_3D('',#6533,#5011,#5012);
#4451=AXIS2_PLACEMENT_3D('',#6535,#5013,#5014);
#4452=AXIS2_PLACEMENT_3D('',#6539,#5016,#5017);
#4453=AXIS2_PLACEMENT_3D('',#6549,#5018,#5019);
#4454=AXIS2_PLACEMENT_3D('',#6553,#5021,#5022);
#4455=AXIS2_PLACEMENT_3D('',#6555,#5023,#5024);
#4456=AXIS2_PLACEMENT_3D('',#6557,#5025,#5026);
#4457=AXIS2_PLACEMENT_3D('',#6577,#5034,#5035);
#4458=AXIS2_PLACEMENT_3D('',#6603,#5036,#5037);
#4459=AXIS2_PLACEMENT_3D('',#6607,#5039,#5040);
#4460=AXIS2_PLACEMENT_3D('',#6609,#5041,#5042);
#4461=AXIS2_PLACEMENT_3D('',#6627,#5043,#5044);
#4462=AXIS2_PLACEMENT_3D('',#6629,#5045,#5046);
#4463=AXIS2_PLACEMENT_3D('',#6641,#5052,#5053);
#4464=AXIS2_PLACEMENT_3D('',#6643,#5054,#5055);
#4465=AXIS2_PLACEMENT_3D('',#6645,#5056,#5057);
#4466=AXIS2_PLACEMENT_3D('',#6647,#5058,#5059);
#4467=AXIS2_PLACEMENT_3D('',#6655,#5063,#5064);
#4468=AXIS2_PLACEMENT_3D('',#6657,#5065,#5066);
#4469=AXIS2_PLACEMENT_3D('',#6659,#5067,#5068);
#4470=AXIS2_PLACEMENT_3D('',#6661,#5069,#5070);
#4471=AXIS2_PLACEMENT_3D('',#6670,#5075,#5076);
#4472=AXIS2_PLACEMENT_3D('',#6673,#5079,#5080);
#4473=AXIS2_PLACEMENT_3D('',#6675,#5082,#5083);
#4474=AXIS2_PLACEMENT_3D('',#6678,#5086,#5087);
#4475=AXIS2_PLACEMENT_3D('',#6680,#5089,#5090);
#4476=AXIS2_PLACEMENT_3D('',#6683,#5093,#5094);
#4477=AXIS2_PLACEMENT_3D('',#6685,#5096,#5097);
#4478=AXIS2_PLACEMENT_3D('',#6688,#5100,#5101);
#4479=AXIS2_PLACEMENT_3D('',#6690,#5103,#5104);
#4480=AXIS2_PLACEMENT_3D('',#6693,#5107,#5108);
#4481=AXIS2_PLACEMENT_3D('',#6695,#5110,#5111);
#4482=AXIS2_PLACEMENT_3D('',#6697,#5113,#5114);
#4483=AXIS2_PLACEMENT_3D('',#6698,#5115,#5116);
#4484=AXIS2_PLACEMENT_3D('',#6699,#5117,#5118);
#4485=AXIS2_PLACEMENT_3D('',#6700,#5119,#5120);
#4486=AXIS2_PLACEMENT_3D('',#6701,#5121,#5122);
#4487=AXIS2_PLACEMENT_3D('',#6712,#5125,#5126);
#4488=AXIS2_PLACEMENT_3D('',#6723,#5129,#5130);
#4489=AXIS2_PLACEMENT_3D('',#6770,#5137,#5138);
#4490=AXIS2_PLACEMENT_3D('',#6772,#5140,#5141);
#4491=AXIS2_PLACEMENT_3D('',#6774,#5143,#5144);
#4492=AXIS2_PLACEMENT_3D('',#6776,#5146,#5147);
#4493=AXIS2_PLACEMENT_3D('',#6796,#5151,#5152);
#4494=AXIS2_PLACEMENT_3D('',#6798,#5154,#5155);
#4495=AXIS2_PLACEMENT_3D('',#6818,#5159,#5160);
#4496=AXIS2_PLACEMENT_3D('',#6820,#5162,#5163);
#4497=AXIS2_PLACEMENT_3D('',#6822,#5165,#5166);
#4498=AXIS2_PLACEMENT_3D('',#6823,#5167,#5168);
#4499=AXIS2_PLACEMENT_3D('',#6826,#5171,#5172);
#4500=AXIS2_PLACEMENT_3D('',#6828,#5174,#5175);
#4501=AXIS2_PLACEMENT_3D('',#6830,#5177,#5178);
#4502=AXIS2_PLACEMENT_3D('',#6831,#5179,#5180);
#4503=AXIS2_PLACEMENT_3D('',#6834,#5183,#5184);
#4504=AXIS2_PLACEMENT_3D('',#6836,#5186,#5187);
#4505=AXIS2_PLACEMENT_3D('',#6838,#5189,#5190);
#4506=AXIS2_PLACEMENT_3D('',#6839,#5191,#5192);
#4507=AXIS2_PLACEMENT_3D('',#6842,#5195,#5196);
#4508=AXIS2_PLACEMENT_3D('',#6844,#5198,#5199);
#4509=AXIS2_PLACEMENT_3D('',#6846,#5201,#5202);
#4510=AXIS2_PLACEMENT_3D('',#6848,#5204,#5205);
#4511=AXIS2_PLACEMENT_3D('',#6850,#5207,#5208);
#4512=AXIS2_PLACEMENT_3D('',#6852,#5210,#5211);
#4513=AXIS2_PLACEMENT_3D('',#6863,#5214,#5215);
#4514=AXIS2_PLACEMENT_3D('',#6874,#5218,#5219);
#4515=AXIS2_PLACEMENT_3D('',#6876,#5221,#5222);
#4516=AXIS2_PLACEMENT_3D('',#6878,#5224,#5225);
#4517=AXIS2_PLACEMENT_3D('',#6934,#5233,#5234);
#4518=AXIS2_PLACEMENT_3D('',#6936,#5236,#5237);
#4519=AXIS2_PLACEMENT_3D('',#6938,#5239,#5240);
#4520=AXIS2_PLACEMENT_3D('',#6940,#5242,#5243);
#4521=AXIS2_PLACEMENT_3D('',#6959,#5246,#5247);
#4522=AXIS2_PLACEMENT_3D('',#6962,#5250,#5251);
#4523=AXIS2_PLACEMENT_3D('',#6964,#5253,#5254);
#4524=AXIS2_PLACEMENT_3D('',#6966,#5256,#5257);
#4525=AXIS2_PLACEMENT_3D('',#6968,#5259,#5260);
#4526=AXIS2_PLACEMENT_3D('',#6970,#5262,#5263);
#4527=AXIS2_PLACEMENT_3D('',#6972,#5265,#5266);
#4528=AXIS2_PLACEMENT_3D('',#6974,#5268,#5269);
#4529=AXIS2_PLACEMENT_3D('',#6976,#5271,#5272);
#4530=AXIS2_PLACEMENT_3D('',#6978,#5274,#5275);
#4531=AXIS2_PLACEMENT_3D('',#6989,#5278,#5279);
#4532=AXIS2_PLACEMENT_3D('',#6991,#5281,#5282);
#4533=AXIS2_PLACEMENT_3D('',#6993,#5284,#5285);
#4534=AXIS2_PLACEMENT_3D('',#6995,#5287,#5288);
#4535=AXIS2_PLACEMENT_3D('',#7006,#5291,#5292);
#4536=AXIS2_PLACEMENT_3D('',#7017,#5295,#5296);
#4537=AXIS2_PLACEMENT_3D('',#7019,#5298,#5299);
#4538=AXIS2_PLACEMENT_3D('',#7021,#5301,#5302);
#4539=AXIS2_PLACEMENT_3D('',#7077,#5310,#5311);
#4540=AXIS2_PLACEMENT_3D('',#7079,#5313,#5314);
#4541=AXIS2_PLACEMENT_3D('',#7081,#5316,#5317);
#4542=AXIS2_PLACEMENT_3D('',#7083,#5319,#5320);
#4543=AXIS2_PLACEMENT_3D('',#7102,#5323,#5324);
#4544=AXIS2_PLACEMENT_3D('',#7105,#5327,#5328);
#4545=AXIS2_PLACEMENT_3D('',#7116,#5331,#5332);
#4546=AXIS2_PLACEMENT_3D('',#7118,#5334,#5335);
#4547=AXIS2_PLACEMENT_3D('',#7120,#5337,#5338);
#4548=AXIS2_PLACEMENT_3D('',#7122,#5340,#5341);
#4549=AXIS2_PLACEMENT_3D('',#7124,#5343,#5344);
#4550=AXIS2_PLACEMENT_3D('',#7125,#5345,#5346);
#4551=AXIS2_PLACEMENT_3D('',#7128,#5349,#5350);
#4552=AXIS2_PLACEMENT_3D('',#7139,#5353,#5354);
#4553=AXIS2_PLACEMENT_3D('',#7141,#5356,#5357);
#4554=AXIS2_PLACEMENT_3D('',#7143,#5359,#5360);
#4555=AXIS2_PLACEMENT_3D('',#7163,#5364,#5365);
#4556=AXIS2_PLACEMENT_3D('',#7165,#5367,#5368);
#4557=AXIS2_PLACEMENT_3D('',#7167,#5370,#5371);
#4558=AXIS2_PLACEMENT_3D('',#7169,#5373,#5374);
#4559=AXIS2_PLACEMENT_3D('',#7171,#5376,#5377);
#4560=AXIS2_PLACEMENT_3D('',#7181,#5379,#5380);
#4561=AXIS2_PLACEMENT_3D('',#7184,#5383,#5384);
#4562=AXIS2_PLACEMENT_3D('',#7186,#5386,#5387);
#4563=AXIS2_PLACEMENT_3D('',#7197,#5390,#5391);
#4564=AXIS2_PLACEMENT_3D('',#7199,#5393,#5394);
#4565=AXIS2_PLACEMENT_3D('',#7210,#5397,#5398);
#4566=AXIS2_PLACEMENT_3D('',#7212,#5400,#5401);
#4567=AXIS2_PLACEMENT_3D('',#7214,#5403,#5404);
#4568=AXIS2_PLACEMENT_3D('',#7216,#5406,#5407);
#4569=AXIS2_PLACEMENT_3D('',#7217,#5408,#5409);
#4570=AXIS2_PLACEMENT_3D('',#7220,#5412,#5413);
#4571=AXIS2_PLACEMENT_3D('',#7222,#5415,#5416);
#4572=AXIS2_PLACEMENT_3D('',#7224,#5418,#5419);
#4573=AXIS2_PLACEMENT_3D('',#7226,#5421,#5422);
#4574=AXIS2_PLACEMENT_3D('',#7228,#5424,#5425);
#4575=AXIS2_PLACEMENT_3D('',#7229,#5426,#5427);
#4576=AXIS2_PLACEMENT_3D('',#7232,#5430,#5431);
#4577=AXIS2_PLACEMENT_3D('',#7234,#5433,#5434);
#4578=AXIS2_PLACEMENT_3D('',#7236,#5436,#5437);
#4579=AXIS2_PLACEMENT_3D('',#7237,#5438,#5439);
#4580=AXIS2_PLACEMENT_3D('',#7249,#5443,#5444);
#4581=AXIS2_PLACEMENT_3D('',#7278,#5449,#5450);
#4582=AXIS2_PLACEMENT_3D('',#7280,#5452,#5453);
#4583=AXIS2_PLACEMENT_3D('',#7282,#5455,#5456);
#4584=AXIS2_PLACEMENT_3D('',#7284,#5458,#5459);
#4585=AXIS2_PLACEMENT_3D('',#7340,#5467,#5468);
#4586=AXIS2_PLACEMENT_3D('',#7342,#5470,#5471);
#4587=AXIS2_PLACEMENT_3D('',#7343,#5472,#5473);
#4588=AXIS2_PLACEMENT_3D('',#7346,#5476,#5477);
#4589=AXIS2_PLACEMENT_3D('',#7348,#5479,#5480);
#4590=AXIS2_PLACEMENT_3D('',#7350,#5482,#5483);
#4591=AXIS2_PLACEMENT_3D('',#7352,#5485,#5486);
#4592=AXIS2_PLACEMENT_3D('',#7354,#5488,#5489);
#4593=AXIS2_PLACEMENT_3D('',#7356,#5491,#5492);
#4594=AXIS2_PLACEMENT_3D('',#7357,#5493,#5494);
#4595=AXIS2_PLACEMENT_3D('',#7360,#5497,#5498);
#4596=AXIS2_PLACEMENT_3D('',#7362,#5500,#5501);
#4597=AXIS2_PLACEMENT_3D('',#7364,#5503,#5504);
#4598=AXIS2_PLACEMENT_3D('',#7365,#5505,#5506);
#4599=AXIS2_PLACEMENT_3D('',#7368,#5509,#5510);
#4600=AXIS2_PLACEMENT_3D('',#7370,#5512,#5513);
#4601=AXIS2_PLACEMENT_3D('',#7372,#5515,#5516);
#4602=AXIS2_PLACEMENT_3D('',#7374,#5518,#5519);
#4603=AXIS2_PLACEMENT_3D('',#7376,#5521,#5522);
#4604=AXIS2_PLACEMENT_3D('',#7378,#5524,#5525);
#4605=AXIS2_PLACEMENT_3D('',#7379,#5526,#5527);
#4606=AXIS2_PLACEMENT_3D('',#7382,#5530,#5531);
#4607=AXIS2_PLACEMENT_3D('',#7384,#5533,#5534);
#4608=AXIS2_PLACEMENT_3D('',#7386,#5536,#5537);
#4609=AXIS2_PLACEMENT_3D('',#7388,#5539,#5540);
#4610=AXIS2_PLACEMENT_3D('',#7390,#5542,#5543);
#4611=AXIS2_PLACEMENT_3D('',#7392,#5545,#5546);
#4612=AXIS2_PLACEMENT_3D('',#7394,#5548,#5549);
#4613=AXIS2_PLACEMENT_3D('',#7396,#5551,#5552);
#4614=AXIS2_PLACEMENT_3D('',#7398,#5554,#5555);
#4615=AXIS2_PLACEMENT_3D('',#7400,#5557,#5558);
#4616=AXIS2_PLACEMENT_3D('',#7402,#5560,#5561);
#4617=AXIS2_PLACEMENT_3D('',#7403,#5562,#5563);
#4618=AXIS2_PLACEMENT_3D('',#7406,#5566,#5567);
#4619=AXIS2_PLACEMENT_3D('',#7408,#5569,#5570);
#4620=AXIS2_PLACEMENT_3D('',#7419,#5573,#5574);
#4621=AXIS2_PLACEMENT_3D('',#7421,#5576,#5577);
#4622=AXIS2_PLACEMENT_3D('',#7423,#5579,#5580);
#4623=AXIS2_PLACEMENT_3D('',#7434,#5583,#5584);
#4624=AXIS2_PLACEMENT_3D('',#7463,#5589,#5590);
#4625=AXIS2_PLACEMENT_3D('',#7464,#5591,#5592);
#4626=AXIS2_PLACEMENT_3D('',#7467,#5595,#5596);
#4627=AXIS2_PLACEMENT_3D('',#7469,#5598,#5599);
#4628=AXIS2_PLACEMENT_3D('',#7471,#5601,#5602);
#4629=DIRECTION('',(0.,0.,1.));
#4630=DIRECTION('',(1.,0.,0.));
#4631=DIRECTION('',(0.,0.,1.));
#4632=DIRECTION('',(1.,0.,0.));
#4633=DIRECTION('',(3.04337451925756E-16,-1.,0.));
#4634=DIRECTION('',(-1.,0.,0.));
#4635=DIRECTION('',(3.04337451925756E-16,-1.,0.));
#4636=DIRECTION('',(-1.,0.,0.));
#4637=DIRECTION('',(0.850663738380124,0.525710190318917,0.));
#4638=DIRECTION('',(0.,-1.,0.));
#4639=DIRECTION('',(0.850663738380124,-0.525710190318917,0.));
#4640=DIRECTION('',(-0.850663738380124,-0.525710190318917,0.));
#4641=DIRECTION('',(0.,-1.,0.));
#4642=DIRECTION('',(-0.850663738380124,0.525710190318916,0.));
#4643=DIRECTION('',(-0.850663738380124,0.525710190318917,0.));
#4644=DIRECTION('',(1.,0.,0.));
#4645=DIRECTION('',(0.850663738380124,0.525710190318917,0.));
#4646=DIRECTION('',(-0.850663738380124,-0.525710190318916,0.));
#4647=DIRECTION('',(0.850663738380124,-0.525710190318916,0.));
#4648=DIRECTION('',(1.,5.75366195874026E-16,0.));
#4649=DIRECTION('',(1.,0.,0.));
#4650=DIRECTION('',(0.,-1.,0.));
#4651=DIRECTION('',(0.,0.,1.));
#4652=DIRECTION('',(1.,0.,0.));
#4653=DIRECTION('',(0.,0.,1.));
#4654=DIRECTION('',(1.,0.,0.));
#4655=DIRECTION('',(0.,0.,1.));
#4656=DIRECTION('',(1.,0.,0.));
#4657=DIRECTION('',(0.,1.,0.));
#4658=DIRECTION('',(1.,0.,0.));
#4659=DIRECTION('',(0.,-1.,0.));
#4660=DIRECTION('',(0.,0.,1.));
#4661=DIRECTION('',(1.,0.,0.));
#4662=DIRECTION('',(0.,0.,1.));
#4663=DIRECTION('',(1.,0.,0.));
#4664=DIRECTION('',(0.,1.,0.));
#4665=DIRECTION('',(0.,-1.,0.));
#4666=DIRECTION('',(-1.,0.,0.));
#4667=DIRECTION('',(0.,1.,0.));
#4668=DIRECTION('',(1.,0.,0.));
#4669=DIRECTION('',(0.945273870729845,-0.326277963269688,0.));
#4670=DIRECTION('',(0.,-1.,0.));
#4671=DIRECTION('',(-0.941783930532443,-0.336218720762041,0.));
#4672=DIRECTION('',(0.,1.,0.));
#4673=DIRECTION('',(0.,-1.,0.));
#4674=DIRECTION('',(-0.944496796706158,-0.328520624941276,0.));
#4675=DIRECTION('',(0.,1.,0.));
#4676=DIRECTION('',(0.945005611242037,0.327054115890726,0.));
#4677=DIRECTION('',(-0.943986258892118,0.329984761804032,0.));
#4678=DIRECTION('',(0.,1.,0.));
#4679=DIRECTION('',(0.943730346928173,-0.330715938967007,0.));
#4680=DIRECTION('',(0.,0.,1.));
#4681=DIRECTION('',(1.,0.,0.));
#4682=DIRECTION('',(0.,0.,1.));
#4683=DIRECTION('',(1.,0.,0.));
#4684=DIRECTION('',(-1.,0.,0.));
#4685=DIRECTION('',(0.,0.,1.));
#4686=DIRECTION('',(1.,0.,0.));
#4687=DIRECTION('',(0.,0.,1.));
#4688=DIRECTION('',(1.,0.,0.));
#4689=DIRECTION('',(-1.,0.,0.));
#4690=DIRECTION('',(0.,0.,1.));
#4691=DIRECTION('',(1.,0.,0.));
#4692=DIRECTION('',(0.,0.,1.));
#4693=DIRECTION('',(1.,0.,0.));
#4694=DIRECTION('',(1.,0.,0.));
#4695=DIRECTION('',(0.,-1.,0.));
#4696=DIRECTION('',(-1.,0.,0.));
#4697=DIRECTION('',(0.,0.,1.));
#4698=DIRECTION('',(1.,0.,0.));
#4699=DIRECTION('',(0.,0.,1.));
#4700=DIRECTION('',(1.,0.,0.));
#4701=DIRECTION('',(0.,0.,1.));
#4702=DIRECTION('',(1.,0.,0.));
#4703=DIRECTION('',(0.,0.,1.));
#4704=DIRECTION('',(1.,0.,0.));
#4705=DIRECTION('',(0.,1.,0.));
#4706=DIRECTION('',(1.,0.,0.));
#4707=DIRECTION('',(0.,0.,1.));
#4708=DIRECTION('',(1.,0.,0.));
#4709=DIRECTION('',(0.,0.,1.));
#4710=DIRECTION('',(1.,0.,0.));
#4711=DIRECTION('',(0.,0.,1.));
#4712=DIRECTION('',(1.,0.,0.));
#4713=DIRECTION('',(1.,0.,0.));
#4714=DIRECTION('',(0.,1.,0.));
#4715=DIRECTION('',(0.,0.,1.));
#4716=DIRECTION('',(1.,0.,0.));
#4717=DIRECTION('',(0.,0.,1.));
#4718=DIRECTION('',(1.,0.,0.));
#4719=DIRECTION('',(-1.,0.,0.));
#4720=DIRECTION('',(0.,0.,1.));
#4721=DIRECTION('',(1.,0.,0.));
#4722=DIRECTION('',(0.,0.,1.));
#4723=DIRECTION('',(1.,0.,0.));
#4724=DIRECTION('',(-1.,0.,0.));
#4725=DIRECTION('',(0.,0.,1.));
#4726=DIRECTION('',(1.,0.,0.));
#4727=DIRECTION('',(0.,0.,1.));
#4728=DIRECTION('',(1.,0.,0.));
#4729=DIRECTION('',(0.,0.,1.));
#4730=DIRECTION('',(1.,0.,0.));
#4731=DIRECTION('',(-0.664899637265188,0.746932709395312,0.));
#4732=DIRECTION('',(0.,0.,1.));
#4733=DIRECTION('',(1.,0.,0.));
#4734=DIRECTION('',(0.,1.,0.));
#4735=DIRECTION('',(1.,0.,0.));
#4736=DIRECTION('',(0.,-1.,0.));
#4737=DIRECTION('',(0.,0.,1.));
#4738=DIRECTION('',(1.,0.,0.));
#4739=DIRECTION('',(0.,0.,1.));
#4740=DIRECTION('',(1.,0.,0.));
#4741=DIRECTION('',(0.,0.,1.));
#4742=DIRECTION('',(1.,0.,0.));
#4743=DIRECTION('',(0.,0.,1.));
#4744=DIRECTION('',(1.,0.,0.));
#4745=DIRECTION('',(0.,0.,1.));
#4746=DIRECTION('',(1.,0.,0.));
#4747=DIRECTION('',(-1.,0.,0.));
#4748=DIRECTION('',(0.,0.,1.));
#4749=DIRECTION('',(1.,0.,0.));
#4750=DIRECTION('',(0.,0.,1.));
#4751=DIRECTION('',(1.,0.,0.));
#4752=DIRECTION('',(-1.,0.,0.));
#4753=DIRECTION('',(0.,0.,1.));
#4754=DIRECTION('',(1.,0.,0.));
#4755=DIRECTION('',(0.,0.,1.));
#4756=DIRECTION('',(1.,0.,0.));
#4757=DIRECTION('',(0.,0.,1.));
#4758=DIRECTION('',(1.,0.,0.));
#4759=DIRECTION('',(0.,0.,1.));
#4760=DIRECTION('',(1.,0.,0.));
#4761=DIRECTION('',(0.,0.,1.));
#4762=DIRECTION('',(1.,0.,0.));
#4763=DIRECTION('',(0.,0.,1.));
#4764=DIRECTION('',(1.,0.,0.));
#4765=DIRECTION('',(0.,0.,1.));
#4766=DIRECTION('',(1.,0.,0.));
#4767=DIRECTION('',(1.,0.,0.));
#4768=DIRECTION('',(0.,0.,1.));
#4769=DIRECTION('',(1.,0.,0.));
#4770=DIRECTION('',(0.,0.,1.));
#4771=DIRECTION('',(1.,0.,0.));
#4772=DIRECTION('',(-0.888461516247576,0.458951123919593,0.));
#4773=DIRECTION('',(1.,0.,0.));
#4774=DIRECTION('',(0.,-1.,0.));
#4775=DIRECTION('',(-1.,0.,0.));
#4776=DIRECTION('',(0.,-1.,0.));
#4777=DIRECTION('',(-1.,0.,0.));
#4778=DIRECTION('',(0.,1.,0.));
#4779=DIRECTION('',(0.945273870729845,-0.326277963269688,0.));
#4780=DIRECTION('',(0.,-1.,0.));
#4781=DIRECTION('',(-0.941783930532443,-0.336218720762041,0.));
#4782=DIRECTION('',(0.,1.,0.));
#4783=DIRECTION('',(0.,0.,1.));
#4784=DIRECTION('',(1.,0.,0.));
#4785=DIRECTION('',(1.,0.,0.));
#4786=DIRECTION('',(0.,0.,1.));
#4787=DIRECTION('',(1.,0.,0.));
#4788=DIRECTION('',(0.,0.,1.));
#4789=DIRECTION('',(1.,0.,0.));
#4790=DIRECTION('',(0.,0.,1.));
#4791=DIRECTION('',(1.,0.,0.));
#4792=DIRECTION('',(0.,0.,1.));
#4793=DIRECTION('',(1.,0.,0.));
#4794=DIRECTION('',(1.,0.,0.));
#4795=DIRECTION('',(0.,0.,1.));
#4796=DIRECTION('',(1.,0.,0.));
#4797=DIRECTION('',(-0.869767165115361,-0.493462337455644,0.));
#4798=DIRECTION('',(1.,0.,0.));
#4799=DIRECTION('',(0.,-1.,0.));
#4800=DIRECTION('',(-1.,0.,0.));
#4801=DIRECTION('',(0.,1.,0.));
#4802=DIRECTION('',(0.8692229228835,0.494420378153921,0.));
#4803=DIRECTION('',(1.,0.,0.));
#4804=DIRECTION('',(-1.,0.,0.));
#4805=DIRECTION('',(0.,1.,0.));
#4806=DIRECTION('',(1.,0.,0.));
#4807=DIRECTION('',(0.,-1.,0.));
#4808=DIRECTION('',(0.,-1.,0.));
#4809=DIRECTION('',(-0.944496796706159,-0.328520624941274,0.));
#4810=DIRECTION('',(0.,1.,0.));
#4811=DIRECTION('',(0.945005611242038,0.327054115890723,0.));
#4812=DIRECTION('',(-0.943986258892118,0.329984761804032,0.));
#4813=DIRECTION('',(0.,1.,0.));
#4814=DIRECTION('',(0.943730346928173,-0.330715938967007,0.));
#4815=DIRECTION('',(0.,0.,1.));
#4816=DIRECTION('',(1.,0.,0.));
#4817=DIRECTION('',(0.971195081368717,-0.238285782045867,0.));
#4818=DIRECTION('',(0.,0.,1.));
#4819=DIRECTION('',(1.,0.,0.));
#4820=DIRECTION('',(0.,0.,1.));
#4821=DIRECTION('',(1.,0.,0.));
#4822=DIRECTION('',(0.,0.,1.));
#4823=DIRECTION('',(1.,0.,0.));
#4824=DIRECTION('',(0.,0.,1.));
#4825=DIRECTION('',(1.,0.,0.));
#4826=DIRECTION('',(0.,-1.,0.));
#4827=DIRECTION('',(-1.,0.,0.));
#4828=DIRECTION('',(0.,1.,0.));
#4829=DIRECTION('',(0.,0.,1.));
#4830=DIRECTION('',(1.,0.,0.));
#4831=DIRECTION('',(0.,0.,1.));
#4832=DIRECTION('',(1.,0.,0.));
#4833=DIRECTION('',(0.,0.,1.));
#4834=DIRECTION('',(1.,0.,0.));
#4835=DIRECTION('',(1.,0.,0.));
#4836=DIRECTION('',(0.,0.,1.));
#4837=DIRECTION('',(1.,0.,0.));
#4838=DIRECTION('',(0.,0.,1.));
#4839=DIRECTION('',(1.,0.,0.));
#4840=DIRECTION('',(0.,0.,1.));
#4841=DIRECTION('',(1.,0.,0.));
#4842=DIRECTION('',(0.,0.,1.));
#4843=DIRECTION('',(1.,0.,0.));
#4844=DIRECTION('',(0.,0.,1.));
#4845=DIRECTION('',(1.,0.,0.));
#4846=DIRECTION('',(0.,0.,1.));
#4847=DIRECTION('',(1.,0.,0.));
#4848=DIRECTION('',(1.,0.,0.));
#4849=DIRECTION('',(0.,1.,0.));
#4850=DIRECTION('',(1.,0.,0.));
#4851=DIRECTION('',(0.,-1.,0.));
#4852=DIRECTION('',(-1.,0.,0.));
#4853=DIRECTION('',(0.,0.,1.));
#4854=DIRECTION('',(1.,0.,0.));
#4855=DIRECTION('',(-1.,0.,0.));
#4856=DIRECTION('',(-1.,0.,0.));
#4857=DIRECTION('',(0.,0.,1.));
#4858=DIRECTION('',(1.,0.,0.));
#4859=DIRECTION('',(0.,0.,1.));
#4860=DIRECTION('',(1.,0.,0.));
#4861=DIRECTION('',(0.,0.,1.));
#4862=DIRECTION('',(1.,0.,0.));
#4863=DIRECTION('',(0.,0.,1.));
#4864=DIRECTION('',(1.,0.,0.));
#4865=DIRECTION('',(0.,0.,1.));
#4866=DIRECTION('',(1.,0.,0.));
#4867=DIRECTION('',(0.,0.,1.));
#4868=DIRECTION('',(1.,0.,0.));
#4869=DIRECTION('',(0.944496796706159,0.328520624941273,0.));
#4870=DIRECTION('',(0.,1.,0.));
#4871=DIRECTION('',(-0.943730346928173,0.330715938967007,0.));
#4872=DIRECTION('',(0.,-1.,0.));
#4873=DIRECTION('',(0.943986258892118,-0.329984761804032,0.));
#4874=DIRECTION('',(-0.945005611242038,-0.327054115890723,0.));
#4875=DIRECTION('',(0.,-1.,0.));
#4876=DIRECTION('',(-1.,0.,0.));
#4877=DIRECTION('',(0.869767165115361,0.493462337455644,0.));
#4878=DIRECTION('',(-1.,0.,0.));
#4879=DIRECTION('',(-0.8692229228835,-0.494420378153921,0.));
#4880=DIRECTION('',(0.,-1.,0.));
#4881=DIRECTION('',(1.,0.,0.));
#4882=DIRECTION('',(0.,1.,0.));
#4883=DIRECTION('',(0.,1.,0.));
#4884=DIRECTION('',(-0.945273870729845,0.326277963269688,0.));
#4885=DIRECTION('',(0.,-1.,0.));
#4886=DIRECTION('',(0.941783930532443,0.336218720762041,0.));
#4887=DIRECTION('',(0.,0.,1.));
#4888=DIRECTION('',(1.,0.,0.));
#4889=DIRECTION('',(0.,0.,1.));
#4890=DIRECTION('',(1.,0.,0.));
#4891=DIRECTION('',(0.888461516247576,-0.458951123919593,0.));
#4892=DIRECTION('',(0.,0.,1.));
#4893=DIRECTION('',(1.,0.,0.));
#4894=DIRECTION('',(0.,0.,1.));
#4895=DIRECTION('',(1.,0.,0.));
#4896=DIRECTION('',(-1.,0.,0.));
#4897=DIRECTION('',(0.,0.,1.));
#4898=DIRECTION('',(1.,0.,0.));
#4899=DIRECTION('',(0.,0.,1.));
#4900=DIRECTION('',(1.,0.,0.));
#4901=DIRECTION('',(0.,0.,1.));
#4902=DIRECTION('',(1.,0.,0.));
#4903=DIRECTION('',(0.664899637265188,-0.746932709395312,0.));
#4904=DIRECTION('',(0.,0.,1.));
#4905=DIRECTION('',(1.,0.,0.));
#4906=DIRECTION('',(0.,0.,1.));
#4907=DIRECTION('',(1.,0.,0.));
#4908=DIRECTION('',(0.,1.,0.));
#4909=DIRECTION('',(-1.,0.,0.));
#4910=DIRECTION('',(0.,-1.,0.));
#4911=DIRECTION('',(0.,0.,1.));
#4912=DIRECTION('',(1.,0.,0.));
#4913=DIRECTION('',(0.,1.,0.));
#4914=DIRECTION('',(-1.,0.,0.));
#4915=DIRECTION('',(0.,-1.,0.));
#4916=DIRECTION('',(-1.,0.,0.));
#4917=DIRECTION('',(0.,0.,1.));
#4918=DIRECTION('',(1.,0.,0.));
#4919=DIRECTION('',(0.,0.,1.));
#4920=DIRECTION('',(1.,0.,0.));
#4921=DIRECTION('',(0.,0.,1.));
#4922=DIRECTION('',(1.,0.,0.));
#4923=DIRECTION('',(-1.,0.,0.));
#4924=DIRECTION('',(0.,-1.,0.));
#4925=DIRECTION('',(0.,0.,1.));
#4926=DIRECTION('',(1.,0.,0.));
#4927=DIRECTION('',(0.,0.,1.));
#4928=DIRECTION('',(1.,0.,0.));
#4929=DIRECTION('',(0.,0.,1.));
#4930=DIRECTION('',(1.,0.,0.));
#4931=DIRECTION('',(0.,0.,1.));
#4932=DIRECTION('',(1.,0.,0.));
#4933=DIRECTION('',(1.,0.,0.));
#4934=DIRECTION('',(0.944496796706158,0.328520624941276,0.));
#4935=DIRECTION('',(0.,1.,0.));
#4936=DIRECTION('',(-0.943730346928173,0.330715938967007,0.));
#4937=DIRECTION('',(0.,-1.,0.));
#4938=DIRECTION('',(0.943986258892118,-0.329984761804032,0.));
#4939=DIRECTION('',(-0.945005611242037,-0.327054115890726,0.));
#4940=DIRECTION('',(0.,-1.,0.));
#4941=DIRECTION('',(1.,0.,0.));
#4942=DIRECTION('',(0.,1.,0.));
#4943=DIRECTION('',(-1.,0.,0.));
#4944=DIRECTION('',(0.,-1.,0.));
#4945=DIRECTION('',(-0.850663738380124,-0.525710190318916,0.));
#4946=DIRECTION('',(1.,5.75366195874026E-16,0.));
#4947=DIRECTION('',(0.850663738380124,-0.525710190318916,0.));
#4948=DIRECTION('',(-0.850663738380124,0.525710190318917,0.));
#4949=DIRECTION('',(0.850663738380124,0.525710190318917,0.));
#4950=DIRECTION('',(1.,0.,0.));
#4951=DIRECTION('',(-0.850663738380124,-0.525710190318917,0.));
#4952=DIRECTION('',(-0.850663738380124,0.525710190318916,0.));
#4953=DIRECTION('',(0.,-1.,0.));
#4954=DIRECTION('',(0.850663738380124,0.525710190318917,0.));
#4955=DIRECTION('',(0.850663738380124,-0.525710190318917,0.));
#4956=DIRECTION('',(0.,-1.,0.));
#4957=DIRECTION('',(3.04337451925756E-16,-1.,0.));
#4958=DIRECTION('',(-1.,0.,0.));
#4959=DIRECTION('',(3.04337451925756E-16,-1.,0.));
#4960=DIRECTION('',(-1.,0.,0.));
#4961=DIRECTION('',(0.,1.,0.));
#4962=DIRECTION('',(-1.,0.,0.));
#4963=DIRECTION('',(0.,-1.,0.));
#4964=DIRECTION('',(0.,0.,1.));
#4965=DIRECTION('',(1.,0.,0.));
#4966=DIRECTION('',(0.,0.,1.));
#4967=DIRECTION('',(1.,0.,0.));
#4968=DIRECTION('',(0.,1.,0.));
#4969=DIRECTION('',(-1.,0.,0.));
#4970=DIRECTION('',(0.,-1.,0.));
#4971=DIRECTION('',(0.,0.,1.));
#4972=DIRECTION('',(1.,0.,0.));
#4973=DIRECTION('',(0.,0.,1.));
#4974=DIRECTION('',(1.,0.,0.));
#4975=DIRECTION('',(0.,0.,1.));
#4976=DIRECTION('',(1.,0.,0.));
#4977=DIRECTION('',(0.,1.,0.));
#4978=DIRECTION('',(-0.945273870729845,0.326277963269688,0.));
#4979=DIRECTION('',(0.,-1.,0.));
#4980=DIRECTION('',(0.941783930532443,0.336218720762041,0.));
#4981=DIRECTION('',(0.,0.,1.));
#4982=DIRECTION('',(1.,0.,0.));
#4983=DIRECTION('',(0.,0.,1.));
#4984=DIRECTION('',(1.,0.,0.));
#4985=DIRECTION('',(1.,0.,0.));
#4986=DIRECTION('',(0.,0.,1.));
#4987=DIRECTION('',(1.,0.,0.));
#4988=DIRECTION('',(0.,0.,1.));
#4989=DIRECTION('',(1.,0.,0.));
#4990=DIRECTION('',(1.,0.,0.));
#4991=DIRECTION('',(0.,0.,1.));
#4992=DIRECTION('',(1.,0.,0.));
#4993=DIRECTION('',(0.,0.,1.));
#4994=DIRECTION('',(1.,0.,0.));
#4995=DIRECTION('',(0.,0.,1.));
#4996=DIRECTION('',(1.,0.,0.));
#4997=DIRECTION('',(0.,0.,1.));
#4998=DIRECTION('',(1.,0.,0.));
#4999=DIRECTION('',(1.,0.,0.));
#5000=DIRECTION('',(0.,0.,1.));
#5001=DIRECTION('',(1.,0.,0.));
#5002=DIRECTION('',(0.,0.,1.));
#5003=DIRECTION('',(1.,0.,0.));
#5004=DIRECTION('',(1.,0.,0.));
#5005=DIRECTION('',(0.,0.,1.));
#5006=DIRECTION('',(1.,0.,0.));
#5007=DIRECTION('',(0.,0.,1.));
#5008=DIRECTION('',(1.,0.,0.));
#5009=DIRECTION('',(0.,0.,1.));
#5010=DIRECTION('',(1.,0.,0.));
#5011=DIRECTION('',(0.,0.,1.));
#5012=DIRECTION('',(1.,0.,0.));
#5013=DIRECTION('',(0.,0.,1.));
#5014=DIRECTION('',(1.,0.,0.));
#5015=DIRECTION('',(1.,0.,0.));
#5016=DIRECTION('',(0.,0.,1.));
#5017=DIRECTION('',(1.,0.,0.));
#5018=DIRECTION('',(0.,0.,1.));
#5019=DIRECTION('',(1.,0.,0.));
#5020=DIRECTION('',(1.,0.,0.));
#5021=DIRECTION('',(0.,0.,1.));
#5022=DIRECTION('',(1.,0.,0.));
#5023=DIRECTION('',(0.,0.,1.));
#5024=DIRECTION('',(1.,0.,0.));
#5025=DIRECTION('',(0.,0.,1.));
#5026=DIRECTION('',(1.,0.,0.));
#5027=DIRECTION('',(0.,1.,0.));
#5028=DIRECTION('',(-1.,0.,0.));
#5029=DIRECTION('',(0.,-1.,0.));
#5030=DIRECTION('',(1.,0.,0.));
#5031=DIRECTION('',(0.,1.,0.));
#5032=DIRECTION('',(1.,0.,0.));
#5033=DIRECTION('',(-1.,0.,0.));
#5034=DIRECTION('',(0.,0.,1.));
#5035=DIRECTION('',(1.,0.,0.));
#5036=DIRECTION('',(0.,0.,1.));
#5037=DIRECTION('',(1.,0.,0.));
#5038=DIRECTION('',(-1.,0.,0.));
#5039=DIRECTION('',(0.,0.,1.));
#5040=DIRECTION('',(1.,0.,0.));
#5041=DIRECTION('',(0.,0.,1.));
#5042=DIRECTION('',(1.,0.,0.));
#5043=DIRECTION('',(0.,0.,1.));
#5044=DIRECTION('',(1.,0.,0.));
#5045=DIRECTION('',(0.,0.,1.));
#5046=DIRECTION('',(1.,0.,0.));
#5047=DIRECTION('',(0.,-1.,0.));
#5048=DIRECTION('',(1.,0.,0.));
#5049=DIRECTION('',(0.,1.,0.));
#5050=DIRECTION('',(-1.,0.,0.));
#5051=DIRECTION('',(-0.971195081368718,0.238285782045867,0.));
#5052=DIRECTION('',(0.,0.,1.));
#5053=DIRECTION('',(1.,0.,0.));
#5054=DIRECTION('',(0.,0.,1.));
#5055=DIRECTION('',(1.,0.,0.));
#5056=DIRECTION('',(0.,0.,1.));
#5057=DIRECTION('',(1.,0.,0.));
#5058=DIRECTION('',(0.,0.,1.));
#5059=DIRECTION('',(1.,0.,0.));
#5060=DIRECTION('',(0.,-1.,0.));
#5061=DIRECTION('',(1.,0.,0.));
#5062=DIRECTION('',(0.,1.,0.));
#5063=DIRECTION('',(0.,0.,1.));
#5064=DIRECTION('',(1.,0.,0.));
#5065=DIRECTION('',(0.,0.,1.));
#5066=DIRECTION('',(1.,0.,0.));
#5067=DIRECTION('',(0.,0.,1.));
#5068=DIRECTION('',(1.,0.,0.));
#5069=DIRECTION('',(0.,0.,1.));
#5070=DIRECTION('',(1.,0.,0.));
#5071=DIRECTION('',(-1.,0.,0.));
#5072=DIRECTION('',(0.,-1.,0.));
#5073=DIRECTION('',(1.,0.,0.));
#5074=DIRECTION('',(0.,1.,0.));
#5075=DIRECTION('',(0.525710190318917,-0.850663738380124,0.));
#5076=DIRECTION('',(0.850663738380124,0.525710190318917,0.));
#5077=DIRECTION('',(0.,0.,-1.));
#5078=DIRECTION('',(0.,0.,-1.));
#5079=DIRECTION('',(0.525710190318917,0.850663738380124,0.));
#5080=DIRECTION('',(-0.850663738380124,0.525710190318917,0.));
#5081=DIRECTION('',(0.,0.,-1.));
#5082=DIRECTION('',(-0.525710190318916,-0.850663738380124,0.));
#5083=DIRECTION('',(0.850663738380124,-0.525710190318917,0.));
#5084=DIRECTION('',(0.,0.,-1.));
#5085=DIRECTION('',(0.,0.,-1.));
#5086=DIRECTION('',(0.,1.,0.));
#5087=DIRECTION('',(0.,0.,1.));
#5088=DIRECTION('',(0.,0.,-1.));
#5089=DIRECTION('',(0.525710190318916,-0.850663738380124,0.));
#5090=DIRECTION('',(0.850663738380124,0.525710190318917,0.));
#5091=DIRECTION('',(0.,0.,-1.));
#5092=DIRECTION('',(0.,0.,-1.));
#5093=DIRECTION('',(1.,0.,0.));
#5094=DIRECTION('',(0.,0.,-1.));
#5095=DIRECTION('',(0.,0.,-1.));
#5096=DIRECTION('',(-0.525710190318917,0.850663738380124,0.));
#5097=DIRECTION('',(-0.850663738380124,-0.525710190318917,0.));
#5098=DIRECTION('',(0.,0.,-1.));
#5099=DIRECTION('',(0.,0.,-1.));
#5100=DIRECTION('',(1.,0.,0.));
#5101=DIRECTION('',(0.,0.,-1.));
#5102=DIRECTION('',(0.,0.,-1.));
#5103=DIRECTION('',(1.,3.04337451925756E-16,0.));
#5104=DIRECTION('',(-3.04337451925756E-16,1.,0.));
#5105=DIRECTION('',(0.,0.,-1.));
#5106=DIRECTION('',(0.,0.,-1.));
#5107=DIRECTION('',(0.,-1.,0.));
#5108=DIRECTION('',(0.,0.,-1.));
#5109=DIRECTION('',(0.,0.,-1.));
#5110=DIRECTION('',(1.,3.04337451925756E-16,0.));
#5111=DIRECTION('',(-3.04337451925756E-16,1.,0.));
#5112=DIRECTION('',(0.,0.,-1.));
#5113=DIRECTION('',(-0.525710190318917,0.850663738380124,0.));
#5114=DIRECTION('',(-0.850663738380124,-0.525710190318917,0.));
#5115=DIRECTION('',(-0.525710190318916,-0.850663738380124,0.));
#5116=DIRECTION('',(0.850663738380124,-0.525710190318916,0.));
#5117=DIRECTION('',(0.525710190318917,0.850663738380124,0.));
#5118=DIRECTION('',(-0.850663738380124,0.525710190318917,0.));
#5119=DIRECTION('',(0.,-1.,0.));
#5120=DIRECTION('',(0.,0.,-1.));
#5121=DIRECTION('',(-5.75366195874026E-16,1.,0.));
#5122=DIRECTION('',(-1.,-5.75366195874026E-16,0.));
#5123=DIRECTION('',(0.,0.,1.));
#5124=DIRECTION('',(0.,0.,1.));
#5125=DIRECTION('',(0.,0.,1.));
#5126=DIRECTION('',(0.528581695987157,-0.848882436305135,0.));
#5127=DIRECTION('',(0.,0.,1.));
#5128=DIRECTION('',(0.,0.,1.));
#5129=DIRECTION('',(0.,0.,1.));
#5130=DIRECTION('',(0.176175566510512,-0.984358760698913,0.));
#5131=DIRECTION('',(0.,0.,1.));
#5132=DIRECTION('',(0.,0.,1.));
#5133=DIRECTION('',(0.,0.,1.));
#5134=DIRECTION('',(0.,0.,1.));
#5135=DIRECTION('',(0.,0.,1.));
#5136=DIRECTION('',(0.,0.,1.));
#5137=DIRECTION('',(0.,0.,1.));
#5138=DIRECTION('',(-0.997132987844723,-0.0756690461936446,0.));
#5139=DIRECTION('',(0.,0.,1.));
#5140=DIRECTION('',(1.,0.,0.));
#5141=DIRECTION('',(0.,0.,-1.));
#5142=DIRECTION('',(0.,0.,1.));
#5143=DIRECTION('',(0.,-1.,0.));
#5144=DIRECTION('',(0.,0.,-1.));
#5145=DIRECTION('',(0.,0.,1.));
#5146=DIRECTION('',(-1.,0.,0.));
#5147=DIRECTION('',(0.,0.,1.));
#5148=DIRECTION('',(0.,0.,1.));
#5149=DIRECTION('',(0.,0.,1.));
#5150=DIRECTION('',(0.,0.,1.));
#5151=DIRECTION('',(0.,0.,1.));
#5152=DIRECTION('',(0.119438812954874,-0.99284156337249,0.));
#5153=DIRECTION('',(0.,0.,1.));
#5154=DIRECTION('',(0.,0.,1.));
#5155=DIRECTION('',(0.460966157974634,-0.88741771517257,0.));
#5156=DIRECTION('',(0.,0.,1.));
#5157=DIRECTION('',(0.,0.,1.));
#5158=DIRECTION('',(0.,0.,1.));
#5159=DIRECTION('',(1.,0.,0.));
#5160=DIRECTION('',(0.,0.,-1.));
#5161=DIRECTION('',(0.,0.,1.));
#5162=DIRECTION('',(0.,-1.,0.));
#5163=DIRECTION('',(0.,0.,-1.));
#5164=DIRECTION('',(0.,0.,1.));
#5165=DIRECTION('',(-1.,0.,0.));
#5166=DIRECTION('',(0.,0.,1.));
#5167=DIRECTION('',(0.,-1.,0.));
#5168=DIRECTION('',(0.,0.,-1.));
#5169=DIRECTION('',(0.,0.,1.));
#5170=DIRECTION('',(0.,0.,1.));
#5171=DIRECTION('',(-1.,0.,0.));
#5172=DIRECTION('',(0.,0.,1.));
#5173=DIRECTION('',(0.,0.,1.));
#5174=DIRECTION('',(1.,0.,0.));
#5175=DIRECTION('',(0.,0.,-1.));
#5176=DIRECTION('',(0.,0.,1.));
#5177=DIRECTION('',(0.,1.,0.));
#5178=DIRECTION('',(0.,0.,1.));
#5179=DIRECTION('',(1.,0.,0.));
#5180=DIRECTION('',(0.,0.,-1.));
#5181=DIRECTION('',(0.,0.,1.));
#5182=DIRECTION('',(0.,0.,1.));
#5183=DIRECTION('',(-0.326277963269688,-0.945273870729845,0.));
#5184=DIRECTION('',(0.945273870729845,-0.326277963269688,0.));
#5185=DIRECTION('',(0.,0.,1.));
#5186=DIRECTION('',(-0.336218720762041,0.941783930532443,0.));
#5187=DIRECTION('',(-0.941783930532443,-0.336218720762041,0.));
#5188=DIRECTION('',(0.,0.,1.));
#5189=DIRECTION('',(-1.,0.,0.));
#5190=DIRECTION('',(0.,0.,1.));
#5191=DIRECTION('',(0.327054115890726,-0.945005611242037,0.));
#5192=DIRECTION('',(0.945005611242037,0.327054115890726,0.));
#5193=DIRECTION('',(0.,0.,1.));
#5194=DIRECTION('',(0.,0.,1.));
#5195=DIRECTION('',(0.329984761804032,0.943986258892118,0.));
#5196=DIRECTION('',(-0.943986258892118,0.329984761804032,0.));
#5197=DIRECTION('',(0.,0.,1.));
#5198=DIRECTION('',(1.,0.,0.));
#5199=DIRECTION('',(0.,0.,-1.));
#5200=DIRECTION('',(0.,0.,1.));
#5201=DIRECTION('',(1.,0.,0.));
#5202=DIRECTION('',(0.,0.,-1.));
#5203=DIRECTION('',(0.,0.,1.));
#5204=DIRECTION('',(-0.330715938967007,-0.943730346928173,0.));
#5205=DIRECTION('',(0.943730346928173,-0.330715938967007,0.));
#5206=DIRECTION('',(0.,0.,1.));
#5207=DIRECTION('',(-1.,0.,0.));
#5208=DIRECTION('',(0.,0.,1.));
#5209=DIRECTION('',(0.,0.,1.));
#5210=DIRECTION('',(-0.328520624941276,0.944496796706158,0.));
#5211=DIRECTION('',(-0.944496796706158,-0.328520624941276,0.));
#5212=DIRECTION('',(0.,0.,1.));
#5213=DIRECTION('',(0.,0.,1.));
#5214=DIRECTION('',(0.,0.,1.));
#5215=DIRECTION('',(0.781390166637001,0.624042792990192,0.));
#5216=DIRECTION('',(0.,0.,1.));
#5217=DIRECTION('',(0.,0.,1.));
#5218=DIRECTION('',(0.,0.,1.));
#5219=DIRECTION('',(0.967822655429215,0.251633280068323,0.));
#5220=DIRECTION('',(0.,0.,1.));
#5221=DIRECTION('',(0.,1.,0.));
#5222=DIRECTION('',(0.,0.,1.));
#5223=DIRECTION('',(0.,0.,1.));
#5224=DIRECTION('',(0.,0.,1.));
#5225=DIRECTION('',(0.950313542696818,0.311294347149162,0.));
#5226=DIRECTION('',(0.,0.,1.));
#5227=DIRECTION('',(0.,0.,1.));
#5228=DIRECTION('',(0.,0.,1.));
#5229=DIRECTION('',(0.,0.,1.));
#5230=DIRECTION('',(0.,0.,1.));
#5231=DIRECTION('',(0.,0.,1.));
#5232=DIRECTION('',(0.,0.,1.));
#5233=DIRECTION('',(0.,0.,1.));
#5234=DIRECTION('',(-0.951885999417471,0.306452352108778,0.));
#5235=DIRECTION('',(0.,0.,1.));
#5236=DIRECTION('',(0.,1.,0.));
#5237=DIRECTION('',(0.,0.,1.));
#5238=DIRECTION('',(0.,0.,1.));
#5239=DIRECTION('',(0.,0.,1.));
#5240=DIRECTION('',(-0.967762450262123,0.251864725324234,0.));
#5241=DIRECTION('',(0.,0.,1.));
#5242=DIRECTION('',(0.,0.,1.));
#5243=DIRECTION('',(-0.782821724025006,0.622246051328987,0.));
#5244=DIRECTION('',(0.,0.,1.));
#5245=DIRECTION('',(0.,0.,1.));
#5246=DIRECTION('',(0.,0.,1.));
#5247=DIRECTION('',(-0.736044757870447,-0.676932872899104,0.));
#5248=DIRECTION('',(0.,0.,1.));
#5249=DIRECTION('',(0.,0.,1.));
#5250=DIRECTION('',(0.,0.,1.));
#5251=DIRECTION('',(-0.891172728151407,-0.453664158380601,0.));
#5252=DIRECTION('',(0.,0.,1.));
#5253=DIRECTION('',(0.,1.,0.));
#5254=DIRECTION('',(0.,0.,1.));
#5255=DIRECTION('',(0.,0.,1.));
#5256=DIRECTION('',(0.,0.,1.));
#5257=DIRECTION('',(-0.96753490349896,-0.252737433933439,0.));
#5258=DIRECTION('',(0.,0.,1.));
#5259=DIRECTION('',(0.,0.,1.));
#5260=DIRECTION('',(-0.997253398772503,-0.0740652323070055,0.));
#5261=DIRECTION('',(0.,0.,1.));
#5262=DIRECTION('',(1.,0.,0.));
#5263=DIRECTION('',(0.,0.,-1.));
#5264=DIRECTION('',(0.,0.,1.));
#5265=DIRECTION('',(0.,-1.,0.));
#5266=DIRECTION('',(0.,0.,-1.));
#5267=DIRECTION('',(0.,0.,1.));
#5268=DIRECTION('',(0.,0.,1.));
#5269=DIRECTION('',(-0.998806623413898,-0.0488398303081413,0.));
#5270=DIRECTION('',(0.,0.,1.));
#5271=DIRECTION('',(0.,0.,1.));
#5272=DIRECTION('',(-0.990714841960741,-0.135956250017071,0.));
#5273=DIRECTION('',(0.,0.,1.));
#5274=DIRECTION('',(0.,0.,1.));
#5275=DIRECTION('',(-0.965342800303333,-0.260985206290548,0.));
#5276=DIRECTION('',(0.,0.,1.));
#5277=DIRECTION('',(0.,0.,1.));
#5278=DIRECTION('',(0.,-1.,0.));
#5279=DIRECTION('',(0.,0.,-1.));
#5280=DIRECTION('',(0.,0.,1.));
#5281=DIRECTION('',(1.,0.,0.));
#5282=DIRECTION('',(0.,0.,-1.));
#5283=DIRECTION('',(0.,0.,1.));
#5284=DIRECTION('',(0.,-1.,0.));
#5285=DIRECTION('',(0.,0.,-1.));
#5286=DIRECTION('',(0.,0.,1.));
#5287=DIRECTION('',(-1.,0.,0.));
#5288=DIRECTION('',(0.,0.,1.));
#5289=DIRECTION('',(0.,0.,1.));
#5290=DIRECTION('',(0.,0.,1.));
#5291=DIRECTION('',(0.,0.,1.));
#5292=DIRECTION('',(0.75339912638808,0.657563499867257,0.));
#5293=DIRECTION('',(0.,0.,1.));
#5294=DIRECTION('',(0.,0.,1.));
#5295=DIRECTION('',(0.,0.,1.));
#5296=DIRECTION('',(0.952180147357415,0.305537177735233,0.));
#5297=DIRECTION('',(0.,0.,1.));
#5298=DIRECTION('',(0.,1.,0.));
#5299=DIRECTION('',(0.,0.,1.));
#5300=DIRECTION('',(0.,0.,1.));
#5301=DIRECTION('',(0.,0.,1.));
#5302=DIRECTION('',(0.899675109312984,0.436560073395026,0.));
#5303=DIRECTION('',(0.,0.,1.));
#5304=DIRECTION('',(0.,0.,1.));
#5305=DIRECTION('',(0.,0.,1.));
#5306=DIRECTION('',(0.,0.,1.));
#5307=DIRECTION('',(0.,0.,1.));
#5308=DIRECTION('',(0.,0.,1.));
#5309=DIRECTION('',(0.,0.,1.));
#5310=DIRECTION('',(0.,0.,1.));
#5311=DIRECTION('',(-0.886961672419428,0.461843037902414,0.));
#5312=DIRECTION('',(0.,0.,1.));
#5313=DIRECTION('',(0.,1.,0.));
#5314=DIRECTION('',(0.,0.,1.));
#5315=DIRECTION('',(0.,0.,1.));
#5316=DIRECTION('',(0.,0.,1.));
#5317=DIRECTION('',(-0.950531846917251,0.310627120509591,0.));
#5318=DIRECTION('',(0.,0.,1.));
#5319=DIRECTION('',(0.,0.,1.));
#5320=DIRECTION('',(-0.749204617416296,0.662338615243066,0.));
#5321=DIRECTION('',(0.,0.,1.));
#5322=DIRECTION('',(0.,0.,1.));
#5323=DIRECTION('',(0.,0.,1.));
#5324=DIRECTION('',(0.980013804522261,-0.198929492398194,0.));
#5325=DIRECTION('',(0.,0.,1.));
#5326=DIRECTION('',(0.,0.,1.));
#5327=DIRECTION('',(1.,0.,0.));
#5328=DIRECTION('',(0.,0.,-1.));
#5329=DIRECTION('',(0.,0.,1.));
#5330=DIRECTION('',(0.,0.,1.));
#5331=DIRECTION('',(0.,-1.,0.));
#5332=DIRECTION('',(0.,0.,-1.));
#5333=DIRECTION('',(0.,0.,1.));
#5334=DIRECTION('',(-1.,0.,0.));
#5335=DIRECTION('',(0.,0.,1.));
#5336=DIRECTION('',(0.,0.,1.));
#5337=DIRECTION('',(0.,0.,1.));
#5338=DIRECTION('',(0.984015616784271,-0.178082188678912,0.));
#5339=DIRECTION('',(0.,0.,1.));
#5340=DIRECTION('',(0.,0.,1.));
#5341=DIRECTION('',(0.840708652660468,-0.541487729631817,0.));
#5342=DIRECTION('',(0.,0.,1.));
#5343=DIRECTION('',(0.746932709395312,0.664899637265188,0.));
#5344=DIRECTION('',(-0.664899637265188,0.746932709395312,0.));
#5345=DIRECTION('',(0.,0.,1.));
#5346=DIRECTION('',(0.550499100023793,0.834835756824654,0.));
#5347=DIRECTION('',(0.,0.,1.));
#5348=DIRECTION('',(0.,0.,1.));
#5349=DIRECTION('',(0.,0.,1.));
#5350=DIRECTION('',(0.818750961876289,0.574148815575414,0.));
#5351=DIRECTION('',(0.,0.,1.));
#5352=DIRECTION('',(0.,0.,1.));
#5353=DIRECTION('',(0.,0.,1.));
#5354=DIRECTION('',(0.962010189398022,0.273013544525508,0.));
#5355=DIRECTION('',(0.,0.,1.));
#5356=DIRECTION('',(0.,1.,0.));
#5357=DIRECTION('',(0.,0.,1.));
#5358=DIRECTION('',(0.,0.,1.));
#5359=DIRECTION('',(0.,0.,1.));
#5360=DIRECTION('',(0.810776661719392,0.585355622516056,0.));
#5361=DIRECTION('',(0.,0.,1.));
#5362=DIRECTION('',(0.,0.,1.));
#5363=DIRECTION('',(0.,0.,1.));
#5364=DIRECTION('',(0.,0.,1.));
#5365=DIRECTION('',(-0.782059444035247,0.623203839843177,0.));
#5366=DIRECTION('',(0.,0.,1.));
#5367=DIRECTION('',(0.,1.,0.));
#5368=DIRECTION('',(0.,0.,1.));
#5369=DIRECTION('',(0.,0.,1.));
#5370=DIRECTION('',(0.,0.,1.));
#5371=DIRECTION('',(-0.886628561707422,0.462482208916872,0.));
#5372=DIRECTION('',(0.,0.,1.));
#5373=DIRECTION('',(0.,0.,1.));
#5374=DIRECTION('',(-0.809191240904125,0.587545347734149,0.));
#5375=DIRECTION('',(0.,0.,1.));
#5376=DIRECTION('',(0.,0.,1.));
#5377=DIRECTION('',(-0.608814775085885,0.793312403556835,0.));
#5378=DIRECTION('',(0.,0.,1.));
#5379=DIRECTION('',(0.,0.,1.));
#5380=DIRECTION('',(0.898449663567152,-0.439076533233185,0.));
#5381=DIRECTION('',(0.,0.,1.));
#5382=DIRECTION('',(0.,0.,1.));
#5383=DIRECTION('',(0.,0.,1.));
#5384=DIRECTION('',(0.973695248263434,-0.227854259361568,0.));
#5385=DIRECTION('',(0.,0.,1.));
#5386=DIRECTION('',(0.,0.,1.));
#5387=DIRECTION('',(-0.869707369287775,0.493567717549009,0.));
#5388=DIRECTION('',(0.,0.,1.));
#5389=DIRECTION('',(0.,0.,1.));
#5390=DIRECTION('',(0.,-1.,0.));
#5391=DIRECTION('',(0.,0.,-1.));
#5392=DIRECTION('',(0.,0.,1.));
#5393=DIRECTION('',(0.,0.,1.));
#5394=DIRECTION('',(0.99455760684056,-0.104188131164631,0.));
#5395=DIRECTION('',(0.,0.,1.));
#5396=DIRECTION('',(0.,0.,1.));
#5397=DIRECTION('',(0.,0.,1.));
#5398=DIRECTION('',(-0.442639804758099,-0.896699505544478,0.));
#5399=DIRECTION('',(0.,0.,1.));
#5400=DIRECTION('',(0.458951123919593,0.888461516247576,-1.15783349118696E-25));
#5401=DIRECTION('',(-0.888461516247576,0.458951123919593,2.30238807138082E-33));
#5402=DIRECTION('',(0.,0.,1.));
#5403=DIRECTION('',(0.,0.,1.));
#5404=DIRECTION('',(-0.471719526628207,-0.881748653640969,0.));
#5405=DIRECTION('',(0.,0.,1.));
#5406=DIRECTION('',(0.,0.,1.));
#5407=DIRECTION('',(-0.524987967449221,-0.85110964865494,0.));
#5408=DIRECTION('',(-1.,0.,0.));
#5409=DIRECTION('',(0.,0.,1.));
#5410=DIRECTION('',(0.,0.,1.));
#5411=DIRECTION('',(0.,0.,1.));
#5412=DIRECTION('',(0.,1.,0.));
#5413=DIRECTION('',(0.,0.,1.));
#5414=DIRECTION('',(0.,0.,1.));
#5415=DIRECTION('',(0.,1.,0.));
#5416=DIRECTION('',(0.,0.,1.));
#5417=DIRECTION('',(0.,0.,1.));
#5418=DIRECTION('',(1.,0.,0.));
#5419=DIRECTION('',(0.,0.,-1.));
#5420=DIRECTION('',(0.,0.,1.));
#5421=DIRECTION('',(0.,-1.,0.));
#5422=DIRECTION('',(0.,0.,-1.));
#5423=DIRECTION('',(0.,0.,1.));
#5424=DIRECTION('',(-1.,0.,0.));
#5425=DIRECTION('',(0.,0.,1.));
#5426=DIRECTION('',(1.,0.,0.));
#5427=DIRECTION('',(0.,0.,-1.));
#5428=DIRECTION('',(0.,0.,1.));
#5429=DIRECTION('',(0.,0.,1.));
#5430=DIRECTION('',(-0.326277963269688,-0.945273870729845,0.));
#5431=DIRECTION('',(0.945273870729845,-0.326277963269688,0.));
#5432=DIRECTION('',(0.,0.,1.));
#5433=DIRECTION('',(-0.336218720762041,0.941783930532443,0.));
#5434=DIRECTION('',(-0.941783930532443,-0.336218720762041,0.));
#5435=DIRECTION('',(0.,0.,1.));
#5436=DIRECTION('',(-1.,0.,0.));
#5437=DIRECTION('',(0.,0.,1.));
#5438=DIRECTION('',(0.,0.,1.));
#5439=DIRECTION('',(0.779283816448139,-0.626671152536977,0.));
#5440=DIRECTION('',(0.,0.,1.));
#5441=DIRECTION('',(0.,0.,1.));
#5442=DIRECTION('',(0.,0.,1.));
#5443=DIRECTION('',(0.,0.,1.));
#5444=DIRECTION('',(0.96845016567478,-0.249207296451149,0.));
#5445=DIRECTION('',(0.,0.,1.));
#5446=DIRECTION('',(0.,0.,1.));
#5447=DIRECTION('',(0.,0.,1.));
#5448=DIRECTION('',(0.,0.,1.));
#5449=DIRECTION('',(0.,0.,1.));
#5450=DIRECTION('',(-0.779698608789367,-0.62615499634829,0.));
#5451=DIRECTION('',(0.,0.,1.));
#5452=DIRECTION('',(0.,0.,1.));
#5453=DIRECTION('',(-0.967507572774179,-0.252842038879251,0.));
#5454=DIRECTION('',(0.,0.,1.));
#5455=DIRECTION('',(0.,-1.,0.));
#5456=DIRECTION('',(0.,0.,-1.));
#5457=DIRECTION('',(0.,0.,1.));
#5458=DIRECTION('',(0.,0.,1.));
#5459=DIRECTION('',(-0.94845359954661,-0.316916029110361,0.));
#5460=DIRECTION('',(0.,0.,1.));
#5461=DIRECTION('',(0.,0.,1.));
#5462=DIRECTION('',(0.,0.,1.));
#5463=DIRECTION('',(0.,0.,1.));
#5464=DIRECTION('',(0.,0.,1.));
#5465=DIRECTION('',(0.,0.,1.));
#5466=DIRECTION('',(0.,0.,1.));
#5467=DIRECTION('',(0.,0.,1.));
#5468=DIRECTION('',(0.951885999417442,-0.306452352108868,0.));
#5469=DIRECTION('',(0.,0.,1.));
#5470=DIRECTION('',(0.,-1.,0.));
#5471=DIRECTION('',(0.,0.,-1.));
#5472=DIRECTION('',(0.,1.,0.));
#5473=DIRECTION('',(0.,0.,1.));
#5474=DIRECTION('',(0.,0.,1.));
#5475=DIRECTION('',(0.,0.,1.));
#5476=DIRECTION('',(1.,0.,0.));
#5477=DIRECTION('',(0.,0.,-1.));
#5478=DIRECTION('',(0.,0.,1.));
#5479=DIRECTION('',(-1.,0.,0.));
#5480=DIRECTION('',(0.,0.,1.));
#5481=DIRECTION('',(0.,0.,1.));
#5482=DIRECTION('',(0.494420378153921,-0.869222922883499,0.));
#5483=DIRECTION('',(0.8692229228835,0.494420378153921,0.));
#5484=DIRECTION('',(0.,0.,1.));
#5485=DIRECTION('',(0.,-1.,0.));
#5486=DIRECTION('',(0.,0.,-1.));
#5487=DIRECTION('',(0.,0.,1.));
#5488=DIRECTION('',(-0.493462337455644,0.869767165115361,0.));
#5489=DIRECTION('',(-0.869767165115361,-0.493462337455644,0.));
#5490=DIRECTION('',(0.,0.,1.));
#5491=DIRECTION('',(0.,-1.,0.));
#5492=DIRECTION('',(0.,0.,-1.));
#5493=DIRECTION('',(-1.,0.,0.));
#5494=DIRECTION('',(0.,0.,1.));
#5495=DIRECTION('',(0.,0.,1.));
#5496=DIRECTION('',(0.,0.,1.));
#5497=DIRECTION('',(0.,1.,0.));
#5498=DIRECTION('',(0.,0.,1.));
#5499=DIRECTION('',(0.,0.,1.));
#5500=DIRECTION('',(0.,-1.,0.));
#5501=DIRECTION('',(0.,0.,-1.));
#5502=DIRECTION('',(0.,0.,1.));
#5503=DIRECTION('',(1.,0.,0.));
#5504=DIRECTION('',(0.,0.,-1.));
#5505=DIRECTION('',(0.327054115890723,-0.945005611242038,0.));
#5506=DIRECTION('',(0.945005611242038,0.327054115890723,0.));
#5507=DIRECTION('',(0.,0.,1.));
#5508=DIRECTION('',(0.,0.,1.));
#5509=DIRECTION('',(0.329984761804032,0.943986258892118,0.));
#5510=DIRECTION('',(-0.943986258892118,0.329984761804032,0.));
#5511=DIRECTION('',(0.,0.,1.));
#5512=DIRECTION('',(1.,0.,0.));
#5513=DIRECTION('',(0.,0.,-1.));
#5514=DIRECTION('',(0.,0.,1.));
#5515=DIRECTION('',(1.,0.,0.));
#5516=DIRECTION('',(0.,0.,-1.));
#5517=DIRECTION('',(0.,0.,1.));
#5518=DIRECTION('',(-0.330715938967007,-0.943730346928173,0.));
#5519=DIRECTION('',(0.943730346928173,-0.330715938967007,0.));
#5520=DIRECTION('',(0.,0.,1.));
#5521=DIRECTION('',(-1.,0.,0.));
#5522=DIRECTION('',(0.,0.,1.));
#5523=DIRECTION('',(0.,0.,1.));
#5524=DIRECTION('',(-0.328520624941273,0.944496796706159,0.));
#5525=DIRECTION('',(-0.944496796706159,-0.328520624941273,0.));
#5526=DIRECTION('',(0.,0.,1.));
#5527=DIRECTION('',(-0.953798471185454,0.300447127402296,0.));
#5528=DIRECTION('',(0.,0.,1.));
#5529=DIRECTION('',(0.,0.,1.));
#5530=DIRECTION('',(0.,0.,1.));
#5531=DIRECTION('',(-0.975054072352098,0.221967466061109,0.));
#5532=DIRECTION('',(0.,0.,1.));
#5533=DIRECTION('',(0.,0.,1.));
#5534=DIRECTION('',(-0.913930951543797,0.405869702996232,0.));
#5535=DIRECTION('',(0.,0.,1.));
#5536=DIRECTION('',(0.,0.,1.));
#5537=DIRECTION('',(-0.995911850533752,0.0903304265817357,0.));
#5538=DIRECTION('',(0.,0.,1.));
#5539=DIRECTION('',(-1.,0.,0.));
#5540=DIRECTION('',(0.,0.,1.));
#5541=DIRECTION('',(0.,0.,1.));
#5542=DIRECTION('',(0.,1.,0.));
#5543=DIRECTION('',(0.,0.,1.));
#5544=DIRECTION('',(0.,0.,1.));
#5545=DIRECTION('',(1.,0.,0.));
#5546=DIRECTION('',(0.,0.,-1.));
#5547=DIRECTION('',(0.,0.,1.));
#5548=DIRECTION('',(0.,0.,1.));
#5549=DIRECTION('',(-0.998774659070802,0.04948919476009,0.));
#5550=DIRECTION('',(0.,0.,1.));
#5551=DIRECTION('',(0.,0.,1.));
#5552=DIRECTION('',(-0.986792909407081,0.161986894358493,0.));
#5553=DIRECTION('',(0.,0.,1.));
#5554=DIRECTION('',(0.,0.,1.));
#5555=DIRECTION('',(-0.948028074572408,0.318186690203304,0.));
#5556=DIRECTION('',(0.,0.,1.));
#5557=DIRECTION('',(0.,0.,1.));
#5558=DIRECTION('',(-0.845514018815923,0.533953222656953,0.));
#5559=DIRECTION('',(0.,0.,1.));
#5560=DIRECTION('',(-0.238285782045867,-0.971195081368717,0.));
#5561=DIRECTION('',(0.971195081368718,-0.238285782045867,0.));
#5562=DIRECTION('',(0.,0.,1.));
#5563=DIRECTION('',(0.832464399394096,-0.554078535716217,0.));
#5564=DIRECTION('',(0.,0.,1.));
#5565=DIRECTION('',(0.,0.,1.));
#5566=DIRECTION('',(0.,0.,1.));
#5567=DIRECTION('',(0.613445841262026,-0.789736791493422,0.));
#5568=DIRECTION('',(0.,0.,1.));
#5569=DIRECTION('',(0.,0.,1.));
#5570=DIRECTION('',(0.903104122576134,-0.429421638702558,0.));
#5571=DIRECTION('',(0.,0.,1.));
#5572=DIRECTION('',(0.,0.,1.));
#5573=DIRECTION('',(0.,0.,1.));
#5574=DIRECTION('',(-0.188065788971477,-0.982156433068855,0.));
#5575=DIRECTION('',(0.,0.,1.));
#5576=DIRECTION('',(0.,0.,1.));
#5577=DIRECTION('',(-0.525289342890403,-0.850923678273069,0.));
#5578=DIRECTION('',(0.,0.,1.));
#5579=DIRECTION('',(0.,0.,1.));
#5580=DIRECTION('',(-0.790947044819942,-0.611884607005767,0.));
#5581=DIRECTION('',(0.,0.,1.));
#5582=DIRECTION('',(0.,0.,1.));
#5583=DIRECTION('',(0.,-1.,0.));
#5584=DIRECTION('',(0.,0.,-1.));
#5585=DIRECTION('',(0.,0.,1.));
#5586=DIRECTION('',(0.,0.,1.));
#5587=DIRECTION('',(0.,0.,1.));
#5588=DIRECTION('',(0.,0.,1.));
#5589=DIRECTION('',(0.,-1.,0.));
#5590=DIRECTION('',(0.,0.,-1.));
#5591=DIRECTION('',(0.,1.,0.));
#5592=DIRECTION('',(0.,0.,1.));
#5593=DIRECTION('',(0.,0.,1.));
#5594=DIRECTION('',(0.,0.,1.));
#5595=DIRECTION('',(1.,0.,0.));
#5596=DIRECTION('',(0.,0.,-1.));
#5597=DIRECTION('',(0.,0.,1.));
#5598=DIRECTION('',(-1.,0.,0.));
#5599=DIRECTION('',(0.,0.,1.));
#5600=DIRECTION('',(0.,0.,1.));
#5601=DIRECTION('',(0.,-1.,0.));
#5602=DIRECTION('',(0.,0.,-1.));
#5603=CARTESIAN_POINT('',(0.,0.,0.));
#5604=CARTESIAN_POINT('',(-0.009375,0.2694,0.0015));
#5605=CARTESIAN_POINT('',(0.07625,0.2694,0.0015));
#5606=CARTESIAN_POINT('',(0.07625,0.317,0.0015));
#5607=CARTESIAN_POINT('',(0.07625,0.2218,0.0015));
#5608=CARTESIAN_POINT('',(-4.16333634234433E-17,0.317,0.0015));
#5609=CARTESIAN_POINT('',(-0.095,0.317,0.0015));
#5610=CARTESIAN_POINT('',(-0.095,0.2694,0.0015));
#5611=CARTESIAN_POINT('',(-0.095,0.2218,0.0015));
#5612=CARTESIAN_POINT('',(-4.16333634234433E-17,0.2218,0.0015));
#5613=CARTESIAN_POINT('',(-0.0378383207742702,0.246897582238499,0.0015));
#5614=CARTESIAN_POINT('',(-0.07425,0.224395164476998,0.0015));
#5615=CARTESIAN_POINT('',(-0.00142664154854038,0.2694,0.0015));
#5616=CARTESIAN_POINT('',(-0.07425,0.2694,0.0015));
#5617=CARTESIAN_POINT('',(-0.07425,0.314404835523002,0.0015));
#5618=CARTESIAN_POINT('',(-0.0378383207742702,0.291902417761501,0.0015));
#5619=CARTESIAN_POINT('',(0.0378383207742701,0.291902417761501,0.0015));
#5620=CARTESIAN_POINT('',(0.07425,0.314404835523002,0.0015));
#5621=CARTESIAN_POINT('',(0.00142664154854033,0.2694,0.0015));
#5622=CARTESIAN_POINT('',(0.07425,0.2694,0.0015));
#5623=CARTESIAN_POINT('',(0.07425,0.224395164476998,0.0015));
#5624=CARTESIAN_POINT('',(0.0378383207742701,0.246897582238499,0.0015));
#5625=CARTESIAN_POINT('',(-0.0361798831092251,0.292640832238499,0.0015));
#5626=CARTESIAN_POINT('',(-2.25514051876985E-17,0.270281664476998,0.0015));
#5627=CARTESIAN_POINT('',(-0.0723597662184501,0.315,0.0015));
#5628=CARTESIAN_POINT('',(-4.16333634234433E-17,0.315,0.0015));
#5629=CARTESIAN_POINT('',(0.0723597662184501,0.315,0.0015));
#5630=CARTESIAN_POINT('',(0.036179883109225,0.292640832238499,0.0015));
#5631=CARTESIAN_POINT('',(-0.036179883109225,0.246159167761501,0.0015));
#5632=CARTESIAN_POINT('',(-4.00612702733394E-17,0.268518335523002,0.0015));
#5633=CARTESIAN_POINT('',(-0.07235976621845,0.2238,0.0015));
#5634=CARTESIAN_POINT('',(0.0361798831092249,0.246159167761501,0.0015));
#5635=CARTESIAN_POINT('',(0.0723597662184498,0.2238,0.0015));
#5636=CARTESIAN_POINT('',(-9.71445146547012E-17,0.2238,0.0015));
#5637=CARTESIAN_POINT('',(-0.08068359375,0.302589453125,0.0015));
#5638=CARTESIAN_POINT('',(-0.08123828125,0.302589453125,0.0015));
#5639=CARTESIAN_POINT('',(-0.08012890625,0.302589453125,0.0015));
#5640=CARTESIAN_POINT('',(-0.08012890625,0.30221640625,0.0015));
#5641=CARTESIAN_POINT('',(-0.08012890625,0.301843359375,0.0015));
#5642=CARTESIAN_POINT('',(-0.08012890625,0.301843359375,0.0015));
#5643=CARTESIAN_POINT('',(-0.08012890625,0.30070859375,0.0015));
#5644=CARTESIAN_POINT('',(-0.08048828125,0.2998482421875,0.0015));
#5645=CARTESIAN_POINT('',(-0.08048828125,0.2998482421875,0.0015));
#5646=CARTESIAN_POINT('',(-0.08048828125,0.2998482421875,0.0015));
#5647=CARTESIAN_POINT('',(-0.08084765625,0.298987890625,0.0015));
#5648=CARTESIAN_POINT('',(-0.0814462890625,0.2984205078125,0.0015));
#5649=CARTESIAN_POINT('',(-0.0814462890625,0.2984205078125,0.0015));
#5650=CARTESIAN_POINT('',(-0.0841698714369966,0.301271378172746,0.0015));
#5651=CARTESIAN_POINT('',(-0.0828076376344835,0.297571929788669,0.00149999999999811));
#5652=CARTESIAN_POINT('',(-0.0843739757650478,0.301789919922017,0.0015));
#5653=CARTESIAN_POINT('',(-0.0843769531263445,0.297290622968262,0.0015));
#5654=CARTESIAN_POINT('',(-0.084376953125,0.297290625,0.0015));
#5655=CARTESIAN_POINT('',(-0.085486328125,0.297290625,0.0015));
#5656=CARTESIAN_POINT('',(-0.0862744140625,0.29752890625,0.0015));
#5657=CARTESIAN_POINT('',(-0.0862744140625,0.29752890625,0.0015));
#5658=CARTESIAN_POINT('',(-0.0862744140625,0.29752890625,0.0015));
#5659=CARTESIAN_POINT('',(-0.0870625,0.2977671875,0.0015));
#5660=CARTESIAN_POINT('',(-0.0875927734375,0.2981333984375,0.0015));
#5661=CARTESIAN_POINT('',(-0.0875927734375,0.2981333984375,0.0015));
#5662=CARTESIAN_POINT('',(-0.0875927734375,0.2981333984375,0.0015));
#5663=CARTESIAN_POINT('',(-0.088123046875,0.298499609375,0.0015));
#5664=CARTESIAN_POINT('',(-0.0884287109375,0.2989576171875,0.0015));
#5665=CARTESIAN_POINT('',(-0.0884287109375,0.2989576171875,0.0015));
#5666=CARTESIAN_POINT('',(-0.0884287109375,0.2989576171875,0.0015));
#5667=CARTESIAN_POINT('',(-0.088734375,0.299415625,0.0015));
#5668=CARTESIAN_POINT('',(-0.08888671875,0.2998423828125,0.0015));
#5669=CARTESIAN_POINT('',(-0.08888671875,0.2998423828125,0.0015));
#5670=CARTESIAN_POINT('',(-0.08888671875,0.2998423828125,0.0015));
#5671=CARTESIAN_POINT('',(-0.0890390625,0.300269140625,0.0015));
#5672=CARTESIAN_POINT('',(-0.08908203125,0.3006236328125,0.0015));
#5673=CARTESIAN_POINT('',(-0.08908203125,0.3006236328125,0.0015));
#5674=CARTESIAN_POINT('',(-0.0840178829809571,0.301318729051712,0.0015));
#5675=CARTESIAN_POINT('',(-0.0891254737172224,0.301148031043155,0.00149999975));
#5676=CARTESIAN_POINT('',(-0.089125,0.30186875,0.0015));
#5677=CARTESIAN_POINT('',(-0.089125,0.302589453125,0.0015));
#5678=CARTESIAN_POINT('',(-0.088587890625,0.302589453125,0.0015));
#5679=CARTESIAN_POINT('',(-0.08805078125,0.302589453125,0.0015));
#5680=CARTESIAN_POINT('',(-0.08805078125,0.302112890625,0.0015));
#5681=CARTESIAN_POINT('',(-0.08805078125,0.301636328125,0.0015));
#5682=CARTESIAN_POINT('',(-0.08805078125,0.301636328125,0.0015));
#5683=CARTESIAN_POINT('',(-0.08805078125,0.300148046875,0.0015));
#5684=CARTESIAN_POINT('',(-0.0870986328125,0.2994888671875,0.0015));
#5685=CARTESIAN_POINT('',(-0.0870986328125,0.2994888671875,0.0015));
#5686=CARTESIAN_POINT('',(-0.0870986328125,0.2994888671875,0.0015));
#5687=CARTESIAN_POINT('',(-0.086146484375,0.2988296875,0.0015));
#5688=CARTESIAN_POINT('',(-0.08433984375,0.2988296875,0.0015));
#5689=CARTESIAN_POINT('',(-0.0843398437503755,0.298829685074598,0.0015));
#5690=CARTESIAN_POINT('',(-0.0843391200649185,0.303504518580628,0.0015));
#5691=CARTESIAN_POINT('',(-0.0832284806549581,0.298963334699788,0.00149999999999914));
#5692=CARTESIAN_POINT('',(-0.0837919426676749,0.301251420432228,0.0015));
#5693=CARTESIAN_POINT('',(-0.082234375,0.29948203125,0.0015));
#5694=CARTESIAN_POINT('',(-0.082234375,0.29948203125,0.0015));
#5695=CARTESIAN_POINT('',(-0.0817890625,0.299866796875,0.0015));
#5696=CARTESIAN_POINT('',(-0.081513671875,0.3005259765625,0.0015));
#5697=CARTESIAN_POINT('',(-0.081513671875,0.3005259765625,0.0015));
#5698=CARTESIAN_POINT('',(-0.081513671875,0.3005259765625,0.0015));
#5699=CARTESIAN_POINT('',(-0.08123828125,0.30118515625,0.0015));
#5700=CARTESIAN_POINT('',(-0.08123828125,0.302233984375,0.0015));
#5701=CARTESIAN_POINT('',(-0.08123828125,0.302233984375,0.0015));
#5702=CARTESIAN_POINT('',(-0.08123828125,0.30241171875,0.0015));
#5703=CARTESIAN_POINT('',(-0.08012890625,0.294433203125,0.0015));
#5704=CARTESIAN_POINT('',(-0.08012890625,0.29517734375,0.0015));
#5705=CARTESIAN_POINT('',(-0.08012890625,0.2936890625,0.0015));
#5706=CARTESIAN_POINT('',(-0.084626953125,0.2936890625,0.0015));
#5707=CARTESIAN_POINT('',(-0.089125,0.2936890625,0.0015));
#5708=CARTESIAN_POINT('',(-0.089125,0.294433203125,0.0015));
#5709=CARTESIAN_POINT('',(-0.089125,0.29517734375,0.0015));
#5710=CARTESIAN_POINT('',(-0.084626953125,0.29517734375,0.0015));
#5711=CARTESIAN_POINT('',(-0.0867626953125,0.2889166015625,0.0015));
#5712=CARTESIAN_POINT('',(-0.0872578125,0.2890875,0.0015));
#5713=CARTESIAN_POINT('',(-0.086267578125,0.288745703125,0.0015));
#5714=CARTESIAN_POINT('',(-0.086267578125,0.28792734375,0.0015));
#5715=CARTESIAN_POINT('',(-0.086267578125,0.287108984375,0.0015));
#5716=CARTESIAN_POINT('',(-0.0867626953125,0.2869322265625,0.0015));
#5717=CARTESIAN_POINT('',(-0.0872578125,0.28675546875,0.0015));
#5718=CARTESIAN_POINT('',(-0.0872578125,0.287921484375,0.0015));
#5719=CARTESIAN_POINT('',(-0.080140625,0.287921484375,0.0015));
#5720=CARTESIAN_POINT('',(-0.080140625,0.288648046875,0.0015));
#5721=CARTESIAN_POINT('',(-0.080140625,0.287194921875,0.0015));
#5722=CARTESIAN_POINT('',(-0.0846328125,0.285632421875,0.0015));
#5723=CARTESIAN_POINT('',(-0.089125,0.284069921875,0.0015));
#5724=CARTESIAN_POINT('',(-0.089125,0.2848267578125,0.0015));
#5725=CARTESIAN_POINT('',(-0.089125,0.28558359375,0.0015));
#5726=CARTESIAN_POINT('',(-0.085755859375,0.286749609375,0.0015));
#5727=CARTESIAN_POINT('',(-0.08238671875,0.287915625,0.0015));
#5728=CARTESIAN_POINT('',(-0.085755859375,0.289093359375,0.0015));
#5729=CARTESIAN_POINT('',(-0.089125,0.29027109375,0.0015));
#5730=CARTESIAN_POINT('',(-0.089125,0.2910337890625,0.0015));
#5731=CARTESIAN_POINT('',(-0.089125,0.291796484375,0.0015));
#5732=CARTESIAN_POINT('',(-0.0846328125,0.290222265625,0.0015));
#5733=CARTESIAN_POINT('',(-0.0879345703125,0.2726978515625,0.0015));
#5734=CARTESIAN_POINT('',(-0.08735546875,0.273167578125,0.0015));
#5735=CARTESIAN_POINT('',(-0.0865126953125,0.2734302734375,0.0015));
#5736=CARTESIAN_POINT('',(-0.0879345703125,0.2726978515625,0.0015));
#5737=CARTESIAN_POINT('',(-0.0865126953125,0.2734302734375,0.0015));
#5738=CARTESIAN_POINT('',(-0.0865126953125,0.2734302734375,0.0015));
#5739=CARTESIAN_POINT('',(-0.085669921875,0.27369296875,0.0015));
#5740=CARTESIAN_POINT('',(-0.084583984375,0.27369296875,0.0015));
#5741=CARTESIAN_POINT('',(-0.084583984375,0.27369296875,0.0015));
#5742=CARTESIAN_POINT('',(-0.084583984375,0.27369296875,0.0015));
#5743=CARTESIAN_POINT('',(-0.083498046875,0.27369296875,0.0015));
#5744=CARTESIAN_POINT('',(-0.0826611328125,0.2734302734375,0.0015));
#5745=CARTESIAN_POINT('',(-0.0826611328125,0.2734302734375,0.0015));
#5746=CARTESIAN_POINT('',(-0.0826611328125,0.2734302734375,0.0015));
#5747=CARTESIAN_POINT('',(-0.08182421875,0.273167578125,0.0015));
#5748=CARTESIAN_POINT('',(-0.0812451171875,0.2726978515625,0.0015));
#5749=CARTESIAN_POINT('',(-0.0812451171875,0.2726978515625,0.0015));
#5750=CARTESIAN_POINT('',(-0.0832676452699505,0.270160836969593,0.0015));
#5751=CARTESIAN_POINT('',(-0.0803542030360254,0.271586661987529,0.0015));
#5752=CARTESIAN_POINT('',(-0.0837040187190223,0.269981561892613,0.0015));
#5753=CARTESIAN_POINT('',(-0.0799949842075752,0.2701890625,0.0015));
#5754=CARTESIAN_POINT('',(-0.0806044921875,0.2701890625,0.0015));
#5755=CARTESIAN_POINT('',(-0.0812148450852636,0.2701890625,0.0015));
#5756=CARTESIAN_POINT('',(-0.0832606762989035,0.269949958731345,0.0015));
#5757=CARTESIAN_POINT('',(-0.081470703125,0.2709693359375,0.0015));
#5758=CARTESIAN_POINT('',(-0.081470703125,0.2709693359375,0.0015));
#5759=CARTESIAN_POINT('',(-0.081677734375,0.271335546875,0.0015));
#5760=CARTESIAN_POINT('',(-0.0820810546875,0.2716041015625,0.0015));
#5761=CARTESIAN_POINT('',(-0.0820810546875,0.2716041015625,0.0015));
#5762=CARTESIAN_POINT('',(-0.0820810546875,0.2716041015625,0.0015));
#5763=CARTESIAN_POINT('',(-0.082484375,0.27187265625,0.0015));
#5764=CARTESIAN_POINT('',(-0.0831064453125,0.2720318359375,0.0015));
#5765=CARTESIAN_POINT('',(-0.0831064453125,0.2720318359375,0.0015));
#5766=CARTESIAN_POINT('',(-0.0831064453125,0.2720318359375,0.0015));
#5767=CARTESIAN_POINT('',(-0.083728515625,0.272191015625,0.0015));
#5768=CARTESIAN_POINT('',(-0.084583984375,0.272202734375,0.0015));
#5769=CARTESIAN_POINT('',(-0.084583984375,0.272202734375,0.0015));
#5770=CARTESIAN_POINT('',(-0.084583984375,0.272202734375,0.0015));
#5771=CARTESIAN_POINT('',(-0.085451171875,0.272191015625,0.0015));
#5772=CARTESIAN_POINT('',(-0.0860673828125,0.2720318359375,0.0015));
#5773=CARTESIAN_POINT('',(-0.0860673828125,0.2720318359375,0.0015));
#5774=CARTESIAN_POINT('',(-0.0860673828125,0.2720318359375,0.0015));
#5775=CARTESIAN_POINT('',(-0.08668359375,0.27187265625,0.0015));
#5776=CARTESIAN_POINT('',(-0.0870986328125,0.2715982421875,0.0015));
#5777=CARTESIAN_POINT('',(-0.0870986328125,0.2715982421875,0.0015));
#5778=CARTESIAN_POINT('',(-0.0870986328125,0.2715982421875,0.0015));
#5779=CARTESIAN_POINT('',(-0.087513671875,0.271323828125,0.0015));
#5780=CARTESIAN_POINT('',(-0.0877275390625,0.2709576171875,0.0015));
#5781=CARTESIAN_POINT('',(-0.0877275390625,0.2709576171875,0.0015));
#5782=CARTESIAN_POINT('',(-0.086161391726075,0.270023694758525,0.0015));
#5783=CARTESIAN_POINT('',(-0.0879768652345724,0.2701890625,0.0015));
#5784=CARTESIAN_POINT('',(-0.0885810546875,0.2701890625,0.0015));
#5785=CARTESIAN_POINT('',(-0.0891849922294732,0.2701890625,0.0015));
#5786=CARTESIAN_POINT('',(-0.085449390422651,0.269966480601069,0.0015));
#5787=CARTESIAN_POINT('',(-0.0888253595049821,0.271580743485729,0.0015));
#5788=CARTESIAN_POINT('',(-0.0859204660868846,0.270175587701706,0.0015));
#5789=CARTESIAN_POINT('',(-0.084986328125,0.278601171875,0.0015));
#5790=CARTESIAN_POINT('',(-0.085486328125,0.278601171875,0.0015));
#5791=CARTESIAN_POINT('',(-0.084486328125,0.278601171875,0.0015));
#5792=CARTESIAN_POINT('',(-0.084486328125,0.2771119140625,0.0015));
#5793=CARTESIAN_POINT('',(-0.084486328125,0.27562265625,0.0015));
#5794=CARTESIAN_POINT('',(-0.0862255859375,0.27562265625,0.0015));
#5795=CARTESIAN_POINT('',(-0.0879640002920813,0.27562265625,0.0015));
#5796=CARTESIAN_POINT('',(-0.0863569827661561,0.277693955840844,0.0015));
#5797=CARTESIAN_POINT('',(-0.0885450892721832,0.276250475123258,0.00149999975));
#5798=CARTESIAN_POINT('',(-0.0852944090488069,0.278367871257761,0.0015));
#5799=CARTESIAN_POINT('',(-0.0889179851688532,0.276983001541982,0.00149999975));
#5800=CARTESIAN_POINT('',(-0.0854049103698765,0.278323470494858,0.0015));
#5801=CARTESIAN_POINT('',(-0.0891249636904944,0.277775981982753,0.0015));
#5802=CARTESIAN_POINT('',(-0.0836478170349585,0.278593605950438,0.0015));
#5803=CARTESIAN_POINT('',(-0.0891855806777639,0.278587499962729,0.00149999975));
#5804=CARTESIAN_POINT('',(-0.089185546875,0.2785943359375,0.0015));
#5805=CARTESIAN_POINT('',(-0.089185546875,0.278601171875,0.0015));
#5806=CARTESIAN_POINT('',(-0.0886484375,0.278601171875,0.0015));
#5807=CARTESIAN_POINT('',(-0.0881115869173591,0.278601171875,0.0015));
#5808=CARTESIAN_POINT('',(-0.0837604281155426,0.278650366084586,0.0015));
#5809=CARTESIAN_POINT('',(-0.0880926930427407,0.278240828268807,0.00149999975));
#5810=CARTESIAN_POINT('',(-0.0835559156873707,0.278643268144654,0.0015));
#5811=CARTESIAN_POINT('',(-0.0880321765688597,0.277801376340572,0.0015));
#5812=CARTESIAN_POINT('',(-0.0853664196413504,0.278288889782906,0.0015));
#5813=CARTESIAN_POINT('',(-0.0879169921875,0.2773736328125,0.0015));
#5814=CARTESIAN_POINT('',(-0.0879169921875,0.2773736328125,0.0015));
#5815=CARTESIAN_POINT('',(-0.08784375,0.277171484375,0.0015));
#5816=CARTESIAN_POINT('',(-0.087708984375,0.277073828125,0.0015));
#5817=CARTESIAN_POINT('',(-0.087708984375,0.277073828125,0.0015));
#5818=CARTESIAN_POINT('',(-0.08659765625,0.277073828125,0.0015));
#5819=CARTESIAN_POINT('',(-0.085486328125,0.277073828125,0.0015));
#5820=CARTESIAN_POINT('',(-0.085486328125,0.2778375,0.0015));
#5821=CARTESIAN_POINT('',(-0.0878310546875,0.2814205078125,0.0015));
#5822=CARTESIAN_POINT('',(-0.0872578125,0.281847265625,0.0015));
#5823=CARTESIAN_POINT('',(-0.0864453125,0.28209140625,0.0015));
#5824=CARTESIAN_POINT('',(-0.0878310546875,0.2814205078125,0.0015));
#5825=CARTESIAN_POINT('',(-0.0864453125,0.28209140625,0.0015));
#5826=CARTESIAN_POINT('',(-0.0864453125,0.28209140625,0.0015));
#5827=CARTESIAN_POINT('',(-0.0856328125,0.282335546875,0.0015));
#5828=CARTESIAN_POINT('',(-0.084583984375,0.282335546875,0.0015));
#5829=CARTESIAN_POINT('',(-0.084583984375,0.282335546875,0.0015));
#5830=CARTESIAN_POINT('',(-0.084583984375,0.282335546875,0.0015));
#5831=CARTESIAN_POINT('',(-0.083533203125,0.282335546875,0.0015));
#5832=CARTESIAN_POINT('',(-0.0827216796875,0.28209140625,0.0015));
#5833=CARTESIAN_POINT('',(-0.0827216796875,0.28209140625,0.0015));
#5834=CARTESIAN_POINT('',(-0.0827216796875,0.28209140625,0.0015));
#5835=CARTESIAN_POINT('',(-0.08191015625,0.281847265625,0.0015));
#5836=CARTESIAN_POINT('',(-0.0813427734375,0.2814205078125,0.0015));
#5837=CARTESIAN_POINT('',(-0.0813427734375,0.2814205078125,0.0015));
#5838=CARTESIAN_POINT('',(-0.0832581121158821,0.27883565229416,0.0015));
#5839=CARTESIAN_POINT('',(-0.080445157882044,0.280395202579362,0.00149999975));
#5840=CARTESIAN_POINT('',(-0.0835368123785699,0.278694134455356,0.0015));
#5841=CARTESIAN_POINT('',(-0.0800316301400599,0.279101171875,0.0015));
#5842=CARTESIAN_POINT('',(-0.0806416015625,0.279101171875,0.0015));
#5843=CARTESIAN_POINT('',(-0.0812518373209661,0.279101171875,0.0015));
#5844=CARTESIAN_POINT('',(-0.0831697809794438,0.278585984974938,0.0015));
#5845=CARTESIAN_POINT('',(-0.0815810546875,0.2797779296875,0.0015));
#5846=CARTESIAN_POINT('',(-0.0815810546875,0.2797779296875,0.0015));
#5847=CARTESIAN_POINT('',(-0.0818125,0.280089453125,0.0015));
#5848=CARTESIAN_POINT('',(-0.0822216796875,0.280327734375,0.0015));
#5849=CARTESIAN_POINT('',(-0.0822216796875,0.280327734375,0.0015));
#5850=CARTESIAN_POINT('',(-0.0822216796875,0.280327734375,0.0015));
#5851=CARTESIAN_POINT('',(-0.082630859375,0.280566015625,0.0015));
#5852=CARTESIAN_POINT('',(-0.0832109375,0.2806998046875,0.0015));
#5853=CARTESIAN_POINT('',(-0.0832109375,0.2806998046875,0.0015));
#5854=CARTESIAN_POINT('',(-0.0832109375,0.2806998046875,0.0015));
#5855=CARTESIAN_POINT('',(-0.083791015625,0.28083359375,0.0015));
#5856=CARTESIAN_POINT('',(-0.084583984375,0.280847265625,0.0015));
#5857=CARTESIAN_POINT('',(-0.084583984375,0.280847265625,0.0015));
#5858=CARTESIAN_POINT('',(-0.084583984375,0.280847265625,0.0015));
#5859=CARTESIAN_POINT('',(-0.085376953125,0.28083359375,0.0015));
#5860=CARTESIAN_POINT('',(-0.0859755859375,0.2806998046875,0.0015));
#5861=CARTESIAN_POINT('',(-0.0859755859375,0.2806998046875,0.0015));
#5862=CARTESIAN_POINT('',(-0.0859755859375,0.2806998046875,0.0015));
#5863=CARTESIAN_POINT('',(-0.08657421875,0.280566015625,0.0015));
#5864=CARTESIAN_POINT('',(-0.0870068359375,0.280327734375,0.0015));
#5865=CARTESIAN_POINT('',(-0.0870068359375,0.280327734375,0.0015));
#5866=CARTESIAN_POINT('',(-0.0870068359375,0.280327734375,0.0015));
#5867=CARTESIAN_POINT('',(-0.087439453125,0.280089453125,0.0015));
#5868=CARTESIAN_POINT('',(-0.0876962890625,0.2797779296875,0.0015));
#5869=CARTESIAN_POINT('',(-0.0876962890625,0.2797779296875,0.0015));
#5870=CARTESIAN_POINT('',(-0.0863357258003461,0.278631516241759,0.0015));
#5871=CARTESIAN_POINT('',(-0.0880512024714046,0.279101171875,0.0015));
#5872=CARTESIAN_POINT('',(-0.0886064453125,0.279101171875,0.0015));
#5873=CARTESIAN_POINT('',(-0.0891617653497533,0.279101171875,0.0015));
#5874=CARTESIAN_POINT('',(-0.0856946821941664,0.27868769197477,0.0015));
#5875=CARTESIAN_POINT('',(-0.0887404024218371,0.280395212118767,0.0015));
#5876=CARTESIAN_POINT('',(-0.0859063926634755,0.278794942425202,0.0015));
#5877=CARTESIAN_POINT('',(-0.0833154879616977,0.278412209353403,0.0015));
#5878=CARTESIAN_POINT('',(-0.0802262105930442,0.277220178961194,0.00149999975));
#5879=CARTESIAN_POINT('',(-0.0809592831003397,0.276085882456063,0.0015));
#5880=CARTESIAN_POINT('',(-0.08141015625,0.2765923828125,0.0015));
#5881=CARTESIAN_POINT('',(-0.081861328125,0.27709921875,0.0015));
#5882=CARTESIAN_POINT('',(-0.081861328125,0.27709921875,0.0015));
#5883=CARTESIAN_POINT('',(-0.0815078125,0.2773921875,0.0015));
#5884=CARTESIAN_POINT('',(-0.0813486328125,0.2777701171875,0.0015));
#5885=CARTESIAN_POINT('',(-0.0813486328125,0.2777701171875,0.0015));
#5886=CARTESIAN_POINT('',(-0.083184325974807,0.278551492938629,0.0015));
#5887=CARTESIAN_POINT('',(-0.0811894360415306,0.278552343757286,0.00149999975));
#5888=CARTESIAN_POINT('',(-0.081189453125,0.2785767578125,0.0015));
#5889=CARTESIAN_POINT('',(-0.081189453125,0.278601171875,0.0015));
#5890=CARTESIAN_POINT('',(-0.0805859375,0.278601171875,0.0015));
#5891=CARTESIAN_POINT('',(-0.079982421875,0.278601171875,0.0015));
#5892=CARTESIAN_POINT('',(-0.079982421875,0.2785943359375,0.0015));
#5893=CARTESIAN_POINT('',(-0.0799828751075218,0.278587495740804,0.0015));
#5894=CARTESIAN_POINT('',(-0.0837595128954885,0.278552005255656,0.0015));
#5895=CARTESIAN_POINT('',(-0.0822320831688346,0.236522768569839,0.0015));
#5896=CARTESIAN_POINT('',(-0.0841689821203141,0.238316049647723,0.00149999975));
#5897=CARTESIAN_POINT('',(-0.0834609375,0.238858984375,0.0015));
#5898=CARTESIAN_POINT('',(-0.0834609375,0.238858984375,0.0015));
#5899=CARTESIAN_POINT('',(-0.08305859375,0.239071875,0.0015));
#5900=CARTESIAN_POINT('',(-0.08249609375,0.239071875,0.0015));
#5901=CARTESIAN_POINT('',(-0.08249609375,0.239071875,0.0015));
#5902=CARTESIAN_POINT('',(-0.08249609375,0.239071875,0.0015));
#5903=CARTESIAN_POINT('',(-0.081958984375,0.239071875,0.0015));
#5904=CARTESIAN_POINT('',(-0.0815322265625,0.2388892578125,0.0015));
#5905=CARTESIAN_POINT('',(-0.0815322265625,0.2388892578125,0.0015));
#5906=CARTESIAN_POINT('',(-0.0824977228085395,0.236601926293415,0.0015));
#5907=CARTESIAN_POINT('',(-0.0807811898779006,0.238395179732856,0.00149999975));
#5908=CARTESIAN_POINT('',(-0.0823890871466121,0.236725193791988,0.0015));
#5909=CARTESIAN_POINT('',(-0.080268641069602,0.23766265743121,0.00149999975));
#5910=CARTESIAN_POINT('',(-0.0831875586008016,0.236357861443494,0.0015));
#5911=CARTESIAN_POINT('',(-0.0800177039808025,0.236776953125,0.0015));
#5912=CARTESIAN_POINT('',(-0.0806591796875,0.236776953125,0.0015));
#5913=CARTESIAN_POINT('',(-0.0813007286709671,0.236776953125,0.0015));
#5914=CARTESIAN_POINT('',(-0.082573540209055,0.236347787333382,0.0015));
#5915=CARTESIAN_POINT('',(-0.08176953125,0.2374244140625,0.0015));
#5916=CARTESIAN_POINT('',(-0.08176953125,0.2374244140625,0.0015));
#5917=CARTESIAN_POINT('',(-0.08210546875,0.23768125,0.0015));
#5918=CARTESIAN_POINT('',(-0.082447265625,0.23768125,0.0015));
#5919=CARTESIAN_POINT('',(-0.082447265625,0.23768125,0.0015));
#5920=CARTESIAN_POINT('',(-0.082447265625,0.23768125,0.0015));
#5921=CARTESIAN_POINT('',(-0.082923828125,0.23768125,0.0015));
#5922=CARTESIAN_POINT('',(-0.083216796875,0.2374244140625,0.0015));
#5923=CARTESIAN_POINT('',(-0.083216796875,0.2374244140625,0.0015));
#5924=CARTESIAN_POINT('',(-0.0815902311588112,0.235619287062553,0.0015));
#5925=CARTESIAN_POINT('',(-0.0837275300957221,0.236776953125,0.0015));
#5926=CARTESIAN_POINT('',(-0.0844248046875,0.236776953125,0.0015));
#5927=CARTESIAN_POINT('',(-0.08512109375,0.236776953125,0.0015));
#5928=CARTESIAN_POINT('',(-0.0716867682180378,0.230278990194996,0.0015));
#5929=CARTESIAN_POINT('',(-0.0847001388799576,0.237583562308596,0.0015));
#5930=CARTESIAN_POINT('',(-0.0813559795031692,0.235718002338355,0.0015));
#5931=CARTESIAN_POINT('',(-0.0762983703924716,0.244020275183041,0.0015));
#5932=CARTESIAN_POINT('',(-0.0811230454935538,0.234641213763096,0.0015));
#5933=CARTESIAN_POINT('',(-0.0813973996120867,0.234787813944538,0.0014999999999993));
#5934=CARTESIAN_POINT('',(-0.0807354640873594,0.236048921743516,0.0015));
#5935=CARTESIAN_POINT('',(-0.08151953125,0.2348609375,0.0015));
#5936=CARTESIAN_POINT('',(-0.0808606850541256,0.234572634716231,0.0015));
#5937=CARTESIAN_POINT('',(-0.081434251816585,0.235007196040402,0.0015));
#5938=CARTESIAN_POINT('',(-0.0822694192530692,0.23554865194677,0.0015));
#5939=CARTESIAN_POINT('',(-0.0813183733170031,0.235251564897106,0.00149999975));
#5940=CARTESIAN_POINT('',(-0.0835750340454643,0.235971103104698,0.0015));
#5941=CARTESIAN_POINT('',(-0.0812265625,0.23565390625,0.0015));
#5942=CARTESIAN_POINT('',(-0.0812265625,0.23565390625,0.0015));
#5943=CARTESIAN_POINT('',(-0.081189453125,0.235898046875,0.0015));
#5944=CARTESIAN_POINT('',(-0.08121484375,0.236276953125,0.0015));
#5945=CARTESIAN_POINT('',(-0.08121484375,0.236276953125,0.0015));
#5946=CARTESIAN_POINT('',(-0.0805986328125,0.236276953125,0.0015));
#5947=CARTESIAN_POINT('',(-0.0799822326526899,0.236276953125,0.0015));
#5948=CARTESIAN_POINT('',(-0.0867486971897745,0.236440396596738,0.0015));
#5949=CARTESIAN_POINT('',(-0.08009765625,0.2351841796875,0.0015));
#5950=CARTESIAN_POINT('',(-0.08009765625,0.2351841796875,0.0015));
#5951=CARTESIAN_POINT('',(-0.080201171875,0.234628515625,0.0015));
#5952=CARTESIAN_POINT('',(-0.080421875,0.23428671875,0.0015));
#5953=CARTESIAN_POINT('',(-0.080421875,0.23428671875,0.0015));
#5954=CARTESIAN_POINT('',(-0.0759305170305814,0.24380170208316,0.0015));
#5955=CARTESIAN_POINT('',(-0.0807695312769409,0.234458593617038,0.0015));
#5956=CARTESIAN_POINT('',(-0.0386610168879511,0.21270660148099,0.0015));
#5957=CARTESIAN_POINT('',(-0.084626953125,0.246116796875,0.0015));
#5958=CARTESIAN_POINT('',(-0.089125,0.246116796875,0.0015));
#5959=CARTESIAN_POINT('',(-0.08012890625,0.246116796875,0.0015));
#5960=CARTESIAN_POINT('',(-0.08012890625,0.2453716796875,0.0015));
#5961=CARTESIAN_POINT('',(-0.08012890625,0.2446265625,0.0015));
#5962=CARTESIAN_POINT('',(-0.0840712890625,0.2446265625,0.0015));
#5963=CARTESIAN_POINT('',(-0.088013671875,0.2446265625,0.0015));
#5964=CARTESIAN_POINT('',(-0.088013671875,0.2425572265625,0.0015));
#5965=CARTESIAN_POINT('',(-0.088013671875,0.240487890625,0.0015));
#5966=CARTESIAN_POINT('',(-0.0885693359375,0.240487890625,0.0015));
#5967=CARTESIAN_POINT('',(-0.089125,0.240487890625,0.0015));
#5968=CARTESIAN_POINT('',(-0.089125,0.24330234375,0.0015));
#5969=CARTESIAN_POINT('',(-0.0867626953125,0.2528677734375,0.0015));
#5970=CARTESIAN_POINT('',(-0.0872578125,0.253038671875,0.0015));
#5971=CARTESIAN_POINT('',(-0.086267578125,0.252696875,0.0015));
#5972=CARTESIAN_POINT('',(-0.086267578125,0.251878515625,0.0015));
#5973=CARTESIAN_POINT('',(-0.086267578125,0.25106015625,0.0015));
#5974=CARTESIAN_POINT('',(-0.0867626953125,0.2508833984375,0.0015));
#5975=CARTESIAN_POINT('',(-0.0872578125,0.250706640625,0.0015));
#5976=CARTESIAN_POINT('',(-0.0872578125,0.25187265625,0.0015));
#5977=CARTESIAN_POINT('',(-0.0830182957739253,0.269866148991475,0.0015));
#5978=CARTESIAN_POINT('',(-0.0814521484375,0.2689322265625,0.0015));
#5979=CARTESIAN_POINT('',(-0.0812028222654276,0.26970078125,0.0015));
#5980=CARTESIAN_POINT('',(-0.0805986328125,0.26970078125,0.0015));
#5981=CARTESIAN_POINT('',(-0.0799947862767817,0.26970078125,0.0015));
#5982=CARTESIAN_POINT('',(-0.0834717115373644,0.269849564799656,0.0015));
#5983=CARTESIAN_POINT('',(-0.0803484469388048,0.268314947403931,0.0015));
#5984=CARTESIAN_POINT('',(-0.0833094124299097,0.269789511825364,0.0015));
#5985=CARTESIAN_POINT('',(-0.0812451171875,0.2672037109375,0.0015));
#5986=CARTESIAN_POINT('',(-0.0812451171875,0.2672037109375,0.0015));
#5987=CARTESIAN_POINT('',(-0.08182421875,0.266733984375,0.0015));
#5988=CARTESIAN_POINT('',(-0.0826611328125,0.2664654296875,0.0015));
#5989=CARTESIAN_POINT('',(-0.0826611328125,0.2664654296875,0.0015));
#5990=CARTESIAN_POINT('',(-0.0826611328125,0.2664654296875,0.0015));
#5991=CARTESIAN_POINT('',(-0.083498046875,0.266196875,0.0015));
#5992=CARTESIAN_POINT('',(-0.084583984375,0.266196875,0.0015));
#5993=CARTESIAN_POINT('',(-0.084583984375,0.266196875,0.0015));
#5994=CARTESIAN_POINT('',(-0.084583984375,0.266196875,0.0015));
#5995=CARTESIAN_POINT('',(-0.085669921875,0.266196875,0.0015));
#5996=CARTESIAN_POINT('',(-0.0865126953125,0.2664654296875,0.0015));
#5997=CARTESIAN_POINT('',(-0.0865126953125,0.2664654296875,0.0015));
#5998=CARTESIAN_POINT('',(-0.0865126953125,0.2664654296875,0.0015));
#5999=CARTESIAN_POINT('',(-0.08735546875,0.266733984375,0.0015));
#6000=CARTESIAN_POINT('',(-0.0879345703125,0.2672037109375,0.0015));
#6001=CARTESIAN_POINT('',(-0.0879345703125,0.2672037109375,0.0015));
#6002=CARTESIAN_POINT('',(-0.0859015515405686,0.269758699698785,0.0015));
#6003=CARTESIAN_POINT('',(-0.0888255499533731,0.268308031965574,0.0015));
#6004=CARTESIAN_POINT('',(-0.0855274293403396,0.269899795559973,0.0015));
#6005=CARTESIAN_POINT('',(-0.0891845577993213,0.26970078125,0.0015));
#6006=CARTESIAN_POINT('',(-0.0885810546875,0.26970078125,0.0015));
#6007=CARTESIAN_POINT('',(-0.0879765625,0.26970078125,0.0015));
#6008=CARTESIAN_POINT('',(-0.0859850157026659,0.269932651338529,0.0015));
#6009=CARTESIAN_POINT('',(-0.08771484375,0.2689185546875,0.0015));
#6010=CARTESIAN_POINT('',(-0.08771484375,0.2689185546875,0.0015));
#6011=CARTESIAN_POINT('',(-0.087501953125,0.26855234375,0.0015));
#6012=CARTESIAN_POINT('',(-0.0870927734375,0.2682837890625,0.0015));
#6013=CARTESIAN_POINT('',(-0.0870927734375,0.2682837890625,0.0015));
#6014=CARTESIAN_POINT('',(-0.0870927734375,0.2682837890625,0.0015));
#6015=CARTESIAN_POINT('',(-0.08668359375,0.268015234375,0.0015));
#6016=CARTESIAN_POINT('',(-0.0860673828125,0.26785703125,0.0015));
#6017=CARTESIAN_POINT('',(-0.0860673828125,0.26785703125,0.0015));
#6018=CARTESIAN_POINT('',(-0.0860673828125,0.26785703125,0.0015));
#6019=CARTESIAN_POINT('',(-0.085451171875,0.267698828125,0.0015));
#6020=CARTESIAN_POINT('',(-0.084583984375,0.267687109375,0.0015));
#6021=CARTESIAN_POINT('',(-0.084583984375,0.267687109375,0.0015));
#6022=CARTESIAN_POINT('',(-0.084583984375,0.267687109375,0.0015));
#6023=CARTESIAN_POINT('',(-0.083716796875,0.267698828125,0.0015));
#6024=CARTESIAN_POINT('',(-0.0831005859375,0.26785703125,0.0015));
#6025=CARTESIAN_POINT('',(-0.0831005859375,0.26785703125,0.0015));
#6026=CARTESIAN_POINT('',(-0.0831005859375,0.26785703125,0.0015));
#6027=CARTESIAN_POINT('',(-0.082484375,0.268015234375,0.0015));
#6028=CARTESIAN_POINT('',(-0.0820751953125,0.268290625,0.0015));
#6029=CARTESIAN_POINT('',(-0.0820751953125,0.268290625,0.0015));
#6030=CARTESIAN_POINT('',(-0.0820751953125,0.268290625,0.0015));
#6031=CARTESIAN_POINT('',(-0.081666015625,0.268566015625,0.0015));
#6032=CARTESIAN_POINT('',(-0.0814521484375,0.2689322265625,0.0015));
#6033=CARTESIAN_POINT('',(-0.083662109375,0.26063046875,0.0015));
#6034=CARTESIAN_POINT('',(-0.080994140625,0.262144140625,0.0015));
#6035=CARTESIAN_POINT('',(-0.086330078125,0.259116796875,0.0015));
#6036=CARTESIAN_POINT('',(-0.0832294921875,0.259116796875,0.0015));
#6037=CARTESIAN_POINT('',(-0.08012890625,0.259116796875,0.0015));
#6038=CARTESIAN_POINT('',(-0.08012890625,0.25837265625,0.0015));
#6039=CARTESIAN_POINT('',(-0.08012890625,0.257628515625,0.0015));
#6040=CARTESIAN_POINT('',(-0.084626953125,0.257628515625,0.0015));
#6041=CARTESIAN_POINT('',(-0.089125,0.257628515625,0.0015));
#6042=CARTESIAN_POINT('',(-0.089125,0.25837265625,0.0015));
#6043=CARTESIAN_POINT('',(-0.089125,0.259116796875,0.0015));
#6044=CARTESIAN_POINT('',(-0.0864638671875,0.26063046875,0.0015));
#6045=CARTESIAN_POINT('',(-0.083802734375,0.262144140625,0.0015));
#6046=CARTESIAN_POINT('',(-0.0823984375,0.262144140625,0.0015));
#6047=CARTESIAN_POINT('',(-0.084626953125,0.262644140625,0.0015));
#6048=CARTESIAN_POINT('',(-0.08012890625,0.262644140625,0.0015));
#6049=CARTESIAN_POINT('',(-0.089125,0.262644140625,0.0015));
#6050=CARTESIAN_POINT('',(-0.089125,0.2633892578125,0.0015));
#6051=CARTESIAN_POINT('',(-0.089125,0.264134375,0.0015));
#6052=CARTESIAN_POINT('',(-0.084626953125,0.264134375,0.0015));
#6053=CARTESIAN_POINT('',(-0.08012890625,0.264134375,0.0015));
#6054=CARTESIAN_POINT('',(-0.08012890625,0.2633892578125,0.0015));
#6055=CARTESIAN_POINT('',(-0.080140625,0.25187265625,0.0015));
#6056=CARTESIAN_POINT('',(-0.080140625,0.25259921875,0.0015));
#6057=CARTESIAN_POINT('',(-0.080140625,0.25114609375,0.0015));
#6058=CARTESIAN_POINT('',(-0.0846328125,0.24958359375,0.0015));
#6059=CARTESIAN_POINT('',(-0.089125,0.24802109375,0.0015));
#6060=CARTESIAN_POINT('',(-0.089125,0.2487779296875,0.0015));
#6061=CARTESIAN_POINT('',(-0.089125,0.249534765625,0.0015));
#6062=CARTESIAN_POINT('',(-0.085755859375,0.25070078125,0.0015));
#6063=CARTESIAN_POINT('',(-0.08238671875,0.251866796875,0.0015));
#6064=CARTESIAN_POINT('',(-0.085755859375,0.25304453125,0.0015));
#6065=CARTESIAN_POINT('',(-0.089125,0.254222265625,0.0015));
#6066=CARTESIAN_POINT('',(-0.089125,0.2549849609375,0.0015));
#6067=CARTESIAN_POINT('',(-0.089125,0.25574765625,0.0015));
#6068=CARTESIAN_POINT('',(-0.0846328125,0.2541734375,0.0015));
#6069=CARTESIAN_POINT('',(-0.0870003815548415,0.237835423976848,0.0015));
#6070=CARTESIAN_POINT('',(-0.088837718986061,0.238639183187628,0.0014999999999996));
#6071=CARTESIAN_POINT('',(-0.0885278373277062,0.23913449610085,0.0015));
#6072=CARTESIAN_POINT('',(-0.088001953125,0.23900546875,0.0015));
#6073=CARTESIAN_POINT('',(-0.0874772350004899,0.238876727508818,0.0015));
#6074=CARTESIAN_POINT('',(-0.0851611190970451,0.237612458804085,0.0015));
#6075=CARTESIAN_POINT('',(-0.0876657513463289,0.238443860154232,0.0015));
#6076=CARTESIAN_POINT('',(-0.0788644787273539,0.235376449410059,0.0015));
#6077=CARTESIAN_POINT('',(-0.0878368979932141,0.237900972021816,0.00149999975000004));
#6078=CARTESIAN_POINT('',(-0.0824667161267469,0.23638166894582,0.0015));
#6079=CARTESIAN_POINT('',(-0.0879647110139706,0.237339428983476,0.00149999999999877));
#6080=CARTESIAN_POINT('',(-0.0849244025511113,0.236788387144011,0.0015));
#6081=CARTESIAN_POINT('',(-0.0880138250588926,0.236814063773133,0.00149999975));
#6082=CARTESIAN_POINT('',(-0.088013671875,0.2367955078125,0.0015));
#6083=CARTESIAN_POINT('',(-0.0880136718750001,0.236776953125,0.0015));
#6084=CARTESIAN_POINT('',(-0.08859375,0.236776953125,0.0015));
#6085=CARTESIAN_POINT('',(-0.089173828125,0.236776953125,0.0015));
#6086=CARTESIAN_POINT('',(-0.089173828125,0.2367896484375,0.0015));
#6087=CARTESIAN_POINT('',(-0.0891738694299308,0.236802343828714,0.0015));
#6088=CARTESIAN_POINT('',(-0.0829195044144178,0.236790425004599,0.0015));
#6089=CARTESIAN_POINT('',(-0.0891435483188871,0.237406835281401,0.00149999975));
#6090=CARTESIAN_POINT('',(-0.0842613643040077,0.236925121645698,0.0015));
#6091=CARTESIAN_POINT('',(-0.0890399878647458,0.238035730484366,0.0015));
#6092=CARTESIAN_POINT('',(-0.0858835188237472,0.237315142430836,0.0015));
#6093=CARTESIAN_POINT('',(-0.0859267578125,0.2355572265625,0.0015));
#6094=CARTESIAN_POINT('',(-0.085646484375,0.2358375,0.0015));
#6095=CARTESIAN_POINT('',(-0.08540234375,0.236276953125,0.0015));
#6096=CARTESIAN_POINT('',(-0.0859267578125,0.2355572265625,0.0015));
#6097=CARTESIAN_POINT('',(-0.08540234375,0.236276953125,0.0015));
#6098=CARTESIAN_POINT('',(-0.0846875,0.236276953125,0.0015));
#6099=CARTESIAN_POINT('',(-0.08397265625,0.236276953125,0.0015));
#6100=CARTESIAN_POINT('',(-0.110827922846349,0.24854931984204,0.0015));
#6101=CARTESIAN_POINT('',(-0.0843643436869084,0.235453753136301,0.0015));
#6102=CARTESIAN_POINT('',(-0.087529610870733,0.237005849949766,0.0015));
#6103=CARTESIAN_POINT('',(-0.0848709570730216,0.234690895015405,0.0015));
#6104=CARTESIAN_POINT('',(-0.0866915257068829,0.236297442429872,0.0015));
#6105=CARTESIAN_POINT('',(-0.0855966796875,0.2341294921875,0.0015));
#6106=CARTESIAN_POINT('',(-0.0855966796875,0.2341294921875,0.0015));
#6107=CARTESIAN_POINT('',(-0.0860234375,0.233909765625,0.0015));
#6108=CARTESIAN_POINT('',(-0.086658203125,0.233909765625,0.0015));
#6109=CARTESIAN_POINT('',(-0.086658203125,0.233909765625,0.0015));
#6110=CARTESIAN_POINT('',(-0.0866583142589358,0.236213329680699,0.0015));
#6111=CARTESIAN_POINT('',(-0.0875126653534984,0.234073903034984,0.00149999975));
#6112=CARTESIAN_POINT('',(-0.0865953100105042,0.23639820491579,0.0015));
#6113=CARTESIAN_POINT('',(-0.0882638631586897,0.234537485583483,0.0014999999999998));
#6114=CARTESIAN_POINT('',(-0.0865003183212108,0.23647642464772,0.0015));
#6115=CARTESIAN_POINT('',(-0.08883203125,0.235276953125,0.0015));
#6116=CARTESIAN_POINT('',(-0.08883203125,0.235276953125,0.0015));
#6117=CARTESIAN_POINT('',(-0.089064453125,0.23571640625,0.0015));
#6118=CARTESIAN_POINT('',(-0.08913671875,0.236276953125,0.0015));
#6119=CARTESIAN_POINT('',(-0.08913671875,0.236276953125,0.0015));
#6120=CARTESIAN_POINT('',(-0.08855078125,0.236276953125,0.0015));
#6121=CARTESIAN_POINT('',(-0.08796484375,0.236276953125,0.0015));
#6122=CARTESIAN_POINT('',(-0.08796484375,0.236276953125,0.0015));
#6123=CARTESIAN_POINT('',(-0.087720703125,0.235276953125,0.0015));
#6124=CARTESIAN_POINT('',(-0.086634765625,0.235276953125,0.0015));
#6125=CARTESIAN_POINT('',(-0.086634765625,0.235276953125,0.0015));
#6126=CARTESIAN_POINT('',(-0.086634765625,0.235276953125,0.0015));
#6127=CARTESIAN_POINT('',(-0.08620703125,0.235276953125,0.0015));
#6128=CARTESIAN_POINT('',(-0.0859267578125,0.2355572265625,0.0015));
#6129=CARTESIAN_POINT('',(-0.089125,0.303821875,0.0015));
#6130=CARTESIAN_POINT('',(-0.089125,0.303089453125,0.0015));
#6131=CARTESIAN_POINT('',(-0.089125,0.304554296875,0.0015));
#6132=CARTESIAN_POINT('',(-0.084626953125,0.304554296875,0.0015));
#6133=CARTESIAN_POINT('',(-0.08012890625,0.304554296875,0.0015));
#6134=CARTESIAN_POINT('',(-0.08012890625,0.303821875,0.0015));
#6135=CARTESIAN_POINT('',(-0.08012890625,0.303089453125,0.0015));
#6136=CARTESIAN_POINT('',(-0.084626953125,0.303089453125,0.0015));
#6137=CARTESIAN_POINT('',(-0.009375,0.2694,0.));
#6138=CARTESIAN_POINT('',(-0.0846875,0.236276953125,0.));
#6139=CARTESIAN_POINT('',(-0.08397265625,0.236276953125,-8.470329472543E-22));
#6140=CARTESIAN_POINT('',(-0.08540234375,0.236276953125,-1.6940658945086E-21));
#6141=CARTESIAN_POINT('',(-0.0859267578125,0.2355572265625,-8.470329472543E-22));
#6142=CARTESIAN_POINT('',(-0.085646484375,0.2358375,-8.470329472543E-22));
#6143=CARTESIAN_POINT('',(-0.08540234375,0.236276953125,-8.470329472543E-22));
#6144=CARTESIAN_POINT('',(-0.0859267578125,0.2355572265625,-1.6940658945086E-21));
#6145=CARTESIAN_POINT('',(-0.086634765625,0.235276953125,-8.470329472543E-22));
#6146=CARTESIAN_POINT('',(-0.08620703125,0.235276953125,-8.470329472543E-22));
#6147=CARTESIAN_POINT('',(-0.0859267578125,0.2355572265625,-8.470329472543E-22));
#6148=CARTESIAN_POINT('',(-0.086634765625,0.235276953125,-1.6940658945086E-21));
#6149=CARTESIAN_POINT('',(-0.08796484375,0.236276953125,-8.470329472543E-22));
#6150=CARTESIAN_POINT('',(-0.087720703125,0.235276953125,-8.470329472543E-22));
#6151=CARTESIAN_POINT('',(-0.086634765625,0.235276953125,-8.470329472543E-22));
#6152=CARTESIAN_POINT('',(-0.08796484375,0.236276953125,-8.470329472543E-22));
#6153=CARTESIAN_POINT('',(-0.08855078125,0.236276953125,0.));
#6154=CARTESIAN_POINT('',(-0.08913671875,0.236276953125,-1.6940658945086E-21));
#6155=CARTESIAN_POINT('',(-0.08883203125,0.235276953125,-8.470329472543E-22));
#6156=CARTESIAN_POINT('',(-0.089064453125,0.23571640625,-8.470329472543E-22));
#6157=CARTESIAN_POINT('',(-0.08913671875,0.236276953125,-8.470329472543E-22));
#6158=CARTESIAN_POINT('',(-0.08883203125,0.235276953125,-1.6940658945086E-21));
#6159=CARTESIAN_POINT('',(-0.0865003183212108,0.23647642464772,-8.470329472543E-22));
#6160=CARTESIAN_POINT('',(-0.0882638631586897,0.234537485583483,1.979835693536E-16));
#6161=CARTESIAN_POINT('',(-0.0865953100105042,0.23639820491579,-8.470329472543E-22));
#6162=CARTESIAN_POINT('',(-0.0875126653534984,0.234073903034984,2.49999999998431E-10));
#6163=CARTESIAN_POINT('',(-0.0866583142589358,0.236213329680699,-8.470329472543E-22));
#6164=CARTESIAN_POINT('',(-0.086658203125,0.233909765625,-1.6940658945086E-21));
#6165=CARTESIAN_POINT('',(-0.0855966796875,0.2341294921875,-8.470329472543E-22));
#6166=CARTESIAN_POINT('',(-0.0860234375,0.233909765625,-8.470329472543E-22));
#6167=CARTESIAN_POINT('',(-0.086658203125,0.233909765625,-8.470329472543E-22));
#6168=CARTESIAN_POINT('',(-0.0855966796875,0.2341294921875,-1.6940658945086E-21));
#6169=CARTESIAN_POINT('',(-0.0866915257068829,0.236297442429872,-8.470329472543E-22));
#6170=CARTESIAN_POINT('',(-0.0848709570730216,0.234690895015405,-8.47032947229234E-22));
#6171=CARTESIAN_POINT('',(-0.087529610870733,0.237005849949766,-8.470329472543E-22));
#6172=CARTESIAN_POINT('',(-0.0843643436943899,0.23545375312101,2.49999998481303E-10));
#6173=CARTESIAN_POINT('',(-0.110827922846349,0.24854931984204,-8.470329472543E-22));
#6174=CARTESIAN_POINT('',(-0.0846328125,0.24958359375,0.));
#6175=CARTESIAN_POINT('',(-0.089125,0.24802109375,-8.470329472543E-22));
#6176=CARTESIAN_POINT('',(-0.080140625,0.25114609375,-8.470329472543E-22));
#6177=CARTESIAN_POINT('',(-0.080140625,0.25187265625,0.));
#6178=CARTESIAN_POINT('',(-0.080140625,0.25259921875,-8.470329472543E-22));
#6179=CARTESIAN_POINT('',(-0.0846328125,0.2541734375,0.));
#6180=CARTESIAN_POINT('',(-0.089125,0.25574765625,-8.470329472543E-22));
#6181=CARTESIAN_POINT('',(-0.089125,0.2549849609375,0.));
#6182=CARTESIAN_POINT('',(-0.089125,0.254222265625,-8.470329472543E-22));
#6183=CARTESIAN_POINT('',(-0.085755859375,0.25304453125,0.));
#6184=CARTESIAN_POINT('',(-0.08238671875,0.251866796875,-8.470329472543E-22));
#6185=CARTESIAN_POINT('',(-0.085755859375,0.25070078125,0.));
#6186=CARTESIAN_POINT('',(-0.089125,0.249534765625,0.));
#6187=CARTESIAN_POINT('',(-0.089125,0.2487779296875,0.));
#6188=CARTESIAN_POINT('',(-0.0832294921875,0.259116796875,0.));
#6189=CARTESIAN_POINT('',(-0.08012890625,0.259116796875,-8.470329472543E-22));
#6190=CARTESIAN_POINT('',(-0.086330078125,0.259116796875,-8.470329472543E-22));
#6191=CARTESIAN_POINT('',(-0.083662109375,0.26063046875,0.));
#6192=CARTESIAN_POINT('',(-0.080994140625,0.262144140625,-8.470329472543E-22));
#6193=CARTESIAN_POINT('',(-0.0823984375,0.262144140625,0.));
#6194=CARTESIAN_POINT('',(-0.083802734375,0.262144140625,-8.470329472543E-22));
#6195=CARTESIAN_POINT('',(-0.0864638671875,0.26063046875,0.));
#6196=CARTESIAN_POINT('',(-0.089125,0.259116796875,-8.470329472543E-22));
#6197=CARTESIAN_POINT('',(-0.089125,0.25837265625,0.));
#6198=CARTESIAN_POINT('',(-0.089125,0.257628515625,-8.470329472543E-22));
#6199=CARTESIAN_POINT('',(-0.084626953125,0.257628515625,0.));
#6200=CARTESIAN_POINT('',(-0.08012890625,0.257628515625,0.));
#6201=CARTESIAN_POINT('',(-0.08012890625,0.25837265625,0.));
#6202=CARTESIAN_POINT('',(-0.086267578125,0.251878515625,0.));
#6203=CARTESIAN_POINT('',(-0.086267578125,0.25106015625,-8.470329472543E-22));
#6204=CARTESIAN_POINT('',(-0.086267578125,0.252696875,-8.470329472543E-22));
#6205=CARTESIAN_POINT('',(-0.0867626953125,0.2528677734375,0.));
#6206=CARTESIAN_POINT('',(-0.0872578125000001,0.253038671875,-8.470329472543E-22));
#6207=CARTESIAN_POINT('',(-0.0872578125,0.25187265625,0.));
#6208=CARTESIAN_POINT('',(-0.0872578125,0.250706640625,0.));
#6209=CARTESIAN_POINT('',(-0.0867626953125,0.2508833984375,0.));
#6210=CARTESIAN_POINT('',(-0.0807354640873594,0.236048921743516,-8.470329472543E-22));
#6211=CARTESIAN_POINT('',(-0.08151953125,0.2348609375,-1.6940658945086E-21));
#6212=CARTESIAN_POINT('',(-0.0813973996120867,0.234787813944538,6.96103751394797E-16));
#6213=CARTESIAN_POINT('',(-0.0762983703924716,0.244020275183041,-8.470329472543E-22));
#6214=CARTESIAN_POINT('',(-0.0811230454935538,0.234641213763096,-6.7762635780344E-22));
#6215=CARTESIAN_POINT('',(-0.0809502981085526,0.234551906866776,0.));
#6216=CARTESIAN_POINT('',(-0.0807695312769409,0.234458593617038,-5.0821976835258E-22));
#6217=CARTESIAN_POINT('',(-0.0759305170305814,0.24380170208316,-8.470329472543E-22));
#6218=CARTESIAN_POINT('',(-0.080421875,0.23428671875,-1.6940658945086E-21));
#6219=CARTESIAN_POINT('',(-0.08009765625,0.2351841796875,-8.470329472543E-22));
#6220=CARTESIAN_POINT('',(-0.080201171875,0.234628515625,-8.470329472543E-22));
#6221=CARTESIAN_POINT('',(-0.080421875,0.23428671875,-8.470329472543E-22));
#6222=CARTESIAN_POINT('',(-0.08009765625,0.2351841796875,-1.6940658945086E-21));
#6223=CARTESIAN_POINT('',(-0.0867486971897745,0.236440396596738,-8.470329472543E-22));
#6224=CARTESIAN_POINT('',(-0.0799822326526899,0.236276953125,-4.2351647362715E-22));
#6225=CARTESIAN_POINT('',(-0.0805986328125,0.236276953125,0.));
#6226=CARTESIAN_POINT('',(-0.08121484375,0.236276953125,-1.6940658945086E-21));
#6227=CARTESIAN_POINT('',(-0.0812265625,0.23565390625,-8.470329472543E-22));
#6228=CARTESIAN_POINT('',(-0.081189453125,0.235898046875,-8.470329472543E-22));
#6229=CARTESIAN_POINT('',(-0.08121484375,0.236276953125,-8.470329472543E-22));
#6230=CARTESIAN_POINT('',(-0.0812265625,0.23565390625,-1.6940658945086E-21));
#6231=CARTESIAN_POINT('',(-0.0835750340454643,0.235971103104698,-8.470329472543E-22));
#6232=CARTESIAN_POINT('',(-0.0813183733170031,0.235251564897106,2.49999999997725E-10));
#6233=CARTESIAN_POINT('',(-0.0822694192530692,0.23554865194677,-8.470329472543E-22));
#6234=CARTESIAN_POINT('',(-0.0814342503966157,0.235007198095851,2.4999987303482E-10));
#6235=CARTESIAN_POINT('',(-0.0808606850541256,0.234572634716231,-8.470329472543E-22));
#6236=CARTESIAN_POINT('',(-0.08141015625,0.2765923828125,0.));
#6237=CARTESIAN_POINT('',(-0.081861328125,0.27709921875,-8.470329472543E-22));
#6238=CARTESIAN_POINT('',(-0.0809592831003397,0.276085882456063,-4.2351647362715E-22));
#6239=CARTESIAN_POINT('',(-0.0833154879616977,0.278412209353403,-8.470329472543E-22));
#6240=CARTESIAN_POINT('',(-0.0802262105930442,0.277220178961194,2.49999998482703E-10));
#6241=CARTESIAN_POINT('',(-0.0837595128954885,0.278552005255656,-8.470329472543E-22));
#6242=CARTESIAN_POINT('',(-0.0799828751075218,0.278587495740804,2.50000000030794E-10));
#6243=CARTESIAN_POINT('',(-0.079982421875,0.2785943359375,0.));
#6244=CARTESIAN_POINT('',(-0.079982421875,0.278601171875,-8.470329472543E-22));
#6245=CARTESIAN_POINT('',(-0.0805859375,0.278601171875,0.));
#6246=CARTESIAN_POINT('',(-0.081189453125,0.278601171875,-8.470329472543E-22));
#6247=CARTESIAN_POINT('',(-0.081189453125,0.2785767578125,0.));
#6248=CARTESIAN_POINT('',(-0.0811894360415306,0.278552343757286,2.49999999751303E-10));
#6249=CARTESIAN_POINT('',(-0.083184325974807,0.278551492938629,-8.470329472543E-22));
#6250=CARTESIAN_POINT('',(-0.0813486328125,0.2777701171875,-8.470329472543E-22));
#6251=CARTESIAN_POINT('',(-0.081861328125,0.27709921875,-8.470329472543E-22));
#6252=CARTESIAN_POINT('',(-0.0815078125,0.2773921875,-8.470329472543E-22));
#6253=CARTESIAN_POINT('',(-0.0813486328125,0.2777701171875,-8.470329472543E-22));
#6254=CARTESIAN_POINT('',(-0.084486328125,0.2771119140625,0.));
#6255=CARTESIAN_POINT('',(-0.084486328125,0.27562265625,-8.470329472543E-22));
#6256=CARTESIAN_POINT('',(-0.084486328125,0.278601171875,-8.470329472543E-22));
#6257=CARTESIAN_POINT('',(-0.084986328125,0.278601171875,0.));
#6258=CARTESIAN_POINT('',(-0.085486328125,0.278601171875,-8.470329472543E-22));
#6259=CARTESIAN_POINT('',(-0.085486328125,0.2778375,0.));
#6260=CARTESIAN_POINT('',(-0.085486328125,0.277073828125,-8.470329472543E-22));
#6261=CARTESIAN_POINT('',(-0.08659765625,0.277073828125,0.));
#6262=CARTESIAN_POINT('',(-0.087708984375,0.277073828125,-1.6940658945086E-21));
#6263=CARTESIAN_POINT('',(-0.0879169921875,0.2773736328125,-8.470329472543E-22));
#6264=CARTESIAN_POINT('',(-0.08784375,0.277171484375,-8.470329472543E-22));
#6265=CARTESIAN_POINT('',(-0.087708984375,0.277073828125,-8.470329472543E-22));
#6266=CARTESIAN_POINT('',(-0.0879169921875,0.2773736328125,-1.6940658945086E-21));
#6267=CARTESIAN_POINT('',(-0.0853664196413504,0.278288889782906,-8.470329472543E-22));
#6268=CARTESIAN_POINT('',(-0.0880321765670479,0.277801376330665,-8.470329472543E-22));
#6269=CARTESIAN_POINT('',(-0.0835559156873707,0.278643268144654,-8.470329472543E-22));
#6270=CARTESIAN_POINT('',(-0.0880926930427407,0.278240828268807,2.49999999995395E-10));
#6271=CARTESIAN_POINT('',(-0.0837604281155426,0.278650366084586,-8.470329472543E-22));
#6272=CARTESIAN_POINT('',(-0.0881115869173591,0.278601171875,-4.2351647362715E-22));
#6273=CARTESIAN_POINT('',(-0.0886484375,0.278601171875,0.));
#6274=CARTESIAN_POINT('',(-0.089185546875,0.278601171875,-8.470329472543E-22));
#6275=CARTESIAN_POINT('',(-0.089185546875,0.2785943359375,0.));
#6276=CARTESIAN_POINT('',(-0.0891855806777639,0.278587499962729,2.49999999580318E-10));
#6277=CARTESIAN_POINT('',(-0.0836478170349585,0.278593605950438,-8.470329472543E-22));
#6278=CARTESIAN_POINT('',(-0.0891249636904944,0.277775981982753,-8.47032947380746E-22));
#6279=CARTESIAN_POINT('',(-0.0854049103698765,0.278323470494858,-8.470329472543E-22));
#6280=CARTESIAN_POINT('',(-0.0889179851688532,0.276983001541982,2.49999995941931E-10));
#6281=CARTESIAN_POINT('',(-0.0852944090488069,0.278367871257761,-8.470329472543E-22));
#6282=CARTESIAN_POINT('',(-0.0885450892721832,0.276250475123258,2.49999999991471E-10));
#6283=CARTESIAN_POINT('',(-0.0863569827661561,0.277693955840844,-8.470329472543E-22));
#6284=CARTESIAN_POINT('',(-0.0879640002920813,0.27562265625,0.));
#6285=CARTESIAN_POINT('',(-0.0862255859375,0.27562265625,0.));
#6286=CARTESIAN_POINT('',(-0.0846328125,0.285632421875,0.));
#6287=CARTESIAN_POINT('',(-0.089125,0.284069921875,-8.470329472543E-22));
#6288=CARTESIAN_POINT('',(-0.080140625,0.287194921875,-8.470329472543E-22));
#6289=CARTESIAN_POINT('',(-0.080140625,0.287921484375,0.));
#6290=CARTESIAN_POINT('',(-0.080140625,0.288648046875,-8.470329472543E-22));
#6291=CARTESIAN_POINT('',(-0.0846328125,0.290222265625,0.));
#6292=CARTESIAN_POINT('',(-0.089125,0.291796484375,-8.470329472543E-22));
#6293=CARTESIAN_POINT('',(-0.089125,0.2910337890625,0.));
#6294=CARTESIAN_POINT('',(-0.089125,0.29027109375,-8.470329472543E-22));
#6295=CARTESIAN_POINT('',(-0.085755859375,0.289093359375,0.));
#6296=CARTESIAN_POINT('',(-0.08238671875,0.287915625,-8.470329472543E-22));
#6297=CARTESIAN_POINT('',(-0.085755859375,0.286749609375,0.));
#6298=CARTESIAN_POINT('',(-0.089125,0.28558359375,0.));
#6299=CARTESIAN_POINT('',(-0.089125,0.2848267578125,0.));
#6300=CARTESIAN_POINT('',(-0.084626953125,0.2936890625,0.));
#6301=CARTESIAN_POINT('',(-0.089125,0.2936890625,-8.470329472543E-22));
#6302=CARTESIAN_POINT('',(-0.08012890625,0.2936890625,-8.470329472543E-22));
#6303=CARTESIAN_POINT('',(-0.08012890625,0.294433203125,0.));
#6304=CARTESIAN_POINT('',(-0.08012890625,0.29517734375,-8.470329472543E-22));
#6305=CARTESIAN_POINT('',(-0.084626953125,0.29517734375,0.));
#6306=CARTESIAN_POINT('',(-0.089125,0.29517734375,0.));
#6307=CARTESIAN_POINT('',(-0.089125,0.294433203125,0.));
#6308=CARTESIAN_POINT('',(-0.036179883109225,0.246159167761501,0.));
#6309=CARTESIAN_POINT('',(-4.00612702733394E-17,0.268518335523002,0.));
#6310=CARTESIAN_POINT('',(-0.07235976621845,0.2238,0.));
#6311=CARTESIAN_POINT('',(-9.71445146547012E-17,0.2238,0.));
#6312=CARTESIAN_POINT('',(0.0723597662184498,0.2238,0.));
#6313=CARTESIAN_POINT('',(0.0361798831092249,0.246159167761501,0.));
#6314=CARTESIAN_POINT('',(-0.0361798831092251,0.292640832238499,0.));
#6315=CARTESIAN_POINT('',(-2.25514051876985E-17,0.270281664476998,0.));
#6316=CARTESIAN_POINT('',(-0.0723597662184501,0.315,0.));
#6317=CARTESIAN_POINT('',(0.036179883109225,0.292640832238499,0.));
#6318=CARTESIAN_POINT('',(0.0723597662184501,0.315,0.));
#6319=CARTESIAN_POINT('',(-4.16333634234433E-17,0.315,0.));
#6320=CARTESIAN_POINT('',(0.0378383207742701,0.291902417761501,0.));
#6321=CARTESIAN_POINT('',(0.07425,0.314404835523002,0.));
#6322=CARTESIAN_POINT('',(0.00142664154854033,0.2694,0.));
#6323=CARTESIAN_POINT('',(0.0378383207742701,0.246897582238499,0.));
#6324=CARTESIAN_POINT('',(0.07425,0.224395164476998,0.));
#6325=CARTESIAN_POINT('',(0.07425,0.2694,0.));
#6326=CARTESIAN_POINT('',(-0.0378383207742702,0.246897582238499,0.));
#6327=CARTESIAN_POINT('',(-0.07425,0.224395164476998,0.));
#6328=CARTESIAN_POINT('',(-0.00142664154854038,0.2694,0.));
#6329=CARTESIAN_POINT('',(-0.0378383207742702,0.291902417761501,0.));
#6330=CARTESIAN_POINT('',(-0.07425,0.314404835523002,0.));
#6331=CARTESIAN_POINT('',(-0.07425,0.2694,0.));
#6332=CARTESIAN_POINT('',(0.07625,0.2694,0.));
#6333=CARTESIAN_POINT('',(0.07625,0.317,0.));
#6334=CARTESIAN_POINT('',(0.07625,0.2218,0.));
#6335=CARTESIAN_POINT('',(-4.16333634234433E-17,0.2218,0.));
#6336=CARTESIAN_POINT('',(-0.095,0.2218,0.));
#6337=CARTESIAN_POINT('',(-0.095,0.2694,0.));
#6338=CARTESIAN_POINT('',(-0.095,0.317,0.));
#6339=CARTESIAN_POINT('',(-4.16333634234433E-17,0.317,0.));
#6340=CARTESIAN_POINT('',(-0.08012890625,0.30221640625,0.));
#6341=CARTESIAN_POINT('',(-0.08012890625,0.301843359375,-8.470329472543E-22));
#6342=CARTESIAN_POINT('',(-0.08012890625,0.302589453125,-8.470329472543E-22));
#6343=CARTESIAN_POINT('',(-0.08068359375,0.302589453125,0.));
#6344=CARTESIAN_POINT('',(-0.08123828125,0.302589453125,-8.470329472543E-22));
#6345=CARTESIAN_POINT('',(-0.08123828125,0.30241171875,0.));
#6346=CARTESIAN_POINT('',(-0.08123828125,0.302233984375,-1.6940658945086E-21));
#6347=CARTESIAN_POINT('',(-0.081513671875,0.3005259765625,-8.470329472543E-22));
#6348=CARTESIAN_POINT('',(-0.08123828125,0.30118515625,-8.470329472543E-22));
#6349=CARTESIAN_POINT('',(-0.08123828125,0.302233984375,-8.470329472543E-22));
#6350=CARTESIAN_POINT('',(-0.081513671875,0.3005259765625,-1.6940658945086E-21));
#6351=CARTESIAN_POINT('',(-0.082234375,0.29948203125,-8.470329472543E-22));
#6352=CARTESIAN_POINT('',(-0.0817890625,0.299866796875,-8.470329472543E-22));
#6353=CARTESIAN_POINT('',(-0.081513671875,0.3005259765625,-8.470329472543E-22));
#6354=CARTESIAN_POINT('',(-0.082234375,0.29948203125,-1.6940658945086E-21));
#6355=CARTESIAN_POINT('',(-0.0837919426676749,0.301251420432228,-8.470329472543E-22));
#6356=CARTESIAN_POINT('',(-0.0832284806549581,0.298963334699788,8.62736723919584E-16));
#6357=CARTESIAN_POINT('',(-0.0843391200649185,0.303504518580628,-8.470329472543E-22));
#6358=CARTESIAN_POINT('',(-0.0843398437503755,0.298829685074598,-8.470329472543E-22));
#6359=CARTESIAN_POINT('',(-0.0870986328125,0.2994888671875,-8.470329472543E-22));
#6360=CARTESIAN_POINT('',(-0.086146484375,0.2988296875,-8.470329472543E-22));
#6361=CARTESIAN_POINT('',(-0.08433984375,0.2988296875,-8.470329472543E-22));
#6362=CARTESIAN_POINT('',(-0.0870986328125,0.2994888671875,-1.6940658945086E-21));
#6363=CARTESIAN_POINT('',(-0.08805078125,0.301636328125,-8.470329472543E-22));
#6364=CARTESIAN_POINT('',(-0.08805078125,0.300148046875,-8.470329472543E-22));
#6365=CARTESIAN_POINT('',(-0.0870986328125,0.2994888671875,-8.470329472543E-22));
#6366=CARTESIAN_POINT('',(-0.08805078125,0.301636328125,-8.470329472543E-22));
#6367=CARTESIAN_POINT('',(-0.08805078125,0.302112890625,0.));
#6368=CARTESIAN_POINT('',(-0.08805078125,0.302589453125,-8.470329472543E-22));
#6369=CARTESIAN_POINT('',(-0.088587890625,0.302589453125,0.));
#6370=CARTESIAN_POINT('',(-0.089125,0.302589453125,-8.470329472543E-22));
#6371=CARTESIAN_POINT('',(-0.089125,0.30186875,0.));
#6372=CARTESIAN_POINT('',(-0.0891254737172224,0.301148031043155,2.49999999994785E-10));
#6373=CARTESIAN_POINT('',(-0.0840178829809571,0.301318729051712,-8.470329472543E-22));
#6374=CARTESIAN_POINT('',(-0.08908203125,0.3006236328125,-1.6940658945086E-21));
#6375=CARTESIAN_POINT('',(-0.08888671875,0.2998423828125,-8.470329472543E-22));
#6376=CARTESIAN_POINT('',(-0.0890390625,0.300269140625,-8.470329472543E-22));
#6377=CARTESIAN_POINT('',(-0.08908203125,0.3006236328125,-8.470329472543E-22));
#6378=CARTESIAN_POINT('',(-0.08888671875,0.2998423828125,-1.6940658945086E-21));
#6379=CARTESIAN_POINT('',(-0.0884287109375,0.2989576171875,-8.470329472543E-22));
#6380=CARTESIAN_POINT('',(-0.088734375,0.299415625,-8.470329472543E-22));
#6381=CARTESIAN_POINT('',(-0.08888671875,0.2998423828125,-8.470329472543E-22));
#6382=CARTESIAN_POINT('',(-0.0884287109375,0.2989576171875,-1.6940658945086E-21));
#6383=CARTESIAN_POINT('',(-0.0875927734375,0.2981333984375,-8.470329472543E-22));
#6384=CARTESIAN_POINT('',(-0.088123046875,0.298499609375,-8.470329472543E-22));
#6385=CARTESIAN_POINT('',(-0.0884287109375,0.2989576171875,-8.470329472543E-22));
#6386=CARTESIAN_POINT('',(-0.0875927734375,0.2981333984375,-1.6940658945086E-21));
#6387=CARTESIAN_POINT('',(-0.0862744140625,0.29752890625,-8.470329472543E-22));
#6388=CARTESIAN_POINT('',(-0.0870625,0.2977671875,-8.470329472543E-22));
#6389=CARTESIAN_POINT('',(-0.0875927734375,0.2981333984375,-8.470329472543E-22));
#6390=CARTESIAN_POINT('',(-0.0862744140625,0.29752890625,-1.6940658945086E-21));
#6391=CARTESIAN_POINT('',(-0.084376953125,0.297290625,-8.470329472543E-22));
#6392=CARTESIAN_POINT('',(-0.085486328125,0.297290625,-8.470329472543E-22));
#6393=CARTESIAN_POINT('',(-0.0862744140625,0.29752890625,-8.470329472543E-22));
#6394=CARTESIAN_POINT('',(-0.0843769531263445,0.297290622968262,-8.470329472543E-22));
#6395=CARTESIAN_POINT('',(-0.0843739757650478,0.301789919922017,-8.470329472543E-22));
#6396=CARTESIAN_POINT('',(-0.0828076376344835,0.297571929788669,1.89464756857848E-15));
#6397=CARTESIAN_POINT('',(-0.0841698714369966,0.301271378172746,-8.470329472543E-22));
#6398=CARTESIAN_POINT('',(-0.0814462890625,0.2984205078125,-1.6940658945086E-21));
#6399=CARTESIAN_POINT('',(-0.08048828125,0.2998482421875,-8.470329472543E-22));
#6400=CARTESIAN_POINT('',(-0.08084765625,0.298987890625,-8.470329472543E-22));
#6401=CARTESIAN_POINT('',(-0.0814462890625,0.2984205078125,-8.470329472543E-22));
#6402=CARTESIAN_POINT('',(-0.08048828125,0.2998482421875,-8.470329472543E-22));
#6403=CARTESIAN_POINT('',(-0.08012890625,0.301843359375,-8.470329472543E-22));
#6404=CARTESIAN_POINT('',(-0.08012890625,0.30070859375,-8.470329472543E-22));
#6405=CARTESIAN_POINT('',(-0.08048828125,0.2998482421875,-8.470329472543E-22));
#6406=CARTESIAN_POINT('',(-0.086267578125,0.28792734375,0.));
#6407=CARTESIAN_POINT('',(-0.086267578125,0.287108984375,-8.470329472543E-22));
#6408=CARTESIAN_POINT('',(-0.086267578125,0.288745703125,-8.470329472543E-22));
#6409=CARTESIAN_POINT('',(-0.0867626953125,0.2889166015625,0.));
#6410=CARTESIAN_POINT('',(-0.0872578125000001,0.2890875,-8.470329472543E-22));
#6411=CARTESIAN_POINT('',(-0.0872578125,0.287921484375,0.));
#6412=CARTESIAN_POINT('',(-0.0872578125,0.28675546875,0.));
#6413=CARTESIAN_POINT('',(-0.0867626953125,0.2869322265625,0.));
#6414=CARTESIAN_POINT('',(-0.0865126953125,0.2734302734375,-8.470329472543E-22));
#6415=CARTESIAN_POINT('',(-0.085669921875,0.27369296875,-8.470329472543E-22));
#6416=CARTESIAN_POINT('',(-0.084583984375,0.27369296875,-8.470329472543E-22));
#6417=CARTESIAN_POINT('',(-0.084583984375,0.27369296875,-1.6940658945086E-21));
#6418=CARTESIAN_POINT('',(-0.0865126953125,0.2734302734375,-1.6940658945086E-21));
#6419=CARTESIAN_POINT('',(-0.0879345703125,0.2726978515625,-8.470329472543E-22));
#6420=CARTESIAN_POINT('',(-0.08735546875,0.273167578125,-8.470329472543E-22));
#6421=CARTESIAN_POINT('',(-0.0865126953125,0.2734302734375,-8.470329472543E-22));
#6422=CARTESIAN_POINT('',(-0.0879345703125,0.2726978515625,-1.6940658945086E-21));
#6423=CARTESIAN_POINT('',(-0.0859204660868846,0.270175587701706,-8.470329472543E-22));
#6424=CARTESIAN_POINT('',(-0.0888253595049821,0.271580743485729,-8.47032947282364E-22));
#6425=CARTESIAN_POINT('',(-0.085449390422651,0.269966480601069,-8.470329472543E-22));
#6426=CARTESIAN_POINT('',(-0.0891849922294732,0.2701890625,-4.2351647362715E-22));
#6427=CARTESIAN_POINT('',(-0.0885810546875,0.2701890625,0.));
#6428=CARTESIAN_POINT('',(-0.0879768652345724,0.2701890625,0.));
#6429=CARTESIAN_POINT('',(-0.086161391726075,0.270023694758525,-8.470329472543E-22));
#6430=CARTESIAN_POINT('',(-0.0877275390625,0.2709576171875,-1.6940658945086E-21));
#6431=CARTESIAN_POINT('',(-0.0870986328125,0.2715982421875,-8.470329472543E-22));
#6432=CARTESIAN_POINT('',(-0.087513671875,0.271323828125,-8.470329472543E-22));
#6433=CARTESIAN_POINT('',(-0.0877275390625,0.2709576171875,-8.470329472543E-22));
#6434=CARTESIAN_POINT('',(-0.0870986328125,0.2715982421875,-1.6940658945086E-21));
#6435=CARTESIAN_POINT('',(-0.0860673828125,0.2720318359375,-8.470329472543E-22));
#6436=CARTESIAN_POINT('',(-0.08668359375,0.27187265625,-8.470329472543E-22));
#6437=CARTESIAN_POINT('',(-0.0870986328125,0.2715982421875,-8.470329472543E-22));
#6438=CARTESIAN_POINT('',(-0.0860673828125,0.2720318359375,-1.6940658945086E-21));
#6439=CARTESIAN_POINT('',(-0.084583984375,0.272202734375,-8.470329472543E-22));
#6440=CARTESIAN_POINT('',(-0.085451171875,0.272191015625,-8.470329472543E-22));
#6441=CARTESIAN_POINT('',(-0.0860673828125,0.2720318359375,-8.470329472543E-22));
#6442=CARTESIAN_POINT('',(-0.084583984375,0.272202734375,-1.6940658945086E-21));
#6443=CARTESIAN_POINT('',(-0.0831064453125,0.2720318359375,-8.470329472543E-22));
#6444=CARTESIAN_POINT('',(-0.083728515625,0.272191015625,-8.470329472543E-22));
#6445=CARTESIAN_POINT('',(-0.084583984375,0.272202734375,-8.470329472543E-22));
#6446=CARTESIAN_POINT('',(-0.0831064453125,0.2720318359375,-1.6940658945086E-21));
#6447=CARTESIAN_POINT('',(-0.0820810546875,0.2716041015625,-8.470329472543E-22));
#6448=CARTESIAN_POINT('',(-0.082484375,0.27187265625,-8.470329472543E-22));
#6449=CARTESIAN_POINT('',(-0.0831064453125,0.2720318359375,-8.470329472543E-22));
#6450=CARTESIAN_POINT('',(-0.0820810546875,0.2716041015625,-1.6940658945086E-21));
#6451=CARTESIAN_POINT('',(-0.081470703125,0.2709693359375,-8.470329472543E-22));
#6452=CARTESIAN_POINT('',(-0.081677734375,0.271335546875,-8.470329472543E-22));
#6453=CARTESIAN_POINT('',(-0.0820810546875,0.2716041015625,-8.470329472543E-22));
#6454=CARTESIAN_POINT('',(-0.081470703125,0.2709693359375,-1.6940658945086E-21));
#6455=CARTESIAN_POINT('',(-0.0832606762989035,0.269949958731345,-8.470329472543E-22));
#6456=CARTESIAN_POINT('',(-0.0812148450852636,0.2701890625,-4.2351647362715E-22));
#6457=CARTESIAN_POINT('',(-0.0806044921875,0.2701890625,0.));
#6458=CARTESIAN_POINT('',(-0.0799949842075752,0.2701890625,-4.2351647362715E-22));
#6459=CARTESIAN_POINT('',(-0.0837040187190223,0.269981561892613,-8.470329472543E-22));
#6460=CARTESIAN_POINT('',(-0.0803542030360254,0.271586661987529,-8.470329472543E-22));
#6461=CARTESIAN_POINT('',(-0.0832676452699505,0.270160836969593,-8.470329472543E-22));
#6462=CARTESIAN_POINT('',(-0.0812451171875,0.2726978515625,-1.6940658945086E-21));
#6463=CARTESIAN_POINT('',(-0.0826611328125,0.2734302734375,-8.470329472543E-22));
#6464=CARTESIAN_POINT('',(-0.08182421875,0.273167578125,-8.470329472543E-22));
#6465=CARTESIAN_POINT('',(-0.0812451171875,0.2726978515625,-8.470329472543E-22));
#6466=CARTESIAN_POINT('',(-0.0826611328125,0.2734302734375,-8.470329472543E-22));
#6467=CARTESIAN_POINT('',(-0.084583984375,0.27369296875,-8.470329472543E-22));
#6468=CARTESIAN_POINT('',(-0.083498046875,0.27369296875,-8.470329472543E-22));
#6469=CARTESIAN_POINT('',(-0.0826611328125,0.2734302734375,-8.470329472543E-22));
#6470=CARTESIAN_POINT('',(-0.0864453125,0.28209140625,-8.470329472543E-22));
#6471=CARTESIAN_POINT('',(-0.0856328125,0.282335546875,-8.470329472543E-22));
#6472=CARTESIAN_POINT('',(-0.084583984375,0.282335546875,-8.470329472543E-22));
#6473=CARTESIAN_POINT('',(-0.084583984375,0.282335546875,-1.6940658945086E-21));
#6474=CARTESIAN_POINT('',(-0.0864453125,0.28209140625,-1.6940658945086E-21));
#6475=CARTESIAN_POINT('',(-0.0878310546875,0.2814205078125,-8.470329472543E-22));
#6476=CARTESIAN_POINT('',(-0.0872578125,0.281847265625,-8.470329472543E-22));
#6477=CARTESIAN_POINT('',(-0.0864453125,0.28209140625,-8.470329472543E-22));
#6478=CARTESIAN_POINT('',(-0.0878310546875,0.2814205078125,-1.6940658945086E-21));
#6479=CARTESIAN_POINT('',(-0.0859063926634755,0.278794942425202,-8.470329472543E-22));
#6480=CARTESIAN_POINT('',(-0.0887404024393441,0.280395212087762,-8.47032947231841E-22));
#6481=CARTESIAN_POINT('',(-0.0856946821941664,0.27868769197477,-8.470329472543E-22));
#6482=CARTESIAN_POINT('',(-0.0891617653497533,0.279101171875,-4.2351647362715E-22));
#6483=CARTESIAN_POINT('',(-0.0886064453125,0.279101171875,0.));
#6484=CARTESIAN_POINT('',(-0.0880512024714046,0.279101171875,0.));
#6485=CARTESIAN_POINT('',(-0.0863357258003461,0.278631516241759,-8.470329472543E-22));
#6486=CARTESIAN_POINT('',(-0.0876962890625,0.2797779296875,-1.6940658945086E-21));
#6487=CARTESIAN_POINT('',(-0.0870068359375,0.280327734375,-8.470329472543E-22));
#6488=CARTESIAN_POINT('',(-0.087439453125,0.280089453125,-8.470329472543E-22));
#6489=CARTESIAN_POINT('',(-0.0876962890625,0.2797779296875,-8.470329472543E-22));
#6490=CARTESIAN_POINT('',(-0.0870068359375,0.280327734375,-1.6940658945086E-21));
#6491=CARTESIAN_POINT('',(-0.0859755859375,0.2806998046875,-8.470329472543E-22));
#6492=CARTESIAN_POINT('',(-0.08657421875,0.280566015625,-8.470329472543E-22));
#6493=CARTESIAN_POINT('',(-0.0870068359375,0.280327734375,-8.470329472543E-22));
#6494=CARTESIAN_POINT('',(-0.0859755859375,0.2806998046875,-1.6940658945086E-21));
#6495=CARTESIAN_POINT('',(-0.084583984375,0.280847265625,-8.470329472543E-22));
#6496=CARTESIAN_POINT('',(-0.085376953125,0.28083359375,-8.470329472543E-22));
#6497=CARTESIAN_POINT('',(-0.0859755859375,0.2806998046875,-8.470329472543E-22));
#6498=CARTESIAN_POINT('',(-0.084583984375,0.280847265625,-1.6940658945086E-21));
#6499=CARTESIAN_POINT('',(-0.0832109375,0.2806998046875,-8.470329472543E-22));
#6500=CARTESIAN_POINT('',(-0.083791015625,0.28083359375,-8.470329472543E-22));
#6501=CARTESIAN_POINT('',(-0.084583984375,0.280847265625,-8.470329472543E-22));
#6502=CARTESIAN_POINT('',(-0.0832109375,0.2806998046875,-1.6940658945086E-21));
#6503=CARTESIAN_POINT('',(-0.0822216796875,0.280327734375,-8.470329472543E-22));
#6504=CARTESIAN_POINT('',(-0.082630859375,0.280566015625,-8.470329472543E-22));
#6505=CARTESIAN_POINT('',(-0.0832109375,0.2806998046875,-8.470329472543E-22));
#6506=CARTESIAN_POINT('',(-0.0822216796875,0.280327734375,-1.6940658945086E-21));
#6507=CARTESIAN_POINT('',(-0.0815810546875,0.2797779296875,-8.470329472543E-22));
#6508=CARTESIAN_POINT('',(-0.0818125,0.280089453125,-8.470329472543E-22));
#6509=CARTESIAN_POINT('',(-0.0822216796875,0.280327734375,-8.470329472543E-22));
#6510=CARTESIAN_POINT('',(-0.0815810546875,0.2797779296875,-1.6940658945086E-21));
#6511=CARTESIAN_POINT('',(-0.0831697809794438,0.278585984974938,-8.470329472543E-22));
#6512=CARTESIAN_POINT('',(-0.0812518373209661,0.279101171875,0.));
#6513=CARTESIAN_POINT('',(-0.0806416015625,0.279101171875,0.));
#6514=CARTESIAN_POINT('',(-0.0800316301400599,0.279101171875,-4.2351647362715E-22));
#6515=CARTESIAN_POINT('',(-0.0835368123785699,0.278694134455356,-8.470329472543E-22));
#6516=CARTESIAN_POINT('',(-0.080445157882044,0.280395202579362,2.49999998072507E-10));
#6517=CARTESIAN_POINT('',(-0.0832581121158821,0.27883565229416,-8.470329472543E-22));
#6518=CARTESIAN_POINT('',(-0.0813427734375,0.2814205078125,-1.6940658945086E-21));
#6519=CARTESIAN_POINT('',(-0.0827216796875,0.28209140625,-8.470329472543E-22));
#6520=CARTESIAN_POINT('',(-0.08191015625,0.281847265625,-8.470329472543E-22));
#6521=CARTESIAN_POINT('',(-0.0813427734375,0.2814205078125,-8.470329472543E-22));
#6522=CARTESIAN_POINT('',(-0.0827216796875,0.28209140625,-8.470329472543E-22));
#6523=CARTESIAN_POINT('',(-0.084583984375,0.282335546875,-8.470329472543E-22));
#6524=CARTESIAN_POINT('',(-0.083533203125,0.282335546875,-8.470329472543E-22));
#6525=CARTESIAN_POINT('',(-0.0827216796875,0.28209140625,-8.470329472543E-22));
#6526=CARTESIAN_POINT('',(-0.0834609375,0.238858984375,-8.470329472543E-22));
#6527=CARTESIAN_POINT('',(-0.08305859375,0.239071875,-8.470329472543E-22));
#6528=CARTESIAN_POINT('',(-0.08249609375,0.239071875,-8.470329472543E-22));
#6529=CARTESIAN_POINT('',(-0.08249609375,0.239071875,-1.6940658945086E-21));
#6530=CARTESIAN_POINT('',(-0.0834609375,0.238858984375,-1.6940658945086E-21));
#6531=CARTESIAN_POINT('',(-0.0822320831688346,0.236522768569839,-8.470329472543E-22));
#6532=CARTESIAN_POINT('',(-0.0841689821203141,0.238316049647723,2.49999997924662E-10));
#6533=CARTESIAN_POINT('',(-0.0813559795031692,0.235718002338355,-8.470329472543E-22));
#6534=CARTESIAN_POINT('',(-0.0847001388799575,0.237583562308596,-1.01643953670516E-21));
#6535=CARTESIAN_POINT('',(-0.0716867682180378,0.230278990194996,-8.470329472543E-22));
#6536=CARTESIAN_POINT('',(-0.08512109375,0.236776953125,-8.470329472543E-22));
#6537=CARTESIAN_POINT('',(-0.0844248046875,0.236776953125,0.));
#6538=CARTESIAN_POINT('',(-0.0837275300957221,0.236776953125,-4.2351647362715E-22));
#6539=CARTESIAN_POINT('',(-0.0815902311588112,0.235619287062553,-8.470329472543E-22));
#6540=CARTESIAN_POINT('',(-0.083216796875,0.2374244140625,-1.6940658945086E-21));
#6541=CARTESIAN_POINT('',(-0.082447265625,0.23768125,-8.470329472543E-22));
#6542=CARTESIAN_POINT('',(-0.082923828125,0.23768125,-8.470329472543E-22));
#6543=CARTESIAN_POINT('',(-0.083216796875,0.2374244140625,-8.470329472543E-22));
#6544=CARTESIAN_POINT('',(-0.082447265625,0.23768125,-1.6940658945086E-21));
#6545=CARTESIAN_POINT('',(-0.08176953125,0.2374244140625,-8.470329472543E-22));
#6546=CARTESIAN_POINT('',(-0.08210546875,0.23768125,-8.470329472543E-22));
#6547=CARTESIAN_POINT('',(-0.082447265625,0.23768125,-8.470329472543E-22));
#6548=CARTESIAN_POINT('',(-0.08176953125,0.2374244140625,-1.6940658945086E-21));
#6549=CARTESIAN_POINT('',(-0.082573540209055,0.236347787333382,-8.470329472543E-22));
#6550=CARTESIAN_POINT('',(-0.0813007286709671,0.236776953125,0.));
#6551=CARTESIAN_POINT('',(-0.0806591796875,0.236776953125,0.));
#6552=CARTESIAN_POINT('',(-0.0800177039808025,0.236776953125,-4.2351647362715E-22));
#6553=CARTESIAN_POINT('',(-0.0831875586008016,0.236357861443494,-8.470329472543E-22));
#6554=CARTESIAN_POINT('',(-0.080268641069602,0.23766265743121,2.49999999997587E-10));
#6555=CARTESIAN_POINT('',(-0.0823890871466121,0.236725193791988,-8.470329472543E-22));
#6556=CARTESIAN_POINT('',(-0.0807811898779006,0.238395179732856,2.49999999992349E-10));
#6557=CARTESIAN_POINT('',(-0.0824977228085395,0.236601926293415,-8.470329472543E-22));
#6558=CARTESIAN_POINT('',(-0.0815322265625,0.2388892578125,-8.470329472543E-22));
#6559=CARTESIAN_POINT('',(-0.08249609375,0.239071875,-8.470329472543E-22));
#6560=CARTESIAN_POINT('',(-0.081958984375,0.239071875,-8.470329472543E-22));
#6561=CARTESIAN_POINT('',(-0.0815322265625,0.2388892578125,-8.470329472543E-22));
#6562=CARTESIAN_POINT('',(-0.08012890625,0.2453716796875,0.));
#6563=CARTESIAN_POINT('',(-0.08012890625,0.2446265625,-8.470329472543E-22));
#6564=CARTESIAN_POINT('',(-0.08012890625,0.246116796875,-8.470329472543E-22));
#6565=CARTESIAN_POINT('',(-0.084626953125,0.246116796875,0.));
#6566=CARTESIAN_POINT('',(-0.089125,0.246116796875,-8.470329472543E-22));
#6567=CARTESIAN_POINT('',(-0.089125,0.24330234375,0.));
#6568=CARTESIAN_POINT('',(-0.089125,0.240487890625,-8.470329472543E-22));
#6569=CARTESIAN_POINT('',(-0.0885693359375,0.240487890625,0.));
#6570=CARTESIAN_POINT('',(-0.088013671875,0.240487890625,-8.470329472543E-22));
#6571=CARTESIAN_POINT('',(-0.088013671875,0.2425572265625,0.));
#6572=CARTESIAN_POINT('',(-0.088013671875,0.2446265625,0.));
#6573=CARTESIAN_POINT('',(-0.0840712890625,0.2446265625,0.));
#6574=CARTESIAN_POINT('',(-0.0805986328125,0.26970078125,0.));
#6575=CARTESIAN_POINT('',(-0.0799947862767817,0.26970078125,-4.2351647362715E-22));
#6576=CARTESIAN_POINT('',(-0.0812028222654276,0.26970078125,0.));
#6577=CARTESIAN_POINT('',(-0.0830182957739253,0.269866148991475,-8.470329472543E-22));
#6578=CARTESIAN_POINT('',(-0.0814521484375,0.2689322265625,-1.6940658945086E-21));
#6579=CARTESIAN_POINT('',(-0.0820751953125,0.268290625,-8.470329472543E-22));
#6580=CARTESIAN_POINT('',(-0.081666015625,0.268566015625,-8.470329472543E-22));
#6581=CARTESIAN_POINT('',(-0.0814521484375,0.2689322265625,-8.470329472543E-22));
#6582=CARTESIAN_POINT('',(-0.0820751953125,0.268290625,-1.6940658945086E-21));
#6583=CARTESIAN_POINT('',(-0.0831005859375,0.26785703125,-8.470329472543E-22));
#6584=CARTESIAN_POINT('',(-0.082484375,0.268015234375,-8.470329472543E-22));
#6585=CARTESIAN_POINT('',(-0.0820751953125,0.268290625,-8.470329472543E-22));
#6586=CARTESIAN_POINT('',(-0.0831005859375,0.26785703125,-1.6940658945086E-21));
#6587=CARTESIAN_POINT('',(-0.084583984375,0.267687109375,-8.470329472543E-22));
#6588=CARTESIAN_POINT('',(-0.083716796875,0.267698828125,-8.470329472543E-22));
#6589=CARTESIAN_POINT('',(-0.0831005859375,0.26785703125,-8.470329472543E-22));
#6590=CARTESIAN_POINT('',(-0.084583984375,0.267687109375,-1.6940658945086E-21));
#6591=CARTESIAN_POINT('',(-0.0860673828125,0.26785703125,-8.470329472543E-22));
#6592=CARTESIAN_POINT('',(-0.085451171875,0.267698828125,-8.470329472543E-22));
#6593=CARTESIAN_POINT('',(-0.084583984375,0.267687109375,-8.470329472543E-22));
#6594=CARTESIAN_POINT('',(-0.0860673828125,0.26785703125,-1.6940658945086E-21));
#6595=CARTESIAN_POINT('',(-0.0870927734375,0.2682837890625,-8.470329472543E-22));
#6596=CARTESIAN_POINT('',(-0.08668359375,0.268015234375,-8.470329472543E-22));
#6597=CARTESIAN_POINT('',(-0.0860673828125,0.26785703125,-8.470329472543E-22));
#6598=CARTESIAN_POINT('',(-0.0870927734375,0.2682837890625,-1.6940658945086E-21));
#6599=CARTESIAN_POINT('',(-0.08771484375,0.2689185546875,-8.470329472543E-22));
#6600=CARTESIAN_POINT('',(-0.087501953125,0.26855234375,-8.470329472543E-22));
#6601=CARTESIAN_POINT('',(-0.0870927734375,0.2682837890625,-8.470329472543E-22));
#6602=CARTESIAN_POINT('',(-0.08771484375,0.2689185546875,-1.6940658945086E-21));
#6603=CARTESIAN_POINT('',(-0.0859850157026659,0.269932651338529,-8.470329472543E-22));
#6604=CARTESIAN_POINT('',(-0.0879765625,0.26970078125,-8.470329472543E-22));
#6605=CARTESIAN_POINT('',(-0.0885810546875,0.26970078125,0.));
#6606=CARTESIAN_POINT('',(-0.0891845577993213,0.26970078125,-4.2351647362715E-22));
#6607=CARTESIAN_POINT('',(-0.0855274293403396,0.269899795559973,-8.470329472543E-22));
#6608=CARTESIAN_POINT('',(-0.0888255499533731,0.268308031965574,-8.47032947244569E-22));
#6609=CARTESIAN_POINT('',(-0.0859015515405686,0.269758699698785,-8.470329472543E-22));
#6610=CARTESIAN_POINT('',(-0.0879345703125,0.2672037109375,-1.6940658945086E-21));
#6611=CARTESIAN_POINT('',(-0.0865126953125,0.2664654296875,-8.470329472543E-22));
#6612=CARTESIAN_POINT('',(-0.08735546875,0.266733984375,-8.470329472543E-22));
#6613=CARTESIAN_POINT('',(-0.0879345703125,0.2672037109375,-8.470329472543E-22));
#6614=CARTESIAN_POINT('',(-0.0865126953125,0.2664654296875,-1.6940658945086E-21));
#6615=CARTESIAN_POINT('',(-0.084583984375,0.266196875,-8.470329472543E-22));
#6616=CARTESIAN_POINT('',(-0.085669921875,0.266196875,-8.470329472543E-22));
#6617=CARTESIAN_POINT('',(-0.0865126953125,0.2664654296875,-8.470329472543E-22));
#6618=CARTESIAN_POINT('',(-0.084583984375,0.266196875,-1.6940658945086E-21));
#6619=CARTESIAN_POINT('',(-0.0826611328125,0.2664654296875,-8.470329472543E-22));
#6620=CARTESIAN_POINT('',(-0.083498046875,0.266196875,-8.470329472543E-22));
#6621=CARTESIAN_POINT('',(-0.084583984375,0.266196875,-8.470329472543E-22));
#6622=CARTESIAN_POINT('',(-0.0826611328125,0.2664654296875,-1.6940658945086E-21));
#6623=CARTESIAN_POINT('',(-0.0812451171875,0.2672037109375,-8.470329472543E-22));
#6624=CARTESIAN_POINT('',(-0.08182421875,0.266733984375,-8.470329472543E-22));
#6625=CARTESIAN_POINT('',(-0.0826611328125,0.2664654296875,-8.470329472543E-22));
#6626=CARTESIAN_POINT('',(-0.0812451171875,0.2672037109375,-1.6940658945086E-21));
#6627=CARTESIAN_POINT('',(-0.0833094124299097,0.269789511825364,-8.470329472543E-22));
#6628=CARTESIAN_POINT('',(-0.0803484468898513,0.268314947654609,2.49999994521157E-10));
#6629=CARTESIAN_POINT('',(-0.0834717115373644,0.269849564799656,-8.470329472543E-22));
#6630=CARTESIAN_POINT('',(-0.089125,0.2633892578125,0.));
#6631=CARTESIAN_POINT('',(-0.089125,0.264134375,-8.470329472543E-22));
#6632=CARTESIAN_POINT('',(-0.089125,0.262644140625,-8.470329472543E-22));
#6633=CARTESIAN_POINT('',(-0.084626953125,0.262644140625,0.));
#6634=CARTESIAN_POINT('',(-0.08012890625,0.262644140625,-8.470329472543E-22));
#6635=CARTESIAN_POINT('',(-0.08012890625,0.2633892578125,0.));
#6636=CARTESIAN_POINT('',(-0.08012890625,0.264134375,0.));
#6637=CARTESIAN_POINT('',(-0.084626953125,0.264134375,0.));
#6638=CARTESIAN_POINT('',(-0.088001953125,0.23900546875,0.));
#6639=CARTESIAN_POINT('',(-0.0874772350004899,0.238876727508818,-8.470329472543E-22));
#6640=CARTESIAN_POINT('',(-0.0885278373277062,0.23913449610085,-4.2351647362715E-22));
#6641=CARTESIAN_POINT('',(-0.0870003815548415,0.237835423976848,-8.470329472543E-22));
#6642=CARTESIAN_POINT('',(-0.088837718986061,0.238639183187628,3.97337002974143E-16));
#6643=CARTESIAN_POINT('',(-0.0858835188237472,0.237315142430836,-8.470329472543E-22));
#6644=CARTESIAN_POINT('',(-0.0890399878647458,0.238035730484366,-4.2351647362715E-22));
#6645=CARTESIAN_POINT('',(-0.0842613643040077,0.236925121645698,-8.470329472543E-22));
#6646=CARTESIAN_POINT('',(-0.0891435483188871,0.237406835281401,2.49999999998431E-10));
#6647=CARTESIAN_POINT('',(-0.0829195044144178,0.236790425004599,-8.470329472543E-22));
#6648=CARTESIAN_POINT('',(-0.0891738694299309,0.236802343828714,2.49999999699428E-10));
#6649=CARTESIAN_POINT('',(-0.089173828125,0.2367896484375,0.));
#6650=CARTESIAN_POINT('',(-0.089173828125,0.236776953125,-8.470329472543E-22));
#6651=CARTESIAN_POINT('',(-0.08859375,0.236776953125,0.));
#6652=CARTESIAN_POINT('',(-0.0880136718750001,0.236776953125,-8.470329472543E-22));
#6653=CARTESIAN_POINT('',(-0.088013671875,0.2367955078125,0.));
#6654=CARTESIAN_POINT('',(-0.0880138250588926,0.236814063773133,2.4999999998466E-10));
#6655=CARTESIAN_POINT('',(-0.0849244025511113,0.236788387144011,-8.470329472543E-22));
#6656=CARTESIAN_POINT('',(-0.0879647110139706,0.237339428983476,1.22965276235417E-15));
#6657=CARTESIAN_POINT('',(-0.0824667161267469,0.23638166894582,-8.470329472543E-22));
#6658=CARTESIAN_POINT('',(-0.0878368979932141,0.237900972021816,2.49999956313746E-10));
#6659=CARTESIAN_POINT('',(-0.0788644787273539,0.235376449410059,-8.470329472543E-22));
#6660=CARTESIAN_POINT('',(-0.0876657517590655,0.238443859011604,-8.470329472543E-22));
#6661=CARTESIAN_POINT('',(-0.0851611190970451,0.237612458804085,-8.470329472543E-22));
#6662=CARTESIAN_POINT('',(-0.084626953125,0.304554296875,0.));
#6663=CARTESIAN_POINT('',(-0.08012890625,0.304554296875,-8.470329472543E-22));
#6664=CARTESIAN_POINT('',(-0.089125,0.304554296875,-8.470329472543E-22));
#6665=CARTESIAN_POINT('',(-0.089125,0.303821875,0.));
#6666=CARTESIAN_POINT('',(-0.089125,0.303089453125,-8.470329472543E-22));
#6667=CARTESIAN_POINT('',(-0.084626953125,0.303089453125,0.));
#6668=CARTESIAN_POINT('',(-0.08012890625,0.303089453125,0.));
#6669=CARTESIAN_POINT('',(-0.08012890625,0.303821875,0.));
#6670=CARTESIAN_POINT('',(-0.036179883109225,0.246159167761501,0.0015));
#6671=CARTESIAN_POINT('',(-4.00612702733394E-17,0.268518335523002,0.0015));
#6672=CARTESIAN_POINT('',(-0.07235976621845,0.2238,0.0015));
#6673=CARTESIAN_POINT('',(0.0361798831092249,0.246159167761501,0.0015));
#6674=CARTESIAN_POINT('',(0.0723597662184498,0.2238,0.0015));
#6675=CARTESIAN_POINT('',(-0.0361798831092251,0.292640832238499,0.0015));
#6676=CARTESIAN_POINT('',(-0.0723597662184501,0.315,0.0015));
#6677=CARTESIAN_POINT('',(-2.25514051876985E-17,0.270281664476998,0.0015));
#6678=CARTESIAN_POINT('',(-4.16333634234433E-17,0.315,0.0015));
#6679=CARTESIAN_POINT('',(0.0723597662184501,0.315,0.0015));
#6680=CARTESIAN_POINT('',(0.0378383207742701,0.291902417761501,0.0015));
#6681=CARTESIAN_POINT('',(0.07425,0.314404835523002,0.0015));
#6682=CARTESIAN_POINT('',(0.00142664154854033,0.2694,0.0015));
#6683=CARTESIAN_POINT('',(0.07425,0.2694,0.0015));
#6684=CARTESIAN_POINT('',(0.07425,0.224395164476998,0.0015));
#6685=CARTESIAN_POINT('',(-0.0378383207742702,0.246897582238499,0.0015));
#6686=CARTESIAN_POINT('',(-0.07425,0.224395164476998,0.0015));
#6687=CARTESIAN_POINT('',(-0.00142664154854038,0.2694,0.0015));
#6688=CARTESIAN_POINT('',(-0.07425,0.2694,0.0015));
#6689=CARTESIAN_POINT('',(-0.07425,0.314404835523002,0.0015));
#6690=CARTESIAN_POINT('',(0.07625,0.2694,0.0015));
#6691=CARTESIAN_POINT('',(0.07625,0.317,0.0015));
#6692=CARTESIAN_POINT('',(0.07625,0.2218,0.0015));
#6693=CARTESIAN_POINT('',(-4.16333634234433E-17,0.317,0.0015));
#6694=CARTESIAN_POINT('',(-0.095,0.317,0.0015));
#6695=CARTESIAN_POINT('',(-0.095,0.2694,0.0015));
#6696=CARTESIAN_POINT('',(-0.095,0.2218,0.0015));
#6697=CARTESIAN_POINT('',(0.036179883109225,0.292640832238499,0.0015));
#6698=CARTESIAN_POINT('',(0.0378383207742701,0.246897582238499,0.0015));
#6699=CARTESIAN_POINT('',(-0.0378383207742702,0.291902417761501,0.0015));
#6700=CARTESIAN_POINT('',(-4.16333634234433E-17,0.2218,0.0015));
#6701=CARTESIAN_POINT('',(-9.71445146547012E-17,0.2238,0.0015));
#6702=CARTESIAN_POINT('',(-0.08048828125,0.2998482421875,-8.470329472543E-22));
#6703=CARTESIAN_POINT('',(-0.08048828125,0.2998482421875,0.0015));
#6704=CARTESIAN_POINT('',(-0.0807278645833333,0.299274674479167,-8.470329472543E-22));
#6705=CARTESIAN_POINT('',(-0.0807278645833333,0.299274674479167,0.0015));
#6706=CARTESIAN_POINT('',(-0.0810472005208333,0.298798763020833,-8.470329472543E-22));
#6707=CARTESIAN_POINT('',(-0.0810472005208333,0.298798763020833,0.0015));
#6708=CARTESIAN_POINT('',(-0.0814462890625,0.2984205078125,-8.470329472543E-22));
#6709=CARTESIAN_POINT('',(-0.0814462890625,0.2984205078125,0.0015));
#6710=CARTESIAN_POINT('',(-0.0814462890625,0.2984205078125,-2.00000000000005E-6));
#6711=CARTESIAN_POINT('',(-0.08048828125,0.2998482421875,-2.00000000000005E-6));
#6712=CARTESIAN_POINT('',(-0.0841698714369966,0.301271378172746,-2.00000000000005E-6));
#6713=CARTESIAN_POINT('',(-0.0828076171875,0.297571875,-2.00000000000005E-6));
#6714=CARTESIAN_POINT('',(-0.08012890625,0.301843359375,-8.470329472543E-22));
#6715=CARTESIAN_POINT('',(-0.08012890625,0.301843359375,0.0015));
#6716=CARTESIAN_POINT('',(-0.08012890625,0.301086848958333,-8.470329472543E-22));
#6717=CARTESIAN_POINT('',(-0.08012890625,0.301086848958333,0.0015));
#6718=CARTESIAN_POINT('',(-0.0802486979166667,0.300421809895833,-8.470329472543E-22));
#6719=CARTESIAN_POINT('',(-0.0802486979166667,0.300421809895833,0.0015));
#6720=CARTESIAN_POINT('',(-0.08048828125,0.2998482421875,-8.470329472543E-22));
#6721=CARTESIAN_POINT('',(-0.08048828125,0.2998482421875,0.0015));
#6722=CARTESIAN_POINT('',(-0.08012890625,0.301843359375,-2.00000000000005E-6));
#6723=CARTESIAN_POINT('',(-0.0843739757650478,0.301789919922017,-2.00000000000005E-6));
#6724=CARTESIAN_POINT('',(-0.084376953125,0.297290625,-2.00000000000005E-6));
#6725=CARTESIAN_POINT('',(-0.084376953125,0.297290625,-1.6940658945086E-21));
#6726=CARTESIAN_POINT('',(-0.084376953125,0.297290625,0.0015));
#6727=CARTESIAN_POINT('',(-0.0851165364583333,0.297290625,-1.6940658945086E-21));
#6728=CARTESIAN_POINT('',(-0.0851165364583333,0.297290625,0.0015));
#6729=CARTESIAN_POINT('',(-0.0857490234375,0.297370052083333,-1.6940658945086E-21));
#6730=CARTESIAN_POINT('',(-0.0857490234375,0.297370052083333,0.0015));
#6731=CARTESIAN_POINT('',(-0.0862744140625,0.29752890625,-1.6940658945086E-21));
#6732=CARTESIAN_POINT('',(-0.0862744140625,0.29752890625,0.0015));
#6733=CARTESIAN_POINT('',(-0.0862744140625,0.29752890625,-2.00000000000005E-6));
#6734=CARTESIAN_POINT('',(-0.0862744140625,0.29752890625,-1.6940658945086E-21));
#6735=CARTESIAN_POINT('',(-0.0862744140625,0.29752890625,0.0015));
#6736=CARTESIAN_POINT('',(-0.0867998046875,0.297687760416667,-1.6940658945086E-21));
#6737=CARTESIAN_POINT('',(-0.0867998046875,0.297687760416667,0.0015));
#6738=CARTESIAN_POINT('',(-0.0872392578125,0.2978892578125,-1.6940658945086E-21));
#6739=CARTESIAN_POINT('',(-0.0872392578125,0.2978892578125,0.0015));
#6740=CARTESIAN_POINT('',(-0.0875927734375,0.2981333984375,-1.6940658945086E-21));
#6741=CARTESIAN_POINT('',(-0.0875927734375,0.2981333984375,0.0015));
#6742=CARTESIAN_POINT('',(-0.0875927734375,0.2981333984375,-2.00000000000005E-6));
#6743=CARTESIAN_POINT('',(-0.0875927734375,0.2981333984375,-1.6940658945086E-21));
#6744=CARTESIAN_POINT('',(-0.0875927734375,0.2981333984375,0.0015));
#6745=CARTESIAN_POINT('',(-0.0879462890625,0.2983775390625,-1.6940658945086E-21));
#6746=CARTESIAN_POINT('',(-0.0879462890625,0.2983775390625,0.0015));
#6747=CARTESIAN_POINT('',(-0.0882249348958333,0.298652278645833,-1.6940658945086E-21));
#6748=CARTESIAN_POINT('',(-0.0882249348958333,0.298652278645833,0.0015));
#6749=CARTESIAN_POINT('',(-0.0884287109375,0.2989576171875,-1.6940658945086E-21));
#6750=CARTESIAN_POINT('',(-0.0884287109375,0.2989576171875,0.0015));
#6751=CARTESIAN_POINT('',(-0.0884287109375,0.2989576171875,-2.00000000000005E-6));
#6752=CARTESIAN_POINT('',(-0.0884287109375,0.2989576171875,-1.6940658945086E-21));
#6753=CARTESIAN_POINT('',(-0.0884287109375,0.2989576171875,0.0015));
#6754=CARTESIAN_POINT('',(-0.0886324869791667,0.299262955729167,-1.6940658945086E-21));
#6755=CARTESIAN_POINT('',(-0.0886324869791667,0.299262955729167,0.0015));
#6756=CARTESIAN_POINT('',(-0.08878515625,0.299557877604167,-1.6940658945086E-21));
#6757=CARTESIAN_POINT('',(-0.08878515625,0.299557877604167,0.0015));
#6758=CARTESIAN_POINT('',(-0.08888671875,0.2998423828125,-1.6940658945086E-21));
#6759=CARTESIAN_POINT('',(-0.08888671875,0.2998423828125,0.0015));
#6760=CARTESIAN_POINT('',(-0.08888671875,0.2998423828125,-2.00000000000005E-6));
#6761=CARTESIAN_POINT('',(-0.08888671875,0.2998423828125,-8.470329472543E-22));
#6762=CARTESIAN_POINT('',(-0.08888671875,0.2998423828125,0.0015));
#6763=CARTESIAN_POINT('',(-0.08898828125,0.300126888020833,-8.470329472543E-22));
#6764=CARTESIAN_POINT('',(-0.08898828125,0.300126888020833,0.0015));
#6765=CARTESIAN_POINT('',(-0.0890533854166667,0.3003873046875,-8.470329472543E-22));
#6766=CARTESIAN_POINT('',(-0.0890533854166667,0.3003873046875,0.0015));
#6767=CARTESIAN_POINT('',(-0.08908203125,0.3006236328125,-8.470329472543E-22));
#6768=CARTESIAN_POINT('',(-0.08908203125,0.3006236328125,0.0015));
#6769=CARTESIAN_POINT('',(-0.08908203125,0.3006236328125,-2.00000000000005E-6));
#6770=CARTESIAN_POINT('',(-0.0840178829809571,0.301318729051712,-2.00000000000005E-6));
#6771=CARTESIAN_POINT('',(-0.089125,0.301148046875,-2.00000000000005E-6));
#6772=CARTESIAN_POINT('',(-0.089125,0.30186875,-2.00000000000005E-6));
#6773=CARTESIAN_POINT('',(-0.089125,0.302589453125,-2.00000000000005E-6));
#6774=CARTESIAN_POINT('',(-0.088587890625,0.302589453125,-2.00000000000005E-6));
#6775=CARTESIAN_POINT('',(-0.08805078125,0.302589453125,-2.00000000000005E-6));
#6776=CARTESIAN_POINT('',(-0.08805078125,0.302112890625,-2.00000000000005E-6));
#6777=CARTESIAN_POINT('',(-0.08805078125,0.301636328125,-2.00000000000005E-6));
#6778=CARTESIAN_POINT('',(-0.08805078125,0.301636328125,-1.6940658945086E-21));
#6779=CARTESIAN_POINT('',(-0.08805078125,0.301636328125,0.0015));
#6780=CARTESIAN_POINT('',(-0.08805078125,0.300644140625,-1.6940658945086E-21));
#6781=CARTESIAN_POINT('',(-0.08805078125,0.300644140625,0.0015));
#6782=CARTESIAN_POINT('',(-0.0877333984375,0.2999283203125,-1.6940658945086E-21));
#6783=CARTESIAN_POINT('',(-0.0877333984375,0.2999283203125,0.0015));
#6784=CARTESIAN_POINT('',(-0.0870986328125,0.2994888671875,-1.6940658945086E-21));
#6785=CARTESIAN_POINT('',(-0.0870986328125,0.2994888671875,0.0015));
#6786=CARTESIAN_POINT('',(-0.0870986328125,0.2994888671875,-2.00000000000005E-6));
#6787=CARTESIAN_POINT('',(-0.0870986328125,0.2994888671875,-8.470329472543E-22));
#6788=CARTESIAN_POINT('',(-0.0870986328125,0.2994888671875,0.0015));
#6789=CARTESIAN_POINT('',(-0.0864638671875,0.2990494140625,-8.470329472543E-22));
#6790=CARTESIAN_POINT('',(-0.0864638671875,0.2990494140625,0.0015));
#6791=CARTESIAN_POINT('',(-0.0855442708333333,0.2988296875,-8.470329472543E-22));
#6792=CARTESIAN_POINT('',(-0.0855442708333333,0.2988296875,0.0015));
#6793=CARTESIAN_POINT('',(-0.08433984375,0.2988296875,-8.470329472543E-22));
#6794=CARTESIAN_POINT('',(-0.08433984375,0.2988296875,0.0015));
#6795=CARTESIAN_POINT('',(-0.08433984375,0.2988296875,-2.00000000000005E-6));
#6796=CARTESIAN_POINT('',(-0.0843391200649185,0.303504518580628,-2.00000000000005E-6));
#6797=CARTESIAN_POINT('',(-0.083228515625,0.2989634765625,-2.00000000000005E-6));
#6798=CARTESIAN_POINT('',(-0.0837919426676749,0.301251420432228,-2.00000000000005E-6));
#6799=CARTESIAN_POINT('',(-0.082234375,0.29948203125,-2.00000000000005E-6));
#6800=CARTESIAN_POINT('',(-0.082234375,0.29948203125,-1.6940658945086E-21));
#6801=CARTESIAN_POINT('',(-0.082234375,0.29948203125,0.0015));
#6802=CARTESIAN_POINT('',(-0.0819375,0.299738541666667,-1.6940658945086E-21));
#6803=CARTESIAN_POINT('',(-0.0819375,0.299738541666667,0.0015));
#6804=CARTESIAN_POINT('',(-0.081697265625,0.3000865234375,-1.6940658945086E-21));
#6805=CARTESIAN_POINT('',(-0.081697265625,0.3000865234375,0.0015));
#6806=CARTESIAN_POINT('',(-0.081513671875,0.3005259765625,-1.6940658945086E-21));
#6807=CARTESIAN_POINT('',(-0.081513671875,0.3005259765625,0.0015));
#6808=CARTESIAN_POINT('',(-0.081513671875,0.3005259765625,-2.00000000000005E-6));
#6809=CARTESIAN_POINT('',(-0.081513671875,0.3005259765625,-1.6940658945086E-21));
#6810=CARTESIAN_POINT('',(-0.081513671875,0.3005259765625,0.0015));
#6811=CARTESIAN_POINT('',(-0.081330078125,0.3009654296875,-1.6940658945086E-21));
#6812=CARTESIAN_POINT('',(-0.081330078125,0.3009654296875,0.0015));
#6813=CARTESIAN_POINT('',(-0.08123828125,0.301534765625,-1.6940658945086E-21));
#6814=CARTESIAN_POINT('',(-0.08123828125,0.301534765625,0.0015));
#6815=CARTESIAN_POINT('',(-0.08123828125,0.302233984375,-1.6940658945086E-21));
#6816=CARTESIAN_POINT('',(-0.08123828125,0.302233984375,0.0015));
#6817=CARTESIAN_POINT('',(-0.08123828125,0.302233984375,-2.00000000000005E-6));
#6818=CARTESIAN_POINT('',(-0.08123828125,0.30241171875,-2.00000000000005E-6));
#6819=CARTESIAN_POINT('',(-0.08123828125,0.302589453125,-2.00000000000005E-6));
#6820=CARTESIAN_POINT('',(-0.08068359375,0.302589453125,-2.00000000000005E-6));
#6821=CARTESIAN_POINT('',(-0.08012890625,0.302589453125,-2.00000000000005E-6));
#6822=CARTESIAN_POINT('',(-0.08012890625,0.30221640625,-2.00000000000005E-6));
#6823=CARTESIAN_POINT('',(-0.084626953125,0.29517734375,-2.00000000000005E-6));
#6824=CARTESIAN_POINT('',(-0.08012890625,0.29517734375,-2.00000000000005E-6));
#6825=CARTESIAN_POINT('',(-0.089125,0.29517734375,-2.00000000000005E-6));
#6826=CARTESIAN_POINT('',(-0.08012890625,0.294433203125,-2.00000000000005E-6));
#6827=CARTESIAN_POINT('',(-0.08012890625,0.2936890625,-2.00000000000005E-6));
#6828=CARTESIAN_POINT('',(-0.089125,0.294433203125,-2.00000000000005E-6));
#6829=CARTESIAN_POINT('',(-0.089125,0.2936890625,-2.00000000000005E-6));
#6830=CARTESIAN_POINT('',(-0.084626953125,0.2936890625,-2.00000000000005E-6));
#6831=CARTESIAN_POINT('',(-0.0872578125,0.287921484375,-2.00000000000005E-6));
#6832=CARTESIAN_POINT('',(-0.0872578125000001,0.2890875,-2.00000000000005E-6));
#6833=CARTESIAN_POINT('',(-0.0872578125,0.28675546875,-2.00000000000005E-6));
#6834=CARTESIAN_POINT('',(-0.0867626953125,0.2889166015625,-2.00000000000005E-6));
#6835=CARTESIAN_POINT('',(-0.086267578125,0.288745703125,-2.00000000000005E-6));
#6836=CARTESIAN_POINT('',(-0.0867626953125,0.2869322265625,-2.00000000000005E-6));
#6837=CARTESIAN_POINT('',(-0.086267578125,0.287108984375,-2.00000000000005E-6));
#6838=CARTESIAN_POINT('',(-0.086267578125,0.28792734375,-2.00000000000005E-6));
#6839=CARTESIAN_POINT('',(-0.085755859375,0.286749609375,-2.00000000000005E-6));
#6840=CARTESIAN_POINT('',(-0.08238671875,0.287915625,-2.00000000000005E-6));
#6841=CARTESIAN_POINT('',(-0.089125,0.28558359375,-2.00000000000005E-6));
#6842=CARTESIAN_POINT('',(-0.085755859375,0.289093359375,-2.00000000000005E-6));
#6843=CARTESIAN_POINT('',(-0.089125,0.29027109375,-2.00000000000005E-6));
#6844=CARTESIAN_POINT('',(-0.089125,0.2848267578125,-2.00000000000005E-6));
#6845=CARTESIAN_POINT('',(-0.089125,0.284069921875,-2.00000000000005E-6));
#6846=CARTESIAN_POINT('',(-0.089125,0.2910337890625,-2.00000000000005E-6));
#6847=CARTESIAN_POINT('',(-0.089125,0.291796484375,-2.00000000000005E-6));
#6848=CARTESIAN_POINT('',(-0.0846328125,0.290222265625,-2.00000000000005E-6));
#6849=CARTESIAN_POINT('',(-0.080140625,0.288648046875,-2.00000000000005E-6));
#6850=CARTESIAN_POINT('',(-0.080140625,0.287921484375,-2.00000000000005E-6));
#6851=CARTESIAN_POINT('',(-0.080140625,0.287194921875,-2.00000000000005E-6));
#6852=CARTESIAN_POINT('',(-0.0846328125,0.285632421875,-2.00000000000005E-6));
#6853=CARTESIAN_POINT('',(-0.0826611328125,0.2734302734375,-8.470329472543E-22));
#6854=CARTESIAN_POINT('',(-0.0826611328125,0.2734302734375,0.0015));
#6855=CARTESIAN_POINT('',(-0.0821031901041667,0.273255143229167,-8.470329472543E-22));
#6856=CARTESIAN_POINT('',(-0.0821031901041667,0.273255143229167,0.0015));
#6857=CARTESIAN_POINT('',(-0.0816311848958333,0.273011002604167,-8.470329472543E-22));
#6858=CARTESIAN_POINT('',(-0.0816311848958333,0.273011002604167,0.0015));
#6859=CARTESIAN_POINT('',(-0.0812451171875,0.2726978515625,-8.470329472543E-22));
#6860=CARTESIAN_POINT('',(-0.0812451171875,0.2726978515625,0.0015));
#6861=CARTESIAN_POINT('',(-0.0812451171875,0.2726978515625,-2.00000000000005E-6));
#6862=CARTESIAN_POINT('',(-0.0826611328125,0.2734302734375,-2.00000000000005E-6));
#6863=CARTESIAN_POINT('',(-0.0832676452699505,0.270160836969593,-2.00000000000005E-6));
#6864=CARTESIAN_POINT('',(-0.0803544921875,0.2715865234375,-2.00000000000005E-6));
#6865=CARTESIAN_POINT('',(-0.084583984375,0.27369296875,-8.470329472543E-22));
#6866=CARTESIAN_POINT('',(-0.084583984375,0.27369296875,0.0015));
#6867=CARTESIAN_POINT('',(-0.0838600260416667,0.27369296875,-8.470329472543E-22));
#6868=CARTESIAN_POINT('',(-0.0838600260416667,0.27369296875,0.0015));
#6869=CARTESIAN_POINT('',(-0.0832190755208333,0.273605403645833,-8.470329472543E-22));
#6870=CARTESIAN_POINT('',(-0.0832190755208333,0.273605403645833,0.0015));
#6871=CARTESIAN_POINT('',(-0.0826611328125,0.2734302734375,-8.470329472543E-22));
#6872=CARTESIAN_POINT('',(-0.0826611328125,0.2734302734375,0.0015));
#6873=CARTESIAN_POINT('',(-0.084583984375,0.27369296875,-2.00000000000005E-6));
#6874=CARTESIAN_POINT('',(-0.0837040187190223,0.269981561892613,-2.00000000000005E-6));
#6875=CARTESIAN_POINT('',(-0.0799949842075752,0.2701890625,-1.6940658945086E-21));
#6876=CARTESIAN_POINT('',(-0.0806044921875,0.2701890625,-2.00000000000005E-6));
#6877=CARTESIAN_POINT('',(-0.08121484375,0.2701890625,-2.00000000000005E-6));
#6878=CARTESIAN_POINT('',(-0.0832606762989035,0.269949958731345,-2.00000000000005E-6));
#6879=CARTESIAN_POINT('',(-0.081470703125,0.2709693359375,-2.00000000000005E-6));
#6880=CARTESIAN_POINT('',(-0.081470703125,0.2709693359375,-1.6940658945086E-21));
#6881=CARTESIAN_POINT('',(-0.081470703125,0.2709693359375,0.0015));
#6882=CARTESIAN_POINT('',(-0.0816087239583333,0.2712134765625,-1.6940658945086E-21));
#6883=CARTESIAN_POINT('',(-0.0816087239583333,0.2712134765625,0.0015));
#6884=CARTESIAN_POINT('',(-0.0818121744791667,0.271425065104167,-1.6940658945086E-21));
#6885=CARTESIAN_POINT('',(-0.0818121744791667,0.271425065104167,0.0015));
#6886=CARTESIAN_POINT('',(-0.0820810546875,0.2716041015625,-1.6940658945086E-21));
#6887=CARTESIAN_POINT('',(-0.0820810546875,0.2716041015625,0.0015));
#6888=CARTESIAN_POINT('',(-0.0820810546875,0.2716041015625,-2.00000000000005E-6));
#6889=CARTESIAN_POINT('',(-0.0820810546875,0.2716041015625,-1.6940658945086E-21));
#6890=CARTESIAN_POINT('',(-0.0820810546875,0.2716041015625,0.0015));
#6891=CARTESIAN_POINT('',(-0.0823499348958333,0.271783138020833,-1.6940658945086E-21));
#6892=CARTESIAN_POINT('',(-0.0823499348958333,0.271783138020833,0.0015));
#6893=CARTESIAN_POINT('',(-0.0826917317708333,0.271925716145833,-1.6940658945086E-21));
#6894=CARTESIAN_POINT('',(-0.0826917317708333,0.271925716145833,0.0015));
#6895=CARTESIAN_POINT('',(-0.0831064453125,0.2720318359375,-1.6940658945086E-21));
#6896=CARTESIAN_POINT('',(-0.0831064453125,0.2720318359375,0.0015));
#6897=CARTESIAN_POINT('',(-0.0831064453125,0.2720318359375,-2.00000000000005E-6));
#6898=CARTESIAN_POINT('',(-0.0831064453125,0.2720318359375,-1.6940658945086E-21));
#6899=CARTESIAN_POINT('',(-0.0831064453125,0.2720318359375,0.0015));
#6900=CARTESIAN_POINT('',(-0.0835211588541667,0.272137955729167,-1.6940658945086E-21));
#6901=CARTESIAN_POINT('',(-0.0835211588541667,0.272137955729167,0.0015));
#6902=CARTESIAN_POINT('',(-0.084013671875,0.272194921875,-1.6940658945086E-21));
#6903=CARTESIAN_POINT('',(-0.084013671875,0.272194921875,0.0015));
#6904=CARTESIAN_POINT('',(-0.084583984375,0.272202734375,-1.6940658945086E-21));
#6905=CARTESIAN_POINT('',(-0.084583984375,0.272202734375,0.0015));
#6906=CARTESIAN_POINT('',(-0.084583984375,0.272202734375,-2.00000000000005E-6));
#6907=CARTESIAN_POINT('',(-0.084583984375,0.272202734375,-1.6940658945086E-21));
#6908=CARTESIAN_POINT('',(-0.084583984375,0.272202734375,0.0015));
#6909=CARTESIAN_POINT('',(-0.085162109375,0.272194921875,-1.6940658945086E-21));
#6910=CARTESIAN_POINT('',(-0.085162109375,0.272194921875,0.0015));
#6911=CARTESIAN_POINT('',(-0.0856565755208333,0.272137955729167,-1.6940658945086E-21));
#6912=CARTESIAN_POINT('',(-0.0856565755208333,0.272137955729167,0.0015));
#6913=CARTESIAN_POINT('',(-0.0860673828125,0.2720318359375,-1.6940658945086E-21));
#6914=CARTESIAN_POINT('',(-0.0860673828125,0.2720318359375,0.0015));
#6915=CARTESIAN_POINT('',(-0.0860673828125,0.2720318359375,-2.00000000000005E-6));
#6916=CARTESIAN_POINT('',(-0.0860673828125,0.2720318359375,-1.6940658945086E-21));
#6917=CARTESIAN_POINT('',(-0.0860673828125,0.2720318359375,0.0015));
#6918=CARTESIAN_POINT('',(-0.0864781901041667,0.271925716145833,-1.6940658945086E-21));
#6919=CARTESIAN_POINT('',(-0.0864781901041667,0.271925716145833,0.0015));
#6920=CARTESIAN_POINT('',(-0.0868219401041667,0.271781184895833,-1.6940658945086E-21));
#6921=CARTESIAN_POINT('',(-0.0868219401041667,0.271781184895833,0.0015));
#6922=CARTESIAN_POINT('',(-0.0870986328125,0.2715982421875,-1.6940658945086E-21));
#6923=CARTESIAN_POINT('',(-0.0870986328125,0.2715982421875,0.0015));
#6924=CARTESIAN_POINT('',(-0.0870986328125,0.2715982421875,-2.00000000000005E-6));
#6925=CARTESIAN_POINT('',(-0.0870986328125,0.2715982421875,-8.470329472543E-22));
#6926=CARTESIAN_POINT('',(-0.0870986328125,0.2715982421875,0.0015));
#6927=CARTESIAN_POINT('',(-0.0873753255208333,0.271415299479167,-8.470329472543E-22));
#6928=CARTESIAN_POINT('',(-0.0873753255208333,0.271415299479167,0.0015));
#6929=CARTESIAN_POINT('',(-0.0875849609375,0.2712017578125,-8.470329472543E-22));
#6930=CARTESIAN_POINT('',(-0.0875849609375,0.2712017578125,0.0015));
#6931=CARTESIAN_POINT('',(-0.0877275390625,0.2709576171875,-8.470329472543E-22));
#6932=CARTESIAN_POINT('',(-0.0877275390625,0.2709576171875,0.0015));
#6933=CARTESIAN_POINT('',(-0.0877275390625,0.2709576171875,-2.00000000000005E-6));
#6934=CARTESIAN_POINT('',(-0.086161391726075,0.270023694758525,-2.00000000000005E-6));
#6935=CARTESIAN_POINT('',(-0.0879768652345724,0.2701890625,-1.6940658945086E-21));
#6936=CARTESIAN_POINT('',(-0.0885810546875,0.2701890625,-2.00000000000005E-6));
#6937=CARTESIAN_POINT('',(-0.0891849922294732,0.2701890625,-8.470329472543E-22));
#6938=CARTESIAN_POINT('',(-0.085449390422651,0.269966480601069,-2.00000000000005E-6));
#6939=CARTESIAN_POINT('',(-0.0888251953125,0.2715806640625,-2.00000000000005E-6));
#6940=CARTESIAN_POINT('',(-0.0859204660868846,0.270175587701706,-2.00000000000005E-6));
#6941=CARTESIAN_POINT('',(-0.0879345703125,0.2726978515625,-2.00000000000005E-6));
#6942=CARTESIAN_POINT('',(-0.0879345703125,0.2726978515625,-1.6940658945086E-21));
#6943=CARTESIAN_POINT('',(-0.0879345703125,0.2726978515625,0.0015));
#6944=CARTESIAN_POINT('',(-0.0875485026041666,0.273011002604167,-1.6940658945086E-21));
#6945=CARTESIAN_POINT('',(-0.0875485026041666,0.273011002604167,0.0015));
#6946=CARTESIAN_POINT('',(-0.0870745442708333,0.273255143229167,-1.6940658945086E-21));
#6947=CARTESIAN_POINT('',(-0.0870745442708333,0.273255143229167,0.0015));
#6948=CARTESIAN_POINT('',(-0.0865126953125,0.2734302734375,-1.6940658945086E-21));
#6949=CARTESIAN_POINT('',(-0.0865126953125,0.2734302734375,0.0015));
#6950=CARTESIAN_POINT('',(-0.0865126953125,0.2734302734375,-2.00000000000005E-6));
#6951=CARTESIAN_POINT('',(-0.0865126953125,0.2734302734375,-1.6940658945086E-21));
#6952=CARTESIAN_POINT('',(-0.0865126953125,0.2734302734375,0.0015));
#6953=CARTESIAN_POINT('',(-0.0859508463541667,0.273605403645833,-1.6940658945086E-21));
#6954=CARTESIAN_POINT('',(-0.0859508463541667,0.273605403645833,0.0015));
#6955=CARTESIAN_POINT('',(-0.0853079427083333,0.27369296875,-1.6940658945086E-21));
#6956=CARTESIAN_POINT('',(-0.0853079427083333,0.27369296875,0.0015));
#6957=CARTESIAN_POINT('',(-0.084583984375,0.27369296875,-1.6940658945086E-21));
#6958=CARTESIAN_POINT('',(-0.084583984375,0.27369296875,0.0015));
#6959=CARTESIAN_POINT('',(-0.0863569827661561,0.277693955840844,-2.00000000000005E-6));
#6960=CARTESIAN_POINT('',(-0.088544921875,0.2762505859375,-2.00000000000005E-6));
#6961=CARTESIAN_POINT('',(-0.0879640002920813,0.27562265625,-8.470329472543E-22));
#6962=CARTESIAN_POINT('',(-0.0852944090488069,0.278367871257761,-2.00000000000005E-6));
#6963=CARTESIAN_POINT('',(-0.08891796875,0.2769830078125,-2.00000000000005E-6));
#6964=CARTESIAN_POINT('',(-0.0862255859375,0.27562265625,-2.00000000000005E-6));
#6965=CARTESIAN_POINT('',(-0.084486328125,0.27562265625,-2.00000000000005E-6));
#6966=CARTESIAN_POINT('',(-0.0854049103698765,0.278323470494858,-2.00000000000005E-6));
#6967=CARTESIAN_POINT('',(-0.089125,0.2777759765625,-2.00000000000005E-6));
#6968=CARTESIAN_POINT('',(-0.0836478170349585,0.278593605950438,-2.00000000000005E-6));
#6969=CARTESIAN_POINT('',(-0.089185546875,0.2785875,-2.00000000000005E-6));
#6970=CARTESIAN_POINT('',(-0.089185546875,0.2785943359375,-2.00000000000005E-6));
#6971=CARTESIAN_POINT('',(-0.089185546875,0.278601171875,-2.00000000000005E-6));
#6972=CARTESIAN_POINT('',(-0.0886484375,0.278601171875,-2.00000000000005E-6));
#6973=CARTESIAN_POINT('',(-0.0881115869173591,0.278601171875,-8.470329472543E-22));
#6974=CARTESIAN_POINT('',(-0.0837604281155426,0.278650366084586,-2.00000000000005E-6));
#6975=CARTESIAN_POINT('',(-0.0880927734375,0.2782408203125,-2.00000000000005E-6));
#6976=CARTESIAN_POINT('',(-0.0835559156873707,0.278643268144654,-2.00000000000005E-6));
#6977=CARTESIAN_POINT('',(-0.0880322265625,0.2778013671875,-2.00000000000005E-6));
#6978=CARTESIAN_POINT('',(-0.0853664196413504,0.278288889782906,-2.00000000000005E-6));
#6979=CARTESIAN_POINT('',(-0.0879169921875,0.2773736328125,-2.00000000000005E-6));
#6980=CARTESIAN_POINT('',(-0.0879169921875,0.2773736328125,-1.6940658945086E-21));
#6981=CARTESIAN_POINT('',(-0.0879169921875,0.2773736328125,0.0015));
#6982=CARTESIAN_POINT('',(-0.0878681640625,0.2772388671875,-1.6940658945086E-21));
#6983=CARTESIAN_POINT('',(-0.0878681640625,0.2772388671875,0.0015));
#6984=CARTESIAN_POINT('',(-0.087798828125,0.277138932291667,-1.6940658945086E-21));
#6985=CARTESIAN_POINT('',(-0.087798828125,0.277138932291667,0.0015));
#6986=CARTESIAN_POINT('',(-0.087708984375,0.277073828125,-1.6940658945086E-21));
#6987=CARTESIAN_POINT('',(-0.087708984375,0.277073828125,0.0015));
#6988=CARTESIAN_POINT('',(-0.087708984375,0.277073828125,-2.00000000000005E-6));
#6989=CARTESIAN_POINT('',(-0.08659765625,0.277073828125,-2.00000000000005E-6));
#6990=CARTESIAN_POINT('',(-0.085486328125,0.277073828125,-2.00000000000005E-6));
#6991=CARTESIAN_POINT('',(-0.085486328125,0.2778375,-2.00000000000005E-6));
#6992=CARTESIAN_POINT('',(-0.085486328125,0.278601171875,-2.00000000000005E-6));
#6993=CARTESIAN_POINT('',(-0.084986328125,0.278601171875,-2.00000000000005E-6));
#6994=CARTESIAN_POINT('',(-0.084486328125,0.278601171875,-2.00000000000005E-6));
#6995=CARTESIAN_POINT('',(-0.084486328125,0.2771119140625,-2.00000000000005E-6));
#6996=CARTESIAN_POINT('',(-0.0827216796875,0.28209140625,-8.470329472543E-22));
#6997=CARTESIAN_POINT('',(-0.0827216796875,0.28209140625,0.0015));
#6998=CARTESIAN_POINT('',(-0.0821806640625,0.281928645833333,-8.470329472543E-22));
#6999=CARTESIAN_POINT('',(-0.0821806640625,0.281928645833333,0.0015));
#7000=CARTESIAN_POINT('',(-0.0817210286458333,0.281705013020833,-8.470329472543E-22));
#7001=CARTESIAN_POINT('',(-0.0817210286458333,0.281705013020833,0.0015));
#7002=CARTESIAN_POINT('',(-0.0813427734375,0.2814205078125,-8.470329472543E-22));
#7003=CARTESIAN_POINT('',(-0.0813427734375,0.2814205078125,0.0015));
#7004=CARTESIAN_POINT('',(-0.0813427734375,0.2814205078125,-2.00000000000005E-6));
#7005=CARTESIAN_POINT('',(-0.0827216796875,0.28209140625,-2.00000000000005E-6));
#7006=CARTESIAN_POINT('',(-0.0832581121158821,0.27883565229416,-2.00000000000005E-6));
#7007=CARTESIAN_POINT('',(-0.0804453125,0.2803951171875,-2.00000000000005E-6));
#7008=CARTESIAN_POINT('',(-0.084583984375,0.282335546875,-8.470329472543E-22));
#7009=CARTESIAN_POINT('',(-0.084583984375,0.282335546875,0.0015));
#7010=CARTESIAN_POINT('',(-0.0838834635416666,0.282335546875,-8.470329472543E-22));
#7011=CARTESIAN_POINT('',(-0.0838834635416666,0.282335546875,0.0015));
#7012=CARTESIAN_POINT('',(-0.0832626953125,0.282254166666667,-8.470329472543E-22));
#7013=CARTESIAN_POINT('',(-0.0832626953125,0.282254166666667,0.0015));
#7014=CARTESIAN_POINT('',(-0.0827216796875,0.28209140625,-8.470329472543E-22));
#7015=CARTESIAN_POINT('',(-0.0827216796875,0.28209140625,0.0015));
#7016=CARTESIAN_POINT('',(-0.084583984375,0.282335546875,-2.00000000000005E-6));
#7017=CARTESIAN_POINT('',(-0.0835368123785699,0.278694134455356,-2.00000000000005E-6));
#7018=CARTESIAN_POINT('',(-0.0800316301400599,0.279101171875,-1.6940658945086E-21));
#7019=CARTESIAN_POINT('',(-0.0806416015625,0.279101171875,-2.00000000000005E-6));
#7020=CARTESIAN_POINT('',(-0.0812518373209661,0.279101171875,-8.470329472543E-22));
#7021=CARTESIAN_POINT('',(-0.0831697809794438,0.278585984974938,-2.00000000000005E-6));
#7022=CARTESIAN_POINT('',(-0.0815810546875,0.2797779296875,-2.00000000000005E-6));
#7023=CARTESIAN_POINT('',(-0.0815810546875,0.2797779296875,-1.6940658945086E-21));
#7024=CARTESIAN_POINT('',(-0.0815810546875,0.2797779296875,0.0015));
#7025=CARTESIAN_POINT('',(-0.0817353515625,0.279985611979167,-1.6940658945086E-21));
#7026=CARTESIAN_POINT('',(-0.0817353515625,0.279985611979167,0.0015));
#7027=CARTESIAN_POINT('',(-0.0819488932291667,0.280168880208333,-1.6940658945086E-21));
#7028=CARTESIAN_POINT('',(-0.0819488932291667,0.280168880208333,0.0015));
#7029=CARTESIAN_POINT('',(-0.0822216796875,0.280327734375,-1.6940658945086E-21));
#7030=CARTESIAN_POINT('',(-0.0822216796875,0.280327734375,0.0015));
#7031=CARTESIAN_POINT('',(-0.0822216796875,0.280327734375,-2.00000000000005E-6));
#7032=CARTESIAN_POINT('',(-0.0822216796875,0.280327734375,-1.6940658945086E-21));
#7033=CARTESIAN_POINT('',(-0.0822216796875,0.280327734375,0.0015));
#7034=CARTESIAN_POINT('',(-0.0824944661458333,0.280486588541667,-1.6940658945086E-21));
#7035=CARTESIAN_POINT('',(-0.0824944661458333,0.280486588541667,0.0015));
#7036=CARTESIAN_POINT('',(-0.08282421875,0.280610611979167,-1.6940658945086E-21));
#7037=CARTESIAN_POINT('',(-0.08282421875,0.280610611979167,0.0015));
#7038=CARTESIAN_POINT('',(-0.0832109375,0.2806998046875,-1.6940658945086E-21));
#7039=CARTESIAN_POINT('',(-0.0832109375,0.2806998046875,0.0015));
#7040=CARTESIAN_POINT('',(-0.0832109375,0.2806998046875,-2.00000000000005E-6));
#7041=CARTESIAN_POINT('',(-0.0832109375,0.2806998046875,-1.6940658945086E-21));
#7042=CARTESIAN_POINT('',(-0.0832109375,0.2806998046875,0.0015));
#7043=CARTESIAN_POINT('',(-0.08359765625,0.280788997395833,-1.6940658945086E-21));
#7044=CARTESIAN_POINT('',(-0.08359765625,0.280788997395833,0.0015));
#7045=CARTESIAN_POINT('',(-0.0840553385416666,0.280838151041667,-1.6940658945086E-21));
#7046=CARTESIAN_POINT('',(-0.0840553385416666,0.280838151041667,0.0015));
#7047=CARTESIAN_POINT('',(-0.084583984375,0.280847265625,-1.6940658945086E-21));
#7048=CARTESIAN_POINT('',(-0.084583984375,0.280847265625,0.0015));
#7049=CARTESIAN_POINT('',(-0.084583984375,0.280847265625,-2.00000000000005E-6));
#7050=CARTESIAN_POINT('',(-0.084583984375,0.280847265625,-1.6940658945086E-21));
#7051=CARTESIAN_POINT('',(-0.084583984375,0.280847265625,0.0015));
#7052=CARTESIAN_POINT('',(-0.0851126302083333,0.280838151041667,-1.6940658945086E-21));
#7053=CARTESIAN_POINT('',(-0.0851126302083333,0.280838151041667,0.0015));
#7054=CARTESIAN_POINT('',(-0.0855764973958333,0.280788997395833,-1.6940658945086E-21));
#7055=CARTESIAN_POINT('',(-0.0855764973958333,0.280788997395833,0.0015));
#7056=CARTESIAN_POINT('',(-0.0859755859375,0.2806998046875,-1.6940658945086E-21));
#7057=CARTESIAN_POINT('',(-0.0859755859375,0.2806998046875,0.0015));
#7058=CARTESIAN_POINT('',(-0.0859755859375,0.2806998046875,-2.00000000000005E-6));
#7059=CARTESIAN_POINT('',(-0.0859755859375,0.2806998046875,-1.6940658945086E-21));
#7060=CARTESIAN_POINT('',(-0.0859755859375,0.2806998046875,0.0015));
#7061=CARTESIAN_POINT('',(-0.0863746744791667,0.280610611979167,-1.6940658945086E-21));
#7062=CARTESIAN_POINT('',(-0.0863746744791667,0.280610611979167,0.0015));
#7063=CARTESIAN_POINT('',(-0.0867184244791667,0.280486588541667,-1.6940658945086E-21));
#7064=CARTESIAN_POINT('',(-0.0867184244791667,0.280486588541667,0.0015));
#7065=CARTESIAN_POINT('',(-0.0870068359375,0.280327734375,-1.6940658945086E-21));
#7066=CARTESIAN_POINT('',(-0.0870068359375,0.280327734375,0.0015));
#7067=CARTESIAN_POINT('',(-0.0870068359375,0.280327734375,-2.00000000000005E-6));
#7068=CARTESIAN_POINT('',(-0.0870068359375,0.280327734375,-8.470329472543E-22));
#7069=CARTESIAN_POINT('',(-0.0870068359375,0.280327734375,0.0015));
#7070=CARTESIAN_POINT('',(-0.0872952473958333,0.280168880208333,-8.470329472543E-22));
#7071=CARTESIAN_POINT('',(-0.0872952473958333,0.280168880208333,0.0015));
#7072=CARTESIAN_POINT('',(-0.0875250651041667,0.279985611979167,-8.470329472543E-22));
#7073=CARTESIAN_POINT('',(-0.0875250651041667,0.279985611979167,0.0015));
#7074=CARTESIAN_POINT('',(-0.0876962890625,0.2797779296875,-8.470329472543E-22));
#7075=CARTESIAN_POINT('',(-0.0876962890625,0.2797779296875,0.0015));
#7076=CARTESIAN_POINT('',(-0.0876962890625,0.2797779296875,-2.00000000000005E-6));
#7077=CARTESIAN_POINT('',(-0.0863357258003461,0.278631516241759,-2.00000000000005E-6));
#7078=CARTESIAN_POINT('',(-0.0880512024714046,0.279101171875,-1.6940658945086E-21));
#7079=CARTESIAN_POINT('',(-0.0886064453125,0.279101171875,-2.00000000000005E-6));
#7080=CARTESIAN_POINT('',(-0.0891617653497533,0.279101171875,-8.470329472543E-22));
#7081=CARTESIAN_POINT('',(-0.0856946821941664,0.27868769197477,-2.00000000000005E-6));
#7082=CARTESIAN_POINT('',(-0.088740234375,0.2803951171875,-2.00000000000005E-6));
#7083=CARTESIAN_POINT('',(-0.0859063926634755,0.278794942425202,-2.00000000000005E-6));
#7084=CARTESIAN_POINT('',(-0.0878310546875,0.2814205078125,-2.00000000000005E-6));
#7085=CARTESIAN_POINT('',(-0.0878310546875,0.2814205078125,-1.6940658945086E-21));
#7086=CARTESIAN_POINT('',(-0.0878310546875,0.2814205078125,0.0015));
#7087=CARTESIAN_POINT('',(-0.0874488932291667,0.281705013020833,-1.6940658945086E-21));
#7088=CARTESIAN_POINT('',(-0.0874488932291667,0.281705013020833,0.0015));
#7089=CARTESIAN_POINT('',(-0.0869869791666667,0.281928645833333,-1.6940658945086E-21));
#7090=CARTESIAN_POINT('',(-0.0869869791666667,0.281928645833333,0.0015));
#7091=CARTESIAN_POINT('',(-0.0864453125,0.28209140625,-1.6940658945086E-21));
#7092=CARTESIAN_POINT('',(-0.0864453125,0.28209140625,0.0015));
#7093=CARTESIAN_POINT('',(-0.0864453125,0.28209140625,-2.00000000000005E-6));
#7094=CARTESIAN_POINT('',(-0.0864453125,0.28209140625,-1.6940658945086E-21));
#7095=CARTESIAN_POINT('',(-0.0864453125,0.28209140625,0.0015));
#7096=CARTESIAN_POINT('',(-0.0859036458333333,0.282254166666667,-1.6940658945086E-21));
#7097=CARTESIAN_POINT('',(-0.0859036458333333,0.282254166666667,0.0015));
#7098=CARTESIAN_POINT('',(-0.085283203125,0.282335546875,-1.6940658945086E-21));
#7099=CARTESIAN_POINT('',(-0.085283203125,0.282335546875,0.0015));
#7100=CARTESIAN_POINT('',(-0.084583984375,0.282335546875,-1.6940658945086E-21));
#7101=CARTESIAN_POINT('',(-0.084583984375,0.282335546875,0.0015));
#7102=CARTESIAN_POINT('',(-0.083184325974807,0.278551492938629,-2.00000000000005E-6));
#7103=CARTESIAN_POINT('',(-0.081189453125,0.27855234375,-2.00000000000005E-6));
#7104=CARTESIAN_POINT('',(-0.0813486328125,0.2777701171875,-2.00000000000005E-6));
#7105=CARTESIAN_POINT('',(-0.081189453125,0.2785767578125,-2.00000000000005E-6));
#7106=CARTESIAN_POINT('',(-0.081189453125,0.278601171875,-2.00000000000005E-6));
#7107=CARTESIAN_POINT('',(-0.081861328125,0.27709921875,-8.470329472543E-22));
#7108=CARTESIAN_POINT('',(-0.081861328125,0.27709921875,0.0015));
#7109=CARTESIAN_POINT('',(-0.0816256510416667,0.27729453125,-8.470329472543E-22));
#7110=CARTESIAN_POINT('',(-0.0816256510416667,0.27729453125,0.0015));
#7111=CARTESIAN_POINT('',(-0.0814547526041667,0.2775181640625,-8.470329472543E-22));
#7112=CARTESIAN_POINT('',(-0.0814547526041667,0.2775181640625,0.0015));
#7113=CARTESIAN_POINT('',(-0.0813486328125,0.2777701171875,-8.470329472543E-22));
#7114=CARTESIAN_POINT('',(-0.0813486328125,0.2777701171875,0.0015));
#7115=CARTESIAN_POINT('',(-0.081861328125,0.27709921875,-2.00000000000005E-6));
#7116=CARTESIAN_POINT('',(-0.0805859375,0.278601171875,-2.00000000000005E-6));
#7117=CARTESIAN_POINT('',(-0.079982421875,0.278601171875,-2.00000000000005E-6));
#7118=CARTESIAN_POINT('',(-0.079982421875,0.2785943359375,-2.00000000000005E-6));
#7119=CARTESIAN_POINT('',(-0.079982421875,0.2785875,-2.00000000000005E-6));
#7120=CARTESIAN_POINT('',(-0.0837595128954885,0.278552005255656,-2.00000000000005E-6));
#7121=CARTESIAN_POINT('',(-0.0802265625,0.2772203125,-2.00000000000005E-6));
#7122=CARTESIAN_POINT('',(-0.0833154879616977,0.278412209353403,-2.00000000000005E-6));
#7123=CARTESIAN_POINT('',(-0.0809592831003397,0.276085882456063,-1.6940658945086E-21));
#7124=CARTESIAN_POINT('',(-0.08141015625,0.2765923828125,-2.00000000000005E-6));
#7125=CARTESIAN_POINT('',(-0.0824977228085395,0.236601926293415,-2.00000000000005E-6));
#7126=CARTESIAN_POINT('',(-0.08078125,0.2383951171875,-2.00000000000005E-6));
#7127=CARTESIAN_POINT('',(-0.0815322265625,0.2388892578125,-2.00000000000005E-6));
#7128=CARTESIAN_POINT('',(-0.0823890871466121,0.236725193791988,-2.00000000000005E-6));
#7129=CARTESIAN_POINT('',(-0.0802685546875,0.2376626953125,-2.00000000000005E-6));
#7130=CARTESIAN_POINT('',(-0.08249609375,0.239071875,-1.6940658945086E-21));
#7131=CARTESIAN_POINT('',(-0.08249609375,0.239071875,0.0015));
#7132=CARTESIAN_POINT('',(-0.0821380208333333,0.239071875,-1.6940658945086E-21));
#7133=CARTESIAN_POINT('',(-0.0821380208333333,0.239071875,0.0015));
#7134=CARTESIAN_POINT('',(-0.0818167317708333,0.239011002604167,-1.6940658945086E-21));
#7135=CARTESIAN_POINT('',(-0.0818167317708333,0.239011002604167,0.0015));
#7136=CARTESIAN_POINT('',(-0.0815322265625,0.2388892578125,-1.6940658945086E-21));
#7137=CARTESIAN_POINT('',(-0.0815322265625,0.2388892578125,0.0015));
#7138=CARTESIAN_POINT('',(-0.08249609375,0.239071875,-2.00000000000005E-6));
#7139=CARTESIAN_POINT('',(-0.0831875586008016,0.236357861443494,-2.00000000000005E-6));
#7140=CARTESIAN_POINT('',(-0.0800177039808025,0.236776953125,-1.6940658945086E-21));
#7141=CARTESIAN_POINT('',(-0.0806591796875,0.236776953125,-2.00000000000005E-6));
#7142=CARTESIAN_POINT('',(-0.0813007286709671,0.236776953125,-8.470329472543E-22));
#7143=CARTESIAN_POINT('',(-0.082573540209055,0.236347787333382,-2.00000000000005E-6));
#7144=CARTESIAN_POINT('',(-0.08176953125,0.2374244140625,-2.00000000000005E-6));
#7145=CARTESIAN_POINT('',(-0.08176953125,0.2374244140625,-1.6940658945086E-21));
#7146=CARTESIAN_POINT('',(-0.08176953125,0.2374244140625,0.0015));
#7147=CARTESIAN_POINT('',(-0.0819934895833333,0.237595638020833,-1.6940658945086E-21));
#7148=CARTESIAN_POINT('',(-0.0819934895833333,0.237595638020833,0.0015));
#7149=CARTESIAN_POINT('',(-0.0822194010416667,0.23768125,-1.6940658945086E-21));
#7150=CARTESIAN_POINT('',(-0.0822194010416667,0.23768125,0.0015));
#7151=CARTESIAN_POINT('',(-0.082447265625,0.23768125,-1.6940658945086E-21));
#7152=CARTESIAN_POINT('',(-0.082447265625,0.23768125,0.0015));
#7153=CARTESIAN_POINT('',(-0.082447265625,0.23768125,-2.00000000000005E-6));
#7154=CARTESIAN_POINT('',(-0.082447265625,0.23768125,-8.470329472543E-22));
#7155=CARTESIAN_POINT('',(-0.082447265625,0.23768125,0.0015));
#7156=CARTESIAN_POINT('',(-0.0827649739583333,0.23768125,-8.470329472543E-22));
#7157=CARTESIAN_POINT('',(-0.0827649739583333,0.23768125,0.0015));
#7158=CARTESIAN_POINT('',(-0.083021484375,0.237595638020833,-8.470329472543E-22));
#7159=CARTESIAN_POINT('',(-0.083021484375,0.237595638020833,0.0015));
#7160=CARTESIAN_POINT('',(-0.083216796875,0.2374244140625,-8.470329472543E-22));
#7161=CARTESIAN_POINT('',(-0.083216796875,0.2374244140625,0.0015));
#7162=CARTESIAN_POINT('',(-0.083216796875,0.2374244140625,-2.00000000000005E-6));
#7163=CARTESIAN_POINT('',(-0.0815902311588112,0.235619287062553,-2.00000000000005E-6));
#7164=CARTESIAN_POINT('',(-0.0837275300957221,0.236776953125,-1.6940658945086E-21));
#7165=CARTESIAN_POINT('',(-0.0844248046875,0.236776953125,-2.00000000000005E-6));
#7166=CARTESIAN_POINT('',(-0.0851211288758979,0.236776953125,-8.470329472543E-22));
#7167=CARTESIAN_POINT('',(-0.0716867682180378,0.230278990194996,-2.00000000000005E-6));
#7168=CARTESIAN_POINT('',(-0.0847001953125,0.23758359375,-2.00000000000005E-6));
#7169=CARTESIAN_POINT('',(-0.0813559795031692,0.235718002338355,-2.00000000000005E-6));
#7170=CARTESIAN_POINT('',(-0.0841689453125,0.238316015625,-2.00000000000005E-6));
#7171=CARTESIAN_POINT('',(-0.0822320831688346,0.236522768569839,-2.00000000000005E-6));
#7172=CARTESIAN_POINT('',(-0.0834609375,0.238858984375,-2.00000000000005E-6));
#7173=CARTESIAN_POINT('',(-0.0834609375,0.238858984375,-1.6940658945086E-21));
#7174=CARTESIAN_POINT('',(-0.0834609375,0.238858984375,0.0015));
#7175=CARTESIAN_POINT('',(-0.0831927083333333,0.239000911458333,-1.6940658945086E-21));
#7176=CARTESIAN_POINT('',(-0.0831927083333333,0.239000911458333,0.0015));
#7177=CARTESIAN_POINT('',(-0.08287109375,0.239071875,-1.6940658945086E-21));
#7178=CARTESIAN_POINT('',(-0.08287109375,0.239071875,0.0015));
#7179=CARTESIAN_POINT('',(-0.08249609375,0.239071875,-1.6940658945086E-21));
#7180=CARTESIAN_POINT('',(-0.08249609375,0.239071875,0.0015));
#7181=CARTESIAN_POINT('',(-0.0822694192530692,0.23554865194677,-2.00000000000005E-6));
#7182=CARTESIAN_POINT('',(-0.081318359375,0.2352515625,-2.00000000000005E-6));
#7183=CARTESIAN_POINT('',(-0.0814345703125,0.235007421875,-2.00000000000005E-6));
#7184=CARTESIAN_POINT('',(-0.0835750340454643,0.235971103104698,-2.00000000000005E-6));
#7185=CARTESIAN_POINT('',(-0.0812265625,0.23565390625,-2.00000000000005E-6));
#7186=CARTESIAN_POINT('',(-0.0808606850541256,0.234572634716231,-2.00000000000005E-6));
#7187=CARTESIAN_POINT('',(-0.0815201799618513,0.234860575117276,-1.6940658945086E-21));
#7188=CARTESIAN_POINT('',(-0.0812265625,0.23565390625,-1.6940658945086E-21));
#7189=CARTESIAN_POINT('',(-0.0812265625,0.23565390625,0.0015));
#7190=CARTESIAN_POINT('',(-0.0812018229166667,0.235816666666667,-1.6940658945086E-21));
#7191=CARTESIAN_POINT('',(-0.0812018229166667,0.235816666666667,0.0015));
#7192=CARTESIAN_POINT('',(-0.0811979166666667,0.236024348958333,-1.6940658945086E-21));
#7193=CARTESIAN_POINT('',(-0.0811979166666667,0.236024348958333,0.0015));
#7194=CARTESIAN_POINT('',(-0.08121484375,0.236276953125,-1.6940658945086E-21));
#7195=CARTESIAN_POINT('',(-0.08121484375,0.236276953125,0.0015));
#7196=CARTESIAN_POINT('',(-0.08121484375,0.236276953125,-2.00000000000005E-6));
#7197=CARTESIAN_POINT('',(-0.0805986328125,0.236276953125,-2.00000000000005E-6));
#7198=CARTESIAN_POINT('',(-0.0799822326526899,0.236276953125,-8.470329472543E-22));
#7199=CARTESIAN_POINT('',(-0.0867486971897745,0.236440396596738,-2.00000000000005E-6));
#7200=CARTESIAN_POINT('',(-0.08009765625,0.2351841796875,-2.00000000000005E-6));
#7201=CARTESIAN_POINT('',(-0.08009765625,0.2351841796875,-1.6940658945086E-21));
#7202=CARTESIAN_POINT('',(-0.08009765625,0.2351841796875,0.0015));
#7203=CARTESIAN_POINT('',(-0.0801666666666667,0.234813736979167,-1.6940658945086E-21));
#7204=CARTESIAN_POINT('',(-0.0801666666666667,0.234813736979167,0.0015));
#7205=CARTESIAN_POINT('',(-0.0802747395833333,0.234514583333333,-1.6940658945086E-21));
#7206=CARTESIAN_POINT('',(-0.0802747395833333,0.234514583333333,0.0015));
#7207=CARTESIAN_POINT('',(-0.080421875,0.23428671875,-1.6940658945086E-21));
#7208=CARTESIAN_POINT('',(-0.080421875,0.23428671875,0.0015));
#7209=CARTESIAN_POINT('',(-0.080421875,0.23428671875,-2.00000000000005E-6));
#7210=CARTESIAN_POINT('',(-0.0759305170305814,0.24380170208316,-2.00000000000005E-6));
#7211=CARTESIAN_POINT('',(-0.08076953125,0.23445859375,-2.00000000000005E-6));
#7212=CARTESIAN_POINT('',(-0.0809502981085526,0.234551906866776,-2.00000541553891E-6));
#7213=CARTESIAN_POINT('',(-0.081123046875,0.2346412109375,-2.00000000000005E-6));
#7214=CARTESIAN_POINT('',(-0.0762983703924716,0.244020275183041,-2.00000000000005E-6));
#7215=CARTESIAN_POINT('',(-0.0813974609375,0.2347876953125,-2.00000000000005E-6));
#7216=CARTESIAN_POINT('',(-0.0807354640873594,0.236048921743516,-2.00000000000005E-6));
#7217=CARTESIAN_POINT('',(-0.088013671875,0.2425572265625,-2.00000000000005E-6));
#7218=CARTESIAN_POINT('',(-0.088013671875,0.240487890625,-2.00000000000005E-6));
#7219=CARTESIAN_POINT('',(-0.088013671875,0.2446265625,-2.00000000000005E-6));
#7220=CARTESIAN_POINT('',(-0.0885693359375,0.240487890625,-2.00000000000005E-6));
#7221=CARTESIAN_POINT('',(-0.089125,0.240487890625,-2.00000000000005E-6));
#7222=CARTESIAN_POINT('',(-0.0840712890625,0.2446265625,-2.00000000000005E-6));
#7223=CARTESIAN_POINT('',(-0.08012890625,0.2446265625,-2.00000000000005E-6));
#7224=CARTESIAN_POINT('',(-0.089125,0.24330234375,-2.00000000000005E-6));
#7225=CARTESIAN_POINT('',(-0.089125,0.246116796875,-2.00000000000005E-6));
#7226=CARTESIAN_POINT('',(-0.084626953125,0.246116796875,-2.00000000000005E-6));
#7227=CARTESIAN_POINT('',(-0.08012890625,0.246116796875,-2.00000000000005E-6));
#7228=CARTESIAN_POINT('',(-0.08012890625,0.2453716796875,-2.00000000000005E-6));
#7229=CARTESIAN_POINT('',(-0.0872578125,0.25187265625,-2.00000000000005E-6));
#7230=CARTESIAN_POINT('',(-0.0872578125000001,0.253038671875,-2.00000000000005E-6));
#7231=CARTESIAN_POINT('',(-0.0872578125,0.250706640625,-2.00000000000005E-6));
#7232=CARTESIAN_POINT('',(-0.0867626953125,0.2528677734375,-2.00000000000005E-6));
#7233=CARTESIAN_POINT('',(-0.086267578125,0.252696875,-2.00000000000005E-6));
#7234=CARTESIAN_POINT('',(-0.0867626953125,0.2508833984375,-2.00000000000005E-6));
#7235=CARTESIAN_POINT('',(-0.086267578125,0.25106015625,-2.00000000000005E-6));
#7236=CARTESIAN_POINT('',(-0.086267578125,0.251878515625,-2.00000000000005E-6));
#7237=CARTESIAN_POINT('',(-0.0833094124299097,0.269789511825364,-2.00000000000005E-6));
#7238=CARTESIAN_POINT('',(-0.0812451171875,0.2672037109375,-2.00000000000005E-6));
#7239=CARTESIAN_POINT('',(-0.0803486328125,0.2683150390625,-2.00000000000005E-6));
#7240=CARTESIAN_POINT('',(-0.0812451171875,0.2672037109375,-1.6940658945086E-21));
#7241=CARTESIAN_POINT('',(-0.0812451171875,0.2672037109375,0.0015));
#7242=CARTESIAN_POINT('',(-0.0816311848958333,0.266890559895833,-1.6940658945086E-21));
#7243=CARTESIAN_POINT('',(-0.0816311848958333,0.266890559895833,0.0015));
#7244=CARTESIAN_POINT('',(-0.0821031901041667,0.266644466145833,-1.6940658945086E-21));
#7245=CARTESIAN_POINT('',(-0.0821031901041667,0.266644466145833,0.0015));
#7246=CARTESIAN_POINT('',(-0.0826611328125,0.2664654296875,-1.6940658945086E-21));
#7247=CARTESIAN_POINT('',(-0.0826611328125,0.2664654296875,0.0015));
#7248=CARTESIAN_POINT('',(-0.0826611328125,0.2664654296875,-2.00000000000005E-6));
#7249=CARTESIAN_POINT('',(-0.0834717115373644,0.269849564799656,-2.00000000000005E-6));
#7250=CARTESIAN_POINT('',(-0.0799947862767817,0.26970078125,-8.470329472543E-22));
#7251=CARTESIAN_POINT('',(-0.0826611328125,0.2664654296875,-1.6940658945086E-21));
#7252=CARTESIAN_POINT('',(-0.0826611328125,0.2664654296875,0.0015));
#7253=CARTESIAN_POINT('',(-0.0832190755208333,0.266286393229167,-1.6940658945086E-21));
#7254=CARTESIAN_POINT('',(-0.0832190755208333,0.266286393229167,0.0015));
#7255=CARTESIAN_POINT('',(-0.0838600260416667,0.266196875,-1.6940658945086E-21));
#7256=CARTESIAN_POINT('',(-0.0838600260416667,0.266196875,0.0015));
#7257=CARTESIAN_POINT('',(-0.084583984375,0.266196875,-1.6940658945086E-21));
#7258=CARTESIAN_POINT('',(-0.084583984375,0.266196875,0.0015));
#7259=CARTESIAN_POINT('',(-0.084583984375,0.266196875,-2.00000000000005E-6));
#7260=CARTESIAN_POINT('',(-0.084583984375,0.266196875,-1.6940658945086E-21));
#7261=CARTESIAN_POINT('',(-0.084583984375,0.266196875,0.0015));
#7262=CARTESIAN_POINT('',(-0.0853079427083333,0.266196875,-1.6940658945086E-21));
#7263=CARTESIAN_POINT('',(-0.0853079427083333,0.266196875,0.0015));
#7264=CARTESIAN_POINT('',(-0.0859508463541667,0.266286393229167,-1.6940658945086E-21));
#7265=CARTESIAN_POINT('',(-0.0859508463541667,0.266286393229167,0.0015));
#7266=CARTESIAN_POINT('',(-0.0865126953125,0.2664654296875,-1.6940658945086E-21));
#7267=CARTESIAN_POINT('',(-0.0865126953125,0.2664654296875,0.0015));
#7268=CARTESIAN_POINT('',(-0.0865126953125,0.2664654296875,-2.00000000000005E-6));
#7269=CARTESIAN_POINT('',(-0.0865126953125,0.2664654296875,-8.470329472543E-22));
#7270=CARTESIAN_POINT('',(-0.0865126953125,0.2664654296875,0.0015));
#7271=CARTESIAN_POINT('',(-0.0870745442708333,0.266644466145833,-8.470329472543E-22));
#7272=CARTESIAN_POINT('',(-0.0870745442708333,0.266644466145833,0.0015));
#7273=CARTESIAN_POINT('',(-0.0875485026041666,0.266890559895833,-8.470329472543E-22));
#7274=CARTESIAN_POINT('',(-0.0875485026041666,0.266890559895833,0.0015));
#7275=CARTESIAN_POINT('',(-0.0879345703125,0.2672037109375,-8.470329472543E-22));
#7276=CARTESIAN_POINT('',(-0.0879345703125,0.2672037109375,0.0015));
#7277=CARTESIAN_POINT('',(-0.0879345703125,0.2672037109375,-2.00000000000005E-6));
#7278=CARTESIAN_POINT('',(-0.0859015515405686,0.269758699698785,-2.00000000000005E-6));
#7279=CARTESIAN_POINT('',(-0.0888251953125,0.268308203125,-2.00000000000005E-6));
#7280=CARTESIAN_POINT('',(-0.0855274293403396,0.269899795559973,-2.00000000000005E-6));
#7281=CARTESIAN_POINT('',(-0.0891845577993213,0.26970078125,-1.6940658945086E-21));
#7282=CARTESIAN_POINT('',(-0.0885810546875,0.26970078125,-2.00000000000005E-6));
#7283=CARTESIAN_POINT('',(-0.0879765625,0.26970078125,-2.00000000000005E-6));
#7284=CARTESIAN_POINT('',(-0.0859850157026659,0.269932651338529,-2.00000000000005E-6));
#7285=CARTESIAN_POINT('',(-0.08771484375,0.2689185546875,-2.00000000000005E-6));
#7286=CARTESIAN_POINT('',(-0.08771484375,0.2689185546875,-1.6940658945086E-21));
#7287=CARTESIAN_POINT('',(-0.08771484375,0.2689185546875,0.0015));
#7288=CARTESIAN_POINT('',(-0.0875729166666667,0.2686744140625,-1.6940658945086E-21));
#7289=CARTESIAN_POINT('',(-0.0875729166666667,0.2686744140625,0.0015));
#7290=CARTESIAN_POINT('',(-0.0873655598958333,0.268462825520833,-1.6940658945086E-21));
#7291=CARTESIAN_POINT('',(-0.0873655598958333,0.268462825520833,0.0015));
#7292=CARTESIAN_POINT('',(-0.0870927734375,0.2682837890625,-1.6940658945086E-21));
#7293=CARTESIAN_POINT('',(-0.0870927734375,0.2682837890625,0.0015));
#7294=CARTESIAN_POINT('',(-0.0870927734375,0.2682837890625,-2.00000000000005E-6));
#7295=CARTESIAN_POINT('',(-0.0870927734375,0.2682837890625,-1.6940658945086E-21));
#7296=CARTESIAN_POINT('',(-0.0870927734375,0.2682837890625,0.0015));
#7297=CARTESIAN_POINT('',(-0.0868199869791667,0.268104752604167,-1.6940658945086E-21));
#7298=CARTESIAN_POINT('',(-0.0868199869791667,0.268104752604167,0.0015));
#7299=CARTESIAN_POINT('',(-0.0864781901041667,0.2679625,-1.6940658945086E-21));
#7300=CARTESIAN_POINT('',(-0.0864781901041667,0.2679625,0.0015));
#7301=CARTESIAN_POINT('',(-0.0860673828125,0.26785703125,-1.6940658945086E-21));
#7302=CARTESIAN_POINT('',(-0.0860673828125,0.26785703125,0.0015));
#7303=CARTESIAN_POINT('',(-0.0860673828125,0.26785703125,-2.00000000000005E-6));
#7304=CARTESIAN_POINT('',(-0.0860673828125,0.26785703125,-1.6940658945086E-21));
#7305=CARTESIAN_POINT('',(-0.0860673828125,0.26785703125,0.0015));
#7306=CARTESIAN_POINT('',(-0.0856565755208333,0.2677515625,-1.6940658945086E-21));
#7307=CARTESIAN_POINT('',(-0.0856565755208333,0.2677515625,0.0015));
#7308=CARTESIAN_POINT('',(-0.085162109375,0.267694921875,-1.6940658945086E-21));
#7309=CARTESIAN_POINT('',(-0.085162109375,0.267694921875,0.0015));
#7310=CARTESIAN_POINT('',(-0.084583984375,0.267687109375,-1.6940658945086E-21));
#7311=CARTESIAN_POINT('',(-0.084583984375,0.267687109375,0.0015));
#7312=CARTESIAN_POINT('',(-0.084583984375,0.267687109375,-2.00000000000005E-6));
#7313=CARTESIAN_POINT('',(-0.084583984375,0.267687109375,-1.6940658945086E-21));
#7314=CARTESIAN_POINT('',(-0.084583984375,0.267687109375,0.0015));
#7315=CARTESIAN_POINT('',(-0.084005859375,0.267694921875,-1.6940658945086E-21));
#7316=CARTESIAN_POINT('',(-0.084005859375,0.267694921875,0.0015));
#7317=CARTESIAN_POINT('',(-0.0835113932291667,0.2677515625,-1.6940658945086E-21));
#7318=CARTESIAN_POINT('',(-0.0835113932291667,0.2677515625,0.0015));
#7319=CARTESIAN_POINT('',(-0.0831005859375,0.26785703125,-1.6940658945086E-21));
#7320=CARTESIAN_POINT('',(-0.0831005859375,0.26785703125,0.0015));
#7321=CARTESIAN_POINT('',(-0.0831005859375,0.26785703125,-2.00000000000005E-6));
#7322=CARTESIAN_POINT('',(-0.0831005859375,0.26785703125,-1.6940658945086E-21));
#7323=CARTESIAN_POINT('',(-0.0831005859375,0.26785703125,0.0015));
#7324=CARTESIAN_POINT('',(-0.0826897786458333,0.2679625,-1.6940658945086E-21));
#7325=CARTESIAN_POINT('',(-0.0826897786458333,0.2679625,0.0015));
#7326=CARTESIAN_POINT('',(-0.0823479817708333,0.26810703125,-1.6940658945086E-21));
#7327=CARTESIAN_POINT('',(-0.0823479817708333,0.26810703125,0.0015));
#7328=CARTESIAN_POINT('',(-0.0820751953125,0.268290625,-1.6940658945086E-21));
#7329=CARTESIAN_POINT('',(-0.0820751953125,0.268290625,0.0015));
#7330=CARTESIAN_POINT('',(-0.0820751953125,0.268290625,-2.00000000000005E-6));
#7331=CARTESIAN_POINT('',(-0.0820751953125,0.268290625,-8.470329472543E-22));
#7332=CARTESIAN_POINT('',(-0.0820751953125,0.268290625,0.0015));
#7333=CARTESIAN_POINT('',(-0.0818024088541667,0.26847421875,-8.470329472543E-22));
#7334=CARTESIAN_POINT('',(-0.0818024088541667,0.26847421875,0.0015));
#7335=CARTESIAN_POINT('',(-0.0815947265625,0.2686880859375,-8.470329472543E-22));
#7336=CARTESIAN_POINT('',(-0.0815947265625,0.2686880859375,0.0015));
#7337=CARTESIAN_POINT('',(-0.0814521484375,0.2689322265625,-8.470329472543E-22));
#7338=CARTESIAN_POINT('',(-0.0814521484375,0.2689322265625,0.0015));
#7339=CARTESIAN_POINT('',(-0.0814521484375,0.2689322265625,-2.00000000000005E-6));
#7340=CARTESIAN_POINT('',(-0.0830182957739253,0.269866148991475,-2.00000000000005E-6));
#7341=CARTESIAN_POINT('',(-0.0812028222654276,0.26970078125,-1.6940658945086E-21));
#7342=CARTESIAN_POINT('',(-0.0805986328125,0.26970078125,-2.00000000000005E-6));
#7343=CARTESIAN_POINT('',(-0.084626953125,0.257628515625,-2.00000000000005E-6));
#7344=CARTESIAN_POINT('',(-0.089125,0.257628515625,-2.00000000000005E-6));
#7345=CARTESIAN_POINT('',(-0.08012890625,0.257628515625,-2.00000000000005E-6));
#7346=CARTESIAN_POINT('',(-0.089125,0.25837265625,-2.00000000000005E-6));
#7347=CARTESIAN_POINT('',(-0.089125,0.259116796875,-2.00000000000005E-6));
#7348=CARTESIAN_POINT('',(-0.08012890625,0.25837265625,-2.00000000000005E-6));
#7349=CARTESIAN_POINT('',(-0.08012890625,0.259116796875,-2.00000000000005E-6));
#7350=CARTESIAN_POINT('',(-0.0864638671875,0.26063046875,-2.00000000000005E-6));
#7351=CARTESIAN_POINT('',(-0.083802734375,0.262144140625,-2.00000000000005E-6));
#7352=CARTESIAN_POINT('',(-0.0823984375,0.262144140625,-2.00000000000005E-6));
#7353=CARTESIAN_POINT('',(-0.080994140625,0.262144140625,-2.00000000000005E-6));
#7354=CARTESIAN_POINT('',(-0.083662109375,0.26063046875,-2.00000000000005E-6));
#7355=CARTESIAN_POINT('',(-0.086330078125,0.259116796875,-2.00000000000005E-6));
#7356=CARTESIAN_POINT('',(-0.0832294921875,0.259116796875,-2.00000000000005E-6));
#7357=CARTESIAN_POINT('',(-0.08012890625,0.2633892578125,-2.00000000000005E-6));
#7358=CARTESIAN_POINT('',(-0.08012890625,0.262644140625,-2.00000000000005E-6));
#7359=CARTESIAN_POINT('',(-0.08012890625,0.264134375,-2.00000000000005E-6));
#7360=CARTESIAN_POINT('',(-0.084626953125,0.262644140625,-2.00000000000005E-6));
#7361=CARTESIAN_POINT('',(-0.089125,0.262644140625,-2.00000000000005E-6));
#7362=CARTESIAN_POINT('',(-0.084626953125,0.264134375,-2.00000000000005E-6));
#7363=CARTESIAN_POINT('',(-0.089125,0.264134375,-2.00000000000005E-6));
#7364=CARTESIAN_POINT('',(-0.089125,0.2633892578125,-2.00000000000005E-6));
#7365=CARTESIAN_POINT('',(-0.085755859375,0.25070078125,-2.00000000000005E-6));
#7366=CARTESIAN_POINT('',(-0.08238671875,0.251866796875,-2.00000000000005E-6));
#7367=CARTESIAN_POINT('',(-0.089125,0.249534765625,-2.00000000000005E-6));
#7368=CARTESIAN_POINT('',(-0.085755859375,0.25304453125,-2.00000000000005E-6));
#7369=CARTESIAN_POINT('',(-0.089125,0.254222265625,-2.00000000000005E-6));
#7370=CARTESIAN_POINT('',(-0.089125,0.2487779296875,-2.00000000000005E-6));
#7371=CARTESIAN_POINT('',(-0.089125,0.24802109375,-2.00000000000005E-6));
#7372=CARTESIAN_POINT('',(-0.089125,0.2549849609375,-2.00000000000005E-6));
#7373=CARTESIAN_POINT('',(-0.089125,0.25574765625,-2.00000000000005E-6));
#7374=CARTESIAN_POINT('',(-0.0846328125,0.2541734375,-2.00000000000005E-6));
#7375=CARTESIAN_POINT('',(-0.080140625,0.25259921875,-2.00000000000005E-6));
#7376=CARTESIAN_POINT('',(-0.080140625,0.25187265625,-2.00000000000005E-6));
#7377=CARTESIAN_POINT('',(-0.080140625,0.25114609375,-2.00000000000005E-6));
#7378=CARTESIAN_POINT('',(-0.0846328125,0.24958359375,-2.00000000000005E-6));
#7379=CARTESIAN_POINT('',(-0.0788644787273539,0.235376449410059,-2.00000000000005E-6));
#7380=CARTESIAN_POINT('',(-0.0878369140625,0.2379009765625,-2.00000000000005E-6));
#7381=CARTESIAN_POINT('',(-0.087666015625,0.2384439453125,-2.00000000000005E-6));
#7382=CARTESIAN_POINT('',(-0.0824667161267469,0.23638166894582,-2.00000000000005E-6));
#7383=CARTESIAN_POINT('',(-0.08796484375,0.237339453125,-2.00000000000005E-6));
#7384=CARTESIAN_POINT('',(-0.0851611190970451,0.237612458804085,-2.00000000000005E-6));
#7385=CARTESIAN_POINT('',(-0.0874772350047902,0.238876727518572,-8.470329472543E-22));
#7386=CARTESIAN_POINT('',(-0.0849244025511113,0.236788387144011,-2.00000000000005E-6));
#7387=CARTESIAN_POINT('',(-0.088013671875,0.2368140625,-2.00000000000005E-6));
#7388=CARTESIAN_POINT('',(-0.088013671875,0.2367955078125,-2.00000000000005E-6));
#7389=CARTESIAN_POINT('',(-0.0880136718750001,0.236776953125,-2.00000000000005E-6));
#7390=CARTESIAN_POINT('',(-0.08859375,0.236776953125,-2.00000000000005E-6));
#7391=CARTESIAN_POINT('',(-0.089173828125,0.236776953125,-2.00000000000005E-6));
#7392=CARTESIAN_POINT('',(-0.089173828125,0.2367896484375,-2.00000000000005E-6));
#7393=CARTESIAN_POINT('',(-0.089173828125,0.23680234375,-2.00000000000005E-6));
#7394=CARTESIAN_POINT('',(-0.0829195044144178,0.236790425004599,-2.00000000000005E-6));
#7395=CARTESIAN_POINT('',(-0.0891435546875,0.2374068359375,-2.00000000000005E-6));
#7396=CARTESIAN_POINT('',(-0.0842613643040077,0.236925121645698,-2.00000000000005E-6));
#7397=CARTESIAN_POINT('',(-0.0890400390625,0.2380357421875,-2.00000000000005E-6));
#7398=CARTESIAN_POINT('',(-0.0858835188237472,0.237315142430836,-2.00000000000005E-6));
#7399=CARTESIAN_POINT('',(-0.088837890625,0.2386392578125,-2.00000000000005E-6));
#7400=CARTESIAN_POINT('',(-0.0870003815548415,0.237835423976848,-2.00000000000005E-6));
#7401=CARTESIAN_POINT('',(-0.0885278373277062,0.23913449610085,-1.6940658945086E-21));
#7402=CARTESIAN_POINT('',(-0.088001953125,0.23900546875,-2.00000000000005E-6));
#7403=CARTESIAN_POINT('',(-0.087529610870733,0.237005849949766,-2.00000000000005E-6));
#7404=CARTESIAN_POINT('',(-0.08487109375,0.234691015625,-2.00000000000005E-6));
#7405=CARTESIAN_POINT('',(-0.0843642578125,0.2354537109375,-2.00000000000005E-6));
#7406=CARTESIAN_POINT('',(-0.0866915257068829,0.236297442429872,-2.00000000000005E-6));
#7407=CARTESIAN_POINT('',(-0.0855966796875,0.2341294921875,-2.00000000000005E-6));
#7408=CARTESIAN_POINT('',(-0.110827922846349,0.24854931984204,-2.00000000000005E-6));
#7409=CARTESIAN_POINT('',(-0.0839726166218473,0.236276953125,-8.470329472543E-22));
#7410=CARTESIAN_POINT('',(-0.0855966796875,0.2341294921875,-1.6940658945086E-21));
#7411=CARTESIAN_POINT('',(-0.0855966796875,0.2341294921875,0.0015));
#7412=CARTESIAN_POINT('',(-0.0858811848958333,0.2339830078125,-1.6940658945086E-21));
#7413=CARTESIAN_POINT('',(-0.0858811848958333,0.2339830078125,0.0015));
#7414=CARTESIAN_POINT('',(-0.0862350260416667,0.233909765625,-1.6940658945086E-21));
#7415=CARTESIAN_POINT('',(-0.0862350260416667,0.233909765625,0.0015));
#7416=CARTESIAN_POINT('',(-0.086658203125,0.233909765625,-1.6940658945086E-21));
#7417=CARTESIAN_POINT('',(-0.086658203125,0.233909765625,0.0015));
#7418=CARTESIAN_POINT('',(-0.086658203125,0.233909765625,-2.00000000000005E-6));
#7419=CARTESIAN_POINT('',(-0.0866583142589358,0.236213329680699,-2.00000000000005E-6));
#7420=CARTESIAN_POINT('',(-0.0875126953125,0.234073828125,-2.00000000000005E-6));
#7421=CARTESIAN_POINT('',(-0.0865953100105042,0.23639820491579,-2.00000000000005E-6));
#7422=CARTESIAN_POINT('',(-0.088263671875,0.2345376953125,-2.00000000000005E-6));
#7423=CARTESIAN_POINT('',(-0.0865003183212108,0.23647642464772,-2.00000000000005E-6));
#7424=CARTESIAN_POINT('',(-0.08883203125,0.235276953125,-2.00000000000005E-6));
#7425=CARTESIAN_POINT('',(-0.08883203125,0.235276953125,-8.470329472543E-22));
#7426=CARTESIAN_POINT('',(-0.08883203125,0.235276953125,0.0015));
#7427=CARTESIAN_POINT('',(-0.0889869791666667,0.235569921875,-8.470329472543E-22));
#7428=CARTESIAN_POINT('',(-0.0889869791666667,0.235569921875,0.0015));
#7429=CARTESIAN_POINT('',(-0.0890885416666667,0.235903255208333,-8.470329472543E-22));
#7430=CARTESIAN_POINT('',(-0.0890885416666667,0.235903255208333,0.0015));
#7431=CARTESIAN_POINT('',(-0.08913671875,0.236276953125,-8.470329472543E-22));
#7432=CARTESIAN_POINT('',(-0.08913671875,0.236276953125,0.0015));
#7433=CARTESIAN_POINT('',(-0.08913671875,0.236276953125,-2.00000000000005E-6));
#7434=CARTESIAN_POINT('',(-0.08855078125,0.236276953125,-2.00000000000005E-6));
#7435=CARTESIAN_POINT('',(-0.08796484375,0.236276953125,-2.00000000000005E-6));
#7436=CARTESIAN_POINT('',(-0.08796484375,0.236276953125,-1.6940658945086E-21));
#7437=CARTESIAN_POINT('',(-0.08796484375,0.236276953125,0.0015));
#7438=CARTESIAN_POINT('',(-0.0878020833333333,0.235610286458333,-1.6940658945086E-21));
#7439=CARTESIAN_POINT('',(-0.0878020833333333,0.235610286458333,0.0015));
#7440=CARTESIAN_POINT('',(-0.0873587239583333,0.235276953125,-1.6940658945086E-21));
#7441=CARTESIAN_POINT('',(-0.0873587239583333,0.235276953125,0.0015));
#7442=CARTESIAN_POINT('',(-0.086634765625,0.235276953125,-1.6940658945086E-21));
#7443=CARTESIAN_POINT('',(-0.086634765625,0.235276953125,0.0015));
#7444=CARTESIAN_POINT('',(-0.086634765625,0.235276953125,-2.00000000000005E-6));
#7445=CARTESIAN_POINT('',(-0.086634765625,0.235276953125,-1.6940658945086E-21));
#7446=CARTESIAN_POINT('',(-0.086634765625,0.235276953125,0.0015));
#7447=CARTESIAN_POINT('',(-0.086349609375,0.235276953125,-1.6940658945086E-21));
#7448=CARTESIAN_POINT('',(-0.086349609375,0.235276953125,0.0015));
#7449=CARTESIAN_POINT('',(-0.0861136067708333,0.235370377604167,-1.6940658945086E-21));
#7450=CARTESIAN_POINT('',(-0.0861136067708333,0.235370377604167,0.0015));
#7451=CARTESIAN_POINT('',(-0.0859267578125,0.2355572265625,-1.6940658945086E-21));
#7452=CARTESIAN_POINT('',(-0.0859267578125,0.2355572265625,0.0015));
#7453=CARTESIAN_POINT('',(-0.0859267578125,0.2355572265625,-2.00000000000005E-6));
#7454=CARTESIAN_POINT('',(-0.0859267578125,0.2355572265625,-1.6940658945086E-21));
#7455=CARTESIAN_POINT('',(-0.0859267578125,0.2355572265625,0.0015));
#7456=CARTESIAN_POINT('',(-0.0857399088541667,0.235744075520833,-1.6940658945086E-21));
#7457=CARTESIAN_POINT('',(-0.0857399088541667,0.235744075520833,0.0015));
#7458=CARTESIAN_POINT('',(-0.0855651041666667,0.235983984375,-1.6940658945086E-21));
#7459=CARTESIAN_POINT('',(-0.0855651041666667,0.235983984375,0.0015));
#7460=CARTESIAN_POINT('',(-0.08540234375,0.236276953125,-1.6940658945086E-21));
#7461=CARTESIAN_POINT('',(-0.08540234375,0.236276953125,0.0015));
#7462=CARTESIAN_POINT('',(-0.08540234375,0.236276953125,-2.00000000000005E-6));
#7463=CARTESIAN_POINT('',(-0.0846875,0.236276953125,-2.00000000000005E-6));
#7464=CARTESIAN_POINT('',(-0.084626953125,0.303089453125,-2.00000000000005E-6));
#7465=CARTESIAN_POINT('',(-0.089125,0.303089453125,-2.00000000000005E-6));
#7466=CARTESIAN_POINT('',(-0.08012890625,0.303089453125,-2.00000000000005E-6));
#7467=CARTESIAN_POINT('',(-0.089125,0.303821875,-2.00000000000005E-6));
#7468=CARTESIAN_POINT('',(-0.089125,0.304554296875,-2.00000000000005E-6));
#7469=CARTESIAN_POINT('',(-0.08012890625,0.303821875,-2.00000000000005E-6));
#7470=CARTESIAN_POINT('',(-0.08012890625,0.304554296875,-2.00000000000005E-6));
#7471=CARTESIAN_POINT('',(-0.084626953125,0.304554296875,-2.00000000000005E-6));
#7472=MECHANICAL_DESIGN_GEOMETRIC_PRESENTATION_REPRESENTATION('',(#4333),
#7473);
#7473=(
GEOMETRIC_REPRESENTATION_CONTEXT(3)
GLOBAL_UNCERTAINTY_ASSIGNED_CONTEXT((#7474))
GLOBAL_UNIT_ASSIGNED_CONTEXT((#7477,#7476,#7475))
REPRESENTATION_CONTEXT('DIAGONALS','TOP_LEVEL_ASSEMBLY_PART')
);
#7474=UNCERTAINTY_MEASURE_WITH_UNIT(LENGTH_MEASURE(2.E-5),#7477,
'DISTANCE_ACCURACY_VALUE','Maximum Tolerance applied to model');
#7475=(
NAMED_UNIT(*)
SI_UNIT($,.STERADIAN.)
SOLID_ANGLE_UNIT()
);
#7476=(
NAMED_UNIT(*)
PLANE_ANGLE_UNIT()
SI_UNIT($,.RADIAN.)
);
#7477=(
LENGTH_UNIT()
NAMED_UNIT(*)
SI_UNIT($,.METRE.)
);
#7478=PRODUCT_DEFINITION_SHAPE('','',#7479);
#7479=PRODUCT_DEFINITION('','',#7481,#7480);
#7480=PRODUCT_DEFINITION_CONTEXT('',#7487,'design');
#7481=PRODUCT_DEFINITION_FORMATION_WITH_SPECIFIED_SOURCE('','',#7483,
 .NOT_KNOWN.);
#7482=PRODUCT_RELATED_PRODUCT_CATEGORY('','',(#7483));
#7483=PRODUCT('DIAGONALS','DIAGONALS','DIAGONALS',(#7485));
#7484=PRODUCT_CATEGORY('','');
#7485=PRODUCT_CONTEXT('',#7487,'mechanical');
#7486=APPLICATION_PROTOCOL_DEFINITION('international standard',
'ap242_managed_model_based_3d_engineering',2020,#7487);
#7487=APPLICATION_CONTEXT('managed model based 3d engineering');
ENDSEC;
END-ISO-10303-21;
