ISO-10303-21;
HEADER;
/* Generated by software containing ST-Developer
 * from STEP Tools, Inc. (www.steptools.com) 
 */
/* OPTION: using custom renumber hook */

FILE_DESCRIPTION(
/* description */ ('STEP AP242 Edition 2',
'CAx-IF Rec.Pracs.---Representation and Presentation of Product Manufa
cturing Information (PMI)---4.0---2014-10-13',
'CAx-IF Rec.Pracs.---3D Tessellated Geometry---0.4---2014-09-14','2;1',
'CAx-IF Rec.Pracs.---User Defined Attributes---1.5---2016-08-15'),
/* implementation_level */ '2;1');

FILE_NAME(
/* name */ 'FRAMEKIT - GOLDEN RATIO',
/* time_stamp */ '2026-09-20T09:45:10Z',
/* author */ (''),
/* organization */ (''),
/* preprocessor_version */ 'ST-DEVELOPER v20',
/* originating_system */ 'ONSHAPE BY PTC INC, 1.221',
/* authorisation */ '  ');

FILE_SCHEMA (('AP242_MANAGED_MODEL_BASED_3D_ENGINEERING_MIM_LF { 1 0 10303 442 3 1 4 }'));
ENDSEC;

DATA;
#10=SHAPE_REPRESENTATION_RELATIONSHIP('','',#5632,#11);
#11=ADVANCED_BREP_SHAPE_REPRESENTATION('',(#5630),#9624);
#12=B_SPLINE_SURFACE_WITH_KNOTS('',3,1,((#8593,#8594),(#8595,#8596),(#8597,
#8598),(#8599,#8600)),.SURF_OF_LINEAR_EXTRUSION.,.F.,.F.,.F.,(4,4),(2,2),
(0.,1.),(0.,1.),.PIECEWISE_BEZIER_KNOTS.);
#13=B_SPLINE_SURFACE_WITH_KNOTS('',3,1,((#8692,#8693),(#8694,#8695),(#8696,
#8697),(#8698,#8699)),.SURF_OF_LINEAR_EXTRUSION.,.F.,.F.,.F.,(4,4),(2,2),
(0.,1.),(0.,1.),.PIECEWISE_BEZIER_KNOTS.);
#14=B_SPLINE_SURFACE_WITH_KNOTS('',3,1,((#8722,#8723),(#8724,#8725),(#8726,
#8727),(#8728,#8729)),.SURF_OF_LINEAR_EXTRUSION.,.F.,.F.,.F.,(4,4),(2,2),
(0.,1.),(0.,1.),.PIECEWISE_BEZIER_KNOTS.);
#15=B_SPLINE_SURFACE_WITH_KNOTS('',3,1,((#8731,#8732),(#8733,#8734),(#8735,
#8736),(#8737,#8738)),.SURF_OF_LINEAR_EXTRUSION.,.F.,.F.,.F.,(4,4),(2,2),
(0.,1.),(0.,1.),.PIECEWISE_BEZIER_KNOTS.);
#16=B_SPLINE_SURFACE_WITH_KNOTS('',3,1,((#8740,#8741),(#8742,#8743),(#8744,
#8745),(#8746,#8747)),.SURF_OF_LINEAR_EXTRUSION.,.F.,.F.,.F.,(4,4),(2,2),
(0.,1.),(0.,1.),.PIECEWISE_BEZIER_KNOTS.);
#17=B_SPLINE_SURFACE_WITH_KNOTS('',3,1,((#8749,#8750),(#8751,#8752),(#8753,
#8754),(#8755,#8756)),.SURF_OF_LINEAR_EXTRUSION.,.F.,.F.,.F.,(4,4),(2,2),
(0.,1.),(0.,1.),.PIECEWISE_BEZIER_KNOTS.);
#18=B_SPLINE_SURFACE_WITH_KNOTS('',3,1,((#8758,#8759),(#8760,#8761),(#8762,
#8763),(#8764,#8765)),.SURF_OF_LINEAR_EXTRUSION.,.F.,.F.,.F.,(4,4),(2,2),
(0.,1.),(0.,1.),.PIECEWISE_BEZIER_KNOTS.);
#19=B_SPLINE_SURFACE_WITH_KNOTS('',3,1,((#8767,#8768),(#8769,#8770),(#8771,
#8772),(#8773,#8774)),.SURF_OF_LINEAR_EXTRUSION.,.F.,.F.,.F.,(4,4),(2,2),
(0.,1.),(0.,1.),.PIECEWISE_BEZIER_KNOTS.);
#20=B_SPLINE_SURFACE_WITH_KNOTS('',3,1,((#8784,#8785),(#8786,#8787),(#8788,
#8789),(#8790,#8791)),.SURF_OF_LINEAR_EXTRUSION.,.F.,.F.,.F.,(4,4),(2,2),
(0.,1.),(0.,1.),.PIECEWISE_BEZIER_KNOTS.);
#21=B_SPLINE_SURFACE_WITH_KNOTS('',3,1,((#8793,#8794),(#8795,#8796),(#8797,
#8798),(#8799,#8800)),.SURF_OF_LINEAR_EXTRUSION.,.F.,.F.,.F.,(4,4),(2,2),
(0.,1.),(0.,1.),.PIECEWISE_BEZIER_KNOTS.);
#22=B_SPLINE_SURFACE_WITH_KNOTS('',3,1,((#8802,#8803),(#8804,#8805),(#8806,
#8807),(#8808,#8809)),.SURF_OF_LINEAR_EXTRUSION.,.F.,.F.,.F.,(4,4),(2,2),
(0.,1.),(0.,1.),.PIECEWISE_BEZIER_KNOTS.);
#23=B_SPLINE_SURFACE_WITH_KNOTS('',3,1,((#8811,#8812),(#8813,#8814),(#8815,
#8816),(#8817,#8818)),.SURF_OF_LINEAR_EXTRUSION.,.F.,.F.,.F.,(4,4),(2,2),
(0.,1.),(0.,1.),.PIECEWISE_BEZIER_KNOTS.);
#24=B_SPLINE_SURFACE_WITH_KNOTS('',3,1,((#8821,#8822),(#8823,#8824),(#8825,
#8826),(#8827,#8828)),.SURF_OF_LINEAR_EXTRUSION.,.F.,.F.,.F.,(4,4),(2,2),
(0.,1.),(0.,1.),.PIECEWISE_BEZIER_KNOTS.);
#25=B_SPLINE_SURFACE_WITH_KNOTS('',3,1,((#8831,#8832),(#8833,#8834),(#8835,
#8836),(#8837,#8838)),.SURF_OF_LINEAR_EXTRUSION.,.F.,.F.,.F.,(4,4),(2,2),
(0.,1.),(0.,1.),.PIECEWISE_BEZIER_KNOTS.);
#26=B_SPLINE_SURFACE_WITH_KNOTS('',3,1,((#8840,#8841),(#8842,#8843),(#8844,
#8845),(#8846,#8847)),.SURF_OF_LINEAR_EXTRUSION.,.F.,.F.,.F.,(4,4),(2,2),
(0.,1.),(0.,1.),.PIECEWISE_BEZIER_KNOTS.);
#27=B_SPLINE_SURFACE_WITH_KNOTS('',3,1,((#8857,#8858),(#8859,#8860),(#8861,
#8862),(#8863,#8864)),.SURF_OF_LINEAR_EXTRUSION.,.F.,.F.,.F.,(4,4),(2,2),
(0.,1.),(0.,1.),.PIECEWISE_BEZIER_KNOTS.);
#28=B_SPLINE_SURFACE_WITH_KNOTS('',3,1,((#8866,#8867),(#8868,#8869),(#8870,
#8871),(#8872,#8873)),.SURF_OF_LINEAR_EXTRUSION.,.F.,.F.,.F.,(4,4),(2,2),
(0.,1.),(0.,1.),.PIECEWISE_BEZIER_KNOTS.);
#29=B_SPLINE_SURFACE_WITH_KNOTS('',3,1,((#8875,#8876),(#8877,#8878),(#8879,
#8880),(#8881,#8882)),.SURF_OF_LINEAR_EXTRUSION.,.F.,.F.,.F.,(4,4),(2,2),
(0.,1.),(0.,1.),.PIECEWISE_BEZIER_KNOTS.);
#30=B_SPLINE_SURFACE_WITH_KNOTS('',3,1,((#8884,#8885),(#8886,#8887),(#8888,
#8889),(#8890,#8891)),.SURF_OF_LINEAR_EXTRUSION.,.F.,.F.,.F.,(4,4),(2,2),
(0.,1.),(0.,1.),.PIECEWISE_BEZIER_KNOTS.);
#31=B_SPLINE_SURFACE_WITH_KNOTS('',3,1,((#8893,#8894),(#8895,#8896),(#8897,
#8898),(#8899,#8900)),.SURF_OF_LINEAR_EXTRUSION.,.F.,.F.,.F.,(4,4),(2,2),
(0.,1.),(0.,1.),.PIECEWISE_BEZIER_KNOTS.);
#32=B_SPLINE_SURFACE_WITH_KNOTS('',3,1,((#8902,#8903),(#8904,#8905),(#8906,
#8907),(#8908,#8909)),.SURF_OF_LINEAR_EXTRUSION.,.F.,.F.,.F.,(4,4),(2,2),
(0.,1.),(0.,1.),.PIECEWISE_BEZIER_KNOTS.);
#33=B_SPLINE_SURFACE_WITH_KNOTS('',3,1,((#8919,#8920),(#8921,#8922),(#8923,
#8924),(#8925,#8926)),.SURF_OF_LINEAR_EXTRUSION.,.F.,.F.,.F.,(4,4),(2,2),
(0.,1.),(0.,1.),.PIECEWISE_BEZIER_KNOTS.);
#34=B_SPLINE_SURFACE_WITH_KNOTS('',3,1,((#9020,#9021),(#9022,#9023),(#9024,
#9025),(#9026,#9027)),.SURF_OF_LINEAR_EXTRUSION.,.F.,.F.,.F.,(4,4),(2,2),
(0.,1.),(0.,1.),.PIECEWISE_BEZIER_KNOTS.);
#35=B_SPLINE_SURFACE_WITH_KNOTS('',3,1,((#9029,#9030),(#9031,#9032),(#9033,
#9034),(#9035,#9036)),.SURF_OF_LINEAR_EXTRUSION.,.F.,.F.,.F.,(4,4),(2,2),
(0.,1.),(0.,1.),.PIECEWISE_BEZIER_KNOTS.);
#36=B_SPLINE_SURFACE_WITH_KNOTS('',3,1,((#9050,#9051),(#9052,#9053),(#9054,
#9055),(#9056,#9057)),.SURF_OF_LINEAR_EXTRUSION.,.F.,.F.,.F.,(4,4),(2,2),
(0.,1.),(0.,1.),.PIECEWISE_BEZIER_KNOTS.);
#37=B_SPLINE_SURFACE_WITH_KNOTS('',3,1,((#9059,#9060),(#9061,#9062),(#9063,
#9064),(#9065,#9066)),.SURF_OF_LINEAR_EXTRUSION.,.F.,.F.,.F.,(4,4),(2,2),
(0.,1.),(0.,1.),.PIECEWISE_BEZIER_KNOTS.);
#38=B_SPLINE_SURFACE_WITH_KNOTS('',3,1,((#9072,#9073),(#9074,#9075),(#9076,
#9077),(#9078,#9079)),.SURF_OF_LINEAR_EXTRUSION.,.F.,.F.,.F.,(4,4),(2,2),
(0.,1.),(0.,1.),.PIECEWISE_BEZIER_KNOTS.);
#39=B_SPLINE_SURFACE_WITH_KNOTS('',3,1,((#9081,#9082),(#9083,#9084),(#9085,
#9086),(#9087,#9088)),.SURF_OF_LINEAR_EXTRUSION.,.F.,.F.,.F.,(4,4),(2,2),
(0.,1.),(0.,1.),.PIECEWISE_BEZIER_KNOTS.);
#40=B_SPLINE_SURFACE_WITH_KNOTS('',3,1,((#9127,#9128),(#9129,#9130),(#9131,
#9132),(#9133,#9134)),.SURF_OF_LINEAR_EXTRUSION.,.F.,.F.,.F.,(4,4),(2,2),
(0.,1.),(0.,1.),.PIECEWISE_BEZIER_KNOTS.);
#41=B_SPLINE_SURFACE_WITH_KNOTS('',3,1,((#9143,#9144),(#9145,#9146),(#9147,
#9148),(#9149,#9150)),.SURF_OF_LINEAR_EXTRUSION.,.F.,.F.,.F.,(4,4),(2,2),
(0.,1.),(0.,1.),.PIECEWISE_BEZIER_KNOTS.);
#42=B_SPLINE_SURFACE_WITH_KNOTS('',3,1,((#9152,#9153),(#9154,#9155),(#9156,
#9157),(#9158,#9159)),.SURF_OF_LINEAR_EXTRUSION.,.F.,.F.,.F.,(4,4),(2,2),
(0.,1.),(0.,1.),.PIECEWISE_BEZIER_KNOTS.);
#43=B_SPLINE_SURFACE_WITH_KNOTS('',3,1,((#9165,#9166),(#9167,#9168),(#9169,
#9170),(#9171,#9172)),.SURF_OF_LINEAR_EXTRUSION.,.F.,.F.,.F.,(4,4),(2,2),
(0.,1.),(0.,1.),.PIECEWISE_BEZIER_KNOTS.);
#44=B_SPLINE_SURFACE_WITH_KNOTS('',3,1,((#9174,#9175),(#9176,#9177),(#9178,
#9179),(#9180,#9181)),.SURF_OF_LINEAR_EXTRUSION.,.F.,.F.,.F.,(4,4),(2,2),
(0.,1.),(0.,1.),.PIECEWISE_BEZIER_KNOTS.);
#45=B_SPLINE_SURFACE_WITH_KNOTS('',3,1,((#9191,#9192),(#9193,#9194),(#9195,
#9196),(#9197,#9198)),.SURF_OF_LINEAR_EXTRUSION.,.F.,.F.,.F.,(4,4),(2,2),
(0.,1.),(0.,1.),.PIECEWISE_BEZIER_KNOTS.);
#46=B_SPLINE_SURFACE_WITH_KNOTS('',3,1,((#9200,#9201),(#9202,#9203),(#9204,
#9205),(#9206,#9207)),.SURF_OF_LINEAR_EXTRUSION.,.F.,.F.,.F.,(4,4),(2,2),
(0.,1.),(0.,1.),.PIECEWISE_BEZIER_KNOTS.);
#47=B_SPLINE_SURFACE_WITH_KNOTS('',3,1,((#9209,#9210),(#9211,#9212),(#9213,
#9214),(#9215,#9216)),.SURF_OF_LINEAR_EXTRUSION.,.F.,.F.,.F.,(4,4),(2,2),
(0.,1.),(0.,1.),.PIECEWISE_BEZIER_KNOTS.);
#48=B_SPLINE_SURFACE_WITH_KNOTS('',3,1,((#9218,#9219),(#9220,#9221),(#9222,
#9223),(#9224,#9225)),.SURF_OF_LINEAR_EXTRUSION.,.F.,.F.,.F.,(4,4),(2,2),
(0.,1.),(0.,1.),.PIECEWISE_BEZIER_KNOTS.);
#49=B_SPLINE_SURFACE_WITH_KNOTS('',3,1,((#9227,#9228),(#9229,#9230),(#9231,
#9232),(#9233,#9234)),.SURF_OF_LINEAR_EXTRUSION.,.F.,.F.,.F.,(4,4),(2,2),
(0.,1.),(0.,1.),.PIECEWISE_BEZIER_KNOTS.);
#50=B_SPLINE_SURFACE_WITH_KNOTS('',3,1,((#9240,#9241),(#9242,#9243),(#9244,
#9245),(#9246,#9247)),.SURF_OF_LINEAR_EXTRUSION.,.F.,.F.,.F.,(4,4),(2,2),
(0.,1.),(0.,1.),.PIECEWISE_BEZIER_KNOTS.);
#51=B_SPLINE_SURFACE_WITH_KNOTS('',3,1,((#9275,#9276),(#9277,#9278),(#9279,
#9280),(#9281,#9282)),.SURF_OF_LINEAR_EXTRUSION.,.F.,.F.,.F.,(4,4),(2,2),
(0.,1.),(0.,1.),.PIECEWISE_BEZIER_KNOTS.);
#52=B_SPLINE_SURFACE_WITH_KNOTS('',3,1,((#9284,#9285),(#9286,#9287),(#9288,
#9289),(#9290,#9291)),.SURF_OF_LINEAR_EXTRUSION.,.F.,.F.,.F.,(4,4),(2,2),
(0.,1.),(0.,1.),.PIECEWISE_BEZIER_KNOTS.);
#53=B_SPLINE_SURFACE_WITH_KNOTS('',3,1,((#9293,#9294),(#9295,#9296),(#9297,
#9298),(#9299,#9300)),.SURF_OF_LINEAR_EXTRUSION.,.F.,.F.,.F.,(4,4),(2,2),
(0.,1.),(0.,1.),.PIECEWISE_BEZIER_KNOTS.);
#54=B_SPLINE_SURFACE_WITH_KNOTS('',3,1,((#9302,#9303),(#9304,#9305),(#9306,
#9307),(#9308,#9309)),.SURF_OF_LINEAR_EXTRUSION.,.F.,.F.,.F.,(4,4),(2,2),
(0.,1.),(0.,1.),.PIECEWISE_BEZIER_KNOTS.);
#55=B_SPLINE_SURFACE_WITH_KNOTS('',3,1,((#9311,#9312),(#9313,#9314),(#9315,
#9316),(#9317,#9318)),.SURF_OF_LINEAR_EXTRUSION.,.F.,.F.,.F.,(4,4),(2,2),
(0.,1.),(0.,1.),.PIECEWISE_BEZIER_KNOTS.);
#56=B_SPLINE_SURFACE_WITH_KNOTS('',3,1,((#9320,#9321),(#9322,#9323),(#9324,
#9325),(#9326,#9327)),.SURF_OF_LINEAR_EXTRUSION.,.F.,.F.,.F.,(4,4),(2,2),
(0.,1.),(0.,1.),.PIECEWISE_BEZIER_KNOTS.);
#57=B_SPLINE_SURFACE_WITH_KNOTS('',3,1,((#9337,#9338),(#9339,#9340),(#9341,
#9342),(#9343,#9344)),.SURF_OF_LINEAR_EXTRUSION.,.F.,.F.,.F.,(4,4),(2,2),
(0.,1.),(0.,1.),.PIECEWISE_BEZIER_KNOTS.);
#58=B_SPLINE_SURFACE_WITH_KNOTS('',3,1,((#9346,#9347),(#9348,#9349),(#9350,
#9351),(#9352,#9353)),.SURF_OF_LINEAR_EXTRUSION.,.F.,.F.,.F.,(4,4),(2,2),
(0.,1.),(0.,1.),.PIECEWISE_BEZIER_KNOTS.);
#59=B_SPLINE_SURFACE_WITH_KNOTS('',3,1,((#9355,#9356),(#9357,#9358),(#9359,
#9360),(#9361,#9362)),.SURF_OF_LINEAR_EXTRUSION.,.F.,.F.,.F.,(4,4),(2,2),
(0.,1.),(0.,1.),.PIECEWISE_BEZIER_KNOTS.);
#60=B_SPLINE_SURFACE_WITH_KNOTS('',3,1,((#9364,#9365),(#9366,#9367),(#9368,
#9369),(#9370,#9371)),.SURF_OF_LINEAR_EXTRUSION.,.F.,.F.,.F.,(4,4),(2,2),
(0.,1.),(0.,1.),.PIECEWISE_BEZIER_KNOTS.);
#61=B_SPLINE_SURFACE_WITH_KNOTS('',3,1,((#9374,#9375),(#9376,#9377),(#9378,
#9379),(#9380,#9381)),.SURF_OF_LINEAR_EXTRUSION.,.F.,.F.,.F.,(4,4),(2,2),
(0.,1.),(0.,1.),.PIECEWISE_BEZIER_KNOTS.);
#62=B_SPLINE_SURFACE_WITH_KNOTS('',3,1,((#9384,#9385),(#9386,#9387),(#9388,
#9389),(#9390,#9391)),.SURF_OF_LINEAR_EXTRUSION.,.F.,.F.,.F.,(4,4),(2,2),
(0.,1.),(0.,1.),.PIECEWISE_BEZIER_KNOTS.);
#63=B_SPLINE_SURFACE_WITH_KNOTS('',3,1,((#9393,#9394),(#9395,#9396),(#9397,
#9398),(#9399,#9400)),.SURF_OF_LINEAR_EXTRUSION.,.F.,.F.,.F.,(4,4),(2,2),
(0.,1.),(0.,1.),.PIECEWISE_BEZIER_KNOTS.);
#64=B_SPLINE_SURFACE_WITH_KNOTS('',3,1,((#9410,#9411),(#9412,#9413),(#9414,
#9415),(#9416,#9417)),.SURF_OF_LINEAR_EXTRUSION.,.F.,.F.,.F.,(4,4),(2,2),
(0.,1.),(0.,1.),.PIECEWISE_BEZIER_KNOTS.);
#65=B_SPLINE_SURFACE_WITH_KNOTS('',3,1,((#9419,#9420),(#9421,#9422),(#9423,
#9424),(#9425,#9426)),.SURF_OF_LINEAR_EXTRUSION.,.F.,.F.,.F.,(4,4),(2,2),
(0.,1.),(0.,1.),.PIECEWISE_BEZIER_KNOTS.);
#66=B_SPLINE_SURFACE_WITH_KNOTS('',3,1,((#9428,#9429),(#9430,#9431),(#9432,
#9433),(#9434,#9435)),.SURF_OF_LINEAR_EXTRUSION.,.F.,.F.,.F.,(4,4),(2,2),
(0.,1.),(0.,1.),.PIECEWISE_BEZIER_KNOTS.);
#67=B_SPLINE_SURFACE_WITH_KNOTS('',3,1,((#9437,#9438),(#9439,#9440),(#9441,
#9442),(#9443,#9444)),.SURF_OF_LINEAR_EXTRUSION.,.F.,.F.,.F.,(4,4),(2,2),
(0.,1.),(0.,1.),.PIECEWISE_BEZIER_KNOTS.);
#68=B_SPLINE_SURFACE_WITH_KNOTS('',3,1,((#9446,#9447),(#9448,#9449),(#9450,
#9451),(#9452,#9453)),.SURF_OF_LINEAR_EXTRUSION.,.F.,.F.,.F.,(4,4),(2,2),
(0.,1.),(0.,1.),.PIECEWISE_BEZIER_KNOTS.);
#69=B_SPLINE_SURFACE_WITH_KNOTS('',3,1,((#9455,#9456),(#9457,#9458),(#9459,
#9460),(#9461,#9462)),.SURF_OF_LINEAR_EXTRUSION.,.F.,.F.,.F.,(4,4),(2,2),
(0.,1.),(0.,1.),.PIECEWISE_BEZIER_KNOTS.);
#70=B_SPLINE_SURFACE_WITH_KNOTS('',3,1,((#9472,#9473),(#9474,#9475),(#9476,
#9477),(#9478,#9479)),.SURF_OF_LINEAR_EXTRUSION.,.F.,.F.,.F.,(4,4),(2,2),
(0.,1.),(0.,1.),.PIECEWISE_BEZIER_KNOTS.);
#71=B_SPLINE_SURFACE_WITH_KNOTS('',3,1,((#9491,#9492),(#9493,#9494),(#9495,
#9496),(#9497,#9498)),.SURF_OF_LINEAR_EXTRUSION.,.F.,.F.,.F.,(4,4),(2,2),
(0.,1.),(0.,1.),.PIECEWISE_BEZIER_KNOTS.);
#72=B_SPLINE_SURFACE_WITH_KNOTS('',3,1,((#9517,#9518),(#9519,#9520),(#9521,
#9522),(#9523,#9524)),.SURF_OF_LINEAR_EXTRUSION.,.F.,.F.,.F.,(4,4),(2,2),
(0.,1.),(0.,1.),.PIECEWISE_BEZIER_KNOTS.);
#73=B_SPLINE_SURFACE_WITH_KNOTS('',3,1,((#9527,#9528),(#9529,#9530),(#9531,
#9532),(#9533,#9534)),.SURF_OF_LINEAR_EXTRUSION.,.F.,.F.,.F.,(4,4),(2,2),
(0.,1.),(0.,1.),.PIECEWISE_BEZIER_KNOTS.);
#74=B_SPLINE_SURFACE_WITH_KNOTS('',3,1,((#9536,#9537),(#9538,#9539),(#9540,
#9541),(#9542,#9543)),.SURF_OF_LINEAR_EXTRUSION.,.F.,.F.,.F.,(4,4),(2,2),
(0.,1.),(0.,1.),.PIECEWISE_BEZIER_KNOTS.);
#75=B_SPLINE_SURFACE_WITH_KNOTS('',3,1,((#9553,#9554),(#9555,#9556),(#9557,
#9558),(#9559,#9560)),.SURF_OF_LINEAR_EXTRUSION.,.F.,.F.,.F.,(4,4),(2,2),
(0.,1.),(0.,1.),.PIECEWISE_BEZIER_KNOTS.);
#76=B_SPLINE_SURFACE_WITH_KNOTS('',3,1,((#9562,#9563),(#9564,#9565),(#9566,
#9567),(#9568,#9569)),.SURF_OF_LINEAR_EXTRUSION.,.F.,.F.,.F.,(4,4),(2,2),
(0.,1.),(0.,1.),.PIECEWISE_BEZIER_KNOTS.);
#77=B_SPLINE_SURFACE_WITH_KNOTS('',3,1,((#9571,#9572),(#9573,#9574),(#9575,
#9576),(#9577,#9578)),.SURF_OF_LINEAR_EXTRUSION.,.F.,.F.,.F.,(4,4),(2,2),
(0.,1.),(0.,1.),.PIECEWISE_BEZIER_KNOTS.);
#78=B_SPLINE_SURFACE_WITH_KNOTS('',3,1,((#9580,#9581),(#9582,#9583),(#9584,
#9585),(#9586,#9587)),.SURF_OF_LINEAR_EXTRUSION.,.F.,.F.,.F.,(4,4),(2,2),
(0.,1.),(0.,1.),.PIECEWISE_BEZIER_KNOTS.);
#79=B_SPLINE_SURFACE_WITH_KNOTS('',3,1,((#9589,#9590),(#9591,#9592),(#9593,
#9594),(#9595,#9596)),.SURF_OF_LINEAR_EXTRUSION.,.F.,.F.,.F.,(4,4),(2,2),
(0.,1.),(0.,1.),.PIECEWISE_BEZIER_KNOTS.);
#80=B_SPLINE_SURFACE_WITH_KNOTS('',3,1,((#9598,#9599),(#9600,#9601),(#9602,
#9603),(#9604,#9605)),.SURF_OF_LINEAR_EXTRUSION.,.F.,.F.,.F.,(4,4),(2,2),
(0.,1.),(0.,1.),.PIECEWISE_BEZIER_KNOTS.);
#81=B_SPLINE_SURFACE_WITH_KNOTS('',3,1,((#9615,#9616),(#9617,#9618),(#9619,
#9620),(#9621,#9622)),.SURF_OF_LINEAR_EXTRUSION.,.F.,.F.,.F.,(4,4),(2,2),
(0.,1.),(0.,1.),.PIECEWISE_BEZIER_KNOTS.);
#82=CYLINDRICAL_SURFACE('',#5776,0.00515003868469062);
#83=CYLINDRICAL_SURFACE('',#5777,0.00515003868471957);
#84=CYLINDRICAL_SURFACE('',#5780,0.00515003868471953);
#85=CYLINDRICAL_SURFACE('',#5781,0.00835000598086125);
#86=CYLINDRICAL_SURFACE('',#5786,0.013530014803849);
#87=CYLINDRICAL_SURFACE('',#5789,0.021890002285192);
#88=CYLINDRICAL_SURFACE('',#5792,0.021890002285192);
#89=CYLINDRICAL_SURFACE('',#5793,0.0927000005393162);
#90=CYLINDRICAL_SURFACE('',#5796,0.0927000005393161);
#91=CYLINDRICAL_SURFACE('',#5798,0.0572900008726004);
#92=CYLINDRICAL_SURFACE('',#5799,0.0572900008726004);
#93=CYLINDRICAL_SURFACE('',#5802,0.0354000014120305);
#94=CYLINDRICAL_SURFACE('',#5804,0.0354000014120305);
#95=CYLINDRICAL_SURFACE('',#5811,0.00835000598086126);
#96=CYLINDRICAL_SURFACE('',#5813,0.013530014803849);
#97=CYLINDRICAL_SURFACE('',#5825,0.0032550293380342);
#98=CYLINDRICAL_SURFACE('',#5826,0.00371238252800739);
#99=CYLINDRICAL_SURFACE('',#5830,0.00196111485873251);
#100=CYLINDRICAL_SURFACE('',#5831,0.00342115656228981);
#101=CYLINDRICAL_SURFACE('',#5833,0.0017921092816319);
#102=CYLINDRICAL_SURFACE('',#5834,0.00197104573833094);
#103=CYLINDRICAL_SURFACE('',#5836,0.00360049858602613);
#104=CYLINDRICAL_SURFACE('',#5837,0.00320897353720113);
#105=CYLINDRICAL_SURFACE('',#5838,0.00325198901124629);
#106=CYLINDRICAL_SURFACE('',#5839,0.0031724155690924);
#107=CYLINDRICAL_SURFACE('',#5840,0.00367883636350017);
#108=CYLINDRICAL_SURFACE('',#5842,0.00179210928163292);
#109=CYLINDRICAL_SURFACE('',#5843,0.00202486414655272);
#110=CYLINDRICAL_SURFACE('',#5845,0.00365190754394306);
#111=CYLINDRICAL_SURFACE('',#5846,0.003188827103465);
#112=CYLINDRICAL_SURFACE('',#5892,0.00265353551543022);
#113=CYLINDRICAL_SURFACE('',#5893,0.0028158395556903);
#114=CYLINDRICAL_SURFACE('',#5894,0.00301694487022478);
#115=CYLINDRICAL_SURFACE('',#5895,0.00358290012540702);
#116=CYLINDRICAL_SURFACE('',#5899,0.00143334380319383);
#117=CYLINDRICAL_SURFACE('',#5900,0.00243775800680124);
#118=CYLINDRICAL_SURFACE('',#5901,0.00129883327307698);
#119=CYLINDRICAL_SURFACE('',#5902,0.00163661688020968);
#120=CYLINDRICAL_SURFACE('',#5906,0.00104842120089136);
#121=CYLINDRICAL_SURFACE('',#5907,0.000565126541265975);
#122=CYLINDRICAL_SURFACE('',#5923,0.0023167140364978);
#123=CYLINDRICAL_SURFACE('',#5924,0.00459564751957459);
#124=CYLINDRICAL_SURFACE('',#5928,0.00502434095931622);
#125=CYLINDRICAL_SURFACE('',#5929,0.00442308496068905);
#126=CYLINDRICAL_SURFACE('',#5930,0.00387563022222315);
#127=CYLINDRICAL_SURFACE('',#5941,0.00342115656228514);
#128=CYLINDRICAL_SURFACE('',#5943,0.00179210928163436);
#129=CYLINDRICAL_SURFACE('',#5944,0.00197104573833086);
#130=CYLINDRICAL_SURFACE('',#5946,0.00360049858603016);
#131=CYLINDRICAL_SURFACE('',#5947,0.0032089735372026);
#132=CYLINDRICAL_SURFACE('',#5948,0.00325198901124538);
#133=CYLINDRICAL_SURFACE('',#5949,0.00317241556909396);
#134=CYLINDRICAL_SURFACE('',#5950,0.00367883636350262);
#135=CYLINDRICAL_SURFACE('',#5952,0.00179210928163269);
#136=CYLINDRICAL_SURFACE('',#5953,0.00202486414655307);
#137=CYLINDRICAL_SURFACE('',#5955,0.00365190754393816);
#138=CYLINDRICAL_SURFACE('',#5956,0.00318882710346553);
#139=CYLINDRICAL_SURFACE('',#5962,0.00266401357096834);
#140=CYLINDRICAL_SURFACE('',#5963,0.00447757999853099);
#141=CYLINDRICAL_SURFACE('',#5964,0.0042777265756173);
#142=CYLINDRICAL_SURFACE('',#5967,0.00544399432048554);
#143=CYLINDRICAL_SURFACE('',#5968,0.00369643063508567);
#144=CYLINDRICAL_SURFACE('',#5969,0.00381350321225016);
#145=CYLINDRICAL_SURFACE('',#5970,0.00257719206385424);
#146=CYLINDRICAL_SURFACE('',#5971,0.00319966711982675);
#147=CYLINDRICAL_SURFACE('',#5972,0.00343250549997751);
#148=CYLINDRICAL_SURFACE('',#5974,0.00174847691152931);
#149=CYLINDRICAL_SURFACE('',#5975,0.00195229157299699);
#150=CYLINDRICAL_SURFACE('',#5977,0.0034689622572087);
#151=CYLINDRICAL_SURFACE('',#5978,0.0031620411056378);
#152=B_SPLINE_CURVE_WITH_KNOTS('',3,(#7301,#7302,#7303,#7304),
 .UNSPECIFIED.,.F.,.F.,(4,4),(0.,1.),.PIECEWISE_BEZIER_KNOTS.);
#153=B_SPLINE_CURVE_WITH_KNOTS('',2,(#7316,#7317,#7318),.UNSPECIFIED.,.F.,
 .F.,(3,3),(0.,1.),.PIECEWISE_BEZIER_KNOTS.);
#154=B_SPLINE_CURVE_WITH_KNOTS('',2,(#7338,#7339,#7340),.UNSPECIFIED.,.F.,
 .F.,(3,3),(0.,1.),.PIECEWISE_BEZIER_KNOTS.);
#155=B_SPLINE_CURVE_WITH_KNOTS('',2,(#7342,#7343,#7344),.UNSPECIFIED.,.F.,
 .F.,(3,3),(0.,1.),.PIECEWISE_BEZIER_KNOTS.);
#156=B_SPLINE_CURVE_WITH_KNOTS('',2,(#7346,#7347,#7348),.UNSPECIFIED.,.F.,
 .F.,(3,3),(0.,1.),.PIECEWISE_BEZIER_KNOTS.);
#157=B_SPLINE_CURVE_WITH_KNOTS('',2,(#7350,#7351,#7352),.UNSPECIFIED.,.F.,
 .F.,(3,3),(0.,1.),.PIECEWISE_BEZIER_KNOTS.);
#158=B_SPLINE_CURVE_WITH_KNOTS('',2,(#7362,#7363,#7364),.UNSPECIFIED.,.F.,
 .F.,(3,3),(0.,1.),.PIECEWISE_BEZIER_KNOTS.);
#159=B_SPLINE_CURVE_WITH_KNOTS('',2,(#7366,#7367,#7368),.UNSPECIFIED.,.F.,
 .F.,(3,3),(0.,1.),.PIECEWISE_BEZIER_KNOTS.);
#160=B_SPLINE_CURVE_WITH_KNOTS('',2,(#7370,#7371,#7372),.UNSPECIFIED.,.F.,
 .F.,(3,3),(0.,1.),.PIECEWISE_BEZIER_KNOTS.);
#161=B_SPLINE_CURVE_WITH_KNOTS('',2,(#7374,#7375,#7376),.UNSPECIFIED.,.F.,
 .F.,(3,3),(0.,1.),.PIECEWISE_BEZIER_KNOTS.);
#162=B_SPLINE_CURVE_WITH_KNOTS('',2,(#7378,#7379,#7380),.UNSPECIFIED.,.F.,
 .F.,(3,3),(0.,1.),.PIECEWISE_BEZIER_KNOTS.);
#163=B_SPLINE_CURVE_WITH_KNOTS('',2,(#7382,#7383,#7384),.UNSPECIFIED.,.F.,
 .F.,(3,3),(0.,1.),.PIECEWISE_BEZIER_KNOTS.);
#164=B_SPLINE_CURVE_WITH_KNOTS('',2,(#7387,#7388,#7389),.UNSPECIFIED.,.F.,
 .F.,(3,3),(0.,1.),.PIECEWISE_BEZIER_KNOTS.);
#165=B_SPLINE_CURVE_WITH_KNOTS('',2,(#7392,#7393,#7394),.UNSPECIFIED.,.F.,
 .F.,(3,3),(0.,1.),.PIECEWISE_BEZIER_KNOTS.);
#166=B_SPLINE_CURVE_WITH_KNOTS('',2,(#7396,#7397,#7398),.UNSPECIFIED.,.F.,
 .F.,(3,3),(0.,1.),.PIECEWISE_BEZIER_KNOTS.);
#167=B_SPLINE_CURVE_WITH_KNOTS('',2,(#7408,#7409,#7410),.UNSPECIFIED.,.F.,
 .F.,(3,3),(0.,1.),.PIECEWISE_BEZIER_KNOTS.);
#168=B_SPLINE_CURVE_WITH_KNOTS('',2,(#7412,#7413,#7414),.UNSPECIFIED.,.F.,
 .F.,(3,3),(0.,1.),.PIECEWISE_BEZIER_KNOTS.);
#169=B_SPLINE_CURVE_WITH_KNOTS('',2,(#7416,#7417,#7418),.UNSPECIFIED.,.F.,
 .F.,(3,3),(0.,1.),.PIECEWISE_BEZIER_KNOTS.);
#170=B_SPLINE_CURVE_WITH_KNOTS('',2,(#7420,#7421,#7422),.UNSPECIFIED.,.F.,
 .F.,(3,3),(0.,1.),.PIECEWISE_BEZIER_KNOTS.);
#171=B_SPLINE_CURVE_WITH_KNOTS('',2,(#7424,#7425,#7426),.UNSPECIFIED.,.F.,
 .F.,(3,3),(0.,1.),.PIECEWISE_BEZIER_KNOTS.);
#172=B_SPLINE_CURVE_WITH_KNOTS('',2,(#7428,#7429,#7430),.UNSPECIFIED.,.F.,
 .F.,(3,3),(0.,1.),.PIECEWISE_BEZIER_KNOTS.);
#173=B_SPLINE_CURVE_WITH_KNOTS('',2,(#7440,#7441,#7442),.UNSPECIFIED.,.F.,
 .F.,(3,3),(0.,1.),.PIECEWISE_BEZIER_KNOTS.);
#174=B_SPLINE_CURVE_WITH_KNOTS('',2,(#7550,#7551,#7552),.UNSPECIFIED.,.F.,
 .F.,(3,3),(0.,1.),.PIECEWISE_BEZIER_KNOTS.);
#175=B_SPLINE_CURVE_WITH_KNOTS('',2,(#7554,#7555,#7556),.UNSPECIFIED.,.F.,
 .F.,(3,3),(0.,1.),.PIECEWISE_BEZIER_KNOTS.);
#176=B_SPLINE_CURVE_WITH_KNOTS('',2,(#7562,#7563,#7564),.UNSPECIFIED.,.F.,
 .F.,(3,3),(0.,1.),.PIECEWISE_BEZIER_KNOTS.);
#177=B_SPLINE_CURVE_WITH_KNOTS('',2,(#7566,#7567,#7568),.UNSPECIFIED.,.F.,
 .F.,(3,3),(0.,1.),.PIECEWISE_BEZIER_KNOTS.);
#178=B_SPLINE_CURVE_WITH_KNOTS('',2,(#7582,#7583,#7584),.UNSPECIFIED.,.F.,
 .F.,(3,3),(0.,1.),.PIECEWISE_BEZIER_KNOTS.);
#179=B_SPLINE_CURVE_WITH_KNOTS('',2,(#7586,#7587,#7588),.UNSPECIFIED.,.F.,
 .F.,(3,3),(0.,1.),.PIECEWISE_BEZIER_KNOTS.);
#180=B_SPLINE_CURVE_WITH_KNOTS('',2,(#7616,#7617,#7618),.UNSPECIFIED.,.F.,
 .F.,(3,3),(0.,1.),.PIECEWISE_BEZIER_KNOTS.);
#181=B_SPLINE_CURVE_WITH_KNOTS('',2,(#7620,#7621,#7622),.UNSPECIFIED.,.F.,
 .F.,(3,3),(0.,1.),.PIECEWISE_BEZIER_KNOTS.);
#182=B_SPLINE_CURVE_WITH_KNOTS('',2,(#7628,#7629,#7630),.UNSPECIFIED.,.F.,
 .F.,(3,3),(0.,1.),.PIECEWISE_BEZIER_KNOTS.);
#183=B_SPLINE_CURVE_WITH_KNOTS('',2,(#7632,#7633,#7634),.UNSPECIFIED.,.F.,
 .F.,(3,3),(0.,1.),.PIECEWISE_BEZIER_KNOTS.);
#184=B_SPLINE_CURVE_WITH_KNOTS('',2,(#7636,#7637,#7638),.UNSPECIFIED.,.F.,
 .F.,(3,3),(0.,1.),.PIECEWISE_BEZIER_KNOTS.);
#185=B_SPLINE_CURVE_WITH_KNOTS('',2,(#7640,#7641,#7642),.UNSPECIFIED.,.F.,
 .F.,(3,3),(0.,1.),.PIECEWISE_BEZIER_KNOTS.);
#186=B_SPLINE_CURVE_WITH_KNOTS('',2,(#7644,#7645,#7646),.UNSPECIFIED.,.F.,
 .F.,(3,3),(0.,1.),.PIECEWISE_BEZIER_KNOTS.);
#187=B_SPLINE_CURVE_WITH_KNOTS('',2,(#7656,#7657,#7658),.UNSPECIFIED.,.F.,
 .F.,(3,3),(0.,1.),.PIECEWISE_BEZIER_KNOTS.);
#188=B_SPLINE_CURVE_WITH_KNOTS('',2,(#7660,#7661,#7662),.UNSPECIFIED.,.F.,
 .F.,(3,3),(0.,1.),.PIECEWISE_BEZIER_KNOTS.);
#189=B_SPLINE_CURVE_WITH_KNOTS('',2,(#7668,#7669,#7670),.UNSPECIFIED.,.F.,
 .F.,(3,3),(0.,1.),.PIECEWISE_BEZIER_KNOTS.);
#190=B_SPLINE_CURVE_WITH_KNOTS('',2,(#7672,#7673,#7674),.UNSPECIFIED.,.F.,
 .F.,(3,3),(0.,1.),.PIECEWISE_BEZIER_KNOTS.);
#191=B_SPLINE_CURVE_WITH_KNOTS('',2,(#7706,#7707,#7708),.UNSPECIFIED.,.F.,
 .F.,(3,3),(0.,1.),.PIECEWISE_BEZIER_KNOTS.);
#192=B_SPLINE_CURVE_WITH_KNOTS('',2,(#7710,#7711,#7712),.UNSPECIFIED.,.F.,
 .F.,(3,3),(0.,1.),.PIECEWISE_BEZIER_KNOTS.);
#193=B_SPLINE_CURVE_WITH_KNOTS('',2,(#7714,#7715,#7716),.UNSPECIFIED.,.F.,
 .F.,(3,3),(0.,1.),.PIECEWISE_BEZIER_KNOTS.);
#194=B_SPLINE_CURVE_WITH_KNOTS('',2,(#7718,#7719,#7720),.UNSPECIFIED.,.F.,
 .F.,(3,3),(0.,1.),.PIECEWISE_BEZIER_KNOTS.);
#195=B_SPLINE_CURVE_WITH_KNOTS('',2,(#7730,#7731,#7732),.UNSPECIFIED.,.F.,
 .F.,(3,3),(0.,1.),.PIECEWISE_BEZIER_KNOTS.);
#196=B_SPLINE_CURVE_WITH_KNOTS('',2,(#7734,#7735,#7736),.UNSPECIFIED.,.F.,
 .F.,(3,3),(0.,1.),.PIECEWISE_BEZIER_KNOTS.);
#197=B_SPLINE_CURVE_WITH_KNOTS('',2,(#7738,#7739,#7740),.UNSPECIFIED.,.F.,
 .F.,(3,3),(0.,1.),.PIECEWISE_BEZIER_KNOTS.);
#198=B_SPLINE_CURVE_WITH_KNOTS('',2,(#7742,#7743,#7744),.UNSPECIFIED.,.F.,
 .F.,(3,3),(0.,1.),.PIECEWISE_BEZIER_KNOTS.);
#199=B_SPLINE_CURVE_WITH_KNOTS('',2,(#7746,#7747,#7748),.UNSPECIFIED.,.F.,
 .F.,(3,3),(0.,1.),.PIECEWISE_BEZIER_KNOTS.);
#200=B_SPLINE_CURVE_WITH_KNOTS('',2,(#7750,#7751,#7752),.UNSPECIFIED.,.F.,
 .F.,(3,3),(0.,1.),.PIECEWISE_BEZIER_KNOTS.);
#201=B_SPLINE_CURVE_WITH_KNOTS('',2,(#7755,#7756,#7757),.UNSPECIFIED.,.F.,
 .F.,(3,3),(0.,1.),.PIECEWISE_BEZIER_KNOTS.);
#202=B_SPLINE_CURVE_WITH_KNOTS('',2,(#7760,#7761,#7762),.UNSPECIFIED.,.F.,
 .F.,(3,3),(0.,1.),.PIECEWISE_BEZIER_KNOTS.);
#203=B_SPLINE_CURVE_WITH_KNOTS('',2,(#7764,#7765,#7766),.UNSPECIFIED.,.F.,
 .F.,(3,3),(0.,1.),.PIECEWISE_BEZIER_KNOTS.);
#204=B_SPLINE_CURVE_WITH_KNOTS('',2,(#7776,#7777,#7778),.UNSPECIFIED.,.F.,
 .F.,(3,3),(0.,1.),.PIECEWISE_BEZIER_KNOTS.);
#205=B_SPLINE_CURVE_WITH_KNOTS('',2,(#7780,#7781,#7782),.UNSPECIFIED.,.F.,
 .F.,(3,3),(0.,1.),.PIECEWISE_BEZIER_KNOTS.);
#206=B_SPLINE_CURVE_WITH_KNOTS('',2,(#7784,#7785,#7786),.UNSPECIFIED.,.F.,
 .F.,(3,3),(0.,1.),.PIECEWISE_BEZIER_KNOTS.);
#207=B_SPLINE_CURVE_WITH_KNOTS('',2,(#7788,#7789,#7790),.UNSPECIFIED.,.F.,
 .F.,(3,3),(0.,1.),.PIECEWISE_BEZIER_KNOTS.);
#208=B_SPLINE_CURVE_WITH_KNOTS('',2,(#7792,#7793,#7794),.UNSPECIFIED.,.F.,
 .F.,(3,3),(0.,1.),.PIECEWISE_BEZIER_KNOTS.);
#209=B_SPLINE_CURVE_WITH_KNOTS('',2,(#7796,#7797,#7798),.UNSPECIFIED.,.F.,
 .F.,(3,3),(0.,1.),.PIECEWISE_BEZIER_KNOTS.);
#210=B_SPLINE_CURVE_WITH_KNOTS('',2,(#7808,#7809,#7810),.UNSPECIFIED.,.F.,
 .F.,(3,3),(0.,1.),.PIECEWISE_BEZIER_KNOTS.);
#211=B_SPLINE_CURVE_WITH_KNOTS('',2,(#7834,#7835,#7836),.UNSPECIFIED.,.F.,
 .F.,(3,3),(0.,1.),.PIECEWISE_BEZIER_KNOTS.);
#212=B_SPLINE_CURVE_WITH_KNOTS('',2,(#7843,#7844,#7845),.UNSPECIFIED.,.F.,
 .F.,(3,3),(0.,1.),.PIECEWISE_BEZIER_KNOTS.);
#213=B_SPLINE_CURVE_WITH_KNOTS('',2,(#7848,#7849,#7850),.UNSPECIFIED.,.F.,
 .F.,(3,3),(0.,1.),.PIECEWISE_BEZIER_KNOTS.);
#214=B_SPLINE_CURVE_WITH_KNOTS('',2,(#7852,#7853,#7854),.UNSPECIFIED.,.F.,
 .F.,(3,3),(0.,1.),.PIECEWISE_BEZIER_KNOTS.);
#215=B_SPLINE_CURVE_WITH_KNOTS('',2,(#7864,#7865,#7866),.UNSPECIFIED.,.F.,
 .F.,(3,3),(0.,1.),.PIECEWISE_BEZIER_KNOTS.);
#216=B_SPLINE_CURVE_WITH_KNOTS('',2,(#7868,#7869,#7870),.UNSPECIFIED.,.F.,
 .F.,(3,3),(0.,1.),.PIECEWISE_BEZIER_KNOTS.);
#217=B_SPLINE_CURVE_WITH_KNOTS('',2,(#7872,#7873,#7874),.UNSPECIFIED.,.F.,
 .F.,(3,3),(0.,1.),.PIECEWISE_BEZIER_KNOTS.);
#218=B_SPLINE_CURVE_WITH_KNOTS('',2,(#7876,#7877,#7878),.UNSPECIFIED.,.F.,
 .F.,(3,3),(0.,1.),.PIECEWISE_BEZIER_KNOTS.);
#219=B_SPLINE_CURVE_WITH_KNOTS('',2,(#7880,#7881,#7882),.UNSPECIFIED.,.F.,
 .F.,(3,3),(0.,1.),.PIECEWISE_BEZIER_KNOTS.);
#220=B_SPLINE_CURVE_WITH_KNOTS('',2,(#7884,#7885,#7886),.UNSPECIFIED.,.F.,
 .F.,(3,3),(0.,1.),.PIECEWISE_BEZIER_KNOTS.);
#221=B_SPLINE_CURVE_WITH_KNOTS('',2,(#7896,#7897,#7898),.UNSPECIFIED.,.F.,
 .F.,(3,3),(0.,1.),.PIECEWISE_BEZIER_KNOTS.);
#222=B_SPLINE_CURVE_WITH_KNOTS('',2,(#7911,#7912,#7913),.UNSPECIFIED.,.F.,
 .F.,(3,3),(0.,1.),.PIECEWISE_BEZIER_KNOTS.);
#223=B_SPLINE_CURVE_WITH_KNOTS('',2,(#7939,#7940,#7941),.UNSPECIFIED.,.F.,
 .F.,(3,3),(0.,1.),.PIECEWISE_BEZIER_KNOTS.);
#224=B_SPLINE_CURVE_WITH_KNOTS('',2,(#7943,#7944,#7945),.UNSPECIFIED.,.F.,
 .F.,(3,3),(0.,1.),.PIECEWISE_BEZIER_KNOTS.);
#225=B_SPLINE_CURVE_WITH_KNOTS('',2,(#7947,#7948,#7949),.UNSPECIFIED.,.F.,
 .F.,(3,3),(0.,1.),.PIECEWISE_BEZIER_KNOTS.);
#226=B_SPLINE_CURVE_WITH_KNOTS('',2,(#7951,#7952,#7953),.UNSPECIFIED.,.F.,
 .F.,(3,3),(0.,1.),.PIECEWISE_BEZIER_KNOTS.);
#227=B_SPLINE_CURVE_WITH_KNOTS('',2,(#7955,#7956,#7957),.UNSPECIFIED.,.F.,
 .F.,(3,3),(0.,1.),.PIECEWISE_BEZIER_KNOTS.);
#228=B_SPLINE_CURVE_WITH_KNOTS('',2,(#7959,#7960,#7961),.UNSPECIFIED.,.F.,
 .F.,(3,3),(0.,1.),.PIECEWISE_BEZIER_KNOTS.);
#229=B_SPLINE_CURVE_WITH_KNOTS('',2,(#7971,#7972,#7973),.UNSPECIFIED.,.F.,
 .F.,(3,3),(0.,1.),.PIECEWISE_BEZIER_KNOTS.);
#230=B_SPLINE_CURVE_WITH_KNOTS('',2,(#7975,#7976,#7977),.UNSPECIFIED.,.F.,
 .F.,(3,3),(0.,1.),.PIECEWISE_BEZIER_KNOTS.);
#231=B_SPLINE_CURVE_WITH_KNOTS('',2,(#7979,#7980,#7981),.UNSPECIFIED.,.F.,
 .F.,(3,3),(0.,1.),.PIECEWISE_BEZIER_KNOTS.);
#232=B_SPLINE_CURVE_WITH_KNOTS('',2,(#7983,#7984,#7985),.UNSPECIFIED.,.F.,
 .F.,(3,3),(0.,1.),.PIECEWISE_BEZIER_KNOTS.);
#233=B_SPLINE_CURVE_WITH_KNOTS('',2,(#8011,#8012,#8013),.UNSPECIFIED.,.F.,
 .F.,(3,3),(0.,1.),.PIECEWISE_BEZIER_KNOTS.);
#234=B_SPLINE_CURVE_WITH_KNOTS('',2,(#8015,#8016,#8017),.UNSPECIFIED.,.F.,
 .F.,(3,3),(0.,1.),.PIECEWISE_BEZIER_KNOTS.);
#235=B_SPLINE_CURVE_WITH_KNOTS('',2,(#8031,#8032,#8033),.UNSPECIFIED.,.F.,
 .F.,(3,3),(0.,1.),.PIECEWISE_BEZIER_KNOTS.);
#236=B_SPLINE_CURVE_WITH_KNOTS('',2,(#8035,#8036,#8037),.UNSPECIFIED.,.F.,
 .F.,(3,3),(0.,1.),.PIECEWISE_BEZIER_KNOTS.);
#237=B_SPLINE_CURVE_WITH_KNOTS('',2,(#8043,#8044,#8045),.UNSPECIFIED.,.F.,
 .F.,(3,3),(0.,1.),.PIECEWISE_BEZIER_KNOTS.);
#238=B_SPLINE_CURVE_WITH_KNOTS('',2,(#8047,#8048,#8049),.UNSPECIFIED.,.F.,
 .F.,(3,3),(0.,1.),.PIECEWISE_BEZIER_KNOTS.);
#239=B_SPLINE_CURVE_WITH_KNOTS('',2,(#8112,#8113,#8114),.UNSPECIFIED.,.F.,
 .F.,(3,3),(0.,1.),.PIECEWISE_BEZIER_KNOTS.);
#240=B_SPLINE_CURVE_WITH_KNOTS('',2,(#8117,#8118,#8119),.UNSPECIFIED.,.F.,
 .F.,(3,3),(0.,1.),.PIECEWISE_BEZIER_KNOTS.);
#241=B_SPLINE_CURVE_WITH_KNOTS('',2,(#8121,#8122,#8123),.UNSPECIFIED.,.F.,
 .F.,(3,3),(0.,1.),.PIECEWISE_BEZIER_KNOTS.);
#242=B_SPLINE_CURVE_WITH_KNOTS('',2,(#8133,#8134,#8135),.UNSPECIFIED.,.F.,
 .F.,(3,3),(0.,1.),.PIECEWISE_BEZIER_KNOTS.);
#243=B_SPLINE_CURVE_WITH_KNOTS('',2,(#8137,#8138,#8139),.UNSPECIFIED.,.F.,
 .F.,(3,3),(0.,1.),.PIECEWISE_BEZIER_KNOTS.);
#244=B_SPLINE_CURVE_WITH_KNOTS('',2,(#8141,#8142,#8143),.UNSPECIFIED.,.F.,
 .F.,(3,3),(0.,1.),.PIECEWISE_BEZIER_KNOTS.);
#245=B_SPLINE_CURVE_WITH_KNOTS('',2,(#8145,#8146,#8147),.UNSPECIFIED.,.F.,
 .F.,(3,3),(0.,1.),.PIECEWISE_BEZIER_KNOTS.);
#246=B_SPLINE_CURVE_WITH_KNOTS('',2,(#8149,#8150,#8151),.UNSPECIFIED.,.F.,
 .F.,(3,3),(0.,1.),.PIECEWISE_BEZIER_KNOTS.);
#247=B_SPLINE_CURVE_WITH_KNOTS('',2,(#8153,#8154,#8155),.UNSPECIFIED.,.F.,
 .F.,(3,3),(0.,1.),.PIECEWISE_BEZIER_KNOTS.);
#248=B_SPLINE_CURVE_WITH_KNOTS('',2,(#8165,#8166,#8167),.UNSPECIFIED.,.F.,
 .F.,(3,3),(0.,1.),.PIECEWISE_BEZIER_KNOTS.);
#249=B_SPLINE_CURVE_WITH_KNOTS('',2,(#8168,#8169,#8170),.UNSPECIFIED.,.F.,
 .F.,(3,3),(0.,1.),.PIECEWISE_BEZIER_KNOTS.);
#250=B_SPLINE_CURVE_WITH_KNOTS('',3,(#8279,#8280,#8281,#8282),
 .UNSPECIFIED.,.F.,.F.,(4,4),(0.,1.),.PIECEWISE_BEZIER_KNOTS.);
#251=B_SPLINE_CURVE_WITH_KNOTS('',2,(#8294,#8295,#8296),.UNSPECIFIED.,.F.,
 .F.,(3,3),(0.,1.),.PIECEWISE_BEZIER_KNOTS.);
#252=B_SPLINE_CURVE_WITH_KNOTS('',2,(#8298,#8299,#8300),.UNSPECIFIED.,.F.,
 .F.,(3,3),(0.,1.),.PIECEWISE_BEZIER_KNOTS.);
#253=B_SPLINE_CURVE_WITH_KNOTS('',2,(#8302,#8303,#8304),.UNSPECIFIED.,.F.,
 .F.,(3,3),(0.,1.),.PIECEWISE_BEZIER_KNOTS.);
#254=B_SPLINE_CURVE_WITH_KNOTS('',2,(#8306,#8307,#8308),.UNSPECIFIED.,.F.,
 .F.,(3,3),(0.,1.),.PIECEWISE_BEZIER_KNOTS.);
#255=B_SPLINE_CURVE_WITH_KNOTS('',2,(#8310,#8311,#8312),.UNSPECIFIED.,.F.,
 .F.,(3,3),(0.,1.),.PIECEWISE_BEZIER_KNOTS.);
#256=B_SPLINE_CURVE_WITH_KNOTS('',2,(#8314,#8315,#8316),.UNSPECIFIED.,.F.,
 .F.,(3,3),(0.,1.),.PIECEWISE_BEZIER_KNOTS.);
#257=B_SPLINE_CURVE_WITH_KNOTS('',2,(#8326,#8327,#8328),.UNSPECIFIED.,.F.,
 .F.,(3,3),(0.,1.),.PIECEWISE_BEZIER_KNOTS.);
#258=B_SPLINE_CURVE_WITH_KNOTS('',2,(#8330,#8331,#8332),.UNSPECIFIED.,.F.,
 .F.,(3,3),(0.,1.),.PIECEWISE_BEZIER_KNOTS.);
#259=B_SPLINE_CURVE_WITH_KNOTS('',2,(#8334,#8335,#8336),.UNSPECIFIED.,.F.,
 .F.,(3,3),(0.,1.),.PIECEWISE_BEZIER_KNOTS.);
#260=B_SPLINE_CURVE_WITH_KNOTS('',2,(#8338,#8339,#8340),.UNSPECIFIED.,.F.,
 .F.,(3,3),(0.,1.),.PIECEWISE_BEZIER_KNOTS.);
#261=B_SPLINE_CURVE_WITH_KNOTS('',2,(#8397,#8398,#8399),.UNSPECIFIED.,.F.,
 .F.,(3,3),(0.,1.),.PIECEWISE_BEZIER_KNOTS.);
#262=B_SPLINE_CURVE_WITH_KNOTS('',2,(#8408,#8409,#8410),.UNSPECIFIED.,.F.,
 .F.,(3,3),(0.,1.),.PIECEWISE_BEZIER_KNOTS.);
#263=B_SPLINE_CURVE_WITH_KNOTS('',2,(#8412,#8413,#8414),.UNSPECIFIED.,.F.,
 .F.,(3,3),(0.,1.),.PIECEWISE_BEZIER_KNOTS.);
#264=B_SPLINE_CURVE_WITH_KNOTS('',2,(#8420,#8421,#8422),.UNSPECIFIED.,.F.,
 .F.,(3,3),(0.,1.),.PIECEWISE_BEZIER_KNOTS.);
#265=B_SPLINE_CURVE_WITH_KNOTS('',2,(#8424,#8425,#8426),.UNSPECIFIED.,.F.,
 .F.,(3,3),(0.,1.),.PIECEWISE_BEZIER_KNOTS.);
#266=B_SPLINE_CURVE_WITH_KNOTS('',2,(#8436,#8437,#8438),.UNSPECIFIED.,.F.,
 .F.,(3,3),(0.,1.),.PIECEWISE_BEZIER_KNOTS.);
#267=B_SPLINE_CURVE_WITH_KNOTS('',2,(#8440,#8441,#8442),.UNSPECIFIED.,.F.,
 .F.,(3,3),(0.,1.),.PIECEWISE_BEZIER_KNOTS.);
#268=B_SPLINE_CURVE_WITH_KNOTS('',2,(#8444,#8445,#8446),.UNSPECIFIED.,.F.,
 .F.,(3,3),(0.,1.),.PIECEWISE_BEZIER_KNOTS.);
#269=B_SPLINE_CURVE_WITH_KNOTS('',2,(#8448,#8449,#8450),.UNSPECIFIED.,.F.,
 .F.,(3,3),(0.,1.),.PIECEWISE_BEZIER_KNOTS.);
#270=B_SPLINE_CURVE_WITH_KNOTS('',2,(#8452,#8453,#8454),.UNSPECIFIED.,.F.,
 .F.,(3,3),(0.,1.),.PIECEWISE_BEZIER_KNOTS.);
#271=B_SPLINE_CURVE_WITH_KNOTS('',2,(#8460,#8461,#8462),.UNSPECIFIED.,.F.,
 .F.,(3,3),(0.,1.),.PIECEWISE_BEZIER_KNOTS.);
#272=B_SPLINE_CURVE_WITH_KNOTS('',2,(#8475,#8476,#8477),.UNSPECIFIED.,.F.,
 .F.,(3,3),(0.,1.),.PIECEWISE_BEZIER_KNOTS.);
#273=B_SPLINE_CURVE_WITH_KNOTS('',2,(#8480,#8481,#8482),.UNSPECIFIED.,.F.,
 .F.,(3,3),(0.,1.),.PIECEWISE_BEZIER_KNOTS.);
#274=B_SPLINE_CURVE_WITH_KNOTS('',2,(#8484,#8485,#8486),.UNSPECIFIED.,.F.,
 .F.,(3,3),(0.,1.),.PIECEWISE_BEZIER_KNOTS.);
#275=B_SPLINE_CURVE_WITH_KNOTS('',2,(#8496,#8497,#8498),.UNSPECIFIED.,.F.,
 .F.,(3,3),(0.,1.),.PIECEWISE_BEZIER_KNOTS.);
#276=B_SPLINE_CURVE_WITH_KNOTS('',2,(#8500,#8501,#8502),.UNSPECIFIED.,.F.,
 .F.,(3,3),(0.,1.),.PIECEWISE_BEZIER_KNOTS.);
#277=B_SPLINE_CURVE_WITH_KNOTS('',2,(#8504,#8505,#8506),.UNSPECIFIED.,.F.,
 .F.,(3,3),(0.,1.),.PIECEWISE_BEZIER_KNOTS.);
#278=B_SPLINE_CURVE_WITH_KNOTS('',2,(#8508,#8509,#8510),.UNSPECIFIED.,.F.,
 .F.,(3,3),(0.,1.),.PIECEWISE_BEZIER_KNOTS.);
#279=B_SPLINE_CURVE_WITH_KNOTS('',2,(#8512,#8513,#8514),.UNSPECIFIED.,.F.,
 .F.,(3,3),(0.,1.),.PIECEWISE_BEZIER_KNOTS.);
#280=B_SPLINE_CURVE_WITH_KNOTS('',2,(#8516,#8517,#8518),.UNSPECIFIED.,.F.,
 .F.,(3,3),(0.,1.),.PIECEWISE_BEZIER_KNOTS.);
#281=B_SPLINE_CURVE_WITH_KNOTS('',2,(#8528,#8529,#8530),.UNSPECIFIED.,.F.,
 .F.,(3,3),(0.,1.),.PIECEWISE_BEZIER_KNOTS.);
#282=B_SPLINE_CURVE_WITH_KNOTS('',2,(#8531,#8532,#8533),.UNSPECIFIED.,.F.,
 .F.,(3,3),(0.,1.),.PIECEWISE_BEZIER_KNOTS.);
#283=B_SPLINE_CURVE_WITH_KNOTS('',2,(#8536,#8537,#8538),.UNSPECIFIED.,.F.,
 .F.,(3,3),(0.,1.),.PIECEWISE_BEZIER_KNOTS.);
#284=B_SPLINE_CURVE_WITH_KNOTS('',2,(#8540,#8541,#8542),.UNSPECIFIED.,.F.,
 .F.,(3,3),(0.,1.),.PIECEWISE_BEZIER_KNOTS.);
#285=B_SPLINE_CURVE_WITH_KNOTS('',2,(#8552,#8553,#8554),.UNSPECIFIED.,.F.,
 .F.,(3,3),(0.,1.),.PIECEWISE_BEZIER_KNOTS.);
#286=B_SPLINE_CURVE_WITH_KNOTS('',2,(#8556,#8557,#8558),.UNSPECIFIED.,.F.,
 .F.,(3,3),(0.,1.),.PIECEWISE_BEZIER_KNOTS.);
#287=B_SPLINE_CURVE_WITH_KNOTS('',2,(#8560,#8561,#8562),.UNSPECIFIED.,.F.,
 .F.,(3,3),(0.,1.),.PIECEWISE_BEZIER_KNOTS.);
#288=B_SPLINE_CURVE_WITH_KNOTS('',2,(#8564,#8565,#8566),.UNSPECIFIED.,.F.,
 .F.,(3,3),(0.,1.),.PIECEWISE_BEZIER_KNOTS.);
#289=B_SPLINE_CURVE_WITH_KNOTS('',2,(#8568,#8569,#8570),.UNSPECIFIED.,.F.,
 .F.,(3,3),(0.,1.),.PIECEWISE_BEZIER_KNOTS.);
#290=B_SPLINE_CURVE_WITH_KNOTS('',2,(#8572,#8573,#8574),.UNSPECIFIED.,.F.,
 .F.,(3,3),(0.,1.),.PIECEWISE_BEZIER_KNOTS.);
#291=B_SPLINE_CURVE_WITH_KNOTS('',2,(#8584,#8585,#8586),.UNSPECIFIED.,.F.,
 .F.,(3,3),(0.,1.),.PIECEWISE_BEZIER_KNOTS.);
#292=CIRCLE('',#5635,0.0354000014120305);
#293=CIRCLE('',#5636,0.0354000014120305);
#294=CIRCLE('',#5637,0.0572900008726004);
#295=CIRCLE('',#5638,0.0572900008726004);
#296=CIRCLE('',#5639,0.0927000005393161);
#297=CIRCLE('',#5640,0.0927000005393162);
#298=CIRCLE('',#5641,0.021890002285192);
#299=CIRCLE('',#5642,0.021890002285192);
#300=CIRCLE('',#5643,0.013530014803849);
#301=CIRCLE('',#5644,0.013530014803849);
#302=CIRCLE('',#5645,0.00835000598086126);
#303=CIRCLE('',#5646,0.00835000598086125);
#304=CIRCLE('',#5647,0.00515003868471953);
#305=CIRCLE('',#5648,0.00515003868471957);
#306=CIRCLE('',#5649,0.00515003868469062);
#307=CIRCLE('',#5650,0.00196111485873251);
#308=CIRCLE('',#5651,0.00371238252800739);
#309=CIRCLE('',#5652,0.0032550293380342);
#310=CIRCLE('',#5653,0.00342115656228981);
#311=CIRCLE('',#5654,0.00325198901124629);
#312=CIRCLE('',#5655,0.00320897353720113);
#313=CIRCLE('',#5656,0.00360049858602613);
#314=CIRCLE('',#5657,0.00197104573833094);
#315=CIRCLE('',#5658,0.0017921092816319);
#316=CIRCLE('',#5659,0.003188827103465);
#317=CIRCLE('',#5660,0.00365190754394306);
#318=CIRCLE('',#5661,0.00202486414655272);
#319=CIRCLE('',#5662,0.00179210928163292);
#320=CIRCLE('',#5663,0.00367883636350017);
#321=CIRCLE('',#5664,0.0031724155690924);
#322=CIRCLE('',#5665,0.000565126541265975);
#323=CIRCLE('',#5666,0.00104842120089136);
#324=CIRCLE('',#5667,0.00163661688020968);
#325=CIRCLE('',#5668,0.00129883327307698);
#326=CIRCLE('',#5669,0.00243775800680124);
#327=CIRCLE('',#5670,0.00143334380319383);
#328=CIRCLE('',#5671,0.00358290012540702);
#329=CIRCLE('',#5672,0.00301694487022478);
#330=CIRCLE('',#5673,0.0028158395556903);
#331=CIRCLE('',#5674,0.00265353551543022);
#332=CIRCLE('',#5675,0.00387563022222315);
#333=CIRCLE('',#5676,0.00442308496068905);
#334=CIRCLE('',#5677,0.00502434095931622);
#335=CIRCLE('',#5678,0.00459564751957459);
#336=CIRCLE('',#5679,0.0023167140364978);
#337=CIRCLE('',#5680,0.00342115656228514);
#338=CIRCLE('',#5681,0.00325198901124538);
#339=CIRCLE('',#5682,0.0032089735372026);
#340=CIRCLE('',#5683,0.00360049858603016);
#341=CIRCLE('',#5684,0.00197104573833086);
#342=CIRCLE('',#5685,0.00179210928163436);
#343=CIRCLE('',#5686,0.00318882710346553);
#344=CIRCLE('',#5687,0.00365190754393816);
#345=CIRCLE('',#5688,0.00202486414655307);
#346=CIRCLE('',#5689,0.00179210928163269);
#347=CIRCLE('',#5690,0.00367883636350262);
#348=CIRCLE('',#5691,0.00317241556909396);
#349=CIRCLE('',#5692,0.00257719206385424);
#350=CIRCLE('',#5693,0.00381350321225016);
#351=CIRCLE('',#5694,0.00369643063508567);
#352=CIRCLE('',#5695,0.00544399432048554);
#353=CIRCLE('',#5696,0.0042777265756173);
#354=CIRCLE('',#5697,0.00447757999853099);
#355=CIRCLE('',#5698,0.00266401357096834);
#356=CIRCLE('',#5699,0.0031620411056378);
#357=CIRCLE('',#5700,0.0034689622572087);
#358=CIRCLE('',#5701,0.00195229157299699);
#359=CIRCLE('',#5702,0.00174847691152931);
#360=CIRCLE('',#5703,0.00343250549997751);
#361=CIRCLE('',#5704,0.00319966711982675);
#362=CIRCLE('',#5706,0.00266401357096834);
#363=CIRCLE('',#5707,0.00447757999853099);
#364=CIRCLE('',#5708,0.0042777265756173);
#365=CIRCLE('',#5709,0.00544399432048554);
#366=CIRCLE('',#5710,0.00369643063508567);
#367=CIRCLE('',#5711,0.00381350321225016);
#368=CIRCLE('',#5712,0.00257719206385424);
#369=CIRCLE('',#5713,0.00342115656228514);
#370=CIRCLE('',#5714,0.00179210928163436);
#371=CIRCLE('',#5715,0.00197104573833086);
#372=CIRCLE('',#5716,0.00360049858603016);
#373=CIRCLE('',#5717,0.0032089735372026);
#374=CIRCLE('',#5718,0.00325198901124538);
#375=CIRCLE('',#5719,0.00265353551543022);
#376=CIRCLE('',#5720,0.0028158395556903);
#377=CIRCLE('',#5721,0.00301694487022478);
#378=CIRCLE('',#5722,0.00358290012540702);
#379=CIRCLE('',#5723,0.00143334380319383);
#380=CIRCLE('',#5724,0.00243775800680124);
#381=CIRCLE('',#5725,0.00129883327307698);
#382=CIRCLE('',#5726,0.00163661688020968);
#383=CIRCLE('',#5727,0.00104842120089136);
#384=CIRCLE('',#5728,0.000565126541265975);
#385=CIRCLE('',#5729,0.0031724155690924);
#386=CIRCLE('',#5730,0.00367883636350017);
#387=CIRCLE('',#5731,0.00179210928163292);
#388=CIRCLE('',#5732,0.00202486414655272);
#389=CIRCLE('',#5733,0.00365190754394306);
#390=CIRCLE('',#5734,0.003188827103465);
#391=CIRCLE('',#5735,0.0032550293380342);
#392=CIRCLE('',#5736,0.00371238252800739);
#393=CIRCLE('',#5737,0.00196111485873251);
#394=CIRCLE('',#5738,0.0354000014120305);
#395=CIRCLE('',#5739,0.0354000014120305);
#396=CIRCLE('',#5740,0.0572900008726004);
#397=CIRCLE('',#5741,0.0572900008726004);
#398=CIRCLE('',#5742,0.0927000005393161);
#399=CIRCLE('',#5743,0.0927000005393162);
#400=CIRCLE('',#5744,0.021890002285192);
#401=CIRCLE('',#5745,0.021890002285192);
#402=CIRCLE('',#5746,0.013530014803849);
#403=CIRCLE('',#5747,0.013530014803849);
#404=CIRCLE('',#5748,0.00835000598086126);
#405=CIRCLE('',#5749,0.00835000598086125);
#406=CIRCLE('',#5750,0.00515003868471953);
#407=CIRCLE('',#5751,0.00515003868471957);
#408=CIRCLE('',#5752,0.00515003868469062);
#409=CIRCLE('',#5753,0.00342115656228981);
#410=CIRCLE('',#5754,0.0017921092816319);
#411=CIRCLE('',#5755,0.00197104573833094);
#412=CIRCLE('',#5756,0.00360049858602613);
#413=CIRCLE('',#5757,0.00320897353720113);
#414=CIRCLE('',#5758,0.00325198901124629);
#415=CIRCLE('',#5759,0.0023167140364978);
#416=CIRCLE('',#5760,0.00459564751957459);
#417=CIRCLE('',#5761,0.00502434095931622);
#418=CIRCLE('',#5762,0.00442308496068905);
#419=CIRCLE('',#5763,0.00387563022222315);
#420=CIRCLE('',#5764,0.00317241556909396);
#421=CIRCLE('',#5765,0.00367883636350262);
#422=CIRCLE('',#5766,0.00179210928163269);
#423=CIRCLE('',#5767,0.00202486414655307);
#424=CIRCLE('',#5768,0.00365190754393816);
#425=CIRCLE('',#5769,0.00318882710346553);
#426=CIRCLE('',#5770,0.00319966711982675);
#427=CIRCLE('',#5771,0.00343250549997751);
#428=CIRCLE('',#5772,0.00174847691152931);
#429=CIRCLE('',#5773,0.00195229157299699);
#430=CIRCLE('',#5774,0.0034689622572087);
#431=CIRCLE('',#5775,0.0031620411056378);
#432=ORIENTED_EDGE('',*,*,#2070,.T.);
#433=ORIENTED_EDGE('',*,*,#2071,.F.);
#434=ORIENTED_EDGE('',*,*,#2072,.F.);
#435=ORIENTED_EDGE('',*,*,#2073,.T.);
#436=ORIENTED_EDGE('',*,*,#2074,.F.);
#437=ORIENTED_EDGE('',*,*,#2075,.T.);
#438=ORIENTED_EDGE('',*,*,#2076,.T.);
#439=ORIENTED_EDGE('',*,*,#2077,.F.);
#440=ORIENTED_EDGE('',*,*,#2078,.F.);
#441=ORIENTED_EDGE('',*,*,#2079,.F.);
#442=ORIENTED_EDGE('',*,*,#2080,.F.);
#443=ORIENTED_EDGE('',*,*,#2081,.F.);
#444=ORIENTED_EDGE('',*,*,#2082,.F.);
#445=ORIENTED_EDGE('',*,*,#2083,.T.);
#446=ORIENTED_EDGE('',*,*,#2084,.T.);
#447=ORIENTED_EDGE('',*,*,#2085,.F.);
#448=ORIENTED_EDGE('',*,*,#2086,.F.);
#449=ORIENTED_EDGE('',*,*,#2087,.T.);
#450=ORIENTED_EDGE('',*,*,#2088,.F.);
#451=ORIENTED_EDGE('',*,*,#2089,.F.);
#452=ORIENTED_EDGE('',*,*,#2090,.F.);
#453=ORIENTED_EDGE('',*,*,#2091,.F.);
#454=ORIENTED_EDGE('',*,*,#2092,.F.);
#455=ORIENTED_EDGE('',*,*,#2093,.T.);
#456=ORIENTED_EDGE('',*,*,#2094,.F.);
#457=ORIENTED_EDGE('',*,*,#2095,.F.);
#458=ORIENTED_EDGE('',*,*,#2096,.F.);
#459=ORIENTED_EDGE('',*,*,#2097,.F.);
#460=ORIENTED_EDGE('',*,*,#2098,.F.);
#461=ORIENTED_EDGE('',*,*,#2099,.F.);
#462=ORIENTED_EDGE('',*,*,#2100,.T.);
#463=ORIENTED_EDGE('',*,*,#2101,.F.);
#464=ORIENTED_EDGE('',*,*,#2102,.F.);
#465=ORIENTED_EDGE('',*,*,#2103,.T.);
#466=ORIENTED_EDGE('',*,*,#2104,.F.);
#467=ORIENTED_EDGE('',*,*,#2105,.F.);
#468=ORIENTED_EDGE('',*,*,#2106,.T.);
#469=ORIENTED_EDGE('',*,*,#2107,.F.);
#470=ORIENTED_EDGE('',*,*,#2108,.F.);
#471=ORIENTED_EDGE('',*,*,#2109,.T.);
#472=ORIENTED_EDGE('',*,*,#2110,.F.);
#473=ORIENTED_EDGE('',*,*,#2111,.T.);
#474=ORIENTED_EDGE('',*,*,#2112,.F.);
#475=ORIENTED_EDGE('',*,*,#2113,.F.);
#476=ORIENTED_EDGE('',*,*,#2114,.T.);
#477=ORIENTED_EDGE('',*,*,#2115,.T.);
#478=ORIENTED_EDGE('',*,*,#2116,.F.);
#479=ORIENTED_EDGE('',*,*,#2117,.F.);
#480=ORIENTED_EDGE('',*,*,#2118,.T.);
#481=ORIENTED_EDGE('',*,*,#2119,.T.);
#482=ORIENTED_EDGE('',*,*,#2120,.T.);
#483=ORIENTED_EDGE('',*,*,#2121,.T.);
#484=ORIENTED_EDGE('',*,*,#2122,.T.);
#485=ORIENTED_EDGE('',*,*,#2123,.T.);
#486=ORIENTED_EDGE('',*,*,#2124,.T.);
#487=ORIENTED_EDGE('',*,*,#2125,.T.);
#488=ORIENTED_EDGE('',*,*,#2126,.T.);
#489=ORIENTED_EDGE('',*,*,#2127,.T.);
#490=ORIENTED_EDGE('',*,*,#2128,.T.);
#491=ORIENTED_EDGE('',*,*,#2129,.T.);
#492=ORIENTED_EDGE('',*,*,#2130,.T.);
#493=ORIENTED_EDGE('',*,*,#2131,.T.);
#494=ORIENTED_EDGE('',*,*,#2132,.T.);
#495=ORIENTED_EDGE('',*,*,#2133,.T.);
#496=ORIENTED_EDGE('',*,*,#2134,.T.);
#497=ORIENTED_EDGE('',*,*,#2135,.T.);
#498=ORIENTED_EDGE('',*,*,#2136,.T.);
#499=ORIENTED_EDGE('',*,*,#2137,.T.);
#500=ORIENTED_EDGE('',*,*,#2138,.T.);
#501=ORIENTED_EDGE('',*,*,#2139,.T.);
#502=ORIENTED_EDGE('',*,*,#2140,.T.);
#503=ORIENTED_EDGE('',*,*,#2141,.T.);
#504=ORIENTED_EDGE('',*,*,#2142,.T.);
#505=ORIENTED_EDGE('',*,*,#2143,.T.);
#506=ORIENTED_EDGE('',*,*,#2144,.T.);
#507=ORIENTED_EDGE('',*,*,#2145,.T.);
#508=ORIENTED_EDGE('',*,*,#2146,.T.);
#509=ORIENTED_EDGE('',*,*,#2147,.T.);
#510=ORIENTED_EDGE('',*,*,#2148,.T.);
#511=ORIENTED_EDGE('',*,*,#2149,.T.);
#512=ORIENTED_EDGE('',*,*,#2150,.T.);
#513=ORIENTED_EDGE('',*,*,#2151,.T.);
#514=ORIENTED_EDGE('',*,*,#2152,.T.);
#515=ORIENTED_EDGE('',*,*,#2153,.T.);
#516=ORIENTED_EDGE('',*,*,#2154,.T.);
#517=ORIENTED_EDGE('',*,*,#2155,.T.);
#518=ORIENTED_EDGE('',*,*,#2156,.T.);
#519=ORIENTED_EDGE('',*,*,#2157,.T.);
#520=ORIENTED_EDGE('',*,*,#2158,.T.);
#521=ORIENTED_EDGE('',*,*,#2159,.T.);
#522=ORIENTED_EDGE('',*,*,#2160,.T.);
#523=ORIENTED_EDGE('',*,*,#2161,.T.);
#524=ORIENTED_EDGE('',*,*,#2162,.T.);
#525=ORIENTED_EDGE('',*,*,#2163,.T.);
#526=ORIENTED_EDGE('',*,*,#2164,.T.);
#527=ORIENTED_EDGE('',*,*,#2165,.T.);
#528=ORIENTED_EDGE('',*,*,#2166,.T.);
#529=ORIENTED_EDGE('',*,*,#2167,.T.);
#530=ORIENTED_EDGE('',*,*,#2168,.T.);
#531=ORIENTED_EDGE('',*,*,#2169,.T.);
#532=ORIENTED_EDGE('',*,*,#2170,.T.);
#533=ORIENTED_EDGE('',*,*,#2171,.T.);
#534=ORIENTED_EDGE('',*,*,#2172,.T.);
#535=ORIENTED_EDGE('',*,*,#2173,.T.);
#536=ORIENTED_EDGE('',*,*,#2174,.T.);
#537=ORIENTED_EDGE('',*,*,#2175,.T.);
#538=ORIENTED_EDGE('',*,*,#2176,.T.);
#539=ORIENTED_EDGE('',*,*,#2177,.T.);
#540=ORIENTED_EDGE('',*,*,#2178,.T.);
#541=ORIENTED_EDGE('',*,*,#2179,.T.);
#542=ORIENTED_EDGE('',*,*,#2180,.T.);
#543=ORIENTED_EDGE('',*,*,#2181,.T.);
#544=ORIENTED_EDGE('',*,*,#2182,.T.);
#545=ORIENTED_EDGE('',*,*,#2183,.T.);
#546=ORIENTED_EDGE('',*,*,#2184,.T.);
#547=ORIENTED_EDGE('',*,*,#2185,.T.);
#548=ORIENTED_EDGE('',*,*,#2186,.T.);
#549=ORIENTED_EDGE('',*,*,#2187,.T.);
#550=ORIENTED_EDGE('',*,*,#2188,.T.);
#551=ORIENTED_EDGE('',*,*,#2189,.T.);
#552=ORIENTED_EDGE('',*,*,#2190,.T.);
#553=ORIENTED_EDGE('',*,*,#2191,.T.);
#554=ORIENTED_EDGE('',*,*,#2192,.T.);
#555=ORIENTED_EDGE('',*,*,#2193,.T.);
#556=ORIENTED_EDGE('',*,*,#2194,.T.);
#557=ORIENTED_EDGE('',*,*,#2195,.T.);
#558=ORIENTED_EDGE('',*,*,#2196,.T.);
#559=ORIENTED_EDGE('',*,*,#2197,.T.);
#560=ORIENTED_EDGE('',*,*,#2198,.T.);
#561=ORIENTED_EDGE('',*,*,#2199,.T.);
#562=ORIENTED_EDGE('',*,*,#2200,.T.);
#563=ORIENTED_EDGE('',*,*,#2201,.T.);
#564=ORIENTED_EDGE('',*,*,#2202,.T.);
#565=ORIENTED_EDGE('',*,*,#2203,.T.);
#566=ORIENTED_EDGE('',*,*,#2204,.T.);
#567=ORIENTED_EDGE('',*,*,#2205,.T.);
#568=ORIENTED_EDGE('',*,*,#2206,.T.);
#569=ORIENTED_EDGE('',*,*,#2207,.T.);
#570=ORIENTED_EDGE('',*,*,#2208,.T.);
#571=ORIENTED_EDGE('',*,*,#2209,.T.);
#572=ORIENTED_EDGE('',*,*,#2210,.T.);
#573=ORIENTED_EDGE('',*,*,#2211,.T.);
#574=ORIENTED_EDGE('',*,*,#2212,.T.);
#575=ORIENTED_EDGE('',*,*,#2213,.T.);
#576=ORIENTED_EDGE('',*,*,#2214,.T.);
#577=ORIENTED_EDGE('',*,*,#2215,.T.);
#578=ORIENTED_EDGE('',*,*,#2216,.T.);
#579=ORIENTED_EDGE('',*,*,#2217,.T.);
#580=ORIENTED_EDGE('',*,*,#2218,.T.);
#581=ORIENTED_EDGE('',*,*,#2219,.T.);
#582=ORIENTED_EDGE('',*,*,#2220,.T.);
#583=ORIENTED_EDGE('',*,*,#2221,.T.);
#584=ORIENTED_EDGE('',*,*,#2222,.T.);
#585=ORIENTED_EDGE('',*,*,#2223,.T.);
#586=ORIENTED_EDGE('',*,*,#2224,.T.);
#587=ORIENTED_EDGE('',*,*,#2225,.T.);
#588=ORIENTED_EDGE('',*,*,#2226,.T.);
#589=ORIENTED_EDGE('',*,*,#2227,.T.);
#590=ORIENTED_EDGE('',*,*,#2228,.T.);
#591=ORIENTED_EDGE('',*,*,#2229,.T.);
#592=ORIENTED_EDGE('',*,*,#2230,.T.);
#593=ORIENTED_EDGE('',*,*,#2231,.T.);
#594=ORIENTED_EDGE('',*,*,#2232,.T.);
#595=ORIENTED_EDGE('',*,*,#2233,.T.);
#596=ORIENTED_EDGE('',*,*,#2234,.T.);
#597=ORIENTED_EDGE('',*,*,#2235,.T.);
#598=ORIENTED_EDGE('',*,*,#2236,.T.);
#599=ORIENTED_EDGE('',*,*,#2237,.T.);
#600=ORIENTED_EDGE('',*,*,#2238,.T.);
#601=ORIENTED_EDGE('',*,*,#2239,.T.);
#602=ORIENTED_EDGE('',*,*,#2240,.T.);
#603=ORIENTED_EDGE('',*,*,#2241,.T.);
#604=ORIENTED_EDGE('',*,*,#2242,.T.);
#605=ORIENTED_EDGE('',*,*,#2243,.T.);
#606=ORIENTED_EDGE('',*,*,#2244,.T.);
#607=ORIENTED_EDGE('',*,*,#2245,.T.);
#608=ORIENTED_EDGE('',*,*,#2246,.T.);
#609=ORIENTED_EDGE('',*,*,#2247,.T.);
#610=ORIENTED_EDGE('',*,*,#2248,.T.);
#611=ORIENTED_EDGE('',*,*,#2249,.T.);
#612=ORIENTED_EDGE('',*,*,#2250,.T.);
#613=ORIENTED_EDGE('',*,*,#2251,.T.);
#614=ORIENTED_EDGE('',*,*,#2252,.T.);
#615=ORIENTED_EDGE('',*,*,#2253,.T.);
#616=ORIENTED_EDGE('',*,*,#2254,.T.);
#617=ORIENTED_EDGE('',*,*,#2255,.T.);
#618=ORIENTED_EDGE('',*,*,#2256,.T.);
#619=ORIENTED_EDGE('',*,*,#2257,.T.);
#620=ORIENTED_EDGE('',*,*,#2258,.T.);
#621=ORIENTED_EDGE('',*,*,#2259,.T.);
#622=ORIENTED_EDGE('',*,*,#2260,.T.);
#623=ORIENTED_EDGE('',*,*,#2261,.T.);
#624=ORIENTED_EDGE('',*,*,#2262,.T.);
#625=ORIENTED_EDGE('',*,*,#2263,.T.);
#626=ORIENTED_EDGE('',*,*,#2264,.T.);
#627=ORIENTED_EDGE('',*,*,#2265,.T.);
#628=ORIENTED_EDGE('',*,*,#2266,.T.);
#629=ORIENTED_EDGE('',*,*,#2267,.T.);
#630=ORIENTED_EDGE('',*,*,#2268,.T.);
#631=ORIENTED_EDGE('',*,*,#2269,.T.);
#632=ORIENTED_EDGE('',*,*,#2270,.T.);
#633=ORIENTED_EDGE('',*,*,#2271,.T.);
#634=ORIENTED_EDGE('',*,*,#2272,.T.);
#635=ORIENTED_EDGE('',*,*,#2273,.T.);
#636=ORIENTED_EDGE('',*,*,#2274,.T.);
#637=ORIENTED_EDGE('',*,*,#2275,.T.);
#638=ORIENTED_EDGE('',*,*,#2276,.T.);
#639=ORIENTED_EDGE('',*,*,#2277,.T.);
#640=ORIENTED_EDGE('',*,*,#2278,.T.);
#641=ORIENTED_EDGE('',*,*,#2279,.T.);
#642=ORIENTED_EDGE('',*,*,#2280,.T.);
#643=ORIENTED_EDGE('',*,*,#2281,.T.);
#644=ORIENTED_EDGE('',*,*,#2282,.T.);
#645=ORIENTED_EDGE('',*,*,#2283,.T.);
#646=ORIENTED_EDGE('',*,*,#2284,.T.);
#647=ORIENTED_EDGE('',*,*,#2285,.T.);
#648=ORIENTED_EDGE('',*,*,#2286,.T.);
#649=ORIENTED_EDGE('',*,*,#2287,.T.);
#650=ORIENTED_EDGE('',*,*,#2288,.T.);
#651=ORIENTED_EDGE('',*,*,#2289,.T.);
#652=ORIENTED_EDGE('',*,*,#2290,.T.);
#653=ORIENTED_EDGE('',*,*,#2291,.T.);
#654=ORIENTED_EDGE('',*,*,#2292,.T.);
#655=ORIENTED_EDGE('',*,*,#2293,.T.);
#656=ORIENTED_EDGE('',*,*,#2294,.T.);
#657=ORIENTED_EDGE('',*,*,#2295,.T.);
#658=ORIENTED_EDGE('',*,*,#2296,.T.);
#659=ORIENTED_EDGE('',*,*,#2297,.T.);
#660=ORIENTED_EDGE('',*,*,#2298,.T.);
#661=ORIENTED_EDGE('',*,*,#2299,.T.);
#662=ORIENTED_EDGE('',*,*,#2300,.T.);
#663=ORIENTED_EDGE('',*,*,#2301,.T.);
#664=ORIENTED_EDGE('',*,*,#2302,.T.);
#665=ORIENTED_EDGE('',*,*,#2303,.T.);
#666=ORIENTED_EDGE('',*,*,#2304,.T.);
#667=ORIENTED_EDGE('',*,*,#2305,.T.);
#668=ORIENTED_EDGE('',*,*,#2306,.T.);
#669=ORIENTED_EDGE('',*,*,#2307,.T.);
#670=ORIENTED_EDGE('',*,*,#2308,.T.);
#671=ORIENTED_EDGE('',*,*,#2309,.T.);
#672=ORIENTED_EDGE('',*,*,#2310,.T.);
#673=ORIENTED_EDGE('',*,*,#2311,.T.);
#674=ORIENTED_EDGE('',*,*,#2312,.T.);
#675=ORIENTED_EDGE('',*,*,#2313,.T.);
#676=ORIENTED_EDGE('',*,*,#2314,.T.);
#677=ORIENTED_EDGE('',*,*,#2315,.T.);
#678=ORIENTED_EDGE('',*,*,#2316,.T.);
#679=ORIENTED_EDGE('',*,*,#2317,.T.);
#680=ORIENTED_EDGE('',*,*,#2318,.T.);
#681=ORIENTED_EDGE('',*,*,#2319,.T.);
#682=ORIENTED_EDGE('',*,*,#2320,.T.);
#683=ORIENTED_EDGE('',*,*,#2321,.T.);
#684=ORIENTED_EDGE('',*,*,#2322,.T.);
#685=ORIENTED_EDGE('',*,*,#2323,.T.);
#686=ORIENTED_EDGE('',*,*,#2324,.T.);
#687=ORIENTED_EDGE('',*,*,#2325,.T.);
#688=ORIENTED_EDGE('',*,*,#2326,.T.);
#689=ORIENTED_EDGE('',*,*,#2327,.T.);
#690=ORIENTED_EDGE('',*,*,#2328,.T.);
#691=ORIENTED_EDGE('',*,*,#2329,.T.);
#692=ORIENTED_EDGE('',*,*,#2330,.T.);
#693=ORIENTED_EDGE('',*,*,#2331,.T.);
#694=ORIENTED_EDGE('',*,*,#2332,.T.);
#695=ORIENTED_EDGE('',*,*,#2333,.T.);
#696=ORIENTED_EDGE('',*,*,#2334,.T.);
#697=ORIENTED_EDGE('',*,*,#2335,.T.);
#698=ORIENTED_EDGE('',*,*,#2336,.T.);
#699=ORIENTED_EDGE('',*,*,#2337,.T.);
#700=ORIENTED_EDGE('',*,*,#2338,.T.);
#701=ORIENTED_EDGE('',*,*,#2339,.T.);
#702=ORIENTED_EDGE('',*,*,#2340,.T.);
#703=ORIENTED_EDGE('',*,*,#2341,.T.);
#704=ORIENTED_EDGE('',*,*,#2342,.T.);
#705=ORIENTED_EDGE('',*,*,#2343,.F.);
#706=ORIENTED_EDGE('',*,*,#2344,.F.);
#707=ORIENTED_EDGE('',*,*,#2345,.F.);
#708=ORIENTED_EDGE('',*,*,#2346,.F.);
#709=ORIENTED_EDGE('',*,*,#2347,.F.);
#710=ORIENTED_EDGE('',*,*,#2348,.F.);
#711=ORIENTED_EDGE('',*,*,#2349,.F.);
#712=ORIENTED_EDGE('',*,*,#2350,.F.);
#713=ORIENTED_EDGE('',*,*,#2351,.F.);
#714=ORIENTED_EDGE('',*,*,#2352,.F.);
#715=ORIENTED_EDGE('',*,*,#2353,.F.);
#716=ORIENTED_EDGE('',*,*,#2354,.F.);
#717=ORIENTED_EDGE('',*,*,#2355,.F.);
#718=ORIENTED_EDGE('',*,*,#2356,.F.);
#719=ORIENTED_EDGE('',*,*,#2357,.F.);
#720=ORIENTED_EDGE('',*,*,#2358,.F.);
#721=ORIENTED_EDGE('',*,*,#2359,.F.);
#722=ORIENTED_EDGE('',*,*,#2360,.F.);
#723=ORIENTED_EDGE('',*,*,#2361,.F.);
#724=ORIENTED_EDGE('',*,*,#2362,.F.);
#725=ORIENTED_EDGE('',*,*,#2363,.F.);
#726=ORIENTED_EDGE('',*,*,#2364,.F.);
#727=ORIENTED_EDGE('',*,*,#2365,.F.);
#728=ORIENTED_EDGE('',*,*,#2366,.F.);
#729=ORIENTED_EDGE('',*,*,#2367,.F.);
#730=ORIENTED_EDGE('',*,*,#2368,.F.);
#731=ORIENTED_EDGE('',*,*,#2369,.F.);
#732=ORIENTED_EDGE('',*,*,#2370,.F.);
#733=ORIENTED_EDGE('',*,*,#2371,.F.);
#734=ORIENTED_EDGE('',*,*,#2372,.F.);
#735=ORIENTED_EDGE('',*,*,#2373,.F.);
#736=ORIENTED_EDGE('',*,*,#2374,.F.);
#737=ORIENTED_EDGE('',*,*,#2375,.F.);
#738=ORIENTED_EDGE('',*,*,#2376,.F.);
#739=ORIENTED_EDGE('',*,*,#2377,.F.);
#740=ORIENTED_EDGE('',*,*,#2378,.F.);
#741=ORIENTED_EDGE('',*,*,#2379,.F.);
#742=ORIENTED_EDGE('',*,*,#2380,.F.);
#743=ORIENTED_EDGE('',*,*,#2381,.F.);
#744=ORIENTED_EDGE('',*,*,#2382,.F.);
#745=ORIENTED_EDGE('',*,*,#2383,.F.);
#746=ORIENTED_EDGE('',*,*,#2384,.F.);
#747=ORIENTED_EDGE('',*,*,#2385,.F.);
#748=ORIENTED_EDGE('',*,*,#2386,.F.);
#749=ORIENTED_EDGE('',*,*,#2387,.F.);
#750=ORIENTED_EDGE('',*,*,#2388,.F.);
#751=ORIENTED_EDGE('',*,*,#2389,.F.);
#752=ORIENTED_EDGE('',*,*,#2390,.F.);
#753=ORIENTED_EDGE('',*,*,#2391,.F.);
#754=ORIENTED_EDGE('',*,*,#2392,.F.);
#755=ORIENTED_EDGE('',*,*,#2393,.F.);
#756=ORIENTED_EDGE('',*,*,#2394,.F.);
#757=ORIENTED_EDGE('',*,*,#2395,.F.);
#758=ORIENTED_EDGE('',*,*,#2396,.F.);
#759=ORIENTED_EDGE('',*,*,#2397,.F.);
#760=ORIENTED_EDGE('',*,*,#2398,.F.);
#761=ORIENTED_EDGE('',*,*,#2399,.F.);
#762=ORIENTED_EDGE('',*,*,#2400,.F.);
#763=ORIENTED_EDGE('',*,*,#2401,.F.);
#764=ORIENTED_EDGE('',*,*,#2402,.F.);
#765=ORIENTED_EDGE('',*,*,#2403,.F.);
#766=ORIENTED_EDGE('',*,*,#2404,.F.);
#767=ORIENTED_EDGE('',*,*,#2405,.F.);
#768=ORIENTED_EDGE('',*,*,#2406,.F.);
#769=ORIENTED_EDGE('',*,*,#2407,.F.);
#770=ORIENTED_EDGE('',*,*,#2408,.F.);
#771=ORIENTED_EDGE('',*,*,#2409,.F.);
#772=ORIENTED_EDGE('',*,*,#2410,.F.);
#773=ORIENTED_EDGE('',*,*,#2411,.F.);
#774=ORIENTED_EDGE('',*,*,#2412,.F.);
#775=ORIENTED_EDGE('',*,*,#2413,.F.);
#776=ORIENTED_EDGE('',*,*,#2414,.F.);
#777=ORIENTED_EDGE('',*,*,#2415,.F.);
#778=ORIENTED_EDGE('',*,*,#2416,.F.);
#779=ORIENTED_EDGE('',*,*,#2417,.F.);
#780=ORIENTED_EDGE('',*,*,#2418,.F.);
#781=ORIENTED_EDGE('',*,*,#2419,.F.);
#782=ORIENTED_EDGE('',*,*,#2420,.F.);
#783=ORIENTED_EDGE('',*,*,#2421,.F.);
#784=ORIENTED_EDGE('',*,*,#2422,.F.);
#785=ORIENTED_EDGE('',*,*,#2423,.F.);
#786=ORIENTED_EDGE('',*,*,#2424,.F.);
#787=ORIENTED_EDGE('',*,*,#2425,.F.);
#788=ORIENTED_EDGE('',*,*,#2426,.F.);
#789=ORIENTED_EDGE('',*,*,#2427,.F.);
#790=ORIENTED_EDGE('',*,*,#2428,.F.);
#791=ORIENTED_EDGE('',*,*,#2429,.F.);
#792=ORIENTED_EDGE('',*,*,#2430,.F.);
#793=ORIENTED_EDGE('',*,*,#2431,.F.);
#794=ORIENTED_EDGE('',*,*,#2432,.F.);
#795=ORIENTED_EDGE('',*,*,#2433,.F.);
#796=ORIENTED_EDGE('',*,*,#2434,.F.);
#797=ORIENTED_EDGE('',*,*,#2435,.F.);
#798=ORIENTED_EDGE('',*,*,#2436,.F.);
#799=ORIENTED_EDGE('',*,*,#2437,.F.);
#800=ORIENTED_EDGE('',*,*,#2438,.F.);
#801=ORIENTED_EDGE('',*,*,#2439,.F.);
#802=ORIENTED_EDGE('',*,*,#2440,.F.);
#803=ORIENTED_EDGE('',*,*,#2441,.F.);
#804=ORIENTED_EDGE('',*,*,#2442,.F.);
#805=ORIENTED_EDGE('',*,*,#2443,.F.);
#806=ORIENTED_EDGE('',*,*,#2444,.F.);
#807=ORIENTED_EDGE('',*,*,#2445,.F.);
#808=ORIENTED_EDGE('',*,*,#2446,.F.);
#809=ORIENTED_EDGE('',*,*,#2447,.F.);
#810=ORIENTED_EDGE('',*,*,#2448,.F.);
#811=ORIENTED_EDGE('',*,*,#2449,.F.);
#812=ORIENTED_EDGE('',*,*,#2450,.F.);
#813=ORIENTED_EDGE('',*,*,#2451,.F.);
#814=ORIENTED_EDGE('',*,*,#2452,.F.);
#815=ORIENTED_EDGE('',*,*,#2453,.F.);
#816=ORIENTED_EDGE('',*,*,#2454,.F.);
#817=ORIENTED_EDGE('',*,*,#2455,.F.);
#818=ORIENTED_EDGE('',*,*,#2456,.F.);
#819=ORIENTED_EDGE('',*,*,#2457,.F.);
#820=ORIENTED_EDGE('',*,*,#2458,.F.);
#821=ORIENTED_EDGE('',*,*,#2459,.F.);
#822=ORIENTED_EDGE('',*,*,#2460,.T.);
#823=ORIENTED_EDGE('',*,*,#2461,.T.);
#824=ORIENTED_EDGE('',*,*,#2462,.T.);
#825=ORIENTED_EDGE('',*,*,#2463,.F.);
#826=ORIENTED_EDGE('',*,*,#2464,.F.);
#827=ORIENTED_EDGE('',*,*,#2465,.T.);
#828=ORIENTED_EDGE('',*,*,#2466,.T.);
#829=ORIENTED_EDGE('',*,*,#2467,.T.);
#830=ORIENTED_EDGE('',*,*,#2468,.T.);
#831=ORIENTED_EDGE('',*,*,#2469,.T.);
#832=ORIENTED_EDGE('',*,*,#2470,.T.);
#833=ORIENTED_EDGE('',*,*,#2471,.F.);
#834=ORIENTED_EDGE('',*,*,#2472,.T.);
#835=ORIENTED_EDGE('',*,*,#2473,.F.);
#836=ORIENTED_EDGE('',*,*,#2474,.T.);
#837=ORIENTED_EDGE('',*,*,#2475,.T.);
#838=ORIENTED_EDGE('',*,*,#2476,.F.);
#839=ORIENTED_EDGE('',*,*,#2477,.T.);
#840=ORIENTED_EDGE('',*,*,#2478,.T.);
#841=ORIENTED_EDGE('',*,*,#2479,.T.);
#842=ORIENTED_EDGE('',*,*,#2480,.T.);
#843=ORIENTED_EDGE('',*,*,#2481,.T.);
#844=ORIENTED_EDGE('',*,*,#2482,.F.);
#845=ORIENTED_EDGE('',*,*,#2483,.T.);
#846=ORIENTED_EDGE('',*,*,#2484,.T.);
#847=ORIENTED_EDGE('',*,*,#2485,.T.);
#848=ORIENTED_EDGE('',*,*,#2486,.T.);
#849=ORIENTED_EDGE('',*,*,#2487,.F.);
#850=ORIENTED_EDGE('',*,*,#2488,.T.);
#851=ORIENTED_EDGE('',*,*,#2489,.T.);
#852=ORIENTED_EDGE('',*,*,#2490,.F.);
#853=ORIENTED_EDGE('',*,*,#2491,.T.);
#854=ORIENTED_EDGE('',*,*,#2492,.T.);
#855=ORIENTED_EDGE('',*,*,#2493,.F.);
#856=ORIENTED_EDGE('',*,*,#2494,.T.);
#857=ORIENTED_EDGE('',*,*,#2495,.T.);
#858=ORIENTED_EDGE('',*,*,#2496,.F.);
#859=ORIENTED_EDGE('',*,*,#2497,.T.);
#860=ORIENTED_EDGE('',*,*,#2498,.T.);
#861=ORIENTED_EDGE('',*,*,#2499,.T.);
#862=ORIENTED_EDGE('',*,*,#2500,.F.);
#863=ORIENTED_EDGE('',*,*,#2501,.T.);
#864=ORIENTED_EDGE('',*,*,#2502,.T.);
#865=ORIENTED_EDGE('',*,*,#2503,.F.);
#866=ORIENTED_EDGE('',*,*,#2504,.F.);
#867=ORIENTED_EDGE('',*,*,#2505,.T.);
#868=ORIENTED_EDGE('',*,*,#2506,.F.);
#869=ORIENTED_EDGE('',*,*,#2507,.F.);
#870=ORIENTED_EDGE('',*,*,#2508,.F.);
#871=ORIENTED_EDGE('',*,*,#2509,.F.);
#872=ORIENTED_EDGE('',*,*,#2510,.F.);
#873=ORIENTED_EDGE('',*,*,#2511,.F.);
#874=ORIENTED_EDGE('',*,*,#2512,.F.);
#875=ORIENTED_EDGE('',*,*,#2513,.F.);
#876=ORIENTED_EDGE('',*,*,#2514,.F.);
#877=ORIENTED_EDGE('',*,*,#2515,.F.);
#878=ORIENTED_EDGE('',*,*,#2516,.F.);
#879=ORIENTED_EDGE('',*,*,#2517,.F.);
#880=ORIENTED_EDGE('',*,*,#2518,.F.);
#881=ORIENTED_EDGE('',*,*,#2519,.F.);
#882=ORIENTED_EDGE('',*,*,#2520,.F.);
#883=ORIENTED_EDGE('',*,*,#2521,.F.);
#884=ORIENTED_EDGE('',*,*,#2522,.F.);
#885=ORIENTED_EDGE('',*,*,#2523,.F.);
#886=ORIENTED_EDGE('',*,*,#2524,.F.);
#887=ORIENTED_EDGE('',*,*,#2525,.F.);
#888=ORIENTED_EDGE('',*,*,#2526,.F.);
#889=ORIENTED_EDGE('',*,*,#2527,.F.);
#890=ORIENTED_EDGE('',*,*,#2528,.F.);
#891=ORIENTED_EDGE('',*,*,#2529,.F.);
#892=ORIENTED_EDGE('',*,*,#2530,.F.);
#893=ORIENTED_EDGE('',*,*,#2531,.F.);
#894=ORIENTED_EDGE('',*,*,#2532,.F.);
#895=ORIENTED_EDGE('',*,*,#2533,.F.);
#896=ORIENTED_EDGE('',*,*,#2534,.F.);
#897=ORIENTED_EDGE('',*,*,#2535,.F.);
#898=ORIENTED_EDGE('',*,*,#2536,.F.);
#899=ORIENTED_EDGE('',*,*,#2537,.F.);
#900=ORIENTED_EDGE('',*,*,#2538,.F.);
#901=ORIENTED_EDGE('',*,*,#2539,.F.);
#902=ORIENTED_EDGE('',*,*,#2540,.F.);
#903=ORIENTED_EDGE('',*,*,#2541,.F.);
#904=ORIENTED_EDGE('',*,*,#2542,.F.);
#905=ORIENTED_EDGE('',*,*,#2543,.F.);
#906=ORIENTED_EDGE('',*,*,#2544,.F.);
#907=ORIENTED_EDGE('',*,*,#2545,.F.);
#908=ORIENTED_EDGE('',*,*,#2546,.F.);
#909=ORIENTED_EDGE('',*,*,#2547,.F.);
#910=ORIENTED_EDGE('',*,*,#2548,.F.);
#911=ORIENTED_EDGE('',*,*,#2549,.F.);
#912=ORIENTED_EDGE('',*,*,#2550,.F.);
#913=ORIENTED_EDGE('',*,*,#2551,.F.);
#914=ORIENTED_EDGE('',*,*,#2552,.F.);
#915=ORIENTED_EDGE('',*,*,#2553,.F.);
#916=ORIENTED_EDGE('',*,*,#2554,.F.);
#917=ORIENTED_EDGE('',*,*,#2555,.F.);
#918=ORIENTED_EDGE('',*,*,#2556,.F.);
#919=ORIENTED_EDGE('',*,*,#2557,.F.);
#920=ORIENTED_EDGE('',*,*,#2558,.F.);
#921=ORIENTED_EDGE('',*,*,#2559,.F.);
#922=ORIENTED_EDGE('',*,*,#2560,.F.);
#923=ORIENTED_EDGE('',*,*,#2561,.F.);
#924=ORIENTED_EDGE('',*,*,#2562,.F.);
#925=ORIENTED_EDGE('',*,*,#2563,.F.);
#926=ORIENTED_EDGE('',*,*,#2564,.F.);
#927=ORIENTED_EDGE('',*,*,#2565,.F.);
#928=ORIENTED_EDGE('',*,*,#2566,.F.);
#929=ORIENTED_EDGE('',*,*,#2567,.F.);
#930=ORIENTED_EDGE('',*,*,#2568,.F.);
#931=ORIENTED_EDGE('',*,*,#2569,.F.);
#932=ORIENTED_EDGE('',*,*,#2570,.F.);
#933=ORIENTED_EDGE('',*,*,#2571,.F.);
#934=ORIENTED_EDGE('',*,*,#2572,.F.);
#935=ORIENTED_EDGE('',*,*,#2573,.F.);
#936=ORIENTED_EDGE('',*,*,#2574,.F.);
#937=ORIENTED_EDGE('',*,*,#2575,.F.);
#938=ORIENTED_EDGE('',*,*,#2576,.F.);
#939=ORIENTED_EDGE('',*,*,#2577,.F.);
#940=ORIENTED_EDGE('',*,*,#2578,.F.);
#941=ORIENTED_EDGE('',*,*,#2579,.F.);
#942=ORIENTED_EDGE('',*,*,#2580,.F.);
#943=ORIENTED_EDGE('',*,*,#2581,.F.);
#944=ORIENTED_EDGE('',*,*,#2582,.F.);
#945=ORIENTED_EDGE('',*,*,#2583,.F.);
#946=ORIENTED_EDGE('',*,*,#2584,.F.);
#947=ORIENTED_EDGE('',*,*,#2585,.F.);
#948=ORIENTED_EDGE('',*,*,#2586,.F.);
#949=ORIENTED_EDGE('',*,*,#2587,.F.);
#950=ORIENTED_EDGE('',*,*,#2588,.F.);
#951=ORIENTED_EDGE('',*,*,#2589,.F.);
#952=ORIENTED_EDGE('',*,*,#2590,.F.);
#953=ORIENTED_EDGE('',*,*,#2591,.F.);
#954=ORIENTED_EDGE('',*,*,#2592,.F.);
#955=ORIENTED_EDGE('',*,*,#2593,.F.);
#956=ORIENTED_EDGE('',*,*,#2594,.F.);
#957=ORIENTED_EDGE('',*,*,#2595,.F.);
#958=ORIENTED_EDGE('',*,*,#2596,.F.);
#959=ORIENTED_EDGE('',*,*,#2597,.F.);
#960=ORIENTED_EDGE('',*,*,#2598,.F.);
#961=ORIENTED_EDGE('',*,*,#2599,.F.);
#962=ORIENTED_EDGE('',*,*,#2600,.F.);
#963=ORIENTED_EDGE('',*,*,#2601,.F.);
#964=ORIENTED_EDGE('',*,*,#2602,.F.);
#965=ORIENTED_EDGE('',*,*,#2603,.F.);
#966=ORIENTED_EDGE('',*,*,#2604,.F.);
#967=ORIENTED_EDGE('',*,*,#2605,.F.);
#968=ORIENTED_EDGE('',*,*,#2606,.F.);
#969=ORIENTED_EDGE('',*,*,#2607,.F.);
#970=ORIENTED_EDGE('',*,*,#2608,.F.);
#971=ORIENTED_EDGE('',*,*,#2609,.F.);
#972=ORIENTED_EDGE('',*,*,#2610,.F.);
#973=ORIENTED_EDGE('',*,*,#2611,.F.);
#974=ORIENTED_EDGE('',*,*,#2612,.F.);
#975=ORIENTED_EDGE('',*,*,#2613,.F.);
#976=ORIENTED_EDGE('',*,*,#2614,.F.);
#977=ORIENTED_EDGE('',*,*,#2615,.F.);
#978=ORIENTED_EDGE('',*,*,#2505,.F.);
#979=ORIENTED_EDGE('',*,*,#2616,.F.);
#980=ORIENTED_EDGE('',*,*,#2117,.T.);
#981=ORIENTED_EDGE('',*,*,#2617,.T.);
#982=ORIENTED_EDGE('',*,*,#2501,.F.);
#983=ORIENTED_EDGE('',*,*,#2618,.F.);
#984=ORIENTED_EDGE('',*,*,#2113,.T.);
#985=ORIENTED_EDGE('',*,*,#2619,.T.);
#986=ORIENTED_EDGE('',*,*,#2504,.T.);
#987=ORIENTED_EDGE('',*,*,#2620,.F.);
#988=ORIENTED_EDGE('',*,*,#2114,.F.);
#989=ORIENTED_EDGE('',*,*,#2618,.T.);
#990=ORIENTED_EDGE('',*,*,#2503,.T.);
#991=ORIENTED_EDGE('',*,*,#2621,.F.);
#992=ORIENTED_EDGE('',*,*,#2115,.F.);
#993=ORIENTED_EDGE('',*,*,#2620,.T.);
#994=ORIENTED_EDGE('',*,*,#2498,.F.);
#995=ORIENTED_EDGE('',*,*,#2622,.F.);
#996=ORIENTED_EDGE('',*,*,#2110,.T.);
#997=ORIENTED_EDGE('',*,*,#2623,.T.);
#998=ORIENTED_EDGE('',*,*,#2500,.T.);
#999=ORIENTED_EDGE('',*,*,#2624,.F.);
#1000=ORIENTED_EDGE('',*,*,#2111,.F.);
#1001=ORIENTED_EDGE('',*,*,#2622,.T.);
#1002=ORIENTED_EDGE('',*,*,#2495,.F.);
#1003=ORIENTED_EDGE('',*,*,#2625,.F.);
#1004=ORIENTED_EDGE('',*,*,#2107,.T.);
#1005=ORIENTED_EDGE('',*,*,#2626,.T.);
#1006=ORIENTED_EDGE('',*,*,#2497,.F.);
#1007=ORIENTED_EDGE('',*,*,#2627,.F.);
#1008=ORIENTED_EDGE('',*,*,#2108,.T.);
#1009=ORIENTED_EDGE('',*,*,#2625,.T.);
#1010=ORIENTED_EDGE('',*,*,#2492,.F.);
#1011=ORIENTED_EDGE('',*,*,#2628,.F.);
#1012=ORIENTED_EDGE('',*,*,#2104,.T.);
#1013=ORIENTED_EDGE('',*,*,#2629,.T.);
#1014=ORIENTED_EDGE('',*,*,#2494,.F.);
#1015=ORIENTED_EDGE('',*,*,#2630,.F.);
#1016=ORIENTED_EDGE('',*,*,#2105,.T.);
#1017=ORIENTED_EDGE('',*,*,#2628,.T.);
#1018=ORIENTED_EDGE('',*,*,#2489,.F.);
#1019=ORIENTED_EDGE('',*,*,#2631,.F.);
#1020=ORIENTED_EDGE('',*,*,#2101,.T.);
#1021=ORIENTED_EDGE('',*,*,#2632,.T.);
#1022=ORIENTED_EDGE('',*,*,#2491,.F.);
#1023=ORIENTED_EDGE('',*,*,#2633,.F.);
#1024=ORIENTED_EDGE('',*,*,#2102,.T.);
#1025=ORIENTED_EDGE('',*,*,#2631,.T.);
#1026=ORIENTED_EDGE('',*,*,#2486,.F.);
#1027=ORIENTED_EDGE('',*,*,#2634,.F.);
#1028=ORIENTED_EDGE('',*,*,#2098,.T.);
#1029=ORIENTED_EDGE('',*,*,#2635,.T.);
#1030=ORIENTED_EDGE('',*,*,#2488,.F.);
#1031=ORIENTED_EDGE('',*,*,#2636,.F.);
#1032=ORIENTED_EDGE('',*,*,#2099,.T.);
#1033=ORIENTED_EDGE('',*,*,#2634,.T.);
#1034=ORIENTED_EDGE('',*,*,#2483,.F.);
#1035=ORIENTED_EDGE('',*,*,#2637,.F.);
#1036=ORIENTED_EDGE('',*,*,#2095,.T.);
#1037=ORIENTED_EDGE('',*,*,#2638,.T.);
#1038=ORIENTED_EDGE('',*,*,#2485,.F.);
#1039=ORIENTED_EDGE('',*,*,#2639,.F.);
#1040=ORIENTED_EDGE('',*,*,#2096,.T.);
#1041=ORIENTED_EDGE('',*,*,#2637,.T.);
#1042=ORIENTED_EDGE('',*,*,#2480,.F.);
#1043=ORIENTED_EDGE('',*,*,#2640,.F.);
#1044=ORIENTED_EDGE('',*,*,#2092,.T.);
#1045=ORIENTED_EDGE('',*,*,#2641,.T.);
#1046=ORIENTED_EDGE('',*,*,#2482,.T.);
#1047=ORIENTED_EDGE('',*,*,#2642,.F.);
#1048=ORIENTED_EDGE('',*,*,#2093,.F.);
#1049=ORIENTED_EDGE('',*,*,#2640,.T.);
#1050=ORIENTED_EDGE('',*,*,#2477,.F.);
#1051=ORIENTED_EDGE('',*,*,#2643,.F.);
#1052=ORIENTED_EDGE('',*,*,#2089,.T.);
#1053=ORIENTED_EDGE('',*,*,#2644,.T.);
#1054=ORIENTED_EDGE('',*,*,#2479,.F.);
#1055=ORIENTED_EDGE('',*,*,#2645,.F.);
#1056=ORIENTED_EDGE('',*,*,#2090,.T.);
#1057=ORIENTED_EDGE('',*,*,#2643,.T.);
#1058=ORIENTED_EDGE('',*,*,#2474,.F.);
#1059=ORIENTED_EDGE('',*,*,#2646,.F.);
#1060=ORIENTED_EDGE('',*,*,#2086,.T.);
#1061=ORIENTED_EDGE('',*,*,#2647,.T.);
#1062=ORIENTED_EDGE('',*,*,#2476,.T.);
#1063=ORIENTED_EDGE('',*,*,#2648,.F.);
#1064=ORIENTED_EDGE('',*,*,#2087,.F.);
#1065=ORIENTED_EDGE('',*,*,#2646,.T.);
#1066=ORIENTED_EDGE('',*,*,#2471,.T.);
#1067=ORIENTED_EDGE('',*,*,#2649,.F.);
#1068=ORIENTED_EDGE('',*,*,#2083,.F.);
#1069=ORIENTED_EDGE('',*,*,#2650,.T.);
#1070=ORIENTED_EDGE('',*,*,#2473,.T.);
#1071=ORIENTED_EDGE('',*,*,#2651,.F.);
#1072=ORIENTED_EDGE('',*,*,#2084,.F.);
#1073=ORIENTED_EDGE('',*,*,#2649,.T.);
#1074=ORIENTED_EDGE('',*,*,#2468,.F.);
#1075=ORIENTED_EDGE('',*,*,#2652,.F.);
#1076=ORIENTED_EDGE('',*,*,#2080,.T.);
#1077=ORIENTED_EDGE('',*,*,#2653,.T.);
#1078=ORIENTED_EDGE('',*,*,#2470,.F.);
#1079=ORIENTED_EDGE('',*,*,#2654,.F.);
#1080=ORIENTED_EDGE('',*,*,#2081,.T.);
#1081=ORIENTED_EDGE('',*,*,#2652,.T.);
#1082=ORIENTED_EDGE('',*,*,#2465,.F.);
#1083=ORIENTED_EDGE('',*,*,#2655,.F.);
#1084=ORIENTED_EDGE('',*,*,#2077,.T.);
#1085=ORIENTED_EDGE('',*,*,#2656,.T.);
#1086=ORIENTED_EDGE('',*,*,#2467,.F.);
#1087=ORIENTED_EDGE('',*,*,#2657,.F.);
#1088=ORIENTED_EDGE('',*,*,#2078,.T.);
#1089=ORIENTED_EDGE('',*,*,#2655,.T.);
#1090=ORIENTED_EDGE('',*,*,#2462,.F.);
#1091=ORIENTED_EDGE('',*,*,#2658,.F.);
#1092=ORIENTED_EDGE('',*,*,#2074,.T.);
#1093=ORIENTED_EDGE('',*,*,#2659,.T.);
#1094=ORIENTED_EDGE('',*,*,#2464,.T.);
#1095=ORIENTED_EDGE('',*,*,#2660,.F.);
#1096=ORIENTED_EDGE('',*,*,#2075,.F.);
#1097=ORIENTED_EDGE('',*,*,#2658,.T.);
#1098=ORIENTED_EDGE('',*,*,#2458,.T.);
#1099=ORIENTED_EDGE('',*,*,#2661,.F.);
#1100=ORIENTED_EDGE('',*,*,#2070,.F.);
#1101=ORIENTED_EDGE('',*,*,#2662,.T.);
#1102=ORIENTED_EDGE('',*,*,#2461,.F.);
#1103=ORIENTED_EDGE('',*,*,#2663,.F.);
#1104=ORIENTED_EDGE('',*,*,#2071,.T.);
#1105=ORIENTED_EDGE('',*,*,#2661,.T.);
#1106=ORIENTED_EDGE('',*,*,#2460,.F.);
#1107=ORIENTED_EDGE('',*,*,#2664,.F.);
#1108=ORIENTED_EDGE('',*,*,#2072,.T.);
#1109=ORIENTED_EDGE('',*,*,#2663,.T.);
#1110=ORIENTED_EDGE('',*,*,#2502,.F.);
#1111=ORIENTED_EDGE('',*,*,#2619,.F.);
#1112=ORIENTED_EDGE('',*,*,#2116,.T.);
#1113=ORIENTED_EDGE('',*,*,#2621,.T.);
#1114=ORIENTED_EDGE('',*,*,#2499,.F.);
#1115=ORIENTED_EDGE('',*,*,#2623,.F.);
#1116=ORIENTED_EDGE('',*,*,#2112,.T.);
#1117=ORIENTED_EDGE('',*,*,#2624,.T.);
#1118=ORIENTED_EDGE('',*,*,#2496,.T.);
#1119=ORIENTED_EDGE('',*,*,#2626,.F.);
#1120=ORIENTED_EDGE('',*,*,#2109,.F.);
#1121=ORIENTED_EDGE('',*,*,#2627,.T.);
#1122=ORIENTED_EDGE('',*,*,#2493,.T.);
#1123=ORIENTED_EDGE('',*,*,#2629,.F.);
#1124=ORIENTED_EDGE('',*,*,#2106,.F.);
#1125=ORIENTED_EDGE('',*,*,#2630,.T.);
#1126=ORIENTED_EDGE('',*,*,#2490,.T.);
#1127=ORIENTED_EDGE('',*,*,#2632,.F.);
#1128=ORIENTED_EDGE('',*,*,#2103,.F.);
#1129=ORIENTED_EDGE('',*,*,#2633,.T.);
#1130=ORIENTED_EDGE('',*,*,#2487,.T.);
#1131=ORIENTED_EDGE('',*,*,#2635,.F.);
#1132=ORIENTED_EDGE('',*,*,#2100,.F.);
#1133=ORIENTED_EDGE('',*,*,#2636,.T.);
#1134=ORIENTED_EDGE('',*,*,#2484,.F.);
#1135=ORIENTED_EDGE('',*,*,#2638,.F.);
#1136=ORIENTED_EDGE('',*,*,#2097,.T.);
#1137=ORIENTED_EDGE('',*,*,#2639,.T.);
#1138=ORIENTED_EDGE('',*,*,#2481,.F.);
#1139=ORIENTED_EDGE('',*,*,#2641,.F.);
#1140=ORIENTED_EDGE('',*,*,#2094,.T.);
#1141=ORIENTED_EDGE('',*,*,#2642,.T.);
#1142=ORIENTED_EDGE('',*,*,#2478,.F.);
#1143=ORIENTED_EDGE('',*,*,#2644,.F.);
#1144=ORIENTED_EDGE('',*,*,#2091,.T.);
#1145=ORIENTED_EDGE('',*,*,#2645,.T.);
#1146=ORIENTED_EDGE('',*,*,#2475,.F.);
#1147=ORIENTED_EDGE('',*,*,#2647,.F.);
#1148=ORIENTED_EDGE('',*,*,#2088,.T.);
#1149=ORIENTED_EDGE('',*,*,#2648,.T.);
#1150=ORIENTED_EDGE('',*,*,#2472,.F.);
#1151=ORIENTED_EDGE('',*,*,#2650,.F.);
#1152=ORIENTED_EDGE('',*,*,#2085,.T.);
#1153=ORIENTED_EDGE('',*,*,#2651,.T.);
#1154=ORIENTED_EDGE('',*,*,#2469,.F.);
#1155=ORIENTED_EDGE('',*,*,#2653,.F.);
#1156=ORIENTED_EDGE('',*,*,#2082,.T.);
#1157=ORIENTED_EDGE('',*,*,#2654,.T.);
#1158=ORIENTED_EDGE('',*,*,#2466,.F.);
#1159=ORIENTED_EDGE('',*,*,#2656,.F.);
#1160=ORIENTED_EDGE('',*,*,#2079,.T.);
#1161=ORIENTED_EDGE('',*,*,#2657,.T.);
#1162=ORIENTED_EDGE('',*,*,#2463,.T.);
#1163=ORIENTED_EDGE('',*,*,#2659,.F.);
#1164=ORIENTED_EDGE('',*,*,#2076,.F.);
#1165=ORIENTED_EDGE('',*,*,#2660,.T.);
#1166=ORIENTED_EDGE('',*,*,#2459,.T.);
#1167=ORIENTED_EDGE('',*,*,#2662,.F.);
#1168=ORIENTED_EDGE('',*,*,#2073,.F.);
#1169=ORIENTED_EDGE('',*,*,#2664,.T.);
#1170=ORIENTED_EDGE('',*,*,#2506,.T.);
#1171=ORIENTED_EDGE('',*,*,#2617,.F.);
#1172=ORIENTED_EDGE('',*,*,#2118,.F.);
#1173=ORIENTED_EDGE('',*,*,#2616,.T.);
#1174=ORIENTED_EDGE('',*,*,#2450,.T.);
#1175=ORIENTED_EDGE('',*,*,#2665,.T.);
#1176=ORIENTED_EDGE('',*,*,#2120,.F.);
#1177=ORIENTED_EDGE('',*,*,#2666,.F.);
#1178=ORIENTED_EDGE('',*,*,#2451,.T.);
#1179=ORIENTED_EDGE('',*,*,#2666,.T.);
#1180=ORIENTED_EDGE('',*,*,#2119,.F.);
#1181=ORIENTED_EDGE('',*,*,#2667,.F.);
#1182=ORIENTED_EDGE('',*,*,#2452,.T.);
#1183=ORIENTED_EDGE('',*,*,#2667,.T.);
#1184=ORIENTED_EDGE('',*,*,#2126,.F.);
#1185=ORIENTED_EDGE('',*,*,#2668,.F.);
#1186=ORIENTED_EDGE('',*,*,#2453,.T.);
#1187=ORIENTED_EDGE('',*,*,#2668,.T.);
#1188=ORIENTED_EDGE('',*,*,#2125,.F.);
#1189=ORIENTED_EDGE('',*,*,#2669,.F.);
#1190=ORIENTED_EDGE('',*,*,#2454,.T.);
#1191=ORIENTED_EDGE('',*,*,#2669,.T.);
#1192=ORIENTED_EDGE('',*,*,#2124,.F.);
#1193=ORIENTED_EDGE('',*,*,#2670,.F.);
#1194=ORIENTED_EDGE('',*,*,#2455,.T.);
#1195=ORIENTED_EDGE('',*,*,#2670,.T.);
#1196=ORIENTED_EDGE('',*,*,#2123,.F.);
#1197=ORIENTED_EDGE('',*,*,#2671,.F.);
#1198=ORIENTED_EDGE('',*,*,#2456,.T.);
#1199=ORIENTED_EDGE('',*,*,#2671,.T.);
#1200=ORIENTED_EDGE('',*,*,#2122,.F.);
#1201=ORIENTED_EDGE('',*,*,#2672,.F.);
#1202=ORIENTED_EDGE('',*,*,#2457,.T.);
#1203=ORIENTED_EDGE('',*,*,#2672,.T.);
#1204=ORIENTED_EDGE('',*,*,#2121,.F.);
#1205=ORIENTED_EDGE('',*,*,#2665,.F.);
#1206=ORIENTED_EDGE('',*,*,#2507,.T.);
#1207=ORIENTED_EDGE('',*,*,#2673,.T.);
#1208=ORIENTED_EDGE('',*,*,#2128,.F.);
#1209=ORIENTED_EDGE('',*,*,#2674,.F.);
#1210=ORIENTED_EDGE('',*,*,#2508,.T.);
#1211=ORIENTED_EDGE('',*,*,#2674,.T.);
#1212=ORIENTED_EDGE('',*,*,#2127,.F.);
#1213=ORIENTED_EDGE('',*,*,#2675,.F.);
#1214=ORIENTED_EDGE('',*,*,#2509,.T.);
#1215=ORIENTED_EDGE('',*,*,#2675,.T.);
#1216=ORIENTED_EDGE('',*,*,#2144,.F.);
#1217=ORIENTED_EDGE('',*,*,#2676,.F.);
#1218=ORIENTED_EDGE('',*,*,#2510,.T.);
#1219=ORIENTED_EDGE('',*,*,#2676,.T.);
#1220=ORIENTED_EDGE('',*,*,#2143,.F.);
#1221=ORIENTED_EDGE('',*,*,#2677,.F.);
#1222=ORIENTED_EDGE('',*,*,#2511,.T.);
#1223=ORIENTED_EDGE('',*,*,#2677,.T.);
#1224=ORIENTED_EDGE('',*,*,#2142,.F.);
#1225=ORIENTED_EDGE('',*,*,#2678,.F.);
#1226=ORIENTED_EDGE('',*,*,#2512,.T.);
#1227=ORIENTED_EDGE('',*,*,#2678,.T.);
#1228=ORIENTED_EDGE('',*,*,#2141,.F.);
#1229=ORIENTED_EDGE('',*,*,#2679,.F.);
#1230=ORIENTED_EDGE('',*,*,#2513,.T.);
#1231=ORIENTED_EDGE('',*,*,#2679,.T.);
#1232=ORIENTED_EDGE('',*,*,#2140,.F.);
#1233=ORIENTED_EDGE('',*,*,#2680,.F.);
#1234=ORIENTED_EDGE('',*,*,#2514,.T.);
#1235=ORIENTED_EDGE('',*,*,#2680,.T.);
#1236=ORIENTED_EDGE('',*,*,#2139,.F.);
#1237=ORIENTED_EDGE('',*,*,#2681,.F.);
#1238=ORIENTED_EDGE('',*,*,#2515,.T.);
#1239=ORIENTED_EDGE('',*,*,#2681,.T.);
#1240=ORIENTED_EDGE('',*,*,#2138,.F.);
#1241=ORIENTED_EDGE('',*,*,#2682,.F.);
#1242=ORIENTED_EDGE('',*,*,#2516,.T.);
#1243=ORIENTED_EDGE('',*,*,#2682,.T.);
#1244=ORIENTED_EDGE('',*,*,#2137,.F.);
#1245=ORIENTED_EDGE('',*,*,#2683,.F.);
#1246=ORIENTED_EDGE('',*,*,#2517,.T.);
#1247=ORIENTED_EDGE('',*,*,#2683,.T.);
#1248=ORIENTED_EDGE('',*,*,#2136,.F.);
#1249=ORIENTED_EDGE('',*,*,#2684,.F.);
#1250=ORIENTED_EDGE('',*,*,#2518,.T.);
#1251=ORIENTED_EDGE('',*,*,#2684,.T.);
#1252=ORIENTED_EDGE('',*,*,#2135,.F.);
#1253=ORIENTED_EDGE('',*,*,#2685,.F.);
#1254=ORIENTED_EDGE('',*,*,#2519,.T.);
#1255=ORIENTED_EDGE('',*,*,#2685,.T.);
#1256=ORIENTED_EDGE('',*,*,#2134,.F.);
#1257=ORIENTED_EDGE('',*,*,#2686,.F.);
#1258=ORIENTED_EDGE('',*,*,#2520,.T.);
#1259=ORIENTED_EDGE('',*,*,#2686,.T.);
#1260=ORIENTED_EDGE('',*,*,#2133,.F.);
#1261=ORIENTED_EDGE('',*,*,#2687,.F.);
#1262=ORIENTED_EDGE('',*,*,#2521,.T.);
#1263=ORIENTED_EDGE('',*,*,#2687,.T.);
#1264=ORIENTED_EDGE('',*,*,#2132,.F.);
#1265=ORIENTED_EDGE('',*,*,#2688,.F.);
#1266=ORIENTED_EDGE('',*,*,#2522,.T.);
#1267=ORIENTED_EDGE('',*,*,#2688,.T.);
#1268=ORIENTED_EDGE('',*,*,#2131,.F.);
#1269=ORIENTED_EDGE('',*,*,#2689,.F.);
#1270=ORIENTED_EDGE('',*,*,#2523,.T.);
#1271=ORIENTED_EDGE('',*,*,#2689,.T.);
#1272=ORIENTED_EDGE('',*,*,#2130,.F.);
#1273=ORIENTED_EDGE('',*,*,#2690,.F.);
#1274=ORIENTED_EDGE('',*,*,#2524,.T.);
#1275=ORIENTED_EDGE('',*,*,#2690,.T.);
#1276=ORIENTED_EDGE('',*,*,#2129,.F.);
#1277=ORIENTED_EDGE('',*,*,#2673,.F.);
#1278=ORIENTED_EDGE('',*,*,#2432,.T.);
#1279=ORIENTED_EDGE('',*,*,#2691,.T.);
#1280=ORIENTED_EDGE('',*,*,#2146,.F.);
#1281=ORIENTED_EDGE('',*,*,#2692,.F.);
#1282=ORIENTED_EDGE('',*,*,#2433,.T.);
#1283=ORIENTED_EDGE('',*,*,#2692,.T.);
#1284=ORIENTED_EDGE('',*,*,#2145,.F.);
#1285=ORIENTED_EDGE('',*,*,#2693,.F.);
#1286=ORIENTED_EDGE('',*,*,#2434,.T.);
#1287=ORIENTED_EDGE('',*,*,#2693,.T.);
#1288=ORIENTED_EDGE('',*,*,#2162,.F.);
#1289=ORIENTED_EDGE('',*,*,#2694,.F.);
#1290=ORIENTED_EDGE('',*,*,#2435,.T.);
#1291=ORIENTED_EDGE('',*,*,#2694,.T.);
#1292=ORIENTED_EDGE('',*,*,#2161,.F.);
#1293=ORIENTED_EDGE('',*,*,#2695,.F.);
#1294=ORIENTED_EDGE('',*,*,#2436,.T.);
#1295=ORIENTED_EDGE('',*,*,#2695,.T.);
#1296=ORIENTED_EDGE('',*,*,#2160,.F.);
#1297=ORIENTED_EDGE('',*,*,#2696,.F.);
#1298=ORIENTED_EDGE('',*,*,#2437,.T.);
#1299=ORIENTED_EDGE('',*,*,#2696,.T.);
#1300=ORIENTED_EDGE('',*,*,#2159,.F.);
#1301=ORIENTED_EDGE('',*,*,#2697,.F.);
#1302=ORIENTED_EDGE('',*,*,#2438,.T.);
#1303=ORIENTED_EDGE('',*,*,#2697,.T.);
#1304=ORIENTED_EDGE('',*,*,#2158,.F.);
#1305=ORIENTED_EDGE('',*,*,#2698,.F.);
#1306=ORIENTED_EDGE('',*,*,#2439,.T.);
#1307=ORIENTED_EDGE('',*,*,#2698,.T.);
#1308=ORIENTED_EDGE('',*,*,#2157,.F.);
#1309=ORIENTED_EDGE('',*,*,#2699,.F.);
#1310=ORIENTED_EDGE('',*,*,#2440,.T.);
#1311=ORIENTED_EDGE('',*,*,#2699,.T.);
#1312=ORIENTED_EDGE('',*,*,#2156,.F.);
#1313=ORIENTED_EDGE('',*,*,#2700,.F.);
#1314=ORIENTED_EDGE('',*,*,#2441,.T.);
#1315=ORIENTED_EDGE('',*,*,#2700,.T.);
#1316=ORIENTED_EDGE('',*,*,#2155,.F.);
#1317=ORIENTED_EDGE('',*,*,#2701,.F.);
#1318=ORIENTED_EDGE('',*,*,#2442,.T.);
#1319=ORIENTED_EDGE('',*,*,#2701,.T.);
#1320=ORIENTED_EDGE('',*,*,#2154,.F.);
#1321=ORIENTED_EDGE('',*,*,#2702,.F.);
#1322=ORIENTED_EDGE('',*,*,#2443,.T.);
#1323=ORIENTED_EDGE('',*,*,#2702,.T.);
#1324=ORIENTED_EDGE('',*,*,#2153,.F.);
#1325=ORIENTED_EDGE('',*,*,#2703,.F.);
#1326=ORIENTED_EDGE('',*,*,#2444,.T.);
#1327=ORIENTED_EDGE('',*,*,#2703,.T.);
#1328=ORIENTED_EDGE('',*,*,#2152,.F.);
#1329=ORIENTED_EDGE('',*,*,#2704,.F.);
#1330=ORIENTED_EDGE('',*,*,#2445,.T.);
#1331=ORIENTED_EDGE('',*,*,#2704,.T.);
#1332=ORIENTED_EDGE('',*,*,#2151,.F.);
#1333=ORIENTED_EDGE('',*,*,#2705,.F.);
#1334=ORIENTED_EDGE('',*,*,#2446,.T.);
#1335=ORIENTED_EDGE('',*,*,#2705,.T.);
#1336=ORIENTED_EDGE('',*,*,#2150,.F.);
#1337=ORIENTED_EDGE('',*,*,#2706,.F.);
#1338=ORIENTED_EDGE('',*,*,#2447,.T.);
#1339=ORIENTED_EDGE('',*,*,#2706,.T.);
#1340=ORIENTED_EDGE('',*,*,#2149,.F.);
#1341=ORIENTED_EDGE('',*,*,#2707,.F.);
#1342=ORIENTED_EDGE('',*,*,#2448,.T.);
#1343=ORIENTED_EDGE('',*,*,#2707,.T.);
#1344=ORIENTED_EDGE('',*,*,#2148,.F.);
#1345=ORIENTED_EDGE('',*,*,#2708,.F.);
#1346=ORIENTED_EDGE('',*,*,#2449,.T.);
#1347=ORIENTED_EDGE('',*,*,#2708,.T.);
#1348=ORIENTED_EDGE('',*,*,#2147,.F.);
#1349=ORIENTED_EDGE('',*,*,#2691,.F.);
#1350=ORIENTED_EDGE('',*,*,#2525,.T.);
#1351=ORIENTED_EDGE('',*,*,#2709,.T.);
#1352=ORIENTED_EDGE('',*,*,#2164,.F.);
#1353=ORIENTED_EDGE('',*,*,#2710,.F.);
#1354=ORIENTED_EDGE('',*,*,#2526,.T.);
#1355=ORIENTED_EDGE('',*,*,#2710,.T.);
#1356=ORIENTED_EDGE('',*,*,#2163,.F.);
#1357=ORIENTED_EDGE('',*,*,#2711,.F.);
#1358=ORIENTED_EDGE('',*,*,#2527,.T.);
#1359=ORIENTED_EDGE('',*,*,#2711,.T.);
#1360=ORIENTED_EDGE('',*,*,#2166,.F.);
#1361=ORIENTED_EDGE('',*,*,#2712,.F.);
#1362=ORIENTED_EDGE('',*,*,#2528,.T.);
#1363=ORIENTED_EDGE('',*,*,#2712,.T.);
#1364=ORIENTED_EDGE('',*,*,#2165,.F.);
#1365=ORIENTED_EDGE('',*,*,#2709,.F.);
#1366=ORIENTED_EDGE('',*,*,#2424,.T.);
#1367=ORIENTED_EDGE('',*,*,#2713,.T.);
#1368=ORIENTED_EDGE('',*,*,#2168,.F.);
#1369=ORIENTED_EDGE('',*,*,#2714,.F.);
#1370=ORIENTED_EDGE('',*,*,#2425,.T.);
#1371=ORIENTED_EDGE('',*,*,#2714,.T.);
#1372=ORIENTED_EDGE('',*,*,#2167,.F.);
#1373=ORIENTED_EDGE('',*,*,#2715,.F.);
#1374=ORIENTED_EDGE('',*,*,#2426,.T.);
#1375=ORIENTED_EDGE('',*,*,#2715,.T.);
#1376=ORIENTED_EDGE('',*,*,#2174,.F.);
#1377=ORIENTED_EDGE('',*,*,#2716,.F.);
#1378=ORIENTED_EDGE('',*,*,#2427,.T.);
#1379=ORIENTED_EDGE('',*,*,#2716,.T.);
#1380=ORIENTED_EDGE('',*,*,#2173,.F.);
#1381=ORIENTED_EDGE('',*,*,#2717,.F.);
#1382=ORIENTED_EDGE('',*,*,#2428,.T.);
#1383=ORIENTED_EDGE('',*,*,#2717,.T.);
#1384=ORIENTED_EDGE('',*,*,#2172,.F.);
#1385=ORIENTED_EDGE('',*,*,#2718,.F.);
#1386=ORIENTED_EDGE('',*,*,#2429,.T.);
#1387=ORIENTED_EDGE('',*,*,#2718,.T.);
#1388=ORIENTED_EDGE('',*,*,#2171,.F.);
#1389=ORIENTED_EDGE('',*,*,#2719,.F.);
#1390=ORIENTED_EDGE('',*,*,#2430,.T.);
#1391=ORIENTED_EDGE('',*,*,#2719,.T.);
#1392=ORIENTED_EDGE('',*,*,#2170,.F.);
#1393=ORIENTED_EDGE('',*,*,#2720,.F.);
#1394=ORIENTED_EDGE('',*,*,#2431,.T.);
#1395=ORIENTED_EDGE('',*,*,#2720,.T.);
#1396=ORIENTED_EDGE('',*,*,#2169,.F.);
#1397=ORIENTED_EDGE('',*,*,#2713,.F.);
#1398=ORIENTED_EDGE('',*,*,#2529,.T.);
#1399=ORIENTED_EDGE('',*,*,#2721,.T.);
#1400=ORIENTED_EDGE('',*,*,#2176,.F.);
#1401=ORIENTED_EDGE('',*,*,#2722,.F.);
#1402=ORIENTED_EDGE('',*,*,#2530,.T.);
#1403=ORIENTED_EDGE('',*,*,#2722,.T.);
#1404=ORIENTED_EDGE('',*,*,#2175,.F.);
#1405=ORIENTED_EDGE('',*,*,#2723,.F.);
#1406=ORIENTED_EDGE('',*,*,#2531,.T.);
#1407=ORIENTED_EDGE('',*,*,#2723,.T.);
#1408=ORIENTED_EDGE('',*,*,#2178,.F.);
#1409=ORIENTED_EDGE('',*,*,#2724,.F.);
#1410=ORIENTED_EDGE('',*,*,#2532,.T.);
#1411=ORIENTED_EDGE('',*,*,#2724,.T.);
#1412=ORIENTED_EDGE('',*,*,#2177,.F.);
#1413=ORIENTED_EDGE('',*,*,#2721,.F.);
#1414=ORIENTED_EDGE('',*,*,#2417,.T.);
#1415=ORIENTED_EDGE('',*,*,#2725,.T.);
#1416=ORIENTED_EDGE('',*,*,#2180,.F.);
#1417=ORIENTED_EDGE('',*,*,#2726,.F.);
#1418=ORIENTED_EDGE('',*,*,#2418,.T.);
#1419=ORIENTED_EDGE('',*,*,#2726,.T.);
#1420=ORIENTED_EDGE('',*,*,#2179,.F.);
#1421=ORIENTED_EDGE('',*,*,#2727,.F.);
#1422=ORIENTED_EDGE('',*,*,#2419,.T.);
#1423=ORIENTED_EDGE('',*,*,#2727,.T.);
#1424=ORIENTED_EDGE('',*,*,#2185,.F.);
#1425=ORIENTED_EDGE('',*,*,#2728,.F.);
#1426=ORIENTED_EDGE('',*,*,#2420,.T.);
#1427=ORIENTED_EDGE('',*,*,#2728,.T.);
#1428=ORIENTED_EDGE('',*,*,#2184,.F.);
#1429=ORIENTED_EDGE('',*,*,#2729,.F.);
#1430=ORIENTED_EDGE('',*,*,#2421,.T.);
#1431=ORIENTED_EDGE('',*,*,#2729,.T.);
#1432=ORIENTED_EDGE('',*,*,#2183,.F.);
#1433=ORIENTED_EDGE('',*,*,#2730,.F.);
#1434=ORIENTED_EDGE('',*,*,#2422,.T.);
#1435=ORIENTED_EDGE('',*,*,#2730,.T.);
#1436=ORIENTED_EDGE('',*,*,#2182,.F.);
#1437=ORIENTED_EDGE('',*,*,#2731,.F.);
#1438=ORIENTED_EDGE('',*,*,#2423,.T.);
#1439=ORIENTED_EDGE('',*,*,#2731,.T.);
#1440=ORIENTED_EDGE('',*,*,#2181,.F.);
#1441=ORIENTED_EDGE('',*,*,#2725,.F.);
#1442=ORIENTED_EDGE('',*,*,#2533,.T.);
#1443=ORIENTED_EDGE('',*,*,#2732,.T.);
#1444=ORIENTED_EDGE('',*,*,#2187,.F.);
#1445=ORIENTED_EDGE('',*,*,#2733,.F.);
#1446=ORIENTED_EDGE('',*,*,#2534,.T.);
#1447=ORIENTED_EDGE('',*,*,#2733,.T.);
#1448=ORIENTED_EDGE('',*,*,#2186,.F.);
#1449=ORIENTED_EDGE('',*,*,#2734,.F.);
#1450=ORIENTED_EDGE('',*,*,#2535,.T.);
#1451=ORIENTED_EDGE('',*,*,#2734,.T.);
#1452=ORIENTED_EDGE('',*,*,#2189,.F.);
#1453=ORIENTED_EDGE('',*,*,#2735,.F.);
#1454=ORIENTED_EDGE('',*,*,#2536,.T.);
#1455=ORIENTED_EDGE('',*,*,#2735,.T.);
#1456=ORIENTED_EDGE('',*,*,#2188,.F.);
#1457=ORIENTED_EDGE('',*,*,#2732,.F.);
#1458=ORIENTED_EDGE('',*,*,#2413,.T.);
#1459=ORIENTED_EDGE('',*,*,#2736,.T.);
#1460=ORIENTED_EDGE('',*,*,#2191,.F.);
#1461=ORIENTED_EDGE('',*,*,#2737,.F.);
#1462=ORIENTED_EDGE('',*,*,#2414,.T.);
#1463=ORIENTED_EDGE('',*,*,#2737,.T.);
#1464=ORIENTED_EDGE('',*,*,#2190,.F.);
#1465=ORIENTED_EDGE('',*,*,#2738,.F.);
#1466=ORIENTED_EDGE('',*,*,#2415,.T.);
#1467=ORIENTED_EDGE('',*,*,#2738,.T.);
#1468=ORIENTED_EDGE('',*,*,#2193,.F.);
#1469=ORIENTED_EDGE('',*,*,#2739,.F.);
#1470=ORIENTED_EDGE('',*,*,#2416,.T.);
#1471=ORIENTED_EDGE('',*,*,#2739,.T.);
#1472=ORIENTED_EDGE('',*,*,#2192,.F.);
#1473=ORIENTED_EDGE('',*,*,#2736,.F.);
#1474=ORIENTED_EDGE('',*,*,#2537,.T.);
#1475=ORIENTED_EDGE('',*,*,#2740,.T.);
#1476=ORIENTED_EDGE('',*,*,#2195,.F.);
#1477=ORIENTED_EDGE('',*,*,#2741,.F.);
#1478=ORIENTED_EDGE('',*,*,#2538,.T.);
#1479=ORIENTED_EDGE('',*,*,#2741,.T.);
#1480=ORIENTED_EDGE('',*,*,#2194,.F.);
#1481=ORIENTED_EDGE('',*,*,#2742,.F.);
#1482=ORIENTED_EDGE('',*,*,#2539,.T.);
#1483=ORIENTED_EDGE('',*,*,#2742,.T.);
#1484=ORIENTED_EDGE('',*,*,#2197,.F.);
#1485=ORIENTED_EDGE('',*,*,#2743,.F.);
#1486=ORIENTED_EDGE('',*,*,#2540,.T.);
#1487=ORIENTED_EDGE('',*,*,#2743,.T.);
#1488=ORIENTED_EDGE('',*,*,#2196,.F.);
#1489=ORIENTED_EDGE('',*,*,#2740,.F.);
#1490=ORIENTED_EDGE('',*,*,#2409,.T.);
#1491=ORIENTED_EDGE('',*,*,#2744,.T.);
#1492=ORIENTED_EDGE('',*,*,#2199,.F.);
#1493=ORIENTED_EDGE('',*,*,#2745,.F.);
#1494=ORIENTED_EDGE('',*,*,#2410,.T.);
#1495=ORIENTED_EDGE('',*,*,#2745,.T.);
#1496=ORIENTED_EDGE('',*,*,#2198,.F.);
#1497=ORIENTED_EDGE('',*,*,#2746,.F.);
#1498=ORIENTED_EDGE('',*,*,#2411,.T.);
#1499=ORIENTED_EDGE('',*,*,#2746,.T.);
#1500=ORIENTED_EDGE('',*,*,#2201,.F.);
#1501=ORIENTED_EDGE('',*,*,#2747,.F.);
#1502=ORIENTED_EDGE('',*,*,#2412,.T.);
#1503=ORIENTED_EDGE('',*,*,#2747,.T.);
#1504=ORIENTED_EDGE('',*,*,#2200,.F.);
#1505=ORIENTED_EDGE('',*,*,#2744,.F.);
#1506=ORIENTED_EDGE('',*,*,#2541,.T.);
#1507=ORIENTED_EDGE('',*,*,#2748,.T.);
#1508=ORIENTED_EDGE('',*,*,#2203,.F.);
#1509=ORIENTED_EDGE('',*,*,#2749,.F.);
#1510=ORIENTED_EDGE('',*,*,#2542,.T.);
#1511=ORIENTED_EDGE('',*,*,#2749,.T.);
#1512=ORIENTED_EDGE('',*,*,#2202,.F.);
#1513=ORIENTED_EDGE('',*,*,#2750,.F.);
#1514=ORIENTED_EDGE('',*,*,#2543,.T.);
#1515=ORIENTED_EDGE('',*,*,#2750,.T.);
#1516=ORIENTED_EDGE('',*,*,#2205,.F.);
#1517=ORIENTED_EDGE('',*,*,#2751,.F.);
#1518=ORIENTED_EDGE('',*,*,#2544,.T.);
#1519=ORIENTED_EDGE('',*,*,#2751,.T.);
#1520=ORIENTED_EDGE('',*,*,#2204,.F.);
#1521=ORIENTED_EDGE('',*,*,#2748,.F.);
#1522=ORIENTED_EDGE('',*,*,#2384,.T.);
#1523=ORIENTED_EDGE('',*,*,#2752,.T.);
#1524=ORIENTED_EDGE('',*,*,#2207,.F.);
#1525=ORIENTED_EDGE('',*,*,#2753,.F.);
#1526=ORIENTED_EDGE('',*,*,#2385,.T.);
#1527=ORIENTED_EDGE('',*,*,#2753,.T.);
#1528=ORIENTED_EDGE('',*,*,#2206,.F.);
#1529=ORIENTED_EDGE('',*,*,#2754,.F.);
#1530=ORIENTED_EDGE('',*,*,#2386,.T.);
#1531=ORIENTED_EDGE('',*,*,#2754,.T.);
#1532=ORIENTED_EDGE('',*,*,#2230,.F.);
#1533=ORIENTED_EDGE('',*,*,#2755,.F.);
#1534=ORIENTED_EDGE('',*,*,#2387,.T.);
#1535=ORIENTED_EDGE('',*,*,#2755,.T.);
#1536=ORIENTED_EDGE('',*,*,#2229,.F.);
#1537=ORIENTED_EDGE('',*,*,#2756,.F.);
#1538=ORIENTED_EDGE('',*,*,#2388,.T.);
#1539=ORIENTED_EDGE('',*,*,#2756,.T.);
#1540=ORIENTED_EDGE('',*,*,#2228,.F.);
#1541=ORIENTED_EDGE('',*,*,#2757,.F.);
#1542=ORIENTED_EDGE('',*,*,#2389,.T.);
#1543=ORIENTED_EDGE('',*,*,#2757,.T.);
#1544=ORIENTED_EDGE('',*,*,#2227,.F.);
#1545=ORIENTED_EDGE('',*,*,#2758,.F.);
#1546=ORIENTED_EDGE('',*,*,#2390,.T.);
#1547=ORIENTED_EDGE('',*,*,#2758,.T.);
#1548=ORIENTED_EDGE('',*,*,#2226,.F.);
#1549=ORIENTED_EDGE('',*,*,#2759,.F.);
#1550=ORIENTED_EDGE('',*,*,#2391,.T.);
#1551=ORIENTED_EDGE('',*,*,#2759,.T.);
#1552=ORIENTED_EDGE('',*,*,#2225,.F.);
#1553=ORIENTED_EDGE('',*,*,#2760,.F.);
#1554=ORIENTED_EDGE('',*,*,#2392,.T.);
#1555=ORIENTED_EDGE('',*,*,#2760,.T.);
#1556=ORIENTED_EDGE('',*,*,#2224,.F.);
#1557=ORIENTED_EDGE('',*,*,#2761,.F.);
#1558=ORIENTED_EDGE('',*,*,#2393,.T.);
#1559=ORIENTED_EDGE('',*,*,#2761,.T.);
#1560=ORIENTED_EDGE('',*,*,#2223,.F.);
#1561=ORIENTED_EDGE('',*,*,#2762,.F.);
#1562=ORIENTED_EDGE('',*,*,#2394,.T.);
#1563=ORIENTED_EDGE('',*,*,#2762,.T.);
#1564=ORIENTED_EDGE('',*,*,#2222,.F.);
#1565=ORIENTED_EDGE('',*,*,#2763,.F.);
#1566=ORIENTED_EDGE('',*,*,#2395,.T.);
#1567=ORIENTED_EDGE('',*,*,#2763,.T.);
#1568=ORIENTED_EDGE('',*,*,#2221,.F.);
#1569=ORIENTED_EDGE('',*,*,#2764,.F.);
#1570=ORIENTED_EDGE('',*,*,#2396,.T.);
#1571=ORIENTED_EDGE('',*,*,#2764,.T.);
#1572=ORIENTED_EDGE('',*,*,#2220,.F.);
#1573=ORIENTED_EDGE('',*,*,#2765,.F.);
#1574=ORIENTED_EDGE('',*,*,#2397,.T.);
#1575=ORIENTED_EDGE('',*,*,#2765,.T.);
#1576=ORIENTED_EDGE('',*,*,#2219,.F.);
#1577=ORIENTED_EDGE('',*,*,#2766,.F.);
#1578=ORIENTED_EDGE('',*,*,#2398,.T.);
#1579=ORIENTED_EDGE('',*,*,#2766,.T.);
#1580=ORIENTED_EDGE('',*,*,#2218,.F.);
#1581=ORIENTED_EDGE('',*,*,#2767,.F.);
#1582=ORIENTED_EDGE('',*,*,#2399,.T.);
#1583=ORIENTED_EDGE('',*,*,#2767,.T.);
#1584=ORIENTED_EDGE('',*,*,#2217,.F.);
#1585=ORIENTED_EDGE('',*,*,#2768,.F.);
#1586=ORIENTED_EDGE('',*,*,#2400,.T.);
#1587=ORIENTED_EDGE('',*,*,#2768,.T.);
#1588=ORIENTED_EDGE('',*,*,#2216,.F.);
#1589=ORIENTED_EDGE('',*,*,#2769,.F.);
#1590=ORIENTED_EDGE('',*,*,#2401,.T.);
#1591=ORIENTED_EDGE('',*,*,#2769,.T.);
#1592=ORIENTED_EDGE('',*,*,#2215,.F.);
#1593=ORIENTED_EDGE('',*,*,#2770,.F.);
#1594=ORIENTED_EDGE('',*,*,#2402,.T.);
#1595=ORIENTED_EDGE('',*,*,#2770,.T.);
#1596=ORIENTED_EDGE('',*,*,#2214,.F.);
#1597=ORIENTED_EDGE('',*,*,#2771,.F.);
#1598=ORIENTED_EDGE('',*,*,#2403,.T.);
#1599=ORIENTED_EDGE('',*,*,#2771,.T.);
#1600=ORIENTED_EDGE('',*,*,#2213,.F.);
#1601=ORIENTED_EDGE('',*,*,#2772,.F.);
#1602=ORIENTED_EDGE('',*,*,#2404,.T.);
#1603=ORIENTED_EDGE('',*,*,#2772,.T.);
#1604=ORIENTED_EDGE('',*,*,#2212,.F.);
#1605=ORIENTED_EDGE('',*,*,#2773,.F.);
#1606=ORIENTED_EDGE('',*,*,#2405,.T.);
#1607=ORIENTED_EDGE('',*,*,#2773,.T.);
#1608=ORIENTED_EDGE('',*,*,#2211,.F.);
#1609=ORIENTED_EDGE('',*,*,#2774,.F.);
#1610=ORIENTED_EDGE('',*,*,#2406,.T.);
#1611=ORIENTED_EDGE('',*,*,#2774,.T.);
#1612=ORIENTED_EDGE('',*,*,#2210,.F.);
#1613=ORIENTED_EDGE('',*,*,#2775,.F.);
#1614=ORIENTED_EDGE('',*,*,#2407,.T.);
#1615=ORIENTED_EDGE('',*,*,#2775,.T.);
#1616=ORIENTED_EDGE('',*,*,#2209,.F.);
#1617=ORIENTED_EDGE('',*,*,#2776,.F.);
#1618=ORIENTED_EDGE('',*,*,#2408,.T.);
#1619=ORIENTED_EDGE('',*,*,#2776,.T.);
#1620=ORIENTED_EDGE('',*,*,#2208,.F.);
#1621=ORIENTED_EDGE('',*,*,#2752,.F.);
#1622=ORIENTED_EDGE('',*,*,#2545,.T.);
#1623=ORIENTED_EDGE('',*,*,#2777,.T.);
#1624=ORIENTED_EDGE('',*,*,#2232,.F.);
#1625=ORIENTED_EDGE('',*,*,#2778,.F.);
#1626=ORIENTED_EDGE('',*,*,#2546,.T.);
#1627=ORIENTED_EDGE('',*,*,#2778,.T.);
#1628=ORIENTED_EDGE('',*,*,#2231,.F.);
#1629=ORIENTED_EDGE('',*,*,#2779,.F.);
#1630=ORIENTED_EDGE('',*,*,#2547,.T.);
#1631=ORIENTED_EDGE('',*,*,#2779,.T.);
#1632=ORIENTED_EDGE('',*,*,#2237,.F.);
#1633=ORIENTED_EDGE('',*,*,#2780,.F.);
#1634=ORIENTED_EDGE('',*,*,#2548,.T.);
#1635=ORIENTED_EDGE('',*,*,#2780,.T.);
#1636=ORIENTED_EDGE('',*,*,#2236,.F.);
#1637=ORIENTED_EDGE('',*,*,#2781,.F.);
#1638=ORIENTED_EDGE('',*,*,#2549,.T.);
#1639=ORIENTED_EDGE('',*,*,#2781,.T.);
#1640=ORIENTED_EDGE('',*,*,#2235,.F.);
#1641=ORIENTED_EDGE('',*,*,#2782,.F.);
#1642=ORIENTED_EDGE('',*,*,#2550,.T.);
#1643=ORIENTED_EDGE('',*,*,#2782,.T.);
#1644=ORIENTED_EDGE('',*,*,#2234,.F.);
#1645=ORIENTED_EDGE('',*,*,#2783,.F.);
#1646=ORIENTED_EDGE('',*,*,#2551,.T.);
#1647=ORIENTED_EDGE('',*,*,#2783,.T.);
#1648=ORIENTED_EDGE('',*,*,#2233,.F.);
#1649=ORIENTED_EDGE('',*,*,#2777,.F.);
#1650=ORIENTED_EDGE('',*,*,#2380,.T.);
#1651=ORIENTED_EDGE('',*,*,#2784,.T.);
#1652=ORIENTED_EDGE('',*,*,#2239,.F.);
#1653=ORIENTED_EDGE('',*,*,#2785,.F.);
#1654=ORIENTED_EDGE('',*,*,#2381,.T.);
#1655=ORIENTED_EDGE('',*,*,#2785,.T.);
#1656=ORIENTED_EDGE('',*,*,#2238,.F.);
#1657=ORIENTED_EDGE('',*,*,#2786,.F.);
#1658=ORIENTED_EDGE('',*,*,#2382,.T.);
#1659=ORIENTED_EDGE('',*,*,#2786,.T.);
#1660=ORIENTED_EDGE('',*,*,#2241,.F.);
#1661=ORIENTED_EDGE('',*,*,#2787,.F.);
#1662=ORIENTED_EDGE('',*,*,#2383,.T.);
#1663=ORIENTED_EDGE('',*,*,#2787,.T.);
#1664=ORIENTED_EDGE('',*,*,#2240,.F.);
#1665=ORIENTED_EDGE('',*,*,#2784,.F.);
#1666=ORIENTED_EDGE('',*,*,#2552,.T.);
#1667=ORIENTED_EDGE('',*,*,#2788,.T.);
#1668=ORIENTED_EDGE('',*,*,#2243,.F.);
#1669=ORIENTED_EDGE('',*,*,#2789,.F.);
#1670=ORIENTED_EDGE('',*,*,#2553,.T.);
#1671=ORIENTED_EDGE('',*,*,#2789,.T.);
#1672=ORIENTED_EDGE('',*,*,#2242,.F.);
#1673=ORIENTED_EDGE('',*,*,#2790,.F.);
#1674=ORIENTED_EDGE('',*,*,#2554,.T.);
#1675=ORIENTED_EDGE('',*,*,#2790,.T.);
#1676=ORIENTED_EDGE('',*,*,#2263,.F.);
#1677=ORIENTED_EDGE('',*,*,#2791,.F.);
#1678=ORIENTED_EDGE('',*,*,#2555,.T.);
#1679=ORIENTED_EDGE('',*,*,#2791,.T.);
#1680=ORIENTED_EDGE('',*,*,#2262,.F.);
#1681=ORIENTED_EDGE('',*,*,#2792,.F.);
#1682=ORIENTED_EDGE('',*,*,#2556,.T.);
#1683=ORIENTED_EDGE('',*,*,#2792,.T.);
#1684=ORIENTED_EDGE('',*,*,#2261,.F.);
#1685=ORIENTED_EDGE('',*,*,#2793,.F.);
#1686=ORIENTED_EDGE('',*,*,#2557,.T.);
#1687=ORIENTED_EDGE('',*,*,#2793,.T.);
#1688=ORIENTED_EDGE('',*,*,#2260,.F.);
#1689=ORIENTED_EDGE('',*,*,#2794,.F.);
#1690=ORIENTED_EDGE('',*,*,#2558,.T.);
#1691=ORIENTED_EDGE('',*,*,#2794,.T.);
#1692=ORIENTED_EDGE('',*,*,#2259,.F.);
#1693=ORIENTED_EDGE('',*,*,#2795,.F.);
#1694=ORIENTED_EDGE('',*,*,#2559,.T.);
#1695=ORIENTED_EDGE('',*,*,#2795,.T.);
#1696=ORIENTED_EDGE('',*,*,#2258,.F.);
#1697=ORIENTED_EDGE('',*,*,#2796,.F.);
#1698=ORIENTED_EDGE('',*,*,#2560,.T.);
#1699=ORIENTED_EDGE('',*,*,#2796,.T.);
#1700=ORIENTED_EDGE('',*,*,#2257,.F.);
#1701=ORIENTED_EDGE('',*,*,#2797,.F.);
#1702=ORIENTED_EDGE('',*,*,#2561,.T.);
#1703=ORIENTED_EDGE('',*,*,#2797,.T.);
#1704=ORIENTED_EDGE('',*,*,#2256,.F.);
#1705=ORIENTED_EDGE('',*,*,#2798,.F.);
#1706=ORIENTED_EDGE('',*,*,#2562,.T.);
#1707=ORIENTED_EDGE('',*,*,#2798,.T.);
#1708=ORIENTED_EDGE('',*,*,#2255,.F.);
#1709=ORIENTED_EDGE('',*,*,#2799,.F.);
#1710=ORIENTED_EDGE('',*,*,#2563,.T.);
#1711=ORIENTED_EDGE('',*,*,#2799,.T.);
#1712=ORIENTED_EDGE('',*,*,#2254,.F.);
#1713=ORIENTED_EDGE('',*,*,#2800,.F.);
#1714=ORIENTED_EDGE('',*,*,#2564,.T.);
#1715=ORIENTED_EDGE('',*,*,#2800,.T.);
#1716=ORIENTED_EDGE('',*,*,#2253,.F.);
#1717=ORIENTED_EDGE('',*,*,#2801,.F.);
#1718=ORIENTED_EDGE('',*,*,#2565,.T.);
#1719=ORIENTED_EDGE('',*,*,#2801,.T.);
#1720=ORIENTED_EDGE('',*,*,#2252,.F.);
#1721=ORIENTED_EDGE('',*,*,#2802,.F.);
#1722=ORIENTED_EDGE('',*,*,#2566,.T.);
#1723=ORIENTED_EDGE('',*,*,#2802,.T.);
#1724=ORIENTED_EDGE('',*,*,#2251,.F.);
#1725=ORIENTED_EDGE('',*,*,#2803,.F.);
#1726=ORIENTED_EDGE('',*,*,#2567,.T.);
#1727=ORIENTED_EDGE('',*,*,#2803,.T.);
#1728=ORIENTED_EDGE('',*,*,#2250,.F.);
#1729=ORIENTED_EDGE('',*,*,#2804,.F.);
#1730=ORIENTED_EDGE('',*,*,#2568,.T.);
#1731=ORIENTED_EDGE('',*,*,#2804,.T.);
#1732=ORIENTED_EDGE('',*,*,#2249,.F.);
#1733=ORIENTED_EDGE('',*,*,#2805,.F.);
#1734=ORIENTED_EDGE('',*,*,#2569,.T.);
#1735=ORIENTED_EDGE('',*,*,#2805,.T.);
#1736=ORIENTED_EDGE('',*,*,#2248,.F.);
#1737=ORIENTED_EDGE('',*,*,#2806,.F.);
#1738=ORIENTED_EDGE('',*,*,#2570,.T.);
#1739=ORIENTED_EDGE('',*,*,#2806,.T.);
#1740=ORIENTED_EDGE('',*,*,#2247,.F.);
#1741=ORIENTED_EDGE('',*,*,#2807,.F.);
#1742=ORIENTED_EDGE('',*,*,#2571,.T.);
#1743=ORIENTED_EDGE('',*,*,#2807,.T.);
#1744=ORIENTED_EDGE('',*,*,#2246,.F.);
#1745=ORIENTED_EDGE('',*,*,#2808,.F.);
#1746=ORIENTED_EDGE('',*,*,#2572,.T.);
#1747=ORIENTED_EDGE('',*,*,#2808,.T.);
#1748=ORIENTED_EDGE('',*,*,#2245,.F.);
#1749=ORIENTED_EDGE('',*,*,#2809,.F.);
#1750=ORIENTED_EDGE('',*,*,#2573,.T.);
#1751=ORIENTED_EDGE('',*,*,#2809,.T.);
#1752=ORIENTED_EDGE('',*,*,#2244,.F.);
#1753=ORIENTED_EDGE('',*,*,#2788,.F.);
#1754=ORIENTED_EDGE('',*,*,#2376,.T.);
#1755=ORIENTED_EDGE('',*,*,#2810,.T.);
#1756=ORIENTED_EDGE('',*,*,#2265,.F.);
#1757=ORIENTED_EDGE('',*,*,#2811,.F.);
#1758=ORIENTED_EDGE('',*,*,#2377,.T.);
#1759=ORIENTED_EDGE('',*,*,#2811,.T.);
#1760=ORIENTED_EDGE('',*,*,#2264,.F.);
#1761=ORIENTED_EDGE('',*,*,#2812,.F.);
#1762=ORIENTED_EDGE('',*,*,#2378,.T.);
#1763=ORIENTED_EDGE('',*,*,#2812,.T.);
#1764=ORIENTED_EDGE('',*,*,#2267,.F.);
#1765=ORIENTED_EDGE('',*,*,#2813,.F.);
#1766=ORIENTED_EDGE('',*,*,#2379,.T.);
#1767=ORIENTED_EDGE('',*,*,#2813,.T.);
#1768=ORIENTED_EDGE('',*,*,#2266,.F.);
#1769=ORIENTED_EDGE('',*,*,#2810,.F.);
#1770=ORIENTED_EDGE('',*,*,#2574,.T.);
#1771=ORIENTED_EDGE('',*,*,#2814,.T.);
#1772=ORIENTED_EDGE('',*,*,#2269,.F.);
#1773=ORIENTED_EDGE('',*,*,#2815,.F.);
#1774=ORIENTED_EDGE('',*,*,#2575,.T.);
#1775=ORIENTED_EDGE('',*,*,#2815,.T.);
#1776=ORIENTED_EDGE('',*,*,#2268,.F.);
#1777=ORIENTED_EDGE('',*,*,#2816,.F.);
#1778=ORIENTED_EDGE('',*,*,#2576,.T.);
#1779=ORIENTED_EDGE('',*,*,#2816,.T.);
#1780=ORIENTED_EDGE('',*,*,#2273,.F.);
#1781=ORIENTED_EDGE('',*,*,#2817,.F.);
#1782=ORIENTED_EDGE('',*,*,#2577,.T.);
#1783=ORIENTED_EDGE('',*,*,#2817,.T.);
#1784=ORIENTED_EDGE('',*,*,#2272,.F.);
#1785=ORIENTED_EDGE('',*,*,#2818,.F.);
#1786=ORIENTED_EDGE('',*,*,#2578,.T.);
#1787=ORIENTED_EDGE('',*,*,#2818,.T.);
#1788=ORIENTED_EDGE('',*,*,#2271,.F.);
#1789=ORIENTED_EDGE('',*,*,#2819,.F.);
#1790=ORIENTED_EDGE('',*,*,#2579,.T.);
#1791=ORIENTED_EDGE('',*,*,#2819,.T.);
#1792=ORIENTED_EDGE('',*,*,#2270,.F.);
#1793=ORIENTED_EDGE('',*,*,#2814,.F.);
#1794=ORIENTED_EDGE('',*,*,#2358,.T.);
#1795=ORIENTED_EDGE('',*,*,#2820,.T.);
#1796=ORIENTED_EDGE('',*,*,#2275,.F.);
#1797=ORIENTED_EDGE('',*,*,#2821,.F.);
#1798=ORIENTED_EDGE('',*,*,#2359,.T.);
#1799=ORIENTED_EDGE('',*,*,#2821,.T.);
#1800=ORIENTED_EDGE('',*,*,#2274,.F.);
#1801=ORIENTED_EDGE('',*,*,#2822,.F.);
#1802=ORIENTED_EDGE('',*,*,#2360,.T.);
#1803=ORIENTED_EDGE('',*,*,#2822,.T.);
#1804=ORIENTED_EDGE('',*,*,#2291,.F.);
#1805=ORIENTED_EDGE('',*,*,#2823,.F.);
#1806=ORIENTED_EDGE('',*,*,#2361,.T.);
#1807=ORIENTED_EDGE('',*,*,#2823,.T.);
#1808=ORIENTED_EDGE('',*,*,#2290,.F.);
#1809=ORIENTED_EDGE('',*,*,#2824,.F.);
#1810=ORIENTED_EDGE('',*,*,#2362,.T.);
#1811=ORIENTED_EDGE('',*,*,#2824,.T.);
#1812=ORIENTED_EDGE('',*,*,#2289,.F.);
#1813=ORIENTED_EDGE('',*,*,#2825,.F.);
#1814=ORIENTED_EDGE('',*,*,#2363,.T.);
#1815=ORIENTED_EDGE('',*,*,#2825,.T.);
#1816=ORIENTED_EDGE('',*,*,#2288,.F.);
#1817=ORIENTED_EDGE('',*,*,#2826,.F.);
#1818=ORIENTED_EDGE('',*,*,#2364,.T.);
#1819=ORIENTED_EDGE('',*,*,#2826,.T.);
#1820=ORIENTED_EDGE('',*,*,#2287,.F.);
#1821=ORIENTED_EDGE('',*,*,#2827,.F.);
#1822=ORIENTED_EDGE('',*,*,#2365,.T.);
#1823=ORIENTED_EDGE('',*,*,#2827,.T.);
#1824=ORIENTED_EDGE('',*,*,#2286,.F.);
#1825=ORIENTED_EDGE('',*,*,#2828,.F.);
#1826=ORIENTED_EDGE('',*,*,#2366,.T.);
#1827=ORIENTED_EDGE('',*,*,#2828,.T.);
#1828=ORIENTED_EDGE('',*,*,#2285,.F.);
#1829=ORIENTED_EDGE('',*,*,#2829,.F.);
#1830=ORIENTED_EDGE('',*,*,#2367,.T.);
#1831=ORIENTED_EDGE('',*,*,#2829,.T.);
#1832=ORIENTED_EDGE('',*,*,#2284,.F.);
#1833=ORIENTED_EDGE('',*,*,#2830,.F.);
#1834=ORIENTED_EDGE('',*,*,#2368,.T.);
#1835=ORIENTED_EDGE('',*,*,#2830,.T.);
#1836=ORIENTED_EDGE('',*,*,#2283,.F.);
#1837=ORIENTED_EDGE('',*,*,#2831,.F.);
#1838=ORIENTED_EDGE('',*,*,#2369,.T.);
#1839=ORIENTED_EDGE('',*,*,#2831,.T.);
#1840=ORIENTED_EDGE('',*,*,#2282,.F.);
#1841=ORIENTED_EDGE('',*,*,#2832,.F.);
#1842=ORIENTED_EDGE('',*,*,#2370,.T.);
#1843=ORIENTED_EDGE('',*,*,#2832,.T.);
#1844=ORIENTED_EDGE('',*,*,#2281,.F.);
#1845=ORIENTED_EDGE('',*,*,#2833,.F.);
#1846=ORIENTED_EDGE('',*,*,#2371,.T.);
#1847=ORIENTED_EDGE('',*,*,#2833,.T.);
#1848=ORIENTED_EDGE('',*,*,#2280,.F.);
#1849=ORIENTED_EDGE('',*,*,#2834,.F.);
#1850=ORIENTED_EDGE('',*,*,#2372,.T.);
#1851=ORIENTED_EDGE('',*,*,#2834,.T.);
#1852=ORIENTED_EDGE('',*,*,#2279,.F.);
#1853=ORIENTED_EDGE('',*,*,#2835,.F.);
#1854=ORIENTED_EDGE('',*,*,#2373,.T.);
#1855=ORIENTED_EDGE('',*,*,#2835,.T.);
#1856=ORIENTED_EDGE('',*,*,#2278,.F.);
#1857=ORIENTED_EDGE('',*,*,#2836,.F.);
#1858=ORIENTED_EDGE('',*,*,#2374,.T.);
#1859=ORIENTED_EDGE('',*,*,#2836,.T.);
#1860=ORIENTED_EDGE('',*,*,#2277,.F.);
#1861=ORIENTED_EDGE('',*,*,#2837,.F.);
#1862=ORIENTED_EDGE('',*,*,#2375,.T.);
#1863=ORIENTED_EDGE('',*,*,#2837,.T.);
#1864=ORIENTED_EDGE('',*,*,#2276,.F.);
#1865=ORIENTED_EDGE('',*,*,#2820,.F.);
#1866=ORIENTED_EDGE('',*,*,#2580,.T.);
#1867=ORIENTED_EDGE('',*,*,#2838,.T.);
#1868=ORIENTED_EDGE('',*,*,#2293,.F.);
#1869=ORIENTED_EDGE('',*,*,#2839,.F.);
#1870=ORIENTED_EDGE('',*,*,#2581,.T.);
#1871=ORIENTED_EDGE('',*,*,#2839,.T.);
#1872=ORIENTED_EDGE('',*,*,#2292,.F.);
#1873=ORIENTED_EDGE('',*,*,#2840,.F.);
#1874=ORIENTED_EDGE('',*,*,#2582,.T.);
#1875=ORIENTED_EDGE('',*,*,#2840,.T.);
#1876=ORIENTED_EDGE('',*,*,#2309,.F.);
#1877=ORIENTED_EDGE('',*,*,#2841,.F.);
#1878=ORIENTED_EDGE('',*,*,#2583,.T.);
#1879=ORIENTED_EDGE('',*,*,#2841,.T.);
#1880=ORIENTED_EDGE('',*,*,#2308,.F.);
#1881=ORIENTED_EDGE('',*,*,#2842,.F.);
#1882=ORIENTED_EDGE('',*,*,#2584,.T.);
#1883=ORIENTED_EDGE('',*,*,#2842,.T.);
#1884=ORIENTED_EDGE('',*,*,#2307,.F.);
#1885=ORIENTED_EDGE('',*,*,#2843,.F.);
#1886=ORIENTED_EDGE('',*,*,#2585,.T.);
#1887=ORIENTED_EDGE('',*,*,#2843,.T.);
#1888=ORIENTED_EDGE('',*,*,#2306,.F.);
#1889=ORIENTED_EDGE('',*,*,#2844,.F.);
#1890=ORIENTED_EDGE('',*,*,#2586,.T.);
#1891=ORIENTED_EDGE('',*,*,#2844,.T.);
#1892=ORIENTED_EDGE('',*,*,#2305,.F.);
#1893=ORIENTED_EDGE('',*,*,#2845,.F.);
#1894=ORIENTED_EDGE('',*,*,#2587,.T.);
#1895=ORIENTED_EDGE('',*,*,#2845,.T.);
#1896=ORIENTED_EDGE('',*,*,#2304,.F.);
#1897=ORIENTED_EDGE('',*,*,#2846,.F.);
#1898=ORIENTED_EDGE('',*,*,#2588,.T.);
#1899=ORIENTED_EDGE('',*,*,#2846,.T.);
#1900=ORIENTED_EDGE('',*,*,#2303,.F.);
#1901=ORIENTED_EDGE('',*,*,#2847,.F.);
#1902=ORIENTED_EDGE('',*,*,#2589,.T.);
#1903=ORIENTED_EDGE('',*,*,#2847,.T.);
#1904=ORIENTED_EDGE('',*,*,#2302,.F.);
#1905=ORIENTED_EDGE('',*,*,#2848,.F.);
#1906=ORIENTED_EDGE('',*,*,#2590,.T.);
#1907=ORIENTED_EDGE('',*,*,#2848,.T.);
#1908=ORIENTED_EDGE('',*,*,#2301,.F.);
#1909=ORIENTED_EDGE('',*,*,#2849,.F.);
#1910=ORIENTED_EDGE('',*,*,#2591,.T.);
#1911=ORIENTED_EDGE('',*,*,#2849,.T.);
#1912=ORIENTED_EDGE('',*,*,#2300,.F.);
#1913=ORIENTED_EDGE('',*,*,#2850,.F.);
#1914=ORIENTED_EDGE('',*,*,#2592,.T.);
#1915=ORIENTED_EDGE('',*,*,#2850,.T.);
#1916=ORIENTED_EDGE('',*,*,#2299,.F.);
#1917=ORIENTED_EDGE('',*,*,#2851,.F.);
#1918=ORIENTED_EDGE('',*,*,#2593,.T.);
#1919=ORIENTED_EDGE('',*,*,#2851,.T.);
#1920=ORIENTED_EDGE('',*,*,#2298,.F.);
#1921=ORIENTED_EDGE('',*,*,#2852,.F.);
#1922=ORIENTED_EDGE('',*,*,#2594,.T.);
#1923=ORIENTED_EDGE('',*,*,#2852,.T.);
#1924=ORIENTED_EDGE('',*,*,#2297,.F.);
#1925=ORIENTED_EDGE('',*,*,#2853,.F.);
#1926=ORIENTED_EDGE('',*,*,#2595,.T.);
#1927=ORIENTED_EDGE('',*,*,#2853,.T.);
#1928=ORIENTED_EDGE('',*,*,#2296,.F.);
#1929=ORIENTED_EDGE('',*,*,#2854,.F.);
#1930=ORIENTED_EDGE('',*,*,#2596,.T.);
#1931=ORIENTED_EDGE('',*,*,#2854,.T.);
#1932=ORIENTED_EDGE('',*,*,#2295,.F.);
#1933=ORIENTED_EDGE('',*,*,#2855,.F.);
#1934=ORIENTED_EDGE('',*,*,#2597,.T.);
#1935=ORIENTED_EDGE('',*,*,#2855,.T.);
#1936=ORIENTED_EDGE('',*,*,#2294,.F.);
#1937=ORIENTED_EDGE('',*,*,#2838,.F.);
#1938=ORIENTED_EDGE('',*,*,#2343,.T.);
#1939=ORIENTED_EDGE('',*,*,#2856,.T.);
#1940=ORIENTED_EDGE('',*,*,#2311,.F.);
#1941=ORIENTED_EDGE('',*,*,#2857,.F.);
#1942=ORIENTED_EDGE('',*,*,#2344,.T.);
#1943=ORIENTED_EDGE('',*,*,#2857,.T.);
#1944=ORIENTED_EDGE('',*,*,#2310,.F.);
#1945=ORIENTED_EDGE('',*,*,#2858,.F.);
#1946=ORIENTED_EDGE('',*,*,#2345,.T.);
#1947=ORIENTED_EDGE('',*,*,#2858,.T.);
#1948=ORIENTED_EDGE('',*,*,#2324,.F.);
#1949=ORIENTED_EDGE('',*,*,#2859,.F.);
#1950=ORIENTED_EDGE('',*,*,#2346,.T.);
#1951=ORIENTED_EDGE('',*,*,#2859,.T.);
#1952=ORIENTED_EDGE('',*,*,#2323,.F.);
#1953=ORIENTED_EDGE('',*,*,#2860,.F.);
#1954=ORIENTED_EDGE('',*,*,#2347,.T.);
#1955=ORIENTED_EDGE('',*,*,#2860,.T.);
#1956=ORIENTED_EDGE('',*,*,#2322,.F.);
#1957=ORIENTED_EDGE('',*,*,#2861,.F.);
#1958=ORIENTED_EDGE('',*,*,#2348,.T.);
#1959=ORIENTED_EDGE('',*,*,#2861,.T.);
#1960=ORIENTED_EDGE('',*,*,#2321,.F.);
#1961=ORIENTED_EDGE('',*,*,#2862,.F.);
#1962=ORIENTED_EDGE('',*,*,#2349,.T.);
#1963=ORIENTED_EDGE('',*,*,#2862,.T.);
#1964=ORIENTED_EDGE('',*,*,#2320,.F.);
#1965=ORIENTED_EDGE('',*,*,#2863,.F.);
#1966=ORIENTED_EDGE('',*,*,#2350,.T.);
#1967=ORIENTED_EDGE('',*,*,#2863,.T.);
#1968=ORIENTED_EDGE('',*,*,#2319,.F.);
#1969=ORIENTED_EDGE('',*,*,#2864,.F.);
#1970=ORIENTED_EDGE('',*,*,#2351,.T.);
#1971=ORIENTED_EDGE('',*,*,#2864,.T.);
#1972=ORIENTED_EDGE('',*,*,#2318,.F.);
#1973=ORIENTED_EDGE('',*,*,#2865,.F.);
#1974=ORIENTED_EDGE('',*,*,#2352,.T.);
#1975=ORIENTED_EDGE('',*,*,#2865,.T.);
#1976=ORIENTED_EDGE('',*,*,#2317,.F.);
#1977=ORIENTED_EDGE('',*,*,#2866,.F.);
#1978=ORIENTED_EDGE('',*,*,#2353,.T.);
#1979=ORIENTED_EDGE('',*,*,#2866,.T.);
#1980=ORIENTED_EDGE('',*,*,#2316,.F.);
#1981=ORIENTED_EDGE('',*,*,#2867,.F.);
#1982=ORIENTED_EDGE('',*,*,#2354,.T.);
#1983=ORIENTED_EDGE('',*,*,#2867,.T.);
#1984=ORIENTED_EDGE('',*,*,#2315,.F.);
#1985=ORIENTED_EDGE('',*,*,#2868,.F.);
#1986=ORIENTED_EDGE('',*,*,#2355,.T.);
#1987=ORIENTED_EDGE('',*,*,#2868,.T.);
#1988=ORIENTED_EDGE('',*,*,#2314,.F.);
#1989=ORIENTED_EDGE('',*,*,#2869,.F.);
#1990=ORIENTED_EDGE('',*,*,#2356,.T.);
#1991=ORIENTED_EDGE('',*,*,#2869,.T.);
#1992=ORIENTED_EDGE('',*,*,#2313,.F.);
#1993=ORIENTED_EDGE('',*,*,#2870,.F.);
#1994=ORIENTED_EDGE('',*,*,#2357,.T.);
#1995=ORIENTED_EDGE('',*,*,#2870,.T.);
#1996=ORIENTED_EDGE('',*,*,#2312,.F.);
#1997=ORIENTED_EDGE('',*,*,#2856,.F.);
#1998=ORIENTED_EDGE('',*,*,#2598,.T.);
#1999=ORIENTED_EDGE('',*,*,#2871,.T.);
#2000=ORIENTED_EDGE('',*,*,#2326,.F.);
#2001=ORIENTED_EDGE('',*,*,#2872,.F.);
#2002=ORIENTED_EDGE('',*,*,#2599,.T.);
#2003=ORIENTED_EDGE('',*,*,#2872,.T.);
#2004=ORIENTED_EDGE('',*,*,#2325,.F.);
#2005=ORIENTED_EDGE('',*,*,#2873,.F.);
#2006=ORIENTED_EDGE('',*,*,#2600,.T.);
#2007=ORIENTED_EDGE('',*,*,#2873,.T.);
#2008=ORIENTED_EDGE('',*,*,#2342,.F.);
#2009=ORIENTED_EDGE('',*,*,#2874,.F.);
#2010=ORIENTED_EDGE('',*,*,#2601,.T.);
#2011=ORIENTED_EDGE('',*,*,#2874,.T.);
#2012=ORIENTED_EDGE('',*,*,#2341,.F.);
#2013=ORIENTED_EDGE('',*,*,#2875,.F.);
#2014=ORIENTED_EDGE('',*,*,#2602,.T.);
#2015=ORIENTED_EDGE('',*,*,#2875,.T.);
#2016=ORIENTED_EDGE('',*,*,#2340,.F.);
#2017=ORIENTED_EDGE('',*,*,#2876,.F.);
#2018=ORIENTED_EDGE('',*,*,#2603,.T.);
#2019=ORIENTED_EDGE('',*,*,#2876,.T.);
#2020=ORIENTED_EDGE('',*,*,#2339,.F.);
#2021=ORIENTED_EDGE('',*,*,#2877,.F.);
#2022=ORIENTED_EDGE('',*,*,#2604,.T.);
#2023=ORIENTED_EDGE('',*,*,#2877,.T.);
#2024=ORIENTED_EDGE('',*,*,#2338,.F.);
#2025=ORIENTED_EDGE('',*,*,#2878,.F.);
#2026=ORIENTED_EDGE('',*,*,#2605,.T.);
#2027=ORIENTED_EDGE('',*,*,#2878,.T.);
#2028=ORIENTED_EDGE('',*,*,#2337,.F.);
#2029=ORIENTED_EDGE('',*,*,#2879,.F.);
#2030=ORIENTED_EDGE('',*,*,#2606,.T.);
#2031=ORIENTED_EDGE('',*,*,#2879,.T.);
#2032=ORIENTED_EDGE('',*,*,#2336,.F.);
#2033=ORIENTED_EDGE('',*,*,#2880,.F.);
#2034=ORIENTED_EDGE('',*,*,#2607,.T.);
#2035=ORIENTED_EDGE('',*,*,#2880,.T.);
#2036=ORIENTED_EDGE('',*,*,#2335,.F.);
#2037=ORIENTED_EDGE('',*,*,#2881,.F.);
#2038=ORIENTED_EDGE('',*,*,#2608,.T.);
#2039=ORIENTED_EDGE('',*,*,#2881,.T.);
#2040=ORIENTED_EDGE('',*,*,#2334,.F.);
#2041=ORIENTED_EDGE('',*,*,#2882,.F.);
#2042=ORIENTED_EDGE('',*,*,#2609,.T.);
#2043=ORIENTED_EDGE('',*,*,#2882,.T.);
#2044=ORIENTED_EDGE('',*,*,#2333,.F.);
#2045=ORIENTED_EDGE('',*,*,#2883,.F.);
#2046=ORIENTED_EDGE('',*,*,#2610,.T.);
#2047=ORIENTED_EDGE('',*,*,#2883,.T.);
#2048=ORIENTED_EDGE('',*,*,#2332,.F.);
#2049=ORIENTED_EDGE('',*,*,#2884,.F.);
#2050=ORIENTED_EDGE('',*,*,#2611,.T.);
#2051=ORIENTED_EDGE('',*,*,#2884,.T.);
#2052=ORIENTED_EDGE('',*,*,#2331,.F.);
#2053=ORIENTED_EDGE('',*,*,#2885,.F.);
#2054=ORIENTED_EDGE('',*,*,#2612,.T.);
#2055=ORIENTED_EDGE('',*,*,#2885,.T.);
#2056=ORIENTED_EDGE('',*,*,#2330,.F.);
#2057=ORIENTED_EDGE('',*,*,#2886,.F.);
#2058=ORIENTED_EDGE('',*,*,#2613,.T.);
#2059=ORIENTED_EDGE('',*,*,#2886,.T.);
#2060=ORIENTED_EDGE('',*,*,#2329,.F.);
#2061=ORIENTED_EDGE('',*,*,#2887,.F.);
#2062=ORIENTED_EDGE('',*,*,#2614,.T.);
#2063=ORIENTED_EDGE('',*,*,#2887,.T.);
#2064=ORIENTED_EDGE('',*,*,#2328,.F.);
#2065=ORIENTED_EDGE('',*,*,#2888,.F.);
#2066=ORIENTED_EDGE('',*,*,#2615,.T.);
#2067=ORIENTED_EDGE('',*,*,#2888,.T.);
#2068=ORIENTED_EDGE('',*,*,#2327,.F.);
#2069=ORIENTED_EDGE('',*,*,#2871,.F.);
#2070=EDGE_CURVE('',#2889,#2890,#3435,.T.);
#2071=EDGE_CURVE('',#2891,#2890,#3436,.T.);
#2072=EDGE_CURVE('',#2892,#2891,#3437,.T.);
#2073=EDGE_CURVE('',#2892,#2889,#3438,.T.);
#2074=EDGE_CURVE('',#2893,#2894,#3439,.T.);
#2075=EDGE_CURVE('',#2893,#2895,#292,.T.);
#2076=EDGE_CURVE('',#2895,#2894,#3440,.T.);
#2077=EDGE_CURVE('',#2896,#2897,#3441,.T.);
#2078=EDGE_CURVE('',#2898,#2896,#293,.T.);
#2079=EDGE_CURVE('',#2897,#2898,#3442,.T.);
#2080=EDGE_CURVE('',#2899,#2900,#294,.T.);
#2081=EDGE_CURVE('',#2901,#2899,#3443,.T.);
#2082=EDGE_CURVE('',#2900,#2901,#3444,.T.);
#2083=EDGE_CURVE('',#2902,#2903,#3445,.T.);
#2084=EDGE_CURVE('',#2903,#2904,#295,.T.);
#2085=EDGE_CURVE('',#2902,#2904,#3446,.T.);
#2086=EDGE_CURVE('',#2905,#2906,#3447,.T.);
#2087=EDGE_CURVE('',#2905,#2907,#296,.T.);
#2088=EDGE_CURVE('',#2906,#2907,#3448,.T.);
#2089=EDGE_CURVE('',#2908,#2909,#297,.T.);
#2090=EDGE_CURVE('',#2910,#2908,#3449,.T.);
#2091=EDGE_CURVE('',#2909,#2910,#3450,.T.);
#2092=EDGE_CURVE('',#2911,#2912,#3451,.T.);
#2093=EDGE_CURVE('',#2911,#2913,#298,.T.);
#2094=EDGE_CURVE('',#2912,#2913,#3452,.T.);
#2095=EDGE_CURVE('',#2914,#2915,#299,.T.);
#2096=EDGE_CURVE('',#2916,#2914,#3453,.T.);
#2097=EDGE_CURVE('',#2915,#2916,#3454,.T.);
#2098=EDGE_CURVE('',#2917,#2918,#3455,.T.);
#2099=EDGE_CURVE('',#2919,#2917,#3456,.T.);
#2100=EDGE_CURVE('',#2919,#2918,#300,.T.);
#2101=EDGE_CURVE('',#2920,#2921,#3457,.T.);
#2102=EDGE_CURVE('',#2922,#2920,#301,.T.);
#2103=EDGE_CURVE('',#2922,#2921,#3458,.T.);
#2104=EDGE_CURVE('',#2923,#2924,#3459,.T.);
#2105=EDGE_CURVE('',#2925,#2923,#3460,.T.);
#2106=EDGE_CURVE('',#2925,#2924,#302,.T.);
#2107=EDGE_CURVE('',#2926,#2927,#303,.T.);
#2108=EDGE_CURVE('',#2928,#2926,#3461,.T.);
#2109=EDGE_CURVE('',#2928,#2927,#3462,.T.);
#2110=EDGE_CURVE('',#2929,#2930,#3463,.T.);
#2111=EDGE_CURVE('',#2929,#2931,#304,.T.);
#2112=EDGE_CURVE('',#2930,#2931,#3464,.T.);
#2113=EDGE_CURVE('',#2932,#2933,#305,.T.);
#2114=EDGE_CURVE('',#2932,#2934,#152,.T.);
#2115=EDGE_CURVE('',#2934,#2935,#3465,.T.);
#2116=EDGE_CURVE('',#2933,#2935,#3466,.T.);
#2117=EDGE_CURVE('',#2936,#2937,#306,.T.);
#2118=EDGE_CURVE('',#2936,#2937,#3467,.T.);
#2119=EDGE_CURVE('',#2938,#2939,#3468,.T.);
#2120=EDGE_CURVE('',#2939,#2940,#153,.T.);
#2121=EDGE_CURVE('',#2940,#2941,#307,.T.);
#2122=EDGE_CURVE('',#2941,#2942,#3469,.T.);
#2123=EDGE_CURVE('',#2942,#2943,#3470,.T.);
#2124=EDGE_CURVE('',#2943,#2944,#3471,.T.);
#2125=EDGE_CURVE('',#2944,#2945,#308,.F.);
#2126=EDGE_CURVE('',#2945,#2938,#309,.F.);
#2127=EDGE_CURVE('',#2946,#2947,#3472,.T.);
#2128=EDGE_CURVE('',#2947,#2948,#310,.F.);
#2129=EDGE_CURVE('',#2948,#2949,#311,.F.);
#2130=EDGE_CURVE('',#2949,#2950,#154,.T.);
#2131=EDGE_CURVE('',#2950,#2951,#155,.T.);
#2132=EDGE_CURVE('',#2951,#2952,#156,.T.);
#2133=EDGE_CURVE('',#2952,#2953,#157,.T.);
#2134=EDGE_CURVE('',#2953,#2954,#312,.F.);
#2135=EDGE_CURVE('',#2954,#2955,#313,.F.);
#2136=EDGE_CURVE('',#2955,#2956,#3473,.T.);
#2137=EDGE_CURVE('',#2956,#2957,#314,.T.);
#2138=EDGE_CURVE('',#2957,#2958,#158,.T.);
#2139=EDGE_CURVE('',#2958,#2959,#159,.T.);
#2140=EDGE_CURVE('',#2959,#2960,#160,.T.);
#2141=EDGE_CURVE('',#2960,#2961,#161,.T.);
#2142=EDGE_CURVE('',#2961,#2962,#162,.T.);
#2143=EDGE_CURVE('',#2962,#2963,#163,.T.);
#2144=EDGE_CURVE('',#2963,#2946,#315,.T.);
#2145=EDGE_CURVE('',#2964,#2965,#164,.T.);
#2146=EDGE_CURVE('',#2965,#2966,#165,.T.);
#2147=EDGE_CURVE('',#2966,#2967,#166,.T.);
#2148=EDGE_CURVE('',#2967,#2968,#316,.F.);
#2149=EDGE_CURVE('',#2968,#2969,#317,.F.);
#2150=EDGE_CURVE('',#2969,#2970,#3474,.T.);
#2151=EDGE_CURVE('',#2970,#2971,#318,.T.);
#2152=EDGE_CURVE('',#2971,#2972,#167,.T.);
#2153=EDGE_CURVE('',#2972,#2973,#168,.T.);
#2154=EDGE_CURVE('',#2973,#2974,#169,.T.);
#2155=EDGE_CURVE('',#2974,#2975,#170,.T.);
#2156=EDGE_CURVE('',#2975,#2976,#171,.T.);
#2157=EDGE_CURVE('',#2976,#2977,#172,.T.);
#2158=EDGE_CURVE('',#2977,#2978,#319,.T.);
#2159=EDGE_CURVE('',#2978,#2979,#3475,.T.);
#2160=EDGE_CURVE('',#2979,#2980,#320,.F.);
#2161=EDGE_CURVE('',#2980,#2981,#321,.F.);
#2162=EDGE_CURVE('',#2981,#2964,#173,.T.);
#2163=EDGE_CURVE('',#2982,#2983,#3476,.T.);
#2164=EDGE_CURVE('',#2983,#2984,#3477,.T.);
#2165=EDGE_CURVE('',#2984,#2985,#3478,.T.);
#2166=EDGE_CURVE('',#2985,#2982,#3479,.T.);
#2167=EDGE_CURVE('',#2986,#2987,#3480,.T.);
#2168=EDGE_CURVE('',#2987,#2988,#3481,.T.);
#2169=EDGE_CURVE('',#2988,#2989,#3482,.T.);
#2170=EDGE_CURVE('',#2989,#2990,#3483,.T.);
#2171=EDGE_CURVE('',#2990,#2991,#3484,.T.);
#2172=EDGE_CURVE('',#2991,#2992,#3485,.T.);
#2173=EDGE_CURVE('',#2992,#2993,#3486,.T.);
#2174=EDGE_CURVE('',#2993,#2986,#3487,.T.);
#2175=EDGE_CURVE('',#2994,#2995,#3488,.T.);
#2176=EDGE_CURVE('',#2995,#2996,#3489,.T.);
#2177=EDGE_CURVE('',#2996,#2997,#3490,.T.);
#2178=EDGE_CURVE('',#2997,#2994,#3491,.T.);
#2179=EDGE_CURVE('',#2998,#2999,#3492,.T.);
#2180=EDGE_CURVE('',#2999,#3000,#3493,.T.);
#2181=EDGE_CURVE('',#3000,#3001,#3494,.T.);
#2182=EDGE_CURVE('',#3001,#3002,#3495,.T.);
#2183=EDGE_CURVE('',#3002,#3003,#3496,.T.);
#2184=EDGE_CURVE('',#3003,#3004,#3497,.T.);
#2185=EDGE_CURVE('',#3004,#2998,#3498,.T.);
#2186=EDGE_CURVE('',#3005,#3006,#3499,.T.);
#2187=EDGE_CURVE('',#3006,#3007,#3500,.T.);
#2188=EDGE_CURVE('',#3007,#3008,#3501,.T.);
#2189=EDGE_CURVE('',#3008,#3005,#3502,.T.);
#2190=EDGE_CURVE('',#3009,#3010,#3503,.T.);
#2191=EDGE_CURVE('',#3010,#3011,#3504,.T.);
#2192=EDGE_CURVE('',#3011,#3012,#3505,.T.);
#2193=EDGE_CURVE('',#3012,#3009,#3506,.T.);
#2194=EDGE_CURVE('',#3013,#3014,#3507,.T.);
#2195=EDGE_CURVE('',#3014,#3015,#3508,.T.);
#2196=EDGE_CURVE('',#3015,#3016,#3509,.T.);
#2197=EDGE_CURVE('',#3016,#3013,#3510,.T.);
#2198=EDGE_CURVE('',#3017,#3018,#3511,.T.);
#2199=EDGE_CURVE('',#3018,#3019,#3512,.T.);
#2200=EDGE_CURVE('',#3019,#3020,#3513,.T.);
#2201=EDGE_CURVE('',#3020,#3017,#3514,.T.);
#2202=EDGE_CURVE('',#3021,#3022,#3515,.T.);
#2203=EDGE_CURVE('',#3022,#3023,#3516,.T.);
#2204=EDGE_CURVE('',#3023,#3024,#3517,.T.);
#2205=EDGE_CURVE('',#3024,#3021,#3518,.T.);
#2206=EDGE_CURVE('',#3025,#3026,#3519,.T.);
#2207=EDGE_CURVE('',#3026,#3027,#3520,.T.);
#2208=EDGE_CURVE('',#3027,#3028,#3521,.T.);
#2209=EDGE_CURVE('',#3028,#3029,#322,.T.);
#2210=EDGE_CURVE('',#3029,#3030,#323,.F.);
#2211=EDGE_CURVE('',#3030,#3031,#3522,.T.);
#2212=EDGE_CURVE('',#3031,#3032,#3523,.T.);
#2213=EDGE_CURVE('',#3032,#3033,#3524,.T.);
#2214=EDGE_CURVE('',#3033,#3034,#324,.T.);
#2215=EDGE_CURVE('',#3034,#3035,#325,.T.);
#2216=EDGE_CURVE('',#3035,#3036,#174,.T.);
#2217=EDGE_CURVE('',#3036,#3037,#175,.T.);
#2218=EDGE_CURVE('',#3037,#3038,#326,.T.);
#2219=EDGE_CURVE('',#3038,#3039,#327,.T.);
#2220=EDGE_CURVE('',#3039,#3040,#176,.T.);
#2221=EDGE_CURVE('',#3040,#3041,#177,.T.);
#2222=EDGE_CURVE('',#3041,#3042,#3525,.T.);
#2223=EDGE_CURVE('',#3042,#3043,#3526,.T.);
#2224=EDGE_CURVE('',#3043,#3044,#3527,.T.);
#2225=EDGE_CURVE('',#3044,#3045,#328,.F.);
#2226=EDGE_CURVE('',#3045,#3046,#329,.F.);
#2227=EDGE_CURVE('',#3046,#3047,#330,.F.);
#2228=EDGE_CURVE('',#3047,#3048,#178,.T.);
#2229=EDGE_CURVE('',#3048,#3049,#179,.T.);
#2230=EDGE_CURVE('',#3049,#3025,#331,.F.);
#2231=EDGE_CURVE('',#3050,#3051,#3528,.T.);
#2232=EDGE_CURVE('',#3051,#3052,#3529,.T.);
#2233=EDGE_CURVE('',#3052,#3053,#3530,.T.);
#2234=EDGE_CURVE('',#3053,#3054,#3531,.T.);
#2235=EDGE_CURVE('',#3054,#3055,#3532,.T.);
#2236=EDGE_CURVE('',#3055,#3056,#3533,.T.);
#2237=EDGE_CURVE('',#3056,#3050,#3534,.T.);
#2238=EDGE_CURVE('',#3057,#3058,#3535,.T.);
#2239=EDGE_CURVE('',#3058,#3059,#3536,.T.);
#2240=EDGE_CURVE('',#3059,#3060,#3537,.T.);
#2241=EDGE_CURVE('',#3060,#3057,#3538,.T.);
#2242=EDGE_CURVE('',#3061,#3062,#3539,.T.);
#2243=EDGE_CURVE('',#3062,#3063,#180,.T.);
#2244=EDGE_CURVE('',#3063,#3064,#181,.T.);
#2245=EDGE_CURVE('',#3064,#3065,#332,.F.);
#2246=EDGE_CURVE('',#3065,#3066,#333,.F.);
#2247=EDGE_CURVE('',#3066,#3067,#182,.T.);
#2248=EDGE_CURVE('',#3067,#3068,#183,.T.);
#2249=EDGE_CURVE('',#3068,#3069,#184,.T.);
#2250=EDGE_CURVE('',#3069,#3070,#185,.T.);
#2251=EDGE_CURVE('',#3070,#3071,#186,.T.);
#2252=EDGE_CURVE('',#3071,#3072,#334,.F.);
#2253=EDGE_CURVE('',#3072,#3073,#3540,.T.);
#2254=EDGE_CURVE('',#3073,#3074,#3541,.T.);
#2255=EDGE_CURVE('',#3074,#3075,#3542,.T.);
#2256=EDGE_CURVE('',#3075,#3076,#187,.T.);
#2257=EDGE_CURVE('',#3076,#3077,#188,.T.);
#2258=EDGE_CURVE('',#3077,#3078,#335,.T.);
#2259=EDGE_CURVE('',#3078,#3079,#336,.T.);
#2260=EDGE_CURVE('',#3079,#3080,#189,.T.);
#2261=EDGE_CURVE('',#3080,#3081,#190,.T.);
#2262=EDGE_CURVE('',#3081,#3082,#3543,.T.);
#2263=EDGE_CURVE('',#3082,#3061,#3544,.T.);
#2264=EDGE_CURVE('',#3083,#3084,#3545,.T.);
#2265=EDGE_CURVE('',#3084,#3085,#3546,.T.);
#2266=EDGE_CURVE('',#3085,#3086,#3547,.T.);
#2267=EDGE_CURVE('',#3086,#3083,#3548,.T.);
#2268=EDGE_CURVE('',#3087,#3088,#3549,.T.);
#2269=EDGE_CURVE('',#3088,#3089,#3550,.T.);
#2270=EDGE_CURVE('',#3089,#3090,#3551,.T.);
#2271=EDGE_CURVE('',#3090,#3091,#3552,.T.);
#2272=EDGE_CURVE('',#3091,#3092,#3553,.T.);
#2273=EDGE_CURVE('',#3092,#3087,#3554,.T.);
#2274=EDGE_CURVE('',#3093,#3094,#3555,.T.);
#2275=EDGE_CURVE('',#3094,#3095,#337,.F.);
#2276=EDGE_CURVE('',#3095,#3096,#338,.F.);
#2277=EDGE_CURVE('',#3096,#3097,#191,.T.);
#2278=EDGE_CURVE('',#3097,#3098,#192,.T.);
#2279=EDGE_CURVE('',#3098,#3099,#193,.T.);
#2280=EDGE_CURVE('',#3099,#3100,#194,.T.);
#2281=EDGE_CURVE('',#3100,#3101,#339,.F.);
#2282=EDGE_CURVE('',#3101,#3102,#340,.F.);
#2283=EDGE_CURVE('',#3102,#3103,#3556,.T.);
#2284=EDGE_CURVE('',#3103,#3104,#341,.T.);
#2285=EDGE_CURVE('',#3104,#3105,#195,.T.);
#2286=EDGE_CURVE('',#3105,#3106,#196,.T.);
#2287=EDGE_CURVE('',#3106,#3107,#197,.T.);
#2288=EDGE_CURVE('',#3107,#3108,#198,.T.);
#2289=EDGE_CURVE('',#3108,#3109,#199,.T.);
#2290=EDGE_CURVE('',#3109,#3110,#200,.T.);
#2291=EDGE_CURVE('',#3110,#3093,#342,.T.);
#2292=EDGE_CURVE('',#3111,#3112,#201,.T.);
#2293=EDGE_CURVE('',#3112,#3113,#202,.T.);
#2294=EDGE_CURVE('',#3113,#3114,#203,.T.);
#2295=EDGE_CURVE('',#3114,#3115,#343,.F.);
#2296=EDGE_CURVE('',#3115,#3116,#344,.F.);
#2297=EDGE_CURVE('',#3116,#3117,#3557,.T.);
#2298=EDGE_CURVE('',#3117,#3118,#345,.T.);
#2299=EDGE_CURVE('',#3118,#3119,#204,.T.);
#2300=EDGE_CURVE('',#3119,#3120,#205,.T.);
#2301=EDGE_CURVE('',#3120,#3121,#206,.T.);
#2302=EDGE_CURVE('',#3121,#3122,#207,.T.);
#2303=EDGE_CURVE('',#3122,#3123,#208,.T.);
#2304=EDGE_CURVE('',#3123,#3124,#209,.T.);
#2305=EDGE_CURVE('',#3124,#3125,#346,.T.);
#2306=EDGE_CURVE('',#3125,#3126,#3558,.T.);
#2307=EDGE_CURVE('',#3126,#3127,#347,.F.);
#2308=EDGE_CURVE('',#3127,#3128,#348,.F.);
#2309=EDGE_CURVE('',#3128,#3111,#210,.T.);
#2310=EDGE_CURVE('',#3129,#3130,#3559,.T.);
#2311=EDGE_CURVE('',#3130,#3131,#3560,.T.);
#2312=EDGE_CURVE('',#3131,#3132,#349,.F.);
#2313=EDGE_CURVE('',#3132,#3133,#350,.F.);
#2314=EDGE_CURVE('',#3133,#3134,#351,.F.);
#2315=EDGE_CURVE('',#3134,#3135,#352,.F.);
#2316=EDGE_CURVE('',#3135,#3136,#3561,.T.);
#2317=EDGE_CURVE('',#3136,#3137,#3562,.T.);
#2318=EDGE_CURVE('',#3137,#3138,#353,.T.);
#2319=EDGE_CURVE('',#3138,#3139,#354,.T.);
#2320=EDGE_CURVE('',#3139,#3140,#355,.T.);
#2321=EDGE_CURVE('',#3140,#3141,#211,.T.);
#2322=EDGE_CURVE('',#3141,#3142,#3563,.T.);
#2323=EDGE_CURVE('',#3142,#3143,#3564,.T.);
#2324=EDGE_CURVE('',#3143,#3129,#3565,.T.);
#2325=EDGE_CURVE('',#3144,#3145,#212,.T.);
#2326=EDGE_CURVE('',#3145,#3146,#213,.T.);
#2327=EDGE_CURVE('',#3146,#3147,#214,.T.);
#2328=EDGE_CURVE('',#3147,#3148,#356,.F.);
#2329=EDGE_CURVE('',#3148,#3149,#357,.F.);
#2330=EDGE_CURVE('',#3149,#3150,#3566,.T.);
#2331=EDGE_CURVE('',#3150,#3151,#358,.T.);
#2332=EDGE_CURVE('',#3151,#3152,#215,.T.);
#2333=EDGE_CURVE('',#3152,#3153,#216,.T.);
#2334=EDGE_CURVE('',#3153,#3154,#217,.T.);
#2335=EDGE_CURVE('',#3154,#3155,#218,.T.);
#2336=EDGE_CURVE('',#3155,#3156,#219,.T.);
#2337=EDGE_CURVE('',#3156,#3157,#220,.T.);
#2338=EDGE_CURVE('',#3157,#3158,#359,.T.);
#2339=EDGE_CURVE('',#3158,#3159,#3567,.T.);
#2340=EDGE_CURVE('',#3159,#3160,#360,.F.);
#2341=EDGE_CURVE('',#3160,#3161,#361,.F.);
#2342=EDGE_CURVE('',#3161,#3144,#221,.T.);
#2343=EDGE_CURVE('',#3162,#3163,#3568,.T.);
#2344=EDGE_CURVE('',#3164,#3162,#3569,.T.);
#2345=EDGE_CURVE('',#3165,#3164,#3570,.T.);
#2346=EDGE_CURVE('',#3166,#3165,#3571,.T.);
#2347=EDGE_CURVE('',#3167,#3166,#3572,.T.);
#2348=EDGE_CURVE('',#3168,#3167,#222,.T.);
#2349=EDGE_CURVE('',#3169,#3168,#362,.T.);
#2350=EDGE_CURVE('',#3170,#3169,#363,.T.);
#2351=EDGE_CURVE('',#3171,#3170,#364,.T.);
#2352=EDGE_CURVE('',#3172,#3171,#3573,.T.);
#2353=EDGE_CURVE('',#3173,#3172,#3574,.T.);
#2354=EDGE_CURVE('',#3174,#3173,#365,.F.);
#2355=EDGE_CURVE('',#3175,#3174,#366,.F.);
#2356=EDGE_CURVE('',#3176,#3175,#367,.F.);
#2357=EDGE_CURVE('',#3163,#3176,#368,.F.);
#2358=EDGE_CURVE('',#3177,#3178,#369,.F.);
#2359=EDGE_CURVE('',#3179,#3177,#3575,.T.);
#2360=EDGE_CURVE('',#3180,#3179,#370,.T.);
#2361=EDGE_CURVE('',#3181,#3180,#223,.T.);
#2362=EDGE_CURVE('',#3182,#3181,#224,.T.);
#2363=EDGE_CURVE('',#3183,#3182,#225,.T.);
#2364=EDGE_CURVE('',#3184,#3183,#226,.T.);
#2365=EDGE_CURVE('',#3185,#3184,#227,.T.);
#2366=EDGE_CURVE('',#3186,#3185,#228,.T.);
#2367=EDGE_CURVE('',#3187,#3186,#371,.T.);
#2368=EDGE_CURVE('',#3188,#3187,#3576,.T.);
#2369=EDGE_CURVE('',#3189,#3188,#372,.F.);
#2370=EDGE_CURVE('',#3190,#3189,#373,.F.);
#2371=EDGE_CURVE('',#3191,#3190,#229,.T.);
#2372=EDGE_CURVE('',#3192,#3191,#230,.T.);
#2373=EDGE_CURVE('',#3193,#3192,#231,.T.);
#2374=EDGE_CURVE('',#3194,#3193,#232,.T.);
#2375=EDGE_CURVE('',#3178,#3194,#374,.F.);
#2376=EDGE_CURVE('',#3195,#3196,#3577,.T.);
#2377=EDGE_CURVE('',#3197,#3195,#3578,.T.);
#2378=EDGE_CURVE('',#3198,#3197,#3579,.T.);
#2379=EDGE_CURVE('',#3196,#3198,#3580,.T.);
#2380=EDGE_CURVE('',#3199,#3200,#3581,.T.);
#2381=EDGE_CURVE('',#3201,#3199,#3582,.T.);
#2382=EDGE_CURVE('',#3202,#3201,#3583,.T.);
#2383=EDGE_CURVE('',#3200,#3202,#3584,.T.);
#2384=EDGE_CURVE('',#3203,#3204,#3585,.T.);
#2385=EDGE_CURVE('',#3205,#3203,#3586,.T.);
#2386=EDGE_CURVE('',#3206,#3205,#375,.F.);
#2387=EDGE_CURVE('',#3207,#3206,#233,.T.);
#2388=EDGE_CURVE('',#3208,#3207,#234,.T.);
#2389=EDGE_CURVE('',#3209,#3208,#376,.F.);
#2390=EDGE_CURVE('',#3210,#3209,#377,.F.);
#2391=EDGE_CURVE('',#3211,#3210,#378,.F.);
#2392=EDGE_CURVE('',#3212,#3211,#3587,.T.);
#2393=EDGE_CURVE('',#3213,#3212,#3588,.T.);
#2394=EDGE_CURVE('',#3214,#3213,#3589,.T.);
#2395=EDGE_CURVE('',#3215,#3214,#235,.T.);
#2396=EDGE_CURVE('',#3216,#3215,#236,.T.);
#2397=EDGE_CURVE('',#3217,#3216,#379,.T.);
#2398=EDGE_CURVE('',#3218,#3217,#380,.T.);
#2399=EDGE_CURVE('',#3219,#3218,#237,.T.);
#2400=EDGE_CURVE('',#3220,#3219,#238,.T.);
#2401=EDGE_CURVE('',#3221,#3220,#381,.T.);
#2402=EDGE_CURVE('',#3222,#3221,#382,.T.);
#2403=EDGE_CURVE('',#3223,#3222,#3590,.T.);
#2404=EDGE_CURVE('',#3224,#3223,#3591,.T.);
#2405=EDGE_CURVE('',#3225,#3224,#3592,.T.);
#2406=EDGE_CURVE('',#3226,#3225,#383,.F.);
#2407=EDGE_CURVE('',#3227,#3226,#384,.T.);
#2408=EDGE_CURVE('',#3204,#3227,#3593,.T.);
#2409=EDGE_CURVE('',#3228,#3229,#3594,.T.);
#2410=EDGE_CURVE('',#3230,#3228,#3595,.T.);
#2411=EDGE_CURVE('',#3231,#3230,#3596,.T.);
#2412=EDGE_CURVE('',#3229,#3231,#3597,.T.);
#2413=EDGE_CURVE('',#3232,#3233,#3598,.T.);
#2414=EDGE_CURVE('',#3234,#3232,#3599,.T.);
#2415=EDGE_CURVE('',#3235,#3234,#3600,.T.);
#2416=EDGE_CURVE('',#3233,#3235,#3601,.T.);
#2417=EDGE_CURVE('',#3236,#3237,#3602,.T.);
#2418=EDGE_CURVE('',#3238,#3236,#3603,.T.);
#2419=EDGE_CURVE('',#3239,#3238,#3604,.T.);
#2420=EDGE_CURVE('',#3240,#3239,#3605,.T.);
#2421=EDGE_CURVE('',#3241,#3240,#3606,.T.);
#2422=EDGE_CURVE('',#3242,#3241,#3607,.T.);
#2423=EDGE_CURVE('',#3237,#3242,#3608,.T.);
#2424=EDGE_CURVE('',#3243,#3244,#3609,.T.);
#2425=EDGE_CURVE('',#3245,#3243,#3610,.T.);
#2426=EDGE_CURVE('',#3246,#3245,#3611,.T.);
#2427=EDGE_CURVE('',#3247,#3246,#3612,.T.);
#2428=EDGE_CURVE('',#3248,#3247,#3613,.T.);
#2429=EDGE_CURVE('',#3249,#3248,#3614,.T.);
#2430=EDGE_CURVE('',#3250,#3249,#3615,.T.);
#2431=EDGE_CURVE('',#3244,#3250,#3616,.T.);
#2432=EDGE_CURVE('',#3251,#3252,#239,.T.);
#2433=EDGE_CURVE('',#3253,#3251,#240,.T.);
#2434=EDGE_CURVE('',#3254,#3253,#241,.T.);
#2435=EDGE_CURVE('',#3255,#3254,#385,.F.);
#2436=EDGE_CURVE('',#3256,#3255,#386,.F.);
#2437=EDGE_CURVE('',#3257,#3256,#3617,.T.);
#2438=EDGE_CURVE('',#3258,#3257,#387,.T.);
#2439=EDGE_CURVE('',#3259,#3258,#242,.T.);
#2440=EDGE_CURVE('',#3260,#3259,#243,.T.);
#2441=EDGE_CURVE('',#3261,#3260,#244,.T.);
#2442=EDGE_CURVE('',#3262,#3261,#245,.T.);
#2443=EDGE_CURVE('',#3263,#3262,#246,.T.);
#2444=EDGE_CURVE('',#3264,#3263,#247,.T.);
#2445=EDGE_CURVE('',#3265,#3264,#388,.T.);
#2446=EDGE_CURVE('',#3266,#3265,#3618,.T.);
#2447=EDGE_CURVE('',#3267,#3266,#389,.F.);
#2448=EDGE_CURVE('',#3268,#3267,#390,.F.);
#2449=EDGE_CURVE('',#3252,#3268,#248,.T.);
#2450=EDGE_CURVE('',#3269,#3270,#249,.T.);
#2451=EDGE_CURVE('',#3271,#3269,#3619,.T.);
#2452=EDGE_CURVE('',#3272,#3271,#391,.F.);
#2453=EDGE_CURVE('',#3273,#3272,#392,.F.);
#2454=EDGE_CURVE('',#3274,#3273,#3620,.T.);
#2455=EDGE_CURVE('',#3275,#3274,#3621,.T.);
#2456=EDGE_CURVE('',#3276,#3275,#3622,.T.);
#2457=EDGE_CURVE('',#3270,#3276,#393,.T.);
#2458=EDGE_CURVE('',#3277,#3278,#3623,.T.);
#2459=EDGE_CURVE('',#3279,#3277,#3624,.T.);
#2460=EDGE_CURVE('',#3279,#3280,#3625,.T.);
#2461=EDGE_CURVE('',#3280,#3278,#3626,.T.);
#2462=EDGE_CURVE('',#3281,#3282,#3627,.T.);
#2463=EDGE_CURVE('',#3283,#3282,#3628,.T.);
#2464=EDGE_CURVE('',#3281,#3283,#394,.T.);
#2465=EDGE_CURVE('',#3284,#3285,#3629,.T.);
#2466=EDGE_CURVE('',#3285,#3286,#3630,.T.);
#2467=EDGE_CURVE('',#3286,#3284,#395,.T.);
#2468=EDGE_CURVE('',#3287,#3288,#396,.T.);
#2469=EDGE_CURVE('',#3288,#3289,#3631,.T.);
#2470=EDGE_CURVE('',#3289,#3287,#3632,.T.);
#2471=EDGE_CURVE('',#3290,#3291,#3633,.T.);
#2472=EDGE_CURVE('',#3290,#3292,#3634,.T.);
#2473=EDGE_CURVE('',#3291,#3292,#397,.T.);
#2474=EDGE_CURVE('',#3293,#3294,#3635,.T.);
#2475=EDGE_CURVE('',#3294,#3295,#3636,.T.);
#2476=EDGE_CURVE('',#3293,#3295,#398,.T.);
#2477=EDGE_CURVE('',#3296,#3297,#399,.T.);
#2478=EDGE_CURVE('',#3297,#3298,#3637,.T.);
#2479=EDGE_CURVE('',#3298,#3296,#3638,.T.);
#2480=EDGE_CURVE('',#3299,#3300,#3639,.T.);
#2481=EDGE_CURVE('',#3300,#3301,#3640,.T.);
#2482=EDGE_CURVE('',#3299,#3301,#400,.T.);
#2483=EDGE_CURVE('',#3302,#3303,#401,.T.);
#2484=EDGE_CURVE('',#3303,#3304,#3641,.T.);
#2485=EDGE_CURVE('',#3304,#3302,#3642,.T.);
#2486=EDGE_CURVE('',#3305,#3306,#3643,.T.);
#2487=EDGE_CURVE('',#3307,#3306,#402,.T.);
#2488=EDGE_CURVE('',#3307,#3305,#3644,.T.);
#2489=EDGE_CURVE('',#3308,#3309,#3645,.T.);
#2490=EDGE_CURVE('',#3310,#3309,#3646,.T.);
#2491=EDGE_CURVE('',#3310,#3308,#403,.T.);
#2492=EDGE_CURVE('',#3311,#3312,#3647,.T.);
#2493=EDGE_CURVE('',#3313,#3312,#404,.T.);
#2494=EDGE_CURVE('',#3313,#3311,#3648,.T.);
#2495=EDGE_CURVE('',#3314,#3315,#405,.T.);
#2496=EDGE_CURVE('',#3316,#3315,#3649,.T.);
#2497=EDGE_CURVE('',#3316,#3314,#3650,.T.);
#2498=EDGE_CURVE('',#3317,#3318,#3651,.T.);
#2499=EDGE_CURVE('',#3318,#3319,#3652,.T.);
#2500=EDGE_CURVE('',#3317,#3319,#406,.T.);
#2501=EDGE_CURVE('',#3320,#3321,#407,.T.);
#2502=EDGE_CURVE('',#3321,#3322,#3653,.T.);
#2503=EDGE_CURVE('',#3323,#3322,#3654,.T.);
#2504=EDGE_CURVE('',#3320,#3323,#250,.T.);
#2505=EDGE_CURVE('',#3324,#3325,#408,.T.);
#2506=EDGE_CURVE('',#3324,#3325,#3655,.T.);
#2507=EDGE_CURVE('',#3326,#3327,#409,.F.);
#2508=EDGE_CURVE('',#3328,#3326,#3656,.T.);
#2509=EDGE_CURVE('',#3329,#3328,#410,.T.);
#2510=EDGE_CURVE('',#3330,#3329,#251,.T.);
#2511=EDGE_CURVE('',#3331,#3330,#252,.T.);
#2512=EDGE_CURVE('',#3332,#3331,#253,.T.);
#2513=EDGE_CURVE('',#3333,#3332,#254,.T.);
#2514=EDGE_CURVE('',#3334,#3333,#255,.T.);
#2515=EDGE_CURVE('',#3335,#3334,#256,.T.);
#2516=EDGE_CURVE('',#3336,#3335,#411,.T.);
#2517=EDGE_CURVE('',#3337,#3336,#3657,.T.);
#2518=EDGE_CURVE('',#3338,#3337,#412,.F.);
#2519=EDGE_CURVE('',#3339,#3338,#413,.F.);
#2520=EDGE_CURVE('',#3340,#3339,#257,.T.);
#2521=EDGE_CURVE('',#3341,#3340,#258,.T.);
#2522=EDGE_CURVE('',#3342,#3341,#259,.T.);
#2523=EDGE_CURVE('',#3343,#3342,#260,.T.);
#2524=EDGE_CURVE('',#3327,#3343,#414,.F.);
#2525=EDGE_CURVE('',#3344,#3345,#3658,.T.);
#2526=EDGE_CURVE('',#3346,#3344,#3659,.T.);
#2527=EDGE_CURVE('',#3347,#3346,#3660,.T.);
#2528=EDGE_CURVE('',#3345,#3347,#3661,.T.);
#2529=EDGE_CURVE('',#3348,#3349,#3662,.T.);
#2530=EDGE_CURVE('',#3350,#3348,#3663,.T.);
#2531=EDGE_CURVE('',#3351,#3350,#3664,.T.);
#2532=EDGE_CURVE('',#3349,#3351,#3665,.T.);
#2533=EDGE_CURVE('',#3352,#3353,#3666,.T.);
#2534=EDGE_CURVE('',#3354,#3352,#3667,.T.);
#2535=EDGE_CURVE('',#3355,#3354,#3668,.T.);
#2536=EDGE_CURVE('',#3353,#3355,#3669,.T.);
#2537=EDGE_CURVE('',#3356,#3357,#3670,.T.);
#2538=EDGE_CURVE('',#3358,#3356,#3671,.T.);
#2539=EDGE_CURVE('',#3359,#3358,#3672,.T.);
#2540=EDGE_CURVE('',#3357,#3359,#3673,.T.);
#2541=EDGE_CURVE('',#3360,#3361,#3674,.T.);
#2542=EDGE_CURVE('',#3362,#3360,#3675,.T.);
#2543=EDGE_CURVE('',#3363,#3362,#3676,.T.);
#2544=EDGE_CURVE('',#3361,#3363,#3677,.T.);
#2545=EDGE_CURVE('',#3364,#3365,#3678,.T.);
#2546=EDGE_CURVE('',#3366,#3364,#3679,.T.);
#2547=EDGE_CURVE('',#3367,#3366,#3680,.T.);
#2548=EDGE_CURVE('',#3368,#3367,#3681,.T.);
#2549=EDGE_CURVE('',#3369,#3368,#3682,.T.);
#2550=EDGE_CURVE('',#3370,#3369,#3683,.T.);
#2551=EDGE_CURVE('',#3365,#3370,#3684,.T.);
#2552=EDGE_CURVE('',#3371,#3372,#261,.T.);
#2553=EDGE_CURVE('',#3373,#3371,#3685,.T.);
#2554=EDGE_CURVE('',#3374,#3373,#3686,.T.);
#2555=EDGE_CURVE('',#3375,#3374,#3687,.T.);
#2556=EDGE_CURVE('',#3376,#3375,#262,.T.);
#2557=EDGE_CURVE('',#3377,#3376,#263,.T.);
#2558=EDGE_CURVE('',#3378,#3377,#415,.T.);
#2559=EDGE_CURVE('',#3379,#3378,#416,.T.);
#2560=EDGE_CURVE('',#3380,#3379,#264,.T.);
#2561=EDGE_CURVE('',#3381,#3380,#265,.T.);
#2562=EDGE_CURVE('',#3382,#3381,#3688,.T.);
#2563=EDGE_CURVE('',#3383,#3382,#3689,.T.);
#2564=EDGE_CURVE('',#3384,#3383,#3690,.T.);
#2565=EDGE_CURVE('',#3385,#3384,#417,.F.);
#2566=EDGE_CURVE('',#3386,#3385,#266,.T.);
#2567=EDGE_CURVE('',#3387,#3386,#267,.T.);
#2568=EDGE_CURVE('',#3388,#3387,#268,.T.);
#2569=EDGE_CURVE('',#3389,#3388,#269,.T.);
#2570=EDGE_CURVE('',#3390,#3389,#270,.T.);
#2571=EDGE_CURVE('',#3391,#3390,#418,.F.);
#2572=EDGE_CURVE('',#3392,#3391,#419,.F.);
#2573=EDGE_CURVE('',#3372,#3392,#271,.T.);
#2574=EDGE_CURVE('',#3393,#3394,#3691,.T.);
#2575=EDGE_CURVE('',#3395,#3393,#3692,.T.);
#2576=EDGE_CURVE('',#3396,#3395,#3693,.T.);
#2577=EDGE_CURVE('',#3397,#3396,#3694,.T.);
#2578=EDGE_CURVE('',#3398,#3397,#3695,.T.);
#2579=EDGE_CURVE('',#3394,#3398,#3696,.T.);
#2580=EDGE_CURVE('',#3399,#3400,#272,.T.);
#2581=EDGE_CURVE('',#3401,#3399,#273,.T.);
#2582=EDGE_CURVE('',#3402,#3401,#274,.T.);
#2583=EDGE_CURVE('',#3403,#3402,#420,.F.);
#2584=EDGE_CURVE('',#3404,#3403,#421,.F.);
#2585=EDGE_CURVE('',#3405,#3404,#3697,.T.);
#2586=EDGE_CURVE('',#3406,#3405,#422,.T.);
#2587=EDGE_CURVE('',#3407,#3406,#275,.T.);
#2588=EDGE_CURVE('',#3408,#3407,#276,.T.);
#2589=EDGE_CURVE('',#3409,#3408,#277,.T.);
#2590=EDGE_CURVE('',#3410,#3409,#278,.T.);
#2591=EDGE_CURVE('',#3411,#3410,#279,.T.);
#2592=EDGE_CURVE('',#3412,#3411,#280,.T.);
#2593=EDGE_CURVE('',#3413,#3412,#423,.T.);
#2594=EDGE_CURVE('',#3414,#3413,#3698,.T.);
#2595=EDGE_CURVE('',#3415,#3414,#424,.F.);
#2596=EDGE_CURVE('',#3416,#3415,#425,.F.);
#2597=EDGE_CURVE('',#3400,#3416,#281,.T.);
#2598=EDGE_CURVE('',#3417,#3418,#282,.T.);
#2599=EDGE_CURVE('',#3419,#3417,#283,.T.);
#2600=EDGE_CURVE('',#3420,#3419,#284,.T.);
#2601=EDGE_CURVE('',#3421,#3420,#426,.F.);
#2602=EDGE_CURVE('',#3422,#3421,#427,.F.);
#2603=EDGE_CURVE('',#3423,#3422,#3699,.T.);
#2604=EDGE_CURVE('',#3424,#3423,#428,.T.);
#2605=EDGE_CURVE('',#3425,#3424,#285,.T.);
#2606=EDGE_CURVE('',#3426,#3425,#286,.T.);
#2607=EDGE_CURVE('',#3427,#3426,#287,.T.);
#2608=EDGE_CURVE('',#3428,#3427,#288,.T.);
#2609=EDGE_CURVE('',#3429,#3428,#289,.T.);
#2610=EDGE_CURVE('',#3430,#3429,#290,.T.);
#2611=EDGE_CURVE('',#3431,#3430,#429,.T.);
#2612=EDGE_CURVE('',#3432,#3431,#3700,.T.);
#2613=EDGE_CURVE('',#3433,#3432,#430,.F.);
#2614=EDGE_CURVE('',#3434,#3433,#431,.F.);
#2615=EDGE_CURVE('',#3418,#3434,#291,.T.);
#2616=EDGE_CURVE('',#2936,#3324,#3701,.T.);
#2617=EDGE_CURVE('',#2937,#3325,#3702,.T.);
#2618=EDGE_CURVE('',#2932,#3320,#3703,.T.);
#2619=EDGE_CURVE('',#2933,#3321,#3704,.T.);
#2620=EDGE_CURVE('',#2934,#3323,#3705,.T.);
#2621=EDGE_CURVE('',#2935,#3322,#3706,.T.);
#2622=EDGE_CURVE('',#2929,#3317,#3707,.T.);
#2623=EDGE_CURVE('',#2930,#3318,#3708,.T.);
#2624=EDGE_CURVE('',#2931,#3319,#3709,.T.);
#2625=EDGE_CURVE('',#2926,#3314,#3710,.T.);
#2626=EDGE_CURVE('',#2927,#3315,#3711,.T.);
#2627=EDGE_CURVE('',#2928,#3316,#3712,.T.);
#2628=EDGE_CURVE('',#2923,#3311,#3713,.T.);
#2629=EDGE_CURVE('',#2924,#3312,#3714,.T.);
#2630=EDGE_CURVE('',#2925,#3313,#3715,.T.);
#2631=EDGE_CURVE('',#2920,#3308,#3716,.T.);
#2632=EDGE_CURVE('',#2921,#3309,#3717,.T.);
#2633=EDGE_CURVE('',#2922,#3310,#3718,.T.);
#2634=EDGE_CURVE('',#2917,#3305,#3719,.T.);
#2635=EDGE_CURVE('',#2918,#3306,#3720,.T.);
#2636=EDGE_CURVE('',#2919,#3307,#3721,.T.);
#2637=EDGE_CURVE('',#2914,#3302,#3722,.T.);
#2638=EDGE_CURVE('',#2915,#3303,#3723,.T.);
#2639=EDGE_CURVE('',#2916,#3304,#3724,.T.);
#2640=EDGE_CURVE('',#2911,#3299,#3725,.T.);
#2641=EDGE_CURVE('',#2912,#3300,#3726,.T.);
#2642=EDGE_CURVE('',#2913,#3301,#3727,.T.);
#2643=EDGE_CURVE('',#2908,#3296,#3728,.T.);
#2644=EDGE_CURVE('',#2909,#3297,#3729,.T.);
#2645=EDGE_CURVE('',#2910,#3298,#3730,.T.);
#2646=EDGE_CURVE('',#2905,#3293,#3731,.T.);
#2647=EDGE_CURVE('',#2906,#3294,#3732,.T.);
#2648=EDGE_CURVE('',#2907,#3295,#3733,.T.);
#2649=EDGE_CURVE('',#2903,#3291,#3734,.T.);
#2650=EDGE_CURVE('',#2902,#3290,#3735,.T.);
#2651=EDGE_CURVE('',#2904,#3292,#3736,.T.);
#2652=EDGE_CURVE('',#2899,#3287,#3737,.T.);
#2653=EDGE_CURVE('',#2900,#3288,#3738,.T.);
#2654=EDGE_CURVE('',#2901,#3289,#3739,.T.);
#2655=EDGE_CURVE('',#2896,#3284,#3740,.T.);
#2656=EDGE_CURVE('',#2897,#3285,#3741,.T.);
#2657=EDGE_CURVE('',#2898,#3286,#3742,.T.);
#2658=EDGE_CURVE('',#2893,#3281,#3743,.T.);
#2659=EDGE_CURVE('',#2894,#3282,#3744,.T.);
#2660=EDGE_CURVE('',#2895,#3283,#3745,.T.);
#2661=EDGE_CURVE('',#2890,#3278,#3746,.T.);
#2662=EDGE_CURVE('',#2889,#3277,#3747,.T.);
#2663=EDGE_CURVE('',#2891,#3280,#3748,.T.);
#2664=EDGE_CURVE('',#2892,#3279,#3749,.T.);
#2665=EDGE_CURVE('',#3270,#2940,#3750,.T.);
#2666=EDGE_CURVE('',#3269,#2939,#3751,.T.);
#2667=EDGE_CURVE('',#3271,#2938,#3752,.T.);
#2668=EDGE_CURVE('',#3272,#2945,#3753,.T.);
#2669=EDGE_CURVE('',#3273,#2944,#3754,.T.);
#2670=EDGE_CURVE('',#3274,#2943,#3755,.T.);
#2671=EDGE_CURVE('',#3275,#2942,#3756,.T.);
#2672=EDGE_CURVE('',#3276,#2941,#3757,.T.);
#2673=EDGE_CURVE('',#3327,#2948,#3758,.T.);
#2674=EDGE_CURVE('',#3326,#2947,#3759,.T.);
#2675=EDGE_CURVE('',#3328,#2946,#3760,.T.);
#2676=EDGE_CURVE('',#3329,#2963,#3761,.T.);
#2677=EDGE_CURVE('',#3330,#2962,#3762,.T.);
#2678=EDGE_CURVE('',#3331,#2961,#3763,.T.);
#2679=EDGE_CURVE('',#3332,#2960,#3764,.T.);
#2680=EDGE_CURVE('',#3333,#2959,#3765,.T.);
#2681=EDGE_CURVE('',#3334,#2958,#3766,.T.);
#2682=EDGE_CURVE('',#3335,#2957,#3767,.T.);
#2683=EDGE_CURVE('',#3336,#2956,#3768,.T.);
#2684=EDGE_CURVE('',#3337,#2955,#3769,.T.);
#2685=EDGE_CURVE('',#3338,#2954,#3770,.T.);
#2686=EDGE_CURVE('',#3339,#2953,#3771,.T.);
#2687=EDGE_CURVE('',#3340,#2952,#3772,.T.);
#2688=EDGE_CURVE('',#3341,#2951,#3773,.T.);
#2689=EDGE_CURVE('',#3342,#2950,#3774,.T.);
#2690=EDGE_CURVE('',#3343,#2949,#3775,.T.);
#2691=EDGE_CURVE('',#3252,#2966,#3776,.T.);
#2692=EDGE_CURVE('',#3251,#2965,#3777,.T.);
#2693=EDGE_CURVE('',#3253,#2964,#3778,.T.);
#2694=EDGE_CURVE('',#3254,#2981,#3779,.T.);
#2695=EDGE_CURVE('',#3255,#2980,#3780,.T.);
#2696=EDGE_CURVE('',#3256,#2979,#3781,.T.);
#2697=EDGE_CURVE('',#3257,#2978,#3782,.T.);
#2698=EDGE_CURVE('',#3258,#2977,#3783,.T.);
#2699=EDGE_CURVE('',#3259,#2976,#3784,.T.);
#2700=EDGE_CURVE('',#3260,#2975,#3785,.T.);
#2701=EDGE_CURVE('',#3261,#2974,#3786,.T.);
#2702=EDGE_CURVE('',#3262,#2973,#3787,.T.);
#2703=EDGE_CURVE('',#3263,#2972,#3788,.T.);
#2704=EDGE_CURVE('',#3264,#2971,#3789,.T.);
#2705=EDGE_CURVE('',#3265,#2970,#3790,.T.);
#2706=EDGE_CURVE('',#3266,#2969,#3791,.T.);
#2707=EDGE_CURVE('',#3267,#2968,#3792,.T.);
#2708=EDGE_CURVE('',#3268,#2967,#3793,.T.);
#2709=EDGE_CURVE('',#3345,#2984,#3794,.T.);
#2710=EDGE_CURVE('',#3344,#2983,#3795,.T.);
#2711=EDGE_CURVE('',#3346,#2982,#3796,.T.);
#2712=EDGE_CURVE('',#3347,#2985,#3797,.T.);
#2713=EDGE_CURVE('',#3244,#2988,#3798,.T.);
#2714=EDGE_CURVE('',#3243,#2987,#3799,.T.);
#2715=EDGE_CURVE('',#3245,#2986,#3800,.T.);
#2716=EDGE_CURVE('',#3246,#2993,#3801,.T.);
#2717=EDGE_CURVE('',#3247,#2992,#3802,.T.);
#2718=EDGE_CURVE('',#3248,#2991,#3803,.T.);
#2719=EDGE_CURVE('',#3249,#2990,#3804,.T.);
#2720=EDGE_CURVE('',#3250,#2989,#3805,.T.);
#2721=EDGE_CURVE('',#3349,#2996,#3806,.T.);
#2722=EDGE_CURVE('',#3348,#2995,#3807,.T.);
#2723=EDGE_CURVE('',#3350,#2994,#3808,.T.);
#2724=EDGE_CURVE('',#3351,#2997,#3809,.T.);
#2725=EDGE_CURVE('',#3237,#3000,#3810,.T.);
#2726=EDGE_CURVE('',#3236,#2999,#3811,.T.);
#2727=EDGE_CURVE('',#3238,#2998,#3812,.T.);
#2728=EDGE_CURVE('',#3239,#3004,#3813,.T.);
#2729=EDGE_CURVE('',#3240,#3003,#3814,.T.);
#2730=EDGE_CURVE('',#3241,#3002,#3815,.T.);
#2731=EDGE_CURVE('',#3242,#3001,#3816,.T.);
#2732=EDGE_CURVE('',#3353,#3007,#3817,.T.);
#2733=EDGE_CURVE('',#3352,#3006,#3818,.T.);
#2734=EDGE_CURVE('',#3354,#3005,#3819,.T.);
#2735=EDGE_CURVE('',#3355,#3008,#3820,.T.);
#2736=EDGE_CURVE('',#3233,#3011,#3821,.T.);
#2737=EDGE_CURVE('',#3232,#3010,#3822,.T.);
#2738=EDGE_CURVE('',#3234,#3009,#3823,.T.);
#2739=EDGE_CURVE('',#3235,#3012,#3824,.T.);
#2740=EDGE_CURVE('',#3357,#3015,#3825,.T.);
#2741=EDGE_CURVE('',#3356,#3014,#3826,.T.);
#2742=EDGE_CURVE('',#3358,#3013,#3827,.T.);
#2743=EDGE_CURVE('',#3359,#3016,#3828,.T.);
#2744=EDGE_CURVE('',#3229,#3019,#3829,.T.);
#2745=EDGE_CURVE('',#3228,#3018,#3830,.T.);
#2746=EDGE_CURVE('',#3230,#3017,#3831,.T.);
#2747=EDGE_CURVE('',#3231,#3020,#3832,.T.);
#2748=EDGE_CURVE('',#3361,#3023,#3833,.T.);
#2749=EDGE_CURVE('',#3360,#3022,#3834,.T.);
#2750=EDGE_CURVE('',#3362,#3021,#3835,.T.);
#2751=EDGE_CURVE('',#3363,#3024,#3836,.T.);
#2752=EDGE_CURVE('',#3204,#3027,#3837,.T.);
#2753=EDGE_CURVE('',#3203,#3026,#3838,.T.);
#2754=EDGE_CURVE('',#3205,#3025,#3839,.T.);
#2755=EDGE_CURVE('',#3206,#3049,#3840,.T.);
#2756=EDGE_CURVE('',#3207,#3048,#3841,.T.);
#2757=EDGE_CURVE('',#3208,#3047,#3842,.T.);
#2758=EDGE_CURVE('',#3209,#3046,#3843,.T.);
#2759=EDGE_CURVE('',#3210,#3045,#3844,.T.);
#2760=EDGE_CURVE('',#3211,#3044,#3845,.T.);
#2761=EDGE_CURVE('',#3212,#3043,#3846,.T.);
#2762=EDGE_CURVE('',#3213,#3042,#3847,.T.);
#2763=EDGE_CURVE('',#3214,#3041,#3848,.T.);
#2764=EDGE_CURVE('',#3215,#3040,#3849,.T.);
#2765=EDGE_CURVE('',#3216,#3039,#3850,.T.);
#2766=EDGE_CURVE('',#3217,#3038,#3851,.T.);
#2767=EDGE_CURVE('',#3218,#3037,#3852,.T.);
#2768=EDGE_CURVE('',#3219,#3036,#3853,.T.);
#2769=EDGE_CURVE('',#3220,#3035,#3854,.T.);
#2770=EDGE_CURVE('',#3221,#3034,#3855,.T.);
#2771=EDGE_CURVE('',#3222,#3033,#3856,.T.);
#2772=EDGE_CURVE('',#3223,#3032,#3857,.T.);
#2773=EDGE_CURVE('',#3224,#3031,#3858,.T.);
#2774=EDGE_CURVE('',#3225,#3030,#3859,.T.);
#2775=EDGE_CURVE('',#3226,#3029,#3860,.T.);
#2776=EDGE_CURVE('',#3227,#3028,#3861,.T.);
#2777=EDGE_CURVE('',#3365,#3052,#3862,.T.);
#2778=EDGE_CURVE('',#3364,#3051,#3863,.T.);
#2779=EDGE_CURVE('',#3366,#3050,#3864,.T.);
#2780=EDGE_CURVE('',#3367,#3056,#3865,.T.);
#2781=EDGE_CURVE('',#3368,#3055,#3866,.T.);
#2782=EDGE_CURVE('',#3369,#3054,#3867,.T.);
#2783=EDGE_CURVE('',#3370,#3053,#3868,.T.);
#2784=EDGE_CURVE('',#3200,#3059,#3869,.T.);
#2785=EDGE_CURVE('',#3199,#3058,#3870,.T.);
#2786=EDGE_CURVE('',#3201,#3057,#3871,.T.);
#2787=EDGE_CURVE('',#3202,#3060,#3872,.T.);
#2788=EDGE_CURVE('',#3372,#3063,#3873,.T.);
#2789=EDGE_CURVE('',#3371,#3062,#3874,.T.);
#2790=EDGE_CURVE('',#3373,#3061,#3875,.T.);
#2791=EDGE_CURVE('',#3374,#3082,#3876,.T.);
#2792=EDGE_CURVE('',#3375,#3081,#3877,.T.);
#2793=EDGE_CURVE('',#3376,#3080,#3878,.T.);
#2794=EDGE_CURVE('',#3377,#3079,#3879,.T.);
#2795=EDGE_CURVE('',#3378,#3078,#3880,.T.);
#2796=EDGE_CURVE('',#3379,#3077,#3881,.T.);
#2797=EDGE_CURVE('',#3380,#3076,#3882,.T.);
#2798=EDGE_CURVE('',#3381,#3075,#3883,.T.);
#2799=EDGE_CURVE('',#3382,#3074,#3884,.T.);
#2800=EDGE_CURVE('',#3383,#3073,#3885,.T.);
#2801=EDGE_CURVE('',#3384,#3072,#3886,.T.);
#2802=EDGE_CURVE('',#3385,#3071,#3887,.T.);
#2803=EDGE_CURVE('',#3386,#3070,#3888,.T.);
#2804=EDGE_CURVE('',#3387,#3069,#3889,.T.);
#2805=EDGE_CURVE('',#3388,#3068,#3890,.T.);
#2806=EDGE_CURVE('',#3389,#3067,#3891,.T.);
#2807=EDGE_CURVE('',#3390,#3066,#3892,.T.);
#2808=EDGE_CURVE('',#3391,#3065,#3893,.T.);
#2809=EDGE_CURVE('',#3392,#3064,#3894,.T.);
#2810=EDGE_CURVE('',#3196,#3085,#3895,.T.);
#2811=EDGE_CURVE('',#3195,#3084,#3896,.T.);
#2812=EDGE_CURVE('',#3197,#3083,#3897,.T.);
#2813=EDGE_CURVE('',#3198,#3086,#3898,.T.);
#2814=EDGE_CURVE('',#3394,#3089,#3899,.T.);
#2815=EDGE_CURVE('',#3393,#3088,#3900,.T.);
#2816=EDGE_CURVE('',#3395,#3087,#3901,.T.);
#2817=EDGE_CURVE('',#3396,#3092,#3902,.T.);
#2818=EDGE_CURVE('',#3397,#3091,#3903,.T.);
#2819=EDGE_CURVE('',#3398,#3090,#3904,.T.);
#2820=EDGE_CURVE('',#3178,#3095,#3905,.T.);
#2821=EDGE_CURVE('',#3177,#3094,#3906,.T.);
#2822=EDGE_CURVE('',#3179,#3093,#3907,.T.);
#2823=EDGE_CURVE('',#3180,#3110,#3908,.T.);
#2824=EDGE_CURVE('',#3181,#3109,#3909,.T.);
#2825=EDGE_CURVE('',#3182,#3108,#3910,.T.);
#2826=EDGE_CURVE('',#3183,#3107,#3911,.T.);
#2827=EDGE_CURVE('',#3184,#3106,#3912,.T.);
#2828=EDGE_CURVE('',#3185,#3105,#3913,.T.);
#2829=EDGE_CURVE('',#3186,#3104,#3914,.T.);
#2830=EDGE_CURVE('',#3187,#3103,#3915,.T.);
#2831=EDGE_CURVE('',#3188,#3102,#3916,.T.);
#2832=EDGE_CURVE('',#3189,#3101,#3917,.T.);
#2833=EDGE_CURVE('',#3190,#3100,#3918,.T.);
#2834=EDGE_CURVE('',#3191,#3099,#3919,.T.);
#2835=EDGE_CURVE('',#3192,#3098,#3920,.T.);
#2836=EDGE_CURVE('',#3193,#3097,#3921,.T.);
#2837=EDGE_CURVE('',#3194,#3096,#3922,.T.);
#2838=EDGE_CURVE('',#3400,#3113,#3923,.T.);
#2839=EDGE_CURVE('',#3399,#3112,#3924,.T.);
#2840=EDGE_CURVE('',#3401,#3111,#3925,.T.);
#2841=EDGE_CURVE('',#3402,#3128,#3926,.T.);
#2842=EDGE_CURVE('',#3403,#3127,#3927,.T.);
#2843=EDGE_CURVE('',#3404,#3126,#3928,.T.);
#2844=EDGE_CURVE('',#3405,#3125,#3929,.T.);
#2845=EDGE_CURVE('',#3406,#3124,#3930,.T.);
#2846=EDGE_CURVE('',#3407,#3123,#3931,.T.);
#2847=EDGE_CURVE('',#3408,#3122,#3932,.T.);
#2848=EDGE_CURVE('',#3409,#3121,#3933,.T.);
#2849=EDGE_CURVE('',#3410,#3120,#3934,.T.);
#2850=EDGE_CURVE('',#3411,#3119,#3935,.T.);
#2851=EDGE_CURVE('',#3412,#3118,#3936,.T.);
#2852=EDGE_CURVE('',#3413,#3117,#3937,.T.);
#2853=EDGE_CURVE('',#3414,#3116,#3938,.T.);
#2854=EDGE_CURVE('',#3415,#3115,#3939,.T.);
#2855=EDGE_CURVE('',#3416,#3114,#3940,.T.);
#2856=EDGE_CURVE('',#3163,#3131,#3941,.T.);
#2857=EDGE_CURVE('',#3162,#3130,#3942,.T.);
#2858=EDGE_CURVE('',#3164,#3129,#3943,.T.);
#2859=EDGE_CURVE('',#3165,#3143,#3944,.T.);
#2860=EDGE_CURVE('',#3166,#3142,#3945,.T.);
#2861=EDGE_CURVE('',#3167,#3141,#3946,.T.);
#2862=EDGE_CURVE('',#3168,#3140,#3947,.T.);
#2863=EDGE_CURVE('',#3169,#3139,#3948,.T.);
#2864=EDGE_CURVE('',#3170,#3138,#3949,.T.);
#2865=EDGE_CURVE('',#3171,#3137,#3950,.T.);
#2866=EDGE_CURVE('',#3172,#3136,#3951,.T.);
#2867=EDGE_CURVE('',#3173,#3135,#3952,.T.);
#2868=EDGE_CURVE('',#3174,#3134,#3953,.T.);
#2869=EDGE_CURVE('',#3175,#3133,#3954,.T.);
#2870=EDGE_CURVE('',#3176,#3132,#3955,.T.);
#2871=EDGE_CURVE('',#3418,#3146,#3956,.T.);
#2872=EDGE_CURVE('',#3417,#3145,#3957,.T.);
#2873=EDGE_CURVE('',#3419,#3144,#3958,.T.);
#2874=EDGE_CURVE('',#3420,#3161,#3959,.T.);
#2875=EDGE_CURVE('',#3421,#3160,#3960,.T.);
#2876=EDGE_CURVE('',#3422,#3159,#3961,.T.);
#2877=EDGE_CURVE('',#3423,#3158,#3962,.T.);
#2878=EDGE_CURVE('',#3424,#3157,#3963,.T.);
#2879=EDGE_CURVE('',#3425,#3156,#3964,.T.);
#2880=EDGE_CURVE('',#3426,#3155,#3965,.T.);
#2881=EDGE_CURVE('',#3427,#3154,#3966,.T.);
#2882=EDGE_CURVE('',#3428,#3153,#3967,.T.);
#2883=EDGE_CURVE('',#3429,#3152,#3968,.T.);
#2884=EDGE_CURVE('',#3430,#3151,#3969,.T.);
#2885=EDGE_CURVE('',#3431,#3150,#3970,.T.);
#2886=EDGE_CURVE('',#3432,#3149,#3971,.T.);
#2887=EDGE_CURVE('',#3433,#3148,#3972,.T.);
#2888=EDGE_CURVE('',#3434,#3147,#3973,.T.);
#2889=VERTEX_POINT('',#7213);
#2890=VERTEX_POINT('',#7214);
#2891=VERTEX_POINT('',#7216);
#2892=VERTEX_POINT('',#7218);
#2893=VERTEX_POINT('',#7221);
#2894=VERTEX_POINT('',#7222);
#2895=VERTEX_POINT('',#7224);
#2896=VERTEX_POINT('',#7227);
#2897=VERTEX_POINT('',#7228);
#2898=VERTEX_POINT('',#7230);
#2899=VERTEX_POINT('',#7233);
#2900=VERTEX_POINT('',#7234);
#2901=VERTEX_POINT('',#7236);
#2902=VERTEX_POINT('',#7239);
#2903=VERTEX_POINT('',#7240);
#2904=VERTEX_POINT('',#7242);
#2905=VERTEX_POINT('',#7245);
#2906=VERTEX_POINT('',#7246);
#2907=VERTEX_POINT('',#7248);
#2908=VERTEX_POINT('',#7251);
#2909=VERTEX_POINT('',#7252);
#2910=VERTEX_POINT('',#7254);
#2911=VERTEX_POINT('',#7257);
#2912=VERTEX_POINT('',#7258);
#2913=VERTEX_POINT('',#7260);
#2914=VERTEX_POINT('',#7263);
#2915=VERTEX_POINT('',#7264);
#2916=VERTEX_POINT('',#7266);
#2917=VERTEX_POINT('',#7269);
#2918=VERTEX_POINT('',#7270);
#2919=VERTEX_POINT('',#7272);
#2920=VERTEX_POINT('',#7275);
#2921=VERTEX_POINT('',#7276);
#2922=VERTEX_POINT('',#7278);
#2923=VERTEX_POINT('',#7281);
#2924=VERTEX_POINT('',#7282);
#2925=VERTEX_POINT('',#7284);
#2926=VERTEX_POINT('',#7287);
#2927=VERTEX_POINT('',#7288);
#2928=VERTEX_POINT('',#7290);
#2929=VERTEX_POINT('',#7293);
#2930=VERTEX_POINT('',#7294);
#2931=VERTEX_POINT('',#7296);
#2932=VERTEX_POINT('',#7299);
#2933=VERTEX_POINT('',#7300);
#2934=VERTEX_POINT('',#7305);
#2935=VERTEX_POINT('',#7307);
#2936=VERTEX_POINT('',#7310);
#2937=VERTEX_POINT('',#7311);
#2938=VERTEX_POINT('',#7314);
#2939=VERTEX_POINT('',#7315);
#2940=VERTEX_POINT('',#7319);
#2941=VERTEX_POINT('',#7321);
#2942=VERTEX_POINT('',#7323);
#2943=VERTEX_POINT('',#7325);
#2944=VERTEX_POINT('',#7327);
#2945=VERTEX_POINT('',#7329);
#2946=VERTEX_POINT('',#7332);
#2947=VERTEX_POINT('',#7333);
#2948=VERTEX_POINT('',#7335);
#2949=VERTEX_POINT('',#7337);
#2950=VERTEX_POINT('',#7341);
#2951=VERTEX_POINT('',#7345);
#2952=VERTEX_POINT('',#7349);
#2953=VERTEX_POINT('',#7353);
#2954=VERTEX_POINT('',#7355);
#2955=VERTEX_POINT('',#7357);
#2956=VERTEX_POINT('',#7359);
#2957=VERTEX_POINT('',#7361);
#2958=VERTEX_POINT('',#7365);
#2959=VERTEX_POINT('',#7369);
#2960=VERTEX_POINT('',#7373);
#2961=VERTEX_POINT('',#7377);
#2962=VERTEX_POINT('',#7381);
#2963=VERTEX_POINT('',#7385);
#2964=VERTEX_POINT('',#7390);
#2965=VERTEX_POINT('',#7391);
#2966=VERTEX_POINT('',#7395);
#2967=VERTEX_POINT('',#7399);
#2968=VERTEX_POINT('',#7401);
#2969=VERTEX_POINT('',#7403);
#2970=VERTEX_POINT('',#7405);
#2971=VERTEX_POINT('',#7407);
#2972=VERTEX_POINT('',#7411);
#2973=VERTEX_POINT('',#7415);
#2974=VERTEX_POINT('',#7419);
#2975=VERTEX_POINT('',#7423);
#2976=VERTEX_POINT('',#7427);
#2977=VERTEX_POINT('',#7431);
#2978=VERTEX_POINT('',#7433);
#2979=VERTEX_POINT('',#7435);
#2980=VERTEX_POINT('',#7437);
#2981=VERTEX_POINT('',#7439);
#2982=VERTEX_POINT('',#7444);
#2983=VERTEX_POINT('',#7445);
#2984=VERTEX_POINT('',#7447);
#2985=VERTEX_POINT('',#7449);
#2986=VERTEX_POINT('',#7452);
#2987=VERTEX_POINT('',#7453);
#2988=VERTEX_POINT('',#7455);
#2989=VERTEX_POINT('',#7457);
#2990=VERTEX_POINT('',#7459);
#2991=VERTEX_POINT('',#7461);
#2992=VERTEX_POINT('',#7463);
#2993=VERTEX_POINT('',#7465);
#2994=VERTEX_POINT('',#7468);
#2995=VERTEX_POINT('',#7469);
#2996=VERTEX_POINT('',#7471);
#2997=VERTEX_POINT('',#7473);
#2998=VERTEX_POINT('',#7476);
#2999=VERTEX_POINT('',#7477);
#3000=VERTEX_POINT('',#7479);
#3001=VERTEX_POINT('',#7481);
#3002=VERTEX_POINT('',#7483);
#3003=VERTEX_POINT('',#7485);
#3004=VERTEX_POINT('',#7487);
#3005=VERTEX_POINT('',#7490);
#3006=VERTEX_POINT('',#7491);
#3007=VERTEX_POINT('',#7493);
#3008=VERTEX_POINT('',#7495);
#3009=VERTEX_POINT('',#7498);
#3010=VERTEX_POINT('',#7499);
#3011=VERTEX_POINT('',#7501);
#3012=VERTEX_POINT('',#7503);
#3013=VERTEX_POINT('',#7506);
#3014=VERTEX_POINT('',#7507);
#3015=VERTEX_POINT('',#7509);
#3016=VERTEX_POINT('',#7511);
#3017=VERTEX_POINT('',#7514);
#3018=VERTEX_POINT('',#7515);
#3019=VERTEX_POINT('',#7517);
#3020=VERTEX_POINT('',#7519);
#3021=VERTEX_POINT('',#7522);
#3022=VERTEX_POINT('',#7523);
#3023=VERTEX_POINT('',#7525);
#3024=VERTEX_POINT('',#7527);
#3025=VERTEX_POINT('',#7530);
#3026=VERTEX_POINT('',#7531);
#3027=VERTEX_POINT('',#7533);
#3028=VERTEX_POINT('',#7535);
#3029=VERTEX_POINT('',#7537);
#3030=VERTEX_POINT('',#7539);
#3031=VERTEX_POINT('',#7541);
#3032=VERTEX_POINT('',#7543);
#3033=VERTEX_POINT('',#7545);
#3034=VERTEX_POINT('',#7547);
#3035=VERTEX_POINT('',#7549);
#3036=VERTEX_POINT('',#7553);
#3037=VERTEX_POINT('',#7557);
#3038=VERTEX_POINT('',#7559);
#3039=VERTEX_POINT('',#7561);
#3040=VERTEX_POINT('',#7565);
#3041=VERTEX_POINT('',#7569);
#3042=VERTEX_POINT('',#7571);
#3043=VERTEX_POINT('',#7573);
#3044=VERTEX_POINT('',#7575);
#3045=VERTEX_POINT('',#7577);
#3046=VERTEX_POINT('',#7579);
#3047=VERTEX_POINT('',#7581);
#3048=VERTEX_POINT('',#7585);
#3049=VERTEX_POINT('',#7589);
#3050=VERTEX_POINT('',#7592);
#3051=VERTEX_POINT('',#7593);
#3052=VERTEX_POINT('',#7595);
#3053=VERTEX_POINT('',#7597);
#3054=VERTEX_POINT('',#7599);
#3055=VERTEX_POINT('',#7601);
#3056=VERTEX_POINT('',#7603);
#3057=VERTEX_POINT('',#7606);
#3058=VERTEX_POINT('',#7607);
#3059=VERTEX_POINT('',#7609);
#3060=VERTEX_POINT('',#7611);
#3061=VERTEX_POINT('',#7614);
#3062=VERTEX_POINT('',#7615);
#3063=VERTEX_POINT('',#7619);
#3064=VERTEX_POINT('',#7623);
#3065=VERTEX_POINT('',#7625);
#3066=VERTEX_POINT('',#7627);
#3067=VERTEX_POINT('',#7631);
#3068=VERTEX_POINT('',#7635);
#3069=VERTEX_POINT('',#7639);
#3070=VERTEX_POINT('',#7643);
#3071=VERTEX_POINT('',#7647);
#3072=VERTEX_POINT('',#7649);
#3073=VERTEX_POINT('',#7651);
#3074=VERTEX_POINT('',#7653);
#3075=VERTEX_POINT('',#7655);
#3076=VERTEX_POINT('',#7659);
#3077=VERTEX_POINT('',#7663);
#3078=VERTEX_POINT('',#7665);
#3079=VERTEX_POINT('',#7667);
#3080=VERTEX_POINT('',#7671);
#3081=VERTEX_POINT('',#7675);
#3082=VERTEX_POINT('',#7677);
#3083=VERTEX_POINT('',#7680);
#3084=VERTEX_POINT('',#7681);
#3085=VERTEX_POINT('',#7683);
#3086=VERTEX_POINT('',#7685);
#3087=VERTEX_POINT('',#7688);
#3088=VERTEX_POINT('',#7689);
#3089=VERTEX_POINT('',#7691);
#3090=VERTEX_POINT('',#7693);
#3091=VERTEX_POINT('',#7695);
#3092=VERTEX_POINT('',#7697);
#3093=VERTEX_POINT('',#7700);
#3094=VERTEX_POINT('',#7701);
#3095=VERTEX_POINT('',#7703);
#3096=VERTEX_POINT('',#7705);
#3097=VERTEX_POINT('',#7709);
#3098=VERTEX_POINT('',#7713);
#3099=VERTEX_POINT('',#7717);
#3100=VERTEX_POINT('',#7721);
#3101=VERTEX_POINT('',#7723);
#3102=VERTEX_POINT('',#7725);
#3103=VERTEX_POINT('',#7727);
#3104=VERTEX_POINT('',#7729);
#3105=VERTEX_POINT('',#7733);
#3106=VERTEX_POINT('',#7737);
#3107=VERTEX_POINT('',#7741);
#3108=VERTEX_POINT('',#7745);
#3109=VERTEX_POINT('',#7749);
#3110=VERTEX_POINT('',#7753);
#3111=VERTEX_POINT('',#7758);
#3112=VERTEX_POINT('',#7759);
#3113=VERTEX_POINT('',#7763);
#3114=VERTEX_POINT('',#7767);
#3115=VERTEX_POINT('',#7769);
#3116=VERTEX_POINT('',#7771);
#3117=VERTEX_POINT('',#7773);
#3118=VERTEX_POINT('',#7775);
#3119=VERTEX_POINT('',#7779);
#3120=VERTEX_POINT('',#7783);
#3121=VERTEX_POINT('',#7787);
#3122=VERTEX_POINT('',#7791);
#3123=VERTEX_POINT('',#7795);
#3124=VERTEX_POINT('',#7799);
#3125=VERTEX_POINT('',#7801);
#3126=VERTEX_POINT('',#7803);
#3127=VERTEX_POINT('',#7805);
#3128=VERTEX_POINT('',#7807);
#3129=VERTEX_POINT('',#7812);
#3130=VERTEX_POINT('',#7813);
#3131=VERTEX_POINT('',#7815);
#3132=VERTEX_POINT('',#7817);
#3133=VERTEX_POINT('',#7819);
#3134=VERTEX_POINT('',#7821);
#3135=VERTEX_POINT('',#7823);
#3136=VERTEX_POINT('',#7825);
#3137=VERTEX_POINT('',#7827);
#3138=VERTEX_POINT('',#7829);
#3139=VERTEX_POINT('',#7831);
#3140=VERTEX_POINT('',#7833);
#3141=VERTEX_POINT('',#7837);
#3142=VERTEX_POINT('',#7839);
#3143=VERTEX_POINT('',#7841);
#3144=VERTEX_POINT('',#7846);
#3145=VERTEX_POINT('',#7847);
#3146=VERTEX_POINT('',#7851);
#3147=VERTEX_POINT('',#7855);
#3148=VERTEX_POINT('',#7857);
#3149=VERTEX_POINT('',#7859);
#3150=VERTEX_POINT('',#7861);
#3151=VERTEX_POINT('',#7863);
#3152=VERTEX_POINT('',#7867);
#3153=VERTEX_POINT('',#7871);
#3154=VERTEX_POINT('',#7875);
#3155=VERTEX_POINT('',#7879);
#3156=VERTEX_POINT('',#7883);
#3157=VERTEX_POINT('',#7887);
#3158=VERTEX_POINT('',#7889);
#3159=VERTEX_POINT('',#7891);
#3160=VERTEX_POINT('',#7893);
#3161=VERTEX_POINT('',#7895);
#3162=VERTEX_POINT('',#7901);
#3163=VERTEX_POINT('',#7902);
#3164=VERTEX_POINT('',#7904);
#3165=VERTEX_POINT('',#7906);
#3166=VERTEX_POINT('',#7908);
#3167=VERTEX_POINT('',#7910);
#3168=VERTEX_POINT('',#7914);
#3169=VERTEX_POINT('',#7916);
#3170=VERTEX_POINT('',#7918);
#3171=VERTEX_POINT('',#7920);
#3172=VERTEX_POINT('',#7922);
#3173=VERTEX_POINT('',#7924);
#3174=VERTEX_POINT('',#7926);
#3175=VERTEX_POINT('',#7928);
#3176=VERTEX_POINT('',#7930);
#3177=VERTEX_POINT('',#7933);
#3178=VERTEX_POINT('',#7934);
#3179=VERTEX_POINT('',#7936);
#3180=VERTEX_POINT('',#7938);
#3181=VERTEX_POINT('',#7942);
#3182=VERTEX_POINT('',#7946);
#3183=VERTEX_POINT('',#7950);
#3184=VERTEX_POINT('',#7954);
#3185=VERTEX_POINT('',#7958);
#3186=VERTEX_POINT('',#7962);
#3187=VERTEX_POINT('',#7964);
#3188=VERTEX_POINT('',#7966);
#3189=VERTEX_POINT('',#7968);
#3190=VERTEX_POINT('',#7970);
#3191=VERTEX_POINT('',#7974);
#3192=VERTEX_POINT('',#7978);
#3193=VERTEX_POINT('',#7982);
#3194=VERTEX_POINT('',#7986);
#3195=VERTEX_POINT('',#7989);
#3196=VERTEX_POINT('',#7990);
#3197=VERTEX_POINT('',#7992);
#3198=VERTEX_POINT('',#7994);
#3199=VERTEX_POINT('',#7997);
#3200=VERTEX_POINT('',#7998);
#3201=VERTEX_POINT('',#8000);
#3202=VERTEX_POINT('',#8002);
#3203=VERTEX_POINT('',#8005);
#3204=VERTEX_POINT('',#8006);
#3205=VERTEX_POINT('',#8008);
#3206=VERTEX_POINT('',#8010);
#3207=VERTEX_POINT('',#8014);
#3208=VERTEX_POINT('',#8018);
#3209=VERTEX_POINT('',#8020);
#3210=VERTEX_POINT('',#8022);
#3211=VERTEX_POINT('',#8024);
#3212=VERTEX_POINT('',#8026);
#3213=VERTEX_POINT('',#8028);
#3214=VERTEX_POINT('',#8030);
#3215=VERTEX_POINT('',#8034);
#3216=VERTEX_POINT('',#8038);
#3217=VERTEX_POINT('',#8040);
#3218=VERTEX_POINT('',#8042);
#3219=VERTEX_POINT('',#8046);
#3220=VERTEX_POINT('',#8050);
#3221=VERTEX_POINT('',#8052);
#3222=VERTEX_POINT('',#8054);
#3223=VERTEX_POINT('',#8056);
#3224=VERTEX_POINT('',#8058);
#3225=VERTEX_POINT('',#8060);
#3226=VERTEX_POINT('',#8062);
#3227=VERTEX_POINT('',#8064);
#3228=VERTEX_POINT('',#8067);
#3229=VERTEX_POINT('',#8068);
#3230=VERTEX_POINT('',#8070);
#3231=VERTEX_POINT('',#8072);
#3232=VERTEX_POINT('',#8075);
#3233=VERTEX_POINT('',#8076);
#3234=VERTEX_POINT('',#8078);
#3235=VERTEX_POINT('',#8080);
#3236=VERTEX_POINT('',#8083);
#3237=VERTEX_POINT('',#8084);
#3238=VERTEX_POINT('',#8086);
#3239=VERTEX_POINT('',#8088);
#3240=VERTEX_POINT('',#8090);
#3241=VERTEX_POINT('',#8092);
#3242=VERTEX_POINT('',#8094);
#3243=VERTEX_POINT('',#8097);
#3244=VERTEX_POINT('',#8098);
#3245=VERTEX_POINT('',#8100);
#3246=VERTEX_POINT('',#8102);
#3247=VERTEX_POINT('',#8104);
#3248=VERTEX_POINT('',#8106);
#3249=VERTEX_POINT('',#8108);
#3250=VERTEX_POINT('',#8110);
#3251=VERTEX_POINT('',#8115);
#3252=VERTEX_POINT('',#8116);
#3253=VERTEX_POINT('',#8120);
#3254=VERTEX_POINT('',#8124);
#3255=VERTEX_POINT('',#8126);
#3256=VERTEX_POINT('',#8128);
#3257=VERTEX_POINT('',#8130);
#3258=VERTEX_POINT('',#8132);
#3259=VERTEX_POINT('',#8136);
#3260=VERTEX_POINT('',#8140);
#3261=VERTEX_POINT('',#8144);
#3262=VERTEX_POINT('',#8148);
#3263=VERTEX_POINT('',#8152);
#3264=VERTEX_POINT('',#8156);
#3265=VERTEX_POINT('',#8158);
#3266=VERTEX_POINT('',#8160);
#3267=VERTEX_POINT('',#8162);
#3268=VERTEX_POINT('',#8164);
#3269=VERTEX_POINT('',#8171);
#3270=VERTEX_POINT('',#8172);
#3271=VERTEX_POINT('',#8174);
#3272=VERTEX_POINT('',#8176);
#3273=VERTEX_POINT('',#8178);
#3274=VERTEX_POINT('',#8180);
#3275=VERTEX_POINT('',#8182);
#3276=VERTEX_POINT('',#8184);
#3277=VERTEX_POINT('',#8187);
#3278=VERTEX_POINT('',#8188);
#3279=VERTEX_POINT('',#8190);
#3280=VERTEX_POINT('',#8192);
#3281=VERTEX_POINT('',#8195);
#3282=VERTEX_POINT('',#8196);
#3283=VERTEX_POINT('',#8198);
#3284=VERTEX_POINT('',#8201);
#3285=VERTEX_POINT('',#8202);
#3286=VERTEX_POINT('',#8204);
#3287=VERTEX_POINT('',#8207);
#3288=VERTEX_POINT('',#8208);
#3289=VERTEX_POINT('',#8210);
#3290=VERTEX_POINT('',#8213);
#3291=VERTEX_POINT('',#8214);
#3292=VERTEX_POINT('',#8216);
#3293=VERTEX_POINT('',#8219);
#3294=VERTEX_POINT('',#8220);
#3295=VERTEX_POINT('',#8222);
#3296=VERTEX_POINT('',#8225);
#3297=VERTEX_POINT('',#8226);
#3298=VERTEX_POINT('',#8228);
#3299=VERTEX_POINT('',#8231);
#3300=VERTEX_POINT('',#8232);
#3301=VERTEX_POINT('',#8234);
#3302=VERTEX_POINT('',#8237);
#3303=VERTEX_POINT('',#8238);
#3304=VERTEX_POINT('',#8240);
#3305=VERTEX_POINT('',#8243);
#3306=VERTEX_POINT('',#8244);
#3307=VERTEX_POINT('',#8246);
#3308=VERTEX_POINT('',#8249);
#3309=VERTEX_POINT('',#8250);
#3310=VERTEX_POINT('',#8252);
#3311=VERTEX_POINT('',#8255);
#3312=VERTEX_POINT('',#8256);
#3313=VERTEX_POINT('',#8258);
#3314=VERTEX_POINT('',#8261);
#3315=VERTEX_POINT('',#8262);
#3316=VERTEX_POINT('',#8264);
#3317=VERTEX_POINT('',#8267);
#3318=VERTEX_POINT('',#8268);
#3319=VERTEX_POINT('',#8270);
#3320=VERTEX_POINT('',#8273);
#3321=VERTEX_POINT('',#8274);
#3322=VERTEX_POINT('',#8276);
#3323=VERTEX_POINT('',#8278);
#3324=VERTEX_POINT('',#8284);
#3325=VERTEX_POINT('',#8285);
#3326=VERTEX_POINT('',#8288);
#3327=VERTEX_POINT('',#8289);
#3328=VERTEX_POINT('',#8291);
#3329=VERTEX_POINT('',#8293);
#3330=VERTEX_POINT('',#8297);
#3331=VERTEX_POINT('',#8301);
#3332=VERTEX_POINT('',#8305);
#3333=VERTEX_POINT('',#8309);
#3334=VERTEX_POINT('',#8313);
#3335=VERTEX_POINT('',#8317);
#3336=VERTEX_POINT('',#8319);
#3337=VERTEX_POINT('',#8321);
#3338=VERTEX_POINT('',#8323);
#3339=VERTEX_POINT('',#8325);
#3340=VERTEX_POINT('',#8329);
#3341=VERTEX_POINT('',#8333);
#3342=VERTEX_POINT('',#8337);
#3343=VERTEX_POINT('',#8341);
#3344=VERTEX_POINT('',#8344);
#3345=VERTEX_POINT('',#8345);
#3346=VERTEX_POINT('',#8347);
#3347=VERTEX_POINT('',#8349);
#3348=VERTEX_POINT('',#8352);
#3349=VERTEX_POINT('',#8353);
#3350=VERTEX_POINT('',#8355);
#3351=VERTEX_POINT('',#8357);
#3352=VERTEX_POINT('',#8360);
#3353=VERTEX_POINT('',#8361);
#3354=VERTEX_POINT('',#8363);
#3355=VERTEX_POINT('',#8365);
#3356=VERTEX_POINT('',#8368);
#3357=VERTEX_POINT('',#8369);
#3358=VERTEX_POINT('',#8371);
#3359=VERTEX_POINT('',#8373);
#3360=VERTEX_POINT('',#8376);
#3361=VERTEX_POINT('',#8377);
#3362=VERTEX_POINT('',#8379);
#3363=VERTEX_POINT('',#8381);
#3364=VERTEX_POINT('',#8384);
#3365=VERTEX_POINT('',#8385);
#3366=VERTEX_POINT('',#8387);
#3367=VERTEX_POINT('',#8389);
#3368=VERTEX_POINT('',#8391);
#3369=VERTEX_POINT('',#8393);
#3370=VERTEX_POINT('',#8395);
#3371=VERTEX_POINT('',#8400);
#3372=VERTEX_POINT('',#8401);
#3373=VERTEX_POINT('',#8403);
#3374=VERTEX_POINT('',#8405);
#3375=VERTEX_POINT('',#8407);
#3376=VERTEX_POINT('',#8411);
#3377=VERTEX_POINT('',#8415);
#3378=VERTEX_POINT('',#8417);
#3379=VERTEX_POINT('',#8419);
#3380=VERTEX_POINT('',#8423);
#3381=VERTEX_POINT('',#8427);
#3382=VERTEX_POINT('',#8429);
#3383=VERTEX_POINT('',#8431);
#3384=VERTEX_POINT('',#8433);
#3385=VERTEX_POINT('',#8435);
#3386=VERTEX_POINT('',#8439);
#3387=VERTEX_POINT('',#8443);
#3388=VERTEX_POINT('',#8447);
#3389=VERTEX_POINT('',#8451);
#3390=VERTEX_POINT('',#8455);
#3391=VERTEX_POINT('',#8457);
#3392=VERTEX_POINT('',#8459);
#3393=VERTEX_POINT('',#8464);
#3394=VERTEX_POINT('',#8465);
#3395=VERTEX_POINT('',#8467);
#3396=VERTEX_POINT('',#8469);
#3397=VERTEX_POINT('',#8471);
#3398=VERTEX_POINT('',#8473);
#3399=VERTEX_POINT('',#8478);
#3400=VERTEX_POINT('',#8479);
#3401=VERTEX_POINT('',#8483);
#3402=VERTEX_POINT('',#8487);
#3403=VERTEX_POINT('',#8489);
#3404=VERTEX_POINT('',#8491);
#3405=VERTEX_POINT('',#8493);
#3406=VERTEX_POINT('',#8495);
#3407=VERTEX_POINT('',#8499);
#3408=VERTEX_POINT('',#8503);
#3409=VERTEX_POINT('',#8507);
#3410=VERTEX_POINT('',#8511);
#3411=VERTEX_POINT('',#8515);
#3412=VERTEX_POINT('',#8519);
#3413=VERTEX_POINT('',#8521);
#3414=VERTEX_POINT('',#8523);
#3415=VERTEX_POINT('',#8525);
#3416=VERTEX_POINT('',#8527);
#3417=VERTEX_POINT('',#8534);
#3418=VERTEX_POINT('',#8535);
#3419=VERTEX_POINT('',#8539);
#3420=VERTEX_POINT('',#8543);
#3421=VERTEX_POINT('',#8545);
#3422=VERTEX_POINT('',#8547);
#3423=VERTEX_POINT('',#8549);
#3424=VERTEX_POINT('',#8551);
#3425=VERTEX_POINT('',#8555);
#3426=VERTEX_POINT('',#8559);
#3427=VERTEX_POINT('',#8563);
#3428=VERTEX_POINT('',#8567);
#3429=VERTEX_POINT('',#8571);
#3430=VERTEX_POINT('',#8575);
#3431=VERTEX_POINT('',#8577);
#3432=VERTEX_POINT('',#8579);
#3433=VERTEX_POINT('',#8581);
#3434=VERTEX_POINT('',#8583);
#3435=LINE('',#7212,#3974);
#3436=LINE('',#7215,#3975);
#3437=LINE('',#7217,#3976);
#3438=LINE('',#7219,#3977);
#3439=LINE('',#7220,#3978);
#3440=LINE('',#7225,#3979);
#3441=LINE('',#7226,#3980);
#3442=LINE('',#7231,#3981);
#3443=LINE('',#7235,#3982);
#3444=LINE('',#7237,#3983);
#3445=LINE('',#7238,#3984);
#3446=LINE('',#7243,#3985);
#3447=LINE('',#7244,#3986);
#3448=LINE('',#7249,#3987);
#3449=LINE('',#7253,#3988);
#3450=LINE('',#7255,#3989);
#3451=LINE('',#7256,#3990);
#3452=LINE('',#7261,#3991);
#3453=LINE('',#7265,#3992);
#3454=LINE('',#7267,#3993);
#3455=LINE('',#7268,#3994);
#3456=LINE('',#7271,#3995);
#3457=LINE('',#7274,#3996);
#3458=LINE('',#7279,#3997);
#3459=LINE('',#7280,#3998);
#3460=LINE('',#7283,#3999);
#3461=LINE('',#7289,#4000);
#3462=LINE('',#7291,#4001);
#3463=LINE('',#7292,#4002);
#3464=LINE('',#7297,#4003);
#3465=LINE('',#7306,#4004);
#3466=LINE('',#7308,#4005);
#3467=LINE('',#7312,#4006);
#3468=LINE('',#7313,#4007);
#3469=LINE('',#7322,#4008);
#3470=LINE('',#7324,#4009);
#3471=LINE('',#7326,#4010);
#3472=LINE('',#7331,#4011);
#3473=LINE('',#7358,#4012);
#3474=LINE('',#7404,#4013);
#3475=LINE('',#7434,#4014);
#3476=LINE('',#7443,#4015);
#3477=LINE('',#7446,#4016);
#3478=LINE('',#7448,#4017);
#3479=LINE('',#7450,#4018);
#3480=LINE('',#7451,#4019);
#3481=LINE('',#7454,#4020);
#3482=LINE('',#7456,#4021);
#3483=LINE('',#7458,#4022);
#3484=LINE('',#7460,#4023);
#3485=LINE('',#7462,#4024);
#3486=LINE('',#7464,#4025);
#3487=LINE('',#7466,#4026);
#3488=LINE('',#7467,#4027);
#3489=LINE('',#7470,#4028);
#3490=LINE('',#7472,#4029);
#3491=LINE('',#7474,#4030);
#3492=LINE('',#7475,#4031);
#3493=LINE('',#7478,#4032);
#3494=LINE('',#7480,#4033);
#3495=LINE('',#7482,#4034);
#3496=LINE('',#7484,#4035);
#3497=LINE('',#7486,#4036);
#3498=LINE('',#7488,#4037);
#3499=LINE('',#7489,#4038);
#3500=LINE('',#7492,#4039);
#3501=LINE('',#7494,#4040);
#3502=LINE('',#7496,#4041);
#3503=LINE('',#7497,#4042);
#3504=LINE('',#7500,#4043);
#3505=LINE('',#7502,#4044);
#3506=LINE('',#7504,#4045);
#3507=LINE('',#7505,#4046);
#3508=LINE('',#7508,#4047);
#3509=LINE('',#7510,#4048);
#3510=LINE('',#7512,#4049);
#3511=LINE('',#7513,#4050);
#3512=LINE('',#7516,#4051);
#3513=LINE('',#7518,#4052);
#3514=LINE('',#7520,#4053);
#3515=LINE('',#7521,#4054);
#3516=LINE('',#7524,#4055);
#3517=LINE('',#7526,#4056);
#3518=LINE('',#7528,#4057);
#3519=LINE('',#7529,#4058);
#3520=LINE('',#7532,#4059);
#3521=LINE('',#7534,#4060);
#3522=LINE('',#7540,#4061);
#3523=LINE('',#7542,#4062);
#3524=LINE('',#7544,#4063);
#3525=LINE('',#7570,#4064);
#3526=LINE('',#7572,#4065);
#3527=LINE('',#7574,#4066);
#3528=LINE('',#7591,#4067);
#3529=LINE('',#7594,#4068);
#3530=LINE('',#7596,#4069);
#3531=LINE('',#7598,#4070);
#3532=LINE('',#7600,#4071);
#3533=LINE('',#7602,#4072);
#3534=LINE('',#7604,#4073);
#3535=LINE('',#7605,#4074);
#3536=LINE('',#7608,#4075);
#3537=LINE('',#7610,#4076);
#3538=LINE('',#7612,#4077);
#3539=LINE('',#7613,#4078);
#3540=LINE('',#7650,#4079);
#3541=LINE('',#7652,#4080);
#3542=LINE('',#7654,#4081);
#3543=LINE('',#7676,#4082);
#3544=LINE('',#7678,#4083);
#3545=LINE('',#7679,#4084);
#3546=LINE('',#7682,#4085);
#3547=LINE('',#7684,#4086);
#3548=LINE('',#7686,#4087);
#3549=LINE('',#7687,#4088);
#3550=LINE('',#7690,#4089);
#3551=LINE('',#7692,#4090);
#3552=LINE('',#7694,#4091);
#3553=LINE('',#7696,#4092);
#3554=LINE('',#7698,#4093);
#3555=LINE('',#7699,#4094);
#3556=LINE('',#7726,#4095);
#3557=LINE('',#7772,#4096);
#3558=LINE('',#7802,#4097);
#3559=LINE('',#7811,#4098);
#3560=LINE('',#7814,#4099);
#3561=LINE('',#7824,#4100);
#3562=LINE('',#7826,#4101);
#3563=LINE('',#7838,#4102);
#3564=LINE('',#7840,#4103);
#3565=LINE('',#7842,#4104);
#3566=LINE('',#7860,#4105);
#3567=LINE('',#7890,#4106);
#3568=LINE('',#7900,#4107);
#3569=LINE('',#7903,#4108);
#3570=LINE('',#7905,#4109);
#3571=LINE('',#7907,#4110);
#3572=LINE('',#7909,#4111);
#3573=LINE('',#7921,#4112);
#3574=LINE('',#7923,#4113);
#3575=LINE('',#7935,#4114);
#3576=LINE('',#7965,#4115);
#3577=LINE('',#7988,#4116);
#3578=LINE('',#7991,#4117);
#3579=LINE('',#7993,#4118);
#3580=LINE('',#7995,#4119);
#3581=LINE('',#7996,#4120);
#3582=LINE('',#7999,#4121);
#3583=LINE('',#8001,#4122);
#3584=LINE('',#8003,#4123);
#3585=LINE('',#8004,#4124);
#3586=LINE('',#8007,#4125);
#3587=LINE('',#8025,#4126);
#3588=LINE('',#8027,#4127);
#3589=LINE('',#8029,#4128);
#3590=LINE('',#8055,#4129);
#3591=LINE('',#8057,#4130);
#3592=LINE('',#8059,#4131);
#3593=LINE('',#8065,#4132);
#3594=LINE('',#8066,#4133);
#3595=LINE('',#8069,#4134);
#3596=LINE('',#8071,#4135);
#3597=LINE('',#8073,#4136);
#3598=LINE('',#8074,#4137);
#3599=LINE('',#8077,#4138);
#3600=LINE('',#8079,#4139);
#3601=LINE('',#8081,#4140);
#3602=LINE('',#8082,#4141);
#3603=LINE('',#8085,#4142);
#3604=LINE('',#8087,#4143);
#3605=LINE('',#8089,#4144);
#3606=LINE('',#8091,#4145);
#3607=LINE('',#8093,#4146);
#3608=LINE('',#8095,#4147);
#3609=LINE('',#8096,#4148);
#3610=LINE('',#8099,#4149);
#3611=LINE('',#8101,#4150);
#3612=LINE('',#8103,#4151);
#3613=LINE('',#8105,#4152);
#3614=LINE('',#8107,#4153);
#3615=LINE('',#8109,#4154);
#3616=LINE('',#8111,#4155);
#3617=LINE('',#8129,#4156);
#3618=LINE('',#8159,#4157);
#3619=LINE('',#8173,#4158);
#3620=LINE('',#8179,#4159);
#3621=LINE('',#8181,#4160);
#3622=LINE('',#8183,#4161);
#3623=LINE('',#8186,#4162);
#3624=LINE('',#8189,#4163);
#3625=LINE('',#8191,#4164);
#3626=LINE('',#8193,#4165);
#3627=LINE('',#8194,#4166);
#3628=LINE('',#8197,#4167);
#3629=LINE('',#8200,#4168);
#3630=LINE('',#8203,#4169);
#3631=LINE('',#8209,#4170);
#3632=LINE('',#8211,#4171);
#3633=LINE('',#8212,#4172);
#3634=LINE('',#8215,#4173);
#3635=LINE('',#8218,#4174);
#3636=LINE('',#8221,#4175);
#3637=LINE('',#8227,#4176);
#3638=LINE('',#8229,#4177);
#3639=LINE('',#8230,#4178);
#3640=LINE('',#8233,#4179);
#3641=LINE('',#8239,#4180);
#3642=LINE('',#8241,#4181);
#3643=LINE('',#8242,#4182);
#3644=LINE('',#8247,#4183);
#3645=LINE('',#8248,#4184);
#3646=LINE('',#8251,#4185);
#3647=LINE('',#8254,#4186);
#3648=LINE('',#8259,#4187);
#3649=LINE('',#8263,#4188);
#3650=LINE('',#8265,#4189);
#3651=LINE('',#8266,#4190);
#3652=LINE('',#8269,#4191);
#3653=LINE('',#8275,#4192);
#3654=LINE('',#8277,#4193);
#3655=LINE('',#8286,#4194);
#3656=LINE('',#8290,#4195);
#3657=LINE('',#8320,#4196);
#3658=LINE('',#8343,#4197);
#3659=LINE('',#8346,#4198);
#3660=LINE('',#8348,#4199);
#3661=LINE('',#8350,#4200);
#3662=LINE('',#8351,#4201);
#3663=LINE('',#8354,#4202);
#3664=LINE('',#8356,#4203);
#3665=LINE('',#8358,#4204);
#3666=LINE('',#8359,#4205);
#3667=LINE('',#8362,#4206);
#3668=LINE('',#8364,#4207);
#3669=LINE('',#8366,#4208);
#3670=LINE('',#8367,#4209);
#3671=LINE('',#8370,#4210);
#3672=LINE('',#8372,#4211);
#3673=LINE('',#8374,#4212);
#3674=LINE('',#8375,#4213);
#3675=LINE('',#8378,#4214);
#3676=LINE('',#8380,#4215);
#3677=LINE('',#8382,#4216);
#3678=LINE('',#8383,#4217);
#3679=LINE('',#8386,#4218);
#3680=LINE('',#8388,#4219);
#3681=LINE('',#8390,#4220);
#3682=LINE('',#8392,#4221);
#3683=LINE('',#8394,#4222);
#3684=LINE('',#8396,#4223);
#3685=LINE('',#8402,#4224);
#3686=LINE('',#8404,#4225);
#3687=LINE('',#8406,#4226);
#3688=LINE('',#8428,#4227);
#3689=LINE('',#8430,#4228);
#3690=LINE('',#8432,#4229);
#3691=LINE('',#8463,#4230);
#3692=LINE('',#8466,#4231);
#3693=LINE('',#8468,#4232);
#3694=LINE('',#8470,#4233);
#3695=LINE('',#8472,#4234);
#3696=LINE('',#8474,#4235);
#3697=LINE('',#8492,#4236);
#3698=LINE('',#8522,#4237);
#3699=LINE('',#8548,#4238);
#3700=LINE('',#8578,#4239);
#3701=LINE('',#8588,#4240);
#3702=LINE('',#8589,#4241);
#3703=LINE('',#8591,#4242);
#3704=LINE('',#8592,#4243);
#3705=LINE('',#8601,#4244);
#3706=LINE('',#8603,#4245);
#3707=LINE('',#8605,#4246);
#3708=LINE('',#8606,#4247);
#3709=LINE('',#8608,#4248);
#3710=LINE('',#8610,#4249);
#3711=LINE('',#8611,#4250);
#3712=LINE('',#8613,#4251);
#3713=LINE('',#8615,#4252);
#3714=LINE('',#8616,#4253);
#3715=LINE('',#8618,#4254);
#3716=LINE('',#8620,#4255);
#3717=LINE('',#8621,#4256);
#3718=LINE('',#8623,#4257);
#3719=LINE('',#8625,#4258);
#3720=LINE('',#8626,#4259);
#3721=LINE('',#8628,#4260);
#3722=LINE('',#8630,#4261);
#3723=LINE('',#8631,#4262);
#3724=LINE('',#8633,#4263);
#3725=LINE('',#8635,#4264);
#3726=LINE('',#8636,#4265);
#3727=LINE('',#8638,#4266);
#3728=LINE('',#8640,#4267);
#3729=LINE('',#8641,#4268);
#3730=LINE('',#8643,#4269);
#3731=LINE('',#8645,#4270);
#3732=LINE('',#8646,#4271);
#3733=LINE('',#8648,#4272);
#3734=LINE('',#8650,#4273);
#3735=LINE('',#8651,#4274);
#3736=LINE('',#8653,#4275);
#3737=LINE('',#8655,#4276);
#3738=LINE('',#8656,#4277);
#3739=LINE('',#8658,#4278);
#3740=LINE('',#8660,#4279);
#3741=LINE('',#8661,#4280);
#3742=LINE('',#8663,#4281);
#3743=LINE('',#8665,#4282);
#3744=LINE('',#8666,#4283);
#3745=LINE('',#8668,#4284);
#3746=LINE('',#8670,#4285);
#3747=LINE('',#8671,#4286);
#3748=LINE('',#8673,#4287);
#3749=LINE('',#8675,#4288);
#3750=LINE('',#8700,#4289);
#3751=LINE('',#8701,#4290);
#3752=LINE('',#8703,#4291);
#3753=LINE('',#8705,#4292);
#3754=LINE('',#8707,#4293);
#3755=LINE('',#8709,#4294);
#3756=LINE('',#8711,#4295);
#3757=LINE('',#8713,#4296);
#3758=LINE('',#8716,#4297);
#3759=LINE('',#8717,#4298);
#3760=LINE('',#8719,#4299);
#3761=LINE('',#8721,#4300);
#3762=LINE('',#8730,#4301);
#3763=LINE('',#8739,#4302);
#3764=LINE('',#8748,#4303);
#3765=LINE('',#8757,#4304);
#3766=LINE('',#8766,#4305);
#3767=LINE('',#8775,#4306);
#3768=LINE('',#8777,#4307);
#3769=LINE('',#8779,#4308);
#3770=LINE('',#8781,#4309);
#3771=LINE('',#8783,#4310);
#3772=LINE('',#8792,#4311);
#3773=LINE('',#8801,#4312);
#3774=LINE('',#8810,#4313);
#3775=LINE('',#8819,#4314);
#3776=LINE('',#8829,#4315);
#3777=LINE('',#8830,#4316);
#3778=LINE('',#8839,#4317);
#3779=LINE('',#8848,#4318);
#3780=LINE('',#8850,#4319);
#3781=LINE('',#8852,#4320);
#3782=LINE('',#8854,#4321);
#3783=LINE('',#8856,#4322);
#3784=LINE('',#8865,#4323);
#3785=LINE('',#8874,#4324);
#3786=LINE('',#8883,#4325);
#3787=LINE('',#8892,#4326);
#3788=LINE('',#8901,#4327);
#3789=LINE('',#8910,#4328);
#3790=LINE('',#8912,#4329);
#3791=LINE('',#8914,#4330);
#3792=LINE('',#8916,#4331);
#3793=LINE('',#8918,#4332);
#3794=LINE('',#8928,#4333);
#3795=LINE('',#8929,#4334);
#3796=LINE('',#8931,#4335);
#3797=LINE('',#8933,#4336);
#3798=LINE('',#8936,#4337);
#3799=LINE('',#8937,#4338);
#3800=LINE('',#8939,#4339);
#3801=LINE('',#8941,#4340);
#3802=LINE('',#8943,#4341);
#3803=LINE('',#8945,#4342);
#3804=LINE('',#8947,#4343);
#3805=LINE('',#8949,#4344);
#3806=LINE('',#8952,#4345);
#3807=LINE('',#8953,#4346);
#3808=LINE('',#8955,#4347);
#3809=LINE('',#8957,#4348);
#3810=LINE('',#8960,#4349);
#3811=LINE('',#8961,#4350);
#3812=LINE('',#8963,#4351);
#3813=LINE('',#8965,#4352);
#3814=LINE('',#8967,#4353);
#3815=LINE('',#8969,#4354);
#3816=LINE('',#8971,#4355);
#3817=LINE('',#8974,#4356);
#3818=LINE('',#8975,#4357);
#3819=LINE('',#8977,#4358);
#3820=LINE('',#8979,#4359);
#3821=LINE('',#8982,#4360);
#3822=LINE('',#8983,#4361);
#3823=LINE('',#8985,#4362);
#3824=LINE('',#8987,#4363);
#3825=LINE('',#8990,#4364);
#3826=LINE('',#8991,#4365);
#3827=LINE('',#8993,#4366);
#3828=LINE('',#8995,#4367);
#3829=LINE('',#8998,#4368);
#3830=LINE('',#8999,#4369);
#3831=LINE('',#9001,#4370);
#3832=LINE('',#9003,#4371);
#3833=LINE('',#9006,#4372);
#3834=LINE('',#9007,#4373);
#3835=LINE('',#9009,#4374);
#3836=LINE('',#9011,#4375);
#3837=LINE('',#9014,#4376);
#3838=LINE('',#9015,#4377);
#3839=LINE('',#9017,#4378);
#3840=LINE('',#9019,#4379);
#3841=LINE('',#9028,#4380);
#3842=LINE('',#9037,#4381);
#3843=LINE('',#9039,#4382);
#3844=LINE('',#9041,#4383);
#3845=LINE('',#9043,#4384);
#3846=LINE('',#9045,#4385);
#3847=LINE('',#9047,#4386);
#3848=LINE('',#9049,#4387);
#3849=LINE('',#9058,#4388);
#3850=LINE('',#9067,#4389);
#3851=LINE('',#9069,#4390);
#3852=LINE('',#9071,#4391);
#3853=LINE('',#9080,#4392);
#3854=LINE('',#9089,#4393);
#3855=LINE('',#9091,#4394);
#3856=LINE('',#9093,#4395);
#3857=LINE('',#9095,#4396);
#3858=LINE('',#9097,#4397);
#3859=LINE('',#9099,#4398);
#3860=LINE('',#9101,#4399);
#3861=LINE('',#9103,#4400);
#3862=LINE('',#9106,#4401);
#3863=LINE('',#9107,#4402);
#3864=LINE('',#9109,#4403);
#3865=LINE('',#9111,#4404);
#3866=LINE('',#9113,#4405);
#3867=LINE('',#9115,#4406);
#3868=LINE('',#9117,#4407);
#3869=LINE('',#9120,#4408);
#3870=LINE('',#9121,#4409);
#3871=LINE('',#9123,#4410);
#3872=LINE('',#9125,#4411);
#3873=LINE('',#9135,#4412);
#3874=LINE('',#9136,#4413);
#3875=LINE('',#9138,#4414);
#3876=LINE('',#9140,#4415);
#3877=LINE('',#9142,#4416);
#3878=LINE('',#9151,#4417);
#3879=LINE('',#9160,#4418);
#3880=LINE('',#9162,#4419);
#3881=LINE('',#9164,#4420);
#3882=LINE('',#9173,#4421);
#3883=LINE('',#9182,#4422);
#3884=LINE('',#9184,#4423);
#3885=LINE('',#9186,#4424);
#3886=LINE('',#9188,#4425);
#3887=LINE('',#9190,#4426);
#3888=LINE('',#9199,#4427);
#3889=LINE('',#9208,#4428);
#3890=LINE('',#9217,#4429);
#3891=LINE('',#9226,#4430);
#3892=LINE('',#9235,#4431);
#3893=LINE('',#9237,#4432);
#3894=LINE('',#9239,#4433);
#3895=LINE('',#9249,#4434);
#3896=LINE('',#9250,#4435);
#3897=LINE('',#9252,#4436);
#3898=LINE('',#9254,#4437);
#3899=LINE('',#9257,#4438);
#3900=LINE('',#9258,#4439);
#3901=LINE('',#9260,#4440);
#3902=LINE('',#9262,#4441);
#3903=LINE('',#9264,#4442);
#3904=LINE('',#9266,#4443);
#3905=LINE('',#9269,#4444);
#3906=LINE('',#9270,#4445);
#3907=LINE('',#9272,#4446);
#3908=LINE('',#9274,#4447);
#3909=LINE('',#9283,#4448);
#3910=LINE('',#9292,#4449);
#3911=LINE('',#9301,#4450);
#3912=LINE('',#9310,#4451);
#3913=LINE('',#9319,#4452);
#3914=LINE('',#9328,#4453);
#3915=LINE('',#9330,#4454);
#3916=LINE('',#9332,#4455);
#3917=LINE('',#9334,#4456);
#3918=LINE('',#9336,#4457);
#3919=LINE('',#9345,#4458);
#3920=LINE('',#9354,#4459);
#3921=LINE('',#9363,#4460);
#3922=LINE('',#9372,#4461);
#3923=LINE('',#9382,#4462);
#3924=LINE('',#9383,#4463);
#3925=LINE('',#9392,#4464);
#3926=LINE('',#9401,#4465);
#3927=LINE('',#9403,#4466);
#3928=LINE('',#9405,#4467);
#3929=LINE('',#9407,#4468);
#3930=LINE('',#9409,#4469);
#3931=LINE('',#9418,#4470);
#3932=LINE('',#9427,#4471);
#3933=LINE('',#9436,#4472);
#3934=LINE('',#9445,#4473);
#3935=LINE('',#9454,#4474);
#3936=LINE('',#9463,#4475);
#3937=LINE('',#9465,#4476);
#3938=LINE('',#9467,#4477);
#3939=LINE('',#9469,#4478);
#3940=LINE('',#9471,#4479);
#3941=LINE('',#9481,#4480);
#3942=LINE('',#9482,#4481);
#3943=LINE('',#9484,#4482);
#3944=LINE('',#9486,#4483);
#3945=LINE('',#9488,#4484);
#3946=LINE('',#9490,#4485);
#3947=LINE('',#9499,#4486);
#3948=LINE('',#9501,#4487);
#3949=LINE('',#9503,#4488);
#3950=LINE('',#9505,#4489);
#3951=LINE('',#9507,#4490);
#3952=LINE('',#9509,#4491);
#3953=LINE('',#9511,#4492);
#3954=LINE('',#9513,#4493);
#3955=LINE('',#9515,#4494);
#3956=LINE('',#9525,#4495);
#3957=LINE('',#9526,#4496);
#3958=LINE('',#9535,#4497);
#3959=LINE('',#9544,#4498);
#3960=LINE('',#9546,#4499);
#3961=LINE('',#9548,#4500);
#3962=LINE('',#9550,#4501);
#3963=LINE('',#9552,#4502);
#3964=LINE('',#9561,#4503);
#3965=LINE('',#9570,#4504);
#3966=LINE('',#9579,#4505);
#3967=LINE('',#9588,#4506);
#3968=LINE('',#9597,#4507);
#3969=LINE('',#9606,#4508);
#3970=LINE('',#9608,#4509);
#3971=LINE('',#9610,#4510);
#3972=LINE('',#9612,#4511);
#3973=LINE('',#9614,#4512);
#3974=VECTOR('',#5983,1.);
#3975=VECTOR('',#5984,1.);
#3976=VECTOR('',#5985,1.);
#3977=VECTOR('',#5986,1.);
#3978=VECTOR('',#5987,1.);
#3979=VECTOR('',#5990,1.);
#3980=VECTOR('',#5991,1.);
#3981=VECTOR('',#5994,1.);
#3982=VECTOR('',#5997,1.);
#3983=VECTOR('',#5998,1.);
#3984=VECTOR('',#5999,1.);
#3985=VECTOR('',#6002,1.);
#3986=VECTOR('',#6003,1.);
#3987=VECTOR('',#6006,1.);
#3988=VECTOR('',#6009,1.);
#3989=VECTOR('',#6010,1.);
#3990=VECTOR('',#6011,1.);
#3991=VECTOR('',#6014,1.);
#3992=VECTOR('',#6017,1.);
#3993=VECTOR('',#6018,1.);
#3994=VECTOR('',#6019,1.);
#3995=VECTOR('',#6020,1.);
#3996=VECTOR('',#6023,1.);
#3997=VECTOR('',#6026,1.);
#3998=VECTOR('',#6027,1.);
#3999=VECTOR('',#6028,1.);
#4000=VECTOR('',#6033,1.);
#4001=VECTOR('',#6034,1.);
#4002=VECTOR('',#6035,1.);
#4003=VECTOR('',#6038,1.);
#4004=VECTOR('',#6041,1.);
#4005=VECTOR('',#6042,1.);
#4006=VECTOR('',#6045,1.);
#4007=VECTOR('',#6046,1.);
#4008=VECTOR('',#6049,1.);
#4009=VECTOR('',#6050,1.);
#4010=VECTOR('',#6051,1.);
#4011=VECTOR('',#6056,1.);
#4012=VECTOR('',#6065,1.);
#4013=VECTOR('',#6074,1.);
#4014=VECTOR('',#6079,1.);
#4015=VECTOR('',#6084,1.);
#4016=VECTOR('',#6085,1.);
#4017=VECTOR('',#6086,1.);
#4018=VECTOR('',#6087,1.);
#4019=VECTOR('',#6088,1.);
#4020=VECTOR('',#6089,1.);
#4021=VECTOR('',#6090,1.);
#4022=VECTOR('',#6091,1.);
#4023=VECTOR('',#6092,1.);
#4024=VECTOR('',#6093,1.);
#4025=VECTOR('',#6094,1.);
#4026=VECTOR('',#6095,1.);
#4027=VECTOR('',#6096,1.);
#4028=VECTOR('',#6097,1.);
#4029=VECTOR('',#6098,1.);
#4030=VECTOR('',#6099,1.);
#4031=VECTOR('',#6100,1.);
#4032=VECTOR('',#6101,1.);
#4033=VECTOR('',#6102,1.);
#4034=VECTOR('',#6103,1.);
#4035=VECTOR('',#6104,1.);
#4036=VECTOR('',#6105,1.);
#4037=VECTOR('',#6106,1.);
#4038=VECTOR('',#6107,1.);
#4039=VECTOR('',#6108,1.);
#4040=VECTOR('',#6109,1.);
#4041=VECTOR('',#6110,1.);
#4042=VECTOR('',#6111,1.);
#4043=VECTOR('',#6112,1.);
#4044=VECTOR('',#6113,1.);
#4045=VECTOR('',#6114,1.);
#4046=VECTOR('',#6115,1.);
#4047=VECTOR('',#6116,1.);
#4048=VECTOR('',#6117,1.);
#4049=VECTOR('',#6118,1.);
#4050=VECTOR('',#6119,1.);
#4051=VECTOR('',#6120,1.);
#4052=VECTOR('',#6121,1.);
#4053=VECTOR('',#6122,1.);
#4054=VECTOR('',#6123,1.);
#4055=VECTOR('',#6124,1.);
#4056=VECTOR('',#6125,1.);
#4057=VECTOR('',#6126,1.);
#4058=VECTOR('',#6127,1.);
#4059=VECTOR('',#6128,1.);
#4060=VECTOR('',#6129,1.);
#4061=VECTOR('',#6134,1.);
#4062=VECTOR('',#6135,1.);
#4063=VECTOR('',#6136,1.);
#4064=VECTOR('',#6145,1.);
#4065=VECTOR('',#6146,1.);
#4066=VECTOR('',#6147,1.);
#4067=VECTOR('',#6156,1.);
#4068=VECTOR('',#6157,1.);
#4069=VECTOR('',#6158,1.);
#4070=VECTOR('',#6159,1.);
#4071=VECTOR('',#6160,1.);
#4072=VECTOR('',#6161,1.);
#4073=VECTOR('',#6162,1.);
#4074=VECTOR('',#6163,1.);
#4075=VECTOR('',#6164,1.);
#4076=VECTOR('',#6165,1.);
#4077=VECTOR('',#6166,1.);
#4078=VECTOR('',#6167,1.);
#4079=VECTOR('',#6174,1.);
#4080=VECTOR('',#6175,1.);
#4081=VECTOR('',#6176,1.);
#4082=VECTOR('',#6181,1.);
#4083=VECTOR('',#6182,1.);
#4084=VECTOR('',#6183,1.);
#4085=VECTOR('',#6184,1.);
#4086=VECTOR('',#6185,1.);
#4087=VECTOR('',#6186,1.);
#4088=VECTOR('',#6187,1.);
#4089=VECTOR('',#6188,1.);
#4090=VECTOR('',#6189,1.);
#4091=VECTOR('',#6190,1.);
#4092=VECTOR('',#6191,1.);
#4093=VECTOR('',#6192,1.);
#4094=VECTOR('',#6193,1.);
#4095=VECTOR('',#6202,1.);
#4096=VECTOR('',#6211,1.);
#4097=VECTOR('',#6216,1.);
#4098=VECTOR('',#6221,1.);
#4099=VECTOR('',#6222,1.);
#4100=VECTOR('',#6231,1.);
#4101=VECTOR('',#6232,1.);
#4102=VECTOR('',#6239,1.);
#4103=VECTOR('',#6240,1.);
#4104=VECTOR('',#6241,1.);
#4105=VECTOR('',#6246,1.);
#4106=VECTOR('',#6251,1.);
#4107=VECTOR('',#6258,1.);
#4108=VECTOR('',#6259,1.);
#4109=VECTOR('',#6260,1.);
#4110=VECTOR('',#6261,1.);
#4111=VECTOR('',#6262,1.);
#4112=VECTOR('',#6269,1.);
#4113=VECTOR('',#6270,1.);
#4114=VECTOR('',#6281,1.);
#4115=VECTOR('',#6286,1.);
#4116=VECTOR('',#6293,1.);
#4117=VECTOR('',#6294,1.);
#4118=VECTOR('',#6295,1.);
#4119=VECTOR('',#6296,1.);
#4120=VECTOR('',#6297,1.);
#4121=VECTOR('',#6298,1.);
#4122=VECTOR('',#6299,1.);
#4123=VECTOR('',#6300,1.);
#4124=VECTOR('',#6301,1.);
#4125=VECTOR('',#6302,1.);
#4126=VECTOR('',#6311,1.);
#4127=VECTOR('',#6312,1.);
#4128=VECTOR('',#6313,1.);
#4129=VECTOR('',#6322,1.);
#4130=VECTOR('',#6323,1.);
#4131=VECTOR('',#6324,1.);
#4132=VECTOR('',#6329,1.);
#4133=VECTOR('',#6330,1.);
#4134=VECTOR('',#6331,1.);
#4135=VECTOR('',#6332,1.);
#4136=VECTOR('',#6333,1.);
#4137=VECTOR('',#6334,1.);
#4138=VECTOR('',#6335,1.);
#4139=VECTOR('',#6336,1.);
#4140=VECTOR('',#6337,1.);
#4141=VECTOR('',#6338,1.);
#4142=VECTOR('',#6339,1.);
#4143=VECTOR('',#6340,1.);
#4144=VECTOR('',#6341,1.);
#4145=VECTOR('',#6342,1.);
#4146=VECTOR('',#6343,1.);
#4147=VECTOR('',#6344,1.);
#4148=VECTOR('',#6345,1.);
#4149=VECTOR('',#6346,1.);
#4150=VECTOR('',#6347,1.);
#4151=VECTOR('',#6348,1.);
#4152=VECTOR('',#6349,1.);
#4153=VECTOR('',#6350,1.);
#4154=VECTOR('',#6351,1.);
#4155=VECTOR('',#6352,1.);
#4156=VECTOR('',#6357,1.);
#4157=VECTOR('',#6362,1.);
#4158=VECTOR('',#6367,1.);
#4159=VECTOR('',#6372,1.);
#4160=VECTOR('',#6373,1.);
#4161=VECTOR('',#6374,1.);
#4162=VECTOR('',#6377,1.);
#4163=VECTOR('',#6378,1.);
#4164=VECTOR('',#6379,1.);
#4165=VECTOR('',#6380,1.);
#4166=VECTOR('',#6381,1.);
#4167=VECTOR('',#6382,1.);
#4168=VECTOR('',#6385,1.);
#4169=VECTOR('',#6386,1.);
#4170=VECTOR('',#6391,1.);
#4171=VECTOR('',#6392,1.);
#4172=VECTOR('',#6393,1.);
#4173=VECTOR('',#6394,1.);
#4174=VECTOR('',#6397,1.);
#4175=VECTOR('',#6398,1.);
#4176=VECTOR('',#6403,1.);
#4177=VECTOR('',#6404,1.);
#4178=VECTOR('',#6405,1.);
#4179=VECTOR('',#6406,1.);
#4180=VECTOR('',#6411,1.);
#4181=VECTOR('',#6412,1.);
#4182=VECTOR('',#6413,1.);
#4183=VECTOR('',#6416,1.);
#4184=VECTOR('',#6417,1.);
#4185=VECTOR('',#6418,1.);
#4186=VECTOR('',#6421,1.);
#4187=VECTOR('',#6424,1.);
#4188=VECTOR('',#6427,1.);
#4189=VECTOR('',#6428,1.);
#4190=VECTOR('',#6429,1.);
#4191=VECTOR('',#6430,1.);
#4192=VECTOR('',#6435,1.);
#4193=VECTOR('',#6436,1.);
#4194=VECTOR('',#6439,1.);
#4195=VECTOR('',#6442,1.);
#4196=VECTOR('',#6447,1.);
#4197=VECTOR('',#6454,1.);
#4198=VECTOR('',#6455,1.);
#4199=VECTOR('',#6456,1.);
#4200=VECTOR('',#6457,1.);
#4201=VECTOR('',#6458,1.);
#4202=VECTOR('',#6459,1.);
#4203=VECTOR('',#6460,1.);
#4204=VECTOR('',#6461,1.);
#4205=VECTOR('',#6462,1.);
#4206=VECTOR('',#6463,1.);
#4207=VECTOR('',#6464,1.);
#4208=VECTOR('',#6465,1.);
#4209=VECTOR('',#6466,1.);
#4210=VECTOR('',#6467,1.);
#4211=VECTOR('',#6468,1.);
#4212=VECTOR('',#6469,1.);
#4213=VECTOR('',#6470,1.);
#4214=VECTOR('',#6471,1.);
#4215=VECTOR('',#6472,1.);
#4216=VECTOR('',#6473,1.);
#4217=VECTOR('',#6474,1.);
#4218=VECTOR('',#6475,1.);
#4219=VECTOR('',#6476,1.);
#4220=VECTOR('',#6477,1.);
#4221=VECTOR('',#6478,1.);
#4222=VECTOR('',#6479,1.);
#4223=VECTOR('',#6480,1.);
#4224=VECTOR('',#6481,1.);
#4225=VECTOR('',#6482,1.);
#4226=VECTOR('',#6483,1.);
#4227=VECTOR('',#6488,1.);
#4228=VECTOR('',#6489,1.);
#4229=VECTOR('',#6490,1.);
#4230=VECTOR('',#6497,1.);
#4231=VECTOR('',#6498,1.);
#4232=VECTOR('',#6499,1.);
#4233=VECTOR('',#6500,1.);
#4234=VECTOR('',#6501,1.);
#4235=VECTOR('',#6502,1.);
#4236=VECTOR('',#6507,1.);
#4237=VECTOR('',#6512,1.);
#4238=VECTOR('',#6521,1.);
#4239=VECTOR('',#6526,1.);
#4240=VECTOR('',#6533,1.);
#4241=VECTOR('',#6534,1.);
#4242=VECTOR('',#6537,1.);
#4243=VECTOR('',#6538,1.);
#4244=VECTOR('',#6539,1.);
#4245=VECTOR('',#6542,1.);
#4246=VECTOR('',#6545,1.);
#4247=VECTOR('',#6546,1.);
#4248=VECTOR('',#6549,1.);
#4249=VECTOR('',#6552,1.);
#4250=VECTOR('',#6553,1.);
#4251=VECTOR('',#6556,1.);
#4252=VECTOR('',#6559,1.);
#4253=VECTOR('',#6560,1.);
#4254=VECTOR('',#6563,1.);
#4255=VECTOR('',#6566,1.);
#4256=VECTOR('',#6567,1.);
#4257=VECTOR('',#6570,1.);
#4258=VECTOR('',#6573,1.);
#4259=VECTOR('',#6574,1.);
#4260=VECTOR('',#6577,1.);
#4261=VECTOR('',#6580,1.);
#4262=VECTOR('',#6581,1.);
#4263=VECTOR('',#6584,1.);
#4264=VECTOR('',#6587,1.);
#4265=VECTOR('',#6588,1.);
#4266=VECTOR('',#6591,1.);
#4267=VECTOR('',#6594,1.);
#4268=VECTOR('',#6595,1.);
#4269=VECTOR('',#6598,1.);
#4270=VECTOR('',#6601,1.);
#4271=VECTOR('',#6602,1.);
#4272=VECTOR('',#6605,1.);
#4273=VECTOR('',#6608,1.);
#4274=VECTOR('',#6609,1.);
#4275=VECTOR('',#6612,1.);
#4276=VECTOR('',#6615,1.);
#4277=VECTOR('',#6616,1.);
#4278=VECTOR('',#6619,1.);
#4279=VECTOR('',#6622,1.);
#4280=VECTOR('',#6623,1.);
#4281=VECTOR('',#6626,1.);
#4282=VECTOR('',#6629,1.);
#4283=VECTOR('',#6630,1.);
#4284=VECTOR('',#6633,1.);
#4285=VECTOR('',#6636,1.);
#4286=VECTOR('',#6637,1.);
#4287=VECTOR('',#6640,1.);
#4288=VECTOR('',#6643,1.);
#4289=VECTOR('',#6676,1.);
#4290=VECTOR('',#6677,1.);
#4291=VECTOR('',#6680,1.);
#4292=VECTOR('',#6683,1.);
#4293=VECTOR('',#6686,1.);
#4294=VECTOR('',#6689,1.);
#4295=VECTOR('',#6692,1.);
#4296=VECTOR('',#6695,1.);
#4297=VECTOR('',#6700,1.);
#4298=VECTOR('',#6701,1.);
#4299=VECTOR('',#6704,1.);
#4300=VECTOR('',#6707,1.);
#4301=VECTOR('',#6708,1.);
#4302=VECTOR('',#6709,1.);
#4303=VECTOR('',#6710,1.);
#4304=VECTOR('',#6711,1.);
#4305=VECTOR('',#6712,1.);
#4306=VECTOR('',#6713,1.);
#4307=VECTOR('',#6716,1.);
#4308=VECTOR('',#6719,1.);
#4309=VECTOR('',#6722,1.);
#4310=VECTOR('',#6725,1.);
#4311=VECTOR('',#6726,1.);
#4312=VECTOR('',#6727,1.);
#4313=VECTOR('',#6728,1.);
#4314=VECTOR('',#6729,1.);
#4315=VECTOR('',#6732,1.);
#4316=VECTOR('',#6733,1.);
#4317=VECTOR('',#6734,1.);
#4318=VECTOR('',#6735,1.);
#4319=VECTOR('',#6738,1.);
#4320=VECTOR('',#6741,1.);
#4321=VECTOR('',#6744,1.);
#4322=VECTOR('',#6747,1.);
#4323=VECTOR('',#6748,1.);
#4324=VECTOR('',#6749,1.);
#4325=VECTOR('',#6750,1.);
#4326=VECTOR('',#6751,1.);
#4327=VECTOR('',#6752,1.);
#4328=VECTOR('',#6753,1.);
#4329=VECTOR('',#6756,1.);
#4330=VECTOR('',#6759,1.);
#4331=VECTOR('',#6762,1.);
#4332=VECTOR('',#6765,1.);
#4333=VECTOR('',#6768,1.);
#4334=VECTOR('',#6769,1.);
#4335=VECTOR('',#6772,1.);
#4336=VECTOR('',#6775,1.);
#4337=VECTOR('',#6780,1.);
#4338=VECTOR('',#6781,1.);
#4339=VECTOR('',#6784,1.);
#4340=VECTOR('',#6787,1.);
#4341=VECTOR('',#6790,1.);
#4342=VECTOR('',#6793,1.);
#4343=VECTOR('',#6796,1.);
#4344=VECTOR('',#6799,1.);
#4345=VECTOR('',#6804,1.);
#4346=VECTOR('',#6805,1.);
#4347=VECTOR('',#6808,1.);
#4348=VECTOR('',#6811,1.);
#4349=VECTOR('',#6816,1.);
#4350=VECTOR('',#6817,1.);
#4351=VECTOR('',#6820,1.);
#4352=VECTOR('',#6823,1.);
#4353=VECTOR('',#6826,1.);
#4354=VECTOR('',#6829,1.);
#4355=VECTOR('',#6832,1.);
#4356=VECTOR('',#6837,1.);
#4357=VECTOR('',#6838,1.);
#4358=VECTOR('',#6841,1.);
#4359=VECTOR('',#6844,1.);
#4360=VECTOR('',#6849,1.);
#4361=VECTOR('',#6850,1.);
#4362=VECTOR('',#6853,1.);
#4363=VECTOR('',#6856,1.);
#4364=VECTOR('',#6861,1.);
#4365=VECTOR('',#6862,1.);
#4366=VECTOR('',#6865,1.);
#4367=VECTOR('',#6868,1.);
#4368=VECTOR('',#6873,1.);
#4369=VECTOR('',#6874,1.);
#4370=VECTOR('',#6877,1.);
#4371=VECTOR('',#6880,1.);
#4372=VECTOR('',#6885,1.);
#4373=VECTOR('',#6886,1.);
#4374=VECTOR('',#6889,1.);
#4375=VECTOR('',#6892,1.);
#4376=VECTOR('',#6897,1.);
#4377=VECTOR('',#6898,1.);
#4378=VECTOR('',#6901,1.);
#4379=VECTOR('',#6904,1.);
#4380=VECTOR('',#6905,1.);
#4381=VECTOR('',#6906,1.);
#4382=VECTOR('',#6909,1.);
#4383=VECTOR('',#6912,1.);
#4384=VECTOR('',#6915,1.);
#4385=VECTOR('',#6918,1.);
#4386=VECTOR('',#6921,1.);
#4387=VECTOR('',#6924,1.);
#4388=VECTOR('',#6925,1.);
#4389=VECTOR('',#6926,1.);
#4390=VECTOR('',#6929,1.);
#4391=VECTOR('',#6932,1.);
#4392=VECTOR('',#6933,1.);
#4393=VECTOR('',#6934,1.);
#4394=VECTOR('',#6937,1.);
#4395=VECTOR('',#6940,1.);
#4396=VECTOR('',#6943,1.);
#4397=VECTOR('',#6946,1.);
#4398=VECTOR('',#6949,1.);
#4399=VECTOR('',#6952,1.);
#4400=VECTOR('',#6955,1.);
#4401=VECTOR('',#6960,1.);
#4402=VECTOR('',#6961,1.);
#4403=VECTOR('',#6964,1.);
#4404=VECTOR('',#6967,1.);
#4405=VECTOR('',#6970,1.);
#4406=VECTOR('',#6973,1.);
#4407=VECTOR('',#6976,1.);
#4408=VECTOR('',#6981,1.);
#4409=VECTOR('',#6982,1.);
#4410=VECTOR('',#6985,1.);
#4411=VECTOR('',#6988,1.);
#4412=VECTOR('',#6991,1.);
#4413=VECTOR('',#6992,1.);
#4414=VECTOR('',#6995,1.);
#4415=VECTOR('',#6998,1.);
#4416=VECTOR('',#7001,1.);
#4417=VECTOR('',#7002,1.);
#4418=VECTOR('',#7003,1.);
#4419=VECTOR('',#7006,1.);
#4420=VECTOR('',#7009,1.);
#4421=VECTOR('',#7010,1.);
#4422=VECTOR('',#7011,1.);
#4423=VECTOR('',#7014,1.);
#4424=VECTOR('',#7017,1.);
#4425=VECTOR('',#7020,1.);
#4426=VECTOR('',#7023,1.);
#4427=VECTOR('',#7024,1.);
#4428=VECTOR('',#7025,1.);
#4429=VECTOR('',#7026,1.);
#4430=VECTOR('',#7027,1.);
#4431=VECTOR('',#7028,1.);
#4432=VECTOR('',#7031,1.);
#4433=VECTOR('',#7034,1.);
#4434=VECTOR('',#7037,1.);
#4435=VECTOR('',#7038,1.);
#4436=VECTOR('',#7041,1.);
#4437=VECTOR('',#7044,1.);
#4438=VECTOR('',#7049,1.);
#4439=VECTOR('',#7050,1.);
#4440=VECTOR('',#7053,1.);
#4441=VECTOR('',#7056,1.);
#4442=VECTOR('',#7059,1.);
#4443=VECTOR('',#7062,1.);
#4444=VECTOR('',#7067,1.);
#4445=VECTOR('',#7068,1.);
#4446=VECTOR('',#7071,1.);
#4447=VECTOR('',#7074,1.);
#4448=VECTOR('',#7075,1.);
#4449=VECTOR('',#7076,1.);
#4450=VECTOR('',#7077,1.);
#4451=VECTOR('',#7078,1.);
#4452=VECTOR('',#7079,1.);
#4453=VECTOR('',#7080,1.);
#4454=VECTOR('',#7083,1.);
#4455=VECTOR('',#7086,1.);
#4456=VECTOR('',#7089,1.);
#4457=VECTOR('',#7092,1.);
#4458=VECTOR('',#7093,1.);
#4459=VECTOR('',#7094,1.);
#4460=VECTOR('',#7095,1.);
#4461=VECTOR('',#7096,1.);
#4462=VECTOR('',#7099,1.);
#4463=VECTOR('',#7100,1.);
#4464=VECTOR('',#7101,1.);
#4465=VECTOR('',#7102,1.);
#4466=VECTOR('',#7105,1.);
#4467=VECTOR('',#7108,1.);
#4468=VECTOR('',#7111,1.);
#4469=VECTOR('',#7114,1.);
#4470=VECTOR('',#7115,1.);
#4471=VECTOR('',#7116,1.);
#4472=VECTOR('',#7117,1.);
#4473=VECTOR('',#7118,1.);
#4474=VECTOR('',#7119,1.);
#4475=VECTOR('',#7120,1.);
#4476=VECTOR('',#7123,1.);
#4477=VECTOR('',#7126,1.);
#4478=VECTOR('',#7129,1.);
#4479=VECTOR('',#7132,1.);
#4480=VECTOR('',#7135,1.);
#4481=VECTOR('',#7136,1.);
#4482=VECTOR('',#7139,1.);
#4483=VECTOR('',#7142,1.);
#4484=VECTOR('',#7145,1.);
#4485=VECTOR('',#7148,1.);
#4486=VECTOR('',#7149,1.);
#4487=VECTOR('',#7152,1.);
#4488=VECTOR('',#7155,1.);
#4489=VECTOR('',#7158,1.);
#4490=VECTOR('',#7161,1.);
#4491=VECTOR('',#7164,1.);
#4492=VECTOR('',#7167,1.);
#4493=VECTOR('',#7170,1.);
#4494=VECTOR('',#7173,1.);
#4495=VECTOR('',#7176,1.);
#4496=VECTOR('',#7177,1.);
#4497=VECTOR('',#7178,1.);
#4498=VECTOR('',#7179,1.);
#4499=VECTOR('',#7182,1.);
#4500=VECTOR('',#7185,1.);
#4501=VECTOR('',#7188,1.);
#4502=VECTOR('',#7191,1.);
#4503=VECTOR('',#7192,1.);
#4504=VECTOR('',#7193,1.);
#4505=VECTOR('',#7194,1.);
#4506=VECTOR('',#7195,1.);
#4507=VECTOR('',#7196,1.);
#4508=VECTOR('',#7197,1.);
#4509=VECTOR('',#7200,1.);
#4510=VECTOR('',#7203,1.);
#4511=VECTOR('',#7206,1.);
#4512=VECTOR('',#7209,1.);
#4513=EDGE_LOOP('',(#432,#433,#434,#435));
#4514=EDGE_LOOP('',(#436,#437,#438));
#4515=EDGE_LOOP('',(#439,#440,#441));
#4516=EDGE_LOOP('',(#442,#443,#444));
#4517=EDGE_LOOP('',(#445,#446,#447));
#4518=EDGE_LOOP('',(#448,#449,#450));
#4519=EDGE_LOOP('',(#451,#452,#453));
#4520=EDGE_LOOP('',(#454,#455,#456));
#4521=EDGE_LOOP('',(#457,#458,#459));
#4522=EDGE_LOOP('',(#460,#461,#462));
#4523=EDGE_LOOP('',(#463,#464,#465));
#4524=EDGE_LOOP('',(#466,#467,#468));
#4525=EDGE_LOOP('',(#469,#470,#471));
#4526=EDGE_LOOP('',(#472,#473,#474));
#4527=EDGE_LOOP('',(#475,#476,#477,#478));
#4528=EDGE_LOOP('',(#479,#480));
#4529=EDGE_LOOP('',(#481,#482,#483,#484,#485,#486,#487,#488));
#4530=EDGE_LOOP('',(#489,#490,#491,#492,#493,#494,#495,#496,#497,#498,#499,
#500,#501,#502,#503,#504,#505,#506));
#4531=EDGE_LOOP('',(#507,#508,#509,#510,#511,#512,#513,#514,#515,#516,#517,
#518,#519,#520,#521,#522,#523,#524));
#4532=EDGE_LOOP('',(#525,#526,#527,#528));
#4533=EDGE_LOOP('',(#529,#530,#531,#532,#533,#534,#535,#536));
#4534=EDGE_LOOP('',(#537,#538,#539,#540));
#4535=EDGE_LOOP('',(#541,#542,#543,#544,#545,#546,#547));
#4536=EDGE_LOOP('',(#548,#549,#550,#551));
#4537=EDGE_LOOP('',(#552,#553,#554,#555));
#4538=EDGE_LOOP('',(#556,#557,#558,#559));
#4539=EDGE_LOOP('',(#560,#561,#562,#563));
#4540=EDGE_LOOP('',(#564,#565,#566,#567));
#4541=EDGE_LOOP('',(#568,#569,#570,#571,#572,#573,#574,#575,#576,#577,#578,
#579,#580,#581,#582,#583,#584,#585,#586,#587,#588,#589,#590,#591,#592));
#4542=EDGE_LOOP('',(#593,#594,#595,#596,#597,#598,#599));
#4543=EDGE_LOOP('',(#600,#601,#602,#603));
#4544=EDGE_LOOP('',(#604,#605,#606,#607,#608,#609,#610,#611,#612,#613,#614,
#615,#616,#617,#618,#619,#620,#621,#622,#623,#624,#625));
#4545=EDGE_LOOP('',(#626,#627,#628,#629));
#4546=EDGE_LOOP('',(#630,#631,#632,#633,#634,#635));
#4547=EDGE_LOOP('',(#636,#637,#638,#639,#640,#641,#642,#643,#644,#645,#646,
#647,#648,#649,#650,#651,#652,#653));
#4548=EDGE_LOOP('',(#654,#655,#656,#657,#658,#659,#660,#661,#662,#663,#664,
#665,#666,#667,#668,#669,#670,#671));
#4549=EDGE_LOOP('',(#672,#673,#674,#675,#676,#677,#678,#679,#680,#681,#682,
#683,#684,#685,#686));
#4550=EDGE_LOOP('',(#687,#688,#689,#690,#691,#692,#693,#694,#695,#696,#697,
#698,#699,#700,#701,#702,#703,#704));
#4551=EDGE_LOOP('',(#705,#706,#707,#708,#709,#710,#711,#712,#713,#714,#715,
#716,#717,#718,#719));
#4552=EDGE_LOOP('',(#720,#721,#722,#723,#724,#725,#726,#727,#728,#729,#730,
#731,#732,#733,#734,#735,#736,#737));
#4553=EDGE_LOOP('',(#738,#739,#740,#741));
#4554=EDGE_LOOP('',(#742,#743,#744,#745));
#4555=EDGE_LOOP('',(#746,#747,#748,#749,#750,#751,#752,#753,#754,#755,#756,
#757,#758,#759,#760,#761,#762,#763,#764,#765,#766,#767,#768,#769,#770));
#4556=EDGE_LOOP('',(#771,#772,#773,#774));
#4557=EDGE_LOOP('',(#775,#776,#777,#778));
#4558=EDGE_LOOP('',(#779,#780,#781,#782,#783,#784,#785));
#4559=EDGE_LOOP('',(#786,#787,#788,#789,#790,#791,#792,#793));
#4560=EDGE_LOOP('',(#794,#795,#796,#797,#798,#799,#800,#801,#802,#803,#804,
#805,#806,#807,#808,#809,#810,#811));
#4561=EDGE_LOOP('',(#812,#813,#814,#815,#816,#817,#818,#819));
#4562=EDGE_LOOP('',(#820,#821,#822,#823));
#4563=EDGE_LOOP('',(#824,#825,#826));
#4564=EDGE_LOOP('',(#827,#828,#829));
#4565=EDGE_LOOP('',(#830,#831,#832));
#4566=EDGE_LOOP('',(#833,#834,#835));
#4567=EDGE_LOOP('',(#836,#837,#838));
#4568=EDGE_LOOP('',(#839,#840,#841));
#4569=EDGE_LOOP('',(#842,#843,#844));
#4570=EDGE_LOOP('',(#845,#846,#847));
#4571=EDGE_LOOP('',(#848,#849,#850));
#4572=EDGE_LOOP('',(#851,#852,#853));
#4573=EDGE_LOOP('',(#854,#855,#856));
#4574=EDGE_LOOP('',(#857,#858,#859));
#4575=EDGE_LOOP('',(#860,#861,#862));
#4576=EDGE_LOOP('',(#863,#864,#865,#866));
#4577=EDGE_LOOP('',(#867,#868));
#4578=EDGE_LOOP('',(#869,#870,#871,#872,#873,#874,#875,#876,#877,#878,#879,
#880,#881,#882,#883,#884,#885,#886));
#4579=EDGE_LOOP('',(#887,#888,#889,#890));
#4580=EDGE_LOOP('',(#891,#892,#893,#894));
#4581=EDGE_LOOP('',(#895,#896,#897,#898));
#4582=EDGE_LOOP('',(#899,#900,#901,#902));
#4583=EDGE_LOOP('',(#903,#904,#905,#906));
#4584=EDGE_LOOP('',(#907,#908,#909,#910,#911,#912,#913));
#4585=EDGE_LOOP('',(#914,#915,#916,#917,#918,#919,#920,#921,#922,#923,#924,
#925,#926,#927,#928,#929,#930,#931,#932,#933,#934,#935));
#4586=EDGE_LOOP('',(#936,#937,#938,#939,#940,#941));
#4587=EDGE_LOOP('',(#942,#943,#944,#945,#946,#947,#948,#949,#950,#951,#952,
#953,#954,#955,#956,#957,#958,#959));
#4588=EDGE_LOOP('',(#960,#961,#962,#963,#964,#965,#966,#967,#968,#969,#970,
#971,#972,#973,#974,#975,#976,#977));
#4589=EDGE_LOOP('',(#978,#979,#980,#981));
#4590=EDGE_LOOP('',(#982,#983,#984,#985));
#4591=EDGE_LOOP('',(#986,#987,#988,#989));
#4592=EDGE_LOOP('',(#990,#991,#992,#993));
#4593=EDGE_LOOP('',(#994,#995,#996,#997));
#4594=EDGE_LOOP('',(#998,#999,#1000,#1001));
#4595=EDGE_LOOP('',(#1002,#1003,#1004,#1005));
#4596=EDGE_LOOP('',(#1006,#1007,#1008,#1009));
#4597=EDGE_LOOP('',(#1010,#1011,#1012,#1013));
#4598=EDGE_LOOP('',(#1014,#1015,#1016,#1017));
#4599=EDGE_LOOP('',(#1018,#1019,#1020,#1021));
#4600=EDGE_LOOP('',(#1022,#1023,#1024,#1025));
#4601=EDGE_LOOP('',(#1026,#1027,#1028,#1029));
#4602=EDGE_LOOP('',(#1030,#1031,#1032,#1033));
#4603=EDGE_LOOP('',(#1034,#1035,#1036,#1037));
#4604=EDGE_LOOP('',(#1038,#1039,#1040,#1041));
#4605=EDGE_LOOP('',(#1042,#1043,#1044,#1045));
#4606=EDGE_LOOP('',(#1046,#1047,#1048,#1049));
#4607=EDGE_LOOP('',(#1050,#1051,#1052,#1053));
#4608=EDGE_LOOP('',(#1054,#1055,#1056,#1057));
#4609=EDGE_LOOP('',(#1058,#1059,#1060,#1061));
#4610=EDGE_LOOP('',(#1062,#1063,#1064,#1065));
#4611=EDGE_LOOP('',(#1066,#1067,#1068,#1069));
#4612=EDGE_LOOP('',(#1070,#1071,#1072,#1073));
#4613=EDGE_LOOP('',(#1074,#1075,#1076,#1077));
#4614=EDGE_LOOP('',(#1078,#1079,#1080,#1081));
#4615=EDGE_LOOP('',(#1082,#1083,#1084,#1085));
#4616=EDGE_LOOP('',(#1086,#1087,#1088,#1089));
#4617=EDGE_LOOP('',(#1090,#1091,#1092,#1093));
#4618=EDGE_LOOP('',(#1094,#1095,#1096,#1097));
#4619=EDGE_LOOP('',(#1098,#1099,#1100,#1101));
#4620=EDGE_LOOP('',(#1102,#1103,#1104,#1105));
#4621=EDGE_LOOP('',(#1106,#1107,#1108,#1109));
#4622=EDGE_LOOP('',(#1110,#1111,#1112,#1113));
#4623=EDGE_LOOP('',(#1114,#1115,#1116,#1117));
#4624=EDGE_LOOP('',(#1118,#1119,#1120,#1121));
#4625=EDGE_LOOP('',(#1122,#1123,#1124,#1125));
#4626=EDGE_LOOP('',(#1126,#1127,#1128,#1129));
#4627=EDGE_LOOP('',(#1130,#1131,#1132,#1133));
#4628=EDGE_LOOP('',(#1134,#1135,#1136,#1137));
#4629=EDGE_LOOP('',(#1138,#1139,#1140,#1141));
#4630=EDGE_LOOP('',(#1142,#1143,#1144,#1145));
#4631=EDGE_LOOP('',(#1146,#1147,#1148,#1149));
#4632=EDGE_LOOP('',(#1150,#1151,#1152,#1153));
#4633=EDGE_LOOP('',(#1154,#1155,#1156,#1157));
#4634=EDGE_LOOP('',(#1158,#1159,#1160,#1161));
#4635=EDGE_LOOP('',(#1162,#1163,#1164,#1165));
#4636=EDGE_LOOP('',(#1166,#1167,#1168,#1169));
#4637=EDGE_LOOP('',(#1170,#1171,#1172,#1173));
#4638=EDGE_LOOP('',(#1174,#1175,#1176,#1177));
#4639=EDGE_LOOP('',(#1178,#1179,#1180,#1181));
#4640=EDGE_LOOP('',(#1182,#1183,#1184,#1185));
#4641=EDGE_LOOP('',(#1186,#1187,#1188,#1189));
#4642=EDGE_LOOP('',(#1190,#1191,#1192,#1193));
#4643=EDGE_LOOP('',(#1194,#1195,#1196,#1197));
#4644=EDGE_LOOP('',(#1198,#1199,#1200,#1201));
#4645=EDGE_LOOP('',(#1202,#1203,#1204,#1205));
#4646=EDGE_LOOP('',(#1206,#1207,#1208,#1209));
#4647=EDGE_LOOP('',(#1210,#1211,#1212,#1213));
#4648=EDGE_LOOP('',(#1214,#1215,#1216,#1217));
#4649=EDGE_LOOP('',(#1218,#1219,#1220,#1221));
#4650=EDGE_LOOP('',(#1222,#1223,#1224,#1225));
#4651=EDGE_LOOP('',(#1226,#1227,#1228,#1229));
#4652=EDGE_LOOP('',(#1230,#1231,#1232,#1233));
#4653=EDGE_LOOP('',(#1234,#1235,#1236,#1237));
#4654=EDGE_LOOP('',(#1238,#1239,#1240,#1241));
#4655=EDGE_LOOP('',(#1242,#1243,#1244,#1245));
#4656=EDGE_LOOP('',(#1246,#1247,#1248,#1249));
#4657=EDGE_LOOP('',(#1250,#1251,#1252,#1253));
#4658=EDGE_LOOP('',(#1254,#1255,#1256,#1257));
#4659=EDGE_LOOP('',(#1258,#1259,#1260,#1261));
#4660=EDGE_LOOP('',(#1262,#1263,#1264,#1265));
#4661=EDGE_LOOP('',(#1266,#1267,#1268,#1269));
#4662=EDGE_LOOP('',(#1270,#1271,#1272,#1273));
#4663=EDGE_LOOP('',(#1274,#1275,#1276,#1277));
#4664=EDGE_LOOP('',(#1278,#1279,#1280,#1281));
#4665=EDGE_LOOP('',(#1282,#1283,#1284,#1285));
#4666=EDGE_LOOP('',(#1286,#1287,#1288,#1289));
#4667=EDGE_LOOP('',(#1290,#1291,#1292,#1293));
#4668=EDGE_LOOP('',(#1294,#1295,#1296,#1297));
#4669=EDGE_LOOP('',(#1298,#1299,#1300,#1301));
#4670=EDGE_LOOP('',(#1302,#1303,#1304,#1305));
#4671=EDGE_LOOP('',(#1306,#1307,#1308,#1309));
#4672=EDGE_LOOP('',(#1310,#1311,#1312,#1313));
#4673=EDGE_LOOP('',(#1314,#1315,#1316,#1317));
#4674=EDGE_LOOP('',(#1318,#1319,#1320,#1321));
#4675=EDGE_LOOP('',(#1322,#1323,#1324,#1325));
#4676=EDGE_LOOP('',(#1326,#1327,#1328,#1329));
#4677=EDGE_LOOP('',(#1330,#1331,#1332,#1333));
#4678=EDGE_LOOP('',(#1334,#1335,#1336,#1337));
#4679=EDGE_LOOP('',(#1338,#1339,#1340,#1341));
#4680=EDGE_LOOP('',(#1342,#1343,#1344,#1345));
#4681=EDGE_LOOP('',(#1346,#1347,#1348,#1349));
#4682=EDGE_LOOP('',(#1350,#1351,#1352,#1353));
#4683=EDGE_LOOP('',(#1354,#1355,#1356,#1357));
#4684=EDGE_LOOP('',(#1358,#1359,#1360,#1361));
#4685=EDGE_LOOP('',(#1362,#1363,#1364,#1365));
#4686=EDGE_LOOP('',(#1366,#1367,#1368,#1369));
#4687=EDGE_LOOP('',(#1370,#1371,#1372,#1373));
#4688=EDGE_LOOP('',(#1374,#1375,#1376,#1377));
#4689=EDGE_LOOP('',(#1378,#1379,#1380,#1381));
#4690=EDGE_LOOP('',(#1382,#1383,#1384,#1385));
#4691=EDGE_LOOP('',(#1386,#1387,#1388,#1389));
#4692=EDGE_LOOP('',(#1390,#1391,#1392,#1393));
#4693=EDGE_LOOP('',(#1394,#1395,#1396,#1397));
#4694=EDGE_LOOP('',(#1398,#1399,#1400,#1401));
#4695=EDGE_LOOP('',(#1402,#1403,#1404,#1405));
#4696=EDGE_LOOP('',(#1406,#1407,#1408,#1409));
#4697=EDGE_LOOP('',(#1410,#1411,#1412,#1413));
#4698=EDGE_LOOP('',(#1414,#1415,#1416,#1417));
#4699=EDGE_LOOP('',(#1418,#1419,#1420,#1421));
#4700=EDGE_LOOP('',(#1422,#1423,#1424,#1425));
#4701=EDGE_LOOP('',(#1426,#1427,#1428,#1429));
#4702=EDGE_LOOP('',(#1430,#1431,#1432,#1433));
#4703=EDGE_LOOP('',(#1434,#1435,#1436,#1437));
#4704=EDGE_LOOP('',(#1438,#1439,#1440,#1441));
#4705=EDGE_LOOP('',(#1442,#1443,#1444,#1445));
#4706=EDGE_LOOP('',(#1446,#1447,#1448,#1449));
#4707=EDGE_LOOP('',(#1450,#1451,#1452,#1453));
#4708=EDGE_LOOP('',(#1454,#1455,#1456,#1457));
#4709=EDGE_LOOP('',(#1458,#1459,#1460,#1461));
#4710=EDGE_LOOP('',(#1462,#1463,#1464,#1465));
#4711=EDGE_LOOP('',(#1466,#1467,#1468,#1469));
#4712=EDGE_LOOP('',(#1470,#1471,#1472,#1473));
#4713=EDGE_LOOP('',(#1474,#1475,#1476,#1477));
#4714=EDGE_LOOP('',(#1478,#1479,#1480,#1481));
#4715=EDGE_LOOP('',(#1482,#1483,#1484,#1485));
#4716=EDGE_LOOP('',(#1486,#1487,#1488,#1489));
#4717=EDGE_LOOP('',(#1490,#1491,#1492,#1493));
#4718=EDGE_LOOP('',(#1494,#1495,#1496,#1497));
#4719=EDGE_LOOP('',(#1498,#1499,#1500,#1501));
#4720=EDGE_LOOP('',(#1502,#1503,#1504,#1505));
#4721=EDGE_LOOP('',(#1506,#1507,#1508,#1509));
#4722=EDGE_LOOP('',(#1510,#1511,#1512,#1513));
#4723=EDGE_LOOP('',(#1514,#1515,#1516,#1517));
#4724=EDGE_LOOP('',(#1518,#1519,#1520,#1521));
#4725=EDGE_LOOP('',(#1522,#1523,#1524,#1525));
#4726=EDGE_LOOP('',(#1526,#1527,#1528,#1529));
#4727=EDGE_LOOP('',(#1530,#1531,#1532,#1533));
#4728=EDGE_LOOP('',(#1534,#1535,#1536,#1537));
#4729=EDGE_LOOP('',(#1538,#1539,#1540,#1541));
#4730=EDGE_LOOP('',(#1542,#1543,#1544,#1545));
#4731=EDGE_LOOP('',(#1546,#1547,#1548,#1549));
#4732=EDGE_LOOP('',(#1550,#1551,#1552,#1553));
#4733=EDGE_LOOP('',(#1554,#1555,#1556,#1557));
#4734=EDGE_LOOP('',(#1558,#1559,#1560,#1561));
#4735=EDGE_LOOP('',(#1562,#1563,#1564,#1565));
#4736=EDGE_LOOP('',(#1566,#1567,#1568,#1569));
#4737=EDGE_LOOP('',(#1570,#1571,#1572,#1573));
#4738=EDGE_LOOP('',(#1574,#1575,#1576,#1577));
#4739=EDGE_LOOP('',(#1578,#1579,#1580,#1581));
#4740=EDGE_LOOP('',(#1582,#1583,#1584,#1585));
#4741=EDGE_LOOP('',(#1586,#1587,#1588,#1589));
#4742=EDGE_LOOP('',(#1590,#1591,#1592,#1593));
#4743=EDGE_LOOP('',(#1594,#1595,#1596,#1597));
#4744=EDGE_LOOP('',(#1598,#1599,#1600,#1601));
#4745=EDGE_LOOP('',(#1602,#1603,#1604,#1605));
#4746=EDGE_LOOP('',(#1606,#1607,#1608,#1609));
#4747=EDGE_LOOP('',(#1610,#1611,#1612,#1613));
#4748=EDGE_LOOP('',(#1614,#1615,#1616,#1617));
#4749=EDGE_LOOP('',(#1618,#1619,#1620,#1621));
#4750=EDGE_LOOP('',(#1622,#1623,#1624,#1625));
#4751=EDGE_LOOP('',(#1626,#1627,#1628,#1629));
#4752=EDGE_LOOP('',(#1630,#1631,#1632,#1633));
#4753=EDGE_LOOP('',(#1634,#1635,#1636,#1637));
#4754=EDGE_LOOP('',(#1638,#1639,#1640,#1641));
#4755=EDGE_LOOP('',(#1642,#1643,#1644,#1645));
#4756=EDGE_LOOP('',(#1646,#1647,#1648,#1649));
#4757=EDGE_LOOP('',(#1650,#1651,#1652,#1653));
#4758=EDGE_LOOP('',(#1654,#1655,#1656,#1657));
#4759=EDGE_LOOP('',(#1658,#1659,#1660,#1661));
#4760=EDGE_LOOP('',(#1662,#1663,#1664,#1665));
#4761=EDGE_LOOP('',(#1666,#1667,#1668,#1669));
#4762=EDGE_LOOP('',(#1670,#1671,#1672,#1673));
#4763=EDGE_LOOP('',(#1674,#1675,#1676,#1677));
#4764=EDGE_LOOP('',(#1678,#1679,#1680,#1681));
#4765=EDGE_LOOP('',(#1682,#1683,#1684,#1685));
#4766=EDGE_LOOP('',(#1686,#1687,#1688,#1689));
#4767=EDGE_LOOP('',(#1690,#1691,#1692,#1693));
#4768=EDGE_LOOP('',(#1694,#1695,#1696,#1697));
#4769=EDGE_LOOP('',(#1698,#1699,#1700,#1701));
#4770=EDGE_LOOP('',(#1702,#1703,#1704,#1705));
#4771=EDGE_LOOP('',(#1706,#1707,#1708,#1709));
#4772=EDGE_LOOP('',(#1710,#1711,#1712,#1713));
#4773=EDGE_LOOP('',(#1714,#1715,#1716,#1717));
#4774=EDGE_LOOP('',(#1718,#1719,#1720,#1721));
#4775=EDGE_LOOP('',(#1722,#1723,#1724,#1725));
#4776=EDGE_LOOP('',(#1726,#1727,#1728,#1729));
#4777=EDGE_LOOP('',(#1730,#1731,#1732,#1733));
#4778=EDGE_LOOP('',(#1734,#1735,#1736,#1737));
#4779=EDGE_LOOP('',(#1738,#1739,#1740,#1741));
#4780=EDGE_LOOP('',(#1742,#1743,#1744,#1745));
#4781=EDGE_LOOP('',(#1746,#1747,#1748,#1749));
#4782=EDGE_LOOP('',(#1750,#1751,#1752,#1753));
#4783=EDGE_LOOP('',(#1754,#1755,#1756,#1757));
#4784=EDGE_LOOP('',(#1758,#1759,#1760,#1761));
#4785=EDGE_LOOP('',(#1762,#1763,#1764,#1765));
#4786=EDGE_LOOP('',(#1766,#1767,#1768,#1769));
#4787=EDGE_LOOP('',(#1770,#1771,#1772,#1773));
#4788=EDGE_LOOP('',(#1774,#1775,#1776,#1777));
#4789=EDGE_LOOP('',(#1778,#1779,#1780,#1781));
#4790=EDGE_LOOP('',(#1782,#1783,#1784,#1785));
#4791=EDGE_LOOP('',(#1786,#1787,#1788,#1789));
#4792=EDGE_LOOP('',(#1790,#1791,#1792,#1793));
#4793=EDGE_LOOP('',(#1794,#1795,#1796,#1797));
#4794=EDGE_LOOP('',(#1798,#1799,#1800,#1801));
#4795=EDGE_LOOP('',(#1802,#1803,#1804,#1805));
#4796=EDGE_LOOP('',(#1806,#1807,#1808,#1809));
#4797=EDGE_LOOP('',(#1810,#1811,#1812,#1813));
#4798=EDGE_LOOP('',(#1814,#1815,#1816,#1817));
#4799=EDGE_LOOP('',(#1818,#1819,#1820,#1821));
#4800=EDGE_LOOP('',(#1822,#1823,#1824,#1825));
#4801=EDGE_LOOP('',(#1826,#1827,#1828,#1829));
#4802=EDGE_LOOP('',(#1830,#1831,#1832,#1833));
#4803=EDGE_LOOP('',(#1834,#1835,#1836,#1837));
#4804=EDGE_LOOP('',(#1838,#1839,#1840,#1841));
#4805=EDGE_LOOP('',(#1842,#1843,#1844,#1845));
#4806=EDGE_LOOP('',(#1846,#1847,#1848,#1849));
#4807=EDGE_LOOP('',(#1850,#1851,#1852,#1853));
#4808=EDGE_LOOP('',(#1854,#1855,#1856,#1857));
#4809=EDGE_LOOP('',(#1858,#1859,#1860,#1861));
#4810=EDGE_LOOP('',(#1862,#1863,#1864,#1865));
#4811=EDGE_LOOP('',(#1866,#1867,#1868,#1869));
#4812=EDGE_LOOP('',(#1870,#1871,#1872,#1873));
#4813=EDGE_LOOP('',(#1874,#1875,#1876,#1877));
#4814=EDGE_LOOP('',(#1878,#1879,#1880,#1881));
#4815=EDGE_LOOP('',(#1882,#1883,#1884,#1885));
#4816=EDGE_LOOP('',(#1886,#1887,#1888,#1889));
#4817=EDGE_LOOP('',(#1890,#1891,#1892,#1893));
#4818=EDGE_LOOP('',(#1894,#1895,#1896,#1897));
#4819=EDGE_LOOP('',(#1898,#1899,#1900,#1901));
#4820=EDGE_LOOP('',(#1902,#1903,#1904,#1905));
#4821=EDGE_LOOP('',(#1906,#1907,#1908,#1909));
#4822=EDGE_LOOP('',(#1910,#1911,#1912,#1913));
#4823=EDGE_LOOP('',(#1914,#1915,#1916,#1917));
#4824=EDGE_LOOP('',(#1918,#1919,#1920,#1921));
#4825=EDGE_LOOP('',(#1922,#1923,#1924,#1925));
#4826=EDGE_LOOP('',(#1926,#1927,#1928,#1929));
#4827=EDGE_LOOP('',(#1930,#1931,#1932,#1933));
#4828=EDGE_LOOP('',(#1934,#1935,#1936,#1937));
#4829=EDGE_LOOP('',(#1938,#1939,#1940,#1941));
#4830=EDGE_LOOP('',(#1942,#1943,#1944,#1945));
#4831=EDGE_LOOP('',(#1946,#1947,#1948,#1949));
#4832=EDGE_LOOP('',(#1950,#1951,#1952,#1953));
#4833=EDGE_LOOP('',(#1954,#1955,#1956,#1957));
#4834=EDGE_LOOP('',(#1958,#1959,#1960,#1961));
#4835=EDGE_LOOP('',(#1962,#1963,#1964,#1965));
#4836=EDGE_LOOP('',(#1966,#1967,#1968,#1969));
#4837=EDGE_LOOP('',(#1970,#1971,#1972,#1973));
#4838=EDGE_LOOP('',(#1974,#1975,#1976,#1977));
#4839=EDGE_LOOP('',(#1978,#1979,#1980,#1981));
#4840=EDGE_LOOP('',(#1982,#1983,#1984,#1985));
#4841=EDGE_LOOP('',(#1986,#1987,#1988,#1989));
#4842=EDGE_LOOP('',(#1990,#1991,#1992,#1993));
#4843=EDGE_LOOP('',(#1994,#1995,#1996,#1997));
#4844=EDGE_LOOP('',(#1998,#1999,#2000,#2001));
#4845=EDGE_LOOP('',(#2002,#2003,#2004,#2005));
#4846=EDGE_LOOP('',(#2006,#2007,#2008,#2009));
#4847=EDGE_LOOP('',(#2010,#2011,#2012,#2013));
#4848=EDGE_LOOP('',(#2014,#2015,#2016,#2017));
#4849=EDGE_LOOP('',(#2018,#2019,#2020,#2021));
#4850=EDGE_LOOP('',(#2022,#2023,#2024,#2025));
#4851=EDGE_LOOP('',(#2026,#2027,#2028,#2029));
#4852=EDGE_LOOP('',(#2030,#2031,#2032,#2033));
#4853=EDGE_LOOP('',(#2034,#2035,#2036,#2037));
#4854=EDGE_LOOP('',(#2038,#2039,#2040,#2041));
#4855=EDGE_LOOP('',(#2042,#2043,#2044,#2045));
#4856=EDGE_LOOP('',(#2046,#2047,#2048,#2049));
#4857=EDGE_LOOP('',(#2050,#2051,#2052,#2053));
#4858=EDGE_LOOP('',(#2054,#2055,#2056,#2057));
#4859=EDGE_LOOP('',(#2058,#2059,#2060,#2061));
#4860=EDGE_LOOP('',(#2062,#2063,#2064,#2065));
#4861=EDGE_LOOP('',(#2066,#2067,#2068,#2069));
#4862=FACE_BOUND('',#4513,.T.);
#4863=FACE_BOUND('',#4514,.T.);
#4864=FACE_BOUND('',#4515,.T.);
#4865=FACE_BOUND('',#4516,.T.);
#4866=FACE_BOUND('',#4517,.T.);
#4867=FACE_BOUND('',#4518,.T.);
#4868=FACE_BOUND('',#4519,.T.);
#4869=FACE_BOUND('',#4520,.T.);
#4870=FACE_BOUND('',#4521,.T.);
#4871=FACE_BOUND('',#4522,.T.);
#4872=FACE_BOUND('',#4523,.T.);
#4873=FACE_BOUND('',#4524,.T.);
#4874=FACE_BOUND('',#4525,.T.);
#4875=FACE_BOUND('',#4526,.T.);
#4876=FACE_BOUND('',#4527,.T.);
#4877=FACE_BOUND('',#4528,.T.);
#4878=FACE_BOUND('',#4529,.T.);
#4879=FACE_BOUND('',#4530,.T.);
#4880=FACE_BOUND('',#4531,.T.);
#4881=FACE_BOUND('',#4532,.T.);
#4882=FACE_BOUND('',#4533,.T.);
#4883=FACE_BOUND('',#4534,.T.);
#4884=FACE_BOUND('',#4535,.T.);
#4885=FACE_BOUND('',#4536,.T.);
#4886=FACE_BOUND('',#4537,.T.);
#4887=FACE_BOUND('',#4538,.T.);
#4888=FACE_BOUND('',#4539,.T.);
#4889=FACE_BOUND('',#4540,.T.);
#4890=FACE_BOUND('',#4541,.T.);
#4891=FACE_BOUND('',#4542,.T.);
#4892=FACE_BOUND('',#4543,.T.);
#4893=FACE_BOUND('',#4544,.T.);
#4894=FACE_BOUND('',#4545,.T.);
#4895=FACE_BOUND('',#4546,.T.);
#4896=FACE_BOUND('',#4547,.T.);
#4897=FACE_BOUND('',#4548,.T.);
#4898=FACE_BOUND('',#4549,.T.);
#4899=FACE_BOUND('',#4550,.T.);
#4900=FACE_BOUND('',#4551,.T.);
#4901=FACE_BOUND('',#4552,.T.);
#4902=FACE_BOUND('',#4553,.T.);
#4903=FACE_BOUND('',#4554,.T.);
#4904=FACE_BOUND('',#4555,.T.);
#4905=FACE_BOUND('',#4556,.T.);
#4906=FACE_BOUND('',#4557,.T.);
#4907=FACE_BOUND('',#4558,.T.);
#4908=FACE_BOUND('',#4559,.T.);
#4909=FACE_BOUND('',#4560,.T.);
#4910=FACE_BOUND('',#4561,.T.);
#4911=FACE_BOUND('',#4562,.T.);
#4912=FACE_BOUND('',#4563,.T.);
#4913=FACE_BOUND('',#4564,.T.);
#4914=FACE_BOUND('',#4565,.T.);
#4915=FACE_BOUND('',#4566,.T.);
#4916=FACE_BOUND('',#4567,.T.);
#4917=FACE_BOUND('',#4568,.T.);
#4918=FACE_BOUND('',#4569,.T.);
#4919=FACE_BOUND('',#4570,.T.);
#4920=FACE_BOUND('',#4571,.T.);
#4921=FACE_BOUND('',#4572,.T.);
#4922=FACE_BOUND('',#4573,.T.);
#4923=FACE_BOUND('',#4574,.T.);
#4924=FACE_BOUND('',#4575,.T.);
#4925=FACE_BOUND('',#4576,.T.);
#4926=FACE_BOUND('',#4577,.T.);
#4927=FACE_BOUND('',#4578,.T.);
#4928=FACE_BOUND('',#4579,.T.);
#4929=FACE_BOUND('',#4580,.T.);
#4930=FACE_BOUND('',#4581,.T.);
#4931=FACE_BOUND('',#4582,.T.);
#4932=FACE_BOUND('',#4583,.T.);
#4933=FACE_BOUND('',#4584,.T.);
#4934=FACE_BOUND('',#4585,.T.);
#4935=FACE_BOUND('',#4586,.T.);
#4936=FACE_BOUND('',#4587,.T.);
#4937=FACE_BOUND('',#4588,.T.);
#4938=FACE_BOUND('',#4589,.T.);
#4939=FACE_BOUND('',#4590,.T.);
#4940=FACE_BOUND('',#4591,.T.);
#4941=FACE_BOUND('',#4592,.T.);
#4942=FACE_BOUND('',#4593,.T.);
#4943=FACE_BOUND('',#4594,.T.);
#4944=FACE_BOUND('',#4595,.T.);
#4945=FACE_BOUND('',#4596,.T.);
#4946=FACE_BOUND('',#4597,.T.);
#4947=FACE_BOUND('',#4598,.T.);
#4948=FACE_BOUND('',#4599,.T.);
#4949=FACE_BOUND('',#4600,.T.);
#4950=FACE_BOUND('',#4601,.T.);
#4951=FACE_BOUND('',#4602,.T.);
#4952=FACE_BOUND('',#4603,.T.);
#4953=FACE_BOUND('',#4604,.T.);
#4954=FACE_BOUND('',#4605,.T.);
#4955=FACE_BOUND('',#4606,.T.);
#4956=FACE_BOUND('',#4607,.T.);
#4957=FACE_BOUND('',#4608,.T.);
#4958=FACE_BOUND('',#4609,.T.);
#4959=FACE_BOUND('',#4610,.T.);
#4960=FACE_BOUND('',#4611,.T.);
#4961=FACE_BOUND('',#4612,.T.);
#4962=FACE_BOUND('',#4613,.T.);
#4963=FACE_BOUND('',#4614,.T.);
#4964=FACE_BOUND('',#4615,.T.);
#4965=FACE_BOUND('',#4616,.T.);
#4966=FACE_BOUND('',#4617,.T.);
#4967=FACE_BOUND('',#4618,.T.);
#4968=FACE_BOUND('',#4619,.T.);
#4969=FACE_BOUND('',#4620,.T.);
#4970=FACE_BOUND('',#4621,.T.);
#4971=FACE_BOUND('',#4622,.T.);
#4972=FACE_BOUND('',#4623,.T.);
#4973=FACE_BOUND('',#4624,.T.);
#4974=FACE_BOUND('',#4625,.T.);
#4975=FACE_BOUND('',#4626,.T.);
#4976=FACE_BOUND('',#4627,.T.);
#4977=FACE_BOUND('',#4628,.T.);
#4978=FACE_BOUND('',#4629,.T.);
#4979=FACE_BOUND('',#4630,.T.);
#4980=FACE_BOUND('',#4631,.T.);
#4981=FACE_BOUND('',#4632,.T.);
#4982=FACE_BOUND('',#4633,.T.);
#4983=FACE_BOUND('',#4634,.T.);
#4984=FACE_BOUND('',#4635,.T.);
#4985=FACE_BOUND('',#4636,.T.);
#4986=FACE_BOUND('',#4637,.T.);
#4987=FACE_BOUND('',#4638,.T.);
#4988=FACE_BOUND('',#4639,.T.);
#4989=FACE_BOUND('',#4640,.T.);
#4990=FACE_BOUND('',#4641,.T.);
#4991=FACE_BOUND('',#4642,.T.);
#4992=FACE_BOUND('',#4643,.T.);
#4993=FACE_BOUND('',#4644,.T.);
#4994=FACE_BOUND('',#4645,.T.);
#4995=FACE_BOUND('',#4646,.T.);
#4996=FACE_BOUND('',#4647,.T.);
#4997=FACE_BOUND('',#4648,.T.);
#4998=FACE_BOUND('',#4649,.T.);
#4999=FACE_BOUND('',#4650,.T.);
#5000=FACE_BOUND('',#4651,.T.);
#5001=FACE_BOUND('',#4652,.T.);
#5002=FACE_BOUND('',#4653,.T.);
#5003=FACE_BOUND('',#4654,.T.);
#5004=FACE_BOUND('',#4655,.T.);
#5005=FACE_BOUND('',#4656,.T.);
#5006=FACE_BOUND('',#4657,.T.);
#5007=FACE_BOUND('',#4658,.T.);
#5008=FACE_BOUND('',#4659,.T.);
#5009=FACE_BOUND('',#4660,.T.);
#5010=FACE_BOUND('',#4661,.T.);
#5011=FACE_BOUND('',#4662,.T.);
#5012=FACE_BOUND('',#4663,.T.);
#5013=FACE_BOUND('',#4664,.T.);
#5014=FACE_BOUND('',#4665,.T.);
#5015=FACE_BOUND('',#4666,.T.);
#5016=FACE_BOUND('',#4667,.T.);
#5017=FACE_BOUND('',#4668,.T.);
#5018=FACE_BOUND('',#4669,.T.);
#5019=FACE_BOUND('',#4670,.T.);
#5020=FACE_BOUND('',#4671,.T.);
#5021=FACE_BOUND('',#4672,.T.);
#5022=FACE_BOUND('',#4673,.T.);
#5023=FACE_BOUND('',#4674,.T.);
#5024=FACE_BOUND('',#4675,.T.);
#5025=FACE_BOUND('',#4676,.T.);
#5026=FACE_BOUND('',#4677,.T.);
#5027=FACE_BOUND('',#4678,.T.);
#5028=FACE_BOUND('',#4679,.T.);
#5029=FACE_BOUND('',#4680,.T.);
#5030=FACE_BOUND('',#4681,.T.);
#5031=FACE_BOUND('',#4682,.T.);
#5032=FACE_BOUND('',#4683,.T.);
#5033=FACE_BOUND('',#4684,.T.);
#5034=FACE_BOUND('',#4685,.T.);
#5035=FACE_BOUND('',#4686,.T.);
#5036=FACE_BOUND('',#4687,.T.);
#5037=FACE_BOUND('',#4688,.T.);
#5038=FACE_BOUND('',#4689,.T.);
#5039=FACE_BOUND('',#4690,.T.);
#5040=FACE_BOUND('',#4691,.T.);
#5041=FACE_BOUND('',#4692,.T.);
#5042=FACE_BOUND('',#4693,.T.);
#5043=FACE_BOUND('',#4694,.T.);
#5044=FACE_BOUND('',#4695,.T.);
#5045=FACE_BOUND('',#4696,.T.);
#5046=FACE_BOUND('',#4697,.T.);
#5047=FACE_BOUND('',#4698,.T.);
#5048=FACE_BOUND('',#4699,.T.);
#5049=FACE_BOUND('',#4700,.T.);
#5050=FACE_BOUND('',#4701,.T.);
#5051=FACE_BOUND('',#4702,.T.);
#5052=FACE_BOUND('',#4703,.T.);
#5053=FACE_BOUND('',#4704,.T.);
#5054=FACE_BOUND('',#4705,.T.);
#5055=FACE_BOUND('',#4706,.T.);
#5056=FACE_BOUND('',#4707,.T.);
#5057=FACE_BOUND('',#4708,.T.);
#5058=FACE_BOUND('',#4709,.T.);
#5059=FACE_BOUND('',#4710,.T.);
#5060=FACE_BOUND('',#4711,.T.);
#5061=FACE_BOUND('',#4712,.T.);
#5062=FACE_BOUND('',#4713,.T.);
#5063=FACE_BOUND('',#4714,.T.);
#5064=FACE_BOUND('',#4715,.T.);
#5065=FACE_BOUND('',#4716,.T.);
#5066=FACE_BOUND('',#4717,.T.);
#5067=FACE_BOUND('',#4718,.T.);
#5068=FACE_BOUND('',#4719,.T.);
#5069=FACE_BOUND('',#4720,.T.);
#5070=FACE_BOUND('',#4721,.T.);
#5071=FACE_BOUND('',#4722,.T.);
#5072=FACE_BOUND('',#4723,.T.);
#5073=FACE_BOUND('',#4724,.T.);
#5074=FACE_BOUND('',#4725,.T.);
#5075=FACE_BOUND('',#4726,.T.);
#5076=FACE_BOUND('',#4727,.T.);
#5077=FACE_BOUND('',#4728,.T.);
#5078=FACE_BOUND('',#4729,.T.);
#5079=FACE_BOUND('',#4730,.T.);
#5080=FACE_BOUND('',#4731,.T.);
#5081=FACE_BOUND('',#4732,.T.);
#5082=FACE_BOUND('',#4733,.T.);
#5083=FACE_BOUND('',#4734,.T.);
#5084=FACE_BOUND('',#4735,.T.);
#5085=FACE_BOUND('',#4736,.T.);
#5086=FACE_BOUND('',#4737,.T.);
#5087=FACE_BOUND('',#4738,.T.);
#5088=FACE_BOUND('',#4739,.T.);
#5089=FACE_BOUND('',#4740,.T.);
#5090=FACE_BOUND('',#4741,.T.);
#5091=FACE_BOUND('',#4742,.T.);
#5092=FACE_BOUND('',#4743,.T.);
#5093=FACE_BOUND('',#4744,.T.);
#5094=FACE_BOUND('',#4745,.T.);
#5095=FACE_BOUND('',#4746,.T.);
#5096=FACE_BOUND('',#4747,.T.);
#5097=FACE_BOUND('',#4748,.T.);
#5098=FACE_BOUND('',#4749,.T.);
#5099=FACE_BOUND('',#4750,.T.);
#5100=FACE_BOUND('',#4751,.T.);
#5101=FACE_BOUND('',#4752,.T.);
#5102=FACE_BOUND('',#4753,.T.);
#5103=FACE_BOUND('',#4754,.T.);
#5104=FACE_BOUND('',#4755,.T.);
#5105=FACE_BOUND('',#4756,.T.);
#5106=FACE_BOUND('',#4757,.T.);
#5107=FACE_BOUND('',#4758,.T.);
#5108=FACE_BOUND('',#4759,.T.);
#5109=FACE_BOUND('',#4760,.T.);
#5110=FACE_BOUND('',#4761,.T.);
#5111=FACE_BOUND('',#4762,.T.);
#5112=FACE_BOUND('',#4763,.T.);
#5113=FACE_BOUND('',#4764,.T.);
#5114=FACE_BOUND('',#4765,.T.);
#5115=FACE_BOUND('',#4766,.T.);
#5116=FACE_BOUND('',#4767,.T.);
#5117=FACE_BOUND('',#4768,.T.);
#5118=FACE_BOUND('',#4769,.T.);
#5119=FACE_BOUND('',#4770,.T.);
#5120=FACE_BOUND('',#4771,.T.);
#5121=FACE_BOUND('',#4772,.T.);
#5122=FACE_BOUND('',#4773,.T.);
#5123=FACE_BOUND('',#4774,.T.);
#5124=FACE_BOUND('',#4775,.T.);
#5125=FACE_BOUND('',#4776,.T.);
#5126=FACE_BOUND('',#4777,.T.);
#5127=FACE_BOUND('',#4778,.T.);
#5128=FACE_BOUND('',#4779,.T.);
#5129=FACE_BOUND('',#4780,.T.);
#5130=FACE_BOUND('',#4781,.T.);
#5131=FACE_BOUND('',#4782,.T.);
#5132=FACE_BOUND('',#4783,.T.);
#5133=FACE_BOUND('',#4784,.T.);
#5134=FACE_BOUND('',#4785,.T.);
#5135=FACE_BOUND('',#4786,.T.);
#5136=FACE_BOUND('',#4787,.T.);
#5137=FACE_BOUND('',#4788,.T.);
#5138=FACE_BOUND('',#4789,.T.);
#5139=FACE_BOUND('',#4790,.T.);
#5140=FACE_BOUND('',#4791,.T.);
#5141=FACE_BOUND('',#4792,.T.);
#5142=FACE_BOUND('',#4793,.T.);
#5143=FACE_BOUND('',#4794,.T.);
#5144=FACE_BOUND('',#4795,.T.);
#5145=FACE_BOUND('',#4796,.T.);
#5146=FACE_BOUND('',#4797,.T.);
#5147=FACE_BOUND('',#4798,.T.);
#5148=FACE_BOUND('',#4799,.T.);
#5149=FACE_BOUND('',#4800,.T.);
#5150=FACE_BOUND('',#4801,.T.);
#5151=FACE_BOUND('',#4802,.T.);
#5152=FACE_BOUND('',#4803,.T.);
#5153=FACE_BOUND('',#4804,.T.);
#5154=FACE_BOUND('',#4805,.T.);
#5155=FACE_BOUND('',#4806,.T.);
#5156=FACE_BOUND('',#4807,.T.);
#5157=FACE_BOUND('',#4808,.T.);
#5158=FACE_BOUND('',#4809,.T.);
#5159=FACE_BOUND('',#4810,.T.);
#5160=FACE_BOUND('',#4811,.T.);
#5161=FACE_BOUND('',#4812,.T.);
#5162=FACE_BOUND('',#4813,.T.);
#5163=FACE_BOUND('',#4814,.T.);
#5164=FACE_BOUND('',#4815,.T.);
#5165=FACE_BOUND('',#4816,.T.);
#5166=FACE_BOUND('',#4817,.T.);
#5167=FACE_BOUND('',#4818,.T.);
#5168=FACE_BOUND('',#4819,.T.);
#5169=FACE_BOUND('',#4820,.T.);
#5170=FACE_BOUND('',#4821,.T.);
#5171=FACE_BOUND('',#4822,.T.);
#5172=FACE_BOUND('',#4823,.T.);
#5173=FACE_BOUND('',#4824,.T.);
#5174=FACE_BOUND('',#4825,.T.);
#5175=FACE_BOUND('',#4826,.T.);
#5176=FACE_BOUND('',#4827,.T.);
#5177=FACE_BOUND('',#4828,.T.);
#5178=FACE_BOUND('',#4829,.T.);
#5179=FACE_BOUND('',#4830,.T.);
#5180=FACE_BOUND('',#4831,.T.);
#5181=FACE_BOUND('',#4832,.T.);
#5182=FACE_BOUND('',#4833,.T.);
#5183=FACE_BOUND('',#4834,.T.);
#5184=FACE_BOUND('',#4835,.T.);
#5185=FACE_BOUND('',#4836,.T.);
#5186=FACE_BOUND('',#4837,.T.);
#5187=FACE_BOUND('',#4838,.T.);
#5188=FACE_BOUND('',#4839,.T.);
#5189=FACE_BOUND('',#4840,.T.);
#5190=FACE_BOUND('',#4841,.T.);
#5191=FACE_BOUND('',#4842,.T.);
#5192=FACE_BOUND('',#4843,.T.);
#5193=FACE_BOUND('',#4844,.T.);
#5194=FACE_BOUND('',#4845,.T.);
#5195=FACE_BOUND('',#4846,.T.);
#5196=FACE_BOUND('',#4847,.T.);
#5197=FACE_BOUND('',#4848,.T.);
#5198=FACE_BOUND('',#4849,.T.);
#5199=FACE_BOUND('',#4850,.T.);
#5200=FACE_BOUND('',#4851,.T.);
#5201=FACE_BOUND('',#4852,.T.);
#5202=FACE_BOUND('',#4853,.T.);
#5203=FACE_BOUND('',#4854,.T.);
#5204=FACE_BOUND('',#4855,.T.);
#5205=FACE_BOUND('',#4856,.T.);
#5206=FACE_BOUND('',#4857,.T.);
#5207=FACE_BOUND('',#4858,.T.);
#5208=FACE_BOUND('',#4859,.T.);
#5209=FACE_BOUND('',#4860,.T.);
#5210=FACE_BOUND('',#4861,.T.);
#5211=PLANE('',#5634);
#5212=PLANE('',#5705);
#5213=PLANE('',#5778);
#5214=PLANE('',#5779);
#5215=PLANE('',#5782);
#5216=PLANE('',#5783);
#5217=PLANE('',#5784);
#5218=PLANE('',#5785);
#5219=PLANE('',#5787);
#5220=PLANE('',#5788);
#5221=PLANE('',#5790);
#5222=PLANE('',#5791);
#5223=PLANE('',#5794);
#5224=PLANE('',#5795);
#5225=PLANE('',#5797);
#5226=PLANE('',#5800);
#5227=PLANE('',#5801);
#5228=PLANE('',#5803);
#5229=PLANE('',#5805);
#5230=PLANE('',#5806);
#5231=PLANE('',#5807);
#5232=PLANE('',#5808);
#5233=PLANE('',#5809);
#5234=PLANE('',#5810);
#5235=PLANE('',#5812);
#5236=PLANE('',#5814);
#5237=PLANE('',#5815);
#5238=PLANE('',#5816);
#5239=PLANE('',#5817);
#5240=PLANE('',#5818);
#5241=PLANE('',#5819);
#5242=PLANE('',#5820);
#5243=PLANE('',#5821);
#5244=PLANE('',#5822);
#5245=PLANE('',#5823);
#5246=PLANE('',#5824);
#5247=PLANE('',#5827);
#5248=PLANE('',#5828);
#5249=PLANE('',#5829);
#5250=PLANE('',#5832);
#5251=PLANE('',#5835);
#5252=PLANE('',#5841);
#5253=PLANE('',#5844);
#5254=PLANE('',#5847);
#5255=PLANE('',#5848);
#5256=PLANE('',#5849);
#5257=PLANE('',#5850);
#5258=PLANE('',#5851);
#5259=PLANE('',#5852);
#5260=PLANE('',#5853);
#5261=PLANE('',#5854);
#5262=PLANE('',#5855);
#5263=PLANE('',#5856);
#5264=PLANE('',#5857);
#5265=PLANE('',#5858);
#5266=PLANE('',#5859);
#5267=PLANE('',#5860);
#5268=PLANE('',#5861);
#5269=PLANE('',#5862);
#5270=PLANE('',#5863);
#5271=PLANE('',#5864);
#5272=PLANE('',#5865);
#5273=PLANE('',#5866);
#5274=PLANE('',#5867);
#5275=PLANE('',#5868);
#5276=PLANE('',#5869);
#5277=PLANE('',#5870);
#5278=PLANE('',#5871);
#5279=PLANE('',#5872);
#5280=PLANE('',#5873);
#5281=PLANE('',#5874);
#5282=PLANE('',#5875);
#5283=PLANE('',#5876);
#5284=PLANE('',#5877);
#5285=PLANE('',#5878);
#5286=PLANE('',#5879);
#5287=PLANE('',#5880);
#5288=PLANE('',#5881);
#5289=PLANE('',#5882);
#5290=PLANE('',#5883);
#5291=PLANE('',#5884);
#5292=PLANE('',#5885);
#5293=PLANE('',#5886);
#5294=PLANE('',#5887);
#5295=PLANE('',#5888);
#5296=PLANE('',#5889);
#5297=PLANE('',#5890);
#5298=PLANE('',#5891);
#5299=PLANE('',#5896);
#5300=PLANE('',#5897);
#5301=PLANE('',#5898);
#5302=PLANE('',#5903);
#5303=PLANE('',#5904);
#5304=PLANE('',#5905);
#5305=PLANE('',#5908);
#5306=PLANE('',#5909);
#5307=PLANE('',#5910);
#5308=PLANE('',#5911);
#5309=PLANE('',#5912);
#5310=PLANE('',#5913);
#5311=PLANE('',#5914);
#5312=PLANE('',#5915);
#5313=PLANE('',#5916);
#5314=PLANE('',#5917);
#5315=PLANE('',#5918);
#5316=PLANE('',#5919);
#5317=PLANE('',#5920);
#5318=PLANE('',#5921);
#5319=PLANE('',#5922);
#5320=PLANE('',#5925);
#5321=PLANE('',#5926);
#5322=PLANE('',#5927);
#5323=PLANE('',#5931);
#5324=PLANE('',#5932);
#5325=PLANE('',#5933);
#5326=PLANE('',#5934);
#5327=PLANE('',#5935);
#5328=PLANE('',#5936);
#5329=PLANE('',#5937);
#5330=PLANE('',#5938);
#5331=PLANE('',#5939);
#5332=PLANE('',#5940);
#5333=PLANE('',#5942);
#5334=PLANE('',#5945);
#5335=PLANE('',#5951);
#5336=PLANE('',#5954);
#5337=PLANE('',#5957);
#5338=PLANE('',#5958);
#5339=PLANE('',#5959);
#5340=PLANE('',#5960);
#5341=PLANE('',#5961);
#5342=PLANE('',#5965);
#5343=PLANE('',#5966);
#5344=PLANE('',#5973);
#5345=PLANE('',#5976);
#5346=ADVANCED_FACE('',(#4862,#4863,#4864,#4865,#4866,#4867,#4868,#4869,
#4870,#4871,#4872,#4873,#4874,#4875,#4876,#4877,#4878,#4879,#4880,#4881,
#4882,#4883,#4884,#4885,#4886,#4887,#4888,#4889,#4890,#4891,#4892,#4893,
#4894,#4895,#4896,#4897,#4898,#4899),#5211,.T.);
#5347=ADVANCED_FACE('',(#4900,#4901,#4902,#4903,#4904,#4905,#4906,#4907,
#4908,#4909,#4910,#4911,#4912,#4913,#4914,#4915,#4916,#4917,#4918,#4919,
#4920,#4921,#4922,#4923,#4924,#4925,#4926,#4927,#4928,#4929,#4930,#4931,
#4932,#4933,#4934,#4935,#4936,#4937),#5212,.F.);
#5348=ADVANCED_FACE('',(#4938),#82,.F.);
#5349=ADVANCED_FACE('',(#4939),#83,.F.);
#5350=ADVANCED_FACE('',(#4940),#12,.F.);
#5351=ADVANCED_FACE('',(#4941),#5213,.F.);
#5352=ADVANCED_FACE('',(#4942),#5214,.T.);
#5353=ADVANCED_FACE('',(#4943),#84,.T.);
#5354=ADVANCED_FACE('',(#4944),#85,.F.);
#5355=ADVANCED_FACE('',(#4945),#5215,.T.);
#5356=ADVANCED_FACE('',(#4946),#5216,.T.);
#5357=ADVANCED_FACE('',(#4947),#5217,.T.);
#5358=ADVANCED_FACE('',(#4948),#5218,.T.);
#5359=ADVANCED_FACE('',(#4949),#86,.F.);
#5360=ADVANCED_FACE('',(#4950),#5219,.T.);
#5361=ADVANCED_FACE('',(#4951),#5220,.T.);
#5362=ADVANCED_FACE('',(#4952),#87,.F.);
#5363=ADVANCED_FACE('',(#4953),#5221,.T.);
#5364=ADVANCED_FACE('',(#4954),#5222,.T.);
#5365=ADVANCED_FACE('',(#4955),#88,.T.);
#5366=ADVANCED_FACE('',(#4956),#89,.F.);
#5367=ADVANCED_FACE('',(#4957),#5223,.T.);
#5368=ADVANCED_FACE('',(#4958),#5224,.T.);
#5369=ADVANCED_FACE('',(#4959),#90,.T.);
#5370=ADVANCED_FACE('',(#4960),#5225,.F.);
#5371=ADVANCED_FACE('',(#4961),#91,.T.);
#5372=ADVANCED_FACE('',(#4962),#92,.F.);
#5373=ADVANCED_FACE('',(#4963),#5226,.T.);
#5374=ADVANCED_FACE('',(#4964),#5227,.T.);
#5375=ADVANCED_FACE('',(#4965),#93,.F.);
#5376=ADVANCED_FACE('',(#4966),#5228,.T.);
#5377=ADVANCED_FACE('',(#4967),#94,.T.);
#5378=ADVANCED_FACE('',(#4968),#5229,.F.);
#5379=ADVANCED_FACE('',(#4969),#5230,.T.);
#5380=ADVANCED_FACE('',(#4970),#5231,.T.);
#5381=ADVANCED_FACE('',(#4971),#5232,.T.);
#5382=ADVANCED_FACE('',(#4972),#5233,.T.);
#5383=ADVANCED_FACE('',(#4973),#5234,.F.);
#5384=ADVANCED_FACE('',(#4974),#95,.T.);
#5385=ADVANCED_FACE('',(#4975),#5235,.F.);
#5386=ADVANCED_FACE('',(#4976),#96,.T.);
#5387=ADVANCED_FACE('',(#4977),#5236,.T.);
#5388=ADVANCED_FACE('',(#4978),#5237,.T.);
#5389=ADVANCED_FACE('',(#4979),#5238,.T.);
#5390=ADVANCED_FACE('',(#4980),#5239,.T.);
#5391=ADVANCED_FACE('',(#4981),#5240,.T.);
#5392=ADVANCED_FACE('',(#4982),#5241,.T.);
#5393=ADVANCED_FACE('',(#4983),#5242,.T.);
#5394=ADVANCED_FACE('',(#4984),#5243,.F.);
#5395=ADVANCED_FACE('',(#4985),#5244,.F.);
#5396=ADVANCED_FACE('',(#4986),#5245,.F.);
#5397=ADVANCED_FACE('',(#4987),#13,.T.);
#5398=ADVANCED_FACE('',(#4988),#5246,.T.);
#5399=ADVANCED_FACE('',(#4989),#97,.F.);
#5400=ADVANCED_FACE('',(#4990),#98,.F.);
#5401=ADVANCED_FACE('',(#4991),#5247,.T.);
#5402=ADVANCED_FACE('',(#4992),#5248,.T.);
#5403=ADVANCED_FACE('',(#4993),#5249,.T.);
#5404=ADVANCED_FACE('',(#4994),#99,.T.);
#5405=ADVANCED_FACE('',(#4995),#100,.F.);
#5406=ADVANCED_FACE('',(#4996),#5250,.T.);
#5407=ADVANCED_FACE('',(#4997),#101,.T.);
#5408=ADVANCED_FACE('',(#4998),#14,.T.);
#5409=ADVANCED_FACE('',(#4999),#15,.T.);
#5410=ADVANCED_FACE('',(#5000),#16,.T.);
#5411=ADVANCED_FACE('',(#5001),#17,.T.);
#5412=ADVANCED_FACE('',(#5002),#18,.T.);
#5413=ADVANCED_FACE('',(#5003),#19,.T.);
#5414=ADVANCED_FACE('',(#5004),#102,.T.);
#5415=ADVANCED_FACE('',(#5005),#5251,.T.);
#5416=ADVANCED_FACE('',(#5006),#103,.F.);
#5417=ADVANCED_FACE('',(#5007),#104,.F.);
#5418=ADVANCED_FACE('',(#5008),#20,.T.);
#5419=ADVANCED_FACE('',(#5009),#21,.T.);
#5420=ADVANCED_FACE('',(#5010),#22,.T.);
#5421=ADVANCED_FACE('',(#5011),#23,.T.);
#5422=ADVANCED_FACE('',(#5012),#105,.F.);
#5423=ADVANCED_FACE('',(#5013),#24,.T.);
#5424=ADVANCED_FACE('',(#5014),#25,.T.);
#5425=ADVANCED_FACE('',(#5015),#26,.T.);
#5426=ADVANCED_FACE('',(#5016),#106,.F.);
#5427=ADVANCED_FACE('',(#5017),#107,.F.);
#5428=ADVANCED_FACE('',(#5018),#5252,.T.);
#5429=ADVANCED_FACE('',(#5019),#108,.T.);
#5430=ADVANCED_FACE('',(#5020),#27,.T.);
#5431=ADVANCED_FACE('',(#5021),#28,.T.);
#5432=ADVANCED_FACE('',(#5022),#29,.T.);
#5433=ADVANCED_FACE('',(#5023),#30,.T.);
#5434=ADVANCED_FACE('',(#5024),#31,.T.);
#5435=ADVANCED_FACE('',(#5025),#32,.T.);
#5436=ADVANCED_FACE('',(#5026),#109,.T.);
#5437=ADVANCED_FACE('',(#5027),#5253,.T.);
#5438=ADVANCED_FACE('',(#5028),#110,.F.);
#5439=ADVANCED_FACE('',(#5029),#111,.F.);
#5440=ADVANCED_FACE('',(#5030),#33,.T.);
#5441=ADVANCED_FACE('',(#5031),#5254,.T.);
#5442=ADVANCED_FACE('',(#5032),#5255,.T.);
#5443=ADVANCED_FACE('',(#5033),#5256,.T.);
#5444=ADVANCED_FACE('',(#5034),#5257,.T.);
#5445=ADVANCED_FACE('',(#5035),#5258,.T.);
#5446=ADVANCED_FACE('',(#5036),#5259,.T.);
#5447=ADVANCED_FACE('',(#5037),#5260,.T.);
#5448=ADVANCED_FACE('',(#5038),#5261,.T.);
#5449=ADVANCED_FACE('',(#5039),#5262,.T.);
#5450=ADVANCED_FACE('',(#5040),#5263,.T.);
#5451=ADVANCED_FACE('',(#5041),#5264,.T.);
#5452=ADVANCED_FACE('',(#5042),#5265,.T.);
#5453=ADVANCED_FACE('',(#5043),#5266,.T.);
#5454=ADVANCED_FACE('',(#5044),#5267,.T.);
#5455=ADVANCED_FACE('',(#5045),#5268,.T.);
#5456=ADVANCED_FACE('',(#5046),#5269,.T.);
#5457=ADVANCED_FACE('',(#5047),#5270,.T.);
#5458=ADVANCED_FACE('',(#5048),#5271,.T.);
#5459=ADVANCED_FACE('',(#5049),#5272,.T.);
#5460=ADVANCED_FACE('',(#5050),#5273,.T.);
#5461=ADVANCED_FACE('',(#5051),#5274,.T.);
#5462=ADVANCED_FACE('',(#5052),#5275,.T.);
#5463=ADVANCED_FACE('',(#5053),#5276,.T.);
#5464=ADVANCED_FACE('',(#5054),#5277,.T.);
#5465=ADVANCED_FACE('',(#5055),#5278,.T.);
#5466=ADVANCED_FACE('',(#5056),#5279,.T.);
#5467=ADVANCED_FACE('',(#5057),#5280,.T.);
#5468=ADVANCED_FACE('',(#5058),#5281,.T.);
#5469=ADVANCED_FACE('',(#5059),#5282,.T.);
#5470=ADVANCED_FACE('',(#5060),#5283,.T.);
#5471=ADVANCED_FACE('',(#5061),#5284,.T.);
#5472=ADVANCED_FACE('',(#5062),#5285,.T.);
#5473=ADVANCED_FACE('',(#5063),#5286,.T.);
#5474=ADVANCED_FACE('',(#5064),#5287,.T.);
#5475=ADVANCED_FACE('',(#5065),#5288,.T.);
#5476=ADVANCED_FACE('',(#5066),#5289,.T.);
#5477=ADVANCED_FACE('',(#5067),#5290,.T.);
#5478=ADVANCED_FACE('',(#5068),#5291,.T.);
#5479=ADVANCED_FACE('',(#5069),#5292,.T.);
#5480=ADVANCED_FACE('',(#5070),#5293,.T.);
#5481=ADVANCED_FACE('',(#5071),#5294,.T.);
#5482=ADVANCED_FACE('',(#5072),#5295,.T.);
#5483=ADVANCED_FACE('',(#5073),#5296,.T.);
#5484=ADVANCED_FACE('',(#5074),#5297,.T.);
#5485=ADVANCED_FACE('',(#5075),#5298,.T.);
#5486=ADVANCED_FACE('',(#5076),#112,.F.);
#5487=ADVANCED_FACE('',(#5077),#34,.T.);
#5488=ADVANCED_FACE('',(#5078),#35,.T.);
#5489=ADVANCED_FACE('',(#5079),#113,.F.);
#5490=ADVANCED_FACE('',(#5080),#114,.F.);
#5491=ADVANCED_FACE('',(#5081),#115,.F.);
#5492=ADVANCED_FACE('',(#5082),#5299,.T.);
#5493=ADVANCED_FACE('',(#5083),#5300,.T.);
#5494=ADVANCED_FACE('',(#5084),#5301,.T.);
#5495=ADVANCED_FACE('',(#5085),#36,.T.);
#5496=ADVANCED_FACE('',(#5086),#37,.T.);
#5497=ADVANCED_FACE('',(#5087),#116,.T.);
#5498=ADVANCED_FACE('',(#5088),#117,.T.);
#5499=ADVANCED_FACE('',(#5089),#38,.T.);
#5500=ADVANCED_FACE('',(#5090),#39,.T.);
#5501=ADVANCED_FACE('',(#5091),#118,.T.);
#5502=ADVANCED_FACE('',(#5092),#119,.T.);
#5503=ADVANCED_FACE('',(#5093),#5302,.T.);
#5504=ADVANCED_FACE('',(#5094),#5303,.T.);
#5505=ADVANCED_FACE('',(#5095),#5304,.T.);
#5506=ADVANCED_FACE('',(#5096),#120,.F.);
#5507=ADVANCED_FACE('',(#5097),#121,.T.);
#5508=ADVANCED_FACE('',(#5098),#5305,.T.);
#5509=ADVANCED_FACE('',(#5099),#5306,.T.);
#5510=ADVANCED_FACE('',(#5100),#5307,.T.);
#5511=ADVANCED_FACE('',(#5101),#5308,.T.);
#5512=ADVANCED_FACE('',(#5102),#5309,.T.);
#5513=ADVANCED_FACE('',(#5103),#5310,.T.);
#5514=ADVANCED_FACE('',(#5104),#5311,.T.);
#5515=ADVANCED_FACE('',(#5105),#5312,.T.);
#5516=ADVANCED_FACE('',(#5106),#5313,.T.);
#5517=ADVANCED_FACE('',(#5107),#5314,.T.);
#5518=ADVANCED_FACE('',(#5108),#5315,.T.);
#5519=ADVANCED_FACE('',(#5109),#5316,.T.);
#5520=ADVANCED_FACE('',(#5110),#40,.T.);
#5521=ADVANCED_FACE('',(#5111),#5317,.T.);
#5522=ADVANCED_FACE('',(#5112),#5318,.T.);
#5523=ADVANCED_FACE('',(#5113),#5319,.T.);
#5524=ADVANCED_FACE('',(#5114),#41,.T.);
#5525=ADVANCED_FACE('',(#5115),#42,.T.);
#5526=ADVANCED_FACE('',(#5116),#122,.T.);
#5527=ADVANCED_FACE('',(#5117),#123,.T.);
#5528=ADVANCED_FACE('',(#5118),#43,.T.);
#5529=ADVANCED_FACE('',(#5119),#44,.T.);
#5530=ADVANCED_FACE('',(#5120),#5320,.T.);
#5531=ADVANCED_FACE('',(#5121),#5321,.T.);
#5532=ADVANCED_FACE('',(#5122),#5322,.T.);
#5533=ADVANCED_FACE('',(#5123),#124,.F.);
#5534=ADVANCED_FACE('',(#5124),#45,.T.);
#5535=ADVANCED_FACE('',(#5125),#46,.T.);
#5536=ADVANCED_FACE('',(#5126),#47,.T.);
#5537=ADVANCED_FACE('',(#5127),#48,.T.);
#5538=ADVANCED_FACE('',(#5128),#49,.T.);
#5539=ADVANCED_FACE('',(#5129),#125,.F.);
#5540=ADVANCED_FACE('',(#5130),#126,.F.);
#5541=ADVANCED_FACE('',(#5131),#50,.T.);
#5542=ADVANCED_FACE('',(#5132),#5323,.T.);
#5543=ADVANCED_FACE('',(#5133),#5324,.T.);
#5544=ADVANCED_FACE('',(#5134),#5325,.T.);
#5545=ADVANCED_FACE('',(#5135),#5326,.T.);
#5546=ADVANCED_FACE('',(#5136),#5327,.T.);
#5547=ADVANCED_FACE('',(#5137),#5328,.T.);
#5548=ADVANCED_FACE('',(#5138),#5329,.T.);
#5549=ADVANCED_FACE('',(#5139),#5330,.T.);
#5550=ADVANCED_FACE('',(#5140),#5331,.T.);
#5551=ADVANCED_FACE('',(#5141),#5332,.T.);
#5552=ADVANCED_FACE('',(#5142),#127,.F.);
#5553=ADVANCED_FACE('',(#5143),#5333,.T.);
#5554=ADVANCED_FACE('',(#5144),#128,.T.);
#5555=ADVANCED_FACE('',(#5145),#51,.T.);
#5556=ADVANCED_FACE('',(#5146),#52,.T.);
#5557=ADVANCED_FACE('',(#5147),#53,.T.);
#5558=ADVANCED_FACE('',(#5148),#54,.T.);
#5559=ADVANCED_FACE('',(#5149),#55,.T.);
#5560=ADVANCED_FACE('',(#5150),#56,.T.);
#5561=ADVANCED_FACE('',(#5151),#129,.T.);
#5562=ADVANCED_FACE('',(#5152),#5334,.T.);
#5563=ADVANCED_FACE('',(#5153),#130,.F.);
#5564=ADVANCED_FACE('',(#5154),#131,.F.);
#5565=ADVANCED_FACE('',(#5155),#57,.T.);
#5566=ADVANCED_FACE('',(#5156),#58,.T.);
#5567=ADVANCED_FACE('',(#5157),#59,.T.);
#5568=ADVANCED_FACE('',(#5158),#60,.T.);
#5569=ADVANCED_FACE('',(#5159),#132,.F.);
#5570=ADVANCED_FACE('',(#5160),#61,.T.);
#5571=ADVANCED_FACE('',(#5161),#62,.T.);
#5572=ADVANCED_FACE('',(#5162),#63,.T.);
#5573=ADVANCED_FACE('',(#5163),#133,.F.);
#5574=ADVANCED_FACE('',(#5164),#134,.F.);
#5575=ADVANCED_FACE('',(#5165),#5335,.T.);
#5576=ADVANCED_FACE('',(#5166),#135,.T.);
#5577=ADVANCED_FACE('',(#5167),#64,.T.);
#5578=ADVANCED_FACE('',(#5168),#65,.T.);
#5579=ADVANCED_FACE('',(#5169),#66,.T.);
#5580=ADVANCED_FACE('',(#5170),#67,.T.);
#5581=ADVANCED_FACE('',(#5171),#68,.T.);
#5582=ADVANCED_FACE('',(#5172),#69,.T.);
#5583=ADVANCED_FACE('',(#5173),#136,.T.);
#5584=ADVANCED_FACE('',(#5174),#5336,.T.);
#5585=ADVANCED_FACE('',(#5175),#137,.F.);
#5586=ADVANCED_FACE('',(#5176),#138,.F.);
#5587=ADVANCED_FACE('',(#5177),#70,.T.);
#5588=ADVANCED_FACE('',(#5178),#5337,.T.);
#5589=ADVANCED_FACE('',(#5179),#5338,.T.);
#5590=ADVANCED_FACE('',(#5180),#5339,.T.);
#5591=ADVANCED_FACE('',(#5181),#5340,.T.);
#5592=ADVANCED_FACE('',(#5182),#5341,.T.);
#5593=ADVANCED_FACE('',(#5183),#71,.T.);
#5594=ADVANCED_FACE('',(#5184),#139,.T.);
#5595=ADVANCED_FACE('',(#5185),#140,.T.);
#5596=ADVANCED_FACE('',(#5186),#141,.T.);
#5597=ADVANCED_FACE('',(#5187),#5342,.T.);
#5598=ADVANCED_FACE('',(#5188),#5343,.T.);
#5599=ADVANCED_FACE('',(#5189),#142,.F.);
#5600=ADVANCED_FACE('',(#5190),#143,.F.);
#5601=ADVANCED_FACE('',(#5191),#144,.F.);
#5602=ADVANCED_FACE('',(#5192),#145,.F.);
#5603=ADVANCED_FACE('',(#5193),#72,.T.);
#5604=ADVANCED_FACE('',(#5194),#73,.T.);
#5605=ADVANCED_FACE('',(#5195),#74,.T.);
#5606=ADVANCED_FACE('',(#5196),#146,.F.);
#5607=ADVANCED_FACE('',(#5197),#147,.F.);
#5608=ADVANCED_FACE('',(#5198),#5344,.T.);
#5609=ADVANCED_FACE('',(#5199),#148,.T.);
#5610=ADVANCED_FACE('',(#5200),#75,.T.);
#5611=ADVANCED_FACE('',(#5201),#76,.T.);
#5612=ADVANCED_FACE('',(#5202),#77,.T.);
#5613=ADVANCED_FACE('',(#5203),#78,.T.);
#5614=ADVANCED_FACE('',(#5204),#79,.T.);
#5615=ADVANCED_FACE('',(#5205),#80,.T.);
#5616=ADVANCED_FACE('',(#5206),#149,.T.);
#5617=ADVANCED_FACE('',(#5207),#5345,.T.);
#5618=ADVANCED_FACE('',(#5208),#150,.F.);
#5619=ADVANCED_FACE('',(#5209),#151,.F.);
#5620=ADVANCED_FACE('',(#5210),#81,.T.);
#5621=CLOSED_SHELL('',(#5346,#5347,#5348,#5349,#5350,#5351,#5352,#5353,
#5354,#5355,#5356,#5357,#5358,#5359,#5360,#5361,#5362,#5363,#5364,#5365,
#5366,#5367,#5368,#5369,#5370,#5371,#5372,#5373,#5374,#5375,#5376,#5377,
#5378,#5379,#5380,#5381,#5382,#5383,#5384,#5385,#5386,#5387,#5388,#5389,
#5390,#5391,#5392,#5393,#5394,#5395,#5396,#5397,#5398,#5399,#5400,#5401,
#5402,#5403,#5404,#5405,#5406,#5407,#5408,#5409,#5410,#5411,#5412,#5413,
#5414,#5415,#5416,#5417,#5418,#5419,#5420,#5421,#5422,#5423,#5424,#5425,
#5426,#5427,#5428,#5429,#5430,#5431,#5432,#5433,#5434,#5435,#5436,#5437,
#5438,#5439,#5440,#5441,#5442,#5443,#5444,#5445,#5446,#5447,#5448,#5449,
#5450,#5451,#5452,#5453,#5454,#5455,#5456,#5457,#5458,#5459,#5460,#5461,
#5462,#5463,#5464,#5465,#5466,#5467,#5468,#5469,#5470,#5471,#5472,#5473,
#5474,#5475,#5476,#5477,#5478,#5479,#5480,#5481,#5482,#5483,#5484,#5485,
#5486,#5487,#5488,#5489,#5490,#5491,#5492,#5493,#5494,#5495,#5496,#5497,
#5498,#5499,#5500,#5501,#5502,#5503,#5504,#5505,#5506,#5507,#5508,#5509,
#5510,#5511,#5512,#5513,#5514,#5515,#5516,#5517,#5518,#5519,#5520,#5521,
#5522,#5523,#5524,#5525,#5526,#5527,#5528,#5529,#5530,#5531,#5532,#5533,
#5534,#5535,#5536,#5537,#5538,#5539,#5540,#5541,#5542,#5543,#5544,#5545,
#5546,#5547,#5548,#5549,#5550,#5551,#5552,#5553,#5554,#5555,#5556,#5557,
#5558,#5559,#5560,#5561,#5562,#5563,#5564,#5565,#5566,#5567,#5568,#5569,
#5570,#5571,#5572,#5573,#5574,#5575,#5576,#5577,#5578,#5579,#5580,#5581,
#5582,#5583,#5584,#5585,#5586,#5587,#5588,#5589,#5590,#5591,#5592,#5593,
#5594,#5595,#5596,#5597,#5598,#5599,#5600,#5601,#5602,#5603,#5604,#5605,
#5606,#5607,#5608,#5609,#5610,#5611,#5612,#5613,#5614,#5615,#5616,#5617,
#5618,#5619,#5620));
#5622=STYLED_ITEM('',(#5623),#5630);
#5623=PRESENTATION_STYLE_ASSIGNMENT((#5624));
#5624=SURFACE_STYLE_USAGE(.BOTH.,#5625);
#5625=SURFACE_SIDE_STYLE('',(#5626));
#5626=SURFACE_STYLE_FILL_AREA(#5627);
#5627=FILL_AREA_STYLE('',(#5628));
#5628=FILL_AREA_STYLE_COLOUR('',#5629);
#5629=COLOUR_RGB('',0.615686274509804,0.811764705882353,0.929411764705882);
#5630=MANIFOLD_SOLID_BREP('GOLDEN RATIO',#5621);
#5631=SHAPE_DEFINITION_REPRESENTATION(#9629,#5632);
#5632=SHAPE_REPRESENTATION('GOLDEN RATIO',(#5633),#9624);
#5633=AXIS2_PLACEMENT_3D('',#7210,#5979,#5980);
#5634=AXIS2_PLACEMENT_3D('',#7211,#5981,#5982);
#5635=AXIS2_PLACEMENT_3D('',#7223,#5988,#5989);
#5636=AXIS2_PLACEMENT_3D('',#7229,#5992,#5993);
#5637=AXIS2_PLACEMENT_3D('',#7232,#5995,#5996);
#5638=AXIS2_PLACEMENT_3D('',#7241,#6000,#6001);
#5639=AXIS2_PLACEMENT_3D('',#7247,#6004,#6005);
#5640=AXIS2_PLACEMENT_3D('',#7250,#6007,#6008);
#5641=AXIS2_PLACEMENT_3D('',#7259,#6012,#6013);
#5642=AXIS2_PLACEMENT_3D('',#7262,#6015,#6016);
#5643=AXIS2_PLACEMENT_3D('',#7273,#6021,#6022);
#5644=AXIS2_PLACEMENT_3D('',#7277,#6024,#6025);
#5645=AXIS2_PLACEMENT_3D('',#7285,#6029,#6030);
#5646=AXIS2_PLACEMENT_3D('',#7286,#6031,#6032);
#5647=AXIS2_PLACEMENT_3D('',#7295,#6036,#6037);
#5648=AXIS2_PLACEMENT_3D('',#7298,#6039,#6040);
#5649=AXIS2_PLACEMENT_3D('',#7309,#6043,#6044);
#5650=AXIS2_PLACEMENT_3D('',#7320,#6047,#6048);
#5651=AXIS2_PLACEMENT_3D('',#7328,#6052,#6053);
#5652=AXIS2_PLACEMENT_3D('',#7330,#6054,#6055);
#5653=AXIS2_PLACEMENT_3D('',#7334,#6057,#6058);
#5654=AXIS2_PLACEMENT_3D('',#7336,#6059,#6060);
#5655=AXIS2_PLACEMENT_3D('',#7354,#6061,#6062);
#5656=AXIS2_PLACEMENT_3D('',#7356,#6063,#6064);
#5657=AXIS2_PLACEMENT_3D('',#7360,#6066,#6067);
#5658=AXIS2_PLACEMENT_3D('',#7386,#6068,#6069);
#5659=AXIS2_PLACEMENT_3D('',#7400,#6070,#6071);
#5660=AXIS2_PLACEMENT_3D('',#7402,#6072,#6073);
#5661=AXIS2_PLACEMENT_3D('',#7406,#6075,#6076);
#5662=AXIS2_PLACEMENT_3D('',#7432,#6077,#6078);
#5663=AXIS2_PLACEMENT_3D('',#7436,#6080,#6081);
#5664=AXIS2_PLACEMENT_3D('',#7438,#6082,#6083);
#5665=AXIS2_PLACEMENT_3D('',#7536,#6130,#6131);
#5666=AXIS2_PLACEMENT_3D('',#7538,#6132,#6133);
#5667=AXIS2_PLACEMENT_3D('',#7546,#6137,#6138);
#5668=AXIS2_PLACEMENT_3D('',#7548,#6139,#6140);
#5669=AXIS2_PLACEMENT_3D('',#7558,#6141,#6142);
#5670=AXIS2_PLACEMENT_3D('',#7560,#6143,#6144);
#5671=AXIS2_PLACEMENT_3D('',#7576,#6148,#6149);
#5672=AXIS2_PLACEMENT_3D('',#7578,#6150,#6151);
#5673=AXIS2_PLACEMENT_3D('',#7580,#6152,#6153);
#5674=AXIS2_PLACEMENT_3D('',#7590,#6154,#6155);
#5675=AXIS2_PLACEMENT_3D('',#7624,#6168,#6169);
#5676=AXIS2_PLACEMENT_3D('',#7626,#6170,#6171);
#5677=AXIS2_PLACEMENT_3D('',#7648,#6172,#6173);
#5678=AXIS2_PLACEMENT_3D('',#7664,#6177,#6178);
#5679=AXIS2_PLACEMENT_3D('',#7666,#6179,#6180);
#5680=AXIS2_PLACEMENT_3D('',#7702,#6194,#6195);
#5681=AXIS2_PLACEMENT_3D('',#7704,#6196,#6197);
#5682=AXIS2_PLACEMENT_3D('',#7722,#6198,#6199);
#5683=AXIS2_PLACEMENT_3D('',#7724,#6200,#6201);
#5684=AXIS2_PLACEMENT_3D('',#7728,#6203,#6204);
#5685=AXIS2_PLACEMENT_3D('',#7754,#6205,#6206);
#5686=AXIS2_PLACEMENT_3D('',#7768,#6207,#6208);
#5687=AXIS2_PLACEMENT_3D('',#7770,#6209,#6210);
#5688=AXIS2_PLACEMENT_3D('',#7774,#6212,#6213);
#5689=AXIS2_PLACEMENT_3D('',#7800,#6214,#6215);
#5690=AXIS2_PLACEMENT_3D('',#7804,#6217,#6218);
#5691=AXIS2_PLACEMENT_3D('',#7806,#6219,#6220);
#5692=AXIS2_PLACEMENT_3D('',#7816,#6223,#6224);
#5693=AXIS2_PLACEMENT_3D('',#7818,#6225,#6226);
#5694=AXIS2_PLACEMENT_3D('',#7820,#6227,#6228);
#5695=AXIS2_PLACEMENT_3D('',#7822,#6229,#6230);
#5696=AXIS2_PLACEMENT_3D('',#7828,#6233,#6234);
#5697=AXIS2_PLACEMENT_3D('',#7830,#6235,#6236);
#5698=AXIS2_PLACEMENT_3D('',#7832,#6237,#6238);
#5699=AXIS2_PLACEMENT_3D('',#7856,#6242,#6243);
#5700=AXIS2_PLACEMENT_3D('',#7858,#6244,#6245);
#5701=AXIS2_PLACEMENT_3D('',#7862,#6247,#6248);
#5702=AXIS2_PLACEMENT_3D('',#7888,#6249,#6250);
#5703=AXIS2_PLACEMENT_3D('',#7892,#6252,#6253);
#5704=AXIS2_PLACEMENT_3D('',#7894,#6254,#6255);
#5705=AXIS2_PLACEMENT_3D('',#7899,#6256,#6257);
#5706=AXIS2_PLACEMENT_3D('',#7915,#6263,#6264);
#5707=AXIS2_PLACEMENT_3D('',#7917,#6265,#6266);
#5708=AXIS2_PLACEMENT_3D('',#7919,#6267,#6268);
#5709=AXIS2_PLACEMENT_3D('',#7925,#6271,#6272);
#5710=AXIS2_PLACEMENT_3D('',#7927,#6273,#6274);
#5711=AXIS2_PLACEMENT_3D('',#7929,#6275,#6276);
#5712=AXIS2_PLACEMENT_3D('',#7931,#6277,#6278);
#5713=AXIS2_PLACEMENT_3D('',#7932,#6279,#6280);
#5714=AXIS2_PLACEMENT_3D('',#7937,#6282,#6283);
#5715=AXIS2_PLACEMENT_3D('',#7963,#6284,#6285);
#5716=AXIS2_PLACEMENT_3D('',#7967,#6287,#6288);
#5717=AXIS2_PLACEMENT_3D('',#7969,#6289,#6290);
#5718=AXIS2_PLACEMENT_3D('',#7987,#6291,#6292);
#5719=AXIS2_PLACEMENT_3D('',#8009,#6303,#6304);
#5720=AXIS2_PLACEMENT_3D('',#8019,#6305,#6306);
#5721=AXIS2_PLACEMENT_3D('',#8021,#6307,#6308);
#5722=AXIS2_PLACEMENT_3D('',#8023,#6309,#6310);
#5723=AXIS2_PLACEMENT_3D('',#8039,#6314,#6315);
#5724=AXIS2_PLACEMENT_3D('',#8041,#6316,#6317);
#5725=AXIS2_PLACEMENT_3D('',#8051,#6318,#6319);
#5726=AXIS2_PLACEMENT_3D('',#8053,#6320,#6321);
#5727=AXIS2_PLACEMENT_3D('',#8061,#6325,#6326);
#5728=AXIS2_PLACEMENT_3D('',#8063,#6327,#6328);
#5729=AXIS2_PLACEMENT_3D('',#8125,#6353,#6354);
#5730=AXIS2_PLACEMENT_3D('',#8127,#6355,#6356);
#5731=AXIS2_PLACEMENT_3D('',#8131,#6358,#6359);
#5732=AXIS2_PLACEMENT_3D('',#8157,#6360,#6361);
#5733=AXIS2_PLACEMENT_3D('',#8161,#6363,#6364);
#5734=AXIS2_PLACEMENT_3D('',#8163,#6365,#6366);
#5735=AXIS2_PLACEMENT_3D('',#8175,#6368,#6369);
#5736=AXIS2_PLACEMENT_3D('',#8177,#6370,#6371);
#5737=AXIS2_PLACEMENT_3D('',#8185,#6375,#6376);
#5738=AXIS2_PLACEMENT_3D('',#8199,#6383,#6384);
#5739=AXIS2_PLACEMENT_3D('',#8205,#6387,#6388);
#5740=AXIS2_PLACEMENT_3D('',#8206,#6389,#6390);
#5741=AXIS2_PLACEMENT_3D('',#8217,#6395,#6396);
#5742=AXIS2_PLACEMENT_3D('',#8223,#6399,#6400);
#5743=AXIS2_PLACEMENT_3D('',#8224,#6401,#6402);
#5744=AXIS2_PLACEMENT_3D('',#8235,#6407,#6408);
#5745=AXIS2_PLACEMENT_3D('',#8236,#6409,#6410);
#5746=AXIS2_PLACEMENT_3D('',#8245,#6414,#6415);
#5747=AXIS2_PLACEMENT_3D('',#8253,#6419,#6420);
#5748=AXIS2_PLACEMENT_3D('',#8257,#6422,#6423);
#5749=AXIS2_PLACEMENT_3D('',#8260,#6425,#6426);
#5750=AXIS2_PLACEMENT_3D('',#8271,#6431,#6432);
#5751=AXIS2_PLACEMENT_3D('',#8272,#6433,#6434);
#5752=AXIS2_PLACEMENT_3D('',#8283,#6437,#6438);
#5753=AXIS2_PLACEMENT_3D('',#8287,#6440,#6441);
#5754=AXIS2_PLACEMENT_3D('',#8292,#6443,#6444);
#5755=AXIS2_PLACEMENT_3D('',#8318,#6445,#6446);
#5756=AXIS2_PLACEMENT_3D('',#8322,#6448,#6449);
#5757=AXIS2_PLACEMENT_3D('',#8324,#6450,#6451);
#5758=AXIS2_PLACEMENT_3D('',#8342,#6452,#6453);
#5759=AXIS2_PLACEMENT_3D('',#8416,#6484,#6485);
#5760=AXIS2_PLACEMENT_3D('',#8418,#6486,#6487);
#5761=AXIS2_PLACEMENT_3D('',#8434,#6491,#6492);
#5762=AXIS2_PLACEMENT_3D('',#8456,#6493,#6494);
#5763=AXIS2_PLACEMENT_3D('',#8458,#6495,#6496);
#5764=AXIS2_PLACEMENT_3D('',#8488,#6503,#6504);
#5765=AXIS2_PLACEMENT_3D('',#8490,#6505,#6506);
#5766=AXIS2_PLACEMENT_3D('',#8494,#6508,#6509);
#5767=AXIS2_PLACEMENT_3D('',#8520,#6510,#6511);
#5768=AXIS2_PLACEMENT_3D('',#8524,#6513,#6514);
#5769=AXIS2_PLACEMENT_3D('',#8526,#6515,#6516);
#5770=AXIS2_PLACEMENT_3D('',#8544,#6517,#6518);
#5771=AXIS2_PLACEMENT_3D('',#8546,#6519,#6520);
#5772=AXIS2_PLACEMENT_3D('',#8550,#6522,#6523);
#5773=AXIS2_PLACEMENT_3D('',#8576,#6524,#6525);
#5774=AXIS2_PLACEMENT_3D('',#8580,#6527,#6528);
#5775=AXIS2_PLACEMENT_3D('',#8582,#6529,#6530);
#5776=AXIS2_PLACEMENT_3D('',#8587,#6531,#6532);
#5777=AXIS2_PLACEMENT_3D('',#8590,#6535,#6536);
#5778=AXIS2_PLACEMENT_3D('',#8602,#6540,#6541);
#5779=AXIS2_PLACEMENT_3D('',#8604,#6543,#6544);
#5780=AXIS2_PLACEMENT_3D('',#8607,#6547,#6548);
#5781=AXIS2_PLACEMENT_3D('',#8609,#6550,#6551);
#5782=AXIS2_PLACEMENT_3D('',#8612,#6554,#6555);
#5783=AXIS2_PLACEMENT_3D('',#8614,#6557,#6558);
#5784=AXIS2_PLACEMENT_3D('',#8617,#6561,#6562);
#5785=AXIS2_PLACEMENT_3D('',#8619,#6564,#6565);
#5786=AXIS2_PLACEMENT_3D('',#8622,#6568,#6569);
#5787=AXIS2_PLACEMENT_3D('',#8624,#6571,#6572);
#5788=AXIS2_PLACEMENT_3D('',#8627,#6575,#6576);
#5789=AXIS2_PLACEMENT_3D('',#8629,#6578,#6579);
#5790=AXIS2_PLACEMENT_3D('',#8632,#6582,#6583);
#5791=AXIS2_PLACEMENT_3D('',#8634,#6585,#6586);
#5792=AXIS2_PLACEMENT_3D('',#8637,#6589,#6590);
#5793=AXIS2_PLACEMENT_3D('',#8639,#6592,#6593);
#5794=AXIS2_PLACEMENT_3D('',#8642,#6596,#6597);
#5795=AXIS2_PLACEMENT_3D('',#8644,#6599,#6600);
#5796=AXIS2_PLACEMENT_3D('',#8647,#6603,#6604);
#5797=AXIS2_PLACEMENT_3D('',#8649,#6606,#6607);
#5798=AXIS2_PLACEMENT_3D('',#8652,#6610,#6611);
#5799=AXIS2_PLACEMENT_3D('',#8654,#6613,#6614);
#5800=AXIS2_PLACEMENT_3D('',#8657,#6617,#6618);
#5801=AXIS2_PLACEMENT_3D('',#8659,#6620,#6621);
#5802=AXIS2_PLACEMENT_3D('',#8662,#6624,#6625);
#5803=AXIS2_PLACEMENT_3D('',#8664,#6627,#6628);
#5804=AXIS2_PLACEMENT_3D('',#8667,#6631,#6632);
#5805=AXIS2_PLACEMENT_3D('',#8669,#6634,#6635);
#5806=AXIS2_PLACEMENT_3D('',#8672,#6638,#6639);
#5807=AXIS2_PLACEMENT_3D('',#8674,#6641,#6642);
#5808=AXIS2_PLACEMENT_3D('',#8676,#6644,#6645);
#5809=AXIS2_PLACEMENT_3D('',#8677,#6646,#6647);
#5810=AXIS2_PLACEMENT_3D('',#8678,#6648,#6649);
#5811=AXIS2_PLACEMENT_3D('',#8679,#6650,#6651);
#5812=AXIS2_PLACEMENT_3D('',#8680,#6652,#6653);
#5813=AXIS2_PLACEMENT_3D('',#8681,#6654,#6655);
#5814=AXIS2_PLACEMENT_3D('',#8682,#6656,#6657);
#5815=AXIS2_PLACEMENT_3D('',#8683,#6658,#6659);
#5816=AXIS2_PLACEMENT_3D('',#8684,#6660,#6661);
#5817=AXIS2_PLACEMENT_3D('',#8685,#6662,#6663);
#5818=AXIS2_PLACEMENT_3D('',#8686,#6664,#6665);
#5819=AXIS2_PLACEMENT_3D('',#8687,#6666,#6667);
#5820=AXIS2_PLACEMENT_3D('',#8688,#6668,#6669);
#5821=AXIS2_PLACEMENT_3D('',#8689,#6670,#6671);
#5822=AXIS2_PLACEMENT_3D('',#8690,#6672,#6673);
#5823=AXIS2_PLACEMENT_3D('',#8691,#6674,#6675);
#5824=AXIS2_PLACEMENT_3D('',#8702,#6678,#6679);
#5825=AXIS2_PLACEMENT_3D('',#8704,#6681,#6682);
#5826=AXIS2_PLACEMENT_3D('',#8706,#6684,#6685);
#5827=AXIS2_PLACEMENT_3D('',#8708,#6687,#6688);
#5828=AXIS2_PLACEMENT_3D('',#8710,#6690,#6691);
#5829=AXIS2_PLACEMENT_3D('',#8712,#6693,#6694);
#5830=AXIS2_PLACEMENT_3D('',#8714,#6696,#6697);
#5831=AXIS2_PLACEMENT_3D('',#8715,#6698,#6699);
#5832=AXIS2_PLACEMENT_3D('',#8718,#6702,#6703);
#5833=AXIS2_PLACEMENT_3D('',#8720,#6705,#6706);
#5834=AXIS2_PLACEMENT_3D('',#8776,#6714,#6715);
#5835=AXIS2_PLACEMENT_3D('',#8778,#6717,#6718);
#5836=AXIS2_PLACEMENT_3D('',#8780,#6720,#6721);
#5837=AXIS2_PLACEMENT_3D('',#8782,#6723,#6724);
#5838=AXIS2_PLACEMENT_3D('',#8820,#6730,#6731);
#5839=AXIS2_PLACEMENT_3D('',#8849,#6736,#6737);
#5840=AXIS2_PLACEMENT_3D('',#8851,#6739,#6740);
#5841=AXIS2_PLACEMENT_3D('',#8853,#6742,#6743);
#5842=AXIS2_PLACEMENT_3D('',#8855,#6745,#6746);
#5843=AXIS2_PLACEMENT_3D('',#8911,#6754,#6755);
#5844=AXIS2_PLACEMENT_3D('',#8913,#6757,#6758);
#5845=AXIS2_PLACEMENT_3D('',#8915,#6760,#6761);
#5846=AXIS2_PLACEMENT_3D('',#8917,#6763,#6764);
#5847=AXIS2_PLACEMENT_3D('',#8927,#6766,#6767);
#5848=AXIS2_PLACEMENT_3D('',#8930,#6770,#6771);
#5849=AXIS2_PLACEMENT_3D('',#8932,#6773,#6774);
#5850=AXIS2_PLACEMENT_3D('',#8934,#6776,#6777);
#5851=AXIS2_PLACEMENT_3D('',#8935,#6778,#6779);
#5852=AXIS2_PLACEMENT_3D('',#8938,#6782,#6783);
#5853=AXIS2_PLACEMENT_3D('',#8940,#6785,#6786);
#5854=AXIS2_PLACEMENT_3D('',#8942,#6788,#6789);
#5855=AXIS2_PLACEMENT_3D('',#8944,#6791,#6792);
#5856=AXIS2_PLACEMENT_3D('',#8946,#6794,#6795);
#5857=AXIS2_PLACEMENT_3D('',#8948,#6797,#6798);
#5858=AXIS2_PLACEMENT_3D('',#8950,#6800,#6801);
#5859=AXIS2_PLACEMENT_3D('',#8951,#6802,#6803);
#5860=AXIS2_PLACEMENT_3D('',#8954,#6806,#6807);
#5861=AXIS2_PLACEMENT_3D('',#8956,#6809,#6810);
#5862=AXIS2_PLACEMENT_3D('',#8958,#6812,#6813);
#5863=AXIS2_PLACEMENT_3D('',#8959,#6814,#6815);
#5864=AXIS2_PLACEMENT_3D('',#8962,#6818,#6819);
#5865=AXIS2_PLACEMENT_3D('',#8964,#6821,#6822);
#5866=AXIS2_PLACEMENT_3D('',#8966,#6824,#6825);
#5867=AXIS2_PLACEMENT_3D('',#8968,#6827,#6828);
#5868=AXIS2_PLACEMENT_3D('',#8970,#6830,#6831);
#5869=AXIS2_PLACEMENT_3D('',#8972,#6833,#6834);
#5870=AXIS2_PLACEMENT_3D('',#8973,#6835,#6836);
#5871=AXIS2_PLACEMENT_3D('',#8976,#6839,#6840);
#5872=AXIS2_PLACEMENT_3D('',#8978,#6842,#6843);
#5873=AXIS2_PLACEMENT_3D('',#8980,#6845,#6846);
#5874=AXIS2_PLACEMENT_3D('',#8981,#6847,#6848);
#5875=AXIS2_PLACEMENT_3D('',#8984,#6851,#6852);
#5876=AXIS2_PLACEMENT_3D('',#8986,#6854,#6855);
#5877=AXIS2_PLACEMENT_3D('',#8988,#6857,#6858);
#5878=AXIS2_PLACEMENT_3D('',#8989,#6859,#6860);
#5879=AXIS2_PLACEMENT_3D('',#8992,#6863,#6864);
#5880=AXIS2_PLACEMENT_3D('',#8994,#6866,#6867);
#5881=AXIS2_PLACEMENT_3D('',#8996,#6869,#6870);
#5882=AXIS2_PLACEMENT_3D('',#8997,#6871,#6872);
#5883=AXIS2_PLACEMENT_3D('',#9000,#6875,#6876);
#5884=AXIS2_PLACEMENT_3D('',#9002,#6878,#6879);
#5885=AXIS2_PLACEMENT_3D('',#9004,#6881,#6882);
#5886=AXIS2_PLACEMENT_3D('',#9005,#6883,#6884);
#5887=AXIS2_PLACEMENT_3D('',#9008,#6887,#6888);
#5888=AXIS2_PLACEMENT_3D('',#9010,#6890,#6891);
#5889=AXIS2_PLACEMENT_3D('',#9012,#6893,#6894);
#5890=AXIS2_PLACEMENT_3D('',#9013,#6895,#6896);
#5891=AXIS2_PLACEMENT_3D('',#9016,#6899,#6900);
#5892=AXIS2_PLACEMENT_3D('',#9018,#6902,#6903);
#5893=AXIS2_PLACEMENT_3D('',#9038,#6907,#6908);
#5894=AXIS2_PLACEMENT_3D('',#9040,#6910,#6911);
#5895=AXIS2_PLACEMENT_3D('',#9042,#6913,#6914);
#5896=AXIS2_PLACEMENT_3D('',#9044,#6916,#6917);
#5897=AXIS2_PLACEMENT_3D('',#9046,#6919,#6920);
#5898=AXIS2_PLACEMENT_3D('',#9048,#6922,#6923);
#5899=AXIS2_PLACEMENT_3D('',#9068,#6927,#6928);
#5900=AXIS2_PLACEMENT_3D('',#9070,#6930,#6931);
#5901=AXIS2_PLACEMENT_3D('',#9090,#6935,#6936);
#5902=AXIS2_PLACEMENT_3D('',#9092,#6938,#6939);
#5903=AXIS2_PLACEMENT_3D('',#9094,#6941,#6942);
#5904=AXIS2_PLACEMENT_3D('',#9096,#6944,#6945);
#5905=AXIS2_PLACEMENT_3D('',#9098,#6947,#6948);
#5906=AXIS2_PLACEMENT_3D('',#9100,#6950,#6951);
#5907=AXIS2_PLACEMENT_3D('',#9102,#6953,#6954);
#5908=AXIS2_PLACEMENT_3D('',#9104,#6956,#6957);
#5909=AXIS2_PLACEMENT_3D('',#9105,#6958,#6959);
#5910=AXIS2_PLACEMENT_3D('',#9108,#6962,#6963);
#5911=AXIS2_PLACEMENT_3D('',#9110,#6965,#6966);
#5912=AXIS2_PLACEMENT_3D('',#9112,#6968,#6969);
#5913=AXIS2_PLACEMENT_3D('',#9114,#6971,#6972);
#5914=AXIS2_PLACEMENT_3D('',#9116,#6974,#6975);
#5915=AXIS2_PLACEMENT_3D('',#9118,#6977,#6978);
#5916=AXIS2_PLACEMENT_3D('',#9119,#6979,#6980);
#5917=AXIS2_PLACEMENT_3D('',#9122,#6983,#6984);
#5918=AXIS2_PLACEMENT_3D('',#9124,#6986,#6987);
#5919=AXIS2_PLACEMENT_3D('',#9126,#6989,#6990);
#5920=AXIS2_PLACEMENT_3D('',#9137,#6993,#6994);
#5921=AXIS2_PLACEMENT_3D('',#9139,#6996,#6997);
#5922=AXIS2_PLACEMENT_3D('',#9141,#6999,#7000);
#5923=AXIS2_PLACEMENT_3D('',#9161,#7004,#7005);
#5924=AXIS2_PLACEMENT_3D('',#9163,#7007,#7008);
#5925=AXIS2_PLACEMENT_3D('',#9183,#7012,#7013);
#5926=AXIS2_PLACEMENT_3D('',#9185,#7015,#7016);
#5927=AXIS2_PLACEMENT_3D('',#9187,#7018,#7019);
#5928=AXIS2_PLACEMENT_3D('',#9189,#7021,#7022);
#5929=AXIS2_PLACEMENT_3D('',#9236,#7029,#7030);
#5930=AXIS2_PLACEMENT_3D('',#9238,#7032,#7033);
#5931=AXIS2_PLACEMENT_3D('',#9248,#7035,#7036);
#5932=AXIS2_PLACEMENT_3D('',#9251,#7039,#7040);
#5933=AXIS2_PLACEMENT_3D('',#9253,#7042,#7043);
#5934=AXIS2_PLACEMENT_3D('',#9255,#7045,#7046);
#5935=AXIS2_PLACEMENT_3D('',#9256,#7047,#7048);
#5936=AXIS2_PLACEMENT_3D('',#9259,#7051,#7052);
#5937=AXIS2_PLACEMENT_3D('',#9261,#7054,#7055);
#5938=AXIS2_PLACEMENT_3D('',#9263,#7057,#7058);
#5939=AXIS2_PLACEMENT_3D('',#9265,#7060,#7061);
#5940=AXIS2_PLACEMENT_3D('',#9267,#7063,#7064);
#5941=AXIS2_PLACEMENT_3D('',#9268,#7065,#7066);
#5942=AXIS2_PLACEMENT_3D('',#9271,#7069,#7070);
#5943=AXIS2_PLACEMENT_3D('',#9273,#7072,#7073);
#5944=AXIS2_PLACEMENT_3D('',#9329,#7081,#7082);
#5945=AXIS2_PLACEMENT_3D('',#9331,#7084,#7085);
#5946=AXIS2_PLACEMENT_3D('',#9333,#7087,#7088);
#5947=AXIS2_PLACEMENT_3D('',#9335,#7090,#7091);
#5948=AXIS2_PLACEMENT_3D('',#9373,#7097,#7098);
#5949=AXIS2_PLACEMENT_3D('',#9402,#7103,#7104);
#5950=AXIS2_PLACEMENT_3D('',#9404,#7106,#7107);
#5951=AXIS2_PLACEMENT_3D('',#9406,#7109,#7110);
#5952=AXIS2_PLACEMENT_3D('',#9408,#7112,#7113);
#5953=AXIS2_PLACEMENT_3D('',#9464,#7121,#7122);
#5954=AXIS2_PLACEMENT_3D('',#9466,#7124,#7125);
#5955=AXIS2_PLACEMENT_3D('',#9468,#7127,#7128);
#5956=AXIS2_PLACEMENT_3D('',#9470,#7130,#7131);
#5957=AXIS2_PLACEMENT_3D('',#9480,#7133,#7134);
#5958=AXIS2_PLACEMENT_3D('',#9483,#7137,#7138);
#5959=AXIS2_PLACEMENT_3D('',#9485,#7140,#7141);
#5960=AXIS2_PLACEMENT_3D('',#9487,#7143,#7144);
#5961=AXIS2_PLACEMENT_3D('',#9489,#7146,#7147);
#5962=AXIS2_PLACEMENT_3D('',#9500,#7150,#7151);
#5963=AXIS2_PLACEMENT_3D('',#9502,#7153,#7154);
#5964=AXIS2_PLACEMENT_3D('',#9504,#7156,#7157);
#5965=AXIS2_PLACEMENT_3D('',#9506,#7159,#7160);
#5966=AXIS2_PLACEMENT_3D('',#9508,#7162,#7163);
#5967=AXIS2_PLACEMENT_3D('',#9510,#7165,#7166);
#5968=AXIS2_PLACEMENT_3D('',#9512,#7168,#7169);
#5969=AXIS2_PLACEMENT_3D('',#9514,#7171,#7172);
#5970=AXIS2_PLACEMENT_3D('',#9516,#7174,#7175);
#5971=AXIS2_PLACEMENT_3D('',#9545,#7180,#7181);
#5972=AXIS2_PLACEMENT_3D('',#9547,#7183,#7184);
#5973=AXIS2_PLACEMENT_3D('',#9549,#7186,#7187);
#5974=AXIS2_PLACEMENT_3D('',#9551,#7189,#7190);
#5975=AXIS2_PLACEMENT_3D('',#9607,#7198,#7199);
#5976=AXIS2_PLACEMENT_3D('',#9609,#7201,#7202);
#5977=AXIS2_PLACEMENT_3D('',#9611,#7204,#7205);
#5978=AXIS2_PLACEMENT_3D('',#9613,#7207,#7208);
#5979=DIRECTION('',(0.,0.,1.));
#5980=DIRECTION('',(1.,0.,0.));
#5981=DIRECTION('',(0.,0.,1.));
#5982=DIRECTION('',(1.,0.,0.));
#5983=DIRECTION('',(1.,0.,0.));
#5984=DIRECTION('',(0.,-1.,0.));
#5985=DIRECTION('',(1.,0.,0.));
#5986=DIRECTION('',(0.,-1.,0.));
#5987=DIRECTION('',(1.,0.,0.));
#5988=DIRECTION('',(0.,0.,1.));
#5989=DIRECTION('',(1.,0.,0.));
#5990=DIRECTION('',(0.,-1.,0.));
#5991=DIRECTION('',(-1.,0.,0.));
#5992=DIRECTION('',(0.,0.,1.));
#5993=DIRECTION('',(1.,0.,0.));
#5994=DIRECTION('',(0.,-1.,0.));
#5995=DIRECTION('',(0.,0.,1.));
#5996=DIRECTION('',(1.,0.,0.));
#5997=DIRECTION('',(1.,0.,0.));
#5998=DIRECTION('',(3.15257027535145E-16,-1.,0.));
#5999=DIRECTION('',(0.,-1.,0.));
#6000=DIRECTION('',(0.,0.,1.));
#6001=DIRECTION('',(1.,0.,0.));
#6002=DIRECTION('',(-1.,-1.46698803988029E-16,0.));
#6003=DIRECTION('',(-1.,-8.65393777573314E-17,0.));
#6004=DIRECTION('',(0.,0.,1.));
#6005=DIRECTION('',(1.,0.,0.));
#6006=DIRECTION('',(0.,-1.,0.));
#6007=DIRECTION('',(0.,0.,1.));
#6008=DIRECTION('',(1.,0.,0.));
#6009=DIRECTION('',(-1.51846818396666E-16,1.,0.));
#6010=DIRECTION('',(1.,0.,0.));
#6011=DIRECTION('',(2.24427331106802E-16,-1.,0.));
#6012=DIRECTION('',(0.,0.,1.));
#6013=DIRECTION('',(1.,0.,0.));
#6014=DIRECTION('',(1.,0.,0.));
#6015=DIRECTION('',(0.,0.,1.));
#6016=DIRECTION('',(1.,0.,0.));
#6017=DIRECTION('',(-1.,0.,0.));
#6018=DIRECTION('',(0.,1.,0.));
#6019=DIRECTION('',(4.16108510603243E-16,-1.,0.));
#6020=DIRECTION('',(-1.,0.,0.));
#6021=DIRECTION('',(0.,0.,1.));
#6022=DIRECTION('',(1.,0.,0.));
#6023=DIRECTION('',(1.,3.10377661698129E-16,0.));
#6024=DIRECTION('',(0.,0.,1.));
#6025=DIRECTION('',(1.,0.,0.));
#6026=DIRECTION('',(9.50533411494138E-16,-1.,0.));
#6027=DIRECTION('',(-1.,0.,0.));
#6028=DIRECTION('',(0.,1.,0.));
#6029=DIRECTION('',(0.,0.,1.));
#6030=DIRECTION('',(1.,0.,0.));
#6031=DIRECTION('',(0.,0.,1.));
#6032=DIRECTION('',(1.,0.,0.));
#6033=DIRECTION('',(1.,0.,0.));
#6034=DIRECTION('',(0.,1.,0.));
#6035=DIRECTION('',(1.,0.,0.));
#6036=DIRECTION('',(0.,0.,1.));
#6037=DIRECTION('',(1.,0.,0.));
#6038=DIRECTION('',(0.,1.,0.));
#6039=DIRECTION('',(0.,0.,1.));
#6040=DIRECTION('',(1.,0.,0.));
#6041=DIRECTION('',(0.,1.,0.));
#6042=DIRECTION('',(-1.,0.,0.));
#6043=DIRECTION('',(0.,0.,1.));
#6044=DIRECTION('',(1.,0.,0.));
#6045=DIRECTION('',(1.,0.,0.));
#6046=DIRECTION('',(-0.664899637265194,0.746932709395307,0.));
#6047=DIRECTION('',(0.,0.,1.));
#6048=DIRECTION('',(1.,0.,0.));
#6049=DIRECTION('',(0.,1.,0.));
#6050=DIRECTION('',(1.,0.,0.));
#6051=DIRECTION('',(0.,-1.,0.));
#6052=DIRECTION('',(0.,0.,1.));
#6053=DIRECTION('',(1.,0.,0.));
#6054=DIRECTION('',(0.,0.,1.));
#6055=DIRECTION('',(1.,0.,0.));
#6056=DIRECTION('',(1.,0.,0.));
#6057=DIRECTION('',(0.,0.,1.));
#6058=DIRECTION('',(1.,0.,0.));
#6059=DIRECTION('',(0.,0.,1.));
#6060=DIRECTION('',(1.,0.,0.));
#6061=DIRECTION('',(0.,0.,1.));
#6062=DIRECTION('',(1.,0.,0.));
#6063=DIRECTION('',(0.,0.,1.));
#6064=DIRECTION('',(1.,0.,0.));
#6065=DIRECTION('',(1.,0.,0.));
#6066=DIRECTION('',(0.,0.,1.));
#6067=DIRECTION('',(1.,0.,0.));
#6068=DIRECTION('',(0.,0.,1.));
#6069=DIRECTION('',(1.,0.,0.));
#6070=DIRECTION('',(0.,0.,1.));
#6071=DIRECTION('',(1.,0.,0.));
#6072=DIRECTION('',(0.,0.,1.));
#6073=DIRECTION('',(1.,0.,0.));
#6074=DIRECTION('',(-1.,0.,0.));
#6075=DIRECTION('',(0.,0.,1.));
#6076=DIRECTION('',(1.,0.,0.));
#6077=DIRECTION('',(0.,0.,1.));
#6078=DIRECTION('',(1.,0.,0.));
#6079=DIRECTION('',(-1.,0.,0.));
#6080=DIRECTION('',(0.,0.,1.));
#6081=DIRECTION('',(1.,0.,0.));
#6082=DIRECTION('',(0.,0.,1.));
#6083=DIRECTION('',(1.,0.,0.));
#6084=DIRECTION('',(-1.,0.,0.));
#6085=DIRECTION('',(0.,1.,0.));
#6086=DIRECTION('',(1.,0.,0.));
#6087=DIRECTION('',(0.,-1.,0.));
#6088=DIRECTION('',(0.,-1.,0.));
#6089=DIRECTION('',(-1.,0.,0.));
#6090=DIRECTION('',(0.,1.,0.));
#6091=DIRECTION('',(-1.,0.,0.));
#6092=DIRECTION('',(0.,1.,0.));
#6093=DIRECTION('',(1.,0.,0.));
#6094=DIRECTION('',(0.,1.,0.));
#6095=DIRECTION('',(1.,0.,0.));
#6096=DIRECTION('',(0.,-1.,0.));
#6097=DIRECTION('',(-0.941783930532431,-0.336218720762074,0.));
#6098=DIRECTION('',(0.,1.,0.));
#6099=DIRECTION('',(0.945273870729851,-0.326277963269671,0.));
#6100=DIRECTION('',(1.,1.42280754222652E-16,0.));
#6101=DIRECTION('',(0.,-1.,0.));
#6102=DIRECTION('',(-1.,-1.96153449699054E-16,0.));
#6103=DIRECTION('',(0.,1.,0.));
#6104=DIRECTION('',(0.869222922883501,0.494420378153919,0.));
#6105=DIRECTION('',(1.,1.57072807599763E-16,0.));
#6106=DIRECTION('',(-0.869767165115362,-0.493462337455642,0.));
#6107=DIRECTION('',(0.,-1.,0.));
#6108=DIRECTION('',(-1.,0.,0.));
#6109=DIRECTION('',(0.,1.,0.));
#6110=DIRECTION('',(1.,0.,0.));
#6111=DIRECTION('',(1.,0.,0.));
#6112=DIRECTION('',(0.,-1.,0.));
#6113=DIRECTION('',(-1.,0.,0.));
#6114=DIRECTION('',(0.,1.,0.));
#6115=DIRECTION('',(-1.,0.,0.));
#6116=DIRECTION('',(0.,1.,0.));
#6117=DIRECTION('',(1.,0.,0.));
#6118=DIRECTION('',(0.,-1.,0.));
#6119=DIRECTION('',(0.,1.,0.));
#6120=DIRECTION('',(1.,1.96153449699054E-16,0.));
#6121=DIRECTION('',(0.,-1.,0.));
#6122=DIRECTION('',(-1.,-1.4711508727429E-16,0.));
#6123=DIRECTION('',(1.,0.,0.));
#6124=DIRECTION('',(0.,-1.,0.));
#6125=DIRECTION('',(-1.,0.,0.));
#6126=DIRECTION('',(0.,1.,0.));
#6127=DIRECTION('',(-0.865350025837741,-0.501167968631897,0.));
#6128=DIRECTION('',(0.,1.,0.));
#6129=DIRECTION('',(0.886973045168114,0.461821196076148,0.));
#6130=DIRECTION('',(0.,0.,1.));
#6131=DIRECTION('',(1.,0.,0.));
#6132=DIRECTION('',(0.,0.,1.));
#6133=DIRECTION('',(1.,0.,0.));
#6134=DIRECTION('',(0.,1.,0.));
#6135=DIRECTION('',(1.,0.,0.));
#6136=DIRECTION('',(0.,-1.,0.));
#6137=DIRECTION('',(0.,0.,1.));
#6138=DIRECTION('',(1.,0.,0.));
#6139=DIRECTION('',(0.,0.,1.));
#6140=DIRECTION('',(1.,0.,0.));
#6141=DIRECTION('',(0.,0.,1.));
#6142=DIRECTION('',(1.,0.,0.));
#6143=DIRECTION('',(0.,0.,1.));
#6144=DIRECTION('',(1.,0.,0.));
#6145=DIRECTION('',(0.,1.,0.));
#6146=DIRECTION('',(1.,0.,0.));
#6147=DIRECTION('',(0.,-1.,0.));
#6148=DIRECTION('',(0.,0.,1.));
#6149=DIRECTION('',(1.,0.,0.));
#6150=DIRECTION('',(0.,0.,1.));
#6151=DIRECTION('',(1.,0.,0.));
#6152=DIRECTION('',(0.,0.,1.));
#6153=DIRECTION('',(1.,0.,0.));
#6154=DIRECTION('',(0.,0.,1.));
#6155=DIRECTION('',(1.,0.,0.));
#6156=DIRECTION('',(-0.944496796706159,-0.328520624941272,0.));
#6157=DIRECTION('',(0.,1.,0.));
#6158=DIRECTION('',(0.945005611242038,0.327054115890723,0.));
#6159=DIRECTION('',(-0.943986258892119,0.329984761804028,0.));
#6160=DIRECTION('',(0.,1.,0.));
#6161=DIRECTION('',(0.943730346928175,-0.330715938967004,0.));
#6162=DIRECTION('',(0.,-1.,0.));
#6163=DIRECTION('',(1.,0.,0.));
#6164=DIRECTION('',(0.,-1.,0.));
#6165=DIRECTION('',(-1.,0.,0.));
#6166=DIRECTION('',(0.,1.,0.));
#6167=DIRECTION('',(0.,-1.,0.));
#6168=DIRECTION('',(0.,0.,1.));
#6169=DIRECTION('',(1.,0.,0.));
#6170=DIRECTION('',(0.,0.,1.));
#6171=DIRECTION('',(1.,0.,0.));
#6172=DIRECTION('',(0.,0.,1.));
#6173=DIRECTION('',(1.,0.,0.));
#6174=DIRECTION('',(0.,1.,0.));
#6175=DIRECTION('',(1.,0.,0.));
#6176=DIRECTION('',(0.,-1.,0.));
#6177=DIRECTION('',(0.,0.,1.));
#6178=DIRECTION('',(1.,0.,0.));
#6179=DIRECTION('',(0.,0.,1.));
#6180=DIRECTION('',(1.,0.,0.));
#6181=DIRECTION('',(0.,1.,0.));
#6182=DIRECTION('',(1.,0.,0.));
#6183=DIRECTION('',(1.,0.,0.));
#6184=DIRECTION('',(0.,-1.,0.));
#6185=DIRECTION('',(-1.,0.,0.));
#6186=DIRECTION('',(0.,1.,0.));
#6187=DIRECTION('',(0.,-1.,0.));
#6188=DIRECTION('',(-1.,0.,0.));
#6189=DIRECTION('',(0.,-1.,0.));
#6190=DIRECTION('',(-1.,0.,0.));
#6191=DIRECTION('',(0.,1.,0.));
#6192=DIRECTION('',(1.,0.,0.));
#6193=DIRECTION('',(1.,0.,0.));
#6194=DIRECTION('',(0.,0.,1.));
#6195=DIRECTION('',(1.,0.,0.));
#6196=DIRECTION('',(0.,0.,1.));
#6197=DIRECTION('',(1.,0.,0.));
#6198=DIRECTION('',(0.,0.,1.));
#6199=DIRECTION('',(1.,0.,0.));
#6200=DIRECTION('',(0.,0.,1.));
#6201=DIRECTION('',(1.,0.,0.));
#6202=DIRECTION('',(1.,0.,0.));
#6203=DIRECTION('',(0.,0.,1.));
#6204=DIRECTION('',(1.,0.,0.));
#6205=DIRECTION('',(0.,0.,1.));
#6206=DIRECTION('',(1.,0.,0.));
#6207=DIRECTION('',(0.,0.,1.));
#6208=DIRECTION('',(1.,0.,0.));
#6209=DIRECTION('',(0.,0.,1.));
#6210=DIRECTION('',(1.,0.,0.));
#6211=DIRECTION('',(-1.,0.,0.));
#6212=DIRECTION('',(0.,0.,1.));
#6213=DIRECTION('',(1.,0.,0.));
#6214=DIRECTION('',(0.,0.,1.));
#6215=DIRECTION('',(1.,0.,0.));
#6216=DIRECTION('',(-1.,0.,0.));
#6217=DIRECTION('',(0.,0.,1.));
#6218=DIRECTION('',(1.,0.,0.));
#6219=DIRECTION('',(0.,0.,1.));
#6220=DIRECTION('',(1.,0.,0.));
#6221=DIRECTION('',(0.,-1.,0.));
#6222=DIRECTION('',(-1.,0.,0.));
#6223=DIRECTION('',(0.,0.,1.));
#6224=DIRECTION('',(1.,0.,0.));
#6225=DIRECTION('',(0.,0.,1.));
#6226=DIRECTION('',(1.,0.,0.));
#6227=DIRECTION('',(0.,0.,1.));
#6228=DIRECTION('',(1.,0.,0.));
#6229=DIRECTION('',(0.,0.,1.));
#6230=DIRECTION('',(1.,0.,0.));
#6231=DIRECTION('',(0.,1.,0.));
#6232=DIRECTION('',(1.,0.,0.));
#6233=DIRECTION('',(0.,0.,1.));
#6234=DIRECTION('',(1.,0.,0.));
#6235=DIRECTION('',(0.,0.,1.));
#6236=DIRECTION('',(1.,0.,0.));
#6237=DIRECTION('',(0.,0.,1.));
#6238=DIRECTION('',(1.,0.,0.));
#6239=DIRECTION('',(1.,0.,0.));
#6240=DIRECTION('',(0.,1.,0.));
#6241=DIRECTION('',(1.,0.,0.));
#6242=DIRECTION('',(0.,0.,1.));
#6243=DIRECTION('',(1.,0.,0.));
#6244=DIRECTION('',(0.,0.,1.));
#6245=DIRECTION('',(1.,0.,0.));
#6246=DIRECTION('',(-1.,0.,0.));
#6247=DIRECTION('',(0.,0.,1.));
#6248=DIRECTION('',(1.,0.,0.));
#6249=DIRECTION('',(0.,0.,1.));
#6250=DIRECTION('',(1.,0.,0.));
#6251=DIRECTION('',(-1.,0.,0.));
#6252=DIRECTION('',(0.,0.,1.));
#6253=DIRECTION('',(1.,0.,0.));
#6254=DIRECTION('',(0.,0.,1.));
#6255=DIRECTION('',(1.,0.,0.));
#6256=DIRECTION('',(0.,0.,1.));
#6257=DIRECTION('',(1.,0.,0.));
#6258=DIRECTION('',(-1.,0.,0.));
#6259=DIRECTION('',(0.,-1.,0.));
#6260=DIRECTION('',(1.,0.,0.));
#6261=DIRECTION('',(0.,1.,0.));
#6262=DIRECTION('',(1.,0.,0.));
#6263=DIRECTION('',(0.,0.,1.));
#6264=DIRECTION('',(1.,0.,0.));
#6265=DIRECTION('',(0.,0.,1.));
#6266=DIRECTION('',(1.,0.,0.));
#6267=DIRECTION('',(0.,0.,1.));
#6268=DIRECTION('',(1.,0.,0.));
#6269=DIRECTION('',(1.,0.,0.));
#6270=DIRECTION('',(0.,1.,0.));
#6271=DIRECTION('',(0.,0.,1.));
#6272=DIRECTION('',(1.,0.,0.));
#6273=DIRECTION('',(0.,0.,1.));
#6274=DIRECTION('',(1.,0.,0.));
#6275=DIRECTION('',(0.,0.,1.));
#6276=DIRECTION('',(1.,0.,0.));
#6277=DIRECTION('',(0.,0.,1.));
#6278=DIRECTION('',(1.,0.,0.));
#6279=DIRECTION('',(0.,0.,1.));
#6280=DIRECTION('',(1.,0.,0.));
#6281=DIRECTION('',(1.,0.,0.));
#6282=DIRECTION('',(0.,0.,1.));
#6283=DIRECTION('',(1.,0.,0.));
#6284=DIRECTION('',(0.,0.,1.));
#6285=DIRECTION('',(1.,0.,0.));
#6286=DIRECTION('',(1.,0.,0.));
#6287=DIRECTION('',(0.,0.,1.));
#6288=DIRECTION('',(1.,0.,0.));
#6289=DIRECTION('',(0.,0.,1.));
#6290=DIRECTION('',(1.,0.,0.));
#6291=DIRECTION('',(0.,0.,1.));
#6292=DIRECTION('',(1.,0.,0.));
#6293=DIRECTION('',(0.,-1.,0.));
#6294=DIRECTION('',(1.,0.,0.));
#6295=DIRECTION('',(0.,1.,0.));
#6296=DIRECTION('',(-1.,0.,0.));
#6297=DIRECTION('',(0.,-1.,0.));
#6298=DIRECTION('',(1.,0.,0.));
#6299=DIRECTION('',(0.,1.,0.));
#6300=DIRECTION('',(-1.,0.,0.));
#6301=DIRECTION('',(0.,1.,0.));
#6302=DIRECTION('',(-0.865350025837741,-0.501167968631897,0.));
#6303=DIRECTION('',(0.,0.,1.));
#6304=DIRECTION('',(1.,0.,0.));
#6305=DIRECTION('',(0.,0.,1.));
#6306=DIRECTION('',(1.,0.,0.));
#6307=DIRECTION('',(0.,0.,1.));
#6308=DIRECTION('',(1.,0.,0.));
#6309=DIRECTION('',(0.,0.,1.));
#6310=DIRECTION('',(1.,0.,0.));
#6311=DIRECTION('',(0.,-1.,0.));
#6312=DIRECTION('',(1.,0.,0.));
#6313=DIRECTION('',(0.,1.,0.));
#6314=DIRECTION('',(0.,0.,1.));
#6315=DIRECTION('',(1.,0.,0.));
#6316=DIRECTION('',(0.,0.,1.));
#6317=DIRECTION('',(1.,0.,0.));
#6318=DIRECTION('',(0.,0.,1.));
#6319=DIRECTION('',(1.,0.,0.));
#6320=DIRECTION('',(0.,0.,1.));
#6321=DIRECTION('',(1.,0.,0.));
#6322=DIRECTION('',(0.,-1.,0.));
#6323=DIRECTION('',(1.,0.,0.));
#6324=DIRECTION('',(0.,1.,0.));
#6325=DIRECTION('',(0.,0.,1.));
#6326=DIRECTION('',(1.,0.,0.));
#6327=DIRECTION('',(0.,0.,1.));
#6328=DIRECTION('',(1.,0.,0.));
#6329=DIRECTION('',(0.886973045168114,0.461821196076148,0.));
#6330=DIRECTION('',(1.,1.96153449699054E-16,0.));
#6331=DIRECTION('',(0.,1.,0.));
#6332=DIRECTION('',(-1.,-1.4711508727429E-16,0.));
#6333=DIRECTION('',(0.,-1.,0.));
#6334=DIRECTION('',(0.,-1.,0.));
#6335=DIRECTION('',(1.,0.,0.));
#6336=DIRECTION('',(0.,1.,0.));
#6337=DIRECTION('',(-1.,0.,0.));
#6338=DIRECTION('',(0.,-1.,0.));
#6339=DIRECTION('',(1.,1.42280754222652E-16,0.));
#6340=DIRECTION('',(-0.869767165115363,-0.493462337455642,0.));
#6341=DIRECTION('',(1.,1.57072807599763E-16,0.));
#6342=DIRECTION('',(0.869222922883501,0.494420378153919,0.));
#6343=DIRECTION('',(0.,1.,0.));
#6344=DIRECTION('',(-1.,-1.96153449699054E-16,0.));
#6345=DIRECTION('',(-1.,0.,0.));
#6346=DIRECTION('',(0.,-1.,0.));
#6347=DIRECTION('',(1.,0.,0.));
#6348=DIRECTION('',(0.,1.,0.));
#6349=DIRECTION('',(1.,0.,0.));
#6350=DIRECTION('',(0.,1.,0.));
#6351=DIRECTION('',(-1.,0.,0.));
#6352=DIRECTION('',(0.,1.,0.));
#6353=DIRECTION('',(0.,0.,1.));
#6354=DIRECTION('',(1.,0.,0.));
#6355=DIRECTION('',(0.,0.,1.));
#6356=DIRECTION('',(1.,0.,0.));
#6357=DIRECTION('',(-1.,0.,0.));
#6358=DIRECTION('',(0.,0.,1.));
#6359=DIRECTION('',(1.,0.,0.));
#6360=DIRECTION('',(0.,0.,1.));
#6361=DIRECTION('',(1.,0.,0.));
#6362=DIRECTION('',(-1.,0.,0.));
#6363=DIRECTION('',(0.,0.,1.));
#6364=DIRECTION('',(1.,0.,0.));
#6365=DIRECTION('',(0.,0.,1.));
#6366=DIRECTION('',(1.,0.,0.));
#6367=DIRECTION('',(-0.664899637265194,0.746932709395307,0.));
#6368=DIRECTION('',(0.,0.,1.));
#6369=DIRECTION('',(1.,0.,0.));
#6370=DIRECTION('',(0.,0.,1.));
#6371=DIRECTION('',(1.,0.,0.));
#6372=DIRECTION('',(0.,-1.,0.));
#6373=DIRECTION('',(1.,0.,0.));
#6374=DIRECTION('',(0.,1.,0.));
#6375=DIRECTION('',(0.,0.,1.));
#6376=DIRECTION('',(1.,0.,0.));
#6377=DIRECTION('',(1.,0.,0.));
#6378=DIRECTION('',(0.,-1.,0.));
#6379=DIRECTION('',(1.,0.,0.));
#6380=DIRECTION('',(0.,-1.,0.));
#6381=DIRECTION('',(1.,0.,0.));
#6382=DIRECTION('',(0.,-1.,0.));
#6383=DIRECTION('',(0.,0.,1.));
#6384=DIRECTION('',(1.,0.,0.));
#6385=DIRECTION('',(-1.,0.,0.));
#6386=DIRECTION('',(0.,-1.,0.));
#6387=DIRECTION('',(0.,0.,1.));
#6388=DIRECTION('',(1.,0.,0.));
#6389=DIRECTION('',(0.,0.,1.));
#6390=DIRECTION('',(1.,0.,0.));
#6391=DIRECTION('',(3.15257027535145E-16,-1.,0.));
#6392=DIRECTION('',(1.,0.,0.));
#6393=DIRECTION('',(0.,-1.,0.));
#6394=DIRECTION('',(-1.,-1.46698803988029E-16,0.));
#6395=DIRECTION('',(0.,0.,1.));
#6396=DIRECTION('',(1.,0.,0.));
#6397=DIRECTION('',(-1.,-8.65393777573314E-17,0.));
#6398=DIRECTION('',(0.,-1.,0.));
#6399=DIRECTION('',(0.,0.,1.));
#6400=DIRECTION('',(1.,0.,0.));
#6401=DIRECTION('',(0.,0.,1.));
#6402=DIRECTION('',(1.,0.,0.));
#6403=DIRECTION('',(1.,0.,0.));
#6404=DIRECTION('',(-1.51846818396666E-16,1.,0.));
#6405=DIRECTION('',(2.24427331106802E-16,-1.,0.));
#6406=DIRECTION('',(1.,0.,0.));
#6407=DIRECTION('',(0.,0.,1.));
#6408=DIRECTION('',(1.,0.,0.));
#6409=DIRECTION('',(0.,0.,1.));
#6410=DIRECTION('',(1.,0.,0.));
#6411=DIRECTION('',(0.,1.,0.));
#6412=DIRECTION('',(-1.,0.,0.));
#6413=DIRECTION('',(4.16108510603243E-16,-1.,0.));
#6414=DIRECTION('',(0.,0.,1.));
#6415=DIRECTION('',(1.,0.,0.));
#6416=DIRECTION('',(-1.,0.,0.));
#6417=DIRECTION('',(1.,3.10377661698129E-16,0.));
#6418=DIRECTION('',(9.50533411494138E-16,-1.,0.));
#6419=DIRECTION('',(0.,0.,1.));
#6420=DIRECTION('',(1.,0.,0.));
#6421=DIRECTION('',(-1.,0.,0.));
#6422=DIRECTION('',(0.,0.,1.));
#6423=DIRECTION('',(1.,0.,0.));
#6424=DIRECTION('',(0.,1.,0.));
#6425=DIRECTION('',(0.,0.,1.));
#6426=DIRECTION('',(1.,0.,0.));
#6427=DIRECTION('',(0.,1.,0.));
#6428=DIRECTION('',(1.,0.,0.));
#6429=DIRECTION('',(1.,0.,0.));
#6430=DIRECTION('',(0.,1.,0.));
#6431=DIRECTION('',(0.,0.,1.));
#6432=DIRECTION('',(1.,0.,0.));
#6433=DIRECTION('',(0.,0.,1.));
#6434=DIRECTION('',(1.,0.,0.));
#6435=DIRECTION('',(-1.,0.,0.));
#6436=DIRECTION('',(0.,1.,0.));
#6437=DIRECTION('',(0.,0.,1.));
#6438=DIRECTION('',(1.,0.,0.));
#6439=DIRECTION('',(1.,0.,0.));
#6440=DIRECTION('',(0.,0.,1.));
#6441=DIRECTION('',(1.,0.,0.));
#6442=DIRECTION('',(1.,0.,0.));
#6443=DIRECTION('',(0.,0.,1.));
#6444=DIRECTION('',(1.,0.,0.));
#6445=DIRECTION('',(0.,0.,1.));
#6446=DIRECTION('',(1.,0.,0.));
#6447=DIRECTION('',(1.,0.,0.));
#6448=DIRECTION('',(0.,0.,1.));
#6449=DIRECTION('',(1.,0.,0.));
#6450=DIRECTION('',(0.,0.,1.));
#6451=DIRECTION('',(1.,0.,0.));
#6452=DIRECTION('',(0.,0.,1.));
#6453=DIRECTION('',(1.,0.,0.));
#6454=DIRECTION('',(0.,1.,0.));
#6455=DIRECTION('',(-1.,0.,0.));
#6456=DIRECTION('',(0.,-1.,0.));
#6457=DIRECTION('',(1.,0.,0.));
#6458=DIRECTION('',(-0.941783930532431,-0.336218720762074,0.));
#6459=DIRECTION('',(0.,-1.,0.));
#6460=DIRECTION('',(0.945273870729851,-0.326277963269671,0.));
#6461=DIRECTION('',(0.,1.,0.));
#6462=DIRECTION('',(-1.,0.,0.));
#6463=DIRECTION('',(0.,-1.,0.));
#6464=DIRECTION('',(1.,0.,0.));
#6465=DIRECTION('',(0.,1.,0.));
#6466=DIRECTION('',(0.,1.,0.));
#6467=DIRECTION('',(-1.,0.,0.));
#6468=DIRECTION('',(0.,-1.,0.));
#6469=DIRECTION('',(1.,0.,0.));
#6470=DIRECTION('',(0.,-1.,0.));
#6471=DIRECTION('',(1.,0.,0.));
#6472=DIRECTION('',(0.,1.,0.));
#6473=DIRECTION('',(-1.,0.,0.));
#6474=DIRECTION('',(0.,1.,0.));
#6475=DIRECTION('',(-0.944496796706159,-0.328520624941272,0.));
#6476=DIRECTION('',(0.,-1.,0.));
#6477=DIRECTION('',(0.943730346928174,-0.330715938967004,0.));
#6478=DIRECTION('',(0.,1.,0.));
#6479=DIRECTION('',(-0.943986258892119,0.329984761804028,0.));
#6480=DIRECTION('',(0.945005611242038,0.327054115890723,0.));
#6481=DIRECTION('',(0.,-1.,0.));
#6482=DIRECTION('',(1.,0.,0.));
#6483=DIRECTION('',(0.,1.,0.));
#6484=DIRECTION('',(0.,0.,1.));
#6485=DIRECTION('',(1.,0.,0.));
#6486=DIRECTION('',(0.,0.,1.));
#6487=DIRECTION('',(1.,0.,0.));
#6488=DIRECTION('',(0.,-1.,0.));
#6489=DIRECTION('',(1.,0.,0.));
#6490=DIRECTION('',(0.,1.,0.));
#6491=DIRECTION('',(0.,0.,1.));
#6492=DIRECTION('',(1.,0.,0.));
#6493=DIRECTION('',(0.,0.,1.));
#6494=DIRECTION('',(1.,0.,0.));
#6495=DIRECTION('',(0.,0.,1.));
#6496=DIRECTION('',(1.,0.,0.));
#6497=DIRECTION('',(-1.,0.,0.));
#6498=DIRECTION('',(0.,-1.,0.));
#6499=DIRECTION('',(1.,0.,0.));
#6500=DIRECTION('',(0.,1.,0.));
#6501=DIRECTION('',(-1.,0.,0.));
#6502=DIRECTION('',(0.,-1.,0.));
#6503=DIRECTION('',(0.,0.,1.));
#6504=DIRECTION('',(1.,0.,0.));
#6505=DIRECTION('',(0.,0.,1.));
#6506=DIRECTION('',(1.,0.,0.));
#6507=DIRECTION('',(-1.,0.,0.));
#6508=DIRECTION('',(0.,0.,1.));
#6509=DIRECTION('',(1.,0.,0.));
#6510=DIRECTION('',(0.,0.,1.));
#6511=DIRECTION('',(1.,0.,0.));
#6512=DIRECTION('',(-1.,0.,0.));
#6513=DIRECTION('',(0.,0.,1.));
#6514=DIRECTION('',(1.,0.,0.));
#6515=DIRECTION('',(0.,0.,1.));
#6516=DIRECTION('',(1.,0.,0.));
#6517=DIRECTION('',(0.,0.,1.));
#6518=DIRECTION('',(1.,0.,0.));
#6519=DIRECTION('',(0.,0.,1.));
#6520=DIRECTION('',(1.,0.,0.));
#6521=DIRECTION('',(-1.,0.,0.));
#6522=DIRECTION('',(0.,0.,1.));
#6523=DIRECTION('',(1.,0.,0.));
#6524=DIRECTION('',(0.,0.,1.));
#6525=DIRECTION('',(1.,0.,0.));
#6526=DIRECTION('',(-1.,0.,0.));
#6527=DIRECTION('',(0.,0.,1.));
#6528=DIRECTION('',(1.,0.,0.));
#6529=DIRECTION('',(0.,0.,1.));
#6530=DIRECTION('',(1.,0.,0.));
#6531=DIRECTION('',(0.,0.,-1.));
#6532=DIRECTION('',(-1.,0.,0.));
#6533=DIRECTION('',(0.,0.,-1.));
#6534=DIRECTION('',(0.,0.,-1.));
#6535=DIRECTION('',(0.,0.,-1.));
#6536=DIRECTION('',(-1.,0.,0.));
#6537=DIRECTION('',(0.,0.,-1.));
#6538=DIRECTION('',(0.,0.,-1.));
#6539=DIRECTION('',(0.,0.,-1.));
#6540=DIRECTION('',(-1.,0.,0.));
#6541=DIRECTION('',(0.,0.,1.));
#6542=DIRECTION('',(0.,0.,-1.));
#6543=DIRECTION('',(0.,1.,0.));
#6544=DIRECTION('',(0.,0.,1.));
#6545=DIRECTION('',(0.,0.,-1.));
#6546=DIRECTION('',(0.,0.,-1.));
#6547=DIRECTION('',(0.,0.,-1.));
#6548=DIRECTION('',(-1.,0.,0.));
#6549=DIRECTION('',(0.,0.,-1.));
#6550=DIRECTION('',(0.,0.,-1.));
#6551=DIRECTION('',(-1.,0.,0.));
#6552=DIRECTION('',(0.,0.,-1.));
#6553=DIRECTION('',(0.,0.,-1.));
#6554=DIRECTION('',(0.,1.,0.));
#6555=DIRECTION('',(0.,0.,1.));
#6556=DIRECTION('',(0.,0.,-1.));
#6557=DIRECTION('',(0.,-1.,0.));
#6558=DIRECTION('',(0.,0.,-1.));
#6559=DIRECTION('',(0.,0.,-1.));
#6560=DIRECTION('',(0.,0.,-1.));
#6561=DIRECTION('',(-1.,0.,0.));
#6562=DIRECTION('',(0.,0.,1.));
#6563=DIRECTION('',(0.,0.,-1.));
#6564=DIRECTION('',(-3.10377661698129E-16,1.,0.));
#6565=DIRECTION('',(-1.,-3.10377661698129E-16,0.));
#6566=DIRECTION('',(0.,0.,-1.));
#6567=DIRECTION('',(0.,0.,-1.));
#6568=DIRECTION('',(0.,0.,-1.));
#6569=DIRECTION('',(-1.,0.,0.));
#6570=DIRECTION('',(0.,0.,-1.));
#6571=DIRECTION('',(1.,4.16108510603243E-16,0.));
#6572=DIRECTION('',(-4.16108510603243E-16,1.,0.));
#6573=DIRECTION('',(0.,0.,-1.));
#6574=DIRECTION('',(0.,0.,-1.));
#6575=DIRECTION('',(0.,-1.,0.));
#6576=DIRECTION('',(0.,0.,-1.));
#6577=DIRECTION('',(0.,0.,-1.));
#6578=DIRECTION('',(0.,0.,-1.));
#6579=DIRECTION('',(-1.,0.,0.));
#6580=DIRECTION('',(0.,0.,-1.));
#6581=DIRECTION('',(0.,0.,-1.));
#6582=DIRECTION('',(0.,-1.,0.));
#6583=DIRECTION('',(0.,0.,-1.));
#6584=DIRECTION('',(0.,0.,-1.));
#6585=DIRECTION('',(1.,2.24427331106802E-16,0.));
#6586=DIRECTION('',(-2.24427331106802E-16,1.,0.));
#6587=DIRECTION('',(0.,0.,-1.));
#6588=DIRECTION('',(0.,0.,-1.));
#6589=DIRECTION('',(0.,0.,-1.));
#6590=DIRECTION('',(-1.,0.,0.));
#6591=DIRECTION('',(0.,0.,-1.));
#6592=DIRECTION('',(0.,0.,-1.));
#6593=DIRECTION('',(-1.,0.,0.));
#6594=DIRECTION('',(0.,0.,-1.));
#6595=DIRECTION('',(0.,0.,-1.));
#6596=DIRECTION('',(-1.,-1.51846818396666E-16,0.));
#6597=DIRECTION('',(1.51846818396666E-16,-1.,0.));
#6598=DIRECTION('',(0.,0.,-1.));
#6599=DIRECTION('',(8.65393777573314E-17,-1.,0.));
#6600=DIRECTION('',(1.,8.65393777573314E-17,0.));
#6601=DIRECTION('',(0.,0.,-1.));
#6602=DIRECTION('',(0.,0.,-1.));
#6603=DIRECTION('',(0.,0.,-1.));
#6604=DIRECTION('',(-1.,0.,0.));
#6605=DIRECTION('',(0.,0.,-1.));
#6606=DIRECTION('',(1.,0.,0.));
#6607=DIRECTION('',(0.,0.,-1.));
#6608=DIRECTION('',(0.,0.,-1.));
#6609=DIRECTION('',(0.,0.,-1.));
#6610=DIRECTION('',(0.,0.,-1.));
#6611=DIRECTION('',(-1.,0.,0.));
#6612=DIRECTION('',(0.,0.,-1.));
#6613=DIRECTION('',(0.,0.,-1.));
#6614=DIRECTION('',(-1.,0.,0.));
#6615=DIRECTION('',(0.,0.,-1.));
#6616=DIRECTION('',(0.,0.,-1.));
#6617=DIRECTION('',(0.,1.,0.));
#6618=DIRECTION('',(0.,0.,1.));
#6619=DIRECTION('',(0.,0.,-1.));
#6620=DIRECTION('',(0.,-1.,0.));
#6621=DIRECTION('',(0.,0.,-1.));
#6622=DIRECTION('',(0.,0.,-1.));
#6623=DIRECTION('',(0.,0.,-1.));
#6624=DIRECTION('',(0.,0.,-1.));
#6625=DIRECTION('',(-1.,0.,0.));
#6626=DIRECTION('',(0.,0.,-1.));
#6627=DIRECTION('',(0.,1.,0.));
#6628=DIRECTION('',(0.,0.,1.));
#6629=DIRECTION('',(0.,0.,-1.));
#6630=DIRECTION('',(0.,0.,-1.));
#6631=DIRECTION('',(0.,0.,-1.));
#6632=DIRECTION('',(-1.,0.,0.));
#6633=DIRECTION('',(0.,0.,-1.));
#6634=DIRECTION('',(0.,1.,0.));
#6635=DIRECTION('',(0.,0.,1.));
#6636=DIRECTION('',(0.,0.,-1.));
#6637=DIRECTION('',(0.,0.,-1.));
#6638=DIRECTION('',(1.,0.,0.));
#6639=DIRECTION('',(0.,0.,-1.));
#6640=DIRECTION('',(0.,0.,-1.));
#6641=DIRECTION('',(0.,1.,0.));
#6642=DIRECTION('',(0.,0.,1.));
#6643=DIRECTION('',(0.,0.,-1.));
#6644=DIRECTION('',(0.,-1.,0.));
#6645=DIRECTION('',(0.,0.,-1.));
#6646=DIRECTION('',(-1.,0.,0.));
#6647=DIRECTION('',(0.,0.,1.));
#6648=DIRECTION('',(-1.,0.,0.));
#6649=DIRECTION('',(0.,0.,1.));
#6650=DIRECTION('',(0.,0.,-1.));
#6651=DIRECTION('',(-1.,0.,0.));
#6652=DIRECTION('',(1.,9.50533411494138E-16,0.));
#6653=DIRECTION('',(-9.50533411494138E-16,1.,0.));
#6654=DIRECTION('',(0.,0.,-1.));
#6655=DIRECTION('',(-1.,0.,0.));
#6656=DIRECTION('',(-1.,0.,0.));
#6657=DIRECTION('',(0.,0.,1.));
#6658=DIRECTION('',(0.,1.,0.));
#6659=DIRECTION('',(0.,0.,1.));
#6660=DIRECTION('',(0.,1.,0.));
#6661=DIRECTION('',(0.,0.,1.));
#6662=DIRECTION('',(1.,0.,0.));
#6663=DIRECTION('',(0.,0.,-1.));
#6664=DIRECTION('',(1.46698803988029E-16,-1.,0.));
#6665=DIRECTION('',(1.,1.46698803988029E-16,0.));
#6666=DIRECTION('',(1.,3.15257027535145E-16,0.));
#6667=DIRECTION('',(-3.15257027535145E-16,1.,0.));
#6668=DIRECTION('',(1.,0.,0.));
#6669=DIRECTION('',(0.,0.,-1.));
#6670=DIRECTION('',(1.,0.,0.));
#6671=DIRECTION('',(0.,0.,-1.));
#6672=DIRECTION('',(1.,0.,0.));
#6673=DIRECTION('',(0.,0.,-1.));
#6674=DIRECTION('',(0.,1.,0.));
#6675=DIRECTION('',(0.,0.,1.));
#6676=DIRECTION('',(0.,0.,1.));
#6677=DIRECTION('',(0.,0.,1.));
#6678=DIRECTION('',(0.746932709395307,0.664899637265194,0.));
#6679=DIRECTION('',(-0.664899637265194,0.746932709395307,0.));
#6680=DIRECTION('',(0.,0.,1.));
#6681=DIRECTION('',(0.,0.,1.));
#6682=DIRECTION('',(0.840708652660503,-0.541487729631764,0.));
#6683=DIRECTION('',(0.,0.,1.));
#6684=DIRECTION('',(0.,0.,1.));
#6685=DIRECTION('',(0.984015616784259,-0.178082188678973,0.));
#6686=DIRECTION('',(0.,0.,1.));
#6687=DIRECTION('',(-1.,0.,0.));
#6688=DIRECTION('',(0.,0.,1.));
#6689=DIRECTION('',(0.,0.,1.));
#6690=DIRECTION('',(0.,-1.,0.));
#6691=DIRECTION('',(0.,0.,-1.));
#6692=DIRECTION('',(0.,0.,1.));
#6693=DIRECTION('',(1.,0.,0.));
#6694=DIRECTION('',(0.,0.,-1.));
#6695=DIRECTION('',(0.,0.,1.));
#6696=DIRECTION('',(0.,0.,1.));
#6697=DIRECTION('',(0.98001380452228,-0.198929492398103,0.));
#6698=DIRECTION('',(0.,0.,1.));
#6699=DIRECTION('',(0.968450165674789,-0.249207296451116,0.));
#6700=DIRECTION('',(0.,0.,1.));
#6701=DIRECTION('',(0.,0.,1.));
#6702=DIRECTION('',(0.,-1.,0.));
#6703=DIRECTION('',(0.,0.,-1.));
#6704=DIRECTION('',(0.,0.,1.));
#6705=DIRECTION('',(0.,0.,1.));
#6706=DIRECTION('',(0.951885999417425,-0.30645235210892,0.));
#6707=DIRECTION('',(0.,0.,1.));
#6708=DIRECTION('',(0.,0.,1.));
#6709=DIRECTION('',(0.,0.,1.));
#6710=DIRECTION('',(0.,0.,1.));
#6711=DIRECTION('',(0.,0.,1.));
#6712=DIRECTION('',(0.,0.,1.));
#6713=DIRECTION('',(0.,0.,1.));
#6714=DIRECTION('',(0.,0.,1.));
#6715=DIRECTION('',(-0.948453599546603,-0.31691602911038,0.));
#6716=DIRECTION('',(0.,0.,1.));
#6717=DIRECTION('',(0.,-1.,0.));
#6718=DIRECTION('',(0.,0.,-1.));
#6719=DIRECTION('',(0.,0.,1.));
#6720=DIRECTION('',(0.,0.,1.));
#6721=DIRECTION('',(-0.967507572774203,-0.252842038879161,0.));
#6722=DIRECTION('',(0.,0.,1.));
#6723=DIRECTION('',(0.,0.,1.));
#6724=DIRECTION('',(-0.7796986087894,-0.626154996348247,0.));
#6725=DIRECTION('',(0.,0.,1.));
#6726=DIRECTION('',(0.,0.,1.));
#6727=DIRECTION('',(0.,0.,1.));
#6728=DIRECTION('',(0.,0.,1.));
#6729=DIRECTION('',(0.,0.,1.));
#6730=DIRECTION('',(0.,0.,1.));
#6731=DIRECTION('',(0.779283816448132,-0.626671152536985,0.));
#6732=DIRECTION('',(0.,0.,1.));
#6733=DIRECTION('',(0.,0.,1.));
#6734=DIRECTION('',(0.,0.,1.));
#6735=DIRECTION('',(0.,0.,1.));
#6736=DIRECTION('',(0.,0.,1.));
#6737=DIRECTION('',(-0.782821724025008,0.622246051328985,0.));
#6738=DIRECTION('',(0.,0.,1.));
#6739=DIRECTION('',(0.,0.,1.));
#6740=DIRECTION('',(-0.967762450262112,0.251864725324277,0.));
#6741=DIRECTION('',(0.,0.,1.));
#6742=DIRECTION('',(0.,1.,0.));
#6743=DIRECTION('',(0.,0.,1.));
#6744=DIRECTION('',(0.,0.,1.));
#6745=DIRECTION('',(0.,0.,1.));
#6746=DIRECTION('',(-0.951885999417457,0.306452352108821,0.));
#6747=DIRECTION('',(0.,0.,1.));
#6748=DIRECTION('',(0.,0.,1.));
#6749=DIRECTION('',(0.,0.,1.));
#6750=DIRECTION('',(0.,0.,1.));
#6751=DIRECTION('',(0.,0.,1.));
#6752=DIRECTION('',(0.,0.,1.));
#6753=DIRECTION('',(0.,0.,1.));
#6754=DIRECTION('',(0.,0.,1.));
#6755=DIRECTION('',(0.950313542696792,0.311294347149243,0.));
#6756=DIRECTION('',(0.,0.,1.));
#6757=DIRECTION('',(0.,1.,0.));
#6758=DIRECTION('',(0.,0.,1.));
#6759=DIRECTION('',(0.,0.,1.));
#6760=DIRECTION('',(0.,0.,1.));
#6761=DIRECTION('',(0.967822655429174,0.251633280068482,0.));
#6762=DIRECTION('',(0.,0.,1.));
#6763=DIRECTION('',(0.,0.,1.));
#6764=DIRECTION('',(0.781390166637002,0.624042792990191,0.));
#6765=DIRECTION('',(0.,0.,1.));
#6766=DIRECTION('',(1.,0.,0.));
#6767=DIRECTION('',(0.,0.,-1.));
#6768=DIRECTION('',(0.,0.,1.));
#6769=DIRECTION('',(0.,0.,1.));
#6770=DIRECTION('',(0.,1.,0.));
#6771=DIRECTION('',(0.,0.,1.));
#6772=DIRECTION('',(0.,0.,1.));
#6773=DIRECTION('',(-1.,0.,0.));
#6774=DIRECTION('',(0.,0.,1.));
#6775=DIRECTION('',(0.,0.,1.));
#6776=DIRECTION('',(0.,-1.,0.));
#6777=DIRECTION('',(0.,0.,-1.));
#6778=DIRECTION('',(0.,1.,0.));
#6779=DIRECTION('',(0.,0.,1.));
#6780=DIRECTION('',(0.,0.,1.));
#6781=DIRECTION('',(0.,0.,1.));
#6782=DIRECTION('',(-1.,0.,0.));
#6783=DIRECTION('',(0.,0.,1.));
#6784=DIRECTION('',(0.,0.,1.));
#6785=DIRECTION('',(0.,-1.,0.));
#6786=DIRECTION('',(0.,0.,-1.));
#6787=DIRECTION('',(0.,0.,1.));
#6788=DIRECTION('',(1.,0.,0.));
#6789=DIRECTION('',(0.,0.,-1.));
#6790=DIRECTION('',(0.,0.,1.));
#6791=DIRECTION('',(0.,-1.,0.));
#6792=DIRECTION('',(0.,0.,-1.));
#6793=DIRECTION('',(0.,0.,1.));
#6794=DIRECTION('',(1.,0.,0.));
#6795=DIRECTION('',(0.,0.,-1.));
#6796=DIRECTION('',(0.,0.,1.));
#6797=DIRECTION('',(0.,1.,0.));
#6798=DIRECTION('',(0.,0.,1.));
#6799=DIRECTION('',(0.,0.,1.));
#6800=DIRECTION('',(1.,0.,0.));
#6801=DIRECTION('',(0.,0.,-1.));
#6802=DIRECTION('',(-0.336218720762074,0.941783930532431,0.));
#6803=DIRECTION('',(-0.941783930532431,-0.336218720762074,0.));
#6804=DIRECTION('',(0.,0.,1.));
#6805=DIRECTION('',(0.,0.,1.));
#6806=DIRECTION('',(-1.,0.,0.));
#6807=DIRECTION('',(0.,0.,1.));
#6808=DIRECTION('',(0.,0.,1.));
#6809=DIRECTION('',(-0.326277963269671,-0.945273870729851,0.));
#6810=DIRECTION('',(0.945273870729851,-0.326277963269671,0.));
#6811=DIRECTION('',(0.,0.,1.));
#6812=DIRECTION('',(1.,0.,0.));
#6813=DIRECTION('',(0.,0.,-1.));
#6814=DIRECTION('',(-1.,0.,0.));
#6815=DIRECTION('',(0.,0.,1.));
#6816=DIRECTION('',(0.,0.,1.));
#6817=DIRECTION('',(0.,0.,1.));
#6818=DIRECTION('',(1.42280754222652E-16,-1.,0.));
#6819=DIRECTION('',(1.,1.42280754222652E-16,0.));
#6820=DIRECTION('',(0.,0.,1.));
#6821=DIRECTION('',(-0.493462337455642,0.869767165115363,0.));
#6822=DIRECTION('',(-0.869767165115363,-0.493462337455642,0.));
#6823=DIRECTION('',(0.,0.,1.));
#6824=DIRECTION('',(1.57072807599763E-16,-1.,0.));
#6825=DIRECTION('',(1.,1.57072807599763E-16,0.));
#6826=DIRECTION('',(0.,0.,1.));
#6827=DIRECTION('',(0.494420378153919,-0.869222922883501,0.));
#6828=DIRECTION('',(0.869222922883501,0.494420378153919,0.));
#6829=DIRECTION('',(0.,0.,1.));
#6830=DIRECTION('',(1.,0.,0.));
#6831=DIRECTION('',(0.,0.,-1.));
#6832=DIRECTION('',(0.,0.,1.));
#6833=DIRECTION('',(-1.96153449699054E-16,1.,0.));
#6834=DIRECTION('',(-1.,-1.96153449699054E-16,0.));
#6835=DIRECTION('',(0.,1.,0.));
#6836=DIRECTION('',(0.,0.,1.));
#6837=DIRECTION('',(0.,0.,1.));
#6838=DIRECTION('',(0.,0.,1.));
#6839=DIRECTION('',(-1.,0.,0.));
#6840=DIRECTION('',(0.,0.,1.));
#6841=DIRECTION('',(0.,0.,1.));
#6842=DIRECTION('',(0.,-1.,0.));
#6843=DIRECTION('',(0.,0.,-1.));
#6844=DIRECTION('',(0.,0.,1.));
#6845=DIRECTION('',(1.,0.,0.));
#6846=DIRECTION('',(0.,0.,-1.));
#6847=DIRECTION('',(-1.,0.,0.));
#6848=DIRECTION('',(0.,0.,1.));
#6849=DIRECTION('',(0.,0.,1.));
#6850=DIRECTION('',(0.,0.,1.));
#6851=DIRECTION('',(0.,-1.,0.));
#6852=DIRECTION('',(0.,0.,-1.));
#6853=DIRECTION('',(0.,0.,1.));
#6854=DIRECTION('',(1.,0.,0.));
#6855=DIRECTION('',(0.,0.,-1.));
#6856=DIRECTION('',(0.,0.,1.));
#6857=DIRECTION('',(0.,1.,0.));
#6858=DIRECTION('',(0.,0.,1.));
#6859=DIRECTION('',(1.,0.,0.));
#6860=DIRECTION('',(0.,0.,-1.));
#6861=DIRECTION('',(0.,0.,1.));
#6862=DIRECTION('',(0.,0.,1.));
#6863=DIRECTION('',(0.,1.,0.));
#6864=DIRECTION('',(0.,0.,1.));
#6865=DIRECTION('',(0.,0.,1.));
#6866=DIRECTION('',(-1.,0.,0.));
#6867=DIRECTION('',(0.,0.,1.));
#6868=DIRECTION('',(0.,0.,1.));
#6869=DIRECTION('',(0.,-1.,0.));
#6870=DIRECTION('',(0.,0.,-1.));
#6871=DIRECTION('',(1.96153449699054E-16,-1.,0.));
#6872=DIRECTION('',(1.,1.96153449699054E-16,0.));
#6873=DIRECTION('',(0.,0.,1.));
#6874=DIRECTION('',(0.,0.,1.));
#6875=DIRECTION('',(1.,0.,0.));
#6876=DIRECTION('',(0.,0.,-1.));
#6877=DIRECTION('',(0.,0.,1.));
#6878=DIRECTION('',(-1.4711508727429E-16,1.,0.));
#6879=DIRECTION('',(-1.,-1.4711508727429E-16,0.));
#6880=DIRECTION('',(0.,0.,1.));
#6881=DIRECTION('',(-1.,0.,0.));
#6882=DIRECTION('',(0.,0.,1.));
#6883=DIRECTION('',(-1.,0.,0.));
#6884=DIRECTION('',(0.,0.,1.));
#6885=DIRECTION('',(0.,0.,1.));
#6886=DIRECTION('',(0.,0.,1.));
#6887=DIRECTION('',(0.,-1.,0.));
#6888=DIRECTION('',(0.,0.,-1.));
#6889=DIRECTION('',(0.,0.,1.));
#6890=DIRECTION('',(1.,0.,0.));
#6891=DIRECTION('',(0.,0.,-1.));
#6892=DIRECTION('',(0.,0.,1.));
#6893=DIRECTION('',(0.,1.,0.));
#6894=DIRECTION('',(0.,0.,1.));
#6895=DIRECTION('',(1.,0.,0.));
#6896=DIRECTION('',(0.,0.,-1.));
#6897=DIRECTION('',(0.,0.,1.));
#6898=DIRECTION('',(0.,0.,1.));
#6899=DIRECTION('',(-0.501167968631897,0.865350025837741,0.));
#6900=DIRECTION('',(-0.865350025837741,-0.501167968631897,0.));
#6901=DIRECTION('',(0.,0.,1.));
#6902=DIRECTION('',(0.,0.,1.));
#6903=DIRECTION('',(-0.769064779931395,-0.639170841222498,0.));
#6904=DIRECTION('',(0.,0.,1.));
#6905=DIRECTION('',(0.,0.,1.));
#6906=DIRECTION('',(0.,0.,1.));
#6907=DIRECTION('',(0.,0.,1.));
#6908=DIRECTION('',(0.631986443133443,-0.774979442111557,0.));
#6909=DIRECTION('',(0.,0.,1.));
#6910=DIRECTION('',(0.,0.,1.));
#6911=DIRECTION('',(0.877875417522462,-0.478889080382674,0.));
#6912=DIRECTION('',(0.,0.,1.));
#6913=DIRECTION('',(0.,0.,1.));
#6914=DIRECTION('',(0.987408143602586,-0.158193419418432,0.));
#6915=DIRECTION('',(0.,0.,1.));
#6916=DIRECTION('',(-1.,0.,0.));
#6917=DIRECTION('',(0.,0.,1.));
#6918=DIRECTION('',(0.,0.,1.));
#6919=DIRECTION('',(0.,-1.,0.));
#6920=DIRECTION('',(0.,0.,-1.));
#6921=DIRECTION('',(0.,0.,1.));
#6922=DIRECTION('',(1.,0.,0.));
#6923=DIRECTION('',(0.,0.,-1.));
#6924=DIRECTION('',(0.,0.,1.));
#6925=DIRECTION('',(0.,0.,1.));
#6926=DIRECTION('',(0.,0.,1.));
#6927=DIRECTION('',(0.,0.,1.));
#6928=DIRECTION('',(0.411488636383153,-0.911414890227021,0.));
#6929=DIRECTION('',(0.,0.,1.));
#6930=DIRECTION('',(0.,0.,1.));
#6931=DIRECTION('',(0.115428720740437,-0.993315765720159,0.));
#6932=DIRECTION('',(0.,0.,1.));
#6933=DIRECTION('',(0.,0.,1.));
#6934=DIRECTION('',(0.,0.,1.));
#6935=DIRECTION('',(0.,0.,1.));
#6936=DIRECTION('',(-0.854216221814947,-0.519917922741846,0.));
#6937=DIRECTION('',(0.,0.,1.));
#6938=DIRECTION('',(0.,0.,1.));
#6939=DIRECTION('',(-0.986219728061857,-0.165440768801397,0.));
#6940=DIRECTION('',(0.,0.,1.));
#6941=DIRECTION('',(-1.,0.,0.));
#6942=DIRECTION('',(0.,0.,1.));
#6943=DIRECTION('',(0.,0.,1.));
#6944=DIRECTION('',(0.,-1.,0.));
#6945=DIRECTION('',(0.,0.,-1.));
#6946=DIRECTION('',(0.,0.,1.));
#6947=DIRECTION('',(1.,0.,0.));
#6948=DIRECTION('',(0.,0.,-1.));
#6949=DIRECTION('',(0.,0.,1.));
#6950=DIRECTION('',(0.,0.,1.));
#6951=DIRECTION('',(-0.998623209867798,-0.0524565030604943,0.));
#6952=DIRECTION('',(0.,0.,1.));
#6953=DIRECTION('',(0.,0.,1.));
#6954=DIRECTION('',(0.997379151002378,0.0723521191519367,0.));
#6955=DIRECTION('',(0.,0.,1.));
#6956=DIRECTION('',(0.461821196076148,-0.886973045168114,0.));
#6957=DIRECTION('',(0.886973045168114,0.461821196076148,0.));
#6958=DIRECTION('',(1.,0.,0.));
#6959=DIRECTION('',(0.,0.,-1.));
#6960=DIRECTION('',(0.,0.,1.));
#6961=DIRECTION('',(0.,0.,1.));
#6962=DIRECTION('',(-0.328520624941272,0.944496796706159,0.));
#6963=DIRECTION('',(-0.944496796706159,-0.328520624941272,0.));
#6964=DIRECTION('',(0.,0.,1.));
#6965=DIRECTION('',(-1.,0.,0.));
#6966=DIRECTION('',(0.,0.,1.));
#6967=DIRECTION('',(0.,0.,1.));
#6968=DIRECTION('',(-0.330715938967004,-0.943730346928174,0.));
#6969=DIRECTION('',(0.943730346928174,-0.330715938967004,0.));
#6970=DIRECTION('',(0.,0.,1.));
#6971=DIRECTION('',(1.,0.,0.));
#6972=DIRECTION('',(0.,0.,-1.));
#6973=DIRECTION('',(0.,0.,1.));
#6974=DIRECTION('',(0.329984761804028,0.943986258892119,0.));
#6975=DIRECTION('',(-0.943986258892119,0.329984761804028,0.));
#6976=DIRECTION('',(0.,0.,1.));
#6977=DIRECTION('',(0.327054115890723,-0.945005611242038,0.));
#6978=DIRECTION('',(0.945005611242038,0.327054115890723,0.));
#6979=DIRECTION('',(-1.,0.,0.));
#6980=DIRECTION('',(0.,0.,1.));
#6981=DIRECTION('',(0.,0.,1.));
#6982=DIRECTION('',(0.,0.,1.));
#6983=DIRECTION('',(0.,-1.,0.));
#6984=DIRECTION('',(0.,0.,-1.));
#6985=DIRECTION('',(0.,0.,1.));
#6986=DIRECTION('',(1.,0.,0.));
#6987=DIRECTION('',(0.,0.,-1.));
#6988=DIRECTION('',(0.,0.,1.));
#6989=DIRECTION('',(0.,1.,0.));
#6990=DIRECTION('',(0.,0.,1.));
#6991=DIRECTION('',(0.,0.,1.));
#6992=DIRECTION('',(0.,0.,1.));
#6993=DIRECTION('',(-1.,0.,0.));
#6994=DIRECTION('',(0.,0.,1.));
#6995=DIRECTION('',(0.,0.,1.));
#6996=DIRECTION('',(0.,-1.,0.));
#6997=DIRECTION('',(0.,0.,-1.));
#6998=DIRECTION('',(0.,0.,1.));
#6999=DIRECTION('',(1.,0.,0.));
#7000=DIRECTION('',(0.,0.,-1.));
#7001=DIRECTION('',(0.,0.,1.));
#7002=DIRECTION('',(0.,0.,1.));
#7003=DIRECTION('',(0.,0.,1.));
#7004=DIRECTION('',(0.,0.,1.));
#7005=DIRECTION('',(0.460966157974559,-0.887417715172609,0.));
#7006=DIRECTION('',(0.,0.,1.));
#7007=DIRECTION('',(0.,0.,1.));
#7008=DIRECTION('',(0.119438812954876,-0.99284156337249,0.));
#7009=DIRECTION('',(0.,0.,1.));
#7010=DIRECTION('',(0.,0.,1.));
#7011=DIRECTION('',(0.,0.,1.));
#7012=DIRECTION('',(-1.,0.,0.));
#7013=DIRECTION('',(0.,0.,1.));
#7014=DIRECTION('',(0.,0.,1.));
#7015=DIRECTION('',(0.,-1.,0.));
#7016=DIRECTION('',(0.,0.,-1.));
#7017=DIRECTION('',(0.,0.,1.));
#7018=DIRECTION('',(1.,0.,0.));
#7019=DIRECTION('',(0.,0.,-1.));
#7020=DIRECTION('',(0.,0.,1.));
#7021=DIRECTION('',(0.,0.,1.));
#7022=DIRECTION('',(-0.997132987844716,-0.0756690461937358,0.));
#7023=DIRECTION('',(0.,0.,1.));
#7024=DIRECTION('',(0.,0.,1.));
#7025=DIRECTION('',(0.,0.,1.));
#7026=DIRECTION('',(0.,0.,1.));
#7027=DIRECTION('',(0.,0.,1.));
#7028=DIRECTION('',(0.,0.,1.));
#7029=DIRECTION('',(0.,0.,1.));
#7030=DIRECTION('',(0.176175566510482,-0.984358760698918,0.));
#7031=DIRECTION('',(0.,0.,1.));
#7032=DIRECTION('',(0.,0.,1.));
#7033=DIRECTION('',(0.528581695987141,-0.848882436305144,0.));
#7034=DIRECTION('',(0.,0.,1.));
#7035=DIRECTION('',(-1.,0.,0.));
#7036=DIRECTION('',(0.,0.,1.));
#7037=DIRECTION('',(0.,0.,1.));
#7038=DIRECTION('',(0.,0.,1.));
#7039=DIRECTION('',(0.,-1.,0.));
#7040=DIRECTION('',(0.,0.,-1.));
#7041=DIRECTION('',(0.,0.,1.));
#7042=DIRECTION('',(1.,0.,0.));
#7043=DIRECTION('',(0.,0.,-1.));
#7044=DIRECTION('',(0.,0.,1.));
#7045=DIRECTION('',(0.,1.,0.));
#7046=DIRECTION('',(0.,0.,1.));
#7047=DIRECTION('',(0.,1.,0.));
#7048=DIRECTION('',(0.,0.,1.));
#7049=DIRECTION('',(0.,0.,1.));
#7050=DIRECTION('',(0.,0.,1.));
#7051=DIRECTION('',(-1.,0.,0.));
#7052=DIRECTION('',(0.,0.,1.));
#7053=DIRECTION('',(0.,0.,1.));
#7054=DIRECTION('',(0.,-1.,0.));
#7055=DIRECTION('',(0.,0.,-1.));
#7056=DIRECTION('',(0.,0.,1.));
#7057=DIRECTION('',(1.,0.,0.));
#7058=DIRECTION('',(0.,0.,-1.));
#7059=DIRECTION('',(0.,0.,1.));
#7060=DIRECTION('',(0.,1.,0.));
#7061=DIRECTION('',(0.,0.,1.));
#7062=DIRECTION('',(0.,0.,1.));
#7063=DIRECTION('',(-1.,0.,0.));
#7064=DIRECTION('',(0.,0.,1.));
#7065=DIRECTION('',(0.,0.,1.));
#7066=DIRECTION('',(0.968450165674784,-0.249207296451135,0.));
#7067=DIRECTION('',(0.,0.,1.));
#7068=DIRECTION('',(0.,0.,1.));
#7069=DIRECTION('',(0.,-1.,0.));
#7070=DIRECTION('',(0.,0.,-1.));
#7071=DIRECTION('',(0.,0.,1.));
#7072=DIRECTION('',(0.,0.,1.));
#7073=DIRECTION('',(0.951885999417449,-0.306452352108846,0.));
#7074=DIRECTION('',(0.,0.,1.));
#7075=DIRECTION('',(0.,0.,1.));
#7076=DIRECTION('',(0.,0.,1.));
#7077=DIRECTION('',(0.,0.,1.));
#7078=DIRECTION('',(0.,0.,1.));
#7079=DIRECTION('',(0.,0.,1.));
#7080=DIRECTION('',(0.,0.,1.));
#7081=DIRECTION('',(0.,0.,1.));
#7082=DIRECTION('',(-0.948453599546601,-0.316916029110387,0.));
#7083=DIRECTION('',(0.,0.,1.));
#7084=DIRECTION('',(0.,-1.,0.));
#7085=DIRECTION('',(0.,0.,-1.));
#7086=DIRECTION('',(0.,0.,1.));
#7087=DIRECTION('',(0.,0.,1.));
#7088=DIRECTION('',(-0.967507572774188,-0.252842038879219,0.));
#7089=DIRECTION('',(0.,0.,1.));
#7090=DIRECTION('',(0.,0.,1.));
#7091=DIRECTION('',(-0.779698608789363,-0.626154996348294,0.));
#7092=DIRECTION('',(0.,0.,1.));
#7093=DIRECTION('',(0.,0.,1.));
#7094=DIRECTION('',(0.,0.,1.));
#7095=DIRECTION('',(0.,0.,1.));
#7096=DIRECTION('',(0.,0.,1.));
#7097=DIRECTION('',(0.,0.,1.));
#7098=DIRECTION('',(0.779283816448185,-0.62667115253692,0.));
#7099=DIRECTION('',(0.,0.,1.));
#7100=DIRECTION('',(0.,0.,1.));
#7101=DIRECTION('',(0.,0.,1.));
#7102=DIRECTION('',(0.,0.,1.));
#7103=DIRECTION('',(0.,0.,1.));
#7104=DIRECTION('',(-0.782821724024979,0.622246051329022,0.));
#7105=DIRECTION('',(0.,0.,1.));
#7106=DIRECTION('',(0.,0.,1.));
#7107=DIRECTION('',(-0.967762450262125,0.251864725324224,0.));
#7108=DIRECTION('',(0.,0.,1.));
#7109=DIRECTION('',(0.,1.,0.));
#7110=DIRECTION('',(0.,0.,1.));
#7111=DIRECTION('',(0.,0.,1.));
#7112=DIRECTION('',(0.,0.,1.));
#7113=DIRECTION('',(-0.951885999417458,0.306452352108819,0.));
#7114=DIRECTION('',(0.,0.,1.));
#7115=DIRECTION('',(0.,0.,1.));
#7116=DIRECTION('',(0.,0.,1.));
#7117=DIRECTION('',(0.,0.,1.));
#7118=DIRECTION('',(0.,0.,1.));
#7119=DIRECTION('',(0.,0.,1.));
#7120=DIRECTION('',(0.,0.,1.));
#7121=DIRECTION('',(0.,0.,1.));
#7122=DIRECTION('',(0.9503135426968,0.311294347149217,0.));
#7123=DIRECTION('',(0.,0.,1.));
#7124=DIRECTION('',(0.,1.,0.));
#7125=DIRECTION('',(0.,0.,1.));
#7126=DIRECTION('',(0.,0.,1.));
#7127=DIRECTION('',(0.,0.,1.));
#7128=DIRECTION('',(0.967822655429213,0.251633280068331,0.));
#7129=DIRECTION('',(0.,0.,1.));
#7130=DIRECTION('',(0.,0.,1.));
#7131=DIRECTION('',(0.781390166637006,0.624042792990186,0.));
#7132=DIRECTION('',(0.,0.,1.));
#7133=DIRECTION('',(0.,1.,0.));
#7134=DIRECTION('',(0.,0.,1.));
#7135=DIRECTION('',(0.,0.,1.));
#7136=DIRECTION('',(0.,0.,1.));
#7137=DIRECTION('',(-1.,0.,0.));
#7138=DIRECTION('',(0.,0.,1.));
#7139=DIRECTION('',(0.,0.,1.));
#7140=DIRECTION('',(0.,-1.,0.));
#7141=DIRECTION('',(0.,0.,-1.));
#7142=DIRECTION('',(0.,0.,1.));
#7143=DIRECTION('',(1.,0.,0.));
#7144=DIRECTION('',(0.,0.,-1.));
#7145=DIRECTION('',(0.,0.,1.));
#7146=DIRECTION('',(0.,-1.,0.));
#7147=DIRECTION('',(0.,0.,-1.));
#7148=DIRECTION('',(0.,0.,1.));
#7149=DIRECTION('',(0.,0.,1.));
#7150=DIRECTION('',(0.,0.,1.));
#7151=DIRECTION('',(-0.965342800303345,-0.260985206290502,0.));
#7152=DIRECTION('',(0.,0.,1.));
#7153=DIRECTION('',(0.,0.,1.));
#7154=DIRECTION('',(-0.990714841960747,-0.135956250017026,0.));
#7155=DIRECTION('',(0.,0.,1.));
#7156=DIRECTION('',(0.,0.,1.));
#7157=DIRECTION('',(-0.998806623413894,-0.0488398303082185,0.));
#7158=DIRECTION('',(0.,0.,1.));
#7159=DIRECTION('',(0.,-1.,0.));
#7160=DIRECTION('',(0.,0.,-1.));
#7161=DIRECTION('',(0.,0.,1.));
#7162=DIRECTION('',(1.,0.,0.));
#7163=DIRECTION('',(0.,0.,-1.));
#7164=DIRECTION('',(0.,0.,1.));
#7165=DIRECTION('',(0.,0.,1.));
#7166=DIRECTION('',(-0.997253398772506,-0.0740652323069698,0.));
#7167=DIRECTION('',(0.,0.,1.));
#7168=DIRECTION('',(0.,0.,1.));
#7169=DIRECTION('',(-0.967534903500687,-0.252737433926826,0.));
#7170=DIRECTION('',(0.,0.,1.));
#7171=DIRECTION('',(0.,0.,1.));
#7172=DIRECTION('',(-0.891172728156621,-0.453664158370358,0.));
#7173=DIRECTION('',(0.,0.,1.));
#7174=DIRECTION('',(0.,0.,1.));
#7175=DIRECTION('',(-0.736044757870469,-0.67693287289908,0.));
#7176=DIRECTION('',(0.,0.,1.));
#7177=DIRECTION('',(0.,0.,1.));
#7178=DIRECTION('',(0.,0.,1.));
#7179=DIRECTION('',(0.,0.,1.));
#7180=DIRECTION('',(0.,0.,1.));
#7181=DIRECTION('',(-0.749204617416319,0.662338615243039,0.));
#7182=DIRECTION('',(0.,0.,1.));
#7183=DIRECTION('',(0.,0.,1.));
#7184=DIRECTION('',(-0.950531846917235,0.310627120509639,0.));
#7185=DIRECTION('',(0.,0.,1.));
#7186=DIRECTION('',(0.,1.,0.));
#7187=DIRECTION('',(0.,0.,1.));
#7188=DIRECTION('',(0.,0.,1.));
#7189=DIRECTION('',(0.,0.,1.));
#7190=DIRECTION('',(-0.886961672419326,0.46184303790261,0.));
#7191=DIRECTION('',(0.,0.,1.));
#7192=DIRECTION('',(0.,0.,1.));
#7193=DIRECTION('',(0.,0.,1.));
#7194=DIRECTION('',(0.,0.,1.));
#7195=DIRECTION('',(0.,0.,1.));
#7196=DIRECTION('',(0.,0.,1.));
#7197=DIRECTION('',(0.,0.,1.));
#7198=DIRECTION('',(0.,0.,1.));
#7199=DIRECTION('',(0.899675109312998,0.436560073394997,0.));
#7200=DIRECTION('',(0.,0.,1.));
#7201=DIRECTION('',(0.,1.,0.));
#7202=DIRECTION('',(0.,0.,1.));
#7203=DIRECTION('',(0.,0.,1.));
#7204=DIRECTION('',(0.,0.,1.));
#7205=DIRECTION('',(0.952180147357401,0.305537177735276,0.));
#7206=DIRECTION('',(0.,0.,1.));
#7207=DIRECTION('',(0.,0.,1.));
#7208=DIRECTION('',(0.753399126388083,0.657563499867255,0.));
#7209=DIRECTION('',(0.,0.,1.));
#7210=CARTESIAN_POINT('',(0.,0.,0.));
#7211=CARTESIAN_POINT('',(-0.009375,0.,0.0015));
#7212=CARTESIAN_POINT('',(-0.03902,-0.0476,0.0015));
#7213=CARTESIAN_POINT('',(-0.095,-0.0476,0.0015));
#7214=CARTESIAN_POINT('',(0.07625,-0.0476,0.0015));
#7215=CARTESIAN_POINT('',(0.07625,-0.02865,0.0015));
#7216=CARTESIAN_POINT('',(0.07625,0.0476,0.0015));
#7217=CARTESIAN_POINT('',(-0.084625,0.0476,0.0015));
#7218=CARTESIAN_POINT('',(-0.095,0.0476,0.0015));
#7219=CARTESIAN_POINT('',(-0.095,0.,0.0015));
#7220=CARTESIAN_POINT('',(0.0605491405706102,-0.0456,0.0015));
#7221=CARTESIAN_POINT('',(0.0468482811412204,-0.0456,0.0015));
#7222=CARTESIAN_POINT('',(0.07425,-0.0456,0.0015));
#7223=CARTESIAN_POINT('',(0.0395999985879695,-0.01095,0.0015));
#7224=CARTESIAN_POINT('',(0.07425,-0.0181982758031166,0.0015));
#7225=CARTESIAN_POINT('',(0.07425,-0.0318991379015583,0.0015));
#7226=CARTESIAN_POINT('',(0.0569004288369205,-0.0117,0.0015));
#7227=CARTESIAN_POINT('',(0.0734608576738411,-0.0117,0.0015));
#7228=CARTESIAN_POINT('',(0.04034,-0.0117,0.0015));
#7229=CARTESIAN_POINT('',(0.0381305289140832,-0.00948009691671271,0.0015));
#7230=CARTESIAN_POINT('',(0.04034,-0.0448110796017763,0.0015));
#7231=CARTESIAN_POINT('',(0.04034,-0.0350105398008881,0.0015));
#7232=CARTESIAN_POINT('',(0.0162288834205936,-0.012420852042385,0.0015));
#7233=CARTESIAN_POINT('',(0.07347582234477,-0.0102,0.0015));
#7234=CARTESIAN_POINT('',(0.01846,0.0448256877551578,0.0015));
#7235=CARTESIAN_POINT('',(0.056907911172385,-0.0102,0.0015));
#7236=CARTESIAN_POINT('',(0.01846,-0.0102,0.0015));
#7237=CARTESIAN_POINT('',(0.01846,0.0173128438775789,0.0015));
#7238=CARTESIAN_POINT('',(0.07425,0.0219498642798617,0.0015));
#7239=CARTESIAN_POINT('',(0.07425,0.0456,0.0015));
#7240=CARTESIAN_POINT('',(0.07425,-0.0017002714402766,0.0015));
#7241=CARTESIAN_POINT('',(0.01771,-0.0109400008726004,0.0015));
#7242=CARTESIAN_POINT('',(0.0269497240926828,0.0456,0.0015));
#7243=CARTESIAN_POINT('',(0.0505998620463414,0.0456,0.0015));
#7244=CARTESIAN_POINT('',(-0.0341590374594277,0.0456,0.0015));
#7245=CARTESIAN_POINT('',(0.00593192508114475,0.0456,0.0015));
#7246=CARTESIAN_POINT('',(-0.07425,0.0456,0.0015));
#7247=CARTESIAN_POINT('',(0.0177000005393161,-0.04635,0.0015));
#7248=CARTESIAN_POINT('',(-0.07425,-0.0345819287557828,0.0015));
#7249=CARTESIAN_POINT('',(-0.07425,0.00550903562210863,0.0015));
#7250=CARTESIAN_POINT('',(0.0191880537716384,-0.0478382163871836,0.0015));
#7251=CARTESIAN_POINT('',(0.01696,0.0448350045365542,0.0015));
#7252=CARTESIAN_POINT('',(-0.0734849222644928,-0.0456,0.0015));
#7253=CARTESIAN_POINT('',(0.01696,0.0105625022682771,0.0015));
#7254=CARTESIAN_POINT('',(0.01696,-0.0456,0.0015));
#7255=CARTESIAN_POINT('',(-0.0282624611322464,-0.0456,0.0015));
#7256=CARTESIAN_POINT('',(0.01846,-0.0378704446583145,0.0015));
#7257=CARTESIAN_POINT('',(0.01846,-0.030140889316629,0.0015));
#7258=CARTESIAN_POINT('',(0.01846,-0.0456,0.0015));
#7259=CARTESIAN_POINT('',(0.0396000022851919,-0.02446,0.0015));
#7260=CARTESIAN_POINT('',(0.0339191044648022,-0.0456,0.0015));
#7261=CARTESIAN_POINT('',(0.0261895522324011,-0.0456,0.0015));
#7262=CARTESIAN_POINT('',(0.0410518498789681,-0.0230088646133708,0.0015));
#7263=CARTESIAN_POINT('',(0.0192727956512144,-0.02521,0.0015));
#7264=CARTESIAN_POINT('',(0.03884,-0.044786833300983,0.0015));
#7265=CARTESIAN_POINT('',(0.0248813978256072,-0.02521,0.0015));
#7266=CARTESIAN_POINT('',(0.03884,-0.02521,0.0015));
#7267=CARTESIAN_POINT('',(0.03884,-0.0349984166504914,0.0015));
#7268=CARTESIAN_POINT('',(0.01846,-0.0158689209227226,0.0015));
#7269=CARTESIAN_POINT('',(0.01846,-0.0117,0.0015));
#7270=CARTESIAN_POINT('',(0.01846,-0.0200378418454452,0.0015));
#7271=CARTESIAN_POINT('',(0.0226289348160301,-0.0117,0.0015));
#7272=CARTESIAN_POINT('',(0.0267978696320601,-0.0117,0.0015));
#7273=CARTESIAN_POINT('',(0.03124,-0.024480014803849,0.0015));
#7274=CARTESIAN_POINT('',(0.0249009267835648,-0.02371,0.0015));
#7275=CARTESIAN_POINT('',(0.0193118535671296,-0.02371,0.0015));
#7276=CARTESIAN_POINT('',(0.03049,-0.02371,0.0015));
#7277=CARTESIAN_POINT('',(0.0326626292020058,-0.0259050149292364,0.0015));
#7278=CARTESIAN_POINT('',(0.03049,-0.0125505781031113,0.0015));
#7279=CARTESIAN_POINT('',(0.03049,-0.021885,0.0015));
#7280=CARTESIAN_POINT('',(0.0367693430090133,-0.0117,0.0015));
#7281=CARTESIAN_POINT('',(0.03884,-0.0117,0.0015));
#7282=CARTESIAN_POINT('',(0.0346986860180264,-0.0117,0.0015));
#7283=CARTESIAN_POINT('',(0.03884,-0.0137706534103559,0.0015));
#7284=CARTESIAN_POINT('',(0.03884,-0.0158413068207118,0.0015));
#7285=CARTESIAN_POINT('',(0.03124,-0.0193000059808612,0.0015));
#7286=CARTESIAN_POINT('',(0.0298538405554194,-0.0206841460926206,0.0015));
#7287=CARTESIAN_POINT('',(0.0379291488007822,-0.01856,0.0015));
#7288=CARTESIAN_POINT('',(0.03199,-0.0126120074226182,0.0015));
#7289=CARTESIAN_POINT('',(0.0349595744003911,-0.01856,0.0015));
#7290=CARTESIAN_POINT('',(0.03199,-0.01856,0.0015));
#7291=CARTESIAN_POINT('',(0.03199,-0.0155860037113091,0.0015));
#7292=CARTESIAN_POINT('',(0.0379781602470552,-0.02371,0.0015));
#7293=CARTESIAN_POINT('',(0.0371163204941105,-0.02371,0.0015));
#7294=CARTESIAN_POINT('',(0.03884,-0.02371,0.0015));
#7295=CARTESIAN_POINT('',(0.0344399613152805,-0.01931,0.0015));
#7296=CARTESIAN_POINT('',(0.03884,-0.0219862955791689,0.0015));
#7297=CARTESIAN_POINT('',(0.03884,-0.0228481477895845,0.0015));
#7298=CARTESIAN_POINT('',(0.0331151978036254,-0.0179779934080288,0.0015));
#7299=CARTESIAN_POINT('',(0.03442,-0.02296,0.0015));
#7300=CARTESIAN_POINT('',(0.0378256274024091,-0.02006,0.0015));
#7301=CARTESIAN_POINT('',(0.03442,-0.02296,0.0015));
#7302=CARTESIAN_POINT('',(0.0334572633840848,-0.0232121435545671,0.0015));
#7303=CARTESIAN_POINT('',(0.0334572633840848,-0.023212143554567,0.0015));
#7304=CARTESIAN_POINT('',(0.03199,-0.02371,0.0015));
#7305=CARTESIAN_POINT('',(0.03199,-0.02371,0.0015));
#7306=CARTESIAN_POINT('',(0.03199,-0.021885,0.0015));
#7307=CARTESIAN_POINT('',(0.03199,-0.02006,0.0015));
#7308=CARTESIAN_POINT('',(0.033205,-0.02006,0.0015));
#7309=CARTESIAN_POINT('',(0.0344399613152806,-0.0193100000000289,0.0015));
#7310=CARTESIAN_POINT('',(0.03442,-0.02446,0.0015));
#7311=CARTESIAN_POINT('',(0.0344599226305612,-0.02446,0.0015));
#7312=CARTESIAN_POINT('',(0.0344399613152805,-0.02446,0.0015));
#7313=CARTESIAN_POINT('',(-0.0816252827237836,0.039005621170972,0.0015));
#7314=CARTESIAN_POINT('',(-0.0811820470514641,0.0385077005780417,0.0015));
#7315=CARTESIAN_POINT('',(-0.0820688120612433,0.039503871660456,0.0015));
#7316=CARTESIAN_POINT('',(-0.0820688120612433,0.039503871660456,0.0015));
#7317=CARTESIAN_POINT('',(-0.0817212847448788,0.0397918777237415,0.0015));
#7318=CARTESIAN_POINT('',(-0.0815648014504936,0.0401634055453799,0.0015));
#7319=CARTESIAN_POINT('',(-0.0815648014504936,0.0401634055453799,0.0015));
#7320=CARTESIAN_POINT('',(-0.0833693992483017,0.0409315453351337,0.0015));
#7321=CARTESIAN_POINT('',(-0.0814083013620212,0.040932381741515,0.00149999975));
#7322=CARTESIAN_POINT('',(-0.0814083181561085,0.0409563822396261,0.0015));
#7323=CARTESIAN_POINT('',(-0.0814083181561085,0.0409803827448999,0.0015));
#7324=CARTESIAN_POINT('',(-0.0808150256657403,0.0409803827448999,0.0015));
#7325=CARTESIAN_POINT('',(-0.080221733175372,0.0409803827448999,0.0015));
#7326=CARTESIAN_POINT('',(-0.080221733175372,0.0409736626034232,0.0015));
#7327=CARTESIAN_POINT('',(-0.0802221787304503,0.040966938274898,0.0015));
#7328=CARTESIAN_POINT('',(-0.0839348429028889,0.0409320489738677,0.0015));
#7329=CARTESIAN_POINT('',(-0.0804613922822131,0.0396227828898626,0.00149999975));
#7330=CARTESIAN_POINT('',(-0.0834983394424244,0.0407946211168981,0.0015));
#7331=CARTESIAN_POINT('',(-0.0808275059284826,-0.0413336701825301,0.0015));
#7332=CARTESIAN_POINT('',(-0.0814214608326024,-0.0413336701825301,0.0015));
#7333=CARTESIAN_POINT('',(-0.0802338881327933,-0.0413336701825301,0.0015));
#7334=CARTESIAN_POINT('',(-0.0836519166994538,-0.0411874069226495,0.0015));
#7335=CARTESIAN_POINT('',(-0.0805815580293547,-0.0426960289678076,0.0015));
#7336=CARTESIAN_POINT('',(-0.0834923668259165,-0.0412464426413543,0.0015));
#7337=CARTESIAN_POINT('',(-0.0814630393081327,-0.0437884418619338,0.0015));
#7338=CARTESIAN_POINT('',(-0.0814630393081327,-0.0437884418619338,0.0015));
#7339=CARTESIAN_POINT('',(-0.0820323312932271,-0.0442502115834016,0.0015));
#7340=CARTESIAN_POINT('',(-0.0828550686140128,-0.0445142171414134,0.0015));
#7341=CARTESIAN_POINT('',(-0.0828550686140128,-0.0445142171414134,0.0015));
#7342=CARTESIAN_POINT('',(-0.0828550686140128,-0.0445142171414134,0.0015));
#7343=CARTESIAN_POINT('',(-0.0836778059347985,-0.0447782226994251,0.0015));
#7344=CARTESIAN_POINT('',(-0.0847453484093769,-0.0447782226994251,0.0015));
#7345=CARTESIAN_POINT('',(-0.0847453484093769,-0.0447782226994251,0.0015));
#7346=CARTESIAN_POINT('',(-0.0847453484093769,-0.0447782226994251,0.0015));
#7347=CARTESIAN_POINT('',(-0.0858128908839553,-0.0447782226994251,0.0015));
#7348=CARTESIAN_POINT('',(-0.0866413883260068,-0.0445142171414134,0.0015));
#7349=CARTESIAN_POINT('',(-0.0866413883260068,-0.0445142171414134,0.0015));
#7350=CARTESIAN_POINT('',(-0.0866413883260068,-0.0445142171414134,0.0015));
#7351=CARTESIAN_POINT('',(-0.0874698857680582,-0.0442502115834016,0.0015));
#7352=CARTESIAN_POINT('',(-0.0880391777531526,-0.0437884418619338,0.0015));
#7353=CARTESIAN_POINT('',(-0.0880391777531526,-0.0437884418619338,0.0015));
#7354=CARTESIAN_POINT('',(-0.0860405969042035,-0.0412767328319533,0.0015));
#7355=CARTESIAN_POINT('',(-0.0889150648190441,-0.0427028272634518,0.0015));
#7356=CARTESIAN_POINT('',(-0.0856728120736618,-0.0411380270364536,0.0015));
#7357=CARTESIAN_POINT('',(-0.0892679913219566,-0.0413336701825301,0.0015));
#7358=CARTESIAN_POINT('',(-0.0886747111328027,-0.0413336701825301,0.0015));
#7359=CARTESIAN_POINT('',(-0.0880804586222235,-0.0413336701825301,0.0015));
#7360=CARTESIAN_POINT('',(-0.0861226472414903,-0.0411057278119155,0.0015));
#7361=CARTESIAN_POINT('',(-0.0878231732056884,-0.0421026463715025,0.0015));
#7362=CARTESIAN_POINT('',(-0.0878231732056884,-0.0421026463715025,0.0015));
#7363=CARTESIAN_POINT('',(-0.087613888799701,-0.0424626539506094,0.0015));
#7364=CARTESIAN_POINT('',(-0.0872116403313121,-0.0427266595086212,0.0015));
#7365=CARTESIAN_POINT('',(-0.0872116403313121,-0.0427266595086212,0.0015));
#7366=CARTESIAN_POINT('',(-0.0872116403313121,-0.0427266595086212,0.0015));
#7367=CARTESIAN_POINT('',(-0.0868093918629233,-0.0429906650666329,0.0015));
#7368=CARTESIAN_POINT('',(-0.0862036191098127,-0.0431461883408071,0.0015));
#7369=CARTESIAN_POINT('',(-0.0862036191098127,-0.0431461883408071,0.0015));
#7370=CARTESIAN_POINT('',(-0.0862036191098127,-0.0431461883408071,0.0015));
#7371=CARTESIAN_POINT('',(-0.0855978463567022,-0.0433017116149813,0.0015));
#7372=CARTESIAN_POINT('',(-0.0847453484093769,-0.0433132318575127,0.0015));
#7373=CARTESIAN_POINT('',(-0.0847453484093769,-0.0433132318575127,0.0015));
#7374=CARTESIAN_POINT('',(-0.0847453484093769,-0.0433132318575127,0.0015));
#7375=CARTESIAN_POINT('',(-0.0838928504620517,-0.0433017116149813,0.0015));
#7376=CARTESIAN_POINT('',(-0.0832870777089411,-0.0431461883408071,0.0015));
#7377=CARTESIAN_POINT('',(-0.0832870777089411,-0.0431461883408071,0.0015));
#7378=CARTESIAN_POINT('',(-0.0832870777089411,-0.0431461883408071,0.0015));
#7379=CARTESIAN_POINT('',(-0.0826813049558306,-0.0429906650666329,0.0015));
#7380=CARTESIAN_POINT('',(-0.0822790564874417,-0.0427199393671445,0.0015));
#7381=CARTESIAN_POINT('',(-0.0822790564874417,-0.0427199393671445,0.0015));
#7382=CARTESIAN_POINT('',(-0.0822790564874417,-0.0427199393671445,0.0015));
#7383=CARTESIAN_POINT('',(-0.0818768080190529,-0.0424492136676561,0.0015));
#7384=CARTESIAN_POINT('',(-0.0816665635928545,-0.0420892060885491,0.0015));
#7385=CARTESIAN_POINT('',(-0.0816665635928545,-0.0420892060885491,0.0015));
#7386=CARTESIAN_POINT('',(-0.0832061814834606,-0.0411711036554978,0.0015));
#7387=CARTESIAN_POINT('',(-0.0866413883260068,-0.0376673529969051,0.0015));
#7388=CARTESIAN_POINT('',(-0.0858128908839553,-0.0374091075601591,0.0015));
#7389=CARTESIAN_POINT('',(-0.0847453484093769,-0.0374091075601591,0.0015));
#7390=CARTESIAN_POINT('',(-0.0866413883260068,-0.0376673529969051,0.0015));
#7391=CARTESIAN_POINT('',(-0.0847453484093769,-0.0374091075601591,0.0015));
#7392=CARTESIAN_POINT('',(-0.0847453484093769,-0.0374091075601591,0.0015));
#7393=CARTESIAN_POINT('',(-0.0836778059347985,-0.0374091075601591,0.0015));
#7394=CARTESIAN_POINT('',(-0.0828550686140128,-0.0376673529969051,0.0015));
#7395=CARTESIAN_POINT('',(-0.0828550686140128,-0.0376673529969051,0.0015));
#7396=CARTESIAN_POINT('',(-0.0828550686140128,-0.0376673529969051,0.0015));
#7397=CARTESIAN_POINT('',(-0.0820323312932271,-0.0379255984336512,0.0015));
#7398=CARTESIAN_POINT('',(-0.0814630393081327,-0.038387368155119,0.0015));
#7399=CARTESIAN_POINT('',(-0.0814630393081327,-0.038387368155119,0.0015));
#7400=CARTESIAN_POINT('',(-0.083451307172575,-0.0408814074866212,0.0015));
#7401=CARTESIAN_POINT('',(-0.0805872166222949,-0.0394797349520944,0.0015));
#7402=CARTESIAN_POINT('',(-0.0838802887591458,-0.0410576457685766,0.0015));
#7403=CARTESIAN_POINT('',(-0.0802340827107768,-0.0408536600770541,0.0015));
#7404=CARTESIAN_POINT('',(-0.0808332660497483,-0.0408536600770541,0.0015));
#7405=CARTESIAN_POINT('',(-0.0814332799942384,-0.0408536600770541,0.0015));
#7406=CARTESIAN_POINT('',(-0.083444456251047,-0.0410887135942875,0.0015));
#7407=CARTESIAN_POINT('',(-0.0816848039768626,-0.0400866039285037,0.0015));
#7408=CARTESIAN_POINT('',(-0.0816848039768626,-0.0400866039285037,0.0015));
#7409=CARTESIAN_POINT('',(-0.0818883282615844,-0.0397265963493968,0.0015));
#7410=CARTESIAN_POINT('',(-0.0822848166087075,-0.039462590791385,0.0015));
#7411=CARTESIAN_POINT('',(-0.0822848166087075,-0.039462590791385,0.0015));
#7412=CARTESIAN_POINT('',(-0.0822848166087075,-0.039462590791385,0.0015));
#7413=CARTESIAN_POINT('',(-0.0826813049558306,-0.0391985852333732,0.0015));
#7414=CARTESIAN_POINT('',(-0.0832928378302069,-0.0390421019389881,0.0015));
#7415=CARTESIAN_POINT('',(-0.0832928378302069,-0.0390421019389881,0.0015));
#7416=CARTESIAN_POINT('',(-0.0832928378302069,-0.0390421019389881,0.0015));
#7417=CARTESIAN_POINT('',(-0.0839043707045832,-0.038885618644603,0.0015));
#7418=CARTESIAN_POINT('',(-0.0847453484093769,-0.0388740984020716,0.0015));
#7419=CARTESIAN_POINT('',(-0.0847453484093769,-0.0388740984020716,0.0015));
#7420=CARTESIAN_POINT('',(-0.0847453484093769,-0.0388740984020716,0.0015));
#7421=CARTESIAN_POINT('',(-0.0855978463567022,-0.038885618644603,0.0015));
#7422=CARTESIAN_POINT('',(-0.0862036191098127,-0.0390421019389881,0.0015));
#7423=CARTESIAN_POINT('',(-0.0862036191098127,-0.0390421019389881,0.0015));
#7424=CARTESIAN_POINT('',(-0.0862036191098127,-0.0390421019389881,0.0015));
#7425=CARTESIAN_POINT('',(-0.0868093918629233,-0.0391985852333732,0.0015));
#7426=CARTESIAN_POINT('',(-0.0872174004525779,-0.0394683509126507,0.0015));
#7427=CARTESIAN_POINT('',(-0.0872174004525779,-0.0394683509126507,0.0015));
#7428=CARTESIAN_POINT('',(-0.0872174004525779,-0.0394683509126507,0.0015));
#7429=CARTESIAN_POINT('',(-0.0876254090422324,-0.0397381165919282,0.0015));
#7430=CARTESIAN_POINT('',(-0.0878356534684308,-0.0400981241710351,0.0015));
#7431=CARTESIAN_POINT('',(-0.0878356534684308,-0.0400981241710351,0.0015));
#7432=CARTESIAN_POINT('',(-0.0862960355778237,-0.0410162266040865,0.0015));
#7433=CARTESIAN_POINT('',(-0.0880807562286829,-0.0408536600770541,0.0015));
#7434=CARTESIAN_POINT('',(-0.0886747111328027,-0.0408536600770541,0.0015));
#7435=CARTESIAN_POINT('',(-0.0892684183931643,-0.0408536600770541,0.0015));
#7436=CARTESIAN_POINT('',(-0.0855960950809182,-0.0410724715935368,0.0015));
#7437=CARTESIAN_POINT('',(-0.0889148775967163,-0.0394855531985928,0.0015));
#7438=CARTESIAN_POINT('',(-0.0860591910512732,-0.040866906621644,0.0015));
#7439=CARTESIAN_POINT('',(-0.0880391777531526,-0.038387368155119,0.0015));
#7440=CARTESIAN_POINT('',(-0.0880391777531526,-0.038387368155119,0.0015));
#7441=CARTESIAN_POINT('',(-0.0874698857680582,-0.0379255984336512,0.0015));
#7442=CARTESIAN_POINT('',(-0.0866413883260068,-0.0376673529969051,0.0015));
#7443=CARTESIAN_POINT('',(-0.0847875892986588,-0.0353815448746288,0.0015));
#7444=CARTESIAN_POINT('',(-0.0803657362070148,-0.0353815448746288,0.0015));
#7445=CARTESIAN_POINT('',(-0.0892094423903029,-0.0353815448746288,0.0015));
#7446=CARTESIAN_POINT('',(-0.0892094423903029,-0.0346500094738836,0.0015));
#7447=CARTESIAN_POINT('',(-0.0892094423903029,-0.0339184740731383,0.0015));
#7448=CARTESIAN_POINT('',(-0.0847875892986588,-0.0339184740731383,0.0015));
#7449=CARTESIAN_POINT('',(-0.0803657362070148,-0.0339184740731383,0.0015));
#7450=CARTESIAN_POINT('',(-0.0803657362070148,-0.0346500094738836,0.0015));
#7451=CARTESIAN_POINT('',(-0.0803657362070148,-0.0288111665508747,0.0015));
#7452=CARTESIAN_POINT('',(-0.0803657362070148,-0.0254453356912776,0.0015));
#7453=CARTESIAN_POINT('',(-0.0803657362070148,-0.0321769974104717,0.0015));
#7454=CARTESIAN_POINT('',(-0.0808572665550221,-0.0321769974104717,0.0015));
#7455=CARTESIAN_POINT('',(-0.0813487969030294,-0.0321769974104717,0.0015));
#7456=CARTESIAN_POINT('',(-0.0813487969030294,-0.030856969620413,0.0015));
#7457=CARTESIAN_POINT('',(-0.0813487969030294,-0.0295369418303543,0.0015));
#7458=CARTESIAN_POINT('',(-0.0852791196466662,-0.0295369418303543,0.0015));
#7459=CARTESIAN_POINT('',(-0.0892094423903029,-0.0295369418303543,0.0015));
#7460=CARTESIAN_POINT('',(-0.0892094423903029,-0.0288111665508747,0.0015));
#7461=CARTESIAN_POINT('',(-0.0892094423903029,-0.0280853912713952,0.0015));
#7462=CARTESIAN_POINT('',(-0.0852791196466662,-0.0280853912713952,0.0015));
#7463=CARTESIAN_POINT('',(-0.0813487969030294,-0.0280853912713952,0.0015));
#7464=CARTESIAN_POINT('',(-0.0813487969030294,-0.0267653634813364,0.0015));
#7465=CARTESIAN_POINT('',(-0.0813487969030294,-0.0254453356912776,0.0015));
#7466=CARTESIAN_POINT('',(-0.0808572665550221,-0.0254453356912776,0.0015));
#7467=CARTESIAN_POINT('',(-0.0864004232530579,-0.0202842670372007,0.0015));
#7468=CARTESIAN_POINT('',(-0.0864004232530579,-0.0194797701004231,0.0015));
#7469=CARTESIAN_POINT('',(-0.0864004232530579,-0.0210887639739783,0.0015));
#7470=CARTESIAN_POINT('',(-0.0868871535000104,-0.0212625276321606,0.0015));
#7471=CARTESIAN_POINT('',(-0.087373883746963,-0.0214362912903429,0.0015));
#7472=CARTESIAN_POINT('',(-0.087373883746963,-0.0202900271584665,0.0015));
#7473=CARTESIAN_POINT('',(-0.087373883746963,-0.01914376302659,0.0015));
#7474=CARTESIAN_POINT('',(-0.0868871535000104,-0.0193117665635065,0.0015));
#7475=CARTESIAN_POINT('',(-0.0834138003767868,-0.00195940125055261,0.0015));
#7476=CARTESIAN_POINT('',(-0.0864618645465588,-0.00195940125055261,0.0015));
#7477=CARTESIAN_POINT('',(-0.0803657362070148,-0.00195940125055261,0.0015));
#7478=CARTESIAN_POINT('',(-0.0803657362070148,-0.00269093665129789,0.0015));
#7479=CARTESIAN_POINT('',(-0.0803657362070148,-0.00342247205204317,0.0015));
#7480=CARTESIAN_POINT('',(-0.0847875892986588,-0.00342247205204317,0.0015));
#7481=CARTESIAN_POINT('',(-0.0892094423903029,-0.00342247205204317,0.0015));
#7482=CARTESIAN_POINT('',(-0.0892094423903029,-0.00269093665129789,0.0015));
#7483=CARTESIAN_POINT('',(-0.0892094423903029,-0.00195940125055262,0.0015));
#7484=CARTESIAN_POINT('',(-0.0865933873154592,-0.000471369923577311,0.0015));
#7485=CARTESIAN_POINT('',(-0.0839773322406155,0.001016661403398,0.0015));
#7486=CARTESIAN_POINT('',(-0.0825968231772668,0.001016661403398,0.0015));
#7487=CARTESIAN_POINT('',(-0.0812163141139181,0.001016661403398,0.0015));
#7488=CARTESIAN_POINT('',(-0.0838390893302384,-0.000471369923577307,0.0015));
#7489=CARTESIAN_POINT('',(-0.0803657362070148,0.00672878165856125,0.0015));
#7490=CARTESIAN_POINT('',(-0.0803657362070148,0.00851633929135352,0.0015));
#7491=CARTESIAN_POINT('',(-0.0803657362070148,0.00494122402576899,0.0015));
#7492=CARTESIAN_POINT('',(-0.0809110276868354,0.00494122402576899,0.0015));
#7493=CARTESIAN_POINT('',(-0.0814563191666561,0.00494122402576899,0.0015));
#7494=CARTESIAN_POINT('',(-0.0814563191666561,0.00672878165856125,0.0015));
#7495=CARTESIAN_POINT('',(-0.0814563191666561,0.00851633929135352,0.0015));
#7496=CARTESIAN_POINT('',(-0.0809110276868354,0.00851633929135352,0.0015));
#7497=CARTESIAN_POINT('',(-0.0886631908902713,0.00851633929135352,0.0015));
#7498=CARTESIAN_POINT('',(-0.0892094423903029,0.00851633929135352,0.0015));
#7499=CARTESIAN_POINT('',(-0.0881169393902397,0.00851633929135352,0.0015));
#7500=CARTESIAN_POINT('',(-0.0881169393902397,0.00672878165856125,0.0015));
#7501=CARTESIAN_POINT('',(-0.0881169393902397,0.00494122402576899,0.0015));
#7502=CARTESIAN_POINT('',(-0.0886631908902713,0.00494122402576899,0.0015));
#7503=CARTESIAN_POINT('',(-0.0892094423903029,0.00494122402576899,0.0015));
#7504=CARTESIAN_POINT('',(-0.0892094423903029,0.00672878165856125,0.0015));
#7505=CARTESIAN_POINT('',(-0.0847328681466346,0.00531371186761829,0.0015));
#7506=CARTESIAN_POINT('',(-0.0842403777784163,0.00531371186761829,0.0015));
#7507=CARTESIAN_POINT('',(-0.0852253585148528,0.00531371186761829,0.0015));
#7508=CARTESIAN_POINT('',(-0.0852253585148529,0.00691502557948591,0.0015));
#7509=CARTESIAN_POINT('',(-0.0852253585148528,0.00851633929135352,0.0015));
#7510=CARTESIAN_POINT('',(-0.0847328681466346,0.00851633929135352,0.0015));
#7511=CARTESIAN_POINT('',(-0.0842403777784163,0.00851633929135352,0.0015));
#7512=CARTESIAN_POINT('',(-0.0842403777784163,0.00691502557948591,0.0015));
#7513=CARTESIAN_POINT('',(-0.0892094423903029,0.00224068717236155,0.0015));
#7514=CARTESIAN_POINT('',(-0.0892094423903029,0.00150819175140532,0.0015));
#7515=CARTESIAN_POINT('',(-0.0892094423903029,0.00297318259331778,0.0015));
#7516=CARTESIAN_POINT('',(-0.0847875892986588,0.00297318259331778,0.0015));
#7517=CARTESIAN_POINT('',(-0.0803657362070148,0.00297318259331778,0.0015));
#7518=CARTESIAN_POINT('',(-0.0803657362070148,0.00224068717236155,0.0015));
#7519=CARTESIAN_POINT('',(-0.0803657362070148,0.00150819175140532,0.0015));
#7520=CARTESIAN_POINT('',(-0.0847875892986588,0.00150819175140532,0.0015));
#7521=CARTESIAN_POINT('',(-0.0847875892986588,-0.00888498705235895,0.0015));
#7522=CARTESIAN_POINT('',(-0.0892094423903029,-0.00888498705235895,0.0015));
#7523=CARTESIAN_POINT('',(-0.0803657362070148,-0.00888498705235895,0.0015));
#7524=CARTESIAN_POINT('',(-0.0803657362070148,-0.00960500221057281,0.0015));
#7525=CARTESIAN_POINT('',(-0.0803657362070148,-0.0103250173687867,0.0015));
#7526=CARTESIAN_POINT('',(-0.0847875892986588,-0.0103250173687867,0.0015));
#7527=CARTESIAN_POINT('',(-0.0892094423903029,-0.0103250173687867,0.0015));
#7528=CARTESIAN_POINT('',(-0.0892094423903029,-0.00960500221057281,0.0015));
#7529=CARTESIAN_POINT('',(-0.0874689257478472,-0.0138770921493084,0.0015));
#7530=CARTESIAN_POINT('',(-0.0857284091053916,-0.012869070927809,0.0015));
#7531=CARTESIAN_POINT('',(-0.0892094423903029,-0.0148851133708078,0.0015));
#7532=CARTESIAN_POINT('',(-0.0892094423903029,-0.014122857323312,0.0015));
#7533=CARTESIAN_POINT('',(-0.0892094423903029,-0.0133606012758163,0.0015));
#7534=CARTESIAN_POINT('',(-0.0876071686582243,-0.0125263437124992,0.0015));
#7535=CARTESIAN_POINT('',(-0.0860048639709008,-0.0116920700316818,0.0015));
#7536=CARTESIAN_POINT('',(-0.0865699813186483,-0.0116952935263792,0.0015));
#7537=CARTESIAN_POINT('',(-0.0860107799725404,-0.0116143373413346,0.0015));
#7538=CARTESIAN_POINT('',(-0.0849679688574226,-0.0115072454067545,0.0015));
#7539=CARTESIAN_POINT('',(-0.0860163193991064,-0.0114885635710949,0.00149999975));
#7540=CARTESIAN_POINT('',(-0.0860164151686771,-0.0110543927240573,0.0015));
#7541=CARTESIAN_POINT('',(-0.0860164151686771,-0.010816547716794,0.0015));
#7542=CARTESIAN_POINT('',(-0.0854884040526536,-0.010816547716794,0.0015));
#7543=CARTESIAN_POINT('',(-0.0849603929366301,-0.010816547716794,0.0015));
#7544=CARTESIAN_POINT('',(-0.0849603929366301,-0.0112245563064485,0.0015));
#7545=CARTESIAN_POINT('',(-0.084960491988651,-0.0116325653489019,0.0015));
#7546=CARTESIAN_POINT('',(-0.0833239912603909,-0.0116250843732557,0.0015));
#7547=CARTESIAN_POINT('',(-0.084871137912883,-0.0121596250792755,0.00149999975));
#7548=CARTESIAN_POINT('',(-0.0836435081287384,-0.0117363126940562,0.0015));
#7549=CARTESIAN_POINT('',(-0.0845773448724604,-0.0126396260973915,0.0015));
#7550=CARTESIAN_POINT('',(-0.0845773448724604,-0.0126396260973915,0.0015));
#7551=CARTESIAN_POINT('',(-0.0843728605675276,-0.0128556306448556,0.0015));
#7552=CARTESIAN_POINT('',(-0.084007092867155,-0.012988113433967,0.0015));
#7553=CARTESIAN_POINT('',(-0.084007092867155,-0.012988113433967,0.0015));
#7554=CARTESIAN_POINT('',(-0.084007092867155,-0.012988113433967,0.0015));
#7555=CARTESIAN_POINT('',(-0.0836413251667824,-0.0131205962230783,0.0015));
#7556=CARTESIAN_POINT('',(-0.0831017938082275,-0.0131205962230783,0.0015));
#7557=CARTESIAN_POINT('',(-0.0831017938082275,-0.0131205962230783,0.0015));
#7558=CARTESIAN_POINT('',(-0.0831499005355762,-0.0106839750063635,0.0015));
#7559=CARTESIAN_POINT('',(-0.0826025999823899,-0.0130600482963937,0.00149999975));
#7560=CARTESIAN_POINT('',(-0.0829164001695027,-0.0116620222780332,0.0015));
#7561=CARTESIAN_POINT('',(-0.0820630519399776,-0.0128143497757847,0.0015));
#7562=CARTESIAN_POINT('',(-0.0820630519399776,-0.0128143497757847,0.0015));
#7563=CARTESIAN_POINT('',(-0.0818057665234425,-0.012629065875071,0.0015));
#7564=CARTESIAN_POINT('',(-0.0816310428450493,-0.0122930588012379,0.0015));
#7565=CARTESIAN_POINT('',(-0.0816310428450493,-0.0122930588012379,0.0015));
#7566=CARTESIAN_POINT('',(-0.0816310428450493,-0.0122930588012379,0.0015));
#7567=CARTESIAN_POINT('',(-0.0814563191666561,-0.0119570517274047,0.0015));
#7568=CARTESIAN_POINT('',(-0.0814563191666561,-0.0114040800858965,0.0015));
#7569=CARTESIAN_POINT('',(-0.0814563191666561,-0.0114040800858965,0.0015));
#7570=CARTESIAN_POINT('',(-0.0814563191666561,-0.0111103139013452,0.0015));
#7571=CARTESIAN_POINT('',(-0.0814563191666561,-0.010816547716794,0.0015));
#7572=CARTESIAN_POINT('',(-0.0809110276868354,-0.010816547716794,0.0015));
#7573=CARTESIAN_POINT('',(-0.0803657362070148,-0.010816547716794,0.0015));
#7574=CARTESIAN_POINT('',(-0.0803657362070148,-0.0111227941640876,0.0015));
#7575=CARTESIAN_POINT('',(-0.0803656371725679,-0.0114290408011246,0.0015));
#7576=CARTESIAN_POINT('',(-0.0839484316874928,-0.0114221764070186,0.0015));
#7577=CARTESIAN_POINT('',(-0.0805454567127295,-0.012543307367155,0.0015));
#7578=CARTESIAN_POINT('',(-0.0834184495570665,-0.0116225096334674,0.0015));
#7579=CARTESIAN_POINT('',(-0.0810847397553568,-0.0135344072254842,0.00149999975));
#7580=CARTESIAN_POINT('',(-0.0832618491730003,-0.0117485900981459,0.0015));
#7581=CARTESIAN_POINT('',(-0.08195456965614,-0.014242859849681,0.0015));
#7582=CARTESIAN_POINT('',(-0.08195456965614,-0.014242859849681,0.0015));
#7583=CARTESIAN_POINT('',(-0.0824643403881555,-0.0145126255289585,0.0015));
#7584=CARTESIAN_POINT('',(-0.0831017938082275,-0.0145126255289585,0.0015));
#7585=CARTESIAN_POINT('',(-0.0831017938082275,-0.0145126255289585,0.0015));
#7586=CARTESIAN_POINT('',(-0.0831017938082275,-0.0145126255289585,0.0015));
#7587=CARTESIAN_POINT('',(-0.0840618140191793,-0.0145126255289585,0.0015));
#7588=CARTESIAN_POINT('',(-0.0847338281668455,-0.0140681361712878,0.0015));
#7589=CARTESIAN_POINT('',(-0.0847338281668455,-0.0140681361712878,0.0015));
#7590=CARTESIAN_POINT('',(-0.0832775348870338,-0.011849892377023,0.0015));
#7591=CARTESIAN_POINT('',(-0.0847933494199245,-0.0225403145329375,0.0015));
#7592=CARTESIAN_POINT('',(-0.0803772564495462,-0.0210042821954146,0.0015));
#7593=CARTESIAN_POINT('',(-0.0892094423903029,-0.0240763468704603,0.0015));
#7594=CARTESIAN_POINT('',(-0.0892094423903029,-0.0233323312069727,0.0015));
#7595=CARTESIAN_POINT('',(-0.0892094423903029,-0.0225883155434851,0.0015));
#7596=CARTESIAN_POINT('',(-0.0858973726625191,-0.0214420514116086,0.0015));
#7597=CARTESIAN_POINT('',(-0.0825853029347354,-0.0202957872797321,0.0015));
#7598=CARTESIAN_POINT('',(-0.0858973726625191,-0.0191380029053243,0.0015));
#7599=CARTESIAN_POINT('',(-0.0892094423903029,-0.0179802185309164,0.0015));
#7600=CARTESIAN_POINT('',(-0.0892094423903029,-0.0172304427461631,0.0015));
#7601=CARTESIAN_POINT('',(-0.0892094423903029,-0.0164806669614097,0.0015));
#7602=CARTESIAN_POINT('',(-0.0847933494199245,-0.018028219541464,0.0015));
#7603=CARTESIAN_POINT('',(-0.0803772564495462,-0.0195757721215183,0.0015));
#7604=CARTESIAN_POINT('',(-0.0803772564495462,-0.0202900271584665,0.0015));
#7605=CARTESIAN_POINT('',(-0.0847875892986588,0.0104728604812733,0.0015));
#7606=CARTESIAN_POINT('',(-0.0892094423903029,0.0104728604812733,0.0015));
#7607=CARTESIAN_POINT('',(-0.0803657362070148,0.0104728604812733,0.0015));
#7608=CARTESIAN_POINT('',(-0.0803657362070148,0.00974132508052803,0.0015));
#7609=CARTESIAN_POINT('',(-0.0803657362070148,0.00900978967978275,0.0015));
#7610=CARTESIAN_POINT('',(-0.0847875892986588,0.00900978967978275,0.0015));
#7611=CARTESIAN_POINT('',(-0.0892094423903029,0.00900978967978275,0.0015));
#7612=CARTESIAN_POINT('',(-0.0892094423903029,0.00974132508052803,0.0015));
#7613=CARTESIAN_POINT('',(-0.0803657362070148,0.0174042064043454,0.0015));
#7614=CARTESIAN_POINT('',(-0.0803657362070148,0.017770934124929,0.0015));
#7615=CARTESIAN_POINT('',(-0.0803657362070148,0.0170374786837618,0.0015));
#7616=CARTESIAN_POINT('',(-0.0803657362070148,0.0170374786837618,0.0015));
#7617=CARTESIAN_POINT('',(-0.0803657362070148,0.0159219351986357,0.0015));
#7618=CARTESIAN_POINT('',(-0.0807190236446451,0.0150761573927873,0.0015));
#7619=CARTESIAN_POINT('',(-0.0807190236446451,0.0150761573927873,0.0015));
#7620=CARTESIAN_POINT('',(-0.0807190236446451,0.0150761573927873,0.0015));
#7621=CARTESIAN_POINT('',(-0.0810723110822753,0.0142303795869387,0.0015));
#7622=CARTESIAN_POINT('',(-0.0816608034715888,0.0136726078443757,0.0015));
#7623=CARTESIAN_POINT('',(-0.0816608034715888,0.0136726078443757,0.0015));
#7624=CARTESIAN_POINT('',(-0.0843382502563139,0.0164751864449661,0.0015));
#7625=CARTESIAN_POINT('',(-0.0829990917462757,0.0128384041416301,0.00149999999999804));
#7626=CARTESIAN_POINT('',(-0.0845388971991083,0.0169849444579185,0.0015));
#7627=CARTESIAN_POINT('',(-0.0845418241259769,0.0125618624629827,0.0015));
#7628=CARTESIAN_POINT('',(-0.0845418241246552,0.0125618644603044,0.0015));
#7629=CARTESIAN_POINT('',(-0.0856324070842964,0.0125618644603044,0.0015));
#7630=CARTESIAN_POINT('',(-0.0864071433945345,0.0127961093917767,0.0015));
#7631=CARTESIAN_POINT('',(-0.0864071433945345,0.0127961093917767,0.0015));
#7632=CARTESIAN_POINT('',(-0.0864071433945345,0.0127961093917767,0.0015));
#7633=CARTESIAN_POINT('',(-0.0871818797047726,0.0130303543232489,0.0015));
#7634=CARTESIAN_POINT('',(-0.0877031706793195,0.0133903619023558,0.0015));
#7635=CARTESIAN_POINT('',(-0.0877031706793195,0.0133903619023558,0.0015));
#7636=CARTESIAN_POINT('',(-0.0877031706793195,0.0133903619023558,0.0015));
#7637=CARTESIAN_POINT('',(-0.0882244616538663,0.0137503694814628,0.0015));
#7638=CARTESIAN_POINT('',(-0.0885249479798942,0.0142006189603992,0.0015));
#7639=CARTESIAN_POINT('',(-0.0885249479798942,0.0142006189603992,0.0015));
#7640=CARTESIAN_POINT('',(-0.0885249479798942,0.0142006189603992,0.0015));
#7641=CARTESIAN_POINT('',(-0.0888254343059221,0.0146508684393356,0.0015));
#7642=CARTESIAN_POINT('',(-0.0889751974588306,0.0150703972715215,0.0015));
#7643=CARTESIAN_POINT('',(-0.0889751974588306,0.0150703972715215,0.0015));
#7644=CARTESIAN_POINT('',(-0.0889751974588306,0.0150703972715215,0.0015));
#7645=CARTESIAN_POINT('',(-0.0891249606117391,0.0154899261037074,0.0015));
#7646=CARTESIAN_POINT('',(-0.089167201501021,0.015838413440283,0.0015));
#7647=CARTESIAN_POINT('',(-0.089167201501021,0.015838413440283,0.0015));
#7648=CARTESIAN_POINT('',(-0.0841888363788779,0.0165217352330045,0.0015));
#7649=CARTESIAN_POINT('',(-0.0892099080830853,0.0163539287298992,0.00149999975));
#7650=CARTESIAN_POINT('',(-0.0892094423903029,0.0170624392092465,0.0015));
#7651=CARTESIAN_POINT('',(-0.0892094423903029,0.017770934124929,0.0015));
#7652=CARTESIAN_POINT('',(-0.0886814312742794,0.017770934124929,0.0015));
#7653=CARTESIAN_POINT('',(-0.0881534201582559,0.017770934124929,0.0015));
#7654=CARTESIAN_POINT('',(-0.0881534201582559,0.0173024442619845,0.0015));
#7655=CARTESIAN_POINT('',(-0.0881534201582559,0.01683395439904,0.0015));
#7656=CARTESIAN_POINT('',(-0.0881534201582559,0.01683395439904,0.0015));
#7657=CARTESIAN_POINT('',(-0.0881534201582559,0.0153708835975495,0.0015));
#7658=CARTESIAN_POINT('',(-0.0872174004525779,0.014722869955157,0.0015));
#7659=CARTESIAN_POINT('',(-0.0872174004525779,0.014722869955157,0.0015));
#7660=CARTESIAN_POINT('',(-0.0872174004525779,0.014722869955157,0.0015));
#7661=CARTESIAN_POINT('',(-0.0862813807468998,0.0140748563127645,0.0015));
#7662=CARTESIAN_POINT('',(-0.084505343356639,0.0140748563127645,0.0015));
#7663=CARTESIAN_POINT('',(-0.0845053433570081,0.0140748539284474,0.0015));
#7664=CARTESIAN_POINT('',(-0.0845046319302791,0.0186704990086389,0.0015));
#7665=CARTESIAN_POINT('',(-0.0834128059789047,0.0142062396220199,0.00149999999999911));
#7666=CARTESIAN_POINT('',(-0.0839667233373027,0.0164555667746858,0.0015));
#7667=CARTESIAN_POINT('',(-0.0824355397818269,0.0147161498136803,0.0015));
#7668=CARTESIAN_POINT('',(-0.0824355397818269,0.0147161498136803,0.0015));
#7669=CARTESIAN_POINT('',(-0.0819977705656329,0.0150943977767953,0.0015));
#7670=CARTESIAN_POINT('',(-0.0817270448661445,0.0157424114191878,0.0015));
#7671=CARTESIAN_POINT('',(-0.0817270448661445,0.0157424114191878,0.0015));
#7672=CARTESIAN_POINT('',(-0.0817270448661445,0.0157424114191878,0.0015));
#7673=CARTESIAN_POINT('',(-0.0814563191666561,0.0163904250615803,0.0015));
#7674=CARTESIAN_POINT('',(-0.0814563191666561,0.0174214867681425,0.0015));
#7675=CARTESIAN_POINT('',(-0.0814563191666561,0.0174214867681425,0.0015));
#7676=CARTESIAN_POINT('',(-0.0814563191666561,0.0175962104465358,0.0015));
#7677=CARTESIAN_POINT('',(-0.0814563191666561,0.017770934124929,0.0015));
#7678=CARTESIAN_POINT('',(-0.0809110276868354,0.017770934124929,0.0015));
#7679=CARTESIAN_POINT('',(-0.0847875892986588,0.019702494789364,0.0015));
#7680=CARTESIAN_POINT('',(-0.0892094423903029,0.019702494789364,0.0015));
#7681=CARTESIAN_POINT('',(-0.0803657362070148,0.019702494789364,0.0015));
#7682=CARTESIAN_POINT('',(-0.0803657362070148,0.0189824796311501,0.0015));
#7683=CARTESIAN_POINT('',(-0.0803657362070148,0.0182624644729363,0.0015));
#7684=CARTESIAN_POINT('',(-0.0847875892986588,0.0182624644729363,0.0015));
#7685=CARTESIAN_POINT('',(-0.0892094423903029,0.0182624644729363,0.0015));
#7686=CARTESIAN_POINT('',(-0.0892094423903029,0.0189824796311501,0.0015));
#7687=CARTESIAN_POINT('',(-0.0803657362070148,0.0260146276763722,0.0015));
#7688=CARTESIAN_POINT('',(-0.0803657362070148,0.0267471230973284,0.0015));
#7689=CARTESIAN_POINT('',(-0.0803657362070148,0.0252821322554159,0.0015));
#7690=CARTESIAN_POINT('',(-0.0842413377986273,0.0252821322554159,0.0015));
#7691=CARTESIAN_POINT('',(-0.0881169393902397,0.0252821322554159,0.0015));
#7692=CARTESIAN_POINT('',(-0.0881169393902397,0.023247849428409,0.0015));
#7693=CARTESIAN_POINT('',(-0.0881169393902397,0.0212135666014021,0.0015));
#7694=CARTESIAN_POINT('',(-0.0886631908902713,0.0212135666014021,0.0015));
#7695=CARTESIAN_POINT('',(-0.0892094423903029,0.0212135666014021,0.0015));
#7696=CARTESIAN_POINT('',(-0.0892094423903029,0.0239803448493653,0.0015));
#7697=CARTESIAN_POINT('',(-0.0892094423903029,0.0267471230973284,0.0015));
#7698=CARTESIAN_POINT('',(-0.0847875892986588,0.0267471230973284,0.0015));
#7699=CARTESIAN_POINT('',(-0.0808275059284826,0.0322307585422851,0.0015));
#7700=CARTESIAN_POINT('',(-0.0814214608326024,0.0322307585422851,0.0015));
#7701=CARTESIAN_POINT('',(-0.0802338881327934,0.0322307585422851,0.0015));
#7702=CARTESIAN_POINT('',(-0.0836519166994493,0.0323770218021646,0.0015));
#7703=CARTESIAN_POINT('',(-0.0805815580293548,0.0308683997570076,0.0015));
#7704=CARTESIAN_POINT('',(-0.083492366825916,0.0323179860834601,0.0015));
#7705=CARTESIAN_POINT('',(-0.0814630393081327,0.0297759868628813,0.0015));
#7706=CARTESIAN_POINT('',(-0.0814630393081327,0.0297759868628813,0.0015));
#7707=CARTESIAN_POINT('',(-0.0820323312932271,0.0293142171414135,0.0015));
#7708=CARTESIAN_POINT('',(-0.0828550686140128,0.0290502115834017,0.0015));
#7709=CARTESIAN_POINT('',(-0.0828550686140128,0.0290502115834017,0.0015));
#7710=CARTESIAN_POINT('',(-0.0828550686140128,0.0290502115834017,0.0015));
#7711=CARTESIAN_POINT('',(-0.0836778059347985,0.02878620602539,0.0015));
#7712=CARTESIAN_POINT('',(-0.084745348409377,0.02878620602539,0.0015));
#7713=CARTESIAN_POINT('',(-0.084745348409377,0.02878620602539,0.0015));
#7714=CARTESIAN_POINT('',(-0.084745348409377,0.02878620602539,0.0015));
#7715=CARTESIAN_POINT('',(-0.0858128908839554,0.02878620602539,0.0015));
#7716=CARTESIAN_POINT('',(-0.0866413883260068,0.0290502115834017,0.0015));
#7717=CARTESIAN_POINT('',(-0.0866413883260068,0.0290502115834017,0.0015));
#7718=CARTESIAN_POINT('',(-0.0866413883260068,0.0290502115834017,0.0015));
#7719=CARTESIAN_POINT('',(-0.0874698857680582,0.0293142171414135,0.0015));
#7720=CARTESIAN_POINT('',(-0.0880391777531526,0.0297759868628813,0.0015));
#7721=CARTESIAN_POINT('',(-0.0880391777531526,0.0297759868628813,0.0015));
#7722=CARTESIAN_POINT('',(-0.0860405969042025,0.0322876958928629,0.0015));
#7723=CARTESIAN_POINT('',(-0.0889150648190442,0.0308616014613634,0.0015));
#7724=CARTESIAN_POINT('',(-0.085672812073658,0.0324264016883628,0.0015));
#7725=CARTESIAN_POINT('',(-0.0892679913219568,0.0322307585422851,0.0015));
#7726=CARTESIAN_POINT('',(-0.0886747111328027,0.0322307585422851,0.0015));
#7727=CARTESIAN_POINT('',(-0.0880804586222235,0.0322307585422851,0.0015));
#7728=CARTESIAN_POINT('',(-0.0861226472414903,0.0324587009128997,0.0015));
#7729=CARTESIAN_POINT('',(-0.0878231732056884,0.0314617823533127,0.0015));
#7730=CARTESIAN_POINT('',(-0.0878231732056884,0.0314617823533127,0.0015));
#7731=CARTESIAN_POINT('',(-0.087613888799701,0.0311017747742058,0.0015));
#7732=CARTESIAN_POINT('',(-0.0872116403313121,0.030837769216194,0.0015));
#7733=CARTESIAN_POINT('',(-0.0872116403313121,0.030837769216194,0.0015));
#7734=CARTESIAN_POINT('',(-0.0872116403313121,0.030837769216194,0.0015));
#7735=CARTESIAN_POINT('',(-0.0868093918629233,0.0305737636581823,0.0015));
#7736=CARTESIAN_POINT('',(-0.0862036191098128,0.0304182403840081,0.0015));
#7737=CARTESIAN_POINT('',(-0.0862036191098128,0.0304182403840081,0.0015));
#7738=CARTESIAN_POINT('',(-0.0862036191098128,0.0304182403840081,0.0015));
#7739=CARTESIAN_POINT('',(-0.0855978463567022,0.0302627171098339,0.0015));
#7740=CARTESIAN_POINT('',(-0.084745348409377,0.0302511968673024,0.0015));
#7741=CARTESIAN_POINT('',(-0.084745348409377,0.0302511968673024,0.0015));
#7742=CARTESIAN_POINT('',(-0.084745348409377,0.0302511968673024,0.0015));
#7743=CARTESIAN_POINT('',(-0.0838928504620518,0.0302627171098339,0.0015));
#7744=CARTESIAN_POINT('',(-0.0832870777089412,0.0304182403840081,0.0015));
#7745=CARTESIAN_POINT('',(-0.0832870777089412,0.0304182403840081,0.0015));
#7746=CARTESIAN_POINT('',(-0.0832870777089412,0.0304182403840081,0.0015));
#7747=CARTESIAN_POINT('',(-0.0826813049558306,0.0305737636581823,0.0015));
#7748=CARTESIAN_POINT('',(-0.0822790564874418,0.0308444893576707,0.0015));
#7749=CARTESIAN_POINT('',(-0.0822790564874418,0.0308444893576707,0.0015));
#7750=CARTESIAN_POINT('',(-0.0822790564874418,0.0308444893576707,0.0015));
#7751=CARTESIAN_POINT('',(-0.081876808019053,0.0311152150571591,0.0015));
#7752=CARTESIAN_POINT('',(-0.0816665635928545,0.0314752226362661,0.0015));
#7753=CARTESIAN_POINT('',(-0.0816665635928545,0.0314752226362661,0.0015));
#7754=CARTESIAN_POINT('',(-0.083206181483463,0.032393325069318,0.0015));
#7755=CARTESIAN_POINT('',(-0.0866413883260068,0.0358970757279101,0.0015));
#7756=CARTESIAN_POINT('',(-0.0858128908839554,0.0361553211646561,0.0015));
#7757=CARTESIAN_POINT('',(-0.084745348409377,0.0361553211646561,0.0015));
#7758=CARTESIAN_POINT('',(-0.0866413883260068,0.0358970757279101,0.0015));
#7759=CARTESIAN_POINT('',(-0.084745348409377,0.0361553211646561,0.0015));
#7760=CARTESIAN_POINT('',(-0.084745348409377,0.0361553211646561,0.0015));
#7761=CARTESIAN_POINT('',(-0.0836778059347985,0.0361553211646561,0.0015));
#7762=CARTESIAN_POINT('',(-0.0828550686140128,0.0358970757279101,0.0015));
#7763=CARTESIAN_POINT('',(-0.0828550686140128,0.0358970757279101,0.0015));
#7764=CARTESIAN_POINT('',(-0.0828550686140128,0.0358970757279101,0.0015));
#7765=CARTESIAN_POINT('',(-0.0820323312932271,0.035638830291164,0.0015));
#7766=CARTESIAN_POINT('',(-0.0814630393081327,0.0351770605696962,0.0015));
#7767=CARTESIAN_POINT('',(-0.0814630393081327,0.0351770605696962,0.0015));
#7768=CARTESIAN_POINT('',(-0.0834513071725754,0.0326830212381936,0.0015));
#7769=CARTESIAN_POINT('',(-0.0805872166222949,0.0340846937727208,0.0015));
#7770=CARTESIAN_POINT('',(-0.0838802887591412,0.0325067829562403,0.0015));
#7771=CARTESIAN_POINT('',(-0.080234082710777,0.032710768647761,0.0015));
#7772=CARTESIAN_POINT('',(-0.0808332660497483,0.032710768647761,0.0015));
#7773=CARTESIAN_POINT('',(-0.0814332799942384,0.032710768647761,0.0015));
#7774=CARTESIAN_POINT('',(-0.0834444562510473,0.0324757151305276,0.0015));
#7775=CARTESIAN_POINT('',(-0.0816848039768626,0.0334778247963115,0.0015));
#7776=CARTESIAN_POINT('',(-0.0816848039768626,0.0334778247963115,0.0015));
#7777=CARTESIAN_POINT('',(-0.0818883282615844,0.0338378323754184,0.0015));
#7778=CARTESIAN_POINT('',(-0.0822848166087075,0.0341018379334301,0.0015));
#7779=CARTESIAN_POINT('',(-0.0822848166087075,0.0341018379334301,0.0015));
#7780=CARTESIAN_POINT('',(-0.0822848166087075,0.0341018379334301,0.0015));
#7781=CARTESIAN_POINT('',(-0.0826813049558306,0.0343658434914419,0.0015));
#7782=CARTESIAN_POINT('',(-0.0832928378302069,0.034522326785827,0.0015));
#7783=CARTESIAN_POINT('',(-0.0832928378302069,0.034522326785827,0.0015));
#7784=CARTESIAN_POINT('',(-0.0832928378302069,0.034522326785827,0.0015));
#7785=CARTESIAN_POINT('',(-0.0839043707045832,0.0346788100802122,0.0015));
#7786=CARTESIAN_POINT('',(-0.084745348409377,0.0346903303227436,0.0015));
#7787=CARTESIAN_POINT('',(-0.084745348409377,0.0346903303227436,0.0015));
#7788=CARTESIAN_POINT('',(-0.084745348409377,0.0346903303227436,0.0015));
#7789=CARTESIAN_POINT('',(-0.0855978463567022,0.0346788100802122,0.0015));
#7790=CARTESIAN_POINT('',(-0.0862036191098128,0.034522326785827,0.0015));
#7791=CARTESIAN_POINT('',(-0.0862036191098128,0.034522326785827,0.0015));
#7792=CARTESIAN_POINT('',(-0.0862036191098128,0.034522326785827,0.0015));
#7793=CARTESIAN_POINT('',(-0.0868093918629233,0.0343658434914419,0.0015));
#7794=CARTESIAN_POINT('',(-0.0872174004525779,0.0340960778121644,0.0015));
#7795=CARTESIAN_POINT('',(-0.0872174004525779,0.0340960778121644,0.0015));
#7796=CARTESIAN_POINT('',(-0.0872174004525779,0.0340960778121644,0.0015));
#7797=CARTESIAN_POINT('',(-0.0876254090422324,0.033826312132887,0.0015));
#7798=CARTESIAN_POINT('',(-0.0878356534684308,0.0334663045537801,0.0015));
#7799=CARTESIAN_POINT('',(-0.0878356534684308,0.0334663045537801,0.0015));
#7800=CARTESIAN_POINT('',(-0.0862960355778239,0.0325482021207287,0.0015));
#7801=CARTESIAN_POINT('',(-0.0880807562286829,0.032710768647761,0.0015));
#7802=CARTESIAN_POINT('',(-0.0886747111328027,0.032710768647761,0.0015));
#7803=CARTESIAN_POINT('',(-0.0892684183931643,0.032710768647761,0.0015));
#7804=CARTESIAN_POINT('',(-0.0855960950809158,0.0324919571312779,0.0015));
#7805=CARTESIAN_POINT('',(-0.0889148775967164,0.0340788755262224,0.0015));
#7806=CARTESIAN_POINT('',(-0.0860591910512721,0.0326975221031701,0.0015));
#7807=CARTESIAN_POINT('',(-0.0880391777531526,0.0351770605696962,0.0015));
#7808=CARTESIAN_POINT('',(-0.0880391777531526,0.0351770605696962,0.0015));
#7809=CARTESIAN_POINT('',(-0.0874698857680582,0.035638830291164,0.0015));
#7810=CARTESIAN_POINT('',(-0.0866413883260068,0.0358970757279101,0.0015));
#7811=CARTESIAN_POINT('',(-0.0846493463882818,0.0395163519231984,0.0015));
#7812=CARTESIAN_POINT('',(-0.0846493463882818,0.0409803827448999,0.0015));
#7813=CARTESIAN_POINT('',(-0.0846493463882818,0.0380523211014969,0.0015));
#7814=CARTESIAN_POINT('',(-0.0863591423839869,0.0380523211014969,0.0015));
#7815=CARTESIAN_POINT('',(-0.0880681092093635,0.0380523211014969,0.0015));
#7816=CARTESIAN_POINT('',(-0.0864883134418186,0.0400885343189278,0.0015));
#7817=CARTESIAN_POINT('',(-0.0886393549465937,0.0386695051600097,0.00149999975));
#7818=CARTESIAN_POINT('',(-0.0854437389826516,0.0407510340782088,0.0015));
#7819=CARTESIAN_POINT('',(-0.0890059342463113,0.0393896230910522,0.00149999975));
#7820=CARTESIAN_POINT('',(-0.0855523684899824,0.0407073854326433,0.0015));
#7821=CARTESIAN_POINT('',(-0.0892094066958239,0.0401691709948752,0.0015));
#7822=CARTESIAN_POINT('',(-0.083825039092489,0.0409729449818335,0.0015));
#7823=CARTESIAN_POINT('',(-0.0892689968735505,0.0409669424253067,0.00149999975));
#7824=CARTESIAN_POINT('',(-0.0892689636433819,0.0409736626034232,0.0015));
#7825=CARTESIAN_POINT('',(-0.0892689636433819,0.0409803827448999,0.0015));
#7826=CARTESIAN_POINT('',(-0.0887409525273584,0.0409803827448999,0.0015));
#7827=CARTESIAN_POINT('',(-0.0882131958199315,0.0409803827448999,0.0015));
#7828=CARTESIAN_POINT('',(-0.0839357426197571,0.0410287436388155,0.0015));
#7829=CARTESIAN_POINT('',(-0.0881946219943987,0.0406261431085917,0.00149999975));
#7830=CARTESIAN_POINT('',(-0.0837346944897591,0.0410217659330464,0.0015));
#7831=CARTESIAN_POINT('',(-0.088135130627465,0.0401941351901559,0.0015));
#7832=CARTESIAN_POINT('',(-0.0855145297669062,0.0406733904940922,0.0015));
#7833=CARTESIAN_POINT('',(-0.0880218973893555,0.0397736373397335,0.0015));
#7834=CARTESIAN_POINT('',(-0.0880218973893555,0.0397736373397335,0.0015));
#7835=CARTESIAN_POINT('',(-0.0879498958735341,0.0395749131560664,0.0015));
#7836=CARTESIAN_POINT('',(-0.0878174130844227,0.0394789111349712,0.0015));
#7837=CARTESIAN_POINT('',(-0.0878174130844227,0.0394789111349712,0.0015));
#7838=CARTESIAN_POINT('',(-0.0867249100843596,0.0394789111349712,0.0015));
#7839=CARTESIAN_POINT('',(-0.0856324070842964,0.0394789111349712,0.0015));
#7840=CARTESIAN_POINT('',(-0.0856324070842964,0.0402296469399355,0.0015));
#7841=CARTESIAN_POINT('',(-0.0856324070842964,0.0409803827448999,0.0015));
#7842=CARTESIAN_POINT('',(-0.0851408767362891,0.0409803827448999,0.0015));
#7843=CARTESIAN_POINT('',(-0.0865751469314511,0.0444114949788416,0.0015));
#7844=CARTESIAN_POINT('',(-0.0857764101159392,0.0446515000315796,0.0015));
#7845=CARTESIAN_POINT('',(-0.084745348409377,0.0446515000315796,0.0015));
#7846=CARTESIAN_POINT('',(-0.0865751469314511,0.0444114949788416,0.0015));
#7847=CARTESIAN_POINT('',(-0.084745348409377,0.0446515000315796,0.0015));
#7848=CARTESIAN_POINT('',(-0.084745348409377,0.0446515000315796,0.0015));
#7849=CARTESIAN_POINT('',(-0.0837123666623928,0.0446515000315796,0.0015));
#7850=CARTESIAN_POINT('',(-0.0829145898670919,0.0444114949788416,0.0015));
#7851=CARTESIAN_POINT('',(-0.0829145898670919,0.0444114949788416,0.0015));
#7852=CARTESIAN_POINT('',(-0.0829145898670919,0.0444114949788416,0.0015));
#7853=CARTESIAN_POINT('',(-0.0821168130717909,0.0441714899261037,0.0015));
#7854=CARTESIAN_POINT('',(-0.0815590413292279,0.0437519610939177,0.0015));
#7855=CARTESIAN_POINT('',(-0.0815590413292279,0.0437519610939177,0.0015));
#7856=CARTESIAN_POINT('',(-0.0834419355035018,0.041210891228961,0.0015));
#7857=CARTESIAN_POINT('',(-0.0806766307565277,0.0427440238178014,0.00149999975));
#7858=CARTESIAN_POINT('',(-0.0837159147777187,0.0410717706038481,0.0015));
#7859=CARTESIAN_POINT('',(-0.0802701078866715,0.0414719130929072,0.0015));
#7860=CARTESIAN_POINT('',(-0.0808697468177645,0.0414719130929072,0.0015));
#7861=CARTESIAN_POINT('',(-0.0814696456072153,0.0414719130929072,0.0015));
#7862=CARTESIAN_POINT('',(-0.0833551006350369,0.0409654531003537,0.0015));
#7863=CARTESIAN_POINT('',(-0.0817932862607001,0.0421372070990968,0.0015));
#7864=CARTESIAN_POINT('',(-0.0817932862607001,0.0421372070990968,0.0015));
#7865=CARTESIAN_POINT('',(-0.0820208110506957,0.0424434535463904,0.0015));
#7866=CARTESIAN_POINT('',(-0.0824230595190845,0.0426776984778627,0.0015));
#7867=CARTESIAN_POINT('',(-0.0824230595190845,0.0426776984778627,0.0015));
#7868=CARTESIAN_POINT('',(-0.0824230595190845,0.0426776984778627,0.0015));
#7869=CARTESIAN_POINT('',(-0.0828253079874733,0.0429119434093349,0.0015));
#7870=CARTESIAN_POINT('',(-0.0833955599927787,0.0430434661782353,0.0015));
#7871=CARTESIAN_POINT('',(-0.0833955599927787,0.0430434661782353,0.0015));
#7872=CARTESIAN_POINT('',(-0.0833955599927787,0.0430434661782353,0.0015));
#7873=CARTESIAN_POINT('',(-0.0839658119980841,0.0431749889471357,0.0015));
#7874=CARTESIAN_POINT('',(-0.084745348409377,0.0431884292300891,0.0015));
#7875=CARTESIAN_POINT('',(-0.084745348409377,0.0431884292300891,0.0015));
#7876=CARTESIAN_POINT('',(-0.084745348409377,0.0431884292300891,0.0015));
#7877=CARTESIAN_POINT('',(-0.0855248848206698,0.0431749889471357,0.0015));
#7878=CARTESIAN_POINT('',(-0.0861133772099833,0.0430434661782353,0.0015));
#7879=CARTESIAN_POINT('',(-0.0861133772099833,0.0430434661782353,0.0015));
#7880=CARTESIAN_POINT('',(-0.0861133772099833,0.0430434661782353,0.0015));
#7881=CARTESIAN_POINT('',(-0.0867018695992967,0.0429119434093349,0.0015));
#7882=CARTESIAN_POINT('',(-0.0871271585527484,0.0426776984778626,0.0015));
#7883=CARTESIAN_POINT('',(-0.0871271585527484,0.0426776984778626,0.0015));
#7884=CARTESIAN_POINT('',(-0.0871271585527484,0.0426776984778626,0.0015));
#7885=CARTESIAN_POINT('',(-0.0875524475062,0.0424434535463904,0.0015));
#7886=CARTESIAN_POINT('',(-0.0878049328216804,0.0421372070990968,0.0015));
#7887=CARTESIAN_POINT('',(-0.0878049328216804,0.0421372070990968,0.0015));
#7888=CARTESIAN_POINT('',(-0.0864674165542187,0.0410102130992078,0.0015));
#7889=CARTESIAN_POINT('',(-0.088153834244463,0.0414719130929072,0.0015));
#7890=CARTESIAN_POINT('',(-0.0886996716582875,0.0414719130929072,0.0015));
#7891=CARTESIAN_POINT('',(-0.0892455849606205,0.0414719130929072,0.0015));
#7892=CARTESIAN_POINT('',(-0.0858372317805516,0.0410654372544002,0.0015));
#7893=CARTESIAN_POINT('',(-0.0888313596446389,0.0427440331651363,0.0015));
#7894=CARTESIAN_POINT('',(-0.0860453560218616,0.0411708709568496,0.0015));
#7895=CARTESIAN_POINT('',(-0.0879374156107917,0.0437519610939177,0.0015));
#7896=CARTESIAN_POINT('',(-0.0879374156107917,0.0437519610939177,0.0015));
#7897=CARTESIAN_POINT('',(-0.087373883746963,0.0441714899261037,0.0015));
#7898=CARTESIAN_POINT('',(-0.0865751469314511,0.0444114949788416,0.0015));
#7899=CARTESIAN_POINT('',(-0.009375,0.,0.));
#7900=CARTESIAN_POINT('',(-0.009375,0.0380523211014969,0.));
#7901=CARTESIAN_POINT('',(-0.0846493463882818,0.0380523211014969,0.));
#7902=CARTESIAN_POINT('',(-0.0880681092093635,0.0380523211014969,0.));
#7903=CARTESIAN_POINT('',(-0.0846493463882818,0.,0.));
#7904=CARTESIAN_POINT('',(-0.0846493463882818,0.0409803827448999,0.));
#7905=CARTESIAN_POINT('',(-0.009375,0.0409803827448999,0.));
#7906=CARTESIAN_POINT('',(-0.0856324070842964,0.0409803827448999,0.));
#7907=CARTESIAN_POINT('',(-0.0856324070842964,0.,0.));
#7908=CARTESIAN_POINT('',(-0.0856324070842964,0.0394789111349712,0.));
#7909=CARTESIAN_POINT('',(-0.009375,0.0394789111349712,0.));
#7910=CARTESIAN_POINT('',(-0.0878174130844227,0.0394789111349712,0.));
#7911=CARTESIAN_POINT('',(-0.0880218973893555,0.0397736373397335,0.));
#7912=CARTESIAN_POINT('',(-0.0879498958735341,0.0395749131560664,0.));
#7913=CARTESIAN_POINT('',(-0.0878174130844227,0.0394789111349712,0.));
#7914=CARTESIAN_POINT('',(-0.0880218973893555,0.0397736373397335,0.));
#7915=CARTESIAN_POINT('',(-0.0855145297669062,0.0406733904940922,0.));
#7916=CARTESIAN_POINT('',(-0.088135130626916,0.0401941351959328,0.));
#7917=CARTESIAN_POINT('',(-0.0837346944897591,0.0410217659330464,0.));
#7918=CARTESIAN_POINT('',(-0.0881946219861917,0.0406261430217746,0.));
#7919=CARTESIAN_POINT('',(-0.0839357426197571,0.0410287436388155,0.));
#7920=CARTESIAN_POINT('',(-0.0882131958199315,0.0409803827448999,0.));
#7921=CARTESIAN_POINT('',(-0.009375,0.0409803827448999,0.));
#7922=CARTESIAN_POINT('',(-0.0892689636433819,0.0409803827448999,0.));
#7923=CARTESIAN_POINT('',(-0.0892689636433819,0.,0.));
#7924=CARTESIAN_POINT('',(-0.0892689968735505,0.0409669424253067,0.));
#7925=CARTESIAN_POINT('',(-0.083825039092489,0.0409729449818335,0.));
#7926=CARTESIAN_POINT('',(-0.0892094066956495,0.0401691709947609,0.));
#7927=CARTESIAN_POINT('',(-0.0855523684899824,0.0407073854326433,0.));
#7928=CARTESIAN_POINT('',(-0.08900593424637,0.0393896230912043,0.));
#7929=CARTESIAN_POINT('',(-0.0854437389826516,0.0407510340782088,0.));
#7930=CARTESIAN_POINT('',(-0.0886393549899044,0.0386695052256624,0.));
#7931=CARTESIAN_POINT('',(-0.0864883134418186,0.0400885343189278,0.));
#7932=CARTESIAN_POINT('',(-0.0836519166994493,0.0323770218021646,0.));
#7933=CARTESIAN_POINT('',(-0.0802338881327934,0.0322307585422851,0.));
#7934=CARTESIAN_POINT('',(-0.0805815580293548,0.0308683997570076,0.));
#7935=CARTESIAN_POINT('',(-0.009375,0.0322307585422851,0.));
#7936=CARTESIAN_POINT('',(-0.0814214608326024,0.0322307585422851,0.));
#7937=CARTESIAN_POINT('',(-0.083206181483463,0.032393325069318,0.));
#7938=CARTESIAN_POINT('',(-0.0816665635928545,0.0314752226362661,0.));
#7939=CARTESIAN_POINT('',(-0.0822790564874418,0.0308444893576707,0.));
#7940=CARTESIAN_POINT('',(-0.081876808019053,0.0311152150571591,0.));
#7941=CARTESIAN_POINT('',(-0.0816665635928545,0.0314752226362661,0.));
#7942=CARTESIAN_POINT('',(-0.0822790564874418,0.0308444893576707,0.));
#7943=CARTESIAN_POINT('',(-0.0832870777089412,0.0304182403840081,0.));
#7944=CARTESIAN_POINT('',(-0.0826813049558306,0.0305737636581823,0.));
#7945=CARTESIAN_POINT('',(-0.0822790564874418,0.0308444893576707,0.));
#7946=CARTESIAN_POINT('',(-0.0832870777089412,0.0304182403840081,0.));
#7947=CARTESIAN_POINT('',(-0.084745348409377,0.0302511968673024,0.));
#7948=CARTESIAN_POINT('',(-0.0838928504620518,0.0302627171098339,0.));
#7949=CARTESIAN_POINT('',(-0.0832870777089412,0.0304182403840081,0.));
#7950=CARTESIAN_POINT('',(-0.084745348409377,0.0302511968673024,0.));
#7951=CARTESIAN_POINT('',(-0.0862036191098128,0.0304182403840081,0.));
#7952=CARTESIAN_POINT('',(-0.0855978463567022,0.0302627171098339,0.));
#7953=CARTESIAN_POINT('',(-0.084745348409377,0.0302511968673024,0.));
#7954=CARTESIAN_POINT('',(-0.0862036191098128,0.0304182403840081,0.));
#7955=CARTESIAN_POINT('',(-0.0872116403313121,0.030837769216194,0.));
#7956=CARTESIAN_POINT('',(-0.0868093918629233,0.0305737636581823,0.));
#7957=CARTESIAN_POINT('',(-0.0862036191098128,0.0304182403840081,0.));
#7958=CARTESIAN_POINT('',(-0.0872116403313121,0.030837769216194,0.));
#7959=CARTESIAN_POINT('',(-0.0878231732056884,0.0314617823533127,0.));
#7960=CARTESIAN_POINT('',(-0.087613888799701,0.0311017747742058,0.));
#7961=CARTESIAN_POINT('',(-0.0872116403313121,0.030837769216194,0.));
#7962=CARTESIAN_POINT('',(-0.0878231732056884,0.0314617823533127,0.));
#7963=CARTESIAN_POINT('',(-0.0861226472414903,0.0324587009128997,0.));
#7964=CARTESIAN_POINT('',(-0.0880804586222235,0.0322307585422851,0.));
#7965=CARTESIAN_POINT('',(-0.009375,0.0322307585422851,0.));
#7966=CARTESIAN_POINT('',(-0.0892679913219568,0.0322307585422851,0.));
#7967=CARTESIAN_POINT('',(-0.085672812073658,0.0324264016883628,0.));
#7968=CARTESIAN_POINT('',(-0.088915064647004,0.030861600894968,0.));
#7969=CARTESIAN_POINT('',(-0.0860405969042025,0.0322876958928629,0.));
#7970=CARTESIAN_POINT('',(-0.0880391777531526,0.0297759868628813,0.));
#7971=CARTESIAN_POINT('',(-0.0866413883260068,0.0290502115834017,0.));
#7972=CARTESIAN_POINT('',(-0.0874698857680582,0.0293142171414135,0.));
#7973=CARTESIAN_POINT('',(-0.0880391777531526,0.0297759868628813,0.));
#7974=CARTESIAN_POINT('',(-0.0866413883260068,0.0290502115834017,0.));
#7975=CARTESIAN_POINT('',(-0.084745348409377,0.02878620602539,0.));
#7976=CARTESIAN_POINT('',(-0.0858128908839554,0.02878620602539,0.));
#7977=CARTESIAN_POINT('',(-0.0866413883260068,0.0290502115834017,0.));
#7978=CARTESIAN_POINT('',(-0.084745348409377,0.02878620602539,0.));
#7979=CARTESIAN_POINT('',(-0.0828550686140128,0.0290502115834017,0.));
#7980=CARTESIAN_POINT('',(-0.0836778059347985,0.02878620602539,0.));
#7981=CARTESIAN_POINT('',(-0.084745348409377,0.02878620602539,0.));
#7982=CARTESIAN_POINT('',(-0.0828550686140128,0.0290502115834017,0.));
#7983=CARTESIAN_POINT('',(-0.0814630393081327,0.0297759868628813,0.));
#7984=CARTESIAN_POINT('',(-0.0820323312932271,0.0293142171414135,0.));
#7985=CARTESIAN_POINT('',(-0.0828550686140128,0.0290502115834017,0.));
#7986=CARTESIAN_POINT('',(-0.0814630393081327,0.0297759868628813,0.));
#7987=CARTESIAN_POINT('',(-0.083492366825916,0.0323179860834601,0.));
#7988=CARTESIAN_POINT('',(-0.0803657362070148,0.,0.));
#7989=CARTESIAN_POINT('',(-0.0803657362070148,0.019702494789364,0.));
#7990=CARTESIAN_POINT('',(-0.0803657362070148,0.0182624644729363,0.));
#7991=CARTESIAN_POINT('',(-0.009375,0.019702494789364,0.));
#7992=CARTESIAN_POINT('',(-0.0892094423903029,0.019702494789364,0.));
#7993=CARTESIAN_POINT('',(-0.0892094423903029,0.,0.));
#7994=CARTESIAN_POINT('',(-0.0892094423903029,0.0182624644729363,0.));
#7995=CARTESIAN_POINT('',(-0.009375,0.0182624644729363,0.));
#7996=CARTESIAN_POINT('',(-0.0803657362070148,0.,0.));
#7997=CARTESIAN_POINT('',(-0.0803657362070148,0.0104728604812733,0.));
#7998=CARTESIAN_POINT('',(-0.0803657362070148,0.00900978967978275,0.));
#7999=CARTESIAN_POINT('',(-0.009375,0.0104728604812733,0.));
#8000=CARTESIAN_POINT('',(-0.0892094423903029,0.0104728604812733,0.));
#8001=CARTESIAN_POINT('',(-0.0892094423903029,0.,0.));
#8002=CARTESIAN_POINT('',(-0.0892094423903029,0.00900978967978275,0.));
#8003=CARTESIAN_POINT('',(-0.009375,0.00900978967978275,0.));
#8004=CARTESIAN_POINT('',(-0.0892094423903029,0.,0.));
#8005=CARTESIAN_POINT('',(-0.0892094423903029,-0.0148851133708078,0.));
#8006=CARTESIAN_POINT('',(-0.0892094423903029,-0.0133606012758163,0.));
#8007=CARTESIAN_POINT('',(-0.0229715025990549,0.0234766278210348,0.));
#8008=CARTESIAN_POINT('',(-0.0857284091053916,-0.012869070927809,0.));
#8009=CARTESIAN_POINT('',(-0.0832775348870338,-0.011849892377023,0.));
#8010=CARTESIAN_POINT('',(-0.0847338281668455,-0.0140681361712878,0.));
#8011=CARTESIAN_POINT('',(-0.0831017938082275,-0.0145126255289585,0.));
#8012=CARTESIAN_POINT('',(-0.0840618140191793,-0.0145126255289585,0.));
#8013=CARTESIAN_POINT('',(-0.0847338281668455,-0.0140681361712878,0.));
#8014=CARTESIAN_POINT('',(-0.0831017938082275,-0.0145126255289585,0.));
#8015=CARTESIAN_POINT('',(-0.08195456965614,-0.014242859849681,0.));
#8016=CARTESIAN_POINT('',(-0.0824643403881555,-0.0145126255289585,0.));
#8017=CARTESIAN_POINT('',(-0.0831017938082275,-0.0145126255289585,0.));
#8018=CARTESIAN_POINT('',(-0.08195456965614,-0.014242859849681,0.));
#8019=CARTESIAN_POINT('',(-0.0832618491730003,-0.0117485900981459,0.));
#8020=CARTESIAN_POINT('',(-0.0810847397553039,-0.0135344072254293,0.));
#8021=CARTESIAN_POINT('',(-0.0834184495570665,-0.0116225096334674,0.));
#8022=CARTESIAN_POINT('',(-0.0805454567127295,-0.012543307367155,0.));
#8023=CARTESIAN_POINT('',(-0.0839484316874928,-0.0114221764070186,0.));
#8024=CARTESIAN_POINT('',(-0.0803656371725679,-0.0114290408011246,0.));
#8025=CARTESIAN_POINT('',(-0.0803657362070148,0.,0.));
#8026=CARTESIAN_POINT('',(-0.0803657362070148,-0.010816547716794,0.));
#8027=CARTESIAN_POINT('',(-0.009375,-0.010816547716794,0.));
#8028=CARTESIAN_POINT('',(-0.0814563191666561,-0.010816547716794,0.));
#8029=CARTESIAN_POINT('',(-0.0814563191666561,0.,0.));
#8030=CARTESIAN_POINT('',(-0.0814563191666561,-0.0114040800858965,0.));
#8031=CARTESIAN_POINT('',(-0.0816310428450493,-0.0122930588012379,0.));
#8032=CARTESIAN_POINT('',(-0.0814563191666561,-0.0119570517274047,0.));
#8033=CARTESIAN_POINT('',(-0.0814563191666561,-0.0114040800858965,0.));
#8034=CARTESIAN_POINT('',(-0.0816310428450493,-0.0122930588012379,0.));
#8035=CARTESIAN_POINT('',(-0.0820630519399776,-0.0128143497757847,0.));
#8036=CARTESIAN_POINT('',(-0.0818057665234425,-0.012629065875071,0.));
#8037=CARTESIAN_POINT('',(-0.0816310428450493,-0.0122930588012379,0.));
#8038=CARTESIAN_POINT('',(-0.0820630519399776,-0.0128143497757847,0.));
#8039=CARTESIAN_POINT('',(-0.0829164001695027,-0.0116620222780332,0.));
#8040=CARTESIAN_POINT('',(-0.0826025999823899,-0.0130600482963937,0.));
#8041=CARTESIAN_POINT('',(-0.0831499005355762,-0.0106839750063635,0.));
#8042=CARTESIAN_POINT('',(-0.0831017938082275,-0.0131205962230783,0.));
#8043=CARTESIAN_POINT('',(-0.084007092867155,-0.012988113433967,0.));
#8044=CARTESIAN_POINT('',(-0.0836413251667824,-0.0131205962230783,0.));
#8045=CARTESIAN_POINT('',(-0.0831017938082275,-0.0131205962230783,0.));
#8046=CARTESIAN_POINT('',(-0.084007092867155,-0.012988113433967,0.));
#8047=CARTESIAN_POINT('',(-0.0845773448724604,-0.0126396260973915,0.));
#8048=CARTESIAN_POINT('',(-0.0843728605675276,-0.0128556306448556,0.));
#8049=CARTESIAN_POINT('',(-0.084007092867155,-0.012988113433967,0.));
#8050=CARTESIAN_POINT('',(-0.0845773448724604,-0.0126396260973915,0.));
#8051=CARTESIAN_POINT('',(-0.0836435081287384,-0.0117363126940562,0.));
#8052=CARTESIAN_POINT('',(-0.0848711378981182,-0.0121596251220098,0.));
#8053=CARTESIAN_POINT('',(-0.0833239912603909,-0.0116250843732557,0.));
#8054=CARTESIAN_POINT('',(-0.084960491988651,-0.0116325653489019,0.));
#8055=CARTESIAN_POINT('',(-0.0849603929366301,0.,0.));
#8056=CARTESIAN_POINT('',(-0.0849603929366301,-0.010816547716794,0.));
#8057=CARTESIAN_POINT('',(-0.009375,-0.010816547716794,0.));
#8058=CARTESIAN_POINT('',(-0.0860164151686771,-0.010816547716794,0.));
#8059=CARTESIAN_POINT('',(-0.0860164151686771,0.,0.));
#8060=CARTESIAN_POINT('',(-0.0860163193991064,-0.0114885635710949,0.));
#8061=CARTESIAN_POINT('',(-0.0849679688574226,-0.0115072454067545,0.));
#8062=CARTESIAN_POINT('',(-0.0860107802782571,-0.0116143355946255,0.));
#8063=CARTESIAN_POINT('',(-0.0865699813186483,-0.0116952935263792,0.));
#8064=CARTESIAN_POINT('',(-0.0860048639709008,-0.0116920700316818,0.));
#8065=CARTESIAN_POINT('',(-0.0209291864972481,0.0221909519722751,0.));
#8066=CARTESIAN_POINT('',(-0.009375,0.00297318259331779,0.));
#8067=CARTESIAN_POINT('',(-0.0892094423903029,0.00297318259331778,0.));
#8068=CARTESIAN_POINT('',(-0.0803657362070148,0.00297318259331778,0.));
#8069=CARTESIAN_POINT('',(-0.0892094423903029,0.,0.));
#8070=CARTESIAN_POINT('',(-0.0892094423903029,0.00150819175140532,0.));
#8071=CARTESIAN_POINT('',(-0.009375,0.00150819175140533,0.));
#8072=CARTESIAN_POINT('',(-0.0803657362070148,0.00150819175140532,0.));
#8073=CARTESIAN_POINT('',(-0.0803657362070148,0.,0.));
#8074=CARTESIAN_POINT('',(-0.0881169393902397,0.,0.));
#8075=CARTESIAN_POINT('',(-0.0881169393902397,0.00851633929135352,0.));
#8076=CARTESIAN_POINT('',(-0.0881169393902397,0.00494122402576899,0.));
#8077=CARTESIAN_POINT('',(-0.009375,0.00851633929135352,0.));
#8078=CARTESIAN_POINT('',(-0.0892094423903029,0.00851633929135352,0.));
#8079=CARTESIAN_POINT('',(-0.0892094423903029,0.,0.));
#8080=CARTESIAN_POINT('',(-0.0892094423903029,0.00494122402576899,0.));
#8081=CARTESIAN_POINT('',(-0.009375,0.00494122402576899,0.));
#8082=CARTESIAN_POINT('',(-0.0803657362070148,0.,0.));
#8083=CARTESIAN_POINT('',(-0.0803657362070148,-0.00195940125055261,0.));
#8084=CARTESIAN_POINT('',(-0.0803657362070148,-0.00342247205204317,0.));
#8085=CARTESIAN_POINT('',(-0.009375,-0.0019594012505526,0.));
#8086=CARTESIAN_POINT('',(-0.0864618645465588,-0.00195940125055261,0.));
#8087=CARTESIAN_POINT('',(-0.0273050732002636,0.0316031999891097,0.));
#8088=CARTESIAN_POINT('',(-0.0812163141139181,0.001016661403398,0.));
#8089=CARTESIAN_POINT('',(-0.009375,0.00101666140339801,0.));
#8090=CARTESIAN_POINT('',(-0.0839773322406155,0.001016661403398,0.));
#8091=CARTESIAN_POINT('',(-0.0280485747470328,0.0328293491520414,0.));
#8092=CARTESIAN_POINT('',(-0.0892094423903029,-0.00195940125055262,0.));
#8093=CARTESIAN_POINT('',(-0.0892094423903029,0.,0.));
#8094=CARTESIAN_POINT('',(-0.0892094423903029,-0.00342247205204317,0.));
#8095=CARTESIAN_POINT('',(-0.009375,-0.00342247205204315,0.));
#8096=CARTESIAN_POINT('',(-0.009375,-0.0321769974104717,0.));
#8097=CARTESIAN_POINT('',(-0.0803657362070148,-0.0321769974104717,0.));
#8098=CARTESIAN_POINT('',(-0.0813487969030294,-0.0321769974104717,0.));
#8099=CARTESIAN_POINT('',(-0.0803657362070148,0.,0.));
#8100=CARTESIAN_POINT('',(-0.0803657362070148,-0.0254453356912776,0.));
#8101=CARTESIAN_POINT('',(-0.009375,-0.0254453356912776,0.));
#8102=CARTESIAN_POINT('',(-0.0813487969030294,-0.0254453356912776,0.));
#8103=CARTESIAN_POINT('',(-0.0813487969030294,0.,0.));
#8104=CARTESIAN_POINT('',(-0.0813487969030294,-0.0280853912713952,0.));
#8105=CARTESIAN_POINT('',(-0.009375,-0.0280853912713952,0.));
#8106=CARTESIAN_POINT('',(-0.0892094423903029,-0.0280853912713952,0.));
#8107=CARTESIAN_POINT('',(-0.0892094423903029,0.,0.));
#8108=CARTESIAN_POINT('',(-0.0892094423903029,-0.0295369418303543,0.));
#8109=CARTESIAN_POINT('',(-0.009375,-0.0295369418303543,0.));
#8110=CARTESIAN_POINT('',(-0.0813487969030294,-0.0295369418303543,0.));
#8111=CARTESIAN_POINT('',(-0.0813487969030294,0.,0.));
#8112=CARTESIAN_POINT('',(-0.0847453484093769,-0.0374091075601591,0.));
#8113=CARTESIAN_POINT('',(-0.0836778059347985,-0.0374091075601591,0.));
#8114=CARTESIAN_POINT('',(-0.0828550686140128,-0.0376673529969051,0.));
#8115=CARTESIAN_POINT('',(-0.0847453484093769,-0.0374091075601591,0.));
#8116=CARTESIAN_POINT('',(-0.0828550686140128,-0.0376673529969051,0.));
#8117=CARTESIAN_POINT('',(-0.0866413883260068,-0.0376673529969051,0.));
#8118=CARTESIAN_POINT('',(-0.0858128908839553,-0.0374091075601591,0.));
#8119=CARTESIAN_POINT('',(-0.0847453484093769,-0.0374091075601591,0.));
#8120=CARTESIAN_POINT('',(-0.0866413883260068,-0.0376673529969051,0.));
#8121=CARTESIAN_POINT('',(-0.0880391777531526,-0.038387368155119,0.));
#8122=CARTESIAN_POINT('',(-0.0874698857680582,-0.0379255984336512,0.));
#8123=CARTESIAN_POINT('',(-0.0866413883260068,-0.0376673529969051,0.));
#8124=CARTESIAN_POINT('',(-0.0880391777531526,-0.038387368155119,0.));
#8125=CARTESIAN_POINT('',(-0.0860591910512732,-0.040866906621644,0.));
#8126=CARTESIAN_POINT('',(-0.088914877722683,-0.0394855533481711,0.));
#8127=CARTESIAN_POINT('',(-0.0855960950809182,-0.0410724715935368,0.));
#8128=CARTESIAN_POINT('',(-0.0892684183931643,-0.0408536600770541,0.));
#8129=CARTESIAN_POINT('',(-0.009375,-0.0408536600770541,0.));
#8130=CARTESIAN_POINT('',(-0.0880807562286829,-0.0408536600770541,0.));
#8131=CARTESIAN_POINT('',(-0.0862960355778237,-0.0410162266040865,0.));
#8132=CARTESIAN_POINT('',(-0.0878356534684308,-0.0400981241710351,0.));
#8133=CARTESIAN_POINT('',(-0.0872174004525779,-0.0394683509126507,0.));
#8134=CARTESIAN_POINT('',(-0.0876254090422324,-0.0397381165919282,0.));
#8135=CARTESIAN_POINT('',(-0.0878356534684308,-0.0400981241710351,0.));
#8136=CARTESIAN_POINT('',(-0.0872174004525779,-0.0394683509126507,0.));
#8137=CARTESIAN_POINT('',(-0.0862036191098127,-0.0390421019389881,0.));
#8138=CARTESIAN_POINT('',(-0.0868093918629233,-0.0391985852333732,0.));
#8139=CARTESIAN_POINT('',(-0.0872174004525779,-0.0394683509126507,0.));
#8140=CARTESIAN_POINT('',(-0.0862036191098127,-0.0390421019389881,0.));
#8141=CARTESIAN_POINT('',(-0.0847453484093769,-0.0388740984020716,0.));
#8142=CARTESIAN_POINT('',(-0.0855978463567022,-0.038885618644603,0.));
#8143=CARTESIAN_POINT('',(-0.0862036191098127,-0.0390421019389881,0.));
#8144=CARTESIAN_POINT('',(-0.0847453484093769,-0.0388740984020716,0.));
#8145=CARTESIAN_POINT('',(-0.0832928378302069,-0.0390421019389881,0.));
#8146=CARTESIAN_POINT('',(-0.0839043707045832,-0.038885618644603,0.));
#8147=CARTESIAN_POINT('',(-0.0847453484093769,-0.0388740984020716,0.));
#8148=CARTESIAN_POINT('',(-0.0832928378302069,-0.0390421019389881,0.));
#8149=CARTESIAN_POINT('',(-0.0822848166087075,-0.039462590791385,0.));
#8150=CARTESIAN_POINT('',(-0.0826813049558306,-0.0391985852333732,0.));
#8151=CARTESIAN_POINT('',(-0.0832928378302069,-0.0390421019389881,0.));
#8152=CARTESIAN_POINT('',(-0.0822848166087075,-0.039462590791385,0.));
#8153=CARTESIAN_POINT('',(-0.0816848039768626,-0.0400866039285037,0.));
#8154=CARTESIAN_POINT('',(-0.0818883282615844,-0.0397265963493968,0.));
#8155=CARTESIAN_POINT('',(-0.0822848166087075,-0.039462590791385,0.));
#8156=CARTESIAN_POINT('',(-0.0816848039768626,-0.0400866039285037,0.));
#8157=CARTESIAN_POINT('',(-0.083444456251047,-0.0410887135942875,0.));
#8158=CARTESIAN_POINT('',(-0.0814332799942384,-0.0408536600770541,0.));
#8159=CARTESIAN_POINT('',(-0.009375,-0.0408536600770541,0.));
#8160=CARTESIAN_POINT('',(-0.0802340827107768,-0.0408536600770541,0.));
#8161=CARTESIAN_POINT('',(-0.0838802887591458,-0.0410576457685766,0.));
#8162=CARTESIAN_POINT('',(-0.0805872167346375,-0.0394797346230842,0.));
#8163=CARTESIAN_POINT('',(-0.083451307172575,-0.0408814074866212,0.));
#8164=CARTESIAN_POINT('',(-0.0814630393081327,-0.038387368155119,0.));
#8165=CARTESIAN_POINT('',(-0.0828550686140128,-0.0376673529969051,0.));
#8166=CARTESIAN_POINT('',(-0.0820323312932271,-0.0379255984336512,0.));
#8167=CARTESIAN_POINT('',(-0.0814630393081327,-0.038387368155119,0.));
#8168=CARTESIAN_POINT('',(-0.0820688120612433,0.039503871660456,0.));
#8169=CARTESIAN_POINT('',(-0.0817212847448788,0.0397918777237415,0.));
#8170=CARTESIAN_POINT('',(-0.0815648014504936,0.0401634055453799,0.));
#8171=CARTESIAN_POINT('',(-0.0820688120612433,0.039503871660456,0.));
#8172=CARTESIAN_POINT('',(-0.0815648014504936,0.0401634055453799,0.));
#8173=CARTESIAN_POINT('',(-0.0303124769764761,-0.0186379852854183,0.));
#8174=CARTESIAN_POINT('',(-0.0811820470514641,0.0385077005780417,0.));
#8175=CARTESIAN_POINT('',(-0.0834983394424244,0.0407946211168981,0.));
#8176=CARTESIAN_POINT('',(-0.0804613923297845,0.0396227827608588,0.));
#8177=CARTESIAN_POINT('',(-0.0839348429028889,0.0409320489738677,0.));
#8178=CARTESIAN_POINT('',(-0.0802221787304503,0.040966938274898,0.));
#8179=CARTESIAN_POINT('',(-0.080221733175372,0.,0.));
#8180=CARTESIAN_POINT('',(-0.080221733175372,0.0409803827448999,0.));
#8181=CARTESIAN_POINT('',(-0.009375,0.0409803827448999,0.));
#8182=CARTESIAN_POINT('',(-0.0814083181561085,0.0409803827448999,0.));
#8183=CARTESIAN_POINT('',(-0.0814083181561085,0.,0.));
#8184=CARTESIAN_POINT('',(-0.0814083013620212,0.040932381741515,0.));
#8185=CARTESIAN_POINT('',(-0.0833693992483017,0.0409315453351337,0.));
#8186=CARTESIAN_POINT('',(-0.03902,-0.0476,0.));
#8187=CARTESIAN_POINT('',(-0.095,-0.0476,0.));
#8188=CARTESIAN_POINT('',(0.07625,-0.0476,0.));
#8189=CARTESIAN_POINT('',(-0.095,0.,0.));
#8190=CARTESIAN_POINT('',(-0.095,0.0476,0.));
#8191=CARTESIAN_POINT('',(-0.084625,0.0476,0.));
#8192=CARTESIAN_POINT('',(0.07625,0.0476,0.));
#8193=CARTESIAN_POINT('',(0.07625,-0.02865,0.));
#8194=CARTESIAN_POINT('',(0.0605491405706102,-0.0456,0.));
#8195=CARTESIAN_POINT('',(0.0468482811412204,-0.0456,0.));
#8196=CARTESIAN_POINT('',(0.07425,-0.0456,0.));
#8197=CARTESIAN_POINT('',(0.07425,-0.0318991379015583,0.));
#8198=CARTESIAN_POINT('',(0.07425,-0.0181982758031166,0.));
#8199=CARTESIAN_POINT('',(0.0395999985879695,-0.01095,0.));
#8200=CARTESIAN_POINT('',(0.0569004288369205,-0.0117,0.));
#8201=CARTESIAN_POINT('',(0.0734608576738411,-0.0117,0.));
#8202=CARTESIAN_POINT('',(0.04034,-0.0117,0.));
#8203=CARTESIAN_POINT('',(0.04034,-0.0350105398008881,0.));
#8204=CARTESIAN_POINT('',(0.04034,-0.0448110796017763,0.));
#8205=CARTESIAN_POINT('',(0.0381305289140832,-0.00948009691671271,0.));
#8206=CARTESIAN_POINT('',(0.0162288834205936,-0.012420852042385,0.));
#8207=CARTESIAN_POINT('',(0.07347582234477,-0.0102,0.));
#8208=CARTESIAN_POINT('',(0.01846,0.0448256877551578,0.));
#8209=CARTESIAN_POINT('',(0.01846,0.0173128438775789,0.));
#8210=CARTESIAN_POINT('',(0.01846,-0.0102,0.));
#8211=CARTESIAN_POINT('',(0.056907911172385,-0.0102,0.));
#8212=CARTESIAN_POINT('',(0.07425,0.0219498642798617,0.));
#8213=CARTESIAN_POINT('',(0.07425,0.0456,0.));
#8214=CARTESIAN_POINT('',(0.07425,-0.0017002714402766,0.));
#8215=CARTESIAN_POINT('',(0.0505998620463414,0.0456,0.));
#8216=CARTESIAN_POINT('',(0.0269497240926828,0.0456,0.));
#8217=CARTESIAN_POINT('',(0.01771,-0.0109400008726004,0.));
#8218=CARTESIAN_POINT('',(-0.0341590374594277,0.0456,0.));
#8219=CARTESIAN_POINT('',(0.00593192508114475,0.0456,0.));
#8220=CARTESIAN_POINT('',(-0.07425,0.0456,0.));
#8221=CARTESIAN_POINT('',(-0.07425,0.00550903562210863,0.));
#8222=CARTESIAN_POINT('',(-0.07425,-0.0345819287557828,0.));
#8223=CARTESIAN_POINT('',(0.0177000005393161,-0.04635,0.));
#8224=CARTESIAN_POINT('',(0.0191880537716384,-0.0478382163871836,0.));
#8225=CARTESIAN_POINT('',(0.01696,0.0448350045365542,0.));
#8226=CARTESIAN_POINT('',(-0.0734849222644928,-0.0456,0.));
#8227=CARTESIAN_POINT('',(-0.0282624611322464,-0.0456,0.));
#8228=CARTESIAN_POINT('',(0.01696,-0.0456,0.));
#8229=CARTESIAN_POINT('',(0.01696,0.0105625022682771,0.));
#8230=CARTESIAN_POINT('',(0.01846,-0.0378704446583145,0.));
#8231=CARTESIAN_POINT('',(0.01846,-0.030140889316629,0.));
#8232=CARTESIAN_POINT('',(0.01846,-0.0456,0.));
#8233=CARTESIAN_POINT('',(0.0261895522324011,-0.0456,0.));
#8234=CARTESIAN_POINT('',(0.0339191044648022,-0.0456,0.));
#8235=CARTESIAN_POINT('',(0.0396000022851919,-0.02446,0.));
#8236=CARTESIAN_POINT('',(0.0410518498789681,-0.0230088646133708,0.));
#8237=CARTESIAN_POINT('',(0.0192727956512144,-0.02521,0.));
#8238=CARTESIAN_POINT('',(0.03884,-0.044786833300983,0.));
#8239=CARTESIAN_POINT('',(0.03884,-0.0349984166504914,0.));
#8240=CARTESIAN_POINT('',(0.03884,-0.02521,0.));
#8241=CARTESIAN_POINT('',(0.0248813978256072,-0.02521,0.));
#8242=CARTESIAN_POINT('',(0.01846,-0.0158689209227226,0.));
#8243=CARTESIAN_POINT('',(0.01846,-0.0117,0.));
#8244=CARTESIAN_POINT('',(0.01846,-0.0200378418454452,0.));
#8245=CARTESIAN_POINT('',(0.03124,-0.024480014803849,0.));
#8246=CARTESIAN_POINT('',(0.0267978696320601,-0.0117,0.));
#8247=CARTESIAN_POINT('',(0.0226289348160301,-0.0117,0.));
#8248=CARTESIAN_POINT('',(0.0249009267835648,-0.02371,0.));
#8249=CARTESIAN_POINT('',(0.0193118535671296,-0.02371,0.));
#8250=CARTESIAN_POINT('',(0.03049,-0.02371,0.));
#8251=CARTESIAN_POINT('',(0.03049,-0.021885,0.));
#8252=CARTESIAN_POINT('',(0.03049,-0.0125505781031113,0.));
#8253=CARTESIAN_POINT('',(0.0326626292020058,-0.0259050149292364,0.));
#8254=CARTESIAN_POINT('',(0.0367693430090133,-0.0117,0.));
#8255=CARTESIAN_POINT('',(0.03884,-0.0117,0.));
#8256=CARTESIAN_POINT('',(0.0346986860180264,-0.0117,0.));
#8257=CARTESIAN_POINT('',(0.03124,-0.0193000059808612,0.));
#8258=CARTESIAN_POINT('',(0.03884,-0.0158413068207118,0.));
#8259=CARTESIAN_POINT('',(0.03884,-0.0137706534103559,0.));
#8260=CARTESIAN_POINT('',(0.0298538405554194,-0.0206841460926206,0.));
#8261=CARTESIAN_POINT('',(0.0379291488007822,-0.01856,0.));
#8262=CARTESIAN_POINT('',(0.03199,-0.0126120074226182,0.));
#8263=CARTESIAN_POINT('',(0.03199,-0.0155860037113091,0.));
#8264=CARTESIAN_POINT('',(0.03199,-0.01856,0.));
#8265=CARTESIAN_POINT('',(0.0349595744003911,-0.01856,0.));
#8266=CARTESIAN_POINT('',(0.0379781602470552,-0.02371,0.));
#8267=CARTESIAN_POINT('',(0.0371163204941105,-0.02371,0.));
#8268=CARTESIAN_POINT('',(0.03884,-0.02371,0.));
#8269=CARTESIAN_POINT('',(0.03884,-0.0228481477895845,0.));
#8270=CARTESIAN_POINT('',(0.03884,-0.0219862955791689,0.));
#8271=CARTESIAN_POINT('',(0.0344399613152805,-0.01931,0.));
#8272=CARTESIAN_POINT('',(0.0331151978036254,-0.0179779934080288,0.));
#8273=CARTESIAN_POINT('',(0.03442,-0.02296,0.));
#8274=CARTESIAN_POINT('',(0.0378256274024091,-0.02006,0.));
#8275=CARTESIAN_POINT('',(0.033205,-0.02006,0.));
#8276=CARTESIAN_POINT('',(0.03199,-0.02006,0.));
#8277=CARTESIAN_POINT('',(0.03199,-0.021885,0.));
#8278=CARTESIAN_POINT('',(0.03199,-0.02371,0.));
#8279=CARTESIAN_POINT('',(0.03442,-0.02296,0.));
#8280=CARTESIAN_POINT('',(0.0334572633840848,-0.0232121435545671,0.));
#8281=CARTESIAN_POINT('',(0.0334572633840848,-0.023212143554567,0.));
#8282=CARTESIAN_POINT('',(0.03199,-0.02371,0.));
#8283=CARTESIAN_POINT('',(0.0344399613152806,-0.0193100000000289,0.));
#8284=CARTESIAN_POINT('',(0.03442,-0.02446,0.));
#8285=CARTESIAN_POINT('',(0.0344599226305612,-0.02446,0.));
#8286=CARTESIAN_POINT('',(0.0344399613152805,-0.02446,0.));
#8287=CARTESIAN_POINT('',(-0.0836519166994538,-0.0411874069226495,0.));
#8288=CARTESIAN_POINT('',(-0.0802338881327933,-0.0413336701825301,0.));
#8289=CARTESIAN_POINT('',(-0.0805815580293547,-0.0426960289678076,0.));
#8290=CARTESIAN_POINT('',(-0.009375,-0.0413336701825301,0.));
#8291=CARTESIAN_POINT('',(-0.0814214608326024,-0.0413336701825301,0.));
#8292=CARTESIAN_POINT('',(-0.0832061814834606,-0.0411711036554978,0.));
#8293=CARTESIAN_POINT('',(-0.0816665635928545,-0.0420892060885491,0.));
#8294=CARTESIAN_POINT('',(-0.0822790564874417,-0.0427199393671445,0.));
#8295=CARTESIAN_POINT('',(-0.0818768080190529,-0.0424492136676561,0.));
#8296=CARTESIAN_POINT('',(-0.0816665635928545,-0.0420892060885491,0.));
#8297=CARTESIAN_POINT('',(-0.0822790564874417,-0.0427199393671445,0.));
#8298=CARTESIAN_POINT('',(-0.0832870777089411,-0.0431461883408071,0.));
#8299=CARTESIAN_POINT('',(-0.0826813049558306,-0.0429906650666329,0.));
#8300=CARTESIAN_POINT('',(-0.0822790564874417,-0.0427199393671445,0.));
#8301=CARTESIAN_POINT('',(-0.0832870777089411,-0.0431461883408071,0.));
#8302=CARTESIAN_POINT('',(-0.0847453484093769,-0.0433132318575127,0.));
#8303=CARTESIAN_POINT('',(-0.0838928504620517,-0.0433017116149813,0.));
#8304=CARTESIAN_POINT('',(-0.0832870777089411,-0.0431461883408071,0.));
#8305=CARTESIAN_POINT('',(-0.0847453484093769,-0.0433132318575127,0.));
#8306=CARTESIAN_POINT('',(-0.0862036191098127,-0.0431461883408071,0.));
#8307=CARTESIAN_POINT('',(-0.0855978463567022,-0.0433017116149813,0.));
#8308=CARTESIAN_POINT('',(-0.0847453484093769,-0.0433132318575127,0.));
#8309=CARTESIAN_POINT('',(-0.0862036191098127,-0.0431461883408071,0.));
#8310=CARTESIAN_POINT('',(-0.0872116403313121,-0.0427266595086212,0.));
#8311=CARTESIAN_POINT('',(-0.0868093918629233,-0.0429906650666329,0.));
#8312=CARTESIAN_POINT('',(-0.0862036191098127,-0.0431461883408071,0.));
#8313=CARTESIAN_POINT('',(-0.0872116403313121,-0.0427266595086212,0.));
#8314=CARTESIAN_POINT('',(-0.0878231732056884,-0.0421026463715025,0.));
#8315=CARTESIAN_POINT('',(-0.087613888799701,-0.0424626539506094,0.));
#8316=CARTESIAN_POINT('',(-0.0872116403313121,-0.0427266595086212,0.));
#8317=CARTESIAN_POINT('',(-0.0878231732056884,-0.0421026463715025,0.));
#8318=CARTESIAN_POINT('',(-0.0861226472414903,-0.0411057278119155,0.));
#8319=CARTESIAN_POINT('',(-0.0880804586222235,-0.0413336701825301,0.));
#8320=CARTESIAN_POINT('',(-0.009375,-0.0413336701825301,0.));
#8321=CARTESIAN_POINT('',(-0.0892679913219566,-0.0413336701825301,0.));
#8322=CARTESIAN_POINT('',(-0.0856728120736618,-0.0411380270364536,0.));
#8323=CARTESIAN_POINT('',(-0.088915064647004,-0.0427028278298472,0.));
#8324=CARTESIAN_POINT('',(-0.0860405969042035,-0.0412767328319533,0.));
#8325=CARTESIAN_POINT('',(-0.0880391777531526,-0.0437884418619338,0.));
#8326=CARTESIAN_POINT('',(-0.0866413883260068,-0.0445142171414134,0.));
#8327=CARTESIAN_POINT('',(-0.0874698857680582,-0.0442502115834016,0.));
#8328=CARTESIAN_POINT('',(-0.0880391777531526,-0.0437884418619338,0.));
#8329=CARTESIAN_POINT('',(-0.0866413883260068,-0.0445142171414134,0.));
#8330=CARTESIAN_POINT('',(-0.0847453484093769,-0.0447782226994251,0.));
#8331=CARTESIAN_POINT('',(-0.0858128908839553,-0.0447782226994251,0.));
#8332=CARTESIAN_POINT('',(-0.0866413883260068,-0.0445142171414134,0.));
#8333=CARTESIAN_POINT('',(-0.0847453484093769,-0.0447782226994251,0.));
#8334=CARTESIAN_POINT('',(-0.0828550686140128,-0.0445142171414134,0.));
#8335=CARTESIAN_POINT('',(-0.0836778059347985,-0.0447782226994251,0.));
#8336=CARTESIAN_POINT('',(-0.0847453484093769,-0.0447782226994251,0.));
#8337=CARTESIAN_POINT('',(-0.0828550686140128,-0.0445142171414134,0.));
#8338=CARTESIAN_POINT('',(-0.0814630393081327,-0.0437884418619338,0.));
#8339=CARTESIAN_POINT('',(-0.0820323312932271,-0.0442502115834016,0.));
#8340=CARTESIAN_POINT('',(-0.0828550686140128,-0.0445142171414134,0.));
#8341=CARTESIAN_POINT('',(-0.0814630393081327,-0.0437884418619338,0.));
#8342=CARTESIAN_POINT('',(-0.0834923668259165,-0.0412464426413543,0.));
#8343=CARTESIAN_POINT('',(-0.0892094423903029,0.,0.));
#8344=CARTESIAN_POINT('',(-0.0892094423903029,-0.0353815448746288,0.));
#8345=CARTESIAN_POINT('',(-0.0892094423903029,-0.0339184740731383,0.));
#8346=CARTESIAN_POINT('',(-0.009375,-0.0353815448746288,0.));
#8347=CARTESIAN_POINT('',(-0.0803657362070148,-0.0353815448746288,0.));
#8348=CARTESIAN_POINT('',(-0.0803657362070148,0.,0.));
#8349=CARTESIAN_POINT('',(-0.0803657362070148,-0.0339184740731383,0.));
#8350=CARTESIAN_POINT('',(-0.009375,-0.0339184740731383,0.));
#8351=CARTESIAN_POINT('',(-0.011404527233682,0.00568491882583851,0.));
#8352=CARTESIAN_POINT('',(-0.0864004232530579,-0.0210887639739783,0.));
#8353=CARTESIAN_POINT('',(-0.087373883746963,-0.0214362912903429,0.));
#8354=CARTESIAN_POINT('',(-0.0864004232530579,0.,0.));
#8355=CARTESIAN_POINT('',(-0.0864004232530579,-0.0194797701004231,0.));
#8356=CARTESIAN_POINT('',(-0.0235829096104789,-0.0411623438429305,0.));
#8357=CARTESIAN_POINT('',(-0.087373883746963,-0.01914376302659,0.));
#8358=CARTESIAN_POINT('',(-0.087373883746963,0.,0.));
#8359=CARTESIAN_POINT('',(-0.009375,0.00494122402576899,0.));
#8360=CARTESIAN_POINT('',(-0.0803657362070148,0.00494122402576899,0.));
#8361=CARTESIAN_POINT('',(-0.0814563191666561,0.00494122402576899,0.));
#8362=CARTESIAN_POINT('',(-0.0803657362070148,0.,0.));
#8363=CARTESIAN_POINT('',(-0.0803657362070148,0.00851633929135352,0.));
#8364=CARTESIAN_POINT('',(-0.009375,0.00851633929135352,0.));
#8365=CARTESIAN_POINT('',(-0.0814563191666561,0.00851633929135352,0.));
#8366=CARTESIAN_POINT('',(-0.0814563191666561,0.,0.));
#8367=CARTESIAN_POINT('',(-0.0852253585148529,0.,0.));
#8368=CARTESIAN_POINT('',(-0.0852253585148528,0.00531371186761829,0.));
#8369=CARTESIAN_POINT('',(-0.0852253585148528,0.00851633929135352,0.));
#8370=CARTESIAN_POINT('',(-0.009375,0.00531371186761829,0.));
#8371=CARTESIAN_POINT('',(-0.0842403777784163,0.00531371186761829,0.));
#8372=CARTESIAN_POINT('',(-0.0842403777784163,0.,0.));
#8373=CARTESIAN_POINT('',(-0.0842403777784163,0.00851633929135352,0.));
#8374=CARTESIAN_POINT('',(-0.009375,0.00851633929135352,0.));
#8375=CARTESIAN_POINT('',(-0.0803657362070148,0.,0.));
#8376=CARTESIAN_POINT('',(-0.0803657362070148,-0.00888498705235895,0.));
#8377=CARTESIAN_POINT('',(-0.0803657362070148,-0.0103250173687867,0.));
#8378=CARTESIAN_POINT('',(-0.009375,-0.00888498705235895,0.));
#8379=CARTESIAN_POINT('',(-0.0892094423903029,-0.00888498705235895,0.));
#8380=CARTESIAN_POINT('',(-0.0892094423903029,0.,0.));
#8381=CARTESIAN_POINT('',(-0.0892094423903029,-0.0103250173687867,0.));
#8382=CARTESIAN_POINT('',(-0.009375,-0.0103250173687867,0.));
#8383=CARTESIAN_POINT('',(-0.0892094423903029,0.,0.));
#8384=CARTESIAN_POINT('',(-0.0892094423903029,-0.0240763468704603,0.));
#8385=CARTESIAN_POINT('',(-0.0892094423903029,-0.0225883155434851,0.));
#8386=CARTESIAN_POINT('',(-0.0105206264566858,0.00329367606297163,0.));
#8387=CARTESIAN_POINT('',(-0.0803772564495462,-0.0210042821954146,0.));
#8388=CARTESIAN_POINT('',(-0.0803772564495462,0.,0.));
#8389=CARTESIAN_POINT('',(-0.0803772564495462,-0.0195757721215183,0.));
#8390=CARTESIAN_POINT('',(-0.0232504610938664,-0.0395949882331175,0.));
#8391=CARTESIAN_POINT('',(-0.0892094423903029,-0.0164806669614097,0.));
#8392=CARTESIAN_POINT('',(-0.0892094423903029,0.,0.));
#8393=CARTESIAN_POINT('',(-0.0892094423903029,-0.0179802185309164,0.));
#8394=CARTESIAN_POINT('',(-0.0236690253883052,-0.0408908686481365,0.));
#8395=CARTESIAN_POINT('',(-0.0825853029347354,-0.0202957872797321,0.));
#8396=CARTESIAN_POINT('',(-0.0109331178713411,0.00450209937699048,0.));
#8397=CARTESIAN_POINT('',(-0.0803657362070148,0.0170374786837618,0.));
#8398=CARTESIAN_POINT('',(-0.0803657362070148,0.0159219351986357,0.));
#8399=CARTESIAN_POINT('',(-0.0807190236446451,0.0150761573927873,0.));
#8400=CARTESIAN_POINT('',(-0.0803657362070148,0.0170374786837618,0.));
#8401=CARTESIAN_POINT('',(-0.0807190236446451,0.0150761573927873,0.));
#8402=CARTESIAN_POINT('',(-0.0803657362070148,0.,0.));
#8403=CARTESIAN_POINT('',(-0.0803657362070148,0.017770934124929,0.));
#8404=CARTESIAN_POINT('',(-0.009375,0.017770934124929,0.));
#8405=CARTESIAN_POINT('',(-0.0814563191666561,0.017770934124929,0.));
#8406=CARTESIAN_POINT('',(-0.0814563191666561,0.,0.));
#8407=CARTESIAN_POINT('',(-0.0814563191666561,0.0174214867681425,0.));
#8408=CARTESIAN_POINT('',(-0.0817270448661445,0.0157424114191878,0.));
#8409=CARTESIAN_POINT('',(-0.0814563191666561,0.0163904250615803,0.));
#8410=CARTESIAN_POINT('',(-0.0814563191666561,0.0174214867681425,0.));
#8411=CARTESIAN_POINT('',(-0.0817270448661445,0.0157424114191878,0.));
#8412=CARTESIAN_POINT('',(-0.0824355397818269,0.0147161498136803,0.));
#8413=CARTESIAN_POINT('',(-0.0819977705656329,0.0150943977767953,0.));
#8414=CARTESIAN_POINT('',(-0.0817270448661445,0.0157424114191878,0.));
#8415=CARTESIAN_POINT('',(-0.0824355397818269,0.0147161498136803,0.));
#8416=CARTESIAN_POINT('',(-0.0839667233373027,0.0164555667746858,0.));
#8417=CARTESIAN_POINT('',(-0.0834128058497984,0.0142062396532637,0.));
#8418=CARTESIAN_POINT('',(-0.0845046319302791,0.0186704990086389,0.));
#8419=CARTESIAN_POINT('',(-0.0845053433570081,0.0140748539284474,0.));
#8420=CARTESIAN_POINT('',(-0.0872174004525779,0.014722869955157,0.));
#8421=CARTESIAN_POINT('',(-0.0862813807468998,0.0140748563127645,0.));
#8422=CARTESIAN_POINT('',(-0.084505343356639,0.0140748563127645,0.));
#8423=CARTESIAN_POINT('',(-0.0872174004525779,0.014722869955157,0.));
#8424=CARTESIAN_POINT('',(-0.0881534201582559,0.01683395439904,0.));
#8425=CARTESIAN_POINT('',(-0.0881534201582559,0.0153708835975495,0.));
#8426=CARTESIAN_POINT('',(-0.0872174004525779,0.014722869955157,0.));
#8427=CARTESIAN_POINT('',(-0.0881534201582559,0.01683395439904,0.));
#8428=CARTESIAN_POINT('',(-0.0881534201582559,0.,0.));
#8429=CARTESIAN_POINT('',(-0.0881534201582559,0.017770934124929,0.));
#8430=CARTESIAN_POINT('',(-0.009375,0.017770934124929,0.));
#8431=CARTESIAN_POINT('',(-0.0892094423903029,0.017770934124929,0.));
#8432=CARTESIAN_POINT('',(-0.0892094423903029,0.,0.));
#8433=CARTESIAN_POINT('',(-0.0892099080830853,0.0163539287298992,0.));
#8434=CARTESIAN_POINT('',(-0.0841888363788779,0.0165217352330045,0.));
#8435=CARTESIAN_POINT('',(-0.089167201501021,0.015838413440283,0.));
#8436=CARTESIAN_POINT('',(-0.0889751974588306,0.0150703972715215,0.));
#8437=CARTESIAN_POINT('',(-0.0891249606117391,0.0154899261037074,0.));
#8438=CARTESIAN_POINT('',(-0.089167201501021,0.015838413440283,0.));
#8439=CARTESIAN_POINT('',(-0.0889751974588306,0.0150703972715215,0.));
#8440=CARTESIAN_POINT('',(-0.0885249479798942,0.0142006189603992,0.));
#8441=CARTESIAN_POINT('',(-0.0888254343059221,0.0146508684393356,0.));
#8442=CARTESIAN_POINT('',(-0.0889751974588306,0.0150703972715215,0.));
#8443=CARTESIAN_POINT('',(-0.0885249479798942,0.0142006189603992,0.));
#8444=CARTESIAN_POINT('',(-0.0877031706793195,0.0133903619023558,0.));
#8445=CARTESIAN_POINT('',(-0.0882244616538663,0.0137503694814628,0.));
#8446=CARTESIAN_POINT('',(-0.0885249479798942,0.0142006189603992,0.));
#8447=CARTESIAN_POINT('',(-0.0877031706793195,0.0133903619023558,0.));
#8448=CARTESIAN_POINT('',(-0.0864071433945345,0.0127961093917767,0.));
#8449=CARTESIAN_POINT('',(-0.0871818797047726,0.0130303543232489,0.));
#8450=CARTESIAN_POINT('',(-0.0877031706793195,0.0133903619023558,0.));
#8451=CARTESIAN_POINT('',(-0.0864071433945345,0.0127961093917767,0.));
#8452=CARTESIAN_POINT('',(-0.0845418241246552,0.0125618644603044,0.));
#8453=CARTESIAN_POINT('',(-0.0856324070842964,0.0125618644603044,0.));
#8454=CARTESIAN_POINT('',(-0.0864071433945345,0.0127961093917767,0.));
#8455=CARTESIAN_POINT('',(-0.0845418241259769,0.0125618624629827,0.));
#8456=CARTESIAN_POINT('',(-0.0845388971991083,0.0169849444579185,0.));
#8457=CARTESIAN_POINT('',(-0.082999091865704,0.0128384040981811,0.));
#8458=CARTESIAN_POINT('',(-0.0843382502563139,0.0164751864449661,0.));
#8459=CARTESIAN_POINT('',(-0.0816608034715888,0.0136726078443757,0.));
#8460=CARTESIAN_POINT('',(-0.0807190236446451,0.0150761573927873,0.));
#8461=CARTESIAN_POINT('',(-0.0810723110822753,0.0142303795869387,0.));
#8462=CARTESIAN_POINT('',(-0.0816608034715888,0.0136726078443757,0.));
#8463=CARTESIAN_POINT('',(-0.009375,0.0252821322554159,0.));
#8464=CARTESIAN_POINT('',(-0.0803657362070148,0.0252821322554159,0.));
#8465=CARTESIAN_POINT('',(-0.0881169393902397,0.0252821322554159,0.));
#8466=CARTESIAN_POINT('',(-0.0803657362070148,0.,0.));
#8467=CARTESIAN_POINT('',(-0.0803657362070148,0.0267471230973284,0.));
#8468=CARTESIAN_POINT('',(-0.009375,0.0267471230973284,0.));
#8469=CARTESIAN_POINT('',(-0.0892094423903029,0.0267471230973284,0.));
#8470=CARTESIAN_POINT('',(-0.0892094423903029,0.,0.));
#8471=CARTESIAN_POINT('',(-0.0892094423903029,0.0212135666014021,0.));
#8472=CARTESIAN_POINT('',(-0.009375,0.0212135666014021,0.));
#8473=CARTESIAN_POINT('',(-0.0881169393902397,0.0212135666014021,0.));
#8474=CARTESIAN_POINT('',(-0.0881169393902397,0.,0.));
#8475=CARTESIAN_POINT('',(-0.084745348409377,0.0361553211646561,0.));
#8476=CARTESIAN_POINT('',(-0.0836778059347985,0.0361553211646561,0.));
#8477=CARTESIAN_POINT('',(-0.0828550686140128,0.0358970757279101,0.));
#8478=CARTESIAN_POINT('',(-0.084745348409377,0.0361553211646561,0.));
#8479=CARTESIAN_POINT('',(-0.0828550686140128,0.0358970757279101,0.));
#8480=CARTESIAN_POINT('',(-0.0866413883260068,0.0358970757279101,0.));
#8481=CARTESIAN_POINT('',(-0.0858128908839554,0.0361553211646561,0.));
#8482=CARTESIAN_POINT('',(-0.084745348409377,0.0361553211646561,0.));
#8483=CARTESIAN_POINT('',(-0.0866413883260068,0.0358970757279101,0.));
#8484=CARTESIAN_POINT('',(-0.0880391777531526,0.0351770605696962,0.));
#8485=CARTESIAN_POINT('',(-0.0874698857680582,0.035638830291164,0.));
#8486=CARTESIAN_POINT('',(-0.0866413883260068,0.0358970757279101,0.));
#8487=CARTESIAN_POINT('',(-0.0880391777531526,0.0351770605696962,0.));
#8488=CARTESIAN_POINT('',(-0.0860591910512721,0.0326975221031701,0.));
#8489=CARTESIAN_POINT('',(-0.0889148777226831,0.0340788753766441,0.));
#8490=CARTESIAN_POINT('',(-0.0855960950809158,0.0324919571312779,0.));
#8491=CARTESIAN_POINT('',(-0.0892684183931643,0.032710768647761,0.));
#8492=CARTESIAN_POINT('',(-0.009375,0.032710768647761,0.));
#8493=CARTESIAN_POINT('',(-0.0880807562286829,0.032710768647761,0.));
#8494=CARTESIAN_POINT('',(-0.0862960355778239,0.0325482021207287,0.));
#8495=CARTESIAN_POINT('',(-0.0878356534684308,0.0334663045537801,0.));
#8496=CARTESIAN_POINT('',(-0.0872174004525779,0.0340960778121644,0.));
#8497=CARTESIAN_POINT('',(-0.0876254090422324,0.033826312132887,0.));
#8498=CARTESIAN_POINT('',(-0.0878356534684308,0.0334663045537801,0.));
#8499=CARTESIAN_POINT('',(-0.0872174004525779,0.0340960778121644,0.));
#8500=CARTESIAN_POINT('',(-0.0862036191098128,0.034522326785827,0.));
#8501=CARTESIAN_POINT('',(-0.0868093918629233,0.0343658434914419,0.));
#8502=CARTESIAN_POINT('',(-0.0872174004525779,0.0340960778121644,0.));
#8503=CARTESIAN_POINT('',(-0.0862036191098128,0.034522326785827,0.));
#8504=CARTESIAN_POINT('',(-0.084745348409377,0.0346903303227436,0.));
#8505=CARTESIAN_POINT('',(-0.0855978463567022,0.0346788100802122,0.));
#8506=CARTESIAN_POINT('',(-0.0862036191098128,0.034522326785827,0.));
#8507=CARTESIAN_POINT('',(-0.084745348409377,0.0346903303227436,0.));
#8508=CARTESIAN_POINT('',(-0.0832928378302069,0.034522326785827,0.));
#8509=CARTESIAN_POINT('',(-0.0839043707045832,0.0346788100802122,0.));
#8510=CARTESIAN_POINT('',(-0.084745348409377,0.0346903303227436,0.));
#8511=CARTESIAN_POINT('',(-0.0832928378302069,0.034522326785827,0.));
#8512=CARTESIAN_POINT('',(-0.0822848166087075,0.0341018379334301,0.));
#8513=CARTESIAN_POINT('',(-0.0826813049558306,0.0343658434914419,0.));
#8514=CARTESIAN_POINT('',(-0.0832928378302069,0.034522326785827,0.));
#8515=CARTESIAN_POINT('',(-0.0822848166087075,0.0341018379334301,0.));
#8516=CARTESIAN_POINT('',(-0.0816848039768626,0.0334778247963115,0.));
#8517=CARTESIAN_POINT('',(-0.0818883282615844,0.0338378323754184,0.));
#8518=CARTESIAN_POINT('',(-0.0822848166087075,0.0341018379334301,0.));
#8519=CARTESIAN_POINT('',(-0.0816848039768626,0.0334778247963115,0.));
#8520=CARTESIAN_POINT('',(-0.0834444562510473,0.0324757151305276,0.));
#8521=CARTESIAN_POINT('',(-0.0814332799942384,0.032710768647761,0.));
#8522=CARTESIAN_POINT('',(-0.009375,0.032710768647761,0.));
#8523=CARTESIAN_POINT('',(-0.080234082710777,0.032710768647761,0.));
#8524=CARTESIAN_POINT('',(-0.0838802887591412,0.0325067829562403,0.));
#8525=CARTESIAN_POINT('',(-0.0805872167346375,0.0340846941017311,0.));
#8526=CARTESIAN_POINT('',(-0.0834513071725754,0.0326830212381936,0.));
#8527=CARTESIAN_POINT('',(-0.0814630393081327,0.0351770605696962,0.));
#8528=CARTESIAN_POINT('',(-0.0828550686140128,0.0358970757279101,0.));
#8529=CARTESIAN_POINT('',(-0.0820323312932271,0.035638830291164,0.));
#8530=CARTESIAN_POINT('',(-0.0814630393081327,0.0351770605696962,0.));
#8531=CARTESIAN_POINT('',(-0.084745348409377,0.0446515000315796,0.));
#8532=CARTESIAN_POINT('',(-0.0837123666623928,0.0446515000315796,0.));
#8533=CARTESIAN_POINT('',(-0.0829145898670919,0.0444114949788416,0.));
#8534=CARTESIAN_POINT('',(-0.084745348409377,0.0446515000315796,0.));
#8535=CARTESIAN_POINT('',(-0.0829145898670919,0.0444114949788416,0.));
#8536=CARTESIAN_POINT('',(-0.0865751469314511,0.0444114949788416,0.));
#8537=CARTESIAN_POINT('',(-0.0857764101159392,0.0446515000315796,0.));
#8538=CARTESIAN_POINT('',(-0.084745348409377,0.0446515000315796,0.));
#8539=CARTESIAN_POINT('',(-0.0865751469314511,0.0444114949788416,0.));
#8540=CARTESIAN_POINT('',(-0.0879374156107917,0.0437519610939177,0.));
#8541=CARTESIAN_POINT('',(-0.087373883746963,0.0441714899261037,0.));
#8542=CARTESIAN_POINT('',(-0.0865751469314511,0.0444114949788416,0.));
#8543=CARTESIAN_POINT('',(-0.0879374156107917,0.0437519610939177,0.));
#8544=CARTESIAN_POINT('',(-0.0860453560218616,0.0411708709568496,0.));
#8545=CARTESIAN_POINT('',(-0.0888313596139634,0.0427440332222743,0.));
#8546=CARTESIAN_POINT('',(-0.0858372317805516,0.0410654372544002,0.));
#8547=CARTESIAN_POINT('',(-0.0892455849606205,0.0414719130929072,0.));
#8548=CARTESIAN_POINT('',(-0.009375,0.0414719130929072,0.));
#8549=CARTESIAN_POINT('',(-0.088153834244463,0.0414719130929072,0.));
#8550=CARTESIAN_POINT('',(-0.0864674165542187,0.0410102130992078,0.));
#8551=CARTESIAN_POINT('',(-0.0878049328216804,0.0421372070990968,0.));
#8552=CARTESIAN_POINT('',(-0.0871271585527484,0.0426776984778626,0.));
#8553=CARTESIAN_POINT('',(-0.0875524475062,0.0424434535463904,0.));
#8554=CARTESIAN_POINT('',(-0.0878049328216804,0.0421372070990968,0.));
#8555=CARTESIAN_POINT('',(-0.0871271585527484,0.0426776984778626,0.));
#8556=CARTESIAN_POINT('',(-0.0861133772099833,0.0430434661782353,0.));
#8557=CARTESIAN_POINT('',(-0.0867018695992967,0.0429119434093349,0.));
#8558=CARTESIAN_POINT('',(-0.0871271585527484,0.0426776984778626,0.));
#8559=CARTESIAN_POINT('',(-0.0861133772099833,0.0430434661782353,0.));
#8560=CARTESIAN_POINT('',(-0.084745348409377,0.0431884292300891,0.));
#8561=CARTESIAN_POINT('',(-0.0855248848206698,0.0431749889471357,0.));
#8562=CARTESIAN_POINT('',(-0.0861133772099833,0.0430434661782353,0.));
#8563=CARTESIAN_POINT('',(-0.084745348409377,0.0431884292300891,0.));
#8564=CARTESIAN_POINT('',(-0.0833955599927787,0.0430434661782353,0.));
#8565=CARTESIAN_POINT('',(-0.0839658119980841,0.0431749889471357,0.));
#8566=CARTESIAN_POINT('',(-0.084745348409377,0.0431884292300891,0.));
#8567=CARTESIAN_POINT('',(-0.0833955599927787,0.0430434661782353,0.));
#8568=CARTESIAN_POINT('',(-0.0824230595190845,0.0426776984778627,0.));
#8569=CARTESIAN_POINT('',(-0.0828253079874733,0.0429119434093349,0.));
#8570=CARTESIAN_POINT('',(-0.0833955599927787,0.0430434661782353,0.));
#8571=CARTESIAN_POINT('',(-0.0824230595190845,0.0426776984778627,0.));
#8572=CARTESIAN_POINT('',(-0.0817932862607001,0.0421372070990968,0.));
#8573=CARTESIAN_POINT('',(-0.0820208110506957,0.0424434535463904,0.));
#8574=CARTESIAN_POINT('',(-0.0824230595190845,0.0426776984778627,0.));
#8575=CARTESIAN_POINT('',(-0.0817932862607001,0.0421372070990968,0.));
#8576=CARTESIAN_POINT('',(-0.0833551006350369,0.0409654531003537,0.));
#8577=CARTESIAN_POINT('',(-0.0814696456072153,0.0414719130929072,0.));
#8578=CARTESIAN_POINT('',(-0.009375,0.0414719130929072,0.));
#8579=CARTESIAN_POINT('',(-0.0802701078866715,0.0414719130929072,0.));
#8580=CARTESIAN_POINT('',(-0.0837159147777187,0.0410717706038481,0.));
#8581=CARTESIAN_POINT('',(-0.0806766307569117,0.0427440238194759,0.));
#8582=CARTESIAN_POINT('',(-0.0834419355035018,0.041210891228961,0.));
#8583=CARTESIAN_POINT('',(-0.0815590413292279,0.0437519610939177,0.));
#8584=CARTESIAN_POINT('',(-0.0829145898670919,0.0444114949788416,0.));
#8585=CARTESIAN_POINT('',(-0.0821168130717909,0.0441714899261037,0.));
#8586=CARTESIAN_POINT('',(-0.0815590413292279,0.0437519610939177,0.));
#8587=CARTESIAN_POINT('',(0.0344399613152806,-0.0193100000000289,0.0015));
#8588=CARTESIAN_POINT('',(0.03442,-0.02446,0.0015));
#8589=CARTESIAN_POINT('',(0.0344599226305612,-0.02446,0.0015));
#8590=CARTESIAN_POINT('',(0.0331151978036254,-0.0179779934080288,0.0015));
#8591=CARTESIAN_POINT('',(0.03442,-0.02296,0.0015));
#8592=CARTESIAN_POINT('',(0.0378256274024091,-0.02006,0.0015));
#8593=CARTESIAN_POINT('',(0.03442,-0.02296,0.0015));
#8594=CARTESIAN_POINT('',(0.03442,-0.02296,0.));
#8595=CARTESIAN_POINT('',(0.0334572633840848,-0.0232121435545671,0.0015));
#8596=CARTESIAN_POINT('',(0.0334572633840848,-0.0232121435545671,2.16840434497101E-19));
#8597=CARTESIAN_POINT('',(0.0334572633840849,-0.023212143554567,0.0015));
#8598=CARTESIAN_POINT('',(0.0334572633840849,-0.023212143554567,2.16840434497101E-19));
#8599=CARTESIAN_POINT('',(0.03199,-0.02371,0.0015));
#8600=CARTESIAN_POINT('',(0.03199,-0.02371,0.));
#8601=CARTESIAN_POINT('',(0.03199,-0.02371,0.0015));
#8602=CARTESIAN_POINT('',(0.03199,-0.021885,0.0015));
#8603=CARTESIAN_POINT('',(0.03199,-0.02006,0.0015));
#8604=CARTESIAN_POINT('',(0.0379781602470552,-0.02371,0.0015));
#8605=CARTESIAN_POINT('',(0.0371163204941105,-0.02371,0.0015));
#8606=CARTESIAN_POINT('',(0.03884,-0.02371,0.0015));
#8607=CARTESIAN_POINT('',(0.0344399613152805,-0.01931,0.0015));
#8608=CARTESIAN_POINT('',(0.03884,-0.0219862955791689,0.0015));
#8609=CARTESIAN_POINT('',(0.0298538405554194,-0.0206841460926206,0.0015));
#8610=CARTESIAN_POINT('',(0.0379291488007822,-0.01856,0.0015));
#8611=CARTESIAN_POINT('',(0.03199,-0.0126120074226182,0.0015));
#8612=CARTESIAN_POINT('',(0.0349595744003911,-0.01856,0.0015));
#8613=CARTESIAN_POINT('',(0.03199,-0.01856,0.0015));
#8614=CARTESIAN_POINT('',(0.0367693430090133,-0.0117,0.0015));
#8615=CARTESIAN_POINT('',(0.03884,-0.0117,0.0015));
#8616=CARTESIAN_POINT('',(0.0346986860180264,-0.0117,0.0015));
#8617=CARTESIAN_POINT('',(0.03884,-0.0137706534103559,0.0015));
#8618=CARTESIAN_POINT('',(0.03884,-0.0158413068207118,0.0015));
#8619=CARTESIAN_POINT('',(0.0249009267835648,-0.02371,0.0015));
#8620=CARTESIAN_POINT('',(0.0193118535671296,-0.02371,0.0015));
#8621=CARTESIAN_POINT('',(0.03049,-0.02371,0.0015));
#8622=CARTESIAN_POINT('',(0.0326626292020058,-0.0259050149292364,0.0015));
#8623=CARTESIAN_POINT('',(0.03049,-0.0125505781031113,0.0015));
#8624=CARTESIAN_POINT('',(0.01846,-0.0158689209227226,0.0015));
#8625=CARTESIAN_POINT('',(0.01846,-0.0117,0.0015));
#8626=CARTESIAN_POINT('',(0.01846,-0.0200378418454452,0.0015));
#8627=CARTESIAN_POINT('',(0.0226289348160301,-0.0117,0.0015));
#8628=CARTESIAN_POINT('',(0.0267978696320601,-0.0117,0.0015));
#8629=CARTESIAN_POINT('',(0.0410518498789681,-0.0230088646133708,0.0015));
#8630=CARTESIAN_POINT('',(0.0192727956512144,-0.02521,0.0015));
#8631=CARTESIAN_POINT('',(0.03884,-0.044786833300983,0.0015));
#8632=CARTESIAN_POINT('',(0.0248813978256072,-0.02521,0.0015));
#8633=CARTESIAN_POINT('',(0.03884,-0.02521,0.0015));
#8634=CARTESIAN_POINT('',(0.01846,-0.0378704446583145,0.0015));
#8635=CARTESIAN_POINT('',(0.01846,-0.030140889316629,0.0015));
#8636=CARTESIAN_POINT('',(0.01846,-0.0456,0.0015));
#8637=CARTESIAN_POINT('',(0.0396000022851919,-0.02446,0.0015));
#8638=CARTESIAN_POINT('',(0.0339191044648022,-0.0456,0.0015));
#8639=CARTESIAN_POINT('',(0.0191880537716384,-0.0478382163871836,0.0015));
#8640=CARTESIAN_POINT('',(0.01696,0.0448350045365542,0.0015));
#8641=CARTESIAN_POINT('',(-0.0734849222644928,-0.0456,0.0015));
#8642=CARTESIAN_POINT('',(0.01696,0.0105625022682771,0.0015));
#8643=CARTESIAN_POINT('',(0.01696,-0.0456,0.0015));
#8644=CARTESIAN_POINT('',(-0.0341590374594277,0.0456,0.0015));
#8645=CARTESIAN_POINT('',(0.00593192508114475,0.0456,0.0015));
#8646=CARTESIAN_POINT('',(-0.07425,0.0456,0.0015));
#8647=CARTESIAN_POINT('',(0.0177000005393161,-0.04635,0.0015));
#8648=CARTESIAN_POINT('',(-0.07425,-0.0345819287557828,0.0015));
#8649=CARTESIAN_POINT('',(0.07425,0.0219498642798617,0.0015));
#8650=CARTESIAN_POINT('',(0.07425,-0.0017002714402766,0.0015));
#8651=CARTESIAN_POINT('',(0.07425,0.0456,0.0015));
#8652=CARTESIAN_POINT('',(0.01771,-0.0109400008726004,0.0015));
#8653=CARTESIAN_POINT('',(0.0269497240926828,0.0456,0.0015));
#8654=CARTESIAN_POINT('',(0.0162288834205936,-0.012420852042385,0.0015));
#8655=CARTESIAN_POINT('',(0.07347582234477,-0.0102,0.0015));
#8656=CARTESIAN_POINT('',(0.01846,0.0448256877551578,0.0015));
#8657=CARTESIAN_POINT('',(0.056907911172385,-0.0102,0.0015));
#8658=CARTESIAN_POINT('',(0.01846,-0.0102,0.0015));
#8659=CARTESIAN_POINT('',(0.0569004288369205,-0.0117,0.0015));
#8660=CARTESIAN_POINT('',(0.0734608576738411,-0.0117,0.0015));
#8661=CARTESIAN_POINT('',(0.04034,-0.0117,0.0015));
#8662=CARTESIAN_POINT('',(0.0381305289140832,-0.00948009691671271,0.0015));
#8663=CARTESIAN_POINT('',(0.04034,-0.0448110796017763,0.0015));
#8664=CARTESIAN_POINT('',(0.0605491405706102,-0.0456,0.0015));
#8665=CARTESIAN_POINT('',(0.0468482811412204,-0.0456,0.0015));
#8666=CARTESIAN_POINT('',(0.07425,-0.0456,0.0015));
#8667=CARTESIAN_POINT('',(0.0395999985879695,-0.01095,0.0015));
#8668=CARTESIAN_POINT('',(0.07425,-0.0181982758031166,0.0015));
#8669=CARTESIAN_POINT('',(-0.03902,-0.0476,0.0015));
#8670=CARTESIAN_POINT('',(0.07625,-0.0476,0.0015));
#8671=CARTESIAN_POINT('',(-0.095,-0.0476,0.0015));
#8672=CARTESIAN_POINT('',(0.07625,-0.02865,0.0015));
#8673=CARTESIAN_POINT('',(0.07625,0.0476,0.0015));
#8674=CARTESIAN_POINT('',(-0.084625,0.0476,0.0015));
#8675=CARTESIAN_POINT('',(-0.095,0.0476,0.0015));
#8676=CARTESIAN_POINT('',(0.033205,-0.02006,0.0015));
#8677=CARTESIAN_POINT('',(0.03884,-0.0228481477895845,0.0015));
#8678=CARTESIAN_POINT('',(0.03199,-0.0155860037113091,0.0015));
#8679=CARTESIAN_POINT('',(0.03124,-0.0193000059808612,0.0015));
#8680=CARTESIAN_POINT('',(0.03049,-0.021885,0.0015));
#8681=CARTESIAN_POINT('',(0.03124,-0.024480014803849,0.0015));
#8682=CARTESIAN_POINT('',(0.03884,-0.0349984166504914,0.0015));
#8683=CARTESIAN_POINT('',(0.0261895522324011,-0.0456,0.0015));
#8684=CARTESIAN_POINT('',(-0.0282624611322464,-0.0456,0.0015));
#8685=CARTESIAN_POINT('',(-0.07425,0.00550903562210863,0.0015));
#8686=CARTESIAN_POINT('',(0.0505998620463414,0.0456,0.0015));
#8687=CARTESIAN_POINT('',(0.01846,0.0173128438775789,0.0015));
#8688=CARTESIAN_POINT('',(0.04034,-0.0350105398008881,0.0015));
#8689=CARTESIAN_POINT('',(0.07425,-0.0318991379015583,0.0015));
#8690=CARTESIAN_POINT('',(-0.095,0.,0.0015));
#8691=CARTESIAN_POINT('',(0.0344399613152805,-0.02446,0.0015));
#8692=CARTESIAN_POINT('',(-0.0820688120612433,0.039503871660456,0.));
#8693=CARTESIAN_POINT('',(-0.0820688120612433,0.039503871660456,0.0015));
#8694=CARTESIAN_POINT('',(-0.081837127183667,0.0396958757026464,0.));
#8695=CARTESIAN_POINT('',(-0.081837127183667,0.0396958757026464,0.0015));
#8696=CARTESIAN_POINT('',(-0.0816691236467504,0.0399157203309543,0.));
#8697=CARTESIAN_POINT('',(-0.0816691236467504,0.0399157203309543,0.0015));
#8698=CARTESIAN_POINT('',(-0.0815648014504936,0.0401634055453799,0.));
#8699=CARTESIAN_POINT('',(-0.0815648014504936,0.0401634055453799,0.0015));
#8700=CARTESIAN_POINT('',(-0.0815648014504936,0.0401634055453799,-0.0235));
#8701=CARTESIAN_POINT('',(-0.0820688120612433,0.039503871660456,-0.0235));
#8702=CARTESIAN_POINT('',(-0.0816252827237836,0.039005621170972,-0.0235));
#8703=CARTESIAN_POINT('',(-0.0811820470514641,0.0385077005780417,0.));
#8704=CARTESIAN_POINT('',(-0.0834983394424244,0.0407946211168981,-0.0235));
#8705=CARTESIAN_POINT('',(-0.08046173822811,0.039622914166614,-0.0235));
#8706=CARTESIAN_POINT('',(-0.0839348429028889,0.0409320489738677,-0.0235));
#8707=CARTESIAN_POINT('',(-0.080221733175372,0.0409669424619465,-0.0235));
#8708=CARTESIAN_POINT('',(-0.080221733175372,0.0409736626034232,-0.0235));
#8709=CARTESIAN_POINT('',(-0.080221733175372,0.0409803827448999,-0.0235));
#8710=CARTESIAN_POINT('',(-0.0808150256657403,0.0409803827448999,-0.0235));
#8711=CARTESIAN_POINT('',(-0.0814083181561085,0.0409803827448999,-0.0235));
#8712=CARTESIAN_POINT('',(-0.0814083181561085,0.0409563822396261,-0.0235));
#8713=CARTESIAN_POINT('',(-0.0814083181561085,0.0409323817343523,-0.0235));
#8714=CARTESIAN_POINT('',(-0.0833693992483017,0.0409315453351337,-0.0235));
#8715=CARTESIAN_POINT('',(-0.0836519166994538,-0.0411874069226495,-0.0235));
#8716=CARTESIAN_POINT('',(-0.0805817407544789,-0.0426959388618707,-0.0235));
#8717=CARTESIAN_POINT('',(-0.0802338881327933,-0.0413336701825301,0.));
#8718=CARTESIAN_POINT('',(-0.0808275059284826,-0.0413336701825301,-0.0235));
#8719=CARTESIAN_POINT('',(-0.0814214608326024,-0.0413336701825301,0.));
#8720=CARTESIAN_POINT('',(-0.0832061814834606,-0.0411711036554978,-0.0235));
#8721=CARTESIAN_POINT('',(-0.0816665635928545,-0.0420892060885491,-0.0235));
#8722=CARTESIAN_POINT('',(-0.0822790564874417,-0.0427199393671445,0.));
#8723=CARTESIAN_POINT('',(-0.0822790564874417,-0.0427199393671445,0.0015));
#8724=CARTESIAN_POINT('',(-0.0820108908418492,-0.0425394555674856,0.));
#8725=CARTESIAN_POINT('',(-0.0820108908418492,-0.0425394555674856,0.0015));
#8726=CARTESIAN_POINT('',(-0.0818067265436534,-0.0423292111412871,0.));
#8727=CARTESIAN_POINT('',(-0.0818067265436534,-0.0423292111412871,0.0015));
#8728=CARTESIAN_POINT('',(-0.0816665635928545,-0.0420892060885491,0.));
#8729=CARTESIAN_POINT('',(-0.0816665635928545,-0.0420892060885491,0.0015));
#8730=CARTESIAN_POINT('',(-0.0822790564874417,-0.0427199393671445,-0.0235));
#8731=CARTESIAN_POINT('',(-0.0832870777089411,-0.0431461883408071,0.));
#8732=CARTESIAN_POINT('',(-0.0832870777089411,-0.0431461883408071,0.0015));
#8733=CARTESIAN_POINT('',(-0.0828832292068674,-0.0430425061580243,0.));
#8734=CARTESIAN_POINT('',(-0.0828832292068674,-0.0430425061580243,0.0015));
#8735=CARTESIAN_POINT('',(-0.0825472221330343,-0.0429004231668034,0.));
#8736=CARTESIAN_POINT('',(-0.0825472221330343,-0.0429004231668034,0.0015));
#8737=CARTESIAN_POINT('',(-0.0822790564874417,-0.0427199393671445,0.));
#8738=CARTESIAN_POINT('',(-0.0822790564874417,-0.0427199393671445,0.0015));
#8739=CARTESIAN_POINT('',(-0.0832870777089411,-0.0431461883408071,-0.0235));
#8740=CARTESIAN_POINT('',(-0.0847453484093769,-0.0433132318575127,0.));
#8741=CARTESIAN_POINT('',(-0.0847453484093769,-0.0433132318575127,0.0015));
#8742=CARTESIAN_POINT('',(-0.0841770164444934,-0.0433055516958251,0.));
#8743=CARTESIAN_POINT('',(-0.0841770164444934,-0.0433055516958251,0.0015));
#8744=CARTESIAN_POINT('',(-0.0836909262110148,-0.0432498705235899,0.));
#8745=CARTESIAN_POINT('',(-0.0836909262110148,-0.0432498705235899,0.0015));
#8746=CARTESIAN_POINT('',(-0.0832870777089411,-0.0431461883408071,0.));
#8747=CARTESIAN_POINT('',(-0.0832870777089411,-0.0431461883408071,0.0015));
#8748=CARTESIAN_POINT('',(-0.0847453484093769,-0.0433132318575127,-0.0235));
#8749=CARTESIAN_POINT('',(-0.0862036191098127,-0.0431461883408071,0.));
#8750=CARTESIAN_POINT('',(-0.0862036191098127,-0.0431461883408071,0.0015));
#8751=CARTESIAN_POINT('',(-0.085799770607739,-0.0432498705235899,0.));
#8752=CARTESIAN_POINT('',(-0.085799770607739,-0.0432498705235899,0.0015));
#8753=CARTESIAN_POINT('',(-0.0853136803742604,-0.0433055516958251,0.));
#8754=CARTESIAN_POINT('',(-0.0853136803742604,-0.0433055516958251,0.0015));
#8755=CARTESIAN_POINT('',(-0.0847453484093769,-0.0433132318575127,0.));
#8756=CARTESIAN_POINT('',(-0.0847453484093769,-0.0433132318575127,0.0015));
#8757=CARTESIAN_POINT('',(-0.0862036191098127,-0.0431461883408071,-0.0235));
#8758=CARTESIAN_POINT('',(-0.0872116403313121,-0.0427266595086212,0.));
#8759=CARTESIAN_POINT('',(-0.0872116403313121,-0.0427266595086212,0.0015));
#8760=CARTESIAN_POINT('',(-0.0869434746857196,-0.0429026632139623,0.));
#8761=CARTESIAN_POINT('',(-0.0869434746857196,-0.0429026632139623,0.0015));
#8762=CARTESIAN_POINT('',(-0.0866074676118864,-0.0430425061580243,0.));
#8763=CARTESIAN_POINT('',(-0.0866074676118864,-0.0430425061580243,0.0015));
#8764=CARTESIAN_POINT('',(-0.0862036191098127,-0.0431461883408071,0.));
#8765=CARTESIAN_POINT('',(-0.0862036191098127,-0.0431461883408071,0.0015));
#8766=CARTESIAN_POINT('',(-0.0872116403313121,-0.0427266595086212,-0.0235));
#8767=CARTESIAN_POINT('',(-0.0878231732056884,-0.0421026463715025,0.));
#8768=CARTESIAN_POINT('',(-0.0878231732056884,-0.0421026463715025,0.0015));
#8769=CARTESIAN_POINT('',(-0.0876836502683635,-0.0423426514242404,0.));
#8770=CARTESIAN_POINT('',(-0.0876836502683635,-0.0423426514242404,0.0015));
#8771=CARTESIAN_POINT('',(-0.0874798059769047,-0.04255065580328,0.));
#8772=CARTESIAN_POINT('',(-0.0874798059769047,-0.04255065580328,0.0015));
#8773=CARTESIAN_POINT('',(-0.0872116403313121,-0.0427266595086212,0.));
#8774=CARTESIAN_POINT('',(-0.0872116403313121,-0.0427266595086212,0.0015));
#8775=CARTESIAN_POINT('',(-0.0878231732056884,-0.0421026463715025,-0.0235));
#8776=CARTESIAN_POINT('',(-0.0861226472414903,-0.0411057278119155,-0.0235));
#8777=CARTESIAN_POINT('',(-0.0880804586222235,-0.0413336701825301,-0.0235));
#8778=CARTESIAN_POINT('',(-0.0886747111328027,-0.0413336701825301,-0.0235));
#8779=CARTESIAN_POINT('',(-0.0892679913219566,-0.0413336701825301,0.));
#8780=CARTESIAN_POINT('',(-0.0856728120736618,-0.0411380270364536,-0.0235));
#8781=CARTESIAN_POINT('',(-0.0889147161855406,-0.0427026590033473,-0.0235));
#8782=CARTESIAN_POINT('',(-0.0860405969042035,-0.0412767328319533,-0.0235));
#8783=CARTESIAN_POINT('',(-0.0880391777531526,-0.0437884418619338,-0.0235));
#8784=CARTESIAN_POINT('',(-0.0866413883260068,-0.0445142171414134,0.));
#8785=CARTESIAN_POINT('',(-0.0866413883260068,-0.0445142171414134,0.0015));
#8786=CARTESIAN_POINT('',(-0.0871937199540411,-0.0443382134360722,0.));
#8787=CARTESIAN_POINT('',(-0.0871937199540411,-0.0443382134360722,0.0015));
#8788=CARTESIAN_POINT('',(-0.0876596497630897,-0.0440962883429124,0.));
#8789=CARTESIAN_POINT('',(-0.0876596497630897,-0.0440962883429124,0.0015));
#8790=CARTESIAN_POINT('',(-0.0880391777531526,-0.0437884418619338,0.));
#8791=CARTESIAN_POINT('',(-0.0880391777531526,-0.0437884418619338,0.0015));
#8792=CARTESIAN_POINT('',(-0.0866413883260068,-0.0445142171414134,-0.0235));
#8793=CARTESIAN_POINT('',(-0.0847453484093769,-0.0447782226994251,0.));
#8794=CARTESIAN_POINT('',(-0.0847453484093769,-0.0447782226994251,0.0015));
#8795=CARTESIAN_POINT('',(-0.0854570433924292,-0.0447782226994251,0.));
#8796=CARTESIAN_POINT('',(-0.0854570433924292,-0.0447782226994251,0.0015));
#8797=CARTESIAN_POINT('',(-0.0860890566979725,-0.0446902208467546,0.));
#8798=CARTESIAN_POINT('',(-0.0860890566979725,-0.0446902208467546,0.0015));
#8799=CARTESIAN_POINT('',(-0.0866413883260068,-0.0445142171414134,0.));
#8800=CARTESIAN_POINT('',(-0.0866413883260068,-0.0445142171414134,0.0015));
#8801=CARTESIAN_POINT('',(-0.0847453484093769,-0.0447782226994251,-0.0235));
#8802=CARTESIAN_POINT('',(-0.0828550686140128,-0.0445142171414134,0.));
#8803=CARTESIAN_POINT('',(-0.0828550686140128,-0.0445142171414134,0.0015));
#8804=CARTESIAN_POINT('',(-0.0834035601612033,-0.0446902208467546,0.));
#8805=CARTESIAN_POINT('',(-0.0834035601612033,-0.0446902208467546,0.0015));
#8806=CARTESIAN_POINT('',(-0.0840336534263246,-0.0447782226994251,0.));
#8807=CARTESIAN_POINT('',(-0.0840336534263246,-0.0447782226994251,0.0015));
#8808=CARTESIAN_POINT('',(-0.0847453484093769,-0.0447782226994251,0.));
#8809=CARTESIAN_POINT('',(-0.0847453484093769,-0.0447782226994251,0.0015));
#8810=CARTESIAN_POINT('',(-0.0828550686140128,-0.0445142171414134,-0.0235));
#8811=CARTESIAN_POINT('',(-0.0814630393081327,-0.0437884418619338,0.));
#8812=CARTESIAN_POINT('',(-0.0814630393081327,-0.0437884418619338,0.0015));
#8813=CARTESIAN_POINT('',(-0.0818425672981956,-0.0440962883429124,0.));
#8814=CARTESIAN_POINT('',(-0.0818425672981956,-0.0440962883429124,0.0015));
#8815=CARTESIAN_POINT('',(-0.0823065770668223,-0.0443382134360722,0.));
#8816=CARTESIAN_POINT('',(-0.0823065770668223,-0.0443382134360722,0.0015));
#8817=CARTESIAN_POINT('',(-0.0828550686140128,-0.0445142171414134,0.));
#8818=CARTESIAN_POINT('',(-0.0828550686140128,-0.0445142171414134,0.0015));
#8819=CARTESIAN_POINT('',(-0.0814630393081327,-0.0437884418619338,-0.0235));
#8820=CARTESIAN_POINT('',(-0.0834923668259165,-0.0412464426413543,-0.0235));
#8821=CARTESIAN_POINT('',(-0.0847453484093769,-0.0374091075601591,0.));
#8822=CARTESIAN_POINT('',(-0.0847453484093769,-0.0374091075601591,0.0015));
#8823=CARTESIAN_POINT('',(-0.0840336534263246,-0.0374091075601591,0.));
#8824=CARTESIAN_POINT('',(-0.0840336534263246,-0.0374091075601591,0.0015));
#8825=CARTESIAN_POINT('',(-0.0834035601612033,-0.0374951893724078,0.));
#8826=CARTESIAN_POINT('',(-0.0834035601612033,-0.0374951893724078,0.0015));
#8827=CARTESIAN_POINT('',(-0.0828550686140128,-0.0376673529969051,0.));
#8828=CARTESIAN_POINT('',(-0.0828550686140128,-0.0376673529969051,0.0015));
#8829=CARTESIAN_POINT('',(-0.0828550686140128,-0.0376673529969051,-0.0235));
#8830=CARTESIAN_POINT('',(-0.0847453484093769,-0.0374091075601591,-0.0235));
#8831=CARTESIAN_POINT('',(-0.0866413883260068,-0.0376673529969051,0.));
#8832=CARTESIAN_POINT('',(-0.0866413883260068,-0.0376673529969051,0.0015));
#8833=CARTESIAN_POINT('',(-0.0860890566979725,-0.0374951893724078,0.));
#8834=CARTESIAN_POINT('',(-0.0860890566979725,-0.0374951893724078,0.0015));
#8835=CARTESIAN_POINT('',(-0.0854570433924292,-0.0374091075601591,0.));
#8836=CARTESIAN_POINT('',(-0.0854570433924292,-0.0374091075601591,0.0015));
#8837=CARTESIAN_POINT('',(-0.0847453484093769,-0.0374091075601591,0.));
#8838=CARTESIAN_POINT('',(-0.0847453484093769,-0.0374091075601591,0.0015));
#8839=CARTESIAN_POINT('',(-0.0866413883260068,-0.0376673529969051,-0.0235));
#8840=CARTESIAN_POINT('',(-0.0880391777531526,-0.038387368155119,0.));
#8841=CARTESIAN_POINT('',(-0.0880391777531526,-0.038387368155119,0.0015));
#8842=CARTESIAN_POINT('',(-0.0876596497630897,-0.0380795216741404,0.));
#8843=CARTESIAN_POINT('',(-0.0876596497630897,-0.0380795216741404,0.0015));
#8844=CARTESIAN_POINT('',(-0.0871937199540411,-0.0378395166214025,0.));
#8845=CARTESIAN_POINT('',(-0.0871937199540411,-0.0378395166214025,0.0015));
#8846=CARTESIAN_POINT('',(-0.0866413883260068,-0.0376673529969051,0.));
#8847=CARTESIAN_POINT('',(-0.0866413883260068,-0.0376673529969051,0.0015));
#8848=CARTESIAN_POINT('',(-0.0880391777531526,-0.038387368155119,-0.0235));
#8849=CARTESIAN_POINT('',(-0.0860591910512732,-0.040866906621644,-0.0235));
#8850=CARTESIAN_POINT('',(-0.0889147161855406,-0.0394856312764479,-0.0235));
#8851=CARTESIAN_POINT('',(-0.0855960950809182,-0.0410724715935368,-0.0235));
#8852=CARTESIAN_POINT('',(-0.0892684183931643,-0.0408536600770541,0.));
#8853=CARTESIAN_POINT('',(-0.0886747111328027,-0.0408536600770541,-0.0235));
#8854=CARTESIAN_POINT('',(-0.0880807562286829,-0.0408536600770541,0.));
#8855=CARTESIAN_POINT('',(-0.0862960355778237,-0.0410162266040865,-0.0235));
#8856=CARTESIAN_POINT('',(-0.0878356534684308,-0.0400981241710351,-0.0235));
#8857=CARTESIAN_POINT('',(-0.0872174004525779,-0.0394683509126507,0.));
#8858=CARTESIAN_POINT('',(-0.0872174004525779,-0.0394683509126507,0.0015));
#8859=CARTESIAN_POINT('',(-0.0874894061790142,-0.0396481946988357,0.));
#8860=CARTESIAN_POINT('',(-0.0874894061790142,-0.0396481946988357,0.0015));
#8861=CARTESIAN_POINT('',(-0.0876954905176319,-0.0398581191182972,0.));
#8862=CARTESIAN_POINT('',(-0.0876954905176319,-0.0398581191182972,0.0015));
#8863=CARTESIAN_POINT('',(-0.0878356534684308,-0.0400981241710351,0.));
#8864=CARTESIAN_POINT('',(-0.0878356534684308,-0.0400981241710351,0.0015));
#8865=CARTESIAN_POINT('',(-0.0872174004525779,-0.0394683509126507,-0.0235));
#8866=CARTESIAN_POINT('',(-0.0862036191098127,-0.0390421019389881,0.));
#8867=CARTESIAN_POINT('',(-0.0862036191098127,-0.0390421019389881,0.0015));
#8868=CARTESIAN_POINT('',(-0.0866074676118864,-0.0391464241352449,0.));
#8869=CARTESIAN_POINT('',(-0.0866074676118864,-0.0391464241352449,0.0015));
#8870=CARTESIAN_POINT('',(-0.0869453947261415,-0.0392885071264657,0.));
#8871=CARTESIAN_POINT('',(-0.0869453947261415,-0.0392885071264657,0.0015));
#8872=CARTESIAN_POINT('',(-0.0872174004525779,-0.0394683509126507,0.));
#8873=CARTESIAN_POINT('',(-0.0872174004525779,-0.0394683509126507,0.0015));
#8874=CARTESIAN_POINT('',(-0.0862036191098127,-0.0390421019389881,-0.0235));
#8875=CARTESIAN_POINT('',(-0.0847453484093769,-0.0388740984020716,0.));
#8876=CARTESIAN_POINT('',(-0.0847453484093769,-0.0388740984020716,0.0015));
#8877=CARTESIAN_POINT('',(-0.0853136803742604,-0.0388817785637591,0.));
#8878=CARTESIAN_POINT('',(-0.0853136803742604,-0.0388817785637591,0.0015));
#8879=CARTESIAN_POINT('',(-0.085799770607739,-0.0389377797427313,0.));
#8880=CARTESIAN_POINT('',(-0.085799770607739,-0.0389377797427313,0.0015));
#8881=CARTESIAN_POINT('',(-0.0862036191098127,-0.0390421019389881,0.));
#8882=CARTESIAN_POINT('',(-0.0862036191098127,-0.0390421019389881,0.0015));
#8883=CARTESIAN_POINT('',(-0.0847453484093769,-0.0388740984020716,-0.0235));
#8884=CARTESIAN_POINT('',(-0.0832928378302069,-0.0390421019389881,0.));
#8885=CARTESIAN_POINT('',(-0.0832928378302069,-0.0390421019389881,0.0015));
#8886=CARTESIAN_POINT('',(-0.0837005264131244,-0.0389377797427313,0.));
#8887=CARTESIAN_POINT('',(-0.0837005264131244,-0.0389377797427313,0.0015));
#8888=CARTESIAN_POINT('',(-0.0841846966061811,-0.0388817785637591,0.));
#8889=CARTESIAN_POINT('',(-0.0841846966061811,-0.0388817785637591,0.0015));
#8890=CARTESIAN_POINT('',(-0.0847453484093769,-0.0388740984020716,0.));
#8891=CARTESIAN_POINT('',(-0.0847453484093769,-0.0388740984020716,0.0015));
#8892=CARTESIAN_POINT('',(-0.0832928378302069,-0.0390421019389881,-0.0235));
#8893=CARTESIAN_POINT('',(-0.0822848166087075,-0.039462590791385,0.));
#8894=CARTESIAN_POINT('',(-0.0822848166087075,-0.039462590791385,0.0015));
#8895=CARTESIAN_POINT('',(-0.0825491421734562,-0.0392865870860438,0.));
#8896=CARTESIAN_POINT('',(-0.0825491421734562,-0.0392865870860438,0.0015));
#8897=CARTESIAN_POINT('',(-0.0828851492472894,-0.0391464241352449,0.));
#8898=CARTESIAN_POINT('',(-0.0828851492472894,-0.0391464241352449,0.0015));
#8899=CARTESIAN_POINT('',(-0.0832928378302069,-0.0390421019389881,0.));
#8900=CARTESIAN_POINT('',(-0.0832928378302069,-0.0390421019389881,0.0015));
#8901=CARTESIAN_POINT('',(-0.0822848166087075,-0.039462590791385,-0.0235));
#8902=CARTESIAN_POINT('',(-0.0816848039768626,-0.0400866039285037,0.));
#8903=CARTESIAN_POINT('',(-0.0816848039768626,-0.0400866039285037,0.0015));
#8904=CARTESIAN_POINT('',(-0.0818204868333438,-0.0398465988757657,0.));
#8905=CARTESIAN_POINT('',(-0.0818204868333438,-0.0398465988757657,0.0015));
#8906=CARTESIAN_POINT('',(-0.0820204910439588,-0.0396385944967262,0.));
#8907=CARTESIAN_POINT('',(-0.0820204910439588,-0.0396385944967262,0.0015));
#8908=CARTESIAN_POINT('',(-0.0822848166087075,-0.039462590791385,0.));
#8909=CARTESIAN_POINT('',(-0.0822848166087075,-0.039462590791385,0.0015));
#8910=CARTESIAN_POINT('',(-0.0816848039768626,-0.0400866039285037,-0.0235));
#8911=CARTESIAN_POINT('',(-0.083444456251047,-0.0410887135942875,-0.0235));
#8912=CARTESIAN_POINT('',(-0.0814332786815932,-0.0408536600770541,-0.0235));
#8913=CARTESIAN_POINT('',(-0.0808332660497483,-0.0408536600770541,-0.0235));
#8914=CARTESIAN_POINT('',(-0.0802340827107768,-0.0408536600770541,0.));
#8915=CARTESIAN_POINT('',(-0.0838802887591458,-0.0410576457685766,-0.0235));
#8916=CARTESIAN_POINT('',(-0.0805875008757447,-0.0394798711551822,-0.0235));
#8917=CARTESIAN_POINT('',(-0.083451307172575,-0.0408814074866212,-0.0235));
#8918=CARTESIAN_POINT('',(-0.0814630393081327,-0.038387368155119,-0.0235));
#8919=CARTESIAN_POINT('',(-0.0828550686140128,-0.0376673529969051,0.));
#8920=CARTESIAN_POINT('',(-0.0828550686140128,-0.0376673529969051,0.0015));
#8921=CARTESIAN_POINT('',(-0.0823065770668223,-0.0378395166214025,0.));
#8922=CARTESIAN_POINT('',(-0.0823065770668223,-0.0378395166214025,0.0015));
#8923=CARTESIAN_POINT('',(-0.0818425672981956,-0.0380795216741404,0.));
#8924=CARTESIAN_POINT('',(-0.0818425672981956,-0.0380795216741404,0.0015));
#8925=CARTESIAN_POINT('',(-0.0814630393081327,-0.038387368155119,0.));
#8926=CARTESIAN_POINT('',(-0.0814630393081327,-0.038387368155119,0.0015));
#8927=CARTESIAN_POINT('',(-0.0892094423903029,-0.0346500094738836,-0.0235));
#8928=CARTESIAN_POINT('',(-0.0892094423903029,-0.0339184740731383,-0.0235));
#8929=CARTESIAN_POINT('',(-0.0892094423903029,-0.0353815448746288,-0.0235));
#8930=CARTESIAN_POINT('',(-0.0847875892986588,-0.0353815448746288,-0.0235));
#8931=CARTESIAN_POINT('',(-0.0803657362070148,-0.0353815448746288,-0.0235));
#8932=CARTESIAN_POINT('',(-0.0803657362070148,-0.0346500094738836,-0.0235));
#8933=CARTESIAN_POINT('',(-0.0803657362070148,-0.0339184740731383,-0.0235));
#8934=CARTESIAN_POINT('',(-0.0847875892986588,-0.0339184740731383,-0.0235));
#8935=CARTESIAN_POINT('',(-0.0808572665550221,-0.0321769974104717,-0.0235));
#8936=CARTESIAN_POINT('',(-0.0813487969030294,-0.0321769974104717,-0.0235));
#8937=CARTESIAN_POINT('',(-0.0803657362070148,-0.0321769974104717,-0.0235));
#8938=CARTESIAN_POINT('',(-0.0803657362070148,-0.0288111665508747,-0.0235));
#8939=CARTESIAN_POINT('',(-0.0803657362070148,-0.0254453356912776,-0.0235));
#8940=CARTESIAN_POINT('',(-0.0808572665550221,-0.0254453356912776,-0.0235));
#8941=CARTESIAN_POINT('',(-0.0813487969030294,-0.0254453356912776,-0.0235));
#8942=CARTESIAN_POINT('',(-0.0813487969030294,-0.0267653634813364,-0.0235));
#8943=CARTESIAN_POINT('',(-0.0813487969030294,-0.0280853912713952,-0.0235));
#8944=CARTESIAN_POINT('',(-0.0852791196466662,-0.0280853912713952,-0.0235));
#8945=CARTESIAN_POINT('',(-0.0892094423903029,-0.0280853912713952,-0.0235));
#8946=CARTESIAN_POINT('',(-0.0892094423903029,-0.0288111665508747,-0.0235));
#8947=CARTESIAN_POINT('',(-0.0892094423903029,-0.0295369418303543,-0.0235));
#8948=CARTESIAN_POINT('',(-0.0852791196466662,-0.0295369418303543,-0.0235));
#8949=CARTESIAN_POINT('',(-0.0813487969030294,-0.0295369418303543,-0.0235));
#8950=CARTESIAN_POINT('',(-0.0813487969030294,-0.030856969620413,-0.0235));
#8951=CARTESIAN_POINT('',(-0.0868871535000104,-0.0212625276321606,-0.0235));
#8952=CARTESIAN_POINT('',(-0.087373883746963,-0.0214362912903429,-0.0235));
#8953=CARTESIAN_POINT('',(-0.0864004232530579,-0.0210887639739783,-0.0235));
#8954=CARTESIAN_POINT('',(-0.0864004232530579,-0.0202842670372007,-0.0235));
#8955=CARTESIAN_POINT('',(-0.0864004232530579,-0.0194797701004231,-0.0235));
#8956=CARTESIAN_POINT('',(-0.0868871535000104,-0.0193117665635065,-0.0235));
#8957=CARTESIAN_POINT('',(-0.087373883746963,-0.01914376302659,-0.0235));
#8958=CARTESIAN_POINT('',(-0.087373883746963,-0.0202900271584665,-0.0235));
#8959=CARTESIAN_POINT('',(-0.0803657362070148,-0.00269093665129789,-0.0235));
#8960=CARTESIAN_POINT('',(-0.0803657362070148,-0.00342247205204317,-0.0235));
#8961=CARTESIAN_POINT('',(-0.0803657362070148,-0.00195940125055261,-0.0235));
#8962=CARTESIAN_POINT('',(-0.0834138003767868,-0.00195940125055261,-0.0235));
#8963=CARTESIAN_POINT('',(-0.0864618645465588,-0.00195940125055261,-0.0235));
#8964=CARTESIAN_POINT('',(-0.0838390893302384,-0.000471369923577307,-0.0235));
#8965=CARTESIAN_POINT('',(-0.0812163141139181,0.001016661403398,-0.0235));
#8966=CARTESIAN_POINT('',(-0.0825968231772668,0.001016661403398,-0.0235));
#8967=CARTESIAN_POINT('',(-0.0839773322406155,0.001016661403398,-0.0235));
#8968=CARTESIAN_POINT('',(-0.0865933873154592,-0.000471369923577311,-0.0235));
#8969=CARTESIAN_POINT('',(-0.0892094423903029,-0.00195940125055262,-0.0235));
#8970=CARTESIAN_POINT('',(-0.0892094423903029,-0.00269093665129789,-0.0235));
#8971=CARTESIAN_POINT('',(-0.0892094423903029,-0.00342247205204317,-0.0235));
#8972=CARTESIAN_POINT('',(-0.0847875892986588,-0.00342247205204317,-0.0235));
#8973=CARTESIAN_POINT('',(-0.0809110276868354,0.00494122402576899,-0.0235));
#8974=CARTESIAN_POINT('',(-0.0814563191666561,0.00494122402576899,-0.0235));
#8975=CARTESIAN_POINT('',(-0.0803657362070148,0.00494122402576899,-0.0235));
#8976=CARTESIAN_POINT('',(-0.0803657362070148,0.00672878165856125,-0.0235));
#8977=CARTESIAN_POINT('',(-0.0803657362070148,0.00851633929135352,-0.0235));
#8978=CARTESIAN_POINT('',(-0.0809110276868354,0.00851633929135352,-0.0235));
#8979=CARTESIAN_POINT('',(-0.0814563191666561,0.00851633929135352,-0.0235));
#8980=CARTESIAN_POINT('',(-0.0814563191666561,0.00672878165856125,-0.0235));
#8981=CARTESIAN_POINT('',(-0.0881169393902397,0.00672878165856125,-0.0235));
#8982=CARTESIAN_POINT('',(-0.0881169393902397,0.00494122402576899,-0.0235));
#8983=CARTESIAN_POINT('',(-0.0881169393902397,0.00851633929135352,-0.0235));
#8984=CARTESIAN_POINT('',(-0.0886631908902713,0.00851633929135352,-0.0235));
#8985=CARTESIAN_POINT('',(-0.0892094423903029,0.00851633929135352,-0.0235));
#8986=CARTESIAN_POINT('',(-0.0892094423903029,0.00672878165856125,-0.0235));
#8987=CARTESIAN_POINT('',(-0.0892094423903029,0.00494122402576899,-0.0235));
#8988=CARTESIAN_POINT('',(-0.0886631908902713,0.00494122402576899,-0.0235));
#8989=CARTESIAN_POINT('',(-0.0852253585148529,0.00691502557948591,-0.0235));
#8990=CARTESIAN_POINT('',(-0.0852253585148528,0.00851633929135352,-0.0235));
#8991=CARTESIAN_POINT('',(-0.0852253585148528,0.00531371186761829,-0.0235));
#8992=CARTESIAN_POINT('',(-0.0847328681466346,0.00531371186761829,-0.0235));
#8993=CARTESIAN_POINT('',(-0.0842403777784163,0.00531371186761829,-0.0235));
#8994=CARTESIAN_POINT('',(-0.0842403777784163,0.00691502557948591,-0.0235));
#8995=CARTESIAN_POINT('',(-0.0842403777784163,0.00851633929135352,-0.0235));
#8996=CARTESIAN_POINT('',(-0.0847328681466346,0.00851633929135352,-0.0235));
#8997=CARTESIAN_POINT('',(-0.0847875892986588,0.00297318259331778,-0.0235));
#8998=CARTESIAN_POINT('',(-0.0803657362070148,0.00297318259331778,-0.0235));
#8999=CARTESIAN_POINT('',(-0.0892094423903029,0.00297318259331778,-0.0235));
#9000=CARTESIAN_POINT('',(-0.0892094423903029,0.00224068717236155,-0.0235));
#9001=CARTESIAN_POINT('',(-0.0892094423903029,0.00150819175140532,-0.0235));
#9002=CARTESIAN_POINT('',(-0.0847875892986588,0.00150819175140532,-0.0235));
#9003=CARTESIAN_POINT('',(-0.0803657362070148,0.00150819175140532,-0.0235));
#9004=CARTESIAN_POINT('',(-0.0803657362070148,0.00224068717236155,-0.0235));
#9005=CARTESIAN_POINT('',(-0.0803657362070148,-0.00960500221057281,-0.0235));
#9006=CARTESIAN_POINT('',(-0.0803657362070148,-0.0103250173687867,-0.0235));
#9007=CARTESIAN_POINT('',(-0.0803657362070148,-0.00888498705235895,-0.0235));
#9008=CARTESIAN_POINT('',(-0.0847875892986588,-0.00888498705235895,-0.0235));
#9009=CARTESIAN_POINT('',(-0.0892094423903029,-0.00888498705235895,-0.0235));
#9010=CARTESIAN_POINT('',(-0.0892094423903029,-0.00960500221057281,-0.0235));
#9011=CARTESIAN_POINT('',(-0.0892094423903029,-0.0103250173687867,-0.0235));
#9012=CARTESIAN_POINT('',(-0.0847875892986588,-0.0103250173687867,-0.0235));
#9013=CARTESIAN_POINT('',(-0.0892094423903029,-0.014122857323312,-0.0235));
#9014=CARTESIAN_POINT('',(-0.0892094423903029,-0.0133606012758163,-0.0235));
#9015=CARTESIAN_POINT('',(-0.0892094423903029,-0.0148851133708078,-0.0235));
#9016=CARTESIAN_POINT('',(-0.0874689257478472,-0.0138770921493084,-0.0235));
#9017=CARTESIAN_POINT('',(-0.0857277088273826,-0.0128686653613945,0.));
#9018=CARTESIAN_POINT('',(-0.0832775348870338,-0.011849892377023,-0.0235));
#9019=CARTESIAN_POINT('',(-0.0847338281668455,-0.0140681361712878,-0.0235));
#9020=CARTESIAN_POINT('',(-0.0831017938082275,-0.0145126255289585,0.));
#9021=CARTESIAN_POINT('',(-0.0831017938082275,-0.0145126255289585,0.0015));
#9022=CARTESIAN_POINT('',(-0.0837418072821954,-0.0145126255289585,0.));
#9023=CARTESIAN_POINT('',(-0.0837418072821954,-0.0145126255289585,0.0015));
#9024=CARTESIAN_POINT('',(-0.084285818735068,-0.0143644624097349,0.));
#9025=CARTESIAN_POINT('',(-0.084285818735068,-0.0143644624097349,0.0015));
#9026=CARTESIAN_POINT('',(-0.0847338281668455,-0.0140681361712878,0.));
#9027=CARTESIAN_POINT('',(-0.0847338281668455,-0.0140681361712878,0.0015));
#9028=CARTESIAN_POINT('',(-0.0831017938082275,-0.0145126255289585,-0.0235));
#9029=CARTESIAN_POINT('',(-0.08195456965614,-0.014242859849681,0.));
#9030=CARTESIAN_POINT('',(-0.08195456965614,-0.014242859849681,0.0015));
#9031=CARTESIAN_POINT('',(-0.082294416810817,-0.014422703635866,0.));
#9032=CARTESIAN_POINT('',(-0.082294416810817,-0.014422703635866,0.0015));
#9033=CARTESIAN_POINT('',(-0.0826768248615128,-0.0145126255289585,0.));
#9034=CARTESIAN_POINT('',(-0.0826768248615128,-0.0145126255289585,0.0015));
#9035=CARTESIAN_POINT('',(-0.0831017938082275,-0.0145126255289585,0.));
#9036=CARTESIAN_POINT('',(-0.0831017938082275,-0.0145126255289585,0.0015));
#9037=CARTESIAN_POINT('',(-0.08195456965614,-0.014242859849681,-0.0235));
#9038=CARTESIAN_POINT('',(-0.0832618491730003,-0.0117485900981459,-0.0235));
#9039=CARTESIAN_POINT('',(-0.0810847913450177,-0.0135343649339986,-0.0235));
#9040=CARTESIAN_POINT('',(-0.0834184495570665,-0.0116225096334674,-0.0235));
#9041=CARTESIAN_POINT('',(-0.0805454567127295,-0.012543307367155,0.));
#9042=CARTESIAN_POINT('',(-0.0839484316874928,-0.0114221764070186,-0.0234999999999999));
#9043=CARTESIAN_POINT('',(-0.0803657362070148,-0.0114290406113812,-0.0235));
#9044=CARTESIAN_POINT('',(-0.0803657362070148,-0.0111227941640876,-0.0235));
#9045=CARTESIAN_POINT('',(-0.0803657362070148,-0.010816547716794,-0.0235));
#9046=CARTESIAN_POINT('',(-0.0809110276868354,-0.010816547716794,-0.0235));
#9047=CARTESIAN_POINT('',(-0.0814563191666561,-0.010816547716794,-0.0235));
#9048=CARTESIAN_POINT('',(-0.0814563191666561,-0.0111103139013452,-0.0235));
#9049=CARTESIAN_POINT('',(-0.0814563191666561,-0.0114040800858965,-0.0235));
#9050=CARTESIAN_POINT('',(-0.0816310428450493,-0.0122930588012379,0.));
#9051=CARTESIAN_POINT('',(-0.0816310428450493,-0.0122930588012379,0.0015));
#9052=CARTESIAN_POINT('',(-0.0815145603927872,-0.0120690540853491,0.));
#9053=CARTESIAN_POINT('',(-0.0815145603927872,-0.0120690540853491,0.0015));
#9054=CARTESIAN_POINT('',(-0.0814563191666561,-0.011772727846902,0.));
#9055=CARTESIAN_POINT('',(-0.0814563191666561,-0.011772727846902,0.0015));
#9056=CARTESIAN_POINT('',(-0.0814563191666561,-0.0114040800858965,0.));
#9057=CARTESIAN_POINT('',(-0.0814563191666561,-0.0114040800858965,0.0015));
#9058=CARTESIAN_POINT('',(-0.0816310428450493,-0.0122930588012379,-0.0235));
#9059=CARTESIAN_POINT('',(-0.0820630519399776,-0.0128143497757847,0.));
#9060=CARTESIAN_POINT('',(-0.0820630519399776,-0.0128143497757847,0.0015));
#9061=CARTESIAN_POINT('',(-0.0818915283289542,-0.0126908271753089,0.));
#9062=CARTESIAN_POINT('',(-0.0818915283289542,-0.0126908271753089,0.0015));
#9063=CARTESIAN_POINT('',(-0.0817475252973114,-0.0125170635171266,0.));
#9064=CARTESIAN_POINT('',(-0.0817475252973114,-0.0125170635171266,0.0015));
#9065=CARTESIAN_POINT('',(-0.0816310428450493,-0.0122930588012379,0.));
#9066=CARTESIAN_POINT('',(-0.0816310428450493,-0.0122930588012379,0.0015));
#9067=CARTESIAN_POINT('',(-0.0820630519399776,-0.0128143497757847,-0.0235));
#9068=CARTESIAN_POINT('',(-0.0829164001695027,-0.0116620222780332,-0.0235));
#9069=CARTESIAN_POINT('',(-0.0826025832985325,-0.0130601149497884,-0.0235));
#9070=CARTESIAN_POINT('',(-0.0831499005355762,-0.0106839750063635,-0.0234999999999998));
#9071=CARTESIAN_POINT('',(-0.0831017938082275,-0.0131205962230783,-0.0235));
#9072=CARTESIAN_POINT('',(-0.084007092867155,-0.012988113433967,0.));
#9073=CARTESIAN_POINT('',(-0.084007092867155,-0.012988113433967,0.0015));
#9074=CARTESIAN_POINT('',(-0.0837632477335733,-0.0130764352933745,0.));
#9075=CARTESIAN_POINT('',(-0.0837632477335733,-0.0130764352933745,0.0015));
#9076=CARTESIAN_POINT('',(-0.0834614813805974,-0.0131205962230783,0.));
#9077=CARTESIAN_POINT('',(-0.0834614813805974,-0.0131205962230783,0.0015));
#9078=CARTESIAN_POINT('',(-0.0831017938082275,-0.0131205962230783,0.));
#9079=CARTESIAN_POINT('',(-0.0831017938082275,-0.0131205962230783,0.0015));
#9080=CARTESIAN_POINT('',(-0.084007092867155,-0.012988113433967,-0.0235));
#9081=CARTESIAN_POINT('',(-0.0845773448724604,-0.0126396260973915,0.));
#9082=CARTESIAN_POINT('',(-0.0845773448724604,-0.0126396260973915,0.0015));
#9083=CARTESIAN_POINT('',(-0.0844410220025052,-0.0127836291290343,0.));
#9084=CARTESIAN_POINT('',(-0.0844410220025052,-0.0127836291290343,0.0015));
#9085=CARTESIAN_POINT('',(-0.0842509380007367,-0.0128997915745594,0.));
#9086=CARTESIAN_POINT('',(-0.0842509380007367,-0.0128997915745594,0.0015));
#9087=CARTESIAN_POINT('',(-0.084007092867155,-0.012988113433967,0.));
#9088=CARTESIAN_POINT('',(-0.084007092867155,-0.012988113433967,0.0015));
#9089=CARTESIAN_POINT('',(-0.0845773448724604,-0.0126396260973915,-0.0235));
#9090=CARTESIAN_POINT('',(-0.0836435081287384,-0.0117363126940562,-0.0235));
#9091=CARTESIAN_POINT('',(-0.0848711110570116,-0.0121596159919156,-0.0235));
#9092=CARTESIAN_POINT('',(-0.0833239912603909,-0.0116250843732557,-0.0234999999999999));
#9093=CARTESIAN_POINT('',(-0.0849603929366301,-0.011632564896103,-0.0235));
#9094=CARTESIAN_POINT('',(-0.0849603929366301,-0.0112245563064485,-0.0235));
#9095=CARTESIAN_POINT('',(-0.0849603929366301,-0.010816547716794,-0.0235));
#9096=CARTESIAN_POINT('',(-0.0854884040526536,-0.010816547716794,-0.0235));
#9097=CARTESIAN_POINT('',(-0.0860164151686771,-0.010816547716794,-0.0235));
#9098=CARTESIAN_POINT('',(-0.0860164151686771,-0.0110543927240573,-0.0235));
#9099=CARTESIAN_POINT('',(-0.0860164151686771,-0.0114885618644603,-0.0235));
#9100=CARTESIAN_POINT('',(-0.0849679688574226,-0.0115072454067545,-0.0235));
#9101=CARTESIAN_POINT('',(-0.0860106550474114,-0.0116143245120949,-0.0235));
#9102=CARTESIAN_POINT('',(-0.0865699813186483,-0.0116952935263792,-0.0235));
#9103=CARTESIAN_POINT('',(-0.0860048639709008,-0.0116920700316818,0.));
#9104=CARTESIAN_POINT('',(-0.0876071686582243,-0.0125263437124992,-0.0235));
#9105=CARTESIAN_POINT('',(-0.0892094423903029,-0.0233323312069727,-0.0235));
#9106=CARTESIAN_POINT('',(-0.0892094423903029,-0.0225883155434851,-0.0235));
#9107=CARTESIAN_POINT('',(-0.0892094423903029,-0.0240763468704603,-0.0235));
#9108=CARTESIAN_POINT('',(-0.0847933494199245,-0.0225403145329375,-0.0235));
#9109=CARTESIAN_POINT('',(-0.0803772564495462,-0.0210042821954146,-0.0235));
#9110=CARTESIAN_POINT('',(-0.0803772564495462,-0.0202900271584665,-0.0235));
#9111=CARTESIAN_POINT('',(-0.0803772564495462,-0.0195757721215183,-0.0235));
#9112=CARTESIAN_POINT('',(-0.0847933494199245,-0.018028219541464,-0.0235));
#9113=CARTESIAN_POINT('',(-0.0892094423903029,-0.0164806669614097,-0.0235));
#9114=CARTESIAN_POINT('',(-0.0892094423903029,-0.0172304427461631,-0.0235));
#9115=CARTESIAN_POINT('',(-0.0892094423903029,-0.0179802185309164,-0.0235));
#9116=CARTESIAN_POINT('',(-0.0858973726625191,-0.0191380029053243,-0.0235));
#9117=CARTESIAN_POINT('',(-0.0825853029347354,-0.0202957872797321,-0.0235));
#9118=CARTESIAN_POINT('',(-0.0858973726625191,-0.0214420514116086,-0.0235));
#9119=CARTESIAN_POINT('',(-0.0803657362070148,0.00974132508052803,-0.0235));
#9120=CARTESIAN_POINT('',(-0.0803657362070148,0.00900978967978275,-0.0235));
#9121=CARTESIAN_POINT('',(-0.0803657362070148,0.0104728604812733,-0.0235));
#9122=CARTESIAN_POINT('',(-0.0847875892986588,0.0104728604812733,-0.0235));
#9123=CARTESIAN_POINT('',(-0.0892094423903029,0.0104728604812733,-0.0235));
#9124=CARTESIAN_POINT('',(-0.0892094423903029,0.00974132508052803,-0.0235));
#9125=CARTESIAN_POINT('',(-0.0892094423903029,0.00900978967978275,-0.0235));
#9126=CARTESIAN_POINT('',(-0.0847875892986588,0.00900978967978275,-0.0235));
#9127=CARTESIAN_POINT('',(-0.0803657362070148,0.0170374786837618,0.));
#9128=CARTESIAN_POINT('',(-0.0803657362070148,0.0170374786837618,0.0015));
#9129=CARTESIAN_POINT('',(-0.0803657362070148,0.0162937830270111,0.));
#9130=CARTESIAN_POINT('',(-0.0803657362070148,0.0162937830270111,0.0015));
#9131=CARTESIAN_POINT('',(-0.0804834986862249,0.0156400092633529,0.));
#9132=CARTESIAN_POINT('',(-0.0804834986862249,0.0156400092633529,0.0015));
#9133=CARTESIAN_POINT('',(-0.0807190236446451,0.0150761573927873,0.));
#9134=CARTESIAN_POINT('',(-0.0807190236446451,0.0150761573927873,0.0015));
#9135=CARTESIAN_POINT('',(-0.0807190236446451,0.0150761573927873,-0.0235));
#9136=CARTESIAN_POINT('',(-0.0803657362070148,0.0170374786837618,-0.0235));
#9137=CARTESIAN_POINT('',(-0.0803657362070148,0.0174042064043454,-0.0235));
#9138=CARTESIAN_POINT('',(-0.0803657362070148,0.017770934124929,-0.0235));
#9139=CARTESIAN_POINT('',(-0.0809110276868354,0.017770934124929,-0.0235));
#9140=CARTESIAN_POINT('',(-0.0814563191666561,0.017770934124929,-0.0235));
#9141=CARTESIAN_POINT('',(-0.0814563191666561,0.0175962104465358,-0.0235));
#9142=CARTESIAN_POINT('',(-0.0814563191666561,0.0174214867681425,-0.0235));
#9143=CARTESIAN_POINT('',(-0.0817270448661445,0.0157424114191878,0.));
#9144=CARTESIAN_POINT('',(-0.0817270448661445,0.0157424114191878,0.0015));
#9145=CARTESIAN_POINT('',(-0.0815465610664856,0.0161744205141161,0.));
#9146=CARTESIAN_POINT('',(-0.0815465610664856,0.0161744205141161,0.0015));
#9147=CARTESIAN_POINT('',(-0.0814563191666561,0.016734112297101,0.));
#9148=CARTESIAN_POINT('',(-0.0814563191666561,0.016734112297101,0.0015));
#9149=CARTESIAN_POINT('',(-0.0814563191666561,0.0174214867681425,0.));
#9150=CARTESIAN_POINT('',(-0.0814563191666561,0.0174214867681425,0.0015));
#9151=CARTESIAN_POINT('',(-0.0817270448661445,0.0157424114191878,-0.0235));
#9152=CARTESIAN_POINT('',(-0.0824355397818269,0.0147161498136803,0.));
#9153=CARTESIAN_POINT('',(-0.0824355397818269,0.0147161498136803,0.0015));
#9154=CARTESIAN_POINT('',(-0.0821436936376976,0.0149683151224236,0.));
#9155=CARTESIAN_POINT('',(-0.0821436936376976,0.0149683151224236,0.0015));
#9156=CARTESIAN_POINT('',(-0.0819075286658034,0.0153104023242595,0.));
#9157=CARTESIAN_POINT('',(-0.0819075286658034,0.0153104023242595,0.0015));
#9158=CARTESIAN_POINT('',(-0.0817270448661445,0.0157424114191878,0.));
#9159=CARTESIAN_POINT('',(-0.0817270448661445,0.0157424114191878,0.0015));
#9160=CARTESIAN_POINT('',(-0.0824355397818269,0.0147161498136803,-0.0235));
#9161=CARTESIAN_POINT('',(-0.0839667233373027,0.0164555667746858,-0.0235));
#9162=CARTESIAN_POINT('',(-0.0834128403565758,0.0142063790816649,-0.0235));
#9163=CARTESIAN_POINT('',(-0.0845046319302791,0.0186704990086389,-0.0234999999999999));
#9164=CARTESIAN_POINT('',(-0.084505343356639,0.0140748563127645,-0.0235));
#9165=CARTESIAN_POINT('',(-0.0872174004525779,0.014722869955157,0.));
#9166=CARTESIAN_POINT('',(-0.0872174004525779,0.014722869955157,0.0015));
#9167=CARTESIAN_POINT('',(-0.0865933873154592,0.0142908608602287,0.));
#9168=CARTESIAN_POINT('',(-0.0865933873154592,0.0142908608602287,0.0015));
#9169=CARTESIAN_POINT('',(-0.0856893682834795,0.0140748563127645,0.));
#9170=CARTESIAN_POINT('',(-0.0856893682834795,0.0140748563127645,0.0015));
#9171=CARTESIAN_POINT('',(-0.084505343356639,0.0140748563127645,0.));
#9172=CARTESIAN_POINT('',(-0.084505343356639,0.0140748563127645,0.0015));
#9173=CARTESIAN_POINT('',(-0.0872174004525779,0.014722869955157,-0.0235));
#9174=CARTESIAN_POINT('',(-0.0881534201582559,0.01683395439904,0.));
#9175=CARTESIAN_POINT('',(-0.0881534201582559,0.01683395439904,0.0015));
#9176=CARTESIAN_POINT('',(-0.0881534201582559,0.015858573864713,0.));
#9177=CARTESIAN_POINT('',(-0.0881534201582559,0.015858573864713,0.0015));
#9178=CARTESIAN_POINT('',(-0.0878414135896966,0.0151548790500853,0.));
#9179=CARTESIAN_POINT('',(-0.0878414135896966,0.0151548790500853,0.0015));
#9180=CARTESIAN_POINT('',(-0.0872174004525779,0.014722869955157,0.));
#9181=CARTESIAN_POINT('',(-0.0872174004525779,0.014722869955157,0.0015));
#9182=CARTESIAN_POINT('',(-0.0881534201582559,0.01683395439904,-0.0235));
#9183=CARTESIAN_POINT('',(-0.0881534201582559,0.0173024442619845,-0.0235));
#9184=CARTESIAN_POINT('',(-0.0881534201582559,0.017770934124929,-0.0235));
#9185=CARTESIAN_POINT('',(-0.0886814312742794,0.017770934124929,-0.0235));
#9186=CARTESIAN_POINT('',(-0.0892094423903029,0.017770934124929,-0.0235));
#9187=CARTESIAN_POINT('',(-0.0892094423903029,0.0170624392092465,-0.0235));
#9188=CARTESIAN_POINT('',(-0.0892094423903029,0.0163539442935641,-0.0235));
#9189=CARTESIAN_POINT('',(-0.0841888363788779,0.0165217352330045,-0.0234999999999994));
#9190=CARTESIAN_POINT('',(-0.089167201501021,0.015838413440283,-0.0235));
#9191=CARTESIAN_POINT('',(-0.0889751974588306,0.0150703972715215,0.));
#9192=CARTESIAN_POINT('',(-0.0889751974588306,0.0150703972715215,0.0015));
#9193=CARTESIAN_POINT('',(-0.0890750395607696,0.0153500831596455,0.));
#9194=CARTESIAN_POINT('',(-0.0890750395607696,0.0153500831596455,0.0015));
#9195=CARTESIAN_POINT('',(-0.0891390409081664,0.0156060885492326,0.));
#9196=CARTESIAN_POINT('',(-0.0891390409081664,0.0156060885492326,0.0015));
#9197=CARTESIAN_POINT('',(-0.089167201501021,0.015838413440283,0.));
#9198=CARTESIAN_POINT('',(-0.089167201501021,0.015838413440283,0.0015));
#9199=CARTESIAN_POINT('',(-0.0889751974588306,0.0150703972715215,-0.0235));
#9200=CARTESIAN_POINT('',(-0.0885249479798942,0.0142006189603992,0.));
#9201=CARTESIAN_POINT('',(-0.0885249479798942,0.0142006189603992,0.0015));
#9202=CARTESIAN_POINT('',(-0.0887252721972461,0.0145007852796901,0.));
#9203=CARTESIAN_POINT('',(-0.0887252721972461,0.0145007852796901,0.0015));
#9204=CARTESIAN_POINT('',(-0.0888753553568916,0.0147907113833976,0.));
#9205=CARTESIAN_POINT('',(-0.0888753553568916,0.0147907113833976,0.0015));
#9206=CARTESIAN_POINT('',(-0.0889751974588306,0.0150703972715215,0.));
#9207=CARTESIAN_POINT('',(-0.0889751974588306,0.0150703972715215,0.0015));
#9208=CARTESIAN_POINT('',(-0.0885249479798942,0.0142006189603992,-0.0235));
#9209=CARTESIAN_POINT('',(-0.0877031706793195,0.0133903619023558,0.));
#9210=CARTESIAN_POINT('',(-0.0877031706793195,0.0133903619023558,0.0015));
#9211=CARTESIAN_POINT('',(-0.088050697995684,0.0136303669550938,0.));
#9212=CARTESIAN_POINT('',(-0.088050697995684,0.0136303669550938,0.0015));
#9213=CARTESIAN_POINT('',(-0.0883246237625423,0.0139004526411082,0.));
#9214=CARTESIAN_POINT('',(-0.0883246237625423,0.0139004526411082,0.0015));
#9215=CARTESIAN_POINT('',(-0.0885249479798942,0.0142006189603992,0.));
#9216=CARTESIAN_POINT('',(-0.0885249479798942,0.0142006189603992,0.0015));
#9217=CARTESIAN_POINT('',(-0.0877031706793195,0.0133903619023558,-0.0235));
#9218=CARTESIAN_POINT('',(-0.0864071433945345,0.0127961093917767,0.));
#9219=CARTESIAN_POINT('',(-0.0864071433945345,0.0127961093917767,0.0015));
#9220=CARTESIAN_POINT('',(-0.0869236342680266,0.0129522726794248,0.));
#9221=CARTESIAN_POINT('',(-0.0869236342680266,0.0129522726794248,0.0015));
#9222=CARTESIAN_POINT('',(-0.0873556433629549,0.0131503568496179,0.));
#9223=CARTESIAN_POINT('',(-0.0873556433629549,0.0131503568496179,0.0015));
#9224=CARTESIAN_POINT('',(-0.0877031706793195,0.0133903619023558,0.));
#9225=CARTESIAN_POINT('',(-0.0877031706793195,0.0133903619023558,0.0015));
#9226=CARTESIAN_POINT('',(-0.0864071433945345,0.0127961093917767,-0.0235));
#9227=CARTESIAN_POINT('',(-0.0845418241246552,0.0125618644603044,0.));
#9228=CARTESIAN_POINT('',(-0.0845418241246552,0.0125618644603044,0.0015));
#9229=CARTESIAN_POINT('',(-0.0852688794310827,0.0125618644603044,0.));
#9230=CARTESIAN_POINT('',(-0.0852688794310827,0.0125618644603044,0.0015));
#9231=CARTESIAN_POINT('',(-0.0858906525210424,0.0126399461041285,0.));
#9232=CARTESIAN_POINT('',(-0.0858906525210424,0.0126399461041285,0.0015));
#9233=CARTESIAN_POINT('',(-0.0864071433945345,0.0127961093917767,0.));
#9234=CARTESIAN_POINT('',(-0.0864071433945345,0.0127961093917767,0.0015));
#9235=CARTESIAN_POINT('',(-0.0845418241246552,0.0125618644603044,-0.0235));
#9236=CARTESIAN_POINT('',(-0.0845388971991083,0.0169849444579185,-0.0234999999999999));
#9237=CARTESIAN_POINT('',(-0.0829990716456556,0.0128383502810586,-0.0235));
#9238=CARTESIAN_POINT('',(-0.0843382502563139,0.0164751864449661,-0.0235));
#9239=CARTESIAN_POINT('',(-0.0816608034715888,0.0136726078443757,-0.0235));
#9240=CARTESIAN_POINT('',(-0.0807190236446451,0.0150761573927873,0.));
#9241=CARTESIAN_POINT('',(-0.0807190236446451,0.0150761573927873,0.0015));
#9242=CARTESIAN_POINT('',(-0.0809545486030652,0.0145123055222215,0.));
#9243=CARTESIAN_POINT('',(-0.0809545486030652,0.0145123055222215,0.0015));
#9244=CARTESIAN_POINT('',(-0.0812684752120465,0.014044455672751,0.));
#9245=CARTESIAN_POINT('',(-0.0812684752120465,0.014044455672751,0.0015));
#9246=CARTESIAN_POINT('',(-0.0816608034715888,0.0136726078443757,0.));
#9247=CARTESIAN_POINT('',(-0.0816608034715888,0.0136726078443757,0.0015));
#9248=CARTESIAN_POINT('',(-0.0803657362070148,0.0189824796311501,-0.0235));
#9249=CARTESIAN_POINT('',(-0.0803657362070148,0.0182624644729363,-0.0235));
#9250=CARTESIAN_POINT('',(-0.0803657362070148,0.019702494789364,-0.0235));
#9251=CARTESIAN_POINT('',(-0.0847875892986588,0.019702494789364,-0.0235));
#9252=CARTESIAN_POINT('',(-0.0892094423903029,0.019702494789364,-0.0235));
#9253=CARTESIAN_POINT('',(-0.0892094423903029,0.0189824796311501,-0.0235));
#9254=CARTESIAN_POINT('',(-0.0892094423903029,0.0182624644729363,-0.0235));
#9255=CARTESIAN_POINT('',(-0.0847875892986588,0.0182624644729363,-0.0235));
#9256=CARTESIAN_POINT('',(-0.0842413377986273,0.0252821322554159,-0.0235));
#9257=CARTESIAN_POINT('',(-0.0881169393902397,0.0252821322554159,-0.0235));
#9258=CARTESIAN_POINT('',(-0.0803657362070148,0.0252821322554159,-0.0235));
#9259=CARTESIAN_POINT('',(-0.0803657362070148,0.0260146276763722,-0.0235));
#9260=CARTESIAN_POINT('',(-0.0803657362070148,0.0267471230973284,-0.0235));
#9261=CARTESIAN_POINT('',(-0.0847875892986588,0.0267471230973284,-0.0235));
#9262=CARTESIAN_POINT('',(-0.0892094423903029,0.0267471230973284,-0.0235));
#9263=CARTESIAN_POINT('',(-0.0892094423903029,0.0239803448493653,-0.0235));
#9264=CARTESIAN_POINT('',(-0.0892094423903029,0.0212135666014021,-0.0235));
#9265=CARTESIAN_POINT('',(-0.0886631908902713,0.0212135666014021,-0.0235));
#9266=CARTESIAN_POINT('',(-0.0881169393902397,0.0212135666014021,-0.0235));
#9267=CARTESIAN_POINT('',(-0.0881169393902397,0.023247849428409,-0.0235));
#9268=CARTESIAN_POINT('',(-0.0836519166994493,0.0323770218021646,-0.0235));
#9269=CARTESIAN_POINT('',(-0.080581740754479,0.0308684898629445,-0.0235));
#9270=CARTESIAN_POINT('',(-0.0802338881327934,0.0322307585422851,0.));
#9271=CARTESIAN_POINT('',(-0.0808275059284826,0.0322307585422851,-0.0235));
#9272=CARTESIAN_POINT('',(-0.0814214608326024,0.0322307585422851,0.));
#9273=CARTESIAN_POINT('',(-0.083206181483463,0.032393325069318,-0.0235));
#9274=CARTESIAN_POINT('',(-0.0816665635928545,0.0314752226362661,-0.0235));
#9275=CARTESIAN_POINT('',(-0.0822790564874418,0.0308444893576707,0.));
#9276=CARTESIAN_POINT('',(-0.0822790564874418,0.0308444893576707,0.0015));
#9277=CARTESIAN_POINT('',(-0.0820108908418493,0.0310249731573296,0.));
#9278=CARTESIAN_POINT('',(-0.0820108908418493,0.0310249731573296,0.0015));
#9279=CARTESIAN_POINT('',(-0.0818067265436535,0.0312352175835281,0.));
#9280=CARTESIAN_POINT('',(-0.0818067265436535,0.0312352175835281,0.0015));
#9281=CARTESIAN_POINT('',(-0.0816665635928545,0.0314752226362661,0.));
#9282=CARTESIAN_POINT('',(-0.0816665635928545,0.0314752226362661,0.0015));
#9283=CARTESIAN_POINT('',(-0.0822790564874418,0.0308444893576707,-0.0235));
#9284=CARTESIAN_POINT('',(-0.0832870777089412,0.0304182403840081,0.));
#9285=CARTESIAN_POINT('',(-0.0832870777089412,0.0304182403840081,0.0015));
#9286=CARTESIAN_POINT('',(-0.0828832292068675,0.0305219225667909,0.));
#9287=CARTESIAN_POINT('',(-0.0828832292068675,0.0305219225667909,0.0015));
#9288=CARTESIAN_POINT('',(-0.0825472221330343,0.0306640055580117,0.));
#9289=CARTESIAN_POINT('',(-0.0825472221330343,0.0306640055580117,0.0015));
#9290=CARTESIAN_POINT('',(-0.0822790564874418,0.0308444893576707,0.));
#9291=CARTESIAN_POINT('',(-0.0822790564874418,0.0308444893576707,0.0015));
#9292=CARTESIAN_POINT('',(-0.0832870777089412,0.0304182403840081,-0.0235));
#9293=CARTESIAN_POINT('',(-0.084745348409377,0.0302511968673024,0.));
#9294=CARTESIAN_POINT('',(-0.084745348409377,0.0302511968673024,0.0015));
#9295=CARTESIAN_POINT('',(-0.0841770164444935,0.0302588770289901,0.));
#9296=CARTESIAN_POINT('',(-0.0841770164444935,0.0302588770289901,0.0015));
#9297=CARTESIAN_POINT('',(-0.0836909262110149,0.0303145582012253,0.));
#9298=CARTESIAN_POINT('',(-0.0836909262110149,0.0303145582012253,0.0015));
#9299=CARTESIAN_POINT('',(-0.0832870777089412,0.0304182403840081,0.));
#9300=CARTESIAN_POINT('',(-0.0832870777089412,0.0304182403840081,0.0015));
#9301=CARTESIAN_POINT('',(-0.084745348409377,0.0302511968673024,-0.0235));
#9302=CARTESIAN_POINT('',(-0.0862036191098128,0.0304182403840081,0.));
#9303=CARTESIAN_POINT('',(-0.0862036191098128,0.0304182403840081,0.0015));
#9304=CARTESIAN_POINT('',(-0.0857997706077391,0.0303145582012253,0.));
#9305=CARTESIAN_POINT('',(-0.0857997706077391,0.0303145582012253,0.0015));
#9306=CARTESIAN_POINT('',(-0.0853136803742605,0.0302588770289901,0.));
#9307=CARTESIAN_POINT('',(-0.0853136803742605,0.0302588770289901,0.0015));
#9308=CARTESIAN_POINT('',(-0.084745348409377,0.0302511968673024,0.));
#9309=CARTESIAN_POINT('',(-0.084745348409377,0.0302511968673024,0.0015));
#9310=CARTESIAN_POINT('',(-0.0862036191098128,0.0304182403840081,-0.0235));
#9311=CARTESIAN_POINT('',(-0.0872116403313121,0.030837769216194,0.));
#9312=CARTESIAN_POINT('',(-0.0872116403313121,0.030837769216194,0.0015));
#9313=CARTESIAN_POINT('',(-0.0869434746857196,0.0306617655108528,0.));
#9314=CARTESIAN_POINT('',(-0.0869434746857196,0.0306617655108528,0.0015));
#9315=CARTESIAN_POINT('',(-0.0866074676118865,0.0305219225667909,0.));
#9316=CARTESIAN_POINT('',(-0.0866074676118865,0.0305219225667909,0.0015));
#9317=CARTESIAN_POINT('',(-0.0862036191098128,0.0304182403840081,0.));
#9318=CARTESIAN_POINT('',(-0.0862036191098128,0.0304182403840081,0.0015));
#9319=CARTESIAN_POINT('',(-0.0872116403313121,0.030837769216194,-0.0235));
#9320=CARTESIAN_POINT('',(-0.0878231732056884,0.0314617823533127,0.));
#9321=CARTESIAN_POINT('',(-0.0878231732056884,0.0314617823533127,0.0015));
#9322=CARTESIAN_POINT('',(-0.0876836502683635,0.0312217773005747,0.));
#9323=CARTESIAN_POINT('',(-0.0876836502683635,0.0312217773005747,0.0015));
#9324=CARTESIAN_POINT('',(-0.0874798059769047,0.0310137729215352,0.));
#9325=CARTESIAN_POINT('',(-0.0874798059769047,0.0310137729215352,0.0015));
#9326=CARTESIAN_POINT('',(-0.0872116403313121,0.030837769216194,0.));
#9327=CARTESIAN_POINT('',(-0.0872116403313121,0.030837769216194,0.0015));
#9328=CARTESIAN_POINT('',(-0.0878231732056884,0.0314617823533127,-0.0235));
#9329=CARTESIAN_POINT('',(-0.0861226472414903,0.0324587009128997,-0.0235));
#9330=CARTESIAN_POINT('',(-0.0880804586222235,0.0322307585422851,-0.0235));
#9331=CARTESIAN_POINT('',(-0.0886747111328027,0.0322307585422851,-0.0235));
#9332=CARTESIAN_POINT('',(-0.0892679913219568,0.0322307585422851,0.));
#9333=CARTESIAN_POINT('',(-0.085672812073658,0.0324264016883628,-0.0235));
#9334=CARTESIAN_POINT('',(-0.0889147161855407,0.0308617697214678,-0.0235));
#9335=CARTESIAN_POINT('',(-0.0860405969042025,0.0322876958928629,-0.0235));
#9336=CARTESIAN_POINT('',(-0.0880391777531526,0.0297759868628813,-0.0235));
#9337=CARTESIAN_POINT('',(-0.0866413883260068,0.0290502115834017,0.));
#9338=CARTESIAN_POINT('',(-0.0866413883260068,0.0290502115834017,0.0015));
#9339=CARTESIAN_POINT('',(-0.0871937199540411,0.0292262152887429,0.));
#9340=CARTESIAN_POINT('',(-0.0871937199540411,0.0292262152887429,0.0015));
#9341=CARTESIAN_POINT('',(-0.0876596497630897,0.0294681403819028,0.));
#9342=CARTESIAN_POINT('',(-0.0876596497630897,0.0294681403819028,0.0015));
#9343=CARTESIAN_POINT('',(-0.0880391777531526,0.0297759868628813,0.));
#9344=CARTESIAN_POINT('',(-0.0880391777531526,0.0297759868628813,0.0015));
#9345=CARTESIAN_POINT('',(-0.0866413883260068,0.0290502115834017,-0.0235));
#9346=CARTESIAN_POINT('',(-0.084745348409377,0.02878620602539,0.));
#9347=CARTESIAN_POINT('',(-0.084745348409377,0.02878620602539,0.0015));
#9348=CARTESIAN_POINT('',(-0.0854570433924293,0.02878620602539,0.));
#9349=CARTESIAN_POINT('',(-0.0854570433924293,0.02878620602539,0.0015));
#9350=CARTESIAN_POINT('',(-0.0860890566979726,0.0288742078780606,0.));
#9351=CARTESIAN_POINT('',(-0.0860890566979726,0.0288742078780606,0.0015));
#9352=CARTESIAN_POINT('',(-0.0866413883260068,0.0290502115834017,0.));
#9353=CARTESIAN_POINT('',(-0.0866413883260068,0.0290502115834017,0.0015));
#9354=CARTESIAN_POINT('',(-0.084745348409377,0.02878620602539,-0.0235));
#9355=CARTESIAN_POINT('',(-0.0828550686140128,0.0290502115834017,0.));
#9356=CARTESIAN_POINT('',(-0.0828550686140128,0.0290502115834017,0.0015));
#9357=CARTESIAN_POINT('',(-0.0834035601612033,0.0288742078780606,0.));
#9358=CARTESIAN_POINT('',(-0.0834035601612033,0.0288742078780606,0.0015));
#9359=CARTESIAN_POINT('',(-0.0840336534263247,0.02878620602539,0.));
#9360=CARTESIAN_POINT('',(-0.0840336534263247,0.02878620602539,0.0015));
#9361=CARTESIAN_POINT('',(-0.084745348409377,0.02878620602539,0.));
#9362=CARTESIAN_POINT('',(-0.084745348409377,0.02878620602539,0.0015));
#9363=CARTESIAN_POINT('',(-0.0828550686140128,0.0290502115834017,-0.0235));
#9364=CARTESIAN_POINT('',(-0.0814630393081327,0.0297759868628813,0.));
#9365=CARTESIAN_POINT('',(-0.0814630393081327,0.0297759868628813,0.0015));
#9366=CARTESIAN_POINT('',(-0.0818425672981956,0.0294681403819028,0.));
#9367=CARTESIAN_POINT('',(-0.0818425672981956,0.0294681403819028,0.0015));
#9368=CARTESIAN_POINT('',(-0.0823065770668223,0.0292262152887429,0.));
#9369=CARTESIAN_POINT('',(-0.0823065770668223,0.0292262152887429,0.0015));
#9370=CARTESIAN_POINT('',(-0.0828550686140128,0.0290502115834017,0.));
#9371=CARTESIAN_POINT('',(-0.0828550686140128,0.0290502115834017,0.0015));
#9372=CARTESIAN_POINT('',(-0.0814630393081327,0.0297759868628813,-0.0235));
#9373=CARTESIAN_POINT('',(-0.083492366825916,0.0323179860834601,-0.0235));
#9374=CARTESIAN_POINT('',(-0.084745348409377,0.0361553211646561,0.));
#9375=CARTESIAN_POINT('',(-0.084745348409377,0.0361553211646561,0.0015));
#9376=CARTESIAN_POINT('',(-0.0840336534263247,0.0361553211646561,0.));
#9377=CARTESIAN_POINT('',(-0.0840336534263247,0.0361553211646561,0.0015));
#9378=CARTESIAN_POINT('',(-0.0834035601612033,0.0360692393524074,0.));
#9379=CARTESIAN_POINT('',(-0.0834035601612033,0.0360692393524074,0.0015));
#9380=CARTESIAN_POINT('',(-0.0828550686140128,0.0358970757279101,0.));
#9381=CARTESIAN_POINT('',(-0.0828550686140128,0.0358970757279101,0.0015));
#9382=CARTESIAN_POINT('',(-0.0828550686140128,0.0358970757279101,-0.0235));
#9383=CARTESIAN_POINT('',(-0.084745348409377,0.0361553211646561,-0.0235));
#9384=CARTESIAN_POINT('',(-0.0866413883260068,0.0358970757279101,0.));
#9385=CARTESIAN_POINT('',(-0.0866413883260068,0.0358970757279101,0.0015));
#9386=CARTESIAN_POINT('',(-0.0860890566979726,0.0360692393524074,0.));
#9387=CARTESIAN_POINT('',(-0.0860890566979726,0.0360692393524074,0.0015));
#9388=CARTESIAN_POINT('',(-0.0854570433924293,0.0361553211646561,0.));
#9389=CARTESIAN_POINT('',(-0.0854570433924293,0.0361553211646561,0.0015));
#9390=CARTESIAN_POINT('',(-0.084745348409377,0.0361553211646561,0.));
#9391=CARTESIAN_POINT('',(-0.084745348409377,0.0361553211646561,0.0015));
#9392=CARTESIAN_POINT('',(-0.0866413883260068,0.0358970757279101,-0.0235));
#9393=CARTESIAN_POINT('',(-0.0880391777531526,0.0351770605696962,0.));
#9394=CARTESIAN_POINT('',(-0.0880391777531526,0.0351770605696962,0.0015));
#9395=CARTESIAN_POINT('',(-0.0876596497630897,0.0354849070506747,0.));
#9396=CARTESIAN_POINT('',(-0.0876596497630897,0.0354849070506747,0.0015));
#9397=CARTESIAN_POINT('',(-0.0871937199540411,0.0357249121034127,0.));
#9398=CARTESIAN_POINT('',(-0.0871937199540411,0.0357249121034127,0.0015));
#9399=CARTESIAN_POINT('',(-0.0866413883260068,0.0358970757279101,0.));
#9400=CARTESIAN_POINT('',(-0.0866413883260068,0.0358970757279101,0.0015));
#9401=CARTESIAN_POINT('',(-0.0880391777531526,0.0351770605696962,-0.0235));
#9402=CARTESIAN_POINT('',(-0.0860591910512721,0.0326975221031701,-0.0235));
#9403=CARTESIAN_POINT('',(-0.0889147161855407,0.0340787974483674,-0.0235));
#9404=CARTESIAN_POINT('',(-0.0855960950809158,0.0324919571312779,-0.0235));
#9405=CARTESIAN_POINT('',(-0.0892684183931643,0.032710768647761,0.));
#9406=CARTESIAN_POINT('',(-0.0886747111328027,0.032710768647761,-0.0235));
#9407=CARTESIAN_POINT('',(-0.0880807562286829,0.032710768647761,0.));
#9408=CARTESIAN_POINT('',(-0.0862960355778239,0.0325482021207287,-0.0235));
#9409=CARTESIAN_POINT('',(-0.0878356534684308,0.0334663045537801,-0.0235));
#9410=CARTESIAN_POINT('',(-0.0872174004525779,0.0340960778121644,0.));
#9411=CARTESIAN_POINT('',(-0.0872174004525779,0.0340960778121644,0.0015));
#9412=CARTESIAN_POINT('',(-0.0874894061790142,0.0339162340259795,0.));
#9413=CARTESIAN_POINT('',(-0.0874894061790142,0.0339162340259795,0.0015));
#9414=CARTESIAN_POINT('',(-0.0876954905176319,0.033706309606518,0.));
#9415=CARTESIAN_POINT('',(-0.0876954905176319,0.033706309606518,0.0015));
#9416=CARTESIAN_POINT('',(-0.0878356534684308,0.0334663045537801,0.));
#9417=CARTESIAN_POINT('',(-0.0878356534684308,0.0334663045537801,0.0015));
#9418=CARTESIAN_POINT('',(-0.0872174004525779,0.0340960778121644,-0.0235));
#9419=CARTESIAN_POINT('',(-0.0862036191098128,0.034522326785827,0.));
#9420=CARTESIAN_POINT('',(-0.0862036191098128,0.034522326785827,0.0015));
#9421=CARTESIAN_POINT('',(-0.0866074676118865,0.0344180045895703,0.));
#9422=CARTESIAN_POINT('',(-0.0866074676118865,0.0344180045895703,0.0015));
#9423=CARTESIAN_POINT('',(-0.0869453947261415,0.0342759215983494,0.));
#9424=CARTESIAN_POINT('',(-0.0869453947261415,0.0342759215983494,0.0015));
#9425=CARTESIAN_POINT('',(-0.0872174004525779,0.0340960778121644,0.));
#9426=CARTESIAN_POINT('',(-0.0872174004525779,0.0340960778121644,0.0015));
#9427=CARTESIAN_POINT('',(-0.0862036191098128,0.034522326785827,-0.0235));
#9428=CARTESIAN_POINT('',(-0.084745348409377,0.0346903303227436,0.));
#9429=CARTESIAN_POINT('',(-0.084745348409377,0.0346903303227436,0.0015));
#9430=CARTESIAN_POINT('',(-0.0853136803742605,0.034682650161056,0.));
#9431=CARTESIAN_POINT('',(-0.0853136803742605,0.034682650161056,0.0015));
#9432=CARTESIAN_POINT('',(-0.0857997706077391,0.0346266489820838,0.));
#9433=CARTESIAN_POINT('',(-0.0857997706077391,0.0346266489820838,0.0015));
#9434=CARTESIAN_POINT('',(-0.0862036191098128,0.034522326785827,0.));
#9435=CARTESIAN_POINT('',(-0.0862036191098128,0.034522326785827,0.0015));
#9436=CARTESIAN_POINT('',(-0.084745348409377,0.0346903303227436,-0.0235));
#9437=CARTESIAN_POINT('',(-0.0832928378302069,0.034522326785827,0.));
#9438=CARTESIAN_POINT('',(-0.0832928378302069,0.034522326785827,0.0015));
#9439=CARTESIAN_POINT('',(-0.0837005264131244,0.0346266489820838,0.));
#9440=CARTESIAN_POINT('',(-0.0837005264131244,0.0346266489820838,0.0015));
#9441=CARTESIAN_POINT('',(-0.0841846966061812,0.034682650161056,0.));
#9442=CARTESIAN_POINT('',(-0.0841846966061812,0.034682650161056,0.0015));
#9443=CARTESIAN_POINT('',(-0.084745348409377,0.0346903303227436,0.));
#9444=CARTESIAN_POINT('',(-0.084745348409377,0.0346903303227436,0.0015));
#9445=CARTESIAN_POINT('',(-0.0832928378302069,0.034522326785827,-0.0235));
#9446=CARTESIAN_POINT('',(-0.0822848166087075,0.0341018379334301,0.));
#9447=CARTESIAN_POINT('',(-0.0822848166087075,0.0341018379334301,0.0015));
#9448=CARTESIAN_POINT('',(-0.0825491421734562,0.0342778416387713,0.));
#9449=CARTESIAN_POINT('',(-0.0825491421734562,0.0342778416387713,0.0015));
#9450=CARTESIAN_POINT('',(-0.0828851492472894,0.0344180045895703,0.));
#9451=CARTESIAN_POINT('',(-0.0828851492472894,0.0344180045895703,0.0015));
#9452=CARTESIAN_POINT('',(-0.0832928378302069,0.034522326785827,0.));
#9453=CARTESIAN_POINT('',(-0.0832928378302069,0.034522326785827,0.0015));
#9454=CARTESIAN_POINT('',(-0.0822848166087075,0.0341018379334301,-0.0235));
#9455=CARTESIAN_POINT('',(-0.0816848039768626,0.0334778247963115,0.));
#9456=CARTESIAN_POINT('',(-0.0816848039768626,0.0334778247963115,0.0015));
#9457=CARTESIAN_POINT('',(-0.0818204868333438,0.0337178298490494,0.));
#9458=CARTESIAN_POINT('',(-0.0818204868333438,0.0337178298490494,0.0015));
#9459=CARTESIAN_POINT('',(-0.0820204910439588,0.033925834228089,0.));
#9460=CARTESIAN_POINT('',(-0.0820204910439588,0.033925834228089,0.0015));
#9461=CARTESIAN_POINT('',(-0.0822848166087075,0.0341018379334301,0.));
#9462=CARTESIAN_POINT('',(-0.0822848166087075,0.0341018379334301,0.0015));
#9463=CARTESIAN_POINT('',(-0.0816848039768626,0.0334778247963115,-0.0235));
#9464=CARTESIAN_POINT('',(-0.0834444562510473,0.0324757151305276,-0.0235));
#9465=CARTESIAN_POINT('',(-0.0814332786815932,0.032710768647761,-0.0235));
#9466=CARTESIAN_POINT('',(-0.0808332660497483,0.032710768647761,-0.0235));
#9467=CARTESIAN_POINT('',(-0.080234082710777,0.032710768647761,0.));
#9468=CARTESIAN_POINT('',(-0.0838802887591412,0.0325067829562403,-0.0235));
#9469=CARTESIAN_POINT('',(-0.0805875008757447,0.0340845575696331,-0.0235));
#9470=CARTESIAN_POINT('',(-0.0834513071725754,0.0326830212381936,-0.0235));
#9471=CARTESIAN_POINT('',(-0.0814630393081327,0.0351770605696962,-0.0235));
#9472=CARTESIAN_POINT('',(-0.0828550686140128,0.0358970757279101,0.));
#9473=CARTESIAN_POINT('',(-0.0828550686140128,0.0358970757279101,0.0015));
#9474=CARTESIAN_POINT('',(-0.0823065770668223,0.0357249121034127,0.));
#9475=CARTESIAN_POINT('',(-0.0823065770668223,0.0357249121034127,0.0015));
#9476=CARTESIAN_POINT('',(-0.0818425672981956,0.0354849070506747,0.));
#9477=CARTESIAN_POINT('',(-0.0818425672981956,0.0354849070506747,0.0015));
#9478=CARTESIAN_POINT('',(-0.0814630393081327,0.0351770605696962,0.));
#9479=CARTESIAN_POINT('',(-0.0814630393081327,0.0351770605696962,0.0015));
#9480=CARTESIAN_POINT('',(-0.0863591423839869,0.0380523211014969,-0.0235));
#9481=CARTESIAN_POINT('',(-0.0880681092093635,0.0380523211014969,0.));
#9482=CARTESIAN_POINT('',(-0.0846493463882818,0.0380523211014969,-0.0235));
#9483=CARTESIAN_POINT('',(-0.0846493463882818,0.0395163519231984,-0.0235));
#9484=CARTESIAN_POINT('',(-0.0846493463882818,0.0409803827448999,-0.0235));
#9485=CARTESIAN_POINT('',(-0.0851408767362891,0.0409803827448999,-0.0235));
#9486=CARTESIAN_POINT('',(-0.0856324070842964,0.0409803827448999,-0.0235));
#9487=CARTESIAN_POINT('',(-0.0856324070842964,0.0402296469399355,-0.0235));
#9488=CARTESIAN_POINT('',(-0.0856324070842964,0.0394789111349712,-0.0235));
#9489=CARTESIAN_POINT('',(-0.0867249100843596,0.0394789111349712,-0.0235));
#9490=CARTESIAN_POINT('',(-0.0878174130844227,0.0394789111349712,-0.0235));
#9491=CARTESIAN_POINT('',(-0.0880218973893555,0.0397736373397335,0.));
#9492=CARTESIAN_POINT('',(-0.0880218973893555,0.0397736373397335,0.0015));
#9493=CARTESIAN_POINT('',(-0.0879738963788079,0.0396411545506221,0.));
#9494=CARTESIAN_POINT('',(-0.0879738963788079,0.0396411545506221,0.0015));
#9495=CARTESIAN_POINT('',(-0.0879057349438303,0.039542912482368,0.));
#9496=CARTESIAN_POINT('',(-0.0879057349438303,0.039542912482368,0.0015));
#9497=CARTESIAN_POINT('',(-0.0878174130844227,0.0394789111349712,0.));
#9498=CARTESIAN_POINT('',(-0.0878174130844227,0.0394789111349712,0.0015));
#9499=CARTESIAN_POINT('',(-0.0880218973893555,0.0397736373397335,-0.0235));
#9500=CARTESIAN_POINT('',(-0.0855145297669062,0.0406733904940922,-0.0234999999999997));
#9501=CARTESIAN_POINT('',(-0.0881351797742478,0.0401941261921303,-0.0235));
#9502=CARTESIAN_POINT('',(-0.0837346944897591,0.0410217659330464,-0.0234999999999992));
#9503=CARTESIAN_POINT('',(-0.0881947010273268,0.0406261352870587,-0.0235));
#9504=CARTESIAN_POINT('',(-0.0839357426197571,0.0410287436388155,-0.0235));
#9505=CARTESIAN_POINT('',(-0.0882131958199315,0.0409803827448999,0.));
#9506=CARTESIAN_POINT('',(-0.0887409525273584,0.0409803827448999,-0.0235));
#9507=CARTESIAN_POINT('',(-0.0892689636433819,0.0409803827448999,-0.0235));
#9508=CARTESIAN_POINT('',(-0.0892689636433819,0.0409736626034232,-0.0235));
#9509=CARTESIAN_POINT('',(-0.0892689636433819,0.0409669424619465,-0.0235));
#9510=CARTESIAN_POINT('',(-0.083825039092489,0.0409729449818335,-0.0234999999999997));
#9511=CARTESIAN_POINT('',(-0.0892094423903029,0.0401691656666456,-0.0235));
#9512=CARTESIAN_POINT('',(-0.0855523684899824,0.0407073854326433,-0.0234999999999998));
#9513=CARTESIAN_POINT('',(-0.0890059181055811,0.0393896292553527,-0.0235));
#9514=CARTESIAN_POINT('',(-0.0854437389826516,0.0407510340782088,-0.0234999999999998));
#9515=CARTESIAN_POINT('',(-0.0886391903849975,0.0386696140971389,-0.0235));
#9516=CARTESIAN_POINT('',(-0.0864883134418186,0.0400885343189278,-0.0234999999999999));
#9517=CARTESIAN_POINT('',(-0.084745348409377,0.0446515000315796,0.));
#9518=CARTESIAN_POINT('',(-0.084745348409377,0.0446515000315796,0.0015));
#9519=CARTESIAN_POINT('',(-0.0840566939113876,0.0446515000315796,0.));
#9520=CARTESIAN_POINT('',(-0.0840566939113876,0.0446515000315796,0.0015));
#9521=CARTESIAN_POINT('',(-0.0834464410639592,0.0445714983473336,0.));
#9522=CARTESIAN_POINT('',(-0.0834464410639592,0.0445714983473336,0.0015));
#9523=CARTESIAN_POINT('',(-0.0829145898670919,0.0444114949788416,0.));
#9524=CARTESIAN_POINT('',(-0.0829145898670919,0.0444114949788416,0.0015));
#9525=CARTESIAN_POINT('',(-0.0829145898670919,0.0444114949788416,-0.0235));
#9526=CARTESIAN_POINT('',(-0.084745348409377,0.0446515000315796,-0.0235));
#9527=CARTESIAN_POINT('',(-0.0865751469314511,0.0444114949788416,0.));
#9528=CARTESIAN_POINT('',(-0.0865751469314511,0.0444114949788416,0.0015));
#9529=CARTESIAN_POINT('',(-0.0860426557211098,0.0445714983473336,0.));
#9530=CARTESIAN_POINT('',(-0.0860426557211098,0.0445714983473336,0.0015));
#9531=CARTESIAN_POINT('',(-0.0854327228804185,0.0446515000315796,0.));
#9532=CARTESIAN_POINT('',(-0.0854327228804185,0.0446515000315796,0.0015));
#9533=CARTESIAN_POINT('',(-0.084745348409377,0.0446515000315796,0.));
#9534=CARTESIAN_POINT('',(-0.084745348409377,0.0446515000315796,0.0015));
#9535=CARTESIAN_POINT('',(-0.0865751469314511,0.0444114949788416,-0.0235));
#9536=CARTESIAN_POINT('',(-0.0879374156107917,0.0437519610939177,0.));
#9537=CARTESIAN_POINT('',(-0.0879374156107917,0.0437519610939177,0.0015));
#9538=CARTESIAN_POINT('',(-0.0875617277015726,0.0440316469820417,0.));
#9539=CARTESIAN_POINT('',(-0.0875617277015726,0.0440316469820417,0.0015));
#9540=CARTESIAN_POINT('',(-0.0871076381417924,0.0442514916103497,0.));
#9541=CARTESIAN_POINT('',(-0.0871076381417924,0.0442514916103497,0.0015));
#9542=CARTESIAN_POINT('',(-0.0865751469314511,0.0444114949788416,0.));
#9543=CARTESIAN_POINT('',(-0.0865751469314511,0.0444114949788416,0.0015));
#9544=CARTESIAN_POINT('',(-0.0879374156107917,0.0437519610939177,-0.0235));
#9545=CARTESIAN_POINT('',(-0.0860453560218616,0.0411708709568496,-0.0235));
#9546=CARTESIAN_POINT('',(-0.0888311944271878,0.0427439398724183,-0.0235));
#9547=CARTESIAN_POINT('',(-0.0858372317805516,0.0410654372544002,-0.0235));
#9548=CARTESIAN_POINT('',(-0.0892455849606205,0.0414719130929072,0.));
#9549=CARTESIAN_POINT('',(-0.0886996716582875,0.0414719130929072,-0.0235));
#9550=CARTESIAN_POINT('',(-0.088153834244463,0.0414719130929072,0.));
#9551=CARTESIAN_POINT('',(-0.0864674165542187,0.0410102130992078,-0.0235));
#9552=CARTESIAN_POINT('',(-0.0878049328216804,0.0421372070990968,-0.0235));
#9553=CARTESIAN_POINT('',(-0.0871271585527484,0.0426776984778626,0.));
#9554=CARTESIAN_POINT('',(-0.0871271585527484,0.0426776984778626,0.0015));
#9555=CARTESIAN_POINT('',(-0.0874106845217161,0.0425215351902145,0.));
#9556=CARTESIAN_POINT('',(-0.0874106845217161,0.0425215351902145,0.0015));
#9557=CARTESIAN_POINT('',(-0.0876366092780268,0.0423413713972926,0.));
#9558=CARTESIAN_POINT('',(-0.0876366092780268,0.0423413713972926,0.0015));
#9559=CARTESIAN_POINT('',(-0.0878049328216804,0.0421372070990968,0.));
#9560=CARTESIAN_POINT('',(-0.0878049328216804,0.0421372070990968,0.0015));
#9561=CARTESIAN_POINT('',(-0.0871271585527484,0.0426776984778626,-0.0235));
#9562=CARTESIAN_POINT('',(-0.0861133772099833,0.0430434661782353,0.));
#9563=CARTESIAN_POINT('',(-0.0861133772099833,0.0430434661782353,0.0015));
#9564=CARTESIAN_POINT('',(-0.0865057054695256,0.0429557843323017,0.));
#9565=CARTESIAN_POINT('',(-0.0865057054695256,0.0429557843323017,0.0015));
#9566=CARTESIAN_POINT('',(-0.0868436325837806,0.0428338617655108,0.));
#9567=CARTESIAN_POINT('',(-0.0868436325837806,0.0428338617655108,0.0015));
#9568=CARTESIAN_POINT('',(-0.0871271585527484,0.0426776984778626,0.));
#9569=CARTESIAN_POINT('',(-0.0871271585527484,0.0426776984778626,0.0015));
#9570=CARTESIAN_POINT('',(-0.0861133772099833,0.0430434661782353,-0.0235));
#9571=CARTESIAN_POINT('',(-0.084745348409377,0.0431884292300891,0.));
#9572=CARTESIAN_POINT('',(-0.084745348409377,0.0431884292300891,0.0015));
#9573=CARTESIAN_POINT('',(-0.0852650393502389,0.0431794690414535,0.));
#9574=CARTESIAN_POINT('',(-0.0852650393502389,0.0431794690414535,0.0015));
#9575=CARTESIAN_POINT('',(-0.085721048950441,0.0431311480241689,0.));
#9576=CARTESIAN_POINT('',(-0.085721048950441,0.0431311480241689,0.0015));
#9577=CARTESIAN_POINT('',(-0.0861133772099833,0.0430434661782353,0.));
#9578=CARTESIAN_POINT('',(-0.0861133772099833,0.0430434661782353,0.0015));
#9579=CARTESIAN_POINT('',(-0.084745348409377,0.0431884292300891,-0.0235));
#9580=CARTESIAN_POINT('',(-0.0833955599927787,0.0430434661782353,0.));
#9581=CARTESIAN_POINT('',(-0.0833955599927787,0.0430434661782353,0.0015));
#9582=CARTESIAN_POINT('',(-0.0837757279963156,0.0431311480241689,0.));
#9583=CARTESIAN_POINT('',(-0.0837757279963156,0.0431311480241689,0.0015));
#9584=CARTESIAN_POINT('',(-0.0842256574685151,0.0431794690414535,0.));
#9585=CARTESIAN_POINT('',(-0.0842256574685151,0.0431794690414535,0.0015));
#9586=CARTESIAN_POINT('',(-0.084745348409377,0.0431884292300891,0.));
#9587=CARTESIAN_POINT('',(-0.084745348409377,0.0431884292300891,0.0015));
#9588=CARTESIAN_POINT('',(-0.0833955599927787,0.0430434661782353,-0.0235));
#9589=CARTESIAN_POINT('',(-0.0824230595190845,0.0426776984778627,0.));
#9590=CARTESIAN_POINT('',(-0.0824230595190845,0.0426776984778627,0.0015));
#9591=CARTESIAN_POINT('',(-0.082691225164677,0.0428338617655108,0.));
#9592=CARTESIAN_POINT('',(-0.082691225164677,0.0428338617655108,0.0015));
#9593=CARTESIAN_POINT('',(-0.0830153919892418,0.0429557843323017,0.));
#9594=CARTESIAN_POINT('',(-0.0830153919892418,0.0429557843323017,0.0015));
#9595=CARTESIAN_POINT('',(-0.0833955599927787,0.0430434661782353,0.));
#9596=CARTESIAN_POINT('',(-0.0833955599927787,0.0430434661782353,0.0015));
#9597=CARTESIAN_POINT('',(-0.0824230595190845,0.0426776984778627,-0.0235));
#9598=CARTESIAN_POINT('',(-0.0817932862607001,0.0421372070990968,0.));
#9599=CARTESIAN_POINT('',(-0.0817932862607001,0.0421372070990968,0.0015));
#9600=CARTESIAN_POINT('',(-0.0819449694540305,0.0423413713972926,0.));
#9601=CARTESIAN_POINT('',(-0.0819449694540305,0.0423413713972926,0.0015));
#9602=CARTESIAN_POINT('',(-0.082154893873492,0.0425215351902145,0.));
#9603=CARTESIAN_POINT('',(-0.082154893873492,0.0425215351902145,0.0015));
#9604=CARTESIAN_POINT('',(-0.0824230595190845,0.0426776984778627,0.));
#9605=CARTESIAN_POINT('',(-0.0824230595190845,0.0426776984778627,0.0015));
#9606=CARTESIAN_POINT('',(-0.0817932862607001,0.0421372070990968,-0.0235));
#9607=CARTESIAN_POINT('',(-0.0833551006350369,0.0409654531003537,-0.0235));
#9608=CARTESIAN_POINT('',(-0.0814696456072153,0.0414719130929072,0.));
#9609=CARTESIAN_POINT('',(-0.0808697468177645,0.0414719130929072,-0.0235));
#9610=CARTESIAN_POINT('',(-0.0802701078866715,0.0414719130929072,0.));
#9611=CARTESIAN_POINT('',(-0.0837159147777187,0.0410717706038481,-0.0235));
#9612=CARTESIAN_POINT('',(-0.0806767827553632,0.0427439398724183,-0.0235));
#9613=CARTESIAN_POINT('',(-0.0834419355035018,0.041210891228961,-0.0235));
#9614=CARTESIAN_POINT('',(-0.0815590413292279,0.0437519610939177,-0.0235));
#9615=CARTESIAN_POINT('',(-0.0829145898670919,0.0444114949788416,0.));
#9616=CARTESIAN_POINT('',(-0.0829145898670919,0.0444114949788416,0.0015));
#9617=CARTESIAN_POINT('',(-0.0823827386702246,0.0442514916103497,0.));
#9618=CARTESIAN_POINT('',(-0.0823827386702246,0.0442514916103497,0.0015));
#9619=CARTESIAN_POINT('',(-0.0819308891576032,0.0440316469820417,0.));
#9620=CARTESIAN_POINT('',(-0.0819308891576032,0.0440316469820417,0.0015));
#9621=CARTESIAN_POINT('',(-0.0815590413292279,0.0437519610939177,0.));
#9622=CARTESIAN_POINT('',(-0.0815590413292279,0.0437519610939177,0.0015));
#9623=MECHANICAL_DESIGN_GEOMETRIC_PRESENTATION_REPRESENTATION('',(#5622),
#9624);
#9624=(
GEOMETRIC_REPRESENTATION_CONTEXT(3)
GLOBAL_UNCERTAINTY_ASSIGNED_CONTEXT((#9625))
GLOBAL_UNIT_ASSIGNED_CONTEXT((#9628,#9627,#9626))
REPRESENTATION_CONTEXT('GOLDEN RATIO','TOP_LEVEL_ASSEMBLY_PART')
);
#9625=UNCERTAINTY_MEASURE_WITH_UNIT(LENGTH_MEASURE(2.E-5),#9628,
'DISTANCE_ACCURACY_VALUE','Maximum Tolerance applied to model');
#9626=(
NAMED_UNIT(*)
SI_UNIT($,.STERADIAN.)
SOLID_ANGLE_UNIT()
);
#9627=(
NAMED_UNIT(*)
PLANE_ANGLE_UNIT()
SI_UNIT($,.RADIAN.)
);
#9628=(
LENGTH_UNIT()
NAMED_UNIT(*)
SI_UNIT($,.METRE.)
);
#9629=PRODUCT_DEFINITION_SHAPE('','',#9630);
#9630=PRODUCT_DEFINITION('','',#9632,#9631);
#9631=PRODUCT_DEFINITION_CONTEXT('',#9638,'design');
#9632=PRODUCT_DEFINITION_FORMATION_WITH_SPECIFIED_SOURCE('','',#9634,
 .NOT_KNOWN.);
#9633=PRODUCT_RELATED_PRODUCT_CATEGORY('','',(#9634));
#9634=PRODUCT('GOLDEN RATIO','GOLDEN RATIO','GOLDEN RATIO',(#9636));
#9635=PRODUCT_CATEGORY('','');
#9636=PRODUCT_CONTEXT('',#9638,'mechanical');
#9637=APPLICATION_PROTOCOL_DEFINITION('international standard',
'ap242_managed_model_based_3d_engineering',2020,#9638);
#9638=APPLICATION_CONTEXT('managed model based 3d engineering');
ENDSEC;
END-ISO-10303-21;
