ISO-10303-21;
HEADER;
/* Generated by software containing ST-Developer
 * from STEP Tools, Inc. (www.steptools.com) 
 */
/* OPTION: using custom renumber hook */

FILE_DESCRIPTION(
/* description */ ('STEP AP242 Edition 2',
'CAx-IF Rec.Pracs.---Representation and Presentation of Product Manufa
cturing Information (PMI)---4.0---2014-10-13',
'CAx-IF Rec.Pracs.---3D Tessellated Geometry---0.4---2014-09-14','2;1',
'CAx-IF Rec.Pracs.---User Defined Attributes---1.5---2016-08-15'),
/* implementation_level */ '2;1');

FILE_NAME(
/* name */ 'FRAMEKIT - RULE OF THIRDS',
/* time_stamp */ '2026-09-20T09:45:13Z',
/* author */ (''),
/* organization */ (''),
/* preprocessor_version */ 'ST-DEVELOPER v20',
/* originating_system */ 'ONSHAPE BY PTC INC, 1.221',
/* authorisation */ '  ');

FILE_SCHEMA (('AP242_MANAGED_MODEL_BASED_3D_ENGINEERING_MIM_LF { 1 0 10303 442 3 1 4 }'));
ENDSEC;

DATA;
#10=SHAPE_REPRESENTATION_RELATIONSHIP('','',#6031,#11);
#11=ADVANCED_BREP_SHAPE_REPRESENTATION('',(#6029),#10221);
#12=B_SPLINE_SURFACE_WITH_KNOTS('',3,1,((#9291,#9292),(#9293,#9294),(#9295,
#9296),(#9297,#9298)),.SURF_OF_LINEAR_EXTRUSION.,.F.,.F.,.F.,(4,4),(2,2),
(0.,1.),(0.,1.),.PIECEWISE_BEZIER_KNOTS.);
#13=B_SPLINE_SURFACE_WITH_KNOTS('',3,1,((#9300,#9301),(#9302,#9303),(#9304,
#9305),(#9306,#9307)),.SURF_OF_LINEAR_EXTRUSION.,.F.,.F.,.F.,(4,4),(2,2),
(0.,1.),(0.,1.),.PIECEWISE_BEZIER_KNOTS.);
#14=B_SPLINE_SURFACE_WITH_KNOTS('',3,1,((#9321,#9322),(#9323,#9324),(#9325,
#9326),(#9327,#9328)),.SURF_OF_LINEAR_EXTRUSION.,.F.,.F.,.F.,(4,4),(2,2),
(0.,1.),(0.,1.),.PIECEWISE_BEZIER_KNOTS.);
#15=B_SPLINE_SURFACE_WITH_KNOTS('',3,1,((#9330,#9331),(#9332,#9333),(#9334,
#9335),(#9336,#9337)),.SURF_OF_LINEAR_EXTRUSION.,.F.,.F.,.F.,(4,4),(2,2),
(0.,1.),(0.,1.),.PIECEWISE_BEZIER_KNOTS.);
#16=B_SPLINE_SURFACE_WITH_KNOTS('',3,1,((#9343,#9344),(#9345,#9346),(#9347,
#9348),(#9349,#9350)),.SURF_OF_LINEAR_EXTRUSION.,.F.,.F.,.F.,(4,4),(2,2),
(0.,1.),(0.,1.),.PIECEWISE_BEZIER_KNOTS.);
#17=B_SPLINE_SURFACE_WITH_KNOTS('',3,1,((#9352,#9353),(#9354,#9355),(#9356,
#9357),(#9358,#9359)),.SURF_OF_LINEAR_EXTRUSION.,.F.,.F.,.F.,(4,4),(2,2),
(0.,1.),(0.,1.),.PIECEWISE_BEZIER_KNOTS.);
#18=B_SPLINE_SURFACE_WITH_KNOTS('',3,1,((#9408,#9409),(#9410,#9411),(#9412,
#9413),(#9414,#9415)),.SURF_OF_LINEAR_EXTRUSION.,.F.,.F.,.F.,(4,4),(2,2),
(0.,1.),(0.,1.),.PIECEWISE_BEZIER_KNOTS.);
#19=B_SPLINE_SURFACE_WITH_KNOTS('',3,1,((#9418,#9419),(#9420,#9421),(#9422,
#9423),(#9424,#9425)),.SURF_OF_LINEAR_EXTRUSION.,.F.,.F.,.F.,(4,4),(2,2),
(0.,1.),(0.,1.),.PIECEWISE_BEZIER_KNOTS.);
#20=B_SPLINE_SURFACE_WITH_KNOTS('',3,1,((#9437,#9438),(#9439,#9440),(#9441,
#9442),(#9443,#9444)),.SURF_OF_LINEAR_EXTRUSION.,.F.,.F.,.F.,(4,4),(2,2),
(0.,1.),(0.,1.),.PIECEWISE_BEZIER_KNOTS.);
#21=B_SPLINE_SURFACE_WITH_KNOTS('',3,1,((#9446,#9447),(#9448,#9449),(#9450,
#9451),(#9452,#9453)),.SURF_OF_LINEAR_EXTRUSION.,.F.,.F.,.F.,(4,4),(2,2),
(0.,1.),(0.,1.),.PIECEWISE_BEZIER_KNOTS.);
#22=B_SPLINE_SURFACE_WITH_KNOTS('',3,1,((#9475,#9476),(#9477,#9478),(#9479,
#9480),(#9481,#9482)),.SURF_OF_LINEAR_EXTRUSION.,.F.,.F.,.F.,(4,4),(2,2),
(0.,1.),(0.,1.),.PIECEWISE_BEZIER_KNOTS.);
#23=B_SPLINE_SURFACE_WITH_KNOTS('',3,1,((#9488,#9489),(#9490,#9491),(#9492,
#9493),(#9494,#9495)),.SURF_OF_LINEAR_EXTRUSION.,.F.,.F.,.F.,(4,4),(2,2),
(0.,1.),(0.,1.),.PIECEWISE_BEZIER_KNOTS.);
#24=B_SPLINE_SURFACE_WITH_KNOTS('',3,1,((#9500,#9501),(#9502,#9503),(#9504,
#9505),(#9506,#9507)),.SURF_OF_LINEAR_EXTRUSION.,.F.,.F.,.F.,(4,4),(2,2),
(0.,1.),(0.,1.),.PIECEWISE_BEZIER_KNOTS.);
#25=B_SPLINE_SURFACE_WITH_KNOTS('',3,1,((#9516,#9517),(#9518,#9519),(#9520,
#9521),(#9522,#9523)),.SURF_OF_LINEAR_EXTRUSION.,.F.,.F.,.F.,(4,4),(2,2),
(0.,1.),(0.,1.),.PIECEWISE_BEZIER_KNOTS.);
#26=B_SPLINE_SURFACE_WITH_KNOTS('',3,1,((#9525,#9526),(#9527,#9528),(#9529,
#9530),(#9531,#9532)),.SURF_OF_LINEAR_EXTRUSION.,.F.,.F.,.F.,(4,4),(2,2),
(0.,1.),(0.,1.),.PIECEWISE_BEZIER_KNOTS.);
#27=B_SPLINE_SURFACE_WITH_KNOTS('',3,1,((#9538,#9539),(#9540,#9541),(#9542,
#9543),(#9544,#9545)),.SURF_OF_LINEAR_EXTRUSION.,.F.,.F.,.F.,(4,4),(2,2),
(0.,1.),(0.,1.),.PIECEWISE_BEZIER_KNOTS.);
#28=B_SPLINE_SURFACE_WITH_KNOTS('',3,1,((#9547,#9548),(#9549,#9550),(#9551,
#9552),(#9553,#9554)),.SURF_OF_LINEAR_EXTRUSION.,.F.,.F.,.F.,(4,4),(2,2),
(0.,1.),(0.,1.),.PIECEWISE_BEZIER_KNOTS.);
#29=B_SPLINE_SURFACE_WITH_KNOTS('',3,1,((#9564,#9565),(#9566,#9567),(#9568,
#9569),(#9570,#9571)),.SURF_OF_LINEAR_EXTRUSION.,.F.,.F.,.F.,(4,4),(2,2),
(0.,1.),(0.,1.),.PIECEWISE_BEZIER_KNOTS.);
#30=B_SPLINE_SURFACE_WITH_KNOTS('',3,1,((#9575,#9576),(#9577,#9578),(#9579,
#9580),(#9581,#9582)),.SURF_OF_LINEAR_EXTRUSION.,.F.,.F.,.F.,(4,4),(2,2),
(0.,1.),(0.,1.),.PIECEWISE_BEZIER_KNOTS.);
#31=B_SPLINE_SURFACE_WITH_KNOTS('',3,1,((#9584,#9585),(#9586,#9587),(#9588,
#9589),(#9590,#9591)),.SURF_OF_LINEAR_EXTRUSION.,.F.,.F.,.F.,(4,4),(2,2),
(0.,1.),(0.,1.),.PIECEWISE_BEZIER_KNOTS.);
#32=B_SPLINE_SURFACE_WITH_KNOTS('',3,1,((#9593,#9594),(#9595,#9596),(#9597,
#9598),(#9599,#9600)),.SURF_OF_LINEAR_EXTRUSION.,.F.,.F.,.F.,(4,4),(2,2),
(0.,1.),(0.,1.),.PIECEWISE_BEZIER_KNOTS.);
#33=B_SPLINE_SURFACE_WITH_KNOTS('',3,1,((#9606,#9607),(#9608,#9609),(#9610,
#9611),(#9612,#9613)),.SURF_OF_LINEAR_EXTRUSION.,.F.,.F.,.F.,(4,4),(2,2),
(0.,1.),(0.,1.),.PIECEWISE_BEZIER_KNOTS.);
#34=B_SPLINE_SURFACE_WITH_KNOTS('',3,1,((#9619,#9620),(#9621,#9622),(#9623,
#9624),(#9625,#9626)),.SURF_OF_LINEAR_EXTRUSION.,.F.,.F.,.F.,(4,4),(2,2),
(0.,1.),(0.,1.),.PIECEWISE_BEZIER_KNOTS.);
#35=B_SPLINE_SURFACE_WITH_KNOTS('',3,1,((#9628,#9629),(#9630,#9631),(#9632,
#9633),(#9634,#9635)),.SURF_OF_LINEAR_EXTRUSION.,.F.,.F.,.F.,(4,4),(2,2),
(0.,1.),(0.,1.),.PIECEWISE_BEZIER_KNOTS.);
#36=B_SPLINE_SURFACE_WITH_KNOTS('',3,1,((#9637,#9638),(#9639,#9640),(#9641,
#9642),(#9643,#9644)),.SURF_OF_LINEAR_EXTRUSION.,.F.,.F.,.F.,(4,4),(2,2),
(0.,1.),(0.,1.),.PIECEWISE_BEZIER_KNOTS.);
#37=B_SPLINE_SURFACE_WITH_KNOTS('',3,1,((#9656,#9657),(#9658,#9659),(#9660,
#9661),(#9662,#9663)),.SURF_OF_LINEAR_EXTRUSION.,.F.,.F.,.F.,(4,4),(2,2),
(0.,1.),(0.,1.),.PIECEWISE_BEZIER_KNOTS.);
#38=B_SPLINE_SURFACE_WITH_KNOTS('',3,1,((#9668,#9669),(#9670,#9671),(#9672,
#9673),(#9674,#9675)),.SURF_OF_LINEAR_EXTRUSION.,.F.,.F.,.F.,(4,4),(2,2),
(0.,1.),(0.,1.),.PIECEWISE_BEZIER_KNOTS.);
#39=B_SPLINE_SURFACE_WITH_KNOTS('',3,1,((#9678,#9679),(#9680,#9681),(#9682,
#9683),(#9684,#9685)),.SURF_OF_LINEAR_EXTRUSION.,.F.,.F.,.F.,(4,4),(2,2),
(0.,1.),(0.,1.),.PIECEWISE_BEZIER_KNOTS.);
#40=B_SPLINE_SURFACE_WITH_KNOTS('',3,1,((#9687,#9688),(#9689,#9690),(#9691,
#9692),(#9693,#9694)),.SURF_OF_LINEAR_EXTRUSION.,.F.,.F.,.F.,(4,4),(2,2),
(0.,1.),(0.,1.),.PIECEWISE_BEZIER_KNOTS.);
#41=B_SPLINE_SURFACE_WITH_KNOTS('',3,1,((#9704,#9705),(#9706,#9707),(#9708,
#9709),(#9710,#9711)),.SURF_OF_LINEAR_EXTRUSION.,.F.,.F.,.F.,(4,4),(2,2),
(0.,1.),(0.,1.),.PIECEWISE_BEZIER_KNOTS.);
#42=B_SPLINE_SURFACE_WITH_KNOTS('',3,1,((#9713,#9714),(#9715,#9716),(#9717,
#9718),(#9719,#9720)),.SURF_OF_LINEAR_EXTRUSION.,.F.,.F.,.F.,(4,4),(2,2),
(0.,1.),(0.,1.),.PIECEWISE_BEZIER_KNOTS.);
#43=B_SPLINE_SURFACE_WITH_KNOTS('',3,1,((#9722,#9723),(#9724,#9725),(#9726,
#9727),(#9728,#9729)),.SURF_OF_LINEAR_EXTRUSION.,.F.,.F.,.F.,(4,4),(2,2),
(0.,1.),(0.,1.),.PIECEWISE_BEZIER_KNOTS.);
#44=B_SPLINE_SURFACE_WITH_KNOTS('',3,1,((#9731,#9732),(#9733,#9734),(#9735,
#9736),(#9737,#9738)),.SURF_OF_LINEAR_EXTRUSION.,.F.,.F.,.F.,(4,4),(2,2),
(0.,1.),(0.,1.),.PIECEWISE_BEZIER_KNOTS.);
#45=B_SPLINE_SURFACE_WITH_KNOTS('',3,1,((#9740,#9741),(#9742,#9743),(#9744,
#9745),(#9746,#9747)),.SURF_OF_LINEAR_EXTRUSION.,.F.,.F.,.F.,(4,4),(2,2),
(0.,1.),(0.,1.),.PIECEWISE_BEZIER_KNOTS.);
#46=B_SPLINE_SURFACE_WITH_KNOTS('',3,1,((#9749,#9750),(#9751,#9752),(#9753,
#9754),(#9755,#9756)),.SURF_OF_LINEAR_EXTRUSION.,.F.,.F.,.F.,(4,4),(2,2),
(0.,1.),(0.,1.),.PIECEWISE_BEZIER_KNOTS.);
#47=B_SPLINE_SURFACE_WITH_KNOTS('',3,1,((#9766,#9767),(#9768,#9769),(#9770,
#9771),(#9772,#9773)),.SURF_OF_LINEAR_EXTRUSION.,.F.,.F.,.F.,(4,4),(2,2),
(0.,1.),(0.,1.),.PIECEWISE_BEZIER_KNOTS.);
#48=B_SPLINE_SURFACE_WITH_KNOTS('',3,1,((#9781,#9782),(#9783,#9784),(#9785,
#9786),(#9787,#9788)),.SURF_OF_LINEAR_EXTRUSION.,.F.,.F.,.F.,(4,4),(2,2),
(0.,1.),(0.,1.),.PIECEWISE_BEZIER_KNOTS.);
#49=B_SPLINE_SURFACE_WITH_KNOTS('',3,1,((#9790,#9791),(#9792,#9793),(#9794,
#9795),(#9796,#9797)),.SURF_OF_LINEAR_EXTRUSION.,.F.,.F.,.F.,(4,4),(2,2),
(0.,1.),(0.,1.),.PIECEWISE_BEZIER_KNOTS.);
#50=B_SPLINE_SURFACE_WITH_KNOTS('',3,1,((#9799,#9800),(#9801,#9802),(#9803,
#9804),(#9805,#9806)),.SURF_OF_LINEAR_EXTRUSION.,.F.,.F.,.F.,(4,4),(2,2),
(0.,1.),(0.,1.),.PIECEWISE_BEZIER_KNOTS.);
#51=B_SPLINE_SURFACE_WITH_KNOTS('',3,1,((#9808,#9809),(#9810,#9811),(#9812,
#9813),(#9814,#9815)),.SURF_OF_LINEAR_EXTRUSION.,.F.,.F.,.F.,(4,4),(2,2),
(0.,1.),(0.,1.),.PIECEWISE_BEZIER_KNOTS.);
#52=B_SPLINE_SURFACE_WITH_KNOTS('',3,1,((#9817,#9818),(#9819,#9820),(#9821,
#9822),(#9823,#9824)),.SURF_OF_LINEAR_EXTRUSION.,.F.,.F.,.F.,(4,4),(2,2),
(0.,1.),(0.,1.),.PIECEWISE_BEZIER_KNOTS.);
#53=B_SPLINE_SURFACE_WITH_KNOTS('',3,1,((#9826,#9827),(#9828,#9829),(#9830,
#9831),(#9832,#9833)),.SURF_OF_LINEAR_EXTRUSION.,.F.,.F.,.F.,(4,4),(2,2),
(0.,1.),(0.,1.),.PIECEWISE_BEZIER_KNOTS.);
#54=B_SPLINE_SURFACE_WITH_KNOTS('',3,1,((#9843,#9844),(#9845,#9846),(#9847,
#9848),(#9849,#9850)),.SURF_OF_LINEAR_EXTRUSION.,.F.,.F.,.F.,(4,4),(2,2),
(0.,1.),(0.,1.),.PIECEWISE_BEZIER_KNOTS.);
#55=B_SPLINE_SURFACE_WITH_KNOTS('',3,1,((#9852,#9853),(#9854,#9855),(#9856,
#9857),(#9858,#9859)),.SURF_OF_LINEAR_EXTRUSION.,.F.,.F.,.F.,(4,4),(2,2),
(0.,1.),(0.,1.),.PIECEWISE_BEZIER_KNOTS.);
#56=B_SPLINE_SURFACE_WITH_KNOTS('',3,1,((#9861,#9862),(#9863,#9864),(#9865,
#9866),(#9867,#9868)),.SURF_OF_LINEAR_EXTRUSION.,.F.,.F.,.F.,(4,4),(2,2),
(0.,1.),(0.,1.),.PIECEWISE_BEZIER_KNOTS.);
#57=B_SPLINE_SURFACE_WITH_KNOTS('',3,1,((#9870,#9871),(#9872,#9873),(#9874,
#9875),(#9876,#9877)),.SURF_OF_LINEAR_EXTRUSION.,.F.,.F.,.F.,(4,4),(2,2),
(0.,1.),(0.,1.),.PIECEWISE_BEZIER_KNOTS.);
#58=B_SPLINE_SURFACE_WITH_KNOTS('',3,1,((#9995,#9996),(#9997,#9998),(#9999,
#10000),(#10001,#10002)),.SURF_OF_LINEAR_EXTRUSION.,.F.,.F.,.F.,(4,4),(2,
2),(0.,1.),(0.,1.),.PIECEWISE_BEZIER_KNOTS.);
#59=B_SPLINE_SURFACE_WITH_KNOTS('',3,1,((#10004,#10005),(#10006,#10007),
(#10008,#10009),(#10010,#10011)),.SURF_OF_LINEAR_EXTRUSION.,.F.,.F.,.F.,
(4,4),(2,2),(0.,1.),(0.,1.),.PIECEWISE_BEZIER_KNOTS.);
#60=B_SPLINE_SURFACE_WITH_KNOTS('',3,1,((#10013,#10014),(#10015,#10016),
(#10017,#10018),(#10019,#10020)),.SURF_OF_LINEAR_EXTRUSION.,.F.,.F.,.F.,
(4,4),(2,2),(0.,1.),(0.,1.),.PIECEWISE_BEZIER_KNOTS.);
#61=B_SPLINE_SURFACE_WITH_KNOTS('',3,1,((#10026,#10027),(#10028,#10029),
(#10030,#10031),(#10032,#10033)),.SURF_OF_LINEAR_EXTRUSION.,.F.,.F.,.F.,
(4,4),(2,2),(0.,1.),(0.,1.),.PIECEWISE_BEZIER_KNOTS.);
#62=B_SPLINE_SURFACE_WITH_KNOTS('',3,1,((#10037,#10038),(#10039,#10040),
(#10041,#10042),(#10043,#10044)),.SURF_OF_LINEAR_EXTRUSION.,.F.,.F.,.F.,
(4,4),(2,2),(0.,1.),(0.,1.),.PIECEWISE_BEZIER_KNOTS.);
#63=B_SPLINE_SURFACE_WITH_KNOTS('',3,1,((#10046,#10047),(#10048,#10049),
(#10050,#10051),(#10052,#10053)),.SURF_OF_LINEAR_EXTRUSION.,.F.,.F.,.F.,
(4,4),(2,2),(0.,1.),(0.,1.),.PIECEWISE_BEZIER_KNOTS.);
#64=B_SPLINE_SURFACE_WITH_KNOTS('',3,1,((#10054,#10055),(#10056,#10057),
(#10058,#10059),(#10060,#10061)),.SURF_OF_LINEAR_EXTRUSION.,.F.,.F.,.F.,
(4,4),(2,2),(0.,1.),(0.,1.),.PIECEWISE_BEZIER_KNOTS.);
#65=B_SPLINE_SURFACE_WITH_KNOTS('',3,1,((#10070,#10071),(#10072,#10073),
(#10074,#10075),(#10076,#10077)),.SURF_OF_LINEAR_EXTRUSION.,.F.,.F.,.F.,
(4,4),(2,2),(0.,1.),(0.,1.),.PIECEWISE_BEZIER_KNOTS.);
#66=B_SPLINE_SURFACE_WITH_KNOTS('',3,1,((#10079,#10080),(#10081,#10082),
(#10083,#10084),(#10085,#10086)),.SURF_OF_LINEAR_EXTRUSION.,.F.,.F.,.F.,
(4,4),(2,2),(0.,1.),(0.,1.),.PIECEWISE_BEZIER_KNOTS.);
#67=B_SPLINE_SURFACE_WITH_KNOTS('',3,1,((#10090,#10091),(#10092,#10093),
(#10094,#10095),(#10096,#10097)),.SURF_OF_LINEAR_EXTRUSION.,.F.,.F.,.F.,
(4,4),(2,2),(0.,1.),(0.,1.),.PIECEWISE_BEZIER_KNOTS.);
#68=B_SPLINE_SURFACE_WITH_KNOTS('',3,1,((#10103,#10104),(#10105,#10106),
(#10107,#10108),(#10109,#10110)),.SURF_OF_LINEAR_EXTRUSION.,.F.,.F.,.F.,
(4,4),(2,2),(0.,1.),(0.,1.),.PIECEWISE_BEZIER_KNOTS.);
#69=B_SPLINE_SURFACE_WITH_KNOTS('',3,1,((#10112,#10113),(#10114,#10115),
(#10116,#10117),(#10118,#10119)),.SURF_OF_LINEAR_EXTRUSION.,.F.,.F.,.F.,
(4,4),(2,2),(0.,1.),(0.,1.),.PIECEWISE_BEZIER_KNOTS.);
#70=B_SPLINE_SURFACE_WITH_KNOTS('',3,1,((#10127,#10128),(#10129,#10130),
(#10131,#10132),(#10133,#10134)),.SURF_OF_LINEAR_EXTRUSION.,.F.,.F.,.F.,
(4,4),(2,2),(0.,1.),(0.,1.),.PIECEWISE_BEZIER_KNOTS.);
#71=B_SPLINE_SURFACE_WITH_KNOTS('',3,1,((#10136,#10137),(#10138,#10139),
(#10140,#10141),(#10142,#10143)),.SURF_OF_LINEAR_EXTRUSION.,.F.,.F.,.F.,
(4,4),(2,2),(0.,1.),(0.,1.),.PIECEWISE_BEZIER_KNOTS.);
#72=B_SPLINE_SURFACE_WITH_KNOTS('',3,1,((#10157,#10158),(#10159,#10160),
(#10161,#10162),(#10163,#10164)),.SURF_OF_LINEAR_EXTRUSION.,.F.,.F.,.F.,
(4,4),(2,2),(0.,1.),(0.,1.),.PIECEWISE_BEZIER_KNOTS.);
#73=B_SPLINE_SURFACE_WITH_KNOTS('',3,1,((#10166,#10167),(#10168,#10169),
(#10170,#10171),(#10172,#10173)),.SURF_OF_LINEAR_EXTRUSION.,.F.,.F.,.F.,
(4,4),(2,2),(0.,1.),(0.,1.),.PIECEWISE_BEZIER_KNOTS.);
#74=B_SPLINE_SURFACE_WITH_KNOTS('',3,1,((#10179,#10180),(#10181,#10182),
(#10183,#10184),(#10185,#10186)),.SURF_OF_LINEAR_EXTRUSION.,.F.,.F.,.F.,
(4,4),(2,2),(0.,1.),(0.,1.),.PIECEWISE_BEZIER_KNOTS.);
#75=B_SPLINE_SURFACE_WITH_KNOTS('',3,1,((#10188,#10189),(#10190,#10191),
(#10192,#10193),(#10194,#10195)),.SURF_OF_LINEAR_EXTRUSION.,.F.,.F.,.F.,
(4,4),(2,2),(0.,1.),(0.,1.),.PIECEWISE_BEZIER_KNOTS.);
#76=CYLINDRICAL_SURFACE('',#6229,0.00245932494467474);
#77=CYLINDRICAL_SURFACE('',#6230,0.00260975005582332);
#78=CYLINDRICAL_SURFACE('',#6231,0.00279613660073482);
#79=CYLINDRICAL_SURFACE('',#6232,0.00332066995201127);
#80=CYLINDRICAL_SURFACE('',#6236,0.00132843828506441);
#81=CYLINDRICAL_SURFACE('',#6237,0.00225934005418844);
#82=CYLINDRICAL_SURFACE('',#6238,0.00120377249479985);
#83=CYLINDRICAL_SURFACE('',#6239,0.00151683393531199);
#84=CYLINDRICAL_SURFACE('',#6243,0.000971687922295782);
#85=CYLINDRICAL_SURFACE('',#6244,0.000523765290416004);
#86=CYLINDRICAL_SURFACE('',#6250,0.00240415415481901);
#87=CYLINDRICAL_SURFACE('',#6252,0.00182693330111285);
#88=CYLINDRICAL_SURFACE('',#6253,0.00294983445888588);
#89=CYLINDRICAL_SURFACE('',#6254,0.00446988074617528);
#90=CYLINDRICAL_SURFACE('',#6255,0.0056984694393026);
#91=CYLINDRICAL_SURFACE('',#6259,0.00281504396097877);
#92=CYLINDRICAL_SURFACE('',#6260,0.00508486791505042);
#93=CYLINDRICAL_SURFACE('',#6261,0.00849227945946173);
#94=CYLINDRICAL_SURFACE('',#6262,0.00240494417982946);
#95=CYLINDRICAL_SURFACE('',#6263,0.00348887958330484);
#96=CYLINDRICAL_SURFACE('',#6264,0.0135968053746651);
#97=CYLINDRICAL_SURFACE('',#6266,0.0022146255895956);
#98=CYLINDRICAL_SURFACE('',#6267,0.00122382012973583);
#99=CYLINDRICAL_SURFACE('',#6269,0.00291322219867282);
#100=CYLINDRICAL_SURFACE('',#6270,0.00211220093364139);
#101=CYLINDRICAL_SURFACE('',#6271,0.00226180905157832);
#102=CYLINDRICAL_SURFACE('',#6272,0.000655647614025416);
#103=CYLINDRICAL_SURFACE('',#6273,0.00129747683239946);
#104=CYLINDRICAL_SURFACE('',#6274,0.0096096490903346);
#105=CYLINDRICAL_SURFACE('',#6276,0.00958653938650119);
#106=CYLINDRICAL_SURFACE('',#6277,0.00616679927803718);
#107=CYLINDRICAL_SURFACE('',#6279,0.00215864660883647);
#108=CYLINDRICAL_SURFACE('',#6280,0.000907210560123498);
#109=CYLINDRICAL_SURFACE('',#6284,0.00214715521480068);
#110=CYLINDRICAL_SURFACE('',#6285,0.00425929501078284);
#111=CYLINDRICAL_SURFACE('',#6289,0.00465661265121727);
#112=CYLINDRICAL_SURFACE('',#6290,0.00373223952757987);
#113=CYLINDRICAL_SURFACE('',#6291,0.00409936219544435);
#114=CYLINDRICAL_SURFACE('',#6292,0.00359197531988073);
#115=CYLINDRICAL_SURFACE('',#6293,0.0269019878710975);
#116=CYLINDRICAL_SURFACE('',#6296,0.00266334889796381);
#117=CYLINDRICAL_SURFACE('',#6297,0.00238837010033504);
#118=CYLINDRICAL_SURFACE('',#6298,0.00227675251989743);
#119=CYLINDRICAL_SURFACE('',#6299,0.0020988493847857);
#120=CYLINDRICAL_SURFACE('',#6300,0.00221239653278295);
#121=CYLINDRICAL_SURFACE('',#6301,0.00321187618953569);
#122=CYLINDRICAL_SURFACE('',#6302,0.00294022849837869);
#123=CYLINDRICAL_SURFACE('',#6303,0.00340958467806382);
#124=CYLINDRICAL_SURFACE('',#6305,0.00166094594712309);
#125=CYLINDRICAL_SURFACE('',#6306,0.00187666563202868);
#126=CYLINDRICAL_SURFACE('',#6308,0.00338462676162175);
#127=CYLINDRICAL_SURFACE('',#6309,0.00295543888302389);
#128=CYLINDRICAL_SURFACE('',#6310,0.00317076429704772);
#129=CYLINDRICAL_SURFACE('',#6312,0.00166094594712177);
#130=CYLINDRICAL_SURFACE('',#6313,0.0018267861587638);
#131=CYLINDRICAL_SURFACE('',#6315,0.0033369803925305);
#132=CYLINDRICAL_SURFACE('',#6316,0.00297411081213397);
#133=CYLINDRICAL_SURFACE('',#6317,0.00301397801108183);
#134=CYLINDRICAL_SURFACE('',#6375,0.00160058476244862);
#135=CYLINDRICAL_SURFACE('',#6377,0.00265873483368087);
#136=CYLINDRICAL_SURFACE('',#6381,0.00259484397314337);
#137=CYLINDRICAL_SURFACE('',#6383,0.00143164866603188);
#138=CYLINDRICAL_SURFACE('',#6386,0.00245932494467777);
#139=CYLINDRICAL_SURFACE('',#6387,0.00260975005582065);
#140=CYLINDRICAL_SURFACE('',#6388,0.00279613660073605);
#141=CYLINDRICAL_SURFACE('',#6389,0.00332066995201198);
#142=CYLINDRICAL_SURFACE('',#6393,0.00132843828506251);
#143=CYLINDRICAL_SURFACE('',#6394,0.00225934005417943);
#144=CYLINDRICAL_SURFACE('',#6395,0.00120377249480337);
#145=CYLINDRICAL_SURFACE('',#6396,0.00151683393531271);
#146=CYLINDRICAL_SURFACE('',#6400,0.000971687922287107);
#147=CYLINDRICAL_SURFACE('',#6401,0.000523765290416753);
#148=B_SPLINE_CURVE_WITH_KNOTS('',2,(#7880,#7881,#7882),.UNSPECIFIED.,.F.,
 .F.,(3,3),(0.,1.),.PIECEWISE_BEZIER_KNOTS.);
#149=B_SPLINE_CURVE_WITH_KNOTS('',2,(#7884,#7885,#7886),.UNSPECIFIED.,.F.,
 .F.,(3,3),(0.,1.),.PIECEWISE_BEZIER_KNOTS.);
#150=B_SPLINE_CURVE_WITH_KNOTS('',2,(#7892,#7893,#7894),.UNSPECIFIED.,.F.,
 .F.,(3,3),(0.,1.),.PIECEWISE_BEZIER_KNOTS.);
#151=B_SPLINE_CURVE_WITH_KNOTS('',2,(#7896,#7897,#7898),.UNSPECIFIED.,.F.,
 .F.,(3,3),(0.,1.),.PIECEWISE_BEZIER_KNOTS.);
#152=B_SPLINE_CURVE_WITH_KNOTS('',2,(#7912,#7913,#7914),.UNSPECIFIED.,.F.,
 .F.,(3,3),(0.,1.),.PIECEWISE_BEZIER_KNOTS.);
#153=B_SPLINE_CURVE_WITH_KNOTS('',2,(#7916,#7917,#7918),.UNSPECIFIED.,.F.,
 .F.,(3,3),(0.,1.),.PIECEWISE_BEZIER_KNOTS.);
#154=B_SPLINE_CURVE_WITH_KNOTS('',2,(#7953,#7954,#7955),.UNSPECIFIED.,.F.,
 .F.,(3,3),(0.,1.),.PIECEWISE_BEZIER_KNOTS.);
#155=B_SPLINE_CURVE_WITH_KNOTS('',2,(#7958,#7959,#7960),.UNSPECIFIED.,.F.,
 .F.,(3,3),(0.,1.),.PIECEWISE_BEZIER_KNOTS.);
#156=B_SPLINE_CURVE_WITH_KNOTS('',2,(#7972,#7973,#7974),.UNSPECIFIED.,.F.,
 .F.,(3,3),(0.,1.),.PIECEWISE_BEZIER_KNOTS.);
#157=B_SPLINE_CURVE_WITH_KNOTS('',2,(#7976,#7977,#7978),.UNSPECIFIED.,.F.,
 .F.,(3,3),(0.,1.),.PIECEWISE_BEZIER_KNOTS.);
#158=B_SPLINE_CURVE_WITH_KNOTS('',2,(#7998,#7999,#8000),.UNSPECIFIED.,.F.,
 .F.,(3,3),(0.,1.),.PIECEWISE_BEZIER_KNOTS.);
#159=B_SPLINE_CURVE_WITH_KNOTS('',2,(#8006,#8007,#8008),.UNSPECIFIED.,.F.,
 .F.,(3,3),(0.,1.),.PIECEWISE_BEZIER_KNOTS.);
#160=B_SPLINE_CURVE_WITH_KNOTS('',2,(#8018,#8019,#8020),.UNSPECIFIED.,.F.,
 .F.,(3,3),(0.,1.),.PIECEWISE_BEZIER_KNOTS.);
#161=B_SPLINE_CURVE_WITH_KNOTS('',2,(#8022,#8023,#8024),.UNSPECIFIED.,.F.,
 .F.,(3,3),(0.,1.),.PIECEWISE_BEZIER_KNOTS.);
#162=B_SPLINE_CURVE_WITH_KNOTS('',2,(#8030,#8031,#8032),.UNSPECIFIED.,.F.,
 .F.,(3,3),(0.,1.),.PIECEWISE_BEZIER_KNOTS.);
#163=B_SPLINE_CURVE_WITH_KNOTS('',2,(#8034,#8035,#8036),.UNSPECIFIED.,.F.,
 .F.,(3,3),(0.,1.),.PIECEWISE_BEZIER_KNOTS.);
#164=B_SPLINE_CURVE_WITH_KNOTS('',2,(#8038,#8039,#8040),.UNSPECIFIED.,.F.,
 .F.,(3,3),(0.,1.),.PIECEWISE_BEZIER_KNOTS.);
#165=B_SPLINE_CURVE_WITH_KNOTS('',2,(#8044,#8045,#8046),.UNSPECIFIED.,.F.,
 .F.,(3,3),(0.,1.),.PIECEWISE_BEZIER_KNOTS.);
#166=B_SPLINE_CURVE_WITH_KNOTS('',2,(#8056,#8057,#8058),.UNSPECIFIED.,.F.,
 .F.,(3,3),(0.,1.),.PIECEWISE_BEZIER_KNOTS.);
#167=B_SPLINE_CURVE_WITH_KNOTS('',2,(#8060,#8061,#8062),.UNSPECIFIED.,.F.,
 .F.,(3,3),(0.,1.),.PIECEWISE_BEZIER_KNOTS.);
#168=B_SPLINE_CURVE_WITH_KNOTS('',2,(#8068,#8069,#8070),.UNSPECIFIED.,.F.,
 .F.,(3,3),(0.,1.),.PIECEWISE_BEZIER_KNOTS.);
#169=B_SPLINE_CURVE_WITH_KNOTS('',2,(#8072,#8073,#8074),.UNSPECIFIED.,.F.,
 .F.,(3,3),(0.,1.),.PIECEWISE_BEZIER_KNOTS.);
#170=B_SPLINE_CURVE_WITH_KNOTS('',2,(#8088,#8089,#8090),.UNSPECIFIED.,.F.,
 .F.,(3,3),(0.,1.),.PIECEWISE_BEZIER_KNOTS.);
#171=B_SPLINE_CURVE_WITH_KNOTS('',2,(#8102,#8103,#8104),.UNSPECIFIED.,.F.,
 .F.,(3,3),(0.,1.),.PIECEWISE_BEZIER_KNOTS.);
#172=B_SPLINE_CURVE_WITH_KNOTS('',2,(#8106,#8107,#8108),.UNSPECIFIED.,.F.,
 .F.,(3,3),(0.,1.),.PIECEWISE_BEZIER_KNOTS.);
#173=B_SPLINE_CURVE_WITH_KNOTS('',2,(#8110,#8111,#8112),.UNSPECIFIED.,.F.,
 .F.,(3,3),(0.,1.),.PIECEWISE_BEZIER_KNOTS.);
#174=B_SPLINE_CURVE_WITH_KNOTS('',2,(#8113,#8114,#8115),.UNSPECIFIED.,.F.,
 .F.,(3,3),(0.,1.),.PIECEWISE_BEZIER_KNOTS.);
#175=B_SPLINE_CURVE_WITH_KNOTS('',2,(#8118,#8119,#8120),.UNSPECIFIED.,.F.,
 .F.,(3,3),(0.,1.),.PIECEWISE_BEZIER_KNOTS.);
#176=B_SPLINE_CURVE_WITH_KNOTS('',2,(#8122,#8123,#8124),.UNSPECIFIED.,.F.,
 .F.,(3,3),(0.,1.),.PIECEWISE_BEZIER_KNOTS.);
#177=B_SPLINE_CURVE_WITH_KNOTS('',2,(#8134,#8135,#8136),.UNSPECIFIED.,.F.,
 .F.,(3,3),(0.,1.),.PIECEWISE_BEZIER_KNOTS.);
#178=B_SPLINE_CURVE_WITH_KNOTS('',2,(#8138,#8139,#8140),.UNSPECIFIED.,.F.,
 .F.,(3,3),(0.,1.),.PIECEWISE_BEZIER_KNOTS.);
#179=B_SPLINE_CURVE_WITH_KNOTS('',2,(#8142,#8143,#8144),.UNSPECIFIED.,.F.,
 .F.,(3,3),(0.,1.),.PIECEWISE_BEZIER_KNOTS.);
#180=B_SPLINE_CURVE_WITH_KNOTS('',2,(#8146,#8147,#8148),.UNSPECIFIED.,.F.,
 .F.,(3,3),(0.,1.),.PIECEWISE_BEZIER_KNOTS.);
#181=B_SPLINE_CURVE_WITH_KNOTS('',2,(#8150,#8151,#8152),.UNSPECIFIED.,.F.,
 .F.,(3,3),(0.,1.),.PIECEWISE_BEZIER_KNOTS.);
#182=B_SPLINE_CURVE_WITH_KNOTS('',2,(#8154,#8155,#8156),.UNSPECIFIED.,.F.,
 .F.,(3,3),(0.,1.),.PIECEWISE_BEZIER_KNOTS.);
#183=B_SPLINE_CURVE_WITH_KNOTS('',2,(#8166,#8167,#8168),.UNSPECIFIED.,.F.,
 .F.,(3,3),(0.,1.),.PIECEWISE_BEZIER_KNOTS.);
#184=B_SPLINE_CURVE_WITH_KNOTS('',2,(#8176,#8177,#8178),.UNSPECIFIED.,.F.,
 .F.,(3,3),(0.,1.),.PIECEWISE_BEZIER_KNOTS.);
#185=B_SPLINE_CURVE_WITH_KNOTS('',2,(#8180,#8181,#8182),.UNSPECIFIED.,.F.,
 .F.,(3,3),(0.,1.),.PIECEWISE_BEZIER_KNOTS.);
#186=B_SPLINE_CURVE_WITH_KNOTS('',2,(#8184,#8185,#8186),.UNSPECIFIED.,.F.,
 .F.,(3,3),(0.,1.),.PIECEWISE_BEZIER_KNOTS.);
#187=B_SPLINE_CURVE_WITH_KNOTS('',2,(#8188,#8189,#8190),.UNSPECIFIED.,.F.,
 .F.,(3,3),(0.,1.),.PIECEWISE_BEZIER_KNOTS.);
#188=B_SPLINE_CURVE_WITH_KNOTS('',2,(#8200,#8201,#8202),.UNSPECIFIED.,.F.,
 .F.,(3,3),(0.,1.),.PIECEWISE_BEZIER_KNOTS.);
#189=B_SPLINE_CURVE_WITH_KNOTS('',2,(#8204,#8205,#8206),.UNSPECIFIED.,.F.,
 .F.,(3,3),(0.,1.),.PIECEWISE_BEZIER_KNOTS.);
#190=B_SPLINE_CURVE_WITH_KNOTS('',2,(#8208,#8209,#8210),.UNSPECIFIED.,.F.,
 .F.,(3,3),(0.,1.),.PIECEWISE_BEZIER_KNOTS.);
#191=B_SPLINE_CURVE_WITH_KNOTS('',2,(#8212,#8213,#8214),.UNSPECIFIED.,.F.,
 .F.,(3,3),(0.,1.),.PIECEWISE_BEZIER_KNOTS.);
#192=B_SPLINE_CURVE_WITH_KNOTS('',2,(#8216,#8217,#8218),.UNSPECIFIED.,.F.,
 .F.,(3,3),(0.,1.),.PIECEWISE_BEZIER_KNOTS.);
#193=B_SPLINE_CURVE_WITH_KNOTS('',2,(#8220,#8221,#8222),.UNSPECIFIED.,.F.,
 .F.,(3,3),(0.,1.),.PIECEWISE_BEZIER_KNOTS.);
#194=B_SPLINE_CURVE_WITH_KNOTS('',2,(#8338,#8339,#8340),.UNSPECIFIED.,.F.,
 .F.,(3,3),(0.,1.),.PIECEWISE_BEZIER_KNOTS.);
#195=B_SPLINE_CURVE_WITH_KNOTS('',2,(#8342,#8343,#8344),.UNSPECIFIED.,.F.,
 .F.,(3,3),(0.,1.),.PIECEWISE_BEZIER_KNOTS.);
#196=B_SPLINE_CURVE_WITH_KNOTS('',2,(#8348,#8349,#8350),.UNSPECIFIED.,.F.,
 .F.,(3,3),(0.,1.),.PIECEWISE_BEZIER_KNOTS.);
#197=B_SPLINE_CURVE_WITH_KNOTS('',2,(#8356,#8357,#8358),.UNSPECIFIED.,.F.,
 .F.,(3,3),(0.,1.),.PIECEWISE_BEZIER_KNOTS.);
#198=B_SPLINE_CURVE_WITH_KNOTS('',2,(#8360,#8361,#8362),.UNSPECIFIED.,.F.,
 .F.,(3,3),(0.,1.),.PIECEWISE_BEZIER_KNOTS.);
#199=B_SPLINE_CURVE_WITH_KNOTS('',2,(#8364,#8365,#8366),.UNSPECIFIED.,.F.,
 .F.,(3,3),(0.,1.),.PIECEWISE_BEZIER_KNOTS.);
#200=B_SPLINE_CURVE_WITH_KNOTS('',2,(#8372,#8373,#8374),.UNSPECIFIED.,.F.,
 .F.,(3,3),(0.,1.),.PIECEWISE_BEZIER_KNOTS.);
#201=B_SPLINE_CURVE_WITH_KNOTS('',2,(#8376,#8377,#8378),.UNSPECIFIED.,.F.,
 .F.,(3,3),(0.,1.),.PIECEWISE_BEZIER_KNOTS.);
#202=B_SPLINE_CURVE_WITH_KNOTS('',2,(#8380,#8381,#8382),.UNSPECIFIED.,.F.,
 .F.,(3,3),(0.,1.),.PIECEWISE_BEZIER_KNOTS.);
#203=B_SPLINE_CURVE_WITH_KNOTS('',2,(#8388,#8389,#8390),.UNSPECIFIED.,.F.,
 .F.,(3,3),(0.,1.),.PIECEWISE_BEZIER_KNOTS.);
#204=B_SPLINE_CURVE_WITH_KNOTS('',2,(#8394,#8395,#8396),.UNSPECIFIED.,.F.,
 .F.,(3,3),(0.,1.),.PIECEWISE_BEZIER_KNOTS.);
#205=B_SPLINE_CURVE_WITH_KNOTS('',2,(#8398,#8399,#8400),.UNSPECIFIED.,.F.,
 .F.,(3,3),(0.,1.),.PIECEWISE_BEZIER_KNOTS.);
#206=B_SPLINE_CURVE_WITH_KNOTS('',2,(#8426,#8427,#8428),.UNSPECIFIED.,.F.,
 .F.,(3,3),(0.,1.),.PIECEWISE_BEZIER_KNOTS.);
#207=B_SPLINE_CURVE_WITH_KNOTS('',2,(#8430,#8431,#8432),.UNSPECIFIED.,.F.,
 .F.,(3,3),(0.,1.),.PIECEWISE_BEZIER_KNOTS.);
#208=B_SPLINE_CURVE_WITH_KNOTS('',2,(#8438,#8439,#8440),.UNSPECIFIED.,.F.,
 .F.,(3,3),(0.,1.),.PIECEWISE_BEZIER_KNOTS.);
#209=B_SPLINE_CURVE_WITH_KNOTS('',2,(#8442,#8443,#8444),.UNSPECIFIED.,.F.,
 .F.,(3,3),(0.,1.),.PIECEWISE_BEZIER_KNOTS.);
#210=B_SPLINE_CURVE_WITH_KNOTS('',2,(#8458,#8459,#8460),.UNSPECIFIED.,.F.,
 .F.,(3,3),(0.,1.),.PIECEWISE_BEZIER_KNOTS.);
#211=B_SPLINE_CURVE_WITH_KNOTS('',2,(#8462,#8463,#8464),.UNSPECIFIED.,.F.,
 .F.,(3,3),(0.,1.),.PIECEWISE_BEZIER_KNOTS.);
#212=B_SPLINE_CURVE_WITH_KNOTS('',2,(#8483,#8484,#8485),.UNSPECIFIED.,.F.,
 .F.,(3,3),(0.,1.),.PIECEWISE_BEZIER_KNOTS.);
#213=B_SPLINE_CURVE_WITH_KNOTS('',2,(#8487,#8488,#8489),.UNSPECIFIED.,.F.,
 .F.,(3,3),(0.,1.),.PIECEWISE_BEZIER_KNOTS.);
#214=B_SPLINE_CURVE_WITH_KNOTS('',2,(#8503,#8504,#8505),.UNSPECIFIED.,.F.,
 .F.,(3,3),(0.,1.),.PIECEWISE_BEZIER_KNOTS.);
#215=B_SPLINE_CURVE_WITH_KNOTS('',2,(#8507,#8508,#8509),.UNSPECIFIED.,.F.,
 .F.,(3,3),(0.,1.),.PIECEWISE_BEZIER_KNOTS.);
#216=B_SPLINE_CURVE_WITH_KNOTS('',2,(#8515,#8516,#8517),.UNSPECIFIED.,.F.,
 .F.,(3,3),(0.,1.),.PIECEWISE_BEZIER_KNOTS.);
#217=B_SPLINE_CURVE_WITH_KNOTS('',2,(#8519,#8520,#8521),.UNSPECIFIED.,.F.,
 .F.,(3,3),(0.,1.),.PIECEWISE_BEZIER_KNOTS.);
#218=B_SPLINE_CURVE_WITH_KNOTS('',2,(#8545,#8546,#8547),.UNSPECIFIED.,.F.,
 .F.,(3,3),(0.,1.),.PIECEWISE_BEZIER_KNOTS.);
#219=B_SPLINE_CURVE_WITH_KNOTS('',2,(#8549,#8550,#8551),.UNSPECIFIED.,.F.,
 .F.,(3,3),(0.,1.),.PIECEWISE_BEZIER_KNOTS.);
#220=B_SPLINE_CURVE_WITH_KNOTS('',2,(#8553,#8554,#8555),.UNSPECIFIED.,.F.,
 .F.,(3,3),(0.,1.),.PIECEWISE_BEZIER_KNOTS.);
#221=B_SPLINE_CURVE_WITH_KNOTS('',2,(#8561,#8562,#8563),.UNSPECIFIED.,.F.,
 .F.,(3,3),(0.,1.),.PIECEWISE_BEZIER_KNOTS.);
#222=B_SPLINE_CURVE_WITH_KNOTS('',2,(#8567,#8568,#8569),.UNSPECIFIED.,.F.,
 .F.,(3,3),(0.,1.),.PIECEWISE_BEZIER_KNOTS.);
#223=B_SPLINE_CURVE_WITH_KNOTS('',2,(#8571,#8572,#8573),.UNSPECIFIED.,.F.,
 .F.,(3,3),(0.,1.),.PIECEWISE_BEZIER_KNOTS.);
#224=B_SPLINE_CURVE_WITH_KNOTS('',2,(#8629,#8630,#8631),.UNSPECIFIED.,.F.,
 .F.,(3,3),(0.,1.),.PIECEWISE_BEZIER_KNOTS.);
#225=B_SPLINE_CURVE_WITH_KNOTS('',2,(#8633,#8634,#8635),.UNSPECIFIED.,.F.,
 .F.,(3,3),(0.,1.),.PIECEWISE_BEZIER_KNOTS.);
#226=B_SPLINE_CURVE_WITH_KNOTS('',2,(#8637,#8638,#8639),.UNSPECIFIED.,.F.,
 .F.,(3,3),(0.,1.),.PIECEWISE_BEZIER_KNOTS.);
#227=B_SPLINE_CURVE_WITH_KNOTS('',2,(#8641,#8642,#8643),.UNSPECIFIED.,.F.,
 .F.,(3,3),(0.,1.),.PIECEWISE_BEZIER_KNOTS.);
#228=B_SPLINE_CURVE_WITH_KNOTS('',2,(#8645,#8646,#8647),.UNSPECIFIED.,.F.,
 .F.,(3,3),(0.,1.),.PIECEWISE_BEZIER_KNOTS.);
#229=B_SPLINE_CURVE_WITH_KNOTS('',2,(#8649,#8650,#8651),.UNSPECIFIED.,.F.,
 .F.,(3,3),(0.,1.),.PIECEWISE_BEZIER_KNOTS.);
#230=B_SPLINE_CURVE_WITH_KNOTS('',2,(#8661,#8662,#8663),.UNSPECIFIED.,.F.,
 .F.,(3,3),(0.,1.),.PIECEWISE_BEZIER_KNOTS.);
#231=B_SPLINE_CURVE_WITH_KNOTS('',2,(#8665,#8666,#8667),.UNSPECIFIED.,.F.,
 .F.,(3,3),(0.,1.),.PIECEWISE_BEZIER_KNOTS.);
#232=B_SPLINE_CURVE_WITH_KNOTS('',2,(#8669,#8670,#8671),.UNSPECIFIED.,.F.,
 .F.,(3,3),(0.,1.),.PIECEWISE_BEZIER_KNOTS.);
#233=B_SPLINE_CURVE_WITH_KNOTS('',2,(#8673,#8674,#8675),.UNSPECIFIED.,.F.,
 .F.,(3,3),(0.,1.),.PIECEWISE_BEZIER_KNOTS.);
#234=B_SPLINE_CURVE_WITH_KNOTS('',2,(#8683,#8684,#8685),.UNSPECIFIED.,.F.,
 .F.,(3,3),(0.,1.),.PIECEWISE_BEZIER_KNOTS.);
#235=B_SPLINE_CURVE_WITH_KNOTS('',2,(#8687,#8688,#8689),.UNSPECIFIED.,.F.,
 .F.,(3,3),(0.,1.),.PIECEWISE_BEZIER_KNOTS.);
#236=B_SPLINE_CURVE_WITH_KNOTS('',2,(#8691,#8692,#8693),.UNSPECIFIED.,.F.,
 .F.,(3,3),(0.,1.),.PIECEWISE_BEZIER_KNOTS.);
#237=B_SPLINE_CURVE_WITH_KNOTS('',2,(#8705,#8706,#8707),.UNSPECIFIED.,.F.,
 .F.,(3,3),(0.,1.),.PIECEWISE_BEZIER_KNOTS.);
#238=B_SPLINE_CURVE_WITH_KNOTS('',2,(#8723,#8724,#8725),.UNSPECIFIED.,.F.,
 .F.,(3,3),(0.,1.),.PIECEWISE_BEZIER_KNOTS.);
#239=B_SPLINE_CURVE_WITH_KNOTS('',2,(#8731,#8732,#8733),.UNSPECIFIED.,.F.,
 .F.,(3,3),(0.,1.),.PIECEWISE_BEZIER_KNOTS.);
#240=B_SPLINE_CURVE_WITH_KNOTS('',2,(#8769,#8770,#8771),.UNSPECIFIED.,.F.,
 .F.,(3,3),(0.,1.),.PIECEWISE_BEZIER_KNOTS.);
#241=B_SPLINE_CURVE_WITH_KNOTS('',2,(#8773,#8774,#8775),.UNSPECIFIED.,.F.,
 .F.,(3,3),(0.,1.),.PIECEWISE_BEZIER_KNOTS.);
#242=B_SPLINE_CURVE_WITH_KNOTS('',2,(#8789,#8790,#8791),.UNSPECIFIED.,.F.,
 .F.,(3,3),(0.,1.),.PIECEWISE_BEZIER_KNOTS.);
#243=B_SPLINE_CURVE_WITH_KNOTS('',2,(#8793,#8794,#8795),.UNSPECIFIED.,.F.,
 .F.,(3,3),(0.,1.),.PIECEWISE_BEZIER_KNOTS.);
#244=B_SPLINE_CURVE_WITH_KNOTS('',2,(#8801,#8802,#8803),.UNSPECIFIED.,.F.,
 .F.,(3,3),(0.,1.),.PIECEWISE_BEZIER_KNOTS.);
#245=B_SPLINE_CURVE_WITH_KNOTS('',2,(#8805,#8806,#8807),.UNSPECIFIED.,.F.,
 .F.,(3,3),(0.,1.),.PIECEWISE_BEZIER_KNOTS.);
#246=B_SPLINE_CURVE_WITH_KNOTS('',2,(#8928,#8929,#8930),.UNSPECIFIED.,.F.,
 .F.,(3,3),(0.,1.),.PIECEWISE_BEZIER_KNOTS.);
#247=B_SPLINE_CURVE_WITH_KNOTS('',2,(#8933,#8934,#8935),.UNSPECIFIED.,.F.,
 .F.,(3,3),(0.,1.),.PIECEWISE_BEZIER_KNOTS.);
#248=B_SPLINE_CURVE_WITH_KNOTS('',2,(#8947,#8948,#8949),.UNSPECIFIED.,.F.,
 .F.,(3,3),(0.,1.),.PIECEWISE_BEZIER_KNOTS.);
#249=B_SPLINE_CURVE_WITH_KNOTS('',2,(#8951,#8952,#8953),.UNSPECIFIED.,.F.,
 .F.,(3,3),(0.,1.),.PIECEWISE_BEZIER_KNOTS.);
#250=B_SPLINE_CURVE_WITH_KNOTS('',2,(#8964,#8965,#8966),.UNSPECIFIED.,.F.,
 .F.,(3,3),(0.,1.),.PIECEWISE_BEZIER_KNOTS.);
#251=B_SPLINE_CURVE_WITH_KNOTS('',2,(#8975,#8976,#8977),.UNSPECIFIED.,.F.,
 .F.,(3,3),(0.,1.),.PIECEWISE_BEZIER_KNOTS.);
#252=B_SPLINE_CURVE_WITH_KNOTS('',2,(#8979,#8980,#8981),.UNSPECIFIED.,.F.,
 .F.,(3,3),(0.,1.),.PIECEWISE_BEZIER_KNOTS.);
#253=B_SPLINE_CURVE_WITH_KNOTS('',2,(#8987,#8988,#8989),.UNSPECIFIED.,.F.,
 .F.,(3,3),(0.,1.),.PIECEWISE_BEZIER_KNOTS.);
#254=B_SPLINE_CURVE_WITH_KNOTS('',2,(#8991,#8992,#8993),.UNSPECIFIED.,.F.,
 .F.,(3,3),(0.,1.),.PIECEWISE_BEZIER_KNOTS.);
#255=B_SPLINE_CURVE_WITH_KNOTS('',2,(#9003,#9004,#9005),.UNSPECIFIED.,.F.,
 .F.,(3,3),(0.,1.),.PIECEWISE_BEZIER_KNOTS.);
#256=B_SPLINE_CURVE_WITH_KNOTS('',2,(#9009,#9010,#9011),.UNSPECIFIED.,.F.,
 .F.,(3,3),(0.,1.),.PIECEWISE_BEZIER_KNOTS.);
#257=B_SPLINE_CURVE_WITH_KNOTS('',2,(#9013,#9014,#9015),.UNSPECIFIED.,.F.,
 .F.,(3,3),(0.,1.),.PIECEWISE_BEZIER_KNOTS.);
#258=B_SPLINE_CURVE_WITH_KNOTS('',2,(#9017,#9018,#9019),.UNSPECIFIED.,.F.,
 .F.,(3,3),(0.,1.),.PIECEWISE_BEZIER_KNOTS.);
#259=B_SPLINE_CURVE_WITH_KNOTS('',2,(#9025,#9026,#9027),.UNSPECIFIED.,.F.,
 .F.,(3,3),(0.,1.),.PIECEWISE_BEZIER_KNOTS.);
#260=B_SPLINE_CURVE_WITH_KNOTS('',2,(#9028,#9029,#9030),.UNSPECIFIED.,.F.,
 .F.,(3,3),(0.,1.),.PIECEWISE_BEZIER_KNOTS.);
#261=B_SPLINE_CURVE_WITH_KNOTS('',2,(#9033,#9034,#9035),.UNSPECIFIED.,.F.,
 .F.,(3,3),(0.,1.),.PIECEWISE_BEZIER_KNOTS.);
#262=B_SPLINE_CURVE_WITH_KNOTS('',2,(#9037,#9038,#9039),.UNSPECIFIED.,.F.,
 .F.,(3,3),(0.,1.),.PIECEWISE_BEZIER_KNOTS.);
#263=B_SPLINE_CURVE_WITH_KNOTS('',2,(#9049,#9050,#9051),.UNSPECIFIED.,.F.,
 .F.,(3,3),(0.,1.),.PIECEWISE_BEZIER_KNOTS.);
#264=B_SPLINE_CURVE_WITH_KNOTS('',2,(#9053,#9054,#9055),.UNSPECIFIED.,.F.,
 .F.,(3,3),(0.,1.),.PIECEWISE_BEZIER_KNOTS.);
#265=B_SPLINE_CURVE_WITH_KNOTS('',2,(#9057,#9058,#9059),.UNSPECIFIED.,.F.,
 .F.,(3,3),(0.,1.),.PIECEWISE_BEZIER_KNOTS.);
#266=B_SPLINE_CURVE_WITH_KNOTS('',2,(#9061,#9062,#9063),.UNSPECIFIED.,.F.,
 .F.,(3,3),(0.,1.),.PIECEWISE_BEZIER_KNOTS.);
#267=B_SPLINE_CURVE_WITH_KNOTS('',2,(#9065,#9066,#9067),.UNSPECIFIED.,.F.,
 .F.,(3,3),(0.,1.),.PIECEWISE_BEZIER_KNOTS.);
#268=B_SPLINE_CURVE_WITH_KNOTS('',2,(#9069,#9070,#9071),.UNSPECIFIED.,.F.,
 .F.,(3,3),(0.,1.),.PIECEWISE_BEZIER_KNOTS.);
#269=B_SPLINE_CURVE_WITH_KNOTS('',2,(#9081,#9082,#9083),.UNSPECIFIED.,.F.,
 .F.,(3,3),(0.,1.),.PIECEWISE_BEZIER_KNOTS.);
#270=B_SPLINE_CURVE_WITH_KNOTS('',2,(#9144,#9145,#9146),.UNSPECIFIED.,.F.,
 .F.,(3,3),(0.,1.),.PIECEWISE_BEZIER_KNOTS.);
#271=B_SPLINE_CURVE_WITH_KNOTS('',2,(#9155,#9156,#9157),.UNSPECIFIED.,.F.,
 .F.,(3,3),(0.,1.),.PIECEWISE_BEZIER_KNOTS.);
#272=B_SPLINE_CURVE_WITH_KNOTS('',2,(#9159,#9160,#9161),.UNSPECIFIED.,.F.,
 .F.,(3,3),(0.,1.),.PIECEWISE_BEZIER_KNOTS.);
#273=B_SPLINE_CURVE_WITH_KNOTS('',2,(#9165,#9166,#9167),.UNSPECIFIED.,.F.,
 .F.,(3,3),(0.,1.),.PIECEWISE_BEZIER_KNOTS.);
#274=B_SPLINE_CURVE_WITH_KNOTS('',2,(#9173,#9174,#9175),.UNSPECIFIED.,.F.,
 .F.,(3,3),(0.,1.),.PIECEWISE_BEZIER_KNOTS.);
#275=B_SPLINE_CURVE_WITH_KNOTS('',2,(#9177,#9178,#9179),.UNSPECIFIED.,.F.,
 .F.,(3,3),(0.,1.),.PIECEWISE_BEZIER_KNOTS.);
#276=CIRCLE('',#6034,0.000523765290416004);
#277=CIRCLE('',#6035,0.000971687922295782);
#278=CIRCLE('',#6036,0.00151683393531199);
#279=CIRCLE('',#6037,0.00120377249479985);
#280=CIRCLE('',#6038,0.00225934005418844);
#281=CIRCLE('',#6039,0.00132843828506441);
#282=CIRCLE('',#6040,0.00332066995201127);
#283=CIRCLE('',#6041,0.00279613660073482);
#284=CIRCLE('',#6042,0.00260975005582332);
#285=CIRCLE('',#6043,0.00245932494467474);
#286=CIRCLE('',#6044,0.00240415415481901);
#287=CIRCLE('',#6045,0.00849227945946173);
#288=CIRCLE('',#6046,0.00508486791505042);
#289=CIRCLE('',#6047,0.00281504396097877);
#290=CIRCLE('',#6048,0.0056984694393026);
#291=CIRCLE('',#6049,0.00446988074617528);
#292=CIRCLE('',#6050,0.00294983445888588);
#293=CIRCLE('',#6051,0.00182693330111285);
#294=CIRCLE('',#6052,0.00226180905157832);
#295=CIRCLE('',#6053,0.00211220093364139);
#296=CIRCLE('',#6054,0.00291322219867282);
#297=CIRCLE('',#6055,0.00122382012973583);
#298=CIRCLE('',#6056,0.0022146255895956);
#299=CIRCLE('',#6057,0.0135968053746651);
#300=CIRCLE('',#6058,0.00348887958330484);
#301=CIRCLE('',#6059,0.00240494417982946);
#302=CIRCLE('',#6060,0.00129747683239946);
#303=CIRCLE('',#6061,0.000655647614025416);
#304=CIRCLE('',#6062,0.000907210560123498);
#305=CIRCLE('',#6063,0.00215864660883647);
#306=CIRCLE('',#6064,0.00616679927803718);
#307=CIRCLE('',#6065,0.00958653938650119);
#308=CIRCLE('',#6066,0.0096096490903346);
#309=CIRCLE('',#6067,0.00359197531988073);
#310=CIRCLE('',#6068,0.00409936219544435);
#311=CIRCLE('',#6069,0.00373223952757987);
#312=CIRCLE('',#6070,0.00465661265121727);
#313=CIRCLE('',#6071,0.00425929501078284);
#314=CIRCLE('',#6072,0.00214715521480068);
#315=CIRCLE('',#6073,0.0269019878710975);
#316=CIRCLE('',#6074,0.00321187618953569);
#317=CIRCLE('',#6075,0.00221239653278295);
#318=CIRCLE('',#6076,0.0020988493847857);
#319=CIRCLE('',#6077,0.00227675251989743);
#320=CIRCLE('',#6078,0.00238837010033504);
#321=CIRCLE('',#6079,0.00266334889796381);
#322=CIRCLE('',#6080,0.00295543888302389);
#323=CIRCLE('',#6081,0.00338462676162175);
#324=CIRCLE('',#6082,0.00187666563202868);
#325=CIRCLE('',#6083,0.00166094594712309);
#326=CIRCLE('',#6084,0.00340958467806382);
#327=CIRCLE('',#6085,0.00294022849837869);
#328=CIRCLE('',#6086,0.00317076429704772);
#329=CIRCLE('',#6087,0.00301397801108183);
#330=CIRCLE('',#6088,0.00297411081213397);
#331=CIRCLE('',#6089,0.0033369803925305);
#332=CIRCLE('',#6090,0.0018267861587638);
#333=CIRCLE('',#6091,0.00166094594712177);
#334=CIRCLE('',#6092,0.00265873483368087);
#335=CIRCLE('',#6093,0.00160058476244862);
#336=CIRCLE('',#6094,0.00143164866603188);
#337=CIRCLE('',#6095,0.00259484397314337);
#338=CIRCLE('',#6096,0.000523765290416753);
#339=CIRCLE('',#6097,0.000971687922287107);
#340=CIRCLE('',#6098,0.00151683393531271);
#341=CIRCLE('',#6099,0.00120377249480337);
#342=CIRCLE('',#6100,0.00225934005417943);
#343=CIRCLE('',#6101,0.00132843828506251);
#344=CIRCLE('',#6102,0.00332066995201198);
#345=CIRCLE('',#6103,0.00279613660073605);
#346=CIRCLE('',#6104,0.00260975005582065);
#347=CIRCLE('',#6105,0.00245932494467777);
#348=CIRCLE('',#6107,0.00245932494467777);
#349=CIRCLE('',#6108,0.00260975005582065);
#350=CIRCLE('',#6109,0.00279613660073605);
#351=CIRCLE('',#6110,0.00332066995201198);
#352=CIRCLE('',#6111,0.00132843828506251);
#353=CIRCLE('',#6112,0.00225934005417943);
#354=CIRCLE('',#6113,0.00120377249480337);
#355=CIRCLE('',#6114,0.00151683393531271);
#356=CIRCLE('',#6115,0.000971687922287107);
#357=CIRCLE('',#6116,0.000523765290416753);
#358=CIRCLE('',#6117,0.00160058476244862);
#359=CIRCLE('',#6118,0.00265873483368087);
#360=CIRCLE('',#6119,0.00317076429704772);
#361=CIRCLE('',#6120,0.00166094594712177);
#362=CIRCLE('',#6121,0.0018267861587638);
#363=CIRCLE('',#6122,0.0033369803925305);
#364=CIRCLE('',#6123,0.00297411081213397);
#365=CIRCLE('',#6124,0.00301397801108183);
#366=CIRCLE('',#6125,0.0269019878710975);
#367=CIRCLE('',#6126,0.00266334889796381);
#368=CIRCLE('',#6127,0.00238837010033504);
#369=CIRCLE('',#6128,0.00227675251989743);
#370=CIRCLE('',#6129,0.0020988493847857);
#371=CIRCLE('',#6130,0.00221239653278295);
#372=CIRCLE('',#6131,0.00321187618953569);
#373=CIRCLE('',#6132,0.000655647614025416);
#374=CIRCLE('',#6133,0.00129747683239946);
#375=CIRCLE('',#6134,0.0096096490903346);
#376=CIRCLE('',#6135,0.00958653938650119);
#377=CIRCLE('',#6136,0.00616679927803718);
#378=CIRCLE('',#6137,0.00215864660883647);
#379=CIRCLE('',#6138,0.000907210560123498);
#380=CIRCLE('',#6139,0.00240415415481901);
#381=CIRCLE('',#6140,0.00182693330111285);
#382=CIRCLE('',#6141,0.00294983445888588);
#383=CIRCLE('',#6142,0.00446988074617528);
#384=CIRCLE('',#6143,0.0056984694393026);
#385=CIRCLE('',#6144,0.00281504396097877);
#386=CIRCLE('',#6145,0.00508486791505042);
#387=CIRCLE('',#6146,0.00849227945946173);
#388=CIRCLE('',#6147,0.00245932494467474);
#389=CIRCLE('',#6148,0.00260975005582332);
#390=CIRCLE('',#6149,0.00279613660073482);
#391=CIRCLE('',#6150,0.00332066995201127);
#392=CIRCLE('',#6151,0.00132843828506441);
#393=CIRCLE('',#6152,0.00225934005418844);
#394=CIRCLE('',#6153,0.00120377249479985);
#395=CIRCLE('',#6154,0.00151683393531199);
#396=CIRCLE('',#6155,0.000971687922295782);
#397=CIRCLE('',#6156,0.000523765290416004);
#398=CIRCLE('',#6157,0.00240494417982946);
#399=CIRCLE('',#6158,0.00348887958330484);
#400=CIRCLE('',#6159,0.0135968053746651);
#401=CIRCLE('',#6160,0.0022146255895956);
#402=CIRCLE('',#6161,0.00122382012973583);
#403=CIRCLE('',#6162,0.00291322219867282);
#404=CIRCLE('',#6163,0.00211220093364139);
#405=CIRCLE('',#6164,0.00226180905157832);
#406=CIRCLE('',#6165,0.00214715521480068);
#407=CIRCLE('',#6166,0.00425929501078284);
#408=CIRCLE('',#6167,0.00465661265121727);
#409=CIRCLE('',#6168,0.00373223952757987);
#410=CIRCLE('',#6169,0.00409936219544435);
#411=CIRCLE('',#6170,0.00359197531988073);
#412=CIRCLE('',#6171,0.00294022849837869);
#413=CIRCLE('',#6172,0.00340958467806382);
#414=CIRCLE('',#6173,0.00166094594712309);
#415=CIRCLE('',#6174,0.00187666563202868);
#416=CIRCLE('',#6175,0.00338462676162175);
#417=CIRCLE('',#6176,0.00295543888302389);
#418=CIRCLE('',#6177,0.00259484397314337);
#419=CIRCLE('',#6178,0.00143164866603188);
#420=ORIENTED_EDGE('',*,*,#2172,.T.);
#421=ORIENTED_EDGE('',*,*,#2173,.F.);
#422=ORIENTED_EDGE('',*,*,#2174,.F.);
#423=ORIENTED_EDGE('',*,*,#2175,.T.);
#424=ORIENTED_EDGE('',*,*,#2176,.F.);
#425=ORIENTED_EDGE('',*,*,#2177,.F.);
#426=ORIENTED_EDGE('',*,*,#2178,.T.);
#427=ORIENTED_EDGE('',*,*,#2179,.F.);
#428=ORIENTED_EDGE('',*,*,#2180,.F.);
#429=ORIENTED_EDGE('',*,*,#2181,.F.);
#430=ORIENTED_EDGE('',*,*,#2182,.F.);
#431=ORIENTED_EDGE('',*,*,#2183,.T.);
#432=ORIENTED_EDGE('',*,*,#2184,.F.);
#433=ORIENTED_EDGE('',*,*,#2185,.F.);
#434=ORIENTED_EDGE('',*,*,#2186,.T.);
#435=ORIENTED_EDGE('',*,*,#2187,.F.);
#436=ORIENTED_EDGE('',*,*,#2188,.F.);
#437=ORIENTED_EDGE('',*,*,#2189,.T.);
#438=ORIENTED_EDGE('',*,*,#2190,.T.);
#439=ORIENTED_EDGE('',*,*,#2191,.F.);
#440=ORIENTED_EDGE('',*,*,#2192,.F.);
#441=ORIENTED_EDGE('',*,*,#2193,.F.);
#442=ORIENTED_EDGE('',*,*,#2194,.T.);
#443=ORIENTED_EDGE('',*,*,#2195,.F.);
#444=ORIENTED_EDGE('',*,*,#2196,.F.);
#445=ORIENTED_EDGE('',*,*,#2197,.T.);
#446=ORIENTED_EDGE('',*,*,#2198,.T.);
#447=ORIENTED_EDGE('',*,*,#2199,.F.);
#448=ORIENTED_EDGE('',*,*,#2200,.T.);
#449=ORIENTED_EDGE('',*,*,#2201,.F.);
#450=ORIENTED_EDGE('',*,*,#2202,.F.);
#451=ORIENTED_EDGE('',*,*,#2203,.F.);
#452=ORIENTED_EDGE('',*,*,#2204,.F.);
#453=ORIENTED_EDGE('',*,*,#2205,.F.);
#454=ORIENTED_EDGE('',*,*,#2206,.T.);
#455=ORIENTED_EDGE('',*,*,#2207,.F.);
#456=ORIENTED_EDGE('',*,*,#2208,.F.);
#457=ORIENTED_EDGE('',*,*,#2209,.T.);
#458=ORIENTED_EDGE('',*,*,#2210,.T.);
#459=ORIENTED_EDGE('',*,*,#2211,.F.);
#460=ORIENTED_EDGE('',*,*,#2212,.T.);
#461=ORIENTED_EDGE('',*,*,#2213,.T.);
#462=ORIENTED_EDGE('',*,*,#2214,.T.);
#463=ORIENTED_EDGE('',*,*,#2215,.T.);
#464=ORIENTED_EDGE('',*,*,#2216,.T.);
#465=ORIENTED_EDGE('',*,*,#2217,.T.);
#466=ORIENTED_EDGE('',*,*,#2218,.T.);
#467=ORIENTED_EDGE('',*,*,#2219,.T.);
#468=ORIENTED_EDGE('',*,*,#2220,.T.);
#469=ORIENTED_EDGE('',*,*,#2221,.T.);
#470=ORIENTED_EDGE('',*,*,#2222,.T.);
#471=ORIENTED_EDGE('',*,*,#2223,.T.);
#472=ORIENTED_EDGE('',*,*,#2224,.T.);
#473=ORIENTED_EDGE('',*,*,#2225,.T.);
#474=ORIENTED_EDGE('',*,*,#2226,.T.);
#475=ORIENTED_EDGE('',*,*,#2227,.T.);
#476=ORIENTED_EDGE('',*,*,#2228,.T.);
#477=ORIENTED_EDGE('',*,*,#2229,.T.);
#478=ORIENTED_EDGE('',*,*,#2230,.T.);
#479=ORIENTED_EDGE('',*,*,#2231,.T.);
#480=ORIENTED_EDGE('',*,*,#2232,.T.);
#481=ORIENTED_EDGE('',*,*,#2233,.T.);
#482=ORIENTED_EDGE('',*,*,#2234,.T.);
#483=ORIENTED_EDGE('',*,*,#2235,.T.);
#484=ORIENTED_EDGE('',*,*,#2236,.T.);
#485=ORIENTED_EDGE('',*,*,#2237,.T.);
#486=ORIENTED_EDGE('',*,*,#2238,.T.);
#487=ORIENTED_EDGE('',*,*,#2239,.T.);
#488=ORIENTED_EDGE('',*,*,#2240,.T.);
#489=ORIENTED_EDGE('',*,*,#2241,.T.);
#490=ORIENTED_EDGE('',*,*,#2242,.T.);
#491=ORIENTED_EDGE('',*,*,#2243,.T.);
#492=ORIENTED_EDGE('',*,*,#2244,.T.);
#493=ORIENTED_EDGE('',*,*,#2245,.T.);
#494=ORIENTED_EDGE('',*,*,#2246,.T.);
#495=ORIENTED_EDGE('',*,*,#2247,.T.);
#496=ORIENTED_EDGE('',*,*,#2248,.T.);
#497=ORIENTED_EDGE('',*,*,#2249,.T.);
#498=ORIENTED_EDGE('',*,*,#2250,.T.);
#499=ORIENTED_EDGE('',*,*,#2251,.T.);
#500=ORIENTED_EDGE('',*,*,#2252,.T.);
#501=ORIENTED_EDGE('',*,*,#2253,.T.);
#502=ORIENTED_EDGE('',*,*,#2254,.T.);
#503=ORIENTED_EDGE('',*,*,#2255,.T.);
#504=ORIENTED_EDGE('',*,*,#2256,.T.);
#505=ORIENTED_EDGE('',*,*,#2257,.T.);
#506=ORIENTED_EDGE('',*,*,#2258,.T.);
#507=ORIENTED_EDGE('',*,*,#2259,.T.);
#508=ORIENTED_EDGE('',*,*,#2260,.T.);
#509=ORIENTED_EDGE('',*,*,#2261,.T.);
#510=ORIENTED_EDGE('',*,*,#2262,.T.);
#511=ORIENTED_EDGE('',*,*,#2263,.T.);
#512=ORIENTED_EDGE('',*,*,#2264,.T.);
#513=ORIENTED_EDGE('',*,*,#2265,.T.);
#514=ORIENTED_EDGE('',*,*,#2266,.T.);
#515=ORIENTED_EDGE('',*,*,#2267,.T.);
#516=ORIENTED_EDGE('',*,*,#2268,.T.);
#517=ORIENTED_EDGE('',*,*,#2269,.T.);
#518=ORIENTED_EDGE('',*,*,#2270,.T.);
#519=ORIENTED_EDGE('',*,*,#2271,.T.);
#520=ORIENTED_EDGE('',*,*,#2272,.T.);
#521=ORIENTED_EDGE('',*,*,#2273,.T.);
#522=ORIENTED_EDGE('',*,*,#2274,.T.);
#523=ORIENTED_EDGE('',*,*,#2275,.T.);
#524=ORIENTED_EDGE('',*,*,#2276,.T.);
#525=ORIENTED_EDGE('',*,*,#2277,.T.);
#526=ORIENTED_EDGE('',*,*,#2278,.T.);
#527=ORIENTED_EDGE('',*,*,#2279,.T.);
#528=ORIENTED_EDGE('',*,*,#2280,.T.);
#529=ORIENTED_EDGE('',*,*,#2281,.T.);
#530=ORIENTED_EDGE('',*,*,#2282,.T.);
#531=ORIENTED_EDGE('',*,*,#2283,.T.);
#532=ORIENTED_EDGE('',*,*,#2284,.T.);
#533=ORIENTED_EDGE('',*,*,#2285,.T.);
#534=ORIENTED_EDGE('',*,*,#2286,.T.);
#535=ORIENTED_EDGE('',*,*,#2287,.T.);
#536=ORIENTED_EDGE('',*,*,#2288,.T.);
#537=ORIENTED_EDGE('',*,*,#2289,.T.);
#538=ORIENTED_EDGE('',*,*,#2290,.T.);
#539=ORIENTED_EDGE('',*,*,#2291,.T.);
#540=ORIENTED_EDGE('',*,*,#2292,.T.);
#541=ORIENTED_EDGE('',*,*,#2293,.T.);
#542=ORIENTED_EDGE('',*,*,#2294,.T.);
#543=ORIENTED_EDGE('',*,*,#2295,.T.);
#544=ORIENTED_EDGE('',*,*,#2296,.T.);
#545=ORIENTED_EDGE('',*,*,#2297,.T.);
#546=ORIENTED_EDGE('',*,*,#2298,.T.);
#547=ORIENTED_EDGE('',*,*,#2299,.T.);
#548=ORIENTED_EDGE('',*,*,#2300,.T.);
#549=ORIENTED_EDGE('',*,*,#2301,.T.);
#550=ORIENTED_EDGE('',*,*,#2302,.T.);
#551=ORIENTED_EDGE('',*,*,#2303,.T.);
#552=ORIENTED_EDGE('',*,*,#2304,.T.);
#553=ORIENTED_EDGE('',*,*,#2305,.T.);
#554=ORIENTED_EDGE('',*,*,#2306,.T.);
#555=ORIENTED_EDGE('',*,*,#2307,.T.);
#556=ORIENTED_EDGE('',*,*,#2308,.T.);
#557=ORIENTED_EDGE('',*,*,#2309,.T.);
#558=ORIENTED_EDGE('',*,*,#2310,.T.);
#559=ORIENTED_EDGE('',*,*,#2311,.T.);
#560=ORIENTED_EDGE('',*,*,#2312,.T.);
#561=ORIENTED_EDGE('',*,*,#2313,.T.);
#562=ORIENTED_EDGE('',*,*,#2314,.T.);
#563=ORIENTED_EDGE('',*,*,#2315,.T.);
#564=ORIENTED_EDGE('',*,*,#2316,.T.);
#565=ORIENTED_EDGE('',*,*,#2317,.T.);
#566=ORIENTED_EDGE('',*,*,#2318,.T.);
#567=ORIENTED_EDGE('',*,*,#2319,.T.);
#568=ORIENTED_EDGE('',*,*,#2320,.T.);
#569=ORIENTED_EDGE('',*,*,#2321,.T.);
#570=ORIENTED_EDGE('',*,*,#2322,.T.);
#571=ORIENTED_EDGE('',*,*,#2323,.T.);
#572=ORIENTED_EDGE('',*,*,#2324,.T.);
#573=ORIENTED_EDGE('',*,*,#2325,.T.);
#574=ORIENTED_EDGE('',*,*,#2326,.T.);
#575=ORIENTED_EDGE('',*,*,#2327,.T.);
#576=ORIENTED_EDGE('',*,*,#2328,.T.);
#577=ORIENTED_EDGE('',*,*,#2329,.T.);
#578=ORIENTED_EDGE('',*,*,#2330,.T.);
#579=ORIENTED_EDGE('',*,*,#2331,.T.);
#580=ORIENTED_EDGE('',*,*,#2332,.T.);
#581=ORIENTED_EDGE('',*,*,#2333,.T.);
#582=ORIENTED_EDGE('',*,*,#2334,.T.);
#583=ORIENTED_EDGE('',*,*,#2335,.T.);
#584=ORIENTED_EDGE('',*,*,#2336,.T.);
#585=ORIENTED_EDGE('',*,*,#2337,.T.);
#586=ORIENTED_EDGE('',*,*,#2338,.T.);
#587=ORIENTED_EDGE('',*,*,#2339,.T.);
#588=ORIENTED_EDGE('',*,*,#2340,.T.);
#589=ORIENTED_EDGE('',*,*,#2341,.T.);
#590=ORIENTED_EDGE('',*,*,#2342,.T.);
#591=ORIENTED_EDGE('',*,*,#2343,.T.);
#592=ORIENTED_EDGE('',*,*,#2344,.T.);
#593=ORIENTED_EDGE('',*,*,#2345,.T.);
#594=ORIENTED_EDGE('',*,*,#2346,.T.);
#595=ORIENTED_EDGE('',*,*,#2347,.T.);
#596=ORIENTED_EDGE('',*,*,#2348,.T.);
#597=ORIENTED_EDGE('',*,*,#2349,.T.);
#598=ORIENTED_EDGE('',*,*,#2350,.T.);
#599=ORIENTED_EDGE('',*,*,#2351,.T.);
#600=ORIENTED_EDGE('',*,*,#2352,.T.);
#601=ORIENTED_EDGE('',*,*,#2353,.T.);
#602=ORIENTED_EDGE('',*,*,#2354,.T.);
#603=ORIENTED_EDGE('',*,*,#2355,.T.);
#604=ORIENTED_EDGE('',*,*,#2356,.T.);
#605=ORIENTED_EDGE('',*,*,#2357,.T.);
#606=ORIENTED_EDGE('',*,*,#2358,.T.);
#607=ORIENTED_EDGE('',*,*,#2359,.T.);
#608=ORIENTED_EDGE('',*,*,#2360,.T.);
#609=ORIENTED_EDGE('',*,*,#2361,.T.);
#610=ORIENTED_EDGE('',*,*,#2362,.T.);
#611=ORIENTED_EDGE('',*,*,#2363,.T.);
#612=ORIENTED_EDGE('',*,*,#2364,.T.);
#613=ORIENTED_EDGE('',*,*,#2365,.T.);
#614=ORIENTED_EDGE('',*,*,#2366,.T.);
#615=ORIENTED_EDGE('',*,*,#2367,.T.);
#616=ORIENTED_EDGE('',*,*,#2368,.T.);
#617=ORIENTED_EDGE('',*,*,#2369,.T.);
#618=ORIENTED_EDGE('',*,*,#2370,.T.);
#619=ORIENTED_EDGE('',*,*,#2371,.T.);
#620=ORIENTED_EDGE('',*,*,#2372,.T.);
#621=ORIENTED_EDGE('',*,*,#2373,.T.);
#622=ORIENTED_EDGE('',*,*,#2374,.T.);
#623=ORIENTED_EDGE('',*,*,#2375,.T.);
#624=ORIENTED_EDGE('',*,*,#2376,.T.);
#625=ORIENTED_EDGE('',*,*,#2377,.T.);
#626=ORIENTED_EDGE('',*,*,#2378,.T.);
#627=ORIENTED_EDGE('',*,*,#2379,.T.);
#628=ORIENTED_EDGE('',*,*,#2380,.T.);
#629=ORIENTED_EDGE('',*,*,#2381,.T.);
#630=ORIENTED_EDGE('',*,*,#2382,.T.);
#631=ORIENTED_EDGE('',*,*,#2383,.T.);
#632=ORIENTED_EDGE('',*,*,#2384,.T.);
#633=ORIENTED_EDGE('',*,*,#2385,.T.);
#634=ORIENTED_EDGE('',*,*,#2386,.T.);
#635=ORIENTED_EDGE('',*,*,#2387,.T.);
#636=ORIENTED_EDGE('',*,*,#2388,.T.);
#637=ORIENTED_EDGE('',*,*,#2389,.T.);
#638=ORIENTED_EDGE('',*,*,#2390,.T.);
#639=ORIENTED_EDGE('',*,*,#2391,.T.);
#640=ORIENTED_EDGE('',*,*,#2392,.T.);
#641=ORIENTED_EDGE('',*,*,#2393,.T.);
#642=ORIENTED_EDGE('',*,*,#2394,.T.);
#643=ORIENTED_EDGE('',*,*,#2395,.T.);
#644=ORIENTED_EDGE('',*,*,#2396,.T.);
#645=ORIENTED_EDGE('',*,*,#2397,.T.);
#646=ORIENTED_EDGE('',*,*,#2398,.T.);
#647=ORIENTED_EDGE('',*,*,#2399,.T.);
#648=ORIENTED_EDGE('',*,*,#2400,.T.);
#649=ORIENTED_EDGE('',*,*,#2401,.T.);
#650=ORIENTED_EDGE('',*,*,#2402,.T.);
#651=ORIENTED_EDGE('',*,*,#2403,.T.);
#652=ORIENTED_EDGE('',*,*,#2404,.T.);
#653=ORIENTED_EDGE('',*,*,#2405,.T.);
#654=ORIENTED_EDGE('',*,*,#2406,.T.);
#655=ORIENTED_EDGE('',*,*,#2407,.T.);
#656=ORIENTED_EDGE('',*,*,#2408,.T.);
#657=ORIENTED_EDGE('',*,*,#2409,.T.);
#658=ORIENTED_EDGE('',*,*,#2410,.T.);
#659=ORIENTED_EDGE('',*,*,#2411,.T.);
#660=ORIENTED_EDGE('',*,*,#2412,.T.);
#661=ORIENTED_EDGE('',*,*,#2413,.T.);
#662=ORIENTED_EDGE('',*,*,#2414,.T.);
#663=ORIENTED_EDGE('',*,*,#2415,.T.);
#664=ORIENTED_EDGE('',*,*,#2416,.T.);
#665=ORIENTED_EDGE('',*,*,#2417,.T.);
#666=ORIENTED_EDGE('',*,*,#2418,.T.);
#667=ORIENTED_EDGE('',*,*,#2419,.T.);
#668=ORIENTED_EDGE('',*,*,#2420,.T.);
#669=ORIENTED_EDGE('',*,*,#2421,.T.);
#670=ORIENTED_EDGE('',*,*,#2422,.T.);
#671=ORIENTED_EDGE('',*,*,#2423,.T.);
#672=ORIENTED_EDGE('',*,*,#2424,.T.);
#673=ORIENTED_EDGE('',*,*,#2425,.T.);
#674=ORIENTED_EDGE('',*,*,#2426,.T.);
#675=ORIENTED_EDGE('',*,*,#2427,.T.);
#676=ORIENTED_EDGE('',*,*,#2428,.T.);
#677=ORIENTED_EDGE('',*,*,#2429,.T.);
#678=ORIENTED_EDGE('',*,*,#2430,.T.);
#679=ORIENTED_EDGE('',*,*,#2431,.T.);
#680=ORIENTED_EDGE('',*,*,#2432,.T.);
#681=ORIENTED_EDGE('',*,*,#2433,.T.);
#682=ORIENTED_EDGE('',*,*,#2434,.T.);
#683=ORIENTED_EDGE('',*,*,#2435,.T.);
#684=ORIENTED_EDGE('',*,*,#2436,.T.);
#685=ORIENTED_EDGE('',*,*,#2437,.T.);
#686=ORIENTED_EDGE('',*,*,#2438,.T.);
#687=ORIENTED_EDGE('',*,*,#2439,.T.);
#688=ORIENTED_EDGE('',*,*,#2440,.T.);
#689=ORIENTED_EDGE('',*,*,#2441,.T.);
#690=ORIENTED_EDGE('',*,*,#2442,.T.);
#691=ORIENTED_EDGE('',*,*,#2443,.T.);
#692=ORIENTED_EDGE('',*,*,#2444,.T.);
#693=ORIENTED_EDGE('',*,*,#2445,.T.);
#694=ORIENTED_EDGE('',*,*,#2446,.T.);
#695=ORIENTED_EDGE('',*,*,#2447,.T.);
#696=ORIENTED_EDGE('',*,*,#2448,.T.);
#697=ORIENTED_EDGE('',*,*,#2449,.T.);
#698=ORIENTED_EDGE('',*,*,#2450,.T.);
#699=ORIENTED_EDGE('',*,*,#2451,.T.);
#700=ORIENTED_EDGE('',*,*,#2452,.T.);
#701=ORIENTED_EDGE('',*,*,#2453,.T.);
#702=ORIENTED_EDGE('',*,*,#2454,.T.);
#703=ORIENTED_EDGE('',*,*,#2455,.T.);
#704=ORIENTED_EDGE('',*,*,#2456,.T.);
#705=ORIENTED_EDGE('',*,*,#2457,.T.);
#706=ORIENTED_EDGE('',*,*,#2458,.T.);
#707=ORIENTED_EDGE('',*,*,#2459,.T.);
#708=ORIENTED_EDGE('',*,*,#2460,.T.);
#709=ORIENTED_EDGE('',*,*,#2461,.T.);
#710=ORIENTED_EDGE('',*,*,#2462,.T.);
#711=ORIENTED_EDGE('',*,*,#2463,.T.);
#712=ORIENTED_EDGE('',*,*,#2464,.F.);
#713=ORIENTED_EDGE('',*,*,#2465,.F.);
#714=ORIENTED_EDGE('',*,*,#2466,.F.);
#715=ORIENTED_EDGE('',*,*,#2467,.F.);
#716=ORIENTED_EDGE('',*,*,#2468,.F.);
#717=ORIENTED_EDGE('',*,*,#2469,.F.);
#718=ORIENTED_EDGE('',*,*,#2470,.F.);
#719=ORIENTED_EDGE('',*,*,#2471,.F.);
#720=ORIENTED_EDGE('',*,*,#2472,.F.);
#721=ORIENTED_EDGE('',*,*,#2473,.F.);
#722=ORIENTED_EDGE('',*,*,#2474,.F.);
#723=ORIENTED_EDGE('',*,*,#2475,.F.);
#724=ORIENTED_EDGE('',*,*,#2476,.F.);
#725=ORIENTED_EDGE('',*,*,#2477,.F.);
#726=ORIENTED_EDGE('',*,*,#2478,.F.);
#727=ORIENTED_EDGE('',*,*,#2479,.F.);
#728=ORIENTED_EDGE('',*,*,#2480,.F.);
#729=ORIENTED_EDGE('',*,*,#2481,.F.);
#730=ORIENTED_EDGE('',*,*,#2482,.F.);
#731=ORIENTED_EDGE('',*,*,#2483,.F.);
#732=ORIENTED_EDGE('',*,*,#2484,.F.);
#733=ORIENTED_EDGE('',*,*,#2485,.F.);
#734=ORIENTED_EDGE('',*,*,#2486,.F.);
#735=ORIENTED_EDGE('',*,*,#2487,.F.);
#736=ORIENTED_EDGE('',*,*,#2488,.F.);
#737=ORIENTED_EDGE('',*,*,#2489,.F.);
#738=ORIENTED_EDGE('',*,*,#2490,.F.);
#739=ORIENTED_EDGE('',*,*,#2491,.F.);
#740=ORIENTED_EDGE('',*,*,#2492,.F.);
#741=ORIENTED_EDGE('',*,*,#2493,.F.);
#742=ORIENTED_EDGE('',*,*,#2494,.F.);
#743=ORIENTED_EDGE('',*,*,#2495,.F.);
#744=ORIENTED_EDGE('',*,*,#2496,.F.);
#745=ORIENTED_EDGE('',*,*,#2497,.F.);
#746=ORIENTED_EDGE('',*,*,#2498,.F.);
#747=ORIENTED_EDGE('',*,*,#2499,.F.);
#748=ORIENTED_EDGE('',*,*,#2500,.F.);
#749=ORIENTED_EDGE('',*,*,#2501,.F.);
#750=ORIENTED_EDGE('',*,*,#2502,.F.);
#751=ORIENTED_EDGE('',*,*,#2503,.F.);
#752=ORIENTED_EDGE('',*,*,#2504,.F.);
#753=ORIENTED_EDGE('',*,*,#2505,.F.);
#754=ORIENTED_EDGE('',*,*,#2506,.F.);
#755=ORIENTED_EDGE('',*,*,#2507,.F.);
#756=ORIENTED_EDGE('',*,*,#2508,.F.);
#757=ORIENTED_EDGE('',*,*,#2509,.F.);
#758=ORIENTED_EDGE('',*,*,#2510,.F.);
#759=ORIENTED_EDGE('',*,*,#2511,.F.);
#760=ORIENTED_EDGE('',*,*,#2512,.F.);
#761=ORIENTED_EDGE('',*,*,#2513,.F.);
#762=ORIENTED_EDGE('',*,*,#2514,.F.);
#763=ORIENTED_EDGE('',*,*,#2515,.F.);
#764=ORIENTED_EDGE('',*,*,#2516,.F.);
#765=ORIENTED_EDGE('',*,*,#2517,.F.);
#766=ORIENTED_EDGE('',*,*,#2518,.F.);
#767=ORIENTED_EDGE('',*,*,#2519,.F.);
#768=ORIENTED_EDGE('',*,*,#2520,.F.);
#769=ORIENTED_EDGE('',*,*,#2521,.F.);
#770=ORIENTED_EDGE('',*,*,#2522,.F.);
#771=ORIENTED_EDGE('',*,*,#2523,.F.);
#772=ORIENTED_EDGE('',*,*,#2524,.F.);
#773=ORIENTED_EDGE('',*,*,#2525,.F.);
#774=ORIENTED_EDGE('',*,*,#2526,.F.);
#775=ORIENTED_EDGE('',*,*,#2527,.F.);
#776=ORIENTED_EDGE('',*,*,#2528,.F.);
#777=ORIENTED_EDGE('',*,*,#2529,.F.);
#778=ORIENTED_EDGE('',*,*,#2530,.F.);
#779=ORIENTED_EDGE('',*,*,#2531,.F.);
#780=ORIENTED_EDGE('',*,*,#2532,.F.);
#781=ORIENTED_EDGE('',*,*,#2533,.F.);
#782=ORIENTED_EDGE('',*,*,#2534,.F.);
#783=ORIENTED_EDGE('',*,*,#2535,.F.);
#784=ORIENTED_EDGE('',*,*,#2536,.F.);
#785=ORIENTED_EDGE('',*,*,#2537,.F.);
#786=ORIENTED_EDGE('',*,*,#2538,.F.);
#787=ORIENTED_EDGE('',*,*,#2539,.F.);
#788=ORIENTED_EDGE('',*,*,#2540,.F.);
#789=ORIENTED_EDGE('',*,*,#2541,.F.);
#790=ORIENTED_EDGE('',*,*,#2542,.F.);
#791=ORIENTED_EDGE('',*,*,#2543,.F.);
#792=ORIENTED_EDGE('',*,*,#2544,.F.);
#793=ORIENTED_EDGE('',*,*,#2545,.F.);
#794=ORIENTED_EDGE('',*,*,#2546,.F.);
#795=ORIENTED_EDGE('',*,*,#2547,.F.);
#796=ORIENTED_EDGE('',*,*,#2548,.F.);
#797=ORIENTED_EDGE('',*,*,#2549,.F.);
#798=ORIENTED_EDGE('',*,*,#2550,.F.);
#799=ORIENTED_EDGE('',*,*,#2551,.F.);
#800=ORIENTED_EDGE('',*,*,#2552,.F.);
#801=ORIENTED_EDGE('',*,*,#2553,.F.);
#802=ORIENTED_EDGE('',*,*,#2554,.F.);
#803=ORIENTED_EDGE('',*,*,#2555,.F.);
#804=ORIENTED_EDGE('',*,*,#2556,.F.);
#805=ORIENTED_EDGE('',*,*,#2557,.F.);
#806=ORIENTED_EDGE('',*,*,#2558,.F.);
#807=ORIENTED_EDGE('',*,*,#2559,.F.);
#808=ORIENTED_EDGE('',*,*,#2560,.F.);
#809=ORIENTED_EDGE('',*,*,#2561,.F.);
#810=ORIENTED_EDGE('',*,*,#2562,.F.);
#811=ORIENTED_EDGE('',*,*,#2563,.F.);
#812=ORIENTED_EDGE('',*,*,#2564,.F.);
#813=ORIENTED_EDGE('',*,*,#2565,.F.);
#814=ORIENTED_EDGE('',*,*,#2566,.F.);
#815=ORIENTED_EDGE('',*,*,#2567,.F.);
#816=ORIENTED_EDGE('',*,*,#2568,.F.);
#817=ORIENTED_EDGE('',*,*,#2569,.F.);
#818=ORIENTED_EDGE('',*,*,#2570,.F.);
#819=ORIENTED_EDGE('',*,*,#2571,.F.);
#820=ORIENTED_EDGE('',*,*,#2572,.F.);
#821=ORIENTED_EDGE('',*,*,#2573,.F.);
#822=ORIENTED_EDGE('',*,*,#2574,.F.);
#823=ORIENTED_EDGE('',*,*,#2575,.F.);
#824=ORIENTED_EDGE('',*,*,#2576,.F.);
#825=ORIENTED_EDGE('',*,*,#2577,.F.);
#826=ORIENTED_EDGE('',*,*,#2578,.F.);
#827=ORIENTED_EDGE('',*,*,#2579,.F.);
#828=ORIENTED_EDGE('',*,*,#2580,.F.);
#829=ORIENTED_EDGE('',*,*,#2581,.F.);
#830=ORIENTED_EDGE('',*,*,#2582,.F.);
#831=ORIENTED_EDGE('',*,*,#2583,.F.);
#832=ORIENTED_EDGE('',*,*,#2584,.F.);
#833=ORIENTED_EDGE('',*,*,#2585,.F.);
#834=ORIENTED_EDGE('',*,*,#2586,.F.);
#835=ORIENTED_EDGE('',*,*,#2587,.F.);
#836=ORIENTED_EDGE('',*,*,#2588,.F.);
#837=ORIENTED_EDGE('',*,*,#2589,.F.);
#838=ORIENTED_EDGE('',*,*,#2590,.F.);
#839=ORIENTED_EDGE('',*,*,#2591,.F.);
#840=ORIENTED_EDGE('',*,*,#2592,.F.);
#841=ORIENTED_EDGE('',*,*,#2593,.F.);
#842=ORIENTED_EDGE('',*,*,#2594,.F.);
#843=ORIENTED_EDGE('',*,*,#2595,.F.);
#844=ORIENTED_EDGE('',*,*,#2596,.F.);
#845=ORIENTED_EDGE('',*,*,#2597,.F.);
#846=ORIENTED_EDGE('',*,*,#2598,.F.);
#847=ORIENTED_EDGE('',*,*,#2599,.F.);
#848=ORIENTED_EDGE('',*,*,#2600,.F.);
#849=ORIENTED_EDGE('',*,*,#2601,.F.);
#850=ORIENTED_EDGE('',*,*,#2602,.F.);
#851=ORIENTED_EDGE('',*,*,#2603,.F.);
#852=ORIENTED_EDGE('',*,*,#2604,.F.);
#853=ORIENTED_EDGE('',*,*,#2605,.F.);
#854=ORIENTED_EDGE('',*,*,#2606,.F.);
#855=ORIENTED_EDGE('',*,*,#2607,.F.);
#856=ORIENTED_EDGE('',*,*,#2608,.F.);
#857=ORIENTED_EDGE('',*,*,#2609,.F.);
#858=ORIENTED_EDGE('',*,*,#2610,.T.);
#859=ORIENTED_EDGE('',*,*,#2611,.T.);
#860=ORIENTED_EDGE('',*,*,#2612,.T.);
#861=ORIENTED_EDGE('',*,*,#2613,.T.);
#862=ORIENTED_EDGE('',*,*,#2614,.F.);
#863=ORIENTED_EDGE('',*,*,#2615,.T.);
#864=ORIENTED_EDGE('',*,*,#2616,.T.);
#865=ORIENTED_EDGE('',*,*,#2617,.F.);
#866=ORIENTED_EDGE('',*,*,#2618,.T.);
#867=ORIENTED_EDGE('',*,*,#2619,.T.);
#868=ORIENTED_EDGE('',*,*,#2620,.T.);
#869=ORIENTED_EDGE('',*,*,#2621,.T.);
#870=ORIENTED_EDGE('',*,*,#2622,.F.);
#871=ORIENTED_EDGE('',*,*,#2623,.T.);
#872=ORIENTED_EDGE('',*,*,#2624,.T.);
#873=ORIENTED_EDGE('',*,*,#2625,.T.);
#874=ORIENTED_EDGE('',*,*,#2626,.F.);
#875=ORIENTED_EDGE('',*,*,#2627,.F.);
#876=ORIENTED_EDGE('',*,*,#2628,.T.);
#877=ORIENTED_EDGE('',*,*,#2629,.T.);
#878=ORIENTED_EDGE('',*,*,#2630,.F.);
#879=ORIENTED_EDGE('',*,*,#2631,.T.);
#880=ORIENTED_EDGE('',*,*,#2632,.T.);
#881=ORIENTED_EDGE('',*,*,#2633,.T.);
#882=ORIENTED_EDGE('',*,*,#2634,.F.);
#883=ORIENTED_EDGE('',*,*,#2635,.F.);
#884=ORIENTED_EDGE('',*,*,#2636,.F.);
#885=ORIENTED_EDGE('',*,*,#2637,.T.);
#886=ORIENTED_EDGE('',*,*,#2638,.T.);
#887=ORIENTED_EDGE('',*,*,#2639,.T.);
#888=ORIENTED_EDGE('',*,*,#2640,.T.);
#889=ORIENTED_EDGE('',*,*,#2641,.T.);
#890=ORIENTED_EDGE('',*,*,#2642,.F.);
#891=ORIENTED_EDGE('',*,*,#2643,.T.);
#892=ORIENTED_EDGE('',*,*,#2644,.T.);
#893=ORIENTED_EDGE('',*,*,#2645,.T.);
#894=ORIENTED_EDGE('',*,*,#2646,.F.);
#895=ORIENTED_EDGE('',*,*,#2647,.F.);
#896=ORIENTED_EDGE('',*,*,#2648,.F.);
#897=ORIENTED_EDGE('',*,*,#2649,.F.);
#898=ORIENTED_EDGE('',*,*,#2650,.F.);
#899=ORIENTED_EDGE('',*,*,#2651,.F.);
#900=ORIENTED_EDGE('',*,*,#2652,.F.);
#901=ORIENTED_EDGE('',*,*,#2653,.F.);
#902=ORIENTED_EDGE('',*,*,#2654,.F.);
#903=ORIENTED_EDGE('',*,*,#2655,.F.);
#904=ORIENTED_EDGE('',*,*,#2656,.F.);
#905=ORIENTED_EDGE('',*,*,#2657,.F.);
#906=ORIENTED_EDGE('',*,*,#2658,.F.);
#907=ORIENTED_EDGE('',*,*,#2659,.F.);
#908=ORIENTED_EDGE('',*,*,#2660,.F.);
#909=ORIENTED_EDGE('',*,*,#2661,.F.);
#910=ORIENTED_EDGE('',*,*,#2662,.F.);
#911=ORIENTED_EDGE('',*,*,#2663,.F.);
#912=ORIENTED_EDGE('',*,*,#2664,.F.);
#913=ORIENTED_EDGE('',*,*,#2665,.F.);
#914=ORIENTED_EDGE('',*,*,#2666,.F.);
#915=ORIENTED_EDGE('',*,*,#2667,.F.);
#916=ORIENTED_EDGE('',*,*,#2668,.F.);
#917=ORIENTED_EDGE('',*,*,#2669,.F.);
#918=ORIENTED_EDGE('',*,*,#2670,.F.);
#919=ORIENTED_EDGE('',*,*,#2671,.F.);
#920=ORIENTED_EDGE('',*,*,#2672,.F.);
#921=ORIENTED_EDGE('',*,*,#2673,.F.);
#922=ORIENTED_EDGE('',*,*,#2674,.F.);
#923=ORIENTED_EDGE('',*,*,#2675,.F.);
#924=ORIENTED_EDGE('',*,*,#2676,.F.);
#925=ORIENTED_EDGE('',*,*,#2677,.F.);
#926=ORIENTED_EDGE('',*,*,#2678,.F.);
#927=ORIENTED_EDGE('',*,*,#2679,.F.);
#928=ORIENTED_EDGE('',*,*,#2680,.F.);
#929=ORIENTED_EDGE('',*,*,#2681,.F.);
#930=ORIENTED_EDGE('',*,*,#2682,.F.);
#931=ORIENTED_EDGE('',*,*,#2683,.F.);
#932=ORIENTED_EDGE('',*,*,#2684,.F.);
#933=ORIENTED_EDGE('',*,*,#2685,.F.);
#934=ORIENTED_EDGE('',*,*,#2686,.F.);
#935=ORIENTED_EDGE('',*,*,#2687,.F.);
#936=ORIENTED_EDGE('',*,*,#2688,.F.);
#937=ORIENTED_EDGE('',*,*,#2689,.F.);
#938=ORIENTED_EDGE('',*,*,#2690,.F.);
#939=ORIENTED_EDGE('',*,*,#2691,.F.);
#940=ORIENTED_EDGE('',*,*,#2692,.F.);
#941=ORIENTED_EDGE('',*,*,#2693,.F.);
#942=ORIENTED_EDGE('',*,*,#2694,.F.);
#943=ORIENTED_EDGE('',*,*,#2695,.F.);
#944=ORIENTED_EDGE('',*,*,#2696,.F.);
#945=ORIENTED_EDGE('',*,*,#2697,.F.);
#946=ORIENTED_EDGE('',*,*,#2698,.F.);
#947=ORIENTED_EDGE('',*,*,#2699,.F.);
#948=ORIENTED_EDGE('',*,*,#2700,.F.);
#949=ORIENTED_EDGE('',*,*,#2701,.F.);
#950=ORIENTED_EDGE('',*,*,#2702,.F.);
#951=ORIENTED_EDGE('',*,*,#2703,.F.);
#952=ORIENTED_EDGE('',*,*,#2704,.F.);
#953=ORIENTED_EDGE('',*,*,#2705,.F.);
#954=ORIENTED_EDGE('',*,*,#2706,.F.);
#955=ORIENTED_EDGE('',*,*,#2707,.F.);
#956=ORIENTED_EDGE('',*,*,#2708,.F.);
#957=ORIENTED_EDGE('',*,*,#2709,.F.);
#958=ORIENTED_EDGE('',*,*,#2710,.F.);
#959=ORIENTED_EDGE('',*,*,#2711,.F.);
#960=ORIENTED_EDGE('',*,*,#2712,.F.);
#961=ORIENTED_EDGE('',*,*,#2713,.F.);
#962=ORIENTED_EDGE('',*,*,#2714,.F.);
#963=ORIENTED_EDGE('',*,*,#2715,.F.);
#964=ORIENTED_EDGE('',*,*,#2716,.F.);
#965=ORIENTED_EDGE('',*,*,#2717,.F.);
#966=ORIENTED_EDGE('',*,*,#2718,.F.);
#967=ORIENTED_EDGE('',*,*,#2719,.F.);
#968=ORIENTED_EDGE('',*,*,#2720,.F.);
#969=ORIENTED_EDGE('',*,*,#2721,.F.);
#970=ORIENTED_EDGE('',*,*,#2722,.F.);
#971=ORIENTED_EDGE('',*,*,#2723,.F.);
#972=ORIENTED_EDGE('',*,*,#2724,.F.);
#973=ORIENTED_EDGE('',*,*,#2725,.F.);
#974=ORIENTED_EDGE('',*,*,#2726,.F.);
#975=ORIENTED_EDGE('',*,*,#2727,.F.);
#976=ORIENTED_EDGE('',*,*,#2728,.F.);
#977=ORIENTED_EDGE('',*,*,#2729,.F.);
#978=ORIENTED_EDGE('',*,*,#2730,.F.);
#979=ORIENTED_EDGE('',*,*,#2731,.F.);
#980=ORIENTED_EDGE('',*,*,#2732,.F.);
#981=ORIENTED_EDGE('',*,*,#2733,.F.);
#982=ORIENTED_EDGE('',*,*,#2734,.F.);
#983=ORIENTED_EDGE('',*,*,#2735,.F.);
#984=ORIENTED_EDGE('',*,*,#2736,.F.);
#985=ORIENTED_EDGE('',*,*,#2737,.F.);
#986=ORIENTED_EDGE('',*,*,#2738,.F.);
#987=ORIENTED_EDGE('',*,*,#2739,.F.);
#988=ORIENTED_EDGE('',*,*,#2740,.F.);
#989=ORIENTED_EDGE('',*,*,#2741,.F.);
#990=ORIENTED_EDGE('',*,*,#2742,.F.);
#991=ORIENTED_EDGE('',*,*,#2743,.F.);
#992=ORIENTED_EDGE('',*,*,#2744,.F.);
#993=ORIENTED_EDGE('',*,*,#2745,.F.);
#994=ORIENTED_EDGE('',*,*,#2746,.F.);
#995=ORIENTED_EDGE('',*,*,#2747,.F.);
#996=ORIENTED_EDGE('',*,*,#2748,.F.);
#997=ORIENTED_EDGE('',*,*,#2749,.F.);
#998=ORIENTED_EDGE('',*,*,#2750,.F.);
#999=ORIENTED_EDGE('',*,*,#2751,.F.);
#1000=ORIENTED_EDGE('',*,*,#2752,.F.);
#1001=ORIENTED_EDGE('',*,*,#2753,.F.);
#1002=ORIENTED_EDGE('',*,*,#2754,.F.);
#1003=ORIENTED_EDGE('',*,*,#2755,.F.);
#1004=ORIENTED_EDGE('',*,*,#2644,.F.);
#1005=ORIENTED_EDGE('',*,*,#2756,.F.);
#1006=ORIENTED_EDGE('',*,*,#2208,.T.);
#1007=ORIENTED_EDGE('',*,*,#2757,.T.);
#1008=ORIENTED_EDGE('',*,*,#2647,.T.);
#1009=ORIENTED_EDGE('',*,*,#2758,.F.);
#1010=ORIENTED_EDGE('',*,*,#2209,.F.);
#1011=ORIENTED_EDGE('',*,*,#2756,.T.);
#1012=ORIENTED_EDGE('',*,*,#2646,.T.);
#1013=ORIENTED_EDGE('',*,*,#2759,.F.);
#1014=ORIENTED_EDGE('',*,*,#2210,.F.);
#1015=ORIENTED_EDGE('',*,*,#2758,.T.);
#1016=ORIENTED_EDGE('',*,*,#2640,.F.);
#1017=ORIENTED_EDGE('',*,*,#2760,.F.);
#1018=ORIENTED_EDGE('',*,*,#2204,.T.);
#1019=ORIENTED_EDGE('',*,*,#2761,.T.);
#1020=ORIENTED_EDGE('',*,*,#2643,.F.);
#1021=ORIENTED_EDGE('',*,*,#2762,.F.);
#1022=ORIENTED_EDGE('',*,*,#2205,.T.);
#1023=ORIENTED_EDGE('',*,*,#2760,.T.);
#1024=ORIENTED_EDGE('',*,*,#2642,.T.);
#1025=ORIENTED_EDGE('',*,*,#2763,.F.);
#1026=ORIENTED_EDGE('',*,*,#2206,.F.);
#1027=ORIENTED_EDGE('',*,*,#2762,.T.);
#1028=ORIENTED_EDGE('',*,*,#2636,.T.);
#1029=ORIENTED_EDGE('',*,*,#2764,.F.);
#1030=ORIENTED_EDGE('',*,*,#2200,.F.);
#1031=ORIENTED_EDGE('',*,*,#2765,.T.);
#1032=ORIENTED_EDGE('',*,*,#2639,.F.);
#1033=ORIENTED_EDGE('',*,*,#2766,.F.);
#1034=ORIENTED_EDGE('',*,*,#2201,.T.);
#1035=ORIENTED_EDGE('',*,*,#2764,.T.);
#1036=ORIENTED_EDGE('',*,*,#2638,.F.);
#1037=ORIENTED_EDGE('',*,*,#2767,.F.);
#1038=ORIENTED_EDGE('',*,*,#2202,.T.);
#1039=ORIENTED_EDGE('',*,*,#2766,.T.);
#1040=ORIENTED_EDGE('',*,*,#2632,.F.);
#1041=ORIENTED_EDGE('',*,*,#2768,.F.);
#1042=ORIENTED_EDGE('',*,*,#2196,.T.);
#1043=ORIENTED_EDGE('',*,*,#2769,.T.);
#1044=ORIENTED_EDGE('',*,*,#2635,.T.);
#1045=ORIENTED_EDGE('',*,*,#2770,.F.);
#1046=ORIENTED_EDGE('',*,*,#2197,.F.);
#1047=ORIENTED_EDGE('',*,*,#2768,.T.);
#1048=ORIENTED_EDGE('',*,*,#2634,.T.);
#1049=ORIENTED_EDGE('',*,*,#2771,.F.);
#1050=ORIENTED_EDGE('',*,*,#2198,.F.);
#1051=ORIENTED_EDGE('',*,*,#2770,.T.);
#1052=ORIENTED_EDGE('',*,*,#2628,.F.);
#1053=ORIENTED_EDGE('',*,*,#2772,.F.);
#1054=ORIENTED_EDGE('',*,*,#2192,.T.);
#1055=ORIENTED_EDGE('',*,*,#2773,.T.);
#1056=ORIENTED_EDGE('',*,*,#2631,.F.);
#1057=ORIENTED_EDGE('',*,*,#2774,.F.);
#1058=ORIENTED_EDGE('',*,*,#2193,.T.);
#1059=ORIENTED_EDGE('',*,*,#2772,.T.);
#1060=ORIENTED_EDGE('',*,*,#2630,.T.);
#1061=ORIENTED_EDGE('',*,*,#2775,.F.);
#1062=ORIENTED_EDGE('',*,*,#2194,.F.);
#1063=ORIENTED_EDGE('',*,*,#2774,.T.);
#1064=ORIENTED_EDGE('',*,*,#2624,.F.);
#1065=ORIENTED_EDGE('',*,*,#2776,.F.);
#1066=ORIENTED_EDGE('',*,*,#2188,.T.);
#1067=ORIENTED_EDGE('',*,*,#2777,.T.);
#1068=ORIENTED_EDGE('',*,*,#2627,.T.);
#1069=ORIENTED_EDGE('',*,*,#2778,.F.);
#1070=ORIENTED_EDGE('',*,*,#2189,.F.);
#1071=ORIENTED_EDGE('',*,*,#2776,.T.);
#1072=ORIENTED_EDGE('',*,*,#2626,.T.);
#1073=ORIENTED_EDGE('',*,*,#2779,.F.);
#1074=ORIENTED_EDGE('',*,*,#2190,.F.);
#1075=ORIENTED_EDGE('',*,*,#2778,.T.);
#1076=ORIENTED_EDGE('',*,*,#2620,.F.);
#1077=ORIENTED_EDGE('',*,*,#2780,.F.);
#1078=ORIENTED_EDGE('',*,*,#2184,.T.);
#1079=ORIENTED_EDGE('',*,*,#2781,.T.);
#1080=ORIENTED_EDGE('',*,*,#2623,.F.);
#1081=ORIENTED_EDGE('',*,*,#2782,.F.);
#1082=ORIENTED_EDGE('',*,*,#2185,.T.);
#1083=ORIENTED_EDGE('',*,*,#2780,.T.);
#1084=ORIENTED_EDGE('',*,*,#2622,.T.);
#1085=ORIENTED_EDGE('',*,*,#2783,.F.);
#1086=ORIENTED_EDGE('',*,*,#2186,.F.);
#1087=ORIENTED_EDGE('',*,*,#2782,.T.);
#1088=ORIENTED_EDGE('',*,*,#2616,.F.);
#1089=ORIENTED_EDGE('',*,*,#2784,.F.);
#1090=ORIENTED_EDGE('',*,*,#2180,.T.);
#1091=ORIENTED_EDGE('',*,*,#2785,.T.);
#1092=ORIENTED_EDGE('',*,*,#2619,.F.);
#1093=ORIENTED_EDGE('',*,*,#2786,.F.);
#1094=ORIENTED_EDGE('',*,*,#2181,.T.);
#1095=ORIENTED_EDGE('',*,*,#2784,.T.);
#1096=ORIENTED_EDGE('',*,*,#2618,.F.);
#1097=ORIENTED_EDGE('',*,*,#2787,.F.);
#1098=ORIENTED_EDGE('',*,*,#2182,.T.);
#1099=ORIENTED_EDGE('',*,*,#2786,.T.);
#1100=ORIENTED_EDGE('',*,*,#2612,.F.);
#1101=ORIENTED_EDGE('',*,*,#2788,.F.);
#1102=ORIENTED_EDGE('',*,*,#2176,.T.);
#1103=ORIENTED_EDGE('',*,*,#2789,.T.);
#1104=ORIENTED_EDGE('',*,*,#2615,.F.);
#1105=ORIENTED_EDGE('',*,*,#2790,.F.);
#1106=ORIENTED_EDGE('',*,*,#2177,.T.);
#1107=ORIENTED_EDGE('',*,*,#2788,.T.);
#1108=ORIENTED_EDGE('',*,*,#2614,.T.);
#1109=ORIENTED_EDGE('',*,*,#2791,.F.);
#1110=ORIENTED_EDGE('',*,*,#2178,.F.);
#1111=ORIENTED_EDGE('',*,*,#2790,.T.);
#1112=ORIENTED_EDGE('',*,*,#2608,.T.);
#1113=ORIENTED_EDGE('',*,*,#2792,.F.);
#1114=ORIENTED_EDGE('',*,*,#2172,.F.);
#1115=ORIENTED_EDGE('',*,*,#2793,.T.);
#1116=ORIENTED_EDGE('',*,*,#2611,.F.);
#1117=ORIENTED_EDGE('',*,*,#2794,.F.);
#1118=ORIENTED_EDGE('',*,*,#2173,.T.);
#1119=ORIENTED_EDGE('',*,*,#2792,.T.);
#1120=ORIENTED_EDGE('',*,*,#2610,.F.);
#1121=ORIENTED_EDGE('',*,*,#2795,.F.);
#1122=ORIENTED_EDGE('',*,*,#2174,.T.);
#1123=ORIENTED_EDGE('',*,*,#2794,.T.);
#1124=ORIENTED_EDGE('',*,*,#2641,.F.);
#1125=ORIENTED_EDGE('',*,*,#2761,.F.);
#1126=ORIENTED_EDGE('',*,*,#2207,.T.);
#1127=ORIENTED_EDGE('',*,*,#2763,.T.);
#1128=ORIENTED_EDGE('',*,*,#2637,.F.);
#1129=ORIENTED_EDGE('',*,*,#2765,.F.);
#1130=ORIENTED_EDGE('',*,*,#2203,.T.);
#1131=ORIENTED_EDGE('',*,*,#2767,.T.);
#1132=ORIENTED_EDGE('',*,*,#2633,.F.);
#1133=ORIENTED_EDGE('',*,*,#2769,.F.);
#1134=ORIENTED_EDGE('',*,*,#2199,.T.);
#1135=ORIENTED_EDGE('',*,*,#2771,.T.);
#1136=ORIENTED_EDGE('',*,*,#2629,.F.);
#1137=ORIENTED_EDGE('',*,*,#2773,.F.);
#1138=ORIENTED_EDGE('',*,*,#2195,.T.);
#1139=ORIENTED_EDGE('',*,*,#2775,.T.);
#1140=ORIENTED_EDGE('',*,*,#2625,.F.);
#1141=ORIENTED_EDGE('',*,*,#2777,.F.);
#1142=ORIENTED_EDGE('',*,*,#2191,.T.);
#1143=ORIENTED_EDGE('',*,*,#2779,.T.);
#1144=ORIENTED_EDGE('',*,*,#2621,.F.);
#1145=ORIENTED_EDGE('',*,*,#2781,.F.);
#1146=ORIENTED_EDGE('',*,*,#2187,.T.);
#1147=ORIENTED_EDGE('',*,*,#2783,.T.);
#1148=ORIENTED_EDGE('',*,*,#2617,.T.);
#1149=ORIENTED_EDGE('',*,*,#2785,.F.);
#1150=ORIENTED_EDGE('',*,*,#2183,.F.);
#1151=ORIENTED_EDGE('',*,*,#2787,.T.);
#1152=ORIENTED_EDGE('',*,*,#2613,.F.);
#1153=ORIENTED_EDGE('',*,*,#2789,.F.);
#1154=ORIENTED_EDGE('',*,*,#2179,.T.);
#1155=ORIENTED_EDGE('',*,*,#2791,.T.);
#1156=ORIENTED_EDGE('',*,*,#2609,.T.);
#1157=ORIENTED_EDGE('',*,*,#2793,.F.);
#1158=ORIENTED_EDGE('',*,*,#2175,.F.);
#1159=ORIENTED_EDGE('',*,*,#2795,.T.);
#1160=ORIENTED_EDGE('',*,*,#2645,.F.);
#1161=ORIENTED_EDGE('',*,*,#2757,.F.);
#1162=ORIENTED_EDGE('',*,*,#2211,.T.);
#1163=ORIENTED_EDGE('',*,*,#2759,.T.);
#1164=ORIENTED_EDGE('',*,*,#2604,.T.);
#1165=ORIENTED_EDGE('',*,*,#2796,.T.);
#1166=ORIENTED_EDGE('',*,*,#2213,.F.);
#1167=ORIENTED_EDGE('',*,*,#2797,.F.);
#1168=ORIENTED_EDGE('',*,*,#2605,.T.);
#1169=ORIENTED_EDGE('',*,*,#2797,.T.);
#1170=ORIENTED_EDGE('',*,*,#2212,.F.);
#1171=ORIENTED_EDGE('',*,*,#2798,.F.);
#1172=ORIENTED_EDGE('',*,*,#2606,.T.);
#1173=ORIENTED_EDGE('',*,*,#2798,.T.);
#1174=ORIENTED_EDGE('',*,*,#2215,.F.);
#1175=ORIENTED_EDGE('',*,*,#2799,.F.);
#1176=ORIENTED_EDGE('',*,*,#2607,.T.);
#1177=ORIENTED_EDGE('',*,*,#2799,.T.);
#1178=ORIENTED_EDGE('',*,*,#2214,.F.);
#1179=ORIENTED_EDGE('',*,*,#2796,.F.);
#1180=ORIENTED_EDGE('',*,*,#2648,.T.);
#1181=ORIENTED_EDGE('',*,*,#2800,.T.);
#1182=ORIENTED_EDGE('',*,*,#2217,.F.);
#1183=ORIENTED_EDGE('',*,*,#2801,.F.);
#1184=ORIENTED_EDGE('',*,*,#2649,.T.);
#1185=ORIENTED_EDGE('',*,*,#2801,.T.);
#1186=ORIENTED_EDGE('',*,*,#2216,.F.);
#1187=ORIENTED_EDGE('',*,*,#2802,.F.);
#1188=ORIENTED_EDGE('',*,*,#2650,.T.);
#1189=ORIENTED_EDGE('',*,*,#2802,.T.);
#1190=ORIENTED_EDGE('',*,*,#2219,.F.);
#1191=ORIENTED_EDGE('',*,*,#2803,.F.);
#1192=ORIENTED_EDGE('',*,*,#2651,.T.);
#1193=ORIENTED_EDGE('',*,*,#2803,.T.);
#1194=ORIENTED_EDGE('',*,*,#2218,.F.);
#1195=ORIENTED_EDGE('',*,*,#2800,.F.);
#1196=ORIENTED_EDGE('',*,*,#2579,.T.);
#1197=ORIENTED_EDGE('',*,*,#2804,.T.);
#1198=ORIENTED_EDGE('',*,*,#2221,.F.);
#1199=ORIENTED_EDGE('',*,*,#2805,.F.);
#1200=ORIENTED_EDGE('',*,*,#2580,.T.);
#1201=ORIENTED_EDGE('',*,*,#2805,.T.);
#1202=ORIENTED_EDGE('',*,*,#2220,.F.);
#1203=ORIENTED_EDGE('',*,*,#2806,.F.);
#1204=ORIENTED_EDGE('',*,*,#2581,.T.);
#1205=ORIENTED_EDGE('',*,*,#2806,.T.);
#1206=ORIENTED_EDGE('',*,*,#2244,.F.);
#1207=ORIENTED_EDGE('',*,*,#2807,.F.);
#1208=ORIENTED_EDGE('',*,*,#2582,.T.);
#1209=ORIENTED_EDGE('',*,*,#2807,.T.);
#1210=ORIENTED_EDGE('',*,*,#2243,.F.);
#1211=ORIENTED_EDGE('',*,*,#2808,.F.);
#1212=ORIENTED_EDGE('',*,*,#2583,.T.);
#1213=ORIENTED_EDGE('',*,*,#2808,.T.);
#1214=ORIENTED_EDGE('',*,*,#2242,.F.);
#1215=ORIENTED_EDGE('',*,*,#2809,.F.);
#1216=ORIENTED_EDGE('',*,*,#2584,.T.);
#1217=ORIENTED_EDGE('',*,*,#2809,.T.);
#1218=ORIENTED_EDGE('',*,*,#2241,.F.);
#1219=ORIENTED_EDGE('',*,*,#2810,.F.);
#1220=ORIENTED_EDGE('',*,*,#2585,.T.);
#1221=ORIENTED_EDGE('',*,*,#2810,.T.);
#1222=ORIENTED_EDGE('',*,*,#2240,.F.);
#1223=ORIENTED_EDGE('',*,*,#2811,.F.);
#1224=ORIENTED_EDGE('',*,*,#2586,.T.);
#1225=ORIENTED_EDGE('',*,*,#2811,.T.);
#1226=ORIENTED_EDGE('',*,*,#2239,.F.);
#1227=ORIENTED_EDGE('',*,*,#2812,.F.);
#1228=ORIENTED_EDGE('',*,*,#2587,.T.);
#1229=ORIENTED_EDGE('',*,*,#2812,.T.);
#1230=ORIENTED_EDGE('',*,*,#2238,.F.);
#1231=ORIENTED_EDGE('',*,*,#2813,.F.);
#1232=ORIENTED_EDGE('',*,*,#2588,.T.);
#1233=ORIENTED_EDGE('',*,*,#2813,.T.);
#1234=ORIENTED_EDGE('',*,*,#2237,.F.);
#1235=ORIENTED_EDGE('',*,*,#2814,.F.);
#1236=ORIENTED_EDGE('',*,*,#2589,.T.);
#1237=ORIENTED_EDGE('',*,*,#2814,.T.);
#1238=ORIENTED_EDGE('',*,*,#2236,.F.);
#1239=ORIENTED_EDGE('',*,*,#2815,.F.);
#1240=ORIENTED_EDGE('',*,*,#2590,.T.);
#1241=ORIENTED_EDGE('',*,*,#2815,.T.);
#1242=ORIENTED_EDGE('',*,*,#2235,.F.);
#1243=ORIENTED_EDGE('',*,*,#2816,.F.);
#1244=ORIENTED_EDGE('',*,*,#2591,.T.);
#1245=ORIENTED_EDGE('',*,*,#2816,.T.);
#1246=ORIENTED_EDGE('',*,*,#2234,.F.);
#1247=ORIENTED_EDGE('',*,*,#2817,.F.);
#1248=ORIENTED_EDGE('',*,*,#2592,.T.);
#1249=ORIENTED_EDGE('',*,*,#2817,.T.);
#1250=ORIENTED_EDGE('',*,*,#2233,.F.);
#1251=ORIENTED_EDGE('',*,*,#2818,.F.);
#1252=ORIENTED_EDGE('',*,*,#2593,.T.);
#1253=ORIENTED_EDGE('',*,*,#2818,.T.);
#1254=ORIENTED_EDGE('',*,*,#2232,.F.);
#1255=ORIENTED_EDGE('',*,*,#2819,.F.);
#1256=ORIENTED_EDGE('',*,*,#2594,.T.);
#1257=ORIENTED_EDGE('',*,*,#2819,.T.);
#1258=ORIENTED_EDGE('',*,*,#2231,.F.);
#1259=ORIENTED_EDGE('',*,*,#2820,.F.);
#1260=ORIENTED_EDGE('',*,*,#2595,.T.);
#1261=ORIENTED_EDGE('',*,*,#2820,.T.);
#1262=ORIENTED_EDGE('',*,*,#2230,.F.);
#1263=ORIENTED_EDGE('',*,*,#2821,.F.);
#1264=ORIENTED_EDGE('',*,*,#2596,.T.);
#1265=ORIENTED_EDGE('',*,*,#2821,.T.);
#1266=ORIENTED_EDGE('',*,*,#2229,.F.);
#1267=ORIENTED_EDGE('',*,*,#2822,.F.);
#1268=ORIENTED_EDGE('',*,*,#2597,.T.);
#1269=ORIENTED_EDGE('',*,*,#2822,.T.);
#1270=ORIENTED_EDGE('',*,*,#2228,.F.);
#1271=ORIENTED_EDGE('',*,*,#2823,.F.);
#1272=ORIENTED_EDGE('',*,*,#2598,.T.);
#1273=ORIENTED_EDGE('',*,*,#2823,.T.);
#1274=ORIENTED_EDGE('',*,*,#2227,.F.);
#1275=ORIENTED_EDGE('',*,*,#2824,.F.);
#1276=ORIENTED_EDGE('',*,*,#2599,.T.);
#1277=ORIENTED_EDGE('',*,*,#2824,.T.);
#1278=ORIENTED_EDGE('',*,*,#2226,.F.);
#1279=ORIENTED_EDGE('',*,*,#2825,.F.);
#1280=ORIENTED_EDGE('',*,*,#2600,.T.);
#1281=ORIENTED_EDGE('',*,*,#2825,.T.);
#1282=ORIENTED_EDGE('',*,*,#2225,.F.);
#1283=ORIENTED_EDGE('',*,*,#2826,.F.);
#1284=ORIENTED_EDGE('',*,*,#2601,.T.);
#1285=ORIENTED_EDGE('',*,*,#2826,.T.);
#1286=ORIENTED_EDGE('',*,*,#2224,.F.);
#1287=ORIENTED_EDGE('',*,*,#2827,.F.);
#1288=ORIENTED_EDGE('',*,*,#2602,.T.);
#1289=ORIENTED_EDGE('',*,*,#2827,.T.);
#1290=ORIENTED_EDGE('',*,*,#2223,.F.);
#1291=ORIENTED_EDGE('',*,*,#2828,.F.);
#1292=ORIENTED_EDGE('',*,*,#2603,.T.);
#1293=ORIENTED_EDGE('',*,*,#2828,.T.);
#1294=ORIENTED_EDGE('',*,*,#2222,.F.);
#1295=ORIENTED_EDGE('',*,*,#2804,.F.);
#1296=ORIENTED_EDGE('',*,*,#2652,.T.);
#1297=ORIENTED_EDGE('',*,*,#2829,.T.);
#1298=ORIENTED_EDGE('',*,*,#2246,.F.);
#1299=ORIENTED_EDGE('',*,*,#2830,.F.);
#1300=ORIENTED_EDGE('',*,*,#2653,.T.);
#1301=ORIENTED_EDGE('',*,*,#2830,.T.);
#1302=ORIENTED_EDGE('',*,*,#2245,.F.);
#1303=ORIENTED_EDGE('',*,*,#2831,.F.);
#1304=ORIENTED_EDGE('',*,*,#2654,.T.);
#1305=ORIENTED_EDGE('',*,*,#2831,.T.);
#1306=ORIENTED_EDGE('',*,*,#2248,.F.);
#1307=ORIENTED_EDGE('',*,*,#2832,.F.);
#1308=ORIENTED_EDGE('',*,*,#2655,.T.);
#1309=ORIENTED_EDGE('',*,*,#2832,.T.);
#1310=ORIENTED_EDGE('',*,*,#2247,.F.);
#1311=ORIENTED_EDGE('',*,*,#2829,.F.);
#1312=ORIENTED_EDGE('',*,*,#2567,.T.);
#1313=ORIENTED_EDGE('',*,*,#2833,.T.);
#1314=ORIENTED_EDGE('',*,*,#2250,.F.);
#1315=ORIENTED_EDGE('',*,*,#2834,.F.);
#1316=ORIENTED_EDGE('',*,*,#2568,.T.);
#1317=ORIENTED_EDGE('',*,*,#2834,.T.);
#1318=ORIENTED_EDGE('',*,*,#2249,.F.);
#1319=ORIENTED_EDGE('',*,*,#2835,.F.);
#1320=ORIENTED_EDGE('',*,*,#2569,.T.);
#1321=ORIENTED_EDGE('',*,*,#2835,.T.);
#1322=ORIENTED_EDGE('',*,*,#2260,.F.);
#1323=ORIENTED_EDGE('',*,*,#2836,.F.);
#1324=ORIENTED_EDGE('',*,*,#2570,.T.);
#1325=ORIENTED_EDGE('',*,*,#2836,.T.);
#1326=ORIENTED_EDGE('',*,*,#2259,.F.);
#1327=ORIENTED_EDGE('',*,*,#2837,.F.);
#1328=ORIENTED_EDGE('',*,*,#2571,.T.);
#1329=ORIENTED_EDGE('',*,*,#2837,.T.);
#1330=ORIENTED_EDGE('',*,*,#2258,.F.);
#1331=ORIENTED_EDGE('',*,*,#2838,.F.);
#1332=ORIENTED_EDGE('',*,*,#2572,.T.);
#1333=ORIENTED_EDGE('',*,*,#2838,.T.);
#1334=ORIENTED_EDGE('',*,*,#2257,.F.);
#1335=ORIENTED_EDGE('',*,*,#2839,.F.);
#1336=ORIENTED_EDGE('',*,*,#2573,.T.);
#1337=ORIENTED_EDGE('',*,*,#2839,.T.);
#1338=ORIENTED_EDGE('',*,*,#2256,.F.);
#1339=ORIENTED_EDGE('',*,*,#2840,.F.);
#1340=ORIENTED_EDGE('',*,*,#2574,.T.);
#1341=ORIENTED_EDGE('',*,*,#2840,.T.);
#1342=ORIENTED_EDGE('',*,*,#2255,.F.);
#1343=ORIENTED_EDGE('',*,*,#2841,.F.);
#1344=ORIENTED_EDGE('',*,*,#2575,.T.);
#1345=ORIENTED_EDGE('',*,*,#2841,.T.);
#1346=ORIENTED_EDGE('',*,*,#2254,.F.);
#1347=ORIENTED_EDGE('',*,*,#2842,.F.);
#1348=ORIENTED_EDGE('',*,*,#2576,.T.);
#1349=ORIENTED_EDGE('',*,*,#2842,.T.);
#1350=ORIENTED_EDGE('',*,*,#2253,.F.);
#1351=ORIENTED_EDGE('',*,*,#2843,.F.);
#1352=ORIENTED_EDGE('',*,*,#2577,.T.);
#1353=ORIENTED_EDGE('',*,*,#2843,.T.);
#1354=ORIENTED_EDGE('',*,*,#2252,.F.);
#1355=ORIENTED_EDGE('',*,*,#2844,.F.);
#1356=ORIENTED_EDGE('',*,*,#2578,.T.);
#1357=ORIENTED_EDGE('',*,*,#2844,.T.);
#1358=ORIENTED_EDGE('',*,*,#2251,.F.);
#1359=ORIENTED_EDGE('',*,*,#2833,.F.);
#1360=ORIENTED_EDGE('',*,*,#2656,.T.);
#1361=ORIENTED_EDGE('',*,*,#2845,.T.);
#1362=ORIENTED_EDGE('',*,*,#2262,.F.);
#1363=ORIENTED_EDGE('',*,*,#2846,.F.);
#1364=ORIENTED_EDGE('',*,*,#2657,.T.);
#1365=ORIENTED_EDGE('',*,*,#2846,.T.);
#1366=ORIENTED_EDGE('',*,*,#2261,.F.);
#1367=ORIENTED_EDGE('',*,*,#2847,.F.);
#1368=ORIENTED_EDGE('',*,*,#2658,.T.);
#1369=ORIENTED_EDGE('',*,*,#2847,.T.);
#1370=ORIENTED_EDGE('',*,*,#2274,.F.);
#1371=ORIENTED_EDGE('',*,*,#2848,.F.);
#1372=ORIENTED_EDGE('',*,*,#2659,.T.);
#1373=ORIENTED_EDGE('',*,*,#2848,.T.);
#1374=ORIENTED_EDGE('',*,*,#2273,.F.);
#1375=ORIENTED_EDGE('',*,*,#2849,.F.);
#1376=ORIENTED_EDGE('',*,*,#2660,.T.);
#1377=ORIENTED_EDGE('',*,*,#2849,.T.);
#1378=ORIENTED_EDGE('',*,*,#2272,.F.);
#1379=ORIENTED_EDGE('',*,*,#2850,.F.);
#1380=ORIENTED_EDGE('',*,*,#2661,.T.);
#1381=ORIENTED_EDGE('',*,*,#2850,.T.);
#1382=ORIENTED_EDGE('',*,*,#2271,.F.);
#1383=ORIENTED_EDGE('',*,*,#2851,.F.);
#1384=ORIENTED_EDGE('',*,*,#2662,.T.);
#1385=ORIENTED_EDGE('',*,*,#2851,.T.);
#1386=ORIENTED_EDGE('',*,*,#2270,.F.);
#1387=ORIENTED_EDGE('',*,*,#2852,.F.);
#1388=ORIENTED_EDGE('',*,*,#2663,.T.);
#1389=ORIENTED_EDGE('',*,*,#2852,.T.);
#1390=ORIENTED_EDGE('',*,*,#2269,.F.);
#1391=ORIENTED_EDGE('',*,*,#2853,.F.);
#1392=ORIENTED_EDGE('',*,*,#2664,.T.);
#1393=ORIENTED_EDGE('',*,*,#2853,.T.);
#1394=ORIENTED_EDGE('',*,*,#2268,.F.);
#1395=ORIENTED_EDGE('',*,*,#2854,.F.);
#1396=ORIENTED_EDGE('',*,*,#2665,.T.);
#1397=ORIENTED_EDGE('',*,*,#2854,.T.);
#1398=ORIENTED_EDGE('',*,*,#2267,.F.);
#1399=ORIENTED_EDGE('',*,*,#2855,.F.);
#1400=ORIENTED_EDGE('',*,*,#2666,.T.);
#1401=ORIENTED_EDGE('',*,*,#2855,.T.);
#1402=ORIENTED_EDGE('',*,*,#2266,.F.);
#1403=ORIENTED_EDGE('',*,*,#2856,.F.);
#1404=ORIENTED_EDGE('',*,*,#2667,.T.);
#1405=ORIENTED_EDGE('',*,*,#2856,.T.);
#1406=ORIENTED_EDGE('',*,*,#2265,.F.);
#1407=ORIENTED_EDGE('',*,*,#2857,.F.);
#1408=ORIENTED_EDGE('',*,*,#2668,.T.);
#1409=ORIENTED_EDGE('',*,*,#2857,.T.);
#1410=ORIENTED_EDGE('',*,*,#2264,.F.);
#1411=ORIENTED_EDGE('',*,*,#2858,.F.);
#1412=ORIENTED_EDGE('',*,*,#2669,.T.);
#1413=ORIENTED_EDGE('',*,*,#2858,.T.);
#1414=ORIENTED_EDGE('',*,*,#2263,.F.);
#1415=ORIENTED_EDGE('',*,*,#2845,.F.);
#1416=ORIENTED_EDGE('',*,*,#2556,.T.);
#1417=ORIENTED_EDGE('',*,*,#2859,.T.);
#1418=ORIENTED_EDGE('',*,*,#2276,.F.);
#1419=ORIENTED_EDGE('',*,*,#2860,.F.);
#1420=ORIENTED_EDGE('',*,*,#2557,.T.);
#1421=ORIENTED_EDGE('',*,*,#2860,.T.);
#1422=ORIENTED_EDGE('',*,*,#2275,.F.);
#1423=ORIENTED_EDGE('',*,*,#2861,.F.);
#1424=ORIENTED_EDGE('',*,*,#2558,.T.);
#1425=ORIENTED_EDGE('',*,*,#2861,.T.);
#1426=ORIENTED_EDGE('',*,*,#2285,.F.);
#1427=ORIENTED_EDGE('',*,*,#2862,.F.);
#1428=ORIENTED_EDGE('',*,*,#2559,.T.);
#1429=ORIENTED_EDGE('',*,*,#2862,.T.);
#1430=ORIENTED_EDGE('',*,*,#2284,.F.);
#1431=ORIENTED_EDGE('',*,*,#2863,.F.);
#1432=ORIENTED_EDGE('',*,*,#2560,.T.);
#1433=ORIENTED_EDGE('',*,*,#2863,.T.);
#1434=ORIENTED_EDGE('',*,*,#2283,.F.);
#1435=ORIENTED_EDGE('',*,*,#2864,.F.);
#1436=ORIENTED_EDGE('',*,*,#2561,.T.);
#1437=ORIENTED_EDGE('',*,*,#2864,.T.);
#1438=ORIENTED_EDGE('',*,*,#2282,.F.);
#1439=ORIENTED_EDGE('',*,*,#2865,.F.);
#1440=ORIENTED_EDGE('',*,*,#2562,.T.);
#1441=ORIENTED_EDGE('',*,*,#2865,.T.);
#1442=ORIENTED_EDGE('',*,*,#2281,.F.);
#1443=ORIENTED_EDGE('',*,*,#2866,.F.);
#1444=ORIENTED_EDGE('',*,*,#2563,.T.);
#1445=ORIENTED_EDGE('',*,*,#2866,.T.);
#1446=ORIENTED_EDGE('',*,*,#2280,.F.);
#1447=ORIENTED_EDGE('',*,*,#2867,.F.);
#1448=ORIENTED_EDGE('',*,*,#2564,.T.);
#1449=ORIENTED_EDGE('',*,*,#2867,.T.);
#1450=ORIENTED_EDGE('',*,*,#2279,.F.);
#1451=ORIENTED_EDGE('',*,*,#2868,.F.);
#1452=ORIENTED_EDGE('',*,*,#2565,.T.);
#1453=ORIENTED_EDGE('',*,*,#2868,.T.);
#1454=ORIENTED_EDGE('',*,*,#2278,.F.);
#1455=ORIENTED_EDGE('',*,*,#2869,.F.);
#1456=ORIENTED_EDGE('',*,*,#2566,.T.);
#1457=ORIENTED_EDGE('',*,*,#2869,.T.);
#1458=ORIENTED_EDGE('',*,*,#2277,.F.);
#1459=ORIENTED_EDGE('',*,*,#2859,.F.);
#1460=ORIENTED_EDGE('',*,*,#2670,.T.);
#1461=ORIENTED_EDGE('',*,*,#2870,.T.);
#1462=ORIENTED_EDGE('',*,*,#2287,.F.);
#1463=ORIENTED_EDGE('',*,*,#2871,.F.);
#1464=ORIENTED_EDGE('',*,*,#2671,.T.);
#1465=ORIENTED_EDGE('',*,*,#2871,.T.);
#1466=ORIENTED_EDGE('',*,*,#2286,.F.);
#1467=ORIENTED_EDGE('',*,*,#2872,.F.);
#1468=ORIENTED_EDGE('',*,*,#2672,.T.);
#1469=ORIENTED_EDGE('',*,*,#2872,.T.);
#1470=ORIENTED_EDGE('',*,*,#2307,.F.);
#1471=ORIENTED_EDGE('',*,*,#2873,.F.);
#1472=ORIENTED_EDGE('',*,*,#2673,.T.);
#1473=ORIENTED_EDGE('',*,*,#2873,.T.);
#1474=ORIENTED_EDGE('',*,*,#2306,.F.);
#1475=ORIENTED_EDGE('',*,*,#2874,.F.);
#1476=ORIENTED_EDGE('',*,*,#2674,.T.);
#1477=ORIENTED_EDGE('',*,*,#2874,.T.);
#1478=ORIENTED_EDGE('',*,*,#2305,.F.);
#1479=ORIENTED_EDGE('',*,*,#2875,.F.);
#1480=ORIENTED_EDGE('',*,*,#2675,.T.);
#1481=ORIENTED_EDGE('',*,*,#2875,.T.);
#1482=ORIENTED_EDGE('',*,*,#2304,.F.);
#1483=ORIENTED_EDGE('',*,*,#2876,.F.);
#1484=ORIENTED_EDGE('',*,*,#2676,.T.);
#1485=ORIENTED_EDGE('',*,*,#2876,.T.);
#1486=ORIENTED_EDGE('',*,*,#2303,.F.);
#1487=ORIENTED_EDGE('',*,*,#2877,.F.);
#1488=ORIENTED_EDGE('',*,*,#2677,.T.);
#1489=ORIENTED_EDGE('',*,*,#2877,.T.);
#1490=ORIENTED_EDGE('',*,*,#2302,.F.);
#1491=ORIENTED_EDGE('',*,*,#2878,.F.);
#1492=ORIENTED_EDGE('',*,*,#2678,.T.);
#1493=ORIENTED_EDGE('',*,*,#2878,.T.);
#1494=ORIENTED_EDGE('',*,*,#2301,.F.);
#1495=ORIENTED_EDGE('',*,*,#2879,.F.);
#1496=ORIENTED_EDGE('',*,*,#2679,.T.);
#1497=ORIENTED_EDGE('',*,*,#2879,.T.);
#1498=ORIENTED_EDGE('',*,*,#2300,.F.);
#1499=ORIENTED_EDGE('',*,*,#2880,.F.);
#1500=ORIENTED_EDGE('',*,*,#2680,.T.);
#1501=ORIENTED_EDGE('',*,*,#2880,.T.);
#1502=ORIENTED_EDGE('',*,*,#2299,.F.);
#1503=ORIENTED_EDGE('',*,*,#2881,.F.);
#1504=ORIENTED_EDGE('',*,*,#2681,.T.);
#1505=ORIENTED_EDGE('',*,*,#2881,.T.);
#1506=ORIENTED_EDGE('',*,*,#2298,.F.);
#1507=ORIENTED_EDGE('',*,*,#2882,.F.);
#1508=ORIENTED_EDGE('',*,*,#2682,.T.);
#1509=ORIENTED_EDGE('',*,*,#2882,.T.);
#1510=ORIENTED_EDGE('',*,*,#2297,.F.);
#1511=ORIENTED_EDGE('',*,*,#2883,.F.);
#1512=ORIENTED_EDGE('',*,*,#2683,.T.);
#1513=ORIENTED_EDGE('',*,*,#2883,.T.);
#1514=ORIENTED_EDGE('',*,*,#2296,.F.);
#1515=ORIENTED_EDGE('',*,*,#2884,.F.);
#1516=ORIENTED_EDGE('',*,*,#2684,.T.);
#1517=ORIENTED_EDGE('',*,*,#2884,.T.);
#1518=ORIENTED_EDGE('',*,*,#2295,.F.);
#1519=ORIENTED_EDGE('',*,*,#2885,.F.);
#1520=ORIENTED_EDGE('',*,*,#2685,.T.);
#1521=ORIENTED_EDGE('',*,*,#2885,.T.);
#1522=ORIENTED_EDGE('',*,*,#2294,.F.);
#1523=ORIENTED_EDGE('',*,*,#2886,.F.);
#1524=ORIENTED_EDGE('',*,*,#2686,.T.);
#1525=ORIENTED_EDGE('',*,*,#2886,.T.);
#1526=ORIENTED_EDGE('',*,*,#2293,.F.);
#1527=ORIENTED_EDGE('',*,*,#2887,.F.);
#1528=ORIENTED_EDGE('',*,*,#2687,.T.);
#1529=ORIENTED_EDGE('',*,*,#2887,.T.);
#1530=ORIENTED_EDGE('',*,*,#2292,.F.);
#1531=ORIENTED_EDGE('',*,*,#2888,.F.);
#1532=ORIENTED_EDGE('',*,*,#2688,.T.);
#1533=ORIENTED_EDGE('',*,*,#2888,.T.);
#1534=ORIENTED_EDGE('',*,*,#2291,.F.);
#1535=ORIENTED_EDGE('',*,*,#2889,.F.);
#1536=ORIENTED_EDGE('',*,*,#2689,.T.);
#1537=ORIENTED_EDGE('',*,*,#2889,.T.);
#1538=ORIENTED_EDGE('',*,*,#2290,.F.);
#1539=ORIENTED_EDGE('',*,*,#2890,.F.);
#1540=ORIENTED_EDGE('',*,*,#2690,.T.);
#1541=ORIENTED_EDGE('',*,*,#2890,.T.);
#1542=ORIENTED_EDGE('',*,*,#2289,.F.);
#1543=ORIENTED_EDGE('',*,*,#2891,.F.);
#1544=ORIENTED_EDGE('',*,*,#2691,.T.);
#1545=ORIENTED_EDGE('',*,*,#2891,.T.);
#1546=ORIENTED_EDGE('',*,*,#2288,.F.);
#1547=ORIENTED_EDGE('',*,*,#2870,.F.);
#1548=ORIENTED_EDGE('',*,*,#2543,.T.);
#1549=ORIENTED_EDGE('',*,*,#2892,.T.);
#1550=ORIENTED_EDGE('',*,*,#2309,.F.);
#1551=ORIENTED_EDGE('',*,*,#2893,.F.);
#1552=ORIENTED_EDGE('',*,*,#2544,.T.);
#1553=ORIENTED_EDGE('',*,*,#2893,.T.);
#1554=ORIENTED_EDGE('',*,*,#2308,.F.);
#1555=ORIENTED_EDGE('',*,*,#2894,.F.);
#1556=ORIENTED_EDGE('',*,*,#2545,.T.);
#1557=ORIENTED_EDGE('',*,*,#2894,.T.);
#1558=ORIENTED_EDGE('',*,*,#2320,.F.);
#1559=ORIENTED_EDGE('',*,*,#2895,.F.);
#1560=ORIENTED_EDGE('',*,*,#2546,.T.);
#1561=ORIENTED_EDGE('',*,*,#2895,.T.);
#1562=ORIENTED_EDGE('',*,*,#2319,.F.);
#1563=ORIENTED_EDGE('',*,*,#2896,.F.);
#1564=ORIENTED_EDGE('',*,*,#2547,.T.);
#1565=ORIENTED_EDGE('',*,*,#2896,.T.);
#1566=ORIENTED_EDGE('',*,*,#2318,.F.);
#1567=ORIENTED_EDGE('',*,*,#2897,.F.);
#1568=ORIENTED_EDGE('',*,*,#2548,.T.);
#1569=ORIENTED_EDGE('',*,*,#2897,.T.);
#1570=ORIENTED_EDGE('',*,*,#2317,.F.);
#1571=ORIENTED_EDGE('',*,*,#2898,.F.);
#1572=ORIENTED_EDGE('',*,*,#2549,.T.);
#1573=ORIENTED_EDGE('',*,*,#2898,.T.);
#1574=ORIENTED_EDGE('',*,*,#2316,.F.);
#1575=ORIENTED_EDGE('',*,*,#2899,.F.);
#1576=ORIENTED_EDGE('',*,*,#2550,.T.);
#1577=ORIENTED_EDGE('',*,*,#2899,.T.);
#1578=ORIENTED_EDGE('',*,*,#2315,.F.);
#1579=ORIENTED_EDGE('',*,*,#2900,.F.);
#1580=ORIENTED_EDGE('',*,*,#2551,.T.);
#1581=ORIENTED_EDGE('',*,*,#2900,.T.);
#1582=ORIENTED_EDGE('',*,*,#2314,.F.);
#1583=ORIENTED_EDGE('',*,*,#2901,.F.);
#1584=ORIENTED_EDGE('',*,*,#2552,.T.);
#1585=ORIENTED_EDGE('',*,*,#2901,.T.);
#1586=ORIENTED_EDGE('',*,*,#2313,.F.);
#1587=ORIENTED_EDGE('',*,*,#2902,.F.);
#1588=ORIENTED_EDGE('',*,*,#2553,.T.);
#1589=ORIENTED_EDGE('',*,*,#2902,.T.);
#1590=ORIENTED_EDGE('',*,*,#2312,.F.);
#1591=ORIENTED_EDGE('',*,*,#2903,.F.);
#1592=ORIENTED_EDGE('',*,*,#2554,.T.);
#1593=ORIENTED_EDGE('',*,*,#2903,.T.);
#1594=ORIENTED_EDGE('',*,*,#2311,.F.);
#1595=ORIENTED_EDGE('',*,*,#2904,.F.);
#1596=ORIENTED_EDGE('',*,*,#2555,.T.);
#1597=ORIENTED_EDGE('',*,*,#2904,.T.);
#1598=ORIENTED_EDGE('',*,*,#2310,.F.);
#1599=ORIENTED_EDGE('',*,*,#2892,.F.);
#1600=ORIENTED_EDGE('',*,*,#2692,.T.);
#1601=ORIENTED_EDGE('',*,*,#2905,.T.);
#1602=ORIENTED_EDGE('',*,*,#2322,.F.);
#1603=ORIENTED_EDGE('',*,*,#2906,.F.);
#1604=ORIENTED_EDGE('',*,*,#2693,.T.);
#1605=ORIENTED_EDGE('',*,*,#2906,.T.);
#1606=ORIENTED_EDGE('',*,*,#2321,.F.);
#1607=ORIENTED_EDGE('',*,*,#2907,.F.);
#1608=ORIENTED_EDGE('',*,*,#2694,.T.);
#1609=ORIENTED_EDGE('',*,*,#2907,.T.);
#1610=ORIENTED_EDGE('',*,*,#2338,.F.);
#1611=ORIENTED_EDGE('',*,*,#2908,.F.);
#1612=ORIENTED_EDGE('',*,*,#2695,.T.);
#1613=ORIENTED_EDGE('',*,*,#2908,.T.);
#1614=ORIENTED_EDGE('',*,*,#2337,.F.);
#1615=ORIENTED_EDGE('',*,*,#2909,.F.);
#1616=ORIENTED_EDGE('',*,*,#2696,.T.);
#1617=ORIENTED_EDGE('',*,*,#2909,.T.);
#1618=ORIENTED_EDGE('',*,*,#2336,.F.);
#1619=ORIENTED_EDGE('',*,*,#2910,.F.);
#1620=ORIENTED_EDGE('',*,*,#2697,.T.);
#1621=ORIENTED_EDGE('',*,*,#2910,.T.);
#1622=ORIENTED_EDGE('',*,*,#2335,.F.);
#1623=ORIENTED_EDGE('',*,*,#2911,.F.);
#1624=ORIENTED_EDGE('',*,*,#2698,.T.);
#1625=ORIENTED_EDGE('',*,*,#2911,.T.);
#1626=ORIENTED_EDGE('',*,*,#2334,.F.);
#1627=ORIENTED_EDGE('',*,*,#2912,.F.);
#1628=ORIENTED_EDGE('',*,*,#2699,.T.);
#1629=ORIENTED_EDGE('',*,*,#2912,.T.);
#1630=ORIENTED_EDGE('',*,*,#2333,.F.);
#1631=ORIENTED_EDGE('',*,*,#2913,.F.);
#1632=ORIENTED_EDGE('',*,*,#2700,.T.);
#1633=ORIENTED_EDGE('',*,*,#2913,.T.);
#1634=ORIENTED_EDGE('',*,*,#2332,.F.);
#1635=ORIENTED_EDGE('',*,*,#2914,.F.);
#1636=ORIENTED_EDGE('',*,*,#2701,.T.);
#1637=ORIENTED_EDGE('',*,*,#2914,.T.);
#1638=ORIENTED_EDGE('',*,*,#2331,.F.);
#1639=ORIENTED_EDGE('',*,*,#2915,.F.);
#1640=ORIENTED_EDGE('',*,*,#2702,.T.);
#1641=ORIENTED_EDGE('',*,*,#2915,.T.);
#1642=ORIENTED_EDGE('',*,*,#2330,.F.);
#1643=ORIENTED_EDGE('',*,*,#2916,.F.);
#1644=ORIENTED_EDGE('',*,*,#2703,.T.);
#1645=ORIENTED_EDGE('',*,*,#2916,.T.);
#1646=ORIENTED_EDGE('',*,*,#2329,.F.);
#1647=ORIENTED_EDGE('',*,*,#2917,.F.);
#1648=ORIENTED_EDGE('',*,*,#2704,.T.);
#1649=ORIENTED_EDGE('',*,*,#2917,.T.);
#1650=ORIENTED_EDGE('',*,*,#2328,.F.);
#1651=ORIENTED_EDGE('',*,*,#2918,.F.);
#1652=ORIENTED_EDGE('',*,*,#2705,.T.);
#1653=ORIENTED_EDGE('',*,*,#2918,.T.);
#1654=ORIENTED_EDGE('',*,*,#2327,.F.);
#1655=ORIENTED_EDGE('',*,*,#2919,.F.);
#1656=ORIENTED_EDGE('',*,*,#2706,.T.);
#1657=ORIENTED_EDGE('',*,*,#2919,.T.);
#1658=ORIENTED_EDGE('',*,*,#2326,.F.);
#1659=ORIENTED_EDGE('',*,*,#2920,.F.);
#1660=ORIENTED_EDGE('',*,*,#2707,.T.);
#1661=ORIENTED_EDGE('',*,*,#2920,.T.);
#1662=ORIENTED_EDGE('',*,*,#2325,.F.);
#1663=ORIENTED_EDGE('',*,*,#2921,.F.);
#1664=ORIENTED_EDGE('',*,*,#2708,.T.);
#1665=ORIENTED_EDGE('',*,*,#2921,.T.);
#1666=ORIENTED_EDGE('',*,*,#2324,.F.);
#1667=ORIENTED_EDGE('',*,*,#2922,.F.);
#1668=ORIENTED_EDGE('',*,*,#2709,.T.);
#1669=ORIENTED_EDGE('',*,*,#2922,.T.);
#1670=ORIENTED_EDGE('',*,*,#2323,.F.);
#1671=ORIENTED_EDGE('',*,*,#2905,.F.);
#1672=ORIENTED_EDGE('',*,*,#2525,.T.);
#1673=ORIENTED_EDGE('',*,*,#2923,.T.);
#1674=ORIENTED_EDGE('',*,*,#2340,.F.);
#1675=ORIENTED_EDGE('',*,*,#2924,.F.);
#1676=ORIENTED_EDGE('',*,*,#2526,.T.);
#1677=ORIENTED_EDGE('',*,*,#2924,.T.);
#1678=ORIENTED_EDGE('',*,*,#2339,.F.);
#1679=ORIENTED_EDGE('',*,*,#2925,.F.);
#1680=ORIENTED_EDGE('',*,*,#2527,.T.);
#1681=ORIENTED_EDGE('',*,*,#2925,.T.);
#1682=ORIENTED_EDGE('',*,*,#2356,.F.);
#1683=ORIENTED_EDGE('',*,*,#2926,.F.);
#1684=ORIENTED_EDGE('',*,*,#2528,.T.);
#1685=ORIENTED_EDGE('',*,*,#2926,.T.);
#1686=ORIENTED_EDGE('',*,*,#2355,.F.);
#1687=ORIENTED_EDGE('',*,*,#2927,.F.);
#1688=ORIENTED_EDGE('',*,*,#2529,.T.);
#1689=ORIENTED_EDGE('',*,*,#2927,.T.);
#1690=ORIENTED_EDGE('',*,*,#2354,.F.);
#1691=ORIENTED_EDGE('',*,*,#2928,.F.);
#1692=ORIENTED_EDGE('',*,*,#2530,.T.);
#1693=ORIENTED_EDGE('',*,*,#2928,.T.);
#1694=ORIENTED_EDGE('',*,*,#2353,.F.);
#1695=ORIENTED_EDGE('',*,*,#2929,.F.);
#1696=ORIENTED_EDGE('',*,*,#2531,.T.);
#1697=ORIENTED_EDGE('',*,*,#2929,.T.);
#1698=ORIENTED_EDGE('',*,*,#2352,.F.);
#1699=ORIENTED_EDGE('',*,*,#2930,.F.);
#1700=ORIENTED_EDGE('',*,*,#2532,.T.);
#1701=ORIENTED_EDGE('',*,*,#2930,.T.);
#1702=ORIENTED_EDGE('',*,*,#2351,.F.);
#1703=ORIENTED_EDGE('',*,*,#2931,.F.);
#1704=ORIENTED_EDGE('',*,*,#2533,.T.);
#1705=ORIENTED_EDGE('',*,*,#2931,.T.);
#1706=ORIENTED_EDGE('',*,*,#2350,.F.);
#1707=ORIENTED_EDGE('',*,*,#2932,.F.);
#1708=ORIENTED_EDGE('',*,*,#2534,.T.);
#1709=ORIENTED_EDGE('',*,*,#2932,.T.);
#1710=ORIENTED_EDGE('',*,*,#2349,.F.);
#1711=ORIENTED_EDGE('',*,*,#2933,.F.);
#1712=ORIENTED_EDGE('',*,*,#2535,.T.);
#1713=ORIENTED_EDGE('',*,*,#2933,.T.);
#1714=ORIENTED_EDGE('',*,*,#2348,.F.);
#1715=ORIENTED_EDGE('',*,*,#2934,.F.);
#1716=ORIENTED_EDGE('',*,*,#2536,.T.);
#1717=ORIENTED_EDGE('',*,*,#2934,.T.);
#1718=ORIENTED_EDGE('',*,*,#2347,.F.);
#1719=ORIENTED_EDGE('',*,*,#2935,.F.);
#1720=ORIENTED_EDGE('',*,*,#2537,.T.);
#1721=ORIENTED_EDGE('',*,*,#2935,.T.);
#1722=ORIENTED_EDGE('',*,*,#2346,.F.);
#1723=ORIENTED_EDGE('',*,*,#2936,.F.);
#1724=ORIENTED_EDGE('',*,*,#2538,.T.);
#1725=ORIENTED_EDGE('',*,*,#2936,.T.);
#1726=ORIENTED_EDGE('',*,*,#2345,.F.);
#1727=ORIENTED_EDGE('',*,*,#2937,.F.);
#1728=ORIENTED_EDGE('',*,*,#2539,.T.);
#1729=ORIENTED_EDGE('',*,*,#2937,.T.);
#1730=ORIENTED_EDGE('',*,*,#2344,.F.);
#1731=ORIENTED_EDGE('',*,*,#2938,.F.);
#1732=ORIENTED_EDGE('',*,*,#2540,.T.);
#1733=ORIENTED_EDGE('',*,*,#2938,.T.);
#1734=ORIENTED_EDGE('',*,*,#2343,.F.);
#1735=ORIENTED_EDGE('',*,*,#2939,.F.);
#1736=ORIENTED_EDGE('',*,*,#2541,.T.);
#1737=ORIENTED_EDGE('',*,*,#2939,.T.);
#1738=ORIENTED_EDGE('',*,*,#2342,.F.);
#1739=ORIENTED_EDGE('',*,*,#2940,.F.);
#1740=ORIENTED_EDGE('',*,*,#2542,.T.);
#1741=ORIENTED_EDGE('',*,*,#2940,.T.);
#1742=ORIENTED_EDGE('',*,*,#2341,.F.);
#1743=ORIENTED_EDGE('',*,*,#2923,.F.);
#1744=ORIENTED_EDGE('',*,*,#2710,.T.);
#1745=ORIENTED_EDGE('',*,*,#2941,.T.);
#1746=ORIENTED_EDGE('',*,*,#2358,.F.);
#1747=ORIENTED_EDGE('',*,*,#2942,.F.);
#1748=ORIENTED_EDGE('',*,*,#2711,.T.);
#1749=ORIENTED_EDGE('',*,*,#2942,.T.);
#1750=ORIENTED_EDGE('',*,*,#2357,.F.);
#1751=ORIENTED_EDGE('',*,*,#2943,.F.);
#1752=ORIENTED_EDGE('',*,*,#2712,.T.);
#1753=ORIENTED_EDGE('',*,*,#2943,.T.);
#1754=ORIENTED_EDGE('',*,*,#2360,.F.);
#1755=ORIENTED_EDGE('',*,*,#2944,.F.);
#1756=ORIENTED_EDGE('',*,*,#2713,.T.);
#1757=ORIENTED_EDGE('',*,*,#2944,.T.);
#1758=ORIENTED_EDGE('',*,*,#2359,.F.);
#1759=ORIENTED_EDGE('',*,*,#2941,.F.);
#1760=ORIENTED_EDGE('',*,*,#2521,.T.);
#1761=ORIENTED_EDGE('',*,*,#2945,.T.);
#1762=ORIENTED_EDGE('',*,*,#2362,.F.);
#1763=ORIENTED_EDGE('',*,*,#2946,.F.);
#1764=ORIENTED_EDGE('',*,*,#2522,.T.);
#1765=ORIENTED_EDGE('',*,*,#2946,.T.);
#1766=ORIENTED_EDGE('',*,*,#2361,.F.);
#1767=ORIENTED_EDGE('',*,*,#2947,.F.);
#1768=ORIENTED_EDGE('',*,*,#2523,.T.);
#1769=ORIENTED_EDGE('',*,*,#2947,.T.);
#1770=ORIENTED_EDGE('',*,*,#2364,.F.);
#1771=ORIENTED_EDGE('',*,*,#2948,.F.);
#1772=ORIENTED_EDGE('',*,*,#2524,.T.);
#1773=ORIENTED_EDGE('',*,*,#2948,.T.);
#1774=ORIENTED_EDGE('',*,*,#2363,.F.);
#1775=ORIENTED_EDGE('',*,*,#2945,.F.);
#1776=ORIENTED_EDGE('',*,*,#2714,.T.);
#1777=ORIENTED_EDGE('',*,*,#2949,.T.);
#1778=ORIENTED_EDGE('',*,*,#2366,.F.);
#1779=ORIENTED_EDGE('',*,*,#2950,.F.);
#1780=ORIENTED_EDGE('',*,*,#2715,.T.);
#1781=ORIENTED_EDGE('',*,*,#2950,.T.);
#1782=ORIENTED_EDGE('',*,*,#2365,.F.);
#1783=ORIENTED_EDGE('',*,*,#2951,.F.);
#1784=ORIENTED_EDGE('',*,*,#2716,.T.);
#1785=ORIENTED_EDGE('',*,*,#2951,.T.);
#1786=ORIENTED_EDGE('',*,*,#2368,.F.);
#1787=ORIENTED_EDGE('',*,*,#2952,.F.);
#1788=ORIENTED_EDGE('',*,*,#2717,.T.);
#1789=ORIENTED_EDGE('',*,*,#2952,.T.);
#1790=ORIENTED_EDGE('',*,*,#2367,.F.);
#1791=ORIENTED_EDGE('',*,*,#2949,.F.);
#1792=ORIENTED_EDGE('',*,*,#2513,.T.);
#1793=ORIENTED_EDGE('',*,*,#2953,.T.);
#1794=ORIENTED_EDGE('',*,*,#2370,.F.);
#1795=ORIENTED_EDGE('',*,*,#2954,.F.);
#1796=ORIENTED_EDGE('',*,*,#2514,.T.);
#1797=ORIENTED_EDGE('',*,*,#2954,.T.);
#1798=ORIENTED_EDGE('',*,*,#2369,.F.);
#1799=ORIENTED_EDGE('',*,*,#2955,.F.);
#1800=ORIENTED_EDGE('',*,*,#2515,.T.);
#1801=ORIENTED_EDGE('',*,*,#2955,.T.);
#1802=ORIENTED_EDGE('',*,*,#2376,.F.);
#1803=ORIENTED_EDGE('',*,*,#2956,.F.);
#1804=ORIENTED_EDGE('',*,*,#2516,.T.);
#1805=ORIENTED_EDGE('',*,*,#2956,.T.);
#1806=ORIENTED_EDGE('',*,*,#2375,.F.);
#1807=ORIENTED_EDGE('',*,*,#2957,.F.);
#1808=ORIENTED_EDGE('',*,*,#2517,.T.);
#1809=ORIENTED_EDGE('',*,*,#2957,.T.);
#1810=ORIENTED_EDGE('',*,*,#2374,.F.);
#1811=ORIENTED_EDGE('',*,*,#2958,.F.);
#1812=ORIENTED_EDGE('',*,*,#2518,.T.);
#1813=ORIENTED_EDGE('',*,*,#2958,.T.);
#1814=ORIENTED_EDGE('',*,*,#2373,.F.);
#1815=ORIENTED_EDGE('',*,*,#2959,.F.);
#1816=ORIENTED_EDGE('',*,*,#2519,.T.);
#1817=ORIENTED_EDGE('',*,*,#2959,.T.);
#1818=ORIENTED_EDGE('',*,*,#2372,.F.);
#1819=ORIENTED_EDGE('',*,*,#2960,.F.);
#1820=ORIENTED_EDGE('',*,*,#2520,.T.);
#1821=ORIENTED_EDGE('',*,*,#2960,.T.);
#1822=ORIENTED_EDGE('',*,*,#2371,.F.);
#1823=ORIENTED_EDGE('',*,*,#2953,.F.);
#1824=ORIENTED_EDGE('',*,*,#2718,.T.);
#1825=ORIENTED_EDGE('',*,*,#2961,.T.);
#1826=ORIENTED_EDGE('',*,*,#2378,.F.);
#1827=ORIENTED_EDGE('',*,*,#2962,.F.);
#1828=ORIENTED_EDGE('',*,*,#2719,.T.);
#1829=ORIENTED_EDGE('',*,*,#2962,.T.);
#1830=ORIENTED_EDGE('',*,*,#2377,.F.);
#1831=ORIENTED_EDGE('',*,*,#2963,.F.);
#1832=ORIENTED_EDGE('',*,*,#2720,.T.);
#1833=ORIENTED_EDGE('',*,*,#2963,.T.);
#1834=ORIENTED_EDGE('',*,*,#2384,.F.);
#1835=ORIENTED_EDGE('',*,*,#2964,.F.);
#1836=ORIENTED_EDGE('',*,*,#2721,.T.);
#1837=ORIENTED_EDGE('',*,*,#2964,.T.);
#1838=ORIENTED_EDGE('',*,*,#2383,.F.);
#1839=ORIENTED_EDGE('',*,*,#2965,.F.);
#1840=ORIENTED_EDGE('',*,*,#2722,.T.);
#1841=ORIENTED_EDGE('',*,*,#2965,.T.);
#1842=ORIENTED_EDGE('',*,*,#2382,.F.);
#1843=ORIENTED_EDGE('',*,*,#2966,.F.);
#1844=ORIENTED_EDGE('',*,*,#2723,.T.);
#1845=ORIENTED_EDGE('',*,*,#2966,.T.);
#1846=ORIENTED_EDGE('',*,*,#2381,.F.);
#1847=ORIENTED_EDGE('',*,*,#2967,.F.);
#1848=ORIENTED_EDGE('',*,*,#2724,.T.);
#1849=ORIENTED_EDGE('',*,*,#2967,.T.);
#1850=ORIENTED_EDGE('',*,*,#2380,.F.);
#1851=ORIENTED_EDGE('',*,*,#2968,.F.);
#1852=ORIENTED_EDGE('',*,*,#2725,.T.);
#1853=ORIENTED_EDGE('',*,*,#2968,.T.);
#1854=ORIENTED_EDGE('',*,*,#2379,.F.);
#1855=ORIENTED_EDGE('',*,*,#2961,.F.);
#1856=ORIENTED_EDGE('',*,*,#2509,.T.);
#1857=ORIENTED_EDGE('',*,*,#2969,.T.);
#1858=ORIENTED_EDGE('',*,*,#2386,.F.);
#1859=ORIENTED_EDGE('',*,*,#2970,.F.);
#1860=ORIENTED_EDGE('',*,*,#2510,.T.);
#1861=ORIENTED_EDGE('',*,*,#2970,.T.);
#1862=ORIENTED_EDGE('',*,*,#2385,.F.);
#1863=ORIENTED_EDGE('',*,*,#2971,.F.);
#1864=ORIENTED_EDGE('',*,*,#2511,.T.);
#1865=ORIENTED_EDGE('',*,*,#2971,.T.);
#1866=ORIENTED_EDGE('',*,*,#2388,.F.);
#1867=ORIENTED_EDGE('',*,*,#2972,.F.);
#1868=ORIENTED_EDGE('',*,*,#2512,.T.);
#1869=ORIENTED_EDGE('',*,*,#2972,.T.);
#1870=ORIENTED_EDGE('',*,*,#2387,.F.);
#1871=ORIENTED_EDGE('',*,*,#2969,.F.);
#1872=ORIENTED_EDGE('',*,*,#2726,.T.);
#1873=ORIENTED_EDGE('',*,*,#2973,.T.);
#1874=ORIENTED_EDGE('',*,*,#2390,.F.);
#1875=ORIENTED_EDGE('',*,*,#2974,.F.);
#1876=ORIENTED_EDGE('',*,*,#2727,.T.);
#1877=ORIENTED_EDGE('',*,*,#2974,.T.);
#1878=ORIENTED_EDGE('',*,*,#2389,.F.);
#1879=ORIENTED_EDGE('',*,*,#2975,.F.);
#1880=ORIENTED_EDGE('',*,*,#2728,.T.);
#1881=ORIENTED_EDGE('',*,*,#2975,.T.);
#1882=ORIENTED_EDGE('',*,*,#2392,.F.);
#1883=ORIENTED_EDGE('',*,*,#2976,.F.);
#1884=ORIENTED_EDGE('',*,*,#2729,.T.);
#1885=ORIENTED_EDGE('',*,*,#2976,.T.);
#1886=ORIENTED_EDGE('',*,*,#2391,.F.);
#1887=ORIENTED_EDGE('',*,*,#2973,.F.);
#1888=ORIENTED_EDGE('',*,*,#2505,.T.);
#1889=ORIENTED_EDGE('',*,*,#2977,.T.);
#1890=ORIENTED_EDGE('',*,*,#2394,.F.);
#1891=ORIENTED_EDGE('',*,*,#2978,.F.);
#1892=ORIENTED_EDGE('',*,*,#2506,.T.);
#1893=ORIENTED_EDGE('',*,*,#2978,.T.);
#1894=ORIENTED_EDGE('',*,*,#2393,.F.);
#1895=ORIENTED_EDGE('',*,*,#2979,.F.);
#1896=ORIENTED_EDGE('',*,*,#2507,.T.);
#1897=ORIENTED_EDGE('',*,*,#2979,.T.);
#1898=ORIENTED_EDGE('',*,*,#2396,.F.);
#1899=ORIENTED_EDGE('',*,*,#2980,.F.);
#1900=ORIENTED_EDGE('',*,*,#2508,.T.);
#1901=ORIENTED_EDGE('',*,*,#2980,.T.);
#1902=ORIENTED_EDGE('',*,*,#2395,.F.);
#1903=ORIENTED_EDGE('',*,*,#2977,.F.);
#1904=ORIENTED_EDGE('',*,*,#2730,.T.);
#1905=ORIENTED_EDGE('',*,*,#2981,.T.);
#1906=ORIENTED_EDGE('',*,*,#2398,.F.);
#1907=ORIENTED_EDGE('',*,*,#2982,.F.);
#1908=ORIENTED_EDGE('',*,*,#2731,.T.);
#1909=ORIENTED_EDGE('',*,*,#2982,.T.);
#1910=ORIENTED_EDGE('',*,*,#2397,.F.);
#1911=ORIENTED_EDGE('',*,*,#2983,.F.);
#1912=ORIENTED_EDGE('',*,*,#2732,.T.);
#1913=ORIENTED_EDGE('',*,*,#2983,.T.);
#1914=ORIENTED_EDGE('',*,*,#2400,.F.);
#1915=ORIENTED_EDGE('',*,*,#2984,.F.);
#1916=ORIENTED_EDGE('',*,*,#2733,.T.);
#1917=ORIENTED_EDGE('',*,*,#2984,.T.);
#1918=ORIENTED_EDGE('',*,*,#2399,.F.);
#1919=ORIENTED_EDGE('',*,*,#2981,.F.);
#1920=ORIENTED_EDGE('',*,*,#2501,.T.);
#1921=ORIENTED_EDGE('',*,*,#2985,.T.);
#1922=ORIENTED_EDGE('',*,*,#2402,.F.);
#1923=ORIENTED_EDGE('',*,*,#2986,.F.);
#1924=ORIENTED_EDGE('',*,*,#2502,.T.);
#1925=ORIENTED_EDGE('',*,*,#2986,.T.);
#1926=ORIENTED_EDGE('',*,*,#2401,.F.);
#1927=ORIENTED_EDGE('',*,*,#2987,.F.);
#1928=ORIENTED_EDGE('',*,*,#2503,.T.);
#1929=ORIENTED_EDGE('',*,*,#2987,.T.);
#1930=ORIENTED_EDGE('',*,*,#2404,.F.);
#1931=ORIENTED_EDGE('',*,*,#2988,.F.);
#1932=ORIENTED_EDGE('',*,*,#2504,.T.);
#1933=ORIENTED_EDGE('',*,*,#2988,.T.);
#1934=ORIENTED_EDGE('',*,*,#2403,.F.);
#1935=ORIENTED_EDGE('',*,*,#2985,.F.);
#1936=ORIENTED_EDGE('',*,*,#2734,.T.);
#1937=ORIENTED_EDGE('',*,*,#2989,.T.);
#1938=ORIENTED_EDGE('',*,*,#2406,.F.);
#1939=ORIENTED_EDGE('',*,*,#2990,.F.);
#1940=ORIENTED_EDGE('',*,*,#2735,.T.);
#1941=ORIENTED_EDGE('',*,*,#2990,.T.);
#1942=ORIENTED_EDGE('',*,*,#2405,.F.);
#1943=ORIENTED_EDGE('',*,*,#2991,.F.);
#1944=ORIENTED_EDGE('',*,*,#2736,.T.);
#1945=ORIENTED_EDGE('',*,*,#2991,.T.);
#1946=ORIENTED_EDGE('',*,*,#2410,.F.);
#1947=ORIENTED_EDGE('',*,*,#2992,.F.);
#1948=ORIENTED_EDGE('',*,*,#2737,.T.);
#1949=ORIENTED_EDGE('',*,*,#2992,.T.);
#1950=ORIENTED_EDGE('',*,*,#2409,.F.);
#1951=ORIENTED_EDGE('',*,*,#2993,.F.);
#1952=ORIENTED_EDGE('',*,*,#2738,.T.);
#1953=ORIENTED_EDGE('',*,*,#2993,.T.);
#1954=ORIENTED_EDGE('',*,*,#2408,.F.);
#1955=ORIENTED_EDGE('',*,*,#2994,.F.);
#1956=ORIENTED_EDGE('',*,*,#2739,.T.);
#1957=ORIENTED_EDGE('',*,*,#2994,.T.);
#1958=ORIENTED_EDGE('',*,*,#2407,.F.);
#1959=ORIENTED_EDGE('',*,*,#2989,.F.);
#1960=ORIENTED_EDGE('',*,*,#2489,.T.);
#1961=ORIENTED_EDGE('',*,*,#2995,.T.);
#1962=ORIENTED_EDGE('',*,*,#2412,.F.);
#1963=ORIENTED_EDGE('',*,*,#2996,.F.);
#1964=ORIENTED_EDGE('',*,*,#2490,.T.);
#1965=ORIENTED_EDGE('',*,*,#2996,.T.);
#1966=ORIENTED_EDGE('',*,*,#2411,.F.);
#1967=ORIENTED_EDGE('',*,*,#2997,.F.);
#1968=ORIENTED_EDGE('',*,*,#2491,.T.);
#1969=ORIENTED_EDGE('',*,*,#2997,.T.);
#1970=ORIENTED_EDGE('',*,*,#2422,.F.);
#1971=ORIENTED_EDGE('',*,*,#2998,.F.);
#1972=ORIENTED_EDGE('',*,*,#2492,.T.);
#1973=ORIENTED_EDGE('',*,*,#2998,.T.);
#1974=ORIENTED_EDGE('',*,*,#2421,.F.);
#1975=ORIENTED_EDGE('',*,*,#2999,.F.);
#1976=ORIENTED_EDGE('',*,*,#2493,.T.);
#1977=ORIENTED_EDGE('',*,*,#2999,.T.);
#1978=ORIENTED_EDGE('',*,*,#2420,.F.);
#1979=ORIENTED_EDGE('',*,*,#3000,.F.);
#1980=ORIENTED_EDGE('',*,*,#2494,.T.);
#1981=ORIENTED_EDGE('',*,*,#3000,.T.);
#1982=ORIENTED_EDGE('',*,*,#2419,.F.);
#1983=ORIENTED_EDGE('',*,*,#3001,.F.);
#1984=ORIENTED_EDGE('',*,*,#2495,.T.);
#1985=ORIENTED_EDGE('',*,*,#3001,.T.);
#1986=ORIENTED_EDGE('',*,*,#2418,.F.);
#1987=ORIENTED_EDGE('',*,*,#3002,.F.);
#1988=ORIENTED_EDGE('',*,*,#2496,.T.);
#1989=ORIENTED_EDGE('',*,*,#3002,.T.);
#1990=ORIENTED_EDGE('',*,*,#2417,.F.);
#1991=ORIENTED_EDGE('',*,*,#3003,.F.);
#1992=ORIENTED_EDGE('',*,*,#2497,.T.);
#1993=ORIENTED_EDGE('',*,*,#3003,.T.);
#1994=ORIENTED_EDGE('',*,*,#2416,.F.);
#1995=ORIENTED_EDGE('',*,*,#3004,.F.);
#1996=ORIENTED_EDGE('',*,*,#2498,.T.);
#1997=ORIENTED_EDGE('',*,*,#3004,.T.);
#1998=ORIENTED_EDGE('',*,*,#2415,.F.);
#1999=ORIENTED_EDGE('',*,*,#3005,.F.);
#2000=ORIENTED_EDGE('',*,*,#2499,.T.);
#2001=ORIENTED_EDGE('',*,*,#3005,.T.);
#2002=ORIENTED_EDGE('',*,*,#2414,.F.);
#2003=ORIENTED_EDGE('',*,*,#3006,.F.);
#2004=ORIENTED_EDGE('',*,*,#2500,.T.);
#2005=ORIENTED_EDGE('',*,*,#3006,.T.);
#2006=ORIENTED_EDGE('',*,*,#2413,.F.);
#2007=ORIENTED_EDGE('',*,*,#2995,.F.);
#2008=ORIENTED_EDGE('',*,*,#2740,.T.);
#2009=ORIENTED_EDGE('',*,*,#3007,.T.);
#2010=ORIENTED_EDGE('',*,*,#2424,.F.);
#2011=ORIENTED_EDGE('',*,*,#3008,.F.);
#2012=ORIENTED_EDGE('',*,*,#2741,.T.);
#2013=ORIENTED_EDGE('',*,*,#3008,.T.);
#2014=ORIENTED_EDGE('',*,*,#2423,.F.);
#2015=ORIENTED_EDGE('',*,*,#3009,.F.);
#2016=ORIENTED_EDGE('',*,*,#2742,.T.);
#2017=ORIENTED_EDGE('',*,*,#3009,.T.);
#2018=ORIENTED_EDGE('',*,*,#2434,.F.);
#2019=ORIENTED_EDGE('',*,*,#3010,.F.);
#2020=ORIENTED_EDGE('',*,*,#2743,.T.);
#2021=ORIENTED_EDGE('',*,*,#3010,.T.);
#2022=ORIENTED_EDGE('',*,*,#2433,.F.);
#2023=ORIENTED_EDGE('',*,*,#3011,.F.);
#2024=ORIENTED_EDGE('',*,*,#2744,.T.);
#2025=ORIENTED_EDGE('',*,*,#3011,.T.);
#2026=ORIENTED_EDGE('',*,*,#2432,.F.);
#2027=ORIENTED_EDGE('',*,*,#3012,.F.);
#2028=ORIENTED_EDGE('',*,*,#2745,.T.);
#2029=ORIENTED_EDGE('',*,*,#3012,.T.);
#2030=ORIENTED_EDGE('',*,*,#2431,.F.);
#2031=ORIENTED_EDGE('',*,*,#3013,.F.);
#2032=ORIENTED_EDGE('',*,*,#2746,.T.);
#2033=ORIENTED_EDGE('',*,*,#3013,.T.);
#2034=ORIENTED_EDGE('',*,*,#2430,.F.);
#2035=ORIENTED_EDGE('',*,*,#3014,.F.);
#2036=ORIENTED_EDGE('',*,*,#2747,.T.);
#2037=ORIENTED_EDGE('',*,*,#3014,.T.);
#2038=ORIENTED_EDGE('',*,*,#2429,.F.);
#2039=ORIENTED_EDGE('',*,*,#3015,.F.);
#2040=ORIENTED_EDGE('',*,*,#2748,.T.);
#2041=ORIENTED_EDGE('',*,*,#3015,.T.);
#2042=ORIENTED_EDGE('',*,*,#2428,.F.);
#2043=ORIENTED_EDGE('',*,*,#3016,.F.);
#2044=ORIENTED_EDGE('',*,*,#2749,.T.);
#2045=ORIENTED_EDGE('',*,*,#3016,.T.);
#2046=ORIENTED_EDGE('',*,*,#2427,.F.);
#2047=ORIENTED_EDGE('',*,*,#3017,.F.);
#2048=ORIENTED_EDGE('',*,*,#2750,.T.);
#2049=ORIENTED_EDGE('',*,*,#3017,.T.);
#2050=ORIENTED_EDGE('',*,*,#2426,.F.);
#2051=ORIENTED_EDGE('',*,*,#3018,.F.);
#2052=ORIENTED_EDGE('',*,*,#2751,.T.);
#2053=ORIENTED_EDGE('',*,*,#3018,.T.);
#2054=ORIENTED_EDGE('',*,*,#2425,.F.);
#2055=ORIENTED_EDGE('',*,*,#3007,.F.);
#2056=ORIENTED_EDGE('',*,*,#2464,.T.);
#2057=ORIENTED_EDGE('',*,*,#3019,.T.);
#2058=ORIENTED_EDGE('',*,*,#2436,.F.);
#2059=ORIENTED_EDGE('',*,*,#3020,.F.);
#2060=ORIENTED_EDGE('',*,*,#2465,.T.);
#2061=ORIENTED_EDGE('',*,*,#3020,.T.);
#2062=ORIENTED_EDGE('',*,*,#2435,.F.);
#2063=ORIENTED_EDGE('',*,*,#3021,.F.);
#2064=ORIENTED_EDGE('',*,*,#2466,.T.);
#2065=ORIENTED_EDGE('',*,*,#3021,.T.);
#2066=ORIENTED_EDGE('',*,*,#2459,.F.);
#2067=ORIENTED_EDGE('',*,*,#3022,.F.);
#2068=ORIENTED_EDGE('',*,*,#2467,.T.);
#2069=ORIENTED_EDGE('',*,*,#3022,.T.);
#2070=ORIENTED_EDGE('',*,*,#2458,.F.);
#2071=ORIENTED_EDGE('',*,*,#3023,.F.);
#2072=ORIENTED_EDGE('',*,*,#2468,.T.);
#2073=ORIENTED_EDGE('',*,*,#3023,.T.);
#2074=ORIENTED_EDGE('',*,*,#2457,.F.);
#2075=ORIENTED_EDGE('',*,*,#3024,.F.);
#2076=ORIENTED_EDGE('',*,*,#2469,.T.);
#2077=ORIENTED_EDGE('',*,*,#3024,.T.);
#2078=ORIENTED_EDGE('',*,*,#2456,.F.);
#2079=ORIENTED_EDGE('',*,*,#3025,.F.);
#2080=ORIENTED_EDGE('',*,*,#2470,.T.);
#2081=ORIENTED_EDGE('',*,*,#3025,.T.);
#2082=ORIENTED_EDGE('',*,*,#2455,.F.);
#2083=ORIENTED_EDGE('',*,*,#3026,.F.);
#2084=ORIENTED_EDGE('',*,*,#2471,.T.);
#2085=ORIENTED_EDGE('',*,*,#3026,.T.);
#2086=ORIENTED_EDGE('',*,*,#2454,.F.);
#2087=ORIENTED_EDGE('',*,*,#3027,.F.);
#2088=ORIENTED_EDGE('',*,*,#2472,.T.);
#2089=ORIENTED_EDGE('',*,*,#3027,.T.);
#2090=ORIENTED_EDGE('',*,*,#2453,.F.);
#2091=ORIENTED_EDGE('',*,*,#3028,.F.);
#2092=ORIENTED_EDGE('',*,*,#2473,.T.);
#2093=ORIENTED_EDGE('',*,*,#3028,.T.);
#2094=ORIENTED_EDGE('',*,*,#2452,.F.);
#2095=ORIENTED_EDGE('',*,*,#3029,.F.);
#2096=ORIENTED_EDGE('',*,*,#2474,.T.);
#2097=ORIENTED_EDGE('',*,*,#3029,.T.);
#2098=ORIENTED_EDGE('',*,*,#2451,.F.);
#2099=ORIENTED_EDGE('',*,*,#3030,.F.);
#2100=ORIENTED_EDGE('',*,*,#2475,.T.);
#2101=ORIENTED_EDGE('',*,*,#3030,.T.);
#2102=ORIENTED_EDGE('',*,*,#2450,.F.);
#2103=ORIENTED_EDGE('',*,*,#3031,.F.);
#2104=ORIENTED_EDGE('',*,*,#2476,.T.);
#2105=ORIENTED_EDGE('',*,*,#3031,.T.);
#2106=ORIENTED_EDGE('',*,*,#2449,.F.);
#2107=ORIENTED_EDGE('',*,*,#3032,.F.);
#2108=ORIENTED_EDGE('',*,*,#2477,.T.);
#2109=ORIENTED_EDGE('',*,*,#3032,.T.);
#2110=ORIENTED_EDGE('',*,*,#2448,.F.);
#2111=ORIENTED_EDGE('',*,*,#3033,.F.);
#2112=ORIENTED_EDGE('',*,*,#2478,.T.);
#2113=ORIENTED_EDGE('',*,*,#3033,.T.);
#2114=ORIENTED_EDGE('',*,*,#2447,.F.);
#2115=ORIENTED_EDGE('',*,*,#3034,.F.);
#2116=ORIENTED_EDGE('',*,*,#2479,.T.);
#2117=ORIENTED_EDGE('',*,*,#3034,.T.);
#2118=ORIENTED_EDGE('',*,*,#2446,.F.);
#2119=ORIENTED_EDGE('',*,*,#3035,.F.);
#2120=ORIENTED_EDGE('',*,*,#2480,.T.);
#2121=ORIENTED_EDGE('',*,*,#3035,.T.);
#2122=ORIENTED_EDGE('',*,*,#2445,.F.);
#2123=ORIENTED_EDGE('',*,*,#3036,.F.);
#2124=ORIENTED_EDGE('',*,*,#2481,.T.);
#2125=ORIENTED_EDGE('',*,*,#3036,.T.);
#2126=ORIENTED_EDGE('',*,*,#2444,.F.);
#2127=ORIENTED_EDGE('',*,*,#3037,.F.);
#2128=ORIENTED_EDGE('',*,*,#2482,.T.);
#2129=ORIENTED_EDGE('',*,*,#3037,.T.);
#2130=ORIENTED_EDGE('',*,*,#2443,.F.);
#2131=ORIENTED_EDGE('',*,*,#3038,.F.);
#2132=ORIENTED_EDGE('',*,*,#2483,.T.);
#2133=ORIENTED_EDGE('',*,*,#3038,.T.);
#2134=ORIENTED_EDGE('',*,*,#2442,.F.);
#2135=ORIENTED_EDGE('',*,*,#3039,.F.);
#2136=ORIENTED_EDGE('',*,*,#2484,.T.);
#2137=ORIENTED_EDGE('',*,*,#3039,.T.);
#2138=ORIENTED_EDGE('',*,*,#2441,.F.);
#2139=ORIENTED_EDGE('',*,*,#3040,.F.);
#2140=ORIENTED_EDGE('',*,*,#2485,.T.);
#2141=ORIENTED_EDGE('',*,*,#3040,.T.);
#2142=ORIENTED_EDGE('',*,*,#2440,.F.);
#2143=ORIENTED_EDGE('',*,*,#3041,.F.);
#2144=ORIENTED_EDGE('',*,*,#2486,.T.);
#2145=ORIENTED_EDGE('',*,*,#3041,.T.);
#2146=ORIENTED_EDGE('',*,*,#2439,.F.);
#2147=ORIENTED_EDGE('',*,*,#3042,.F.);
#2148=ORIENTED_EDGE('',*,*,#2487,.T.);
#2149=ORIENTED_EDGE('',*,*,#3042,.T.);
#2150=ORIENTED_EDGE('',*,*,#2438,.F.);
#2151=ORIENTED_EDGE('',*,*,#3043,.F.);
#2152=ORIENTED_EDGE('',*,*,#2488,.T.);
#2153=ORIENTED_EDGE('',*,*,#3043,.T.);
#2154=ORIENTED_EDGE('',*,*,#2437,.F.);
#2155=ORIENTED_EDGE('',*,*,#3019,.F.);
#2156=ORIENTED_EDGE('',*,*,#2752,.T.);
#2157=ORIENTED_EDGE('',*,*,#3044,.T.);
#2158=ORIENTED_EDGE('',*,*,#2461,.F.);
#2159=ORIENTED_EDGE('',*,*,#3045,.F.);
#2160=ORIENTED_EDGE('',*,*,#2753,.T.);
#2161=ORIENTED_EDGE('',*,*,#3045,.T.);
#2162=ORIENTED_EDGE('',*,*,#2460,.F.);
#2163=ORIENTED_EDGE('',*,*,#3046,.F.);
#2164=ORIENTED_EDGE('',*,*,#2754,.T.);
#2165=ORIENTED_EDGE('',*,*,#3046,.T.);
#2166=ORIENTED_EDGE('',*,*,#2463,.F.);
#2167=ORIENTED_EDGE('',*,*,#3047,.F.);
#2168=ORIENTED_EDGE('',*,*,#2755,.T.);
#2169=ORIENTED_EDGE('',*,*,#3047,.T.);
#2170=ORIENTED_EDGE('',*,*,#2462,.F.);
#2171=ORIENTED_EDGE('',*,*,#3044,.F.);
#2172=EDGE_CURVE('',#3048,#3049,#3632,.T.);
#2173=EDGE_CURVE('',#3050,#3049,#3633,.T.);
#2174=EDGE_CURVE('',#3051,#3050,#3634,.T.);
#2175=EDGE_CURVE('',#3051,#3048,#3635,.T.);
#2176=EDGE_CURVE('',#3052,#3053,#3636,.T.);
#2177=EDGE_CURVE('',#3054,#3052,#3637,.T.);
#2178=EDGE_CURVE('',#3054,#3055,#3638,.T.);
#2179=EDGE_CURVE('',#3053,#3055,#3639,.T.);
#2180=EDGE_CURVE('',#3056,#3057,#3640,.T.);
#2181=EDGE_CURVE('',#3058,#3056,#3641,.T.);
#2182=EDGE_CURVE('',#3059,#3058,#3642,.T.);
#2183=EDGE_CURVE('',#3059,#3057,#3643,.T.);
#2184=EDGE_CURVE('',#3060,#3061,#3644,.T.);
#2185=EDGE_CURVE('',#3062,#3060,#3645,.T.);
#2186=EDGE_CURVE('',#3062,#3063,#3646,.T.);
#2187=EDGE_CURVE('',#3061,#3063,#3647,.T.);
#2188=EDGE_CURVE('',#3064,#3065,#3648,.T.);
#2189=EDGE_CURVE('',#3064,#3066,#3649,.T.);
#2190=EDGE_CURVE('',#3066,#3067,#3650,.T.);
#2191=EDGE_CURVE('',#3065,#3067,#3651,.T.);
#2192=EDGE_CURVE('',#3068,#3069,#3652,.T.);
#2193=EDGE_CURVE('',#3070,#3068,#3653,.T.);
#2194=EDGE_CURVE('',#3070,#3071,#3654,.T.);
#2195=EDGE_CURVE('',#3069,#3071,#3655,.T.);
#2196=EDGE_CURVE('',#3072,#3073,#3656,.T.);
#2197=EDGE_CURVE('',#3072,#3074,#3657,.T.);
#2198=EDGE_CURVE('',#3074,#3075,#3658,.T.);
#2199=EDGE_CURVE('',#3073,#3075,#3659,.T.);
#2200=EDGE_CURVE('',#3076,#3077,#3660,.T.);
#2201=EDGE_CURVE('',#3078,#3077,#3661,.T.);
#2202=EDGE_CURVE('',#3079,#3078,#3662,.T.);
#2203=EDGE_CURVE('',#3076,#3079,#3663,.T.);
#2204=EDGE_CURVE('',#3080,#3081,#3664,.T.);
#2205=EDGE_CURVE('',#3082,#3080,#3665,.T.);
#2206=EDGE_CURVE('',#3082,#3083,#3666,.T.);
#2207=EDGE_CURVE('',#3081,#3083,#3667,.T.);
#2208=EDGE_CURVE('',#3084,#3085,#3668,.T.);
#2209=EDGE_CURVE('',#3084,#3086,#3669,.T.);
#2210=EDGE_CURVE('',#3086,#3087,#3670,.T.);
#2211=EDGE_CURVE('',#3085,#3087,#3671,.T.);
#2212=EDGE_CURVE('',#3088,#3089,#3672,.T.);
#2213=EDGE_CURVE('',#3089,#3090,#3673,.T.);
#2214=EDGE_CURVE('',#3090,#3091,#3674,.T.);
#2215=EDGE_CURVE('',#3091,#3088,#3675,.T.);
#2216=EDGE_CURVE('',#3092,#3093,#3676,.T.);
#2217=EDGE_CURVE('',#3093,#3094,#3677,.T.);
#2218=EDGE_CURVE('',#3094,#3095,#3678,.T.);
#2219=EDGE_CURVE('',#3095,#3092,#3679,.T.);
#2220=EDGE_CURVE('',#3096,#3097,#3680,.T.);
#2221=EDGE_CURVE('',#3097,#3098,#3681,.T.);
#2222=EDGE_CURVE('',#3098,#3099,#3682,.T.);
#2223=EDGE_CURVE('',#3099,#3100,#276,.T.);
#2224=EDGE_CURVE('',#3100,#3101,#277,.F.);
#2225=EDGE_CURVE('',#3101,#3102,#3683,.T.);
#2226=EDGE_CURVE('',#3102,#3103,#3684,.T.);
#2227=EDGE_CURVE('',#3103,#3104,#3685,.T.);
#2228=EDGE_CURVE('',#3104,#3105,#278,.T.);
#2229=EDGE_CURVE('',#3105,#3106,#279,.T.);
#2230=EDGE_CURVE('',#3106,#3107,#148,.T.);
#2231=EDGE_CURVE('',#3107,#3108,#149,.T.);
#2232=EDGE_CURVE('',#3108,#3109,#280,.T.);
#2233=EDGE_CURVE('',#3109,#3110,#281,.T.);
#2234=EDGE_CURVE('',#3110,#3111,#150,.T.);
#2235=EDGE_CURVE('',#3111,#3112,#151,.T.);
#2236=EDGE_CURVE('',#3112,#3113,#3686,.T.);
#2237=EDGE_CURVE('',#3113,#3114,#3687,.T.);
#2238=EDGE_CURVE('',#3114,#3115,#3688,.T.);
#2239=EDGE_CURVE('',#3115,#3116,#282,.F.);
#2240=EDGE_CURVE('',#3116,#3117,#283,.F.);
#2241=EDGE_CURVE('',#3117,#3118,#284,.F.);
#2242=EDGE_CURVE('',#3118,#3119,#152,.T.);
#2243=EDGE_CURVE('',#3119,#3120,#153,.T.);
#2244=EDGE_CURVE('',#3120,#3096,#285,.F.);
#2245=EDGE_CURVE('',#3121,#3122,#3689,.T.);
#2246=EDGE_CURVE('',#3122,#3123,#3690,.T.);
#2247=EDGE_CURVE('',#3123,#3124,#3691,.T.);
#2248=EDGE_CURVE('',#3124,#3121,#3692,.T.);
#2249=EDGE_CURVE('',#3125,#3126,#3693,.T.);
#2250=EDGE_CURVE('',#3126,#3127,#286,.T.);
#2251=EDGE_CURVE('',#3127,#3128,#287,.T.);
#2252=EDGE_CURVE('',#3128,#3129,#288,.T.);
#2253=EDGE_CURVE('',#3129,#3130,#289,.T.);
#2254=EDGE_CURVE('',#3130,#3131,#3694,.T.);
#2255=EDGE_CURVE('',#3131,#3132,#3695,.T.);
#2256=EDGE_CURVE('',#3132,#3133,#3696,.T.);
#2257=EDGE_CURVE('',#3133,#3134,#290,.F.);
#2258=EDGE_CURVE('',#3134,#3135,#291,.F.);
#2259=EDGE_CURVE('',#3135,#3136,#292,.F.);
#2260=EDGE_CURVE('',#3136,#3125,#293,.F.);
#2261=EDGE_CURVE('',#3137,#3138,#154,.T.);
#2262=EDGE_CURVE('',#3138,#3139,#155,.T.);
#2263=EDGE_CURVE('',#3139,#3140,#294,.F.);
#2264=EDGE_CURVE('',#3140,#3141,#295,.F.);
#2265=EDGE_CURVE('',#3141,#3142,#296,.F.);
#2266=EDGE_CURVE('',#3142,#3143,#3697,.T.);
#2267=EDGE_CURVE('',#3143,#3144,#297,.T.);
#2268=EDGE_CURVE('',#3144,#3145,#156,.T.);
#2269=EDGE_CURVE('',#3145,#3146,#157,.T.);
#2270=EDGE_CURVE('',#3146,#3147,#298,.T.);
#2271=EDGE_CURVE('',#3147,#3148,#3698,.T.);
#2272=EDGE_CURVE('',#3148,#3149,#299,.F.);
#2273=EDGE_CURVE('',#3149,#3150,#300,.F.);
#2274=EDGE_CURVE('',#3150,#3137,#301,.F.);
#2275=EDGE_CURVE('',#3151,#3152,#302,.F.);
#2276=EDGE_CURVE('',#3152,#3153,#303,.F.);
#2277=EDGE_CURVE('',#3153,#3154,#304,.T.);
#2278=EDGE_CURVE('',#3154,#3155,#305,.T.);
#2279=EDGE_CURVE('',#3155,#3156,#158,.T.);
#2280=EDGE_CURVE('',#3156,#3157,#3699,.T.);
#2281=EDGE_CURVE('',#3157,#3158,#306,.F.);
#2282=EDGE_CURVE('',#3158,#3159,#159,.T.);
#2283=EDGE_CURVE('',#3159,#3160,#307,.F.);
#2284=EDGE_CURVE('',#3160,#3161,#3700,.T.);
#2285=EDGE_CURVE('',#3161,#3151,#308,.F.);
#2286=EDGE_CURVE('',#3162,#3163,#3701,.T.);
#2287=EDGE_CURVE('',#3163,#3164,#160,.T.);
#2288=EDGE_CURVE('',#3164,#3165,#161,.T.);
#2289=EDGE_CURVE('',#3165,#3166,#309,.F.);
#2290=EDGE_CURVE('',#3166,#3167,#310,.F.);
#2291=EDGE_CURVE('',#3167,#3168,#162,.T.);
#2292=EDGE_CURVE('',#3168,#3169,#163,.T.);
#2293=EDGE_CURVE('',#3169,#3170,#164,.T.);
#2294=EDGE_CURVE('',#3170,#3171,#311,.F.);
#2295=EDGE_CURVE('',#3171,#3172,#165,.T.);
#2296=EDGE_CURVE('',#3172,#3173,#312,.F.);
#2297=EDGE_CURVE('',#3173,#3174,#3702,.T.);
#2298=EDGE_CURVE('',#3174,#3175,#3703,.T.);
#2299=EDGE_CURVE('',#3175,#3176,#3704,.T.);
#2300=EDGE_CURVE('',#3176,#3177,#166,.T.);
#2301=EDGE_CURVE('',#3177,#3178,#167,.T.);
#2302=EDGE_CURVE('',#3178,#3179,#313,.T.);
#2303=EDGE_CURVE('',#3179,#3180,#314,.T.);
#2304=EDGE_CURVE('',#3180,#3181,#168,.T.);
#2305=EDGE_CURVE('',#3181,#3182,#169,.T.);
#2306=EDGE_CURVE('',#3182,#3183,#3705,.T.);
#2307=EDGE_CURVE('',#3183,#3162,#3706,.T.);
#2308=EDGE_CURVE('',#3184,#3185,#3707,.T.);
#2309=EDGE_CURVE('',#3185,#3186,#315,.F.);
#2310=EDGE_CURVE('',#3186,#3187,#316,.F.);
#2311=EDGE_CURVE('',#3187,#3188,#317,.F.);
#2312=EDGE_CURVE('',#3188,#3189,#170,.T.);
#2313=EDGE_CURVE('',#3189,#3190,#318,.F.);
#2314=EDGE_CURVE('',#3190,#3191,#319,.F.);
#2315=EDGE_CURVE('',#3191,#3192,#320,.F.);
#2316=EDGE_CURVE('',#3192,#3193,#321,.F.);
#2317=EDGE_CURVE('',#3193,#3194,#3708,.T.);
#2318=EDGE_CURVE('',#3194,#3195,#171,.T.);
#2319=EDGE_CURVE('',#3195,#3196,#172,.T.);
#2320=EDGE_CURVE('',#3196,#3184,#173,.T.);
#2321=EDGE_CURVE('',#3197,#3198,#174,.T.);
#2322=EDGE_CURVE('',#3198,#3199,#175,.T.);
#2323=EDGE_CURVE('',#3199,#3200,#176,.T.);
#2324=EDGE_CURVE('',#3200,#3201,#322,.F.);
#2325=EDGE_CURVE('',#3201,#3202,#323,.F.);
#2326=EDGE_CURVE('',#3202,#3203,#3709,.T.);
#2327=EDGE_CURVE('',#3203,#3204,#324,.T.);
#2328=EDGE_CURVE('',#3204,#3205,#177,.T.);
#2329=EDGE_CURVE('',#3205,#3206,#178,.T.);
#2330=EDGE_CURVE('',#3206,#3207,#179,.T.);
#2331=EDGE_CURVE('',#3207,#3208,#180,.T.);
#2332=EDGE_CURVE('',#3208,#3209,#181,.T.);
#2333=EDGE_CURVE('',#3209,#3210,#182,.T.);
#2334=EDGE_CURVE('',#3210,#3211,#325,.T.);
#2335=EDGE_CURVE('',#3211,#3212,#3710,.T.);
#2336=EDGE_CURVE('',#3212,#3213,#326,.F.);
#2337=EDGE_CURVE('',#3213,#3214,#327,.F.);
#2338=EDGE_CURVE('',#3214,#3197,#183,.T.);
#2339=EDGE_CURVE('',#3215,#3216,#3711,.T.);
#2340=EDGE_CURVE('',#3216,#3217,#328,.F.);
#2341=EDGE_CURVE('',#3217,#3218,#329,.F.);
#2342=EDGE_CURVE('',#3218,#3219,#184,.T.);
#2343=EDGE_CURVE('',#3219,#3220,#185,.T.);
#2344=EDGE_CURVE('',#3220,#3221,#186,.T.);
#2345=EDGE_CURVE('',#3221,#3222,#187,.T.);
#2346=EDGE_CURVE('',#3222,#3223,#330,.F.);
#2347=EDGE_CURVE('',#3223,#3224,#331,.F.);
#2348=EDGE_CURVE('',#3224,#3225,#3712,.T.);
#2349=EDGE_CURVE('',#3225,#3226,#332,.T.);
#2350=EDGE_CURVE('',#3226,#3227,#188,.T.);
#2351=EDGE_CURVE('',#3227,#3228,#189,.T.);
#2352=EDGE_CURVE('',#3228,#3229,#190,.T.);
#2353=EDGE_CURVE('',#3229,#3230,#191,.T.);
#2354=EDGE_CURVE('',#3230,#3231,#192,.T.);
#2355=EDGE_CURVE('',#3231,#3232,#193,.T.);
#2356=EDGE_CURVE('',#3232,#3215,#333,.T.);
#2357=EDGE_CURVE('',#3233,#3234,#3713,.T.);
#2358=EDGE_CURVE('',#3234,#3235,#3714,.T.);
#2359=EDGE_CURVE('',#3235,#3236,#3715,.T.);
#2360=EDGE_CURVE('',#3236,#3233,#3716,.T.);
#2361=EDGE_CURVE('',#3237,#3238,#3717,.T.);
#2362=EDGE_CURVE('',#3238,#3239,#3718,.T.);
#2363=EDGE_CURVE('',#3239,#3240,#3719,.T.);
#2364=EDGE_CURVE('',#3240,#3237,#3720,.T.);
#2365=EDGE_CURVE('',#3241,#3242,#3721,.T.);
#2366=EDGE_CURVE('',#3242,#3243,#3722,.T.);
#2367=EDGE_CURVE('',#3243,#3244,#3723,.T.);
#2368=EDGE_CURVE('',#3244,#3241,#3724,.T.);
#2369=EDGE_CURVE('',#3245,#3246,#3725,.T.);
#2370=EDGE_CURVE('',#3246,#3247,#3726,.T.);
#2371=EDGE_CURVE('',#3247,#3248,#3727,.T.);
#2372=EDGE_CURVE('',#3248,#3249,#3728,.T.);
#2373=EDGE_CURVE('',#3249,#3250,#3729,.T.);
#2374=EDGE_CURVE('',#3250,#3251,#3730,.T.);
#2375=EDGE_CURVE('',#3251,#3252,#3731,.T.);
#2376=EDGE_CURVE('',#3252,#3245,#3732,.T.);
#2377=EDGE_CURVE('',#3253,#3254,#3733,.T.);
#2378=EDGE_CURVE('',#3254,#3255,#3734,.T.);
#2379=EDGE_CURVE('',#3255,#3256,#3735,.T.);
#2380=EDGE_CURVE('',#3256,#3257,#3736,.T.);
#2381=EDGE_CURVE('',#3257,#3258,#3737,.T.);
#2382=EDGE_CURVE('',#3258,#3259,#3738,.T.);
#2383=EDGE_CURVE('',#3259,#3260,#3739,.T.);
#2384=EDGE_CURVE('',#3260,#3253,#3740,.T.);
#2385=EDGE_CURVE('',#3261,#3262,#3741,.T.);
#2386=EDGE_CURVE('',#3262,#3263,#3742,.T.);
#2387=EDGE_CURVE('',#3263,#3264,#3743,.T.);
#2388=EDGE_CURVE('',#3264,#3261,#3744,.T.);
#2389=EDGE_CURVE('',#3265,#3266,#3745,.T.);
#2390=EDGE_CURVE('',#3266,#3267,#3746,.T.);
#2391=EDGE_CURVE('',#3267,#3268,#3747,.T.);
#2392=EDGE_CURVE('',#3268,#3265,#3748,.T.);
#2393=EDGE_CURVE('',#3269,#3270,#3749,.T.);
#2394=EDGE_CURVE('',#3270,#3271,#3750,.T.);
#2395=EDGE_CURVE('',#3271,#3272,#3751,.T.);
#2396=EDGE_CURVE('',#3272,#3269,#3752,.T.);
#2397=EDGE_CURVE('',#3273,#3274,#3753,.T.);
#2398=EDGE_CURVE('',#3274,#3275,#3754,.T.);
#2399=EDGE_CURVE('',#3275,#3276,#3755,.T.);
#2400=EDGE_CURVE('',#3276,#3273,#3756,.T.);
#2401=EDGE_CURVE('',#3277,#3278,#3757,.T.);
#2402=EDGE_CURVE('',#3278,#3279,#3758,.T.);
#2403=EDGE_CURVE('',#3279,#3280,#3759,.T.);
#2404=EDGE_CURVE('',#3280,#3277,#3760,.T.);
#2405=EDGE_CURVE('',#3281,#3282,#3761,.T.);
#2406=EDGE_CURVE('',#3282,#3283,#3762,.T.);
#2407=EDGE_CURVE('',#3283,#3284,#3763,.T.);
#2408=EDGE_CURVE('',#3284,#3285,#3764,.T.);
#2409=EDGE_CURVE('',#3285,#3286,#3765,.T.);
#2410=EDGE_CURVE('',#3286,#3281,#3766,.T.);
#2411=EDGE_CURVE('',#3287,#3288,#3767,.T.);
#2412=EDGE_CURVE('',#3288,#3289,#3768,.T.);
#2413=EDGE_CURVE('',#3289,#3290,#194,.T.);
#2414=EDGE_CURVE('',#3290,#3291,#195,.T.);
#2415=EDGE_CURVE('',#3291,#3292,#334,.F.);
#2416=EDGE_CURVE('',#3292,#3293,#196,.T.);
#2417=EDGE_CURVE('',#3293,#3294,#3769,.T.);
#2418=EDGE_CURVE('',#3294,#3295,#335,.T.);
#2419=EDGE_CURVE('',#3295,#3296,#197,.T.);
#2420=EDGE_CURVE('',#3296,#3297,#198,.T.);
#2421=EDGE_CURVE('',#3297,#3298,#199,.T.);
#2422=EDGE_CURVE('',#3298,#3287,#3770,.T.);
#2423=EDGE_CURVE('',#3299,#3300,#3771,.T.);
#2424=EDGE_CURVE('',#3300,#3301,#200,.T.);
#2425=EDGE_CURVE('',#3301,#3302,#201,.T.);
#2426=EDGE_CURVE('',#3302,#3303,#202,.T.);
#2427=EDGE_CURVE('',#3303,#3304,#336,.T.);
#2428=EDGE_CURVE('',#3304,#3305,#3772,.T.);
#2429=EDGE_CURVE('',#3305,#3306,#203,.T.);
#2430=EDGE_CURVE('',#3306,#3307,#337,.F.);
#2431=EDGE_CURVE('',#3307,#3308,#204,.T.);
#2432=EDGE_CURVE('',#3308,#3309,#205,.T.);
#2433=EDGE_CURVE('',#3309,#3310,#3773,.T.);
#2434=EDGE_CURVE('',#3310,#3299,#3774,.T.);
#2435=EDGE_CURVE('',#3311,#3312,#3775,.T.);
#2436=EDGE_CURVE('',#3312,#3313,#3776,.T.);
#2437=EDGE_CURVE('',#3313,#3314,#3777,.T.);
#2438=EDGE_CURVE('',#3314,#3315,#338,.T.);
#2439=EDGE_CURVE('',#3315,#3316,#339,.F.);
#2440=EDGE_CURVE('',#3316,#3317,#3778,.T.);
#2441=EDGE_CURVE('',#3317,#3318,#3779,.T.);
#2442=EDGE_CURVE('',#3318,#3319,#3780,.T.);
#2443=EDGE_CURVE('',#3319,#3320,#340,.T.);
#2444=EDGE_CURVE('',#3320,#3321,#341,.T.);
#2445=EDGE_CURVE('',#3321,#3322,#206,.T.);
#2446=EDGE_CURVE('',#3322,#3323,#207,.T.);
#2447=EDGE_CURVE('',#3323,#3324,#342,.T.);
#2448=EDGE_CURVE('',#3324,#3325,#343,.T.);
#2449=EDGE_CURVE('',#3325,#3326,#208,.T.);
#2450=EDGE_CURVE('',#3326,#3327,#209,.T.);
#2451=EDGE_CURVE('',#3327,#3328,#3781,.T.);
#2452=EDGE_CURVE('',#3328,#3329,#3782,.T.);
#2453=EDGE_CURVE('',#3329,#3330,#3783,.T.);
#2454=EDGE_CURVE('',#3330,#3331,#344,.F.);
#2455=EDGE_CURVE('',#3331,#3332,#345,.F.);
#2456=EDGE_CURVE('',#3332,#3333,#346,.F.);
#2457=EDGE_CURVE('',#3333,#3334,#210,.T.);
#2458=EDGE_CURVE('',#3334,#3335,#211,.T.);
#2459=EDGE_CURVE('',#3335,#3311,#347,.F.);
#2460=EDGE_CURVE('',#3336,#3337,#3784,.T.);
#2461=EDGE_CURVE('',#3337,#3338,#3785,.T.);
#2462=EDGE_CURVE('',#3338,#3339,#3786,.T.);
#2463=EDGE_CURVE('',#3339,#3336,#3787,.T.);
#2464=EDGE_CURVE('',#3340,#3341,#3788,.T.);
#2465=EDGE_CURVE('',#3342,#3340,#3789,.T.);
#2466=EDGE_CURVE('',#3343,#3342,#348,.F.);
#2467=EDGE_CURVE('',#3344,#3343,#212,.T.);
#2468=EDGE_CURVE('',#3345,#3344,#213,.T.);
#2469=EDGE_CURVE('',#3346,#3345,#349,.F.);
#2470=EDGE_CURVE('',#3347,#3346,#350,.F.);
#2471=EDGE_CURVE('',#3348,#3347,#351,.F.);
#2472=EDGE_CURVE('',#3349,#3348,#3790,.T.);
#2473=EDGE_CURVE('',#3350,#3349,#3791,.T.);
#2474=EDGE_CURVE('',#3351,#3350,#3792,.T.);
#2475=EDGE_CURVE('',#3352,#3351,#214,.T.);
#2476=EDGE_CURVE('',#3353,#3352,#215,.T.);
#2477=EDGE_CURVE('',#3354,#3353,#352,.T.);
#2478=EDGE_CURVE('',#3355,#3354,#353,.T.);
#2479=EDGE_CURVE('',#3356,#3355,#216,.T.);
#2480=EDGE_CURVE('',#3357,#3356,#217,.T.);
#2481=EDGE_CURVE('',#3358,#3357,#354,.T.);
#2482=EDGE_CURVE('',#3359,#3358,#355,.T.);
#2483=EDGE_CURVE('',#3360,#3359,#3793,.T.);
#2484=EDGE_CURVE('',#3361,#3360,#3794,.T.);
#2485=EDGE_CURVE('',#3362,#3361,#3795,.T.);
#2486=EDGE_CURVE('',#3363,#3362,#356,.F.);
#2487=EDGE_CURVE('',#3364,#3363,#357,.T.);
#2488=EDGE_CURVE('',#3341,#3364,#3796,.T.);
#2489=EDGE_CURVE('',#3365,#3366,#3797,.T.);
#2490=EDGE_CURVE('',#3367,#3365,#3798,.T.);
#2491=EDGE_CURVE('',#3368,#3367,#3799,.T.);
#2492=EDGE_CURVE('',#3369,#3368,#218,.T.);
#2493=EDGE_CURVE('',#3370,#3369,#219,.T.);
#2494=EDGE_CURVE('',#3371,#3370,#220,.T.);
#2495=EDGE_CURVE('',#3372,#3371,#358,.T.);
#2496=EDGE_CURVE('',#3373,#3372,#3800,.T.);
#2497=EDGE_CURVE('',#3374,#3373,#221,.T.);
#2498=EDGE_CURVE('',#3375,#3374,#359,.F.);
#2499=EDGE_CURVE('',#3376,#3375,#222,.T.);
#2500=EDGE_CURVE('',#3366,#3376,#223,.T.);
#2501=EDGE_CURVE('',#3377,#3378,#3801,.T.);
#2502=EDGE_CURVE('',#3379,#3377,#3802,.T.);
#2503=EDGE_CURVE('',#3380,#3379,#3803,.T.);
#2504=EDGE_CURVE('',#3378,#3380,#3804,.T.);
#2505=EDGE_CURVE('',#3381,#3382,#3805,.T.);
#2506=EDGE_CURVE('',#3383,#3381,#3806,.T.);
#2507=EDGE_CURVE('',#3384,#3383,#3807,.T.);
#2508=EDGE_CURVE('',#3382,#3384,#3808,.T.);
#2509=EDGE_CURVE('',#3385,#3386,#3809,.T.);
#2510=EDGE_CURVE('',#3387,#3385,#3810,.T.);
#2511=EDGE_CURVE('',#3388,#3387,#3811,.T.);
#2512=EDGE_CURVE('',#3386,#3388,#3812,.T.);
#2513=EDGE_CURVE('',#3389,#3390,#3813,.T.);
#2514=EDGE_CURVE('',#3391,#3389,#3814,.T.);
#2515=EDGE_CURVE('',#3392,#3391,#3815,.T.);
#2516=EDGE_CURVE('',#3393,#3392,#3816,.T.);
#2517=EDGE_CURVE('',#3394,#3393,#3817,.T.);
#2518=EDGE_CURVE('',#3395,#3394,#3818,.T.);
#2519=EDGE_CURVE('',#3396,#3395,#3819,.T.);
#2520=EDGE_CURVE('',#3390,#3396,#3820,.T.);
#2521=EDGE_CURVE('',#3397,#3398,#3821,.T.);
#2522=EDGE_CURVE('',#3399,#3397,#3822,.T.);
#2523=EDGE_CURVE('',#3400,#3399,#3823,.T.);
#2524=EDGE_CURVE('',#3398,#3400,#3824,.T.);
#2525=EDGE_CURVE('',#3401,#3402,#360,.F.);
#2526=EDGE_CURVE('',#3403,#3401,#3825,.T.);
#2527=EDGE_CURVE('',#3404,#3403,#361,.T.);
#2528=EDGE_CURVE('',#3405,#3404,#224,.T.);
#2529=EDGE_CURVE('',#3406,#3405,#225,.T.);
#2530=EDGE_CURVE('',#3407,#3406,#226,.T.);
#2531=EDGE_CURVE('',#3408,#3407,#227,.T.);
#2532=EDGE_CURVE('',#3409,#3408,#228,.T.);
#2533=EDGE_CURVE('',#3410,#3409,#229,.T.);
#2534=EDGE_CURVE('',#3411,#3410,#362,.T.);
#2535=EDGE_CURVE('',#3412,#3411,#3826,.T.);
#2536=EDGE_CURVE('',#3413,#3412,#363,.F.);
#2537=EDGE_CURVE('',#3414,#3413,#364,.F.);
#2538=EDGE_CURVE('',#3415,#3414,#230,.T.);
#2539=EDGE_CURVE('',#3416,#3415,#231,.T.);
#2540=EDGE_CURVE('',#3417,#3416,#232,.T.);
#2541=EDGE_CURVE('',#3418,#3417,#233,.T.);
#2542=EDGE_CURVE('',#3402,#3418,#365,.F.);
#2543=EDGE_CURVE('',#3419,#3420,#366,.F.);
#2544=EDGE_CURVE('',#3421,#3419,#3827,.T.);
#2545=EDGE_CURVE('',#3422,#3421,#234,.T.);
#2546=EDGE_CURVE('',#3423,#3422,#235,.T.);
#2547=EDGE_CURVE('',#3424,#3423,#236,.T.);
#2548=EDGE_CURVE('',#3425,#3424,#3828,.T.);
#2549=EDGE_CURVE('',#3426,#3425,#367,.F.);
#2550=EDGE_CURVE('',#3427,#3426,#368,.F.);
#2551=EDGE_CURVE('',#3428,#3427,#369,.F.);
#2552=EDGE_CURVE('',#3429,#3428,#370,.F.);
#2553=EDGE_CURVE('',#3430,#3429,#237,.T.);
#2554=EDGE_CURVE('',#3431,#3430,#371,.F.);
#2555=EDGE_CURVE('',#3420,#3431,#372,.F.);
#2556=EDGE_CURVE('',#3432,#3433,#373,.F.);
#2557=EDGE_CURVE('',#3434,#3432,#374,.F.);
#2558=EDGE_CURVE('',#3435,#3434,#375,.F.);
#2559=EDGE_CURVE('',#3436,#3435,#3829,.T.);
#2560=EDGE_CURVE('',#3437,#3436,#376,.F.);
#2561=EDGE_CURVE('',#3438,#3437,#238,.T.);
#2562=EDGE_CURVE('',#3439,#3438,#377,.F.);
#2563=EDGE_CURVE('',#3440,#3439,#3830,.T.);
#2564=EDGE_CURVE('',#3441,#3440,#239,.T.);
#2565=EDGE_CURVE('',#3442,#3441,#378,.T.);
#2566=EDGE_CURVE('',#3433,#3442,#379,.T.);
#2567=EDGE_CURVE('',#3443,#3444,#380,.T.);
#2568=EDGE_CURVE('',#3445,#3443,#3831,.T.);
#2569=EDGE_CURVE('',#3446,#3445,#381,.F.);
#2570=EDGE_CURVE('',#3447,#3446,#382,.F.);
#2571=EDGE_CURVE('',#3448,#3447,#383,.F.);
#2572=EDGE_CURVE('',#3449,#3448,#384,.F.);
#2573=EDGE_CURVE('',#3450,#3449,#3832,.T.);
#2574=EDGE_CURVE('',#3451,#3450,#3833,.T.);
#2575=EDGE_CURVE('',#3452,#3451,#3834,.T.);
#2576=EDGE_CURVE('',#3453,#3452,#385,.T.);
#2577=EDGE_CURVE('',#3454,#3453,#386,.T.);
#2578=EDGE_CURVE('',#3444,#3454,#387,.T.);
#2579=EDGE_CURVE('',#3455,#3456,#3835,.T.);
#2580=EDGE_CURVE('',#3457,#3455,#3836,.T.);
#2581=EDGE_CURVE('',#3458,#3457,#388,.F.);
#2582=EDGE_CURVE('',#3459,#3458,#240,.T.);
#2583=EDGE_CURVE('',#3460,#3459,#241,.T.);
#2584=EDGE_CURVE('',#3461,#3460,#389,.F.);
#2585=EDGE_CURVE('',#3462,#3461,#390,.F.);
#2586=EDGE_CURVE('',#3463,#3462,#391,.F.);
#2587=EDGE_CURVE('',#3464,#3463,#3837,.T.);
#2588=EDGE_CURVE('',#3465,#3464,#3838,.T.);
#2589=EDGE_CURVE('',#3466,#3465,#3839,.T.);
#2590=EDGE_CURVE('',#3467,#3466,#242,.T.);
#2591=EDGE_CURVE('',#3468,#3467,#243,.T.);
#2592=EDGE_CURVE('',#3469,#3468,#392,.T.);
#2593=EDGE_CURVE('',#3470,#3469,#393,.T.);
#2594=EDGE_CURVE('',#3471,#3470,#244,.T.);
#2595=EDGE_CURVE('',#3472,#3471,#245,.T.);
#2596=EDGE_CURVE('',#3473,#3472,#394,.T.);
#2597=EDGE_CURVE('',#3474,#3473,#395,.T.);
#2598=EDGE_CURVE('',#3475,#3474,#3840,.T.);
#2599=EDGE_CURVE('',#3476,#3475,#3841,.T.);
#2600=EDGE_CURVE('',#3477,#3476,#3842,.T.);
#2601=EDGE_CURVE('',#3478,#3477,#396,.F.);
#2602=EDGE_CURVE('',#3479,#3478,#397,.T.);
#2603=EDGE_CURVE('',#3456,#3479,#3843,.T.);
#2604=EDGE_CURVE('',#3480,#3481,#3844,.T.);
#2605=EDGE_CURVE('',#3482,#3480,#3845,.T.);
#2606=EDGE_CURVE('',#3483,#3482,#3846,.T.);
#2607=EDGE_CURVE('',#3481,#3483,#3847,.T.);
#2608=EDGE_CURVE('',#3484,#3485,#3848,.T.);
#2609=EDGE_CURVE('',#3486,#3484,#3849,.T.);
#2610=EDGE_CURVE('',#3486,#3487,#3850,.T.);
#2611=EDGE_CURVE('',#3487,#3485,#3851,.T.);
#2612=EDGE_CURVE('',#3488,#3489,#3852,.T.);
#2613=EDGE_CURVE('',#3489,#3490,#3853,.T.);
#2614=EDGE_CURVE('',#3491,#3490,#3854,.T.);
#2615=EDGE_CURVE('',#3491,#3488,#3855,.T.);
#2616=EDGE_CURVE('',#3492,#3493,#3856,.T.);
#2617=EDGE_CURVE('',#3494,#3493,#3857,.T.);
#2618=EDGE_CURVE('',#3494,#3495,#3858,.T.);
#2619=EDGE_CURVE('',#3495,#3492,#3859,.T.);
#2620=EDGE_CURVE('',#3496,#3497,#3860,.T.);
#2621=EDGE_CURVE('',#3497,#3498,#3861,.T.);
#2622=EDGE_CURVE('',#3499,#3498,#3862,.T.);
#2623=EDGE_CURVE('',#3499,#3496,#3863,.T.);
#2624=EDGE_CURVE('',#3500,#3501,#3864,.T.);
#2625=EDGE_CURVE('',#3501,#3502,#3865,.T.);
#2626=EDGE_CURVE('',#3503,#3502,#3866,.T.);
#2627=EDGE_CURVE('',#3500,#3503,#3867,.T.);
#2628=EDGE_CURVE('',#3504,#3505,#3868,.T.);
#2629=EDGE_CURVE('',#3505,#3506,#3869,.T.);
#2630=EDGE_CURVE('',#3507,#3506,#3870,.T.);
#2631=EDGE_CURVE('',#3507,#3504,#3871,.T.);
#2632=EDGE_CURVE('',#3508,#3509,#3872,.T.);
#2633=EDGE_CURVE('',#3509,#3510,#3873,.T.);
#2634=EDGE_CURVE('',#3511,#3510,#3874,.T.);
#2635=EDGE_CURVE('',#3508,#3511,#3875,.T.);
#2636=EDGE_CURVE('',#3512,#3513,#3876,.T.);
#2637=EDGE_CURVE('',#3512,#3514,#3877,.T.);
#2638=EDGE_CURVE('',#3514,#3515,#3878,.T.);
#2639=EDGE_CURVE('',#3515,#3513,#3879,.T.);
#2640=EDGE_CURVE('',#3516,#3517,#3880,.T.);
#2641=EDGE_CURVE('',#3517,#3518,#3881,.T.);
#2642=EDGE_CURVE('',#3519,#3518,#3882,.T.);
#2643=EDGE_CURVE('',#3519,#3516,#3883,.T.);
#2644=EDGE_CURVE('',#3520,#3521,#3884,.T.);
#2645=EDGE_CURVE('',#3521,#3522,#3885,.T.);
#2646=EDGE_CURVE('',#3523,#3522,#3886,.T.);
#2647=EDGE_CURVE('',#3520,#3523,#3887,.T.);
#2648=EDGE_CURVE('',#3524,#3525,#3888,.T.);
#2649=EDGE_CURVE('',#3526,#3524,#3889,.T.);
#2650=EDGE_CURVE('',#3527,#3526,#3890,.T.);
#2651=EDGE_CURVE('',#3525,#3527,#3891,.T.);
#2652=EDGE_CURVE('',#3528,#3529,#3892,.T.);
#2653=EDGE_CURVE('',#3530,#3528,#3893,.T.);
#2654=EDGE_CURVE('',#3531,#3530,#3894,.T.);
#2655=EDGE_CURVE('',#3529,#3531,#3895,.T.);
#2656=EDGE_CURVE('',#3532,#3533,#246,.T.);
#2657=EDGE_CURVE('',#3534,#3532,#247,.T.);
#2658=EDGE_CURVE('',#3535,#3534,#398,.F.);
#2659=EDGE_CURVE('',#3536,#3535,#399,.F.);
#2660=EDGE_CURVE('',#3537,#3536,#400,.F.);
#2661=EDGE_CURVE('',#3538,#3537,#3896,.T.);
#2662=EDGE_CURVE('',#3539,#3538,#401,.T.);
#2663=EDGE_CURVE('',#3540,#3539,#248,.T.);
#2664=EDGE_CURVE('',#3541,#3540,#249,.T.);
#2665=EDGE_CURVE('',#3542,#3541,#402,.T.);
#2666=EDGE_CURVE('',#3543,#3542,#3897,.T.);
#2667=EDGE_CURVE('',#3544,#3543,#403,.F.);
#2668=EDGE_CURVE('',#3545,#3544,#404,.F.);
#2669=EDGE_CURVE('',#3533,#3545,#405,.F.);
#2670=EDGE_CURVE('',#3546,#3547,#250,.T.);
#2671=EDGE_CURVE('',#3548,#3546,#3898,.T.);
#2672=EDGE_CURVE('',#3549,#3548,#3899,.T.);
#2673=EDGE_CURVE('',#3550,#3549,#3900,.T.);
#2674=EDGE_CURVE('',#3551,#3550,#251,.T.);
#2675=EDGE_CURVE('',#3552,#3551,#252,.T.);
#2676=EDGE_CURVE('',#3553,#3552,#406,.T.);
#2677=EDGE_CURVE('',#3554,#3553,#407,.T.);
#2678=EDGE_CURVE('',#3555,#3554,#253,.T.);
#2679=EDGE_CURVE('',#3556,#3555,#254,.T.);
#2680=EDGE_CURVE('',#3557,#3556,#3901,.T.);
#2681=EDGE_CURVE('',#3558,#3557,#3902,.T.);
#2682=EDGE_CURVE('',#3559,#3558,#3903,.T.);
#2683=EDGE_CURVE('',#3560,#3559,#408,.F.);
#2684=EDGE_CURVE('',#3561,#3560,#255,.T.);
#2685=EDGE_CURVE('',#3562,#3561,#409,.F.);
#2686=EDGE_CURVE('',#3563,#3562,#256,.T.);
#2687=EDGE_CURVE('',#3564,#3563,#257,.T.);
#2688=EDGE_CURVE('',#3565,#3564,#258,.T.);
#2689=EDGE_CURVE('',#3566,#3565,#410,.F.);
#2690=EDGE_CURVE('',#3567,#3566,#411,.F.);
#2691=EDGE_CURVE('',#3547,#3567,#259,.T.);
#2692=EDGE_CURVE('',#3568,#3569,#260,.T.);
#2693=EDGE_CURVE('',#3570,#3568,#261,.T.);
#2694=EDGE_CURVE('',#3571,#3570,#262,.T.);
#2695=EDGE_CURVE('',#3572,#3571,#412,.F.);
#2696=EDGE_CURVE('',#3573,#3572,#413,.F.);
#2697=EDGE_CURVE('',#3574,#3573,#3904,.T.);
#2698=EDGE_CURVE('',#3575,#3574,#414,.T.);
#2699=EDGE_CURVE('',#3576,#3575,#263,.T.);
#2700=EDGE_CURVE('',#3577,#3576,#264,.T.);
#2701=EDGE_CURVE('',#3578,#3577,#265,.T.);
#2702=EDGE_CURVE('',#3579,#3578,#266,.T.);
#2703=EDGE_CURVE('',#3580,#3579,#267,.T.);
#2704=EDGE_CURVE('',#3581,#3580,#268,.T.);
#2705=EDGE_CURVE('',#3582,#3581,#415,.T.);
#2706=EDGE_CURVE('',#3583,#3582,#3905,.T.);
#2707=EDGE_CURVE('',#3584,#3583,#416,.F.);
#2708=EDGE_CURVE('',#3585,#3584,#417,.F.);
#2709=EDGE_CURVE('',#3569,#3585,#269,.T.);
#2710=EDGE_CURVE('',#3586,#3587,#3906,.T.);
#2711=EDGE_CURVE('',#3588,#3586,#3907,.T.);
#2712=EDGE_CURVE('',#3589,#3588,#3908,.T.);
#2713=EDGE_CURVE('',#3587,#3589,#3909,.T.);
#2714=EDGE_CURVE('',#3590,#3591,#3910,.T.);
#2715=EDGE_CURVE('',#3592,#3590,#3911,.T.);
#2716=EDGE_CURVE('',#3593,#3592,#3912,.T.);
#2717=EDGE_CURVE('',#3591,#3593,#3913,.T.);
#2718=EDGE_CURVE('',#3594,#3595,#3914,.T.);
#2719=EDGE_CURVE('',#3596,#3594,#3915,.T.);
#2720=EDGE_CURVE('',#3597,#3596,#3916,.T.);
#2721=EDGE_CURVE('',#3598,#3597,#3917,.T.);
#2722=EDGE_CURVE('',#3599,#3598,#3918,.T.);
#2723=EDGE_CURVE('',#3600,#3599,#3919,.T.);
#2724=EDGE_CURVE('',#3601,#3600,#3920,.T.);
#2725=EDGE_CURVE('',#3595,#3601,#3921,.T.);
#2726=EDGE_CURVE('',#3602,#3603,#3922,.T.);
#2727=EDGE_CURVE('',#3604,#3602,#3923,.T.);
#2728=EDGE_CURVE('',#3605,#3604,#3924,.T.);
#2729=EDGE_CURVE('',#3603,#3605,#3925,.T.);
#2730=EDGE_CURVE('',#3606,#3607,#3926,.T.);
#2731=EDGE_CURVE('',#3608,#3606,#3927,.T.);
#2732=EDGE_CURVE('',#3609,#3608,#3928,.T.);
#2733=EDGE_CURVE('',#3607,#3609,#3929,.T.);
#2734=EDGE_CURVE('',#3610,#3611,#3930,.T.);
#2735=EDGE_CURVE('',#3612,#3610,#3931,.T.);
#2736=EDGE_CURVE('',#3613,#3612,#3932,.T.);
#2737=EDGE_CURVE('',#3614,#3613,#3933,.T.);
#2738=EDGE_CURVE('',#3615,#3614,#3934,.T.);
#2739=EDGE_CURVE('',#3611,#3615,#3935,.T.);
#2740=EDGE_CURVE('',#3616,#3617,#270,.T.);
#2741=EDGE_CURVE('',#3618,#3616,#3936,.T.);
#2742=EDGE_CURVE('',#3619,#3618,#3937,.T.);
#2743=EDGE_CURVE('',#3620,#3619,#3938,.T.);
#2744=EDGE_CURVE('',#3621,#3620,#271,.T.);
#2745=EDGE_CURVE('',#3622,#3621,#272,.T.);
#2746=EDGE_CURVE('',#3623,#3622,#418,.F.);
#2747=EDGE_CURVE('',#3624,#3623,#273,.T.);
#2748=EDGE_CURVE('',#3625,#3624,#3939,.T.);
#2749=EDGE_CURVE('',#3626,#3625,#419,.T.);
#2750=EDGE_CURVE('',#3627,#3626,#274,.T.);
#2751=EDGE_CURVE('',#3617,#3627,#275,.T.);
#2752=EDGE_CURVE('',#3628,#3629,#3940,.T.);
#2753=EDGE_CURVE('',#3630,#3628,#3941,.T.);
#2754=EDGE_CURVE('',#3631,#3630,#3942,.T.);
#2755=EDGE_CURVE('',#3629,#3631,#3943,.T.);
#2756=EDGE_CURVE('',#3084,#3520,#3944,.T.);
#2757=EDGE_CURVE('',#3085,#3521,#3945,.T.);
#2758=EDGE_CURVE('',#3086,#3523,#3946,.T.);
#2759=EDGE_CURVE('',#3087,#3522,#3947,.T.);
#2760=EDGE_CURVE('',#3080,#3516,#3948,.T.);
#2761=EDGE_CURVE('',#3081,#3517,#3949,.T.);
#2762=EDGE_CURVE('',#3082,#3519,#3950,.T.);
#2763=EDGE_CURVE('',#3083,#3518,#3951,.T.);
#2764=EDGE_CURVE('',#3077,#3513,#3952,.T.);
#2765=EDGE_CURVE('',#3076,#3512,#3953,.T.);
#2766=EDGE_CURVE('',#3078,#3515,#3954,.T.);
#2767=EDGE_CURVE('',#3079,#3514,#3955,.T.);
#2768=EDGE_CURVE('',#3072,#3508,#3956,.T.);
#2769=EDGE_CURVE('',#3073,#3509,#3957,.T.);
#2770=EDGE_CURVE('',#3074,#3511,#3958,.T.);
#2771=EDGE_CURVE('',#3075,#3510,#3959,.T.);
#2772=EDGE_CURVE('',#3068,#3504,#3960,.T.);
#2773=EDGE_CURVE('',#3069,#3505,#3961,.T.);
#2774=EDGE_CURVE('',#3070,#3507,#3962,.T.);
#2775=EDGE_CURVE('',#3071,#3506,#3963,.T.);
#2776=EDGE_CURVE('',#3064,#3500,#3964,.T.);
#2777=EDGE_CURVE('',#3065,#3501,#3965,.T.);
#2778=EDGE_CURVE('',#3066,#3503,#3966,.T.);
#2779=EDGE_CURVE('',#3067,#3502,#3967,.T.);
#2780=EDGE_CURVE('',#3060,#3496,#3968,.T.);
#2781=EDGE_CURVE('',#3061,#3497,#3969,.T.);
#2782=EDGE_CURVE('',#3062,#3499,#3970,.T.);
#2783=EDGE_CURVE('',#3063,#3498,#3971,.T.);
#2784=EDGE_CURVE('',#3056,#3492,#3972,.T.);
#2785=EDGE_CURVE('',#3057,#3493,#3973,.T.);
#2786=EDGE_CURVE('',#3058,#3495,#3974,.T.);
#2787=EDGE_CURVE('',#3059,#3494,#3975,.T.);
#2788=EDGE_CURVE('',#3052,#3488,#3976,.T.);
#2789=EDGE_CURVE('',#3053,#3489,#3977,.T.);
#2790=EDGE_CURVE('',#3054,#3491,#3978,.T.);
#2791=EDGE_CURVE('',#3055,#3490,#3979,.T.);
#2792=EDGE_CURVE('',#3049,#3485,#3980,.T.);
#2793=EDGE_CURVE('',#3048,#3484,#3981,.T.);
#2794=EDGE_CURVE('',#3050,#3487,#3982,.T.);
#2795=EDGE_CURVE('',#3051,#3486,#3983,.T.);
#2796=EDGE_CURVE('',#3481,#3090,#3984,.T.);
#2797=EDGE_CURVE('',#3480,#3089,#3985,.T.);
#2798=EDGE_CURVE('',#3482,#3088,#3986,.T.);
#2799=EDGE_CURVE('',#3483,#3091,#3987,.T.);
#2800=EDGE_CURVE('',#3525,#3094,#3988,.T.);
#2801=EDGE_CURVE('',#3524,#3093,#3989,.T.);
#2802=EDGE_CURVE('',#3526,#3092,#3990,.T.);
#2803=EDGE_CURVE('',#3527,#3095,#3991,.T.);
#2804=EDGE_CURVE('',#3456,#3098,#3992,.T.);
#2805=EDGE_CURVE('',#3455,#3097,#3993,.T.);
#2806=EDGE_CURVE('',#3457,#3096,#3994,.T.);
#2807=EDGE_CURVE('',#3458,#3120,#3995,.T.);
#2808=EDGE_CURVE('',#3459,#3119,#3996,.T.);
#2809=EDGE_CURVE('',#3460,#3118,#3997,.T.);
#2810=EDGE_CURVE('',#3461,#3117,#3998,.T.);
#2811=EDGE_CURVE('',#3462,#3116,#3999,.T.);
#2812=EDGE_CURVE('',#3463,#3115,#4000,.T.);
#2813=EDGE_CURVE('',#3464,#3114,#4001,.T.);
#2814=EDGE_CURVE('',#3465,#3113,#4002,.T.);
#2815=EDGE_CURVE('',#3466,#3112,#4003,.T.);
#2816=EDGE_CURVE('',#3467,#3111,#4004,.T.);
#2817=EDGE_CURVE('',#3468,#3110,#4005,.T.);
#2818=EDGE_CURVE('',#3469,#3109,#4006,.T.);
#2819=EDGE_CURVE('',#3470,#3108,#4007,.T.);
#2820=EDGE_CURVE('',#3471,#3107,#4008,.T.);
#2821=EDGE_CURVE('',#3472,#3106,#4009,.T.);
#2822=EDGE_CURVE('',#3473,#3105,#4010,.T.);
#2823=EDGE_CURVE('',#3474,#3104,#4011,.T.);
#2824=EDGE_CURVE('',#3475,#3103,#4012,.T.);
#2825=EDGE_CURVE('',#3476,#3102,#4013,.T.);
#2826=EDGE_CURVE('',#3477,#3101,#4014,.T.);
#2827=EDGE_CURVE('',#3478,#3100,#4015,.T.);
#2828=EDGE_CURVE('',#3479,#3099,#4016,.T.);
#2829=EDGE_CURVE('',#3529,#3123,#4017,.T.);
#2830=EDGE_CURVE('',#3528,#3122,#4018,.T.);
#2831=EDGE_CURVE('',#3530,#3121,#4019,.T.);
#2832=EDGE_CURVE('',#3531,#3124,#4020,.T.);
#2833=EDGE_CURVE('',#3444,#3127,#4021,.T.);
#2834=EDGE_CURVE('',#3443,#3126,#4022,.T.);
#2835=EDGE_CURVE('',#3445,#3125,#4023,.T.);
#2836=EDGE_CURVE('',#3446,#3136,#4024,.T.);
#2837=EDGE_CURVE('',#3447,#3135,#4025,.T.);
#2838=EDGE_CURVE('',#3448,#3134,#4026,.T.);
#2839=EDGE_CURVE('',#3449,#3133,#4027,.T.);
#2840=EDGE_CURVE('',#3450,#3132,#4028,.T.);
#2841=EDGE_CURVE('',#3451,#3131,#4029,.T.);
#2842=EDGE_CURVE('',#3452,#3130,#4030,.T.);
#2843=EDGE_CURVE('',#3453,#3129,#4031,.T.);
#2844=EDGE_CURVE('',#3454,#3128,#4032,.T.);
#2845=EDGE_CURVE('',#3533,#3139,#4033,.T.);
#2846=EDGE_CURVE('',#3532,#3138,#4034,.T.);
#2847=EDGE_CURVE('',#3534,#3137,#4035,.T.);
#2848=EDGE_CURVE('',#3535,#3150,#4036,.T.);
#2849=EDGE_CURVE('',#3536,#3149,#4037,.T.);
#2850=EDGE_CURVE('',#3537,#3148,#4038,.T.);
#2851=EDGE_CURVE('',#3538,#3147,#4039,.T.);
#2852=EDGE_CURVE('',#3539,#3146,#4040,.T.);
#2853=EDGE_CURVE('',#3540,#3145,#4041,.T.);
#2854=EDGE_CURVE('',#3541,#3144,#4042,.T.);
#2855=EDGE_CURVE('',#3542,#3143,#4043,.T.);
#2856=EDGE_CURVE('',#3543,#3142,#4044,.T.);
#2857=EDGE_CURVE('',#3544,#3141,#4045,.T.);
#2858=EDGE_CURVE('',#3545,#3140,#4046,.T.);
#2859=EDGE_CURVE('',#3433,#3153,#4047,.T.);
#2860=EDGE_CURVE('',#3432,#3152,#4048,.T.);
#2861=EDGE_CURVE('',#3434,#3151,#4049,.T.);
#2862=EDGE_CURVE('',#3435,#3161,#4050,.T.);
#2863=EDGE_CURVE('',#3436,#3160,#4051,.T.);
#2864=EDGE_CURVE('',#3437,#3159,#4052,.T.);
#2865=EDGE_CURVE('',#3438,#3158,#4053,.T.);
#2866=EDGE_CURVE('',#3439,#3157,#4054,.T.);
#2867=EDGE_CURVE('',#3440,#3156,#4055,.T.);
#2868=EDGE_CURVE('',#3441,#3155,#4056,.T.);
#2869=EDGE_CURVE('',#3442,#3154,#4057,.T.);
#2870=EDGE_CURVE('',#3547,#3164,#4058,.T.);
#2871=EDGE_CURVE('',#3546,#3163,#4059,.T.);
#2872=EDGE_CURVE('',#3548,#3162,#4060,.T.);
#2873=EDGE_CURVE('',#3549,#3183,#4061,.T.);
#2874=EDGE_CURVE('',#3550,#3182,#4062,.T.);
#2875=EDGE_CURVE('',#3551,#3181,#4063,.T.);
#2876=EDGE_CURVE('',#3552,#3180,#4064,.T.);
#2877=EDGE_CURVE('',#3553,#3179,#4065,.T.);
#2878=EDGE_CURVE('',#3554,#3178,#4066,.T.);
#2879=EDGE_CURVE('',#3555,#3177,#4067,.T.);
#2880=EDGE_CURVE('',#3556,#3176,#4068,.T.);
#2881=EDGE_CURVE('',#3557,#3175,#4069,.T.);
#2882=EDGE_CURVE('',#3558,#3174,#4070,.T.);
#2883=EDGE_CURVE('',#3559,#3173,#4071,.T.);
#2884=EDGE_CURVE('',#3560,#3172,#4072,.T.);
#2885=EDGE_CURVE('',#3561,#3171,#4073,.T.);
#2886=EDGE_CURVE('',#3562,#3170,#4074,.T.);
#2887=EDGE_CURVE('',#3563,#3169,#4075,.T.);
#2888=EDGE_CURVE('',#3564,#3168,#4076,.T.);
#2889=EDGE_CURVE('',#3565,#3167,#4077,.T.);
#2890=EDGE_CURVE('',#3566,#3166,#4078,.T.);
#2891=EDGE_CURVE('',#3567,#3165,#4079,.T.);
#2892=EDGE_CURVE('',#3420,#3186,#4080,.T.);
#2893=EDGE_CURVE('',#3419,#3185,#4081,.T.);
#2894=EDGE_CURVE('',#3421,#3184,#4082,.T.);
#2895=EDGE_CURVE('',#3422,#3196,#4083,.T.);
#2896=EDGE_CURVE('',#3423,#3195,#4084,.T.);
#2897=EDGE_CURVE('',#3424,#3194,#4085,.T.);
#2898=EDGE_CURVE('',#3425,#3193,#4086,.T.);
#2899=EDGE_CURVE('',#3426,#3192,#4087,.T.);
#2900=EDGE_CURVE('',#3427,#3191,#4088,.T.);
#2901=EDGE_CURVE('',#3428,#3190,#4089,.T.);
#2902=EDGE_CURVE('',#3429,#3189,#4090,.T.);
#2903=EDGE_CURVE('',#3430,#3188,#4091,.T.);
#2904=EDGE_CURVE('',#3431,#3187,#4092,.T.);
#2905=EDGE_CURVE('',#3569,#3199,#4093,.T.);
#2906=EDGE_CURVE('',#3568,#3198,#4094,.T.);
#2907=EDGE_CURVE('',#3570,#3197,#4095,.T.);
#2908=EDGE_CURVE('',#3571,#3214,#4096,.T.);
#2909=EDGE_CURVE('',#3572,#3213,#4097,.T.);
#2910=EDGE_CURVE('',#3573,#3212,#4098,.T.);
#2911=EDGE_CURVE('',#3574,#3211,#4099,.T.);
#2912=EDGE_CURVE('',#3575,#3210,#4100,.T.);
#2913=EDGE_CURVE('',#3576,#3209,#4101,.T.);
#2914=EDGE_CURVE('',#3577,#3208,#4102,.T.);
#2915=EDGE_CURVE('',#3578,#3207,#4103,.T.);
#2916=EDGE_CURVE('',#3579,#3206,#4104,.T.);
#2917=EDGE_CURVE('',#3580,#3205,#4105,.T.);
#2918=EDGE_CURVE('',#3581,#3204,#4106,.T.);
#2919=EDGE_CURVE('',#3582,#3203,#4107,.T.);
#2920=EDGE_CURVE('',#3583,#3202,#4108,.T.);
#2921=EDGE_CURVE('',#3584,#3201,#4109,.T.);
#2922=EDGE_CURVE('',#3585,#3200,#4110,.T.);
#2923=EDGE_CURVE('',#3402,#3217,#4111,.T.);
#2924=EDGE_CURVE('',#3401,#3216,#4112,.T.);
#2925=EDGE_CURVE('',#3403,#3215,#4113,.T.);
#2926=EDGE_CURVE('',#3404,#3232,#4114,.T.);
#2927=EDGE_CURVE('',#3405,#3231,#4115,.T.);
#2928=EDGE_CURVE('',#3406,#3230,#4116,.T.);
#2929=EDGE_CURVE('',#3407,#3229,#4117,.T.);
#2930=EDGE_CURVE('',#3408,#3228,#4118,.T.);
#2931=EDGE_CURVE('',#3409,#3227,#4119,.T.);
#2932=EDGE_CURVE('',#3410,#3226,#4120,.T.);
#2933=EDGE_CURVE('',#3411,#3225,#4121,.T.);
#2934=EDGE_CURVE('',#3412,#3224,#4122,.T.);
#2935=EDGE_CURVE('',#3413,#3223,#4123,.T.);
#2936=EDGE_CURVE('',#3414,#3222,#4124,.T.);
#2937=EDGE_CURVE('',#3415,#3221,#4125,.T.);
#2938=EDGE_CURVE('',#3416,#3220,#4126,.T.);
#2939=EDGE_CURVE('',#3417,#3219,#4127,.T.);
#2940=EDGE_CURVE('',#3418,#3218,#4128,.T.);
#2941=EDGE_CURVE('',#3587,#3235,#4129,.T.);
#2942=EDGE_CURVE('',#3586,#3234,#4130,.T.);
#2943=EDGE_CURVE('',#3588,#3233,#4131,.T.);
#2944=EDGE_CURVE('',#3589,#3236,#4132,.T.);
#2945=EDGE_CURVE('',#3398,#3239,#4133,.T.);
#2946=EDGE_CURVE('',#3397,#3238,#4134,.T.);
#2947=EDGE_CURVE('',#3399,#3237,#4135,.T.);
#2948=EDGE_CURVE('',#3400,#3240,#4136,.T.);
#2949=EDGE_CURVE('',#3591,#3243,#4137,.T.);
#2950=EDGE_CURVE('',#3590,#3242,#4138,.T.);
#2951=EDGE_CURVE('',#3592,#3241,#4139,.T.);
#2952=EDGE_CURVE('',#3593,#3244,#4140,.T.);
#2953=EDGE_CURVE('',#3390,#3247,#4141,.T.);
#2954=EDGE_CURVE('',#3389,#3246,#4142,.T.);
#2955=EDGE_CURVE('',#3391,#3245,#4143,.T.);
#2956=EDGE_CURVE('',#3392,#3252,#4144,.T.);
#2957=EDGE_CURVE('',#3393,#3251,#4145,.T.);
#2958=EDGE_CURVE('',#3394,#3250,#4146,.T.);
#2959=EDGE_CURVE('',#3395,#3249,#4147,.T.);
#2960=EDGE_CURVE('',#3396,#3248,#4148,.T.);
#2961=EDGE_CURVE('',#3595,#3255,#4149,.T.);
#2962=EDGE_CURVE('',#3594,#3254,#4150,.T.);
#2963=EDGE_CURVE('',#3596,#3253,#4151,.T.);
#2964=EDGE_CURVE('',#3597,#3260,#4152,.T.);
#2965=EDGE_CURVE('',#3598,#3259,#4153,.T.);
#2966=EDGE_CURVE('',#3599,#3258,#4154,.T.);
#2967=EDGE_CURVE('',#3600,#3257,#4155,.T.);
#2968=EDGE_CURVE('',#3601,#3256,#4156,.T.);
#2969=EDGE_CURVE('',#3386,#3263,#4157,.T.);
#2970=EDGE_CURVE('',#3385,#3262,#4158,.T.);
#2971=EDGE_CURVE('',#3387,#3261,#4159,.T.);
#2972=EDGE_CURVE('',#3388,#3264,#4160,.T.);
#2973=EDGE_CURVE('',#3603,#3267,#4161,.T.);
#2974=EDGE_CURVE('',#3602,#3266,#4162,.T.);
#2975=EDGE_CURVE('',#3604,#3265,#4163,.T.);
#2976=EDGE_CURVE('',#3605,#3268,#4164,.T.);
#2977=EDGE_CURVE('',#3382,#3271,#4165,.T.);
#2978=EDGE_CURVE('',#3381,#3270,#4166,.T.);
#2979=EDGE_CURVE('',#3383,#3269,#4167,.T.);
#2980=EDGE_CURVE('',#3384,#3272,#4168,.T.);
#2981=EDGE_CURVE('',#3607,#3275,#4169,.T.);
#2982=EDGE_CURVE('',#3606,#3274,#4170,.T.);
#2983=EDGE_CURVE('',#3608,#3273,#4171,.T.);
#2984=EDGE_CURVE('',#3609,#3276,#4172,.T.);
#2985=EDGE_CURVE('',#3378,#3279,#4173,.T.);
#2986=EDGE_CURVE('',#3377,#3278,#4174,.T.);
#2987=EDGE_CURVE('',#3379,#3277,#4175,.T.);
#2988=EDGE_CURVE('',#3380,#3280,#4176,.T.);
#2989=EDGE_CURVE('',#3611,#3283,#4177,.T.);
#2990=EDGE_CURVE('',#3610,#3282,#4178,.T.);
#2991=EDGE_CURVE('',#3612,#3281,#4179,.T.);
#2992=EDGE_CURVE('',#3613,#3286,#4180,.T.);
#2993=EDGE_CURVE('',#3614,#3285,#4181,.T.);
#2994=EDGE_CURVE('',#3615,#3284,#4182,.T.);
#2995=EDGE_CURVE('',#3366,#3289,#4183,.T.);
#2996=EDGE_CURVE('',#3365,#3288,#4184,.T.);
#2997=EDGE_CURVE('',#3367,#3287,#4185,.T.);
#2998=EDGE_CURVE('',#3368,#3298,#4186,.T.);
#2999=EDGE_CURVE('',#3369,#3297,#4187,.T.);
#3000=EDGE_CURVE('',#3370,#3296,#4188,.T.);
#3001=EDGE_CURVE('',#3371,#3295,#4189,.T.);
#3002=EDGE_CURVE('',#3372,#3294,#4190,.T.);
#3003=EDGE_CURVE('',#3373,#3293,#4191,.T.);
#3004=EDGE_CURVE('',#3374,#3292,#4192,.T.);
#3005=EDGE_CURVE('',#3375,#3291,#4193,.T.);
#3006=EDGE_CURVE('',#3376,#3290,#4194,.T.);
#3007=EDGE_CURVE('',#3617,#3301,#4195,.T.);
#3008=EDGE_CURVE('',#3616,#3300,#4196,.T.);
#3009=EDGE_CURVE('',#3618,#3299,#4197,.T.);
#3010=EDGE_CURVE('',#3619,#3310,#4198,.T.);
#3011=EDGE_CURVE('',#3620,#3309,#4199,.T.);
#3012=EDGE_CURVE('',#3621,#3308,#4200,.T.);
#3013=EDGE_CURVE('',#3622,#3307,#4201,.T.);
#3014=EDGE_CURVE('',#3623,#3306,#4202,.T.);
#3015=EDGE_CURVE('',#3624,#3305,#4203,.T.);
#3016=EDGE_CURVE('',#3625,#3304,#4204,.T.);
#3017=EDGE_CURVE('',#3626,#3303,#4205,.T.);
#3018=EDGE_CURVE('',#3627,#3302,#4206,.T.);
#3019=EDGE_CURVE('',#3341,#3313,#4207,.T.);
#3020=EDGE_CURVE('',#3340,#3312,#4208,.T.);
#3021=EDGE_CURVE('',#3342,#3311,#4209,.T.);
#3022=EDGE_CURVE('',#3343,#3335,#4210,.T.);
#3023=EDGE_CURVE('',#3344,#3334,#4211,.T.);
#3024=EDGE_CURVE('',#3345,#3333,#4212,.T.);
#3025=EDGE_CURVE('',#3346,#3332,#4213,.T.);
#3026=EDGE_CURVE('',#3347,#3331,#4214,.T.);
#3027=EDGE_CURVE('',#3348,#3330,#4215,.T.);
#3028=EDGE_CURVE('',#3349,#3329,#4216,.T.);
#3029=EDGE_CURVE('',#3350,#3328,#4217,.T.);
#3030=EDGE_CURVE('',#3351,#3327,#4218,.T.);
#3031=EDGE_CURVE('',#3352,#3326,#4219,.T.);
#3032=EDGE_CURVE('',#3353,#3325,#4220,.T.);
#3033=EDGE_CURVE('',#3354,#3324,#4221,.T.);
#3034=EDGE_CURVE('',#3355,#3323,#4222,.T.);
#3035=EDGE_CURVE('',#3356,#3322,#4223,.T.);
#3036=EDGE_CURVE('',#3357,#3321,#4224,.T.);
#3037=EDGE_CURVE('',#3358,#3320,#4225,.T.);
#3038=EDGE_CURVE('',#3359,#3319,#4226,.T.);
#3039=EDGE_CURVE('',#3360,#3318,#4227,.T.);
#3040=EDGE_CURVE('',#3361,#3317,#4228,.T.);
#3041=EDGE_CURVE('',#3362,#3316,#4229,.T.);
#3042=EDGE_CURVE('',#3363,#3315,#4230,.T.);
#3043=EDGE_CURVE('',#3364,#3314,#4231,.T.);
#3044=EDGE_CURVE('',#3629,#3338,#4232,.T.);
#3045=EDGE_CURVE('',#3628,#3337,#4233,.T.);
#3046=EDGE_CURVE('',#3630,#3336,#4234,.T.);
#3047=EDGE_CURVE('',#3631,#3339,#4235,.T.);
#3048=VERTEX_POINT('',#7764);
#3049=VERTEX_POINT('',#7765);
#3050=VERTEX_POINT('',#7767);
#3051=VERTEX_POINT('',#7769);
#3052=VERTEX_POINT('',#7772);
#3053=VERTEX_POINT('',#7773);
#3054=VERTEX_POINT('',#7775);
#3055=VERTEX_POINT('',#7777);
#3056=VERTEX_POINT('',#7780);
#3057=VERTEX_POINT('',#7781);
#3058=VERTEX_POINT('',#7783);
#3059=VERTEX_POINT('',#7785);
#3060=VERTEX_POINT('',#7788);
#3061=VERTEX_POINT('',#7789);
#3062=VERTEX_POINT('',#7791);
#3063=VERTEX_POINT('',#7793);
#3064=VERTEX_POINT('',#7796);
#3065=VERTEX_POINT('',#7797);
#3066=VERTEX_POINT('',#7799);
#3067=VERTEX_POINT('',#7801);
#3068=VERTEX_POINT('',#7804);
#3069=VERTEX_POINT('',#7805);
#3070=VERTEX_POINT('',#7807);
#3071=VERTEX_POINT('',#7809);
#3072=VERTEX_POINT('',#7812);
#3073=VERTEX_POINT('',#7813);
#3074=VERTEX_POINT('',#7815);
#3075=VERTEX_POINT('',#7817);
#3076=VERTEX_POINT('',#7820);
#3077=VERTEX_POINT('',#7821);
#3078=VERTEX_POINT('',#7823);
#3079=VERTEX_POINT('',#7825);
#3080=VERTEX_POINT('',#7828);
#3081=VERTEX_POINT('',#7829);
#3082=VERTEX_POINT('',#7831);
#3083=VERTEX_POINT('',#7833);
#3084=VERTEX_POINT('',#7836);
#3085=VERTEX_POINT('',#7837);
#3086=VERTEX_POINT('',#7839);
#3087=VERTEX_POINT('',#7841);
#3088=VERTEX_POINT('',#7844);
#3089=VERTEX_POINT('',#7845);
#3090=VERTEX_POINT('',#7847);
#3091=VERTEX_POINT('',#7849);
#3092=VERTEX_POINT('',#7852);
#3093=VERTEX_POINT('',#7853);
#3094=VERTEX_POINT('',#7855);
#3095=VERTEX_POINT('',#7857);
#3096=VERTEX_POINT('',#7860);
#3097=VERTEX_POINT('',#7861);
#3098=VERTEX_POINT('',#7863);
#3099=VERTEX_POINT('',#7865);
#3100=VERTEX_POINT('',#7867);
#3101=VERTEX_POINT('',#7869);
#3102=VERTEX_POINT('',#7871);
#3103=VERTEX_POINT('',#7873);
#3104=VERTEX_POINT('',#7875);
#3105=VERTEX_POINT('',#7877);
#3106=VERTEX_POINT('',#7879);
#3107=VERTEX_POINT('',#7883);
#3108=VERTEX_POINT('',#7887);
#3109=VERTEX_POINT('',#7889);
#3110=VERTEX_POINT('',#7891);
#3111=VERTEX_POINT('',#7895);
#3112=VERTEX_POINT('',#7899);
#3113=VERTEX_POINT('',#7901);
#3114=VERTEX_POINT('',#7903);
#3115=VERTEX_POINT('',#7905);
#3116=VERTEX_POINT('',#7907);
#3117=VERTEX_POINT('',#7909);
#3118=VERTEX_POINT('',#7911);
#3119=VERTEX_POINT('',#7915);
#3120=VERTEX_POINT('',#7919);
#3121=VERTEX_POINT('',#7922);
#3122=VERTEX_POINT('',#7923);
#3123=VERTEX_POINT('',#7925);
#3124=VERTEX_POINT('',#7927);
#3125=VERTEX_POINT('',#7930);
#3126=VERTEX_POINT('',#7931);
#3127=VERTEX_POINT('',#7933);
#3128=VERTEX_POINT('',#7935);
#3129=VERTEX_POINT('',#7937);
#3130=VERTEX_POINT('',#7939);
#3131=VERTEX_POINT('',#7941);
#3132=VERTEX_POINT('',#7943);
#3133=VERTEX_POINT('',#7945);
#3134=VERTEX_POINT('',#7947);
#3135=VERTEX_POINT('',#7949);
#3136=VERTEX_POINT('',#7951);
#3137=VERTEX_POINT('',#7956);
#3138=VERTEX_POINT('',#7957);
#3139=VERTEX_POINT('',#7961);
#3140=VERTEX_POINT('',#7963);
#3141=VERTEX_POINT('',#7965);
#3142=VERTEX_POINT('',#7967);
#3143=VERTEX_POINT('',#7969);
#3144=VERTEX_POINT('',#7971);
#3145=VERTEX_POINT('',#7975);
#3146=VERTEX_POINT('',#7979);
#3147=VERTEX_POINT('',#7981);
#3148=VERTEX_POINT('',#7983);
#3149=VERTEX_POINT('',#7985);
#3150=VERTEX_POINT('',#7987);
#3151=VERTEX_POINT('',#7990);
#3152=VERTEX_POINT('',#7991);
#3153=VERTEX_POINT('',#7993);
#3154=VERTEX_POINT('',#7995);
#3155=VERTEX_POINT('',#7997);
#3156=VERTEX_POINT('',#8001);
#3157=VERTEX_POINT('',#8003);
#3158=VERTEX_POINT('',#8005);
#3159=VERTEX_POINT('',#8009);
#3160=VERTEX_POINT('',#8011);
#3161=VERTEX_POINT('',#8013);
#3162=VERTEX_POINT('',#8016);
#3163=VERTEX_POINT('',#8017);
#3164=VERTEX_POINT('',#8021);
#3165=VERTEX_POINT('',#8025);
#3166=VERTEX_POINT('',#8027);
#3167=VERTEX_POINT('',#8029);
#3168=VERTEX_POINT('',#8033);
#3169=VERTEX_POINT('',#8037);
#3170=VERTEX_POINT('',#8041);
#3171=VERTEX_POINT('',#8043);
#3172=VERTEX_POINT('',#8047);
#3173=VERTEX_POINT('',#8049);
#3174=VERTEX_POINT('',#8051);
#3175=VERTEX_POINT('',#8053);
#3176=VERTEX_POINT('',#8055);
#3177=VERTEX_POINT('',#8059);
#3178=VERTEX_POINT('',#8063);
#3179=VERTEX_POINT('',#8065);
#3180=VERTEX_POINT('',#8067);
#3181=VERTEX_POINT('',#8071);
#3182=VERTEX_POINT('',#8075);
#3183=VERTEX_POINT('',#8077);
#3184=VERTEX_POINT('',#8080);
#3185=VERTEX_POINT('',#8081);
#3186=VERTEX_POINT('',#8083);
#3187=VERTEX_POINT('',#8085);
#3188=VERTEX_POINT('',#8087);
#3189=VERTEX_POINT('',#8091);
#3190=VERTEX_POINT('',#8093);
#3191=VERTEX_POINT('',#8095);
#3192=VERTEX_POINT('',#8097);
#3193=VERTEX_POINT('',#8099);
#3194=VERTEX_POINT('',#8101);
#3195=VERTEX_POINT('',#8105);
#3196=VERTEX_POINT('',#8109);
#3197=VERTEX_POINT('',#8116);
#3198=VERTEX_POINT('',#8117);
#3199=VERTEX_POINT('',#8121);
#3200=VERTEX_POINT('',#8125);
#3201=VERTEX_POINT('',#8127);
#3202=VERTEX_POINT('',#8129);
#3203=VERTEX_POINT('',#8131);
#3204=VERTEX_POINT('',#8133);
#3205=VERTEX_POINT('',#8137);
#3206=VERTEX_POINT('',#8141);
#3207=VERTEX_POINT('',#8145);
#3208=VERTEX_POINT('',#8149);
#3209=VERTEX_POINT('',#8153);
#3210=VERTEX_POINT('',#8157);
#3211=VERTEX_POINT('',#8159);
#3212=VERTEX_POINT('',#8161);
#3213=VERTEX_POINT('',#8163);
#3214=VERTEX_POINT('',#8165);
#3215=VERTEX_POINT('',#8170);
#3216=VERTEX_POINT('',#8171);
#3217=VERTEX_POINT('',#8173);
#3218=VERTEX_POINT('',#8175);
#3219=VERTEX_POINT('',#8179);
#3220=VERTEX_POINT('',#8183);
#3221=VERTEX_POINT('',#8187);
#3222=VERTEX_POINT('',#8191);
#3223=VERTEX_POINT('',#8193);
#3224=VERTEX_POINT('',#8195);
#3225=VERTEX_POINT('',#8197);
#3226=VERTEX_POINT('',#8199);
#3227=VERTEX_POINT('',#8203);
#3228=VERTEX_POINT('',#8207);
#3229=VERTEX_POINT('',#8211);
#3230=VERTEX_POINT('',#8215);
#3231=VERTEX_POINT('',#8219);
#3232=VERTEX_POINT('',#8223);
#3233=VERTEX_POINT('',#8226);
#3234=VERTEX_POINT('',#8227);
#3235=VERTEX_POINT('',#8229);
#3236=VERTEX_POINT('',#8231);
#3237=VERTEX_POINT('',#8234);
#3238=VERTEX_POINT('',#8235);
#3239=VERTEX_POINT('',#8237);
#3240=VERTEX_POINT('',#8239);
#3241=VERTEX_POINT('',#8242);
#3242=VERTEX_POINT('',#8243);
#3243=VERTEX_POINT('',#8245);
#3244=VERTEX_POINT('',#8247);
#3245=VERTEX_POINT('',#8250);
#3246=VERTEX_POINT('',#8251);
#3247=VERTEX_POINT('',#8253);
#3248=VERTEX_POINT('',#8255);
#3249=VERTEX_POINT('',#8257);
#3250=VERTEX_POINT('',#8259);
#3251=VERTEX_POINT('',#8261);
#3252=VERTEX_POINT('',#8263);
#3253=VERTEX_POINT('',#8266);
#3254=VERTEX_POINT('',#8267);
#3255=VERTEX_POINT('',#8269);
#3256=VERTEX_POINT('',#8271);
#3257=VERTEX_POINT('',#8273);
#3258=VERTEX_POINT('',#8275);
#3259=VERTEX_POINT('',#8277);
#3260=VERTEX_POINT('',#8279);
#3261=VERTEX_POINT('',#8282);
#3262=VERTEX_POINT('',#8283);
#3263=VERTEX_POINT('',#8285);
#3264=VERTEX_POINT('',#8287);
#3265=VERTEX_POINT('',#8290);
#3266=VERTEX_POINT('',#8291);
#3267=VERTEX_POINT('',#8293);
#3268=VERTEX_POINT('',#8295);
#3269=VERTEX_POINT('',#8298);
#3270=VERTEX_POINT('',#8299);
#3271=VERTEX_POINT('',#8301);
#3272=VERTEX_POINT('',#8303);
#3273=VERTEX_POINT('',#8306);
#3274=VERTEX_POINT('',#8307);
#3275=VERTEX_POINT('',#8309);
#3276=VERTEX_POINT('',#8311);
#3277=VERTEX_POINT('',#8314);
#3278=VERTEX_POINT('',#8315);
#3279=VERTEX_POINT('',#8317);
#3280=VERTEX_POINT('',#8319);
#3281=VERTEX_POINT('',#8322);
#3282=VERTEX_POINT('',#8323);
#3283=VERTEX_POINT('',#8325);
#3284=VERTEX_POINT('',#8327);
#3285=VERTEX_POINT('',#8329);
#3286=VERTEX_POINT('',#8331);
#3287=VERTEX_POINT('',#8334);
#3288=VERTEX_POINT('',#8335);
#3289=VERTEX_POINT('',#8337);
#3290=VERTEX_POINT('',#8341);
#3291=VERTEX_POINT('',#8345);
#3292=VERTEX_POINT('',#8347);
#3293=VERTEX_POINT('',#8351);
#3294=VERTEX_POINT('',#8353);
#3295=VERTEX_POINT('',#8355);
#3296=VERTEX_POINT('',#8359);
#3297=VERTEX_POINT('',#8363);
#3298=VERTEX_POINT('',#8367);
#3299=VERTEX_POINT('',#8370);
#3300=VERTEX_POINT('',#8371);
#3301=VERTEX_POINT('',#8375);
#3302=VERTEX_POINT('',#8379);
#3303=VERTEX_POINT('',#8383);
#3304=VERTEX_POINT('',#8385);
#3305=VERTEX_POINT('',#8387);
#3306=VERTEX_POINT('',#8391);
#3307=VERTEX_POINT('',#8393);
#3308=VERTEX_POINT('',#8397);
#3309=VERTEX_POINT('',#8401);
#3310=VERTEX_POINT('',#8403);
#3311=VERTEX_POINT('',#8406);
#3312=VERTEX_POINT('',#8407);
#3313=VERTEX_POINT('',#8409);
#3314=VERTEX_POINT('',#8411);
#3315=VERTEX_POINT('',#8413);
#3316=VERTEX_POINT('',#8415);
#3317=VERTEX_POINT('',#8417);
#3318=VERTEX_POINT('',#8419);
#3319=VERTEX_POINT('',#8421);
#3320=VERTEX_POINT('',#8423);
#3321=VERTEX_POINT('',#8425);
#3322=VERTEX_POINT('',#8429);
#3323=VERTEX_POINT('',#8433);
#3324=VERTEX_POINT('',#8435);
#3325=VERTEX_POINT('',#8437);
#3326=VERTEX_POINT('',#8441);
#3327=VERTEX_POINT('',#8445);
#3328=VERTEX_POINT('',#8447);
#3329=VERTEX_POINT('',#8449);
#3330=VERTEX_POINT('',#8451);
#3331=VERTEX_POINT('',#8453);
#3332=VERTEX_POINT('',#8455);
#3333=VERTEX_POINT('',#8457);
#3334=VERTEX_POINT('',#8461);
#3335=VERTEX_POINT('',#8465);
#3336=VERTEX_POINT('',#8468);
#3337=VERTEX_POINT('',#8469);
#3338=VERTEX_POINT('',#8471);
#3339=VERTEX_POINT('',#8473);
#3340=VERTEX_POINT('',#8477);
#3341=VERTEX_POINT('',#8478);
#3342=VERTEX_POINT('',#8480);
#3343=VERTEX_POINT('',#8482);
#3344=VERTEX_POINT('',#8486);
#3345=VERTEX_POINT('',#8490);
#3346=VERTEX_POINT('',#8492);
#3347=VERTEX_POINT('',#8494);
#3348=VERTEX_POINT('',#8496);
#3349=VERTEX_POINT('',#8498);
#3350=VERTEX_POINT('',#8500);
#3351=VERTEX_POINT('',#8502);
#3352=VERTEX_POINT('',#8506);
#3353=VERTEX_POINT('',#8510);
#3354=VERTEX_POINT('',#8512);
#3355=VERTEX_POINT('',#8514);
#3356=VERTEX_POINT('',#8518);
#3357=VERTEX_POINT('',#8522);
#3358=VERTEX_POINT('',#8524);
#3359=VERTEX_POINT('',#8526);
#3360=VERTEX_POINT('',#8528);
#3361=VERTEX_POINT('',#8530);
#3362=VERTEX_POINT('',#8532);
#3363=VERTEX_POINT('',#8534);
#3364=VERTEX_POINT('',#8536);
#3365=VERTEX_POINT('',#8539);
#3366=VERTEX_POINT('',#8540);
#3367=VERTEX_POINT('',#8542);
#3368=VERTEX_POINT('',#8544);
#3369=VERTEX_POINT('',#8548);
#3370=VERTEX_POINT('',#8552);
#3371=VERTEX_POINT('',#8556);
#3372=VERTEX_POINT('',#8558);
#3373=VERTEX_POINT('',#8560);
#3374=VERTEX_POINT('',#8564);
#3375=VERTEX_POINT('',#8566);
#3376=VERTEX_POINT('',#8570);
#3377=VERTEX_POINT('',#8575);
#3378=VERTEX_POINT('',#8576);
#3379=VERTEX_POINT('',#8578);
#3380=VERTEX_POINT('',#8580);
#3381=VERTEX_POINT('',#8583);
#3382=VERTEX_POINT('',#8584);
#3383=VERTEX_POINT('',#8586);
#3384=VERTEX_POINT('',#8588);
#3385=VERTEX_POINT('',#8591);
#3386=VERTEX_POINT('',#8592);
#3387=VERTEX_POINT('',#8594);
#3388=VERTEX_POINT('',#8596);
#3389=VERTEX_POINT('',#8599);
#3390=VERTEX_POINT('',#8600);
#3391=VERTEX_POINT('',#8602);
#3392=VERTEX_POINT('',#8604);
#3393=VERTEX_POINT('',#8606);
#3394=VERTEX_POINT('',#8608);
#3395=VERTEX_POINT('',#8610);
#3396=VERTEX_POINT('',#8612);
#3397=VERTEX_POINT('',#8615);
#3398=VERTEX_POINT('',#8616);
#3399=VERTEX_POINT('',#8618);
#3400=VERTEX_POINT('',#8620);
#3401=VERTEX_POINT('',#8623);
#3402=VERTEX_POINT('',#8624);
#3403=VERTEX_POINT('',#8626);
#3404=VERTEX_POINT('',#8628);
#3405=VERTEX_POINT('',#8632);
#3406=VERTEX_POINT('',#8636);
#3407=VERTEX_POINT('',#8640);
#3408=VERTEX_POINT('',#8644);
#3409=VERTEX_POINT('',#8648);
#3410=VERTEX_POINT('',#8652);
#3411=VERTEX_POINT('',#8654);
#3412=VERTEX_POINT('',#8656);
#3413=VERTEX_POINT('',#8658);
#3414=VERTEX_POINT('',#8660);
#3415=VERTEX_POINT('',#8664);
#3416=VERTEX_POINT('',#8668);
#3417=VERTEX_POINT('',#8672);
#3418=VERTEX_POINT('',#8676);
#3419=VERTEX_POINT('',#8679);
#3420=VERTEX_POINT('',#8680);
#3421=VERTEX_POINT('',#8682);
#3422=VERTEX_POINT('',#8686);
#3423=VERTEX_POINT('',#8690);
#3424=VERTEX_POINT('',#8694);
#3425=VERTEX_POINT('',#8696);
#3426=VERTEX_POINT('',#8698);
#3427=VERTEX_POINT('',#8700);
#3428=VERTEX_POINT('',#8702);
#3429=VERTEX_POINT('',#8704);
#3430=VERTEX_POINT('',#8708);
#3431=VERTEX_POINT('',#8710);
#3432=VERTEX_POINT('',#8713);
#3433=VERTEX_POINT('',#8714);
#3434=VERTEX_POINT('',#8716);
#3435=VERTEX_POINT('',#8718);
#3436=VERTEX_POINT('',#8720);
#3437=VERTEX_POINT('',#8722);
#3438=VERTEX_POINT('',#8726);
#3439=VERTEX_POINT('',#8728);
#3440=VERTEX_POINT('',#8730);
#3441=VERTEX_POINT('',#8734);
#3442=VERTEX_POINT('',#8736);
#3443=VERTEX_POINT('',#8739);
#3444=VERTEX_POINT('',#8740);
#3445=VERTEX_POINT('',#8742);
#3446=VERTEX_POINT('',#8744);
#3447=VERTEX_POINT('',#8746);
#3448=VERTEX_POINT('',#8748);
#3449=VERTEX_POINT('',#8750);
#3450=VERTEX_POINT('',#8752);
#3451=VERTEX_POINT('',#8754);
#3452=VERTEX_POINT('',#8756);
#3453=VERTEX_POINT('',#8758);
#3454=VERTEX_POINT('',#8760);
#3455=VERTEX_POINT('',#8763);
#3456=VERTEX_POINT('',#8764);
#3457=VERTEX_POINT('',#8766);
#3458=VERTEX_POINT('',#8768);
#3459=VERTEX_POINT('',#8772);
#3460=VERTEX_POINT('',#8776);
#3461=VERTEX_POINT('',#8778);
#3462=VERTEX_POINT('',#8780);
#3463=VERTEX_POINT('',#8782);
#3464=VERTEX_POINT('',#8784);
#3465=VERTEX_POINT('',#8786);
#3466=VERTEX_POINT('',#8788);
#3467=VERTEX_POINT('',#8792);
#3468=VERTEX_POINT('',#8796);
#3469=VERTEX_POINT('',#8798);
#3470=VERTEX_POINT('',#8800);
#3471=VERTEX_POINT('',#8804);
#3472=VERTEX_POINT('',#8808);
#3473=VERTEX_POINT('',#8810);
#3474=VERTEX_POINT('',#8812);
#3475=VERTEX_POINT('',#8814);
#3476=VERTEX_POINT('',#8816);
#3477=VERTEX_POINT('',#8818);
#3478=VERTEX_POINT('',#8820);
#3479=VERTEX_POINT('',#8822);
#3480=VERTEX_POINT('',#8825);
#3481=VERTEX_POINT('',#8826);
#3482=VERTEX_POINT('',#8828);
#3483=VERTEX_POINT('',#8830);
#3484=VERTEX_POINT('',#8833);
#3485=VERTEX_POINT('',#8834);
#3486=VERTEX_POINT('',#8836);
#3487=VERTEX_POINT('',#8838);
#3488=VERTEX_POINT('',#8841);
#3489=VERTEX_POINT('',#8842);
#3490=VERTEX_POINT('',#8844);
#3491=VERTEX_POINT('',#8846);
#3492=VERTEX_POINT('',#8849);
#3493=VERTEX_POINT('',#8850);
#3494=VERTEX_POINT('',#8852);
#3495=VERTEX_POINT('',#8854);
#3496=VERTEX_POINT('',#8857);
#3497=VERTEX_POINT('',#8858);
#3498=VERTEX_POINT('',#8860);
#3499=VERTEX_POINT('',#8862);
#3500=VERTEX_POINT('',#8865);
#3501=VERTEX_POINT('',#8866);
#3502=VERTEX_POINT('',#8868);
#3503=VERTEX_POINT('',#8870);
#3504=VERTEX_POINT('',#8873);
#3505=VERTEX_POINT('',#8874);
#3506=VERTEX_POINT('',#8876);
#3507=VERTEX_POINT('',#8878);
#3508=VERTEX_POINT('',#8881);
#3509=VERTEX_POINT('',#8882);
#3510=VERTEX_POINT('',#8884);
#3511=VERTEX_POINT('',#8886);
#3512=VERTEX_POINT('',#8889);
#3513=VERTEX_POINT('',#8890);
#3514=VERTEX_POINT('',#8892);
#3515=VERTEX_POINT('',#8894);
#3516=VERTEX_POINT('',#8897);
#3517=VERTEX_POINT('',#8898);
#3518=VERTEX_POINT('',#8900);
#3519=VERTEX_POINT('',#8902);
#3520=VERTEX_POINT('',#8905);
#3521=VERTEX_POINT('',#8906);
#3522=VERTEX_POINT('',#8908);
#3523=VERTEX_POINT('',#8910);
#3524=VERTEX_POINT('',#8913);
#3525=VERTEX_POINT('',#8914);
#3526=VERTEX_POINT('',#8916);
#3527=VERTEX_POINT('',#8918);
#3528=VERTEX_POINT('',#8921);
#3529=VERTEX_POINT('',#8922);
#3530=VERTEX_POINT('',#8924);
#3531=VERTEX_POINT('',#8926);
#3532=VERTEX_POINT('',#8931);
#3533=VERTEX_POINT('',#8932);
#3534=VERTEX_POINT('',#8936);
#3535=VERTEX_POINT('',#8938);
#3536=VERTEX_POINT('',#8940);
#3537=VERTEX_POINT('',#8942);
#3538=VERTEX_POINT('',#8944);
#3539=VERTEX_POINT('',#8946);
#3540=VERTEX_POINT('',#8950);
#3541=VERTEX_POINT('',#8954);
#3542=VERTEX_POINT('',#8956);
#3543=VERTEX_POINT('',#8958);
#3544=VERTEX_POINT('',#8960);
#3545=VERTEX_POINT('',#8962);
#3546=VERTEX_POINT('',#8967);
#3547=VERTEX_POINT('',#8968);
#3548=VERTEX_POINT('',#8970);
#3549=VERTEX_POINT('',#8972);
#3550=VERTEX_POINT('',#8974);
#3551=VERTEX_POINT('',#8978);
#3552=VERTEX_POINT('',#8982);
#3553=VERTEX_POINT('',#8984);
#3554=VERTEX_POINT('',#8986);
#3555=VERTEX_POINT('',#8990);
#3556=VERTEX_POINT('',#8994);
#3557=VERTEX_POINT('',#8996);
#3558=VERTEX_POINT('',#8998);
#3559=VERTEX_POINT('',#9000);
#3560=VERTEX_POINT('',#9002);
#3561=VERTEX_POINT('',#9006);
#3562=VERTEX_POINT('',#9008);
#3563=VERTEX_POINT('',#9012);
#3564=VERTEX_POINT('',#9016);
#3565=VERTEX_POINT('',#9020);
#3566=VERTEX_POINT('',#9022);
#3567=VERTEX_POINT('',#9024);
#3568=VERTEX_POINT('',#9031);
#3569=VERTEX_POINT('',#9032);
#3570=VERTEX_POINT('',#9036);
#3571=VERTEX_POINT('',#9040);
#3572=VERTEX_POINT('',#9042);
#3573=VERTEX_POINT('',#9044);
#3574=VERTEX_POINT('',#9046);
#3575=VERTEX_POINT('',#9048);
#3576=VERTEX_POINT('',#9052);
#3577=VERTEX_POINT('',#9056);
#3578=VERTEX_POINT('',#9060);
#3579=VERTEX_POINT('',#9064);
#3580=VERTEX_POINT('',#9068);
#3581=VERTEX_POINT('',#9072);
#3582=VERTEX_POINT('',#9074);
#3583=VERTEX_POINT('',#9076);
#3584=VERTEX_POINT('',#9078);
#3585=VERTEX_POINT('',#9080);
#3586=VERTEX_POINT('',#9085);
#3587=VERTEX_POINT('',#9086);
#3588=VERTEX_POINT('',#9088);
#3589=VERTEX_POINT('',#9090);
#3590=VERTEX_POINT('',#9093);
#3591=VERTEX_POINT('',#9094);
#3592=VERTEX_POINT('',#9096);
#3593=VERTEX_POINT('',#9098);
#3594=VERTEX_POINT('',#9101);
#3595=VERTEX_POINT('',#9102);
#3596=VERTEX_POINT('',#9104);
#3597=VERTEX_POINT('',#9106);
#3598=VERTEX_POINT('',#9108);
#3599=VERTEX_POINT('',#9110);
#3600=VERTEX_POINT('',#9112);
#3601=VERTEX_POINT('',#9114);
#3602=VERTEX_POINT('',#9117);
#3603=VERTEX_POINT('',#9118);
#3604=VERTEX_POINT('',#9120);
#3605=VERTEX_POINT('',#9122);
#3606=VERTEX_POINT('',#9125);
#3607=VERTEX_POINT('',#9126);
#3608=VERTEX_POINT('',#9128);
#3609=VERTEX_POINT('',#9130);
#3610=VERTEX_POINT('',#9133);
#3611=VERTEX_POINT('',#9134);
#3612=VERTEX_POINT('',#9136);
#3613=VERTEX_POINT('',#9138);
#3614=VERTEX_POINT('',#9140);
#3615=VERTEX_POINT('',#9142);
#3616=VERTEX_POINT('',#9147);
#3617=VERTEX_POINT('',#9148);
#3618=VERTEX_POINT('',#9150);
#3619=VERTEX_POINT('',#9152);
#3620=VERTEX_POINT('',#9154);
#3621=VERTEX_POINT('',#9158);
#3622=VERTEX_POINT('',#9162);
#3623=VERTEX_POINT('',#9164);
#3624=VERTEX_POINT('',#9168);
#3625=VERTEX_POINT('',#9170);
#3626=VERTEX_POINT('',#9172);
#3627=VERTEX_POINT('',#9176);
#3628=VERTEX_POINT('',#9181);
#3629=VERTEX_POINT('',#9182);
#3630=VERTEX_POINT('',#9184);
#3631=VERTEX_POINT('',#9186);
#3632=LINE('',#7763,#4236);
#3633=LINE('',#7766,#4237);
#3634=LINE('',#7768,#4238);
#3635=LINE('',#7770,#4239);
#3636=LINE('',#7771,#4240);
#3637=LINE('',#7774,#4241);
#3638=LINE('',#7776,#4242);
#3639=LINE('',#7778,#4243);
#3640=LINE('',#7779,#4244);
#3641=LINE('',#7782,#4245);
#3642=LINE('',#7784,#4246);
#3643=LINE('',#7786,#4247);
#3644=LINE('',#7787,#4248);
#3645=LINE('',#7790,#4249);
#3646=LINE('',#7792,#4250);
#3647=LINE('',#7794,#4251);
#3648=LINE('',#7795,#4252);
#3649=LINE('',#7798,#4253);
#3650=LINE('',#7800,#4254);
#3651=LINE('',#7802,#4255);
#3652=LINE('',#7803,#4256);
#3653=LINE('',#7806,#4257);
#3654=LINE('',#7808,#4258);
#3655=LINE('',#7810,#4259);
#3656=LINE('',#7811,#4260);
#3657=LINE('',#7814,#4261);
#3658=LINE('',#7816,#4262);
#3659=LINE('',#7818,#4263);
#3660=LINE('',#7819,#4264);
#3661=LINE('',#7822,#4265);
#3662=LINE('',#7824,#4266);
#3663=LINE('',#7826,#4267);
#3664=LINE('',#7827,#4268);
#3665=LINE('',#7830,#4269);
#3666=LINE('',#7832,#4270);
#3667=LINE('',#7834,#4271);
#3668=LINE('',#7835,#4272);
#3669=LINE('',#7838,#4273);
#3670=LINE('',#7840,#4274);
#3671=LINE('',#7842,#4275);
#3672=LINE('',#7843,#4276);
#3673=LINE('',#7846,#4277);
#3674=LINE('',#7848,#4278);
#3675=LINE('',#7850,#4279);
#3676=LINE('',#7851,#4280);
#3677=LINE('',#7854,#4281);
#3678=LINE('',#7856,#4282);
#3679=LINE('',#7858,#4283);
#3680=LINE('',#7859,#4284);
#3681=LINE('',#7862,#4285);
#3682=LINE('',#7864,#4286);
#3683=LINE('',#7870,#4287);
#3684=LINE('',#7872,#4288);
#3685=LINE('',#7874,#4289);
#3686=LINE('',#7900,#4290);
#3687=LINE('',#7902,#4291);
#3688=LINE('',#7904,#4292);
#3689=LINE('',#7921,#4293);
#3690=LINE('',#7924,#4294);
#3691=LINE('',#7926,#4295);
#3692=LINE('',#7928,#4296);
#3693=LINE('',#7929,#4297);
#3694=LINE('',#7940,#4298);
#3695=LINE('',#7942,#4299);
#3696=LINE('',#7944,#4300);
#3697=LINE('',#7968,#4301);
#3698=LINE('',#7982,#4302);
#3699=LINE('',#8002,#4303);
#3700=LINE('',#8012,#4304);
#3701=LINE('',#8015,#4305);
#3702=LINE('',#8050,#4306);
#3703=LINE('',#8052,#4307);
#3704=LINE('',#8054,#4308);
#3705=LINE('',#8076,#4309);
#3706=LINE('',#8078,#4310);
#3707=LINE('',#8079,#4311);
#3708=LINE('',#8100,#4312);
#3709=LINE('',#8130,#4313);
#3710=LINE('',#8160,#4314);
#3711=LINE('',#8169,#4315);
#3712=LINE('',#8196,#4316);
#3713=LINE('',#8225,#4317);
#3714=LINE('',#8228,#4318);
#3715=LINE('',#8230,#4319);
#3716=LINE('',#8232,#4320);
#3717=LINE('',#8233,#4321);
#3718=LINE('',#8236,#4322);
#3719=LINE('',#8238,#4323);
#3720=LINE('',#8240,#4324);
#3721=LINE('',#8241,#4325);
#3722=LINE('',#8244,#4326);
#3723=LINE('',#8246,#4327);
#3724=LINE('',#8248,#4328);
#3725=LINE('',#8249,#4329);
#3726=LINE('',#8252,#4330);
#3727=LINE('',#8254,#4331);
#3728=LINE('',#8256,#4332);
#3729=LINE('',#8258,#4333);
#3730=LINE('',#8260,#4334);
#3731=LINE('',#8262,#4335);
#3732=LINE('',#8264,#4336);
#3733=LINE('',#8265,#4337);
#3734=LINE('',#8268,#4338);
#3735=LINE('',#8270,#4339);
#3736=LINE('',#8272,#4340);
#3737=LINE('',#8274,#4341);
#3738=LINE('',#8276,#4342);
#3739=LINE('',#8278,#4343);
#3740=LINE('',#8280,#4344);
#3741=LINE('',#8281,#4345);
#3742=LINE('',#8284,#4346);
#3743=LINE('',#8286,#4347);
#3744=LINE('',#8288,#4348);
#3745=LINE('',#8289,#4349);
#3746=LINE('',#8292,#4350);
#3747=LINE('',#8294,#4351);
#3748=LINE('',#8296,#4352);
#3749=LINE('',#8297,#4353);
#3750=LINE('',#8300,#4354);
#3751=LINE('',#8302,#4355);
#3752=LINE('',#8304,#4356);
#3753=LINE('',#8305,#4357);
#3754=LINE('',#8308,#4358);
#3755=LINE('',#8310,#4359);
#3756=LINE('',#8312,#4360);
#3757=LINE('',#8313,#4361);
#3758=LINE('',#8316,#4362);
#3759=LINE('',#8318,#4363);
#3760=LINE('',#8320,#4364);
#3761=LINE('',#8321,#4365);
#3762=LINE('',#8324,#4366);
#3763=LINE('',#8326,#4367);
#3764=LINE('',#8328,#4368);
#3765=LINE('',#8330,#4369);
#3766=LINE('',#8332,#4370);
#3767=LINE('',#8333,#4371);
#3768=LINE('',#8336,#4372);
#3769=LINE('',#8352,#4373);
#3770=LINE('',#8368,#4374);
#3771=LINE('',#8369,#4375);
#3772=LINE('',#8386,#4376);
#3773=LINE('',#8402,#4377);
#3774=LINE('',#8404,#4378);
#3775=LINE('',#8405,#4379);
#3776=LINE('',#8408,#4380);
#3777=LINE('',#8410,#4381);
#3778=LINE('',#8416,#4382);
#3779=LINE('',#8418,#4383);
#3780=LINE('',#8420,#4384);
#3781=LINE('',#8446,#4385);
#3782=LINE('',#8448,#4386);
#3783=LINE('',#8450,#4387);
#3784=LINE('',#8467,#4388);
#3785=LINE('',#8470,#4389);
#3786=LINE('',#8472,#4390);
#3787=LINE('',#8474,#4391);
#3788=LINE('',#8476,#4392);
#3789=LINE('',#8479,#4393);
#3790=LINE('',#8497,#4394);
#3791=LINE('',#8499,#4395);
#3792=LINE('',#8501,#4396);
#3793=LINE('',#8527,#4397);
#3794=LINE('',#8529,#4398);
#3795=LINE('',#8531,#4399);
#3796=LINE('',#8537,#4400);
#3797=LINE('',#8538,#4401);
#3798=LINE('',#8541,#4402);
#3799=LINE('',#8543,#4403);
#3800=LINE('',#8559,#4404);
#3801=LINE('',#8574,#4405);
#3802=LINE('',#8577,#4406);
#3803=LINE('',#8579,#4407);
#3804=LINE('',#8581,#4408);
#3805=LINE('',#8582,#4409);
#3806=LINE('',#8585,#4410);
#3807=LINE('',#8587,#4411);
#3808=LINE('',#8589,#4412);
#3809=LINE('',#8590,#4413);
#3810=LINE('',#8593,#4414);
#3811=LINE('',#8595,#4415);
#3812=LINE('',#8597,#4416);
#3813=LINE('',#8598,#4417);
#3814=LINE('',#8601,#4418);
#3815=LINE('',#8603,#4419);
#3816=LINE('',#8605,#4420);
#3817=LINE('',#8607,#4421);
#3818=LINE('',#8609,#4422);
#3819=LINE('',#8611,#4423);
#3820=LINE('',#8613,#4424);
#3821=LINE('',#8614,#4425);
#3822=LINE('',#8617,#4426);
#3823=LINE('',#8619,#4427);
#3824=LINE('',#8621,#4428);
#3825=LINE('',#8625,#4429);
#3826=LINE('',#8655,#4430);
#3827=LINE('',#8681,#4431);
#3828=LINE('',#8695,#4432);
#3829=LINE('',#8719,#4433);
#3830=LINE('',#8729,#4434);
#3831=LINE('',#8741,#4435);
#3832=LINE('',#8751,#4436);
#3833=LINE('',#8753,#4437);
#3834=LINE('',#8755,#4438);
#3835=LINE('',#8762,#4439);
#3836=LINE('',#8765,#4440);
#3837=LINE('',#8783,#4441);
#3838=LINE('',#8785,#4442);
#3839=LINE('',#8787,#4443);
#3840=LINE('',#8813,#4444);
#3841=LINE('',#8815,#4445);
#3842=LINE('',#8817,#4446);
#3843=LINE('',#8823,#4447);
#3844=LINE('',#8824,#4448);
#3845=LINE('',#8827,#4449);
#3846=LINE('',#8829,#4450);
#3847=LINE('',#8831,#4451);
#3848=LINE('',#8832,#4452);
#3849=LINE('',#8835,#4453);
#3850=LINE('',#8837,#4454);
#3851=LINE('',#8839,#4455);
#3852=LINE('',#8840,#4456);
#3853=LINE('',#8843,#4457);
#3854=LINE('',#8845,#4458);
#3855=LINE('',#8847,#4459);
#3856=LINE('',#8848,#4460);
#3857=LINE('',#8851,#4461);
#3858=LINE('',#8853,#4462);
#3859=LINE('',#8855,#4463);
#3860=LINE('',#8856,#4464);
#3861=LINE('',#8859,#4465);
#3862=LINE('',#8861,#4466);
#3863=LINE('',#8863,#4467);
#3864=LINE('',#8864,#4468);
#3865=LINE('',#8867,#4469);
#3866=LINE('',#8869,#4470);
#3867=LINE('',#8871,#4471);
#3868=LINE('',#8872,#4472);
#3869=LINE('',#8875,#4473);
#3870=LINE('',#8877,#4474);
#3871=LINE('',#8879,#4475);
#3872=LINE('',#8880,#4476);
#3873=LINE('',#8883,#4477);
#3874=LINE('',#8885,#4478);
#3875=LINE('',#8887,#4479);
#3876=LINE('',#8888,#4480);
#3877=LINE('',#8891,#4481);
#3878=LINE('',#8893,#4482);
#3879=LINE('',#8895,#4483);
#3880=LINE('',#8896,#4484);
#3881=LINE('',#8899,#4485);
#3882=LINE('',#8901,#4486);
#3883=LINE('',#8903,#4487);
#3884=LINE('',#8904,#4488);
#3885=LINE('',#8907,#4489);
#3886=LINE('',#8909,#4490);
#3887=LINE('',#8911,#4491);
#3888=LINE('',#8912,#4492);
#3889=LINE('',#8915,#4493);
#3890=LINE('',#8917,#4494);
#3891=LINE('',#8919,#4495);
#3892=LINE('',#8920,#4496);
#3893=LINE('',#8923,#4497);
#3894=LINE('',#8925,#4498);
#3895=LINE('',#8927,#4499);
#3896=LINE('',#8943,#4500);
#3897=LINE('',#8957,#4501);
#3898=LINE('',#8969,#4502);
#3899=LINE('',#8971,#4503);
#3900=LINE('',#8973,#4504);
#3901=LINE('',#8995,#4505);
#3902=LINE('',#8997,#4506);
#3903=LINE('',#8999,#4507);
#3904=LINE('',#9045,#4508);
#3905=LINE('',#9075,#4509);
#3906=LINE('',#9084,#4510);
#3907=LINE('',#9087,#4511);
#3908=LINE('',#9089,#4512);
#3909=LINE('',#9091,#4513);
#3910=LINE('',#9092,#4514);
#3911=LINE('',#9095,#4515);
#3912=LINE('',#9097,#4516);
#3913=LINE('',#9099,#4517);
#3914=LINE('',#9100,#4518);
#3915=LINE('',#9103,#4519);
#3916=LINE('',#9105,#4520);
#3917=LINE('',#9107,#4521);
#3918=LINE('',#9109,#4522);
#3919=LINE('',#9111,#4523);
#3920=LINE('',#9113,#4524);
#3921=LINE('',#9115,#4525);
#3922=LINE('',#9116,#4526);
#3923=LINE('',#9119,#4527);
#3924=LINE('',#9121,#4528);
#3925=LINE('',#9123,#4529);
#3926=LINE('',#9124,#4530);
#3927=LINE('',#9127,#4531);
#3928=LINE('',#9129,#4532);
#3929=LINE('',#9131,#4533);
#3930=LINE('',#9132,#4534);
#3931=LINE('',#9135,#4535);
#3932=LINE('',#9137,#4536);
#3933=LINE('',#9139,#4537);
#3934=LINE('',#9141,#4538);
#3935=LINE('',#9143,#4539);
#3936=LINE('',#9149,#4540);
#3937=LINE('',#9151,#4541);
#3938=LINE('',#9153,#4542);
#3939=LINE('',#9169,#4543);
#3940=LINE('',#9180,#4544);
#3941=LINE('',#9183,#4545);
#3942=LINE('',#9185,#4546);
#3943=LINE('',#9187,#4547);
#3944=LINE('',#9189,#4548);
#3945=LINE('',#9190,#4549);
#3946=LINE('',#9192,#4550);
#3947=LINE('',#9194,#4551);
#3948=LINE('',#9196,#4552);
#3949=LINE('',#9197,#4553);
#3950=LINE('',#9199,#4554);
#3951=LINE('',#9201,#4555);
#3952=LINE('',#9203,#4556);
#3953=LINE('',#9204,#4557);
#3954=LINE('',#9206,#4558);
#3955=LINE('',#9208,#4559);
#3956=LINE('',#9210,#4560);
#3957=LINE('',#9211,#4561);
#3958=LINE('',#9213,#4562);
#3959=LINE('',#9215,#4563);
#3960=LINE('',#9217,#4564);
#3961=LINE('',#9218,#4565);
#3962=LINE('',#9220,#4566);
#3963=LINE('',#9222,#4567);
#3964=LINE('',#9224,#4568);
#3965=LINE('',#9225,#4569);
#3966=LINE('',#9227,#4570);
#3967=LINE('',#9229,#4571);
#3968=LINE('',#9231,#4572);
#3969=LINE('',#9232,#4573);
#3970=LINE('',#9234,#4574);
#3971=LINE('',#9236,#4575);
#3972=LINE('',#9238,#4576);
#3973=LINE('',#9239,#4577);
#3974=LINE('',#9241,#4578);
#3975=LINE('',#9243,#4579);
#3976=LINE('',#9245,#4580);
#3977=LINE('',#9246,#4581);
#3978=LINE('',#9248,#4582);
#3979=LINE('',#9250,#4583);
#3980=LINE('',#9252,#4584);
#3981=LINE('',#9253,#4585);
#3982=LINE('',#9255,#4586);
#3983=LINE('',#9257,#4587);
#3984=LINE('',#9269,#4588);
#3985=LINE('',#9270,#4589);
#3986=LINE('',#9272,#4590);
#3987=LINE('',#9274,#4591);
#3988=LINE('',#9277,#4592);
#3989=LINE('',#9278,#4593);
#3990=LINE('',#9280,#4594);
#3991=LINE('',#9282,#4595);
#3992=LINE('',#9285,#4596);
#3993=LINE('',#9286,#4597);
#3994=LINE('',#9288,#4598);
#3995=LINE('',#9290,#4599);
#3996=LINE('',#9299,#4600);
#3997=LINE('',#9308,#4601);
#3998=LINE('',#9310,#4602);
#3999=LINE('',#9312,#4603);
#4000=LINE('',#9314,#4604);
#4001=LINE('',#9316,#4605);
#4002=LINE('',#9318,#4606);
#4003=LINE('',#9320,#4607);
#4004=LINE('',#9329,#4608);
#4005=LINE('',#9338,#4609);
#4006=LINE('',#9340,#4610);
#4007=LINE('',#9342,#4611);
#4008=LINE('',#9351,#4612);
#4009=LINE('',#9360,#4613);
#4010=LINE('',#9362,#4614);
#4011=LINE('',#9364,#4615);
#4012=LINE('',#9366,#4616);
#4013=LINE('',#9368,#4617);
#4014=LINE('',#9370,#4618);
#4015=LINE('',#9372,#4619);
#4016=LINE('',#9374,#4620);
#4017=LINE('',#9377,#4621);
#4018=LINE('',#9378,#4622);
#4019=LINE('',#9380,#4623);
#4020=LINE('',#9382,#4624);
#4021=LINE('',#9385,#4625);
#4022=LINE('',#9386,#4626);
#4023=LINE('',#9388,#4627);
#4024=LINE('',#9390,#4628);
#4025=LINE('',#9392,#4629);
#4026=LINE('',#9394,#4630);
#4027=LINE('',#9396,#4631);
#4028=LINE('',#9398,#4632);
#4029=LINE('',#9400,#4633);
#4030=LINE('',#9402,#4634);
#4031=LINE('',#9404,#4635);
#4032=LINE('',#9406,#4636);
#4033=LINE('',#9416,#4637);
#4034=LINE('',#9417,#4638);
#4035=LINE('',#9426,#4639);
#4036=LINE('',#9428,#4640);
#4037=LINE('',#9430,#4641);
#4038=LINE('',#9432,#4642);
#4039=LINE('',#9434,#4643);
#4040=LINE('',#9436,#4644);
#4041=LINE('',#9445,#4645);
#4042=LINE('',#9454,#4646);
#4043=LINE('',#9456,#4647);
#4044=LINE('',#9458,#4648);
#4045=LINE('',#9460,#4649);
#4046=LINE('',#9462,#4650);
#4047=LINE('',#9465,#4651);
#4048=LINE('',#9466,#4652);
#4049=LINE('',#9468,#4653);
#4050=LINE('',#9470,#4654);
#4051=LINE('',#9472,#4655);
#4052=LINE('',#9474,#4656);
#4053=LINE('',#9483,#4657);
#4054=LINE('',#9485,#4658);
#4055=LINE('',#9487,#4659);
#4056=LINE('',#9496,#4660);
#4057=LINE('',#9498,#4661);
#4058=LINE('',#9508,#4662);
#4059=LINE('',#9509,#4663);
#4060=LINE('',#9511,#4664);
#4061=LINE('',#9513,#4665);
#4062=LINE('',#9515,#4666);
#4063=LINE('',#9524,#4667);
#4064=LINE('',#9533,#4668);
#4065=LINE('',#9535,#4669);
#4066=LINE('',#9537,#4670);
#4067=LINE('',#9546,#4671);
#4068=LINE('',#9555,#4672);
#4069=LINE('',#9557,#4673);
#4070=LINE('',#9559,#4674);
#4071=LINE('',#9561,#4675);
#4072=LINE('',#9563,#4676);
#4073=LINE('',#9572,#4677);
#4074=LINE('',#9574,#4678);
#4075=LINE('',#9583,#4679);
#4076=LINE('',#9592,#4680);
#4077=LINE('',#9601,#4681);
#4078=LINE('',#9603,#4682);
#4079=LINE('',#9605,#4683);
#4080=LINE('',#9615,#4684);
#4081=LINE('',#9616,#4685);
#4082=LINE('',#9618,#4686);
#4083=LINE('',#9627,#4687);
#4084=LINE('',#9636,#4688);
#4085=LINE('',#9645,#4689);
#4086=LINE('',#9647,#4690);
#4087=LINE('',#9649,#4691);
#4088=LINE('',#9651,#4692);
#4089=LINE('',#9653,#4693);
#4090=LINE('',#9655,#4694);
#4091=LINE('',#9664,#4695);
#4092=LINE('',#9666,#4696);
#4093=LINE('',#9676,#4697);
#4094=LINE('',#9677,#4698);
#4095=LINE('',#9686,#4699);
#4096=LINE('',#9695,#4700);
#4097=LINE('',#9697,#4701);
#4098=LINE('',#9699,#4702);
#4099=LINE('',#9701,#4703);
#4100=LINE('',#9703,#4704);
#4101=LINE('',#9712,#4705);
#4102=LINE('',#9721,#4706);
#4103=LINE('',#9730,#4707);
#4104=LINE('',#9739,#4708);
#4105=LINE('',#9748,#4709);
#4106=LINE('',#9757,#4710);
#4107=LINE('',#9759,#4711);
#4108=LINE('',#9761,#4712);
#4109=LINE('',#9763,#4713);
#4110=LINE('',#9765,#4714);
#4111=LINE('',#9775,#4715);
#4112=LINE('',#9776,#4716);
#4113=LINE('',#9778,#4717);
#4114=LINE('',#9780,#4718);
#4115=LINE('',#9789,#4719);
#4116=LINE('',#9798,#4720);
#4117=LINE('',#9807,#4721);
#4118=LINE('',#9816,#4722);
#4119=LINE('',#9825,#4723);
#4120=LINE('',#9834,#4724);
#4121=LINE('',#9836,#4725);
#4122=LINE('',#9838,#4726);
#4123=LINE('',#9840,#4727);
#4124=LINE('',#9842,#4728);
#4125=LINE('',#9851,#4729);
#4126=LINE('',#9860,#4730);
#4127=LINE('',#9869,#4731);
#4128=LINE('',#9878,#4732);
#4129=LINE('',#9881,#4733);
#4130=LINE('',#9882,#4734);
#4131=LINE('',#9884,#4735);
#4132=LINE('',#9886,#4736);
#4133=LINE('',#9889,#4737);
#4134=LINE('',#9890,#4738);
#4135=LINE('',#9892,#4739);
#4136=LINE('',#9894,#4740);
#4137=LINE('',#9897,#4741);
#4138=LINE('',#9898,#4742);
#4139=LINE('',#9900,#4743);
#4140=LINE('',#9902,#4744);
#4141=LINE('',#9905,#4745);
#4142=LINE('',#9906,#4746);
#4143=LINE('',#9908,#4747);
#4144=LINE('',#9910,#4748);
#4145=LINE('',#9912,#4749);
#4146=LINE('',#9914,#4750);
#4147=LINE('',#9916,#4751);
#4148=LINE('',#9918,#4752);
#4149=LINE('',#9921,#4753);
#4150=LINE('',#9922,#4754);
#4151=LINE('',#9924,#4755);
#4152=LINE('',#9926,#4756);
#4153=LINE('',#9928,#4757);
#4154=LINE('',#9930,#4758);
#4155=LINE('',#9932,#4759);
#4156=LINE('',#9934,#4760);
#4157=LINE('',#9937,#4761);
#4158=LINE('',#9938,#4762);
#4159=LINE('',#9940,#4763);
#4160=LINE('',#9942,#4764);
#4161=LINE('',#9945,#4765);
#4162=LINE('',#9946,#4766);
#4163=LINE('',#9948,#4767);
#4164=LINE('',#9950,#4768);
#4165=LINE('',#9953,#4769);
#4166=LINE('',#9954,#4770);
#4167=LINE('',#9956,#4771);
#4168=LINE('',#9958,#4772);
#4169=LINE('',#9961,#4773);
#4170=LINE('',#9962,#4774);
#4171=LINE('',#9964,#4775);
#4172=LINE('',#9966,#4776);
#4173=LINE('',#9969,#4777);
#4174=LINE('',#9970,#4778);
#4175=LINE('',#9972,#4779);
#4176=LINE('',#9974,#4780);
#4177=LINE('',#9977,#4781);
#4178=LINE('',#9978,#4782);
#4179=LINE('',#9980,#4783);
#4180=LINE('',#9982,#4784);
#4181=LINE('',#9984,#4785);
#4182=LINE('',#9986,#4786);
#4183=LINE('',#9989,#4787);
#4184=LINE('',#9990,#4788);
#4185=LINE('',#9992,#4789);
#4186=LINE('',#9994,#4790);
#4187=LINE('',#10003,#4791);
#4188=LINE('',#10012,#4792);
#4189=LINE('',#10021,#4793);
#4190=LINE('',#10023,#4794);
#4191=LINE('',#10025,#4795);
#4192=LINE('',#10034,#4796);
#4193=LINE('',#10036,#4797);
#4194=LINE('',#10045,#4798);
#4195=LINE('',#10062,#4799);
#4196=LINE('',#10063,#4800);
#4197=LINE('',#10065,#4801);
#4198=LINE('',#10067,#4802);
#4199=LINE('',#10069,#4803);
#4200=LINE('',#10078,#4804);
#4201=LINE('',#10087,#4805);
#4202=LINE('',#10089,#4806);
#4203=LINE('',#10098,#4807);
#4204=LINE('',#10100,#4808);
#4205=LINE('',#10102,#4809);
#4206=LINE('',#10111,#4810);
#4207=LINE('',#10121,#4811);
#4208=LINE('',#10122,#4812);
#4209=LINE('',#10124,#4813);
#4210=LINE('',#10126,#4814);
#4211=LINE('',#10135,#4815);
#4212=LINE('',#10144,#4816);
#4213=LINE('',#10146,#4817);
#4214=LINE('',#10148,#4818);
#4215=LINE('',#10150,#4819);
#4216=LINE('',#10152,#4820);
#4217=LINE('',#10154,#4821);
#4218=LINE('',#10156,#4822);
#4219=LINE('',#10165,#4823);
#4220=LINE('',#10174,#4824);
#4221=LINE('',#10176,#4825);
#4222=LINE('',#10178,#4826);
#4223=LINE('',#10187,#4827);
#4224=LINE('',#10196,#4828);
#4225=LINE('',#10198,#4829);
#4226=LINE('',#10200,#4830);
#4227=LINE('',#10202,#4831);
#4228=LINE('',#10204,#4832);
#4229=LINE('',#10206,#4833);
#4230=LINE('',#10208,#4834);
#4231=LINE('',#10210,#4835);
#4232=LINE('',#10213,#4836);
#4233=LINE('',#10214,#4837);
#4234=LINE('',#10216,#4838);
#4235=LINE('',#10218,#4839);
#4236=VECTOR('',#6411,1.);
#4237=VECTOR('',#6412,1.);
#4238=VECTOR('',#6413,1.);
#4239=VECTOR('',#6414,1.);
#4240=VECTOR('',#6415,1.);
#4241=VECTOR('',#6416,1.);
#4242=VECTOR('',#6417,1.);
#4243=VECTOR('',#6418,1.);
#4244=VECTOR('',#6419,1.);
#4245=VECTOR('',#6420,1.);
#4246=VECTOR('',#6421,1.);
#4247=VECTOR('',#6422,1.);
#4248=VECTOR('',#6423,1.);
#4249=VECTOR('',#6424,1.);
#4250=VECTOR('',#6425,1.);
#4251=VECTOR('',#6426,1.);
#4252=VECTOR('',#6427,1.);
#4253=VECTOR('',#6428,1.);
#4254=VECTOR('',#6429,1.);
#4255=VECTOR('',#6430,1.);
#4256=VECTOR('',#6431,1.);
#4257=VECTOR('',#6432,1.);
#4258=VECTOR('',#6433,1.);
#4259=VECTOR('',#6434,1.);
#4260=VECTOR('',#6435,1.);
#4261=VECTOR('',#6436,1.);
#4262=VECTOR('',#6437,1.);
#4263=VECTOR('',#6438,1.);
#4264=VECTOR('',#6439,1.);
#4265=VECTOR('',#6440,1.);
#4266=VECTOR('',#6441,1.);
#4267=VECTOR('',#6442,1.);
#4268=VECTOR('',#6443,1.);
#4269=VECTOR('',#6444,1.);
#4270=VECTOR('',#6445,1.);
#4271=VECTOR('',#6446,1.);
#4272=VECTOR('',#6447,1.);
#4273=VECTOR('',#6448,1.);
#4274=VECTOR('',#6449,1.);
#4275=VECTOR('',#6450,1.);
#4276=VECTOR('',#6451,1.);
#4277=VECTOR('',#6452,1.);
#4278=VECTOR('',#6453,1.);
#4279=VECTOR('',#6454,1.);
#4280=VECTOR('',#6455,1.);
#4281=VECTOR('',#6456,1.);
#4282=VECTOR('',#6457,1.);
#4283=VECTOR('',#6458,1.);
#4284=VECTOR('',#6459,1.);
#4285=VECTOR('',#6460,1.);
#4286=VECTOR('',#6461,1.);
#4287=VECTOR('',#6466,1.);
#4288=VECTOR('',#6467,1.);
#4289=VECTOR('',#6468,1.);
#4290=VECTOR('',#6477,1.);
#4291=VECTOR('',#6478,1.);
#4292=VECTOR('',#6479,1.);
#4293=VECTOR('',#6488,1.);
#4294=VECTOR('',#6489,1.);
#4295=VECTOR('',#6490,1.);
#4296=VECTOR('',#6491,1.);
#4297=VECTOR('',#6492,1.);
#4298=VECTOR('',#6501,1.);
#4299=VECTOR('',#6502,1.);
#4300=VECTOR('',#6503,1.);
#4301=VECTOR('',#6518,1.);
#4302=VECTOR('',#6523,1.);
#4303=VECTOR('',#6538,1.);
#4304=VECTOR('',#6543,1.);
#4305=VECTOR('',#6546,1.);
#4306=VECTOR('',#6555,1.);
#4307=VECTOR('',#6556,1.);
#4308=VECTOR('',#6557,1.);
#4309=VECTOR('',#6562,1.);
#4310=VECTOR('',#6563,1.);
#4311=VECTOR('',#6564,1.);
#4312=VECTOR('',#6579,1.);
#4313=VECTOR('',#6584,1.);
#4314=VECTOR('',#6589,1.);
#4315=VECTOR('',#6594,1.);
#4316=VECTOR('',#6603,1.);
#4317=VECTOR('',#6608,1.);
#4318=VECTOR('',#6609,1.);
#4319=VECTOR('',#6610,1.);
#4320=VECTOR('',#6611,1.);
#4321=VECTOR('',#6612,1.);
#4322=VECTOR('',#6613,1.);
#4323=VECTOR('',#6614,1.);
#4324=VECTOR('',#6615,1.);
#4325=VECTOR('',#6616,1.);
#4326=VECTOR('',#6617,1.);
#4327=VECTOR('',#6618,1.);
#4328=VECTOR('',#6619,1.);
#4329=VECTOR('',#6620,1.);
#4330=VECTOR('',#6621,1.);
#4331=VECTOR('',#6622,1.);
#4332=VECTOR('',#6623,1.);
#4333=VECTOR('',#6624,1.);
#4334=VECTOR('',#6625,1.);
#4335=VECTOR('',#6626,1.);
#4336=VECTOR('',#6627,1.);
#4337=VECTOR('',#6628,1.);
#4338=VECTOR('',#6629,1.);
#4339=VECTOR('',#6630,1.);
#4340=VECTOR('',#6631,1.);
#4341=VECTOR('',#6632,1.);
#4342=VECTOR('',#6633,1.);
#4343=VECTOR('',#6634,1.);
#4344=VECTOR('',#6635,1.);
#4345=VECTOR('',#6636,1.);
#4346=VECTOR('',#6637,1.);
#4347=VECTOR('',#6638,1.);
#4348=VECTOR('',#6639,1.);
#4349=VECTOR('',#6640,1.);
#4350=VECTOR('',#6641,1.);
#4351=VECTOR('',#6642,1.);
#4352=VECTOR('',#6643,1.);
#4353=VECTOR('',#6644,1.);
#4354=VECTOR('',#6645,1.);
#4355=VECTOR('',#6646,1.);
#4356=VECTOR('',#6647,1.);
#4357=VECTOR('',#6648,1.);
#4358=VECTOR('',#6649,1.);
#4359=VECTOR('',#6650,1.);
#4360=VECTOR('',#6651,1.);
#4361=VECTOR('',#6652,1.);
#4362=VECTOR('',#6653,1.);
#4363=VECTOR('',#6654,1.);
#4364=VECTOR('',#6655,1.);
#4365=VECTOR('',#6656,1.);
#4366=VECTOR('',#6657,1.);
#4367=VECTOR('',#6658,1.);
#4368=VECTOR('',#6659,1.);
#4369=VECTOR('',#6660,1.);
#4370=VECTOR('',#6661,1.);
#4371=VECTOR('',#6662,1.);
#4372=VECTOR('',#6663,1.);
#4373=VECTOR('',#6666,1.);
#4374=VECTOR('',#6669,1.);
#4375=VECTOR('',#6670,1.);
#4376=VECTOR('',#6673,1.);
#4377=VECTOR('',#6676,1.);
#4378=VECTOR('',#6677,1.);
#4379=VECTOR('',#6678,1.);
#4380=VECTOR('',#6679,1.);
#4381=VECTOR('',#6680,1.);
#4382=VECTOR('',#6685,1.);
#4383=VECTOR('',#6686,1.);
#4384=VECTOR('',#6687,1.);
#4385=VECTOR('',#6696,1.);
#4386=VECTOR('',#6697,1.);
#4387=VECTOR('',#6698,1.);
#4388=VECTOR('',#6707,1.);
#4389=VECTOR('',#6708,1.);
#4390=VECTOR('',#6709,1.);
#4391=VECTOR('',#6710,1.);
#4392=VECTOR('',#6713,1.);
#4393=VECTOR('',#6714,1.);
#4394=VECTOR('',#6723,1.);
#4395=VECTOR('',#6724,1.);
#4396=VECTOR('',#6725,1.);
#4397=VECTOR('',#6734,1.);
#4398=VECTOR('',#6735,1.);
#4399=VECTOR('',#6736,1.);
#4400=VECTOR('',#6741,1.);
#4401=VECTOR('',#6742,1.);
#4402=VECTOR('',#6743,1.);
#4403=VECTOR('',#6744,1.);
#4404=VECTOR('',#6747,1.);
#4405=VECTOR('',#6750,1.);
#4406=VECTOR('',#6751,1.);
#4407=VECTOR('',#6752,1.);
#4408=VECTOR('',#6753,1.);
#4409=VECTOR('',#6754,1.);
#4410=VECTOR('',#6755,1.);
#4411=VECTOR('',#6756,1.);
#4412=VECTOR('',#6757,1.);
#4413=VECTOR('',#6758,1.);
#4414=VECTOR('',#6759,1.);
#4415=VECTOR('',#6760,1.);
#4416=VECTOR('',#6761,1.);
#4417=VECTOR('',#6762,1.);
#4418=VECTOR('',#6763,1.);
#4419=VECTOR('',#6764,1.);
#4420=VECTOR('',#6765,1.);
#4421=VECTOR('',#6766,1.);
#4422=VECTOR('',#6767,1.);
#4423=VECTOR('',#6768,1.);
#4424=VECTOR('',#6769,1.);
#4425=VECTOR('',#6770,1.);
#4426=VECTOR('',#6771,1.);
#4427=VECTOR('',#6772,1.);
#4428=VECTOR('',#6773,1.);
#4429=VECTOR('',#6776,1.);
#4430=VECTOR('',#6781,1.);
#4431=VECTOR('',#6790,1.);
#4432=VECTOR('',#6791,1.);
#4433=VECTOR('',#6810,1.);
#4434=VECTOR('',#6815,1.);
#4435=VECTOR('',#6822,1.);
#4436=VECTOR('',#6831,1.);
#4437=VECTOR('',#6832,1.);
#4438=VECTOR('',#6833,1.);
#4439=VECTOR('',#6840,1.);
#4440=VECTOR('',#6841,1.);
#4441=VECTOR('',#6850,1.);
#4442=VECTOR('',#6851,1.);
#4443=VECTOR('',#6852,1.);
#4444=VECTOR('',#6861,1.);
#4445=VECTOR('',#6862,1.);
#4446=VECTOR('',#6863,1.);
#4447=VECTOR('',#6868,1.);
#4448=VECTOR('',#6869,1.);
#4449=VECTOR('',#6870,1.);
#4450=VECTOR('',#6871,1.);
#4451=VECTOR('',#6872,1.);
#4452=VECTOR('',#6873,1.);
#4453=VECTOR('',#6874,1.);
#4454=VECTOR('',#6875,1.);
#4455=VECTOR('',#6876,1.);
#4456=VECTOR('',#6877,1.);
#4457=VECTOR('',#6878,1.);
#4458=VECTOR('',#6879,1.);
#4459=VECTOR('',#6880,1.);
#4460=VECTOR('',#6881,1.);
#4461=VECTOR('',#6882,1.);
#4462=VECTOR('',#6883,1.);
#4463=VECTOR('',#6884,1.);
#4464=VECTOR('',#6885,1.);
#4465=VECTOR('',#6886,1.);
#4466=VECTOR('',#6887,1.);
#4467=VECTOR('',#6888,1.);
#4468=VECTOR('',#6889,1.);
#4469=VECTOR('',#6890,1.);
#4470=VECTOR('',#6891,1.);
#4471=VECTOR('',#6892,1.);
#4472=VECTOR('',#6893,1.);
#4473=VECTOR('',#6894,1.);
#4474=VECTOR('',#6895,1.);
#4475=VECTOR('',#6896,1.);
#4476=VECTOR('',#6897,1.);
#4477=VECTOR('',#6898,1.);
#4478=VECTOR('',#6899,1.);
#4479=VECTOR('',#6900,1.);
#4480=VECTOR('',#6901,1.);
#4481=VECTOR('',#6902,1.);
#4482=VECTOR('',#6903,1.);
#4483=VECTOR('',#6904,1.);
#4484=VECTOR('',#6905,1.);
#4485=VECTOR('',#6906,1.);
#4486=VECTOR('',#6907,1.);
#4487=VECTOR('',#6908,1.);
#4488=VECTOR('',#6909,1.);
#4489=VECTOR('',#6910,1.);
#4490=VECTOR('',#6911,1.);
#4491=VECTOR('',#6912,1.);
#4492=VECTOR('',#6913,1.);
#4493=VECTOR('',#6914,1.);
#4494=VECTOR('',#6915,1.);
#4495=VECTOR('',#6916,1.);
#4496=VECTOR('',#6917,1.);
#4497=VECTOR('',#6918,1.);
#4498=VECTOR('',#6919,1.);
#4499=VECTOR('',#6920,1.);
#4500=VECTOR('',#6927,1.);
#4501=VECTOR('',#6932,1.);
#4502=VECTOR('',#6939,1.);
#4503=VECTOR('',#6940,1.);
#4504=VECTOR('',#6941,1.);
#4505=VECTOR('',#6946,1.);
#4506=VECTOR('',#6947,1.);
#4507=VECTOR('',#6948,1.);
#4508=VECTOR('',#6961,1.);
#4509=VECTOR('',#6966,1.);
#4510=VECTOR('',#6971,1.);
#4511=VECTOR('',#6972,1.);
#4512=VECTOR('',#6973,1.);
#4513=VECTOR('',#6974,1.);
#4514=VECTOR('',#6975,1.);
#4515=VECTOR('',#6976,1.);
#4516=VECTOR('',#6977,1.);
#4517=VECTOR('',#6978,1.);
#4518=VECTOR('',#6979,1.);
#4519=VECTOR('',#6980,1.);
#4520=VECTOR('',#6981,1.);
#4521=VECTOR('',#6982,1.);
#4522=VECTOR('',#6983,1.);
#4523=VECTOR('',#6984,1.);
#4524=VECTOR('',#6985,1.);
#4525=VECTOR('',#6986,1.);
#4526=VECTOR('',#6987,1.);
#4527=VECTOR('',#6988,1.);
#4528=VECTOR('',#6989,1.);
#4529=VECTOR('',#6990,1.);
#4530=VECTOR('',#6991,1.);
#4531=VECTOR('',#6992,1.);
#4532=VECTOR('',#6993,1.);
#4533=VECTOR('',#6994,1.);
#4534=VECTOR('',#6995,1.);
#4535=VECTOR('',#6996,1.);
#4536=VECTOR('',#6997,1.);
#4537=VECTOR('',#6998,1.);
#4538=VECTOR('',#6999,1.);
#4539=VECTOR('',#7000,1.);
#4540=VECTOR('',#7001,1.);
#4541=VECTOR('',#7002,1.);
#4542=VECTOR('',#7003,1.);
#4543=VECTOR('',#7006,1.);
#4544=VECTOR('',#7009,1.);
#4545=VECTOR('',#7010,1.);
#4546=VECTOR('',#7011,1.);
#4547=VECTOR('',#7012,1.);
#4548=VECTOR('',#7015,1.);
#4549=VECTOR('',#7016,1.);
#4550=VECTOR('',#7019,1.);
#4551=VECTOR('',#7022,1.);
#4552=VECTOR('',#7025,1.);
#4553=VECTOR('',#7026,1.);
#4554=VECTOR('',#7029,1.);
#4555=VECTOR('',#7032,1.);
#4556=VECTOR('',#7035,1.);
#4557=VECTOR('',#7036,1.);
#4558=VECTOR('',#7039,1.);
#4559=VECTOR('',#7042,1.);
#4560=VECTOR('',#7045,1.);
#4561=VECTOR('',#7046,1.);
#4562=VECTOR('',#7049,1.);
#4563=VECTOR('',#7052,1.);
#4564=VECTOR('',#7055,1.);
#4565=VECTOR('',#7056,1.);
#4566=VECTOR('',#7059,1.);
#4567=VECTOR('',#7062,1.);
#4568=VECTOR('',#7065,1.);
#4569=VECTOR('',#7066,1.);
#4570=VECTOR('',#7069,1.);
#4571=VECTOR('',#7072,1.);
#4572=VECTOR('',#7075,1.);
#4573=VECTOR('',#7076,1.);
#4574=VECTOR('',#7079,1.);
#4575=VECTOR('',#7082,1.);
#4576=VECTOR('',#7085,1.);
#4577=VECTOR('',#7086,1.);
#4578=VECTOR('',#7089,1.);
#4579=VECTOR('',#7092,1.);
#4580=VECTOR('',#7095,1.);
#4581=VECTOR('',#7096,1.);
#4582=VECTOR('',#7099,1.);
#4583=VECTOR('',#7102,1.);
#4584=VECTOR('',#7105,1.);
#4585=VECTOR('',#7106,1.);
#4586=VECTOR('',#7109,1.);
#4587=VECTOR('',#7112,1.);
#4588=VECTOR('',#7135,1.);
#4589=VECTOR('',#7136,1.);
#4590=VECTOR('',#7139,1.);
#4591=VECTOR('',#7142,1.);
#4592=VECTOR('',#7147,1.);
#4593=VECTOR('',#7148,1.);
#4594=VECTOR('',#7151,1.);
#4595=VECTOR('',#7154,1.);
#4596=VECTOR('',#7159,1.);
#4597=VECTOR('',#7160,1.);
#4598=VECTOR('',#7163,1.);
#4599=VECTOR('',#7166,1.);
#4600=VECTOR('',#7167,1.);
#4601=VECTOR('',#7168,1.);
#4602=VECTOR('',#7171,1.);
#4603=VECTOR('',#7174,1.);
#4604=VECTOR('',#7177,1.);
#4605=VECTOR('',#7180,1.);
#4606=VECTOR('',#7183,1.);
#4607=VECTOR('',#7186,1.);
#4608=VECTOR('',#7187,1.);
#4609=VECTOR('',#7188,1.);
#4610=VECTOR('',#7191,1.);
#4611=VECTOR('',#7194,1.);
#4612=VECTOR('',#7195,1.);
#4613=VECTOR('',#7196,1.);
#4614=VECTOR('',#7199,1.);
#4615=VECTOR('',#7202,1.);
#4616=VECTOR('',#7205,1.);
#4617=VECTOR('',#7208,1.);
#4618=VECTOR('',#7211,1.);
#4619=VECTOR('',#7214,1.);
#4620=VECTOR('',#7217,1.);
#4621=VECTOR('',#7222,1.);
#4622=VECTOR('',#7223,1.);
#4623=VECTOR('',#7226,1.);
#4624=VECTOR('',#7229,1.);
#4625=VECTOR('',#7234,1.);
#4626=VECTOR('',#7235,1.);
#4627=VECTOR('',#7238,1.);
#4628=VECTOR('',#7241,1.);
#4629=VECTOR('',#7244,1.);
#4630=VECTOR('',#7247,1.);
#4631=VECTOR('',#7250,1.);
#4632=VECTOR('',#7253,1.);
#4633=VECTOR('',#7256,1.);
#4634=VECTOR('',#7259,1.);
#4635=VECTOR('',#7262,1.);
#4636=VECTOR('',#7265,1.);
#4637=VECTOR('',#7268,1.);
#4638=VECTOR('',#7269,1.);
#4639=VECTOR('',#7270,1.);
#4640=VECTOR('',#7273,1.);
#4641=VECTOR('',#7276,1.);
#4642=VECTOR('',#7279,1.);
#4643=VECTOR('',#7282,1.);
#4644=VECTOR('',#7285,1.);
#4645=VECTOR('',#7286,1.);
#4646=VECTOR('',#7287,1.);
#4647=VECTOR('',#7290,1.);
#4648=VECTOR('',#7293,1.);
#4649=VECTOR('',#7296,1.);
#4650=VECTOR('',#7299,1.);
#4651=VECTOR('',#7304,1.);
#4652=VECTOR('',#7305,1.);
#4653=VECTOR('',#7308,1.);
#4654=VECTOR('',#7311,1.);
#4655=VECTOR('',#7314,1.);
#4656=VECTOR('',#7317,1.);
#4657=VECTOR('',#7318,1.);
#4658=VECTOR('',#7321,1.);
#4659=VECTOR('',#7324,1.);
#4660=VECTOR('',#7325,1.);
#4661=VECTOR('',#7328,1.);
#4662=VECTOR('',#7331,1.);
#4663=VECTOR('',#7332,1.);
#4664=VECTOR('',#7335,1.);
#4665=VECTOR('',#7338,1.);
#4666=VECTOR('',#7341,1.);
#4667=VECTOR('',#7342,1.);
#4668=VECTOR('',#7343,1.);
#4669=VECTOR('',#7346,1.);
#4670=VECTOR('',#7349,1.);
#4671=VECTOR('',#7350,1.);
#4672=VECTOR('',#7351,1.);
#4673=VECTOR('',#7354,1.);
#4674=VECTOR('',#7357,1.);
#4675=VECTOR('',#7360,1.);
#4676=VECTOR('',#7363,1.);
#4677=VECTOR('',#7364,1.);
#4678=VECTOR('',#7367,1.);
#4679=VECTOR('',#7368,1.);
#4680=VECTOR('',#7369,1.);
#4681=VECTOR('',#7370,1.);
#4682=VECTOR('',#7373,1.);
#4683=VECTOR('',#7376,1.);
#4684=VECTOR('',#7379,1.);
#4685=VECTOR('',#7380,1.);
#4686=VECTOR('',#7383,1.);
#4687=VECTOR('',#7384,1.);
#4688=VECTOR('',#7385,1.);
#4689=VECTOR('',#7386,1.);
#4690=VECTOR('',#7389,1.);
#4691=VECTOR('',#7392,1.);
#4692=VECTOR('',#7395,1.);
#4693=VECTOR('',#7398,1.);
#4694=VECTOR('',#7401,1.);
#4695=VECTOR('',#7402,1.);
#4696=VECTOR('',#7405,1.);
#4697=VECTOR('',#7408,1.);
#4698=VECTOR('',#7409,1.);
#4699=VECTOR('',#7410,1.);
#4700=VECTOR('',#7411,1.);
#4701=VECTOR('',#7414,1.);
#4702=VECTOR('',#7417,1.);
#4703=VECTOR('',#7420,1.);
#4704=VECTOR('',#7423,1.);
#4705=VECTOR('',#7424,1.);
#4706=VECTOR('',#7425,1.);
#4707=VECTOR('',#7426,1.);
#4708=VECTOR('',#7427,1.);
#4709=VECTOR('',#7428,1.);
#4710=VECTOR('',#7429,1.);
#4711=VECTOR('',#7432,1.);
#4712=VECTOR('',#7435,1.);
#4713=VECTOR('',#7438,1.);
#4714=VECTOR('',#7441,1.);
#4715=VECTOR('',#7444,1.);
#4716=VECTOR('',#7445,1.);
#4717=VECTOR('',#7448,1.);
#4718=VECTOR('',#7451,1.);
#4719=VECTOR('',#7452,1.);
#4720=VECTOR('',#7453,1.);
#4721=VECTOR('',#7454,1.);
#4722=VECTOR('',#7455,1.);
#4723=VECTOR('',#7456,1.);
#4724=VECTOR('',#7457,1.);
#4725=VECTOR('',#7460,1.);
#4726=VECTOR('',#7463,1.);
#4727=VECTOR('',#7466,1.);
#4728=VECTOR('',#7469,1.);
#4729=VECTOR('',#7470,1.);
#4730=VECTOR('',#7471,1.);
#4731=VECTOR('',#7472,1.);
#4732=VECTOR('',#7473,1.);
#4733=VECTOR('',#7478,1.);
#4734=VECTOR('',#7479,1.);
#4735=VECTOR('',#7482,1.);
#4736=VECTOR('',#7485,1.);
#4737=VECTOR('',#7490,1.);
#4738=VECTOR('',#7491,1.);
#4739=VECTOR('',#7494,1.);
#4740=VECTOR('',#7497,1.);
#4741=VECTOR('',#7502,1.);
#4742=VECTOR('',#7503,1.);
#4743=VECTOR('',#7506,1.);
#4744=VECTOR('',#7509,1.);
#4745=VECTOR('',#7514,1.);
#4746=VECTOR('',#7515,1.);
#4747=VECTOR('',#7518,1.);
#4748=VECTOR('',#7521,1.);
#4749=VECTOR('',#7524,1.);
#4750=VECTOR('',#7527,1.);
#4751=VECTOR('',#7530,1.);
#4752=VECTOR('',#7533,1.);
#4753=VECTOR('',#7538,1.);
#4754=VECTOR('',#7539,1.);
#4755=VECTOR('',#7542,1.);
#4756=VECTOR('',#7545,1.);
#4757=VECTOR('',#7548,1.);
#4758=VECTOR('',#7551,1.);
#4759=VECTOR('',#7554,1.);
#4760=VECTOR('',#7557,1.);
#4761=VECTOR('',#7562,1.);
#4762=VECTOR('',#7563,1.);
#4763=VECTOR('',#7566,1.);
#4764=VECTOR('',#7569,1.);
#4765=VECTOR('',#7574,1.);
#4766=VECTOR('',#7575,1.);
#4767=VECTOR('',#7578,1.);
#4768=VECTOR('',#7581,1.);
#4769=VECTOR('',#7586,1.);
#4770=VECTOR('',#7587,1.);
#4771=VECTOR('',#7590,1.);
#4772=VECTOR('',#7593,1.);
#4773=VECTOR('',#7598,1.);
#4774=VECTOR('',#7599,1.);
#4775=VECTOR('',#7602,1.);
#4776=VECTOR('',#7605,1.);
#4777=VECTOR('',#7610,1.);
#4778=VECTOR('',#7611,1.);
#4779=VECTOR('',#7614,1.);
#4780=VECTOR('',#7617,1.);
#4781=VECTOR('',#7622,1.);
#4782=VECTOR('',#7623,1.);
#4783=VECTOR('',#7626,1.);
#4784=VECTOR('',#7629,1.);
#4785=VECTOR('',#7632,1.);
#4786=VECTOR('',#7635,1.);
#4787=VECTOR('',#7640,1.);
#4788=VECTOR('',#7641,1.);
#4789=VECTOR('',#7644,1.);
#4790=VECTOR('',#7647,1.);
#4791=VECTOR('',#7648,1.);
#4792=VECTOR('',#7649,1.);
#4793=VECTOR('',#7650,1.);
#4794=VECTOR('',#7653,1.);
#4795=VECTOR('',#7656,1.);
#4796=VECTOR('',#7657,1.);
#4797=VECTOR('',#7660,1.);
#4798=VECTOR('',#7661,1.);
#4799=VECTOR('',#7662,1.);
#4800=VECTOR('',#7663,1.);
#4801=VECTOR('',#7666,1.);
#4802=VECTOR('',#7669,1.);
#4803=VECTOR('',#7672,1.);
#4804=VECTOR('',#7673,1.);
#4805=VECTOR('',#7674,1.);
#4806=VECTOR('',#7677,1.);
#4807=VECTOR('',#7678,1.);
#4808=VECTOR('',#7681,1.);
#4809=VECTOR('',#7684,1.);
#4810=VECTOR('',#7685,1.);
#4811=VECTOR('',#7688,1.);
#4812=VECTOR('',#7689,1.);
#4813=VECTOR('',#7692,1.);
#4814=VECTOR('',#7695,1.);
#4815=VECTOR('',#7696,1.);
#4816=VECTOR('',#7697,1.);
#4817=VECTOR('',#7700,1.);
#4818=VECTOR('',#7703,1.);
#4819=VECTOR('',#7706,1.);
#4820=VECTOR('',#7709,1.);
#4821=VECTOR('',#7712,1.);
#4822=VECTOR('',#7715,1.);
#4823=VECTOR('',#7716,1.);
#4824=VECTOR('',#7717,1.);
#4825=VECTOR('',#7720,1.);
#4826=VECTOR('',#7723,1.);
#4827=VECTOR('',#7724,1.);
#4828=VECTOR('',#7725,1.);
#4829=VECTOR('',#7728,1.);
#4830=VECTOR('',#7731,1.);
#4831=VECTOR('',#7734,1.);
#4832=VECTOR('',#7737,1.);
#4833=VECTOR('',#7740,1.);
#4834=VECTOR('',#7743,1.);
#4835=VECTOR('',#7746,1.);
#4836=VECTOR('',#7751,1.);
#4837=VECTOR('',#7752,1.);
#4838=VECTOR('',#7755,1.);
#4839=VECTOR('',#7758,1.);
#4840=EDGE_LOOP('',(#420,#421,#422,#423));
#4841=EDGE_LOOP('',(#424,#425,#426,#427));
#4842=EDGE_LOOP('',(#428,#429,#430,#431));
#4843=EDGE_LOOP('',(#432,#433,#434,#435));
#4844=EDGE_LOOP('',(#436,#437,#438,#439));
#4845=EDGE_LOOP('',(#440,#441,#442,#443));
#4846=EDGE_LOOP('',(#444,#445,#446,#447));
#4847=EDGE_LOOP('',(#448,#449,#450,#451));
#4848=EDGE_LOOP('',(#452,#453,#454,#455));
#4849=EDGE_LOOP('',(#456,#457,#458,#459));
#4850=EDGE_LOOP('',(#460,#461,#462,#463));
#4851=EDGE_LOOP('',(#464,#465,#466,#467));
#4852=EDGE_LOOP('',(#468,#469,#470,#471,#472,#473,#474,#475,#476,#477,#478,
#479,#480,#481,#482,#483,#484,#485,#486,#487,#488,#489,#490,#491,#492));
#4853=EDGE_LOOP('',(#493,#494,#495,#496));
#4854=EDGE_LOOP('',(#497,#498,#499,#500,#501,#502,#503,#504,#505,#506,#507,
#508));
#4855=EDGE_LOOP('',(#509,#510,#511,#512,#513,#514,#515,#516,#517,#518,#519,
#520,#521,#522));
#4856=EDGE_LOOP('',(#523,#524,#525,#526,#527,#528,#529,#530,#531,#532,#533));
#4857=EDGE_LOOP('',(#534,#535,#536,#537,#538,#539,#540,#541,#542,#543,#544,
#545,#546,#547,#548,#549,#550,#551,#552,#553,#554,#555));
#4858=EDGE_LOOP('',(#556,#557,#558,#559,#560,#561,#562,#563,#564,#565,#566,
#567,#568));
#4859=EDGE_LOOP('',(#569,#570,#571,#572,#573,#574,#575,#576,#577,#578,#579,
#580,#581,#582,#583,#584,#585,#586));
#4860=EDGE_LOOP('',(#587,#588,#589,#590,#591,#592,#593,#594,#595,#596,#597,
#598,#599,#600,#601,#602,#603,#604));
#4861=EDGE_LOOP('',(#605,#606,#607,#608));
#4862=EDGE_LOOP('',(#609,#610,#611,#612));
#4863=EDGE_LOOP('',(#613,#614,#615,#616));
#4864=EDGE_LOOP('',(#617,#618,#619,#620,#621,#622,#623,#624));
#4865=EDGE_LOOP('',(#625,#626,#627,#628,#629,#630,#631,#632));
#4866=EDGE_LOOP('',(#633,#634,#635,#636));
#4867=EDGE_LOOP('',(#637,#638,#639,#640));
#4868=EDGE_LOOP('',(#641,#642,#643,#644));
#4869=EDGE_LOOP('',(#645,#646,#647,#648));
#4870=EDGE_LOOP('',(#649,#650,#651,#652));
#4871=EDGE_LOOP('',(#653,#654,#655,#656,#657,#658));
#4872=EDGE_LOOP('',(#659,#660,#661,#662,#663,#664,#665,#666,#667,#668,#669,
#670));
#4873=EDGE_LOOP('',(#671,#672,#673,#674,#675,#676,#677,#678,#679,#680,#681,
#682));
#4874=EDGE_LOOP('',(#683,#684,#685,#686,#687,#688,#689,#690,#691,#692,#693,
#694,#695,#696,#697,#698,#699,#700,#701,#702,#703,#704,#705,#706,#707));
#4875=EDGE_LOOP('',(#708,#709,#710,#711));
#4876=EDGE_LOOP('',(#712,#713,#714,#715,#716,#717,#718,#719,#720,#721,#722,
#723,#724,#725,#726,#727,#728,#729,#730,#731,#732,#733,#734,#735,#736));
#4877=EDGE_LOOP('',(#737,#738,#739,#740,#741,#742,#743,#744,#745,#746,#747,
#748));
#4878=EDGE_LOOP('',(#749,#750,#751,#752));
#4879=EDGE_LOOP('',(#753,#754,#755,#756));
#4880=EDGE_LOOP('',(#757,#758,#759,#760));
#4881=EDGE_LOOP('',(#761,#762,#763,#764,#765,#766,#767,#768));
#4882=EDGE_LOOP('',(#769,#770,#771,#772));
#4883=EDGE_LOOP('',(#773,#774,#775,#776,#777,#778,#779,#780,#781,#782,#783,
#784,#785,#786,#787,#788,#789,#790));
#4884=EDGE_LOOP('',(#791,#792,#793,#794,#795,#796,#797,#798,#799,#800,#801,
#802,#803));
#4885=EDGE_LOOP('',(#804,#805,#806,#807,#808,#809,#810,#811,#812,#813,#814));
#4886=EDGE_LOOP('',(#815,#816,#817,#818,#819,#820,#821,#822,#823,#824,#825,
#826));
#4887=EDGE_LOOP('',(#827,#828,#829,#830,#831,#832,#833,#834,#835,#836,#837,
#838,#839,#840,#841,#842,#843,#844,#845,#846,#847,#848,#849,#850,#851));
#4888=EDGE_LOOP('',(#852,#853,#854,#855));
#4889=EDGE_LOOP('',(#856,#857,#858,#859));
#4890=EDGE_LOOP('',(#860,#861,#862,#863));
#4891=EDGE_LOOP('',(#864,#865,#866,#867));
#4892=EDGE_LOOP('',(#868,#869,#870,#871));
#4893=EDGE_LOOP('',(#872,#873,#874,#875));
#4894=EDGE_LOOP('',(#876,#877,#878,#879));
#4895=EDGE_LOOP('',(#880,#881,#882,#883));
#4896=EDGE_LOOP('',(#884,#885,#886,#887));
#4897=EDGE_LOOP('',(#888,#889,#890,#891));
#4898=EDGE_LOOP('',(#892,#893,#894,#895));
#4899=EDGE_LOOP('',(#896,#897,#898,#899));
#4900=EDGE_LOOP('',(#900,#901,#902,#903));
#4901=EDGE_LOOP('',(#904,#905,#906,#907,#908,#909,#910,#911,#912,#913,#914,
#915,#916,#917));
#4902=EDGE_LOOP('',(#918,#919,#920,#921,#922,#923,#924,#925,#926,#927,#928,
#929,#930,#931,#932,#933,#934,#935,#936,#937,#938,#939));
#4903=EDGE_LOOP('',(#940,#941,#942,#943,#944,#945,#946,#947,#948,#949,#950,
#951,#952,#953,#954,#955,#956,#957));
#4904=EDGE_LOOP('',(#958,#959,#960,#961));
#4905=EDGE_LOOP('',(#962,#963,#964,#965));
#4906=EDGE_LOOP('',(#966,#967,#968,#969,#970,#971,#972,#973));
#4907=EDGE_LOOP('',(#974,#975,#976,#977));
#4908=EDGE_LOOP('',(#978,#979,#980,#981));
#4909=EDGE_LOOP('',(#982,#983,#984,#985,#986,#987));
#4910=EDGE_LOOP('',(#988,#989,#990,#991,#992,#993,#994,#995,#996,#997,#998,
#999));
#4911=EDGE_LOOP('',(#1000,#1001,#1002,#1003));
#4912=EDGE_LOOP('',(#1004,#1005,#1006,#1007));
#4913=EDGE_LOOP('',(#1008,#1009,#1010,#1011));
#4914=EDGE_LOOP('',(#1012,#1013,#1014,#1015));
#4915=EDGE_LOOP('',(#1016,#1017,#1018,#1019));
#4916=EDGE_LOOP('',(#1020,#1021,#1022,#1023));
#4917=EDGE_LOOP('',(#1024,#1025,#1026,#1027));
#4918=EDGE_LOOP('',(#1028,#1029,#1030,#1031));
#4919=EDGE_LOOP('',(#1032,#1033,#1034,#1035));
#4920=EDGE_LOOP('',(#1036,#1037,#1038,#1039));
#4921=EDGE_LOOP('',(#1040,#1041,#1042,#1043));
#4922=EDGE_LOOP('',(#1044,#1045,#1046,#1047));
#4923=EDGE_LOOP('',(#1048,#1049,#1050,#1051));
#4924=EDGE_LOOP('',(#1052,#1053,#1054,#1055));
#4925=EDGE_LOOP('',(#1056,#1057,#1058,#1059));
#4926=EDGE_LOOP('',(#1060,#1061,#1062,#1063));
#4927=EDGE_LOOP('',(#1064,#1065,#1066,#1067));
#4928=EDGE_LOOP('',(#1068,#1069,#1070,#1071));
#4929=EDGE_LOOP('',(#1072,#1073,#1074,#1075));
#4930=EDGE_LOOP('',(#1076,#1077,#1078,#1079));
#4931=EDGE_LOOP('',(#1080,#1081,#1082,#1083));
#4932=EDGE_LOOP('',(#1084,#1085,#1086,#1087));
#4933=EDGE_LOOP('',(#1088,#1089,#1090,#1091));
#4934=EDGE_LOOP('',(#1092,#1093,#1094,#1095));
#4935=EDGE_LOOP('',(#1096,#1097,#1098,#1099));
#4936=EDGE_LOOP('',(#1100,#1101,#1102,#1103));
#4937=EDGE_LOOP('',(#1104,#1105,#1106,#1107));
#4938=EDGE_LOOP('',(#1108,#1109,#1110,#1111));
#4939=EDGE_LOOP('',(#1112,#1113,#1114,#1115));
#4940=EDGE_LOOP('',(#1116,#1117,#1118,#1119));
#4941=EDGE_LOOP('',(#1120,#1121,#1122,#1123));
#4942=EDGE_LOOP('',(#1124,#1125,#1126,#1127));
#4943=EDGE_LOOP('',(#1128,#1129,#1130,#1131));
#4944=EDGE_LOOP('',(#1132,#1133,#1134,#1135));
#4945=EDGE_LOOP('',(#1136,#1137,#1138,#1139));
#4946=EDGE_LOOP('',(#1140,#1141,#1142,#1143));
#4947=EDGE_LOOP('',(#1144,#1145,#1146,#1147));
#4948=EDGE_LOOP('',(#1148,#1149,#1150,#1151));
#4949=EDGE_LOOP('',(#1152,#1153,#1154,#1155));
#4950=EDGE_LOOP('',(#1156,#1157,#1158,#1159));
#4951=EDGE_LOOP('',(#1160,#1161,#1162,#1163));
#4952=EDGE_LOOP('',(#1164,#1165,#1166,#1167));
#4953=EDGE_LOOP('',(#1168,#1169,#1170,#1171));
#4954=EDGE_LOOP('',(#1172,#1173,#1174,#1175));
#4955=EDGE_LOOP('',(#1176,#1177,#1178,#1179));
#4956=EDGE_LOOP('',(#1180,#1181,#1182,#1183));
#4957=EDGE_LOOP('',(#1184,#1185,#1186,#1187));
#4958=EDGE_LOOP('',(#1188,#1189,#1190,#1191));
#4959=EDGE_LOOP('',(#1192,#1193,#1194,#1195));
#4960=EDGE_LOOP('',(#1196,#1197,#1198,#1199));
#4961=EDGE_LOOP('',(#1200,#1201,#1202,#1203));
#4962=EDGE_LOOP('',(#1204,#1205,#1206,#1207));
#4963=EDGE_LOOP('',(#1208,#1209,#1210,#1211));
#4964=EDGE_LOOP('',(#1212,#1213,#1214,#1215));
#4965=EDGE_LOOP('',(#1216,#1217,#1218,#1219));
#4966=EDGE_LOOP('',(#1220,#1221,#1222,#1223));
#4967=EDGE_LOOP('',(#1224,#1225,#1226,#1227));
#4968=EDGE_LOOP('',(#1228,#1229,#1230,#1231));
#4969=EDGE_LOOP('',(#1232,#1233,#1234,#1235));
#4970=EDGE_LOOP('',(#1236,#1237,#1238,#1239));
#4971=EDGE_LOOP('',(#1240,#1241,#1242,#1243));
#4972=EDGE_LOOP('',(#1244,#1245,#1246,#1247));
#4973=EDGE_LOOP('',(#1248,#1249,#1250,#1251));
#4974=EDGE_LOOP('',(#1252,#1253,#1254,#1255));
#4975=EDGE_LOOP('',(#1256,#1257,#1258,#1259));
#4976=EDGE_LOOP('',(#1260,#1261,#1262,#1263));
#4977=EDGE_LOOP('',(#1264,#1265,#1266,#1267));
#4978=EDGE_LOOP('',(#1268,#1269,#1270,#1271));
#4979=EDGE_LOOP('',(#1272,#1273,#1274,#1275));
#4980=EDGE_LOOP('',(#1276,#1277,#1278,#1279));
#4981=EDGE_LOOP('',(#1280,#1281,#1282,#1283));
#4982=EDGE_LOOP('',(#1284,#1285,#1286,#1287));
#4983=EDGE_LOOP('',(#1288,#1289,#1290,#1291));
#4984=EDGE_LOOP('',(#1292,#1293,#1294,#1295));
#4985=EDGE_LOOP('',(#1296,#1297,#1298,#1299));
#4986=EDGE_LOOP('',(#1300,#1301,#1302,#1303));
#4987=EDGE_LOOP('',(#1304,#1305,#1306,#1307));
#4988=EDGE_LOOP('',(#1308,#1309,#1310,#1311));
#4989=EDGE_LOOP('',(#1312,#1313,#1314,#1315));
#4990=EDGE_LOOP('',(#1316,#1317,#1318,#1319));
#4991=EDGE_LOOP('',(#1320,#1321,#1322,#1323));
#4992=EDGE_LOOP('',(#1324,#1325,#1326,#1327));
#4993=EDGE_LOOP('',(#1328,#1329,#1330,#1331));
#4994=EDGE_LOOP('',(#1332,#1333,#1334,#1335));
#4995=EDGE_LOOP('',(#1336,#1337,#1338,#1339));
#4996=EDGE_LOOP('',(#1340,#1341,#1342,#1343));
#4997=EDGE_LOOP('',(#1344,#1345,#1346,#1347));
#4998=EDGE_LOOP('',(#1348,#1349,#1350,#1351));
#4999=EDGE_LOOP('',(#1352,#1353,#1354,#1355));
#5000=EDGE_LOOP('',(#1356,#1357,#1358,#1359));
#5001=EDGE_LOOP('',(#1360,#1361,#1362,#1363));
#5002=EDGE_LOOP('',(#1364,#1365,#1366,#1367));
#5003=EDGE_LOOP('',(#1368,#1369,#1370,#1371));
#5004=EDGE_LOOP('',(#1372,#1373,#1374,#1375));
#5005=EDGE_LOOP('',(#1376,#1377,#1378,#1379));
#5006=EDGE_LOOP('',(#1380,#1381,#1382,#1383));
#5007=EDGE_LOOP('',(#1384,#1385,#1386,#1387));
#5008=EDGE_LOOP('',(#1388,#1389,#1390,#1391));
#5009=EDGE_LOOP('',(#1392,#1393,#1394,#1395));
#5010=EDGE_LOOP('',(#1396,#1397,#1398,#1399));
#5011=EDGE_LOOP('',(#1400,#1401,#1402,#1403));
#5012=EDGE_LOOP('',(#1404,#1405,#1406,#1407));
#5013=EDGE_LOOP('',(#1408,#1409,#1410,#1411));
#5014=EDGE_LOOP('',(#1412,#1413,#1414,#1415));
#5015=EDGE_LOOP('',(#1416,#1417,#1418,#1419));
#5016=EDGE_LOOP('',(#1420,#1421,#1422,#1423));
#5017=EDGE_LOOP('',(#1424,#1425,#1426,#1427));
#5018=EDGE_LOOP('',(#1428,#1429,#1430,#1431));
#5019=EDGE_LOOP('',(#1432,#1433,#1434,#1435));
#5020=EDGE_LOOP('',(#1436,#1437,#1438,#1439));
#5021=EDGE_LOOP('',(#1440,#1441,#1442,#1443));
#5022=EDGE_LOOP('',(#1444,#1445,#1446,#1447));
#5023=EDGE_LOOP('',(#1448,#1449,#1450,#1451));
#5024=EDGE_LOOP('',(#1452,#1453,#1454,#1455));
#5025=EDGE_LOOP('',(#1456,#1457,#1458,#1459));
#5026=EDGE_LOOP('',(#1460,#1461,#1462,#1463));
#5027=EDGE_LOOP('',(#1464,#1465,#1466,#1467));
#5028=EDGE_LOOP('',(#1468,#1469,#1470,#1471));
#5029=EDGE_LOOP('',(#1472,#1473,#1474,#1475));
#5030=EDGE_LOOP('',(#1476,#1477,#1478,#1479));
#5031=EDGE_LOOP('',(#1480,#1481,#1482,#1483));
#5032=EDGE_LOOP('',(#1484,#1485,#1486,#1487));
#5033=EDGE_LOOP('',(#1488,#1489,#1490,#1491));
#5034=EDGE_LOOP('',(#1492,#1493,#1494,#1495));
#5035=EDGE_LOOP('',(#1496,#1497,#1498,#1499));
#5036=EDGE_LOOP('',(#1500,#1501,#1502,#1503));
#5037=EDGE_LOOP('',(#1504,#1505,#1506,#1507));
#5038=EDGE_LOOP('',(#1508,#1509,#1510,#1511));
#5039=EDGE_LOOP('',(#1512,#1513,#1514,#1515));
#5040=EDGE_LOOP('',(#1516,#1517,#1518,#1519));
#5041=EDGE_LOOP('',(#1520,#1521,#1522,#1523));
#5042=EDGE_LOOP('',(#1524,#1525,#1526,#1527));
#5043=EDGE_LOOP('',(#1528,#1529,#1530,#1531));
#5044=EDGE_LOOP('',(#1532,#1533,#1534,#1535));
#5045=EDGE_LOOP('',(#1536,#1537,#1538,#1539));
#5046=EDGE_LOOP('',(#1540,#1541,#1542,#1543));
#5047=EDGE_LOOP('',(#1544,#1545,#1546,#1547));
#5048=EDGE_LOOP('',(#1548,#1549,#1550,#1551));
#5049=EDGE_LOOP('',(#1552,#1553,#1554,#1555));
#5050=EDGE_LOOP('',(#1556,#1557,#1558,#1559));
#5051=EDGE_LOOP('',(#1560,#1561,#1562,#1563));
#5052=EDGE_LOOP('',(#1564,#1565,#1566,#1567));
#5053=EDGE_LOOP('',(#1568,#1569,#1570,#1571));
#5054=EDGE_LOOP('',(#1572,#1573,#1574,#1575));
#5055=EDGE_LOOP('',(#1576,#1577,#1578,#1579));
#5056=EDGE_LOOP('',(#1580,#1581,#1582,#1583));
#5057=EDGE_LOOP('',(#1584,#1585,#1586,#1587));
#5058=EDGE_LOOP('',(#1588,#1589,#1590,#1591));
#5059=EDGE_LOOP('',(#1592,#1593,#1594,#1595));
#5060=EDGE_LOOP('',(#1596,#1597,#1598,#1599));
#5061=EDGE_LOOP('',(#1600,#1601,#1602,#1603));
#5062=EDGE_LOOP('',(#1604,#1605,#1606,#1607));
#5063=EDGE_LOOP('',(#1608,#1609,#1610,#1611));
#5064=EDGE_LOOP('',(#1612,#1613,#1614,#1615));
#5065=EDGE_LOOP('',(#1616,#1617,#1618,#1619));
#5066=EDGE_LOOP('',(#1620,#1621,#1622,#1623));
#5067=EDGE_LOOP('',(#1624,#1625,#1626,#1627));
#5068=EDGE_LOOP('',(#1628,#1629,#1630,#1631));
#5069=EDGE_LOOP('',(#1632,#1633,#1634,#1635));
#5070=EDGE_LOOP('',(#1636,#1637,#1638,#1639));
#5071=EDGE_LOOP('',(#1640,#1641,#1642,#1643));
#5072=EDGE_LOOP('',(#1644,#1645,#1646,#1647));
#5073=EDGE_LOOP('',(#1648,#1649,#1650,#1651));
#5074=EDGE_LOOP('',(#1652,#1653,#1654,#1655));
#5075=EDGE_LOOP('',(#1656,#1657,#1658,#1659));
#5076=EDGE_LOOP('',(#1660,#1661,#1662,#1663));
#5077=EDGE_LOOP('',(#1664,#1665,#1666,#1667));
#5078=EDGE_LOOP('',(#1668,#1669,#1670,#1671));
#5079=EDGE_LOOP('',(#1672,#1673,#1674,#1675));
#5080=EDGE_LOOP('',(#1676,#1677,#1678,#1679));
#5081=EDGE_LOOP('',(#1680,#1681,#1682,#1683));
#5082=EDGE_LOOP('',(#1684,#1685,#1686,#1687));
#5083=EDGE_LOOP('',(#1688,#1689,#1690,#1691));
#5084=EDGE_LOOP('',(#1692,#1693,#1694,#1695));
#5085=EDGE_LOOP('',(#1696,#1697,#1698,#1699));
#5086=EDGE_LOOP('',(#1700,#1701,#1702,#1703));
#5087=EDGE_LOOP('',(#1704,#1705,#1706,#1707));
#5088=EDGE_LOOP('',(#1708,#1709,#1710,#1711));
#5089=EDGE_LOOP('',(#1712,#1713,#1714,#1715));
#5090=EDGE_LOOP('',(#1716,#1717,#1718,#1719));
#5091=EDGE_LOOP('',(#1720,#1721,#1722,#1723));
#5092=EDGE_LOOP('',(#1724,#1725,#1726,#1727));
#5093=EDGE_LOOP('',(#1728,#1729,#1730,#1731));
#5094=EDGE_LOOP('',(#1732,#1733,#1734,#1735));
#5095=EDGE_LOOP('',(#1736,#1737,#1738,#1739));
#5096=EDGE_LOOP('',(#1740,#1741,#1742,#1743));
#5097=EDGE_LOOP('',(#1744,#1745,#1746,#1747));
#5098=EDGE_LOOP('',(#1748,#1749,#1750,#1751));
#5099=EDGE_LOOP('',(#1752,#1753,#1754,#1755));
#5100=EDGE_LOOP('',(#1756,#1757,#1758,#1759));
#5101=EDGE_LOOP('',(#1760,#1761,#1762,#1763));
#5102=EDGE_LOOP('',(#1764,#1765,#1766,#1767));
#5103=EDGE_LOOP('',(#1768,#1769,#1770,#1771));
#5104=EDGE_LOOP('',(#1772,#1773,#1774,#1775));
#5105=EDGE_LOOP('',(#1776,#1777,#1778,#1779));
#5106=EDGE_LOOP('',(#1780,#1781,#1782,#1783));
#5107=EDGE_LOOP('',(#1784,#1785,#1786,#1787));
#5108=EDGE_LOOP('',(#1788,#1789,#1790,#1791));
#5109=EDGE_LOOP('',(#1792,#1793,#1794,#1795));
#5110=EDGE_LOOP('',(#1796,#1797,#1798,#1799));
#5111=EDGE_LOOP('',(#1800,#1801,#1802,#1803));
#5112=EDGE_LOOP('',(#1804,#1805,#1806,#1807));
#5113=EDGE_LOOP('',(#1808,#1809,#1810,#1811));
#5114=EDGE_LOOP('',(#1812,#1813,#1814,#1815));
#5115=EDGE_LOOP('',(#1816,#1817,#1818,#1819));
#5116=EDGE_LOOP('',(#1820,#1821,#1822,#1823));
#5117=EDGE_LOOP('',(#1824,#1825,#1826,#1827));
#5118=EDGE_LOOP('',(#1828,#1829,#1830,#1831));
#5119=EDGE_LOOP('',(#1832,#1833,#1834,#1835));
#5120=EDGE_LOOP('',(#1836,#1837,#1838,#1839));
#5121=EDGE_LOOP('',(#1840,#1841,#1842,#1843));
#5122=EDGE_LOOP('',(#1844,#1845,#1846,#1847));
#5123=EDGE_LOOP('',(#1848,#1849,#1850,#1851));
#5124=EDGE_LOOP('',(#1852,#1853,#1854,#1855));
#5125=EDGE_LOOP('',(#1856,#1857,#1858,#1859));
#5126=EDGE_LOOP('',(#1860,#1861,#1862,#1863));
#5127=EDGE_LOOP('',(#1864,#1865,#1866,#1867));
#5128=EDGE_LOOP('',(#1868,#1869,#1870,#1871));
#5129=EDGE_LOOP('',(#1872,#1873,#1874,#1875));
#5130=EDGE_LOOP('',(#1876,#1877,#1878,#1879));
#5131=EDGE_LOOP('',(#1880,#1881,#1882,#1883));
#5132=EDGE_LOOP('',(#1884,#1885,#1886,#1887));
#5133=EDGE_LOOP('',(#1888,#1889,#1890,#1891));
#5134=EDGE_LOOP('',(#1892,#1893,#1894,#1895));
#5135=EDGE_LOOP('',(#1896,#1897,#1898,#1899));
#5136=EDGE_LOOP('',(#1900,#1901,#1902,#1903));
#5137=EDGE_LOOP('',(#1904,#1905,#1906,#1907));
#5138=EDGE_LOOP('',(#1908,#1909,#1910,#1911));
#5139=EDGE_LOOP('',(#1912,#1913,#1914,#1915));
#5140=EDGE_LOOP('',(#1916,#1917,#1918,#1919));
#5141=EDGE_LOOP('',(#1920,#1921,#1922,#1923));
#5142=EDGE_LOOP('',(#1924,#1925,#1926,#1927));
#5143=EDGE_LOOP('',(#1928,#1929,#1930,#1931));
#5144=EDGE_LOOP('',(#1932,#1933,#1934,#1935));
#5145=EDGE_LOOP('',(#1936,#1937,#1938,#1939));
#5146=EDGE_LOOP('',(#1940,#1941,#1942,#1943));
#5147=EDGE_LOOP('',(#1944,#1945,#1946,#1947));
#5148=EDGE_LOOP('',(#1948,#1949,#1950,#1951));
#5149=EDGE_LOOP('',(#1952,#1953,#1954,#1955));
#5150=EDGE_LOOP('',(#1956,#1957,#1958,#1959));
#5151=EDGE_LOOP('',(#1960,#1961,#1962,#1963));
#5152=EDGE_LOOP('',(#1964,#1965,#1966,#1967));
#5153=EDGE_LOOP('',(#1968,#1969,#1970,#1971));
#5154=EDGE_LOOP('',(#1972,#1973,#1974,#1975));
#5155=EDGE_LOOP('',(#1976,#1977,#1978,#1979));
#5156=EDGE_LOOP('',(#1980,#1981,#1982,#1983));
#5157=EDGE_LOOP('',(#1984,#1985,#1986,#1987));
#5158=EDGE_LOOP('',(#1988,#1989,#1990,#1991));
#5159=EDGE_LOOP('',(#1992,#1993,#1994,#1995));
#5160=EDGE_LOOP('',(#1996,#1997,#1998,#1999));
#5161=EDGE_LOOP('',(#2000,#2001,#2002,#2003));
#5162=EDGE_LOOP('',(#2004,#2005,#2006,#2007));
#5163=EDGE_LOOP('',(#2008,#2009,#2010,#2011));
#5164=EDGE_LOOP('',(#2012,#2013,#2014,#2015));
#5165=EDGE_LOOP('',(#2016,#2017,#2018,#2019));
#5166=EDGE_LOOP('',(#2020,#2021,#2022,#2023));
#5167=EDGE_LOOP('',(#2024,#2025,#2026,#2027));
#5168=EDGE_LOOP('',(#2028,#2029,#2030,#2031));
#5169=EDGE_LOOP('',(#2032,#2033,#2034,#2035));
#5170=EDGE_LOOP('',(#2036,#2037,#2038,#2039));
#5171=EDGE_LOOP('',(#2040,#2041,#2042,#2043));
#5172=EDGE_LOOP('',(#2044,#2045,#2046,#2047));
#5173=EDGE_LOOP('',(#2048,#2049,#2050,#2051));
#5174=EDGE_LOOP('',(#2052,#2053,#2054,#2055));
#5175=EDGE_LOOP('',(#2056,#2057,#2058,#2059));
#5176=EDGE_LOOP('',(#2060,#2061,#2062,#2063));
#5177=EDGE_LOOP('',(#2064,#2065,#2066,#2067));
#5178=EDGE_LOOP('',(#2068,#2069,#2070,#2071));
#5179=EDGE_LOOP('',(#2072,#2073,#2074,#2075));
#5180=EDGE_LOOP('',(#2076,#2077,#2078,#2079));
#5181=EDGE_LOOP('',(#2080,#2081,#2082,#2083));
#5182=EDGE_LOOP('',(#2084,#2085,#2086,#2087));
#5183=EDGE_LOOP('',(#2088,#2089,#2090,#2091));
#5184=EDGE_LOOP('',(#2092,#2093,#2094,#2095));
#5185=EDGE_LOOP('',(#2096,#2097,#2098,#2099));
#5186=EDGE_LOOP('',(#2100,#2101,#2102,#2103));
#5187=EDGE_LOOP('',(#2104,#2105,#2106,#2107));
#5188=EDGE_LOOP('',(#2108,#2109,#2110,#2111));
#5189=EDGE_LOOP('',(#2112,#2113,#2114,#2115));
#5190=EDGE_LOOP('',(#2116,#2117,#2118,#2119));
#5191=EDGE_LOOP('',(#2120,#2121,#2122,#2123));
#5192=EDGE_LOOP('',(#2124,#2125,#2126,#2127));
#5193=EDGE_LOOP('',(#2128,#2129,#2130,#2131));
#5194=EDGE_LOOP('',(#2132,#2133,#2134,#2135));
#5195=EDGE_LOOP('',(#2136,#2137,#2138,#2139));
#5196=EDGE_LOOP('',(#2140,#2141,#2142,#2143));
#5197=EDGE_LOOP('',(#2144,#2145,#2146,#2147));
#5198=EDGE_LOOP('',(#2148,#2149,#2150,#2151));
#5199=EDGE_LOOP('',(#2152,#2153,#2154,#2155));
#5200=EDGE_LOOP('',(#2156,#2157,#2158,#2159));
#5201=EDGE_LOOP('',(#2160,#2161,#2162,#2163));
#5202=EDGE_LOOP('',(#2164,#2165,#2166,#2167));
#5203=EDGE_LOOP('',(#2168,#2169,#2170,#2171));
#5204=FACE_BOUND('',#4840,.T.);
#5205=FACE_BOUND('',#4841,.T.);
#5206=FACE_BOUND('',#4842,.T.);
#5207=FACE_BOUND('',#4843,.T.);
#5208=FACE_BOUND('',#4844,.T.);
#5209=FACE_BOUND('',#4845,.T.);
#5210=FACE_BOUND('',#4846,.T.);
#5211=FACE_BOUND('',#4847,.T.);
#5212=FACE_BOUND('',#4848,.T.);
#5213=FACE_BOUND('',#4849,.T.);
#5214=FACE_BOUND('',#4850,.T.);
#5215=FACE_BOUND('',#4851,.T.);
#5216=FACE_BOUND('',#4852,.T.);
#5217=FACE_BOUND('',#4853,.T.);
#5218=FACE_BOUND('',#4854,.T.);
#5219=FACE_BOUND('',#4855,.T.);
#5220=FACE_BOUND('',#4856,.T.);
#5221=FACE_BOUND('',#4857,.T.);
#5222=FACE_BOUND('',#4858,.T.);
#5223=FACE_BOUND('',#4859,.T.);
#5224=FACE_BOUND('',#4860,.T.);
#5225=FACE_BOUND('',#4861,.T.);
#5226=FACE_BOUND('',#4862,.T.);
#5227=FACE_BOUND('',#4863,.T.);
#5228=FACE_BOUND('',#4864,.T.);
#5229=FACE_BOUND('',#4865,.T.);
#5230=FACE_BOUND('',#4866,.T.);
#5231=FACE_BOUND('',#4867,.T.);
#5232=FACE_BOUND('',#4868,.T.);
#5233=FACE_BOUND('',#4869,.T.);
#5234=FACE_BOUND('',#4870,.T.);
#5235=FACE_BOUND('',#4871,.T.);
#5236=FACE_BOUND('',#4872,.T.);
#5237=FACE_BOUND('',#4873,.T.);
#5238=FACE_BOUND('',#4874,.T.);
#5239=FACE_BOUND('',#4875,.T.);
#5240=FACE_BOUND('',#4876,.T.);
#5241=FACE_BOUND('',#4877,.T.);
#5242=FACE_BOUND('',#4878,.T.);
#5243=FACE_BOUND('',#4879,.T.);
#5244=FACE_BOUND('',#4880,.T.);
#5245=FACE_BOUND('',#4881,.T.);
#5246=FACE_BOUND('',#4882,.T.);
#5247=FACE_BOUND('',#4883,.T.);
#5248=FACE_BOUND('',#4884,.T.);
#5249=FACE_BOUND('',#4885,.T.);
#5250=FACE_BOUND('',#4886,.T.);
#5251=FACE_BOUND('',#4887,.T.);
#5252=FACE_BOUND('',#4888,.T.);
#5253=FACE_BOUND('',#4889,.T.);
#5254=FACE_BOUND('',#4890,.T.);
#5255=FACE_BOUND('',#4891,.T.);
#5256=FACE_BOUND('',#4892,.T.);
#5257=FACE_BOUND('',#4893,.T.);
#5258=FACE_BOUND('',#4894,.T.);
#5259=FACE_BOUND('',#4895,.T.);
#5260=FACE_BOUND('',#4896,.T.);
#5261=FACE_BOUND('',#4897,.T.);
#5262=FACE_BOUND('',#4898,.T.);
#5263=FACE_BOUND('',#4899,.T.);
#5264=FACE_BOUND('',#4900,.T.);
#5265=FACE_BOUND('',#4901,.T.);
#5266=FACE_BOUND('',#4902,.T.);
#5267=FACE_BOUND('',#4903,.T.);
#5268=FACE_BOUND('',#4904,.T.);
#5269=FACE_BOUND('',#4905,.T.);
#5270=FACE_BOUND('',#4906,.T.);
#5271=FACE_BOUND('',#4907,.T.);
#5272=FACE_BOUND('',#4908,.T.);
#5273=FACE_BOUND('',#4909,.T.);
#5274=FACE_BOUND('',#4910,.T.);
#5275=FACE_BOUND('',#4911,.T.);
#5276=FACE_BOUND('',#4912,.T.);
#5277=FACE_BOUND('',#4913,.T.);
#5278=FACE_BOUND('',#4914,.T.);
#5279=FACE_BOUND('',#4915,.T.);
#5280=FACE_BOUND('',#4916,.T.);
#5281=FACE_BOUND('',#4917,.T.);
#5282=FACE_BOUND('',#4918,.T.);
#5283=FACE_BOUND('',#4919,.T.);
#5284=FACE_BOUND('',#4920,.T.);
#5285=FACE_BOUND('',#4921,.T.);
#5286=FACE_BOUND('',#4922,.T.);
#5287=FACE_BOUND('',#4923,.T.);
#5288=FACE_BOUND('',#4924,.T.);
#5289=FACE_BOUND('',#4925,.T.);
#5290=FACE_BOUND('',#4926,.T.);
#5291=FACE_BOUND('',#4927,.T.);
#5292=FACE_BOUND('',#4928,.T.);
#5293=FACE_BOUND('',#4929,.T.);
#5294=FACE_BOUND('',#4930,.T.);
#5295=FACE_BOUND('',#4931,.T.);
#5296=FACE_BOUND('',#4932,.T.);
#5297=FACE_BOUND('',#4933,.T.);
#5298=FACE_BOUND('',#4934,.T.);
#5299=FACE_BOUND('',#4935,.T.);
#5300=FACE_BOUND('',#4936,.T.);
#5301=FACE_BOUND('',#4937,.T.);
#5302=FACE_BOUND('',#4938,.T.);
#5303=FACE_BOUND('',#4939,.T.);
#5304=FACE_BOUND('',#4940,.T.);
#5305=FACE_BOUND('',#4941,.T.);
#5306=FACE_BOUND('',#4942,.T.);
#5307=FACE_BOUND('',#4943,.T.);
#5308=FACE_BOUND('',#4944,.T.);
#5309=FACE_BOUND('',#4945,.T.);
#5310=FACE_BOUND('',#4946,.T.);
#5311=FACE_BOUND('',#4947,.T.);
#5312=FACE_BOUND('',#4948,.T.);
#5313=FACE_BOUND('',#4949,.T.);
#5314=FACE_BOUND('',#4950,.T.);
#5315=FACE_BOUND('',#4951,.T.);
#5316=FACE_BOUND('',#4952,.T.);
#5317=FACE_BOUND('',#4953,.T.);
#5318=FACE_BOUND('',#4954,.T.);
#5319=FACE_BOUND('',#4955,.T.);
#5320=FACE_BOUND('',#4956,.T.);
#5321=FACE_BOUND('',#4957,.T.);
#5322=FACE_BOUND('',#4958,.T.);
#5323=FACE_BOUND('',#4959,.T.);
#5324=FACE_BOUND('',#4960,.T.);
#5325=FACE_BOUND('',#4961,.T.);
#5326=FACE_BOUND('',#4962,.T.);
#5327=FACE_BOUND('',#4963,.T.);
#5328=FACE_BOUND('',#4964,.T.);
#5329=FACE_BOUND('',#4965,.T.);
#5330=FACE_BOUND('',#4966,.T.);
#5331=FACE_BOUND('',#4967,.T.);
#5332=FACE_BOUND('',#4968,.T.);
#5333=FACE_BOUND('',#4969,.T.);
#5334=FACE_BOUND('',#4970,.T.);
#5335=FACE_BOUND('',#4971,.T.);
#5336=FACE_BOUND('',#4972,.T.);
#5337=FACE_BOUND('',#4973,.T.);
#5338=FACE_BOUND('',#4974,.T.);
#5339=FACE_BOUND('',#4975,.T.);
#5340=FACE_BOUND('',#4976,.T.);
#5341=FACE_BOUND('',#4977,.T.);
#5342=FACE_BOUND('',#4978,.T.);
#5343=FACE_BOUND('',#4979,.T.);
#5344=FACE_BOUND('',#4980,.T.);
#5345=FACE_BOUND('',#4981,.T.);
#5346=FACE_BOUND('',#4982,.T.);
#5347=FACE_BOUND('',#4983,.T.);
#5348=FACE_BOUND('',#4984,.T.);
#5349=FACE_BOUND('',#4985,.T.);
#5350=FACE_BOUND('',#4986,.T.);
#5351=FACE_BOUND('',#4987,.T.);
#5352=FACE_BOUND('',#4988,.T.);
#5353=FACE_BOUND('',#4989,.T.);
#5354=FACE_BOUND('',#4990,.T.);
#5355=FACE_BOUND('',#4991,.T.);
#5356=FACE_BOUND('',#4992,.T.);
#5357=FACE_BOUND('',#4993,.T.);
#5358=FACE_BOUND('',#4994,.T.);
#5359=FACE_BOUND('',#4995,.T.);
#5360=FACE_BOUND('',#4996,.T.);
#5361=FACE_BOUND('',#4997,.T.);
#5362=FACE_BOUND('',#4998,.T.);
#5363=FACE_BOUND('',#4999,.T.);
#5364=FACE_BOUND('',#5000,.T.);
#5365=FACE_BOUND('',#5001,.T.);
#5366=FACE_BOUND('',#5002,.T.);
#5367=FACE_BOUND('',#5003,.T.);
#5368=FACE_BOUND('',#5004,.T.);
#5369=FACE_BOUND('',#5005,.T.);
#5370=FACE_BOUND('',#5006,.T.);
#5371=FACE_BOUND('',#5007,.T.);
#5372=FACE_BOUND('',#5008,.T.);
#5373=FACE_BOUND('',#5009,.T.);
#5374=FACE_BOUND('',#5010,.T.);
#5375=FACE_BOUND('',#5011,.T.);
#5376=FACE_BOUND('',#5012,.T.);
#5377=FACE_BOUND('',#5013,.T.);
#5378=FACE_BOUND('',#5014,.T.);
#5379=FACE_BOUND('',#5015,.T.);
#5380=FACE_BOUND('',#5016,.T.);
#5381=FACE_BOUND('',#5017,.T.);
#5382=FACE_BOUND('',#5018,.T.);
#5383=FACE_BOUND('',#5019,.T.);
#5384=FACE_BOUND('',#5020,.T.);
#5385=FACE_BOUND('',#5021,.T.);
#5386=FACE_BOUND('',#5022,.T.);
#5387=FACE_BOUND('',#5023,.T.);
#5388=FACE_BOUND('',#5024,.T.);
#5389=FACE_BOUND('',#5025,.T.);
#5390=FACE_BOUND('',#5026,.T.);
#5391=FACE_BOUND('',#5027,.T.);
#5392=FACE_BOUND('',#5028,.T.);
#5393=FACE_BOUND('',#5029,.T.);
#5394=FACE_BOUND('',#5030,.T.);
#5395=FACE_BOUND('',#5031,.T.);
#5396=FACE_BOUND('',#5032,.T.);
#5397=FACE_BOUND('',#5033,.T.);
#5398=FACE_BOUND('',#5034,.T.);
#5399=FACE_BOUND('',#5035,.T.);
#5400=FACE_BOUND('',#5036,.T.);
#5401=FACE_BOUND('',#5037,.T.);
#5402=FACE_BOUND('',#5038,.T.);
#5403=FACE_BOUND('',#5039,.T.);
#5404=FACE_BOUND('',#5040,.T.);
#5405=FACE_BOUND('',#5041,.T.);
#5406=FACE_BOUND('',#5042,.T.);
#5407=FACE_BOUND('',#5043,.T.);
#5408=FACE_BOUND('',#5044,.T.);
#5409=FACE_BOUND('',#5045,.T.);
#5410=FACE_BOUND('',#5046,.T.);
#5411=FACE_BOUND('',#5047,.T.);
#5412=FACE_BOUND('',#5048,.T.);
#5413=FACE_BOUND('',#5049,.T.);
#5414=FACE_BOUND('',#5050,.T.);
#5415=FACE_BOUND('',#5051,.T.);
#5416=FACE_BOUND('',#5052,.T.);
#5417=FACE_BOUND('',#5053,.T.);
#5418=FACE_BOUND('',#5054,.T.);
#5419=FACE_BOUND('',#5055,.T.);
#5420=FACE_BOUND('',#5056,.T.);
#5421=FACE_BOUND('',#5057,.T.);
#5422=FACE_BOUND('',#5058,.T.);
#5423=FACE_BOUND('',#5059,.T.);
#5424=FACE_BOUND('',#5060,.T.);
#5425=FACE_BOUND('',#5061,.T.);
#5426=FACE_BOUND('',#5062,.T.);
#5427=FACE_BOUND('',#5063,.T.);
#5428=FACE_BOUND('',#5064,.T.);
#5429=FACE_BOUND('',#5065,.T.);
#5430=FACE_BOUND('',#5066,.T.);
#5431=FACE_BOUND('',#5067,.T.);
#5432=FACE_BOUND('',#5068,.T.);
#5433=FACE_BOUND('',#5069,.T.);
#5434=FACE_BOUND('',#5070,.T.);
#5435=FACE_BOUND('',#5071,.T.);
#5436=FACE_BOUND('',#5072,.T.);
#5437=FACE_BOUND('',#5073,.T.);
#5438=FACE_BOUND('',#5074,.T.);
#5439=FACE_BOUND('',#5075,.T.);
#5440=FACE_BOUND('',#5076,.T.);
#5441=FACE_BOUND('',#5077,.T.);
#5442=FACE_BOUND('',#5078,.T.);
#5443=FACE_BOUND('',#5079,.T.);
#5444=FACE_BOUND('',#5080,.T.);
#5445=FACE_BOUND('',#5081,.T.);
#5446=FACE_BOUND('',#5082,.T.);
#5447=FACE_BOUND('',#5083,.T.);
#5448=FACE_BOUND('',#5084,.T.);
#5449=FACE_BOUND('',#5085,.T.);
#5450=FACE_BOUND('',#5086,.T.);
#5451=FACE_BOUND('',#5087,.T.);
#5452=FACE_BOUND('',#5088,.T.);
#5453=FACE_BOUND('',#5089,.T.);
#5454=FACE_BOUND('',#5090,.T.);
#5455=FACE_BOUND('',#5091,.T.);
#5456=FACE_BOUND('',#5092,.T.);
#5457=FACE_BOUND('',#5093,.T.);
#5458=FACE_BOUND('',#5094,.T.);
#5459=FACE_BOUND('',#5095,.T.);
#5460=FACE_BOUND('',#5096,.T.);
#5461=FACE_BOUND('',#5097,.T.);
#5462=FACE_BOUND('',#5098,.T.);
#5463=FACE_BOUND('',#5099,.T.);
#5464=FACE_BOUND('',#5100,.T.);
#5465=FACE_BOUND('',#5101,.T.);
#5466=FACE_BOUND('',#5102,.T.);
#5467=FACE_BOUND('',#5103,.T.);
#5468=FACE_BOUND('',#5104,.T.);
#5469=FACE_BOUND('',#5105,.T.);
#5470=FACE_BOUND('',#5106,.T.);
#5471=FACE_BOUND('',#5107,.T.);
#5472=FACE_BOUND('',#5108,.T.);
#5473=FACE_BOUND('',#5109,.T.);
#5474=FACE_BOUND('',#5110,.T.);
#5475=FACE_BOUND('',#5111,.T.);
#5476=FACE_BOUND('',#5112,.T.);
#5477=FACE_BOUND('',#5113,.T.);
#5478=FACE_BOUND('',#5114,.T.);
#5479=FACE_BOUND('',#5115,.T.);
#5480=FACE_BOUND('',#5116,.T.);
#5481=FACE_BOUND('',#5117,.T.);
#5482=FACE_BOUND('',#5118,.T.);
#5483=FACE_BOUND('',#5119,.T.);
#5484=FACE_BOUND('',#5120,.T.);
#5485=FACE_BOUND('',#5121,.T.);
#5486=FACE_BOUND('',#5122,.T.);
#5487=FACE_BOUND('',#5123,.T.);
#5488=FACE_BOUND('',#5124,.T.);
#5489=FACE_BOUND('',#5125,.T.);
#5490=FACE_BOUND('',#5126,.T.);
#5491=FACE_BOUND('',#5127,.T.);
#5492=FACE_BOUND('',#5128,.T.);
#5493=FACE_BOUND('',#5129,.T.);
#5494=FACE_BOUND('',#5130,.T.);
#5495=FACE_BOUND('',#5131,.T.);
#5496=FACE_BOUND('',#5132,.T.);
#5497=FACE_BOUND('',#5133,.T.);
#5498=FACE_BOUND('',#5134,.T.);
#5499=FACE_BOUND('',#5135,.T.);
#5500=FACE_BOUND('',#5136,.T.);
#5501=FACE_BOUND('',#5137,.T.);
#5502=FACE_BOUND('',#5138,.T.);
#5503=FACE_BOUND('',#5139,.T.);
#5504=FACE_BOUND('',#5140,.T.);
#5505=FACE_BOUND('',#5141,.T.);
#5506=FACE_BOUND('',#5142,.T.);
#5507=FACE_BOUND('',#5143,.T.);
#5508=FACE_BOUND('',#5144,.T.);
#5509=FACE_BOUND('',#5145,.T.);
#5510=FACE_BOUND('',#5146,.T.);
#5511=FACE_BOUND('',#5147,.T.);
#5512=FACE_BOUND('',#5148,.T.);
#5513=FACE_BOUND('',#5149,.T.);
#5514=FACE_BOUND('',#5150,.T.);
#5515=FACE_BOUND('',#5151,.T.);
#5516=FACE_BOUND('',#5152,.T.);
#5517=FACE_BOUND('',#5153,.T.);
#5518=FACE_BOUND('',#5154,.T.);
#5519=FACE_BOUND('',#5155,.T.);
#5520=FACE_BOUND('',#5156,.T.);
#5521=FACE_BOUND('',#5157,.T.);
#5522=FACE_BOUND('',#5158,.T.);
#5523=FACE_BOUND('',#5159,.T.);
#5524=FACE_BOUND('',#5160,.T.);
#5525=FACE_BOUND('',#5161,.T.);
#5526=FACE_BOUND('',#5162,.T.);
#5527=FACE_BOUND('',#5163,.T.);
#5528=FACE_BOUND('',#5164,.T.);
#5529=FACE_BOUND('',#5165,.T.);
#5530=FACE_BOUND('',#5166,.T.);
#5531=FACE_BOUND('',#5167,.T.);
#5532=FACE_BOUND('',#5168,.T.);
#5533=FACE_BOUND('',#5169,.T.);
#5534=FACE_BOUND('',#5170,.T.);
#5535=FACE_BOUND('',#5171,.T.);
#5536=FACE_BOUND('',#5172,.T.);
#5537=FACE_BOUND('',#5173,.T.);
#5538=FACE_BOUND('',#5174,.T.);
#5539=FACE_BOUND('',#5175,.T.);
#5540=FACE_BOUND('',#5176,.T.);
#5541=FACE_BOUND('',#5177,.T.);
#5542=FACE_BOUND('',#5178,.T.);
#5543=FACE_BOUND('',#5179,.T.);
#5544=FACE_BOUND('',#5180,.T.);
#5545=FACE_BOUND('',#5181,.T.);
#5546=FACE_BOUND('',#5182,.T.);
#5547=FACE_BOUND('',#5183,.T.);
#5548=FACE_BOUND('',#5184,.T.);
#5549=FACE_BOUND('',#5185,.T.);
#5550=FACE_BOUND('',#5186,.T.);
#5551=FACE_BOUND('',#5187,.T.);
#5552=FACE_BOUND('',#5188,.T.);
#5553=FACE_BOUND('',#5189,.T.);
#5554=FACE_BOUND('',#5190,.T.);
#5555=FACE_BOUND('',#5191,.T.);
#5556=FACE_BOUND('',#5192,.T.);
#5557=FACE_BOUND('',#5193,.T.);
#5558=FACE_BOUND('',#5194,.T.);
#5559=FACE_BOUND('',#5195,.T.);
#5560=FACE_BOUND('',#5196,.T.);
#5561=FACE_BOUND('',#5197,.T.);
#5562=FACE_BOUND('',#5198,.T.);
#5563=FACE_BOUND('',#5199,.T.);
#5564=FACE_BOUND('',#5200,.T.);
#5565=FACE_BOUND('',#5201,.T.);
#5566=FACE_BOUND('',#5202,.T.);
#5567=FACE_BOUND('',#5203,.T.);
#5568=PLANE('',#6033);
#5569=PLANE('',#6106);
#5570=PLANE('',#6179);
#5571=PLANE('',#6180);
#5572=PLANE('',#6181);
#5573=PLANE('',#6182);
#5574=PLANE('',#6183);
#5575=PLANE('',#6184);
#5576=PLANE('',#6185);
#5577=PLANE('',#6186);
#5578=PLANE('',#6187);
#5579=PLANE('',#6188);
#5580=PLANE('',#6189);
#5581=PLANE('',#6190);
#5582=PLANE('',#6191);
#5583=PLANE('',#6192);
#5584=PLANE('',#6193);
#5585=PLANE('',#6194);
#5586=PLANE('',#6195);
#5587=PLANE('',#6196);
#5588=PLANE('',#6197);
#5589=PLANE('',#6198);
#5590=PLANE('',#6199);
#5591=PLANE('',#6200);
#5592=PLANE('',#6201);
#5593=PLANE('',#6202);
#5594=PLANE('',#6203);
#5595=PLANE('',#6204);
#5596=PLANE('',#6205);
#5597=PLANE('',#6206);
#5598=PLANE('',#6207);
#5599=PLANE('',#6208);
#5600=PLANE('',#6209);
#5601=PLANE('',#6210);
#5602=PLANE('',#6211);
#5603=PLANE('',#6212);
#5604=PLANE('',#6213);
#5605=PLANE('',#6214);
#5606=PLANE('',#6215);
#5607=PLANE('',#6216);
#5608=PLANE('',#6217);
#5609=PLANE('',#6218);
#5610=PLANE('',#6219);
#5611=PLANE('',#6220);
#5612=PLANE('',#6221);
#5613=PLANE('',#6222);
#5614=PLANE('',#6223);
#5615=PLANE('',#6224);
#5616=PLANE('',#6225);
#5617=PLANE('',#6226);
#5618=PLANE('',#6227);
#5619=PLANE('',#6228);
#5620=PLANE('',#6233);
#5621=PLANE('',#6234);
#5622=PLANE('',#6235);
#5623=PLANE('',#6240);
#5624=PLANE('',#6241);
#5625=PLANE('',#6242);
#5626=PLANE('',#6245);
#5627=PLANE('',#6246);
#5628=PLANE('',#6247);
#5629=PLANE('',#6248);
#5630=PLANE('',#6249);
#5631=PLANE('',#6251);
#5632=PLANE('',#6256);
#5633=PLANE('',#6257);
#5634=PLANE('',#6258);
#5635=PLANE('',#6265);
#5636=PLANE('',#6268);
#5637=PLANE('',#6275);
#5638=PLANE('',#6278);
#5639=PLANE('',#6281);
#5640=PLANE('',#6282);
#5641=PLANE('',#6283);
#5642=PLANE('',#6286);
#5643=PLANE('',#6287);
#5644=PLANE('',#6288);
#5645=PLANE('',#6294);
#5646=PLANE('',#6295);
#5647=PLANE('',#6304);
#5648=PLANE('',#6307);
#5649=PLANE('',#6311);
#5650=PLANE('',#6314);
#5651=PLANE('',#6318);
#5652=PLANE('',#6319);
#5653=PLANE('',#6320);
#5654=PLANE('',#6321);
#5655=PLANE('',#6322);
#5656=PLANE('',#6323);
#5657=PLANE('',#6324);
#5658=PLANE('',#6325);
#5659=PLANE('',#6326);
#5660=PLANE('',#6327);
#5661=PLANE('',#6328);
#5662=PLANE('',#6329);
#5663=PLANE('',#6330);
#5664=PLANE('',#6331);
#5665=PLANE('',#6332);
#5666=PLANE('',#6333);
#5667=PLANE('',#6334);
#5668=PLANE('',#6335);
#5669=PLANE('',#6336);
#5670=PLANE('',#6337);
#5671=PLANE('',#6338);
#5672=PLANE('',#6339);
#5673=PLANE('',#6340);
#5674=PLANE('',#6341);
#5675=PLANE('',#6342);
#5676=PLANE('',#6343);
#5677=PLANE('',#6344);
#5678=PLANE('',#6345);
#5679=PLANE('',#6346);
#5680=PLANE('',#6347);
#5681=PLANE('',#6348);
#5682=PLANE('',#6349);
#5683=PLANE('',#6350);
#5684=PLANE('',#6351);
#5685=PLANE('',#6352);
#5686=PLANE('',#6353);
#5687=PLANE('',#6354);
#5688=PLANE('',#6355);
#5689=PLANE('',#6356);
#5690=PLANE('',#6357);
#5691=PLANE('',#6358);
#5692=PLANE('',#6359);
#5693=PLANE('',#6360);
#5694=PLANE('',#6361);
#5695=PLANE('',#6362);
#5696=PLANE('',#6363);
#5697=PLANE('',#6364);
#5698=PLANE('',#6365);
#5699=PLANE('',#6366);
#5700=PLANE('',#6367);
#5701=PLANE('',#6368);
#5702=PLANE('',#6369);
#5703=PLANE('',#6370);
#5704=PLANE('',#6371);
#5705=PLANE('',#6372);
#5706=PLANE('',#6373);
#5707=PLANE('',#6374);
#5708=PLANE('',#6376);
#5709=PLANE('',#6378);
#5710=PLANE('',#6379);
#5711=PLANE('',#6380);
#5712=PLANE('',#6382);
#5713=PLANE('',#6384);
#5714=PLANE('',#6385);
#5715=PLANE('',#6390);
#5716=PLANE('',#6391);
#5717=PLANE('',#6392);
#5718=PLANE('',#6397);
#5719=PLANE('',#6398);
#5720=PLANE('',#6399);
#5721=PLANE('',#6402);
#5722=PLANE('',#6403);
#5723=PLANE('',#6404);
#5724=PLANE('',#6405);
#5725=PLANE('',#6406);
#5726=ADVANCED_FACE('',(#5204,#5205,#5206,#5207,#5208,#5209,#5210,#5211,
#5212,#5213,#5214,#5215,#5216,#5217,#5218,#5219,#5220,#5221,#5222,#5223,
#5224,#5225,#5226,#5227,#5228,#5229,#5230,#5231,#5232,#5233,#5234,#5235,
#5236,#5237,#5238,#5239),#5568,.T.);
#5727=ADVANCED_FACE('',(#5240,#5241,#5242,#5243,#5244,#5245,#5246,#5247,
#5248,#5249,#5250,#5251,#5252,#5253,#5254,#5255,#5256,#5257,#5258,#5259,
#5260,#5261,#5262,#5263,#5264,#5265,#5266,#5267,#5268,#5269,#5270,#5271,
#5272,#5273,#5274,#5275),#5569,.F.);
#5728=ADVANCED_FACE('',(#5276),#5570,.T.);
#5729=ADVANCED_FACE('',(#5277),#5571,.F.);
#5730=ADVANCED_FACE('',(#5278),#5572,.F.);
#5731=ADVANCED_FACE('',(#5279),#5573,.T.);
#5732=ADVANCED_FACE('',(#5280),#5574,.T.);
#5733=ADVANCED_FACE('',(#5281),#5575,.F.);
#5734=ADVANCED_FACE('',(#5282),#5576,.F.);
#5735=ADVANCED_FACE('',(#5283),#5577,.T.);
#5736=ADVANCED_FACE('',(#5284),#5578,.T.);
#5737=ADVANCED_FACE('',(#5285),#5579,.T.);
#5738=ADVANCED_FACE('',(#5286),#5580,.F.);
#5739=ADVANCED_FACE('',(#5287),#5581,.F.);
#5740=ADVANCED_FACE('',(#5288),#5582,.T.);
#5741=ADVANCED_FACE('',(#5289),#5583,.T.);
#5742=ADVANCED_FACE('',(#5290),#5584,.F.);
#5743=ADVANCED_FACE('',(#5291),#5585,.T.);
#5744=ADVANCED_FACE('',(#5292),#5586,.F.);
#5745=ADVANCED_FACE('',(#5293),#5587,.F.);
#5746=ADVANCED_FACE('',(#5294),#5588,.T.);
#5747=ADVANCED_FACE('',(#5295),#5589,.T.);
#5748=ADVANCED_FACE('',(#5296),#5590,.F.);
#5749=ADVANCED_FACE('',(#5297),#5591,.T.);
#5750=ADVANCED_FACE('',(#5298),#5592,.T.);
#5751=ADVANCED_FACE('',(#5299),#5593,.T.);
#5752=ADVANCED_FACE('',(#5300),#5594,.T.);
#5753=ADVANCED_FACE('',(#5301),#5595,.T.);
#5754=ADVANCED_FACE('',(#5302),#5596,.F.);
#5755=ADVANCED_FACE('',(#5303),#5597,.F.);
#5756=ADVANCED_FACE('',(#5304),#5598,.T.);
#5757=ADVANCED_FACE('',(#5305),#5599,.T.);
#5758=ADVANCED_FACE('',(#5306),#5600,.T.);
#5759=ADVANCED_FACE('',(#5307),#5601,.T.);
#5760=ADVANCED_FACE('',(#5308),#5602,.T.);
#5761=ADVANCED_FACE('',(#5309),#5603,.T.);
#5762=ADVANCED_FACE('',(#5310),#5604,.T.);
#5763=ADVANCED_FACE('',(#5311),#5605,.T.);
#5764=ADVANCED_FACE('',(#5312),#5606,.F.);
#5765=ADVANCED_FACE('',(#5313),#5607,.T.);
#5766=ADVANCED_FACE('',(#5314),#5608,.F.);
#5767=ADVANCED_FACE('',(#5315),#5609,.T.);
#5768=ADVANCED_FACE('',(#5316),#5610,.T.);
#5769=ADVANCED_FACE('',(#5317),#5611,.T.);
#5770=ADVANCED_FACE('',(#5318),#5612,.T.);
#5771=ADVANCED_FACE('',(#5319),#5613,.T.);
#5772=ADVANCED_FACE('',(#5320),#5614,.T.);
#5773=ADVANCED_FACE('',(#5321),#5615,.T.);
#5774=ADVANCED_FACE('',(#5322),#5616,.T.);
#5775=ADVANCED_FACE('',(#5323),#5617,.T.);
#5776=ADVANCED_FACE('',(#5324),#5618,.T.);
#5777=ADVANCED_FACE('',(#5325),#5619,.T.);
#5778=ADVANCED_FACE('',(#5326),#76,.F.);
#5779=ADVANCED_FACE('',(#5327),#12,.T.);
#5780=ADVANCED_FACE('',(#5328),#13,.T.);
#5781=ADVANCED_FACE('',(#5329),#77,.F.);
#5782=ADVANCED_FACE('',(#5330),#78,.F.);
#5783=ADVANCED_FACE('',(#5331),#79,.F.);
#5784=ADVANCED_FACE('',(#5332),#5620,.T.);
#5785=ADVANCED_FACE('',(#5333),#5621,.T.);
#5786=ADVANCED_FACE('',(#5334),#5622,.T.);
#5787=ADVANCED_FACE('',(#5335),#14,.T.);
#5788=ADVANCED_FACE('',(#5336),#15,.T.);
#5789=ADVANCED_FACE('',(#5337),#80,.T.);
#5790=ADVANCED_FACE('',(#5338),#81,.T.);
#5791=ADVANCED_FACE('',(#5339),#16,.T.);
#5792=ADVANCED_FACE('',(#5340),#17,.T.);
#5793=ADVANCED_FACE('',(#5341),#82,.T.);
#5794=ADVANCED_FACE('',(#5342),#83,.T.);
#5795=ADVANCED_FACE('',(#5343),#5623,.T.);
#5796=ADVANCED_FACE('',(#5344),#5624,.T.);
#5797=ADVANCED_FACE('',(#5345),#5625,.T.);
#5798=ADVANCED_FACE('',(#5346),#84,.F.);
#5799=ADVANCED_FACE('',(#5347),#85,.T.);
#5800=ADVANCED_FACE('',(#5348),#5626,.T.);
#5801=ADVANCED_FACE('',(#5349),#5627,.T.);
#5802=ADVANCED_FACE('',(#5350),#5628,.T.);
#5803=ADVANCED_FACE('',(#5351),#5629,.T.);
#5804=ADVANCED_FACE('',(#5352),#5630,.T.);
#5805=ADVANCED_FACE('',(#5353),#86,.T.);
#5806=ADVANCED_FACE('',(#5354),#5631,.T.);
#5807=ADVANCED_FACE('',(#5355),#87,.F.);
#5808=ADVANCED_FACE('',(#5356),#88,.F.);
#5809=ADVANCED_FACE('',(#5357),#89,.F.);
#5810=ADVANCED_FACE('',(#5358),#90,.F.);
#5811=ADVANCED_FACE('',(#5359),#5632,.T.);
#5812=ADVANCED_FACE('',(#5360),#5633,.T.);
#5813=ADVANCED_FACE('',(#5361),#5634,.T.);
#5814=ADVANCED_FACE('',(#5362),#91,.T.);
#5815=ADVANCED_FACE('',(#5363),#92,.T.);
#5816=ADVANCED_FACE('',(#5364),#93,.T.);
#5817=ADVANCED_FACE('',(#5365),#18,.T.);
#5818=ADVANCED_FACE('',(#5366),#19,.T.);
#5819=ADVANCED_FACE('',(#5367),#94,.F.);
#5820=ADVANCED_FACE('',(#5368),#95,.F.);
#5821=ADVANCED_FACE('',(#5369),#96,.F.);
#5822=ADVANCED_FACE('',(#5370),#5635,.T.);
#5823=ADVANCED_FACE('',(#5371),#97,.T.);
#5824=ADVANCED_FACE('',(#5372),#20,.T.);
#5825=ADVANCED_FACE('',(#5373),#21,.T.);
#5826=ADVANCED_FACE('',(#5374),#98,.T.);
#5827=ADVANCED_FACE('',(#5375),#5636,.T.);
#5828=ADVANCED_FACE('',(#5376),#99,.F.);
#5829=ADVANCED_FACE('',(#5377),#100,.F.);
#5830=ADVANCED_FACE('',(#5378),#101,.F.);
#5831=ADVANCED_FACE('',(#5379),#102,.F.);
#5832=ADVANCED_FACE('',(#5380),#103,.F.);
#5833=ADVANCED_FACE('',(#5381),#104,.F.);
#5834=ADVANCED_FACE('',(#5382),#5637,.T.);
#5835=ADVANCED_FACE('',(#5383),#105,.F.);
#5836=ADVANCED_FACE('',(#5384),#22,.T.);
#5837=ADVANCED_FACE('',(#5385),#106,.F.);
#5838=ADVANCED_FACE('',(#5386),#5638,.T.);
#5839=ADVANCED_FACE('',(#5387),#23,.T.);
#5840=ADVANCED_FACE('',(#5388),#107,.T.);
#5841=ADVANCED_FACE('',(#5389),#108,.T.);
#5842=ADVANCED_FACE('',(#5390),#24,.T.);
#5843=ADVANCED_FACE('',(#5391),#5639,.T.);
#5844=ADVANCED_FACE('',(#5392),#5640,.T.);
#5845=ADVANCED_FACE('',(#5393),#5641,.T.);
#5846=ADVANCED_FACE('',(#5394),#25,.T.);
#5847=ADVANCED_FACE('',(#5395),#26,.T.);
#5848=ADVANCED_FACE('',(#5396),#109,.T.);
#5849=ADVANCED_FACE('',(#5397),#110,.T.);
#5850=ADVANCED_FACE('',(#5398),#27,.T.);
#5851=ADVANCED_FACE('',(#5399),#28,.T.);
#5852=ADVANCED_FACE('',(#5400),#5642,.T.);
#5853=ADVANCED_FACE('',(#5401),#5643,.T.);
#5854=ADVANCED_FACE('',(#5402),#5644,.T.);
#5855=ADVANCED_FACE('',(#5403),#111,.F.);
#5856=ADVANCED_FACE('',(#5404),#29,.T.);
#5857=ADVANCED_FACE('',(#5405),#112,.F.);
#5858=ADVANCED_FACE('',(#5406),#30,.T.);
#5859=ADVANCED_FACE('',(#5407),#31,.T.);
#5860=ADVANCED_FACE('',(#5408),#32,.T.);
#5861=ADVANCED_FACE('',(#5409),#113,.F.);
#5862=ADVANCED_FACE('',(#5410),#114,.F.);
#5863=ADVANCED_FACE('',(#5411),#33,.T.);
#5864=ADVANCED_FACE('',(#5412),#115,.F.);
#5865=ADVANCED_FACE('',(#5413),#5645,.T.);
#5866=ADVANCED_FACE('',(#5414),#34,.T.);
#5867=ADVANCED_FACE('',(#5415),#35,.T.);
#5868=ADVANCED_FACE('',(#5416),#36,.T.);
#5869=ADVANCED_FACE('',(#5417),#5646,.T.);
#5870=ADVANCED_FACE('',(#5418),#116,.F.);
#5871=ADVANCED_FACE('',(#5419),#117,.F.);
#5872=ADVANCED_FACE('',(#5420),#118,.F.);
#5873=ADVANCED_FACE('',(#5421),#119,.F.);
#5874=ADVANCED_FACE('',(#5422),#37,.T.);
#5875=ADVANCED_FACE('',(#5423),#120,.F.);
#5876=ADVANCED_FACE('',(#5424),#121,.F.);
#5877=ADVANCED_FACE('',(#5425),#38,.T.);
#5878=ADVANCED_FACE('',(#5426),#39,.T.);
#5879=ADVANCED_FACE('',(#5427),#40,.T.);
#5880=ADVANCED_FACE('',(#5428),#122,.F.);
#5881=ADVANCED_FACE('',(#5429),#123,.F.);
#5882=ADVANCED_FACE('',(#5430),#5647,.T.);
#5883=ADVANCED_FACE('',(#5431),#124,.T.);
#5884=ADVANCED_FACE('',(#5432),#41,.T.);
#5885=ADVANCED_FACE('',(#5433),#42,.T.);
#5886=ADVANCED_FACE('',(#5434),#43,.T.);
#5887=ADVANCED_FACE('',(#5435),#44,.T.);
#5888=ADVANCED_FACE('',(#5436),#45,.T.);
#5889=ADVANCED_FACE('',(#5437),#46,.T.);
#5890=ADVANCED_FACE('',(#5438),#125,.T.);
#5891=ADVANCED_FACE('',(#5439),#5648,.T.);
#5892=ADVANCED_FACE('',(#5440),#126,.F.);
#5893=ADVANCED_FACE('',(#5441),#127,.F.);
#5894=ADVANCED_FACE('',(#5442),#47,.T.);
#5895=ADVANCED_FACE('',(#5443),#128,.F.);
#5896=ADVANCED_FACE('',(#5444),#5649,.T.);
#5897=ADVANCED_FACE('',(#5445),#129,.T.);
#5898=ADVANCED_FACE('',(#5446),#48,.T.);
#5899=ADVANCED_FACE('',(#5447),#49,.T.);
#5900=ADVANCED_FACE('',(#5448),#50,.T.);
#5901=ADVANCED_FACE('',(#5449),#51,.T.);
#5902=ADVANCED_FACE('',(#5450),#52,.T.);
#5903=ADVANCED_FACE('',(#5451),#53,.T.);
#5904=ADVANCED_FACE('',(#5452),#130,.T.);
#5905=ADVANCED_FACE('',(#5453),#5650,.T.);
#5906=ADVANCED_FACE('',(#5454),#131,.F.);
#5907=ADVANCED_FACE('',(#5455),#132,.F.);
#5908=ADVANCED_FACE('',(#5456),#54,.T.);
#5909=ADVANCED_FACE('',(#5457),#55,.T.);
#5910=ADVANCED_FACE('',(#5458),#56,.T.);
#5911=ADVANCED_FACE('',(#5459),#57,.T.);
#5912=ADVANCED_FACE('',(#5460),#133,.F.);
#5913=ADVANCED_FACE('',(#5461),#5651,.T.);
#5914=ADVANCED_FACE('',(#5462),#5652,.T.);
#5915=ADVANCED_FACE('',(#5463),#5653,.T.);
#5916=ADVANCED_FACE('',(#5464),#5654,.T.);
#5917=ADVANCED_FACE('',(#5465),#5655,.T.);
#5918=ADVANCED_FACE('',(#5466),#5656,.T.);
#5919=ADVANCED_FACE('',(#5467),#5657,.T.);
#5920=ADVANCED_FACE('',(#5468),#5658,.T.);
#5921=ADVANCED_FACE('',(#5469),#5659,.T.);
#5922=ADVANCED_FACE('',(#5470),#5660,.T.);
#5923=ADVANCED_FACE('',(#5471),#5661,.T.);
#5924=ADVANCED_FACE('',(#5472),#5662,.T.);
#5925=ADVANCED_FACE('',(#5473),#5663,.T.);
#5926=ADVANCED_FACE('',(#5474),#5664,.T.);
#5927=ADVANCED_FACE('',(#5475),#5665,.T.);
#5928=ADVANCED_FACE('',(#5476),#5666,.T.);
#5929=ADVANCED_FACE('',(#5477),#5667,.T.);
#5930=ADVANCED_FACE('',(#5478),#5668,.T.);
#5931=ADVANCED_FACE('',(#5479),#5669,.T.);
#5932=ADVANCED_FACE('',(#5480),#5670,.T.);
#5933=ADVANCED_FACE('',(#5481),#5671,.T.);
#5934=ADVANCED_FACE('',(#5482),#5672,.T.);
#5935=ADVANCED_FACE('',(#5483),#5673,.T.);
#5936=ADVANCED_FACE('',(#5484),#5674,.T.);
#5937=ADVANCED_FACE('',(#5485),#5675,.T.);
#5938=ADVANCED_FACE('',(#5486),#5676,.T.);
#5939=ADVANCED_FACE('',(#5487),#5677,.T.);
#5940=ADVANCED_FACE('',(#5488),#5678,.T.);
#5941=ADVANCED_FACE('',(#5489),#5679,.T.);
#5942=ADVANCED_FACE('',(#5490),#5680,.T.);
#5943=ADVANCED_FACE('',(#5491),#5681,.T.);
#5944=ADVANCED_FACE('',(#5492),#5682,.T.);
#5945=ADVANCED_FACE('',(#5493),#5683,.T.);
#5946=ADVANCED_FACE('',(#5494),#5684,.T.);
#5947=ADVANCED_FACE('',(#5495),#5685,.T.);
#5948=ADVANCED_FACE('',(#5496),#5686,.T.);
#5949=ADVANCED_FACE('',(#5497),#5687,.T.);
#5950=ADVANCED_FACE('',(#5498),#5688,.T.);
#5951=ADVANCED_FACE('',(#5499),#5689,.T.);
#5952=ADVANCED_FACE('',(#5500),#5690,.T.);
#5953=ADVANCED_FACE('',(#5501),#5691,.T.);
#5954=ADVANCED_FACE('',(#5502),#5692,.T.);
#5955=ADVANCED_FACE('',(#5503),#5693,.T.);
#5956=ADVANCED_FACE('',(#5504),#5694,.T.);
#5957=ADVANCED_FACE('',(#5505),#5695,.T.);
#5958=ADVANCED_FACE('',(#5506),#5696,.T.);
#5959=ADVANCED_FACE('',(#5507),#5697,.T.);
#5960=ADVANCED_FACE('',(#5508),#5698,.T.);
#5961=ADVANCED_FACE('',(#5509),#5699,.T.);
#5962=ADVANCED_FACE('',(#5510),#5700,.T.);
#5963=ADVANCED_FACE('',(#5511),#5701,.T.);
#5964=ADVANCED_FACE('',(#5512),#5702,.T.);
#5965=ADVANCED_FACE('',(#5513),#5703,.T.);
#5966=ADVANCED_FACE('',(#5514),#5704,.T.);
#5967=ADVANCED_FACE('',(#5515),#5705,.T.);
#5968=ADVANCED_FACE('',(#5516),#5706,.T.);
#5969=ADVANCED_FACE('',(#5517),#5707,.T.);
#5970=ADVANCED_FACE('',(#5518),#58,.T.);
#5971=ADVANCED_FACE('',(#5519),#59,.T.);
#5972=ADVANCED_FACE('',(#5520),#60,.T.);
#5973=ADVANCED_FACE('',(#5521),#134,.T.);
#5974=ADVANCED_FACE('',(#5522),#5708,.T.);
#5975=ADVANCED_FACE('',(#5523),#61,.T.);
#5976=ADVANCED_FACE('',(#5524),#135,.F.);
#5977=ADVANCED_FACE('',(#5525),#62,.T.);
#5978=ADVANCED_FACE('',(#5526),#63,.T.);
#5979=ADVANCED_FACE('',(#5527),#64,.T.);
#5980=ADVANCED_FACE('',(#5528),#5709,.T.);
#5981=ADVANCED_FACE('',(#5529),#5710,.T.);
#5982=ADVANCED_FACE('',(#5530),#5711,.T.);
#5983=ADVANCED_FACE('',(#5531),#65,.T.);
#5984=ADVANCED_FACE('',(#5532),#66,.T.);
#5985=ADVANCED_FACE('',(#5533),#136,.F.);
#5986=ADVANCED_FACE('',(#5534),#67,.T.);
#5987=ADVANCED_FACE('',(#5535),#5712,.T.);
#5988=ADVANCED_FACE('',(#5536),#137,.T.);
#5989=ADVANCED_FACE('',(#5537),#68,.T.);
#5990=ADVANCED_FACE('',(#5538),#69,.T.);
#5991=ADVANCED_FACE('',(#5539),#5713,.T.);
#5992=ADVANCED_FACE('',(#5540),#5714,.T.);
#5993=ADVANCED_FACE('',(#5541),#138,.F.);
#5994=ADVANCED_FACE('',(#5542),#70,.T.);
#5995=ADVANCED_FACE('',(#5543),#71,.T.);
#5996=ADVANCED_FACE('',(#5544),#139,.F.);
#5997=ADVANCED_FACE('',(#5545),#140,.F.);
#5998=ADVANCED_FACE('',(#5546),#141,.F.);
#5999=ADVANCED_FACE('',(#5547),#5715,.T.);
#6000=ADVANCED_FACE('',(#5548),#5716,.T.);
#6001=ADVANCED_FACE('',(#5549),#5717,.T.);
#6002=ADVANCED_FACE('',(#5550),#72,.T.);
#6003=ADVANCED_FACE('',(#5551),#73,.T.);
#6004=ADVANCED_FACE('',(#5552),#142,.T.);
#6005=ADVANCED_FACE('',(#5553),#143,.T.);
#6006=ADVANCED_FACE('',(#5554),#74,.T.);
#6007=ADVANCED_FACE('',(#5555),#75,.T.);
#6008=ADVANCED_FACE('',(#5556),#144,.T.);
#6009=ADVANCED_FACE('',(#5557),#145,.T.);
#6010=ADVANCED_FACE('',(#5558),#5718,.T.);
#6011=ADVANCED_FACE('',(#5559),#5719,.T.);
#6012=ADVANCED_FACE('',(#5560),#5720,.T.);
#6013=ADVANCED_FACE('',(#5561),#146,.F.);
#6014=ADVANCED_FACE('',(#5562),#147,.T.);
#6015=ADVANCED_FACE('',(#5563),#5721,.T.);
#6016=ADVANCED_FACE('',(#5564),#5722,.T.);
#6017=ADVANCED_FACE('',(#5565),#5723,.T.);
#6018=ADVANCED_FACE('',(#5566),#5724,.T.);
#6019=ADVANCED_FACE('',(#5567),#5725,.T.);
#6020=CLOSED_SHELL('',(#5726,#5727,#5728,#5729,#5730,#5731,#5732,#5733,
#5734,#5735,#5736,#5737,#5738,#5739,#5740,#5741,#5742,#5743,#5744,#5745,
#5746,#5747,#5748,#5749,#5750,#5751,#5752,#5753,#5754,#5755,#5756,#5757,
#5758,#5759,#5760,#5761,#5762,#5763,#5764,#5765,#5766,#5767,#5768,#5769,
#5770,#5771,#5772,#5773,#5774,#5775,#5776,#5777,#5778,#5779,#5780,#5781,
#5782,#5783,#5784,#5785,#5786,#5787,#5788,#5789,#5790,#5791,#5792,#5793,
#5794,#5795,#5796,#5797,#5798,#5799,#5800,#5801,#5802,#5803,#5804,#5805,
#5806,#5807,#5808,#5809,#5810,#5811,#5812,#5813,#5814,#5815,#5816,#5817,
#5818,#5819,#5820,#5821,#5822,#5823,#5824,#5825,#5826,#5827,#5828,#5829,
#5830,#5831,#5832,#5833,#5834,#5835,#5836,#5837,#5838,#5839,#5840,#5841,
#5842,#5843,#5844,#5845,#5846,#5847,#5848,#5849,#5850,#5851,#5852,#5853,
#5854,#5855,#5856,#5857,#5858,#5859,#5860,#5861,#5862,#5863,#5864,#5865,
#5866,#5867,#5868,#5869,#5870,#5871,#5872,#5873,#5874,#5875,#5876,#5877,
#5878,#5879,#5880,#5881,#5882,#5883,#5884,#5885,#5886,#5887,#5888,#5889,
#5890,#5891,#5892,#5893,#5894,#5895,#5896,#5897,#5898,#5899,#5900,#5901,
#5902,#5903,#5904,#5905,#5906,#5907,#5908,#5909,#5910,#5911,#5912,#5913,
#5914,#5915,#5916,#5917,#5918,#5919,#5920,#5921,#5922,#5923,#5924,#5925,
#5926,#5927,#5928,#5929,#5930,#5931,#5932,#5933,#5934,#5935,#5936,#5937,
#5938,#5939,#5940,#5941,#5942,#5943,#5944,#5945,#5946,#5947,#5948,#5949,
#5950,#5951,#5952,#5953,#5954,#5955,#5956,#5957,#5958,#5959,#5960,#5961,
#5962,#5963,#5964,#5965,#5966,#5967,#5968,#5969,#5970,#5971,#5972,#5973,
#5974,#5975,#5976,#5977,#5978,#5979,#5980,#5981,#5982,#5983,#5984,#5985,
#5986,#5987,#5988,#5989,#5990,#5991,#5992,#5993,#5994,#5995,#5996,#5997,
#5998,#5999,#6000,#6001,#6002,#6003,#6004,#6005,#6006,#6007,#6008,#6009,
#6010,#6011,#6012,#6013,#6014,#6015,#6016,#6017,#6018,#6019));
#6021=STYLED_ITEM('',(#6022),#6029);
#6022=PRESENTATION_STYLE_ASSIGNMENT((#6023));
#6023=SURFACE_STYLE_USAGE(.BOTH.,#6024);
#6024=SURFACE_SIDE_STYLE('',(#6025));
#6025=SURFACE_STYLE_FILL_AREA(#6026);
#6026=FILL_AREA_STYLE('',(#6027));
#6027=FILL_AREA_STYLE_COLOUR('',#6028);
#6028=COLOUR_RGB('',0.615686274509804,0.811764705882353,0.929411764705882);
#6029=MANIFOLD_SOLID_BREP('RULE OF THIRDS',#6020);
#6030=SHAPE_DEFINITION_REPRESENTATION(#10226,#6031);
#6031=SHAPE_REPRESENTATION('RULE OF THIRDS',(#6032),#10221);
#6032=AXIS2_PLACEMENT_3D('',#7761,#6407,#6408);
#6033=AXIS2_PLACEMENT_3D('',#7762,#6409,#6410);
#6034=AXIS2_PLACEMENT_3D('',#7866,#6462,#6463);
#6035=AXIS2_PLACEMENT_3D('',#7868,#6464,#6465);
#6036=AXIS2_PLACEMENT_3D('',#7876,#6469,#6470);
#6037=AXIS2_PLACEMENT_3D('',#7878,#6471,#6472);
#6038=AXIS2_PLACEMENT_3D('',#7888,#6473,#6474);
#6039=AXIS2_PLACEMENT_3D('',#7890,#6475,#6476);
#6040=AXIS2_PLACEMENT_3D('',#7906,#6480,#6481);
#6041=AXIS2_PLACEMENT_3D('',#7908,#6482,#6483);
#6042=AXIS2_PLACEMENT_3D('',#7910,#6484,#6485);
#6043=AXIS2_PLACEMENT_3D('',#7920,#6486,#6487);
#6044=AXIS2_PLACEMENT_3D('',#7932,#6493,#6494);
#6045=AXIS2_PLACEMENT_3D('',#7934,#6495,#6496);
#6046=AXIS2_PLACEMENT_3D('',#7936,#6497,#6498);
#6047=AXIS2_PLACEMENT_3D('',#7938,#6499,#6500);
#6048=AXIS2_PLACEMENT_3D('',#7946,#6504,#6505);
#6049=AXIS2_PLACEMENT_3D('',#7948,#6506,#6507);
#6050=AXIS2_PLACEMENT_3D('',#7950,#6508,#6509);
#6051=AXIS2_PLACEMENT_3D('',#7952,#6510,#6511);
#6052=AXIS2_PLACEMENT_3D('',#7962,#6512,#6513);
#6053=AXIS2_PLACEMENT_3D('',#7964,#6514,#6515);
#6054=AXIS2_PLACEMENT_3D('',#7966,#6516,#6517);
#6055=AXIS2_PLACEMENT_3D('',#7970,#6519,#6520);
#6056=AXIS2_PLACEMENT_3D('',#7980,#6521,#6522);
#6057=AXIS2_PLACEMENT_3D('',#7984,#6524,#6525);
#6058=AXIS2_PLACEMENT_3D('',#7986,#6526,#6527);
#6059=AXIS2_PLACEMENT_3D('',#7988,#6528,#6529);
#6060=AXIS2_PLACEMENT_3D('',#7989,#6530,#6531);
#6061=AXIS2_PLACEMENT_3D('',#7992,#6532,#6533);
#6062=AXIS2_PLACEMENT_3D('',#7994,#6534,#6535);
#6063=AXIS2_PLACEMENT_3D('',#7996,#6536,#6537);
#6064=AXIS2_PLACEMENT_3D('',#8004,#6539,#6540);
#6065=AXIS2_PLACEMENT_3D('',#8010,#6541,#6542);
#6066=AXIS2_PLACEMENT_3D('',#8014,#6544,#6545);
#6067=AXIS2_PLACEMENT_3D('',#8026,#6547,#6548);
#6068=AXIS2_PLACEMENT_3D('',#8028,#6549,#6550);
#6069=AXIS2_PLACEMENT_3D('',#8042,#6551,#6552);
#6070=AXIS2_PLACEMENT_3D('',#8048,#6553,#6554);
#6071=AXIS2_PLACEMENT_3D('',#8064,#6558,#6559);
#6072=AXIS2_PLACEMENT_3D('',#8066,#6560,#6561);
#6073=AXIS2_PLACEMENT_3D('',#8082,#6565,#6566);
#6074=AXIS2_PLACEMENT_3D('',#8084,#6567,#6568);
#6075=AXIS2_PLACEMENT_3D('',#8086,#6569,#6570);
#6076=AXIS2_PLACEMENT_3D('',#8092,#6571,#6572);
#6077=AXIS2_PLACEMENT_3D('',#8094,#6573,#6574);
#6078=AXIS2_PLACEMENT_3D('',#8096,#6575,#6576);
#6079=AXIS2_PLACEMENT_3D('',#8098,#6577,#6578);
#6080=AXIS2_PLACEMENT_3D('',#8126,#6580,#6581);
#6081=AXIS2_PLACEMENT_3D('',#8128,#6582,#6583);
#6082=AXIS2_PLACEMENT_3D('',#8132,#6585,#6586);
#6083=AXIS2_PLACEMENT_3D('',#8158,#6587,#6588);
#6084=AXIS2_PLACEMENT_3D('',#8162,#6590,#6591);
#6085=AXIS2_PLACEMENT_3D('',#8164,#6592,#6593);
#6086=AXIS2_PLACEMENT_3D('',#8172,#6595,#6596);
#6087=AXIS2_PLACEMENT_3D('',#8174,#6597,#6598);
#6088=AXIS2_PLACEMENT_3D('',#8192,#6599,#6600);
#6089=AXIS2_PLACEMENT_3D('',#8194,#6601,#6602);
#6090=AXIS2_PLACEMENT_3D('',#8198,#6604,#6605);
#6091=AXIS2_PLACEMENT_3D('',#8224,#6606,#6607);
#6092=AXIS2_PLACEMENT_3D('',#8346,#6664,#6665);
#6093=AXIS2_PLACEMENT_3D('',#8354,#6667,#6668);
#6094=AXIS2_PLACEMENT_3D('',#8384,#6671,#6672);
#6095=AXIS2_PLACEMENT_3D('',#8392,#6674,#6675);
#6096=AXIS2_PLACEMENT_3D('',#8412,#6681,#6682);
#6097=AXIS2_PLACEMENT_3D('',#8414,#6683,#6684);
#6098=AXIS2_PLACEMENT_3D('',#8422,#6688,#6689);
#6099=AXIS2_PLACEMENT_3D('',#8424,#6690,#6691);
#6100=AXIS2_PLACEMENT_3D('',#8434,#6692,#6693);
#6101=AXIS2_PLACEMENT_3D('',#8436,#6694,#6695);
#6102=AXIS2_PLACEMENT_3D('',#8452,#6699,#6700);
#6103=AXIS2_PLACEMENT_3D('',#8454,#6701,#6702);
#6104=AXIS2_PLACEMENT_3D('',#8456,#6703,#6704);
#6105=AXIS2_PLACEMENT_3D('',#8466,#6705,#6706);
#6106=AXIS2_PLACEMENT_3D('',#8475,#6711,#6712);
#6107=AXIS2_PLACEMENT_3D('',#8481,#6715,#6716);
#6108=AXIS2_PLACEMENT_3D('',#8491,#6717,#6718);
#6109=AXIS2_PLACEMENT_3D('',#8493,#6719,#6720);
#6110=AXIS2_PLACEMENT_3D('',#8495,#6721,#6722);
#6111=AXIS2_PLACEMENT_3D('',#8511,#6726,#6727);
#6112=AXIS2_PLACEMENT_3D('',#8513,#6728,#6729);
#6113=AXIS2_PLACEMENT_3D('',#8523,#6730,#6731);
#6114=AXIS2_PLACEMENT_3D('',#8525,#6732,#6733);
#6115=AXIS2_PLACEMENT_3D('',#8533,#6737,#6738);
#6116=AXIS2_PLACEMENT_3D('',#8535,#6739,#6740);
#6117=AXIS2_PLACEMENT_3D('',#8557,#6745,#6746);
#6118=AXIS2_PLACEMENT_3D('',#8565,#6748,#6749);
#6119=AXIS2_PLACEMENT_3D('',#8622,#6774,#6775);
#6120=AXIS2_PLACEMENT_3D('',#8627,#6777,#6778);
#6121=AXIS2_PLACEMENT_3D('',#8653,#6779,#6780);
#6122=AXIS2_PLACEMENT_3D('',#8657,#6782,#6783);
#6123=AXIS2_PLACEMENT_3D('',#8659,#6784,#6785);
#6124=AXIS2_PLACEMENT_3D('',#8677,#6786,#6787);
#6125=AXIS2_PLACEMENT_3D('',#8678,#6788,#6789);
#6126=AXIS2_PLACEMENT_3D('',#8697,#6792,#6793);
#6127=AXIS2_PLACEMENT_3D('',#8699,#6794,#6795);
#6128=AXIS2_PLACEMENT_3D('',#8701,#6796,#6797);
#6129=AXIS2_PLACEMENT_3D('',#8703,#6798,#6799);
#6130=AXIS2_PLACEMENT_3D('',#8709,#6800,#6801);
#6131=AXIS2_PLACEMENT_3D('',#8711,#6802,#6803);
#6132=AXIS2_PLACEMENT_3D('',#8712,#6804,#6805);
#6133=AXIS2_PLACEMENT_3D('',#8715,#6806,#6807);
#6134=AXIS2_PLACEMENT_3D('',#8717,#6808,#6809);
#6135=AXIS2_PLACEMENT_3D('',#8721,#6811,#6812);
#6136=AXIS2_PLACEMENT_3D('',#8727,#6813,#6814);
#6137=AXIS2_PLACEMENT_3D('',#8735,#6816,#6817);
#6138=AXIS2_PLACEMENT_3D('',#8737,#6818,#6819);
#6139=AXIS2_PLACEMENT_3D('',#8738,#6820,#6821);
#6140=AXIS2_PLACEMENT_3D('',#8743,#6823,#6824);
#6141=AXIS2_PLACEMENT_3D('',#8745,#6825,#6826);
#6142=AXIS2_PLACEMENT_3D('',#8747,#6827,#6828);
#6143=AXIS2_PLACEMENT_3D('',#8749,#6829,#6830);
#6144=AXIS2_PLACEMENT_3D('',#8757,#6834,#6835);
#6145=AXIS2_PLACEMENT_3D('',#8759,#6836,#6837);
#6146=AXIS2_PLACEMENT_3D('',#8761,#6838,#6839);
#6147=AXIS2_PLACEMENT_3D('',#8767,#6842,#6843);
#6148=AXIS2_PLACEMENT_3D('',#8777,#6844,#6845);
#6149=AXIS2_PLACEMENT_3D('',#8779,#6846,#6847);
#6150=AXIS2_PLACEMENT_3D('',#8781,#6848,#6849);
#6151=AXIS2_PLACEMENT_3D('',#8797,#6853,#6854);
#6152=AXIS2_PLACEMENT_3D('',#8799,#6855,#6856);
#6153=AXIS2_PLACEMENT_3D('',#8809,#6857,#6858);
#6154=AXIS2_PLACEMENT_3D('',#8811,#6859,#6860);
#6155=AXIS2_PLACEMENT_3D('',#8819,#6864,#6865);
#6156=AXIS2_PLACEMENT_3D('',#8821,#6866,#6867);
#6157=AXIS2_PLACEMENT_3D('',#8937,#6921,#6922);
#6158=AXIS2_PLACEMENT_3D('',#8939,#6923,#6924);
#6159=AXIS2_PLACEMENT_3D('',#8941,#6925,#6926);
#6160=AXIS2_PLACEMENT_3D('',#8945,#6928,#6929);
#6161=AXIS2_PLACEMENT_3D('',#8955,#6930,#6931);
#6162=AXIS2_PLACEMENT_3D('',#8959,#6933,#6934);
#6163=AXIS2_PLACEMENT_3D('',#8961,#6935,#6936);
#6164=AXIS2_PLACEMENT_3D('',#8963,#6937,#6938);
#6165=AXIS2_PLACEMENT_3D('',#8983,#6942,#6943);
#6166=AXIS2_PLACEMENT_3D('',#8985,#6944,#6945);
#6167=AXIS2_PLACEMENT_3D('',#9001,#6949,#6950);
#6168=AXIS2_PLACEMENT_3D('',#9007,#6951,#6952);
#6169=AXIS2_PLACEMENT_3D('',#9021,#6953,#6954);
#6170=AXIS2_PLACEMENT_3D('',#9023,#6955,#6956);
#6171=AXIS2_PLACEMENT_3D('',#9041,#6957,#6958);
#6172=AXIS2_PLACEMENT_3D('',#9043,#6959,#6960);
#6173=AXIS2_PLACEMENT_3D('',#9047,#6962,#6963);
#6174=AXIS2_PLACEMENT_3D('',#9073,#6964,#6965);
#6175=AXIS2_PLACEMENT_3D('',#9077,#6967,#6968);
#6176=AXIS2_PLACEMENT_3D('',#9079,#6969,#6970);
#6177=AXIS2_PLACEMENT_3D('',#9163,#7004,#7005);
#6178=AXIS2_PLACEMENT_3D('',#9171,#7007,#7008);
#6179=AXIS2_PLACEMENT_3D('',#9188,#7013,#7014);
#6180=AXIS2_PLACEMENT_3D('',#9191,#7017,#7018);
#6181=AXIS2_PLACEMENT_3D('',#9193,#7020,#7021);
#6182=AXIS2_PLACEMENT_3D('',#9195,#7023,#7024);
#6183=AXIS2_PLACEMENT_3D('',#9198,#7027,#7028);
#6184=AXIS2_PLACEMENT_3D('',#9200,#7030,#7031);
#6185=AXIS2_PLACEMENT_3D('',#9202,#7033,#7034);
#6186=AXIS2_PLACEMENT_3D('',#9205,#7037,#7038);
#6187=AXIS2_PLACEMENT_3D('',#9207,#7040,#7041);
#6188=AXIS2_PLACEMENT_3D('',#9209,#7043,#7044);
#6189=AXIS2_PLACEMENT_3D('',#9212,#7047,#7048);
#6190=AXIS2_PLACEMENT_3D('',#9214,#7050,#7051);
#6191=AXIS2_PLACEMENT_3D('',#9216,#7053,#7054);
#6192=AXIS2_PLACEMENT_3D('',#9219,#7057,#7058);
#6193=AXIS2_PLACEMENT_3D('',#9221,#7060,#7061);
#6194=AXIS2_PLACEMENT_3D('',#9223,#7063,#7064);
#6195=AXIS2_PLACEMENT_3D('',#9226,#7067,#7068);
#6196=AXIS2_PLACEMENT_3D('',#9228,#7070,#7071);
#6197=AXIS2_PLACEMENT_3D('',#9230,#7073,#7074);
#6198=AXIS2_PLACEMENT_3D('',#9233,#7077,#7078);
#6199=AXIS2_PLACEMENT_3D('',#9235,#7080,#7081);
#6200=AXIS2_PLACEMENT_3D('',#9237,#7083,#7084);
#6201=AXIS2_PLACEMENT_3D('',#9240,#7087,#7088);
#6202=AXIS2_PLACEMENT_3D('',#9242,#7090,#7091);
#6203=AXIS2_PLACEMENT_3D('',#9244,#7093,#7094);
#6204=AXIS2_PLACEMENT_3D('',#9247,#7097,#7098);
#6205=AXIS2_PLACEMENT_3D('',#9249,#7100,#7101);
#6206=AXIS2_PLACEMENT_3D('',#9251,#7103,#7104);
#6207=AXIS2_PLACEMENT_3D('',#9254,#7107,#7108);
#6208=AXIS2_PLACEMENT_3D('',#9256,#7110,#7111);
#6209=AXIS2_PLACEMENT_3D('',#9258,#7113,#7114);
#6210=AXIS2_PLACEMENT_3D('',#9259,#7115,#7116);
#6211=AXIS2_PLACEMENT_3D('',#9260,#7117,#7118);
#6212=AXIS2_PLACEMENT_3D('',#9261,#7119,#7120);
#6213=AXIS2_PLACEMENT_3D('',#9262,#7121,#7122);
#6214=AXIS2_PLACEMENT_3D('',#9263,#7123,#7124);
#6215=AXIS2_PLACEMENT_3D('',#9264,#7125,#7126);
#6216=AXIS2_PLACEMENT_3D('',#9265,#7127,#7128);
#6217=AXIS2_PLACEMENT_3D('',#9266,#7129,#7130);
#6218=AXIS2_PLACEMENT_3D('',#9267,#7131,#7132);
#6219=AXIS2_PLACEMENT_3D('',#9268,#7133,#7134);
#6220=AXIS2_PLACEMENT_3D('',#9271,#7137,#7138);
#6221=AXIS2_PLACEMENT_3D('',#9273,#7140,#7141);
#6222=AXIS2_PLACEMENT_3D('',#9275,#7143,#7144);
#6223=AXIS2_PLACEMENT_3D('',#9276,#7145,#7146);
#6224=AXIS2_PLACEMENT_3D('',#9279,#7149,#7150);
#6225=AXIS2_PLACEMENT_3D('',#9281,#7152,#7153);
#6226=AXIS2_PLACEMENT_3D('',#9283,#7155,#7156);
#6227=AXIS2_PLACEMENT_3D('',#9284,#7157,#7158);
#6228=AXIS2_PLACEMENT_3D('',#9287,#7161,#7162);
#6229=AXIS2_PLACEMENT_3D('',#9289,#7164,#7165);
#6230=AXIS2_PLACEMENT_3D('',#9309,#7169,#7170);
#6231=AXIS2_PLACEMENT_3D('',#9311,#7172,#7173);
#6232=AXIS2_PLACEMENT_3D('',#9313,#7175,#7176);
#6233=AXIS2_PLACEMENT_3D('',#9315,#7178,#7179);
#6234=AXIS2_PLACEMENT_3D('',#9317,#7181,#7182);
#6235=AXIS2_PLACEMENT_3D('',#9319,#7184,#7185);
#6236=AXIS2_PLACEMENT_3D('',#9339,#7189,#7190);
#6237=AXIS2_PLACEMENT_3D('',#9341,#7192,#7193);
#6238=AXIS2_PLACEMENT_3D('',#9361,#7197,#7198);
#6239=AXIS2_PLACEMENT_3D('',#9363,#7200,#7201);
#6240=AXIS2_PLACEMENT_3D('',#9365,#7203,#7204);
#6241=AXIS2_PLACEMENT_3D('',#9367,#7206,#7207);
#6242=AXIS2_PLACEMENT_3D('',#9369,#7209,#7210);
#6243=AXIS2_PLACEMENT_3D('',#9371,#7212,#7213);
#6244=AXIS2_PLACEMENT_3D('',#9373,#7215,#7216);
#6245=AXIS2_PLACEMENT_3D('',#9375,#7218,#7219);
#6246=AXIS2_PLACEMENT_3D('',#9376,#7220,#7221);
#6247=AXIS2_PLACEMENT_3D('',#9379,#7224,#7225);
#6248=AXIS2_PLACEMENT_3D('',#9381,#7227,#7228);
#6249=AXIS2_PLACEMENT_3D('',#9383,#7230,#7231);
#6250=AXIS2_PLACEMENT_3D('',#9384,#7232,#7233);
#6251=AXIS2_PLACEMENT_3D('',#9387,#7236,#7237);
#6252=AXIS2_PLACEMENT_3D('',#9389,#7239,#7240);
#6253=AXIS2_PLACEMENT_3D('',#9391,#7242,#7243);
#6254=AXIS2_PLACEMENT_3D('',#9393,#7245,#7246);
#6255=AXIS2_PLACEMENT_3D('',#9395,#7248,#7249);
#6256=AXIS2_PLACEMENT_3D('',#9397,#7251,#7252);
#6257=AXIS2_PLACEMENT_3D('',#9399,#7254,#7255);
#6258=AXIS2_PLACEMENT_3D('',#9401,#7257,#7258);
#6259=AXIS2_PLACEMENT_3D('',#9403,#7260,#7261);
#6260=AXIS2_PLACEMENT_3D('',#9405,#7263,#7264);
#6261=AXIS2_PLACEMENT_3D('',#9407,#7266,#7267);
#6262=AXIS2_PLACEMENT_3D('',#9427,#7271,#7272);
#6263=AXIS2_PLACEMENT_3D('',#9429,#7274,#7275);
#6264=AXIS2_PLACEMENT_3D('',#9431,#7277,#7278);
#6265=AXIS2_PLACEMENT_3D('',#9433,#7280,#7281);
#6266=AXIS2_PLACEMENT_3D('',#9435,#7283,#7284);
#6267=AXIS2_PLACEMENT_3D('',#9455,#7288,#7289);
#6268=AXIS2_PLACEMENT_3D('',#9457,#7291,#7292);
#6269=AXIS2_PLACEMENT_3D('',#9459,#7294,#7295);
#6270=AXIS2_PLACEMENT_3D('',#9461,#7297,#7298);
#6271=AXIS2_PLACEMENT_3D('',#9463,#7300,#7301);
#6272=AXIS2_PLACEMENT_3D('',#9464,#7302,#7303);
#6273=AXIS2_PLACEMENT_3D('',#9467,#7306,#7307);
#6274=AXIS2_PLACEMENT_3D('',#9469,#7309,#7310);
#6275=AXIS2_PLACEMENT_3D('',#9471,#7312,#7313);
#6276=AXIS2_PLACEMENT_3D('',#9473,#7315,#7316);
#6277=AXIS2_PLACEMENT_3D('',#9484,#7319,#7320);
#6278=AXIS2_PLACEMENT_3D('',#9486,#7322,#7323);
#6279=AXIS2_PLACEMENT_3D('',#9497,#7326,#7327);
#6280=AXIS2_PLACEMENT_3D('',#9499,#7329,#7330);
#6281=AXIS2_PLACEMENT_3D('',#9510,#7333,#7334);
#6282=AXIS2_PLACEMENT_3D('',#9512,#7336,#7337);
#6283=AXIS2_PLACEMENT_3D('',#9514,#7339,#7340);
#6284=AXIS2_PLACEMENT_3D('',#9534,#7344,#7345);
#6285=AXIS2_PLACEMENT_3D('',#9536,#7347,#7348);
#6286=AXIS2_PLACEMENT_3D('',#9556,#7352,#7353);
#6287=AXIS2_PLACEMENT_3D('',#9558,#7355,#7356);
#6288=AXIS2_PLACEMENT_3D('',#9560,#7358,#7359);
#6289=AXIS2_PLACEMENT_3D('',#9562,#7361,#7362);
#6290=AXIS2_PLACEMENT_3D('',#9573,#7365,#7366);
#6291=AXIS2_PLACEMENT_3D('',#9602,#7371,#7372);
#6292=AXIS2_PLACEMENT_3D('',#9604,#7374,#7375);
#6293=AXIS2_PLACEMENT_3D('',#9614,#7377,#7378);
#6294=AXIS2_PLACEMENT_3D('',#9617,#7381,#7382);
#6295=AXIS2_PLACEMENT_3D('',#9646,#7387,#7388);
#6296=AXIS2_PLACEMENT_3D('',#9648,#7390,#7391);
#6297=AXIS2_PLACEMENT_3D('',#9650,#7393,#7394);
#6298=AXIS2_PLACEMENT_3D('',#9652,#7396,#7397);
#6299=AXIS2_PLACEMENT_3D('',#9654,#7399,#7400);
#6300=AXIS2_PLACEMENT_3D('',#9665,#7403,#7404);
#6301=AXIS2_PLACEMENT_3D('',#9667,#7406,#7407);
#6302=AXIS2_PLACEMENT_3D('',#9696,#7412,#7413);
#6303=AXIS2_PLACEMENT_3D('',#9698,#7415,#7416);
#6304=AXIS2_PLACEMENT_3D('',#9700,#7418,#7419);
#6305=AXIS2_PLACEMENT_3D('',#9702,#7421,#7422);
#6306=AXIS2_PLACEMENT_3D('',#9758,#7430,#7431);
#6307=AXIS2_PLACEMENT_3D('',#9760,#7433,#7434);
#6308=AXIS2_PLACEMENT_3D('',#9762,#7436,#7437);
#6309=AXIS2_PLACEMENT_3D('',#9764,#7439,#7440);
#6310=AXIS2_PLACEMENT_3D('',#9774,#7442,#7443);
#6311=AXIS2_PLACEMENT_3D('',#9777,#7446,#7447);
#6312=AXIS2_PLACEMENT_3D('',#9779,#7449,#7450);
#6313=AXIS2_PLACEMENT_3D('',#9835,#7458,#7459);
#6314=AXIS2_PLACEMENT_3D('',#9837,#7461,#7462);
#6315=AXIS2_PLACEMENT_3D('',#9839,#7464,#7465);
#6316=AXIS2_PLACEMENT_3D('',#9841,#7467,#7468);
#6317=AXIS2_PLACEMENT_3D('',#9879,#7474,#7475);
#6318=AXIS2_PLACEMENT_3D('',#9880,#7476,#7477);
#6319=AXIS2_PLACEMENT_3D('',#9883,#7480,#7481);
#6320=AXIS2_PLACEMENT_3D('',#9885,#7483,#7484);
#6321=AXIS2_PLACEMENT_3D('',#9887,#7486,#7487);
#6322=AXIS2_PLACEMENT_3D('',#9888,#7488,#7489);
#6323=AXIS2_PLACEMENT_3D('',#9891,#7492,#7493);
#6324=AXIS2_PLACEMENT_3D('',#9893,#7495,#7496);
#6325=AXIS2_PLACEMENT_3D('',#9895,#7498,#7499);
#6326=AXIS2_PLACEMENT_3D('',#9896,#7500,#7501);
#6327=AXIS2_PLACEMENT_3D('',#9899,#7504,#7505);
#6328=AXIS2_PLACEMENT_3D('',#9901,#7507,#7508);
#6329=AXIS2_PLACEMENT_3D('',#9903,#7510,#7511);
#6330=AXIS2_PLACEMENT_3D('',#9904,#7512,#7513);
#6331=AXIS2_PLACEMENT_3D('',#9907,#7516,#7517);
#6332=AXIS2_PLACEMENT_3D('',#9909,#7519,#7520);
#6333=AXIS2_PLACEMENT_3D('',#9911,#7522,#7523);
#6334=AXIS2_PLACEMENT_3D('',#9913,#7525,#7526);
#6335=AXIS2_PLACEMENT_3D('',#9915,#7528,#7529);
#6336=AXIS2_PLACEMENT_3D('',#9917,#7531,#7532);
#6337=AXIS2_PLACEMENT_3D('',#9919,#7534,#7535);
#6338=AXIS2_PLACEMENT_3D('',#9920,#7536,#7537);
#6339=AXIS2_PLACEMENT_3D('',#9923,#7540,#7541);
#6340=AXIS2_PLACEMENT_3D('',#9925,#7543,#7544);
#6341=AXIS2_PLACEMENT_3D('',#9927,#7546,#7547);
#6342=AXIS2_PLACEMENT_3D('',#9929,#7549,#7550);
#6343=AXIS2_PLACEMENT_3D('',#9931,#7552,#7553);
#6344=AXIS2_PLACEMENT_3D('',#9933,#7555,#7556);
#6345=AXIS2_PLACEMENT_3D('',#9935,#7558,#7559);
#6346=AXIS2_PLACEMENT_3D('',#9936,#7560,#7561);
#6347=AXIS2_PLACEMENT_3D('',#9939,#7564,#7565);
#6348=AXIS2_PLACEMENT_3D('',#9941,#7567,#7568);
#6349=AXIS2_PLACEMENT_3D('',#9943,#7570,#7571);
#6350=AXIS2_PLACEMENT_3D('',#9944,#7572,#7573);
#6351=AXIS2_PLACEMENT_3D('',#9947,#7576,#7577);
#6352=AXIS2_PLACEMENT_3D('',#9949,#7579,#7580);
#6353=AXIS2_PLACEMENT_3D('',#9951,#7582,#7583);
#6354=AXIS2_PLACEMENT_3D('',#9952,#7584,#7585);
#6355=AXIS2_PLACEMENT_3D('',#9955,#7588,#7589);
#6356=AXIS2_PLACEMENT_3D('',#9957,#7591,#7592);
#6357=AXIS2_PLACEMENT_3D('',#9959,#7594,#7595);
#6358=AXIS2_PLACEMENT_3D('',#9960,#7596,#7597);
#6359=AXIS2_PLACEMENT_3D('',#9963,#7600,#7601);
#6360=AXIS2_PLACEMENT_3D('',#9965,#7603,#7604);
#6361=AXIS2_PLACEMENT_3D('',#9967,#7606,#7607);
#6362=AXIS2_PLACEMENT_3D('',#9968,#7608,#7609);
#6363=AXIS2_PLACEMENT_3D('',#9971,#7612,#7613);
#6364=AXIS2_PLACEMENT_3D('',#9973,#7615,#7616);
#6365=AXIS2_PLACEMENT_3D('',#9975,#7618,#7619);
#6366=AXIS2_PLACEMENT_3D('',#9976,#7620,#7621);
#6367=AXIS2_PLACEMENT_3D('',#9979,#7624,#7625);
#6368=AXIS2_PLACEMENT_3D('',#9981,#7627,#7628);
#6369=AXIS2_PLACEMENT_3D('',#9983,#7630,#7631);
#6370=AXIS2_PLACEMENT_3D('',#9985,#7633,#7634);
#6371=AXIS2_PLACEMENT_3D('',#9987,#7636,#7637);
#6372=AXIS2_PLACEMENT_3D('',#9988,#7638,#7639);
#6373=AXIS2_PLACEMENT_3D('',#9991,#7642,#7643);
#6374=AXIS2_PLACEMENT_3D('',#9993,#7645,#7646);
#6375=AXIS2_PLACEMENT_3D('',#10022,#7651,#7652);
#6376=AXIS2_PLACEMENT_3D('',#10024,#7654,#7655);
#6377=AXIS2_PLACEMENT_3D('',#10035,#7658,#7659);
#6378=AXIS2_PLACEMENT_3D('',#10064,#7664,#7665);
#6379=AXIS2_PLACEMENT_3D('',#10066,#7667,#7668);
#6380=AXIS2_PLACEMENT_3D('',#10068,#7670,#7671);
#6381=AXIS2_PLACEMENT_3D('',#10088,#7675,#7676);
#6382=AXIS2_PLACEMENT_3D('',#10099,#7679,#7680);
#6383=AXIS2_PLACEMENT_3D('',#10101,#7682,#7683);
#6384=AXIS2_PLACEMENT_3D('',#10120,#7686,#7687);
#6385=AXIS2_PLACEMENT_3D('',#10123,#7690,#7691);
#6386=AXIS2_PLACEMENT_3D('',#10125,#7693,#7694);
#6387=AXIS2_PLACEMENT_3D('',#10145,#7698,#7699);
#6388=AXIS2_PLACEMENT_3D('',#10147,#7701,#7702);
#6389=AXIS2_PLACEMENT_3D('',#10149,#7704,#7705);
#6390=AXIS2_PLACEMENT_3D('',#10151,#7707,#7708);
#6391=AXIS2_PLACEMENT_3D('',#10153,#7710,#7711);
#6392=AXIS2_PLACEMENT_3D('',#10155,#7713,#7714);
#6393=AXIS2_PLACEMENT_3D('',#10175,#7718,#7719);
#6394=AXIS2_PLACEMENT_3D('',#10177,#7721,#7722);
#6395=AXIS2_PLACEMENT_3D('',#10197,#7726,#7727);
#6396=AXIS2_PLACEMENT_3D('',#10199,#7729,#7730);
#6397=AXIS2_PLACEMENT_3D('',#10201,#7732,#7733);
#6398=AXIS2_PLACEMENT_3D('',#10203,#7735,#7736);
#6399=AXIS2_PLACEMENT_3D('',#10205,#7738,#7739);
#6400=AXIS2_PLACEMENT_3D('',#10207,#7741,#7742);
#6401=AXIS2_PLACEMENT_3D('',#10209,#7744,#7745);
#6402=AXIS2_PLACEMENT_3D('',#10211,#7747,#7748);
#6403=AXIS2_PLACEMENT_3D('',#10212,#7749,#7750);
#6404=AXIS2_PLACEMENT_3D('',#10215,#7753,#7754);
#6405=AXIS2_PLACEMENT_3D('',#10217,#7756,#7757);
#6406=AXIS2_PLACEMENT_3D('',#10219,#7759,#7760);
#6407=DIRECTION('',(0.,0.,1.));
#6408=DIRECTION('',(1.,0.,0.));
#6409=DIRECTION('',(0.,0.,1.));
#6410=DIRECTION('',(1.,0.,0.));
#6411=DIRECTION('',(0.,-1.,0.));
#6412=DIRECTION('',(-1.,0.,0.));
#6413=DIRECTION('',(3.04337451925756E-16,-1.,0.));
#6414=DIRECTION('',(-1.,0.,0.));
#6415=DIRECTION('',(0.,-1.,0.));
#6416=DIRECTION('',(-1.,-2.86139954800298E-16,0.));
#6417=DIRECTION('',(0.,-1.,0.));
#6418=DIRECTION('',(1.,0.,0.));
#6419=DIRECTION('',(1.,0.,0.));
#6420=DIRECTION('',(0.,-1.,0.));
#6421=DIRECTION('',(-1.,0.,0.));
#6422=DIRECTION('',(0.,-1.,0.));
#6423=DIRECTION('',(0.,-1.,0.));
#6424=DIRECTION('',(-1.,-2.86139954800298E-16,0.));
#6425=DIRECTION('',(0.,-1.,0.));
#6426=DIRECTION('',(1.,0.,0.));
#6427=DIRECTION('',(0.,-1.,0.));
#6428=DIRECTION('',(1.,0.,0.));
#6429=DIRECTION('',(0.,-1.,0.));
#6430=DIRECTION('',(1.,0.,0.));
#6431=DIRECTION('',(0.,-1.,0.));
#6432=DIRECTION('',(-1.,0.,0.));
#6433=DIRECTION('',(0.,-1.,0.));
#6434=DIRECTION('',(1.,0.,0.));
#6435=DIRECTION('',(0.,-1.,0.));
#6436=DIRECTION('',(1.,0.,0.));
#6437=DIRECTION('',(0.,-1.,0.));
#6438=DIRECTION('',(1.,0.,0.));
#6439=DIRECTION('',(0.,-1.,0.));
#6440=DIRECTION('',(1.,0.,0.));
#6441=DIRECTION('',(0.,-1.,0.));
#6442=DIRECTION('',(-1.,0.,0.));
#6443=DIRECTION('',(0.,-1.,0.));
#6444=DIRECTION('',(-1.,0.,0.));
#6445=DIRECTION('',(0.,-1.,0.));
#6446=DIRECTION('',(1.,0.,0.));
#6447=DIRECTION('',(0.,-1.,0.));
#6448=DIRECTION('',(1.,0.,0.));
#6449=DIRECTION('',(0.,-1.,0.));
#6450=DIRECTION('',(1.,0.,0.));
#6451=DIRECTION('',(-1.,0.,0.));
#6452=DIRECTION('',(0.,1.,0.));
#6453=DIRECTION('',(1.,0.,0.));
#6454=DIRECTION('',(0.,-1.,0.));
#6455=DIRECTION('',(1.,0.,0.));
#6456=DIRECTION('',(0.,-1.,0.));
#6457=DIRECTION('',(-1.,0.,0.));
#6458=DIRECTION('',(0.,1.,0.));
#6459=DIRECTION('',(-0.865350025837741,-0.501167968631896,0.));
#6460=DIRECTION('',(0.,1.,0.));
#6461=DIRECTION('',(0.886973045168115,0.461821196076144,0.));
#6462=DIRECTION('',(0.,0.,1.));
#6463=DIRECTION('',(1.,0.,0.));
#6464=DIRECTION('',(0.,0.,1.));
#6465=DIRECTION('',(1.,0.,0.));
#6466=DIRECTION('',(0.,1.,0.));
#6467=DIRECTION('',(1.,0.,0.));
#6468=DIRECTION('',(0.,-1.,0.));
#6469=DIRECTION('',(0.,0.,1.));
#6470=DIRECTION('',(1.,0.,0.));
#6471=DIRECTION('',(0.,0.,1.));
#6472=DIRECTION('',(1.,0.,0.));
#6473=DIRECTION('',(0.,0.,1.));
#6474=DIRECTION('',(1.,0.,0.));
#6475=DIRECTION('',(0.,0.,1.));
#6476=DIRECTION('',(1.,0.,0.));
#6477=DIRECTION('',(0.,1.,0.));
#6478=DIRECTION('',(1.,0.,0.));
#6479=DIRECTION('',(0.,-1.,0.));
#6480=DIRECTION('',(0.,0.,1.));
#6481=DIRECTION('',(1.,0.,0.));
#6482=DIRECTION('',(0.,0.,1.));
#6483=DIRECTION('',(1.,0.,0.));
#6484=DIRECTION('',(0.,0.,1.));
#6485=DIRECTION('',(1.,0.,0.));
#6486=DIRECTION('',(0.,0.,1.));
#6487=DIRECTION('',(1.,0.,0.));
#6488=DIRECTION('',(1.,0.,0.));
#6489=DIRECTION('',(0.,-1.,0.));
#6490=DIRECTION('',(-1.,0.,0.));
#6491=DIRECTION('',(0.,1.,0.));
#6492=DIRECTION('',(0.971195081368713,-0.238285782045884,0.));
#6493=DIRECTION('',(0.,0.,1.));
#6494=DIRECTION('',(1.,0.,0.));
#6495=DIRECTION('',(0.,0.,1.));
#6496=DIRECTION('',(1.,0.,0.));
#6497=DIRECTION('',(0.,0.,1.));
#6498=DIRECTION('',(1.,0.,0.));
#6499=DIRECTION('',(0.,0.,1.));
#6500=DIRECTION('',(1.,0.,0.));
#6501=DIRECTION('',(0.,-1.,0.));
#6502=DIRECTION('',(-1.,0.,0.));
#6503=DIRECTION('',(0.,1.,0.));
#6504=DIRECTION('',(0.,0.,1.));
#6505=DIRECTION('',(1.,0.,0.));
#6506=DIRECTION('',(0.,0.,1.));
#6507=DIRECTION('',(1.,0.,0.));
#6508=DIRECTION('',(0.,0.,1.));
#6509=DIRECTION('',(1.,0.,0.));
#6510=DIRECTION('',(0.,0.,1.));
#6511=DIRECTION('',(1.,0.,0.));
#6512=DIRECTION('',(0.,0.,1.));
#6513=DIRECTION('',(1.,0.,0.));
#6514=DIRECTION('',(0.,0.,1.));
#6515=DIRECTION('',(1.,0.,0.));
#6516=DIRECTION('',(0.,0.,1.));
#6517=DIRECTION('',(1.,0.,0.));
#6518=DIRECTION('',(-1.,0.,0.));
#6519=DIRECTION('',(0.,0.,1.));
#6520=DIRECTION('',(1.,0.,0.));
#6521=DIRECTION('',(0.,0.,1.));
#6522=DIRECTION('',(1.,0.,0.));
#6523=DIRECTION('',(-1.,0.,0.));
#6524=DIRECTION('',(0.,0.,1.));
#6525=DIRECTION('',(1.,0.,0.));
#6526=DIRECTION('',(0.,0.,1.));
#6527=DIRECTION('',(1.,0.,0.));
#6528=DIRECTION('',(0.,0.,1.));
#6529=DIRECTION('',(1.,0.,0.));
#6530=DIRECTION('',(0.,0.,1.));
#6531=DIRECTION('',(1.,0.,0.));
#6532=DIRECTION('',(0.,0.,1.));
#6533=DIRECTION('',(1.,0.,0.));
#6534=DIRECTION('',(0.,0.,1.));
#6535=DIRECTION('',(1.,0.,0.));
#6536=DIRECTION('',(0.,0.,1.));
#6537=DIRECTION('',(1.,0.,0.));
#6538=DIRECTION('',(1.,0.,0.));
#6539=DIRECTION('',(0.,0.,1.));
#6540=DIRECTION('',(1.,0.,0.));
#6541=DIRECTION('',(0.,0.,1.));
#6542=DIRECTION('',(1.,0.,0.));
#6543=DIRECTION('',(-0.888461516247465,0.45895112391981,0.));
#6544=DIRECTION('',(0.,0.,1.));
#6545=DIRECTION('',(1.,0.,0.));
#6546=DIRECTION('',(0.,-1.,0.));
#6547=DIRECTION('',(0.,0.,1.));
#6548=DIRECTION('',(1.,0.,0.));
#6549=DIRECTION('',(0.,0.,1.));
#6550=DIRECTION('',(1.,0.,0.));
#6551=DIRECTION('',(0.,0.,1.));
#6552=DIRECTION('',(1.,0.,0.));
#6553=DIRECTION('',(0.,0.,1.));
#6554=DIRECTION('',(1.,0.,0.));
#6555=DIRECTION('',(0.,1.,0.));
#6556=DIRECTION('',(1.,0.,0.));
#6557=DIRECTION('',(0.,-1.,0.));
#6558=DIRECTION('',(0.,0.,1.));
#6559=DIRECTION('',(1.,0.,0.));
#6560=DIRECTION('',(0.,0.,1.));
#6561=DIRECTION('',(1.,0.,0.));
#6562=DIRECTION('',(0.,1.,0.));
#6563=DIRECTION('',(1.,0.,0.));
#6564=DIRECTION('',(1.,0.,0.));
#6565=DIRECTION('',(0.,0.,1.));
#6566=DIRECTION('',(1.,0.,0.));
#6567=DIRECTION('',(0.,0.,1.));
#6568=DIRECTION('',(1.,0.,0.));
#6569=DIRECTION('',(0.,0.,1.));
#6570=DIRECTION('',(1.,0.,0.));
#6571=DIRECTION('',(0.,0.,1.));
#6572=DIRECTION('',(1.,0.,0.));
#6573=DIRECTION('',(0.,0.,1.));
#6574=DIRECTION('',(1.,0.,0.));
#6575=DIRECTION('',(0.,0.,1.));
#6576=DIRECTION('',(1.,0.,0.));
#6577=DIRECTION('',(0.,0.,1.));
#6578=DIRECTION('',(1.,0.,0.));
#6579=DIRECTION('',(1.,0.,0.));
#6580=DIRECTION('',(0.,0.,1.));
#6581=DIRECTION('',(1.,0.,0.));
#6582=DIRECTION('',(0.,0.,1.));
#6583=DIRECTION('',(1.,0.,0.));
#6584=DIRECTION('',(-1.,0.,0.));
#6585=DIRECTION('',(0.,0.,1.));
#6586=DIRECTION('',(1.,0.,0.));
#6587=DIRECTION('',(0.,0.,1.));
#6588=DIRECTION('',(1.,0.,0.));
#6589=DIRECTION('',(-1.,0.,0.));
#6590=DIRECTION('',(0.,0.,1.));
#6591=DIRECTION('',(1.,0.,0.));
#6592=DIRECTION('',(0.,0.,1.));
#6593=DIRECTION('',(1.,0.,0.));
#6594=DIRECTION('',(1.,0.,0.));
#6595=DIRECTION('',(0.,0.,1.));
#6596=DIRECTION('',(1.,0.,0.));
#6597=DIRECTION('',(0.,0.,1.));
#6598=DIRECTION('',(1.,0.,0.));
#6599=DIRECTION('',(0.,0.,1.));
#6600=DIRECTION('',(1.,0.,0.));
#6601=DIRECTION('',(0.,0.,1.));
#6602=DIRECTION('',(1.,0.,0.));
#6603=DIRECTION('',(1.,0.,0.));
#6604=DIRECTION('',(0.,0.,1.));
#6605=DIRECTION('',(1.,0.,0.));
#6606=DIRECTION('',(0.,0.,1.));
#6607=DIRECTION('',(1.,0.,0.));
#6608=DIRECTION('',(1.,0.,0.));
#6609=DIRECTION('',(0.,-1.,0.));
#6610=DIRECTION('',(-1.,0.,0.));
#6611=DIRECTION('',(0.,1.,0.));
#6612=DIRECTION('',(-1.,0.,0.));
#6613=DIRECTION('',(0.,1.,0.));
#6614=DIRECTION('',(1.,0.,0.));
#6615=DIRECTION('',(0.,-1.,0.));
#6616=DIRECTION('',(0.,-1.,0.));
#6617=DIRECTION('',(-1.,0.,0.));
#6618=DIRECTION('',(0.,1.,0.));
#6619=DIRECTION('',(1.,0.,0.));
#6620=DIRECTION('',(0.,-1.,0.));
#6621=DIRECTION('',(-1.,0.,0.));
#6622=DIRECTION('',(0.,1.,0.));
#6623=DIRECTION('',(-1.,0.,0.));
#6624=DIRECTION('',(0.,1.,0.));
#6625=DIRECTION('',(1.,0.,0.));
#6626=DIRECTION('',(0.,1.,0.));
#6627=DIRECTION('',(1.,0.,0.));
#6628=DIRECTION('',(0.,-1.,0.));
#6629=DIRECTION('',(-1.,0.,0.));
#6630=DIRECTION('',(0.,1.,0.));
#6631=DIRECTION('',(1.,0.,0.));
#6632=DIRECTION('',(0.,1.,0.));
#6633=DIRECTION('',(1.,0.,0.));
#6634=DIRECTION('',(0.,-1.,0.));
#6635=DIRECTION('',(1.,0.,0.));
#6636=DIRECTION('',(1.,0.,0.));
#6637=DIRECTION('',(0.,-1.,0.));
#6638=DIRECTION('',(-1.,0.,0.));
#6639=DIRECTION('',(0.,1.,0.));
#6640=DIRECTION('',(1.,0.,0.));
#6641=DIRECTION('',(0.,-1.,0.));
#6642=DIRECTION('',(-1.,0.,0.));
#6643=DIRECTION('',(0.,1.,0.));
#6644=DIRECTION('',(-1.,0.,0.));
#6645=DIRECTION('',(0.,1.,0.));
#6646=DIRECTION('',(1.,0.,0.));
#6647=DIRECTION('',(0.,-1.,0.));
#6648=DIRECTION('',(1.,0.,0.));
#6649=DIRECTION('',(0.,-1.,0.));
#6650=DIRECTION('',(-1.,0.,0.));
#6651=DIRECTION('',(0.,1.,0.));
#6652=DIRECTION('',(0.,-1.,0.));
#6653=DIRECTION('',(-1.,0.,0.));
#6654=DIRECTION('',(0.,1.,0.));
#6655=DIRECTION('',(1.,0.,0.));
#6656=DIRECTION('',(0.,-1.,0.));
#6657=DIRECTION('',(-1.,0.,0.));
#6658=DIRECTION('',(0.,-1.,0.));
#6659=DIRECTION('',(-1.,0.,0.));
#6660=DIRECTION('',(0.,1.,0.));
#6661=DIRECTION('',(1.,0.,0.));
#6662=DIRECTION('',(0.,-1.,0.));
#6663=DIRECTION('',(-1.,0.,0.));
#6664=DIRECTION('',(0.,0.,1.));
#6665=DIRECTION('',(1.,0.,0.));
#6666=DIRECTION('',(1.,0.,0.));
#6667=DIRECTION('',(0.,0.,1.));
#6668=DIRECTION('',(1.,0.,0.));
#6669=DIRECTION('',(1.,0.,0.));
#6670=DIRECTION('',(-1.,0.,0.));
#6671=DIRECTION('',(0.,0.,1.));
#6672=DIRECTION('',(1.,0.,0.));
#6673=DIRECTION('',(-1.,0.,0.));
#6674=DIRECTION('',(0.,0.,1.));
#6675=DIRECTION('',(1.,0.,0.));
#6676=DIRECTION('',(1.,0.,0.));
#6677=DIRECTION('',(0.,-1.,0.));
#6678=DIRECTION('',(-0.865350025837741,-0.501167968631896,0.));
#6679=DIRECTION('',(0.,1.,0.));
#6680=DIRECTION('',(0.886973045168112,0.461821196076151,0.));
#6681=DIRECTION('',(0.,0.,1.));
#6682=DIRECTION('',(1.,0.,0.));
#6683=DIRECTION('',(0.,0.,1.));
#6684=DIRECTION('',(1.,0.,0.));
#6685=DIRECTION('',(0.,1.,0.));
#6686=DIRECTION('',(1.,0.,0.));
#6687=DIRECTION('',(0.,-1.,0.));
#6688=DIRECTION('',(0.,0.,1.));
#6689=DIRECTION('',(1.,0.,0.));
#6690=DIRECTION('',(0.,0.,1.));
#6691=DIRECTION('',(1.,0.,0.));
#6692=DIRECTION('',(0.,0.,1.));
#6693=DIRECTION('',(1.,0.,0.));
#6694=DIRECTION('',(0.,0.,1.));
#6695=DIRECTION('',(1.,0.,0.));
#6696=DIRECTION('',(0.,1.,0.));
#6697=DIRECTION('',(1.,0.,0.));
#6698=DIRECTION('',(0.,-1.,0.));
#6699=DIRECTION('',(0.,0.,1.));
#6700=DIRECTION('',(1.,0.,0.));
#6701=DIRECTION('',(0.,0.,1.));
#6702=DIRECTION('',(1.,0.,0.));
#6703=DIRECTION('',(0.,0.,1.));
#6704=DIRECTION('',(1.,0.,0.));
#6705=DIRECTION('',(0.,0.,1.));
#6706=DIRECTION('',(1.,0.,0.));
#6707=DIRECTION('',(1.,0.,0.));
#6708=DIRECTION('',(0.,-1.,0.));
#6709=DIRECTION('',(-1.,0.,0.));
#6710=DIRECTION('',(0.,1.,0.));
#6711=DIRECTION('',(0.,0.,1.));
#6712=DIRECTION('',(1.,0.,0.));
#6713=DIRECTION('',(0.,1.,0.));
#6714=DIRECTION('',(-0.865350025837741,-0.501167968631896,0.));
#6715=DIRECTION('',(0.,0.,1.));
#6716=DIRECTION('',(1.,0.,0.));
#6717=DIRECTION('',(0.,0.,1.));
#6718=DIRECTION('',(1.,0.,0.));
#6719=DIRECTION('',(0.,0.,1.));
#6720=DIRECTION('',(1.,0.,0.));
#6721=DIRECTION('',(0.,0.,1.));
#6722=DIRECTION('',(1.,0.,0.));
#6723=DIRECTION('',(0.,-1.,0.));
#6724=DIRECTION('',(1.,0.,0.));
#6725=DIRECTION('',(0.,1.,0.));
#6726=DIRECTION('',(0.,0.,1.));
#6727=DIRECTION('',(1.,0.,0.));
#6728=DIRECTION('',(0.,0.,1.));
#6729=DIRECTION('',(1.,0.,0.));
#6730=DIRECTION('',(0.,0.,1.));
#6731=DIRECTION('',(1.,0.,0.));
#6732=DIRECTION('',(0.,0.,1.));
#6733=DIRECTION('',(1.,0.,0.));
#6734=DIRECTION('',(0.,-1.,0.));
#6735=DIRECTION('',(1.,0.,0.));
#6736=DIRECTION('',(0.,1.,0.));
#6737=DIRECTION('',(0.,0.,1.));
#6738=DIRECTION('',(1.,0.,0.));
#6739=DIRECTION('',(0.,0.,1.));
#6740=DIRECTION('',(1.,0.,0.));
#6741=DIRECTION('',(0.886973045168112,0.461821196076151,0.));
#6742=DIRECTION('',(-1.,0.,0.));
#6743=DIRECTION('',(0.,-1.,0.));
#6744=DIRECTION('',(1.,0.,0.));
#6745=DIRECTION('',(0.,0.,1.));
#6746=DIRECTION('',(1.,0.,0.));
#6747=DIRECTION('',(1.,0.,0.));
#6748=DIRECTION('',(0.,0.,1.));
#6749=DIRECTION('',(1.,0.,0.));
#6750=DIRECTION('',(-1.,0.,0.));
#6751=DIRECTION('',(0.,-1.,0.));
#6752=DIRECTION('',(1.,0.,0.));
#6753=DIRECTION('',(0.,1.,0.));
#6754=DIRECTION('',(0.,1.,0.));
#6755=DIRECTION('',(-1.,0.,0.));
#6756=DIRECTION('',(0.,-1.,0.));
#6757=DIRECTION('',(1.,0.,0.));
#6758=DIRECTION('',(0.,-1.,0.));
#6759=DIRECTION('',(1.,0.,0.));
#6760=DIRECTION('',(0.,1.,0.));
#6761=DIRECTION('',(-1.,0.,0.));
#6762=DIRECTION('',(-1.,0.,0.));
#6763=DIRECTION('',(0.,-1.,0.));
#6764=DIRECTION('',(1.,0.,0.));
#6765=DIRECTION('',(0.,1.,0.));
#6766=DIRECTION('',(1.,0.,0.));
#6767=DIRECTION('',(0.,1.,0.));
#6768=DIRECTION('',(-1.,0.,0.));
#6769=DIRECTION('',(0.,1.,0.));
#6770=DIRECTION('',(0.,1.,0.));
#6771=DIRECTION('',(-1.,0.,0.));
#6772=DIRECTION('',(0.,-1.,0.));
#6773=DIRECTION('',(1.,0.,0.));
#6774=DIRECTION('',(0.,0.,1.));
#6775=DIRECTION('',(1.,0.,0.));
#6776=DIRECTION('',(1.,0.,0.));
#6777=DIRECTION('',(0.,0.,1.));
#6778=DIRECTION('',(1.,0.,0.));
#6779=DIRECTION('',(0.,0.,1.));
#6780=DIRECTION('',(1.,0.,0.));
#6781=DIRECTION('',(1.,0.,0.));
#6782=DIRECTION('',(0.,0.,1.));
#6783=DIRECTION('',(1.,0.,0.));
#6784=DIRECTION('',(0.,0.,1.));
#6785=DIRECTION('',(1.,0.,0.));
#6786=DIRECTION('',(0.,0.,1.));
#6787=DIRECTION('',(1.,0.,0.));
#6788=DIRECTION('',(0.,0.,1.));
#6789=DIRECTION('',(1.,0.,0.));
#6790=DIRECTION('',(1.,0.,0.));
#6791=DIRECTION('',(1.,0.,0.));
#6792=DIRECTION('',(0.,0.,1.));
#6793=DIRECTION('',(1.,0.,0.));
#6794=DIRECTION('',(0.,0.,1.));
#6795=DIRECTION('',(1.,0.,0.));
#6796=DIRECTION('',(0.,0.,1.));
#6797=DIRECTION('',(1.,0.,0.));
#6798=DIRECTION('',(0.,0.,1.));
#6799=DIRECTION('',(1.,0.,0.));
#6800=DIRECTION('',(0.,0.,1.));
#6801=DIRECTION('',(1.,0.,0.));
#6802=DIRECTION('',(0.,0.,1.));
#6803=DIRECTION('',(1.,0.,0.));
#6804=DIRECTION('',(0.,0.,1.));
#6805=DIRECTION('',(1.,0.,0.));
#6806=DIRECTION('',(0.,0.,1.));
#6807=DIRECTION('',(1.,0.,0.));
#6808=DIRECTION('',(0.,0.,1.));
#6809=DIRECTION('',(1.,0.,0.));
#6810=DIRECTION('',(-0.888461516247465,0.45895112391981,-2.53918728592933E-15));
#6811=DIRECTION('',(0.,0.,1.));
#6812=DIRECTION('',(1.,0.,0.));
#6813=DIRECTION('',(0.,0.,1.));
#6814=DIRECTION('',(1.,0.,0.));
#6815=DIRECTION('',(1.,0.,0.));
#6816=DIRECTION('',(0.,0.,1.));
#6817=DIRECTION('',(1.,0.,0.));
#6818=DIRECTION('',(0.,0.,1.));
#6819=DIRECTION('',(1.,0.,0.));
#6820=DIRECTION('',(0.,0.,1.));
#6821=DIRECTION('',(1.,0.,0.));
#6822=DIRECTION('',(0.971195081368713,-0.238285782045884,0.));
#6823=DIRECTION('',(0.,0.,1.));
#6824=DIRECTION('',(1.,0.,0.));
#6825=DIRECTION('',(0.,0.,1.));
#6826=DIRECTION('',(1.,0.,0.));
#6827=DIRECTION('',(0.,0.,1.));
#6828=DIRECTION('',(1.,0.,0.));
#6829=DIRECTION('',(0.,0.,1.));
#6830=DIRECTION('',(1.,0.,0.));
#6831=DIRECTION('',(0.,1.,0.));
#6832=DIRECTION('',(-1.,0.,0.));
#6833=DIRECTION('',(0.,-1.,0.));
#6834=DIRECTION('',(0.,0.,1.));
#6835=DIRECTION('',(1.,0.,0.));
#6836=DIRECTION('',(0.,0.,1.));
#6837=DIRECTION('',(1.,0.,0.));
#6838=DIRECTION('',(0.,0.,1.));
#6839=DIRECTION('',(1.,0.,0.));
#6840=DIRECTION('',(0.,1.,0.));
#6841=DIRECTION('',(-0.865350025837741,-0.501167968631896,0.));
#6842=DIRECTION('',(0.,0.,1.));
#6843=DIRECTION('',(1.,0.,0.));
#6844=DIRECTION('',(0.,0.,1.));
#6845=DIRECTION('',(1.,0.,0.));
#6846=DIRECTION('',(0.,0.,1.));
#6847=DIRECTION('',(1.,0.,0.));
#6848=DIRECTION('',(0.,0.,1.));
#6849=DIRECTION('',(1.,0.,0.));
#6850=DIRECTION('',(0.,-1.,0.));
#6851=DIRECTION('',(1.,0.,0.));
#6852=DIRECTION('',(0.,1.,0.));
#6853=DIRECTION('',(0.,0.,1.));
#6854=DIRECTION('',(1.,0.,0.));
#6855=DIRECTION('',(0.,0.,1.));
#6856=DIRECTION('',(1.,0.,0.));
#6857=DIRECTION('',(0.,0.,1.));
#6858=DIRECTION('',(1.,0.,0.));
#6859=DIRECTION('',(0.,0.,1.));
#6860=DIRECTION('',(1.,0.,0.));
#6861=DIRECTION('',(0.,-1.,0.));
#6862=DIRECTION('',(1.,0.,0.));
#6863=DIRECTION('',(0.,1.,0.));
#6864=DIRECTION('',(0.,0.,1.));
#6865=DIRECTION('',(1.,0.,0.));
#6866=DIRECTION('',(0.,0.,1.));
#6867=DIRECTION('',(1.,0.,0.));
#6868=DIRECTION('',(0.886973045168116,0.461821196076144,0.));
#6869=DIRECTION('',(0.,1.,0.));
#6870=DIRECTION('',(-1.,0.,0.));
#6871=DIRECTION('',(0.,-1.,0.));
#6872=DIRECTION('',(1.,0.,0.));
#6873=DIRECTION('',(0.,-1.,0.));
#6874=DIRECTION('',(-1.,0.,0.));
#6875=DIRECTION('',(3.04337451925756E-16,-1.,0.));
#6876=DIRECTION('',(-1.,0.,0.));
#6877=DIRECTION('',(0.,-1.,0.));
#6878=DIRECTION('',(1.,0.,0.));
#6879=DIRECTION('',(0.,-1.,0.));
#6880=DIRECTION('',(-1.,-2.86139954800298E-16,0.));
#6881=DIRECTION('',(1.,0.,0.));
#6882=DIRECTION('',(0.,-1.,0.));
#6883=DIRECTION('',(-1.,0.,0.));
#6884=DIRECTION('',(0.,-1.,0.));
#6885=DIRECTION('',(0.,-1.,0.));
#6886=DIRECTION('',(1.,0.,0.));
#6887=DIRECTION('',(0.,-1.,0.));
#6888=DIRECTION('',(-1.,-2.86139954800298E-16,0.));
#6889=DIRECTION('',(0.,-1.,0.));
#6890=DIRECTION('',(1.,0.,0.));
#6891=DIRECTION('',(0.,-1.,0.));
#6892=DIRECTION('',(1.,0.,0.));
#6893=DIRECTION('',(0.,-1.,0.));
#6894=DIRECTION('',(1.,0.,0.));
#6895=DIRECTION('',(0.,-1.,0.));
#6896=DIRECTION('',(-1.,0.,0.));
#6897=DIRECTION('',(0.,-1.,0.));
#6898=DIRECTION('',(1.,0.,0.));
#6899=DIRECTION('',(0.,-1.,0.));
#6900=DIRECTION('',(1.,0.,0.));
#6901=DIRECTION('',(0.,-1.,0.));
#6902=DIRECTION('',(-1.,0.,0.));
#6903=DIRECTION('',(0.,-1.,0.));
#6904=DIRECTION('',(1.,0.,0.));
#6905=DIRECTION('',(0.,-1.,0.));
#6906=DIRECTION('',(1.,0.,0.));
#6907=DIRECTION('',(0.,-1.,0.));
#6908=DIRECTION('',(-1.,0.,0.));
#6909=DIRECTION('',(0.,-1.,0.));
#6910=DIRECTION('',(1.,0.,0.));
#6911=DIRECTION('',(0.,-1.,0.));
#6912=DIRECTION('',(1.,0.,0.));
#6913=DIRECTION('',(0.,-1.,0.));
#6914=DIRECTION('',(1.,0.,0.));
#6915=DIRECTION('',(0.,1.,0.));
#6916=DIRECTION('',(-1.,0.,0.));
#6917=DIRECTION('',(0.,-1.,0.));
#6918=DIRECTION('',(1.,0.,0.));
#6919=DIRECTION('',(0.,1.,0.));
#6920=DIRECTION('',(-1.,0.,0.));
#6921=DIRECTION('',(0.,0.,1.));
#6922=DIRECTION('',(1.,0.,0.));
#6923=DIRECTION('',(0.,0.,1.));
#6924=DIRECTION('',(1.,0.,0.));
#6925=DIRECTION('',(0.,0.,1.));
#6926=DIRECTION('',(1.,0.,0.));
#6927=DIRECTION('',(-1.,0.,0.));
#6928=DIRECTION('',(0.,0.,1.));
#6929=DIRECTION('',(1.,0.,0.));
#6930=DIRECTION('',(0.,0.,1.));
#6931=DIRECTION('',(1.,0.,0.));
#6932=DIRECTION('',(-1.,0.,0.));
#6933=DIRECTION('',(0.,0.,1.));
#6934=DIRECTION('',(1.,0.,0.));
#6935=DIRECTION('',(0.,0.,1.));
#6936=DIRECTION('',(1.,0.,0.));
#6937=DIRECTION('',(0.,0.,1.));
#6938=DIRECTION('',(1.,0.,0.));
#6939=DIRECTION('',(0.,-1.,0.));
#6940=DIRECTION('',(1.,0.,0.));
#6941=DIRECTION('',(0.,1.,0.));
#6942=DIRECTION('',(0.,0.,1.));
#6943=DIRECTION('',(1.,0.,0.));
#6944=DIRECTION('',(0.,0.,1.));
#6945=DIRECTION('',(1.,0.,0.));
#6946=DIRECTION('',(0.,-1.,0.));
#6947=DIRECTION('',(1.,0.,0.));
#6948=DIRECTION('',(0.,1.,0.));
#6949=DIRECTION('',(0.,0.,1.));
#6950=DIRECTION('',(1.,0.,0.));
#6951=DIRECTION('',(0.,0.,1.));
#6952=DIRECTION('',(1.,0.,0.));
#6953=DIRECTION('',(0.,0.,1.));
#6954=DIRECTION('',(1.,0.,0.));
#6955=DIRECTION('',(0.,0.,1.));
#6956=DIRECTION('',(1.,0.,0.));
#6957=DIRECTION('',(0.,0.,1.));
#6958=DIRECTION('',(1.,0.,0.));
#6959=DIRECTION('',(0.,0.,1.));
#6960=DIRECTION('',(1.,0.,0.));
#6961=DIRECTION('',(-1.,0.,0.));
#6962=DIRECTION('',(0.,0.,1.));
#6963=DIRECTION('',(1.,0.,0.));
#6964=DIRECTION('',(0.,0.,1.));
#6965=DIRECTION('',(1.,0.,0.));
#6966=DIRECTION('',(-1.,0.,0.));
#6967=DIRECTION('',(0.,0.,1.));
#6968=DIRECTION('',(1.,0.,0.));
#6969=DIRECTION('',(0.,0.,1.));
#6970=DIRECTION('',(1.,0.,0.));
#6971=DIRECTION('',(0.,-1.,0.));
#6972=DIRECTION('',(1.,0.,0.));
#6973=DIRECTION('',(0.,1.,0.));
#6974=DIRECTION('',(-1.,0.,0.));
#6975=DIRECTION('',(-1.,0.,0.));
#6976=DIRECTION('',(0.,-1.,0.));
#6977=DIRECTION('',(1.,0.,0.));
#6978=DIRECTION('',(0.,1.,0.));
#6979=DIRECTION('',(-1.,0.,0.));
#6980=DIRECTION('',(0.,-1.,0.));
#6981=DIRECTION('',(1.,0.,0.));
#6982=DIRECTION('',(0.,-1.,0.));
#6983=DIRECTION('',(1.,0.,0.));
#6984=DIRECTION('',(0.,1.,0.));
#6985=DIRECTION('',(1.,0.,0.));
#6986=DIRECTION('',(0.,1.,0.));
#6987=DIRECTION('',(0.,-1.,0.));
#6988=DIRECTION('',(1.,0.,0.));
#6989=DIRECTION('',(0.,1.,0.));
#6990=DIRECTION('',(-1.,0.,0.));
#6991=DIRECTION('',(0.,-1.,0.));
#6992=DIRECTION('',(1.,0.,0.));
#6993=DIRECTION('',(0.,1.,0.));
#6994=DIRECTION('',(-1.,0.,0.));
#6995=DIRECTION('',(-1.,0.,0.));
#6996=DIRECTION('',(0.,-1.,0.));
#6997=DIRECTION('',(1.,0.,0.));
#6998=DIRECTION('',(0.,1.,0.));
#6999=DIRECTION('',(-1.,0.,0.));
#7000=DIRECTION('',(0.,-1.,0.));
#7001=DIRECTION('',(-1.,0.,0.));
#7002=DIRECTION('',(0.,-1.,0.));
#7003=DIRECTION('',(1.,0.,0.));
#7004=DIRECTION('',(0.,0.,1.));
#7005=DIRECTION('',(1.,0.,0.));
#7006=DIRECTION('',(-1.,0.,0.));
#7007=DIRECTION('',(0.,0.,1.));
#7008=DIRECTION('',(1.,0.,0.));
#7009=DIRECTION('',(0.,-1.,0.));
#7010=DIRECTION('',(1.,0.,0.));
#7011=DIRECTION('',(0.,1.,0.));
#7012=DIRECTION('',(-1.,0.,0.));
#7013=DIRECTION('',(1.,0.,0.));
#7014=DIRECTION('',(0.,0.,-1.));
#7015=DIRECTION('',(0.,0.,-1.));
#7016=DIRECTION('',(0.,0.,-1.));
#7017=DIRECTION('',(0.,1.,0.));
#7018=DIRECTION('',(0.,0.,1.));
#7019=DIRECTION('',(0.,0.,-1.));
#7020=DIRECTION('',(1.,0.,0.));
#7021=DIRECTION('',(0.,0.,-1.));
#7022=DIRECTION('',(0.,0.,-1.));
#7023=DIRECTION('',(1.,0.,0.));
#7024=DIRECTION('',(0.,0.,-1.));
#7025=DIRECTION('',(0.,0.,-1.));
#7026=DIRECTION('',(0.,0.,-1.));
#7027=DIRECTION('',(0.,-1.,0.));
#7028=DIRECTION('',(0.,0.,-1.));
#7029=DIRECTION('',(0.,0.,-1.));
#7030=DIRECTION('',(1.,0.,0.));
#7031=DIRECTION('',(0.,0.,-1.));
#7032=DIRECTION('',(0.,0.,-1.));
#7033=DIRECTION('',(1.,0.,0.));
#7034=DIRECTION('',(0.,0.,-1.));
#7035=DIRECTION('',(0.,0.,-1.));
#7036=DIRECTION('',(0.,0.,-1.));
#7037=DIRECTION('',(0.,1.,0.));
#7038=DIRECTION('',(0.,0.,1.));
#7039=DIRECTION('',(0.,0.,-1.));
#7040=DIRECTION('',(1.,0.,0.));
#7041=DIRECTION('',(0.,0.,-1.));
#7042=DIRECTION('',(0.,0.,-1.));
#7043=DIRECTION('',(1.,0.,0.));
#7044=DIRECTION('',(0.,0.,-1.));
#7045=DIRECTION('',(0.,0.,-1.));
#7046=DIRECTION('',(0.,0.,-1.));
#7047=DIRECTION('',(0.,1.,0.));
#7048=DIRECTION('',(0.,0.,1.));
#7049=DIRECTION('',(0.,0.,-1.));
#7050=DIRECTION('',(1.,0.,0.));
#7051=DIRECTION('',(0.,0.,-1.));
#7052=DIRECTION('',(0.,0.,-1.));
#7053=DIRECTION('',(1.,0.,0.));
#7054=DIRECTION('',(0.,0.,-1.));
#7055=DIRECTION('',(0.,0.,-1.));
#7056=DIRECTION('',(0.,0.,-1.));
#7057=DIRECTION('',(0.,-1.,0.));
#7058=DIRECTION('',(0.,0.,-1.));
#7059=DIRECTION('',(0.,0.,-1.));
#7060=DIRECTION('',(1.,0.,0.));
#7061=DIRECTION('',(0.,0.,-1.));
#7062=DIRECTION('',(0.,0.,-1.));
#7063=DIRECTION('',(1.,0.,0.));
#7064=DIRECTION('',(0.,0.,-1.));
#7065=DIRECTION('',(0.,0.,-1.));
#7066=DIRECTION('',(0.,0.,-1.));
#7067=DIRECTION('',(0.,1.,0.));
#7068=DIRECTION('',(0.,0.,1.));
#7069=DIRECTION('',(0.,0.,-1.));
#7070=DIRECTION('',(1.,0.,0.));
#7071=DIRECTION('',(0.,0.,-1.));
#7072=DIRECTION('',(0.,0.,-1.));
#7073=DIRECTION('',(1.,0.,0.));
#7074=DIRECTION('',(0.,0.,-1.));
#7075=DIRECTION('',(0.,0.,-1.));
#7076=DIRECTION('',(0.,0.,-1.));
#7077=DIRECTION('',(2.86139954800298E-16,-1.,0.));
#7078=DIRECTION('',(1.,2.86139954800298E-16,0.));
#7079=DIRECTION('',(0.,0.,-1.));
#7080=DIRECTION('',(1.,0.,0.));
#7081=DIRECTION('',(0.,0.,-1.));
#7082=DIRECTION('',(0.,0.,-1.));
#7083=DIRECTION('',(0.,1.,0.));
#7084=DIRECTION('',(0.,0.,1.));
#7085=DIRECTION('',(0.,0.,-1.));
#7086=DIRECTION('',(0.,0.,-1.));
#7087=DIRECTION('',(1.,0.,0.));
#7088=DIRECTION('',(0.,0.,-1.));
#7089=DIRECTION('',(0.,0.,-1.));
#7090=DIRECTION('',(0.,-1.,0.));
#7091=DIRECTION('',(0.,0.,-1.));
#7092=DIRECTION('',(0.,0.,-1.));
#7093=DIRECTION('',(1.,0.,0.));
#7094=DIRECTION('',(0.,0.,-1.));
#7095=DIRECTION('',(0.,0.,-1.));
#7096=DIRECTION('',(0.,0.,-1.));
#7097=DIRECTION('',(2.86139954800298E-16,-1.,0.));
#7098=DIRECTION('',(1.,2.86139954800298E-16,0.));
#7099=DIRECTION('',(0.,0.,-1.));
#7100=DIRECTION('',(1.,0.,0.));
#7101=DIRECTION('',(0.,0.,-1.));
#7102=DIRECTION('',(0.,0.,-1.));
#7103=DIRECTION('',(1.,0.,0.));
#7104=DIRECTION('',(0.,0.,-1.));
#7105=DIRECTION('',(0.,0.,-1.));
#7106=DIRECTION('',(0.,0.,-1.));
#7107=DIRECTION('',(0.,-1.,0.));
#7108=DIRECTION('',(0.,0.,-1.));
#7109=DIRECTION('',(0.,0.,-1.));
#7110=DIRECTION('',(1.,3.04337451925756E-16,0.));
#7111=DIRECTION('',(-3.04337451925756E-16,1.,0.));
#7112=DIRECTION('',(0.,0.,-1.));
#7113=DIRECTION('',(0.,1.,0.));
#7114=DIRECTION('',(0.,0.,1.));
#7115=DIRECTION('',(0.,-1.,0.));
#7116=DIRECTION('',(0.,0.,-1.));
#7117=DIRECTION('',(0.,1.,0.));
#7118=DIRECTION('',(0.,0.,1.));
#7119=DIRECTION('',(0.,1.,0.));
#7120=DIRECTION('',(0.,0.,1.));
#7121=DIRECTION('',(0.,1.,0.));
#7122=DIRECTION('',(0.,0.,1.));
#7123=DIRECTION('',(0.,1.,0.));
#7124=DIRECTION('',(0.,0.,1.));
#7125=DIRECTION('',(1.,0.,0.));
#7126=DIRECTION('',(0.,0.,-1.));
#7127=DIRECTION('',(0.,1.,0.));
#7128=DIRECTION('',(0.,0.,1.));
#7129=DIRECTION('',(0.,-1.,0.));
#7130=DIRECTION('',(0.,0.,-1.));
#7131=DIRECTION('',(0.,1.,0.));
#7132=DIRECTION('',(0.,0.,1.));
#7133=DIRECTION('',(1.,0.,0.));
#7134=DIRECTION('',(0.,0.,-1.));
#7135=DIRECTION('',(0.,0.,1.));
#7136=DIRECTION('',(0.,0.,1.));
#7137=DIRECTION('',(0.,1.,0.));
#7138=DIRECTION('',(0.,0.,1.));
#7139=DIRECTION('',(0.,0.,1.));
#7140=DIRECTION('',(-1.,0.,0.));
#7141=DIRECTION('',(0.,0.,1.));
#7142=DIRECTION('',(0.,0.,1.));
#7143=DIRECTION('',(0.,-1.,0.));
#7144=DIRECTION('',(0.,0.,-1.));
#7145=DIRECTION('',(-1.,0.,0.));
#7146=DIRECTION('',(0.,0.,1.));
#7147=DIRECTION('',(0.,0.,1.));
#7148=DIRECTION('',(0.,0.,1.));
#7149=DIRECTION('',(0.,-1.,0.));
#7150=DIRECTION('',(0.,0.,-1.));
#7151=DIRECTION('',(0.,0.,1.));
#7152=DIRECTION('',(1.,0.,0.));
#7153=DIRECTION('',(0.,0.,-1.));
#7154=DIRECTION('',(0.,0.,1.));
#7155=DIRECTION('',(0.,1.,0.));
#7156=DIRECTION('',(0.,0.,1.));
#7157=DIRECTION('',(1.,0.,0.));
#7158=DIRECTION('',(0.,0.,-1.));
#7159=DIRECTION('',(0.,0.,1.));
#7160=DIRECTION('',(0.,0.,1.));
#7161=DIRECTION('',(-0.501167968631896,0.865350025837741,0.));
#7162=DIRECTION('',(-0.865350025837741,-0.501167968631896,0.));
#7163=DIRECTION('',(0.,0.,1.));
#7164=DIRECTION('',(0.,0.,1.));
#7165=DIRECTION('',(-0.769064779931523,-0.639170841222344,0.));
#7166=DIRECTION('',(0.,0.,1.));
#7167=DIRECTION('',(0.,0.,1.));
#7168=DIRECTION('',(0.,0.,1.));
#7169=DIRECTION('',(0.,0.,1.));
#7170=DIRECTION('',(0.631986443133303,-0.774979442111671,0.));
#7171=DIRECTION('',(0.,0.,1.));
#7172=DIRECTION('',(0.,0.,1.));
#7173=DIRECTION('',(0.877875417522527,-0.478889080382555,0.));
#7174=DIRECTION('',(0.,0.,1.));
#7175=DIRECTION('',(0.,0.,1.));
#7176=DIRECTION('',(0.9874081436026,-0.158193419418342,0.));
#7177=DIRECTION('',(0.,0.,1.));
#7178=DIRECTION('',(-1.,0.,0.));
#7179=DIRECTION('',(0.,0.,1.));
#7180=DIRECTION('',(0.,0.,1.));
#7181=DIRECTION('',(0.,-1.,0.));
#7182=DIRECTION('',(0.,0.,-1.));
#7183=DIRECTION('',(0.,0.,1.));
#7184=DIRECTION('',(1.,0.,0.));
#7185=DIRECTION('',(0.,0.,-1.));
#7186=DIRECTION('',(0.,0.,1.));
#7187=DIRECTION('',(0.,0.,1.));
#7188=DIRECTION('',(0.,0.,1.));
#7189=DIRECTION('',(0.,0.,1.));
#7190=DIRECTION('',(0.411488636382634,-0.911414890227255,0.));
#7191=DIRECTION('',(0.,0.,1.));
#7192=DIRECTION('',(0.,0.,1.));
#7193=DIRECTION('',(0.115428720740532,-0.993315765720148,0.));
#7194=DIRECTION('',(0.,0.,1.));
#7195=DIRECTION('',(0.,0.,1.));
#7196=DIRECTION('',(0.,0.,1.));
#7197=DIRECTION('',(0.,0.,1.));
#7198=DIRECTION('',(-0.854216221815039,-0.519917922741696,0.));
#7199=DIRECTION('',(0.,0.,1.));
#7200=DIRECTION('',(0.,0.,1.));
#7201=DIRECTION('',(-0.986219728061785,-0.165440768801825,0.));
#7202=DIRECTION('',(0.,0.,1.));
#7203=DIRECTION('',(-1.,0.,0.));
#7204=DIRECTION('',(0.,0.,1.));
#7205=DIRECTION('',(0.,0.,1.));
#7206=DIRECTION('',(0.,-1.,0.));
#7207=DIRECTION('',(0.,0.,-1.));
#7208=DIRECTION('',(0.,0.,1.));
#7209=DIRECTION('',(1.,0.,0.));
#7210=DIRECTION('',(0.,0.,-1.));
#7211=DIRECTION('',(0.,0.,1.));
#7212=DIRECTION('',(0.,0.,1.));
#7213=DIRECTION('',(-0.998623209867662,-0.0524565030630906,0.));
#7214=DIRECTION('',(0.,0.,1.));
#7215=DIRECTION('',(0.,0.,1.));
#7216=DIRECTION('',(0.997379151002558,0.0723521191494464,0.));
#7217=DIRECTION('',(0.,0.,1.));
#7218=DIRECTION('',(0.461821196076144,-0.886973045168115,0.));
#7219=DIRECTION('',(0.886973045168116,0.461821196076144,0.));
#7220=DIRECTION('',(-1.,0.,0.));
#7221=DIRECTION('',(0.,0.,1.));
#7222=DIRECTION('',(0.,0.,1.));
#7223=DIRECTION('',(0.,0.,1.));
#7224=DIRECTION('',(0.,-1.,0.));
#7225=DIRECTION('',(0.,0.,-1.));
#7226=DIRECTION('',(0.,0.,1.));
#7227=DIRECTION('',(1.,0.,0.));
#7228=DIRECTION('',(0.,0.,-1.));
#7229=DIRECTION('',(0.,0.,1.));
#7230=DIRECTION('',(0.,1.,0.));
#7231=DIRECTION('',(0.,0.,1.));
#7232=DIRECTION('',(0.,0.,1.));
#7233=DIRECTION('',(-0.913930951544049,0.405869702995665,0.));
#7234=DIRECTION('',(0.,0.,1.));
#7235=DIRECTION('',(0.,0.,1.));
#7236=DIRECTION('',(-0.238285782045884,-0.971195081368713,0.));
#7237=DIRECTION('',(0.971195081368713,-0.238285782045884,0.));
#7238=DIRECTION('',(0.,0.,1.));
#7239=DIRECTION('',(0.,0.,1.));
#7240=DIRECTION('',(-0.84551401881565,0.533953222657387,0.));
#7241=DIRECTION('',(0.,0.,1.));
#7242=DIRECTION('',(0.,0.,1.));
#7243=DIRECTION('',(-0.948028074572685,0.318186690202477,0.));
#7244=DIRECTION('',(0.,0.,1.));
#7245=DIRECTION('',(0.,0.,1.));
#7246=DIRECTION('',(-0.986792909408433,0.161986894350253,0.));
#7247=DIRECTION('',(0.,0.,1.));
#7248=DIRECTION('',(0.,0.,1.));
#7249=DIRECTION('',(-0.998774659070824,0.0494891947596646,0.));
#7250=DIRECTION('',(0.,0.,1.));
#7251=DIRECTION('',(1.,0.,0.));
#7252=DIRECTION('',(0.,0.,-1.));
#7253=DIRECTION('',(0.,0.,1.));
#7254=DIRECTION('',(0.,1.,0.));
#7255=DIRECTION('',(0.,0.,1.));
#7256=DIRECTION('',(0.,0.,1.));
#7257=DIRECTION('',(-1.,0.,0.));
#7258=DIRECTION('',(0.,0.,1.));
#7259=DIRECTION('',(0.,0.,1.));
#7260=DIRECTION('',(0.,0.,1.));
#7261=DIRECTION('',(-0.995911850533801,0.0903304265811912,0.));
#7262=DIRECTION('',(0.,0.,1.));
#7263=DIRECTION('',(0.,0.,1.));
#7264=DIRECTION('',(-0.975054072352223,0.221967466060562,0.));
#7265=DIRECTION('',(0.,0.,1.));
#7266=DIRECTION('',(0.,0.,1.));
#7267=DIRECTION('',(-0.953798471185343,0.300447127402649,0.));
#7268=DIRECTION('',(0.,0.,1.));
#7269=DIRECTION('',(0.,0.,1.));
#7270=DIRECTION('',(0.,0.,1.));
#7271=DIRECTION('',(0.,0.,1.));
#7272=DIRECTION('',(-0.608814775041639,0.793312403590792,0.));
#7273=DIRECTION('',(0.,0.,1.));
#7274=DIRECTION('',(0.,0.,1.));
#7275=DIRECTION('',(-0.809191240904158,0.587545347734104,0.));
#7276=DIRECTION('',(0.,0.,1.));
#7277=DIRECTION('',(0.,0.,1.));
#7278=DIRECTION('',(-0.886628561707559,0.462482208916609,0.));
#7279=DIRECTION('',(0.,0.,1.));
#7280=DIRECTION('',(0.,1.,0.));
#7281=DIRECTION('',(0.,0.,1.));
#7282=DIRECTION('',(0.,0.,1.));
#7283=DIRECTION('',(0.,0.,1.));
#7284=DIRECTION('',(-0.782059444035183,0.623203839843257,0.));
#7285=DIRECTION('',(0.,0.,1.));
#7286=DIRECTION('',(0.,0.,1.));
#7287=DIRECTION('',(0.,0.,1.));
#7288=DIRECTION('',(0.,0.,1.));
#7289=DIRECTION('',(0.810776661719426,0.585355622516009,0.));
#7290=DIRECTION('',(0.,0.,1.));
#7291=DIRECTION('',(0.,1.,0.));
#7292=DIRECTION('',(0.,0.,1.));
#7293=DIRECTION('',(0.,0.,1.));
#7294=DIRECTION('',(0.,0.,1.));
#7295=DIRECTION('',(0.962010189397954,0.273013544525748,0.));
#7296=DIRECTION('',(0.,0.,1.));
#7297=DIRECTION('',(0.,0.,1.));
#7298=DIRECTION('',(0.818750961876306,0.574148815575391,0.));
#7299=DIRECTION('',(0.,0.,1.));
#7300=DIRECTION('',(0.,0.,1.));
#7301=DIRECTION('',(0.550499100023785,0.83483575682466,0.));
#7302=DIRECTION('',(0.,0.,1.));
#7303=DIRECTION('',(-0.86970736928866,0.493567717547448,0.));
#7304=DIRECTION('',(0.,0.,1.));
#7305=DIRECTION('',(0.,0.,1.));
#7306=DIRECTION('',(0.,0.,1.));
#7307=DIRECTION('',(-0.524987967450029,-0.851109648654442,0.));
#7308=DIRECTION('',(0.,0.,1.));
#7309=DIRECTION('',(0.,0.,1.));
#7310=DIRECTION('',(-0.471719526628966,-0.881748653640562,0.));
#7311=DIRECTION('',(0.,0.,1.));
#7312=DIRECTION('',(0.45895112391981,0.888461516247465,1.91406516370018E-25));
#7313=DIRECTION('',(-0.888461516247465,0.45895112391981,-2.53918728592933E-15));
#7314=DIRECTION('',(0.,0.,1.));
#7315=DIRECTION('',(0.,0.,1.));
#7316=DIRECTION('',(-0.442639804758106,-0.896699505544475,0.));
#7317=DIRECTION('',(0.,0.,1.));
#7318=DIRECTION('',(0.,0.,1.));
#7319=DIRECTION('',(0.,0.,1.));
#7320=DIRECTION('',(0.994557606840548,-0.104188131164748,0.));
#7321=DIRECTION('',(0.,0.,1.));
#7322=DIRECTION('',(0.,-1.,0.));
#7323=DIRECTION('',(0.,0.,-1.));
#7324=DIRECTION('',(0.,0.,1.));
#7325=DIRECTION('',(0.,0.,1.));
#7326=DIRECTION('',(0.,0.,1.));
#7327=DIRECTION('',(0.973695248263609,-0.227854259360822,0.));
#7328=DIRECTION('',(0.,0.,1.));
#7329=DIRECTION('',(0.,0.,1.));
#7330=DIRECTION('',(0.898449663568369,-0.439076533230695,0.));
#7331=DIRECTION('',(0.,0.,1.));
#7332=DIRECTION('',(0.,0.,1.));
#7333=DIRECTION('',(-1.,0.,0.));
#7334=DIRECTION('',(0.,0.,1.));
#7335=DIRECTION('',(0.,0.,1.));
#7336=DIRECTION('',(0.,-1.,0.));
#7337=DIRECTION('',(0.,0.,-1.));
#7338=DIRECTION('',(0.,0.,1.));
#7339=DIRECTION('',(1.,0.,0.));
#7340=DIRECTION('',(0.,0.,-1.));
#7341=DIRECTION('',(0.,0.,1.));
#7342=DIRECTION('',(0.,0.,1.));
#7343=DIRECTION('',(0.,0.,1.));
#7344=DIRECTION('',(0.,0.,1.));
#7345=DIRECTION('',(0.460966157974549,-0.887417715172614,0.));
#7346=DIRECTION('',(0.,0.,1.));
#7347=DIRECTION('',(0.,0.,1.));
#7348=DIRECTION('',(0.119438812955028,-0.992841563372472,0.));
#7349=DIRECTION('',(0.,0.,1.));
#7350=DIRECTION('',(0.,0.,1.));
#7351=DIRECTION('',(0.,0.,1.));
#7352=DIRECTION('',(-1.,0.,0.));
#7353=DIRECTION('',(0.,0.,1.));
#7354=DIRECTION('',(0.,0.,1.));
#7355=DIRECTION('',(0.,-1.,0.));
#7356=DIRECTION('',(0.,0.,-1.));
#7357=DIRECTION('',(0.,0.,1.));
#7358=DIRECTION('',(1.,0.,0.));
#7359=DIRECTION('',(0.,0.,-1.));
#7360=DIRECTION('',(0.,0.,1.));
#7361=DIRECTION('',(0.,0.,1.));
#7362=DIRECTION('',(-0.997132987844723,-0.0756690461936446,0.));
#7363=DIRECTION('',(0.,0.,1.));
#7364=DIRECTION('',(0.,0.,1.));
#7365=DIRECTION('',(0.,0.,1.));
#7366=DIRECTION('',(-0.889879460097962,-0.456195732658427,0.));
#7367=DIRECTION('',(0.,0.,1.));
#7368=DIRECTION('',(0.,0.,1.));
#7369=DIRECTION('',(0.,0.,1.));
#7370=DIRECTION('',(0.,0.,1.));
#7371=DIRECTION('',(0.,0.,1.));
#7372=DIRECTION('',(0.176175566510546,-0.984358760698907,0.));
#7373=DIRECTION('',(0.,0.,1.));
#7374=DIRECTION('',(0.,0.,1.));
#7375=DIRECTION('',(0.528581695987023,-0.848882436305218,0.));
#7376=DIRECTION('',(0.,0.,1.));
#7377=DIRECTION('',(0.,0.,1.));
#7378=DIRECTION('',(0.903104122575935,-0.429421638702977,0.));
#7379=DIRECTION('',(0.,0.,1.));
#7380=DIRECTION('',(0.,0.,1.));
#7381=DIRECTION('',(0.,-1.,0.));
#7382=DIRECTION('',(0.,0.,-1.));
#7383=DIRECTION('',(0.,0.,1.));
#7384=DIRECTION('',(0.,0.,1.));
#7385=DIRECTION('',(0.,0.,1.));
#7386=DIRECTION('',(0.,0.,1.));
#7387=DIRECTION('',(0.,-1.,0.));
#7388=DIRECTION('',(0.,0.,-1.));
#7389=DIRECTION('',(0.,0.,1.));
#7390=DIRECTION('',(0.,0.,1.));
#7391=DIRECTION('',(-0.955436997221924,-0.295195095385328,0.));
#7392=DIRECTION('',(0.,0.,1.));
#7393=DIRECTION('',(0.,0.,1.));
#7394=DIRECTION('',(-0.790947044820054,-0.611884607005622,0.));
#7395=DIRECTION('',(0.,0.,1.));
#7396=DIRECTION('',(0.,0.,1.));
#7397=DIRECTION('',(-0.525289342890196,-0.850923678273196,0.));
#7398=DIRECTION('',(0.,0.,1.));
#7399=DIRECTION('',(0.,0.,1.));
#7400=DIRECTION('',(-0.188065788971345,-0.98215643306888,0.));
#7401=DIRECTION('',(0.,0.,1.));
#7402=DIRECTION('',(0.,0.,1.));
#7403=DIRECTION('',(0.,0.,1.));
#7404=DIRECTION('',(0.613445841262096,-0.789736791493368,0.));
#7405=DIRECTION('',(0.,0.,1.));
#7406=DIRECTION('',(0.,0.,1.));
#7407=DIRECTION('',(0.832464399395283,-0.554078535714433,0.));
#7408=DIRECTION('',(0.,0.,1.));
#7409=DIRECTION('',(0.,0.,1.));
#7410=DIRECTION('',(0.,0.,1.));
#7411=DIRECTION('',(0.,0.,1.));
#7412=DIRECTION('',(0.,0.,1.));
#7413=DIRECTION('',(-0.782821724024999,0.622246051328997,0.));
#7414=DIRECTION('',(0.,0.,1.));
#7415=DIRECTION('',(0.,0.,1.));
#7416=DIRECTION('',(-0.967762450262111,0.25186472532428,0.));
#7417=DIRECTION('',(0.,0.,1.));
#7418=DIRECTION('',(0.,1.,0.));
#7419=DIRECTION('',(0.,0.,1.));
#7420=DIRECTION('',(0.,0.,1.));
#7421=DIRECTION('',(0.,0.,1.));
#7422=DIRECTION('',(-0.951885999417395,0.306452352109014,0.));
#7423=DIRECTION('',(0.,0.,1.));
#7424=DIRECTION('',(0.,0.,1.));
#7425=DIRECTION('',(0.,0.,1.));
#7426=DIRECTION('',(0.,0.,1.));
#7427=DIRECTION('',(0.,0.,1.));
#7428=DIRECTION('',(0.,0.,1.));
#7429=DIRECTION('',(0.,0.,1.));
#7430=DIRECTION('',(0.,0.,1.));
#7431=DIRECTION('',(0.950313542696766,0.311294347149319,0.));
#7432=DIRECTION('',(0.,0.,1.));
#7433=DIRECTION('',(0.,1.,0.));
#7434=DIRECTION('',(0.,0.,1.));
#7435=DIRECTION('',(0.,0.,1.));
#7436=DIRECTION('',(0.,0.,1.));
#7437=DIRECTION('',(0.967822655429176,0.251633280068474,0.));
#7438=DIRECTION('',(0.,0.,1.));
#7439=DIRECTION('',(0.,0.,1.));
#7440=DIRECTION('',(0.781390166636985,0.624042792990212,0.));
#7441=DIRECTION('',(0.,0.,1.));
#7442=DIRECTION('',(0.,0.,1.));
#7443=DIRECTION('',(0.968450165674774,-0.249207296451174,0.));
#7444=DIRECTION('',(0.,0.,1.));
#7445=DIRECTION('',(0.,0.,1.));
#7446=DIRECTION('',(0.,-1.,0.));
#7447=DIRECTION('',(0.,0.,-1.));
#7448=DIRECTION('',(0.,0.,1.));
#7449=DIRECTION('',(0.,0.,1.));
#7450=DIRECTION('',(0.951885999417396,-0.306452352109012,0.));
#7451=DIRECTION('',(0.,0.,1.));
#7452=DIRECTION('',(0.,0.,1.));
#7453=DIRECTION('',(0.,0.,1.));
#7454=DIRECTION('',(0.,0.,1.));
#7455=DIRECTION('',(0.,0.,1.));
#7456=DIRECTION('',(0.,0.,1.));
#7457=DIRECTION('',(0.,0.,1.));
#7458=DIRECTION('',(0.,0.,1.));
#7459=DIRECTION('',(-0.948453599546471,-0.316916029110777,0.));
#7460=DIRECTION('',(0.,0.,1.));
#7461=DIRECTION('',(0.,-1.,0.));
#7462=DIRECTION('',(0.,0.,-1.));
#7463=DIRECTION('',(0.,0.,1.));
#7464=DIRECTION('',(0.,0.,1.));
#7465=DIRECTION('',(-0.967507572774185,-0.252842038879229,0.));
#7466=DIRECTION('',(0.,0.,1.));
#7467=DIRECTION('',(0.,0.,1.));
#7468=DIRECTION('',(-0.779698608789392,-0.626154996348257,0.));
#7469=DIRECTION('',(0.,0.,1.));
#7470=DIRECTION('',(0.,0.,1.));
#7471=DIRECTION('',(0.,0.,1.));
#7472=DIRECTION('',(0.,0.,1.));
#7473=DIRECTION('',(0.,0.,1.));
#7474=DIRECTION('',(0.,0.,1.));
#7475=DIRECTION('',(0.77928381644813,-0.626671152536988,0.));
#7476=DIRECTION('',(-1.,0.,0.));
#7477=DIRECTION('',(0.,0.,1.));
#7478=DIRECTION('',(0.,0.,1.));
#7479=DIRECTION('',(0.,0.,1.));
#7480=DIRECTION('',(0.,-1.,0.));
#7481=DIRECTION('',(0.,0.,-1.));
#7482=DIRECTION('',(0.,0.,1.));
#7483=DIRECTION('',(1.,0.,0.));
#7484=DIRECTION('',(0.,0.,-1.));
#7485=DIRECTION('',(0.,0.,1.));
#7486=DIRECTION('',(0.,1.,0.));
#7487=DIRECTION('',(0.,0.,1.));
#7488=DIRECTION('',(1.,0.,0.));
#7489=DIRECTION('',(0.,0.,-1.));
#7490=DIRECTION('',(0.,0.,1.));
#7491=DIRECTION('',(0.,0.,1.));
#7492=DIRECTION('',(0.,1.,0.));
#7493=DIRECTION('',(0.,0.,1.));
#7494=DIRECTION('',(0.,0.,1.));
#7495=DIRECTION('',(-1.,0.,0.));
#7496=DIRECTION('',(0.,0.,1.));
#7497=DIRECTION('',(0.,0.,1.));
#7498=DIRECTION('',(0.,-1.,0.));
#7499=DIRECTION('',(0.,0.,-1.));
#7500=DIRECTION('',(0.,1.,0.));
#7501=DIRECTION('',(0.,0.,1.));
#7502=DIRECTION('',(0.,0.,1.));
#7503=DIRECTION('',(0.,0.,1.));
#7504=DIRECTION('',(-1.,0.,0.));
#7505=DIRECTION('',(0.,0.,1.));
#7506=DIRECTION('',(0.,0.,1.));
#7507=DIRECTION('',(0.,-1.,0.));
#7508=DIRECTION('',(0.,0.,-1.));
#7509=DIRECTION('',(0.,0.,1.));
#7510=DIRECTION('',(1.,0.,0.));
#7511=DIRECTION('',(0.,0.,-1.));
#7512=DIRECTION('',(0.,1.,0.));
#7513=DIRECTION('',(0.,0.,1.));
#7514=DIRECTION('',(0.,0.,1.));
#7515=DIRECTION('',(0.,0.,1.));
#7516=DIRECTION('',(-1.,0.,0.));
#7517=DIRECTION('',(0.,0.,1.));
#7518=DIRECTION('',(0.,0.,1.));
#7519=DIRECTION('',(0.,-1.,0.));
#7520=DIRECTION('',(0.,0.,-1.));
#7521=DIRECTION('',(0.,0.,1.));
#7522=DIRECTION('',(1.,0.,0.));
#7523=DIRECTION('',(0.,0.,-1.));
#7524=DIRECTION('',(0.,0.,1.));
#7525=DIRECTION('',(0.,-1.,0.));
#7526=DIRECTION('',(0.,0.,-1.));
#7527=DIRECTION('',(0.,0.,1.));
#7528=DIRECTION('',(1.,0.,0.));
#7529=DIRECTION('',(0.,0.,-1.));
#7530=DIRECTION('',(0.,0.,1.));
#7531=DIRECTION('',(0.,1.,0.));
#7532=DIRECTION('',(0.,0.,1.));
#7533=DIRECTION('',(0.,0.,1.));
#7534=DIRECTION('',(1.,0.,0.));
#7535=DIRECTION('',(0.,0.,-1.));
#7536=DIRECTION('',(0.,1.,0.));
#7537=DIRECTION('',(0.,0.,1.));
#7538=DIRECTION('',(0.,0.,1.));
#7539=DIRECTION('',(0.,0.,1.));
#7540=DIRECTION('',(-1.,0.,0.));
#7541=DIRECTION('',(0.,0.,1.));
#7542=DIRECTION('',(0.,0.,1.));
#7543=DIRECTION('',(0.,-1.,0.));
#7544=DIRECTION('',(0.,0.,-1.));
#7545=DIRECTION('',(0.,0.,1.));
#7546=DIRECTION('',(-1.,0.,0.));
#7547=DIRECTION('',(0.,0.,1.));
#7548=DIRECTION('',(0.,0.,1.));
#7549=DIRECTION('',(0.,-1.,0.));
#7550=DIRECTION('',(0.,0.,-1.));
#7551=DIRECTION('',(0.,0.,1.));
#7552=DIRECTION('',(1.,0.,0.));
#7553=DIRECTION('',(0.,0.,-1.));
#7554=DIRECTION('',(0.,0.,1.));
#7555=DIRECTION('',(0.,-1.,0.));
#7556=DIRECTION('',(0.,0.,-1.));
#7557=DIRECTION('',(0.,0.,1.));
#7558=DIRECTION('',(1.,0.,0.));
#7559=DIRECTION('',(0.,0.,-1.));
#7560=DIRECTION('',(-1.,0.,0.));
#7561=DIRECTION('',(0.,0.,1.));
#7562=DIRECTION('',(0.,0.,1.));
#7563=DIRECTION('',(0.,0.,1.));
#7564=DIRECTION('',(0.,-1.,0.));
#7565=DIRECTION('',(0.,0.,-1.));
#7566=DIRECTION('',(0.,0.,1.));
#7567=DIRECTION('',(1.,0.,0.));
#7568=DIRECTION('',(0.,0.,-1.));
#7569=DIRECTION('',(0.,0.,1.));
#7570=DIRECTION('',(0.,1.,0.));
#7571=DIRECTION('',(0.,0.,1.));
#7572=DIRECTION('',(-1.,0.,0.));
#7573=DIRECTION('',(0.,0.,1.));
#7574=DIRECTION('',(0.,0.,1.));
#7575=DIRECTION('',(0.,0.,1.));
#7576=DIRECTION('',(0.,-1.,0.));
#7577=DIRECTION('',(0.,0.,-1.));
#7578=DIRECTION('',(0.,0.,1.));
#7579=DIRECTION('',(1.,0.,0.));
#7580=DIRECTION('',(0.,0.,-1.));
#7581=DIRECTION('',(0.,0.,1.));
#7582=DIRECTION('',(0.,1.,0.));
#7583=DIRECTION('',(0.,0.,1.));
#7584=DIRECTION('',(1.,0.,0.));
#7585=DIRECTION('',(0.,0.,-1.));
#7586=DIRECTION('',(0.,0.,1.));
#7587=DIRECTION('',(0.,0.,1.));
#7588=DIRECTION('',(0.,1.,0.));
#7589=DIRECTION('',(0.,0.,1.));
#7590=DIRECTION('',(0.,0.,1.));
#7591=DIRECTION('',(-1.,0.,0.));
#7592=DIRECTION('',(0.,0.,1.));
#7593=DIRECTION('',(0.,0.,1.));
#7594=DIRECTION('',(0.,-1.,0.));
#7595=DIRECTION('',(0.,0.,-1.));
#7596=DIRECTION('',(-1.,0.,0.));
#7597=DIRECTION('',(0.,0.,1.));
#7598=DIRECTION('',(0.,0.,1.));
#7599=DIRECTION('',(0.,0.,1.));
#7600=DIRECTION('',(0.,-1.,0.));
#7601=DIRECTION('',(0.,0.,-1.));
#7602=DIRECTION('',(0.,0.,1.));
#7603=DIRECTION('',(1.,0.,0.));
#7604=DIRECTION('',(0.,0.,-1.));
#7605=DIRECTION('',(0.,0.,1.));
#7606=DIRECTION('',(0.,1.,0.));
#7607=DIRECTION('',(0.,0.,1.));
#7608=DIRECTION('',(0.,1.,0.));
#7609=DIRECTION('',(0.,0.,1.));
#7610=DIRECTION('',(0.,0.,1.));
#7611=DIRECTION('',(0.,0.,1.));
#7612=DIRECTION('',(-1.,0.,0.));
#7613=DIRECTION('',(0.,0.,1.));
#7614=DIRECTION('',(0.,0.,1.));
#7615=DIRECTION('',(0.,-1.,0.));
#7616=DIRECTION('',(0.,0.,-1.));
#7617=DIRECTION('',(0.,0.,1.));
#7618=DIRECTION('',(1.,0.,0.));
#7619=DIRECTION('',(0.,0.,-1.));
#7620=DIRECTION('',(0.,1.,0.));
#7621=DIRECTION('',(0.,0.,1.));
#7622=DIRECTION('',(0.,0.,1.));
#7623=DIRECTION('',(0.,0.,1.));
#7624=DIRECTION('',(-1.,0.,0.));
#7625=DIRECTION('',(0.,0.,1.));
#7626=DIRECTION('',(0.,0.,1.));
#7627=DIRECTION('',(0.,-1.,0.));
#7628=DIRECTION('',(0.,0.,-1.));
#7629=DIRECTION('',(0.,0.,1.));
#7630=DIRECTION('',(1.,0.,0.));
#7631=DIRECTION('',(0.,0.,-1.));
#7632=DIRECTION('',(0.,0.,1.));
#7633=DIRECTION('',(0.,1.,0.));
#7634=DIRECTION('',(0.,0.,1.));
#7635=DIRECTION('',(0.,0.,1.));
#7636=DIRECTION('',(-1.,0.,0.));
#7637=DIRECTION('',(0.,0.,1.));
#7638=DIRECTION('',(0.,1.,0.));
#7639=DIRECTION('',(0.,0.,1.));
#7640=DIRECTION('',(0.,0.,1.));
#7641=DIRECTION('',(0.,0.,1.));
#7642=DIRECTION('',(-1.,0.,0.));
#7643=DIRECTION('',(0.,0.,1.));
#7644=DIRECTION('',(0.,0.,1.));
#7645=DIRECTION('',(0.,-1.,0.));
#7646=DIRECTION('',(0.,0.,-1.));
#7647=DIRECTION('',(0.,0.,1.));
#7648=DIRECTION('',(0.,0.,1.));
#7649=DIRECTION('',(0.,0.,1.));
#7650=DIRECTION('',(0.,0.,1.));
#7651=DIRECTION('',(0.,0.,1.));
#7652=DIRECTION('',(-0.944890407505852,-0.327386801510727,0.));
#7653=DIRECTION('',(0.,0.,1.));
#7654=DIRECTION('',(0.,-1.,0.));
#7655=DIRECTION('',(0.,0.,-1.));
#7656=DIRECTION('',(0.,0.,1.));
#7657=DIRECTION('',(0.,0.,1.));
#7658=DIRECTION('',(0.,0.,1.));
#7659=DIRECTION('',(-0.754403065196282,-0.656411467924239,0.));
#7660=DIRECTION('',(0.,0.,1.));
#7661=DIRECTION('',(0.,0.,1.));
#7662=DIRECTION('',(0.,0.,1.));
#7663=DIRECTION('',(0.,0.,1.));
#7664=DIRECTION('',(0.,1.,0.));
#7665=DIRECTION('',(0.,0.,1.));
#7666=DIRECTION('',(0.,0.,1.));
#7667=DIRECTION('',(-1.,0.,0.));
#7668=DIRECTION('',(0.,0.,1.));
#7669=DIRECTION('',(0.,0.,1.));
#7670=DIRECTION('',(0.,-1.,0.));
#7671=DIRECTION('',(0.,0.,-1.));
#7672=DIRECTION('',(0.,0.,1.));
#7673=DIRECTION('',(0.,0.,1.));
#7674=DIRECTION('',(0.,0.,1.));
#7675=DIRECTION('',(0.,0.,1.));
#7676=DIRECTION('',(-0.754384374422979,0.656432948309613,0.));
#7677=DIRECTION('',(0.,0.,1.));
#7678=DIRECTION('',(0.,0.,1.));
#7679=DIRECTION('',(0.,1.,0.));
#7680=DIRECTION('',(0.,0.,1.));
#7681=DIRECTION('',(0.,0.,1.));
#7682=DIRECTION('',(0.,0.,1.));
#7683=DIRECTION('',(-0.947498729927368,0.319759529625038,0.));
#7684=DIRECTION('',(0.,0.,1.));
#7685=DIRECTION('',(0.,0.,1.));
#7686=DIRECTION('',(1.,0.,0.));
#7687=DIRECTION('',(0.,0.,-1.));
#7688=DIRECTION('',(0.,0.,1.));
#7689=DIRECTION('',(0.,0.,1.));
#7690=DIRECTION('',(-0.501167968631896,0.865350025837741,0.));
#7691=DIRECTION('',(-0.865350025837741,-0.501167968631896,0.));
#7692=DIRECTION('',(0.,0.,1.));
#7693=DIRECTION('',(0.,0.,1.));
#7694=DIRECTION('',(-0.76906477993135,-0.639170841222552,0.));
#7695=DIRECTION('',(0.,0.,1.));
#7696=DIRECTION('',(0.,0.,1.));
#7697=DIRECTION('',(0.,0.,1.));
#7698=DIRECTION('',(0.,0.,1.));
#7699=DIRECTION('',(0.631986443133285,-0.774979442111686,0.));
#7700=DIRECTION('',(0.,0.,1.));
#7701=DIRECTION('',(0.,0.,1.));
#7702=DIRECTION('',(0.87787541752255,-0.478889080382513,0.));
#7703=DIRECTION('',(0.,0.,1.));
#7704=DIRECTION('',(0.,0.,1.));
#7705=DIRECTION('',(0.987408143602601,-0.158193419418336,0.));
#7706=DIRECTION('',(0.,0.,1.));
#7707=DIRECTION('',(-1.,0.,0.));
#7708=DIRECTION('',(0.,0.,1.));
#7709=DIRECTION('',(0.,0.,1.));
#7710=DIRECTION('',(0.,-1.,0.));
#7711=DIRECTION('',(0.,0.,-1.));
#7712=DIRECTION('',(0.,0.,1.));
#7713=DIRECTION('',(1.,0.,0.));
#7714=DIRECTION('',(0.,0.,-1.));
#7715=DIRECTION('',(0.,0.,1.));
#7716=DIRECTION('',(0.,0.,1.));
#7717=DIRECTION('',(0.,0.,1.));
#7718=DIRECTION('',(0.,0.,1.));
#7719=DIRECTION('',(0.411488636383052,-0.911414890227067,0.));
#7720=DIRECTION('',(0.,0.,1.));
#7721=DIRECTION('',(0.,0.,1.));
#7722=DIRECTION('',(0.115428720740501,-0.993315765720152,0.));
#7723=DIRECTION('',(0.,0.,1.));
#7724=DIRECTION('',(0.,0.,1.));
#7725=DIRECTION('',(0.,0.,1.));
#7726=DIRECTION('',(0.,0.,1.));
#7727=DIRECTION('',(-0.854216221814888,-0.519917922741943,0.));
#7728=DIRECTION('',(0.,0.,1.));
#7729=DIRECTION('',(0.,0.,1.));
#7730=DIRECTION('',(-0.986219728061786,-0.165440768801816,0.));
#7731=DIRECTION('',(0.,0.,1.));
#7732=DIRECTION('',(-1.,0.,0.));
#7733=DIRECTION('',(0.,0.,1.));
#7734=DIRECTION('',(0.,0.,1.));
#7735=DIRECTION('',(0.,-1.,0.));
#7736=DIRECTION('',(0.,0.,-1.));
#7737=DIRECTION('',(0.,0.,1.));
#7738=DIRECTION('',(1.,0.,0.));
#7739=DIRECTION('',(0.,0.,-1.));
#7740=DIRECTION('',(0.,0.,1.));
#7741=DIRECTION('',(0.,0.,1.));
#7742=DIRECTION('',(-0.998623209867646,-0.0524565030633865,0.));
#7743=DIRECTION('',(0.,0.,1.));
#7744=DIRECTION('',(0.,0.,1.));
#7745=DIRECTION('',(0.997379151002562,0.0723521191493997,0.));
#7746=DIRECTION('',(0.,0.,1.));
#7747=DIRECTION('',(0.461821196076151,-0.886973045168112,0.));
#7748=DIRECTION('',(0.886973045168112,0.461821196076151,0.));
#7749=DIRECTION('',(-1.,0.,0.));
#7750=DIRECTION('',(0.,0.,1.));
#7751=DIRECTION('',(0.,0.,1.));
#7752=DIRECTION('',(0.,0.,1.));
#7753=DIRECTION('',(0.,-1.,0.));
#7754=DIRECTION('',(0.,0.,-1.));
#7755=DIRECTION('',(0.,0.,1.));
#7756=DIRECTION('',(1.,0.,0.));
#7757=DIRECTION('',(0.,0.,-1.));
#7758=DIRECTION('',(0.,0.,1.));
#7759=DIRECTION('',(0.,1.,0.));
#7760=DIRECTION('',(0.,0.,1.));
#7761=CARTESIAN_POINT('',(0.,0.,0.));
#7762=CARTESIAN_POINT('',(-0.239375,-0.1347,0.0015));
#7763=CARTESIAN_POINT('',(-0.325,-0.1347,0.0015));
#7764=CARTESIAN_POINT('',(-0.325,-0.0871,0.0015));
#7765=CARTESIAN_POINT('',(-0.325,-0.1823,0.0015));
#7766=CARTESIAN_POINT('',(-0.314625,-0.1823,0.0015));
#7767=CARTESIAN_POINT('',(-0.15375,-0.1823,0.0015));
#7768=CARTESIAN_POINT('',(-0.15375,-0.1347,0.0015));
#7769=CARTESIAN_POINT('',(-0.15375,-0.0871,0.0015));
#7770=CARTESIAN_POINT('',(-0.314625,-0.0871,0.0015));
#7771=CARTESIAN_POINT('',(-0.20425,-0.1347,0.0015));
#7772=CARTESIAN_POINT('',(-0.20425,-0.12,0.0015));
#7773=CARTESIAN_POINT('',(-0.20425,-0.1494,0.0015));
#7774=CARTESIAN_POINT('',(-0.18,-0.12,0.0015));
#7775=CARTESIAN_POINT('',(-0.15575,-0.12,0.0015));
#7776=CARTESIAN_POINT('',(-0.15575,-0.1347,0.0015));
#7777=CARTESIAN_POINT('',(-0.15575,-0.1494,0.0015));
#7778=CARTESIAN_POINT('',(-0.18,-0.1494,0.0015));
#7779=CARTESIAN_POINT('',(-0.23,-0.1803,0.0015));
#7780=CARTESIAN_POINT('',(-0.25425,-0.1803,0.0015));
#7781=CARTESIAN_POINT('',(-0.20575,-0.1803,0.0015));
#7782=CARTESIAN_POINT('',(-0.25425,-0.1656,0.0015));
#7783=CARTESIAN_POINT('',(-0.25425,-0.1509,0.0015));
#7784=CARTESIAN_POINT('',(-0.23,-0.1509,0.0015));
#7785=CARTESIAN_POINT('',(-0.20575,-0.1509,0.0015));
#7786=CARTESIAN_POINT('',(-0.20575,-0.1656,0.0015));
#7787=CARTESIAN_POINT('',(-0.30425,-0.1347,0.0015));
#7788=CARTESIAN_POINT('',(-0.30425,-0.12,0.0015));
#7789=CARTESIAN_POINT('',(-0.30425,-0.1494,0.0015));
#7790=CARTESIAN_POINT('',(-0.28,-0.12,0.0015));
#7791=CARTESIAN_POINT('',(-0.25575,-0.12,0.0015));
#7792=CARTESIAN_POINT('',(-0.25575,-0.1347,0.0015));
#7793=CARTESIAN_POINT('',(-0.25575,-0.1494,0.0015));
#7794=CARTESIAN_POINT('',(-0.28,-0.1494,0.0015));
#7795=CARTESIAN_POINT('',(-0.25425,-0.1038,0.0015));
#7796=CARTESIAN_POINT('',(-0.25425,-0.0891,0.0015));
#7797=CARTESIAN_POINT('',(-0.25425,-0.1185,0.0015));
#7798=CARTESIAN_POINT('',(-0.23,-0.0891,0.0015));
#7799=CARTESIAN_POINT('',(-0.20575,-0.0891,0.0015));
#7800=CARTESIAN_POINT('',(-0.20575,-0.1038,0.0015));
#7801=CARTESIAN_POINT('',(-0.20575,-0.1185,0.0015));
#7802=CARTESIAN_POINT('',(-0.23,-0.1185,0.0015));
#7803=CARTESIAN_POINT('',(-0.25425,-0.1347,0.0015));
#7804=CARTESIAN_POINT('',(-0.25425,-0.12,0.0015));
#7805=CARTESIAN_POINT('',(-0.25425,-0.1494,0.0015));
#7806=CARTESIAN_POINT('',(-0.23,-0.12,0.0015));
#7807=CARTESIAN_POINT('',(-0.20575,-0.12,0.0015));
#7808=CARTESIAN_POINT('',(-0.20575,-0.1347,0.0015));
#7809=CARTESIAN_POINT('',(-0.20575,-0.1494,0.0015));
#7810=CARTESIAN_POINT('',(-0.23,-0.1494,0.0015));
#7811=CARTESIAN_POINT('',(-0.20425,-0.1038,0.0015));
#7812=CARTESIAN_POINT('',(-0.20425,-0.0891,0.0015));
#7813=CARTESIAN_POINT('',(-0.20425,-0.1185,0.0015));
#7814=CARTESIAN_POINT('',(-0.18,-0.0891,0.0015));
#7815=CARTESIAN_POINT('',(-0.15575,-0.0891,0.0015));
#7816=CARTESIAN_POINT('',(-0.15575,-0.1038,0.0015));
#7817=CARTESIAN_POINT('',(-0.15575,-0.1185,0.0015));
#7818=CARTESIAN_POINT('',(-0.18,-0.1185,0.0015));
#7819=CARTESIAN_POINT('',(-0.15575,-0.1656,0.0015));
#7820=CARTESIAN_POINT('',(-0.15575,-0.1509,0.0015));
#7821=CARTESIAN_POINT('',(-0.15575,-0.1803,0.0015));
#7822=CARTESIAN_POINT('',(-0.18,-0.1803,0.0015));
#7823=CARTESIAN_POINT('',(-0.20425,-0.1803,0.0015));
#7824=CARTESIAN_POINT('',(-0.20425,-0.1656,0.0015));
#7825=CARTESIAN_POINT('',(-0.20425,-0.1509,0.0015));
#7826=CARTESIAN_POINT('',(-0.18,-0.1509,0.0015));
#7827=CARTESIAN_POINT('',(-0.30425,-0.1656,0.0015));
#7828=CARTESIAN_POINT('',(-0.30425,-0.1509,0.0015));
#7829=CARTESIAN_POINT('',(-0.30425,-0.1803,0.0015));
#7830=CARTESIAN_POINT('',(-0.28,-0.1509,0.0015));
#7831=CARTESIAN_POINT('',(-0.25575,-0.1509,0.0015));
#7832=CARTESIAN_POINT('',(-0.25575,-0.1656,0.0015));
#7833=CARTESIAN_POINT('',(-0.25575,-0.1803,0.0015));
#7834=CARTESIAN_POINT('',(-0.28,-0.1803,0.0015));
#7835=CARTESIAN_POINT('',(-0.30425,-0.1038,0.0015));
#7836=CARTESIAN_POINT('',(-0.30425,-0.0891,0.0015));
#7837=CARTESIAN_POINT('',(-0.30425,-0.1185,0.0015));
#7838=CARTESIAN_POINT('',(-0.28,-0.0891,0.0015));
#7839=CARTESIAN_POINT('',(-0.25575,-0.0891,0.0015));
#7840=CARTESIAN_POINT('',(-0.25575,-0.1038,0.0015));
#7841=CARTESIAN_POINT('',(-0.25575,-0.1185,0.0015));
#7842=CARTESIAN_POINT('',(-0.28,-0.1185,0.0015));
#7843=CARTESIAN_POINT('',(-0.314626779513889,-0.157192165798611,0.0015));
#7844=CARTESIAN_POINT('',(-0.310528559027778,-0.157192165798611,0.0015));
#7845=CARTESIAN_POINT('',(-0.318725,-0.157192165798611,0.0015));
#7846=CARTESIAN_POINT('',(-0.318725,-0.156514171006945,0.0015));
#7847=CARTESIAN_POINT('',(-0.318725,-0.155836176215278,0.0015));
#7848=CARTESIAN_POINT('',(-0.314626779513889,-0.155836176215278,0.0015));
#7849=CARTESIAN_POINT('',(-0.310528559027778,-0.155836176215278,0.0015));
#7850=CARTESIAN_POINT('',(-0.310528559027778,-0.156514171006945,0.0015));
#7851=CARTESIAN_POINT('',(-0.314626779513889,-0.159217252604166,0.0015));
#7852=CARTESIAN_POINT('',(-0.318725,-0.159217252604166,0.0015));
#7853=CARTESIAN_POINT('',(-0.310528559027778,-0.159217252604166,0.0015));
#7854=CARTESIAN_POINT('',(-0.310528559027778,-0.1598845703125,0.0015));
#7855=CARTESIAN_POINT('',(-0.310528559027778,-0.160551888020834,0.0015));
#7856=CARTESIAN_POINT('',(-0.314626779513889,-0.160551888020834,0.0015));
#7857=CARTESIAN_POINT('',(-0.318725,-0.160551888020834,0.0015));
#7858=CARTESIAN_POINT('',(-0.318725,-0.1598845703125,0.0015));
#7859=CARTESIAN_POINT('',(-0.317111870659722,-0.163843988715278,0.0015));
#7860=CARTESIAN_POINT('',(-0.315498741319445,-0.162909743923611,0.0015));
#7861=CARTESIAN_POINT('',(-0.318725,-0.164778233506945,0.0015));
#7862=CARTESIAN_POINT('',(-0.318725,-0.164071766493056,0.0015));
#7863=CARTESIAN_POINT('',(-0.318725,-0.163365299479167,0.0015));
#7864=CARTESIAN_POINT('',(-0.317239995659722,-0.162592100694445,0.0015));
#7865=CARTESIAN_POINT('',(-0.315754962629726,-0.161818886971893,0.0015));
#7866=CARTESIAN_POINT('',(-0.31627871939956,-0.161821874541029,0.0015));
#7867=CARTESIAN_POINT('',(-0.31576044564305,-0.161746843487498,0.0015));
#7868=CARTESIAN_POINT('',(-0.31479395720793,-0.161647589543259,0.0015));
#7869=CARTESIAN_POINT('',(-0.315765579642521,-0.161630275019227,0.00149999975));
#7870=CARTESIAN_POINT('',(-0.315765668402778,-0.161227880859375,0.0015));
#7871=CARTESIAN_POINT('',(-0.315765668402778,-0.161007443576389,0.0015));
#7872=CARTESIAN_POINT('',(-0.315276302083334,-0.161007443576389,0.0015));
#7873=CARTESIAN_POINT('',(-0.314786935763889,-0.161007443576389,0.0015));
#7874=CARTESIAN_POINT('',(-0.314786935763889,-0.161385590277778,0.0015));
#7875=CARTESIAN_POINT('',(-0.314787027566356,-0.161763737398825,0.0015));
#7876=CARTESIAN_POINT('',(-0.313270301281906,-0.161756803951012,0.0015));
#7877=CARTESIAN_POINT('',(-0.314704213258363,-0.162252221963928,0.00149999975));
#7878=CARTESIAN_POINT('',(-0.313566432914586,-0.161859891542005,0.0015));
#7879=CARTESIAN_POINT('',(-0.314431922743055,-0.162697092013889,0.0015));
#7880=CARTESIAN_POINT('',(-0.314431922743055,-0.162697092013889,0.0015));
#7881=CARTESIAN_POINT('',(-0.314242404513889,-0.162897287326389,0.0015));
#7882=CARTESIAN_POINT('',(-0.313903407118056,-0.163020073784722,0.0015));
#7883=CARTESIAN_POINT('',(-0.313903407118056,-0.163020073784722,0.0015));
#7884=CARTESIAN_POINT('',(-0.313903407118056,-0.163020073784722,0.0015));
#7885=CARTESIAN_POINT('',(-0.313564409722222,-0.163142860243055,0.0015));
#7886=CARTESIAN_POINT('',(-0.313064366319445,-0.163142860243055,0.0015));
#7887=CARTESIAN_POINT('',(-0.313064366319445,-0.163142860243055,0.0015));
#7888=CARTESIAN_POINT('',(-0.313108952146124,-0.160884573778013,0.0015));
#7889=CARTESIAN_POINT('',(-0.31260170817111,-0.16308674378048,0.00149999975));
#7890=CARTESIAN_POINT('',(-0.312892541522808,-0.161791038394118,0.0015));
#7891=CARTESIAN_POINT('',(-0.312101649305556,-0.162859027777778,0.0015));
#7892=CARTESIAN_POINT('',(-0.312101649305556,-0.162859027777778,0.0015));
#7893=CARTESIAN_POINT('',(-0.311863194444444,-0.1626873046875,0.0015));
#7894=CARTESIAN_POINT('',(-0.311701258680555,-0.162375889756945,0.0015));
#7895=CARTESIAN_POINT('',(-0.311701258680555,-0.162375889756945,0.0015));
#7896=CARTESIAN_POINT('',(-0.311701258680555,-0.162375889756945,0.0015));
#7897=CARTESIAN_POINT('',(-0.311539322916667,-0.162064474826389,0.0015));
#7898=CARTESIAN_POINT('',(-0.311539322916667,-0.161551974826389,0.0015));
#7899=CARTESIAN_POINT('',(-0.311539322916667,-0.161551974826389,0.0015));
#7900=CARTESIAN_POINT('',(-0.311539322916667,-0.161279709201389,0.0015));
#7901=CARTESIAN_POINT('',(-0.311539322916667,-0.161007443576389,0.0015));
#7902=CARTESIAN_POINT('',(-0.311033940972222,-0.161007443576389,0.0015));
#7903=CARTESIAN_POINT('',(-0.310528559027778,-0.161007443576389,0.0015));
#7904=CARTESIAN_POINT('',(-0.310528559027778,-0.161291276041667,0.0015));
#7905=CARTESIAN_POINT('',(-0.310528467241599,-0.161575108682801,0.0015));
#7906=CARTESIAN_POINT('',(-0.313849039312692,-0.161568746689319,0.0015));
#7907=CARTESIAN_POINT('',(-0.310695125904385,-0.162607822790041,0.0015));
#7908=CARTESIAN_POINT('',(-0.31335784623613,-0.161754417654786,0.0015));
#7909=CARTESIAN_POINT('',(-0.31119493916532,-0.16352638468231,0.00149999975));
#7910=CARTESIAN_POINT('',(-0.313212707334229,-0.161871270370719,0.0015));
#7911=CARTESIAN_POINT('',(-0.312001106770833,-0.164182986111111,0.0015));
#7912=CARTESIAN_POINT('',(-0.312001106770833,-0.164182986111111,0.0015));
#7913=CARTESIAN_POINT('',(-0.312473567708334,-0.1644330078125,0.0015));
#7914=CARTESIAN_POINT('',(-0.313064366319445,-0.1644330078125,0.0015));
#7915=CARTESIAN_POINT('',(-0.313064366319445,-0.1644330078125,0.0015));
#7916=CARTESIAN_POINT('',(-0.313064366319445,-0.1644330078125,0.0015));
#7917=CARTESIAN_POINT('',(-0.313954123263889,-0.1644330078125,0.0015));
#7918=CARTESIAN_POINT('',(-0.314576953125,-0.164021050347223,0.0015));
#7919=CARTESIAN_POINT('',(-0.314576953125,-0.164021050347223,0.0015));
#7920=CARTESIAN_POINT('',(-0.313227245020858,-0.161965158400467,0.0015));
#7921=CARTESIAN_POINT('',(-0.314626779513889,-0.166623589409722,0.0015));
#7922=CARTESIAN_POINT('',(-0.318725,-0.166623589409722,0.0015));
#7923=CARTESIAN_POINT('',(-0.310528559027778,-0.166623589409722,0.0015));
#7924=CARTESIAN_POINT('',(-0.310528559027778,-0.167290907118055,0.0015));
#7925=CARTESIAN_POINT('',(-0.310528559027778,-0.167958224826389,0.0015));
#7926=CARTESIAN_POINT('',(-0.314626779513889,-0.167958224826389,0.0015));
#7927=CARTESIAN_POINT('',(-0.318725,-0.167958224826389,0.0015));
#7928=CARTESIAN_POINT('',(-0.318725,-0.167290907118055,0.0015));
#7929=CARTESIAN_POINT('',(-0.317701779513889,-0.175138563368055,0.0015));
#7930=CARTESIAN_POINT('',(-0.318180918454132,-0.175021005115059,0.0015));
#7931=CARTESIAN_POINT('',(-0.317223702996529,-0.175255860952241,0.0015));
#7932=CARTESIAN_POINT('',(-0.315113464066143,-0.176407750207689,0.0015));
#7933=CARTESIAN_POINT('',(-0.317395462337767,-0.175650251199755,0.0015));
#7934=CARTESIAN_POINT('',(-0.309376525061179,-0.178445003211595,0.0015));
#7935=CARTESIAN_POINT('',(-0.317551395949373,-0.176144882609289,0.00149999975000004));
#7936=CARTESIAN_POINT('',(-0.3126585635822,-0.177529136522961,0.0015));
#7937=CARTESIAN_POINT('',(-0.31766784785037,-0.17665651092119,0.0015));
#7938=CARTESIAN_POINT('',(-0.314897788990995,-0.177158571053513,0.0015));
#7939=CARTESIAN_POINT('',(-0.317712596164769,-0.177135176791423,0.00149999975));
#7940=CARTESIAN_POINT('',(-0.317712456597222,-0.177152083333334,0.0015));
#7941=CARTESIAN_POINT('',(-0.317712456597222,-0.177168988715278,0.0015));
#7942=CARTESIAN_POINT('',(-0.318240972222222,-0.177168988715278,0.0015));
#7943=CARTESIAN_POINT('',(-0.318769487847222,-0.177168988715278,0.0015));
#7944=CARTESIAN_POINT('',(-0.318769487847222,-0.177157421875,0.0015));
#7945=CARTESIAN_POINT('',(-0.318769525480603,-0.177145854963005,0.0015));
#7946=CARTESIAN_POINT('',(-0.313071104021991,-0.177156714336087,0.0015));
#7947=CARTESIAN_POINT('',(-0.318741899579434,-0.17659509608389,0.00149999975));
#7948=CARTESIAN_POINT('',(-0.314293687476605,-0.177033990729777,0.0015));
#7949=CARTESIAN_POINT('',(-0.318647544495983,-0.17602210266355,0.0015));
#7950=CARTESIAN_POINT('',(-0.315771650481133,-0.176678638459762,0.0015));
#7951=CARTESIAN_POINT('',(-0.318463255076231,-0.175472290213753,0.00149999999999952));
#7952=CARTESIAN_POINT('',(-0.316789236527734,-0.17620460416138,0.0015));
#7953=CARTESIAN_POINT('',(-0.313564409722222,-0.175272026909722,0.0015));
#7954=CARTESIAN_POINT('',(-0.313197829861111,-0.175078059895833,0.0015));
#7955=CARTESIAN_POINT('',(-0.312685329861111,-0.175078059895833,0.0015));
#7956=CARTESIAN_POINT('',(-0.313564409722222,-0.175272026909722,0.0015));
#7957=CARTESIAN_POINT('',(-0.312685329861111,-0.175078059895833,0.0015));
#7958=CARTESIAN_POINT('',(-0.312685329861111,-0.175078059895833,0.0015));
#7959=CARTESIAN_POINT('',(-0.312195963541667,-0.175078059895833,0.0015));
#7960=CARTESIAN_POINT('',(-0.311807139756945,-0.175244444444445,0.0015));
#7961=CARTESIAN_POINT('',(-0.311807139756945,-0.175244444444445,0.0015));
#7962=CARTESIAN_POINT('',(-0.312686814114443,-0.177328457606272,0.0015));
#7963=CARTESIAN_POINT('',(-0.311122861888754,-0.175694604472565,0.00149999975));
#7964=CARTESIAN_POINT('',(-0.312587834955797,-0.177216147218685,0.0015));
#7965=CARTESIAN_POINT('',(-0.310655872974526,-0.176362013680731,0.00149999975));
#7966=CARTESIAN_POINT('',(-0.313315331169615,-0.177550827802872,0.0015));
#7967=CARTESIAN_POINT('',(-0.310427241404731,-0.177168988715278,0.0015));
#7968=CARTESIAN_POINT('',(-0.311011697048611,-0.177168988715278,0.0015));
#7969=CARTESIAN_POINT('',(-0.31159621945577,-0.177168988715278,0.0015));
#7970=CARTESIAN_POINT('',(-0.312755892190473,-0.17756000643653,0.0015));
#7971=CARTESIAN_POINT('',(-0.312023350694444,-0.176579079861111,0.0015));
#7972=CARTESIAN_POINT('',(-0.312023350694444,-0.176579079861111,0.0015));
#7973=CARTESIAN_POINT('',(-0.312329427083333,-0.176345073784722,0.0015));
#7974=CARTESIAN_POINT('',(-0.312640842013889,-0.176345073784722,0.0015));
#7975=CARTESIAN_POINT('',(-0.312640842013889,-0.176345073784722,0.0015));
#7976=CARTESIAN_POINT('',(-0.312640842013889,-0.176345073784722,0.0015));
#7977=CARTESIAN_POINT('',(-0.313075043402778,-0.176345073784722,0.0015));
#7978=CARTESIAN_POINT('',(-0.313341970486111,-0.176579079861111,0.0015));
#7979=CARTESIAN_POINT('',(-0.313341970486111,-0.176579079861111,0.0015));
#7980=CARTESIAN_POINT('',(-0.311859988389133,-0.178223751127735,0.0015));
#7981=CARTESIAN_POINT('',(-0.313807305198325,-0.177168988715278,0.0015));
#7982=CARTESIAN_POINT('',(-0.314442599826389,-0.177168988715278,0.0015));
#7983=CARTESIAN_POINT('',(-0.315076996527778,-0.177168988715278,0.0015));
#7984=CARTESIAN_POINT('',(-0.302836833265126,-0.183089354940491,0.0015));
#7985=CARTESIAN_POINT('',(-0.31469345986841,-0.176434078125777,0.0015));
#7986=CARTESIAN_POINT('',(-0.311646559100679,-0.178133810544713,0.0015));
#7987=CARTESIAN_POINT('',(-0.314209517042957,-0.175766700772349,0.00149999975));
#7988=CARTESIAN_POINT('',(-0.312444786889264,-0.177400579085236,0.0015));
#7989=CARTESIAN_POINT('',(-0.311081200613054,-0.177832306196393,0.0015));
#7990=CARTESIAN_POINT('',(-0.311684297424373,-0.178981315524191,0.00149999999999916));
#7991=CARTESIAN_POINT('',(-0.311795572916667,-0.178914691840278,0.0015));
#7992=CARTESIAN_POINT('',(-0.311195290827101,-0.179177367709927,0.0015));
#7993=CARTESIAN_POINT('',(-0.311717872330963,-0.178781432562773,0.0015));
#7994=CARTESIAN_POINT('',(-0.312478804208283,-0.178288107566591,0.0015));
#7995=CARTESIAN_POINT('',(-0.311612295688826,-0.17855878687847,0.00149999975));
#7996=CARTESIAN_POINT('',(-0.313668364352486,-0.177903207622677,0.0015));
#7997=CARTESIAN_POINT('',(-0.311528645833334,-0.178192209201389,0.0015));
#7998=CARTESIAN_POINT('',(-0.311528645833334,-0.178192209201389,0.0015));
#7999=CARTESIAN_POINT('',(-0.311494835069445,-0.177969769965278,0.0015));
#8000=CARTESIAN_POINT('',(-0.31151796875,-0.177624544270834,0.0015));
#8001=CARTESIAN_POINT('',(-0.31151796875,-0.177624544270834,0.0015));
#8002=CARTESIAN_POINT('',(-0.310956532118056,-0.177624544270834,0.0015));
#8003=CARTESIAN_POINT('',(-0.310394923083562,-0.177624544270834,0.0015));
#8004=CARTESIAN_POINT('',(-0.316559924106253,-0.177475629107692,0.0015));
#8005=CARTESIAN_POINT('',(-0.310500086805556,-0.178620182291667,0.0015));
#8006=CARTESIAN_POINT('',(-0.310500086805556,-0.178620182291667,0.0015));
#8007=CARTESIAN_POINT('',(-0.310594401041667,-0.179126453993056,0.0015));
#8008=CARTESIAN_POINT('',(-0.310795486111111,-0.179437868923611,0.0015));
#8009=CARTESIAN_POINT('',(-0.310795486111111,-0.179437868923611,0.0015));
#8010=CARTESIAN_POINT('',(-0.306703359956147,-0.170768661876504,0.0015));
#8011=CARTESIAN_POINT('',(-0.31111223960788,-0.179281271822532,0.00150000000000001));
#8012=CARTESIAN_POINT('',(-0.272663956781373,-0.199142498285379,0.0015));
#8013=CARTESIAN_POINT('',(-0.311434330338571,-0.179114884578346,0.00150000000000001));
#8014=CARTESIAN_POINT('',(-0.30703851524653,-0.170569517506962,0.0015));
#8015=CARTESIAN_POINT('',(-0.310528559027778,-0.168753667534722,0.0015));
#8016=CARTESIAN_POINT('',(-0.310528559027778,-0.168413780381945,0.0015));
#8017=CARTESIAN_POINT('',(-0.310528559027778,-0.1690935546875,0.0015));
#8018=CARTESIAN_POINT('',(-0.310528559027778,-0.1690935546875,0.0015));
#8019=CARTESIAN_POINT('',(-0.310528559027778,-0.170127452256945,0.0015));
#8020=CARTESIAN_POINT('',(-0.310855989583333,-0.170911328125,0.0015));
#8021=CARTESIAN_POINT('',(-0.310855989583333,-0.170911328125,0.0015));
#8022=CARTESIAN_POINT('',(-0.310855989583333,-0.170911328125,0.0015));
#8023=CARTESIAN_POINT('',(-0.311183420138889,-0.171695203993056,0.0015));
#8024=CARTESIAN_POINT('',(-0.311728841145833,-0.172212152777778,0.0015));
#8025=CARTESIAN_POINT('',(-0.311728841145833,-0.172212152777778,0.0015));
#8026=CARTESIAN_POINT('',(-0.314210327309265,-0.169614693116217,0.0015));
#8027=CARTESIAN_POINT('',(-0.312969181176068,-0.172985301725049,0.00149999975000101));
#8028=CARTESIAN_POINT('',(-0.314396289030377,-0.169142243966886,0.0015));
#8029=CARTESIAN_POINT('',(-0.314399001737336,-0.173241603413639,0.0015));
#8030=CARTESIAN_POINT('',(-0.314399001736111,-0.1732416015625,0.0015));
#8031=CARTESIAN_POINT('',(-0.315409765625,-0.1732416015625,0.0015));
#8032=CARTESIAN_POINT('',(-0.316127799479166,-0.173024500868056,0.0015));
#8033=CARTESIAN_POINT('',(-0.316127799479166,-0.173024500868056,0.0015));
#8034=CARTESIAN_POINT('',(-0.316127799479166,-0.173024500868056,0.0015));
#8035=CARTESIAN_POINT('',(-0.316845833333334,-0.172807400173611,0.0015));
#8036=CARTESIAN_POINT('',(-0.317328971354166,-0.172473741319445,0.0015));
#8037=CARTESIAN_POINT('',(-0.317328971354166,-0.172473741319445,0.0015));
#8038=CARTESIAN_POINT('',(-0.317328971354166,-0.172473741319445,0.0015));
#8039=CARTESIAN_POINT('',(-0.317812109375,-0.172140082465278,0.0015));
#8040=CARTESIAN_POINT('',(-0.318090603298611,-0.171722786458333,0.0015));
#8041=CARTESIAN_POINT('',(-0.318090603298611,-0.171722786458333,0.0015));
#8042=CARTESIAN_POINT('',(-0.315012891055657,-0.169609956301008,0.0015));
#8043=CARTESIAN_POINT('',(-0.318507899305556,-0.170916666666666,0.0015));
#8044=CARTESIAN_POINT('',(-0.318507899305556,-0.170916666666666,0.0015));
#8045=CARTESIAN_POINT('',(-0.318646701388889,-0.170527842881945,0.0015));
#8046=CARTESIAN_POINT('',(-0.318685850694444,-0.170204861111111,0.0015));
#8047=CARTESIAN_POINT('',(-0.318685850694444,-0.170204861111111,0.0015));
#8048=CARTESIAN_POINT('',(-0.314071848938221,-0.169571551204275,0.0015));
#8049=CARTESIAN_POINT('',(-0.318725431609025,-0.169727076056515,0.00149999975));
#8050=CARTESIAN_POINT('',(-0.318725,-0.169070421006944,0.0015));
#8051=CARTESIAN_POINT('',(-0.318725,-0.168413780381945,0.0015));
#8052=CARTESIAN_POINT('',(-0.318235633680556,-0.168413780381945,0.0015));
#8053=CARTESIAN_POINT('',(-0.317746267361111,-0.168413780381945,0.0015));
#8054=CARTESIAN_POINT('',(-0.317746267361111,-0.168847981770834,0.0015));
#8055=CARTESIAN_POINT('',(-0.317746267361111,-0.169282183159722,0.0015));
#8056=CARTESIAN_POINT('',(-0.317746267361111,-0.169282183159722,0.0015));
#8057=CARTESIAN_POINT('',(-0.317746267361111,-0.170638172743056,0.0015));
#8058=CARTESIAN_POINT('',(-0.316878754340278,-0.171238758680556,0.0015));
#8059=CARTESIAN_POINT('',(-0.316878754340278,-0.171238758680556,0.0015));
#8060=CARTESIAN_POINT('',(-0.316878754340278,-0.171238758680556,0.0015));
#8061=CARTESIAN_POINT('',(-0.316011241319445,-0.171839344618056,0.0015));
#8062=CARTESIAN_POINT('',(-0.314365190972222,-0.171839344618056,0.0015));
#8063=CARTESIAN_POINT('',(-0.314365190972564,-0.171839346827866,0.0015));
#8064=CARTESIAN_POINT('',(-0.314364531614704,-0.167580054077929,0.0015));
#8065=CARTESIAN_POINT('',(-0.313352615469727,-0.171717577111061,0.0014999997500005));
#8066=CARTESIAN_POINT('',(-0.313865992208324,-0.169632876835362,0.0015));
#8067=CARTESIAN_POINT('',(-0.312446875,-0.171244986979167,0.0015));
#8068=CARTESIAN_POINT('',(-0.312446875,-0.171244986979167,0.0015));
#8069=CARTESIAN_POINT('',(-0.312041145833334,-0.170894422743055,0.0015));
#8070=CARTESIAN_POINT('',(-0.311790234375,-0.170293836805555,0.0015));
#8071=CARTESIAN_POINT('',(-0.311790234375,-0.170293836805555,0.0015));
#8072=CARTESIAN_POINT('',(-0.311790234375,-0.170293836805555,0.0015));
#8073=CARTESIAN_POINT('',(-0.311539322916667,-0.169693250868056,0.0015));
#8074=CARTESIAN_POINT('',(-0.311539322916667,-0.168737651909722,0.0015));
#8075=CARTESIAN_POINT('',(-0.311539322916667,-0.168737651909722,0.0015));
#8076=CARTESIAN_POINT('',(-0.311539322916667,-0.168575716145833,0.0015));
#8077=CARTESIAN_POINT('',(-0.311539322916667,-0.168413780381945,0.0015));
#8078=CARTESIAN_POINT('',(-0.311033940972222,-0.168413780381945,0.0015));
#8079=CARTESIAN_POINT('',(-0.314681944444444,-0.177624544270834,0.0015));
#8080=CARTESIAN_POINT('',(-0.315333246527777,-0.177624544270834,0.0015));
#8081=CARTESIAN_POINT('',(-0.314030642361111,-0.177624544270834,0.0015));
#8082=CARTESIAN_POINT('',(-0.338498774148747,-0.166443054595365,0.0015));
#8083=CARTESIAN_POINT('',(-0.314387513136945,-0.178374570927211,0.0015));
#8084=CARTESIAN_POINT('',(-0.317271423243326,-0.176960438271251,0.0015));
#8085=CARTESIAN_POINT('',(-0.314849094222086,-0.179069619437353,0.0015));
#8086=CARTESIAN_POINT('',(-0.316507834532938,-0.177605876237505,0.0015));
#8087=CARTESIAN_POINT('',(-0.315510308159722,-0.179581119791667,0.0015));
#8088=CARTESIAN_POINT('',(-0.315510308159722,-0.179581119791667,0.0015));
#8089=CARTESIAN_POINT('',(-0.315899131944445,-0.179781315104167,0.0015));
#8090=CARTESIAN_POINT('',(-0.316477473958334,-0.179781315104167,0.0015));
#8091=CARTESIAN_POINT('',(-0.316477473958334,-0.179781315104167,0.0015));
#8092=CARTESIAN_POINT('',(-0.316477575213697,-0.177682512297863,0.0015));
#8093=CARTESIAN_POINT('',(-0.317255984006309,-0.179631767679166,0.00149999975));
#8094=CARTESIAN_POINT('',(-0.316420171342905,-0.177514070417004,0.0015));
#8095=CARTESIAN_POINT('',(-0.317940408655675,-0.179209392475304,0.00149999999999976));
#8096=CARTESIAN_POINT('',(-0.316333623359327,-0.177442803550135,0.0015));
#8097=CARTESIAN_POINT('',(-0.318458177001719,-0.178535708113104,0.00149999975));
#8098=CARTESIAN_POINT('',(-0.316088636378333,-0.177321457277683,0.0015));
#8099=CARTESIAN_POINT('',(-0.318734683548522,-0.177624544270834,0.0015));
#8100=CARTESIAN_POINT('',(-0.318201822916667,-0.177624544270834,0.0015));
#8101=CARTESIAN_POINT('',(-0.31766796875,-0.177624544270834,0.0015));
#8102=CARTESIAN_POINT('',(-0.31766796875,-0.177624544270834,0.0015));
#8103=CARTESIAN_POINT('',(-0.317445529513889,-0.178535655381945,0.0015));
#8104=CARTESIAN_POINT('',(-0.316456119791666,-0.178535655381945,0.0015));
#8105=CARTESIAN_POINT('',(-0.316456119791666,-0.178535655381945,0.0015));
#8106=CARTESIAN_POINT('',(-0.316456119791666,-0.178535655381945,0.0015));
#8107=CARTESIAN_POINT('',(-0.31606640625,-0.178535655381945,0.0015));
#8108=CARTESIAN_POINT('',(-0.315811046006944,-0.178280295138889,0.0015));
#8109=CARTESIAN_POINT('',(-0.315811046006944,-0.178280295138889,0.0015));
#8110=CARTESIAN_POINT('',(-0.315811046006944,-0.178280295138889,0.0015));
#8111=CARTESIAN_POINT('',(-0.315555685763889,-0.178024934895834,0.0015));
#8112=CARTESIAN_POINT('',(-0.315333246527778,-0.177624544270834,0.0015));
#8113=CARTESIAN_POINT('',(-0.316344900173611,-0.122017404513889,0.0015));
#8114=CARTESIAN_POINT('',(-0.315577039930556,-0.121778059895833,0.0015));
#8115=CARTESIAN_POINT('',(-0.314587630208334,-0.121778059895833,0.0015));
#8116=CARTESIAN_POINT('',(-0.316344900173611,-0.122017404513889,0.0015));
#8117=CARTESIAN_POINT('',(-0.314587630208334,-0.121778059895833,0.0015));
#8118=CARTESIAN_POINT('',(-0.314587630208334,-0.121778059895833,0.0015));
#8119=CARTESIAN_POINT('',(-0.313598220486111,-0.121778059895833,0.0015));
#8120=CARTESIAN_POINT('',(-0.312835698784723,-0.122017404513889,0.0015));
#8121=CARTESIAN_POINT('',(-0.312835698784723,-0.122017404513889,0.0015));
#8122=CARTESIAN_POINT('',(-0.312835698784723,-0.122017404513889,0.0015));
#8123=CARTESIAN_POINT('',(-0.312073177083333,-0.122256749131944,0.0015));
#8124=CARTESIAN_POINT('',(-0.311545551215278,-0.122684722222222,0.0015));
#8125=CARTESIAN_POINT('',(-0.311545551215278,-0.122684722222222,0.0015));
#8126=CARTESIAN_POINT('',(-0.313388299023728,-0.124996224406868,0.0015));
#8127=CARTESIAN_POINT('',(-0.310733829432823,-0.123697139390529,0.0015));
#8128=CARTESIAN_POINT('',(-0.313785883721772,-0.125159563921452,0.0015));
#8129=CARTESIAN_POINT('',(-0.310406541166902,-0.1249705078125,0.0015));
#8130=CARTESIAN_POINT('',(-0.310961870659722,-0.1249705078125,0.0015));
#8131=CARTESIAN_POINT('',(-0.311517969966573,-0.1249705078125,0.0015));
#8132=CARTESIAN_POINT('',(-0.313381949516772,-0.125188357912828,0.0015));
#8133=CARTESIAN_POINT('',(-0.311751085069444,-0.124259592013889,0.0015));
#8134=CARTESIAN_POINT('',(-0.311751085069444,-0.124259592013889,0.0015));
#8135=CARTESIAN_POINT('',(-0.311939713541666,-0.123925933159722,0.0015));
#8136=CARTESIAN_POINT('',(-0.312307183159722,-0.12368125,0.0015));
#8137=CARTESIAN_POINT('',(-0.312307183159722,-0.12368125,0.0015));
#8138=CARTESIAN_POINT('',(-0.312307183159722,-0.12368125,0.0015));
#8139=CARTESIAN_POINT('',(-0.312674652777778,-0.123436566840278,0.0015));
#8140=CARTESIAN_POINT('',(-0.313241427951389,-0.123291536458333,0.0015));
#8141=CARTESIAN_POINT('',(-0.313241427951389,-0.123291536458333,0.0015));
#8142=CARTESIAN_POINT('',(-0.313241427951389,-0.123291536458333,0.0015));
#8143=CARTESIAN_POINT('',(-0.313808203125,-0.123146506076389,0.0015));
#8144=CARTESIAN_POINT('',(-0.314587630208334,-0.123135828993056,0.0015));
#8145=CARTESIAN_POINT('',(-0.314587630208334,-0.123135828993056,0.0015));
#8146=CARTESIAN_POINT('',(-0.314587630208334,-0.123135828993056,0.0015));
#8147=CARTESIAN_POINT('',(-0.315377734375,-0.123146506076389,0.0015));
#8148=CARTESIAN_POINT('',(-0.315939171006945,-0.123291536458333,0.0015));
#8149=CARTESIAN_POINT('',(-0.315939171006945,-0.123291536458333,0.0015));
#8150=CARTESIAN_POINT('',(-0.315939171006945,-0.123291536458333,0.0015));
#8151=CARTESIAN_POINT('',(-0.316500607638889,-0.123436566840278,0.0015));
#8152=CARTESIAN_POINT('',(-0.316878754340278,-0.123686588541667,0.0015));
#8153=CARTESIAN_POINT('',(-0.316878754340278,-0.123686588541667,0.0015));
#8154=CARTESIAN_POINT('',(-0.316878754340278,-0.123686588541667,0.0015));
#8155=CARTESIAN_POINT('',(-0.317256901041666,-0.123936610243056,0.0015));
#8156=CARTESIAN_POINT('',(-0.3174517578125,-0.124270269097222,0.0015));
#8157=CARTESIAN_POINT('',(-0.3174517578125,-0.124270269097222,0.0015));
#8158=CARTESIAN_POINT('',(-0.316024823572646,-0.125121176199177,0.0015));
#8159=CARTESIAN_POINT('',(-0.317678921658166,-0.1249705078125,0.0015));
#8160=CARTESIAN_POINT('',(-0.318229405381944,-0.1249705078125,0.0015));
#8161=CARTESIAN_POINT('',(-0.318779659586853,-0.1249705078125,0.0015));
#8162=CARTESIAN_POINT('',(-0.315376111273979,-0.125173304653746,0.0015));
#8163=CARTESIAN_POINT('',(-0.31845199421565,-0.12370253180328,0.0015));
#8164=CARTESIAN_POINT('',(-0.315805313545831,-0.124982784850944,0.0015));
#8165=CARTESIAN_POINT('',(-0.317640386284722,-0.122684722222222,0.0015));
#8166=CARTESIAN_POINT('',(-0.317640386284722,-0.122684722222222,0.0015));
#8167=CARTESIAN_POINT('',(-0.317112760416666,-0.122256749131944,0.0015));
#8168=CARTESIAN_POINT('',(-0.316344900173611,-0.122017404513889,0.0015));
#8169=CARTESIAN_POINT('',(-0.310956532118056,-0.125415386284722,0.0015));
#8170=CARTESIAN_POINT('',(-0.311507015841834,-0.125415386284722,0.0015));
#8171=CARTESIAN_POINT('',(-0.310406360829957,-0.125415386284722,0.0015));
#8172=CARTESIAN_POINT('',(-0.313574226067379,-0.125279827939479,0.0015));
#8173=CARTESIAN_POINT('',(-0.310728584988689,-0.12667803490003,0.0015));
#8174=CARTESIAN_POINT('',(-0.313426353547243,-0.125334542871619,0.0015));
#8175=CARTESIAN_POINT('',(-0.311545551215278,-0.127690494791667,0.0015));
#8176=CARTESIAN_POINT('',(-0.311545551215278,-0.127690494791667,0.0015));
#8177=CARTESIAN_POINT('',(-0.312073177083333,-0.128118467881944,0.0015));
#8178=CARTESIAN_POINT('',(-0.312835698784723,-0.128363151041667,0.0015));
#8179=CARTESIAN_POINT('',(-0.312835698784723,-0.128363151041667,0.0015));
#8180=CARTESIAN_POINT('',(-0.312835698784723,-0.128363151041667,0.0015));
#8181=CARTESIAN_POINT('',(-0.313598220486111,-0.128607834201389,0.0015));
#8182=CARTESIAN_POINT('',(-0.314587630208334,-0.128607834201389,0.0015));
#8183=CARTESIAN_POINT('',(-0.314587630208334,-0.128607834201389,0.0015));
#8184=CARTESIAN_POINT('',(-0.314587630208334,-0.128607834201389,0.0015));
#8185=CARTESIAN_POINT('',(-0.315577039930556,-0.128607834201389,0.0015));
#8186=CARTESIAN_POINT('',(-0.316344900173611,-0.128363151041667,0.0015));
#8187=CARTESIAN_POINT('',(-0.316344900173611,-0.128363151041667,0.0015));
#8188=CARTESIAN_POINT('',(-0.316344900173611,-0.128363151041667,0.0015));
#8189=CARTESIAN_POINT('',(-0.317112760416666,-0.128118467881944,0.0015));
#8190=CARTESIAN_POINT('',(-0.317640386284722,-0.127690494791667,0.0015));
#8191=CARTESIAN_POINT('',(-0.317640386284722,-0.127690494791667,0.0015));
#8192=CARTESIAN_POINT('',(-0.315788080292518,-0.125362616142497,0.0015));
#8193=CARTESIAN_POINT('',(-0.318452167735295,-0.126684335632755,0.0015));
#8194=CARTESIAN_POINT('',(-0.315447213398982,-0.125234062135638,0.0015));
#8195=CARTESIAN_POINT('',(-0.318779263772715,-0.125415386284722,0.0015));
#8196=CARTESIAN_POINT('',(-0.318229405381944,-0.125415386284722,0.0015));
#8197=CARTESIAN_POINT('',(-0.317678645833333,-0.125415386284722,0.0015));
#8198=CARTESIAN_POINT('',(-0.315864125417982,-0.125204126870727,0.0015));
#8199=CARTESIAN_POINT('',(-0.317440190972222,-0.126128081597222,0.0015));
#8200=CARTESIAN_POINT('',(-0.317440190972222,-0.126128081597222,0.0015));
#8201=CARTESIAN_POINT('',(-0.317246223958334,-0.126461740451389,0.0015));
#8202=CARTESIAN_POINT('',(-0.316873415798611,-0.126706423611111,0.0015));
#8203=CARTESIAN_POINT('',(-0.316873415798611,-0.126706423611111,0.0015));
#8204=CARTESIAN_POINT('',(-0.316873415798611,-0.126706423611111,0.0015));
#8205=CARTESIAN_POINT('',(-0.316500607638889,-0.126951106770833,0.0015));
#8206=CARTESIAN_POINT('',(-0.315939171006945,-0.127095247395833,0.0015));
#8207=CARTESIAN_POINT('',(-0.315939171006945,-0.127095247395833,0.0015));
#8208=CARTESIAN_POINT('',(-0.315939171006945,-0.127095247395833,0.0015));
#8209=CARTESIAN_POINT('',(-0.315377734375,-0.127239388020833,0.0015));
#8210=CARTESIAN_POINT('',(-0.314587630208334,-0.127250065104167,0.0015));
#8211=CARTESIAN_POINT('',(-0.314587630208334,-0.127250065104167,0.0015));
#8212=CARTESIAN_POINT('',(-0.314587630208334,-0.127250065104167,0.0015));
#8213=CARTESIAN_POINT('',(-0.313797526041666,-0.127239388020833,0.0015));
#8214=CARTESIAN_POINT('',(-0.313236089409722,-0.127095247395833,0.0015));
#8215=CARTESIAN_POINT('',(-0.313236089409722,-0.127095247395833,0.0015));
#8216=CARTESIAN_POINT('',(-0.313236089409722,-0.127095247395833,0.0015));
#8217=CARTESIAN_POINT('',(-0.312674652777778,-0.126951106770833,0.0015));
#8218=CARTESIAN_POINT('',(-0.312301844618055,-0.1267001953125,0.0015));
#8219=CARTESIAN_POINT('',(-0.312301844618055,-0.1267001953125,0.0015));
#8220=CARTESIAN_POINT('',(-0.312301844618055,-0.1267001953125,0.0015));
#8221=CARTESIAN_POINT('',(-0.311929036458333,-0.126449283854167,0.0015));
#8222=CARTESIAN_POINT('',(-0.3117341796875,-0.126115625,0.0015));
#8223=CARTESIAN_POINT('',(-0.3117341796875,-0.126115625,0.0015));
#8224=CARTESIAN_POINT('',(-0.313161113927353,-0.125264717898045,0.0015));
#8225=CARTESIAN_POINT('',(-0.314626779513889,-0.130520811631944,0.0015));
#8226=CARTESIAN_POINT('',(-0.318725,-0.130520811631944,0.0015));
#8227=CARTESIAN_POINT('',(-0.310528559027778,-0.130520811631944,0.0015));
#8228=CARTESIAN_POINT('',(-0.310528559027778,-0.131198806423611,0.0015));
#8229=CARTESIAN_POINT('',(-0.310528559027778,-0.131876801215278,0.0015));
#8230=CARTESIAN_POINT('',(-0.314626779513889,-0.131876801215278,0.0015));
#8231=CARTESIAN_POINT('',(-0.318725,-0.131876801215278,0.0015));
#8232=CARTESIAN_POINT('',(-0.318725,-0.131198806423611,0.0015));
#8233=CARTESIAN_POINT('',(-0.314576063368055,-0.135302365451389,0.0015));
#8234=CARTESIAN_POINT('',(-0.314119618055555,-0.135302365451389,0.0015));
#8235=CARTESIAN_POINT('',(-0.315032508680555,-0.135302365451389,0.0015));
#8236=CARTESIAN_POINT('',(-0.315032508680555,-0.133818250868056,0.0015));
#8237=CARTESIAN_POINT('',(-0.315032508680555,-0.132334136284722,0.0015));
#8238=CARTESIAN_POINT('',(-0.314576063368055,-0.132334136284722,0.0015));
#8239=CARTESIAN_POINT('',(-0.314119618055555,-0.132334136284722,0.0015));
#8240=CARTESIAN_POINT('',(-0.314119618055555,-0.133818250868056,0.0015));
#8241=CARTESIAN_POINT('',(-0.310528559027778,-0.133990863715278,0.0015));
#8242=CARTESIAN_POINT('',(-0.310528559027778,-0.132334136284722,0.0015));
#8243=CARTESIAN_POINT('',(-0.310528559027778,-0.135647591145833,0.0015));
#8244=CARTESIAN_POINT('',(-0.311033940972222,-0.135647591145833,0.0015));
#8245=CARTESIAN_POINT('',(-0.311539322916667,-0.135647591145833,0.0015));
#8246=CARTESIAN_POINT('',(-0.311539322916667,-0.133990863715278,0.0015));
#8247=CARTESIAN_POINT('',(-0.311539322916667,-0.132334136284722,0.0015));
#8248=CARTESIAN_POINT('',(-0.311033940972222,-0.132334136284722,0.0015));
#8249=CARTESIAN_POINT('',(-0.310528559027778,-0.142772764756944,0.0015));
#8250=CARTESIAN_POINT('',(-0.310528559027778,-0.139653276909722,0.0015));
#8251=CARTESIAN_POINT('',(-0.310528559027778,-0.145892252604167,0.0015));
#8252=CARTESIAN_POINT('',(-0.310984114583333,-0.145892252604167,0.0015));
#8253=CARTESIAN_POINT('',(-0.311439670138889,-0.145892252604167,0.0015));
#8254=CARTESIAN_POINT('',(-0.311439670138889,-0.144668836805556,0.0015));
#8255=CARTESIAN_POINT('',(-0.311439670138889,-0.143445421006944,0.0015));
#8256=CARTESIAN_POINT('',(-0.315082335069444,-0.143445421006944,0.0015));
#8257=CARTESIAN_POINT('',(-0.318725,-0.143445421006944,0.0015));
#8258=CARTESIAN_POINT('',(-0.318725,-0.142772764756944,0.0015));
#8259=CARTESIAN_POINT('',(-0.318725,-0.142100108506944,0.0015));
#8260=CARTESIAN_POINT('',(-0.315082335069444,-0.142100108506944,0.0015));
#8261=CARTESIAN_POINT('',(-0.311439670138889,-0.142100108506944,0.0015));
#8262=CARTESIAN_POINT('',(-0.311439670138889,-0.140876692708333,0.0015));
#8263=CARTESIAN_POINT('',(-0.311439670138889,-0.139653276909722,0.0015));
#8264=CARTESIAN_POINT('',(-0.310984114583333,-0.139653276909722,0.0015));
#8265=CARTESIAN_POINT('',(-0.310528559027778,-0.1530779296875,0.0015));
#8266=CARTESIAN_POINT('',(-0.310528559027778,-0.152410611979166,0.0015));
#8267=CARTESIAN_POINT('',(-0.310528559027778,-0.153745247395834,0.0015));
#8268=CARTESIAN_POINT('',(-0.314626779513889,-0.153745247395834,0.0015));
#8269=CARTESIAN_POINT('',(-0.318725,-0.153745247395834,0.0015));
#8270=CARTESIAN_POINT('',(-0.318725,-0.1530779296875,0.0015));
#8271=CARTESIAN_POINT('',(-0.318725,-0.152410611979166,0.0015));
#8272=CARTESIAN_POINT('',(-0.316878754340278,-0.152410611979166,0.0015));
#8273=CARTESIAN_POINT('',(-0.315032508680555,-0.152410611979166,0.0015));
#8274=CARTESIAN_POINT('',(-0.315032508680555,-0.150864214409723,0.0015));
#8275=CARTESIAN_POINT('',(-0.315032508680555,-0.149317816840278,0.0015));
#8276=CARTESIAN_POINT('',(-0.314576063368055,-0.149317816840278,0.0015));
#8277=CARTESIAN_POINT('',(-0.314119618055555,-0.149317816840278,0.0015));
#8278=CARTESIAN_POINT('',(-0.314119618055555,-0.150864214409723,0.0015));
#8279=CARTESIAN_POINT('',(-0.314119618055555,-0.152410611979166,0.0015));
#8280=CARTESIAN_POINT('',(-0.312324088541666,-0.152410611979166,0.0015));
#8281=CARTESIAN_POINT('',(-0.314626779513889,-0.147506271701389,0.0015));
#8282=CARTESIAN_POINT('',(-0.318725,-0.147506271701389,0.0015));
#8283=CARTESIAN_POINT('',(-0.310528559027778,-0.147506271701389,0.0015));
#8284=CARTESIAN_POINT('',(-0.310528559027778,-0.148184266493056,0.0015));
#8285=CARTESIAN_POINT('',(-0.310528559027778,-0.148862261284722,0.0015));
#8286=CARTESIAN_POINT('',(-0.314626779513889,-0.148862261284722,0.0015));
#8287=CARTESIAN_POINT('',(-0.318725,-0.148862261284722,0.0015));
#8288=CARTESIAN_POINT('',(-0.318725,-0.148184266493056,0.0015));
#8289=CARTESIAN_POINT('',(-0.314626779513889,-0.111946245659722,0.0015));
#8290=CARTESIAN_POINT('',(-0.318725,-0.111946245659722,0.0015));
#8291=CARTESIAN_POINT('',(-0.310528559027778,-0.111946245659722,0.0015));
#8292=CARTESIAN_POINT('',(-0.310528559027778,-0.112624240451389,0.0015));
#8293=CARTESIAN_POINT('',(-0.310528559027778,-0.113302235243056,0.0015));
#8294=CARTESIAN_POINT('',(-0.314626779513889,-0.113302235243056,0.0015));
#8295=CARTESIAN_POINT('',(-0.318725,-0.113302235243056,0.0015));
#8296=CARTESIAN_POINT('',(-0.318725,-0.112624240451389,0.0015));
#8297=CARTESIAN_POINT('',(-0.314576063368055,-0.116727799479167,0.0015));
#8298=CARTESIAN_POINT('',(-0.314119618055555,-0.116727799479167,0.0015));
#8299=CARTESIAN_POINT('',(-0.315032508680555,-0.116727799479167,0.0015));
#8300=CARTESIAN_POINT('',(-0.315032508680555,-0.115243684895833,0.0015));
#8301=CARTESIAN_POINT('',(-0.315032508680555,-0.1137595703125,0.0015));
#8302=CARTESIAN_POINT('',(-0.314576063368055,-0.1137595703125,0.0015));
#8303=CARTESIAN_POINT('',(-0.314119618055555,-0.1137595703125,0.0015));
#8304=CARTESIAN_POINT('',(-0.314119618055555,-0.115243684895833,0.0015));
#8305=CARTESIAN_POINT('',(-0.318218728298611,-0.1137595703125,0.0015));
#8306=CARTESIAN_POINT('',(-0.318725,-0.1137595703125,0.0015));
#8307=CARTESIAN_POINT('',(-0.317712456597222,-0.1137595703125,0.0015));
#8308=CARTESIAN_POINT('',(-0.317712456597222,-0.115416297743056,0.0015));
#8309=CARTESIAN_POINT('',(-0.317712456597222,-0.117073025173611,0.0015));
#8310=CARTESIAN_POINT('',(-0.318218728298611,-0.117073025173611,0.0015));
#8311=CARTESIAN_POINT('',(-0.318725,-0.117073025173611,0.0015));
#8312=CARTESIAN_POINT('',(-0.318725,-0.115416297743056,0.0015));
#8313=CARTESIAN_POINT('',(-0.310528559027778,-0.115416297743056,0.0015));
#8314=CARTESIAN_POINT('',(-0.310528559027778,-0.1137595703125,0.0015));
#8315=CARTESIAN_POINT('',(-0.310528559027778,-0.117073025173611,0.0015));
#8316=CARTESIAN_POINT('',(-0.311033940972222,-0.117073025173611,0.0015));
#8317=CARTESIAN_POINT('',(-0.311539322916667,-0.117073025173611,0.0015));
#8318=CARTESIAN_POINT('',(-0.311539322916667,-0.115416297743056,0.0015));
#8319=CARTESIAN_POINT('',(-0.311539322916667,-0.1137595703125,0.0015));
#8320=CARTESIAN_POINT('',(-0.311033940972222,-0.1137595703125,0.0015));
#8321=CARTESIAN_POINT('',(-0.310528559027778,-0.106106770833333,0.0015));
#8322=CARTESIAN_POINT('',(-0.310528559027778,-0.105427886284722,0.0015));
#8323=CARTESIAN_POINT('',(-0.310528559027778,-0.106785655381945,0.0015));
#8324=CARTESIAN_POINT('',(-0.3141205078125,-0.106785655381945,0.0015));
#8325=CARTESIAN_POINT('',(-0.317712456597222,-0.106785655381945,0.0015));
#8326=CARTESIAN_POINT('',(-0.317712456597222,-0.108671050347222,0.0015));
#8327=CARTESIAN_POINT('',(-0.317712456597222,-0.1105564453125,0.0015));
#8328=CARTESIAN_POINT('',(-0.318218728298611,-0.1105564453125,0.0015));
#8329=CARTESIAN_POINT('',(-0.318725,-0.1105564453125,0.0015));
#8330=CARTESIAN_POINT('',(-0.318725,-0.107992165798611,0.0015));
#8331=CARTESIAN_POINT('',(-0.318725,-0.105427886284722,0.0015));
#8332=CARTESIAN_POINT('',(-0.314626779513889,-0.105427886284722,0.0015));
#8333=CARTESIAN_POINT('',(-0.310528559027778,-0.102810221354167,0.0015));
#8334=CARTESIAN_POINT('',(-0.310528559027778,-0.102137565104167,0.0015));
#8335=CARTESIAN_POINT('',(-0.310528559027778,-0.103482877604167,0.0015));
#8336=CARTESIAN_POINT('',(-0.312558094618056,-0.103482877604167,0.0015));
#8337=CARTESIAN_POINT('',(-0.314587630208334,-0.103482877604167,0.0015));
#8338=CARTESIAN_POINT('',(-0.314587630208334,-0.103482877604167,0.0015));
#8339=CARTESIAN_POINT('',(-0.315577039930556,-0.103482877604167,0.0015));
#8340=CARTESIAN_POINT('',(-0.316344900173611,-0.103271115451389,0.0015));
#8341=CARTESIAN_POINT('',(-0.316344900173611,-0.103271115451389,0.0015));
#8342=CARTESIAN_POINT('',(-0.316344900173611,-0.103271115451389,0.0015));
#8343=CARTESIAN_POINT('',(-0.317112760416666,-0.103059353298611,0.0015));
#8344=CARTESIAN_POINT('',(-0.317640386284722,-0.102675868055556,0.0015));
#8345=CARTESIAN_POINT('',(-0.317640386284722,-0.102675868055556,0.0015));
#8346=CARTESIAN_POINT('',(-0.316101222674882,-0.10050682469219,0.0015));
#8347=CARTESIAN_POINT('',(-0.318451844618055,-0.1017478515625,0.0015));
#8348=CARTESIAN_POINT('',(-0.318451844618055,-0.1017478515625,0.0015));
#8349=CARTESIAN_POINT('',(-0.318735677083334,-0.1012033203125,0.0015));
#8350=CARTESIAN_POINT('',(-0.318780164930555,-0.100523546006945,0.0015));
#8351=CARTESIAN_POINT('',(-0.318780164930555,-0.100523546006945,0.0015));
#8352=CARTESIAN_POINT('',(-0.318229405381944,-0.100523546006945,0.0015));
#8353=CARTESIAN_POINT('',(-0.317678113304851,-0.100523546006945,0.0015));
#8354=CARTESIAN_POINT('',(-0.316087028802931,-0.100349414764678,0.0015));
#8355=CARTESIAN_POINT('',(-0.317450868055556,-0.101186414930556,0.0015));
#8356=CARTESIAN_POINT('',(-0.317450868055556,-0.101186414930556,0.0015));
#8357=CARTESIAN_POINT('',(-0.317267578125,-0.101480924479167,0.0015));
#8358=CARTESIAN_POINT('',(-0.316889431423611,-0.101691796875,0.0015));
#8359=CARTESIAN_POINT('',(-0.316889431423611,-0.101691796875,0.0015));
#8360=CARTESIAN_POINT('',(-0.316889431423611,-0.101691796875,0.0015));
#8361=CARTESIAN_POINT('',(-0.316511284722223,-0.101902669270833,0.0015));
#8362=CARTESIAN_POINT('',(-0.315916037326389,-0.1020201171875,0.0015));
#8363=CARTESIAN_POINT('',(-0.315916037326389,-0.1020201171875,0.0015));
#8364=CARTESIAN_POINT('',(-0.315916037326389,-0.1020201171875,0.0015));
#8365=CARTESIAN_POINT('',(-0.315320789930556,-0.102137565104167,0.0015));
#8366=CARTESIAN_POINT('',(-0.314454166666666,-0.102137565104167,0.0015));
#8367=CARTESIAN_POINT('',(-0.314454166666666,-0.102137565104167,0.0015));
#8368=CARTESIAN_POINT('',(-0.312491362847223,-0.102137565104167,0.0015));
#8369=CARTESIAN_POINT('',(-0.312491362847223,-0.098466427951389,0.0015));
#8370=CARTESIAN_POINT('',(-0.310528559027778,-0.098466427951389,0.0015));
#8371=CARTESIAN_POINT('',(-0.314454166666666,-0.098466427951389,0.0015));
#8372=CARTESIAN_POINT('',(-0.314454166666666,-0.098466427951389,0.0015));
#8373=CARTESIAN_POINT('',(-0.315310112847222,-0.098466427951389,0.0015));
#8374=CARTESIAN_POINT('',(-0.315905360243056,-0.0985776475694446,0.0015));
#8375=CARTESIAN_POINT('',(-0.315905360243056,-0.0985776475694446,0.0015));
#8376=CARTESIAN_POINT('',(-0.315905360243056,-0.0985776475694446,0.0015));
#8377=CARTESIAN_POINT('',(-0.316500607638889,-0.0986888671875001,0.0015));
#8378=CARTESIAN_POINT('',(-0.316884092881945,-0.0989006293402779,0.0015));
#8379=CARTESIAN_POINT('',(-0.316884092881945,-0.0989006293402779,0.0015));
#8380=CARTESIAN_POINT('',(-0.316884092881945,-0.0989006293402779,0.0015));
#8381=CARTESIAN_POINT('',(-0.317267578125,-0.0991123914930557,0.0015));
#8382=CARTESIAN_POINT('',(-0.317457096354166,-0.0994069010416668,0.0015));
#8383=CARTESIAN_POINT('',(-0.317457096354166,-0.0994069010416668,0.0015));
#8384=CARTESIAN_POINT('',(-0.316250690873069,-0.100177233972981,0.0015));
#8385=CARTESIAN_POINT('',(-0.317678165480878,-0.100067990451389,0.0015));
#8386=CARTESIAN_POINT('',(-0.318229405381944,-0.100067990451389,0.0015));
#8387=CARTESIAN_POINT('',(-0.318780164930555,-0.100067990451389,0.0015));
#8388=CARTESIAN_POINT('',(-0.318780164930555,-0.100067990451389,0.0015));
#8389=CARTESIAN_POINT('',(-0.318735677083334,-0.0993899956597224,0.0015));
#8390=CARTESIAN_POINT('',(-0.318451844618055,-0.0988392361111112,0.0015));
#8391=CARTESIAN_POINT('',(-0.318451844618055,-0.0988392361111112,0.0015));
#8392=CARTESIAN_POINT('',(-0.316149467202502,-0.100035046429041,0.0015));
#8393=CARTESIAN_POINT('',(-0.317640386284722,-0.0979103298611112,0.0015));
#8394=CARTESIAN_POINT('',(-0.317640386284722,-0.0979103298611112,0.0015));
#8395=CARTESIAN_POINT('',(-0.317112760416666,-0.0975321831597224,0.0015));
#8396=CARTESIAN_POINT('',(-0.316344900173611,-0.097321310763889,0.0015));
#8397=CARTESIAN_POINT('',(-0.316344900173611,-0.097321310763889,0.0015));
#8398=CARTESIAN_POINT('',(-0.316344900173611,-0.097321310763889,0.0015));
#8399=CARTESIAN_POINT('',(-0.315577039930556,-0.0971104383680557,0.0015));
#8400=CARTESIAN_POINT('',(-0.314587630208334,-0.0971104383680557,0.0015));
#8401=CARTESIAN_POINT('',(-0.314587630208334,-0.0971104383680557,0.0015));
#8402=CARTESIAN_POINT('',(-0.312558094618056,-0.0971104383680557,0.0015));
#8403=CARTESIAN_POINT('',(-0.310528559027778,-0.0971104383680557,0.0015));
#8404=CARTESIAN_POINT('',(-0.310528559027778,-0.0977884331597224,0.0015));
#8405=CARTESIAN_POINT('',(-0.317111870659722,-0.0944856553819446,0.0015));
#8406=CARTESIAN_POINT('',(-0.315498741319445,-0.0935514105902779,0.0015));
#8407=CARTESIAN_POINT('',(-0.318725,-0.0954199001736113,0.0015));
#8408=CARTESIAN_POINT('',(-0.318725,-0.0947134331597224,0.0015));
#8409=CARTESIAN_POINT('',(-0.318725,-0.0940069661458335,0.0015));
#8410=CARTESIAN_POINT('',(-0.317239995659722,-0.0932337673611113,0.0015));
#8411=CARTESIAN_POINT('',(-0.315754962629794,-0.0924605536385186,0.0015));
#8412=CARTESIAN_POINT('',(-0.31627871939956,-0.092463541207696,0.0015));
#8413=CARTESIAN_POINT('',(-0.31576044564305,-0.0923885101541648,0.0015));
#8414=CARTESIAN_POINT('',(-0.314793957207939,-0.0922892562099259,0.0015));
#8415=CARTESIAN_POINT('',(-0.315765579642521,-0.092271941685894,0.00149999975));
#8416=CARTESIAN_POINT('',(-0.315765668402778,-0.0918695475260418,0.0015));
#8417=CARTESIAN_POINT('',(-0.315765668402778,-0.0916491102430557,0.0015));
#8418=CARTESIAN_POINT('',(-0.315276302083334,-0.0916491102430557,0.0015));
#8419=CARTESIAN_POINT('',(-0.314786935763889,-0.0916491102430557,0.0015));
#8420=CARTESIAN_POINT('',(-0.314786935763889,-0.0920272569444446,0.0015));
#8421=CARTESIAN_POINT('',(-0.314787027566356,-0.0924054040654924,0.0015));
#8422=CARTESIAN_POINT('',(-0.313270301281906,-0.092398470617679,0.0015));
#8423=CARTESIAN_POINT('',(-0.314704213258363,-0.0928938886305953,0.00149999975));
#8424=CARTESIAN_POINT('',(-0.313566432914583,-0.0925015582086695,0.0015));
#8425=CARTESIAN_POINT('',(-0.314431922743055,-0.0933387586805557,0.0015));
#8426=CARTESIAN_POINT('',(-0.314431922743055,-0.0933387586805557,0.0015));
#8427=CARTESIAN_POINT('',(-0.314242404513889,-0.0935389539930557,0.0015));
#8428=CARTESIAN_POINT('',(-0.313903407118056,-0.093661740451389,0.0015));
#8429=CARTESIAN_POINT('',(-0.313903407118056,-0.093661740451389,0.0015));
#8430=CARTESIAN_POINT('',(-0.313903407118056,-0.093661740451389,0.0015));
#8431=CARTESIAN_POINT('',(-0.313564409722222,-0.0937845269097224,0.0015));
#8432=CARTESIAN_POINT('',(-0.313064366319445,-0.0937845269097224,0.0015));
#8433=CARTESIAN_POINT('',(-0.313064366319445,-0.0937845269097224,0.0015));
#8434=CARTESIAN_POINT('',(-0.313108952146123,-0.0915262404446886,0.0015));
#8435=CARTESIAN_POINT('',(-0.31260170817111,-0.0937284104471472,0.00149999975));
#8436=CARTESIAN_POINT('',(-0.312892541522808,-0.092432705060787,0.0015));
#8437=CARTESIAN_POINT('',(-0.312101649305556,-0.0935006944444446,0.0015));
#8438=CARTESIAN_POINT('',(-0.312101649305556,-0.0935006944444446,0.0015));
#8439=CARTESIAN_POINT('',(-0.311863194444444,-0.0933289713541668,0.0015));
#8440=CARTESIAN_POINT('',(-0.311701258680555,-0.0930175564236113,0.0015));
#8441=CARTESIAN_POINT('',(-0.311701258680555,-0.0930175564236113,0.0015));
#8442=CARTESIAN_POINT('',(-0.311701258680555,-0.0930175564236113,0.0015));
#8443=CARTESIAN_POINT('',(-0.311539322916667,-0.0927061414930557,0.0015));
#8444=CARTESIAN_POINT('',(-0.311539322916667,-0.0921936414930557,0.0015));
#8445=CARTESIAN_POINT('',(-0.311539322916667,-0.0921936414930557,0.0015));
#8446=CARTESIAN_POINT('',(-0.311539322916667,-0.0919213758680557,0.0015));
#8447=CARTESIAN_POINT('',(-0.311539322916667,-0.0916491102430557,0.0015));
#8448=CARTESIAN_POINT('',(-0.311033940972222,-0.0916491102430557,0.0015));
#8449=CARTESIAN_POINT('',(-0.310528559027778,-0.0916491102430557,0.0015));
#8450=CARTESIAN_POINT('',(-0.310528559027778,-0.0919329427083335,0.0015));
#8451=CARTESIAN_POINT('',(-0.310528467241599,-0.0922167753494675,0.0015));
#8452=CARTESIAN_POINT('',(-0.313849039312693,-0.0922104133559852,0.0015));
#8453=CARTESIAN_POINT('',(-0.310695125904385,-0.0932494894567088,0.0015));
#8454=CARTESIAN_POINT('',(-0.313357846236132,-0.0923960843214528,0.0015));
#8455=CARTESIAN_POINT('',(-0.31119493916532,-0.0941680513489767,0.00149999975));
#8456=CARTESIAN_POINT('',(-0.313212707334227,-0.0925129370373885,0.0015));
#8457=CARTESIAN_POINT('',(-0.312001106770833,-0.0948246527777779,0.0015));
#8458=CARTESIAN_POINT('',(-0.312001106770833,-0.0948246527777779,0.0015));
#8459=CARTESIAN_POINT('',(-0.312473567708334,-0.0950746744791668,0.0015));
#8460=CARTESIAN_POINT('',(-0.313064366319445,-0.0950746744791668,0.0015));
#8461=CARTESIAN_POINT('',(-0.313064366319445,-0.0950746744791668,0.0015));
#8462=CARTESIAN_POINT('',(-0.313064366319445,-0.0950746744791668,0.0015));
#8463=CARTESIAN_POINT('',(-0.313954123263889,-0.0950746744791668,0.0015));
#8464=CARTESIAN_POINT('',(-0.314576953125,-0.094662717013889,0.0015));
#8465=CARTESIAN_POINT('',(-0.314576953125,-0.094662717013889,0.0015));
#8466=CARTESIAN_POINT('',(-0.313227245020856,-0.0926068250671308,0.0015));
#8467=CARTESIAN_POINT('',(-0.314626779513889,-0.0898589192708335,0.0015));
#8468=CARTESIAN_POINT('',(-0.318725,-0.0898589192708335,0.0015));
#8469=CARTESIAN_POINT('',(-0.310528559027778,-0.0898589192708335,0.0015));
#8470=CARTESIAN_POINT('',(-0.310528559027778,-0.0905262369791668,0.0015));
#8471=CARTESIAN_POINT('',(-0.310528559027778,-0.0911935546875002,0.0015));
#8472=CARTESIAN_POINT('',(-0.314626779513889,-0.0911935546875002,0.0015));
#8473=CARTESIAN_POINT('',(-0.318725,-0.0911935546875002,0.0015));
#8474=CARTESIAN_POINT('',(-0.318725,-0.0905262369791668,0.0015));
#8475=CARTESIAN_POINT('',(-0.239375,-0.1347,0.));
#8476=CARTESIAN_POINT('',(-0.318725,-0.1347,0.));
#8477=CARTESIAN_POINT('',(-0.318725,-0.0954199001736113,0.));
#8478=CARTESIAN_POINT('',(-0.318725,-0.0940069661458335,0.));
#8479=CARTESIAN_POINT('',(-0.276340504719251,-0.0708728951847604,0.));
#8480=CARTESIAN_POINT('',(-0.315498741319445,-0.0935514105902779,0.));
#8481=CARTESIAN_POINT('',(-0.313227245020856,-0.0926068250671308,0.));
#8482=CARTESIAN_POINT('',(-0.314576953125,-0.094662717013889,0.));
#8483=CARTESIAN_POINT('',(-0.313064366319445,-0.0950746744791668,0.));
#8484=CARTESIAN_POINT('',(-0.313954123263889,-0.0950746744791668,0.));
#8485=CARTESIAN_POINT('',(-0.314576953125,-0.094662717013889,0.));
#8486=CARTESIAN_POINT('',(-0.313064366319445,-0.0950746744791668,0.));
#8487=CARTESIAN_POINT('',(-0.312001106770833,-0.0948246527777779,0.));
#8488=CARTESIAN_POINT('',(-0.312473567708334,-0.0950746744791668,0.));
#8489=CARTESIAN_POINT('',(-0.313064366319445,-0.0950746744791668,0.));
#8490=CARTESIAN_POINT('',(-0.312001106770833,-0.0948246527777779,0.));
#8491=CARTESIAN_POINT('',(-0.313212707334227,-0.0925129370373885,0.));
#8492=CARTESIAN_POINT('',(-0.311194939165271,-0.0941680513489258,0.));
#8493=CARTESIAN_POINT('',(-0.313357846236132,-0.0923960843214528,0.));
#8494=CARTESIAN_POINT('',(-0.310695125904385,-0.0932494894567088,0.));
#8495=CARTESIAN_POINT('',(-0.313849039312693,-0.0922104133559852,0.));
#8496=CARTESIAN_POINT('',(-0.310528467241599,-0.0922167753494675,0.));
#8497=CARTESIAN_POINT('',(-0.310528559027778,-0.1347,0.));
#8498=CARTESIAN_POINT('',(-0.310528559027778,-0.0916491102430557,0.));
#8499=CARTESIAN_POINT('',(-0.239375,-0.0916491102430557,0.));
#8500=CARTESIAN_POINT('',(-0.311539322916667,-0.0916491102430557,0.));
#8501=CARTESIAN_POINT('',(-0.311539322916667,-0.1347,0.));
#8502=CARTESIAN_POINT('',(-0.311539322916667,-0.0921936414930557,0.));
#8503=CARTESIAN_POINT('',(-0.311701258680555,-0.0930175564236113,0.));
#8504=CARTESIAN_POINT('',(-0.311539322916667,-0.0927061414930557,0.));
#8505=CARTESIAN_POINT('',(-0.311539322916667,-0.0921936414930557,0.));
#8506=CARTESIAN_POINT('',(-0.311701258680555,-0.0930175564236113,0.));
#8507=CARTESIAN_POINT('',(-0.312101649305556,-0.0935006944444446,0.));
#8508=CARTESIAN_POINT('',(-0.311863194444444,-0.0933289713541668,0.));
#8509=CARTESIAN_POINT('',(-0.311701258680555,-0.0930175564236113,0.));
#8510=CARTESIAN_POINT('',(-0.312101649305556,-0.0935006944444446,0.));
#8511=CARTESIAN_POINT('',(-0.312892541522808,-0.092432705060787,0.));
#8512=CARTESIAN_POINT('',(-0.31260170817111,-0.0937284104471472,0.));
#8513=CARTESIAN_POINT('',(-0.313108952146123,-0.0915262404446886,0.));
#8514=CARTESIAN_POINT('',(-0.313064366319445,-0.0937845269097224,0.));
#8515=CARTESIAN_POINT('',(-0.313903407118056,-0.093661740451389,0.));
#8516=CARTESIAN_POINT('',(-0.313564409722222,-0.0937845269097224,0.));
#8517=CARTESIAN_POINT('',(-0.313064366319445,-0.0937845269097224,0.));
#8518=CARTESIAN_POINT('',(-0.313903407118056,-0.093661740451389,0.));
#8519=CARTESIAN_POINT('',(-0.314431922743055,-0.0933387586805557,0.));
#8520=CARTESIAN_POINT('',(-0.314242404513889,-0.0935389539930557,0.));
#8521=CARTESIAN_POINT('',(-0.313903407118056,-0.093661740451389,0.));
#8522=CARTESIAN_POINT('',(-0.314431922743055,-0.0933387586805557,0.));
#8523=CARTESIAN_POINT('',(-0.313566432914583,-0.0925015582086695,0.));
#8524=CARTESIAN_POINT('',(-0.314704213244679,-0.0928938886702019,0.));
#8525=CARTESIAN_POINT('',(-0.313270301281906,-0.092398470617679,0.));
#8526=CARTESIAN_POINT('',(-0.314787027566356,-0.0924054040654924,0.));
#8527=CARTESIAN_POINT('',(-0.314786935763889,-0.1347,0.));
#8528=CARTESIAN_POINT('',(-0.314786935763889,-0.0916491102430557,0.));
#8529=CARTESIAN_POINT('',(-0.239375,-0.0916491102430557,0.));
#8530=CARTESIAN_POINT('',(-0.315765668402778,-0.0916491102430557,0.));
#8531=CARTESIAN_POINT('',(-0.315765668402778,-0.1347,0.));
#8532=CARTESIAN_POINT('',(-0.315765579642521,-0.092271941685894,0.));
#8533=CARTESIAN_POINT('',(-0.314793957207939,-0.0922892562099259,0.));
#8534=CARTESIAN_POINT('',(-0.315760445926391,-0.0923885085352963,0.));
#8535=CARTESIAN_POINT('',(-0.31627871939956,-0.092463541207696,0.));
#8536=CARTESIAN_POINT('',(-0.315754962629794,-0.0924605536385186,0.));
#8537=CARTESIAN_POINT('',(-0.272967474818346,-0.070182346982947,0.));
#8538=CARTESIAN_POINT('',(-0.239375,-0.103482877604167,0.));
#8539=CARTESIAN_POINT('',(-0.310528559027778,-0.103482877604167,0.));
#8540=CARTESIAN_POINT('',(-0.314587630208334,-0.103482877604167,0.));
#8541=CARTESIAN_POINT('',(-0.310528559027778,-0.1347,0.));
#8542=CARTESIAN_POINT('',(-0.310528559027778,-0.102137565104167,0.));
#8543=CARTESIAN_POINT('',(-0.239375,-0.102137565104167,0.));
#8544=CARTESIAN_POINT('',(-0.314454166666666,-0.102137565104167,0.));
#8545=CARTESIAN_POINT('',(-0.315916037326389,-0.1020201171875,0.));
#8546=CARTESIAN_POINT('',(-0.315320789930556,-0.102137565104167,0.));
#8547=CARTESIAN_POINT('',(-0.314454166666666,-0.102137565104167,0.));
#8548=CARTESIAN_POINT('',(-0.315916037326389,-0.1020201171875,0.));
#8549=CARTESIAN_POINT('',(-0.316889431423611,-0.101691796875,0.));
#8550=CARTESIAN_POINT('',(-0.316511284722223,-0.101902669270833,0.));
#8551=CARTESIAN_POINT('',(-0.315916037326389,-0.1020201171875,0.));
#8552=CARTESIAN_POINT('',(-0.316889431423611,-0.101691796875,0.));
#8553=CARTESIAN_POINT('',(-0.317450868055556,-0.101186414930556,0.));
#8554=CARTESIAN_POINT('',(-0.317267578125,-0.101480924479167,0.));
#8555=CARTESIAN_POINT('',(-0.316889431423611,-0.101691796875,0.));
#8556=CARTESIAN_POINT('',(-0.317450868055556,-0.101186414930556,0.));
#8557=CARTESIAN_POINT('',(-0.316087028802931,-0.100349414764678,0.));
#8558=CARTESIAN_POINT('',(-0.317678113304851,-0.100523546006945,0.));
#8559=CARTESIAN_POINT('',(-0.239375,-0.100523546006945,0.));
#8560=CARTESIAN_POINT('',(-0.318780164930555,-0.100523546006945,0.));
#8561=CARTESIAN_POINT('',(-0.318451844618055,-0.1017478515625,0.));
#8562=CARTESIAN_POINT('',(-0.318735677083334,-0.1012033203125,0.));
#8563=CARTESIAN_POINT('',(-0.318780164930555,-0.100523546006945,0.));
#8564=CARTESIAN_POINT('',(-0.318451844618055,-0.1017478515625,0.));
#8565=CARTESIAN_POINT('',(-0.316101222674882,-0.10050682469219,0.));
#8566=CARTESIAN_POINT('',(-0.317640386284722,-0.102675868055556,0.));
#8567=CARTESIAN_POINT('',(-0.316344900173611,-0.103271115451389,0.));
#8568=CARTESIAN_POINT('',(-0.317112760416666,-0.103059353298611,0.));
#8569=CARTESIAN_POINT('',(-0.317640386284722,-0.102675868055556,0.));
#8570=CARTESIAN_POINT('',(-0.316344900173611,-0.103271115451389,0.));
#8571=CARTESIAN_POINT('',(-0.314587630208334,-0.103482877604167,0.));
#8572=CARTESIAN_POINT('',(-0.315577039930556,-0.103482877604167,0.));
#8573=CARTESIAN_POINT('',(-0.316344900173611,-0.103271115451389,0.));
#8574=CARTESIAN_POINT('',(-0.239375,-0.117073025173611,0.));
#8575=CARTESIAN_POINT('',(-0.310528559027778,-0.117073025173611,0.));
#8576=CARTESIAN_POINT('',(-0.311539322916667,-0.117073025173611,0.));
#8577=CARTESIAN_POINT('',(-0.310528559027778,-0.1347,0.));
#8578=CARTESIAN_POINT('',(-0.310528559027778,-0.1137595703125,0.));
#8579=CARTESIAN_POINT('',(-0.239375,-0.1137595703125,0.));
#8580=CARTESIAN_POINT('',(-0.311539322916667,-0.1137595703125,0.));
#8581=CARTESIAN_POINT('',(-0.311539322916667,-0.1347,0.));
#8582=CARTESIAN_POINT('',(-0.315032508680555,-0.1347,0.));
#8583=CARTESIAN_POINT('',(-0.315032508680555,-0.116727799479167,0.));
#8584=CARTESIAN_POINT('',(-0.315032508680555,-0.1137595703125,0.));
#8585=CARTESIAN_POINT('',(-0.239375,-0.116727799479167,0.));
#8586=CARTESIAN_POINT('',(-0.314119618055555,-0.116727799479167,0.));
#8587=CARTESIAN_POINT('',(-0.314119618055555,-0.1347,0.));
#8588=CARTESIAN_POINT('',(-0.314119618055555,-0.1137595703125,0.));
#8589=CARTESIAN_POINT('',(-0.239375,-0.1137595703125,0.));
#8590=CARTESIAN_POINT('',(-0.310528559027778,-0.1347,0.));
#8591=CARTESIAN_POINT('',(-0.310528559027778,-0.147506271701389,0.));
#8592=CARTESIAN_POINT('',(-0.310528559027778,-0.148862261284722,0.));
#8593=CARTESIAN_POINT('',(-0.239375,-0.147506271701389,0.));
#8594=CARTESIAN_POINT('',(-0.318725,-0.147506271701389,0.));
#8595=CARTESIAN_POINT('',(-0.318725,-0.1347,0.));
#8596=CARTESIAN_POINT('',(-0.318725,-0.148862261284722,0.));
#8597=CARTESIAN_POINT('',(-0.239375,-0.148862261284722,0.));
#8598=CARTESIAN_POINT('',(-0.239375,-0.145892252604167,0.));
#8599=CARTESIAN_POINT('',(-0.310528559027778,-0.145892252604167,0.));
#8600=CARTESIAN_POINT('',(-0.311439670138889,-0.145892252604167,0.));
#8601=CARTESIAN_POINT('',(-0.310528559027778,-0.1347,0.));
#8602=CARTESIAN_POINT('',(-0.310528559027778,-0.139653276909722,0.));
#8603=CARTESIAN_POINT('',(-0.239375,-0.139653276909722,0.));
#8604=CARTESIAN_POINT('',(-0.311439670138889,-0.139653276909722,0.));
#8605=CARTESIAN_POINT('',(-0.311439670138889,-0.1347,0.));
#8606=CARTESIAN_POINT('',(-0.311439670138889,-0.142100108506944,0.));
#8607=CARTESIAN_POINT('',(-0.239375,-0.142100108506944,0.));
#8608=CARTESIAN_POINT('',(-0.318725,-0.142100108506944,0.));
#8609=CARTESIAN_POINT('',(-0.318725,-0.1347,0.));
#8610=CARTESIAN_POINT('',(-0.318725,-0.143445421006944,0.));
#8611=CARTESIAN_POINT('',(-0.239375,-0.143445421006944,0.));
#8612=CARTESIAN_POINT('',(-0.311439670138889,-0.143445421006944,0.));
#8613=CARTESIAN_POINT('',(-0.311439670138889,-0.1347,0.));
#8614=CARTESIAN_POINT('',(-0.315032508680555,-0.1347,0.));
#8615=CARTESIAN_POINT('',(-0.315032508680555,-0.135302365451389,0.));
#8616=CARTESIAN_POINT('',(-0.315032508680555,-0.132334136284722,0.));
#8617=CARTESIAN_POINT('',(-0.239375,-0.135302365451389,0.));
#8618=CARTESIAN_POINT('',(-0.314119618055555,-0.135302365451389,0.));
#8619=CARTESIAN_POINT('',(-0.314119618055555,-0.1347,0.));
#8620=CARTESIAN_POINT('',(-0.314119618055555,-0.132334136284722,0.));
#8621=CARTESIAN_POINT('',(-0.239375,-0.132334136284722,0.));
#8622=CARTESIAN_POINT('',(-0.313574226067379,-0.125279827939479,0.));
#8623=CARTESIAN_POINT('',(-0.310406360829957,-0.125415386284722,0.));
#8624=CARTESIAN_POINT('',(-0.310728584988689,-0.12667803490003,0.));
#8625=CARTESIAN_POINT('',(-0.239375,-0.125415386284722,0.));
#8626=CARTESIAN_POINT('',(-0.311507015841834,-0.125415386284722,0.));
#8627=CARTESIAN_POINT('',(-0.313161113927353,-0.125264717898045,0.));
#8628=CARTESIAN_POINT('',(-0.3117341796875,-0.126115625,0.));
#8629=CARTESIAN_POINT('',(-0.312301844618055,-0.1267001953125,0.));
#8630=CARTESIAN_POINT('',(-0.311929036458333,-0.126449283854167,0.));
#8631=CARTESIAN_POINT('',(-0.3117341796875,-0.126115625,0.));
#8632=CARTESIAN_POINT('',(-0.312301844618055,-0.1267001953125,0.));
#8633=CARTESIAN_POINT('',(-0.313236089409722,-0.127095247395833,0.));
#8634=CARTESIAN_POINT('',(-0.312674652777778,-0.126951106770833,0.));
#8635=CARTESIAN_POINT('',(-0.312301844618055,-0.1267001953125,0.));
#8636=CARTESIAN_POINT('',(-0.313236089409722,-0.127095247395833,0.));
#8637=CARTESIAN_POINT('',(-0.314587630208334,-0.127250065104167,0.));
#8638=CARTESIAN_POINT('',(-0.313797526041666,-0.127239388020833,0.));
#8639=CARTESIAN_POINT('',(-0.313236089409722,-0.127095247395833,0.));
#8640=CARTESIAN_POINT('',(-0.314587630208334,-0.127250065104167,0.));
#8641=CARTESIAN_POINT('',(-0.315939171006945,-0.127095247395833,0.));
#8642=CARTESIAN_POINT('',(-0.315377734375,-0.127239388020833,0.));
#8643=CARTESIAN_POINT('',(-0.314587630208334,-0.127250065104167,0.));
#8644=CARTESIAN_POINT('',(-0.315939171006945,-0.127095247395833,0.));
#8645=CARTESIAN_POINT('',(-0.316873415798611,-0.126706423611111,0.));
#8646=CARTESIAN_POINT('',(-0.316500607638889,-0.126951106770833,0.));
#8647=CARTESIAN_POINT('',(-0.315939171006945,-0.127095247395833,0.));
#8648=CARTESIAN_POINT('',(-0.316873415798611,-0.126706423611111,0.));
#8649=CARTESIAN_POINT('',(-0.317440190972222,-0.126128081597222,0.));
#8650=CARTESIAN_POINT('',(-0.317246223958334,-0.126461740451389,0.));
#8651=CARTESIAN_POINT('',(-0.316873415798611,-0.126706423611111,0.));
#8652=CARTESIAN_POINT('',(-0.317440190972222,-0.126128081597222,0.));
#8653=CARTESIAN_POINT('',(-0.315864125417982,-0.125204126870727,0.));
#8654=CARTESIAN_POINT('',(-0.317678645833333,-0.125415386284722,0.));
#8655=CARTESIAN_POINT('',(-0.239375,-0.125415386284722,0.));
#8656=CARTESIAN_POINT('',(-0.318779263772715,-0.125415386284722,0.));
#8657=CARTESIAN_POINT('',(-0.315447213398982,-0.125234062135638,0.));
#8658=CARTESIAN_POINT('',(-0.318452167575847,-0.126684336157696,0.));
#8659=CARTESIAN_POINT('',(-0.315788080292518,-0.125362616142497,0.));
#8660=CARTESIAN_POINT('',(-0.317640386284722,-0.127690494791667,0.));
#8661=CARTESIAN_POINT('',(-0.316344900173611,-0.128363151041667,0.));
#8662=CARTESIAN_POINT('',(-0.317112760416666,-0.128118467881944,0.));
#8663=CARTESIAN_POINT('',(-0.317640386284722,-0.127690494791667,0.));
#8664=CARTESIAN_POINT('',(-0.316344900173611,-0.128363151041667,0.));
#8665=CARTESIAN_POINT('',(-0.314587630208334,-0.128607834201389,0.));
#8666=CARTESIAN_POINT('',(-0.315577039930556,-0.128607834201389,0.));
#8667=CARTESIAN_POINT('',(-0.316344900173611,-0.128363151041667,0.));
#8668=CARTESIAN_POINT('',(-0.314587630208334,-0.128607834201389,0.));
#8669=CARTESIAN_POINT('',(-0.312835698784723,-0.128363151041667,0.));
#8670=CARTESIAN_POINT('',(-0.313598220486111,-0.128607834201389,0.));
#8671=CARTESIAN_POINT('',(-0.314587630208334,-0.128607834201389,0.));
#8672=CARTESIAN_POINT('',(-0.312835698784723,-0.128363151041667,0.));
#8673=CARTESIAN_POINT('',(-0.311545551215278,-0.127690494791667,0.));
#8674=CARTESIAN_POINT('',(-0.312073177083333,-0.128118467881944,0.));
#8675=CARTESIAN_POINT('',(-0.312835698784723,-0.128363151041667,0.));
#8676=CARTESIAN_POINT('',(-0.311545551215278,-0.127690494791667,0.));
#8677=CARTESIAN_POINT('',(-0.313426353547243,-0.125334542871619,0.));
#8678=CARTESIAN_POINT('',(-0.338498774148747,-0.166443054595365,0.));
#8679=CARTESIAN_POINT('',(-0.314030642361111,-0.177624544270834,0.));
#8680=CARTESIAN_POINT('',(-0.314387513136945,-0.178374570927211,0.));
#8681=CARTESIAN_POINT('',(-0.239375,-0.177624544270834,0.));
#8682=CARTESIAN_POINT('',(-0.315333246527777,-0.177624544270834,0.));
#8683=CARTESIAN_POINT('',(-0.315811046006944,-0.178280295138889,0.));
#8684=CARTESIAN_POINT('',(-0.315555685763889,-0.178024934895834,0.));
#8685=CARTESIAN_POINT('',(-0.315333246527778,-0.177624544270834,0.));
#8686=CARTESIAN_POINT('',(-0.315811046006944,-0.178280295138889,0.));
#8687=CARTESIAN_POINT('',(-0.316456119791666,-0.178535655381945,0.));
#8688=CARTESIAN_POINT('',(-0.31606640625,-0.178535655381945,0.));
#8689=CARTESIAN_POINT('',(-0.315811046006944,-0.178280295138889,0.));
#8690=CARTESIAN_POINT('',(-0.316456119791666,-0.178535655381945,0.));
#8691=CARTESIAN_POINT('',(-0.31766796875,-0.177624544270834,0.));
#8692=CARTESIAN_POINT('',(-0.317445529513889,-0.178535655381945,0.));
#8693=CARTESIAN_POINT('',(-0.316456119791666,-0.178535655381945,0.));
#8694=CARTESIAN_POINT('',(-0.31766796875,-0.177624544270834,0.));
#8695=CARTESIAN_POINT('',(-0.239375,-0.177624544270834,0.));
#8696=CARTESIAN_POINT('',(-0.318734683548522,-0.177624544270834,0.));
#8697=CARTESIAN_POINT('',(-0.316088636378333,-0.177321457277683,0.));
#8698=CARTESIAN_POINT('',(-0.31845817700172,-0.178535708113105,0.));
#8699=CARTESIAN_POINT('',(-0.316333623359327,-0.177442803550135,0.));
#8700=CARTESIAN_POINT('',(-0.317940409467703,-0.179209391746887,0.));
#8701=CARTESIAN_POINT('',(-0.316420171342905,-0.177514070417004,0.));
#8702=CARTESIAN_POINT('',(-0.317255984006309,-0.179631767679166,0.));
#8703=CARTESIAN_POINT('',(-0.316477575213697,-0.177682512297863,0.));
#8704=CARTESIAN_POINT('',(-0.316477473958334,-0.179781315104167,0.));
#8705=CARTESIAN_POINT('',(-0.315510308159722,-0.179581119791667,0.));
#8706=CARTESIAN_POINT('',(-0.315899131944445,-0.179781315104167,0.));
#8707=CARTESIAN_POINT('',(-0.316477473958334,-0.179781315104167,0.));
#8708=CARTESIAN_POINT('',(-0.315510308159722,-0.179581119791667,0.));
#8709=CARTESIAN_POINT('',(-0.316507834532938,-0.177605876237505,0.));
#8710=CARTESIAN_POINT('',(-0.314849094259332,-0.17906961948906,0.));
#8711=CARTESIAN_POINT('',(-0.317271423243326,-0.176960438271251,0.));
#8712=CARTESIAN_POINT('',(-0.311195290827101,-0.179177367709927,0.));
#8713=CARTESIAN_POINT('',(-0.311795572916667,-0.178914691840278,0.));
#8714=CARTESIAN_POINT('',(-0.311717872330963,-0.178781432562773,0.));
#8715=CARTESIAN_POINT('',(-0.311081200613054,-0.177832306196393,0.));
#8716=CARTESIAN_POINT('',(-0.311684298892021,-0.178981314714479,0.));
#8717=CARTESIAN_POINT('',(-0.30703851524653,-0.170569517506962,0.));
#8718=CARTESIAN_POINT('',(-0.311434330023908,-0.179114883934738,6.93889390390723E-18));
#8719=CARTESIAN_POINT('',(-0.311276938276681,-0.179196253083882,1.38777878078145E-17));
#8720=CARTESIAN_POINT('',(-0.311112239614016,-0.179281271852818,1.05259990761169E-17));
#8721=CARTESIAN_POINT('',(-0.306703359956147,-0.170768661876504,0.));
#8722=CARTESIAN_POINT('',(-0.310795486111111,-0.179437868923611,0.));
#8723=CARTESIAN_POINT('',(-0.310500086805556,-0.178620182291667,0.));
#8724=CARTESIAN_POINT('',(-0.310594401041667,-0.179126453993056,0.));
#8725=CARTESIAN_POINT('',(-0.310795486111111,-0.179437868923611,0.));
#8726=CARTESIAN_POINT('',(-0.310500086805556,-0.178620182291667,0.));
#8727=CARTESIAN_POINT('',(-0.316559924106253,-0.177475629107692,0.));
#8728=CARTESIAN_POINT('',(-0.310394923083562,-0.177624544270834,0.));
#8729=CARTESIAN_POINT('',(-0.239375,-0.177624544270834,0.));
#8730=CARTESIAN_POINT('',(-0.31151796875,-0.177624544270834,0.));
#8731=CARTESIAN_POINT('',(-0.311528645833334,-0.178192209201389,0.));
#8732=CARTESIAN_POINT('',(-0.311494835069445,-0.177969769965278,0.));
#8733=CARTESIAN_POINT('',(-0.31151796875,-0.177624544270834,0.));
#8734=CARTESIAN_POINT('',(-0.311528645833334,-0.178192209201389,0.));
#8735=CARTESIAN_POINT('',(-0.313668364352486,-0.177903207622677,0.));
#8736=CARTESIAN_POINT('',(-0.311612295688826,-0.17855878687847,0.));
#8737=CARTESIAN_POINT('',(-0.312478804208283,-0.178288107566591,0.));
#8738=CARTESIAN_POINT('',(-0.315113464066143,-0.176407750207689,0.));
#8739=CARTESIAN_POINT('',(-0.317223702996529,-0.175255860952241,0.));
#8740=CARTESIAN_POINT('',(-0.317395462337767,-0.175650251199755,0.));
#8741=CARTESIAN_POINT('',(-0.253180775846281,-0.190968995494683,0.));
#8742=CARTESIAN_POINT('',(-0.318180918454132,-0.175021005115059,0.));
#8743=CARTESIAN_POINT('',(-0.316789236527734,-0.17620460416138,0.));
#8744=CARTESIAN_POINT('',(-0.318463254684438,-0.175472289339403,0.));
#8745=CARTESIAN_POINT('',(-0.315771650481133,-0.176678638459762,0.));
#8746=CARTESIAN_POINT('',(-0.318647544499327,-0.176022102683436,0.));
#8747=CARTESIAN_POINT('',(-0.314293687476605,-0.177033990729777,0.));
#8748=CARTESIAN_POINT('',(-0.318741899578867,-0.176595096078167,0.));
#8749=CARTESIAN_POINT('',(-0.313071104021991,-0.177156714336087,0.));
#8750=CARTESIAN_POINT('',(-0.318769525480603,-0.177145854963005,0.));
#8751=CARTESIAN_POINT('',(-0.318769487847222,-0.1347,0.));
#8752=CARTESIAN_POINT('',(-0.318769487847222,-0.177168988715278,0.));
#8753=CARTESIAN_POINT('',(-0.239375,-0.177168988715278,0.));
#8754=CARTESIAN_POINT('',(-0.317712456597222,-0.177168988715278,0.));
#8755=CARTESIAN_POINT('',(-0.317712456597222,-0.1347,0.));
#8756=CARTESIAN_POINT('',(-0.317712596164769,-0.177135176791423,0.));
#8757=CARTESIAN_POINT('',(-0.314897788990995,-0.177158571053513,0.));
#8758=CARTESIAN_POINT('',(-0.317667847891166,-0.176656511163239,0.));
#8759=CARTESIAN_POINT('',(-0.3126585635822,-0.177529136522961,0.));
#8760=CARTESIAN_POINT('',(-0.317551395948614,-0.176144882606754,0.));
#8761=CARTESIAN_POINT('',(-0.309376525061179,-0.178445003211595,0.));
#8762=CARTESIAN_POINT('',(-0.318725,-0.1347,0.));
#8763=CARTESIAN_POINT('',(-0.318725,-0.164778233506945,0.));
#8764=CARTESIAN_POINT('',(-0.318725,-0.163365299479167,0.));
#8765=CARTESIAN_POINT('',(-0.246260786363796,-0.122810542211846,0.));
#8766=CARTESIAN_POINT('',(-0.315498741319445,-0.162909743923611,0.));
#8767=CARTESIAN_POINT('',(-0.313227245020858,-0.161965158400467,0.));
#8768=CARTESIAN_POINT('',(-0.314576953125,-0.164021050347223,0.));
#8769=CARTESIAN_POINT('',(-0.313064366319445,-0.1644330078125,0.));
#8770=CARTESIAN_POINT('',(-0.313954123263889,-0.1644330078125,0.));
#8771=CARTESIAN_POINT('',(-0.314576953125,-0.164021050347223,0.));
#8772=CARTESIAN_POINT('',(-0.313064366319445,-0.1644330078125,0.));
#8773=CARTESIAN_POINT('',(-0.312001106770833,-0.164182986111111,0.));
#8774=CARTESIAN_POINT('',(-0.312473567708334,-0.1644330078125,0.));
#8775=CARTESIAN_POINT('',(-0.313064366319445,-0.1644330078125,0.));
#8776=CARTESIAN_POINT('',(-0.312001106770833,-0.164182986111111,0.));
#8777=CARTESIAN_POINT('',(-0.313212707334229,-0.161871270370719,0.));
#8778=CARTESIAN_POINT('',(-0.311194939165271,-0.163526384682259,0.));
#8779=CARTESIAN_POINT('',(-0.31335784623613,-0.161754417654786,0.));
#8780=CARTESIAN_POINT('',(-0.310695125904385,-0.162607822790041,0.));
#8781=CARTESIAN_POINT('',(-0.313849039312692,-0.161568746689319,0.));
#8782=CARTESIAN_POINT('',(-0.310528467241599,-0.161575108682801,0.));
#8783=CARTESIAN_POINT('',(-0.310528559027778,-0.1347,0.));
#8784=CARTESIAN_POINT('',(-0.310528559027778,-0.161007443576389,0.));
#8785=CARTESIAN_POINT('',(-0.239375,-0.161007443576389,0.));
#8786=CARTESIAN_POINT('',(-0.311539322916667,-0.161007443576389,0.));
#8787=CARTESIAN_POINT('',(-0.311539322916667,-0.1347,0.));
#8788=CARTESIAN_POINT('',(-0.311539322916667,-0.161551974826389,0.));
#8789=CARTESIAN_POINT('',(-0.311701258680555,-0.162375889756945,0.));
#8790=CARTESIAN_POINT('',(-0.311539322916667,-0.162064474826389,0.));
#8791=CARTESIAN_POINT('',(-0.311539322916667,-0.161551974826389,0.));
#8792=CARTESIAN_POINT('',(-0.311701258680555,-0.162375889756945,0.));
#8793=CARTESIAN_POINT('',(-0.312101649305556,-0.162859027777778,0.));
#8794=CARTESIAN_POINT('',(-0.311863194444444,-0.1626873046875,0.));
#8795=CARTESIAN_POINT('',(-0.311701258680555,-0.162375889756945,0.));
#8796=CARTESIAN_POINT('',(-0.312101649305556,-0.162859027777778,0.));
#8797=CARTESIAN_POINT('',(-0.312892541522808,-0.161791038394118,0.));
#8798=CARTESIAN_POINT('',(-0.31260170817111,-0.16308674378048,0.));
#8799=CARTESIAN_POINT('',(-0.313108952146124,-0.160884573778013,0.));
#8800=CARTESIAN_POINT('',(-0.313064366319445,-0.163142860243055,0.));
#8801=CARTESIAN_POINT('',(-0.313903407118056,-0.163020073784722,0.));
#8802=CARTESIAN_POINT('',(-0.313564409722222,-0.163142860243055,0.));
#8803=CARTESIAN_POINT('',(-0.313064366319445,-0.163142860243055,0.));
#8804=CARTESIAN_POINT('',(-0.313903407118056,-0.163020073784722,0.));
#8805=CARTESIAN_POINT('',(-0.314431922743055,-0.162697092013889,0.));
#8806=CARTESIAN_POINT('',(-0.314242404513889,-0.162897287326389,0.));
#8807=CARTESIAN_POINT('',(-0.313903407118056,-0.163020073784722,0.));
#8808=CARTESIAN_POINT('',(-0.314431922743055,-0.162697092013889,0.));
#8809=CARTESIAN_POINT('',(-0.313566432914586,-0.161859891542005,0.));
#8810=CARTESIAN_POINT('',(-0.314704213244679,-0.162252222003535,0.));
#8811=CARTESIAN_POINT('',(-0.313270301281906,-0.161756803951012,0.));
#8812=CARTESIAN_POINT('',(-0.314787027566356,-0.161763737398825,0.));
#8813=CARTESIAN_POINT('',(-0.314786935763889,-0.1347,0.));
#8814=CARTESIAN_POINT('',(-0.314786935763889,-0.161007443576389,0.));
#8815=CARTESIAN_POINT('',(-0.239375,-0.161007443576389,0.));
#8816=CARTESIAN_POINT('',(-0.315765668402778,-0.161007443576389,0.));
#8817=CARTESIAN_POINT('',(-0.315765668402778,-0.1347,0.));
#8818=CARTESIAN_POINT('',(-0.315765579642521,-0.161630275019227,0.));
#8819=CARTESIAN_POINT('',(-0.31479395720793,-0.161647589543259,0.));
#8820=CARTESIAN_POINT('',(-0.315760445926391,-0.16174684186863,0.));
#8821=CARTESIAN_POINT('',(-0.31627871939956,-0.161821874541029,0.));
#8822=CARTESIAN_POINT('',(-0.315754962629726,-0.161818886971893,0.));
#8823=CARTESIAN_POINT('',(-0.244556709530456,-0.124748017023784,0.));
#8824=CARTESIAN_POINT('',(-0.318725,-0.1347,0.));
#8825=CARTESIAN_POINT('',(-0.318725,-0.157192165798611,0.));
#8826=CARTESIAN_POINT('',(-0.318725,-0.155836176215278,0.));
#8827=CARTESIAN_POINT('',(-0.239375,-0.157192165798611,0.));
#8828=CARTESIAN_POINT('',(-0.310528559027778,-0.157192165798611,0.));
#8829=CARTESIAN_POINT('',(-0.310528559027778,-0.1347,0.));
#8830=CARTESIAN_POINT('',(-0.310528559027778,-0.155836176215278,0.));
#8831=CARTESIAN_POINT('',(-0.239375,-0.155836176215278,0.));
#8832=CARTESIAN_POINT('',(-0.325,-0.1347,0.));
#8833=CARTESIAN_POINT('',(-0.325,-0.0871,0.));
#8834=CARTESIAN_POINT('',(-0.325,-0.1823,0.));
#8835=CARTESIAN_POINT('',(-0.314625,-0.0871,0.));
#8836=CARTESIAN_POINT('',(-0.15375,-0.0871,0.));
#8837=CARTESIAN_POINT('',(-0.15375,-0.1347,0.));
#8838=CARTESIAN_POINT('',(-0.15375,-0.1823,0.));
#8839=CARTESIAN_POINT('',(-0.314625,-0.1823,0.));
#8840=CARTESIAN_POINT('',(-0.20425,-0.1347,0.));
#8841=CARTESIAN_POINT('',(-0.20425,-0.12,0.));
#8842=CARTESIAN_POINT('',(-0.20425,-0.1494,0.));
#8843=CARTESIAN_POINT('',(-0.18,-0.1494,0.));
#8844=CARTESIAN_POINT('',(-0.15575,-0.1494,0.));
#8845=CARTESIAN_POINT('',(-0.15575,-0.1347,0.));
#8846=CARTESIAN_POINT('',(-0.15575,-0.12,0.));
#8847=CARTESIAN_POINT('',(-0.18,-0.12,0.));
#8848=CARTESIAN_POINT('',(-0.23,-0.1803,0.));
#8849=CARTESIAN_POINT('',(-0.25425,-0.1803,0.));
#8850=CARTESIAN_POINT('',(-0.20575,-0.1803,0.));
#8851=CARTESIAN_POINT('',(-0.20575,-0.1656,0.));
#8852=CARTESIAN_POINT('',(-0.20575,-0.1509,0.));
#8853=CARTESIAN_POINT('',(-0.23,-0.1509,0.));
#8854=CARTESIAN_POINT('',(-0.25425,-0.1509,0.));
#8855=CARTESIAN_POINT('',(-0.25425,-0.1656,0.));
#8856=CARTESIAN_POINT('',(-0.30425,-0.1347,0.));
#8857=CARTESIAN_POINT('',(-0.30425,-0.12,0.));
#8858=CARTESIAN_POINT('',(-0.30425,-0.1494,0.));
#8859=CARTESIAN_POINT('',(-0.28,-0.1494,0.));
#8860=CARTESIAN_POINT('',(-0.25575,-0.1494,0.));
#8861=CARTESIAN_POINT('',(-0.25575,-0.1347,0.));
#8862=CARTESIAN_POINT('',(-0.25575,-0.12,0.));
#8863=CARTESIAN_POINT('',(-0.28,-0.12,0.));
#8864=CARTESIAN_POINT('',(-0.25425,-0.1038,0.));
#8865=CARTESIAN_POINT('',(-0.25425,-0.0891,0.));
#8866=CARTESIAN_POINT('',(-0.25425,-0.1185,0.));
#8867=CARTESIAN_POINT('',(-0.23,-0.1185,0.));
#8868=CARTESIAN_POINT('',(-0.20575,-0.1185,0.));
#8869=CARTESIAN_POINT('',(-0.20575,-0.1038,0.));
#8870=CARTESIAN_POINT('',(-0.20575,-0.0891,0.));
#8871=CARTESIAN_POINT('',(-0.23,-0.0891,0.));
#8872=CARTESIAN_POINT('',(-0.25425,-0.1347,0.));
#8873=CARTESIAN_POINT('',(-0.25425,-0.12,0.));
#8874=CARTESIAN_POINT('',(-0.25425,-0.1494,0.));
#8875=CARTESIAN_POINT('',(-0.23,-0.1494,0.));
#8876=CARTESIAN_POINT('',(-0.20575,-0.1494,0.));
#8877=CARTESIAN_POINT('',(-0.20575,-0.1347,0.));
#8878=CARTESIAN_POINT('',(-0.20575,-0.12,0.));
#8879=CARTESIAN_POINT('',(-0.23,-0.12,0.));
#8880=CARTESIAN_POINT('',(-0.20425,-0.1038,0.));
#8881=CARTESIAN_POINT('',(-0.20425,-0.0891,0.));
#8882=CARTESIAN_POINT('',(-0.20425,-0.1185,0.));
#8883=CARTESIAN_POINT('',(-0.18,-0.1185,0.));
#8884=CARTESIAN_POINT('',(-0.15575,-0.1185,0.));
#8885=CARTESIAN_POINT('',(-0.15575,-0.1038,0.));
#8886=CARTESIAN_POINT('',(-0.15575,-0.0891,0.));
#8887=CARTESIAN_POINT('',(-0.18,-0.0891,0.));
#8888=CARTESIAN_POINT('',(-0.15575,-0.1656,0.));
#8889=CARTESIAN_POINT('',(-0.15575,-0.1509,0.));
#8890=CARTESIAN_POINT('',(-0.15575,-0.1803,0.));
#8891=CARTESIAN_POINT('',(-0.18,-0.1509,0.));
#8892=CARTESIAN_POINT('',(-0.20425,-0.1509,0.));
#8893=CARTESIAN_POINT('',(-0.20425,-0.1656,0.));
#8894=CARTESIAN_POINT('',(-0.20425,-0.1803,0.));
#8895=CARTESIAN_POINT('',(-0.18,-0.1803,0.));
#8896=CARTESIAN_POINT('',(-0.30425,-0.1656,0.));
#8897=CARTESIAN_POINT('',(-0.30425,-0.1509,0.));
#8898=CARTESIAN_POINT('',(-0.30425,-0.1803,0.));
#8899=CARTESIAN_POINT('',(-0.28,-0.1803,0.));
#8900=CARTESIAN_POINT('',(-0.25575,-0.1803,0.));
#8901=CARTESIAN_POINT('',(-0.25575,-0.1656,0.));
#8902=CARTESIAN_POINT('',(-0.25575,-0.1509,0.));
#8903=CARTESIAN_POINT('',(-0.28,-0.1509,0.));
#8904=CARTESIAN_POINT('',(-0.30425,-0.1038,0.));
#8905=CARTESIAN_POINT('',(-0.30425,-0.0891,0.));
#8906=CARTESIAN_POINT('',(-0.30425,-0.1185,0.));
#8907=CARTESIAN_POINT('',(-0.28,-0.1185,0.));
#8908=CARTESIAN_POINT('',(-0.25575,-0.1185,0.));
#8909=CARTESIAN_POINT('',(-0.25575,-0.1038,0.));
#8910=CARTESIAN_POINT('',(-0.25575,-0.0891,0.));
#8911=CARTESIAN_POINT('',(-0.28,-0.0891,0.));
#8912=CARTESIAN_POINT('',(-0.310528559027778,-0.1347,0.));
#8913=CARTESIAN_POINT('',(-0.310528559027778,-0.159217252604166,0.));
#8914=CARTESIAN_POINT('',(-0.310528559027778,-0.160551888020834,0.));
#8915=CARTESIAN_POINT('',(-0.239375,-0.159217252604166,0.));
#8916=CARTESIAN_POINT('',(-0.318725,-0.159217252604166,0.));
#8917=CARTESIAN_POINT('',(-0.318725,-0.1347,0.));
#8918=CARTESIAN_POINT('',(-0.318725,-0.160551888020834,0.));
#8919=CARTESIAN_POINT('',(-0.239375,-0.160551888020834,0.));
#8920=CARTESIAN_POINT('',(-0.310528559027778,-0.1347,0.));
#8921=CARTESIAN_POINT('',(-0.310528559027778,-0.166623589409722,0.));
#8922=CARTESIAN_POINT('',(-0.310528559027778,-0.167958224826389,0.));
#8923=CARTESIAN_POINT('',(-0.239375,-0.166623589409722,0.));
#8924=CARTESIAN_POINT('',(-0.318725,-0.166623589409722,0.));
#8925=CARTESIAN_POINT('',(-0.318725,-0.1347,0.));
#8926=CARTESIAN_POINT('',(-0.318725,-0.167958224826389,0.));
#8927=CARTESIAN_POINT('',(-0.239375,-0.167958224826389,0.));
#8928=CARTESIAN_POINT('',(-0.312685329861111,-0.175078059895833,0.));
#8929=CARTESIAN_POINT('',(-0.312195963541667,-0.175078059895833,0.));
#8930=CARTESIAN_POINT('',(-0.311807139756945,-0.175244444444445,0.));
#8931=CARTESIAN_POINT('',(-0.312685329861111,-0.175078059895833,0.));
#8932=CARTESIAN_POINT('',(-0.311807139756945,-0.175244444444445,0.));
#8933=CARTESIAN_POINT('',(-0.313564409722222,-0.175272026909722,0.));
#8934=CARTESIAN_POINT('',(-0.313197829861111,-0.175078059895833,0.));
#8935=CARTESIAN_POINT('',(-0.312685329861111,-0.175078059895833,0.));
#8936=CARTESIAN_POINT('',(-0.313564409722222,-0.175272026909722,0.));
#8937=CARTESIAN_POINT('',(-0.312444786889264,-0.177400579085236,0.));
#8938=CARTESIAN_POINT('',(-0.314209517041368,-0.175766700770622,0.));
#8939=CARTESIAN_POINT('',(-0.311646559100679,-0.178133810544713,0.));
#8940=CARTESIAN_POINT('',(-0.314693459671798,-0.17643407823532,0.));
#8941=CARTESIAN_POINT('',(-0.302836833265126,-0.183089354940491,0.));
#8942=CARTESIAN_POINT('',(-0.315076996527778,-0.177168988715278,0.));
#8943=CARTESIAN_POINT('',(-0.239375,-0.177168988715278,0.));
#8944=CARTESIAN_POINT('',(-0.313807305198325,-0.177168988715278,0.));
#8945=CARTESIAN_POINT('',(-0.311859988389133,-0.178223751127735,0.));
#8946=CARTESIAN_POINT('',(-0.313341970486111,-0.176579079861111,0.));
#8947=CARTESIAN_POINT('',(-0.312640842013889,-0.176345073784722,0.));
#8948=CARTESIAN_POINT('',(-0.313075043402778,-0.176345073784722,0.));
#8949=CARTESIAN_POINT('',(-0.313341970486111,-0.176579079861111,0.));
#8950=CARTESIAN_POINT('',(-0.312640842013889,-0.176345073784722,0.));
#8951=CARTESIAN_POINT('',(-0.312023350694444,-0.176579079861111,0.));
#8952=CARTESIAN_POINT('',(-0.312329427083333,-0.176345073784722,0.));
#8953=CARTESIAN_POINT('',(-0.312640842013889,-0.176345073784722,0.));
#8954=CARTESIAN_POINT('',(-0.312023350694444,-0.176579079861111,0.));
#8955=CARTESIAN_POINT('',(-0.312755892190473,-0.17756000643653,0.));
#8956=CARTESIAN_POINT('',(-0.31159621945577,-0.177168988715278,0.));
#8957=CARTESIAN_POINT('',(-0.239375,-0.177168988715278,0.));
#8958=CARTESIAN_POINT('',(-0.310427241404731,-0.177168988715278,0.));
#8959=CARTESIAN_POINT('',(-0.313315331169615,-0.177550827802872,0.));
#8960=CARTESIAN_POINT('',(-0.310655872948515,-0.176362013739566,0.));
#8961=CARTESIAN_POINT('',(-0.312587834955797,-0.177216147218685,0.));
#8962=CARTESIAN_POINT('',(-0.311122861902866,-0.175694604458047,0.));
#8963=CARTESIAN_POINT('',(-0.312686814114443,-0.177328457606272,0.));
#8964=CARTESIAN_POINT('',(-0.310528559027778,-0.1690935546875,0.));
#8965=CARTESIAN_POINT('',(-0.310528559027778,-0.170127452256945,0.));
#8966=CARTESIAN_POINT('',(-0.310855989583333,-0.170911328125,0.));
#8967=CARTESIAN_POINT('',(-0.310528559027778,-0.1690935546875,0.));
#8968=CARTESIAN_POINT('',(-0.310855989583333,-0.170911328125,0.));
#8969=CARTESIAN_POINT('',(-0.310528559027778,-0.1347,0.));
#8970=CARTESIAN_POINT('',(-0.310528559027778,-0.168413780381945,0.));
#8971=CARTESIAN_POINT('',(-0.239375,-0.168413780381945,0.));
#8972=CARTESIAN_POINT('',(-0.311539322916667,-0.168413780381945,0.));
#8973=CARTESIAN_POINT('',(-0.311539322916667,-0.1347,0.));
#8974=CARTESIAN_POINT('',(-0.311539322916667,-0.168737651909722,0.));
#8975=CARTESIAN_POINT('',(-0.311790234375,-0.170293836805555,0.));
#8976=CARTESIAN_POINT('',(-0.311539322916667,-0.169693250868056,0.));
#8977=CARTESIAN_POINT('',(-0.311539322916667,-0.168737651909722,0.));
#8978=CARTESIAN_POINT('',(-0.311790234375,-0.170293836805555,0.));
#8979=CARTESIAN_POINT('',(-0.312446875,-0.171244986979167,0.));
#8980=CARTESIAN_POINT('',(-0.312041145833334,-0.170894422743055,0.));
#8981=CARTESIAN_POINT('',(-0.311790234375,-0.170293836805555,0.));
#8982=CARTESIAN_POINT('',(-0.312446875,-0.171244986979167,0.));
#8983=CARTESIAN_POINT('',(-0.313865992208324,-0.169632876835362,0.));
#8984=CARTESIAN_POINT('',(-0.313352615588196,-0.171717577140392,0.));
#8985=CARTESIAN_POINT('',(-0.314364531614704,-0.167580054077929,0.));
#8986=CARTESIAN_POINT('',(-0.314365190972564,-0.171839346827866,0.));
#8987=CARTESIAN_POINT('',(-0.316878754340278,-0.171238758680556,0.));
#8988=CARTESIAN_POINT('',(-0.316011241319445,-0.171839344618056,0.));
#8989=CARTESIAN_POINT('',(-0.314365190972222,-0.171839344618056,0.));
#8990=CARTESIAN_POINT('',(-0.316878754340278,-0.171238758680556,0.));
#8991=CARTESIAN_POINT('',(-0.317746267361111,-0.169282183159722,0.));
#8992=CARTESIAN_POINT('',(-0.317746267361111,-0.170638172743056,0.));
#8993=CARTESIAN_POINT('',(-0.316878754340278,-0.171238758680556,0.));
#8994=CARTESIAN_POINT('',(-0.317746267361111,-0.169282183159722,0.));
#8995=CARTESIAN_POINT('',(-0.317746267361111,-0.1347,0.));
#8996=CARTESIAN_POINT('',(-0.317746267361111,-0.168413780381945,0.));
#8997=CARTESIAN_POINT('',(-0.239375,-0.168413780381945,0.));
#8998=CARTESIAN_POINT('',(-0.318725,-0.168413780381945,0.));
#8999=CARTESIAN_POINT('',(-0.318725,-0.1347,0.));
#9000=CARTESIAN_POINT('',(-0.318725431609025,-0.169727076056515,0.));
#9001=CARTESIAN_POINT('',(-0.314071848938221,-0.169571551204275,0.));
#9002=CARTESIAN_POINT('',(-0.318685850694444,-0.170204861111111,0.));
#9003=CARTESIAN_POINT('',(-0.318507899305556,-0.170916666666666,0.));
#9004=CARTESIAN_POINT('',(-0.318646701388889,-0.170527842881945,0.));
#9005=CARTESIAN_POINT('',(-0.318685850694444,-0.170204861111111,0.));
#9006=CARTESIAN_POINT('',(-0.318507899305556,-0.170916666666666,0.));
#9007=CARTESIAN_POINT('',(-0.315012891055657,-0.169609956301008,0.));
#9008=CARTESIAN_POINT('',(-0.318090603298611,-0.171722786458333,0.));
#9009=CARTESIAN_POINT('',(-0.317328971354166,-0.172473741319445,0.));
#9010=CARTESIAN_POINT('',(-0.317812109375,-0.172140082465278,0.));
#9011=CARTESIAN_POINT('',(-0.318090603298611,-0.171722786458333,0.));
#9012=CARTESIAN_POINT('',(-0.317328971354166,-0.172473741319445,0.));
#9013=CARTESIAN_POINT('',(-0.316127799479166,-0.173024500868056,0.));
#9014=CARTESIAN_POINT('',(-0.316845833333334,-0.172807400173611,0.));
#9015=CARTESIAN_POINT('',(-0.317328971354166,-0.172473741319445,0.));
#9016=CARTESIAN_POINT('',(-0.316127799479166,-0.173024500868056,0.));
#9017=CARTESIAN_POINT('',(-0.314399001736111,-0.1732416015625,0.));
#9018=CARTESIAN_POINT('',(-0.315409765625,-0.1732416015625,0.));
#9019=CARTESIAN_POINT('',(-0.316127799479166,-0.173024500868056,0.));
#9020=CARTESIAN_POINT('',(-0.314399001737336,-0.173241603413639,0.));
#9021=CARTESIAN_POINT('',(-0.314396289030377,-0.169142243966886,0.));
#9022=CARTESIAN_POINT('',(-0.312969181066545,-0.172985301684218,0.));
#9023=CARTESIAN_POINT('',(-0.314210327309265,-0.169614693116217,0.));
#9024=CARTESIAN_POINT('',(-0.311728841145833,-0.172212152777778,0.));
#9025=CARTESIAN_POINT('',(-0.310855989583333,-0.170911328125,0.));
#9026=CARTESIAN_POINT('',(-0.311183420138889,-0.171695203993056,0.));
#9027=CARTESIAN_POINT('',(-0.311728841145833,-0.172212152777778,0.));
#9028=CARTESIAN_POINT('',(-0.314587630208334,-0.121778059895833,0.));
#9029=CARTESIAN_POINT('',(-0.313598220486111,-0.121778059895833,0.));
#9030=CARTESIAN_POINT('',(-0.312835698784723,-0.122017404513889,0.));
#9031=CARTESIAN_POINT('',(-0.314587630208334,-0.121778059895833,0.));
#9032=CARTESIAN_POINT('',(-0.312835698784723,-0.122017404513889,0.));
#9033=CARTESIAN_POINT('',(-0.316344900173611,-0.122017404513889,0.));
#9034=CARTESIAN_POINT('',(-0.315577039930556,-0.121778059895833,0.));
#9035=CARTESIAN_POINT('',(-0.314587630208334,-0.121778059895833,0.));
#9036=CARTESIAN_POINT('',(-0.316344900173611,-0.122017404513889,0.));
#9037=CARTESIAN_POINT('',(-0.317640386284722,-0.122684722222222,0.));
#9038=CARTESIAN_POINT('',(-0.317112760416666,-0.122256749131944,0.));
#9039=CARTESIAN_POINT('',(-0.316344900173611,-0.122017404513889,0.));
#9040=CARTESIAN_POINT('',(-0.317640386284722,-0.122684722222222,0.));
#9041=CARTESIAN_POINT('',(-0.315805313545831,-0.124982784850944,0.));
#9042=CARTESIAN_POINT('',(-0.318451994332398,-0.123702531941911,0.));
#9043=CARTESIAN_POINT('',(-0.315376111273979,-0.125173304653746,0.));
#9044=CARTESIAN_POINT('',(-0.318779659586853,-0.1249705078125,0.));
#9045=CARTESIAN_POINT('',(-0.239375,-0.1249705078125,0.));
#9046=CARTESIAN_POINT('',(-0.317678921658166,-0.1249705078125,0.));
#9047=CARTESIAN_POINT('',(-0.316024823572646,-0.125121176199177,0.));
#9048=CARTESIAN_POINT('',(-0.3174517578125,-0.124270269097222,0.));
#9049=CARTESIAN_POINT('',(-0.316878754340278,-0.123686588541667,0.));
#9050=CARTESIAN_POINT('',(-0.317256901041666,-0.123936610243056,0.));
#9051=CARTESIAN_POINT('',(-0.3174517578125,-0.124270269097222,0.));
#9052=CARTESIAN_POINT('',(-0.316878754340278,-0.123686588541667,0.));
#9053=CARTESIAN_POINT('',(-0.315939171006945,-0.123291536458333,0.));
#9054=CARTESIAN_POINT('',(-0.316500607638889,-0.123436566840278,0.));
#9055=CARTESIAN_POINT('',(-0.316878754340278,-0.123686588541667,0.));
#9056=CARTESIAN_POINT('',(-0.315939171006945,-0.123291536458333,0.));
#9057=CARTESIAN_POINT('',(-0.314587630208334,-0.123135828993056,0.));
#9058=CARTESIAN_POINT('',(-0.315377734375,-0.123146506076389,0.));
#9059=CARTESIAN_POINT('',(-0.315939171006945,-0.123291536458333,0.));
#9060=CARTESIAN_POINT('',(-0.314587630208334,-0.123135828993056,0.));
#9061=CARTESIAN_POINT('',(-0.313241427951389,-0.123291536458333,0.));
#9062=CARTESIAN_POINT('',(-0.313808203125,-0.123146506076389,0.));
#9063=CARTESIAN_POINT('',(-0.314587630208334,-0.123135828993056,0.));
#9064=CARTESIAN_POINT('',(-0.313241427951389,-0.123291536458333,0.));
#9065=CARTESIAN_POINT('',(-0.312307183159722,-0.12368125,0.));
#9066=CARTESIAN_POINT('',(-0.312674652777778,-0.123436566840278,0.));
#9067=CARTESIAN_POINT('',(-0.313241427951389,-0.123291536458333,0.));
#9068=CARTESIAN_POINT('',(-0.312307183159722,-0.12368125,0.));
#9069=CARTESIAN_POINT('',(-0.311751085069444,-0.124259592013889,0.));
#9070=CARTESIAN_POINT('',(-0.311939713541666,-0.123925933159722,0.));
#9071=CARTESIAN_POINT('',(-0.312307183159722,-0.12368125,0.));
#9072=CARTESIAN_POINT('',(-0.311751085069444,-0.124259592013889,0.));
#9073=CARTESIAN_POINT('',(-0.313381949516772,-0.125188357912828,0.));
#9074=CARTESIAN_POINT('',(-0.311517969966573,-0.1249705078125,0.));
#9075=CARTESIAN_POINT('',(-0.239375,-0.1249705078125,0.));
#9076=CARTESIAN_POINT('',(-0.310406541166902,-0.1249705078125,0.));
#9077=CARTESIAN_POINT('',(-0.313785883721772,-0.125159563921452,0.));
#9078=CARTESIAN_POINT('',(-0.310733829536944,-0.123697139085599,0.));
#9079=CARTESIAN_POINT('',(-0.313388299023728,-0.124996224406868,0.));
#9080=CARTESIAN_POINT('',(-0.311545551215278,-0.122684722222222,0.));
#9081=CARTESIAN_POINT('',(-0.312835698784723,-0.122017404513889,0.));
#9082=CARTESIAN_POINT('',(-0.312073177083333,-0.122256749131944,0.));
#9083=CARTESIAN_POINT('',(-0.311545551215278,-0.122684722222222,0.));
#9084=CARTESIAN_POINT('',(-0.310528559027778,-0.1347,0.));
#9085=CARTESIAN_POINT('',(-0.310528559027778,-0.130520811631944,0.));
#9086=CARTESIAN_POINT('',(-0.310528559027778,-0.131876801215278,0.));
#9087=CARTESIAN_POINT('',(-0.239375,-0.130520811631944,0.));
#9088=CARTESIAN_POINT('',(-0.318725,-0.130520811631944,0.));
#9089=CARTESIAN_POINT('',(-0.318725,-0.1347,0.));
#9090=CARTESIAN_POINT('',(-0.318725,-0.131876801215278,0.));
#9091=CARTESIAN_POINT('',(-0.239375,-0.131876801215278,0.));
#9092=CARTESIAN_POINT('',(-0.239375,-0.135647591145833,0.));
#9093=CARTESIAN_POINT('',(-0.310528559027778,-0.135647591145833,0.));
#9094=CARTESIAN_POINT('',(-0.311539322916667,-0.135647591145833,0.));
#9095=CARTESIAN_POINT('',(-0.310528559027778,-0.1347,0.));
#9096=CARTESIAN_POINT('',(-0.310528559027778,-0.132334136284722,0.));
#9097=CARTESIAN_POINT('',(-0.239375,-0.132334136284722,0.));
#9098=CARTESIAN_POINT('',(-0.311539322916667,-0.132334136284722,0.));
#9099=CARTESIAN_POINT('',(-0.311539322916667,-0.1347,0.));
#9100=CARTESIAN_POINT('',(-0.239375,-0.153745247395834,0.));
#9101=CARTESIAN_POINT('',(-0.310528559027778,-0.153745247395834,0.));
#9102=CARTESIAN_POINT('',(-0.318725,-0.153745247395834,0.));
#9103=CARTESIAN_POINT('',(-0.310528559027778,-0.1347,0.));
#9104=CARTESIAN_POINT('',(-0.310528559027778,-0.152410611979166,0.));
#9105=CARTESIAN_POINT('',(-0.239375,-0.152410611979166,0.));
#9106=CARTESIAN_POINT('',(-0.314119618055555,-0.152410611979166,0.));
#9107=CARTESIAN_POINT('',(-0.314119618055555,-0.1347,0.));
#9108=CARTESIAN_POINT('',(-0.314119618055555,-0.149317816840278,0.));
#9109=CARTESIAN_POINT('',(-0.239375,-0.149317816840278,0.));
#9110=CARTESIAN_POINT('',(-0.315032508680555,-0.149317816840278,0.));
#9111=CARTESIAN_POINT('',(-0.315032508680555,-0.1347,0.));
#9112=CARTESIAN_POINT('',(-0.315032508680555,-0.152410611979166,0.));
#9113=CARTESIAN_POINT('',(-0.239375,-0.152410611979166,0.));
#9114=CARTESIAN_POINT('',(-0.318725,-0.152410611979166,0.));
#9115=CARTESIAN_POINT('',(-0.318725,-0.1347,0.));
#9116=CARTESIAN_POINT('',(-0.310528559027778,-0.1347,0.));
#9117=CARTESIAN_POINT('',(-0.310528559027778,-0.111946245659722,0.));
#9118=CARTESIAN_POINT('',(-0.310528559027778,-0.113302235243056,0.));
#9119=CARTESIAN_POINT('',(-0.239375,-0.111946245659722,0.));
#9120=CARTESIAN_POINT('',(-0.318725,-0.111946245659722,0.));
#9121=CARTESIAN_POINT('',(-0.318725,-0.1347,0.));
#9122=CARTESIAN_POINT('',(-0.318725,-0.113302235243056,0.));
#9123=CARTESIAN_POINT('',(-0.239375,-0.113302235243056,0.));
#9124=CARTESIAN_POINT('',(-0.317712456597222,-0.1347,0.));
#9125=CARTESIAN_POINT('',(-0.317712456597222,-0.1137595703125,0.));
#9126=CARTESIAN_POINT('',(-0.317712456597222,-0.117073025173611,0.));
#9127=CARTESIAN_POINT('',(-0.239375,-0.1137595703125,0.));
#9128=CARTESIAN_POINT('',(-0.318725,-0.1137595703125,0.));
#9129=CARTESIAN_POINT('',(-0.318725,-0.1347,0.));
#9130=CARTESIAN_POINT('',(-0.318725,-0.117073025173611,0.));
#9131=CARTESIAN_POINT('',(-0.239375,-0.117073025173611,0.));
#9132=CARTESIAN_POINT('',(-0.239375,-0.106785655381945,0.));
#9133=CARTESIAN_POINT('',(-0.310528559027778,-0.106785655381945,0.));
#9134=CARTESIAN_POINT('',(-0.317712456597222,-0.106785655381945,0.));
#9135=CARTESIAN_POINT('',(-0.310528559027778,-0.1347,0.));
#9136=CARTESIAN_POINT('',(-0.310528559027778,-0.105427886284722,0.));
#9137=CARTESIAN_POINT('',(-0.239375,-0.105427886284722,0.));
#9138=CARTESIAN_POINT('',(-0.318725,-0.105427886284722,0.));
#9139=CARTESIAN_POINT('',(-0.318725,-0.1347,0.));
#9140=CARTESIAN_POINT('',(-0.318725,-0.1105564453125,0.));
#9141=CARTESIAN_POINT('',(-0.239375,-0.1105564453125,0.));
#9142=CARTESIAN_POINT('',(-0.317712456597222,-0.1105564453125,0.));
#9143=CARTESIAN_POINT('',(-0.317712456597222,-0.1347,0.));
#9144=CARTESIAN_POINT('',(-0.314454166666666,-0.098466427951389,0.));
#9145=CARTESIAN_POINT('',(-0.315310112847222,-0.098466427951389,0.));
#9146=CARTESIAN_POINT('',(-0.315905360243056,-0.0985776475694446,0.));
#9147=CARTESIAN_POINT('',(-0.314454166666666,-0.098466427951389,0.));
#9148=CARTESIAN_POINT('',(-0.315905360243056,-0.0985776475694446,0.));
#9149=CARTESIAN_POINT('',(-0.239375,-0.098466427951389,0.));
#9150=CARTESIAN_POINT('',(-0.310528559027778,-0.098466427951389,0.));
#9151=CARTESIAN_POINT('',(-0.310528559027778,-0.1347,0.));
#9152=CARTESIAN_POINT('',(-0.310528559027778,-0.0971104383680557,0.));
#9153=CARTESIAN_POINT('',(-0.239375,-0.0971104383680557,0.));
#9154=CARTESIAN_POINT('',(-0.314587630208334,-0.0971104383680557,0.));
#9155=CARTESIAN_POINT('',(-0.316344900173611,-0.097321310763889,0.));
#9156=CARTESIAN_POINT('',(-0.315577039930556,-0.0971104383680557,0.));
#9157=CARTESIAN_POINT('',(-0.314587630208334,-0.0971104383680557,0.));
#9158=CARTESIAN_POINT('',(-0.316344900173611,-0.097321310763889,0.));
#9159=CARTESIAN_POINT('',(-0.317640386284722,-0.0979103298611112,0.));
#9160=CARTESIAN_POINT('',(-0.317112760416666,-0.0975321831597224,0.));
#9161=CARTESIAN_POINT('',(-0.316344900173611,-0.097321310763889,0.));
#9162=CARTESIAN_POINT('',(-0.317640386284722,-0.0979103298611112,0.));
#9163=CARTESIAN_POINT('',(-0.316149467202502,-0.100035046429041,0.));
#9164=CARTESIAN_POINT('',(-0.318451844618055,-0.0988392361111112,0.));
#9165=CARTESIAN_POINT('',(-0.318780164930555,-0.100067990451389,0.));
#9166=CARTESIAN_POINT('',(-0.318735677083334,-0.0993899956597224,0.));
#9167=CARTESIAN_POINT('',(-0.318451844618055,-0.0988392361111112,0.));
#9168=CARTESIAN_POINT('',(-0.318780164930555,-0.100067990451389,0.));
#9169=CARTESIAN_POINT('',(-0.239375,-0.100067990451389,0.));
#9170=CARTESIAN_POINT('',(-0.317678165480878,-0.100067990451389,0.));
#9171=CARTESIAN_POINT('',(-0.316250690873069,-0.100177233972981,0.));
#9172=CARTESIAN_POINT('',(-0.317457096354166,-0.0994069010416668,0.));
#9173=CARTESIAN_POINT('',(-0.316884092881945,-0.0989006293402779,0.));
#9174=CARTESIAN_POINT('',(-0.317267578125,-0.0991123914930557,0.));
#9175=CARTESIAN_POINT('',(-0.317457096354166,-0.0994069010416668,0.));
#9176=CARTESIAN_POINT('',(-0.316884092881945,-0.0989006293402779,0.));
#9177=CARTESIAN_POINT('',(-0.315905360243056,-0.0985776475694446,0.));
#9178=CARTESIAN_POINT('',(-0.316500607638889,-0.0986888671875001,0.));
#9179=CARTESIAN_POINT('',(-0.316884092881945,-0.0989006293402779,0.));
#9180=CARTESIAN_POINT('',(-0.310528559027778,-0.1347,0.));
#9181=CARTESIAN_POINT('',(-0.310528559027778,-0.0898589192708335,0.));
#9182=CARTESIAN_POINT('',(-0.310528559027778,-0.0911935546875002,0.));
#9183=CARTESIAN_POINT('',(-0.239375,-0.0898589192708335,0.));
#9184=CARTESIAN_POINT('',(-0.318725,-0.0898589192708335,0.));
#9185=CARTESIAN_POINT('',(-0.318725,-0.1347,0.));
#9186=CARTESIAN_POINT('',(-0.318725,-0.0911935546875002,0.));
#9187=CARTESIAN_POINT('',(-0.239375,-0.0911935546875002,0.));
#9188=CARTESIAN_POINT('',(-0.30425,-0.1038,0.0015));
#9189=CARTESIAN_POINT('',(-0.30425,-0.0891,0.0015));
#9190=CARTESIAN_POINT('',(-0.30425,-0.1185,0.0015));
#9191=CARTESIAN_POINT('',(-0.28,-0.0891,0.0015));
#9192=CARTESIAN_POINT('',(-0.25575,-0.0891,0.0015));
#9193=CARTESIAN_POINT('',(-0.25575,-0.1038,0.0015));
#9194=CARTESIAN_POINT('',(-0.25575,-0.1185,0.0015));
#9195=CARTESIAN_POINT('',(-0.30425,-0.1656,0.0015));
#9196=CARTESIAN_POINT('',(-0.30425,-0.1509,0.0015));
#9197=CARTESIAN_POINT('',(-0.30425,-0.1803,0.0015));
#9198=CARTESIAN_POINT('',(-0.28,-0.1509,0.0015));
#9199=CARTESIAN_POINT('',(-0.25575,-0.1509,0.0015));
#9200=CARTESIAN_POINT('',(-0.25575,-0.1656,0.0015));
#9201=CARTESIAN_POINT('',(-0.25575,-0.1803,0.0015));
#9202=CARTESIAN_POINT('',(-0.15575,-0.1656,0.0015));
#9203=CARTESIAN_POINT('',(-0.15575,-0.1803,0.0015));
#9204=CARTESIAN_POINT('',(-0.15575,-0.1509,0.0015));
#9205=CARTESIAN_POINT('',(-0.18,-0.1803,0.0015));
#9206=CARTESIAN_POINT('',(-0.20425,-0.1803,0.0015));
#9207=CARTESIAN_POINT('',(-0.20425,-0.1656,0.0015));
#9208=CARTESIAN_POINT('',(-0.20425,-0.1509,0.0015));
#9209=CARTESIAN_POINT('',(-0.20425,-0.1038,0.0015));
#9210=CARTESIAN_POINT('',(-0.20425,-0.0891,0.0015));
#9211=CARTESIAN_POINT('',(-0.20425,-0.1185,0.0015));
#9212=CARTESIAN_POINT('',(-0.18,-0.0891,0.0015));
#9213=CARTESIAN_POINT('',(-0.15575,-0.0891,0.0015));
#9214=CARTESIAN_POINT('',(-0.15575,-0.1038,0.0015));
#9215=CARTESIAN_POINT('',(-0.15575,-0.1185,0.0015));
#9216=CARTESIAN_POINT('',(-0.25425,-0.1347,0.0015));
#9217=CARTESIAN_POINT('',(-0.25425,-0.12,0.0015));
#9218=CARTESIAN_POINT('',(-0.25425,-0.1494,0.0015));
#9219=CARTESIAN_POINT('',(-0.23,-0.12,0.0015));
#9220=CARTESIAN_POINT('',(-0.20575,-0.12,0.0015));
#9221=CARTESIAN_POINT('',(-0.20575,-0.1347,0.0015));
#9222=CARTESIAN_POINT('',(-0.20575,-0.1494,0.0015));
#9223=CARTESIAN_POINT('',(-0.25425,-0.1038,0.0015));
#9224=CARTESIAN_POINT('',(-0.25425,-0.0891,0.0015));
#9225=CARTESIAN_POINT('',(-0.25425,-0.1185,0.0015));
#9226=CARTESIAN_POINT('',(-0.23,-0.0891,0.0015));
#9227=CARTESIAN_POINT('',(-0.20575,-0.0891,0.0015));
#9228=CARTESIAN_POINT('',(-0.20575,-0.1038,0.0015));
#9229=CARTESIAN_POINT('',(-0.20575,-0.1185,0.0015));
#9230=CARTESIAN_POINT('',(-0.30425,-0.1347,0.0015));
#9231=CARTESIAN_POINT('',(-0.30425,-0.12,0.0015));
#9232=CARTESIAN_POINT('',(-0.30425,-0.1494,0.0015));
#9233=CARTESIAN_POINT('',(-0.28,-0.12,0.0015));
#9234=CARTESIAN_POINT('',(-0.25575,-0.12,0.0015));
#9235=CARTESIAN_POINT('',(-0.25575,-0.1347,0.0015));
#9236=CARTESIAN_POINT('',(-0.25575,-0.1494,0.0015));
#9237=CARTESIAN_POINT('',(-0.23,-0.1803,0.0015));
#9238=CARTESIAN_POINT('',(-0.25425,-0.1803,0.0015));
#9239=CARTESIAN_POINT('',(-0.20575,-0.1803,0.0015));
#9240=CARTESIAN_POINT('',(-0.25425,-0.1656,0.0015));
#9241=CARTESIAN_POINT('',(-0.25425,-0.1509,0.0015));
#9242=CARTESIAN_POINT('',(-0.23,-0.1509,0.0015));
#9243=CARTESIAN_POINT('',(-0.20575,-0.1509,0.0015));
#9244=CARTESIAN_POINT('',(-0.20425,-0.1347,0.0015));
#9245=CARTESIAN_POINT('',(-0.20425,-0.12,0.0015));
#9246=CARTESIAN_POINT('',(-0.20425,-0.1494,0.0015));
#9247=CARTESIAN_POINT('',(-0.18,-0.12,0.0015));
#9248=CARTESIAN_POINT('',(-0.15575,-0.12,0.0015));
#9249=CARTESIAN_POINT('',(-0.15575,-0.1347,0.0015));
#9250=CARTESIAN_POINT('',(-0.15575,-0.1494,0.0015));
#9251=CARTESIAN_POINT('',(-0.325,-0.1347,0.0015));
#9252=CARTESIAN_POINT('',(-0.325,-0.1823,0.0015));
#9253=CARTESIAN_POINT('',(-0.325,-0.0871,0.0015));
#9254=CARTESIAN_POINT('',(-0.314625,-0.1823,0.0015));
#9255=CARTESIAN_POINT('',(-0.15375,-0.1823,0.0015));
#9256=CARTESIAN_POINT('',(-0.15375,-0.1347,0.0015));
#9257=CARTESIAN_POINT('',(-0.15375,-0.0871,0.0015));
#9258=CARTESIAN_POINT('',(-0.28,-0.1803,0.0015));
#9259=CARTESIAN_POINT('',(-0.18,-0.1509,0.0015));
#9260=CARTESIAN_POINT('',(-0.18,-0.1185,0.0015));
#9261=CARTESIAN_POINT('',(-0.23,-0.1494,0.0015));
#9262=CARTESIAN_POINT('',(-0.23,-0.1185,0.0015));
#9263=CARTESIAN_POINT('',(-0.28,-0.1494,0.0015));
#9264=CARTESIAN_POINT('',(-0.20575,-0.1656,0.0015));
#9265=CARTESIAN_POINT('',(-0.18,-0.1494,0.0015));
#9266=CARTESIAN_POINT('',(-0.314625,-0.0871,0.0015));
#9267=CARTESIAN_POINT('',(-0.28,-0.1185,0.0015));
#9268=CARTESIAN_POINT('',(-0.318725,-0.156514171006945,-0.0235));
#9269=CARTESIAN_POINT('',(-0.318725,-0.155836176215278,-0.0235));
#9270=CARTESIAN_POINT('',(-0.318725,-0.157192165798611,-0.0235));
#9271=CARTESIAN_POINT('',(-0.314626779513889,-0.157192165798611,-0.0235));
#9272=CARTESIAN_POINT('',(-0.310528559027778,-0.157192165798611,-0.0235));
#9273=CARTESIAN_POINT('',(-0.310528559027778,-0.156514171006945,-0.0235));
#9274=CARTESIAN_POINT('',(-0.310528559027778,-0.155836176215278,-0.0235));
#9275=CARTESIAN_POINT('',(-0.314626779513889,-0.155836176215278,-0.0235));
#9276=CARTESIAN_POINT('',(-0.310528559027778,-0.1598845703125,-0.0235));
#9277=CARTESIAN_POINT('',(-0.310528559027778,-0.160551888020834,-0.0235));
#9278=CARTESIAN_POINT('',(-0.310528559027778,-0.159217252604166,-0.0235));
#9279=CARTESIAN_POINT('',(-0.314626779513889,-0.159217252604166,-0.0235));
#9280=CARTESIAN_POINT('',(-0.318725,-0.159217252604166,-0.0235));
#9281=CARTESIAN_POINT('',(-0.318725,-0.1598845703125,-0.0235));
#9282=CARTESIAN_POINT('',(-0.318725,-0.160551888020834,-0.0235));
#9283=CARTESIAN_POINT('',(-0.314626779513889,-0.160551888020834,-0.0235));
#9284=CARTESIAN_POINT('',(-0.318725,-0.164071766493056,-0.0235));
#9285=CARTESIAN_POINT('',(-0.318725,-0.163365299479167,-0.0235));
#9286=CARTESIAN_POINT('',(-0.318725,-0.164778233506945,-0.0235));
#9287=CARTESIAN_POINT('',(-0.317111870659722,-0.163843988715278,-0.0235));
#9288=CARTESIAN_POINT('',(-0.315498092294336,-0.162909368040344,0.));
#9289=CARTESIAN_POINT('',(-0.313227245020858,-0.161965158400467,-0.0235));
#9290=CARTESIAN_POINT('',(-0.314576953125,-0.164021050347223,-0.0235));
#9291=CARTESIAN_POINT('',(-0.313064366319445,-0.1644330078125,0.));
#9292=CARTESIAN_POINT('',(-0.313064366319445,-0.1644330078125,0.0015));
#9293=CARTESIAN_POINT('',(-0.313657537615741,-0.1644330078125,0.));
#9294=CARTESIAN_POINT('',(-0.313657537615741,-0.1644330078125,0.0015));
#9295=CARTESIAN_POINT('',(-0.314161733217593,-0.164295688657408,0.));
#9296=CARTESIAN_POINT('',(-0.314161733217593,-0.164295688657408,0.0015));
#9297=CARTESIAN_POINT('',(-0.314576953125,-0.164021050347223,0.));
#9298=CARTESIAN_POINT('',(-0.314576953125,-0.164021050347223,0.0015));
#9299=CARTESIAN_POINT('',(-0.313064366319445,-0.1644330078125,-0.0235));
#9300=CARTESIAN_POINT('',(-0.312001106770833,-0.164182986111111,0.));
#9301=CARTESIAN_POINT('',(-0.312001106770833,-0.164182986111111,0.0015));
#9302=CARTESIAN_POINT('',(-0.312316080729167,-0.16434966724537,0.));
#9303=CARTESIAN_POINT('',(-0.312316080729167,-0.16434966724537,0.0015));
#9304=CARTESIAN_POINT('',(-0.312670500578704,-0.1644330078125,0.));
#9305=CARTESIAN_POINT('',(-0.312670500578704,-0.1644330078125,0.0015));
#9306=CARTESIAN_POINT('',(-0.313064366319445,-0.1644330078125,0.));
#9307=CARTESIAN_POINT('',(-0.313064366319445,-0.1644330078125,0.0015));
#9308=CARTESIAN_POINT('',(-0.312001106770833,-0.164182986111111,-0.0235));
#9309=CARTESIAN_POINT('',(-0.313212707334229,-0.161871270370719,-0.0235));
#9310=CARTESIAN_POINT('',(-0.311194986979167,-0.163526345486111,-0.0235));
#9311=CARTESIAN_POINT('',(-0.31335784623613,-0.161754417654786,-0.0235));
#9312=CARTESIAN_POINT('',(-0.310695125904385,-0.162607822790041,0.));
#9313=CARTESIAN_POINT('',(-0.313849039312692,-0.161568746689319,-0.0234999999999999));
#9314=CARTESIAN_POINT('',(-0.310528559027778,-0.161575108506945,-0.0235));
#9315=CARTESIAN_POINT('',(-0.310528559027778,-0.161291276041667,-0.0235));
#9316=CARTESIAN_POINT('',(-0.310528559027778,-0.161007443576389,-0.0235));
#9317=CARTESIAN_POINT('',(-0.311033940972222,-0.161007443576389,-0.0235));
#9318=CARTESIAN_POINT('',(-0.311539322916667,-0.161007443576389,-0.0235));
#9319=CARTESIAN_POINT('',(-0.311539322916667,-0.161279709201389,-0.0235));
#9320=CARTESIAN_POINT('',(-0.311539322916667,-0.161551974826389,-0.0235));
#9321=CARTESIAN_POINT('',(-0.311701258680555,-0.162375889756945,0.));
#9322=CARTESIAN_POINT('',(-0.311701258680555,-0.162375889756945,0.0015));
#9323=CARTESIAN_POINT('',(-0.31159330150463,-0.162168279803241,0.));
#9324=CARTESIAN_POINT('',(-0.31159330150463,-0.162168279803241,0.0015));
#9325=CARTESIAN_POINT('',(-0.311539322916667,-0.161893641493056,0.));
#9326=CARTESIAN_POINT('',(-0.311539322916667,-0.161893641493056,0.0015));
#9327=CARTESIAN_POINT('',(-0.311539322916667,-0.161551974826389,0.));
#9328=CARTESIAN_POINT('',(-0.311539322916667,-0.161551974826389,0.0015));
#9329=CARTESIAN_POINT('',(-0.311701258680555,-0.162375889756945,-0.0235));
#9330=CARTESIAN_POINT('',(-0.312101649305556,-0.162859027777778,0.));
#9331=CARTESIAN_POINT('',(-0.312101649305556,-0.162859027777778,0.0015));
#9332=CARTESIAN_POINT('',(-0.311942679398148,-0.162744545717593,0.));
#9333=CARTESIAN_POINT('',(-0.311942679398148,-0.162744545717593,0.0015));
#9334=CARTESIAN_POINT('',(-0.311809215856482,-0.162583499710648,0.));
#9335=CARTESIAN_POINT('',(-0.311809215856482,-0.162583499710648,0.0015));
#9336=CARTESIAN_POINT('',(-0.311701258680555,-0.162375889756945,0.));
#9337=CARTESIAN_POINT('',(-0.311701258680555,-0.162375889756945,0.0015));
#9338=CARTESIAN_POINT('',(-0.312101649305556,-0.162859027777778,-0.0235));
#9339=CARTESIAN_POINT('',(-0.312892541522808,-0.161791038394118,-0.0235));
#9340=CARTESIAN_POINT('',(-0.312601692708333,-0.163086805555555,-0.0235));
#9341=CARTESIAN_POINT('',(-0.313108952146124,-0.160884573778013,-0.0234999999999998));
#9342=CARTESIAN_POINT('',(-0.313064366319445,-0.163142860243055,-0.0235));
#9343=CARTESIAN_POINT('',(-0.313903407118056,-0.163020073784722,0.));
#9344=CARTESIAN_POINT('',(-0.313903407118056,-0.163020073784722,0.0015));
#9345=CARTESIAN_POINT('',(-0.313677408854167,-0.163101931423611,0.));
#9346=CARTESIAN_POINT('',(-0.313677408854167,-0.163101931423611,0.0015));
#9347=CARTESIAN_POINT('',(-0.313397728587963,-0.163142860243055,0.));
#9348=CARTESIAN_POINT('',(-0.313397728587963,-0.163142860243055,0.0015));
#9349=CARTESIAN_POINT('',(-0.313064366319445,-0.163142860243055,0.));
#9350=CARTESIAN_POINT('',(-0.313064366319445,-0.163142860243055,0.0015));
#9351=CARTESIAN_POINT('',(-0.313903407118056,-0.163020073784722,-0.0235));
#9352=CARTESIAN_POINT('',(-0.314431922743055,-0.162697092013889,0.));
#9353=CARTESIAN_POINT('',(-0.314431922743055,-0.162697092013889,0.0015));
#9354=CARTESIAN_POINT('',(-0.314305577256944,-0.162830555555556,0.));
#9355=CARTESIAN_POINT('',(-0.314305577256944,-0.162830555555556,0.0015));
#9356=CARTESIAN_POINT('',(-0.314129405381945,-0.162938216145833,0.));
#9357=CARTESIAN_POINT('',(-0.314129405381945,-0.162938216145833,0.0015));
#9358=CARTESIAN_POINT('',(-0.313903407118056,-0.163020073784722,0.));
#9359=CARTESIAN_POINT('',(-0.313903407118056,-0.163020073784722,0.0015));
#9360=CARTESIAN_POINT('',(-0.314431922743055,-0.162697092013889,-0.0235));
#9361=CARTESIAN_POINT('',(-0.313566432914586,-0.161859891542005,-0.0235));
#9362=CARTESIAN_POINT('',(-0.314704188368055,-0.162252213541666,-0.0235));
#9363=CARTESIAN_POINT('',(-0.313270301281906,-0.161756803951012,-0.0234999999999999));
#9364=CARTESIAN_POINT('',(-0.314786935763889,-0.161763736979167,-0.0235));
#9365=CARTESIAN_POINT('',(-0.314786935763889,-0.161385590277778,-0.0235));
#9366=CARTESIAN_POINT('',(-0.314786935763889,-0.161007443576389,-0.0235));
#9367=CARTESIAN_POINT('',(-0.315276302083334,-0.161007443576389,-0.0235));
#9368=CARTESIAN_POINT('',(-0.315765668402778,-0.161007443576389,-0.0235));
#9369=CARTESIAN_POINT('',(-0.315765668402778,-0.161227880859375,-0.0235));
#9370=CARTESIAN_POINT('',(-0.315765668402778,-0.1616302734375,-0.0235));
#9371=CARTESIAN_POINT('',(-0.31479395720793,-0.161647589543259,-0.0235));
#9372=CARTESIAN_POINT('',(-0.315760329861111,-0.161746831597223,-0.0235));
#9373=CARTESIAN_POINT('',(-0.31627871939956,-0.161821874541029,-0.0235));
#9374=CARTESIAN_POINT('',(-0.315754962629658,-0.161818886971934,0.));
#9375=CARTESIAN_POINT('',(-0.317239995659722,-0.162592100694445,-0.0235));
#9376=CARTESIAN_POINT('',(-0.310528559027778,-0.167290907118055,-0.0235));
#9377=CARTESIAN_POINT('',(-0.310528559027778,-0.167958224826389,-0.0235));
#9378=CARTESIAN_POINT('',(-0.310528559027778,-0.166623589409722,-0.0235));
#9379=CARTESIAN_POINT('',(-0.314626779513889,-0.166623589409722,-0.0235));
#9380=CARTESIAN_POINT('',(-0.318725,-0.166623589409722,-0.0235));
#9381=CARTESIAN_POINT('',(-0.318725,-0.167290907118055,-0.0235));
#9382=CARTESIAN_POINT('',(-0.318725,-0.167958224826389,-0.0235));
#9383=CARTESIAN_POINT('',(-0.314626779513889,-0.167958224826389,-0.0235));
#9384=CARTESIAN_POINT('',(-0.315113464066143,-0.176407750207689,-0.0234999999999998));
#9385=CARTESIAN_POINT('',(-0.317395703125,-0.175650173611111,-0.0235));
#9386=CARTESIAN_POINT('',(-0.317223702996529,-0.175255860952241,0.));
#9387=CARTESIAN_POINT('',(-0.317701779513889,-0.175138563368055,-0.0235));
#9388=CARTESIAN_POINT('',(-0.318180918454132,-0.175021005115059,0.));
#9389=CARTESIAN_POINT('',(-0.316789236527734,-0.17620460416138,-0.0234999999999999));
#9390=CARTESIAN_POINT('',(-0.318463411458333,-0.175472222222222,-0.0235));
#9391=CARTESIAN_POINT('',(-0.315771650481133,-0.176678638459762,-0.0234999999999998));
#9392=CARTESIAN_POINT('',(-0.318647591145834,-0.176022092013889,-0.0235));
#9393=CARTESIAN_POINT('',(-0.314293687476605,-0.177033990729777,-0.0234999999999996));
#9394=CARTESIAN_POINT('',(-0.318741905381944,-0.176595095486111,-0.0235));
#9395=CARTESIAN_POINT('',(-0.313071104021991,-0.177156714336087,-0.0234999999999992));
#9396=CARTESIAN_POINT('',(-0.318769487847222,-0.177145855034722,-0.0235));
#9397=CARTESIAN_POINT('',(-0.318769487847222,-0.177157421875,-0.0235));
#9398=CARTESIAN_POINT('',(-0.318769487847222,-0.177168988715278,-0.0235));
#9399=CARTESIAN_POINT('',(-0.318240972222222,-0.177168988715278,-0.0235));
#9400=CARTESIAN_POINT('',(-0.317712456597222,-0.177168988715278,-0.0235));
#9401=CARTESIAN_POINT('',(-0.317712456597222,-0.177152083333334,-0.0235));
#9402=CARTESIAN_POINT('',(-0.317712456597222,-0.177135177951389,-0.0235));
#9403=CARTESIAN_POINT('',(-0.314897788990995,-0.177158571053513,-0.0234999999999998));
#9404=CARTESIAN_POINT('',(-0.31766796875,-0.176656488715278,-0.0235));
#9405=CARTESIAN_POINT('',(-0.3126585635822,-0.177529136522961,-0.0234999999999993));
#9406=CARTESIAN_POINT('',(-0.317551410590278,-0.176144878472222,-0.0235));
#9407=CARTESIAN_POINT('',(-0.309376525061179,-0.178445003211595,-0.0235));
#9408=CARTESIAN_POINT('',(-0.312685329861111,-0.175078059895833,0.));
#9409=CARTESIAN_POINT('',(-0.312685329861111,-0.175078059895833,0.0015));
#9410=CARTESIAN_POINT('',(-0.312359085648148,-0.175078059895833,0.));
#9411=CARTESIAN_POINT('',(-0.312359085648148,-0.175078059895833,0.0015));
#9412=CARTESIAN_POINT('',(-0.312066355613426,-0.175133521412037,0.));
#9413=CARTESIAN_POINT('',(-0.312066355613426,-0.175133521412037,0.0015));
#9414=CARTESIAN_POINT('',(-0.311807139756945,-0.175244444444445,0.));
#9415=CARTESIAN_POINT('',(-0.311807139756945,-0.175244444444445,0.0015));
#9416=CARTESIAN_POINT('',(-0.311807139756945,-0.175244444444445,-0.0235));
#9417=CARTESIAN_POINT('',(-0.312685329861111,-0.175078059895833,-0.0235));
#9418=CARTESIAN_POINT('',(-0.313564409722222,-0.175272026909722,0.));
#9419=CARTESIAN_POINT('',(-0.313564409722222,-0.175272026909722,0.0015));
#9420=CARTESIAN_POINT('',(-0.313320023148148,-0.17514271556713,0.));
#9421=CARTESIAN_POINT('',(-0.313320023148148,-0.17514271556713,0.0015));
#9422=CARTESIAN_POINT('',(-0.313026996527778,-0.175078059895833,0.));
#9423=CARTESIAN_POINT('',(-0.313026996527778,-0.175078059895833,0.0015));
#9424=CARTESIAN_POINT('',(-0.312685329861111,-0.175078059895833,0.));
#9425=CARTESIAN_POINT('',(-0.312685329861111,-0.175078059895833,0.0015));
#9426=CARTESIAN_POINT('',(-0.313564409722222,-0.175272026909722,-0.0235));
#9427=CARTESIAN_POINT('',(-0.312444786889264,-0.177400579085236,-0.0234999999999999));
#9428=CARTESIAN_POINT('',(-0.314209483506944,-0.175766731770834,-0.0235));
#9429=CARTESIAN_POINT('',(-0.311646559100679,-0.178133810544713,-0.0234999999999999));
#9430=CARTESIAN_POINT('',(-0.314693511284723,-0.176434049479166,-0.0235));
#9431=CARTESIAN_POINT('',(-0.302836833265126,-0.183089354940491,-0.023499999999998));
#9432=CARTESIAN_POINT('',(-0.315077028531374,-0.177168988715278,0.));
#9433=CARTESIAN_POINT('',(-0.314442599826389,-0.177168988715278,-0.0235));
#9434=CARTESIAN_POINT('',(-0.313807305198325,-0.177168988715278,0.));
#9435=CARTESIAN_POINT('',(-0.311859988389133,-0.178223751127735,-0.0234999999999999));
#9436=CARTESIAN_POINT('',(-0.313341970486111,-0.176579079861111,-0.0235));
#9437=CARTESIAN_POINT('',(-0.312640842013889,-0.176345073784722,0.));
#9438=CARTESIAN_POINT('',(-0.312640842013889,-0.176345073784722,0.0015));
#9439=CARTESIAN_POINT('',(-0.312930309606482,-0.176345073784722,0.));
#9440=CARTESIAN_POINT('',(-0.312930309606482,-0.176345073784722,0.0015));
#9441=CARTESIAN_POINT('',(-0.313164019097222,-0.176423075810185,0.));
#9442=CARTESIAN_POINT('',(-0.313164019097222,-0.176423075810185,0.0015));
#9443=CARTESIAN_POINT('',(-0.313341970486111,-0.176579079861111,0.));
#9444=CARTESIAN_POINT('',(-0.313341970486111,-0.176579079861111,0.0015));
#9445=CARTESIAN_POINT('',(-0.312640842013889,-0.176345073784722,-0.0235));
#9446=CARTESIAN_POINT('',(-0.312023350694444,-0.176579079861111,0.));
#9447=CARTESIAN_POINT('',(-0.312023350694444,-0.176579079861111,0.0015));
#9448=CARTESIAN_POINT('',(-0.31222740162037,-0.176423075810185,0.));
#9449=CARTESIAN_POINT('',(-0.31222740162037,-0.176423075810185,0.0015));
#9450=CARTESIAN_POINT('',(-0.312433232060185,-0.176345073784722,0.));
#9451=CARTESIAN_POINT('',(-0.312433232060185,-0.176345073784722,0.0015));
#9452=CARTESIAN_POINT('',(-0.312640842013889,-0.176345073784722,0.));
#9453=CARTESIAN_POINT('',(-0.312640842013889,-0.176345073784722,0.0015));
#9454=CARTESIAN_POINT('',(-0.312023350694444,-0.176579079861111,-0.0235));
#9455=CARTESIAN_POINT('',(-0.312755892190473,-0.17756000643653,-0.0235));
#9456=CARTESIAN_POINT('',(-0.31159621945577,-0.177168988715278,0.));
#9457=CARTESIAN_POINT('',(-0.311011697048611,-0.177168988715278,-0.0235));
#9458=CARTESIAN_POINT('',(-0.310427241404731,-0.177168988715278,0.));
#9459=CARTESIAN_POINT('',(-0.313315331169615,-0.177550827802872,-0.0234999999999999));
#9460=CARTESIAN_POINT('',(-0.310655794270834,-0.176361979166667,-0.0235));
#9461=CARTESIAN_POINT('',(-0.312587834955797,-0.177216147218685,-0.0235));
#9462=CARTESIAN_POINT('',(-0.311122916666667,-0.175694661458334,-0.0235));
#9463=CARTESIAN_POINT('',(-0.312686814114443,-0.177328457606272,-0.0235));
#9464=CARTESIAN_POINT('',(-0.311195290827101,-0.179177367709927,-0.0234999999999999));
#9465=CARTESIAN_POINT('',(-0.3117181640625,-0.178781228298611,-0.0235));
#9466=CARTESIAN_POINT('',(-0.311796163965242,-0.178915022011204,0.));
#9467=CARTESIAN_POINT('',(-0.311081200613054,-0.177832306196393,-0.0235));
#9468=CARTESIAN_POINT('',(-0.311684353298611,-0.178981423611111,-0.0235));
#9469=CARTESIAN_POINT('',(-0.30703851524653,-0.170569517506962,-0.0235));
#9470=CARTESIAN_POINT('',(-0.311434331597222,-0.179114887152778,-0.0235));
#9471=CARTESIAN_POINT('',(-0.311276938276681,-0.179196253083882,-0.0235000000031596));
#9472=CARTESIAN_POINT('',(-0.311112239583334,-0.179281271701389,-0.0235));
#9473=CARTESIAN_POINT('',(-0.306703359956147,-0.170768661876504,-0.0235));
#9474=CARTESIAN_POINT('',(-0.310795486111111,-0.179437868923611,-0.0235));
#9475=CARTESIAN_POINT('',(-0.310500086805556,-0.178620182291667,0.));
#9476=CARTESIAN_POINT('',(-0.310500086805556,-0.178620182291667,0.0015));
#9477=CARTESIAN_POINT('',(-0.310562962962963,-0.178957696759259,0.));
#9478=CARTESIAN_POINT('',(-0.310562962962963,-0.178957696759259,0.0015));
#9479=CARTESIAN_POINT('',(-0.310661429398148,-0.179230258969907,0.));
#9480=CARTESIAN_POINT('',(-0.310661429398148,-0.179230258969907,0.0015));
#9481=CARTESIAN_POINT('',(-0.310795486111111,-0.179437868923611,0.));
#9482=CARTESIAN_POINT('',(-0.310795486111111,-0.179437868923611,0.0015));
#9483=CARTESIAN_POINT('',(-0.310500086805556,-0.178620182291667,-0.0235));
#9484=CARTESIAN_POINT('',(-0.316559924106253,-0.177475629107692,-0.0234999999999997));
#9485=CARTESIAN_POINT('',(-0.310394923083562,-0.177624544270834,0.));
#9486=CARTESIAN_POINT('',(-0.310956532118056,-0.177624544270834,-0.0235));
#9487=CARTESIAN_POINT('',(-0.31151796875,-0.177624544270834,-0.0235));
#9488=CARTESIAN_POINT('',(-0.311528645833334,-0.178192209201389,0.));
#9489=CARTESIAN_POINT('',(-0.311528645833334,-0.178192209201389,0.0015));
#9490=CARTESIAN_POINT('',(-0.311506105324074,-0.178043916377315,0.));
#9491=CARTESIAN_POINT('',(-0.311506105324074,-0.178043916377315,0.0015));
#9492=CARTESIAN_POINT('',(-0.311502546296296,-0.177854694733797,0.));
#9493=CARTESIAN_POINT('',(-0.311502546296296,-0.177854694733797,0.0015));
#9494=CARTESIAN_POINT('',(-0.31151796875,-0.177624544270834,0.));
#9495=CARTESIAN_POINT('',(-0.31151796875,-0.177624544270834,0.0015));
#9496=CARTESIAN_POINT('',(-0.311528645833334,-0.178192209201389,-0.0235));
#9497=CARTESIAN_POINT('',(-0.313668364352486,-0.177903207622677,-0.0234999999999998));
#9498=CARTESIAN_POINT('',(-0.311612282986111,-0.1785587890625,-0.0235));
#9499=CARTESIAN_POINT('',(-0.312478804208283,-0.178288107566591,-0.0234999999999999));
#9500=CARTESIAN_POINT('',(-0.310528559027778,-0.1690935546875,0.));
#9501=CARTESIAN_POINT('',(-0.310528559027778,-0.1690935546875,0.0015));
#9502=CARTESIAN_POINT('',(-0.310528559027778,-0.169782819733796,0.));
#9503=CARTESIAN_POINT('',(-0.310528559027778,-0.169782819733796,0.0015));
#9504=CARTESIAN_POINT('',(-0.310637702546296,-0.170388744212963,0.));
#9505=CARTESIAN_POINT('',(-0.310637702546296,-0.170388744212963,0.0015));
#9506=CARTESIAN_POINT('',(-0.310855989583333,-0.170911328125,0.));
#9507=CARTESIAN_POINT('',(-0.310855989583333,-0.170911328125,0.0015));
#9508=CARTESIAN_POINT('',(-0.310855989583333,-0.170911328125,-0.0235));
#9509=CARTESIAN_POINT('',(-0.310528559027778,-0.1690935546875,-0.0235));
#9510=CARTESIAN_POINT('',(-0.310528559027778,-0.168753667534722,-0.0235));
#9511=CARTESIAN_POINT('',(-0.310528559027778,-0.168413780381945,-0.0235));
#9512=CARTESIAN_POINT('',(-0.311033940972222,-0.168413780381945,-0.0235));
#9513=CARTESIAN_POINT('',(-0.311539322916667,-0.168413780381945,-0.0235));
#9514=CARTESIAN_POINT('',(-0.311539322916667,-0.168575716145833,-0.0235));
#9515=CARTESIAN_POINT('',(-0.311539322916667,-0.168737651909722,-0.0235));
#9516=CARTESIAN_POINT('',(-0.311790234375,-0.170293836805555,0.));
#9517=CARTESIAN_POINT('',(-0.311790234375,-0.170293836805555,0.0015));
#9518=CARTESIAN_POINT('',(-0.311622960069444,-0.169893446180555,0.));
#9519=CARTESIAN_POINT('',(-0.311622960069444,-0.169893446180555,0.0015));
#9520=CARTESIAN_POINT('',(-0.311539322916667,-0.169374717881944,0.));
#9521=CARTESIAN_POINT('',(-0.311539322916667,-0.169374717881944,0.0015));
#9522=CARTESIAN_POINT('',(-0.311539322916667,-0.168737651909722,0.));
#9523=CARTESIAN_POINT('',(-0.311539322916667,-0.168737651909722,0.0015));
#9524=CARTESIAN_POINT('',(-0.311790234375,-0.170293836805555,-0.0235));
#9525=CARTESIAN_POINT('',(-0.312446875,-0.171244986979167,0.));
#9526=CARTESIAN_POINT('',(-0.312446875,-0.171244986979167,0.0015));
#9527=CARTESIAN_POINT('',(-0.312176388888889,-0.171011277488426,0.));
#9528=CARTESIAN_POINT('',(-0.312176388888889,-0.171011277488426,0.0015));
#9529=CARTESIAN_POINT('',(-0.311957508680556,-0.170694227430555,0.));
#9530=CARTESIAN_POINT('',(-0.311957508680556,-0.170694227430555,0.0015));
#9531=CARTESIAN_POINT('',(-0.311790234375,-0.170293836805555,0.));
#9532=CARTESIAN_POINT('',(-0.311790234375,-0.170293836805555,0.0015));
#9533=CARTESIAN_POINT('',(-0.312446875,-0.171244986979167,-0.0235));
#9534=CARTESIAN_POINT('',(-0.313865992208324,-0.169632876835362,-0.0235));
#9535=CARTESIAN_POINT('',(-0.313352647569444,-0.171717447916666,-0.0235));
#9536=CARTESIAN_POINT('',(-0.314364531614704,-0.167580054077929,-0.0234999999999999));
#9537=CARTESIAN_POINT('',(-0.314365190972222,-0.171839344618056,-0.0235));
#9538=CARTESIAN_POINT('',(-0.316878754340278,-0.171238758680556,0.));
#9539=CARTESIAN_POINT('',(-0.316878754340278,-0.171238758680556,0.0015));
#9540=CARTESIAN_POINT('',(-0.316300412326389,-0.171639149305555,0.));
#9541=CARTESIAN_POINT('',(-0.316300412326389,-0.171639149305555,0.0015));
#9542=CARTESIAN_POINT('',(-0.31546255787037,-0.171839344618056,0.));
#9543=CARTESIAN_POINT('',(-0.31546255787037,-0.171839344618056,0.0015));
#9544=CARTESIAN_POINT('',(-0.314365190972222,-0.171839344618056,0.));
#9545=CARTESIAN_POINT('',(-0.314365190972222,-0.171839344618056,0.0015));
#9546=CARTESIAN_POINT('',(-0.316878754340278,-0.171238758680556,-0.0235));
#9547=CARTESIAN_POINT('',(-0.317746267361111,-0.169282183159722,0.));
#9548=CARTESIAN_POINT('',(-0.317746267361111,-0.169282183159722,0.0015));
#9549=CARTESIAN_POINT('',(-0.317746267361111,-0.170186176215278,0.));
#9550=CARTESIAN_POINT('',(-0.317746267361111,-0.170186176215278,0.0015));
#9551=CARTESIAN_POINT('',(-0.317457096354167,-0.170838368055556,0.));
#9552=CARTESIAN_POINT('',(-0.317457096354167,-0.170838368055556,0.0015));
#9553=CARTESIAN_POINT('',(-0.316878754340278,-0.171238758680556,0.));
#9554=CARTESIAN_POINT('',(-0.316878754340278,-0.171238758680556,0.0015));
#9555=CARTESIAN_POINT('',(-0.317746267361111,-0.169282183159722,-0.0235));
#9556=CARTESIAN_POINT('',(-0.317746267361111,-0.168847981770834,-0.0235));
#9557=CARTESIAN_POINT('',(-0.317746267361111,-0.168413780381945,-0.0235));
#9558=CARTESIAN_POINT('',(-0.318235633680556,-0.168413780381945,-0.0235));
#9559=CARTESIAN_POINT('',(-0.318725,-0.168413780381945,-0.0235));
#9560=CARTESIAN_POINT('',(-0.318725,-0.169070421006944,-0.0235));
#9561=CARTESIAN_POINT('',(-0.318725,-0.169727061631945,-0.0235));
#9562=CARTESIAN_POINT('',(-0.314071848938221,-0.169571551204275,-0.0234999999999994));
#9563=CARTESIAN_POINT('',(-0.318685850694444,-0.170204861111111,-0.0235));
#9564=CARTESIAN_POINT('',(-0.318507899305556,-0.170916666666666,0.));
#9565=CARTESIAN_POINT('',(-0.318507899305556,-0.170916666666666,0.0015));
#9566=CARTESIAN_POINT('',(-0.318600434027778,-0.170657450810185,0.));
#9567=CARTESIAN_POINT('',(-0.318600434027778,-0.170657450810185,0.0015));
#9568=CARTESIAN_POINT('',(-0.318659751157407,-0.170420182291667,0.));
#9569=CARTESIAN_POINT('',(-0.318659751157407,-0.170420182291667,0.0015));
#9570=CARTESIAN_POINT('',(-0.318685850694444,-0.170204861111111,0.));
#9571=CARTESIAN_POINT('',(-0.318685850694444,-0.170204861111111,0.0015));
#9572=CARTESIAN_POINT('',(-0.318507899305556,-0.170916666666666,-0.0235));
#9573=CARTESIAN_POINT('',(-0.315012891055657,-0.169609956301008,-0.0234999999999999));
#9574=CARTESIAN_POINT('',(-0.318090603298611,-0.171722786458333,-0.0235));
#9575=CARTESIAN_POINT('',(-0.317328971354166,-0.172473741319445,0.));
#9576=CARTESIAN_POINT('',(-0.317328971354166,-0.172473741319445,0.0015));
#9577=CARTESIAN_POINT('',(-0.317651063368055,-0.172251302083334,0.));
#9578=CARTESIAN_POINT('',(-0.317651063368055,-0.172251302083334,0.0015));
#9579=CARTESIAN_POINT('',(-0.31790494068287,-0.172000983796296,0.));
#9580=CARTESIAN_POINT('',(-0.31790494068287,-0.172000983796296,0.0015));
#9581=CARTESIAN_POINT('',(-0.318090603298611,-0.171722786458333,0.));
#9582=CARTESIAN_POINT('',(-0.318090603298611,-0.171722786458333,0.0015));
#9583=CARTESIAN_POINT('',(-0.317328971354166,-0.172473741319445,-0.0235));
#9584=CARTESIAN_POINT('',(-0.316127799479166,-0.173024500868056,0.));
#9585=CARTESIAN_POINT('',(-0.316127799479166,-0.173024500868056,0.0015));
#9586=CARTESIAN_POINT('',(-0.316606488715278,-0.172879767071759,0.));
#9587=CARTESIAN_POINT('',(-0.316606488715278,-0.172879767071759,0.0015));
#9588=CARTESIAN_POINT('',(-0.317006879340278,-0.172696180555555,0.));
#9589=CARTESIAN_POINT('',(-0.317006879340278,-0.172696180555555,0.0015));
#9590=CARTESIAN_POINT('',(-0.317328971354166,-0.172473741319445,0.));
#9591=CARTESIAN_POINT('',(-0.317328971354166,-0.172473741319445,0.0015));
#9592=CARTESIAN_POINT('',(-0.316127799479166,-0.173024500868056,-0.0235));
#9593=CARTESIAN_POINT('',(-0.314399001736111,-0.1732416015625,0.));
#9594=CARTESIAN_POINT('',(-0.314399001736111,-0.1732416015625,0.0015));
#9595=CARTESIAN_POINT('',(-0.315072844328704,-0.1732416015625,0.));
#9596=CARTESIAN_POINT('',(-0.315072844328704,-0.1732416015625,0.0015));
#9597=CARTESIAN_POINT('',(-0.315649110243055,-0.173169234664352,0.));
#9598=CARTESIAN_POINT('',(-0.315649110243055,-0.173169234664352,0.0015));
#9599=CARTESIAN_POINT('',(-0.316127799479166,-0.173024500868056,0.));
#9600=CARTESIAN_POINT('',(-0.316127799479166,-0.173024500868056,0.0015));
#9601=CARTESIAN_POINT('',(-0.314399001736111,-0.1732416015625,-0.0235));
#9602=CARTESIAN_POINT('',(-0.314396289030377,-0.169142243966886,-0.0234999999999999));
#9603=CARTESIAN_POINT('',(-0.312969162326389,-0.1729853515625,-0.0235));
#9604=CARTESIAN_POINT('',(-0.314210327309265,-0.169614693116217,-0.0235));
#9605=CARTESIAN_POINT('',(-0.311728841145833,-0.172212152777778,-0.0235));
#9606=CARTESIAN_POINT('',(-0.310855989583333,-0.170911328125,0.));
#9607=CARTESIAN_POINT('',(-0.310855989583333,-0.170911328125,0.0015));
#9608=CARTESIAN_POINT('',(-0.311074276620371,-0.171433912037037,0.));
#9609=CARTESIAN_POINT('',(-0.311074276620371,-0.171433912037037,0.0015));
#9610=CARTESIAN_POINT('',(-0.311365227141204,-0.17186752025463,0.));
#9611=CARTESIAN_POINT('',(-0.311365227141204,-0.17186752025463,0.0015));
#9612=CARTESIAN_POINT('',(-0.311728841145833,-0.172212152777778,0.));
#9613=CARTESIAN_POINT('',(-0.311728841145833,-0.172212152777778,0.0015));
#9614=CARTESIAN_POINT('',(-0.338498774148747,-0.166443054595365,-0.0235));
#9615=CARTESIAN_POINT('',(-0.314387434895834,-0.178374609375,-0.0235));
#9616=CARTESIAN_POINT('',(-0.314030606255461,-0.177624544270834,0.));
#9617=CARTESIAN_POINT('',(-0.314681944444444,-0.177624544270834,-0.0235));
#9618=CARTESIAN_POINT('',(-0.315333246527777,-0.177624544270834,-0.0235));
#9619=CARTESIAN_POINT('',(-0.315811046006944,-0.178280295138889,0.));
#9620=CARTESIAN_POINT('',(-0.315811046006944,-0.178280295138889,0.0015));
#9621=CARTESIAN_POINT('',(-0.315640805844907,-0.178110054976852,0.));
#9622=CARTESIAN_POINT('',(-0.315640805844907,-0.178110054976852,0.0015));
#9623=CARTESIAN_POINT('',(-0.315481539351852,-0.177891471354167,0.));
#9624=CARTESIAN_POINT('',(-0.315481539351852,-0.177891471354167,0.0015));
#9625=CARTESIAN_POINT('',(-0.315333246527778,-0.177624544270834,0.));
#9626=CARTESIAN_POINT('',(-0.315333246527778,-0.177624544270834,0.0015));
#9627=CARTESIAN_POINT('',(-0.315811046006944,-0.178280295138889,-0.0235));
#9628=CARTESIAN_POINT('',(-0.316456119791666,-0.178535655381945,0.));
#9629=CARTESIAN_POINT('',(-0.316456119791666,-0.178535655381945,0.0015));
#9630=CARTESIAN_POINT('',(-0.316196310763889,-0.178535655381945,0.));
#9631=CARTESIAN_POINT('',(-0.316196310763889,-0.178535655381945,0.0015));
#9632=CARTESIAN_POINT('',(-0.315981286168982,-0.178450535300926,0.));
#9633=CARTESIAN_POINT('',(-0.315981286168982,-0.178450535300926,0.0015));
#9634=CARTESIAN_POINT('',(-0.315811046006944,-0.178280295138889,0.));
#9635=CARTESIAN_POINT('',(-0.315811046006944,-0.178280295138889,0.0015));
#9636=CARTESIAN_POINT('',(-0.316456119791666,-0.178535655381945,-0.0235));
#9637=CARTESIAN_POINT('',(-0.31766796875,-0.177624544270834,0.));
#9638=CARTESIAN_POINT('',(-0.31766796875,-0.177624544270834,0.0015));
#9639=CARTESIAN_POINT('',(-0.317519675925926,-0.178231951678241,0.));
#9640=CARTESIAN_POINT('',(-0.317519675925926,-0.178231951678241,0.0015));
#9641=CARTESIAN_POINT('',(-0.317115726273148,-0.178535655381945,0.));
#9642=CARTESIAN_POINT('',(-0.317115726273148,-0.178535655381945,0.0015));
#9643=CARTESIAN_POINT('',(-0.316456119791666,-0.178535655381945,0.));
#9644=CARTESIAN_POINT('',(-0.316456119791666,-0.178535655381945,0.0015));
#9645=CARTESIAN_POINT('',(-0.31766796875,-0.177624544270834,-0.0235));
#9646=CARTESIAN_POINT('',(-0.318201822916667,-0.177624544270834,-0.0235));
#9647=CARTESIAN_POINT('',(-0.318734683548522,-0.177624544270834,0.));
#9648=CARTESIAN_POINT('',(-0.316088636378333,-0.177321457277683,-0.0234999999999999));
#9649=CARTESIAN_POINT('',(-0.318458072916667,-0.178535655381945,-0.0235));
#9650=CARTESIAN_POINT('',(-0.316333623359327,-0.177442803550135,-0.0234999999999999));
#9651=CARTESIAN_POINT('',(-0.317940234375,-0.179209201388889,-0.0235));
#9652=CARTESIAN_POINT('',(-0.316420171342905,-0.177514070417004,-0.0234999999999999));
#9653=CARTESIAN_POINT('',(-0.317256011284722,-0.1796318359375,-0.0235));
#9654=CARTESIAN_POINT('',(-0.316477575213697,-0.177682512297863,-0.0235));
#9655=CARTESIAN_POINT('',(-0.316477473958334,-0.179781315104167,-0.0235));
#9656=CARTESIAN_POINT('',(-0.315510308159722,-0.179581119791667,0.));
#9657=CARTESIAN_POINT('',(-0.315510308159722,-0.179581119791667,0.0015));
#9658=CARTESIAN_POINT('',(-0.315769524016204,-0.179714583333333,0.));
#9659=CARTESIAN_POINT('',(-0.315769524016204,-0.179714583333333,0.0015));
#9660=CARTESIAN_POINT('',(-0.316091912615741,-0.179781315104167,0.));
#9661=CARTESIAN_POINT('',(-0.316091912615741,-0.179781315104167,0.0015));
#9662=CARTESIAN_POINT('',(-0.316477473958334,-0.179781315104167,0.));
#9663=CARTESIAN_POINT('',(-0.316477473958334,-0.179781315104167,0.0015));
#9664=CARTESIAN_POINT('',(-0.315510308159722,-0.179581119791667,-0.0235));
#9665=CARTESIAN_POINT('',(-0.316507834532938,-0.177605876237505,-0.0235));
#9666=CARTESIAN_POINT('',(-0.31484921875,-0.179069509548611,-0.0235));
#9667=CARTESIAN_POINT('',(-0.317271423243326,-0.176960438271251,-0.0234999999999999));
#9668=CARTESIAN_POINT('',(-0.314587630208334,-0.121778059895833,0.));
#9669=CARTESIAN_POINT('',(-0.314587630208334,-0.121778059895833,0.0015));
#9670=CARTESIAN_POINT('',(-0.313928023726852,-0.121778059895833,0.));
#9671=CARTESIAN_POINT('',(-0.313928023726852,-0.121778059895833,0.0015));
#9672=CARTESIAN_POINT('',(-0.313344046585648,-0.121857841435185,0.));
#9673=CARTESIAN_POINT('',(-0.313344046585648,-0.121857841435185,0.0015));
#9674=CARTESIAN_POINT('',(-0.312835698784723,-0.122017404513889,0.));
#9675=CARTESIAN_POINT('',(-0.312835698784723,-0.122017404513889,0.0015));
#9676=CARTESIAN_POINT('',(-0.312835698784723,-0.122017404513889,-0.0235));
#9677=CARTESIAN_POINT('',(-0.314587630208334,-0.121778059895833,-0.0235));
#9678=CARTESIAN_POINT('',(-0.316344900173611,-0.122017404513889,0.));
#9679=CARTESIAN_POINT('',(-0.316344900173611,-0.122017404513889,0.0015));
#9680=CARTESIAN_POINT('',(-0.315832993344907,-0.121857841435185,0.));
#9681=CARTESIAN_POINT('',(-0.315832993344907,-0.121857841435185,0.0015));
#9682=CARTESIAN_POINT('',(-0.315247236689815,-0.121778059895833,0.));
#9683=CARTESIAN_POINT('',(-0.315247236689815,-0.121778059895833,0.0015));
#9684=CARTESIAN_POINT('',(-0.314587630208334,-0.121778059895833,0.));
#9685=CARTESIAN_POINT('',(-0.314587630208334,-0.121778059895833,0.0015));
#9686=CARTESIAN_POINT('',(-0.316344900173611,-0.122017404513889,-0.0235));
#9687=CARTESIAN_POINT('',(-0.317640386284722,-0.122684722222222,0.));
#9688=CARTESIAN_POINT('',(-0.317640386284722,-0.122684722222222,0.0015));
#9689=CARTESIAN_POINT('',(-0.317288635706018,-0.122399406828704,0.));
#9690=CARTESIAN_POINT('',(-0.317288635706018,-0.122399406828704,0.0015));
#9691=CARTESIAN_POINT('',(-0.316856807002315,-0.122176967592593,0.));
#9692=CARTESIAN_POINT('',(-0.316856807002315,-0.122176967592593,0.0015));
#9693=CARTESIAN_POINT('',(-0.316344900173611,-0.122017404513889,0.));
#9694=CARTESIAN_POINT('',(-0.316344900173611,-0.122017404513889,0.0015));
#9695=CARTESIAN_POINT('',(-0.317640386284722,-0.122684722222222,-0.0235));
#9696=CARTESIAN_POINT('',(-0.315805313545831,-0.124982784850944,-0.0235));
#9697=CARTESIAN_POINT('',(-0.318451844618055,-0.123702604166667,-0.0235));
#9698=CARTESIAN_POINT('',(-0.315376111273979,-0.125173304653746,-0.0235));
#9699=CARTESIAN_POINT('',(-0.318779659586853,-0.1249705078125,0.));
#9700=CARTESIAN_POINT('',(-0.318229405381944,-0.1249705078125,-0.0235));
#9701=CARTESIAN_POINT('',(-0.317678921658166,-0.1249705078125,0.));
#9702=CARTESIAN_POINT('',(-0.316024823572646,-0.125121176199177,-0.0235));
#9703=CARTESIAN_POINT('',(-0.3174517578125,-0.124270269097222,-0.0235));
#9704=CARTESIAN_POINT('',(-0.316878754340278,-0.123686588541667,0.));
#9705=CARTESIAN_POINT('',(-0.316878754340278,-0.123686588541667,0.0015));
#9706=CARTESIAN_POINT('',(-0.317130852141204,-0.123853269675926,0.));
#9707=CARTESIAN_POINT('',(-0.317130852141204,-0.123853269675926,0.0015));
#9708=CARTESIAN_POINT('',(-0.317321853298611,-0.124047829861111,0.));
#9709=CARTESIAN_POINT('',(-0.317321853298611,-0.124047829861111,0.0015));
#9710=CARTESIAN_POINT('',(-0.3174517578125,-0.124270269097222,0.));
#9711=CARTESIAN_POINT('',(-0.3174517578125,-0.124270269097222,0.0015));
#9712=CARTESIAN_POINT('',(-0.316878754340278,-0.123686588541667,-0.0235));
#9713=CARTESIAN_POINT('',(-0.315939171006945,-0.123291536458333,0.));
#9714=CARTESIAN_POINT('',(-0.315939171006945,-0.123291536458333,0.0015));
#9715=CARTESIAN_POINT('',(-0.316313462094907,-0.12338822337963,0.));
#9716=CARTESIAN_POINT('',(-0.316313462094907,-0.12338822337963,0.0015));
#9717=CARTESIAN_POINT('',(-0.316626656539352,-0.123519907407408,0.));
#9718=CARTESIAN_POINT('',(-0.316626656539352,-0.123519907407408,0.0015));
#9719=CARTESIAN_POINT('',(-0.316878754340278,-0.123686588541667,0.));
#9720=CARTESIAN_POINT('',(-0.316878754340278,-0.123686588541667,0.0015));
#9721=CARTESIAN_POINT('',(-0.315939171006945,-0.123291536458333,-0.0235));
#9722=CARTESIAN_POINT('',(-0.314587630208334,-0.123135828993056,0.));
#9723=CARTESIAN_POINT('',(-0.314587630208334,-0.123135828993056,0.0015));
#9724=CARTESIAN_POINT('',(-0.315114366319445,-0.123142947048611,0.));
#9725=CARTESIAN_POINT('',(-0.315114366319445,-0.123142947048611,0.0015));
#9726=CARTESIAN_POINT('',(-0.315564879918981,-0.123194849537037,0.));
#9727=CARTESIAN_POINT('',(-0.315564879918981,-0.123194849537037,0.0015));
#9728=CARTESIAN_POINT('',(-0.315939171006945,-0.123291536458333,0.));
#9729=CARTESIAN_POINT('',(-0.315939171006945,-0.123291536458333,0.0015));
#9730=CARTESIAN_POINT('',(-0.314587630208334,-0.123135828993056,-0.0235));
#9731=CARTESIAN_POINT('',(-0.313241427951389,-0.123291536458333,0.));
#9732=CARTESIAN_POINT('',(-0.313241427951389,-0.123291536458333,0.0015));
#9733=CARTESIAN_POINT('',(-0.31361927806713,-0.123194849537037,0.));
#9734=CARTESIAN_POINT('',(-0.31361927806713,-0.123194849537037,0.0015));
#9735=CARTESIAN_POINT('',(-0.314068012152778,-0.123142947048611,0.));
#9736=CARTESIAN_POINT('',(-0.314068012152778,-0.123142947048611,0.0015));
#9737=CARTESIAN_POINT('',(-0.314587630208334,-0.123135828993056,0.));
#9738=CARTESIAN_POINT('',(-0.314587630208334,-0.123135828993056,0.0015));
#9739=CARTESIAN_POINT('',(-0.313241427951389,-0.123291536458333,-0.0235));
#9740=CARTESIAN_POINT('',(-0.312307183159722,-0.12368125,0.));
#9741=CARTESIAN_POINT('',(-0.312307183159722,-0.12368125,0.0015));
#9742=CARTESIAN_POINT('',(-0.312552162905093,-0.123518127893519,0.));
#9743=CARTESIAN_POINT('',(-0.312552162905093,-0.123518127893519,0.0015));
#9744=CARTESIAN_POINT('',(-0.312863577835648,-0.12338822337963,0.));
#9745=CARTESIAN_POINT('',(-0.312863577835648,-0.12338822337963,0.0015));
#9746=CARTESIAN_POINT('',(-0.313241427951389,-0.123291536458333,0.));
#9747=CARTESIAN_POINT('',(-0.313241427951389,-0.123291536458333,0.0015));
#9748=CARTESIAN_POINT('',(-0.312307183159722,-0.12368125,-0.0235));
#9749=CARTESIAN_POINT('',(-0.311751085069444,-0.124259592013889,0.));
#9750=CARTESIAN_POINT('',(-0.311751085069444,-0.124259592013889,0.0015));
#9751=CARTESIAN_POINT('',(-0.311876837384259,-0.124037152777778,0.));
#9752=CARTESIAN_POINT('',(-0.311876837384259,-0.124037152777778,0.0015));
#9753=CARTESIAN_POINT('',(-0.312062203414352,-0.123844372106481,0.));
#9754=CARTESIAN_POINT('',(-0.312062203414352,-0.123844372106481,0.0015));
#9755=CARTESIAN_POINT('',(-0.312307183159722,-0.12368125,0.));
#9756=CARTESIAN_POINT('',(-0.312307183159722,-0.12368125,0.0015));
#9757=CARTESIAN_POINT('',(-0.311751085069444,-0.124259592013889,-0.0235));
#9758=CARTESIAN_POINT('',(-0.313381949516772,-0.125188357912828,-0.0235));
#9759=CARTESIAN_POINT('',(-0.31151796875,-0.1249705078125,-0.0235));
#9760=CARTESIAN_POINT('',(-0.310961870659722,-0.1249705078125,-0.0235));
#9761=CARTESIAN_POINT('',(-0.310406541166902,-0.1249705078125,0.));
#9762=CARTESIAN_POINT('',(-0.313785883721772,-0.125159563921452,-0.0235));
#9763=CARTESIAN_POINT('',(-0.310734092881945,-0.123697265625,-0.0235));
#9764=CARTESIAN_POINT('',(-0.313388299023728,-0.124996224406868,-0.0235));
#9765=CARTESIAN_POINT('',(-0.311545551215278,-0.122684722222222,-0.0235));
#9766=CARTESIAN_POINT('',(-0.312835698784723,-0.122017404513889,0.));
#9767=CARTESIAN_POINT('',(-0.312835698784723,-0.122017404513889,0.0015));
#9768=CARTESIAN_POINT('',(-0.312327350983796,-0.122176967592593,0.));
#9769=CARTESIAN_POINT('',(-0.312327350983796,-0.122176967592593,0.0015));
#9770=CARTESIAN_POINT('',(-0.311897301793982,-0.122399406828704,0.));
#9771=CARTESIAN_POINT('',(-0.311897301793982,-0.122399406828704,0.0015));
#9772=CARTESIAN_POINT('',(-0.311545551215278,-0.122684722222222,0.));
#9773=CARTESIAN_POINT('',(-0.311545551215278,-0.122684722222222,0.0015));
#9774=CARTESIAN_POINT('',(-0.313574226067379,-0.125279827939479,-0.0235));
#9775=CARTESIAN_POINT('',(-0.310728754340278,-0.126677951388889,-0.0235));
#9776=CARTESIAN_POINT('',(-0.310406360829957,-0.125415386284722,0.));
#9777=CARTESIAN_POINT('',(-0.310956532118056,-0.125415386284722,-0.0235));
#9778=CARTESIAN_POINT('',(-0.311507015841834,-0.125415386284722,0.));
#9779=CARTESIAN_POINT('',(-0.313161113927353,-0.125264717898045,-0.0235));
#9780=CARTESIAN_POINT('',(-0.3117341796875,-0.126115625,-0.0235));
#9781=CARTESIAN_POINT('',(-0.312301844618055,-0.1267001953125,0.));
#9782=CARTESIAN_POINT('',(-0.312301844618055,-0.1267001953125,0.0015));
#9783=CARTESIAN_POINT('',(-0.312053305844907,-0.126532921006945,0.));
#9784=CARTESIAN_POINT('',(-0.312053305844907,-0.126532921006945,0.0015));
#9785=CARTESIAN_POINT('',(-0.311864084201389,-0.126338064236111,0.));
#9786=CARTESIAN_POINT('',(-0.311864084201389,-0.126338064236111,0.0015));
#9787=CARTESIAN_POINT('',(-0.3117341796875,-0.126115625,0.));
#9788=CARTESIAN_POINT('',(-0.3117341796875,-0.126115625,0.0015));
#9789=CARTESIAN_POINT('',(-0.312301844618055,-0.1267001953125,-0.0235));
#9790=CARTESIAN_POINT('',(-0.313236089409722,-0.127095247395833,0.));
#9791=CARTESIAN_POINT('',(-0.313236089409722,-0.127095247395833,0.0015));
#9792=CARTESIAN_POINT('',(-0.312861798321759,-0.126999153645833,0.));
#9793=CARTESIAN_POINT('',(-0.312861798321759,-0.126999153645833,0.0015));
#9794=CARTESIAN_POINT('',(-0.312550383391204,-0.126867469618056,0.));
#9795=CARTESIAN_POINT('',(-0.312550383391204,-0.126867469618056,0.0015));
#9796=CARTESIAN_POINT('',(-0.312301844618055,-0.1267001953125,0.));
#9797=CARTESIAN_POINT('',(-0.312301844618055,-0.1267001953125,0.0015));
#9798=CARTESIAN_POINT('',(-0.313236089409722,-0.127095247395833,-0.0235));
#9799=CARTESIAN_POINT('',(-0.314587630208334,-0.127250065104167,0.));
#9800=CARTESIAN_POINT('',(-0.314587630208334,-0.127250065104167,0.0015));
#9801=CARTESIAN_POINT('',(-0.314060894097222,-0.127242947048611,0.));
#9802=CARTESIAN_POINT('',(-0.314060894097222,-0.127242947048611,0.0015));
#9803=CARTESIAN_POINT('',(-0.313610380497685,-0.127191341145833,0.));
#9804=CARTESIAN_POINT('',(-0.313610380497685,-0.127191341145833,0.0015));
#9805=CARTESIAN_POINT('',(-0.313236089409722,-0.127095247395833,0.));
#9806=CARTESIAN_POINT('',(-0.313236089409722,-0.127095247395833,0.0015));
#9807=CARTESIAN_POINT('',(-0.314587630208334,-0.127250065104167,-0.0235));
#9808=CARTESIAN_POINT('',(-0.315939171006945,-0.127095247395833,0.));
#9809=CARTESIAN_POINT('',(-0.315939171006945,-0.127095247395833,0.0015));
#9810=CARTESIAN_POINT('',(-0.315564879918981,-0.127191341145833,0.));
#9811=CARTESIAN_POINT('',(-0.315564879918981,-0.127191341145833,0.0015));
#9812=CARTESIAN_POINT('',(-0.315114366319445,-0.127242947048611,0.));
#9813=CARTESIAN_POINT('',(-0.315114366319445,-0.127242947048611,0.0015));
#9814=CARTESIAN_POINT('',(-0.314587630208334,-0.127250065104167,0.));
#9815=CARTESIAN_POINT('',(-0.314587630208334,-0.127250065104167,0.0015));
#9816=CARTESIAN_POINT('',(-0.315939171006945,-0.127095247395833,-0.0235));
#9817=CARTESIAN_POINT('',(-0.316873415798611,-0.126706423611111,0.));
#9818=CARTESIAN_POINT('',(-0.316873415798611,-0.126706423611111,0.0015));
#9819=CARTESIAN_POINT('',(-0.316624877025463,-0.126869545717593,0.));
#9820=CARTESIAN_POINT('',(-0.316624877025463,-0.126869545717593,0.0015));
#9821=CARTESIAN_POINT('',(-0.316313462094907,-0.126999153645833,0.));
#9822=CARTESIAN_POINT('',(-0.316313462094907,-0.126999153645833,0.0015));
#9823=CARTESIAN_POINT('',(-0.315939171006945,-0.127095247395833,0.));
#9824=CARTESIAN_POINT('',(-0.315939171006945,-0.127095247395833,0.0015));
#9825=CARTESIAN_POINT('',(-0.316873415798611,-0.126706423611111,-0.0235));
#9826=CARTESIAN_POINT('',(-0.317440190972222,-0.126128081597222,0.));
#9827=CARTESIAN_POINT('',(-0.317440190972222,-0.126128081597222,0.0015));
#9828=CARTESIAN_POINT('',(-0.31731087962963,-0.126350520833333,0.));
#9829=CARTESIAN_POINT('',(-0.31731087962963,-0.126350520833333,0.0015));
#9830=CARTESIAN_POINT('',(-0.317121954571759,-0.12654330150463,0.));
#9831=CARTESIAN_POINT('',(-0.317121954571759,-0.12654330150463,0.0015));
#9832=CARTESIAN_POINT('',(-0.316873415798611,-0.126706423611111,0.));
#9833=CARTESIAN_POINT('',(-0.316873415798611,-0.126706423611111,0.0015));
#9834=CARTESIAN_POINT('',(-0.317440190972222,-0.126128081597222,-0.0235));
#9835=CARTESIAN_POINT('',(-0.315864125417982,-0.125204126870727,-0.0235));
#9836=CARTESIAN_POINT('',(-0.317678645833333,-0.125415386284722,-0.0235));
#9837=CARTESIAN_POINT('',(-0.318229405381944,-0.125415386284722,-0.0235));
#9838=CARTESIAN_POINT('',(-0.318779263772715,-0.125415386284722,0.));
#9839=CARTESIAN_POINT('',(-0.315447213398982,-0.125234062135638,-0.0235));
#9840=CARTESIAN_POINT('',(-0.318451844618055,-0.1266841796875,-0.0235));
#9841=CARTESIAN_POINT('',(-0.315788080292518,-0.125362616142497,-0.0235));
#9842=CARTESIAN_POINT('',(-0.317640386284722,-0.127690494791667,-0.0235));
#9843=CARTESIAN_POINT('',(-0.316344900173611,-0.128363151041667,0.));
#9844=CARTESIAN_POINT('',(-0.316344900173611,-0.128363151041667,0.0015));
#9845=CARTESIAN_POINT('',(-0.316856807002315,-0.128200028935185,0.));
#9846=CARTESIAN_POINT('',(-0.316856807002315,-0.128200028935185,0.0015));
#9847=CARTESIAN_POINT('',(-0.317288635706018,-0.127975810185185,0.));
#9848=CARTESIAN_POINT('',(-0.317288635706018,-0.127975810185185,0.0015));
#9849=CARTESIAN_POINT('',(-0.317640386284722,-0.127690494791667,0.));
#9850=CARTESIAN_POINT('',(-0.317640386284722,-0.127690494791667,0.0015));
#9851=CARTESIAN_POINT('',(-0.316344900173611,-0.128363151041667,-0.0235));
#9852=CARTESIAN_POINT('',(-0.314587630208334,-0.128607834201389,0.));
#9853=CARTESIAN_POINT('',(-0.314587630208334,-0.128607834201389,0.0015));
#9854=CARTESIAN_POINT('',(-0.315247236689815,-0.128607834201389,0.));
#9855=CARTESIAN_POINT('',(-0.315247236689815,-0.128607834201389,0.0015));
#9856=CARTESIAN_POINT('',(-0.315832993344907,-0.128526273148148,0.));
#9857=CARTESIAN_POINT('',(-0.315832993344907,-0.128526273148148,0.0015));
#9858=CARTESIAN_POINT('',(-0.316344900173611,-0.128363151041667,0.));
#9859=CARTESIAN_POINT('',(-0.316344900173611,-0.128363151041667,0.0015));
#9860=CARTESIAN_POINT('',(-0.314587630208334,-0.128607834201389,-0.0235));
#9861=CARTESIAN_POINT('',(-0.312835698784723,-0.128363151041667,0.));
#9862=CARTESIAN_POINT('',(-0.312835698784723,-0.128363151041667,0.0015));
#9863=CARTESIAN_POINT('',(-0.313344046585648,-0.128526273148148,0.));
#9864=CARTESIAN_POINT('',(-0.313344046585648,-0.128526273148148,0.0015));
#9865=CARTESIAN_POINT('',(-0.313928023726852,-0.128607834201389,0.));
#9866=CARTESIAN_POINT('',(-0.313928023726852,-0.128607834201389,0.0015));
#9867=CARTESIAN_POINT('',(-0.314587630208334,-0.128607834201389,0.));
#9868=CARTESIAN_POINT('',(-0.314587630208334,-0.128607834201389,0.0015));
#9869=CARTESIAN_POINT('',(-0.312835698784723,-0.128363151041667,-0.0235));
#9870=CARTESIAN_POINT('',(-0.311545551215278,-0.127690494791667,0.));
#9871=CARTESIAN_POINT('',(-0.311545551215278,-0.127690494791667,0.0015));
#9872=CARTESIAN_POINT('',(-0.311897301793982,-0.127975810185185,0.));
#9873=CARTESIAN_POINT('',(-0.311897301793982,-0.127975810185185,0.0015));
#9874=CARTESIAN_POINT('',(-0.312327350983796,-0.128200028935185,0.));
#9875=CARTESIAN_POINT('',(-0.312327350983796,-0.128200028935185,0.0015));
#9876=CARTESIAN_POINT('',(-0.312835698784723,-0.128363151041667,0.));
#9877=CARTESIAN_POINT('',(-0.312835698784723,-0.128363151041667,0.0015));
#9878=CARTESIAN_POINT('',(-0.311545551215278,-0.127690494791667,-0.0235));
#9879=CARTESIAN_POINT('',(-0.313426353547243,-0.125334542871619,-0.0235));
#9880=CARTESIAN_POINT('',(-0.310528559027778,-0.131198806423611,-0.0235));
#9881=CARTESIAN_POINT('',(-0.310528559027778,-0.131876801215278,-0.0235));
#9882=CARTESIAN_POINT('',(-0.310528559027778,-0.130520811631944,-0.0235));
#9883=CARTESIAN_POINT('',(-0.314626779513889,-0.130520811631944,-0.0235));
#9884=CARTESIAN_POINT('',(-0.318725,-0.130520811631944,-0.0235));
#9885=CARTESIAN_POINT('',(-0.318725,-0.131198806423611,-0.0235));
#9886=CARTESIAN_POINT('',(-0.318725,-0.131876801215278,-0.0235));
#9887=CARTESIAN_POINT('',(-0.314626779513889,-0.131876801215278,-0.0235));
#9888=CARTESIAN_POINT('',(-0.315032508680555,-0.133818250868056,-0.0235));
#9889=CARTESIAN_POINT('',(-0.315032508680555,-0.132334136284722,-0.0235));
#9890=CARTESIAN_POINT('',(-0.315032508680555,-0.135302365451389,-0.0235));
#9891=CARTESIAN_POINT('',(-0.314576063368055,-0.135302365451389,-0.0235));
#9892=CARTESIAN_POINT('',(-0.314119618055555,-0.135302365451389,-0.0235));
#9893=CARTESIAN_POINT('',(-0.314119618055555,-0.133818250868056,-0.0235));
#9894=CARTESIAN_POINT('',(-0.314119618055555,-0.132334136284722,-0.0235));
#9895=CARTESIAN_POINT('',(-0.314576063368055,-0.132334136284722,-0.0235));
#9896=CARTESIAN_POINT('',(-0.311033940972222,-0.135647591145833,-0.0235));
#9897=CARTESIAN_POINT('',(-0.311539322916667,-0.135647591145833,-0.0235));
#9898=CARTESIAN_POINT('',(-0.310528559027778,-0.135647591145833,-0.0235));
#9899=CARTESIAN_POINT('',(-0.310528559027778,-0.133990863715278,-0.0235));
#9900=CARTESIAN_POINT('',(-0.310528559027778,-0.132334136284722,-0.0235));
#9901=CARTESIAN_POINT('',(-0.311033940972222,-0.132334136284722,-0.0235));
#9902=CARTESIAN_POINT('',(-0.311539322916667,-0.132334136284722,-0.0235));
#9903=CARTESIAN_POINT('',(-0.311539322916667,-0.133990863715278,-0.0235));
#9904=CARTESIAN_POINT('',(-0.310984114583333,-0.145892252604167,-0.0235));
#9905=CARTESIAN_POINT('',(-0.311439670138889,-0.145892252604167,-0.0235));
#9906=CARTESIAN_POINT('',(-0.310528559027778,-0.145892252604167,-0.0235));
#9907=CARTESIAN_POINT('',(-0.310528559027778,-0.142772764756944,-0.0235));
#9908=CARTESIAN_POINT('',(-0.310528559027778,-0.139653276909722,-0.0235));
#9909=CARTESIAN_POINT('',(-0.310984114583333,-0.139653276909722,-0.0235));
#9910=CARTESIAN_POINT('',(-0.311439670138889,-0.139653276909722,-0.0235));
#9911=CARTESIAN_POINT('',(-0.311439670138889,-0.140876692708333,-0.0235));
#9912=CARTESIAN_POINT('',(-0.311439670138889,-0.142100108506944,-0.0235));
#9913=CARTESIAN_POINT('',(-0.315082335069444,-0.142100108506944,-0.0235));
#9914=CARTESIAN_POINT('',(-0.318725,-0.142100108506944,-0.0235));
#9915=CARTESIAN_POINT('',(-0.318725,-0.142772764756944,-0.0235));
#9916=CARTESIAN_POINT('',(-0.318725,-0.143445421006944,-0.0235));
#9917=CARTESIAN_POINT('',(-0.315082335069444,-0.143445421006944,-0.0235));
#9918=CARTESIAN_POINT('',(-0.311439670138889,-0.143445421006944,-0.0235));
#9919=CARTESIAN_POINT('',(-0.311439670138889,-0.144668836805556,-0.0235));
#9920=CARTESIAN_POINT('',(-0.314626779513889,-0.153745247395834,-0.0235));
#9921=CARTESIAN_POINT('',(-0.318725,-0.153745247395834,-0.0235));
#9922=CARTESIAN_POINT('',(-0.310528559027778,-0.153745247395834,-0.0235));
#9923=CARTESIAN_POINT('',(-0.310528559027778,-0.1530779296875,-0.0235));
#9924=CARTESIAN_POINT('',(-0.310528559027778,-0.152410611979166,-0.0235));
#9925=CARTESIAN_POINT('',(-0.312324088541666,-0.152410611979166,-0.0235));
#9926=CARTESIAN_POINT('',(-0.314119618055555,-0.152410611979166,-0.0235));
#9927=CARTESIAN_POINT('',(-0.314119618055555,-0.150864214409723,-0.0235));
#9928=CARTESIAN_POINT('',(-0.314119618055555,-0.149317816840278,-0.0235));
#9929=CARTESIAN_POINT('',(-0.314576063368055,-0.149317816840278,-0.0235));
#9930=CARTESIAN_POINT('',(-0.315032508680555,-0.149317816840278,-0.0235));
#9931=CARTESIAN_POINT('',(-0.315032508680555,-0.150864214409723,-0.0235));
#9932=CARTESIAN_POINT('',(-0.315032508680555,-0.152410611979166,-0.0235));
#9933=CARTESIAN_POINT('',(-0.316878754340278,-0.152410611979166,-0.0235));
#9934=CARTESIAN_POINT('',(-0.318725,-0.152410611979166,-0.0235));
#9935=CARTESIAN_POINT('',(-0.318725,-0.1530779296875,-0.0235));
#9936=CARTESIAN_POINT('',(-0.310528559027778,-0.148184266493056,-0.0235));
#9937=CARTESIAN_POINT('',(-0.310528559027778,-0.148862261284722,-0.0235));
#9938=CARTESIAN_POINT('',(-0.310528559027778,-0.147506271701389,-0.0235));
#9939=CARTESIAN_POINT('',(-0.314626779513889,-0.147506271701389,-0.0235));
#9940=CARTESIAN_POINT('',(-0.318725,-0.147506271701389,-0.0235));
#9941=CARTESIAN_POINT('',(-0.318725,-0.148184266493056,-0.0235));
#9942=CARTESIAN_POINT('',(-0.318725,-0.148862261284722,-0.0235));
#9943=CARTESIAN_POINT('',(-0.314626779513889,-0.148862261284722,-0.0235));
#9944=CARTESIAN_POINT('',(-0.310528559027778,-0.112624240451389,-0.0235));
#9945=CARTESIAN_POINT('',(-0.310528559027778,-0.113302235243056,-0.0235));
#9946=CARTESIAN_POINT('',(-0.310528559027778,-0.111946245659722,-0.0235));
#9947=CARTESIAN_POINT('',(-0.314626779513889,-0.111946245659722,-0.0235));
#9948=CARTESIAN_POINT('',(-0.318725,-0.111946245659722,-0.0235));
#9949=CARTESIAN_POINT('',(-0.318725,-0.112624240451389,-0.0235));
#9950=CARTESIAN_POINT('',(-0.318725,-0.113302235243056,-0.0235));
#9951=CARTESIAN_POINT('',(-0.314626779513889,-0.113302235243056,-0.0235));
#9952=CARTESIAN_POINT('',(-0.315032508680555,-0.115243684895833,-0.0235));
#9953=CARTESIAN_POINT('',(-0.315032508680555,-0.1137595703125,-0.0235));
#9954=CARTESIAN_POINT('',(-0.315032508680555,-0.116727799479167,-0.0235));
#9955=CARTESIAN_POINT('',(-0.314576063368055,-0.116727799479167,-0.0235));
#9956=CARTESIAN_POINT('',(-0.314119618055555,-0.116727799479167,-0.0235));
#9957=CARTESIAN_POINT('',(-0.314119618055555,-0.115243684895833,-0.0235));
#9958=CARTESIAN_POINT('',(-0.314119618055555,-0.1137595703125,-0.0235));
#9959=CARTESIAN_POINT('',(-0.314576063368055,-0.1137595703125,-0.0235));
#9960=CARTESIAN_POINT('',(-0.317712456597222,-0.115416297743056,-0.0235));
#9961=CARTESIAN_POINT('',(-0.317712456597222,-0.117073025173611,-0.0235));
#9962=CARTESIAN_POINT('',(-0.317712456597222,-0.1137595703125,-0.0235));
#9963=CARTESIAN_POINT('',(-0.318218728298611,-0.1137595703125,-0.0235));
#9964=CARTESIAN_POINT('',(-0.318725,-0.1137595703125,-0.0235));
#9965=CARTESIAN_POINT('',(-0.318725,-0.115416297743056,-0.0235));
#9966=CARTESIAN_POINT('',(-0.318725,-0.117073025173611,-0.0235));
#9967=CARTESIAN_POINT('',(-0.318218728298611,-0.117073025173611,-0.0235));
#9968=CARTESIAN_POINT('',(-0.311033940972222,-0.117073025173611,-0.0235));
#9969=CARTESIAN_POINT('',(-0.311539322916667,-0.117073025173611,-0.0235));
#9970=CARTESIAN_POINT('',(-0.310528559027778,-0.117073025173611,-0.0235));
#9971=CARTESIAN_POINT('',(-0.310528559027778,-0.115416297743056,-0.0235));
#9972=CARTESIAN_POINT('',(-0.310528559027778,-0.1137595703125,-0.0235));
#9973=CARTESIAN_POINT('',(-0.311033940972222,-0.1137595703125,-0.0235));
#9974=CARTESIAN_POINT('',(-0.311539322916667,-0.1137595703125,-0.0235));
#9975=CARTESIAN_POINT('',(-0.311539322916667,-0.115416297743056,-0.0235));
#9976=CARTESIAN_POINT('',(-0.3141205078125,-0.106785655381945,-0.0235));
#9977=CARTESIAN_POINT('',(-0.317712456597222,-0.106785655381945,-0.0235));
#9978=CARTESIAN_POINT('',(-0.310528559027778,-0.106785655381945,-0.0235));
#9979=CARTESIAN_POINT('',(-0.310528559027778,-0.106106770833333,-0.0235));
#9980=CARTESIAN_POINT('',(-0.310528559027778,-0.105427886284722,-0.0235));
#9981=CARTESIAN_POINT('',(-0.314626779513889,-0.105427886284722,-0.0235));
#9982=CARTESIAN_POINT('',(-0.318725,-0.105427886284722,-0.0235));
#9983=CARTESIAN_POINT('',(-0.318725,-0.107992165798611,-0.0235));
#9984=CARTESIAN_POINT('',(-0.318725,-0.1105564453125,-0.0235));
#9985=CARTESIAN_POINT('',(-0.318218728298611,-0.1105564453125,-0.0235));
#9986=CARTESIAN_POINT('',(-0.317712456597222,-0.1105564453125,-0.0235));
#9987=CARTESIAN_POINT('',(-0.317712456597222,-0.108671050347222,-0.0235));
#9988=CARTESIAN_POINT('',(-0.312558094618056,-0.103482877604167,-0.0235));
#9989=CARTESIAN_POINT('',(-0.314587630208334,-0.103482877604167,-0.0235));
#9990=CARTESIAN_POINT('',(-0.310528559027778,-0.103482877604167,-0.0235));
#9991=CARTESIAN_POINT('',(-0.310528559027778,-0.102810221354167,-0.0235));
#9992=CARTESIAN_POINT('',(-0.310528559027778,-0.102137565104167,-0.0235));
#9993=CARTESIAN_POINT('',(-0.312491362847223,-0.102137565104167,-0.0235));
#9994=CARTESIAN_POINT('',(-0.314454166666666,-0.102137565104167,-0.0235));
#9995=CARTESIAN_POINT('',(-0.315916037326389,-0.1020201171875,0.));
#9996=CARTESIAN_POINT('',(-0.315916037326389,-0.1020201171875,0.0015));
#9997=CARTESIAN_POINT('',(-0.315519205729167,-0.102098415798611,0.));
#9998=CARTESIAN_POINT('',(-0.315519205729167,-0.102098415798611,0.0015));
#9999=CARTESIAN_POINT('',(-0.315031915509259,-0.102137565104167,0.));
#10000=CARTESIAN_POINT('',(-0.315031915509259,-0.102137565104167,0.0015));
#10001=CARTESIAN_POINT('',(-0.314454166666666,-0.102137565104167,0.));
#10002=CARTESIAN_POINT('',(-0.314454166666666,-0.102137565104167,0.0015));
#10003=CARTESIAN_POINT('',(-0.315916037326389,-0.1020201171875,-0.0235));
#10004=CARTESIAN_POINT('',(-0.316889431423611,-0.101691796875,0.));
#10005=CARTESIAN_POINT('',(-0.316889431423611,-0.101691796875,0.0015));
#10006=CARTESIAN_POINT('',(-0.316637333622685,-0.101832378472222,0.));
#10007=CARTESIAN_POINT('',(-0.316637333622685,-0.101832378472222,0.0015));
#10008=CARTESIAN_POINT('',(-0.316312868923611,-0.101941818576389,0.));
#10009=CARTESIAN_POINT('',(-0.316312868923611,-0.101941818576389,0.0015));
#10010=CARTESIAN_POINT('',(-0.315916037326389,-0.1020201171875,0.));
#10011=CARTESIAN_POINT('',(-0.315916037326389,-0.1020201171875,0.0015));
#10012=CARTESIAN_POINT('',(-0.316889431423611,-0.101691796875,-0.0235));
#10013=CARTESIAN_POINT('',(-0.317450868055556,-0.101186414930556,0.));
#10014=CARTESIAN_POINT('',(-0.317450868055556,-0.101186414930556,0.0015));
#10015=CARTESIAN_POINT('',(-0.317328674768519,-0.10138275462963,0.));
#10016=CARTESIAN_POINT('',(-0.317328674768519,-0.10138275462963,0.0015));
#10017=CARTESIAN_POINT('',(-0.317141529224537,-0.101551215277778,0.));
#10018=CARTESIAN_POINT('',(-0.317141529224537,-0.101551215277778,0.0015));
#10019=CARTESIAN_POINT('',(-0.316889431423611,-0.101691796875,0.));
#10020=CARTESIAN_POINT('',(-0.316889431423611,-0.101691796875,0.0015));
#10021=CARTESIAN_POINT('',(-0.317450868055556,-0.101186414930556,-0.0235));
#10022=CARTESIAN_POINT('',(-0.316087028802931,-0.100349414764678,-0.0235));
#10023=CARTESIAN_POINT('',(-0.317678113304851,-0.100523546006945,0.));
#10024=CARTESIAN_POINT('',(-0.318229405381944,-0.100523546006945,-0.0235));
#10025=CARTESIAN_POINT('',(-0.318780164930555,-0.100523546006945,-0.0235));
#10026=CARTESIAN_POINT('',(-0.318451844618055,-0.1017478515625,0.));
#10027=CARTESIAN_POINT('',(-0.318451844618055,-0.1017478515625,0.0015));
#10028=CARTESIAN_POINT('',(-0.318641066261574,-0.101384830729167,0.));
#10029=CARTESIAN_POINT('',(-0.318641066261574,-0.101384830729167,0.0015));
#10030=CARTESIAN_POINT('',(-0.318750506365741,-0.100976728877315,0.));
#10031=CARTESIAN_POINT('',(-0.318750506365741,-0.100976728877315,0.0015));
#10032=CARTESIAN_POINT('',(-0.318780164930555,-0.100523546006945,0.));
#10033=CARTESIAN_POINT('',(-0.318780164930555,-0.100523546006945,0.0015));
#10034=CARTESIAN_POINT('',(-0.318451844618055,-0.1017478515625,-0.0235));
#10035=CARTESIAN_POINT('',(-0.316101222674882,-0.10050682469219,-0.0235));
#10036=CARTESIAN_POINT('',(-0.317640386284722,-0.102675868055556,-0.0235));
#10037=CARTESIAN_POINT('',(-0.316344900173611,-0.103271115451389,0.));
#10038=CARTESIAN_POINT('',(-0.316344900173611,-0.103271115451389,0.0015));
#10039=CARTESIAN_POINT('',(-0.316856807002315,-0.10312994068287,0.));
#10040=CARTESIAN_POINT('',(-0.316856807002315,-0.10312994068287,0.0015));
#10041=CARTESIAN_POINT('',(-0.317288635706018,-0.102931524884259,0.));
#10042=CARTESIAN_POINT('',(-0.317288635706018,-0.102931524884259,0.0015));
#10043=CARTESIAN_POINT('',(-0.317640386284722,-0.102675868055556,0.));
#10044=CARTESIAN_POINT('',(-0.317640386284722,-0.102675868055556,0.0015));
#10045=CARTESIAN_POINT('',(-0.316344900173611,-0.103271115451389,-0.0235));
#10046=CARTESIAN_POINT('',(-0.314587630208334,-0.103482877604167,0.));
#10047=CARTESIAN_POINT('',(-0.314587630208334,-0.103482877604167,0.0015));
#10048=CARTESIAN_POINT('',(-0.315247236689815,-0.103482877604167,0.));
#10049=CARTESIAN_POINT('',(-0.315247236689815,-0.103482877604167,0.0015));
#10050=CARTESIAN_POINT('',(-0.315832993344907,-0.103412290219908,0.));
#10051=CARTESIAN_POINT('',(-0.315832993344907,-0.103412290219908,0.0015));
#10052=CARTESIAN_POINT('',(-0.316344900173611,-0.103271115451389,0.));
#10053=CARTESIAN_POINT('',(-0.316344900173611,-0.103271115451389,0.0015));
#10054=CARTESIAN_POINT('',(-0.314454166666666,-0.098466427951389,0.));
#10055=CARTESIAN_POINT('',(-0.314454166666666,-0.098466427951389,0.0015));
#10056=CARTESIAN_POINT('',(-0.315024797453703,-0.098466427951389,0.));
#10057=CARTESIAN_POINT('',(-0.315024797453703,-0.098466427951389,0.0015));
#10058=CARTESIAN_POINT('',(-0.315508528645833,-0.0985035011574075,0.));
#10059=CARTESIAN_POINT('',(-0.315508528645833,-0.0985035011574075,0.0015));
#10060=CARTESIAN_POINT('',(-0.315905360243056,-0.0985776475694446,0.));
#10061=CARTESIAN_POINT('',(-0.315905360243056,-0.0985776475694446,0.0015));
#10062=CARTESIAN_POINT('',(-0.315905360243056,-0.0985776475694446,-0.0235));
#10063=CARTESIAN_POINT('',(-0.314454166666666,-0.098466427951389,-0.0235));
#10064=CARTESIAN_POINT('',(-0.312491362847223,-0.098466427951389,-0.0235));
#10065=CARTESIAN_POINT('',(-0.310528559027778,-0.098466427951389,-0.0235));
#10066=CARTESIAN_POINT('',(-0.310528559027778,-0.0977884331597224,-0.0235));
#10067=CARTESIAN_POINT('',(-0.310528559027778,-0.0971104383680557,-0.0235));
#10068=CARTESIAN_POINT('',(-0.312558094618056,-0.0971104383680557,-0.0235));
#10069=CARTESIAN_POINT('',(-0.314587630208334,-0.0971104383680557,-0.0235));
#10070=CARTESIAN_POINT('',(-0.316344900173611,-0.097321310763889,0.));
#10071=CARTESIAN_POINT('',(-0.316344900173611,-0.097321310763889,0.0015));
#10072=CARTESIAN_POINT('',(-0.315832993344907,-0.0971807291666668,0.));
#10073=CARTESIAN_POINT('',(-0.315832993344907,-0.0971807291666668,0.0015));
#10074=CARTESIAN_POINT('',(-0.315247236689815,-0.0971104383680557,0.));
#10075=CARTESIAN_POINT('',(-0.315247236689815,-0.0971104383680557,0.0015));
#10076=CARTESIAN_POINT('',(-0.314587630208334,-0.0971104383680557,0.));
#10077=CARTESIAN_POINT('',(-0.314587630208334,-0.0971104383680557,0.0015));
#10078=CARTESIAN_POINT('',(-0.316344900173611,-0.097321310763889,-0.0235));
#10079=CARTESIAN_POINT('',(-0.317640386284722,-0.0979103298611112,0.));
#10080=CARTESIAN_POINT('',(-0.317640386284722,-0.0979103298611112,0.0015));
#10081=CARTESIAN_POINT('',(-0.317288635706018,-0.0976582320601853,0.));
#10082=CARTESIAN_POINT('',(-0.317288635706018,-0.0976582320601853,0.0015));
#10083=CARTESIAN_POINT('',(-0.316856807002315,-0.0974618923611113,0.));
#10084=CARTESIAN_POINT('',(-0.316856807002315,-0.0974618923611113,0.0015));
#10085=CARTESIAN_POINT('',(-0.316344900173611,-0.097321310763889,0.));
#10086=CARTESIAN_POINT('',(-0.316344900173611,-0.097321310763889,0.0015));
#10087=CARTESIAN_POINT('',(-0.317640386284722,-0.0979103298611112,-0.0235));
#10088=CARTESIAN_POINT('',(-0.316149467202502,-0.100035046429041,-0.0235));
#10089=CARTESIAN_POINT('',(-0.318451844618055,-0.0988392361111112,-0.0235));
#10090=CARTESIAN_POINT('',(-0.318780164930555,-0.100067990451389,0.));
#10091=CARTESIAN_POINT('',(-0.318780164930555,-0.100067990451389,0.0015));
#10092=CARTESIAN_POINT('',(-0.318750506365741,-0.0996159939236113,0.));
#10093=CARTESIAN_POINT('',(-0.318750506365741,-0.0996159939236113,0.0015));
#10094=CARTESIAN_POINT('',(-0.318641066261574,-0.0992064091435187,0.));
#10095=CARTESIAN_POINT('',(-0.318641066261574,-0.0992064091435187,0.0015));
#10096=CARTESIAN_POINT('',(-0.318451844618055,-0.0988392361111112,0.));
#10097=CARTESIAN_POINT('',(-0.318451844618055,-0.0988392361111112,0.0015));
#10098=CARTESIAN_POINT('',(-0.318780164930555,-0.100067990451389,-0.0235));
#10099=CARTESIAN_POINT('',(-0.318229405381944,-0.100067990451389,-0.0235));
#10100=CARTESIAN_POINT('',(-0.317678165480878,-0.100067990451389,0.));
#10101=CARTESIAN_POINT('',(-0.316250690873069,-0.100177233972981,-0.0235));
#10102=CARTESIAN_POINT('',(-0.317457096354166,-0.0994069010416668,-0.0235));
#10103=CARTESIAN_POINT('',(-0.316884092881945,-0.0989006293402779,0.));
#10104=CARTESIAN_POINT('',(-0.316884092881945,-0.0989006293402779,0.0015));
#10105=CARTESIAN_POINT('',(-0.317139749710648,-0.0990418041087964,0.));
#10106=CARTESIAN_POINT('',(-0.317139749710648,-0.0990418041087964,0.0015));
#10107=CARTESIAN_POINT('',(-0.317330750868055,-0.0992105613425927,0.));
#10108=CARTESIAN_POINT('',(-0.317330750868055,-0.0992105613425927,0.0015));
#10109=CARTESIAN_POINT('',(-0.317457096354166,-0.0994069010416668,0.));
#10110=CARTESIAN_POINT('',(-0.317457096354166,-0.0994069010416668,0.0015));
#10111=CARTESIAN_POINT('',(-0.316884092881945,-0.0989006293402779,-0.0235));
#10112=CARTESIAN_POINT('',(-0.315905360243056,-0.0985776475694446,0.));
#10113=CARTESIAN_POINT('',(-0.315905360243056,-0.0985776475694446,0.0015));
#10114=CARTESIAN_POINT('',(-0.316302191840278,-0.0986517939814816,0.));
#10115=CARTESIAN_POINT('',(-0.316302191840278,-0.0986517939814816,0.0015));
#10116=CARTESIAN_POINT('',(-0.316628436053241,-0.0987594545717594,0.));
#10117=CARTESIAN_POINT('',(-0.316628436053241,-0.0987594545717594,0.0015));
#10118=CARTESIAN_POINT('',(-0.316884092881945,-0.0989006293402779,0.));
#10119=CARTESIAN_POINT('',(-0.316884092881945,-0.0989006293402779,0.0015));
#10120=CARTESIAN_POINT('',(-0.318725,-0.0947134331597224,-0.0235));
#10121=CARTESIAN_POINT('',(-0.318725,-0.0940069661458335,-0.0235));
#10122=CARTESIAN_POINT('',(-0.318725,-0.0954199001736113,-0.0235));
#10123=CARTESIAN_POINT('',(-0.317111870659722,-0.0944856553819446,-0.0235));
#10124=CARTESIAN_POINT('',(-0.315498092294336,-0.0935510347070106,0.));
#10125=CARTESIAN_POINT('',(-0.313227245020856,-0.0926068250671308,-0.0235));
#10126=CARTESIAN_POINT('',(-0.314576953125,-0.094662717013889,-0.0235));
#10127=CARTESIAN_POINT('',(-0.313064366319445,-0.0950746744791668,0.));
#10128=CARTESIAN_POINT('',(-0.313064366319445,-0.0950746744791668,0.0015));
#10129=CARTESIAN_POINT('',(-0.313657537615741,-0.0950746744791668,0.));
#10130=CARTESIAN_POINT('',(-0.313657537615741,-0.0950746744791668,0.0015));
#10131=CARTESIAN_POINT('',(-0.314161733217593,-0.0949373553240742,0.));
#10132=CARTESIAN_POINT('',(-0.314161733217593,-0.0949373553240742,0.0015));
#10133=CARTESIAN_POINT('',(-0.314576953125,-0.094662717013889,0.));
#10134=CARTESIAN_POINT('',(-0.314576953125,-0.094662717013889,0.0015));
#10135=CARTESIAN_POINT('',(-0.313064366319445,-0.0950746744791668,-0.0235));
#10136=CARTESIAN_POINT('',(-0.312001106770833,-0.0948246527777779,0.));
#10137=CARTESIAN_POINT('',(-0.312001106770833,-0.0948246527777779,0.0015));
#10138=CARTESIAN_POINT('',(-0.312316080729167,-0.0949913339120372,0.));
#10139=CARTESIAN_POINT('',(-0.312316080729167,-0.0949913339120372,0.0015));
#10140=CARTESIAN_POINT('',(-0.312670500578704,-0.0950746744791668,0.));
#10141=CARTESIAN_POINT('',(-0.312670500578704,-0.0950746744791668,0.0015));
#10142=CARTESIAN_POINT('',(-0.313064366319445,-0.0950746744791668,0.));
#10143=CARTESIAN_POINT('',(-0.313064366319445,-0.0950746744791668,0.0015));
#10144=CARTESIAN_POINT('',(-0.312001106770833,-0.0948246527777779,-0.0235));
#10145=CARTESIAN_POINT('',(-0.313212707334227,-0.0925129370373885,-0.0235));
#10146=CARTESIAN_POINT('',(-0.311194986979167,-0.0941680121527779,-0.0235));
#10147=CARTESIAN_POINT('',(-0.313357846236132,-0.0923960843214528,-0.0235));
#10148=CARTESIAN_POINT('',(-0.310695125904385,-0.0932494894567088,0.));
#10149=CARTESIAN_POINT('',(-0.313849039312693,-0.0922104133559852,-0.0234999999999999));
#10150=CARTESIAN_POINT('',(-0.310528559027778,-0.0922167751736113,-0.0235));
#10151=CARTESIAN_POINT('',(-0.310528559027778,-0.0919329427083335,-0.0235));
#10152=CARTESIAN_POINT('',(-0.310528559027778,-0.0916491102430557,-0.0235));
#10153=CARTESIAN_POINT('',(-0.311033940972222,-0.0916491102430557,-0.0235));
#10154=CARTESIAN_POINT('',(-0.311539322916667,-0.0916491102430557,-0.0235));
#10155=CARTESIAN_POINT('',(-0.311539322916667,-0.0919213758680557,-0.0235));
#10156=CARTESIAN_POINT('',(-0.311539322916667,-0.0921936414930557,-0.0235));
#10157=CARTESIAN_POINT('',(-0.311701258680555,-0.0930175564236113,0.));
#10158=CARTESIAN_POINT('',(-0.311701258680555,-0.0930175564236113,0.0015));
#10159=CARTESIAN_POINT('',(-0.31159330150463,-0.0928099464699075,0.));
#10160=CARTESIAN_POINT('',(-0.31159330150463,-0.0928099464699075,0.0015));
#10161=CARTESIAN_POINT('',(-0.311539322916667,-0.0925353081597224,0.));
#10162=CARTESIAN_POINT('',(-0.311539322916667,-0.0925353081597224,0.0015));
#10163=CARTESIAN_POINT('',(-0.311539322916667,-0.0921936414930557,0.));
#10164=CARTESIAN_POINT('',(-0.311539322916667,-0.0921936414930557,0.0015));
#10165=CARTESIAN_POINT('',(-0.311701258680555,-0.0930175564236113,-0.0235));
#10166=CARTESIAN_POINT('',(-0.312101649305556,-0.0935006944444446,0.));
#10167=CARTESIAN_POINT('',(-0.312101649305556,-0.0935006944444446,0.0015));
#10168=CARTESIAN_POINT('',(-0.311942679398148,-0.0933862123842594,0.));
#10169=CARTESIAN_POINT('',(-0.311942679398148,-0.0933862123842594,0.0015));
#10170=CARTESIAN_POINT('',(-0.311809215856482,-0.093225166377315,0.));
#10171=CARTESIAN_POINT('',(-0.311809215856482,-0.093225166377315,0.0015));
#10172=CARTESIAN_POINT('',(-0.311701258680555,-0.0930175564236113,0.));
#10173=CARTESIAN_POINT('',(-0.311701258680555,-0.0930175564236113,0.0015));
#10174=CARTESIAN_POINT('',(-0.312101649305556,-0.0935006944444446,-0.0235));
#10175=CARTESIAN_POINT('',(-0.312892541522808,-0.092432705060787,-0.0235));
#10176=CARTESIAN_POINT('',(-0.312601692708333,-0.0937284722222224,-0.0235));
#10177=CARTESIAN_POINT('',(-0.313108952146123,-0.0915262404446886,-0.0234999999999998));
#10178=CARTESIAN_POINT('',(-0.313064366319445,-0.0937845269097224,-0.0235));
#10179=CARTESIAN_POINT('',(-0.313903407118056,-0.093661740451389,0.));
#10180=CARTESIAN_POINT('',(-0.313903407118056,-0.093661740451389,0.0015));
#10181=CARTESIAN_POINT('',(-0.313677408854167,-0.0937435980902779,0.));
#10182=CARTESIAN_POINT('',(-0.313677408854167,-0.0937435980902779,0.0015));
#10183=CARTESIAN_POINT('',(-0.313397728587963,-0.0937845269097224,0.));
#10184=CARTESIAN_POINT('',(-0.313397728587963,-0.0937845269097224,0.0015));
#10185=CARTESIAN_POINT('',(-0.313064366319445,-0.0937845269097224,0.));
#10186=CARTESIAN_POINT('',(-0.313064366319445,-0.0937845269097224,0.0015));
#10187=CARTESIAN_POINT('',(-0.313903407118056,-0.093661740451389,-0.0235));
#10188=CARTESIAN_POINT('',(-0.314431922743055,-0.0933387586805557,0.));
#10189=CARTESIAN_POINT('',(-0.314431922743055,-0.0933387586805557,0.0015));
#10190=CARTESIAN_POINT('',(-0.314305577256944,-0.0934722222222224,0.));
#10191=CARTESIAN_POINT('',(-0.314305577256944,-0.0934722222222224,0.0015));
#10192=CARTESIAN_POINT('',(-0.314129405381945,-0.0935798828125001,0.));
#10193=CARTESIAN_POINT('',(-0.314129405381945,-0.0935798828125001,0.0015));
#10194=CARTESIAN_POINT('',(-0.313903407118056,-0.093661740451389,0.));
#10195=CARTESIAN_POINT('',(-0.313903407118056,-0.093661740451389,0.0015));
#10196=CARTESIAN_POINT('',(-0.314431922743055,-0.0933387586805557,-0.0235));
#10197=CARTESIAN_POINT('',(-0.313566432914583,-0.0925015582086695,-0.0235));
#10198=CARTESIAN_POINT('',(-0.314704188368055,-0.0928938802083335,-0.0235));
#10199=CARTESIAN_POINT('',(-0.313270301281906,-0.092398470617679,-0.0234999999999999));
#10200=CARTESIAN_POINT('',(-0.314786935763889,-0.0924054036458335,-0.0235));
#10201=CARTESIAN_POINT('',(-0.314786935763889,-0.0920272569444446,-0.0235));
#10202=CARTESIAN_POINT('',(-0.314786935763889,-0.0916491102430557,-0.0235));
#10203=CARTESIAN_POINT('',(-0.315276302083334,-0.0916491102430557,-0.0235));
#10204=CARTESIAN_POINT('',(-0.315765668402778,-0.0916491102430557,-0.0235));
#10205=CARTESIAN_POINT('',(-0.315765668402778,-0.0918695475260418,-0.0235));
#10206=CARTESIAN_POINT('',(-0.315765668402778,-0.0922719401041668,-0.0235));
#10207=CARTESIAN_POINT('',(-0.314793957207939,-0.0922892562099259,-0.0235));
#10208=CARTESIAN_POINT('',(-0.315760329861111,-0.092388498263889,-0.0235));
#10209=CARTESIAN_POINT('',(-0.31627871939956,-0.092463541207696,-0.0235));
#10210=CARTESIAN_POINT('',(-0.315754962629794,-0.0924605536385186,0.));
#10211=CARTESIAN_POINT('',(-0.317239995659722,-0.0932337673611113,-0.0235));
#10212=CARTESIAN_POINT('',(-0.310528559027778,-0.0905262369791668,-0.0235));
#10213=CARTESIAN_POINT('',(-0.310528559027778,-0.0911935546875002,-0.0235));
#10214=CARTESIAN_POINT('',(-0.310528559027778,-0.0898589192708335,-0.0235));
#10215=CARTESIAN_POINT('',(-0.314626779513889,-0.0898589192708335,-0.0235));
#10216=CARTESIAN_POINT('',(-0.318725,-0.0898589192708335,-0.0235));
#10217=CARTESIAN_POINT('',(-0.318725,-0.0905262369791668,-0.0235));
#10218=CARTESIAN_POINT('',(-0.318725,-0.0911935546875002,-0.0235));
#10219=CARTESIAN_POINT('',(-0.314626779513889,-0.0911935546875002,-0.0235));
#10220=MECHANICAL_DESIGN_GEOMETRIC_PRESENTATION_REPRESENTATION('',(#6021),
#10221);
#10221=(
GEOMETRIC_REPRESENTATION_CONTEXT(3)
GLOBAL_UNCERTAINTY_ASSIGNED_CONTEXT((#10222))
GLOBAL_UNIT_ASSIGNED_CONTEXT((#10225,#10224,#10223))
REPRESENTATION_CONTEXT('RULE OF THIRDS','TOP_LEVEL_ASSEMBLY_PART')
);
#10222=UNCERTAINTY_MEASURE_WITH_UNIT(LENGTH_MEASURE(2.E-5),#10225,
'DISTANCE_ACCURACY_VALUE','Maximum Tolerance applied to model');
#10223=(
NAMED_UNIT(*)
SI_UNIT($,.STERADIAN.)
SOLID_ANGLE_UNIT()
);
#10224=(
NAMED_UNIT(*)
PLANE_ANGLE_UNIT()
SI_UNIT($,.RADIAN.)
);
#10225=(
LENGTH_UNIT()
NAMED_UNIT(*)
SI_UNIT($,.METRE.)
);
#10226=PRODUCT_DEFINITION_SHAPE('','',#10227);
#10227=PRODUCT_DEFINITION('','',#10229,#10228);
#10228=PRODUCT_DEFINITION_CONTEXT('',#10235,'design');
#10229=PRODUCT_DEFINITION_FORMATION_WITH_SPECIFIED_SOURCE('','',#10231,
 .NOT_KNOWN.);
#10230=PRODUCT_RELATED_PRODUCT_CATEGORY('','',(#10231));
#10231=PRODUCT('RULE OF THIRDS','RULE OF THIRDS','RULE OF THIRDS',(#10233));
#10232=PRODUCT_CATEGORY('','');
#10233=PRODUCT_CONTEXT('',#10235,'mechanical');
#10234=APPLICATION_PROTOCOL_DEFINITION('international standard',
'ap242_managed_model_based_3d_engineering',2020,#10235);
#10235=APPLICATION_CONTEXT('managed model based 3d engineering');
ENDSEC;
END-ISO-10303-21;
