ISO-10303-21;
HEADER;
/* Generated by software containing ST-Developer
 * from STEP Tools, Inc. (www.steptools.com) 
 */
/* OPTION: using custom renumber hook */

FILE_DESCRIPTION(
/* description */ ('STEP AP242 Edition 2',
'CAx-IF Rec.Pracs.---Representation and Presentation of Product Manufa
cturing Information (PMI)---4.0---2014-10-13',
'CAx-IF Rec.Pracs.---3D Tessellated Geometry---0.4---2014-09-14','2;1',
'CAx-IF Rec.Pracs.---User Defined Attributes---1.5---2016-08-15'),
/* implementation_level */ '2;1');

FILE_NAME(
/* name */ 'FRAMEKIT - STAR GRID',
/* time_stamp */ '2026-09-20T09:45:13Z',
/* author */ (''),
/* organization */ (''),
/* preprocessor_version */ 'ST-DEVELOPER v20',
/* originating_system */ 'ONSHAPE BY PTC INC, 1.221',
/* authorisation */ '  ');

FILE_SCHEMA (('AP242_MANAGED_MODEL_BASED_3D_ENGINEERING_MIM_LF { 1 0 10303 442 3 1 4 }'));
ENDSEC;

DATA;
#10=SHAPE_REPRESENTATION_RELATIONSHIP('','',#5173,#11);
#11=ADVANCED_BREP_SHAPE_REPRESENTATION('',(#5171),#8743);
#12=B_SPLINE_SURFACE_WITH_KNOTS('',3,1,((#8031,#8032),(#8033,#8034),(#8035,
#8036),(#8037,#8038)),.SURF_OF_LINEAR_EXTRUSION.,.F.,.F.,.F.,(4,4),(2,2),
(0.,1.),(0.,1.),.PIECEWISE_BEZIER_KNOTS.);
#13=B_SPLINE_SURFACE_WITH_KNOTS('',3,1,((#8044,#8045),(#8046,#8047),(#8048,
#8049),(#8050,#8051)),.SURF_OF_LINEAR_EXTRUSION.,.F.,.F.,.F.,(4,4),(2,2),
(0.,1.),(0.,1.),.PIECEWISE_BEZIER_KNOTS.);
#14=B_SPLINE_SURFACE_WITH_KNOTS('',3,1,((#8065,#8066),(#8067,#8068),(#8069,
#8070),(#8071,#8072)),.SURF_OF_LINEAR_EXTRUSION.,.F.,.F.,.F.,(4,4),(2,2),
(0.,1.),(0.,1.),.PIECEWISE_BEZIER_KNOTS.);
#15=B_SPLINE_SURFACE_WITH_KNOTS('',3,1,((#8080,#8081),(#8082,#8083),(#8084,
#8085),(#8086,#8087)),.SURF_OF_LINEAR_EXTRUSION.,.F.,.F.,.F.,(4,4),(2,2),
(0.,1.),(0.,1.),.PIECEWISE_BEZIER_KNOTS.);
#16=B_SPLINE_SURFACE_WITH_KNOTS('',3,1,((#8089,#8090),(#8091,#8092),(#8093,
#8094),(#8095,#8096)),.SURF_OF_LINEAR_EXTRUSION.,.F.,.F.,.F.,(4,4),(2,2),
(0.,1.),(0.,1.),.PIECEWISE_BEZIER_KNOTS.);
#17=B_SPLINE_SURFACE_WITH_KNOTS('',3,1,((#8108,#8109),(#8110,#8111),(#8112,
#8113),(#8114,#8115)),.SURF_OF_LINEAR_EXTRUSION.,.F.,.F.,.F.,(4,4),(2,2),
(0.,1.),(0.,1.),.PIECEWISE_BEZIER_KNOTS.);
#18=B_SPLINE_SURFACE_WITH_KNOTS('',3,1,((#8147,#8148),(#8149,#8150),(#8151,
#8152),(#8153,#8154)),.SURF_OF_LINEAR_EXTRUSION.,.F.,.F.,.F.,(4,4),(2,2),
(0.,1.),(0.,1.),.PIECEWISE_BEZIER_KNOTS.);
#19=B_SPLINE_SURFACE_WITH_KNOTS('',3,1,((#8162,#8163),(#8164,#8165),(#8166,
#8167),(#8168,#8169)),.SURF_OF_LINEAR_EXTRUSION.,.F.,.F.,.F.,(4,4),(2,2),
(0.,1.),(0.,1.),.PIECEWISE_BEZIER_KNOTS.);
#20=B_SPLINE_SURFACE_WITH_KNOTS('',3,1,((#8173,#8174),(#8175,#8176),(#8177,
#8178),(#8179,#8180)),.SURF_OF_LINEAR_EXTRUSION.,.F.,.F.,.F.,(4,4),(2,2),
(0.,1.),(0.,1.),.PIECEWISE_BEZIER_KNOTS.);
#21=B_SPLINE_SURFACE_WITH_KNOTS('',3,1,((#8182,#8183),(#8184,#8185),(#8186,
#8187),(#8188,#8189)),.SURF_OF_LINEAR_EXTRUSION.,.F.,.F.,.F.,(4,4),(2,2),
(0.,1.),(0.,1.),.PIECEWISE_BEZIER_KNOTS.);
#22=B_SPLINE_SURFACE_WITH_KNOTS('',3,1,((#8191,#8192),(#8193,#8194),(#8195,
#8196),(#8197,#8198)),.SURF_OF_LINEAR_EXTRUSION.,.F.,.F.,.F.,(4,4),(2,2),
(0.,1.),(0.,1.),.PIECEWISE_BEZIER_KNOTS.);
#23=B_SPLINE_SURFACE_WITH_KNOTS('',3,1,((#8266,#8267),(#8268,#8269),(#8270,
#8271),(#8272,#8273)),.SURF_OF_LINEAR_EXTRUSION.,.F.,.F.,.F.,(4,4),(2,2),
(0.,1.),(0.,1.),.PIECEWISE_BEZIER_KNOTS.);
#24=B_SPLINE_SURFACE_WITH_KNOTS('',3,1,((#8275,#8276),(#8277,#8278),(#8279,
#8280),(#8281,#8282)),.SURF_OF_LINEAR_EXTRUSION.,.F.,.F.,.F.,(4,4),(2,2),
(0.,1.),(0.,1.),.PIECEWISE_BEZIER_KNOTS.);
#25=B_SPLINE_SURFACE_WITH_KNOTS('',3,1,((#8288,#8289),(#8290,#8291),(#8292,
#8293),(#8294,#8295)),.SURF_OF_LINEAR_EXTRUSION.,.F.,.F.,.F.,(4,4),(2,2),
(0.,1.),(0.,1.),.PIECEWISE_BEZIER_KNOTS.);
#26=B_SPLINE_SURFACE_WITH_KNOTS('',3,1,((#8297,#8298),(#8299,#8300),(#8301,
#8302),(#8303,#8304)),.SURF_OF_LINEAR_EXTRUSION.,.F.,.F.,.F.,(4,4),(2,2),
(0.,1.),(0.,1.),.PIECEWISE_BEZIER_KNOTS.);
#27=B_SPLINE_SURFACE_WITH_KNOTS('',3,1,((#8318,#8319),(#8320,#8321),(#8322,
#8323),(#8324,#8325)),.SURF_OF_LINEAR_EXTRUSION.,.F.,.F.,.F.,(4,4),(2,2),
(0.,1.),(0.,1.),.PIECEWISE_BEZIER_KNOTS.);
#28=B_SPLINE_SURFACE_WITH_KNOTS('',3,1,((#8327,#8328),(#8329,#8330),(#8331,
#8332),(#8333,#8334)),.SURF_OF_LINEAR_EXTRUSION.,.F.,.F.,.F.,(4,4),(2,2),
(0.,1.),(0.,1.),.PIECEWISE_BEZIER_KNOTS.);
#29=B_SPLINE_SURFACE_WITH_KNOTS('',3,1,((#8368,#8369),(#8370,#8371),(#8372,
#8373),(#8374,#8375)),.SURF_OF_LINEAR_EXTRUSION.,.F.,.F.,.F.,(4,4),(2,2),
(0.,1.),(0.,1.),.PIECEWISE_BEZIER_KNOTS.);
#30=B_SPLINE_SURFACE_WITH_KNOTS('',3,1,((#8384,#8385),(#8386,#8387),(#8388,
#8389),(#8390,#8391)),.SURF_OF_LINEAR_EXTRUSION.,.F.,.F.,.F.,(4,4),(2,2),
(0.,1.),(0.,1.),.PIECEWISE_BEZIER_KNOTS.);
#31=B_SPLINE_SURFACE_WITH_KNOTS('',3,1,((#8396,#8397),(#8398,#8399),(#8400,
#8401),(#8402,#8403)),.SURF_OF_LINEAR_EXTRUSION.,.F.,.F.,.F.,(4,4),(2,2),
(0.,1.),(0.,1.),.PIECEWISE_BEZIER_KNOTS.);
#32=B_SPLINE_SURFACE_WITH_KNOTS('',3,1,((#8411,#8412),(#8413,#8414),(#8415,
#8416),(#8417,#8418)),.SURF_OF_LINEAR_EXTRUSION.,.F.,.F.,.F.,(4,4),(2,2),
(0.,1.),(0.,1.),.PIECEWISE_BEZIER_KNOTS.);
#33=B_SPLINE_SURFACE_WITH_KNOTS('',3,1,((#8420,#8421),(#8422,#8423),(#8424,
#8425),(#8426,#8427)),.SURF_OF_LINEAR_EXTRUSION.,.F.,.F.,.F.,(4,4),(2,2),
(0.,1.),(0.,1.),.PIECEWISE_BEZIER_KNOTS.);
#34=B_SPLINE_SURFACE_WITH_KNOTS('',3,1,((#8429,#8430),(#8431,#8432),(#8433,
#8434),(#8435,#8436)),.SURF_OF_LINEAR_EXTRUSION.,.F.,.F.,.F.,(4,4),(2,2),
(0.,1.),(0.,1.),.PIECEWISE_BEZIER_KNOTS.);
#35=B_SPLINE_SURFACE_WITH_KNOTS('',3,1,((#8438,#8439),(#8440,#8441),(#8442,
#8443),(#8444,#8445)),.SURF_OF_LINEAR_EXTRUSION.,.F.,.F.,.F.,(4,4),(2,2),
(0.,1.),(0.,1.),.PIECEWISE_BEZIER_KNOTS.);
#36=B_SPLINE_SURFACE_WITH_KNOTS('',3,1,((#8447,#8448),(#8449,#8450),(#8451,
#8452),(#8453,#8454)),.SURF_OF_LINEAR_EXTRUSION.,.F.,.F.,.F.,(4,4),(2,2),
(0.,1.),(0.,1.),.PIECEWISE_BEZIER_KNOTS.);
#37=B_SPLINE_SURFACE_WITH_KNOTS('',3,1,((#8456,#8457),(#8458,#8459),(#8460,
#8461),(#8462,#8463)),.SURF_OF_LINEAR_EXTRUSION.,.F.,.F.,.F.,(4,4),(2,2),
(0.,1.),(0.,1.),.PIECEWISE_BEZIER_KNOTS.);
#38=B_SPLINE_SURFACE_WITH_KNOTS('',3,1,((#8473,#8474),(#8475,#8476),(#8477,
#8478),(#8479,#8480)),.SURF_OF_LINEAR_EXTRUSION.,.F.,.F.,.F.,(4,4),(2,2),
(0.,1.),(0.,1.),.PIECEWISE_BEZIER_KNOTS.);
#39=B_SPLINE_SURFACE_WITH_KNOTS('',3,1,((#8482,#8483),(#8484,#8485),(#8486,
#8487),(#8488,#8489)),.SURF_OF_LINEAR_EXTRUSION.,.F.,.F.,.F.,(4,4),(2,2),
(0.,1.),(0.,1.),.PIECEWISE_BEZIER_KNOTS.);
#40=B_SPLINE_SURFACE_WITH_KNOTS('',3,1,((#8495,#8496),(#8497,#8498),(#8499,
#8500),(#8501,#8502)),.SURF_OF_LINEAR_EXTRUSION.,.F.,.F.,.F.,(4,4),(2,2),
(0.,1.),(0.,1.),.PIECEWISE_BEZIER_KNOTS.);
#41=B_SPLINE_SURFACE_WITH_KNOTS('',3,1,((#8532,#8533),(#8534,#8535),(#8536,
#8537),(#8538,#8539)),.SURF_OF_LINEAR_EXTRUSION.,.F.,.F.,.F.,(4,4),(2,2),
(0.,1.),(0.,1.),.PIECEWISE_BEZIER_KNOTS.);
#42=B_SPLINE_SURFACE_WITH_KNOTS('',3,1,((#8541,#8542),(#8543,#8544),(#8545,
#8546),(#8547,#8548)),.SURF_OF_LINEAR_EXTRUSION.,.F.,.F.,.F.,(4,4),(2,2),
(0.,1.),(0.,1.),.PIECEWISE_BEZIER_KNOTS.);
#43=B_SPLINE_SURFACE_WITH_KNOTS('',3,1,((#8554,#8555),(#8556,#8557),(#8558,
#8559),(#8560,#8561)),.SURF_OF_LINEAR_EXTRUSION.,.F.,.F.,.F.,(4,4),(2,2),
(0.,1.),(0.,1.),.PIECEWISE_BEZIER_KNOTS.);
#44=B_SPLINE_SURFACE_WITH_KNOTS('',3,1,((#8563,#8564),(#8565,#8566),(#8567,
#8568),(#8569,#8570)),.SURF_OF_LINEAR_EXTRUSION.,.F.,.F.,.F.,(4,4),(2,2),
(0.,1.),(0.,1.),.PIECEWISE_BEZIER_KNOTS.);
#45=B_SPLINE_SURFACE_WITH_KNOTS('',3,1,((#8584,#8585),(#8586,#8587),(#8588,
#8589),(#8590,#8591)),.SURF_OF_LINEAR_EXTRUSION.,.F.,.F.,.F.,(4,4),(2,2),
(0.,1.),(0.,1.),.PIECEWISE_BEZIER_KNOTS.);
#46=B_SPLINE_SURFACE_WITH_KNOTS('',3,1,((#8593,#8594),(#8595,#8596),(#8597,
#8598),(#8599,#8600)),.SURF_OF_LINEAR_EXTRUSION.,.F.,.F.,.F.,(4,4),(2,2),
(0.,1.),(0.,1.),.PIECEWISE_BEZIER_KNOTS.);
#47=B_SPLINE_SURFACE_WITH_KNOTS('',3,1,((#8621,#8622),(#8623,#8624),(#8625,
#8626),(#8627,#8628)),.SURF_OF_LINEAR_EXTRUSION.,.F.,.F.,.F.,(4,4),(2,2),
(0.,1.),(0.,1.),.PIECEWISE_BEZIER_KNOTS.);
#48=B_SPLINE_SURFACE_WITH_KNOTS('',3,1,((#8633,#8634),(#8635,#8636),(#8637,
#8638),(#8639,#8640)),.SURF_OF_LINEAR_EXTRUSION.,.F.,.F.,.F.,(4,4),(2,2),
(0.,1.),(0.,1.),.PIECEWISE_BEZIER_KNOTS.);
#49=B_SPLINE_SURFACE_WITH_KNOTS('',3,1,((#8644,#8645),(#8646,#8647),(#8648,
#8649),(#8650,#8651)),.SURF_OF_LINEAR_EXTRUSION.,.F.,.F.,.F.,(4,4),(2,2),
(0.,1.),(0.,1.),.PIECEWISE_BEZIER_KNOTS.);
#50=B_SPLINE_SURFACE_WITH_KNOTS('',3,1,((#8653,#8654),(#8655,#8656),(#8657,
#8658),(#8659,#8660)),.SURF_OF_LINEAR_EXTRUSION.,.F.,.F.,.F.,(4,4),(2,2),
(0.,1.),(0.,1.),.PIECEWISE_BEZIER_KNOTS.);
#51=B_SPLINE_SURFACE_WITH_KNOTS('',3,1,((#8662,#8663),(#8664,#8665),(#8666,
#8667),(#8668,#8669)),.SURF_OF_LINEAR_EXTRUSION.,.F.,.F.,.F.,(4,4),(2,2),
(0.,1.),(0.,1.),.PIECEWISE_BEZIER_KNOTS.);
#52=B_SPLINE_SURFACE_WITH_KNOTS('',3,1,((#8671,#8672),(#8673,#8674),(#8675,
#8676),(#8677,#8678)),.SURF_OF_LINEAR_EXTRUSION.,.F.,.F.,.F.,(4,4),(2,2),
(0.,1.),(0.,1.),.PIECEWISE_BEZIER_KNOTS.);
#53=B_SPLINE_SURFACE_WITH_KNOTS('',3,1,((#8680,#8681),(#8682,#8683),(#8684,
#8685),(#8686,#8687)),.SURF_OF_LINEAR_EXTRUSION.,.F.,.F.,.F.,(4,4),(2,2),
(0.,1.),(0.,1.),.PIECEWISE_BEZIER_KNOTS.);
#54=B_SPLINE_SURFACE_WITH_KNOTS('',3,1,((#8697,#8698),(#8699,#8700),(#8701,
#8702),(#8703,#8704)),.SURF_OF_LINEAR_EXTRUSION.,.F.,.F.,.F.,(4,4),(2,2),
(0.,1.),(0.,1.),.PIECEWISE_BEZIER_KNOTS.);
#55=B_SPLINE_SURFACE_WITH_KNOTS('',3,1,((#8706,#8707),(#8708,#8709),(#8710,
#8711),(#8712,#8713)),.SURF_OF_LINEAR_EXTRUSION.,.F.,.F.,.F.,(4,4),(2,2),
(0.,1.),(0.,1.),.PIECEWISE_BEZIER_KNOTS.);
#56=B_SPLINE_SURFACE_WITH_KNOTS('',3,1,((#8719,#8720),(#8721,#8722),(#8723,
#8724),(#8725,#8726)),.SURF_OF_LINEAR_EXTRUSION.,.F.,.F.,.F.,(4,4),(2,2),
(0.,1.),(0.,1.),.PIECEWISE_BEZIER_KNOTS.);
#57=B_SPLINE_SURFACE_WITH_KNOTS('',3,1,((#8728,#8729),(#8730,#8731),(#8732,
#8733),(#8734,#8735)),.SURF_OF_LINEAR_EXTRUSION.,.F.,.F.,.F.,(4,4),(2,2),
(0.,1.),(0.,1.),.PIECEWISE_BEZIER_KNOTS.);
#58=CYLINDRICAL_SURFACE('',#5369,0.000995718907458643);
#59=CYLINDRICAL_SURFACE('',#5370,0.00236924627805828);
#60=CYLINDRICAL_SURFACE('',#5371,0.000719613234923827);
#61=CYLINDRICAL_SURFACE('',#5373,0.00676843823196767);
#62=CYLINDRICAL_SURFACE('',#5374,0.0105218115221855);
#63=CYLINDRICAL_SURFACE('',#5376,0.010547175830865);
#64=CYLINDRICAL_SURFACE('',#5377,0.00142405993826689);
#65=CYLINDRICAL_SURFACE('',#5378,0.00248247334929887);
#66=CYLINDRICAL_SURFACE('',#5379,0.00231826931741724);
#67=CYLINDRICAL_SURFACE('',#5380,0.00319743899855081);
#68=CYLINDRICAL_SURFACE('',#5382,0.00134321721556253);
#69=CYLINDRICAL_SURFACE('',#5383,0.00243068662272858);
#70=CYLINDRICAL_SURFACE('',#5385,0.0149233229711825);
#71=CYLINDRICAL_SURFACE('',#5386,0.00382925807922571);
#72=CYLINDRICAL_SURFACE('',#5387,0.00263957288389479);
#73=CYLINDRICAL_SURFACE('',#5388,0.0093207945269983);
#74=CYLINDRICAL_SURFACE('',#5389,0.00558095258974674);
#75=CYLINDRICAL_SURFACE('',#5390,0.00263870577962197);
#76=CYLINDRICAL_SURFACE('',#5391,0.00308968239617523);
#77=CYLINDRICAL_SURFACE('',#5395,0.00625441767724806);
#78=CYLINDRICAL_SURFACE('',#5396,0.00490596667569189);
#79=CYLINDRICAL_SURFACE('',#5397,0.00323762318224174);
#80=CYLINDRICAL_SURFACE('',#5398,0.00200517069633423);
#81=CYLINDRICAL_SURFACE('',#5400,0.00352522995616003);
#82=CYLINDRICAL_SURFACE('',#5401,0.00242824009695664);
#83=CYLINDRICAL_SURFACE('',#5402,0.029526572054619);
#84=CYLINDRICAL_SURFACE('',#5403,0.00230361517842298);
#85=CYLINDRICAL_SURFACE('',#5404,0.00249887471696527);
#86=CYLINDRICAL_SURFACE('',#5405,0.00262138181743993);
#87=CYLINDRICAL_SURFACE('',#5432,0.000574864343116368);
#88=CYLINDRICAL_SURFACE('',#5434,0.00106648674402953);
#89=CYLINDRICAL_SURFACE('',#5438,0.00166481773388528);
#90=CYLINDRICAL_SURFACE('',#5439,0.00132121371380489);
#91=CYLINDRICAL_SURFACE('',#5440,0.00247976347411098);
#92=CYLINDRICAL_SURFACE('',#5441,0.0014580420201965);
#93=CYLINDRICAL_SURFACE('',#5445,0.00364463775220836);
#94=CYLINDRICAL_SURFACE('',#5446,0.00306893041544178);
#95=CYLINDRICAL_SURFACE('',#5447,0.00286435981736);
#96=CYLINDRICAL_SURFACE('',#5448,0.0026992590856165);
#97=CYLINDRICAL_SURFACE('',#5454,0.00262160014564935);
#98=CYLINDRICAL_SURFACE('',#5455,0.00387921440426505);
#99=CYLINDRICAL_SURFACE('',#5457,0.00376012452822211);
#100=CYLINDRICAL_SURFACE('',#5458,0.0055378008095851);
#101=CYLINDRICAL_SURFACE('',#5461,0.00435143688780064);
#102=CYLINDRICAL_SURFACE('',#5462,0.00455473402269029);
#103=CYLINDRICAL_SURFACE('',#5463,0.00270991769050627);
#104=CYLINDRICAL_SURFACE('',#5468,0.00321652683141108);
#105=CYLINDRICAL_SURFACE('',#5469,0.00352873659914557);
#106=CYLINDRICAL_SURFACE('',#5471,0.00198593187674916);
#107=CYLINDRICAL_SURFACE('',#5472,0.00177860524647535);
#108=CYLINDRICAL_SURFACE('',#5474,0.00349165164866656);
#109=CYLINDRICAL_SURFACE('',#5475,0.00325480118653697);
#110=CYLINDRICAL_SURFACE('',#5476,0.00199490719818422);
#111=CYLINDRICAL_SURFACE('',#5480,0.00377635129047279);
#112=CYLINDRICAL_SURFACE('',#5481,0.00331111736155424);
#113=CYLINDRICAL_SURFACE('',#5484,0.000574864343116027);
#114=CYLINDRICAL_SURFACE('',#5486,0.0010664867440467);
#115=CYLINDRICAL_SURFACE('',#5490,0.00166481773388533);
#116=CYLINDRICAL_SURFACE('',#5491,0.00132121371380471);
#117=CYLINDRICAL_SURFACE('',#5492,0.00247976347410008);
#118=CYLINDRICAL_SURFACE('',#5493,0.00145804202019644);
#119=CYLINDRICAL_SURFACE('',#5497,0.00364463775220856);
#120=CYLINDRICAL_SURFACE('',#5498,0.00306893041544169);
#121=CYLINDRICAL_SURFACE('',#5499,0.0028643598173599);
#122=CYLINDRICAL_SURFACE('',#5500,0.00269925908561824);
#123=CYLINDRICAL_SURFACE('',#5510,0.00394241193645123);
#124=CYLINDRICAL_SURFACE('',#5511,0.00449929996452058);
#125=CYLINDRICAL_SURFACE('',#5512,0.00511091632460223);
#126=CYLINDRICAL_SURFACE('',#5516,0.00467483598744595);
#127=CYLINDRICAL_SURFACE('',#5517,0.00235663377235);
#128=B_SPLINE_CURVE_WITH_KNOTS('',2,(#6850,#6851,#6852),.UNSPECIFIED.,.F.,
 .F.,(3,3),(0.,1.),.PIECEWISE_BEZIER_KNOTS.);
#129=B_SPLINE_CURVE_WITH_KNOTS('',2,(#6858,#6859,#6860),.UNSPECIFIED.,.F.,
 .F.,(3,3),(0.,1.),.PIECEWISE_BEZIER_KNOTS.);
#130=B_SPLINE_CURVE_WITH_KNOTS('',2,(#6868,#6869,#6870),.UNSPECIFIED.,.F.,
 .F.,(3,3),(0.,1.),.PIECEWISE_BEZIER_KNOTS.);
#131=B_SPLINE_CURVE_WITH_KNOTS('',2,(#6872,#6873,#6874),.UNSPECIFIED.,.F.,
 .F.,(3,3),(0.,1.),.PIECEWISE_BEZIER_KNOTS.);
#132=B_SPLINE_CURVE_WITH_KNOTS('',2,(#6886,#6887,#6888),.UNSPECIFIED.,.F.,
 .F.,(3,3),(0.,1.),.PIECEWISE_BEZIER_KNOTS.);
#133=B_SPLINE_CURVE_WITH_KNOTS('',2,(#6890,#6891,#6892),.UNSPECIFIED.,.F.,
 .F.,(3,3),(0.,1.),.PIECEWISE_BEZIER_KNOTS.);
#134=B_SPLINE_CURVE_WITH_KNOTS('',2,(#6925,#6926,#6927),.UNSPECIFIED.,.F.,
 .F.,(3,3),(0.,1.),.PIECEWISE_BEZIER_KNOTS.);
#135=B_SPLINE_CURVE_WITH_KNOTS('',2,(#6938,#6939,#6940),.UNSPECIFIED.,.F.,
 .F.,(3,3),(0.,1.),.PIECEWISE_BEZIER_KNOTS.);
#136=B_SPLINE_CURVE_WITH_KNOTS('',2,(#6948,#6949,#6950),.UNSPECIFIED.,.F.,
 .F.,(3,3),(0.,1.),.PIECEWISE_BEZIER_KNOTS.);
#137=B_SPLINE_CURVE_WITH_KNOTS('',2,(#6954,#6955,#6956),.UNSPECIFIED.,.F.,
 .F.,(3,3),(0.,1.),.PIECEWISE_BEZIER_KNOTS.);
#138=B_SPLINE_CURVE_WITH_KNOTS('',2,(#6958,#6959,#6960),.UNSPECIFIED.,.F.,
 .F.,(3,3),(0.,1.),.PIECEWISE_BEZIER_KNOTS.);
#139=B_SPLINE_CURVE_WITH_KNOTS('',2,(#7030,#7031,#7032),.UNSPECIFIED.,.F.,
 .F.,(3,3),(0.,1.),.PIECEWISE_BEZIER_KNOTS.);
#140=B_SPLINE_CURVE_WITH_KNOTS('',2,(#7034,#7035,#7036),.UNSPECIFIED.,.F.,
 .F.,(3,3),(0.,1.),.PIECEWISE_BEZIER_KNOTS.);
#141=B_SPLINE_CURVE_WITH_KNOTS('',2,(#7042,#7043,#7044),.UNSPECIFIED.,.F.,
 .F.,(3,3),(0.,1.),.PIECEWISE_BEZIER_KNOTS.);
#142=B_SPLINE_CURVE_WITH_KNOTS('',2,(#7046,#7047,#7048),.UNSPECIFIED.,.F.,
 .F.,(3,3),(0.,1.),.PIECEWISE_BEZIER_KNOTS.);
#143=B_SPLINE_CURVE_WITH_KNOTS('',2,(#7062,#7063,#7064),.UNSPECIFIED.,.F.,
 .F.,(3,3),(0.,1.),.PIECEWISE_BEZIER_KNOTS.);
#144=B_SPLINE_CURVE_WITH_KNOTS('',2,(#7066,#7067,#7068),.UNSPECIFIED.,.F.,
 .F.,(3,3),(0.,1.),.PIECEWISE_BEZIER_KNOTS.);
#145=B_SPLINE_CURVE_WITH_KNOTS('',2,(#7102,#7103,#7104),.UNSPECIFIED.,.F.,
 .F.,(3,3),(0.,1.),.PIECEWISE_BEZIER_KNOTS.);
#146=B_SPLINE_CURVE_WITH_KNOTS('',2,(#7109,#7110,#7111),.UNSPECIFIED.,.F.,
 .F.,(3,3),(0.,1.),.PIECEWISE_BEZIER_KNOTS.);
#147=B_SPLINE_CURVE_WITH_KNOTS('',2,(#7114,#7115,#7116),.UNSPECIFIED.,.F.,
 .F.,(3,3),(0.,1.),.PIECEWISE_BEZIER_KNOTS.);
#148=B_SPLINE_CURVE_WITH_KNOTS('',2,(#7118,#7119,#7120),.UNSPECIFIED.,.F.,
 .F.,(3,3),(0.,1.),.PIECEWISE_BEZIER_KNOTS.);
#149=B_SPLINE_CURVE_WITH_KNOTS('',2,(#7122,#7123,#7124),.UNSPECIFIED.,.F.,
 .F.,(3,3),(0.,1.),.PIECEWISE_BEZIER_KNOTS.);
#150=B_SPLINE_CURVE_WITH_KNOTS('',2,(#7134,#7135,#7136),.UNSPECIFIED.,.F.,
 .F.,(3,3),(0.,1.),.PIECEWISE_BEZIER_KNOTS.);
#151=B_SPLINE_CURVE_WITH_KNOTS('',2,(#7138,#7139,#7140),.UNSPECIFIED.,.F.,
 .F.,(3,3),(0.,1.),.PIECEWISE_BEZIER_KNOTS.);
#152=B_SPLINE_CURVE_WITH_KNOTS('',2,(#7142,#7143,#7144),.UNSPECIFIED.,.F.,
 .F.,(3,3),(0.,1.),.PIECEWISE_BEZIER_KNOTS.);
#153=B_SPLINE_CURVE_WITH_KNOTS('',2,(#7146,#7147,#7148),.UNSPECIFIED.,.F.,
 .F.,(3,3),(0.,1.),.PIECEWISE_BEZIER_KNOTS.);
#154=B_SPLINE_CURVE_WITH_KNOTS('',2,(#7150,#7151,#7152),.UNSPECIFIED.,.F.,
 .F.,(3,3),(0.,1.),.PIECEWISE_BEZIER_KNOTS.);
#155=B_SPLINE_CURVE_WITH_KNOTS('',2,(#7154,#7155,#7156),.UNSPECIFIED.,.F.,
 .F.,(3,3),(0.,1.),.PIECEWISE_BEZIER_KNOTS.);
#156=B_SPLINE_CURVE_WITH_KNOTS('',2,(#7170,#7171,#7172),.UNSPECIFIED.,.F.,
 .F.,(3,3),(0.,1.),.PIECEWISE_BEZIER_KNOTS.);
#157=B_SPLINE_CURVE_WITH_KNOTS('',2,(#7206,#7207,#7208),.UNSPECIFIED.,.F.,
 .F.,(3,3),(0.,1.),.PIECEWISE_BEZIER_KNOTS.);
#158=B_SPLINE_CURVE_WITH_KNOTS('',2,(#7210,#7211,#7212),.UNSPECIFIED.,.F.,
 .F.,(3,3),(0.,1.),.PIECEWISE_BEZIER_KNOTS.);
#159=B_SPLINE_CURVE_WITH_KNOTS('',2,(#7218,#7219,#7220),.UNSPECIFIED.,.F.,
 .F.,(3,3),(0.,1.),.PIECEWISE_BEZIER_KNOTS.);
#160=B_SPLINE_CURVE_WITH_KNOTS('',2,(#7222,#7223,#7224),.UNSPECIFIED.,.F.,
 .F.,(3,3),(0.,1.),.PIECEWISE_BEZIER_KNOTS.);
#161=B_SPLINE_CURVE_WITH_KNOTS('',2,(#7238,#7239,#7240),.UNSPECIFIED.,.F.,
 .F.,(3,3),(0.,1.),.PIECEWISE_BEZIER_KNOTS.);
#162=B_SPLINE_CURVE_WITH_KNOTS('',2,(#7242,#7243,#7244),.UNSPECIFIED.,.F.,
 .F.,(3,3),(0.,1.),.PIECEWISE_BEZIER_KNOTS.);
#163=B_SPLINE_CURVE_WITH_KNOTS('',2,(#7266,#7267,#7268),.UNSPECIFIED.,.F.,
 .F.,(3,3),(0.,1.),.PIECEWISE_BEZIER_KNOTS.);
#164=B_SPLINE_CURVE_WITH_KNOTS('',2,(#7270,#7271,#7272),.UNSPECIFIED.,.F.,
 .F.,(3,3),(0.,1.),.PIECEWISE_BEZIER_KNOTS.);
#165=B_SPLINE_CURVE_WITH_KNOTS('',2,(#7278,#7279,#7280),.UNSPECIFIED.,.F.,
 .F.,(3,3),(0.,1.),.PIECEWISE_BEZIER_KNOTS.);
#166=B_SPLINE_CURVE_WITH_KNOTS('',2,(#7282,#7283,#7284),.UNSPECIFIED.,.F.,
 .F.,(3,3),(0.,1.),.PIECEWISE_BEZIER_KNOTS.);
#167=B_SPLINE_CURVE_WITH_KNOTS('',2,(#7286,#7287,#7288),.UNSPECIFIED.,.F.,
 .F.,(3,3),(0.,1.),.PIECEWISE_BEZIER_KNOTS.);
#168=B_SPLINE_CURVE_WITH_KNOTS('',2,(#7290,#7291,#7292),.UNSPECIFIED.,.F.,
 .F.,(3,3),(0.,1.),.PIECEWISE_BEZIER_KNOTS.);
#169=B_SPLINE_CURVE_WITH_KNOTS('',2,(#7294,#7295,#7296),.UNSPECIFIED.,.F.,
 .F.,(3,3),(0.,1.),.PIECEWISE_BEZIER_KNOTS.);
#170=B_SPLINE_CURVE_WITH_KNOTS('',2,(#7306,#7307,#7308),.UNSPECIFIED.,.F.,
 .F.,(3,3),(0.,1.),.PIECEWISE_BEZIER_KNOTS.);
#171=B_SPLINE_CURVE_WITH_KNOTS('',2,(#7310,#7311,#7312),.UNSPECIFIED.,.F.,
 .F.,(3,3),(0.,1.),.PIECEWISE_BEZIER_KNOTS.);
#172=B_SPLINE_CURVE_WITH_KNOTS('',2,(#7318,#7319,#7320),.UNSPECIFIED.,.F.,
 .F.,(3,3),(0.,1.),.PIECEWISE_BEZIER_KNOTS.);
#173=B_SPLINE_CURVE_WITH_KNOTS('',2,(#7322,#7323,#7324),.UNSPECIFIED.,.F.,
 .F.,(3,3),(0.,1.),.PIECEWISE_BEZIER_KNOTS.);
#174=B_SPLINE_CURVE_WITH_KNOTS('',2,(#7341,#7342,#7343),.UNSPECIFIED.,.F.,
 .F.,(3,3),(0.,1.),.PIECEWISE_BEZIER_KNOTS.);
#175=B_SPLINE_CURVE_WITH_KNOTS('',2,(#7345,#7346,#7347),.UNSPECIFIED.,.F.,
 .F.,(3,3),(0.,1.),.PIECEWISE_BEZIER_KNOTS.);
#176=B_SPLINE_CURVE_WITH_KNOTS('',2,(#7361,#7362,#7363),.UNSPECIFIED.,.F.,
 .F.,(3,3),(0.,1.),.PIECEWISE_BEZIER_KNOTS.);
#177=B_SPLINE_CURVE_WITH_KNOTS('',2,(#7365,#7366,#7367),.UNSPECIFIED.,.F.,
 .F.,(3,3),(0.,1.),.PIECEWISE_BEZIER_KNOTS.);
#178=B_SPLINE_CURVE_WITH_KNOTS('',2,(#7373,#7374,#7375),.UNSPECIFIED.,.F.,
 .F.,(3,3),(0.,1.),.PIECEWISE_BEZIER_KNOTS.);
#179=B_SPLINE_CURVE_WITH_KNOTS('',2,(#7377,#7378,#7379),.UNSPECIFIED.,.F.,
 .F.,(3,3),(0.,1.),.PIECEWISE_BEZIER_KNOTS.);
#180=B_SPLINE_CURVE_WITH_KNOTS('',2,(#7398,#7399,#7400),.UNSPECIFIED.,.F.,
 .F.,(3,3),(0.,1.),.PIECEWISE_BEZIER_KNOTS.);
#181=B_SPLINE_CURVE_WITH_KNOTS('',2,(#7403,#7404,#7405),.UNSPECIFIED.,.F.,
 .F.,(3,3),(0.,1.),.PIECEWISE_BEZIER_KNOTS.);
#182=B_SPLINE_CURVE_WITH_KNOTS('',2,(#7415,#7416,#7417),.UNSPECIFIED.,.F.,
 .F.,(3,3),(0.,1.),.PIECEWISE_BEZIER_KNOTS.);
#183=B_SPLINE_CURVE_WITH_KNOTS('',2,(#7419,#7420,#7421),.UNSPECIFIED.,.F.,
 .F.,(3,3),(0.,1.),.PIECEWISE_BEZIER_KNOTS.);
#184=B_SPLINE_CURVE_WITH_KNOTS('',2,(#7423,#7424,#7425),.UNSPECIFIED.,.F.,
 .F.,(3,3),(0.,1.),.PIECEWISE_BEZIER_KNOTS.);
#185=B_SPLINE_CURVE_WITH_KNOTS('',2,(#7427,#7428,#7429),.UNSPECIFIED.,.F.,
 .F.,(3,3),(0.,1.),.PIECEWISE_BEZIER_KNOTS.);
#186=B_SPLINE_CURVE_WITH_KNOTS('',2,(#7431,#7432,#7433),.UNSPECIFIED.,.F.,
 .F.,(3,3),(0.,1.),.PIECEWISE_BEZIER_KNOTS.);
#187=B_SPLINE_CURVE_WITH_KNOTS('',2,(#7435,#7436,#7437),.UNSPECIFIED.,.F.,
 .F.,(3,3),(0.,1.),.PIECEWISE_BEZIER_KNOTS.);
#188=B_SPLINE_CURVE_WITH_KNOTS('',2,(#7447,#7448,#7449),.UNSPECIFIED.,.F.,
 .F.,(3,3),(0.,1.),.PIECEWISE_BEZIER_KNOTS.);
#189=B_SPLINE_CURVE_WITH_KNOTS('',2,(#7451,#7452,#7453),.UNSPECIFIED.,.F.,
 .F.,(3,3),(0.,1.),.PIECEWISE_BEZIER_KNOTS.);
#190=B_SPLINE_CURVE_WITH_KNOTS('',2,(#7481,#7482,#7483),.UNSPECIFIED.,.F.,
 .F.,(3,3),(0.,1.),.PIECEWISE_BEZIER_KNOTS.);
#191=B_SPLINE_CURVE_WITH_KNOTS('',2,(#7485,#7486,#7487),.UNSPECIFIED.,.F.,
 .F.,(3,3),(0.,1.),.PIECEWISE_BEZIER_KNOTS.);
#192=B_SPLINE_CURVE_WITH_KNOTS('',2,(#7489,#7490,#7491),.UNSPECIFIED.,.F.,
 .F.,(3,3),(0.,1.),.PIECEWISE_BEZIER_KNOTS.);
#193=B_SPLINE_CURVE_WITH_KNOTS('',2,(#7495,#7496,#7497),.UNSPECIFIED.,.F.,
 .F.,(3,3),(0.,1.),.PIECEWISE_BEZIER_KNOTS.);
#194=B_SPLINE_CURVE_WITH_KNOTS('',2,(#7505,#7506,#7507),.UNSPECIFIED.,.F.,
 .F.,(3,3),(0.,1.),.PIECEWISE_BEZIER_KNOTS.);
#195=B_SPLINE_CURVE_WITH_KNOTS('',2,(#7514,#7515,#7516),.UNSPECIFIED.,.F.,
 .F.,(3,3),(0.,1.),.PIECEWISE_BEZIER_KNOTS.);
#196=B_SPLINE_CURVE_WITH_KNOTS('',2,(#7529,#7530,#7531),.UNSPECIFIED.,.F.,
 .F.,(3,3),(0.,1.),.PIECEWISE_BEZIER_KNOTS.);
#197=B_SPLINE_CURVE_WITH_KNOTS('',2,(#7533,#7534,#7535),.UNSPECIFIED.,.F.,
 .F.,(3,3),(0.,1.),.PIECEWISE_BEZIER_KNOTS.);
#198=B_SPLINE_CURVE_WITH_KNOTS('',2,(#7547,#7548,#7549),.UNSPECIFIED.,.F.,
 .F.,(3,3),(0.,1.),.PIECEWISE_BEZIER_KNOTS.);
#199=B_SPLINE_CURVE_WITH_KNOTS('',2,(#7663,#7664,#7665),.UNSPECIFIED.,.F.,
 .F.,(3,3),(0.,1.),.PIECEWISE_BEZIER_KNOTS.);
#200=B_SPLINE_CURVE_WITH_KNOTS('',2,(#7671,#7672,#7673),.UNSPECIFIED.,.F.,
 .F.,(3,3),(0.,1.),.PIECEWISE_BEZIER_KNOTS.);
#201=B_SPLINE_CURVE_WITH_KNOTS('',2,(#7739,#7740,#7741),.UNSPECIFIED.,.F.,
 .F.,(3,3),(0.,1.),.PIECEWISE_BEZIER_KNOTS.);
#202=B_SPLINE_CURVE_WITH_KNOTS('',2,(#7743,#7744,#7745),.UNSPECIFIED.,.F.,
 .F.,(3,3),(0.,1.),.PIECEWISE_BEZIER_KNOTS.);
#203=B_SPLINE_CURVE_WITH_KNOTS('',2,(#7759,#7760,#7761),.UNSPECIFIED.,.F.,
 .F.,(3,3),(0.,1.),.PIECEWISE_BEZIER_KNOTS.);
#204=B_SPLINE_CURVE_WITH_KNOTS('',2,(#7763,#7764,#7765),.UNSPECIFIED.,.F.,
 .F.,(3,3),(0.,1.),.PIECEWISE_BEZIER_KNOTS.);
#205=B_SPLINE_CURVE_WITH_KNOTS('',2,(#7771,#7772,#7773),.UNSPECIFIED.,.F.,
 .F.,(3,3),(0.,1.),.PIECEWISE_BEZIER_KNOTS.);
#206=B_SPLINE_CURVE_WITH_KNOTS('',2,(#7775,#7776,#7777),.UNSPECIFIED.,.F.,
 .F.,(3,3),(0.,1.),.PIECEWISE_BEZIER_KNOTS.);
#207=B_SPLINE_CURVE_WITH_KNOTS('',2,(#7805,#7806,#7807),.UNSPECIFIED.,.F.,
 .F.,(3,3),(0.,1.),.PIECEWISE_BEZIER_KNOTS.);
#208=B_SPLINE_CURVE_WITH_KNOTS('',2,(#7843,#7844,#7845),.UNSPECIFIED.,.F.,
 .F.,(3,3),(0.,1.),.PIECEWISE_BEZIER_KNOTS.);
#209=B_SPLINE_CURVE_WITH_KNOTS('',2,(#7861,#7862,#7863),.UNSPECIFIED.,.F.,
 .F.,(3,3),(0.,1.),.PIECEWISE_BEZIER_KNOTS.);
#210=B_SPLINE_CURVE_WITH_KNOTS('',2,(#7865,#7866,#7867),.UNSPECIFIED.,.F.,
 .F.,(3,3),(0.,1.),.PIECEWISE_BEZIER_KNOTS.);
#211=B_SPLINE_CURVE_WITH_KNOTS('',2,(#7873,#7874,#7875),.UNSPECIFIED.,.F.,
 .F.,(3,3),(0.,1.),.PIECEWISE_BEZIER_KNOTS.);
#212=B_SPLINE_CURVE_WITH_KNOTS('',2,(#7877,#7878,#7879),.UNSPECIFIED.,.F.,
 .F.,(3,3),(0.,1.),.PIECEWISE_BEZIER_KNOTS.);
#213=B_SPLINE_CURVE_WITH_KNOTS('',2,(#7889,#7890,#7891),.UNSPECIFIED.,.F.,
 .F.,(3,3),(0.,1.),.PIECEWISE_BEZIER_KNOTS.);
#214=B_SPLINE_CURVE_WITH_KNOTS('',2,(#7893,#7894,#7895),.UNSPECIFIED.,.F.,
 .F.,(3,3),(0.,1.),.PIECEWISE_BEZIER_KNOTS.);
#215=B_SPLINE_CURVE_WITH_KNOTS('',2,(#7897,#7898,#7899),.UNSPECIFIED.,.F.,
 .F.,(3,3),(0.,1.),.PIECEWISE_BEZIER_KNOTS.);
#216=B_SPLINE_CURVE_WITH_KNOTS('',2,(#7901,#7902,#7903),.UNSPECIFIED.,.F.,
 .F.,(3,3),(0.,1.),.PIECEWISE_BEZIER_KNOTS.);
#217=B_SPLINE_CURVE_WITH_KNOTS('',2,(#7905,#7906,#7907),.UNSPECIFIED.,.F.,
 .F.,(3,3),(0.,1.),.PIECEWISE_BEZIER_KNOTS.);
#218=B_SPLINE_CURVE_WITH_KNOTS('',2,(#7913,#7914,#7915),.UNSPECIFIED.,.F.,
 .F.,(3,3),(0.,1.),.PIECEWISE_BEZIER_KNOTS.);
#219=B_SPLINE_CURVE_WITH_KNOTS('',2,(#7917,#7918,#7919),.UNSPECIFIED.,.F.,
 .F.,(3,3),(0.,1.),.PIECEWISE_BEZIER_KNOTS.);
#220=CIRCLE('',#5176,0.010547175830865);
#221=CIRCLE('',#5177,0.00142405993826689);
#222=CIRCLE('',#5178,0.000719613234923827);
#223=CIRCLE('',#5179,0.000995718907458643);
#224=CIRCLE('',#5180,0.00236924627805828);
#225=CIRCLE('',#5181,0.00676843823196767);
#226=CIRCLE('',#5182,0.0105218115221855);
#227=CIRCLE('',#5183,0.00263957288389479);
#228=CIRCLE('',#5184,0.00248247334929887);
#229=CIRCLE('',#5185,0.00231826931741724);
#230=CIRCLE('',#5186,0.00319743899855081);
#231=CIRCLE('',#5187,0.00134321721556253);
#232=CIRCLE('',#5188,0.00243068662272858);
#233=CIRCLE('',#5189,0.0149233229711825);
#234=CIRCLE('',#5190,0.00382925807922571);
#235=CIRCLE('',#5191,0.00200517069633423);
#236=CIRCLE('',#5192,0.00263870577962197);
#237=CIRCLE('',#5193,0.0093207945269983);
#238=CIRCLE('',#5194,0.00558095258974674);
#239=CIRCLE('',#5195,0.00308968239617523);
#240=CIRCLE('',#5196,0.00625441767724806);
#241=CIRCLE('',#5197,0.00490596667569189);
#242=CIRCLE('',#5198,0.00323762318224174);
#243=CIRCLE('',#5199,0.029526572054619);
#244=CIRCLE('',#5200,0.00352522995616003);
#245=CIRCLE('',#5201,0.00242824009695664);
#246=CIRCLE('',#5202,0.00230361517842298);
#247=CIRCLE('',#5203,0.00249887471696527);
#248=CIRCLE('',#5204,0.00262138181743993);
#249=CIRCLE('',#5205,0.0026992590856165);
#250=CIRCLE('',#5206,0.000574864343116368);
#251=CIRCLE('',#5207,0.00106648674402953);
#252=CIRCLE('',#5208,0.00166481773388528);
#253=CIRCLE('',#5209,0.00132121371380489);
#254=CIRCLE('',#5210,0.00247976347411098);
#255=CIRCLE('',#5211,0.0014580420201965);
#256=CIRCLE('',#5212,0.00364463775220836);
#257=CIRCLE('',#5213,0.00306893041544178);
#258=CIRCLE('',#5214,0.00286435981736);
#259=CIRCLE('',#5215,0.00262160014564935);
#260=CIRCLE('',#5216,0.00387921440426505);
#261=CIRCLE('',#5217,0.00376012452822211);
#262=CIRCLE('',#5218,0.0055378008095851);
#263=CIRCLE('',#5219,0.00435143688780064);
#264=CIRCLE('',#5220,0.00455473402269029);
#265=CIRCLE('',#5221,0.00270991769050627);
#266=CIRCLE('',#5222,0.00321652683141108);
#267=CIRCLE('',#5223,0.00352873659914557);
#268=CIRCLE('',#5224,0.00198593187674916);
#269=CIRCLE('',#5225,0.00177860524647535);
#270=CIRCLE('',#5226,0.00349165164866656);
#271=CIRCLE('',#5227,0.00325480118653697);
#272=CIRCLE('',#5228,0.00331111736155424);
#273=CIRCLE('',#5229,0.00199490719818422);
#274=CIRCLE('',#5230,0.00377635129047279);
#275=CIRCLE('',#5231,0.00269925908561824);
#276=CIRCLE('',#5232,0.000574864343116027);
#277=CIRCLE('',#5233,0.0010664867440467);
#278=CIRCLE('',#5234,0.00166481773388533);
#279=CIRCLE('',#5235,0.00132121371380471);
#280=CIRCLE('',#5236,0.00247976347410008);
#281=CIRCLE('',#5237,0.00145804202019644);
#282=CIRCLE('',#5238,0.00364463775220856);
#283=CIRCLE('',#5239,0.00306893041544169);
#284=CIRCLE('',#5240,0.0028643598173599);
#285=CIRCLE('',#5241,0.00394241193645123);
#286=CIRCLE('',#5242,0.00449929996452058);
#287=CIRCLE('',#5243,0.00511091632460223);
#288=CIRCLE('',#5244,0.00467483598744595);
#289=CIRCLE('',#5245,0.00235663377235);
#290=CIRCLE('',#5247,0.00269925908561824);
#291=CIRCLE('',#5248,0.0028643598173599);
#292=CIRCLE('',#5249,0.00306893041544169);
#293=CIRCLE('',#5250,0.00364463775220856);
#294=CIRCLE('',#5251,0.00145804202019644);
#295=CIRCLE('',#5252,0.00247976347410008);
#296=CIRCLE('',#5253,0.00132121371380471);
#297=CIRCLE('',#5254,0.00166481773388533);
#298=CIRCLE('',#5255,0.0010664867440467);
#299=CIRCLE('',#5256,0.000574864343116027);
#300=CIRCLE('',#5257,0.00325480118653697);
#301=CIRCLE('',#5258,0.00349165164866656);
#302=CIRCLE('',#5259,0.00177860524647535);
#303=CIRCLE('',#5260,0.00198593187674916);
#304=CIRCLE('',#5261,0.00352873659914557);
#305=CIRCLE('',#5262,0.00321652683141108);
#306=CIRCLE('',#5263,0.00262138181743993);
#307=CIRCLE('',#5264,0.00249887471696527);
#308=CIRCLE('',#5265,0.00230361517842298);
#309=CIRCLE('',#5266,0.00242824009695664);
#310=CIRCLE('',#5267,0.00352522995616003);
#311=CIRCLE('',#5268,0.029526572054619);
#312=CIRCLE('',#5269,0.00263957288389479);
#313=CIRCLE('',#5270,0.00382925807922571);
#314=CIRCLE('',#5271,0.0149233229711825);
#315=CIRCLE('',#5272,0.00243068662272858);
#316=CIRCLE('',#5273,0.00134321721556253);
#317=CIRCLE('',#5274,0.00319743899855081);
#318=CIRCLE('',#5275,0.00231826931741724);
#319=CIRCLE('',#5276,0.00248247334929887);
#320=CIRCLE('',#5277,0.00142405993826689);
#321=CIRCLE('',#5278,0.010547175830865);
#322=CIRCLE('',#5279,0.0105218115221855);
#323=CIRCLE('',#5280,0.00676843823196767);
#324=CIRCLE('',#5281,0.00236924627805828);
#325=CIRCLE('',#5282,0.000995718907458643);
#326=CIRCLE('',#5283,0.000719613234923827);
#327=CIRCLE('',#5284,0.00200517069633423);
#328=CIRCLE('',#5285,0.00323762318224174);
#329=CIRCLE('',#5286,0.00490596667569189);
#330=CIRCLE('',#5287,0.00625441767724806);
#331=CIRCLE('',#5288,0.00308968239617523);
#332=CIRCLE('',#5289,0.00558095258974674);
#333=CIRCLE('',#5290,0.0093207945269983);
#334=CIRCLE('',#5291,0.00263870577962197);
#335=CIRCLE('',#5292,0.0026992590856165);
#336=CIRCLE('',#5293,0.00286435981736);
#337=CIRCLE('',#5294,0.00306893041544178);
#338=CIRCLE('',#5295,0.00364463775220836);
#339=CIRCLE('',#5296,0.0014580420201965);
#340=CIRCLE('',#5297,0.00247976347411098);
#341=CIRCLE('',#5298,0.00132121371380489);
#342=CIRCLE('',#5299,0.00166481773388528);
#343=CIRCLE('',#5300,0.00106648674402953);
#344=CIRCLE('',#5301,0.000574864343116368);
#345=CIRCLE('',#5302,0.00270991769050627);
#346=CIRCLE('',#5303,0.00455473402269029);
#347=CIRCLE('',#5304,0.00435143688780064);
#348=CIRCLE('',#5305,0.0055378008095851);
#349=CIRCLE('',#5306,0.00376012452822211);
#350=CIRCLE('',#5307,0.00387921440426505);
#351=CIRCLE('',#5308,0.00262160014564935);
#352=CIRCLE('',#5309,0.00331111736155424);
#353=CIRCLE('',#5310,0.00377635129047279);
#354=CIRCLE('',#5311,0.00199490719818422);
#355=CIRCLE('',#5312,0.00235663377235);
#356=CIRCLE('',#5313,0.00467483598744595);
#357=CIRCLE('',#5314,0.00511091632460223);
#358=CIRCLE('',#5315,0.00449929996452058);
#359=CIRCLE('',#5316,0.00394241193645123);
#360=ORIENTED_EDGE('',*,*,#1860,.F.);
#361=ORIENTED_EDGE('',*,*,#1861,.T.);
#362=ORIENTED_EDGE('',*,*,#1862,.T.);
#363=ORIENTED_EDGE('',*,*,#1863,.F.);
#364=ORIENTED_EDGE('',*,*,#1864,.F.);
#365=ORIENTED_EDGE('',*,*,#1865,.T.);
#366=ORIENTED_EDGE('',*,*,#1866,.F.);
#367=ORIENTED_EDGE('',*,*,#1867,.F.);
#368=ORIENTED_EDGE('',*,*,#1868,.F.);
#369=ORIENTED_EDGE('',*,*,#1869,.F.);
#370=ORIENTED_EDGE('',*,*,#1870,.T.);
#371=ORIENTED_EDGE('',*,*,#1871,.T.);
#372=ORIENTED_EDGE('',*,*,#1872,.F.);
#373=ORIENTED_EDGE('',*,*,#1873,.T.);
#374=ORIENTED_EDGE('',*,*,#1874,.F.);
#375=ORIENTED_EDGE('',*,*,#1875,.F.);
#376=ORIENTED_EDGE('',*,*,#1876,.F.);
#377=ORIENTED_EDGE('',*,*,#1877,.T.);
#378=ORIENTED_EDGE('',*,*,#1878,.F.);
#379=ORIENTED_EDGE('',*,*,#1879,.T.);
#380=ORIENTED_EDGE('',*,*,#1880,.F.);
#381=ORIENTED_EDGE('',*,*,#1881,.F.);
#382=ORIENTED_EDGE('',*,*,#1882,.T.);
#383=ORIENTED_EDGE('',*,*,#1883,.T.);
#384=ORIENTED_EDGE('',*,*,#1884,.T.);
#385=ORIENTED_EDGE('',*,*,#1885,.F.);
#386=ORIENTED_EDGE('',*,*,#1886,.F.);
#387=ORIENTED_EDGE('',*,*,#1887,.T.);
#388=ORIENTED_EDGE('',*,*,#1888,.F.);
#389=ORIENTED_EDGE('',*,*,#1889,.T.);
#390=ORIENTED_EDGE('',*,*,#1890,.T.);
#391=ORIENTED_EDGE('',*,*,#1891,.T.);
#392=ORIENTED_EDGE('',*,*,#1892,.T.);
#393=ORIENTED_EDGE('',*,*,#1893,.T.);
#394=ORIENTED_EDGE('',*,*,#1894,.F.);
#395=ORIENTED_EDGE('',*,*,#1895,.F.);
#396=ORIENTED_EDGE('',*,*,#1896,.T.);
#397=ORIENTED_EDGE('',*,*,#1897,.F.);
#398=ORIENTED_EDGE('',*,*,#1898,.T.);
#399=ORIENTED_EDGE('',*,*,#1899,.F.);
#400=ORIENTED_EDGE('',*,*,#1900,.T.);
#401=ORIENTED_EDGE('',*,*,#1901,.T.);
#402=ORIENTED_EDGE('',*,*,#1902,.T.);
#403=ORIENTED_EDGE('',*,*,#1903,.F.);
#404=ORIENTED_EDGE('',*,*,#1904,.F.);
#405=ORIENTED_EDGE('',*,*,#1905,.T.);
#406=ORIENTED_EDGE('',*,*,#1906,.F.);
#407=ORIENTED_EDGE('',*,*,#1907,.F.);
#408=ORIENTED_EDGE('',*,*,#1908,.T.);
#409=ORIENTED_EDGE('',*,*,#1909,.F.);
#410=ORIENTED_EDGE('',*,*,#1910,.T.);
#411=ORIENTED_EDGE('',*,*,#1911,.T.);
#412=ORIENTED_EDGE('',*,*,#1912,.T.);
#413=ORIENTED_EDGE('',*,*,#1913,.T.);
#414=ORIENTED_EDGE('',*,*,#1914,.T.);
#415=ORIENTED_EDGE('',*,*,#1915,.T.);
#416=ORIENTED_EDGE('',*,*,#1916,.T.);
#417=ORIENTED_EDGE('',*,*,#1917,.T.);
#418=ORIENTED_EDGE('',*,*,#1918,.T.);
#419=ORIENTED_EDGE('',*,*,#1919,.T.);
#420=ORIENTED_EDGE('',*,*,#1920,.T.);
#421=ORIENTED_EDGE('',*,*,#1921,.T.);
#422=ORIENTED_EDGE('',*,*,#1922,.T.);
#423=ORIENTED_EDGE('',*,*,#1923,.T.);
#424=ORIENTED_EDGE('',*,*,#1924,.T.);
#425=ORIENTED_EDGE('',*,*,#1925,.T.);
#426=ORIENTED_EDGE('',*,*,#1926,.T.);
#427=ORIENTED_EDGE('',*,*,#1927,.T.);
#428=ORIENTED_EDGE('',*,*,#1928,.T.);
#429=ORIENTED_EDGE('',*,*,#1929,.T.);
#430=ORIENTED_EDGE('',*,*,#1930,.T.);
#431=ORIENTED_EDGE('',*,*,#1931,.T.);
#432=ORIENTED_EDGE('',*,*,#1932,.T.);
#433=ORIENTED_EDGE('',*,*,#1933,.T.);
#434=ORIENTED_EDGE('',*,*,#1934,.T.);
#435=ORIENTED_EDGE('',*,*,#1935,.T.);
#436=ORIENTED_EDGE('',*,*,#1936,.T.);
#437=ORIENTED_EDGE('',*,*,#1937,.T.);
#438=ORIENTED_EDGE('',*,*,#1938,.T.);
#439=ORIENTED_EDGE('',*,*,#1939,.T.);
#440=ORIENTED_EDGE('',*,*,#1940,.T.);
#441=ORIENTED_EDGE('',*,*,#1941,.T.);
#442=ORIENTED_EDGE('',*,*,#1942,.T.);
#443=ORIENTED_EDGE('',*,*,#1943,.T.);
#444=ORIENTED_EDGE('',*,*,#1944,.T.);
#445=ORIENTED_EDGE('',*,*,#1945,.T.);
#446=ORIENTED_EDGE('',*,*,#1946,.T.);
#447=ORIENTED_EDGE('',*,*,#1947,.T.);
#448=ORIENTED_EDGE('',*,*,#1948,.T.);
#449=ORIENTED_EDGE('',*,*,#1949,.T.);
#450=ORIENTED_EDGE('',*,*,#1950,.T.);
#451=ORIENTED_EDGE('',*,*,#1951,.T.);
#452=ORIENTED_EDGE('',*,*,#1952,.T.);
#453=ORIENTED_EDGE('',*,*,#1953,.T.);
#454=ORIENTED_EDGE('',*,*,#1954,.T.);
#455=ORIENTED_EDGE('',*,*,#1955,.T.);
#456=ORIENTED_EDGE('',*,*,#1956,.T.);
#457=ORIENTED_EDGE('',*,*,#1957,.T.);
#458=ORIENTED_EDGE('',*,*,#1958,.T.);
#459=ORIENTED_EDGE('',*,*,#1959,.T.);
#460=ORIENTED_EDGE('',*,*,#1960,.T.);
#461=ORIENTED_EDGE('',*,*,#1961,.T.);
#462=ORIENTED_EDGE('',*,*,#1962,.T.);
#463=ORIENTED_EDGE('',*,*,#1963,.T.);
#464=ORIENTED_EDGE('',*,*,#1964,.T.);
#465=ORIENTED_EDGE('',*,*,#1965,.T.);
#466=ORIENTED_EDGE('',*,*,#1966,.T.);
#467=ORIENTED_EDGE('',*,*,#1967,.T.);
#468=ORIENTED_EDGE('',*,*,#1968,.T.);
#469=ORIENTED_EDGE('',*,*,#1969,.T.);
#470=ORIENTED_EDGE('',*,*,#1970,.T.);
#471=ORIENTED_EDGE('',*,*,#1971,.T.);
#472=ORIENTED_EDGE('',*,*,#1972,.T.);
#473=ORIENTED_EDGE('',*,*,#1973,.T.);
#474=ORIENTED_EDGE('',*,*,#1974,.T.);
#475=ORIENTED_EDGE('',*,*,#1975,.T.);
#476=ORIENTED_EDGE('',*,*,#1976,.T.);
#477=ORIENTED_EDGE('',*,*,#1977,.T.);
#478=ORIENTED_EDGE('',*,*,#1978,.T.);
#479=ORIENTED_EDGE('',*,*,#1979,.T.);
#480=ORIENTED_EDGE('',*,*,#1980,.T.);
#481=ORIENTED_EDGE('',*,*,#1981,.T.);
#482=ORIENTED_EDGE('',*,*,#1982,.T.);
#483=ORIENTED_EDGE('',*,*,#1983,.T.);
#484=ORIENTED_EDGE('',*,*,#1984,.T.);
#485=ORIENTED_EDGE('',*,*,#1985,.T.);
#486=ORIENTED_EDGE('',*,*,#1986,.T.);
#487=ORIENTED_EDGE('',*,*,#1987,.T.);
#488=ORIENTED_EDGE('',*,*,#1988,.T.);
#489=ORIENTED_EDGE('',*,*,#1989,.T.);
#490=ORIENTED_EDGE('',*,*,#1990,.T.);
#491=ORIENTED_EDGE('',*,*,#1991,.T.);
#492=ORIENTED_EDGE('',*,*,#1992,.T.);
#493=ORIENTED_EDGE('',*,*,#1993,.T.);
#494=ORIENTED_EDGE('',*,*,#1994,.T.);
#495=ORIENTED_EDGE('',*,*,#1995,.T.);
#496=ORIENTED_EDGE('',*,*,#1996,.T.);
#497=ORIENTED_EDGE('',*,*,#1997,.T.);
#498=ORIENTED_EDGE('',*,*,#1998,.T.);
#499=ORIENTED_EDGE('',*,*,#1999,.T.);
#500=ORIENTED_EDGE('',*,*,#2000,.T.);
#501=ORIENTED_EDGE('',*,*,#2001,.T.);
#502=ORIENTED_EDGE('',*,*,#2002,.T.);
#503=ORIENTED_EDGE('',*,*,#2003,.T.);
#504=ORIENTED_EDGE('',*,*,#2004,.T.);
#505=ORIENTED_EDGE('',*,*,#2005,.T.);
#506=ORIENTED_EDGE('',*,*,#2006,.T.);
#507=ORIENTED_EDGE('',*,*,#2007,.T.);
#508=ORIENTED_EDGE('',*,*,#2008,.T.);
#509=ORIENTED_EDGE('',*,*,#2009,.T.);
#510=ORIENTED_EDGE('',*,*,#2010,.T.);
#511=ORIENTED_EDGE('',*,*,#2011,.T.);
#512=ORIENTED_EDGE('',*,*,#2012,.T.);
#513=ORIENTED_EDGE('',*,*,#2013,.T.);
#514=ORIENTED_EDGE('',*,*,#2014,.T.);
#515=ORIENTED_EDGE('',*,*,#2015,.T.);
#516=ORIENTED_EDGE('',*,*,#2016,.T.);
#517=ORIENTED_EDGE('',*,*,#2017,.T.);
#518=ORIENTED_EDGE('',*,*,#2018,.T.);
#519=ORIENTED_EDGE('',*,*,#2019,.T.);
#520=ORIENTED_EDGE('',*,*,#2020,.T.);
#521=ORIENTED_EDGE('',*,*,#2021,.T.);
#522=ORIENTED_EDGE('',*,*,#2022,.T.);
#523=ORIENTED_EDGE('',*,*,#2023,.T.);
#524=ORIENTED_EDGE('',*,*,#2024,.T.);
#525=ORIENTED_EDGE('',*,*,#2025,.T.);
#526=ORIENTED_EDGE('',*,*,#2026,.T.);
#527=ORIENTED_EDGE('',*,*,#2027,.T.);
#528=ORIENTED_EDGE('',*,*,#2028,.T.);
#529=ORIENTED_EDGE('',*,*,#2029,.T.);
#530=ORIENTED_EDGE('',*,*,#2030,.T.);
#531=ORIENTED_EDGE('',*,*,#2031,.T.);
#532=ORIENTED_EDGE('',*,*,#2032,.T.);
#533=ORIENTED_EDGE('',*,*,#2033,.T.);
#534=ORIENTED_EDGE('',*,*,#2034,.T.);
#535=ORIENTED_EDGE('',*,*,#2035,.T.);
#536=ORIENTED_EDGE('',*,*,#2036,.T.);
#537=ORIENTED_EDGE('',*,*,#2037,.T.);
#538=ORIENTED_EDGE('',*,*,#2038,.T.);
#539=ORIENTED_EDGE('',*,*,#2039,.T.);
#540=ORIENTED_EDGE('',*,*,#2040,.T.);
#541=ORIENTED_EDGE('',*,*,#2041,.T.);
#542=ORIENTED_EDGE('',*,*,#2042,.T.);
#543=ORIENTED_EDGE('',*,*,#2043,.T.);
#544=ORIENTED_EDGE('',*,*,#2044,.T.);
#545=ORIENTED_EDGE('',*,*,#2045,.T.);
#546=ORIENTED_EDGE('',*,*,#2046,.T.);
#547=ORIENTED_EDGE('',*,*,#2047,.T.);
#548=ORIENTED_EDGE('',*,*,#2048,.T.);
#549=ORIENTED_EDGE('',*,*,#2049,.T.);
#550=ORIENTED_EDGE('',*,*,#2050,.T.);
#551=ORIENTED_EDGE('',*,*,#2051,.T.);
#552=ORIENTED_EDGE('',*,*,#2052,.T.);
#553=ORIENTED_EDGE('',*,*,#2053,.T.);
#554=ORIENTED_EDGE('',*,*,#2054,.T.);
#555=ORIENTED_EDGE('',*,*,#2055,.T.);
#556=ORIENTED_EDGE('',*,*,#2056,.T.);
#557=ORIENTED_EDGE('',*,*,#2057,.T.);
#558=ORIENTED_EDGE('',*,*,#2058,.T.);
#559=ORIENTED_EDGE('',*,*,#2059,.T.);
#560=ORIENTED_EDGE('',*,*,#2060,.T.);
#561=ORIENTED_EDGE('',*,*,#2061,.T.);
#562=ORIENTED_EDGE('',*,*,#2062,.T.);
#563=ORIENTED_EDGE('',*,*,#2063,.T.);
#564=ORIENTED_EDGE('',*,*,#2064,.T.);
#565=ORIENTED_EDGE('',*,*,#2065,.T.);
#566=ORIENTED_EDGE('',*,*,#2066,.T.);
#567=ORIENTED_EDGE('',*,*,#2067,.T.);
#568=ORIENTED_EDGE('',*,*,#2068,.T.);
#569=ORIENTED_EDGE('',*,*,#2069,.T.);
#570=ORIENTED_EDGE('',*,*,#2070,.T.);
#571=ORIENTED_EDGE('',*,*,#2071,.T.);
#572=ORIENTED_EDGE('',*,*,#2072,.T.);
#573=ORIENTED_EDGE('',*,*,#2073,.T.);
#574=ORIENTED_EDGE('',*,*,#2074,.T.);
#575=ORIENTED_EDGE('',*,*,#2075,.T.);
#576=ORIENTED_EDGE('',*,*,#2076,.T.);
#577=ORIENTED_EDGE('',*,*,#2077,.T.);
#578=ORIENTED_EDGE('',*,*,#2078,.T.);
#579=ORIENTED_EDGE('',*,*,#2079,.T.);
#580=ORIENTED_EDGE('',*,*,#2080,.T.);
#581=ORIENTED_EDGE('',*,*,#2081,.T.);
#582=ORIENTED_EDGE('',*,*,#2082,.T.);
#583=ORIENTED_EDGE('',*,*,#2083,.T.);
#584=ORIENTED_EDGE('',*,*,#2084,.T.);
#585=ORIENTED_EDGE('',*,*,#2085,.T.);
#586=ORIENTED_EDGE('',*,*,#2086,.T.);
#587=ORIENTED_EDGE('',*,*,#2087,.T.);
#588=ORIENTED_EDGE('',*,*,#2088,.T.);
#589=ORIENTED_EDGE('',*,*,#2089,.T.);
#590=ORIENTED_EDGE('',*,*,#2090,.T.);
#591=ORIENTED_EDGE('',*,*,#2091,.T.);
#592=ORIENTED_EDGE('',*,*,#2092,.T.);
#593=ORIENTED_EDGE('',*,*,#2093,.T.);
#594=ORIENTED_EDGE('',*,*,#2094,.T.);
#595=ORIENTED_EDGE('',*,*,#2095,.T.);
#596=ORIENTED_EDGE('',*,*,#2096,.T.);
#597=ORIENTED_EDGE('',*,*,#2097,.T.);
#598=ORIENTED_EDGE('',*,*,#2098,.T.);
#599=ORIENTED_EDGE('',*,*,#2099,.T.);
#600=ORIENTED_EDGE('',*,*,#2100,.T.);
#601=ORIENTED_EDGE('',*,*,#2101,.T.);
#602=ORIENTED_EDGE('',*,*,#2102,.T.);
#603=ORIENTED_EDGE('',*,*,#2103,.T.);
#604=ORIENTED_EDGE('',*,*,#2104,.T.);
#605=ORIENTED_EDGE('',*,*,#2105,.T.);
#606=ORIENTED_EDGE('',*,*,#2106,.T.);
#607=ORIENTED_EDGE('',*,*,#2107,.T.);
#608=ORIENTED_EDGE('',*,*,#2108,.T.);
#609=ORIENTED_EDGE('',*,*,#2109,.T.);
#610=ORIENTED_EDGE('',*,*,#2110,.T.);
#611=ORIENTED_EDGE('',*,*,#2111,.T.);
#612=ORIENTED_EDGE('',*,*,#2112,.T.);
#613=ORIENTED_EDGE('',*,*,#2113,.T.);
#614=ORIENTED_EDGE('',*,*,#2114,.T.);
#615=ORIENTED_EDGE('',*,*,#2115,.T.);
#616=ORIENTED_EDGE('',*,*,#2116,.T.);
#617=ORIENTED_EDGE('',*,*,#2117,.T.);
#618=ORIENTED_EDGE('',*,*,#2118,.T.);
#619=ORIENTED_EDGE('',*,*,#2119,.T.);
#620=ORIENTED_EDGE('',*,*,#2120,.T.);
#621=ORIENTED_EDGE('',*,*,#2121,.T.);
#622=ORIENTED_EDGE('',*,*,#2122,.T.);
#623=ORIENTED_EDGE('',*,*,#2123,.T.);
#624=ORIENTED_EDGE('',*,*,#2124,.T.);
#625=ORIENTED_EDGE('',*,*,#2125,.T.);
#626=ORIENTED_EDGE('',*,*,#2126,.T.);
#627=ORIENTED_EDGE('',*,*,#2127,.T.);
#628=ORIENTED_EDGE('',*,*,#2128,.T.);
#629=ORIENTED_EDGE('',*,*,#2129,.T.);
#630=ORIENTED_EDGE('',*,*,#2130,.T.);
#631=ORIENTED_EDGE('',*,*,#2131,.T.);
#632=ORIENTED_EDGE('',*,*,#2132,.T.);
#633=ORIENTED_EDGE('',*,*,#2133,.T.);
#634=ORIENTED_EDGE('',*,*,#2134,.T.);
#635=ORIENTED_EDGE('',*,*,#2135,.T.);
#636=ORIENTED_EDGE('',*,*,#2136,.T.);
#637=ORIENTED_EDGE('',*,*,#2137,.T.);
#638=ORIENTED_EDGE('',*,*,#2138,.T.);
#639=ORIENTED_EDGE('',*,*,#2139,.T.);
#640=ORIENTED_EDGE('',*,*,#2140,.T.);
#641=ORIENTED_EDGE('',*,*,#2141,.T.);
#642=ORIENTED_EDGE('',*,*,#2142,.T.);
#643=ORIENTED_EDGE('',*,*,#2143,.T.);
#644=ORIENTED_EDGE('',*,*,#2144,.T.);
#645=ORIENTED_EDGE('',*,*,#2145,.T.);
#646=ORIENTED_EDGE('',*,*,#2146,.T.);
#647=ORIENTED_EDGE('',*,*,#2147,.T.);
#648=ORIENTED_EDGE('',*,*,#2148,.T.);
#649=ORIENTED_EDGE('',*,*,#2149,.T.);
#650=ORIENTED_EDGE('',*,*,#2150,.T.);
#651=ORIENTED_EDGE('',*,*,#2151,.T.);
#652=ORIENTED_EDGE('',*,*,#2152,.T.);
#653=ORIENTED_EDGE('',*,*,#2153,.T.);
#654=ORIENTED_EDGE('',*,*,#2154,.T.);
#655=ORIENTED_EDGE('',*,*,#2155,.T.);
#656=ORIENTED_EDGE('',*,*,#2156,.T.);
#657=ORIENTED_EDGE('',*,*,#2157,.T.);
#658=ORIENTED_EDGE('',*,*,#2158,.T.);
#659=ORIENTED_EDGE('',*,*,#2159,.T.);
#660=ORIENTED_EDGE('',*,*,#2160,.T.);
#661=ORIENTED_EDGE('',*,*,#2161,.T.);
#662=ORIENTED_EDGE('',*,*,#2162,.T.);
#663=ORIENTED_EDGE('',*,*,#2163,.T.);
#664=ORIENTED_EDGE('',*,*,#2164,.T.);
#665=ORIENTED_EDGE('',*,*,#2165,.T.);
#666=ORIENTED_EDGE('',*,*,#2166,.T.);
#667=ORIENTED_EDGE('',*,*,#2167,.T.);
#668=ORIENTED_EDGE('',*,*,#2168,.T.);
#669=ORIENTED_EDGE('',*,*,#2169,.T.);
#670=ORIENTED_EDGE('',*,*,#2170,.T.);
#671=ORIENTED_EDGE('',*,*,#2171,.T.);
#672=ORIENTED_EDGE('',*,*,#2172,.T.);
#673=ORIENTED_EDGE('',*,*,#2173,.T.);
#674=ORIENTED_EDGE('',*,*,#2174,.T.);
#675=ORIENTED_EDGE('',*,*,#2175,.T.);
#676=ORIENTED_EDGE('',*,*,#2176,.T.);
#677=ORIENTED_EDGE('',*,*,#2177,.T.);
#678=ORIENTED_EDGE('',*,*,#2178,.T.);
#679=ORIENTED_EDGE('',*,*,#2179,.T.);
#680=ORIENTED_EDGE('',*,*,#2180,.T.);
#681=ORIENTED_EDGE('',*,*,#2181,.T.);
#682=ORIENTED_EDGE('',*,*,#2182,.T.);
#683=ORIENTED_EDGE('',*,*,#2183,.T.);
#684=ORIENTED_EDGE('',*,*,#2184,.T.);
#685=ORIENTED_EDGE('',*,*,#2185,.T.);
#686=ORIENTED_EDGE('',*,*,#2186,.T.);
#687=ORIENTED_EDGE('',*,*,#2187,.T.);
#688=ORIENTED_EDGE('',*,*,#2188,.T.);
#689=ORIENTED_EDGE('',*,*,#2189,.T.);
#690=ORIENTED_EDGE('',*,*,#2190,.T.);
#691=ORIENTED_EDGE('',*,*,#2191,.T.);
#692=ORIENTED_EDGE('',*,*,#2192,.T.);
#693=ORIENTED_EDGE('',*,*,#2193,.T.);
#694=ORIENTED_EDGE('',*,*,#2194,.T.);
#695=ORIENTED_EDGE('',*,*,#2195,.T.);
#696=ORIENTED_EDGE('',*,*,#2196,.T.);
#697=ORIENTED_EDGE('',*,*,#2197,.F.);
#698=ORIENTED_EDGE('',*,*,#2198,.F.);
#699=ORIENTED_EDGE('',*,*,#2199,.T.);
#700=ORIENTED_EDGE('',*,*,#2200,.F.);
#701=ORIENTED_EDGE('',*,*,#2201,.T.);
#702=ORIENTED_EDGE('',*,*,#2202,.T.);
#703=ORIENTED_EDGE('',*,*,#2203,.F.);
#704=ORIENTED_EDGE('',*,*,#2204,.T.);
#705=ORIENTED_EDGE('',*,*,#2205,.F.);
#706=ORIENTED_EDGE('',*,*,#2206,.F.);
#707=ORIENTED_EDGE('',*,*,#2207,.F.);
#708=ORIENTED_EDGE('',*,*,#2208,.T.);
#709=ORIENTED_EDGE('',*,*,#2209,.T.);
#710=ORIENTED_EDGE('',*,*,#2210,.F.);
#711=ORIENTED_EDGE('',*,*,#2211,.T.);
#712=ORIENTED_EDGE('',*,*,#2212,.F.);
#713=ORIENTED_EDGE('',*,*,#2213,.T.);
#714=ORIENTED_EDGE('',*,*,#2214,.F.);
#715=ORIENTED_EDGE('',*,*,#2215,.F.);
#716=ORIENTED_EDGE('',*,*,#2216,.F.);
#717=ORIENTED_EDGE('',*,*,#2217,.F.);
#718=ORIENTED_EDGE('',*,*,#2218,.F.);
#719=ORIENTED_EDGE('',*,*,#2219,.F.);
#720=ORIENTED_EDGE('',*,*,#2220,.T.);
#721=ORIENTED_EDGE('',*,*,#2221,.F.);
#722=ORIENTED_EDGE('',*,*,#2222,.T.);
#723=ORIENTED_EDGE('',*,*,#2223,.T.);
#724=ORIENTED_EDGE('',*,*,#2224,.F.);
#725=ORIENTED_EDGE('',*,*,#2225,.F.);
#726=ORIENTED_EDGE('',*,*,#2226,.F.);
#727=ORIENTED_EDGE('',*,*,#2227,.T.);
#728=ORIENTED_EDGE('',*,*,#2228,.T.);
#729=ORIENTED_EDGE('',*,*,#2229,.F.);
#730=ORIENTED_EDGE('',*,*,#2230,.T.);
#731=ORIENTED_EDGE('',*,*,#2231,.F.);
#732=ORIENTED_EDGE('',*,*,#2232,.T.);
#733=ORIENTED_EDGE('',*,*,#2233,.T.);
#734=ORIENTED_EDGE('',*,*,#2234,.T.);
#735=ORIENTED_EDGE('',*,*,#2235,.F.);
#736=ORIENTED_EDGE('',*,*,#2236,.T.);
#737=ORIENTED_EDGE('',*,*,#2237,.F.);
#738=ORIENTED_EDGE('',*,*,#2238,.T.);
#739=ORIENTED_EDGE('',*,*,#2239,.T.);
#740=ORIENTED_EDGE('',*,*,#2240,.T.);
#741=ORIENTED_EDGE('',*,*,#2241,.T.);
#742=ORIENTED_EDGE('',*,*,#2242,.T.);
#743=ORIENTED_EDGE('',*,*,#2243,.F.);
#744=ORIENTED_EDGE('',*,*,#2244,.T.);
#745=ORIENTED_EDGE('',*,*,#2245,.T.);
#746=ORIENTED_EDGE('',*,*,#2246,.F.);
#747=ORIENTED_EDGE('',*,*,#2247,.F.);
#748=ORIENTED_EDGE('',*,*,#2248,.T.);
#749=ORIENTED_EDGE('',*,*,#2249,.T.);
#750=ORIENTED_EDGE('',*,*,#2250,.T.);
#751=ORIENTED_EDGE('',*,*,#2251,.T.);
#752=ORIENTED_EDGE('',*,*,#2252,.T.);
#753=ORIENTED_EDGE('',*,*,#2253,.T.);
#754=ORIENTED_EDGE('',*,*,#2254,.T.);
#755=ORIENTED_EDGE('',*,*,#2255,.T.);
#756=ORIENTED_EDGE('',*,*,#2256,.T.);
#757=ORIENTED_EDGE('',*,*,#2257,.T.);
#758=ORIENTED_EDGE('',*,*,#2258,.T.);
#759=ORIENTED_EDGE('',*,*,#2259,.T.);
#760=ORIENTED_EDGE('',*,*,#2260,.T.);
#761=ORIENTED_EDGE('',*,*,#2261,.T.);
#762=ORIENTED_EDGE('',*,*,#2262,.T.);
#763=ORIENTED_EDGE('',*,*,#2263,.T.);
#764=ORIENTED_EDGE('',*,*,#2264,.T.);
#765=ORIENTED_EDGE('',*,*,#2265,.T.);
#766=ORIENTED_EDGE('',*,*,#2266,.T.);
#767=ORIENTED_EDGE('',*,*,#2267,.T.);
#768=ORIENTED_EDGE('',*,*,#2268,.T.);
#769=ORIENTED_EDGE('',*,*,#2269,.T.);
#770=ORIENTED_EDGE('',*,*,#2270,.T.);
#771=ORIENTED_EDGE('',*,*,#2271,.T.);
#772=ORIENTED_EDGE('',*,*,#2272,.T.);
#773=ORIENTED_EDGE('',*,*,#2273,.T.);
#774=ORIENTED_EDGE('',*,*,#2274,.T.);
#775=ORIENTED_EDGE('',*,*,#2275,.T.);
#776=ORIENTED_EDGE('',*,*,#2276,.T.);
#777=ORIENTED_EDGE('',*,*,#2277,.T.);
#778=ORIENTED_EDGE('',*,*,#2278,.T.);
#779=ORIENTED_EDGE('',*,*,#2279,.T.);
#780=ORIENTED_EDGE('',*,*,#2280,.T.);
#781=ORIENTED_EDGE('',*,*,#2281,.T.);
#782=ORIENTED_EDGE('',*,*,#2282,.T.);
#783=ORIENTED_EDGE('',*,*,#2283,.T.);
#784=ORIENTED_EDGE('',*,*,#2284,.T.);
#785=ORIENTED_EDGE('',*,*,#2285,.T.);
#786=ORIENTED_EDGE('',*,*,#2286,.T.);
#787=ORIENTED_EDGE('',*,*,#2287,.T.);
#788=ORIENTED_EDGE('',*,*,#2288,.T.);
#789=ORIENTED_EDGE('',*,*,#2289,.T.);
#790=ORIENTED_EDGE('',*,*,#2290,.T.);
#791=ORIENTED_EDGE('',*,*,#2291,.T.);
#792=ORIENTED_EDGE('',*,*,#2292,.T.);
#793=ORIENTED_EDGE('',*,*,#2293,.T.);
#794=ORIENTED_EDGE('',*,*,#2294,.T.);
#795=ORIENTED_EDGE('',*,*,#2295,.T.);
#796=ORIENTED_EDGE('',*,*,#2296,.T.);
#797=ORIENTED_EDGE('',*,*,#2297,.T.);
#798=ORIENTED_EDGE('',*,*,#2298,.T.);
#799=ORIENTED_EDGE('',*,*,#2299,.T.);
#800=ORIENTED_EDGE('',*,*,#2300,.T.);
#801=ORIENTED_EDGE('',*,*,#2301,.T.);
#802=ORIENTED_EDGE('',*,*,#2302,.T.);
#803=ORIENTED_EDGE('',*,*,#2303,.T.);
#804=ORIENTED_EDGE('',*,*,#2304,.T.);
#805=ORIENTED_EDGE('',*,*,#2305,.T.);
#806=ORIENTED_EDGE('',*,*,#2306,.T.);
#807=ORIENTED_EDGE('',*,*,#2307,.T.);
#808=ORIENTED_EDGE('',*,*,#2308,.T.);
#809=ORIENTED_EDGE('',*,*,#2309,.T.);
#810=ORIENTED_EDGE('',*,*,#2310,.T.);
#811=ORIENTED_EDGE('',*,*,#2311,.T.);
#812=ORIENTED_EDGE('',*,*,#2312,.T.);
#813=ORIENTED_EDGE('',*,*,#2313,.T.);
#814=ORIENTED_EDGE('',*,*,#2314,.T.);
#815=ORIENTED_EDGE('',*,*,#2315,.T.);
#816=ORIENTED_EDGE('',*,*,#2316,.T.);
#817=ORIENTED_EDGE('',*,*,#2317,.T.);
#818=ORIENTED_EDGE('',*,*,#2318,.T.);
#819=ORIENTED_EDGE('',*,*,#2319,.T.);
#820=ORIENTED_EDGE('',*,*,#2320,.T.);
#821=ORIENTED_EDGE('',*,*,#2321,.T.);
#822=ORIENTED_EDGE('',*,*,#2322,.T.);
#823=ORIENTED_EDGE('',*,*,#2323,.T.);
#824=ORIENTED_EDGE('',*,*,#2324,.T.);
#825=ORIENTED_EDGE('',*,*,#2325,.T.);
#826=ORIENTED_EDGE('',*,*,#2326,.T.);
#827=ORIENTED_EDGE('',*,*,#2327,.T.);
#828=ORIENTED_EDGE('',*,*,#2328,.T.);
#829=ORIENTED_EDGE('',*,*,#2329,.T.);
#830=ORIENTED_EDGE('',*,*,#2330,.T.);
#831=ORIENTED_EDGE('',*,*,#2331,.T.);
#832=ORIENTED_EDGE('',*,*,#2332,.T.);
#833=ORIENTED_EDGE('',*,*,#2333,.T.);
#834=ORIENTED_EDGE('',*,*,#2334,.T.);
#835=ORIENTED_EDGE('',*,*,#2335,.T.);
#836=ORIENTED_EDGE('',*,*,#2336,.T.);
#837=ORIENTED_EDGE('',*,*,#2337,.T.);
#838=ORIENTED_EDGE('',*,*,#2338,.T.);
#839=ORIENTED_EDGE('',*,*,#2339,.T.);
#840=ORIENTED_EDGE('',*,*,#2340,.T.);
#841=ORIENTED_EDGE('',*,*,#2341,.T.);
#842=ORIENTED_EDGE('',*,*,#2342,.T.);
#843=ORIENTED_EDGE('',*,*,#2343,.T.);
#844=ORIENTED_EDGE('',*,*,#2344,.T.);
#845=ORIENTED_EDGE('',*,*,#2345,.T.);
#846=ORIENTED_EDGE('',*,*,#2346,.T.);
#847=ORIENTED_EDGE('',*,*,#2347,.T.);
#848=ORIENTED_EDGE('',*,*,#2348,.T.);
#849=ORIENTED_EDGE('',*,*,#2349,.T.);
#850=ORIENTED_EDGE('',*,*,#2350,.T.);
#851=ORIENTED_EDGE('',*,*,#2351,.T.);
#852=ORIENTED_EDGE('',*,*,#2352,.T.);
#853=ORIENTED_EDGE('',*,*,#2353,.T.);
#854=ORIENTED_EDGE('',*,*,#2354,.T.);
#855=ORIENTED_EDGE('',*,*,#2355,.T.);
#856=ORIENTED_EDGE('',*,*,#2356,.T.);
#857=ORIENTED_EDGE('',*,*,#2357,.T.);
#858=ORIENTED_EDGE('',*,*,#2358,.T.);
#859=ORIENTED_EDGE('',*,*,#2359,.T.);
#860=ORIENTED_EDGE('',*,*,#2196,.F.);
#861=ORIENTED_EDGE('',*,*,#2360,.F.);
#862=ORIENTED_EDGE('',*,*,#1909,.T.);
#863=ORIENTED_EDGE('',*,*,#2361,.T.);
#864=ORIENTED_EDGE('',*,*,#2198,.T.);
#865=ORIENTED_EDGE('',*,*,#2362,.F.);
#866=ORIENTED_EDGE('',*,*,#1910,.F.);
#867=ORIENTED_EDGE('',*,*,#2360,.T.);
#868=ORIENTED_EDGE('',*,*,#2199,.F.);
#869=ORIENTED_EDGE('',*,*,#2363,.F.);
#870=ORIENTED_EDGE('',*,*,#1906,.T.);
#871=ORIENTED_EDGE('',*,*,#2364,.T.);
#872=ORIENTED_EDGE('',*,*,#2201,.F.);
#873=ORIENTED_EDGE('',*,*,#2365,.F.);
#874=ORIENTED_EDGE('',*,*,#1907,.T.);
#875=ORIENTED_EDGE('',*,*,#2363,.T.);
#876=ORIENTED_EDGE('',*,*,#2202,.F.);
#877=ORIENTED_EDGE('',*,*,#2366,.F.);
#878=ORIENTED_EDGE('',*,*,#1903,.T.);
#879=ORIENTED_EDGE('',*,*,#2367,.T.);
#880=ORIENTED_EDGE('',*,*,#2204,.F.);
#881=ORIENTED_EDGE('',*,*,#2368,.F.);
#882=ORIENTED_EDGE('',*,*,#1904,.T.);
#883=ORIENTED_EDGE('',*,*,#2366,.T.);
#884=ORIENTED_EDGE('',*,*,#2205,.T.);
#885=ORIENTED_EDGE('',*,*,#2369,.F.);
#886=ORIENTED_EDGE('',*,*,#1900,.F.);
#887=ORIENTED_EDGE('',*,*,#2370,.T.);
#888=ORIENTED_EDGE('',*,*,#2207,.T.);
#889=ORIENTED_EDGE('',*,*,#2371,.F.);
#890=ORIENTED_EDGE('',*,*,#1901,.F.);
#891=ORIENTED_EDGE('',*,*,#2369,.T.);
#892=ORIENTED_EDGE('',*,*,#2208,.F.);
#893=ORIENTED_EDGE('',*,*,#2372,.F.);
#894=ORIENTED_EDGE('',*,*,#1897,.T.);
#895=ORIENTED_EDGE('',*,*,#2373,.T.);
#896=ORIENTED_EDGE('',*,*,#2210,.T.);
#897=ORIENTED_EDGE('',*,*,#2374,.F.);
#898=ORIENTED_EDGE('',*,*,#1898,.F.);
#899=ORIENTED_EDGE('',*,*,#2372,.T.);
#900=ORIENTED_EDGE('',*,*,#2211,.F.);
#901=ORIENTED_EDGE('',*,*,#2375,.F.);
#902=ORIENTED_EDGE('',*,*,#1894,.T.);
#903=ORIENTED_EDGE('',*,*,#2376,.T.);
#904=ORIENTED_EDGE('',*,*,#2213,.F.);
#905=ORIENTED_EDGE('',*,*,#2377,.F.);
#906=ORIENTED_EDGE('',*,*,#1895,.T.);
#907=ORIENTED_EDGE('',*,*,#2375,.T.);
#908=ORIENTED_EDGE('',*,*,#2214,.T.);
#909=ORIENTED_EDGE('',*,*,#2378,.F.);
#910=ORIENTED_EDGE('',*,*,#1891,.F.);
#911=ORIENTED_EDGE('',*,*,#2379,.T.);
#912=ORIENTED_EDGE('',*,*,#2216,.T.);
#913=ORIENTED_EDGE('',*,*,#2380,.F.);
#914=ORIENTED_EDGE('',*,*,#1892,.F.);
#915=ORIENTED_EDGE('',*,*,#2378,.T.);
#916=ORIENTED_EDGE('',*,*,#2217,.T.);
#917=ORIENTED_EDGE('',*,*,#2381,.F.);
#918=ORIENTED_EDGE('',*,*,#1887,.F.);
#919=ORIENTED_EDGE('',*,*,#2382,.T.);
#920=ORIENTED_EDGE('',*,*,#2220,.F.);
#921=ORIENTED_EDGE('',*,*,#2383,.F.);
#922=ORIENTED_EDGE('',*,*,#1888,.T.);
#923=ORIENTED_EDGE('',*,*,#2381,.T.);
#924=ORIENTED_EDGE('',*,*,#2219,.T.);
#925=ORIENTED_EDGE('',*,*,#2384,.F.);
#926=ORIENTED_EDGE('',*,*,#1889,.F.);
#927=ORIENTED_EDGE('',*,*,#2383,.T.);
#928=ORIENTED_EDGE('',*,*,#2221,.T.);
#929=ORIENTED_EDGE('',*,*,#2385,.F.);
#930=ORIENTED_EDGE('',*,*,#1882,.F.);
#931=ORIENTED_EDGE('',*,*,#2386,.T.);
#932=ORIENTED_EDGE('',*,*,#2225,.T.);
#933=ORIENTED_EDGE('',*,*,#2387,.F.);
#934=ORIENTED_EDGE('',*,*,#1883,.F.);
#935=ORIENTED_EDGE('',*,*,#2385,.T.);
#936=ORIENTED_EDGE('',*,*,#2224,.T.);
#937=ORIENTED_EDGE('',*,*,#2388,.F.);
#938=ORIENTED_EDGE('',*,*,#1884,.F.);
#939=ORIENTED_EDGE('',*,*,#2387,.T.);
#940=ORIENTED_EDGE('',*,*,#2223,.F.);
#941=ORIENTED_EDGE('',*,*,#2389,.F.);
#942=ORIENTED_EDGE('',*,*,#1885,.T.);
#943=ORIENTED_EDGE('',*,*,#2388,.T.);
#944=ORIENTED_EDGE('',*,*,#2226,.T.);
#945=ORIENTED_EDGE('',*,*,#2390,.F.);
#946=ORIENTED_EDGE('',*,*,#1877,.F.);
#947=ORIENTED_EDGE('',*,*,#2391,.T.);
#948=ORIENTED_EDGE('',*,*,#2230,.F.);
#949=ORIENTED_EDGE('',*,*,#2392,.F.);
#950=ORIENTED_EDGE('',*,*,#1878,.T.);
#951=ORIENTED_EDGE('',*,*,#2390,.T.);
#952=ORIENTED_EDGE('',*,*,#2229,.T.);
#953=ORIENTED_EDGE('',*,*,#2393,.F.);
#954=ORIENTED_EDGE('',*,*,#1879,.F.);
#955=ORIENTED_EDGE('',*,*,#2392,.T.);
#956=ORIENTED_EDGE('',*,*,#2228,.F.);
#957=ORIENTED_EDGE('',*,*,#2394,.F.);
#958=ORIENTED_EDGE('',*,*,#1880,.T.);
#959=ORIENTED_EDGE('',*,*,#2393,.T.);
#960=ORIENTED_EDGE('',*,*,#2231,.T.);
#961=ORIENTED_EDGE('',*,*,#2395,.F.);
#962=ORIENTED_EDGE('',*,*,#1873,.F.);
#963=ORIENTED_EDGE('',*,*,#2396,.T.);
#964=ORIENTED_EDGE('',*,*,#2234,.F.);
#965=ORIENTED_EDGE('',*,*,#2397,.F.);
#966=ORIENTED_EDGE('',*,*,#1874,.T.);
#967=ORIENTED_EDGE('',*,*,#2395,.T.);
#968=ORIENTED_EDGE('',*,*,#2233,.F.);
#969=ORIENTED_EDGE('',*,*,#2398,.F.);
#970=ORIENTED_EDGE('',*,*,#1875,.T.);
#971=ORIENTED_EDGE('',*,*,#2397,.T.);
#972=ORIENTED_EDGE('',*,*,#2235,.T.);
#973=ORIENTED_EDGE('',*,*,#2399,.F.);
#974=ORIENTED_EDGE('',*,*,#1870,.F.);
#975=ORIENTED_EDGE('',*,*,#2400,.T.);
#976=ORIENTED_EDGE('',*,*,#2237,.T.);
#977=ORIENTED_EDGE('',*,*,#2401,.F.);
#978=ORIENTED_EDGE('',*,*,#1871,.F.);
#979=ORIENTED_EDGE('',*,*,#2399,.T.);
#980=ORIENTED_EDGE('',*,*,#2238,.F.);
#981=ORIENTED_EDGE('',*,*,#2402,.F.);
#982=ORIENTED_EDGE('',*,*,#1867,.T.);
#983=ORIENTED_EDGE('',*,*,#2403,.T.);
#984=ORIENTED_EDGE('',*,*,#2240,.F.);
#985=ORIENTED_EDGE('',*,*,#2404,.F.);
#986=ORIENTED_EDGE('',*,*,#1868,.T.);
#987=ORIENTED_EDGE('',*,*,#2402,.T.);
#988=ORIENTED_EDGE('',*,*,#2241,.F.);
#989=ORIENTED_EDGE('',*,*,#2405,.F.);
#990=ORIENTED_EDGE('',*,*,#1864,.T.);
#991=ORIENTED_EDGE('',*,*,#2406,.T.);
#992=ORIENTED_EDGE('',*,*,#2243,.T.);
#993=ORIENTED_EDGE('',*,*,#2407,.F.);
#994=ORIENTED_EDGE('',*,*,#1865,.F.);
#995=ORIENTED_EDGE('',*,*,#2405,.T.);
#996=ORIENTED_EDGE('',*,*,#2244,.F.);
#997=ORIENTED_EDGE('',*,*,#2408,.F.);
#998=ORIENTED_EDGE('',*,*,#1860,.T.);
#999=ORIENTED_EDGE('',*,*,#2409,.T.);
#1000=ORIENTED_EDGE('',*,*,#2247,.T.);
#1001=ORIENTED_EDGE('',*,*,#2410,.F.);
#1002=ORIENTED_EDGE('',*,*,#1861,.F.);
#1003=ORIENTED_EDGE('',*,*,#2408,.T.);
#1004=ORIENTED_EDGE('',*,*,#2246,.T.);
#1005=ORIENTED_EDGE('',*,*,#2411,.F.);
#1006=ORIENTED_EDGE('',*,*,#1862,.F.);
#1007=ORIENTED_EDGE('',*,*,#2410,.T.);
#1008=ORIENTED_EDGE('',*,*,#2200,.T.);
#1009=ORIENTED_EDGE('',*,*,#2364,.F.);
#1010=ORIENTED_EDGE('',*,*,#1908,.F.);
#1011=ORIENTED_EDGE('',*,*,#2365,.T.);
#1012=ORIENTED_EDGE('',*,*,#2203,.T.);
#1013=ORIENTED_EDGE('',*,*,#2367,.F.);
#1014=ORIENTED_EDGE('',*,*,#1905,.F.);
#1015=ORIENTED_EDGE('',*,*,#2368,.T.);
#1016=ORIENTED_EDGE('',*,*,#2206,.T.);
#1017=ORIENTED_EDGE('',*,*,#2370,.F.);
#1018=ORIENTED_EDGE('',*,*,#1902,.F.);
#1019=ORIENTED_EDGE('',*,*,#2371,.T.);
#1020=ORIENTED_EDGE('',*,*,#2209,.F.);
#1021=ORIENTED_EDGE('',*,*,#2373,.F.);
#1022=ORIENTED_EDGE('',*,*,#1899,.T.);
#1023=ORIENTED_EDGE('',*,*,#2374,.T.);
#1024=ORIENTED_EDGE('',*,*,#2212,.T.);
#1025=ORIENTED_EDGE('',*,*,#2376,.F.);
#1026=ORIENTED_EDGE('',*,*,#1896,.F.);
#1027=ORIENTED_EDGE('',*,*,#2377,.T.);
#1028=ORIENTED_EDGE('',*,*,#2215,.T.);
#1029=ORIENTED_EDGE('',*,*,#2379,.F.);
#1030=ORIENTED_EDGE('',*,*,#1893,.F.);
#1031=ORIENTED_EDGE('',*,*,#2380,.T.);
#1032=ORIENTED_EDGE('',*,*,#2218,.T.);
#1033=ORIENTED_EDGE('',*,*,#2382,.F.);
#1034=ORIENTED_EDGE('',*,*,#1890,.F.);
#1035=ORIENTED_EDGE('',*,*,#2384,.T.);
#1036=ORIENTED_EDGE('',*,*,#2222,.F.);
#1037=ORIENTED_EDGE('',*,*,#2386,.F.);
#1038=ORIENTED_EDGE('',*,*,#1886,.T.);
#1039=ORIENTED_EDGE('',*,*,#2389,.T.);
#1040=ORIENTED_EDGE('',*,*,#2227,.F.);
#1041=ORIENTED_EDGE('',*,*,#2391,.F.);
#1042=ORIENTED_EDGE('',*,*,#1881,.T.);
#1043=ORIENTED_EDGE('',*,*,#2394,.T.);
#1044=ORIENTED_EDGE('',*,*,#2232,.F.);
#1045=ORIENTED_EDGE('',*,*,#2396,.F.);
#1046=ORIENTED_EDGE('',*,*,#1876,.T.);
#1047=ORIENTED_EDGE('',*,*,#2398,.T.);
#1048=ORIENTED_EDGE('',*,*,#2236,.F.);
#1049=ORIENTED_EDGE('',*,*,#2400,.F.);
#1050=ORIENTED_EDGE('',*,*,#1872,.T.);
#1051=ORIENTED_EDGE('',*,*,#2401,.T.);
#1052=ORIENTED_EDGE('',*,*,#2239,.F.);
#1053=ORIENTED_EDGE('',*,*,#2403,.F.);
#1054=ORIENTED_EDGE('',*,*,#1869,.T.);
#1055=ORIENTED_EDGE('',*,*,#2404,.T.);
#1056=ORIENTED_EDGE('',*,*,#2242,.F.);
#1057=ORIENTED_EDGE('',*,*,#2406,.F.);
#1058=ORIENTED_EDGE('',*,*,#1866,.T.);
#1059=ORIENTED_EDGE('',*,*,#2407,.T.);
#1060=ORIENTED_EDGE('',*,*,#2245,.F.);
#1061=ORIENTED_EDGE('',*,*,#2409,.F.);
#1062=ORIENTED_EDGE('',*,*,#1863,.T.);
#1063=ORIENTED_EDGE('',*,*,#2411,.T.);
#1064=ORIENTED_EDGE('',*,*,#2197,.T.);
#1065=ORIENTED_EDGE('',*,*,#2361,.F.);
#1066=ORIENTED_EDGE('',*,*,#1911,.F.);
#1067=ORIENTED_EDGE('',*,*,#2362,.T.);
#1068=ORIENTED_EDGE('',*,*,#2412,.T.);
#1069=ORIENTED_EDGE('',*,*,#1915,.F.);
#1070=ORIENTED_EDGE('',*,*,#2413,.F.);
#1071=ORIENTED_EDGE('',*,*,#2257,.F.);
#1072=ORIENTED_EDGE('',*,*,#2414,.T.);
#1073=ORIENTED_EDGE('',*,*,#1916,.F.);
#1074=ORIENTED_EDGE('',*,*,#2412,.F.);
#1075=ORIENTED_EDGE('',*,*,#2256,.F.);
#1076=ORIENTED_EDGE('',*,*,#2413,.T.);
#1077=ORIENTED_EDGE('',*,*,#1914,.F.);
#1078=ORIENTED_EDGE('',*,*,#2415,.F.);
#1079=ORIENTED_EDGE('',*,*,#2258,.F.);
#1080=ORIENTED_EDGE('',*,*,#2416,.T.);
#1081=ORIENTED_EDGE('',*,*,#1917,.F.);
#1082=ORIENTED_EDGE('',*,*,#2414,.F.);
#1083=ORIENTED_EDGE('',*,*,#2255,.F.);
#1084=ORIENTED_EDGE('',*,*,#2417,.T.);
#1085=ORIENTED_EDGE('',*,*,#1918,.F.);
#1086=ORIENTED_EDGE('',*,*,#2416,.F.);
#1087=ORIENTED_EDGE('',*,*,#2254,.F.);
#1088=ORIENTED_EDGE('',*,*,#2418,.T.);
#1089=ORIENTED_EDGE('',*,*,#1919,.F.);
#1090=ORIENTED_EDGE('',*,*,#2417,.F.);
#1091=ORIENTED_EDGE('',*,*,#2253,.F.);
#1092=ORIENTED_EDGE('',*,*,#2419,.T.);
#1093=ORIENTED_EDGE('',*,*,#1920,.F.);
#1094=ORIENTED_EDGE('',*,*,#2418,.F.);
#1095=ORIENTED_EDGE('',*,*,#2252,.F.);
#1096=ORIENTED_EDGE('',*,*,#2420,.T.);
#1097=ORIENTED_EDGE('',*,*,#1921,.F.);
#1098=ORIENTED_EDGE('',*,*,#2419,.F.);
#1099=ORIENTED_EDGE('',*,*,#2251,.F.);
#1100=ORIENTED_EDGE('',*,*,#2421,.T.);
#1101=ORIENTED_EDGE('',*,*,#1922,.F.);
#1102=ORIENTED_EDGE('',*,*,#2420,.F.);
#1103=ORIENTED_EDGE('',*,*,#2250,.F.);
#1104=ORIENTED_EDGE('',*,*,#2422,.T.);
#1105=ORIENTED_EDGE('',*,*,#1912,.F.);
#1106=ORIENTED_EDGE('',*,*,#2421,.F.);
#1107=ORIENTED_EDGE('',*,*,#2249,.F.);
#1108=ORIENTED_EDGE('',*,*,#2415,.T.);
#1109=ORIENTED_EDGE('',*,*,#1913,.F.);
#1110=ORIENTED_EDGE('',*,*,#2422,.F.);
#1111=ORIENTED_EDGE('',*,*,#2248,.F.);
#1112=ORIENTED_EDGE('',*,*,#2423,.T.);
#1113=ORIENTED_EDGE('',*,*,#1926,.F.);
#1114=ORIENTED_EDGE('',*,*,#2424,.F.);
#1115=ORIENTED_EDGE('',*,*,#2194,.F.);
#1116=ORIENTED_EDGE('',*,*,#2425,.T.);
#1117=ORIENTED_EDGE('',*,*,#1927,.F.);
#1118=ORIENTED_EDGE('',*,*,#2423,.F.);
#1119=ORIENTED_EDGE('',*,*,#2193,.F.);
#1120=ORIENTED_EDGE('',*,*,#2424,.T.);
#1121=ORIENTED_EDGE('',*,*,#1925,.F.);
#1122=ORIENTED_EDGE('',*,*,#2426,.F.);
#1123=ORIENTED_EDGE('',*,*,#2195,.F.);
#1124=ORIENTED_EDGE('',*,*,#2427,.T.);
#1125=ORIENTED_EDGE('',*,*,#1928,.F.);
#1126=ORIENTED_EDGE('',*,*,#2425,.F.);
#1127=ORIENTED_EDGE('',*,*,#2192,.F.);
#1128=ORIENTED_EDGE('',*,*,#2428,.T.);
#1129=ORIENTED_EDGE('',*,*,#1929,.F.);
#1130=ORIENTED_EDGE('',*,*,#2427,.F.);
#1131=ORIENTED_EDGE('',*,*,#2191,.F.);
#1132=ORIENTED_EDGE('',*,*,#2429,.T.);
#1133=ORIENTED_EDGE('',*,*,#1930,.F.);
#1134=ORIENTED_EDGE('',*,*,#2428,.F.);
#1135=ORIENTED_EDGE('',*,*,#2190,.F.);
#1136=ORIENTED_EDGE('',*,*,#2430,.T.);
#1137=ORIENTED_EDGE('',*,*,#1931,.F.);
#1138=ORIENTED_EDGE('',*,*,#2429,.F.);
#1139=ORIENTED_EDGE('',*,*,#2189,.F.);
#1140=ORIENTED_EDGE('',*,*,#2431,.T.);
#1141=ORIENTED_EDGE('',*,*,#1932,.F.);
#1142=ORIENTED_EDGE('',*,*,#2430,.F.);
#1143=ORIENTED_EDGE('',*,*,#2188,.F.);
#1144=ORIENTED_EDGE('',*,*,#2432,.T.);
#1145=ORIENTED_EDGE('',*,*,#1933,.F.);
#1146=ORIENTED_EDGE('',*,*,#2431,.F.);
#1147=ORIENTED_EDGE('',*,*,#2187,.F.);
#1148=ORIENTED_EDGE('',*,*,#2433,.T.);
#1149=ORIENTED_EDGE('',*,*,#1934,.F.);
#1150=ORIENTED_EDGE('',*,*,#2432,.F.);
#1151=ORIENTED_EDGE('',*,*,#2186,.F.);
#1152=ORIENTED_EDGE('',*,*,#2434,.T.);
#1153=ORIENTED_EDGE('',*,*,#1935,.F.);
#1154=ORIENTED_EDGE('',*,*,#2433,.F.);
#1155=ORIENTED_EDGE('',*,*,#2185,.F.);
#1156=ORIENTED_EDGE('',*,*,#2435,.T.);
#1157=ORIENTED_EDGE('',*,*,#1936,.F.);
#1158=ORIENTED_EDGE('',*,*,#2434,.F.);
#1159=ORIENTED_EDGE('',*,*,#2184,.F.);
#1160=ORIENTED_EDGE('',*,*,#2436,.T.);
#1161=ORIENTED_EDGE('',*,*,#1923,.F.);
#1162=ORIENTED_EDGE('',*,*,#2435,.F.);
#1163=ORIENTED_EDGE('',*,*,#2183,.F.);
#1164=ORIENTED_EDGE('',*,*,#2426,.T.);
#1165=ORIENTED_EDGE('',*,*,#1924,.F.);
#1166=ORIENTED_EDGE('',*,*,#2436,.F.);
#1167=ORIENTED_EDGE('',*,*,#2182,.F.);
#1168=ORIENTED_EDGE('',*,*,#2437,.T.);
#1169=ORIENTED_EDGE('',*,*,#1940,.F.);
#1170=ORIENTED_EDGE('',*,*,#2438,.F.);
#1171=ORIENTED_EDGE('',*,*,#2269,.F.);
#1172=ORIENTED_EDGE('',*,*,#2439,.T.);
#1173=ORIENTED_EDGE('',*,*,#1941,.F.);
#1174=ORIENTED_EDGE('',*,*,#2437,.F.);
#1175=ORIENTED_EDGE('',*,*,#2268,.F.);
#1176=ORIENTED_EDGE('',*,*,#2438,.T.);
#1177=ORIENTED_EDGE('',*,*,#1939,.F.);
#1178=ORIENTED_EDGE('',*,*,#2440,.F.);
#1179=ORIENTED_EDGE('',*,*,#2270,.F.);
#1180=ORIENTED_EDGE('',*,*,#2441,.T.);
#1181=ORIENTED_EDGE('',*,*,#1942,.F.);
#1182=ORIENTED_EDGE('',*,*,#2439,.F.);
#1183=ORIENTED_EDGE('',*,*,#2267,.F.);
#1184=ORIENTED_EDGE('',*,*,#2442,.T.);
#1185=ORIENTED_EDGE('',*,*,#1943,.F.);
#1186=ORIENTED_EDGE('',*,*,#2441,.F.);
#1187=ORIENTED_EDGE('',*,*,#2266,.F.);
#1188=ORIENTED_EDGE('',*,*,#2443,.T.);
#1189=ORIENTED_EDGE('',*,*,#1944,.F.);
#1190=ORIENTED_EDGE('',*,*,#2442,.F.);
#1191=ORIENTED_EDGE('',*,*,#2265,.F.);
#1192=ORIENTED_EDGE('',*,*,#2444,.T.);
#1193=ORIENTED_EDGE('',*,*,#1945,.F.);
#1194=ORIENTED_EDGE('',*,*,#2443,.F.);
#1195=ORIENTED_EDGE('',*,*,#2264,.F.);
#1196=ORIENTED_EDGE('',*,*,#2445,.T.);
#1197=ORIENTED_EDGE('',*,*,#1946,.F.);
#1198=ORIENTED_EDGE('',*,*,#2444,.F.);
#1199=ORIENTED_EDGE('',*,*,#2263,.F.);
#1200=ORIENTED_EDGE('',*,*,#2446,.T.);
#1201=ORIENTED_EDGE('',*,*,#1947,.F.);
#1202=ORIENTED_EDGE('',*,*,#2445,.F.);
#1203=ORIENTED_EDGE('',*,*,#2262,.F.);
#1204=ORIENTED_EDGE('',*,*,#2447,.T.);
#1205=ORIENTED_EDGE('',*,*,#1948,.F.);
#1206=ORIENTED_EDGE('',*,*,#2446,.F.);
#1207=ORIENTED_EDGE('',*,*,#2261,.F.);
#1208=ORIENTED_EDGE('',*,*,#2448,.T.);
#1209=ORIENTED_EDGE('',*,*,#1937,.F.);
#1210=ORIENTED_EDGE('',*,*,#2447,.F.);
#1211=ORIENTED_EDGE('',*,*,#2260,.F.);
#1212=ORIENTED_EDGE('',*,*,#2440,.T.);
#1213=ORIENTED_EDGE('',*,*,#1938,.F.);
#1214=ORIENTED_EDGE('',*,*,#2448,.F.);
#1215=ORIENTED_EDGE('',*,*,#2259,.F.);
#1216=ORIENTED_EDGE('',*,*,#2449,.T.);
#1217=ORIENTED_EDGE('',*,*,#1952,.F.);
#1218=ORIENTED_EDGE('',*,*,#2450,.F.);
#1219=ORIENTED_EDGE('',*,*,#2180,.F.);
#1220=ORIENTED_EDGE('',*,*,#2451,.T.);
#1221=ORIENTED_EDGE('',*,*,#1953,.F.);
#1222=ORIENTED_EDGE('',*,*,#2449,.F.);
#1223=ORIENTED_EDGE('',*,*,#2179,.F.);
#1224=ORIENTED_EDGE('',*,*,#2450,.T.);
#1225=ORIENTED_EDGE('',*,*,#1951,.F.);
#1226=ORIENTED_EDGE('',*,*,#2452,.F.);
#1227=ORIENTED_EDGE('',*,*,#2181,.F.);
#1228=ORIENTED_EDGE('',*,*,#2453,.T.);
#1229=ORIENTED_EDGE('',*,*,#1954,.F.);
#1230=ORIENTED_EDGE('',*,*,#2451,.F.);
#1231=ORIENTED_EDGE('',*,*,#2178,.F.);
#1232=ORIENTED_EDGE('',*,*,#2454,.T.);
#1233=ORIENTED_EDGE('',*,*,#1955,.F.);
#1234=ORIENTED_EDGE('',*,*,#2453,.F.);
#1235=ORIENTED_EDGE('',*,*,#2177,.F.);
#1236=ORIENTED_EDGE('',*,*,#2455,.T.);
#1237=ORIENTED_EDGE('',*,*,#1956,.F.);
#1238=ORIENTED_EDGE('',*,*,#2454,.F.);
#1239=ORIENTED_EDGE('',*,*,#2176,.F.);
#1240=ORIENTED_EDGE('',*,*,#2456,.T.);
#1241=ORIENTED_EDGE('',*,*,#1957,.F.);
#1242=ORIENTED_EDGE('',*,*,#2455,.F.);
#1243=ORIENTED_EDGE('',*,*,#2175,.F.);
#1244=ORIENTED_EDGE('',*,*,#2457,.T.);
#1245=ORIENTED_EDGE('',*,*,#1958,.F.);
#1246=ORIENTED_EDGE('',*,*,#2456,.F.);
#1247=ORIENTED_EDGE('',*,*,#2174,.F.);
#1248=ORIENTED_EDGE('',*,*,#2458,.T.);
#1249=ORIENTED_EDGE('',*,*,#1959,.F.);
#1250=ORIENTED_EDGE('',*,*,#2457,.F.);
#1251=ORIENTED_EDGE('',*,*,#2173,.F.);
#1252=ORIENTED_EDGE('',*,*,#2459,.T.);
#1253=ORIENTED_EDGE('',*,*,#1960,.F.);
#1254=ORIENTED_EDGE('',*,*,#2458,.F.);
#1255=ORIENTED_EDGE('',*,*,#2172,.F.);
#1256=ORIENTED_EDGE('',*,*,#2460,.T.);
#1257=ORIENTED_EDGE('',*,*,#1961,.F.);
#1258=ORIENTED_EDGE('',*,*,#2459,.F.);
#1259=ORIENTED_EDGE('',*,*,#2171,.F.);
#1260=ORIENTED_EDGE('',*,*,#2461,.T.);
#1261=ORIENTED_EDGE('',*,*,#1949,.F.);
#1262=ORIENTED_EDGE('',*,*,#2460,.F.);
#1263=ORIENTED_EDGE('',*,*,#2170,.F.);
#1264=ORIENTED_EDGE('',*,*,#2452,.T.);
#1265=ORIENTED_EDGE('',*,*,#1950,.F.);
#1266=ORIENTED_EDGE('',*,*,#2461,.F.);
#1267=ORIENTED_EDGE('',*,*,#2169,.F.);
#1268=ORIENTED_EDGE('',*,*,#2462,.T.);
#1269=ORIENTED_EDGE('',*,*,#1965,.F.);
#1270=ORIENTED_EDGE('',*,*,#2463,.F.);
#1271=ORIENTED_EDGE('',*,*,#2277,.F.);
#1272=ORIENTED_EDGE('',*,*,#2464,.T.);
#1273=ORIENTED_EDGE('',*,*,#1966,.F.);
#1274=ORIENTED_EDGE('',*,*,#2462,.F.);
#1275=ORIENTED_EDGE('',*,*,#2276,.F.);
#1276=ORIENTED_EDGE('',*,*,#2463,.T.);
#1277=ORIENTED_EDGE('',*,*,#1964,.F.);
#1278=ORIENTED_EDGE('',*,*,#2465,.F.);
#1279=ORIENTED_EDGE('',*,*,#2278,.F.);
#1280=ORIENTED_EDGE('',*,*,#2466,.T.);
#1281=ORIENTED_EDGE('',*,*,#1967,.F.);
#1282=ORIENTED_EDGE('',*,*,#2464,.F.);
#1283=ORIENTED_EDGE('',*,*,#2275,.F.);
#1284=ORIENTED_EDGE('',*,*,#2467,.T.);
#1285=ORIENTED_EDGE('',*,*,#1968,.F.);
#1286=ORIENTED_EDGE('',*,*,#2466,.F.);
#1287=ORIENTED_EDGE('',*,*,#2274,.F.);
#1288=ORIENTED_EDGE('',*,*,#2468,.T.);
#1289=ORIENTED_EDGE('',*,*,#1969,.F.);
#1290=ORIENTED_EDGE('',*,*,#2467,.F.);
#1291=ORIENTED_EDGE('',*,*,#2273,.F.);
#1292=ORIENTED_EDGE('',*,*,#2469,.T.);
#1293=ORIENTED_EDGE('',*,*,#1962,.F.);
#1294=ORIENTED_EDGE('',*,*,#2468,.F.);
#1295=ORIENTED_EDGE('',*,*,#2272,.F.);
#1296=ORIENTED_EDGE('',*,*,#2465,.T.);
#1297=ORIENTED_EDGE('',*,*,#1963,.F.);
#1298=ORIENTED_EDGE('',*,*,#2469,.F.);
#1299=ORIENTED_EDGE('',*,*,#2271,.F.);
#1300=ORIENTED_EDGE('',*,*,#2470,.T.);
#1301=ORIENTED_EDGE('',*,*,#1973,.F.);
#1302=ORIENTED_EDGE('',*,*,#2471,.F.);
#1303=ORIENTED_EDGE('',*,*,#2167,.F.);
#1304=ORIENTED_EDGE('',*,*,#2472,.T.);
#1305=ORIENTED_EDGE('',*,*,#1970,.F.);
#1306=ORIENTED_EDGE('',*,*,#2470,.F.);
#1307=ORIENTED_EDGE('',*,*,#2166,.F.);
#1308=ORIENTED_EDGE('',*,*,#2471,.T.);
#1309=ORIENTED_EDGE('',*,*,#1972,.F.);
#1310=ORIENTED_EDGE('',*,*,#2473,.F.);
#1311=ORIENTED_EDGE('',*,*,#2168,.F.);
#1312=ORIENTED_EDGE('',*,*,#2473,.T.);
#1313=ORIENTED_EDGE('',*,*,#1971,.F.);
#1314=ORIENTED_EDGE('',*,*,#2472,.F.);
#1315=ORIENTED_EDGE('',*,*,#2165,.F.);
#1316=ORIENTED_EDGE('',*,*,#2474,.T.);
#1317=ORIENTED_EDGE('',*,*,#1977,.F.);
#1318=ORIENTED_EDGE('',*,*,#2475,.F.);
#1319=ORIENTED_EDGE('',*,*,#2284,.F.);
#1320=ORIENTED_EDGE('',*,*,#2476,.T.);
#1321=ORIENTED_EDGE('',*,*,#1978,.F.);
#1322=ORIENTED_EDGE('',*,*,#2474,.F.);
#1323=ORIENTED_EDGE('',*,*,#2283,.F.);
#1324=ORIENTED_EDGE('',*,*,#2475,.T.);
#1325=ORIENTED_EDGE('',*,*,#1976,.F.);
#1326=ORIENTED_EDGE('',*,*,#2477,.F.);
#1327=ORIENTED_EDGE('',*,*,#2285,.F.);
#1328=ORIENTED_EDGE('',*,*,#2478,.T.);
#1329=ORIENTED_EDGE('',*,*,#1979,.F.);
#1330=ORIENTED_EDGE('',*,*,#2476,.F.);
#1331=ORIENTED_EDGE('',*,*,#2282,.F.);
#1332=ORIENTED_EDGE('',*,*,#2479,.T.);
#1333=ORIENTED_EDGE('',*,*,#1980,.F.);
#1334=ORIENTED_EDGE('',*,*,#2478,.F.);
#1335=ORIENTED_EDGE('',*,*,#2281,.F.);
#1336=ORIENTED_EDGE('',*,*,#2480,.T.);
#1337=ORIENTED_EDGE('',*,*,#1974,.F.);
#1338=ORIENTED_EDGE('',*,*,#2479,.F.);
#1339=ORIENTED_EDGE('',*,*,#2280,.F.);
#1340=ORIENTED_EDGE('',*,*,#2477,.T.);
#1341=ORIENTED_EDGE('',*,*,#1975,.F.);
#1342=ORIENTED_EDGE('',*,*,#2480,.F.);
#1343=ORIENTED_EDGE('',*,*,#2279,.F.);
#1344=ORIENTED_EDGE('',*,*,#2481,.T.);
#1345=ORIENTED_EDGE('',*,*,#1984,.F.);
#1346=ORIENTED_EDGE('',*,*,#2482,.F.);
#1347=ORIENTED_EDGE('',*,*,#2163,.F.);
#1348=ORIENTED_EDGE('',*,*,#2483,.T.);
#1349=ORIENTED_EDGE('',*,*,#1981,.F.);
#1350=ORIENTED_EDGE('',*,*,#2481,.F.);
#1351=ORIENTED_EDGE('',*,*,#2162,.F.);
#1352=ORIENTED_EDGE('',*,*,#2482,.T.);
#1353=ORIENTED_EDGE('',*,*,#1983,.F.);
#1354=ORIENTED_EDGE('',*,*,#2484,.F.);
#1355=ORIENTED_EDGE('',*,*,#2164,.F.);
#1356=ORIENTED_EDGE('',*,*,#2484,.T.);
#1357=ORIENTED_EDGE('',*,*,#1982,.F.);
#1358=ORIENTED_EDGE('',*,*,#2483,.F.);
#1359=ORIENTED_EDGE('',*,*,#2161,.F.);
#1360=ORIENTED_EDGE('',*,*,#2485,.T.);
#1361=ORIENTED_EDGE('',*,*,#1988,.F.);
#1362=ORIENTED_EDGE('',*,*,#2486,.F.);
#1363=ORIENTED_EDGE('',*,*,#2309,.F.);
#1364=ORIENTED_EDGE('',*,*,#2487,.T.);
#1365=ORIENTED_EDGE('',*,*,#1989,.F.);
#1366=ORIENTED_EDGE('',*,*,#2485,.F.);
#1367=ORIENTED_EDGE('',*,*,#2308,.F.);
#1368=ORIENTED_EDGE('',*,*,#2486,.T.);
#1369=ORIENTED_EDGE('',*,*,#1987,.F.);
#1370=ORIENTED_EDGE('',*,*,#2488,.F.);
#1371=ORIENTED_EDGE('',*,*,#2310,.F.);
#1372=ORIENTED_EDGE('',*,*,#2489,.T.);
#1373=ORIENTED_EDGE('',*,*,#1990,.F.);
#1374=ORIENTED_EDGE('',*,*,#2487,.F.);
#1375=ORIENTED_EDGE('',*,*,#2307,.F.);
#1376=ORIENTED_EDGE('',*,*,#2490,.T.);
#1377=ORIENTED_EDGE('',*,*,#1991,.F.);
#1378=ORIENTED_EDGE('',*,*,#2489,.F.);
#1379=ORIENTED_EDGE('',*,*,#2306,.F.);
#1380=ORIENTED_EDGE('',*,*,#2491,.T.);
#1381=ORIENTED_EDGE('',*,*,#1992,.F.);
#1382=ORIENTED_EDGE('',*,*,#2490,.F.);
#1383=ORIENTED_EDGE('',*,*,#2305,.F.);
#1384=ORIENTED_EDGE('',*,*,#2492,.T.);
#1385=ORIENTED_EDGE('',*,*,#1993,.F.);
#1386=ORIENTED_EDGE('',*,*,#2491,.F.);
#1387=ORIENTED_EDGE('',*,*,#2304,.F.);
#1388=ORIENTED_EDGE('',*,*,#2493,.T.);
#1389=ORIENTED_EDGE('',*,*,#1994,.F.);
#1390=ORIENTED_EDGE('',*,*,#2492,.F.);
#1391=ORIENTED_EDGE('',*,*,#2303,.F.);
#1392=ORIENTED_EDGE('',*,*,#2494,.T.);
#1393=ORIENTED_EDGE('',*,*,#1995,.F.);
#1394=ORIENTED_EDGE('',*,*,#2493,.F.);
#1395=ORIENTED_EDGE('',*,*,#2302,.F.);
#1396=ORIENTED_EDGE('',*,*,#2495,.T.);
#1397=ORIENTED_EDGE('',*,*,#1996,.F.);
#1398=ORIENTED_EDGE('',*,*,#2494,.F.);
#1399=ORIENTED_EDGE('',*,*,#2301,.F.);
#1400=ORIENTED_EDGE('',*,*,#2496,.T.);
#1401=ORIENTED_EDGE('',*,*,#1997,.F.);
#1402=ORIENTED_EDGE('',*,*,#2495,.F.);
#1403=ORIENTED_EDGE('',*,*,#2300,.F.);
#1404=ORIENTED_EDGE('',*,*,#2497,.T.);
#1405=ORIENTED_EDGE('',*,*,#1998,.F.);
#1406=ORIENTED_EDGE('',*,*,#2496,.F.);
#1407=ORIENTED_EDGE('',*,*,#2299,.F.);
#1408=ORIENTED_EDGE('',*,*,#2498,.T.);
#1409=ORIENTED_EDGE('',*,*,#1999,.F.);
#1410=ORIENTED_EDGE('',*,*,#2497,.F.);
#1411=ORIENTED_EDGE('',*,*,#2298,.F.);
#1412=ORIENTED_EDGE('',*,*,#2499,.T.);
#1413=ORIENTED_EDGE('',*,*,#2000,.F.);
#1414=ORIENTED_EDGE('',*,*,#2498,.F.);
#1415=ORIENTED_EDGE('',*,*,#2297,.F.);
#1416=ORIENTED_EDGE('',*,*,#2500,.T.);
#1417=ORIENTED_EDGE('',*,*,#2001,.F.);
#1418=ORIENTED_EDGE('',*,*,#2499,.F.);
#1419=ORIENTED_EDGE('',*,*,#2296,.F.);
#1420=ORIENTED_EDGE('',*,*,#2501,.T.);
#1421=ORIENTED_EDGE('',*,*,#2002,.F.);
#1422=ORIENTED_EDGE('',*,*,#2500,.F.);
#1423=ORIENTED_EDGE('',*,*,#2295,.F.);
#1424=ORIENTED_EDGE('',*,*,#2502,.T.);
#1425=ORIENTED_EDGE('',*,*,#2003,.F.);
#1426=ORIENTED_EDGE('',*,*,#2501,.F.);
#1427=ORIENTED_EDGE('',*,*,#2294,.F.);
#1428=ORIENTED_EDGE('',*,*,#2503,.T.);
#1429=ORIENTED_EDGE('',*,*,#2004,.F.);
#1430=ORIENTED_EDGE('',*,*,#2502,.F.);
#1431=ORIENTED_EDGE('',*,*,#2293,.F.);
#1432=ORIENTED_EDGE('',*,*,#2504,.T.);
#1433=ORIENTED_EDGE('',*,*,#2005,.F.);
#1434=ORIENTED_EDGE('',*,*,#2503,.F.);
#1435=ORIENTED_EDGE('',*,*,#2292,.F.);
#1436=ORIENTED_EDGE('',*,*,#2505,.T.);
#1437=ORIENTED_EDGE('',*,*,#2006,.F.);
#1438=ORIENTED_EDGE('',*,*,#2504,.F.);
#1439=ORIENTED_EDGE('',*,*,#2291,.F.);
#1440=ORIENTED_EDGE('',*,*,#2506,.T.);
#1441=ORIENTED_EDGE('',*,*,#2007,.F.);
#1442=ORIENTED_EDGE('',*,*,#2505,.F.);
#1443=ORIENTED_EDGE('',*,*,#2290,.F.);
#1444=ORIENTED_EDGE('',*,*,#2507,.T.);
#1445=ORIENTED_EDGE('',*,*,#2008,.F.);
#1446=ORIENTED_EDGE('',*,*,#2506,.F.);
#1447=ORIENTED_EDGE('',*,*,#2289,.F.);
#1448=ORIENTED_EDGE('',*,*,#2508,.T.);
#1449=ORIENTED_EDGE('',*,*,#2009,.F.);
#1450=ORIENTED_EDGE('',*,*,#2507,.F.);
#1451=ORIENTED_EDGE('',*,*,#2288,.F.);
#1452=ORIENTED_EDGE('',*,*,#2509,.T.);
#1453=ORIENTED_EDGE('',*,*,#1985,.F.);
#1454=ORIENTED_EDGE('',*,*,#2508,.F.);
#1455=ORIENTED_EDGE('',*,*,#2287,.F.);
#1456=ORIENTED_EDGE('',*,*,#2488,.T.);
#1457=ORIENTED_EDGE('',*,*,#1986,.F.);
#1458=ORIENTED_EDGE('',*,*,#2509,.F.);
#1459=ORIENTED_EDGE('',*,*,#2286,.F.);
#1460=ORIENTED_EDGE('',*,*,#2510,.T.);
#1461=ORIENTED_EDGE('',*,*,#2013,.F.);
#1462=ORIENTED_EDGE('',*,*,#2511,.F.);
#1463=ORIENTED_EDGE('',*,*,#2159,.F.);
#1464=ORIENTED_EDGE('',*,*,#2512,.T.);
#1465=ORIENTED_EDGE('',*,*,#2010,.F.);
#1466=ORIENTED_EDGE('',*,*,#2510,.F.);
#1467=ORIENTED_EDGE('',*,*,#2158,.F.);
#1468=ORIENTED_EDGE('',*,*,#2511,.T.);
#1469=ORIENTED_EDGE('',*,*,#2012,.F.);
#1470=ORIENTED_EDGE('',*,*,#2513,.F.);
#1471=ORIENTED_EDGE('',*,*,#2160,.F.);
#1472=ORIENTED_EDGE('',*,*,#2513,.T.);
#1473=ORIENTED_EDGE('',*,*,#2011,.F.);
#1474=ORIENTED_EDGE('',*,*,#2512,.F.);
#1475=ORIENTED_EDGE('',*,*,#2157,.F.);
#1476=ORIENTED_EDGE('',*,*,#2514,.T.);
#1477=ORIENTED_EDGE('',*,*,#2017,.F.);
#1478=ORIENTED_EDGE('',*,*,#2515,.F.);
#1479=ORIENTED_EDGE('',*,*,#2324,.F.);
#1480=ORIENTED_EDGE('',*,*,#2516,.T.);
#1481=ORIENTED_EDGE('',*,*,#2018,.F.);
#1482=ORIENTED_EDGE('',*,*,#2514,.F.);
#1483=ORIENTED_EDGE('',*,*,#2323,.F.);
#1484=ORIENTED_EDGE('',*,*,#2515,.T.);
#1485=ORIENTED_EDGE('',*,*,#2016,.F.);
#1486=ORIENTED_EDGE('',*,*,#2517,.F.);
#1487=ORIENTED_EDGE('',*,*,#2325,.F.);
#1488=ORIENTED_EDGE('',*,*,#2518,.T.);
#1489=ORIENTED_EDGE('',*,*,#2019,.F.);
#1490=ORIENTED_EDGE('',*,*,#2516,.F.);
#1491=ORIENTED_EDGE('',*,*,#2322,.F.);
#1492=ORIENTED_EDGE('',*,*,#2519,.T.);
#1493=ORIENTED_EDGE('',*,*,#2020,.F.);
#1494=ORIENTED_EDGE('',*,*,#2518,.F.);
#1495=ORIENTED_EDGE('',*,*,#2321,.F.);
#1496=ORIENTED_EDGE('',*,*,#2520,.T.);
#1497=ORIENTED_EDGE('',*,*,#2021,.F.);
#1498=ORIENTED_EDGE('',*,*,#2519,.F.);
#1499=ORIENTED_EDGE('',*,*,#2320,.F.);
#1500=ORIENTED_EDGE('',*,*,#2521,.T.);
#1501=ORIENTED_EDGE('',*,*,#2022,.F.);
#1502=ORIENTED_EDGE('',*,*,#2520,.F.);
#1503=ORIENTED_EDGE('',*,*,#2319,.F.);
#1504=ORIENTED_EDGE('',*,*,#2522,.T.);
#1505=ORIENTED_EDGE('',*,*,#2023,.F.);
#1506=ORIENTED_EDGE('',*,*,#2521,.F.);
#1507=ORIENTED_EDGE('',*,*,#2318,.F.);
#1508=ORIENTED_EDGE('',*,*,#2523,.T.);
#1509=ORIENTED_EDGE('',*,*,#2024,.F.);
#1510=ORIENTED_EDGE('',*,*,#2522,.F.);
#1511=ORIENTED_EDGE('',*,*,#2317,.F.);
#1512=ORIENTED_EDGE('',*,*,#2524,.T.);
#1513=ORIENTED_EDGE('',*,*,#2025,.F.);
#1514=ORIENTED_EDGE('',*,*,#2523,.F.);
#1515=ORIENTED_EDGE('',*,*,#2316,.F.);
#1516=ORIENTED_EDGE('',*,*,#2525,.T.);
#1517=ORIENTED_EDGE('',*,*,#2026,.F.);
#1518=ORIENTED_EDGE('',*,*,#2524,.F.);
#1519=ORIENTED_EDGE('',*,*,#2315,.F.);
#1520=ORIENTED_EDGE('',*,*,#2526,.T.);
#1521=ORIENTED_EDGE('',*,*,#2027,.F.);
#1522=ORIENTED_EDGE('',*,*,#2525,.F.);
#1523=ORIENTED_EDGE('',*,*,#2314,.F.);
#1524=ORIENTED_EDGE('',*,*,#2527,.T.);
#1525=ORIENTED_EDGE('',*,*,#2028,.F.);
#1526=ORIENTED_EDGE('',*,*,#2526,.F.);
#1527=ORIENTED_EDGE('',*,*,#2313,.F.);
#1528=ORIENTED_EDGE('',*,*,#2528,.T.);
#1529=ORIENTED_EDGE('',*,*,#2014,.F.);
#1530=ORIENTED_EDGE('',*,*,#2527,.F.);
#1531=ORIENTED_EDGE('',*,*,#2312,.F.);
#1532=ORIENTED_EDGE('',*,*,#2517,.T.);
#1533=ORIENTED_EDGE('',*,*,#2015,.F.);
#1534=ORIENTED_EDGE('',*,*,#2528,.F.);
#1535=ORIENTED_EDGE('',*,*,#2311,.F.);
#1536=ORIENTED_EDGE('',*,*,#2529,.T.);
#1537=ORIENTED_EDGE('',*,*,#2032,.F.);
#1538=ORIENTED_EDGE('',*,*,#2530,.F.);
#1539=ORIENTED_EDGE('',*,*,#2155,.F.);
#1540=ORIENTED_EDGE('',*,*,#2531,.T.);
#1541=ORIENTED_EDGE('',*,*,#2033,.F.);
#1542=ORIENTED_EDGE('',*,*,#2529,.F.);
#1543=ORIENTED_EDGE('',*,*,#2154,.F.);
#1544=ORIENTED_EDGE('',*,*,#2530,.T.);
#1545=ORIENTED_EDGE('',*,*,#2031,.F.);
#1546=ORIENTED_EDGE('',*,*,#2532,.F.);
#1547=ORIENTED_EDGE('',*,*,#2156,.F.);
#1548=ORIENTED_EDGE('',*,*,#2533,.T.);
#1549=ORIENTED_EDGE('',*,*,#2034,.F.);
#1550=ORIENTED_EDGE('',*,*,#2531,.F.);
#1551=ORIENTED_EDGE('',*,*,#2153,.F.);
#1552=ORIENTED_EDGE('',*,*,#2534,.T.);
#1553=ORIENTED_EDGE('',*,*,#2035,.F.);
#1554=ORIENTED_EDGE('',*,*,#2533,.F.);
#1555=ORIENTED_EDGE('',*,*,#2152,.F.);
#1556=ORIENTED_EDGE('',*,*,#2535,.T.);
#1557=ORIENTED_EDGE('',*,*,#2036,.F.);
#1558=ORIENTED_EDGE('',*,*,#2534,.F.);
#1559=ORIENTED_EDGE('',*,*,#2151,.F.);
#1560=ORIENTED_EDGE('',*,*,#2536,.T.);
#1561=ORIENTED_EDGE('',*,*,#2037,.F.);
#1562=ORIENTED_EDGE('',*,*,#2535,.F.);
#1563=ORIENTED_EDGE('',*,*,#2150,.F.);
#1564=ORIENTED_EDGE('',*,*,#2537,.T.);
#1565=ORIENTED_EDGE('',*,*,#2038,.F.);
#1566=ORIENTED_EDGE('',*,*,#2536,.F.);
#1567=ORIENTED_EDGE('',*,*,#2149,.F.);
#1568=ORIENTED_EDGE('',*,*,#2538,.T.);
#1569=ORIENTED_EDGE('',*,*,#2039,.F.);
#1570=ORIENTED_EDGE('',*,*,#2537,.F.);
#1571=ORIENTED_EDGE('',*,*,#2148,.F.);
#1572=ORIENTED_EDGE('',*,*,#2539,.T.);
#1573=ORIENTED_EDGE('',*,*,#2040,.F.);
#1574=ORIENTED_EDGE('',*,*,#2538,.F.);
#1575=ORIENTED_EDGE('',*,*,#2147,.F.);
#1576=ORIENTED_EDGE('',*,*,#2540,.T.);
#1577=ORIENTED_EDGE('',*,*,#2041,.F.);
#1578=ORIENTED_EDGE('',*,*,#2539,.F.);
#1579=ORIENTED_EDGE('',*,*,#2146,.F.);
#1580=ORIENTED_EDGE('',*,*,#2541,.T.);
#1581=ORIENTED_EDGE('',*,*,#2042,.F.);
#1582=ORIENTED_EDGE('',*,*,#2540,.F.);
#1583=ORIENTED_EDGE('',*,*,#2145,.F.);
#1584=ORIENTED_EDGE('',*,*,#2542,.T.);
#1585=ORIENTED_EDGE('',*,*,#2043,.F.);
#1586=ORIENTED_EDGE('',*,*,#2541,.F.);
#1587=ORIENTED_EDGE('',*,*,#2144,.F.);
#1588=ORIENTED_EDGE('',*,*,#2543,.T.);
#1589=ORIENTED_EDGE('',*,*,#2044,.F.);
#1590=ORIENTED_EDGE('',*,*,#2542,.F.);
#1591=ORIENTED_EDGE('',*,*,#2143,.F.);
#1592=ORIENTED_EDGE('',*,*,#2544,.T.);
#1593=ORIENTED_EDGE('',*,*,#2045,.F.);
#1594=ORIENTED_EDGE('',*,*,#2543,.F.);
#1595=ORIENTED_EDGE('',*,*,#2142,.F.);
#1596=ORIENTED_EDGE('',*,*,#2545,.T.);
#1597=ORIENTED_EDGE('',*,*,#2046,.F.);
#1598=ORIENTED_EDGE('',*,*,#2544,.F.);
#1599=ORIENTED_EDGE('',*,*,#2141,.F.);
#1600=ORIENTED_EDGE('',*,*,#2546,.T.);
#1601=ORIENTED_EDGE('',*,*,#2029,.F.);
#1602=ORIENTED_EDGE('',*,*,#2545,.F.);
#1603=ORIENTED_EDGE('',*,*,#2140,.F.);
#1604=ORIENTED_EDGE('',*,*,#2532,.T.);
#1605=ORIENTED_EDGE('',*,*,#2030,.F.);
#1606=ORIENTED_EDGE('',*,*,#2546,.F.);
#1607=ORIENTED_EDGE('',*,*,#2139,.F.);
#1608=ORIENTED_EDGE('',*,*,#2547,.T.);
#1609=ORIENTED_EDGE('',*,*,#2050,.F.);
#1610=ORIENTED_EDGE('',*,*,#2548,.F.);
#1611=ORIENTED_EDGE('',*,*,#2332,.F.);
#1612=ORIENTED_EDGE('',*,*,#2549,.T.);
#1613=ORIENTED_EDGE('',*,*,#2051,.F.);
#1614=ORIENTED_EDGE('',*,*,#2547,.F.);
#1615=ORIENTED_EDGE('',*,*,#2331,.F.);
#1616=ORIENTED_EDGE('',*,*,#2548,.T.);
#1617=ORIENTED_EDGE('',*,*,#2049,.F.);
#1618=ORIENTED_EDGE('',*,*,#2550,.F.);
#1619=ORIENTED_EDGE('',*,*,#2333,.F.);
#1620=ORIENTED_EDGE('',*,*,#2551,.T.);
#1621=ORIENTED_EDGE('',*,*,#2052,.F.);
#1622=ORIENTED_EDGE('',*,*,#2549,.F.);
#1623=ORIENTED_EDGE('',*,*,#2330,.F.);
#1624=ORIENTED_EDGE('',*,*,#2552,.T.);
#1625=ORIENTED_EDGE('',*,*,#2053,.F.);
#1626=ORIENTED_EDGE('',*,*,#2551,.F.);
#1627=ORIENTED_EDGE('',*,*,#2329,.F.);
#1628=ORIENTED_EDGE('',*,*,#2553,.T.);
#1629=ORIENTED_EDGE('',*,*,#2054,.F.);
#1630=ORIENTED_EDGE('',*,*,#2552,.F.);
#1631=ORIENTED_EDGE('',*,*,#2328,.F.);
#1632=ORIENTED_EDGE('',*,*,#2554,.T.);
#1633=ORIENTED_EDGE('',*,*,#2047,.F.);
#1634=ORIENTED_EDGE('',*,*,#2553,.F.);
#1635=ORIENTED_EDGE('',*,*,#2327,.F.);
#1636=ORIENTED_EDGE('',*,*,#2550,.T.);
#1637=ORIENTED_EDGE('',*,*,#2048,.F.);
#1638=ORIENTED_EDGE('',*,*,#2554,.F.);
#1639=ORIENTED_EDGE('',*,*,#2326,.F.);
#1640=ORIENTED_EDGE('',*,*,#2555,.T.);
#1641=ORIENTED_EDGE('',*,*,#2058,.F.);
#1642=ORIENTED_EDGE('',*,*,#2556,.F.);
#1643=ORIENTED_EDGE('',*,*,#2137,.F.);
#1644=ORIENTED_EDGE('',*,*,#2557,.T.);
#1645=ORIENTED_EDGE('',*,*,#2059,.F.);
#1646=ORIENTED_EDGE('',*,*,#2555,.F.);
#1647=ORIENTED_EDGE('',*,*,#2136,.F.);
#1648=ORIENTED_EDGE('',*,*,#2556,.T.);
#1649=ORIENTED_EDGE('',*,*,#2057,.F.);
#1650=ORIENTED_EDGE('',*,*,#2558,.F.);
#1651=ORIENTED_EDGE('',*,*,#2138,.F.);
#1652=ORIENTED_EDGE('',*,*,#2559,.T.);
#1653=ORIENTED_EDGE('',*,*,#2060,.F.);
#1654=ORIENTED_EDGE('',*,*,#2557,.F.);
#1655=ORIENTED_EDGE('',*,*,#2135,.F.);
#1656=ORIENTED_EDGE('',*,*,#2560,.T.);
#1657=ORIENTED_EDGE('',*,*,#2061,.F.);
#1658=ORIENTED_EDGE('',*,*,#2559,.F.);
#1659=ORIENTED_EDGE('',*,*,#2134,.F.);
#1660=ORIENTED_EDGE('',*,*,#2561,.T.);
#1661=ORIENTED_EDGE('',*,*,#2062,.F.);
#1662=ORIENTED_EDGE('',*,*,#2560,.F.);
#1663=ORIENTED_EDGE('',*,*,#2133,.F.);
#1664=ORIENTED_EDGE('',*,*,#2562,.T.);
#1665=ORIENTED_EDGE('',*,*,#2063,.F.);
#1666=ORIENTED_EDGE('',*,*,#2561,.F.);
#1667=ORIENTED_EDGE('',*,*,#2132,.F.);
#1668=ORIENTED_EDGE('',*,*,#2563,.T.);
#1669=ORIENTED_EDGE('',*,*,#2064,.F.);
#1670=ORIENTED_EDGE('',*,*,#2562,.F.);
#1671=ORIENTED_EDGE('',*,*,#2131,.F.);
#1672=ORIENTED_EDGE('',*,*,#2564,.T.);
#1673=ORIENTED_EDGE('',*,*,#2065,.F.);
#1674=ORIENTED_EDGE('',*,*,#2563,.F.);
#1675=ORIENTED_EDGE('',*,*,#2130,.F.);
#1676=ORIENTED_EDGE('',*,*,#2565,.T.);
#1677=ORIENTED_EDGE('',*,*,#2066,.F.);
#1678=ORIENTED_EDGE('',*,*,#2564,.F.);
#1679=ORIENTED_EDGE('',*,*,#2129,.F.);
#1680=ORIENTED_EDGE('',*,*,#2566,.T.);
#1681=ORIENTED_EDGE('',*,*,#2067,.F.);
#1682=ORIENTED_EDGE('',*,*,#2565,.F.);
#1683=ORIENTED_EDGE('',*,*,#2128,.F.);
#1684=ORIENTED_EDGE('',*,*,#2567,.T.);
#1685=ORIENTED_EDGE('',*,*,#2068,.F.);
#1686=ORIENTED_EDGE('',*,*,#2566,.F.);
#1687=ORIENTED_EDGE('',*,*,#2127,.F.);
#1688=ORIENTED_EDGE('',*,*,#2568,.T.);
#1689=ORIENTED_EDGE('',*,*,#2069,.F.);
#1690=ORIENTED_EDGE('',*,*,#2567,.F.);
#1691=ORIENTED_EDGE('',*,*,#2126,.F.);
#1692=ORIENTED_EDGE('',*,*,#2569,.T.);
#1693=ORIENTED_EDGE('',*,*,#2070,.F.);
#1694=ORIENTED_EDGE('',*,*,#2568,.F.);
#1695=ORIENTED_EDGE('',*,*,#2125,.F.);
#1696=ORIENTED_EDGE('',*,*,#2570,.T.);
#1697=ORIENTED_EDGE('',*,*,#2071,.F.);
#1698=ORIENTED_EDGE('',*,*,#2569,.F.);
#1699=ORIENTED_EDGE('',*,*,#2124,.F.);
#1700=ORIENTED_EDGE('',*,*,#2571,.T.);
#1701=ORIENTED_EDGE('',*,*,#2072,.F.);
#1702=ORIENTED_EDGE('',*,*,#2570,.F.);
#1703=ORIENTED_EDGE('',*,*,#2123,.F.);
#1704=ORIENTED_EDGE('',*,*,#2572,.T.);
#1705=ORIENTED_EDGE('',*,*,#2073,.F.);
#1706=ORIENTED_EDGE('',*,*,#2571,.F.);
#1707=ORIENTED_EDGE('',*,*,#2122,.F.);
#1708=ORIENTED_EDGE('',*,*,#2573,.T.);
#1709=ORIENTED_EDGE('',*,*,#2074,.F.);
#1710=ORIENTED_EDGE('',*,*,#2572,.F.);
#1711=ORIENTED_EDGE('',*,*,#2121,.F.);
#1712=ORIENTED_EDGE('',*,*,#2574,.T.);
#1713=ORIENTED_EDGE('',*,*,#2075,.F.);
#1714=ORIENTED_EDGE('',*,*,#2573,.F.);
#1715=ORIENTED_EDGE('',*,*,#2120,.F.);
#1716=ORIENTED_EDGE('',*,*,#2575,.T.);
#1717=ORIENTED_EDGE('',*,*,#2076,.F.);
#1718=ORIENTED_EDGE('',*,*,#2574,.F.);
#1719=ORIENTED_EDGE('',*,*,#2119,.F.);
#1720=ORIENTED_EDGE('',*,*,#2576,.T.);
#1721=ORIENTED_EDGE('',*,*,#2077,.F.);
#1722=ORIENTED_EDGE('',*,*,#2575,.F.);
#1723=ORIENTED_EDGE('',*,*,#2118,.F.);
#1724=ORIENTED_EDGE('',*,*,#2577,.T.);
#1725=ORIENTED_EDGE('',*,*,#2078,.F.);
#1726=ORIENTED_EDGE('',*,*,#2576,.F.);
#1727=ORIENTED_EDGE('',*,*,#2117,.F.);
#1728=ORIENTED_EDGE('',*,*,#2578,.T.);
#1729=ORIENTED_EDGE('',*,*,#2079,.F.);
#1730=ORIENTED_EDGE('',*,*,#2577,.F.);
#1731=ORIENTED_EDGE('',*,*,#2116,.F.);
#1732=ORIENTED_EDGE('',*,*,#2579,.T.);
#1733=ORIENTED_EDGE('',*,*,#2055,.F.);
#1734=ORIENTED_EDGE('',*,*,#2578,.F.);
#1735=ORIENTED_EDGE('',*,*,#2115,.F.);
#1736=ORIENTED_EDGE('',*,*,#2558,.T.);
#1737=ORIENTED_EDGE('',*,*,#2056,.F.);
#1738=ORIENTED_EDGE('',*,*,#2579,.F.);
#1739=ORIENTED_EDGE('',*,*,#2114,.F.);
#1740=ORIENTED_EDGE('',*,*,#2580,.T.);
#1741=ORIENTED_EDGE('',*,*,#2083,.F.);
#1742=ORIENTED_EDGE('',*,*,#2581,.F.);
#1743=ORIENTED_EDGE('',*,*,#2336,.F.);
#1744=ORIENTED_EDGE('',*,*,#2582,.T.);
#1745=ORIENTED_EDGE('',*,*,#2080,.F.);
#1746=ORIENTED_EDGE('',*,*,#2580,.F.);
#1747=ORIENTED_EDGE('',*,*,#2335,.F.);
#1748=ORIENTED_EDGE('',*,*,#2581,.T.);
#1749=ORIENTED_EDGE('',*,*,#2082,.F.);
#1750=ORIENTED_EDGE('',*,*,#2583,.F.);
#1751=ORIENTED_EDGE('',*,*,#2337,.F.);
#1752=ORIENTED_EDGE('',*,*,#2583,.T.);
#1753=ORIENTED_EDGE('',*,*,#2081,.F.);
#1754=ORIENTED_EDGE('',*,*,#2582,.F.);
#1755=ORIENTED_EDGE('',*,*,#2334,.F.);
#1756=ORIENTED_EDGE('',*,*,#2584,.T.);
#1757=ORIENTED_EDGE('',*,*,#2087,.F.);
#1758=ORIENTED_EDGE('',*,*,#2585,.F.);
#1759=ORIENTED_EDGE('',*,*,#2112,.F.);
#1760=ORIENTED_EDGE('',*,*,#2586,.T.);
#1761=ORIENTED_EDGE('',*,*,#2084,.F.);
#1762=ORIENTED_EDGE('',*,*,#2584,.F.);
#1763=ORIENTED_EDGE('',*,*,#2111,.F.);
#1764=ORIENTED_EDGE('',*,*,#2585,.T.);
#1765=ORIENTED_EDGE('',*,*,#2086,.F.);
#1766=ORIENTED_EDGE('',*,*,#2587,.F.);
#1767=ORIENTED_EDGE('',*,*,#2113,.F.);
#1768=ORIENTED_EDGE('',*,*,#2587,.T.);
#1769=ORIENTED_EDGE('',*,*,#2085,.F.);
#1770=ORIENTED_EDGE('',*,*,#2586,.F.);
#1771=ORIENTED_EDGE('',*,*,#2110,.F.);
#1772=ORIENTED_EDGE('',*,*,#2588,.T.);
#1773=ORIENTED_EDGE('',*,*,#2091,.F.);
#1774=ORIENTED_EDGE('',*,*,#2589,.F.);
#1775=ORIENTED_EDGE('',*,*,#2358,.F.);
#1776=ORIENTED_EDGE('',*,*,#2590,.T.);
#1777=ORIENTED_EDGE('',*,*,#2092,.F.);
#1778=ORIENTED_EDGE('',*,*,#2588,.F.);
#1779=ORIENTED_EDGE('',*,*,#2357,.F.);
#1780=ORIENTED_EDGE('',*,*,#2589,.T.);
#1781=ORIENTED_EDGE('',*,*,#2090,.F.);
#1782=ORIENTED_EDGE('',*,*,#2591,.F.);
#1783=ORIENTED_EDGE('',*,*,#2359,.F.);
#1784=ORIENTED_EDGE('',*,*,#2592,.T.);
#1785=ORIENTED_EDGE('',*,*,#2093,.F.);
#1786=ORIENTED_EDGE('',*,*,#2590,.F.);
#1787=ORIENTED_EDGE('',*,*,#2356,.F.);
#1788=ORIENTED_EDGE('',*,*,#2593,.T.);
#1789=ORIENTED_EDGE('',*,*,#2094,.F.);
#1790=ORIENTED_EDGE('',*,*,#2592,.F.);
#1791=ORIENTED_EDGE('',*,*,#2355,.F.);
#1792=ORIENTED_EDGE('',*,*,#2594,.T.);
#1793=ORIENTED_EDGE('',*,*,#2095,.F.);
#1794=ORIENTED_EDGE('',*,*,#2593,.F.);
#1795=ORIENTED_EDGE('',*,*,#2354,.F.);
#1796=ORIENTED_EDGE('',*,*,#2595,.T.);
#1797=ORIENTED_EDGE('',*,*,#2096,.F.);
#1798=ORIENTED_EDGE('',*,*,#2594,.F.);
#1799=ORIENTED_EDGE('',*,*,#2353,.F.);
#1800=ORIENTED_EDGE('',*,*,#2596,.T.);
#1801=ORIENTED_EDGE('',*,*,#2097,.F.);
#1802=ORIENTED_EDGE('',*,*,#2595,.F.);
#1803=ORIENTED_EDGE('',*,*,#2352,.F.);
#1804=ORIENTED_EDGE('',*,*,#2597,.T.);
#1805=ORIENTED_EDGE('',*,*,#2098,.F.);
#1806=ORIENTED_EDGE('',*,*,#2596,.F.);
#1807=ORIENTED_EDGE('',*,*,#2351,.F.);
#1808=ORIENTED_EDGE('',*,*,#2598,.T.);
#1809=ORIENTED_EDGE('',*,*,#2099,.F.);
#1810=ORIENTED_EDGE('',*,*,#2597,.F.);
#1811=ORIENTED_EDGE('',*,*,#2350,.F.);
#1812=ORIENTED_EDGE('',*,*,#2599,.T.);
#1813=ORIENTED_EDGE('',*,*,#2100,.F.);
#1814=ORIENTED_EDGE('',*,*,#2598,.F.);
#1815=ORIENTED_EDGE('',*,*,#2349,.F.);
#1816=ORIENTED_EDGE('',*,*,#2600,.T.);
#1817=ORIENTED_EDGE('',*,*,#2101,.F.);
#1818=ORIENTED_EDGE('',*,*,#2599,.F.);
#1819=ORIENTED_EDGE('',*,*,#2348,.F.);
#1820=ORIENTED_EDGE('',*,*,#2601,.T.);
#1821=ORIENTED_EDGE('',*,*,#2102,.F.);
#1822=ORIENTED_EDGE('',*,*,#2600,.F.);
#1823=ORIENTED_EDGE('',*,*,#2347,.F.);
#1824=ORIENTED_EDGE('',*,*,#2602,.T.);
#1825=ORIENTED_EDGE('',*,*,#2103,.F.);
#1826=ORIENTED_EDGE('',*,*,#2601,.F.);
#1827=ORIENTED_EDGE('',*,*,#2346,.F.);
#1828=ORIENTED_EDGE('',*,*,#2603,.T.);
#1829=ORIENTED_EDGE('',*,*,#2104,.F.);
#1830=ORIENTED_EDGE('',*,*,#2602,.F.);
#1831=ORIENTED_EDGE('',*,*,#2345,.F.);
#1832=ORIENTED_EDGE('',*,*,#2604,.T.);
#1833=ORIENTED_EDGE('',*,*,#2105,.F.);
#1834=ORIENTED_EDGE('',*,*,#2603,.F.);
#1835=ORIENTED_EDGE('',*,*,#2344,.F.);
#1836=ORIENTED_EDGE('',*,*,#2605,.T.);
#1837=ORIENTED_EDGE('',*,*,#2106,.F.);
#1838=ORIENTED_EDGE('',*,*,#2604,.F.);
#1839=ORIENTED_EDGE('',*,*,#2343,.F.);
#1840=ORIENTED_EDGE('',*,*,#2606,.T.);
#1841=ORIENTED_EDGE('',*,*,#2107,.F.);
#1842=ORIENTED_EDGE('',*,*,#2605,.F.);
#1843=ORIENTED_EDGE('',*,*,#2342,.F.);
#1844=ORIENTED_EDGE('',*,*,#2607,.T.);
#1845=ORIENTED_EDGE('',*,*,#2108,.F.);
#1846=ORIENTED_EDGE('',*,*,#2606,.F.);
#1847=ORIENTED_EDGE('',*,*,#2341,.F.);
#1848=ORIENTED_EDGE('',*,*,#2608,.T.);
#1849=ORIENTED_EDGE('',*,*,#2109,.F.);
#1850=ORIENTED_EDGE('',*,*,#2607,.F.);
#1851=ORIENTED_EDGE('',*,*,#2340,.F.);
#1852=ORIENTED_EDGE('',*,*,#2609,.T.);
#1853=ORIENTED_EDGE('',*,*,#2088,.F.);
#1854=ORIENTED_EDGE('',*,*,#2608,.F.);
#1855=ORIENTED_EDGE('',*,*,#2339,.F.);
#1856=ORIENTED_EDGE('',*,*,#2591,.T.);
#1857=ORIENTED_EDGE('',*,*,#2089,.F.);
#1858=ORIENTED_EDGE('',*,*,#2609,.F.);
#1859=ORIENTED_EDGE('',*,*,#2338,.F.);
#1860=EDGE_CURVE('',#2610,#2611,#3110,.T.);
#1861=EDGE_CURVE('',#2610,#2612,#3111,.T.);
#1862=EDGE_CURVE('',#2612,#2613,#3112,.T.);
#1863=EDGE_CURVE('',#2611,#2613,#3113,.T.);
#1864=EDGE_CURVE('',#2614,#2615,#3114,.T.);
#1865=EDGE_CURVE('',#2614,#2616,#3115,.T.);
#1866=EDGE_CURVE('',#2615,#2616,#3116,.T.);
#1867=EDGE_CURVE('',#2617,#2618,#3117,.T.);
#1868=EDGE_CURVE('',#2619,#2617,#3118,.T.);
#1869=EDGE_CURVE('',#2618,#2619,#3119,.T.);
#1870=EDGE_CURVE('',#2620,#2621,#3120,.T.);
#1871=EDGE_CURVE('',#2621,#2622,#3121,.T.);
#1872=EDGE_CURVE('',#2620,#2622,#3122,.T.);
#1873=EDGE_CURVE('',#2623,#2624,#3123,.T.);
#1874=EDGE_CURVE('',#2625,#2624,#3124,.T.);
#1875=EDGE_CURVE('',#2626,#2625,#3125,.T.);
#1876=EDGE_CURVE('',#2623,#2626,#3126,.T.);
#1877=EDGE_CURVE('',#2627,#2628,#3127,.T.);
#1878=EDGE_CURVE('',#2629,#2628,#3128,.T.);
#1879=EDGE_CURVE('',#2629,#2630,#3129,.T.);
#1880=EDGE_CURVE('',#2631,#2630,#3130,.T.);
#1881=EDGE_CURVE('',#2627,#2631,#3131,.T.);
#1882=EDGE_CURVE('',#2632,#2633,#3132,.T.);
#1883=EDGE_CURVE('',#2633,#2634,#3133,.T.);
#1884=EDGE_CURVE('',#2634,#2635,#3134,.T.);
#1885=EDGE_CURVE('',#2636,#2635,#3135,.T.);
#1886=EDGE_CURVE('',#2632,#2636,#3136,.T.);
#1887=EDGE_CURVE('',#2637,#2638,#3137,.T.);
#1888=EDGE_CURVE('',#2639,#2638,#3138,.T.);
#1889=EDGE_CURVE('',#2639,#2640,#3139,.T.);
#1890=EDGE_CURVE('',#2640,#2637,#3140,.T.);
#1891=EDGE_CURVE('',#2641,#2642,#3141,.T.);
#1892=EDGE_CURVE('',#2642,#2643,#3142,.T.);
#1893=EDGE_CURVE('',#2643,#2641,#3143,.T.);
#1894=EDGE_CURVE('',#2644,#2645,#3144,.T.);
#1895=EDGE_CURVE('',#2646,#2644,#3145,.T.);
#1896=EDGE_CURVE('',#2646,#2645,#3146,.T.);
#1897=EDGE_CURVE('',#2647,#2648,#3147,.T.);
#1898=EDGE_CURVE('',#2647,#2649,#3148,.T.);
#1899=EDGE_CURVE('',#2648,#2649,#3149,.T.);
#1900=EDGE_CURVE('',#2650,#2651,#3150,.T.);
#1901=EDGE_CURVE('',#2651,#2652,#3151,.T.);
#1902=EDGE_CURVE('',#2652,#2650,#3152,.T.);
#1903=EDGE_CURVE('',#2653,#2654,#3153,.T.);
#1904=EDGE_CURVE('',#2655,#2653,#3154,.T.);
#1905=EDGE_CURVE('',#2655,#2654,#3155,.T.);
#1906=EDGE_CURVE('',#2656,#2657,#3156,.T.);
#1907=EDGE_CURVE('',#2658,#2656,#3157,.T.);
#1908=EDGE_CURVE('',#2658,#2657,#3158,.T.);
#1909=EDGE_CURVE('',#2659,#2660,#3159,.T.);
#1910=EDGE_CURVE('',#2659,#2661,#3160,.T.);
#1911=EDGE_CURVE('',#2661,#2660,#3161,.T.);
#1912=EDGE_CURVE('',#2662,#2663,#220,.F.);
#1913=EDGE_CURVE('',#2663,#2664,#221,.F.);
#1914=EDGE_CURVE('',#2664,#2665,#222,.F.);
#1915=EDGE_CURVE('',#2665,#2666,#223,.T.);
#1916=EDGE_CURVE('',#2666,#2667,#224,.T.);
#1917=EDGE_CURVE('',#2667,#2668,#128,.T.);
#1918=EDGE_CURVE('',#2668,#2669,#3162,.T.);
#1919=EDGE_CURVE('',#2669,#2670,#225,.F.);
#1920=EDGE_CURVE('',#2670,#2671,#129,.T.);
#1921=EDGE_CURVE('',#2671,#2672,#226,.F.);
#1922=EDGE_CURVE('',#2672,#2662,#3163,.T.);
#1923=EDGE_CURVE('',#2673,#2674,#227,.F.);
#1924=EDGE_CURVE('',#2674,#2675,#130,.T.);
#1925=EDGE_CURVE('',#2675,#2676,#131,.T.);
#1926=EDGE_CURVE('',#2676,#2677,#228,.F.);
#1927=EDGE_CURVE('',#2677,#2678,#229,.F.);
#1928=EDGE_CURVE('',#2678,#2679,#230,.F.);
#1929=EDGE_CURVE('',#2679,#2680,#3164,.T.);
#1930=EDGE_CURVE('',#2680,#2681,#231,.T.);
#1931=EDGE_CURVE('',#2681,#2682,#132,.T.);
#1932=EDGE_CURVE('',#2682,#2683,#133,.T.);
#1933=EDGE_CURVE('',#2683,#2684,#232,.T.);
#1934=EDGE_CURVE('',#2684,#2685,#3165,.T.);
#1935=EDGE_CURVE('',#2685,#2686,#233,.F.);
#1936=EDGE_CURVE('',#2686,#2673,#234,.F.);
#1937=EDGE_CURVE('',#2687,#2688,#235,.F.);
#1938=EDGE_CURVE('',#2688,#2689,#3166,.T.);
#1939=EDGE_CURVE('',#2689,#2690,#236,.T.);
#1940=EDGE_CURVE('',#2690,#2691,#237,.T.);
#1941=EDGE_CURVE('',#2691,#2692,#238,.T.);
#1942=EDGE_CURVE('',#2692,#2693,#239,.T.);
#1943=EDGE_CURVE('',#2693,#2694,#3167,.T.);
#1944=EDGE_CURVE('',#2694,#2695,#3168,.T.);
#1945=EDGE_CURVE('',#2695,#2696,#3169,.T.);
#1946=EDGE_CURVE('',#2696,#2697,#240,.F.);
#1947=EDGE_CURVE('',#2697,#2698,#241,.F.);
#1948=EDGE_CURVE('',#2698,#2687,#242,.F.);
#1949=EDGE_CURVE('',#2699,#2700,#134,.T.);
#1950=EDGE_CURVE('',#2700,#2701,#3170,.T.);
#1951=EDGE_CURVE('',#2701,#2702,#243,.F.);
#1952=EDGE_CURVE('',#2702,#2703,#244,.F.);
#1953=EDGE_CURVE('',#2703,#2704,#245,.F.);
#1954=EDGE_CURVE('',#2704,#2705,#135,.T.);
#1955=EDGE_CURVE('',#2705,#2706,#246,.F.);
#1956=EDGE_CURVE('',#2706,#2707,#247,.F.);
#1957=EDGE_CURVE('',#2707,#2708,#248,.F.);
#1958=EDGE_CURVE('',#2708,#2709,#136,.T.);
#1959=EDGE_CURVE('',#2709,#2710,#3171,.T.);
#1960=EDGE_CURVE('',#2710,#2711,#137,.T.);
#1961=EDGE_CURVE('',#2711,#2699,#138,.T.);
#1962=EDGE_CURVE('',#2712,#2713,#3172,.T.);
#1963=EDGE_CURVE('',#2713,#2714,#3173,.T.);
#1964=EDGE_CURVE('',#2714,#2715,#3174,.T.);
#1965=EDGE_CURVE('',#2715,#2716,#3175,.T.);
#1966=EDGE_CURVE('',#2716,#2717,#3176,.T.);
#1967=EDGE_CURVE('',#2717,#2718,#3177,.T.);
#1968=EDGE_CURVE('',#2718,#2719,#3178,.T.);
#1969=EDGE_CURVE('',#2719,#2712,#3179,.T.);
#1970=EDGE_CURVE('',#2720,#2721,#3180,.T.);
#1971=EDGE_CURVE('',#2721,#2722,#3181,.T.);
#1972=EDGE_CURVE('',#2722,#2723,#3182,.T.);
#1973=EDGE_CURVE('',#2723,#2720,#3183,.T.);
#1974=EDGE_CURVE('',#2724,#2725,#3184,.T.);
#1975=EDGE_CURVE('',#2725,#2726,#3185,.T.);
#1976=EDGE_CURVE('',#2726,#2727,#3186,.T.);
#1977=EDGE_CURVE('',#2727,#2728,#3187,.T.);
#1978=EDGE_CURVE('',#2728,#2729,#3188,.T.);
#1979=EDGE_CURVE('',#2729,#2730,#3189,.T.);
#1980=EDGE_CURVE('',#2730,#2724,#3190,.T.);
#1981=EDGE_CURVE('',#2731,#2732,#3191,.T.);
#1982=EDGE_CURVE('',#2732,#2733,#3192,.T.);
#1983=EDGE_CURVE('',#2733,#2734,#3193,.T.);
#1984=EDGE_CURVE('',#2734,#2731,#3194,.T.);
#1985=EDGE_CURVE('',#2735,#2736,#249,.F.);
#1986=EDGE_CURVE('',#2736,#2737,#3195,.T.);
#1987=EDGE_CURVE('',#2737,#2738,#3196,.T.);
#1988=EDGE_CURVE('',#2738,#2739,#3197,.T.);
#1989=EDGE_CURVE('',#2739,#2740,#250,.T.);
#1990=EDGE_CURVE('',#2740,#2741,#251,.F.);
#1991=EDGE_CURVE('',#2741,#2742,#3198,.T.);
#1992=EDGE_CURVE('',#2742,#2743,#3199,.T.);
#1993=EDGE_CURVE('',#2743,#2744,#3200,.T.);
#1994=EDGE_CURVE('',#2744,#2745,#252,.T.);
#1995=EDGE_CURVE('',#2745,#2746,#253,.T.);
#1996=EDGE_CURVE('',#2746,#2747,#139,.T.);
#1997=EDGE_CURVE('',#2747,#2748,#140,.T.);
#1998=EDGE_CURVE('',#2748,#2749,#254,.T.);
#1999=EDGE_CURVE('',#2749,#2750,#255,.T.);
#2000=EDGE_CURVE('',#2750,#2751,#141,.T.);
#2001=EDGE_CURVE('',#2751,#2752,#142,.T.);
#2002=EDGE_CURVE('',#2752,#2753,#3201,.T.);
#2003=EDGE_CURVE('',#2753,#2754,#3202,.T.);
#2004=EDGE_CURVE('',#2754,#2755,#3203,.T.);
#2005=EDGE_CURVE('',#2755,#2756,#256,.F.);
#2006=EDGE_CURVE('',#2756,#2757,#257,.F.);
#2007=EDGE_CURVE('',#2757,#2758,#258,.F.);
#2008=EDGE_CURVE('',#2758,#2759,#143,.T.);
#2009=EDGE_CURVE('',#2759,#2735,#144,.T.);
#2010=EDGE_CURVE('',#2760,#2761,#3204,.T.);
#2011=EDGE_CURVE('',#2761,#2762,#3205,.T.);
#2012=EDGE_CURVE('',#2762,#2763,#3206,.T.);
#2013=EDGE_CURVE('',#2763,#2760,#3207,.T.);
#2014=EDGE_CURVE('',#2764,#2765,#3208,.T.);
#2015=EDGE_CURVE('',#2765,#2766,#3209,.T.);
#2016=EDGE_CURVE('',#2766,#2767,#3210,.T.);
#2017=EDGE_CURVE('',#2767,#2768,#259,.F.);
#2018=EDGE_CURVE('',#2768,#2769,#260,.F.);
#2019=EDGE_CURVE('',#2769,#2770,#261,.F.);
#2020=EDGE_CURVE('',#2770,#2771,#262,.F.);
#2021=EDGE_CURVE('',#2771,#2772,#3211,.T.);
#2022=EDGE_CURVE('',#2772,#2773,#3212,.T.);
#2023=EDGE_CURVE('',#2773,#2774,#263,.T.);
#2024=EDGE_CURVE('',#2774,#2775,#264,.T.);
#2025=EDGE_CURVE('',#2775,#2776,#265,.T.);
#2026=EDGE_CURVE('',#2776,#2777,#145,.T.);
#2027=EDGE_CURVE('',#2777,#2778,#3213,.T.);
#2028=EDGE_CURVE('',#2778,#2764,#3214,.T.);
#2029=EDGE_CURVE('',#2779,#2780,#146,.T.);
#2030=EDGE_CURVE('',#2780,#2781,#147,.T.);
#2031=EDGE_CURVE('',#2781,#2782,#148,.T.);
#2032=EDGE_CURVE('',#2782,#2783,#149,.T.);
#2033=EDGE_CURVE('',#2783,#2784,#266,.F.);
#2034=EDGE_CURVE('',#2784,#2785,#267,.F.);
#2035=EDGE_CURVE('',#2785,#2786,#3215,.T.);
#2036=EDGE_CURVE('',#2786,#2787,#268,.T.);
#2037=EDGE_CURVE('',#2787,#2788,#150,.T.);
#2038=EDGE_CURVE('',#2788,#2789,#151,.T.);
#2039=EDGE_CURVE('',#2789,#2790,#152,.T.);
#2040=EDGE_CURVE('',#2790,#2791,#153,.T.);
#2041=EDGE_CURVE('',#2791,#2792,#154,.T.);
#2042=EDGE_CURVE('',#2792,#2793,#155,.T.);
#2043=EDGE_CURVE('',#2793,#2794,#269,.T.);
#2044=EDGE_CURVE('',#2794,#2795,#3216,.T.);
#2045=EDGE_CURVE('',#2795,#2796,#270,.F.);
#2046=EDGE_CURVE('',#2796,#2779,#271,.F.);
#2047=EDGE_CURVE('',#2797,#2798,#272,.F.);
#2048=EDGE_CURVE('',#2798,#2799,#3217,.T.);
#2049=EDGE_CURVE('',#2799,#2800,#156,.T.);
#2050=EDGE_CURVE('',#2800,#2801,#273,.T.);
#2051=EDGE_CURVE('',#2801,#2802,#3218,.T.);
#2052=EDGE_CURVE('',#2802,#2803,#3219,.T.);
#2053=EDGE_CURVE('',#2803,#2804,#3220,.T.);
#2054=EDGE_CURVE('',#2804,#2797,#274,.F.);
#2055=EDGE_CURVE('',#2805,#2806,#275,.F.);
#2056=EDGE_CURVE('',#2806,#2807,#3221,.T.);
#2057=EDGE_CURVE('',#2807,#2808,#3222,.T.);
#2058=EDGE_CURVE('',#2808,#2809,#3223,.T.);
#2059=EDGE_CURVE('',#2809,#2810,#276,.T.);
#2060=EDGE_CURVE('',#2810,#2811,#277,.F.);
#2061=EDGE_CURVE('',#2811,#2812,#3224,.T.);
#2062=EDGE_CURVE('',#2812,#2813,#3225,.T.);
#2063=EDGE_CURVE('',#2813,#2814,#3226,.T.);
#2064=EDGE_CURVE('',#2814,#2815,#278,.T.);
#2065=EDGE_CURVE('',#2815,#2816,#279,.T.);
#2066=EDGE_CURVE('',#2816,#2817,#157,.T.);
#2067=EDGE_CURVE('',#2817,#2818,#158,.T.);
#2068=EDGE_CURVE('',#2818,#2819,#280,.T.);
#2069=EDGE_CURVE('',#2819,#2820,#281,.T.);
#2070=EDGE_CURVE('',#2820,#2821,#159,.T.);
#2071=EDGE_CURVE('',#2821,#2822,#160,.T.);
#2072=EDGE_CURVE('',#2822,#2823,#3227,.T.);
#2073=EDGE_CURVE('',#2823,#2824,#3228,.T.);
#2074=EDGE_CURVE('',#2824,#2825,#3229,.T.);
#2075=EDGE_CURVE('',#2825,#2826,#282,.F.);
#2076=EDGE_CURVE('',#2826,#2827,#283,.F.);
#2077=EDGE_CURVE('',#2827,#2828,#284,.F.);
#2078=EDGE_CURVE('',#2828,#2829,#161,.T.);
#2079=EDGE_CURVE('',#2829,#2805,#162,.T.);
#2080=EDGE_CURVE('',#2830,#2831,#3230,.T.);
#2081=EDGE_CURVE('',#2831,#2832,#3231,.T.);
#2082=EDGE_CURVE('',#2832,#2833,#3232,.T.);
#2083=EDGE_CURVE('',#2833,#2830,#3233,.T.);
#2084=EDGE_CURVE('',#2834,#2835,#3234,.T.);
#2085=EDGE_CURVE('',#2835,#2836,#3235,.T.);
#2086=EDGE_CURVE('',#2836,#2837,#3236,.T.);
#2087=EDGE_CURVE('',#2837,#2834,#3237,.T.);
#2088=EDGE_CURVE('',#2838,#2839,#3238,.T.);
#2089=EDGE_CURVE('',#2839,#2840,#3239,.T.);
#2090=EDGE_CURVE('',#2840,#2841,#163,.T.);
#2091=EDGE_CURVE('',#2841,#2842,#164,.T.);
#2092=EDGE_CURVE('',#2842,#2843,#285,.F.);
#2093=EDGE_CURVE('',#2843,#2844,#286,.F.);
#2094=EDGE_CURVE('',#2844,#2845,#165,.T.);
#2095=EDGE_CURVE('',#2845,#2846,#166,.T.);
#2096=EDGE_CURVE('',#2846,#2847,#167,.T.);
#2097=EDGE_CURVE('',#2847,#2848,#168,.T.);
#2098=EDGE_CURVE('',#2848,#2849,#169,.T.);
#2099=EDGE_CURVE('',#2849,#2850,#287,.F.);
#2100=EDGE_CURVE('',#2850,#2851,#3240,.T.);
#2101=EDGE_CURVE('',#2851,#2852,#3241,.T.);
#2102=EDGE_CURVE('',#2852,#2853,#3242,.T.);
#2103=EDGE_CURVE('',#2853,#2854,#170,.T.);
#2104=EDGE_CURVE('',#2854,#2855,#171,.T.);
#2105=EDGE_CURVE('',#2855,#2856,#288,.T.);
#2106=EDGE_CURVE('',#2856,#2857,#289,.T.);
#2107=EDGE_CURVE('',#2857,#2858,#172,.T.);
#2108=EDGE_CURVE('',#2858,#2859,#173,.T.);
#2109=EDGE_CURVE('',#2859,#2838,#3243,.T.);
#2110=EDGE_CURVE('',#2860,#2861,#3244,.T.);
#2111=EDGE_CURVE('',#2861,#2862,#3245,.T.);
#2112=EDGE_CURVE('',#2862,#2863,#3246,.T.);
#2113=EDGE_CURVE('',#2863,#2860,#3247,.T.);
#2114=EDGE_CURVE('',#2864,#2865,#3248,.T.);
#2115=EDGE_CURVE('',#2865,#2866,#290,.T.);
#2116=EDGE_CURVE('',#2866,#2867,#174,.F.);
#2117=EDGE_CURVE('',#2867,#2868,#175,.F.);
#2118=EDGE_CURVE('',#2868,#2869,#291,.T.);
#2119=EDGE_CURVE('',#2869,#2870,#292,.T.);
#2120=EDGE_CURVE('',#2870,#2871,#293,.T.);
#2121=EDGE_CURVE('',#2871,#2872,#3249,.T.);
#2122=EDGE_CURVE('',#2872,#2873,#3250,.T.);
#2123=EDGE_CURVE('',#2873,#2874,#3251,.T.);
#2124=EDGE_CURVE('',#2874,#2875,#176,.F.);
#2125=EDGE_CURVE('',#2875,#2876,#177,.F.);
#2126=EDGE_CURVE('',#2876,#2877,#294,.F.);
#2127=EDGE_CURVE('',#2877,#2878,#295,.F.);
#2128=EDGE_CURVE('',#2878,#2879,#178,.F.);
#2129=EDGE_CURVE('',#2879,#2880,#179,.F.);
#2130=EDGE_CURVE('',#2880,#2881,#296,.F.);
#2131=EDGE_CURVE('',#2881,#2882,#297,.F.);
#2132=EDGE_CURVE('',#2882,#2883,#3252,.T.);
#2133=EDGE_CURVE('',#2883,#2884,#3253,.T.);
#2134=EDGE_CURVE('',#2884,#2885,#3254,.T.);
#2135=EDGE_CURVE('',#2885,#2886,#298,.T.);
#2136=EDGE_CURVE('',#2886,#2887,#299,.F.);
#2137=EDGE_CURVE('',#2887,#2888,#3255,.T.);
#2138=EDGE_CURVE('',#2888,#2864,#3256,.T.);
#2139=EDGE_CURVE('',#2889,#2890,#180,.F.);
#2140=EDGE_CURVE('',#2890,#2891,#181,.F.);
#2141=EDGE_CURVE('',#2891,#2892,#300,.T.);
#2142=EDGE_CURVE('',#2892,#2893,#301,.T.);
#2143=EDGE_CURVE('',#2893,#2894,#3257,.T.);
#2144=EDGE_CURVE('',#2894,#2895,#302,.F.);
#2145=EDGE_CURVE('',#2895,#2896,#182,.F.);
#2146=EDGE_CURVE('',#2896,#2897,#183,.F.);
#2147=EDGE_CURVE('',#2897,#2898,#184,.F.);
#2148=EDGE_CURVE('',#2898,#2899,#185,.F.);
#2149=EDGE_CURVE('',#2899,#2900,#186,.F.);
#2150=EDGE_CURVE('',#2900,#2901,#187,.F.);
#2151=EDGE_CURVE('',#2901,#2902,#303,.F.);
#2152=EDGE_CURVE('',#2902,#2903,#3258,.T.);
#2153=EDGE_CURVE('',#2903,#2904,#304,.T.);
#2154=EDGE_CURVE('',#2904,#2905,#305,.T.);
#2155=EDGE_CURVE('',#2905,#2906,#188,.F.);
#2156=EDGE_CURVE('',#2906,#2889,#189,.F.);
#2157=EDGE_CURVE('',#2907,#2908,#3259,.T.);
#2158=EDGE_CURVE('',#2908,#2909,#3260,.T.);
#2159=EDGE_CURVE('',#2909,#2910,#3261,.T.);
#2160=EDGE_CURVE('',#2910,#2907,#3262,.T.);
#2161=EDGE_CURVE('',#2911,#2912,#3263,.T.);
#2162=EDGE_CURVE('',#2912,#2913,#3264,.T.);
#2163=EDGE_CURVE('',#2913,#2914,#3265,.T.);
#2164=EDGE_CURVE('',#2914,#2911,#3266,.T.);
#2165=EDGE_CURVE('',#2915,#2916,#3267,.T.);
#2166=EDGE_CURVE('',#2916,#2917,#3268,.T.);
#2167=EDGE_CURVE('',#2917,#2918,#3269,.T.);
#2168=EDGE_CURVE('',#2918,#2915,#3270,.T.);
#2169=EDGE_CURVE('',#2919,#2920,#3271,.T.);
#2170=EDGE_CURVE('',#2920,#2921,#190,.F.);
#2171=EDGE_CURVE('',#2921,#2922,#191,.F.);
#2172=EDGE_CURVE('',#2922,#2923,#192,.F.);
#2173=EDGE_CURVE('',#2923,#2924,#3272,.T.);
#2174=EDGE_CURVE('',#2924,#2925,#193,.F.);
#2175=EDGE_CURVE('',#2925,#2926,#306,.T.);
#2176=EDGE_CURVE('',#2926,#2927,#307,.T.);
#2177=EDGE_CURVE('',#2927,#2928,#308,.T.);
#2178=EDGE_CURVE('',#2928,#2929,#194,.F.);
#2179=EDGE_CURVE('',#2929,#2930,#309,.T.);
#2180=EDGE_CURVE('',#2930,#2931,#310,.T.);
#2181=EDGE_CURVE('',#2931,#2919,#311,.T.);
#2182=EDGE_CURVE('',#2932,#2933,#195,.F.);
#2183=EDGE_CURVE('',#2933,#2934,#312,.T.);
#2184=EDGE_CURVE('',#2934,#2935,#313,.T.);
#2185=EDGE_CURVE('',#2935,#2936,#314,.T.);
#2186=EDGE_CURVE('',#2936,#2937,#3273,.T.);
#2187=EDGE_CURVE('',#2937,#2938,#315,.F.);
#2188=EDGE_CURVE('',#2938,#2939,#196,.F.);
#2189=EDGE_CURVE('',#2939,#2940,#197,.F.);
#2190=EDGE_CURVE('',#2940,#2941,#316,.F.);
#2191=EDGE_CURVE('',#2941,#2942,#3274,.T.);
#2192=EDGE_CURVE('',#2942,#2943,#317,.T.);
#2193=EDGE_CURVE('',#2943,#2944,#318,.T.);
#2194=EDGE_CURVE('',#2944,#2945,#319,.T.);
#2195=EDGE_CURVE('',#2945,#2932,#198,.F.);
#2196=EDGE_CURVE('',#2946,#2947,#3275,.T.);
#2197=EDGE_CURVE('',#2948,#2947,#3276,.T.);
#2198=EDGE_CURVE('',#2946,#2948,#3277,.T.);
#2199=EDGE_CURVE('',#2949,#2950,#3278,.T.);
#2200=EDGE_CURVE('',#2951,#2950,#3279,.T.);
#2201=EDGE_CURVE('',#2951,#2949,#3280,.T.);
#2202=EDGE_CURVE('',#2952,#2953,#3281,.T.);
#2203=EDGE_CURVE('',#2954,#2953,#3282,.T.);
#2204=EDGE_CURVE('',#2954,#2952,#3283,.T.);
#2205=EDGE_CURVE('',#2955,#2956,#3284,.T.);
#2206=EDGE_CURVE('',#2957,#2955,#3285,.T.);
#2207=EDGE_CURVE('',#2956,#2957,#3286,.T.);
#2208=EDGE_CURVE('',#2958,#2959,#3287,.T.);
#2209=EDGE_CURVE('',#2959,#2960,#3288,.T.);
#2210=EDGE_CURVE('',#2958,#2960,#3289,.T.);
#2211=EDGE_CURVE('',#2961,#2962,#3290,.T.);
#2212=EDGE_CURVE('',#2963,#2962,#3291,.T.);
#2213=EDGE_CURVE('',#2963,#2961,#3292,.T.);
#2214=EDGE_CURVE('',#2964,#2965,#3293,.T.);
#2215=EDGE_CURVE('',#2966,#2964,#3294,.T.);
#2216=EDGE_CURVE('',#2965,#2966,#3295,.T.);
#2217=EDGE_CURVE('',#2967,#2968,#3296,.T.);
#2218=EDGE_CURVE('',#2969,#2967,#3297,.T.);
#2219=EDGE_CURVE('',#2970,#2969,#3298,.T.);
#2220=EDGE_CURVE('',#2970,#2968,#3299,.T.);
#2221=EDGE_CURVE('',#2971,#2972,#3300,.T.);
#2222=EDGE_CURVE('',#2971,#2973,#3301,.T.);
#2223=EDGE_CURVE('',#2973,#2974,#3302,.T.);
#2224=EDGE_CURVE('',#2975,#2974,#3303,.T.);
#2225=EDGE_CURVE('',#2972,#2975,#3304,.T.);
#2226=EDGE_CURVE('',#2976,#2977,#3305,.T.);
#2227=EDGE_CURVE('',#2976,#2978,#3306,.T.);
#2228=EDGE_CURVE('',#2978,#2979,#3307,.T.);
#2229=EDGE_CURVE('',#2980,#2979,#3308,.T.);
#2230=EDGE_CURVE('',#2980,#2977,#3309,.T.);
#2231=EDGE_CURVE('',#2981,#2982,#3310,.T.);
#2232=EDGE_CURVE('',#2981,#2983,#3311,.T.);
#2233=EDGE_CURVE('',#2983,#2984,#3312,.T.);
#2234=EDGE_CURVE('',#2984,#2982,#3313,.T.);
#2235=EDGE_CURVE('',#2985,#2986,#3314,.T.);
#2236=EDGE_CURVE('',#2985,#2987,#3315,.T.);
#2237=EDGE_CURVE('',#2986,#2987,#3316,.T.);
#2238=EDGE_CURVE('',#2988,#2989,#3317,.T.);
#2239=EDGE_CURVE('',#2989,#2990,#3318,.T.);
#2240=EDGE_CURVE('',#2990,#2988,#3319,.T.);
#2241=EDGE_CURVE('',#2991,#2992,#3320,.T.);
#2242=EDGE_CURVE('',#2992,#2993,#3321,.T.);
#2243=EDGE_CURVE('',#2991,#2993,#3322,.T.);
#2244=EDGE_CURVE('',#2994,#2995,#3323,.T.);
#2245=EDGE_CURVE('',#2995,#2996,#3324,.T.);
#2246=EDGE_CURVE('',#2997,#2996,#3325,.T.);
#2247=EDGE_CURVE('',#2994,#2997,#3326,.T.);
#2248=EDGE_CURVE('',#2998,#2999,#320,.T.);
#2249=EDGE_CURVE('',#2999,#3000,#321,.T.);
#2250=EDGE_CURVE('',#3000,#3001,#3327,.T.);
#2251=EDGE_CURVE('',#3001,#3002,#322,.T.);
#2252=EDGE_CURVE('',#3002,#3003,#199,.F.);
#2253=EDGE_CURVE('',#3003,#3004,#323,.T.);
#2254=EDGE_CURVE('',#3004,#3005,#3328,.T.);
#2255=EDGE_CURVE('',#3005,#3006,#200,.F.);
#2256=EDGE_CURVE('',#3006,#3007,#324,.F.);
#2257=EDGE_CURVE('',#3007,#3008,#325,.F.);
#2258=EDGE_CURVE('',#3008,#2998,#326,.T.);
#2259=EDGE_CURVE('',#3009,#3010,#3329,.T.);
#2260=EDGE_CURVE('',#3010,#3011,#327,.T.);
#2261=EDGE_CURVE('',#3011,#3012,#328,.T.);
#2262=EDGE_CURVE('',#3012,#3013,#329,.T.);
#2263=EDGE_CURVE('',#3013,#3014,#330,.T.);
#2264=EDGE_CURVE('',#3014,#3015,#3330,.T.);
#2265=EDGE_CURVE('',#3015,#3016,#3331,.T.);
#2266=EDGE_CURVE('',#3016,#3017,#3332,.T.);
#2267=EDGE_CURVE('',#3017,#3018,#331,.F.);
#2268=EDGE_CURVE('',#3018,#3019,#332,.F.);
#2269=EDGE_CURVE('',#3019,#3020,#333,.F.);
#2270=EDGE_CURVE('',#3020,#3009,#334,.F.);
#2271=EDGE_CURVE('',#3021,#3022,#3333,.T.);
#2272=EDGE_CURVE('',#3022,#3023,#3334,.T.);
#2273=EDGE_CURVE('',#3023,#3024,#3335,.T.);
#2274=EDGE_CURVE('',#3024,#3025,#3336,.T.);
#2275=EDGE_CURVE('',#3025,#3026,#3337,.T.);
#2276=EDGE_CURVE('',#3026,#3027,#3338,.T.);
#2277=EDGE_CURVE('',#3027,#3028,#3339,.T.);
#2278=EDGE_CURVE('',#3028,#3021,#3340,.T.);
#2279=EDGE_CURVE('',#3029,#3030,#3341,.T.);
#2280=EDGE_CURVE('',#3030,#3031,#3342,.T.);
#2281=EDGE_CURVE('',#3031,#3032,#3343,.T.);
#2282=EDGE_CURVE('',#3032,#3033,#3344,.T.);
#2283=EDGE_CURVE('',#3033,#3034,#3345,.T.);
#2284=EDGE_CURVE('',#3034,#3035,#3346,.T.);
#2285=EDGE_CURVE('',#3035,#3029,#3347,.T.);
#2286=EDGE_CURVE('',#3036,#3037,#3348,.T.);
#2287=EDGE_CURVE('',#3037,#3038,#335,.T.);
#2288=EDGE_CURVE('',#3038,#3039,#201,.F.);
#2289=EDGE_CURVE('',#3039,#3040,#202,.F.);
#2290=EDGE_CURVE('',#3040,#3041,#336,.T.);
#2291=EDGE_CURVE('',#3041,#3042,#337,.T.);
#2292=EDGE_CURVE('',#3042,#3043,#338,.T.);
#2293=EDGE_CURVE('',#3043,#3044,#3349,.T.);
#2294=EDGE_CURVE('',#3044,#3045,#3350,.T.);
#2295=EDGE_CURVE('',#3045,#3046,#3351,.T.);
#2296=EDGE_CURVE('',#3046,#3047,#203,.F.);
#2297=EDGE_CURVE('',#3047,#3048,#204,.F.);
#2298=EDGE_CURVE('',#3048,#3049,#339,.F.);
#2299=EDGE_CURVE('',#3049,#3050,#340,.F.);
#2300=EDGE_CURVE('',#3050,#3051,#205,.F.);
#2301=EDGE_CURVE('',#3051,#3052,#206,.F.);
#2302=EDGE_CURVE('',#3052,#3053,#341,.F.);
#2303=EDGE_CURVE('',#3053,#3054,#342,.F.);
#2304=EDGE_CURVE('',#3054,#3055,#3352,.T.);
#2305=EDGE_CURVE('',#3055,#3056,#3353,.T.);
#2306=EDGE_CURVE('',#3056,#3057,#3354,.T.);
#2307=EDGE_CURVE('',#3057,#3058,#343,.T.);
#2308=EDGE_CURVE('',#3058,#3059,#344,.F.);
#2309=EDGE_CURVE('',#3059,#3060,#3355,.T.);
#2310=EDGE_CURVE('',#3060,#3036,#3356,.T.);
#2311=EDGE_CURVE('',#3061,#3062,#3357,.T.);
#2312=EDGE_CURVE('',#3062,#3063,#3358,.T.);
#2313=EDGE_CURVE('',#3063,#3064,#3359,.T.);
#2314=EDGE_CURVE('',#3064,#3065,#3360,.T.);
#2315=EDGE_CURVE('',#3065,#3066,#207,.F.);
#2316=EDGE_CURVE('',#3066,#3067,#345,.F.);
#2317=EDGE_CURVE('',#3067,#3068,#346,.F.);
#2318=EDGE_CURVE('',#3068,#3069,#347,.F.);
#2319=EDGE_CURVE('',#3069,#3070,#3361,.T.);
#2320=EDGE_CURVE('',#3070,#3071,#3362,.T.);
#2321=EDGE_CURVE('',#3071,#3072,#348,.T.);
#2322=EDGE_CURVE('',#3072,#3073,#349,.T.);
#2323=EDGE_CURVE('',#3073,#3074,#350,.T.);
#2324=EDGE_CURVE('',#3074,#3075,#351,.T.);
#2325=EDGE_CURVE('',#3075,#3061,#3363,.T.);
#2326=EDGE_CURVE('',#3076,#3077,#3364,.T.);
#2327=EDGE_CURVE('',#3077,#3078,#352,.T.);
#2328=EDGE_CURVE('',#3078,#3079,#353,.T.);
#2329=EDGE_CURVE('',#3079,#3080,#3365,.T.);
#2330=EDGE_CURVE('',#3080,#3081,#3366,.T.);
#2331=EDGE_CURVE('',#3081,#3082,#3367,.T.);
#2332=EDGE_CURVE('',#3082,#3083,#354,.F.);
#2333=EDGE_CURVE('',#3083,#3076,#208,.F.);
#2334=EDGE_CURVE('',#3084,#3085,#3368,.T.);
#2335=EDGE_CURVE('',#3085,#3086,#3369,.T.);
#2336=EDGE_CURVE('',#3086,#3087,#3370,.T.);
#2337=EDGE_CURVE('',#3087,#3084,#3371,.T.);
#2338=EDGE_CURVE('',#3088,#3089,#3372,.T.);
#2339=EDGE_CURVE('',#3089,#3090,#3373,.T.);
#2340=EDGE_CURVE('',#3090,#3091,#3374,.T.);
#2341=EDGE_CURVE('',#3091,#3092,#209,.F.);
#2342=EDGE_CURVE('',#3092,#3093,#210,.F.);
#2343=EDGE_CURVE('',#3093,#3094,#355,.F.);
#2344=EDGE_CURVE('',#3094,#3095,#356,.F.);
#2345=EDGE_CURVE('',#3095,#3096,#211,.F.);
#2346=EDGE_CURVE('',#3096,#3097,#212,.F.);
#2347=EDGE_CURVE('',#3097,#3098,#3375,.T.);
#2348=EDGE_CURVE('',#3098,#3099,#3376,.T.);
#2349=EDGE_CURVE('',#3099,#3100,#3377,.T.);
#2350=EDGE_CURVE('',#3100,#3101,#357,.T.);
#2351=EDGE_CURVE('',#3101,#3102,#213,.F.);
#2352=EDGE_CURVE('',#3102,#3103,#214,.F.);
#2353=EDGE_CURVE('',#3103,#3104,#215,.F.);
#2354=EDGE_CURVE('',#3104,#3105,#216,.F.);
#2355=EDGE_CURVE('',#3105,#3106,#217,.F.);
#2356=EDGE_CURVE('',#3106,#3107,#358,.T.);
#2357=EDGE_CURVE('',#3107,#3108,#359,.T.);
#2358=EDGE_CURVE('',#3108,#3109,#218,.F.);
#2359=EDGE_CURVE('',#3109,#3088,#219,.F.);
#2360=EDGE_CURVE('',#2659,#2946,#3378,.T.);
#2361=EDGE_CURVE('',#2660,#2947,#3379,.T.);
#2362=EDGE_CURVE('',#2661,#2948,#3380,.T.);
#2363=EDGE_CURVE('',#2656,#2949,#3381,.T.);
#2364=EDGE_CURVE('',#2657,#2950,#3382,.T.);
#2365=EDGE_CURVE('',#2658,#2951,#3383,.T.);
#2366=EDGE_CURVE('',#2653,#2952,#3384,.T.);
#2367=EDGE_CURVE('',#2654,#2953,#3385,.T.);
#2368=EDGE_CURVE('',#2655,#2954,#3386,.T.);
#2369=EDGE_CURVE('',#2651,#2956,#3387,.T.);
#2370=EDGE_CURVE('',#2650,#2955,#3388,.T.);
#2371=EDGE_CURVE('',#2652,#2957,#3389,.T.);
#2372=EDGE_CURVE('',#2647,#2958,#3390,.T.);
#2373=EDGE_CURVE('',#2648,#2959,#3391,.T.);
#2374=EDGE_CURVE('',#2649,#2960,#3392,.T.);
#2375=EDGE_CURVE('',#2644,#2961,#3393,.T.);
#2376=EDGE_CURVE('',#2645,#2962,#3394,.T.);
#2377=EDGE_CURVE('',#2646,#2963,#3395,.T.);
#2378=EDGE_CURVE('',#2642,#2965,#3396,.T.);
#2379=EDGE_CURVE('',#2641,#2964,#3397,.T.);
#2380=EDGE_CURVE('',#2643,#2966,#3398,.T.);
#2381=EDGE_CURVE('',#2638,#2968,#3399,.T.);
#2382=EDGE_CURVE('',#2637,#2967,#3400,.T.);
#2383=EDGE_CURVE('',#2639,#2970,#3401,.T.);
#2384=EDGE_CURVE('',#2640,#2969,#3402,.T.);
#2385=EDGE_CURVE('',#2633,#2972,#3403,.T.);
#2386=EDGE_CURVE('',#2632,#2971,#3404,.T.);
#2387=EDGE_CURVE('',#2634,#2975,#3405,.T.);
#2388=EDGE_CURVE('',#2635,#2974,#3406,.T.);
#2389=EDGE_CURVE('',#2636,#2973,#3407,.T.);
#2390=EDGE_CURVE('',#2628,#2977,#3408,.T.);
#2391=EDGE_CURVE('',#2627,#2976,#3409,.T.);
#2392=EDGE_CURVE('',#2629,#2980,#3410,.T.);
#2393=EDGE_CURVE('',#2630,#2979,#3411,.T.);
#2394=EDGE_CURVE('',#2631,#2978,#3412,.T.);
#2395=EDGE_CURVE('',#2624,#2982,#3413,.T.);
#2396=EDGE_CURVE('',#2623,#2981,#3414,.T.);
#2397=EDGE_CURVE('',#2625,#2984,#3415,.T.);
#2398=EDGE_CURVE('',#2626,#2983,#3416,.T.);
#2399=EDGE_CURVE('',#2621,#2986,#3417,.T.);
#2400=EDGE_CURVE('',#2620,#2985,#3418,.T.);
#2401=EDGE_CURVE('',#2622,#2987,#3419,.T.);
#2402=EDGE_CURVE('',#2617,#2988,#3420,.T.);
#2403=EDGE_CURVE('',#2618,#2989,#3421,.T.);
#2404=EDGE_CURVE('',#2619,#2990,#3422,.T.);
#2405=EDGE_CURVE('',#2614,#2991,#3423,.T.);
#2406=EDGE_CURVE('',#2615,#2992,#3424,.T.);
#2407=EDGE_CURVE('',#2616,#2993,#3425,.T.);
#2408=EDGE_CURVE('',#2610,#2994,#3426,.T.);
#2409=EDGE_CURVE('',#2611,#2995,#3427,.T.);
#2410=EDGE_CURVE('',#2612,#2997,#3428,.T.);
#2411=EDGE_CURVE('',#2613,#2996,#3429,.T.);
#2412=EDGE_CURVE('',#3007,#2666,#3430,.T.);
#2413=EDGE_CURVE('',#3008,#2665,#3431,.T.);
#2414=EDGE_CURVE('',#3006,#2667,#3432,.T.);
#2415=EDGE_CURVE('',#2998,#2664,#3433,.T.);
#2416=EDGE_CURVE('',#3005,#2668,#3434,.T.);
#2417=EDGE_CURVE('',#3004,#2669,#3435,.T.);
#2418=EDGE_CURVE('',#3003,#2670,#3436,.T.);
#2419=EDGE_CURVE('',#3002,#2671,#3437,.T.);
#2420=EDGE_CURVE('',#3001,#2672,#3438,.T.);
#2421=EDGE_CURVE('',#3000,#2662,#3439,.T.);
#2422=EDGE_CURVE('',#2999,#2663,#3440,.T.);
#2423=EDGE_CURVE('',#2944,#2677,#3441,.T.);
#2424=EDGE_CURVE('',#2945,#2676,#3442,.T.);
#2425=EDGE_CURVE('',#2943,#2678,#3443,.T.);
#2426=EDGE_CURVE('',#2932,#2675,#3444,.T.);
#2427=EDGE_CURVE('',#2942,#2679,#3445,.T.);
#2428=EDGE_CURVE('',#2941,#2680,#3446,.T.);
#2429=EDGE_CURVE('',#2940,#2681,#3447,.T.);
#2430=EDGE_CURVE('',#2939,#2682,#3448,.T.);
#2431=EDGE_CURVE('',#2938,#2683,#3449,.T.);
#2432=EDGE_CURVE('',#2937,#2684,#3450,.T.);
#2433=EDGE_CURVE('',#2936,#2685,#3451,.T.);
#2434=EDGE_CURVE('',#2935,#2686,#3452,.T.);
#2435=EDGE_CURVE('',#2934,#2673,#3453,.T.);
#2436=EDGE_CURVE('',#2933,#2674,#3454,.T.);
#2437=EDGE_CURVE('',#3019,#2691,#3455,.T.);
#2438=EDGE_CURVE('',#3020,#2690,#3456,.T.);
#2439=EDGE_CURVE('',#3018,#2692,#3457,.T.);
#2440=EDGE_CURVE('',#3009,#2689,#3458,.T.);
#2441=EDGE_CURVE('',#3017,#2693,#3459,.T.);
#2442=EDGE_CURVE('',#3016,#2694,#3460,.T.);
#2443=EDGE_CURVE('',#3015,#2695,#3461,.T.);
#2444=EDGE_CURVE('',#3014,#2696,#3462,.T.);
#2445=EDGE_CURVE('',#3013,#2697,#3463,.T.);
#2446=EDGE_CURVE('',#3012,#2698,#3464,.T.);
#2447=EDGE_CURVE('',#3011,#2687,#3465,.T.);
#2448=EDGE_CURVE('',#3010,#2688,#3466,.T.);
#2449=EDGE_CURVE('',#2930,#2703,#3467,.T.);
#2450=EDGE_CURVE('',#2931,#2702,#3468,.T.);
#2451=EDGE_CURVE('',#2929,#2704,#3469,.T.);
#2452=EDGE_CURVE('',#2919,#2701,#3470,.T.);
#2453=EDGE_CURVE('',#2928,#2705,#3471,.T.);
#2454=EDGE_CURVE('',#2927,#2706,#3472,.T.);
#2455=EDGE_CURVE('',#2926,#2707,#3473,.T.);
#2456=EDGE_CURVE('',#2925,#2708,#3474,.T.);
#2457=EDGE_CURVE('',#2924,#2709,#3475,.T.);
#2458=EDGE_CURVE('',#2923,#2710,#3476,.T.);
#2459=EDGE_CURVE('',#2922,#2711,#3477,.T.);
#2460=EDGE_CURVE('',#2921,#2699,#3478,.T.);
#2461=EDGE_CURVE('',#2920,#2700,#3479,.T.);
#2462=EDGE_CURVE('',#3027,#2716,#3480,.T.);
#2463=EDGE_CURVE('',#3028,#2715,#3481,.T.);
#2464=EDGE_CURVE('',#3026,#2717,#3482,.T.);
#2465=EDGE_CURVE('',#3021,#2714,#3483,.T.);
#2466=EDGE_CURVE('',#3025,#2718,#3484,.T.);
#2467=EDGE_CURVE('',#3024,#2719,#3485,.T.);
#2468=EDGE_CURVE('',#3023,#2712,#3486,.T.);
#2469=EDGE_CURVE('',#3022,#2713,#3487,.T.);
#2470=EDGE_CURVE('',#2917,#2720,#3488,.T.);
#2471=EDGE_CURVE('',#2918,#2723,#3489,.T.);
#2472=EDGE_CURVE('',#2916,#2721,#3490,.T.);
#2473=EDGE_CURVE('',#2915,#2722,#3491,.T.);
#2474=EDGE_CURVE('',#3034,#2728,#3492,.T.);
#2475=EDGE_CURVE('',#3035,#2727,#3493,.T.);
#2476=EDGE_CURVE('',#3033,#2729,#3494,.T.);
#2477=EDGE_CURVE('',#3029,#2726,#3495,.T.);
#2478=EDGE_CURVE('',#3032,#2730,#3496,.T.);
#2479=EDGE_CURVE('',#3031,#2724,#3497,.T.);
#2480=EDGE_CURVE('',#3030,#2725,#3498,.T.);
#2481=EDGE_CURVE('',#2913,#2731,#3499,.T.);
#2482=EDGE_CURVE('',#2914,#2734,#3500,.T.);
#2483=EDGE_CURVE('',#2912,#2732,#3501,.T.);
#2484=EDGE_CURVE('',#2911,#2733,#3502,.T.);
#2485=EDGE_CURVE('',#3059,#2739,#3503,.T.);
#2486=EDGE_CURVE('',#3060,#2738,#3504,.T.);
#2487=EDGE_CURVE('',#3058,#2740,#3505,.T.);
#2488=EDGE_CURVE('',#3036,#2737,#3506,.T.);
#2489=EDGE_CURVE('',#3057,#2741,#3507,.T.);
#2490=EDGE_CURVE('',#3056,#2742,#3508,.T.);
#2491=EDGE_CURVE('',#3055,#2743,#3509,.T.);
#2492=EDGE_CURVE('',#3054,#2744,#3510,.T.);
#2493=EDGE_CURVE('',#3053,#2745,#3511,.T.);
#2494=EDGE_CURVE('',#3052,#2746,#3512,.T.);
#2495=EDGE_CURVE('',#3051,#2747,#3513,.T.);
#2496=EDGE_CURVE('',#3050,#2748,#3514,.T.);
#2497=EDGE_CURVE('',#3049,#2749,#3515,.T.);
#2498=EDGE_CURVE('',#3048,#2750,#3516,.T.);
#2499=EDGE_CURVE('',#3047,#2751,#3517,.T.);
#2500=EDGE_CURVE('',#3046,#2752,#3518,.T.);
#2501=EDGE_CURVE('',#3045,#2753,#3519,.T.);
#2502=EDGE_CURVE('',#3044,#2754,#3520,.T.);
#2503=EDGE_CURVE('',#3043,#2755,#3521,.T.);
#2504=EDGE_CURVE('',#3042,#2756,#3522,.T.);
#2505=EDGE_CURVE('',#3041,#2757,#3523,.T.);
#2506=EDGE_CURVE('',#3040,#2758,#3524,.T.);
#2507=EDGE_CURVE('',#3039,#2759,#3525,.T.);
#2508=EDGE_CURVE('',#3038,#2735,#3526,.T.);
#2509=EDGE_CURVE('',#3037,#2736,#3527,.T.);
#2510=EDGE_CURVE('',#2909,#2760,#3528,.T.);
#2511=EDGE_CURVE('',#2910,#2763,#3529,.T.);
#2512=EDGE_CURVE('',#2908,#2761,#3530,.T.);
#2513=EDGE_CURVE('',#2907,#2762,#3531,.T.);
#2514=EDGE_CURVE('',#3074,#2768,#3532,.T.);
#2515=EDGE_CURVE('',#3075,#2767,#3533,.T.);
#2516=EDGE_CURVE('',#3073,#2769,#3534,.T.);
#2517=EDGE_CURVE('',#3061,#2766,#3535,.T.);
#2518=EDGE_CURVE('',#3072,#2770,#3536,.T.);
#2519=EDGE_CURVE('',#3071,#2771,#3537,.T.);
#2520=EDGE_CURVE('',#3070,#2772,#3538,.T.);
#2521=EDGE_CURVE('',#3069,#2773,#3539,.T.);
#2522=EDGE_CURVE('',#3068,#2774,#3540,.T.);
#2523=EDGE_CURVE('',#3067,#2775,#3541,.T.);
#2524=EDGE_CURVE('',#3066,#2776,#3542,.T.);
#2525=EDGE_CURVE('',#3065,#2777,#3543,.T.);
#2526=EDGE_CURVE('',#3064,#2778,#3544,.T.);
#2527=EDGE_CURVE('',#3063,#2764,#3545,.T.);
#2528=EDGE_CURVE('',#3062,#2765,#3546,.T.);
#2529=EDGE_CURVE('',#2905,#2783,#3547,.T.);
#2530=EDGE_CURVE('',#2906,#2782,#3548,.T.);
#2531=EDGE_CURVE('',#2904,#2784,#3549,.T.);
#2532=EDGE_CURVE('',#2889,#2781,#3550,.T.);
#2533=EDGE_CURVE('',#2903,#2785,#3551,.T.);
#2534=EDGE_CURVE('',#2902,#2786,#3552,.T.);
#2535=EDGE_CURVE('',#2901,#2787,#3553,.T.);
#2536=EDGE_CURVE('',#2900,#2788,#3554,.T.);
#2537=EDGE_CURVE('',#2899,#2789,#3555,.T.);
#2538=EDGE_CURVE('',#2898,#2790,#3556,.T.);
#2539=EDGE_CURVE('',#2897,#2791,#3557,.T.);
#2540=EDGE_CURVE('',#2896,#2792,#3558,.T.);
#2541=EDGE_CURVE('',#2895,#2793,#3559,.T.);
#2542=EDGE_CURVE('',#2894,#2794,#3560,.T.);
#2543=EDGE_CURVE('',#2893,#2795,#3561,.T.);
#2544=EDGE_CURVE('',#2892,#2796,#3562,.T.);
#2545=EDGE_CURVE('',#2891,#2779,#3563,.T.);
#2546=EDGE_CURVE('',#2890,#2780,#3564,.T.);
#2547=EDGE_CURVE('',#3082,#2801,#3565,.T.);
#2548=EDGE_CURVE('',#3083,#2800,#3566,.T.);
#2549=EDGE_CURVE('',#3081,#2802,#3567,.T.);
#2550=EDGE_CURVE('',#3076,#2799,#3568,.T.);
#2551=EDGE_CURVE('',#3080,#2803,#3569,.T.);
#2552=EDGE_CURVE('',#3079,#2804,#3570,.T.);
#2553=EDGE_CURVE('',#3078,#2797,#3571,.T.);
#2554=EDGE_CURVE('',#3077,#2798,#3572,.T.);
#2555=EDGE_CURVE('',#2887,#2809,#3573,.T.);
#2556=EDGE_CURVE('',#2888,#2808,#3574,.T.);
#2557=EDGE_CURVE('',#2886,#2810,#3575,.T.);
#2558=EDGE_CURVE('',#2864,#2807,#3576,.T.);
#2559=EDGE_CURVE('',#2885,#2811,#3577,.T.);
#2560=EDGE_CURVE('',#2884,#2812,#3578,.T.);
#2561=EDGE_CURVE('',#2883,#2813,#3579,.T.);
#2562=EDGE_CURVE('',#2882,#2814,#3580,.T.);
#2563=EDGE_CURVE('',#2881,#2815,#3581,.T.);
#2564=EDGE_CURVE('',#2880,#2816,#3582,.T.);
#2565=EDGE_CURVE('',#2879,#2817,#3583,.T.);
#2566=EDGE_CURVE('',#2878,#2818,#3584,.T.);
#2567=EDGE_CURVE('',#2877,#2819,#3585,.T.);
#2568=EDGE_CURVE('',#2876,#2820,#3586,.T.);
#2569=EDGE_CURVE('',#2875,#2821,#3587,.T.);
#2570=EDGE_CURVE('',#2874,#2822,#3588,.T.);
#2571=EDGE_CURVE('',#2873,#2823,#3589,.T.);
#2572=EDGE_CURVE('',#2872,#2824,#3590,.T.);
#2573=EDGE_CURVE('',#2871,#2825,#3591,.T.);
#2574=EDGE_CURVE('',#2870,#2826,#3592,.T.);
#2575=EDGE_CURVE('',#2869,#2827,#3593,.T.);
#2576=EDGE_CURVE('',#2868,#2828,#3594,.T.);
#2577=EDGE_CURVE('',#2867,#2829,#3595,.T.);
#2578=EDGE_CURVE('',#2866,#2805,#3596,.T.);
#2579=EDGE_CURVE('',#2865,#2806,#3597,.T.);
#2580=EDGE_CURVE('',#3086,#2830,#3598,.T.);
#2581=EDGE_CURVE('',#3087,#2833,#3599,.T.);
#2582=EDGE_CURVE('',#3085,#2831,#3600,.T.);
#2583=EDGE_CURVE('',#3084,#2832,#3601,.T.);
#2584=EDGE_CURVE('',#2862,#2834,#3602,.T.);
#2585=EDGE_CURVE('',#2863,#2837,#3603,.T.);
#2586=EDGE_CURVE('',#2861,#2835,#3604,.T.);
#2587=EDGE_CURVE('',#2860,#2836,#3605,.T.);
#2588=EDGE_CURVE('',#3108,#2842,#3606,.T.);
#2589=EDGE_CURVE('',#3109,#2841,#3607,.T.);
#2590=EDGE_CURVE('',#3107,#2843,#3608,.T.);
#2591=EDGE_CURVE('',#3088,#2840,#3609,.T.);
#2592=EDGE_CURVE('',#3106,#2844,#3610,.T.);
#2593=EDGE_CURVE('',#3105,#2845,#3611,.T.);
#2594=EDGE_CURVE('',#3104,#2846,#3612,.T.);
#2595=EDGE_CURVE('',#3103,#2847,#3613,.T.);
#2596=EDGE_CURVE('',#3102,#2848,#3614,.T.);
#2597=EDGE_CURVE('',#3101,#2849,#3615,.T.);
#2598=EDGE_CURVE('',#3100,#2850,#3616,.T.);
#2599=EDGE_CURVE('',#3099,#2851,#3617,.T.);
#2600=EDGE_CURVE('',#3098,#2852,#3618,.T.);
#2601=EDGE_CURVE('',#3097,#2853,#3619,.T.);
#2602=EDGE_CURVE('',#3096,#2854,#3620,.T.);
#2603=EDGE_CURVE('',#3095,#2855,#3621,.T.);
#2604=EDGE_CURVE('',#3094,#2856,#3622,.T.);
#2605=EDGE_CURVE('',#3093,#2857,#3623,.T.);
#2606=EDGE_CURVE('',#3092,#2858,#3624,.T.);
#2607=EDGE_CURVE('',#3091,#2859,#3625,.T.);
#2608=EDGE_CURVE('',#3090,#2838,#3626,.T.);
#2609=EDGE_CURVE('',#3089,#2839,#3627,.T.);
#2610=VERTEX_POINT('',#6736);
#2611=VERTEX_POINT('',#6737);
#2612=VERTEX_POINT('',#6739);
#2613=VERTEX_POINT('',#6741);
#2614=VERTEX_POINT('',#6744);
#2615=VERTEX_POINT('',#6745);
#2616=VERTEX_POINT('',#6747);
#2617=VERTEX_POINT('',#6750);
#2618=VERTEX_POINT('',#6751);
#2619=VERTEX_POINT('',#6753);
#2620=VERTEX_POINT('',#6756);
#2621=VERTEX_POINT('',#6757);
#2622=VERTEX_POINT('',#6759);
#2623=VERTEX_POINT('',#6762);
#2624=VERTEX_POINT('',#6763);
#2625=VERTEX_POINT('',#6765);
#2626=VERTEX_POINT('',#6767);
#2627=VERTEX_POINT('',#6770);
#2628=VERTEX_POINT('',#6771);
#2629=VERTEX_POINT('',#6773);
#2630=VERTEX_POINT('',#6775);
#2631=VERTEX_POINT('',#6777);
#2632=VERTEX_POINT('',#6780);
#2633=VERTEX_POINT('',#6781);
#2634=VERTEX_POINT('',#6783);
#2635=VERTEX_POINT('',#6785);
#2636=VERTEX_POINT('',#6787);
#2637=VERTEX_POINT('',#6790);
#2638=VERTEX_POINT('',#6791);
#2639=VERTEX_POINT('',#6793);
#2640=VERTEX_POINT('',#6795);
#2641=VERTEX_POINT('',#6798);
#2642=VERTEX_POINT('',#6799);
#2643=VERTEX_POINT('',#6801);
#2644=VERTEX_POINT('',#6804);
#2645=VERTEX_POINT('',#6805);
#2646=VERTEX_POINT('',#6807);
#2647=VERTEX_POINT('',#6810);
#2648=VERTEX_POINT('',#6811);
#2649=VERTEX_POINT('',#6813);
#2650=VERTEX_POINT('',#6816);
#2651=VERTEX_POINT('',#6817);
#2652=VERTEX_POINT('',#6819);
#2653=VERTEX_POINT('',#6822);
#2654=VERTEX_POINT('',#6823);
#2655=VERTEX_POINT('',#6825);
#2656=VERTEX_POINT('',#6828);
#2657=VERTEX_POINT('',#6829);
#2658=VERTEX_POINT('',#6831);
#2659=VERTEX_POINT('',#6834);
#2660=VERTEX_POINT('',#6835);
#2661=VERTEX_POINT('',#6837);
#2662=VERTEX_POINT('',#6840);
#2663=VERTEX_POINT('',#6841);
#2664=VERTEX_POINT('',#6843);
#2665=VERTEX_POINT('',#6845);
#2666=VERTEX_POINT('',#6847);
#2667=VERTEX_POINT('',#6849);
#2668=VERTEX_POINT('',#6853);
#2669=VERTEX_POINT('',#6855);
#2670=VERTEX_POINT('',#6857);
#2671=VERTEX_POINT('',#6861);
#2672=VERTEX_POINT('',#6863);
#2673=VERTEX_POINT('',#6866);
#2674=VERTEX_POINT('',#6867);
#2675=VERTEX_POINT('',#6871);
#2676=VERTEX_POINT('',#6875);
#2677=VERTEX_POINT('',#6877);
#2678=VERTEX_POINT('',#6879);
#2679=VERTEX_POINT('',#6881);
#2680=VERTEX_POINT('',#6883);
#2681=VERTEX_POINT('',#6885);
#2682=VERTEX_POINT('',#6889);
#2683=VERTEX_POINT('',#6893);
#2684=VERTEX_POINT('',#6895);
#2685=VERTEX_POINT('',#6897);
#2686=VERTEX_POINT('',#6899);
#2687=VERTEX_POINT('',#6902);
#2688=VERTEX_POINT('',#6903);
#2689=VERTEX_POINT('',#6905);
#2690=VERTEX_POINT('',#6907);
#2691=VERTEX_POINT('',#6909);
#2692=VERTEX_POINT('',#6911);
#2693=VERTEX_POINT('',#6913);
#2694=VERTEX_POINT('',#6915);
#2695=VERTEX_POINT('',#6917);
#2696=VERTEX_POINT('',#6919);
#2697=VERTEX_POINT('',#6921);
#2698=VERTEX_POINT('',#6923);
#2699=VERTEX_POINT('',#6928);
#2700=VERTEX_POINT('',#6929);
#2701=VERTEX_POINT('',#6931);
#2702=VERTEX_POINT('',#6933);
#2703=VERTEX_POINT('',#6935);
#2704=VERTEX_POINT('',#6937);
#2705=VERTEX_POINT('',#6941);
#2706=VERTEX_POINT('',#6943);
#2707=VERTEX_POINT('',#6945);
#2708=VERTEX_POINT('',#6947);
#2709=VERTEX_POINT('',#6951);
#2710=VERTEX_POINT('',#6953);
#2711=VERTEX_POINT('',#6957);
#2712=VERTEX_POINT('',#6962);
#2713=VERTEX_POINT('',#6963);
#2714=VERTEX_POINT('',#6965);
#2715=VERTEX_POINT('',#6967);
#2716=VERTEX_POINT('',#6969);
#2717=VERTEX_POINT('',#6971);
#2718=VERTEX_POINT('',#6973);
#2719=VERTEX_POINT('',#6975);
#2720=VERTEX_POINT('',#6978);
#2721=VERTEX_POINT('',#6979);
#2722=VERTEX_POINT('',#6981);
#2723=VERTEX_POINT('',#6983);
#2724=VERTEX_POINT('',#6986);
#2725=VERTEX_POINT('',#6987);
#2726=VERTEX_POINT('',#6989);
#2727=VERTEX_POINT('',#6991);
#2728=VERTEX_POINT('',#6993);
#2729=VERTEX_POINT('',#6995);
#2730=VERTEX_POINT('',#6997);
#2731=VERTEX_POINT('',#7000);
#2732=VERTEX_POINT('',#7001);
#2733=VERTEX_POINT('',#7003);
#2734=VERTEX_POINT('',#7005);
#2735=VERTEX_POINT('',#7008);
#2736=VERTEX_POINT('',#7009);
#2737=VERTEX_POINT('',#7011);
#2738=VERTEX_POINT('',#7013);
#2739=VERTEX_POINT('',#7015);
#2740=VERTEX_POINT('',#7017);
#2741=VERTEX_POINT('',#7019);
#2742=VERTEX_POINT('',#7021);
#2743=VERTEX_POINT('',#7023);
#2744=VERTEX_POINT('',#7025);
#2745=VERTEX_POINT('',#7027);
#2746=VERTEX_POINT('',#7029);
#2747=VERTEX_POINT('',#7033);
#2748=VERTEX_POINT('',#7037);
#2749=VERTEX_POINT('',#7039);
#2750=VERTEX_POINT('',#7041);
#2751=VERTEX_POINT('',#7045);
#2752=VERTEX_POINT('',#7049);
#2753=VERTEX_POINT('',#7051);
#2754=VERTEX_POINT('',#7053);
#2755=VERTEX_POINT('',#7055);
#2756=VERTEX_POINT('',#7057);
#2757=VERTEX_POINT('',#7059);
#2758=VERTEX_POINT('',#7061);
#2759=VERTEX_POINT('',#7065);
#2760=VERTEX_POINT('',#7070);
#2761=VERTEX_POINT('',#7071);
#2762=VERTEX_POINT('',#7073);
#2763=VERTEX_POINT('',#7075);
#2764=VERTEX_POINT('',#7078);
#2765=VERTEX_POINT('',#7079);
#2766=VERTEX_POINT('',#7081);
#2767=VERTEX_POINT('',#7083);
#2768=VERTEX_POINT('',#7085);
#2769=VERTEX_POINT('',#7087);
#2770=VERTEX_POINT('',#7089);
#2771=VERTEX_POINT('',#7091);
#2772=VERTEX_POINT('',#7093);
#2773=VERTEX_POINT('',#7095);
#2774=VERTEX_POINT('',#7097);
#2775=VERTEX_POINT('',#7099);
#2776=VERTEX_POINT('',#7101);
#2777=VERTEX_POINT('',#7105);
#2778=VERTEX_POINT('',#7107);
#2779=VERTEX_POINT('',#7112);
#2780=VERTEX_POINT('',#7113);
#2781=VERTEX_POINT('',#7117);
#2782=VERTEX_POINT('',#7121);
#2783=VERTEX_POINT('',#7125);
#2784=VERTEX_POINT('',#7127);
#2785=VERTEX_POINT('',#7129);
#2786=VERTEX_POINT('',#7131);
#2787=VERTEX_POINT('',#7133);
#2788=VERTEX_POINT('',#7137);
#2789=VERTEX_POINT('',#7141);
#2790=VERTEX_POINT('',#7145);
#2791=VERTEX_POINT('',#7149);
#2792=VERTEX_POINT('',#7153);
#2793=VERTEX_POINT('',#7157);
#2794=VERTEX_POINT('',#7159);
#2795=VERTEX_POINT('',#7161);
#2796=VERTEX_POINT('',#7163);
#2797=VERTEX_POINT('',#7166);
#2798=VERTEX_POINT('',#7167);
#2799=VERTEX_POINT('',#7169);
#2800=VERTEX_POINT('',#7173);
#2801=VERTEX_POINT('',#7175);
#2802=VERTEX_POINT('',#7177);
#2803=VERTEX_POINT('',#7179);
#2804=VERTEX_POINT('',#7181);
#2805=VERTEX_POINT('',#7184);
#2806=VERTEX_POINT('',#7185);
#2807=VERTEX_POINT('',#7187);
#2808=VERTEX_POINT('',#7189);
#2809=VERTEX_POINT('',#7191);
#2810=VERTEX_POINT('',#7193);
#2811=VERTEX_POINT('',#7195);
#2812=VERTEX_POINT('',#7197);
#2813=VERTEX_POINT('',#7199);
#2814=VERTEX_POINT('',#7201);
#2815=VERTEX_POINT('',#7203);
#2816=VERTEX_POINT('',#7205);
#2817=VERTEX_POINT('',#7209);
#2818=VERTEX_POINT('',#7213);
#2819=VERTEX_POINT('',#7215);
#2820=VERTEX_POINT('',#7217);
#2821=VERTEX_POINT('',#7221);
#2822=VERTEX_POINT('',#7225);
#2823=VERTEX_POINT('',#7227);
#2824=VERTEX_POINT('',#7229);
#2825=VERTEX_POINT('',#7231);
#2826=VERTEX_POINT('',#7233);
#2827=VERTEX_POINT('',#7235);
#2828=VERTEX_POINT('',#7237);
#2829=VERTEX_POINT('',#7241);
#2830=VERTEX_POINT('',#7246);
#2831=VERTEX_POINT('',#7247);
#2832=VERTEX_POINT('',#7249);
#2833=VERTEX_POINT('',#7251);
#2834=VERTEX_POINT('',#7254);
#2835=VERTEX_POINT('',#7255);
#2836=VERTEX_POINT('',#7257);
#2837=VERTEX_POINT('',#7259);
#2838=VERTEX_POINT('',#7262);
#2839=VERTEX_POINT('',#7263);
#2840=VERTEX_POINT('',#7265);
#2841=VERTEX_POINT('',#7269);
#2842=VERTEX_POINT('',#7273);
#2843=VERTEX_POINT('',#7275);
#2844=VERTEX_POINT('',#7277);
#2845=VERTEX_POINT('',#7281);
#2846=VERTEX_POINT('',#7285);
#2847=VERTEX_POINT('',#7289);
#2848=VERTEX_POINT('',#7293);
#2849=VERTEX_POINT('',#7297);
#2850=VERTEX_POINT('',#7299);
#2851=VERTEX_POINT('',#7301);
#2852=VERTEX_POINT('',#7303);
#2853=VERTEX_POINT('',#7305);
#2854=VERTEX_POINT('',#7309);
#2855=VERTEX_POINT('',#7313);
#2856=VERTEX_POINT('',#7315);
#2857=VERTEX_POINT('',#7317);
#2858=VERTEX_POINT('',#7321);
#2859=VERTEX_POINT('',#7325);
#2860=VERTEX_POINT('',#7329);
#2861=VERTEX_POINT('',#7330);
#2862=VERTEX_POINT('',#7332);
#2863=VERTEX_POINT('',#7334);
#2864=VERTEX_POINT('',#7337);
#2865=VERTEX_POINT('',#7338);
#2866=VERTEX_POINT('',#7340);
#2867=VERTEX_POINT('',#7344);
#2868=VERTEX_POINT('',#7348);
#2869=VERTEX_POINT('',#7350);
#2870=VERTEX_POINT('',#7352);
#2871=VERTEX_POINT('',#7354);
#2872=VERTEX_POINT('',#7356);
#2873=VERTEX_POINT('',#7358);
#2874=VERTEX_POINT('',#7360);
#2875=VERTEX_POINT('',#7364);
#2876=VERTEX_POINT('',#7368);
#2877=VERTEX_POINT('',#7370);
#2878=VERTEX_POINT('',#7372);
#2879=VERTEX_POINT('',#7376);
#2880=VERTEX_POINT('',#7380);
#2881=VERTEX_POINT('',#7382);
#2882=VERTEX_POINT('',#7384);
#2883=VERTEX_POINT('',#7386);
#2884=VERTEX_POINT('',#7388);
#2885=VERTEX_POINT('',#7390);
#2886=VERTEX_POINT('',#7392);
#2887=VERTEX_POINT('',#7394);
#2888=VERTEX_POINT('',#7396);
#2889=VERTEX_POINT('',#7401);
#2890=VERTEX_POINT('',#7402);
#2891=VERTEX_POINT('',#7406);
#2892=VERTEX_POINT('',#7408);
#2893=VERTEX_POINT('',#7410);
#2894=VERTEX_POINT('',#7412);
#2895=VERTEX_POINT('',#7414);
#2896=VERTEX_POINT('',#7418);
#2897=VERTEX_POINT('',#7422);
#2898=VERTEX_POINT('',#7426);
#2899=VERTEX_POINT('',#7430);
#2900=VERTEX_POINT('',#7434);
#2901=VERTEX_POINT('',#7438);
#2902=VERTEX_POINT('',#7440);
#2903=VERTEX_POINT('',#7442);
#2904=VERTEX_POINT('',#7444);
#2905=VERTEX_POINT('',#7446);
#2906=VERTEX_POINT('',#7450);
#2907=VERTEX_POINT('',#7455);
#2908=VERTEX_POINT('',#7456);
#2909=VERTEX_POINT('',#7458);
#2910=VERTEX_POINT('',#7460);
#2911=VERTEX_POINT('',#7463);
#2912=VERTEX_POINT('',#7464);
#2913=VERTEX_POINT('',#7466);
#2914=VERTEX_POINT('',#7468);
#2915=VERTEX_POINT('',#7471);
#2916=VERTEX_POINT('',#7472);
#2917=VERTEX_POINT('',#7474);
#2918=VERTEX_POINT('',#7476);
#2919=VERTEX_POINT('',#7479);
#2920=VERTEX_POINT('',#7480);
#2921=VERTEX_POINT('',#7484);
#2922=VERTEX_POINT('',#7488);
#2923=VERTEX_POINT('',#7492);
#2924=VERTEX_POINT('',#7494);
#2925=VERTEX_POINT('',#7498);
#2926=VERTEX_POINT('',#7500);
#2927=VERTEX_POINT('',#7502);
#2928=VERTEX_POINT('',#7504);
#2929=VERTEX_POINT('',#7508);
#2930=VERTEX_POINT('',#7510);
#2931=VERTEX_POINT('',#7512);
#2932=VERTEX_POINT('',#7517);
#2933=VERTEX_POINT('',#7518);
#2934=VERTEX_POINT('',#7520);
#2935=VERTEX_POINT('',#7522);
#2936=VERTEX_POINT('',#7524);
#2937=VERTEX_POINT('',#7526);
#2938=VERTEX_POINT('',#7528);
#2939=VERTEX_POINT('',#7532);
#2940=VERTEX_POINT('',#7536);
#2941=VERTEX_POINT('',#7538);
#2942=VERTEX_POINT('',#7540);
#2943=VERTEX_POINT('',#7542);
#2944=VERTEX_POINT('',#7544);
#2945=VERTEX_POINT('',#7546);
#2946=VERTEX_POINT('',#7551);
#2947=VERTEX_POINT('',#7552);
#2948=VERTEX_POINT('',#7554);
#2949=VERTEX_POINT('',#7557);
#2950=VERTEX_POINT('',#7558);
#2951=VERTEX_POINT('',#7560);
#2952=VERTEX_POINT('',#7563);
#2953=VERTEX_POINT('',#7564);
#2954=VERTEX_POINT('',#7566);
#2955=VERTEX_POINT('',#7569);
#2956=VERTEX_POINT('',#7570);
#2957=VERTEX_POINT('',#7572);
#2958=VERTEX_POINT('',#7575);
#2959=VERTEX_POINT('',#7576);
#2960=VERTEX_POINT('',#7578);
#2961=VERTEX_POINT('',#7581);
#2962=VERTEX_POINT('',#7582);
#2963=VERTEX_POINT('',#7584);
#2964=VERTEX_POINT('',#7587);
#2965=VERTEX_POINT('',#7588);
#2966=VERTEX_POINT('',#7590);
#2967=VERTEX_POINT('',#7593);
#2968=VERTEX_POINT('',#7594);
#2969=VERTEX_POINT('',#7596);
#2970=VERTEX_POINT('',#7598);
#2971=VERTEX_POINT('',#7601);
#2972=VERTEX_POINT('',#7602);
#2973=VERTEX_POINT('',#7604);
#2974=VERTEX_POINT('',#7606);
#2975=VERTEX_POINT('',#7608);
#2976=VERTEX_POINT('',#7611);
#2977=VERTEX_POINT('',#7612);
#2978=VERTEX_POINT('',#7614);
#2979=VERTEX_POINT('',#7616);
#2980=VERTEX_POINT('',#7618);
#2981=VERTEX_POINT('',#7621);
#2982=VERTEX_POINT('',#7622);
#2983=VERTEX_POINT('',#7624);
#2984=VERTEX_POINT('',#7626);
#2985=VERTEX_POINT('',#7629);
#2986=VERTEX_POINT('',#7630);
#2987=VERTEX_POINT('',#7632);
#2988=VERTEX_POINT('',#7635);
#2989=VERTEX_POINT('',#7636);
#2990=VERTEX_POINT('',#7638);
#2991=VERTEX_POINT('',#7641);
#2992=VERTEX_POINT('',#7642);
#2993=VERTEX_POINT('',#7644);
#2994=VERTEX_POINT('',#7647);
#2995=VERTEX_POINT('',#7648);
#2996=VERTEX_POINT('',#7650);
#2997=VERTEX_POINT('',#7652);
#2998=VERTEX_POINT('',#7655);
#2999=VERTEX_POINT('',#7656);
#3000=VERTEX_POINT('',#7658);
#3001=VERTEX_POINT('',#7660);
#3002=VERTEX_POINT('',#7662);
#3003=VERTEX_POINT('',#7666);
#3004=VERTEX_POINT('',#7668);
#3005=VERTEX_POINT('',#7670);
#3006=VERTEX_POINT('',#7674);
#3007=VERTEX_POINT('',#7676);
#3008=VERTEX_POINT('',#7678);
#3009=VERTEX_POINT('',#7681);
#3010=VERTEX_POINT('',#7682);
#3011=VERTEX_POINT('',#7684);
#3012=VERTEX_POINT('',#7686);
#3013=VERTEX_POINT('',#7688);
#3014=VERTEX_POINT('',#7690);
#3015=VERTEX_POINT('',#7692);
#3016=VERTEX_POINT('',#7694);
#3017=VERTEX_POINT('',#7696);
#3018=VERTEX_POINT('',#7698);
#3019=VERTEX_POINT('',#7700);
#3020=VERTEX_POINT('',#7702);
#3021=VERTEX_POINT('',#7705);
#3022=VERTEX_POINT('',#7706);
#3023=VERTEX_POINT('',#7708);
#3024=VERTEX_POINT('',#7710);
#3025=VERTEX_POINT('',#7712);
#3026=VERTEX_POINT('',#7714);
#3027=VERTEX_POINT('',#7716);
#3028=VERTEX_POINT('',#7718);
#3029=VERTEX_POINT('',#7721);
#3030=VERTEX_POINT('',#7722);
#3031=VERTEX_POINT('',#7724);
#3032=VERTEX_POINT('',#7726);
#3033=VERTEX_POINT('',#7728);
#3034=VERTEX_POINT('',#7730);
#3035=VERTEX_POINT('',#7732);
#3036=VERTEX_POINT('',#7735);
#3037=VERTEX_POINT('',#7736);
#3038=VERTEX_POINT('',#7738);
#3039=VERTEX_POINT('',#7742);
#3040=VERTEX_POINT('',#7746);
#3041=VERTEX_POINT('',#7748);
#3042=VERTEX_POINT('',#7750);
#3043=VERTEX_POINT('',#7752);
#3044=VERTEX_POINT('',#7754);
#3045=VERTEX_POINT('',#7756);
#3046=VERTEX_POINT('',#7758);
#3047=VERTEX_POINT('',#7762);
#3048=VERTEX_POINT('',#7766);
#3049=VERTEX_POINT('',#7768);
#3050=VERTEX_POINT('',#7770);
#3051=VERTEX_POINT('',#7774);
#3052=VERTEX_POINT('',#7778);
#3053=VERTEX_POINT('',#7780);
#3054=VERTEX_POINT('',#7782);
#3055=VERTEX_POINT('',#7784);
#3056=VERTEX_POINT('',#7786);
#3057=VERTEX_POINT('',#7788);
#3058=VERTEX_POINT('',#7790);
#3059=VERTEX_POINT('',#7792);
#3060=VERTEX_POINT('',#7794);
#3061=VERTEX_POINT('',#7797);
#3062=VERTEX_POINT('',#7798);
#3063=VERTEX_POINT('',#7800);
#3064=VERTEX_POINT('',#7802);
#3065=VERTEX_POINT('',#7804);
#3066=VERTEX_POINT('',#7808);
#3067=VERTEX_POINT('',#7810);
#3068=VERTEX_POINT('',#7812);
#3069=VERTEX_POINT('',#7814);
#3070=VERTEX_POINT('',#7816);
#3071=VERTEX_POINT('',#7818);
#3072=VERTEX_POINT('',#7820);
#3073=VERTEX_POINT('',#7822);
#3074=VERTEX_POINT('',#7824);
#3075=VERTEX_POINT('',#7826);
#3076=VERTEX_POINT('',#7829);
#3077=VERTEX_POINT('',#7830);
#3078=VERTEX_POINT('',#7832);
#3079=VERTEX_POINT('',#7834);
#3080=VERTEX_POINT('',#7836);
#3081=VERTEX_POINT('',#7838);
#3082=VERTEX_POINT('',#7840);
#3083=VERTEX_POINT('',#7842);
#3084=VERTEX_POINT('',#7847);
#3085=VERTEX_POINT('',#7848);
#3086=VERTEX_POINT('',#7850);
#3087=VERTEX_POINT('',#7852);
#3088=VERTEX_POINT('',#7855);
#3089=VERTEX_POINT('',#7856);
#3090=VERTEX_POINT('',#7858);
#3091=VERTEX_POINT('',#7860);
#3092=VERTEX_POINT('',#7864);
#3093=VERTEX_POINT('',#7868);
#3094=VERTEX_POINT('',#7870);
#3095=VERTEX_POINT('',#7872);
#3096=VERTEX_POINT('',#7876);
#3097=VERTEX_POINT('',#7880);
#3098=VERTEX_POINT('',#7882);
#3099=VERTEX_POINT('',#7884);
#3100=VERTEX_POINT('',#7886);
#3101=VERTEX_POINT('',#7888);
#3102=VERTEX_POINT('',#7892);
#3103=VERTEX_POINT('',#7896);
#3104=VERTEX_POINT('',#7900);
#3105=VERTEX_POINT('',#7904);
#3106=VERTEX_POINT('',#7908);
#3107=VERTEX_POINT('',#7910);
#3108=VERTEX_POINT('',#7912);
#3109=VERTEX_POINT('',#7916);
#3110=LINE('',#6735,#3628);
#3111=LINE('',#6738,#3629);
#3112=LINE('',#6740,#3630);
#3113=LINE('',#6742,#3631);
#3114=LINE('',#6743,#3632);
#3115=LINE('',#6746,#3633);
#3116=LINE('',#6748,#3634);
#3117=LINE('',#6749,#3635);
#3118=LINE('',#6752,#3636);
#3119=LINE('',#6754,#3637);
#3120=LINE('',#6755,#3638);
#3121=LINE('',#6758,#3639);
#3122=LINE('',#6760,#3640);
#3123=LINE('',#6761,#3641);
#3124=LINE('',#6764,#3642);
#3125=LINE('',#6766,#3643);
#3126=LINE('',#6768,#3644);
#3127=LINE('',#6769,#3645);
#3128=LINE('',#6772,#3646);
#3129=LINE('',#6774,#3647);
#3130=LINE('',#6776,#3648);
#3131=LINE('',#6778,#3649);
#3132=LINE('',#6779,#3650);
#3133=LINE('',#6782,#3651);
#3134=LINE('',#6784,#3652);
#3135=LINE('',#6786,#3653);
#3136=LINE('',#6788,#3654);
#3137=LINE('',#6789,#3655);
#3138=LINE('',#6792,#3656);
#3139=LINE('',#6794,#3657);
#3140=LINE('',#6796,#3658);
#3141=LINE('',#6797,#3659);
#3142=LINE('',#6800,#3660);
#3143=LINE('',#6802,#3661);
#3144=LINE('',#6803,#3662);
#3145=LINE('',#6806,#3663);
#3146=LINE('',#6808,#3664);
#3147=LINE('',#6809,#3665);
#3148=LINE('',#6812,#3666);
#3149=LINE('',#6814,#3667);
#3150=LINE('',#6815,#3668);
#3151=LINE('',#6818,#3669);
#3152=LINE('',#6820,#3670);
#3153=LINE('',#6821,#3671);
#3154=LINE('',#6824,#3672);
#3155=LINE('',#6826,#3673);
#3156=LINE('',#6827,#3674);
#3157=LINE('',#6830,#3675);
#3158=LINE('',#6832,#3676);
#3159=LINE('',#6833,#3677);
#3160=LINE('',#6836,#3678);
#3161=LINE('',#6838,#3679);
#3162=LINE('',#6854,#3680);
#3163=LINE('',#6864,#3681);
#3164=LINE('',#6882,#3682);
#3165=LINE('',#6896,#3683);
#3166=LINE('',#6904,#3684);
#3167=LINE('',#6914,#3685);
#3168=LINE('',#6916,#3686);
#3169=LINE('',#6918,#3687);
#3170=LINE('',#6930,#3688);
#3171=LINE('',#6952,#3689);
#3172=LINE('',#6961,#3690);
#3173=LINE('',#6964,#3691);
#3174=LINE('',#6966,#3692);
#3175=LINE('',#6968,#3693);
#3176=LINE('',#6970,#3694);
#3177=LINE('',#6972,#3695);
#3178=LINE('',#6974,#3696);
#3179=LINE('',#6976,#3697);
#3180=LINE('',#6977,#3698);
#3181=LINE('',#6980,#3699);
#3182=LINE('',#6982,#3700);
#3183=LINE('',#6984,#3701);
#3184=LINE('',#6985,#3702);
#3185=LINE('',#6988,#3703);
#3186=LINE('',#6990,#3704);
#3187=LINE('',#6992,#3705);
#3188=LINE('',#6994,#3706);
#3189=LINE('',#6996,#3707);
#3190=LINE('',#6998,#3708);
#3191=LINE('',#6999,#3709);
#3192=LINE('',#7002,#3710);
#3193=LINE('',#7004,#3711);
#3194=LINE('',#7006,#3712);
#3195=LINE('',#7010,#3713);
#3196=LINE('',#7012,#3714);
#3197=LINE('',#7014,#3715);
#3198=LINE('',#7020,#3716);
#3199=LINE('',#7022,#3717);
#3200=LINE('',#7024,#3718);
#3201=LINE('',#7050,#3719);
#3202=LINE('',#7052,#3720);
#3203=LINE('',#7054,#3721);
#3204=LINE('',#7069,#3722);
#3205=LINE('',#7072,#3723);
#3206=LINE('',#7074,#3724);
#3207=LINE('',#7076,#3725);
#3208=LINE('',#7077,#3726);
#3209=LINE('',#7080,#3727);
#3210=LINE('',#7082,#3728);
#3211=LINE('',#7092,#3729);
#3212=LINE('',#7094,#3730);
#3213=LINE('',#7106,#3731);
#3214=LINE('',#7108,#3732);
#3215=LINE('',#7130,#3733);
#3216=LINE('',#7160,#3734);
#3217=LINE('',#7168,#3735);
#3218=LINE('',#7176,#3736);
#3219=LINE('',#7178,#3737);
#3220=LINE('',#7180,#3738);
#3221=LINE('',#7186,#3739);
#3222=LINE('',#7188,#3740);
#3223=LINE('',#7190,#3741);
#3224=LINE('',#7196,#3742);
#3225=LINE('',#7198,#3743);
#3226=LINE('',#7200,#3744);
#3227=LINE('',#7226,#3745);
#3228=LINE('',#7228,#3746);
#3229=LINE('',#7230,#3747);
#3230=LINE('',#7245,#3748);
#3231=LINE('',#7248,#3749);
#3232=LINE('',#7250,#3750);
#3233=LINE('',#7252,#3751);
#3234=LINE('',#7253,#3752);
#3235=LINE('',#7256,#3753);
#3236=LINE('',#7258,#3754);
#3237=LINE('',#7260,#3755);
#3238=LINE('',#7261,#3756);
#3239=LINE('',#7264,#3757);
#3240=LINE('',#7300,#3758);
#3241=LINE('',#7302,#3759);
#3242=LINE('',#7304,#3760);
#3243=LINE('',#7326,#3761);
#3244=LINE('',#7328,#3762);
#3245=LINE('',#7331,#3763);
#3246=LINE('',#7333,#3764);
#3247=LINE('',#7335,#3765);
#3248=LINE('',#7336,#3766);
#3249=LINE('',#7355,#3767);
#3250=LINE('',#7357,#3768);
#3251=LINE('',#7359,#3769);
#3252=LINE('',#7385,#3770);
#3253=LINE('',#7387,#3771);
#3254=LINE('',#7389,#3772);
#3255=LINE('',#7395,#3773);
#3256=LINE('',#7397,#3774);
#3257=LINE('',#7411,#3775);
#3258=LINE('',#7441,#3776);
#3259=LINE('',#7454,#3777);
#3260=LINE('',#7457,#3778);
#3261=LINE('',#7459,#3779);
#3262=LINE('',#7461,#3780);
#3263=LINE('',#7462,#3781);
#3264=LINE('',#7465,#3782);
#3265=LINE('',#7467,#3783);
#3266=LINE('',#7469,#3784);
#3267=LINE('',#7470,#3785);
#3268=LINE('',#7473,#3786);
#3269=LINE('',#7475,#3787);
#3270=LINE('',#7477,#3788);
#3271=LINE('',#7478,#3789);
#3272=LINE('',#7493,#3790);
#3273=LINE('',#7525,#3791);
#3274=LINE('',#7539,#3792);
#3275=LINE('',#7550,#3793);
#3276=LINE('',#7553,#3794);
#3277=LINE('',#7555,#3795);
#3278=LINE('',#7556,#3796);
#3279=LINE('',#7559,#3797);
#3280=LINE('',#7561,#3798);
#3281=LINE('',#7562,#3799);
#3282=LINE('',#7565,#3800);
#3283=LINE('',#7567,#3801);
#3284=LINE('',#7568,#3802);
#3285=LINE('',#7571,#3803);
#3286=LINE('',#7573,#3804);
#3287=LINE('',#7574,#3805);
#3288=LINE('',#7577,#3806);
#3289=LINE('',#7579,#3807);
#3290=LINE('',#7580,#3808);
#3291=LINE('',#7583,#3809);
#3292=LINE('',#7585,#3810);
#3293=LINE('',#7586,#3811);
#3294=LINE('',#7589,#3812);
#3295=LINE('',#7591,#3813);
#3296=LINE('',#7592,#3814);
#3297=LINE('',#7595,#3815);
#3298=LINE('',#7597,#3816);
#3299=LINE('',#7599,#3817);
#3300=LINE('',#7600,#3818);
#3301=LINE('',#7603,#3819);
#3302=LINE('',#7605,#3820);
#3303=LINE('',#7607,#3821);
#3304=LINE('',#7609,#3822);
#3305=LINE('',#7610,#3823);
#3306=LINE('',#7613,#3824);
#3307=LINE('',#7615,#3825);
#3308=LINE('',#7617,#3826);
#3309=LINE('',#7619,#3827);
#3310=LINE('',#7620,#3828);
#3311=LINE('',#7623,#3829);
#3312=LINE('',#7625,#3830);
#3313=LINE('',#7627,#3831);
#3314=LINE('',#7628,#3832);
#3315=LINE('',#7631,#3833);
#3316=LINE('',#7633,#3834);
#3317=LINE('',#7634,#3835);
#3318=LINE('',#7637,#3836);
#3319=LINE('',#7639,#3837);
#3320=LINE('',#7640,#3838);
#3321=LINE('',#7643,#3839);
#3322=LINE('',#7645,#3840);
#3323=LINE('',#7646,#3841);
#3324=LINE('',#7649,#3842);
#3325=LINE('',#7651,#3843);
#3326=LINE('',#7653,#3844);
#3327=LINE('',#7659,#3845);
#3328=LINE('',#7669,#3846);
#3329=LINE('',#7680,#3847);
#3330=LINE('',#7691,#3848);
#3331=LINE('',#7693,#3849);
#3332=LINE('',#7695,#3850);
#3333=LINE('',#7704,#3851);
#3334=LINE('',#7707,#3852);
#3335=LINE('',#7709,#3853);
#3336=LINE('',#7711,#3854);
#3337=LINE('',#7713,#3855);
#3338=LINE('',#7715,#3856);
#3339=LINE('',#7717,#3857);
#3340=LINE('',#7719,#3858);
#3341=LINE('',#7720,#3859);
#3342=LINE('',#7723,#3860);
#3343=LINE('',#7725,#3861);
#3344=LINE('',#7727,#3862);
#3345=LINE('',#7729,#3863);
#3346=LINE('',#7731,#3864);
#3347=LINE('',#7733,#3865);
#3348=LINE('',#7734,#3866);
#3349=LINE('',#7753,#3867);
#3350=LINE('',#7755,#3868);
#3351=LINE('',#7757,#3869);
#3352=LINE('',#7783,#3870);
#3353=LINE('',#7785,#3871);
#3354=LINE('',#7787,#3872);
#3355=LINE('',#7793,#3873);
#3356=LINE('',#7795,#3874);
#3357=LINE('',#7796,#3875);
#3358=LINE('',#7799,#3876);
#3359=LINE('',#7801,#3877);
#3360=LINE('',#7803,#3878);
#3361=LINE('',#7815,#3879);
#3362=LINE('',#7817,#3880);
#3363=LINE('',#7827,#3881);
#3364=LINE('',#7828,#3882);
#3365=LINE('',#7835,#3883);
#3366=LINE('',#7837,#3884);
#3367=LINE('',#7839,#3885);
#3368=LINE('',#7846,#3886);
#3369=LINE('',#7849,#3887);
#3370=LINE('',#7851,#3888);
#3371=LINE('',#7853,#3889);
#3372=LINE('',#7854,#3890);
#3373=LINE('',#7857,#3891);
#3374=LINE('',#7859,#3892);
#3375=LINE('',#7881,#3893);
#3376=LINE('',#7883,#3894);
#3377=LINE('',#7885,#3895);
#3378=LINE('',#7921,#3896);
#3379=LINE('',#7922,#3897);
#3380=LINE('',#7924,#3898);
#3381=LINE('',#7926,#3899);
#3382=LINE('',#7927,#3900);
#3383=LINE('',#7929,#3901);
#3384=LINE('',#7931,#3902);
#3385=LINE('',#7932,#3903);
#3386=LINE('',#7934,#3904);
#3387=LINE('',#7936,#3905);
#3388=LINE('',#7937,#3906);
#3389=LINE('',#7939,#3907);
#3390=LINE('',#7941,#3908);
#3391=LINE('',#7942,#3909);
#3392=LINE('',#7944,#3910);
#3393=LINE('',#7946,#3911);
#3394=LINE('',#7947,#3912);
#3395=LINE('',#7949,#3913);
#3396=LINE('',#7951,#3914);
#3397=LINE('',#7952,#3915);
#3398=LINE('',#7954,#3916);
#3399=LINE('',#7956,#3917);
#3400=LINE('',#7957,#3918);
#3401=LINE('',#7959,#3919);
#3402=LINE('',#7961,#3920);
#3403=LINE('',#7963,#3921);
#3404=LINE('',#7964,#3922);
#3405=LINE('',#7966,#3923);
#3406=LINE('',#7968,#3924);
#3407=LINE('',#7970,#3925);
#3408=LINE('',#7972,#3926);
#3409=LINE('',#7973,#3927);
#3410=LINE('',#7975,#3928);
#3411=LINE('',#7977,#3929);
#3412=LINE('',#7979,#3930);
#3413=LINE('',#7981,#3931);
#3414=LINE('',#7982,#3932);
#3415=LINE('',#7984,#3933);
#3416=LINE('',#7986,#3934);
#3417=LINE('',#7988,#3935);
#3418=LINE('',#7989,#3936);
#3419=LINE('',#7991,#3937);
#3420=LINE('',#7993,#3938);
#3421=LINE('',#7994,#3939);
#3422=LINE('',#7996,#3940);
#3423=LINE('',#7998,#3941);
#3424=LINE('',#7999,#3942);
#3425=LINE('',#8001,#3943);
#3426=LINE('',#8003,#3944);
#3427=LINE('',#8004,#3945);
#3428=LINE('',#8006,#3946);
#3429=LINE('',#8008,#3947);
#3430=LINE('',#8025,#3948);
#3431=LINE('',#8026,#3949);
#3432=LINE('',#8028,#3950);
#3433=LINE('',#8030,#3951);
#3434=LINE('',#8039,#3952);
#3435=LINE('',#8041,#3953);
#3436=LINE('',#8043,#3954);
#3437=LINE('',#8052,#3955);
#3438=LINE('',#8054,#3956);
#3439=LINE('',#8056,#3957);
#3440=LINE('',#8058,#3958);
#3441=LINE('',#8061,#3959);
#3442=LINE('',#8062,#3960);
#3443=LINE('',#8064,#3961);
#3444=LINE('',#8073,#3962);
#3445=LINE('',#8075,#3963);
#3446=LINE('',#8077,#3964);
#3447=LINE('',#8079,#3965);
#3448=LINE('',#8088,#3966);
#3449=LINE('',#8097,#3967);
#3450=LINE('',#8099,#3968);
#3451=LINE('',#8101,#3969);
#3452=LINE('',#8103,#3970);
#3453=LINE('',#8105,#3971);
#3454=LINE('',#8107,#3972);
#3455=LINE('',#8117,#3973);
#3456=LINE('',#8118,#3974);
#3457=LINE('',#8120,#3975);
#3458=LINE('',#8122,#3976);
#3459=LINE('',#8124,#3977);
#3460=LINE('',#8126,#3978);
#3461=LINE('',#8128,#3979);
#3462=LINE('',#8130,#3980);
#3463=LINE('',#8132,#3981);
#3464=LINE('',#8134,#3982);
#3465=LINE('',#8136,#3983);
#3466=LINE('',#8138,#3984);
#3467=LINE('',#8141,#3985);
#3468=LINE('',#8142,#3986);
#3469=LINE('',#8144,#3987);
#3470=LINE('',#8146,#3988);
#3471=LINE('',#8155,#3989);
#3472=LINE('',#8157,#3990);
#3473=LINE('',#8159,#3991);
#3474=LINE('',#8161,#3992);
#3475=LINE('',#8170,#3993);
#3476=LINE('',#8172,#3994);
#3477=LINE('',#8181,#3995);
#3478=LINE('',#8190,#3996);
#3479=LINE('',#8199,#3997);
#3480=LINE('',#8202,#3998);
#3481=LINE('',#8203,#3999);
#3482=LINE('',#8205,#4000);
#3483=LINE('',#8207,#4001);
#3484=LINE('',#8209,#4002);
#3485=LINE('',#8211,#4003);
#3486=LINE('',#8213,#4004);
#3487=LINE('',#8215,#4005);
#3488=LINE('',#8218,#4006);
#3489=LINE('',#8219,#4007);
#3490=LINE('',#8221,#4008);
#3491=LINE('',#8223,#4009);
#3492=LINE('',#8226,#4010);
#3493=LINE('',#8227,#4011);
#3494=LINE('',#8229,#4012);
#3495=LINE('',#8231,#4013);
#3496=LINE('',#8233,#4014);
#3497=LINE('',#8235,#4015);
#3498=LINE('',#8237,#4016);
#3499=LINE('',#8240,#4017);
#3500=LINE('',#8241,#4018);
#3501=LINE('',#8243,#4019);
#3502=LINE('',#8245,#4020);
#3503=LINE('',#8248,#4021);
#3504=LINE('',#8249,#4022);
#3505=LINE('',#8251,#4023);
#3506=LINE('',#8253,#4024);
#3507=LINE('',#8255,#4025);
#3508=LINE('',#8257,#4026);
#3509=LINE('',#8259,#4027);
#3510=LINE('',#8261,#4028);
#3511=LINE('',#8263,#4029);
#3512=LINE('',#8265,#4030);
#3513=LINE('',#8274,#4031);
#3514=LINE('',#8283,#4032);
#3515=LINE('',#8285,#4033);
#3516=LINE('',#8287,#4034);
#3517=LINE('',#8296,#4035);
#3518=LINE('',#8305,#4036);
#3519=LINE('',#8307,#4037);
#3520=LINE('',#8309,#4038);
#3521=LINE('',#8311,#4039);
#3522=LINE('',#8313,#4040);
#3523=LINE('',#8315,#4041);
#3524=LINE('',#8317,#4042);
#3525=LINE('',#8326,#4043);
#3526=LINE('',#8335,#4044);
#3527=LINE('',#8337,#4045);
#3528=LINE('',#8340,#4046);
#3529=LINE('',#8341,#4047);
#3530=LINE('',#8343,#4048);
#3531=LINE('',#8345,#4049);
#3532=LINE('',#8348,#4050);
#3533=LINE('',#8349,#4051);
#3534=LINE('',#8351,#4052);
#3535=LINE('',#8353,#4053);
#3536=LINE('',#8355,#4054);
#3537=LINE('',#8357,#4055);
#3538=LINE('',#8359,#4056);
#3539=LINE('',#8361,#4057);
#3540=LINE('',#8363,#4058);
#3541=LINE('',#8365,#4059);
#3542=LINE('',#8367,#4060);
#3543=LINE('',#8376,#4061);
#3544=LINE('',#8378,#4062);
#3545=LINE('',#8380,#4063);
#3546=LINE('',#8382,#4064);
#3547=LINE('',#8392,#4065);
#3548=LINE('',#8393,#4066);
#3549=LINE('',#8395,#4067);
#3550=LINE('',#8404,#4068);
#3551=LINE('',#8406,#4069);
#3552=LINE('',#8408,#4070);
#3553=LINE('',#8410,#4071);
#3554=LINE('',#8419,#4072);
#3555=LINE('',#8428,#4073);
#3556=LINE('',#8437,#4074);
#3557=LINE('',#8446,#4075);
#3558=LINE('',#8455,#4076);
#3559=LINE('',#8464,#4077);
#3560=LINE('',#8466,#4078);
#3561=LINE('',#8468,#4079);
#3562=LINE('',#8470,#4080);
#3563=LINE('',#8472,#4081);
#3564=LINE('',#8481,#4082);
#3565=LINE('',#8491,#4083);
#3566=LINE('',#8492,#4084);
#3567=LINE('',#8494,#4085);
#3568=LINE('',#8503,#4086);
#3569=LINE('',#8505,#4087);
#3570=LINE('',#8507,#4088);
#3571=LINE('',#8509,#4089);
#3572=LINE('',#8511,#4090);
#3573=LINE('',#8514,#4091);
#3574=LINE('',#8515,#4092);
#3575=LINE('',#8517,#4093);
#3576=LINE('',#8519,#4094);
#3577=LINE('',#8521,#4095);
#3578=LINE('',#8523,#4096);
#3579=LINE('',#8525,#4097);
#3580=LINE('',#8527,#4098);
#3581=LINE('',#8529,#4099);
#3582=LINE('',#8531,#4100);
#3583=LINE('',#8540,#4101);
#3584=LINE('',#8549,#4102);
#3585=LINE('',#8551,#4103);
#3586=LINE('',#8553,#4104);
#3587=LINE('',#8562,#4105);
#3588=LINE('',#8571,#4106);
#3589=LINE('',#8573,#4107);
#3590=LINE('',#8575,#4108);
#3591=LINE('',#8577,#4109);
#3592=LINE('',#8579,#4110);
#3593=LINE('',#8581,#4111);
#3594=LINE('',#8583,#4112);
#3595=LINE('',#8592,#4113);
#3596=LINE('',#8601,#4114);
#3597=LINE('',#8603,#4115);
#3598=LINE('',#8606,#4116);
#3599=LINE('',#8607,#4117);
#3600=LINE('',#8609,#4118);
#3601=LINE('',#8611,#4119);
#3602=LINE('',#8614,#4120);
#3603=LINE('',#8615,#4121);
#3604=LINE('',#8617,#4122);
#3605=LINE('',#8619,#4123);
#3606=LINE('',#8629,#4124);
#3607=LINE('',#8630,#4125);
#3608=LINE('',#8632,#4126);
#3609=LINE('',#8641,#4127);
#3610=LINE('',#8643,#4128);
#3611=LINE('',#8652,#4129);
#3612=LINE('',#8661,#4130);
#3613=LINE('',#8670,#4131);
#3614=LINE('',#8679,#4132);
#3615=LINE('',#8688,#4133);
#3616=LINE('',#8690,#4134);
#3617=LINE('',#8692,#4135);
#3618=LINE('',#8694,#4136);
#3619=LINE('',#8696,#4137);
#3620=LINE('',#8705,#4138);
#3621=LINE('',#8714,#4139);
#3622=LINE('',#8716,#4140);
#3623=LINE('',#8718,#4141);
#3624=LINE('',#8727,#4142);
#3625=LINE('',#8736,#4143);
#3626=LINE('',#8738,#4144);
#3627=LINE('',#8740,#4145);
#3628=VECTOR('',#5525,1.);
#3629=VECTOR('',#5526,1.);
#3630=VECTOR('',#5527,1.);
#3631=VECTOR('',#5528,1.);
#3632=VECTOR('',#5529,1.);
#3633=VECTOR('',#5530,1.);
#3634=VECTOR('',#5531,1.);
#3635=VECTOR('',#5532,1.);
#3636=VECTOR('',#5533,1.);
#3637=VECTOR('',#5534,1.);
#3638=VECTOR('',#5535,1.);
#3639=VECTOR('',#5536,1.);
#3640=VECTOR('',#5537,1.);
#3641=VECTOR('',#5538,1.);
#3642=VECTOR('',#5539,1.);
#3643=VECTOR('',#5540,1.);
#3644=VECTOR('',#5541,1.);
#3645=VECTOR('',#5542,1.);
#3646=VECTOR('',#5543,1.);
#3647=VECTOR('',#5544,1.);
#3648=VECTOR('',#5545,1.);
#3649=VECTOR('',#5546,1.);
#3650=VECTOR('',#5547,1.);
#3651=VECTOR('',#5548,1.);
#3652=VECTOR('',#5549,1.);
#3653=VECTOR('',#5550,1.);
#3654=VECTOR('',#5551,1.);
#3655=VECTOR('',#5552,1.);
#3656=VECTOR('',#5553,1.);
#3657=VECTOR('',#5554,1.);
#3658=VECTOR('',#5555,1.);
#3659=VECTOR('',#5556,1.);
#3660=VECTOR('',#5557,1.);
#3661=VECTOR('',#5558,1.);
#3662=VECTOR('',#5559,1.);
#3663=VECTOR('',#5560,1.);
#3664=VECTOR('',#5561,1.);
#3665=VECTOR('',#5562,1.);
#3666=VECTOR('',#5563,1.);
#3667=VECTOR('',#5564,1.);
#3668=VECTOR('',#5565,1.);
#3669=VECTOR('',#5566,1.);
#3670=VECTOR('',#5567,1.);
#3671=VECTOR('',#5568,1.);
#3672=VECTOR('',#5569,1.);
#3673=VECTOR('',#5570,1.);
#3674=VECTOR('',#5571,1.);
#3675=VECTOR('',#5572,1.);
#3676=VECTOR('',#5573,1.);
#3677=VECTOR('',#5574,1.);
#3678=VECTOR('',#5575,1.);
#3679=VECTOR('',#5576,1.);
#3680=VECTOR('',#5587,1.);
#3681=VECTOR('',#5592,1.);
#3682=VECTOR('',#5601,1.);
#3683=VECTOR('',#5606,1.);
#3684=VECTOR('',#5613,1.);
#3685=VECTOR('',#5622,1.);
#3686=VECTOR('',#5623,1.);
#3687=VECTOR('',#5624,1.);
#3688=VECTOR('',#5631,1.);
#3689=VECTOR('',#5644,1.);
#3690=VECTOR('',#5645,1.);
#3691=VECTOR('',#5646,1.);
#3692=VECTOR('',#5647,1.);
#3693=VECTOR('',#5648,1.);
#3694=VECTOR('',#5649,1.);
#3695=VECTOR('',#5650,1.);
#3696=VECTOR('',#5651,1.);
#3697=VECTOR('',#5652,1.);
#3698=VECTOR('',#5653,1.);
#3699=VECTOR('',#5654,1.);
#3700=VECTOR('',#5655,1.);
#3701=VECTOR('',#5656,1.);
#3702=VECTOR('',#5657,1.);
#3703=VECTOR('',#5658,1.);
#3704=VECTOR('',#5659,1.);
#3705=VECTOR('',#5660,1.);
#3706=VECTOR('',#5661,1.);
#3707=VECTOR('',#5662,1.);
#3708=VECTOR('',#5663,1.);
#3709=VECTOR('',#5664,1.);
#3710=VECTOR('',#5665,1.);
#3711=VECTOR('',#5666,1.);
#3712=VECTOR('',#5667,1.);
#3713=VECTOR('',#5670,1.);
#3714=VECTOR('',#5671,1.);
#3715=VECTOR('',#5672,1.);
#3716=VECTOR('',#5677,1.);
#3717=VECTOR('',#5678,1.);
#3718=VECTOR('',#5679,1.);
#3719=VECTOR('',#5688,1.);
#3720=VECTOR('',#5689,1.);
#3721=VECTOR('',#5690,1.);
#3722=VECTOR('',#5697,1.);
#3723=VECTOR('',#5698,1.);
#3724=VECTOR('',#5699,1.);
#3725=VECTOR('',#5700,1.);
#3726=VECTOR('',#5701,1.);
#3727=VECTOR('',#5702,1.);
#3728=VECTOR('',#5703,1.);
#3729=VECTOR('',#5712,1.);
#3730=VECTOR('',#5713,1.);
#3731=VECTOR('',#5720,1.);
#3732=VECTOR('',#5721,1.);
#3733=VECTOR('',#5726,1.);
#3734=VECTOR('',#5731,1.);
#3735=VECTOR('',#5738,1.);
#3736=VECTOR('',#5741,1.);
#3737=VECTOR('',#5742,1.);
#3738=VECTOR('',#5743,1.);
#3739=VECTOR('',#5748,1.);
#3740=VECTOR('',#5749,1.);
#3741=VECTOR('',#5750,1.);
#3742=VECTOR('',#5755,1.);
#3743=VECTOR('',#5756,1.);
#3744=VECTOR('',#5757,1.);
#3745=VECTOR('',#5766,1.);
#3746=VECTOR('',#5767,1.);
#3747=VECTOR('',#5768,1.);
#3748=VECTOR('',#5775,1.);
#3749=VECTOR('',#5776,1.);
#3750=VECTOR('',#5777,1.);
#3751=VECTOR('',#5778,1.);
#3752=VECTOR('',#5779,1.);
#3753=VECTOR('',#5780,1.);
#3754=VECTOR('',#5781,1.);
#3755=VECTOR('',#5782,1.);
#3756=VECTOR('',#5783,1.);
#3757=VECTOR('',#5784,1.);
#3758=VECTOR('',#5791,1.);
#3759=VECTOR('',#5792,1.);
#3760=VECTOR('',#5793,1.);
#3761=VECTOR('',#5798,1.);
#3762=VECTOR('',#5801,1.);
#3763=VECTOR('',#5802,1.);
#3764=VECTOR('',#5803,1.);
#3765=VECTOR('',#5804,1.);
#3766=VECTOR('',#5805,1.);
#3767=VECTOR('',#5814,1.);
#3768=VECTOR('',#5815,1.);
#3769=VECTOR('',#5816,1.);
#3770=VECTOR('',#5825,1.);
#3771=VECTOR('',#5826,1.);
#3772=VECTOR('',#5827,1.);
#3773=VECTOR('',#5832,1.);
#3774=VECTOR('',#5833,1.);
#3775=VECTOR('',#5838,1.);
#3776=VECTOR('',#5843,1.);
#3777=VECTOR('',#5848,1.);
#3778=VECTOR('',#5849,1.);
#3779=VECTOR('',#5850,1.);
#3780=VECTOR('',#5851,1.);
#3781=VECTOR('',#5852,1.);
#3782=VECTOR('',#5853,1.);
#3783=VECTOR('',#5854,1.);
#3784=VECTOR('',#5855,1.);
#3785=VECTOR('',#5856,1.);
#3786=VECTOR('',#5857,1.);
#3787=VECTOR('',#5858,1.);
#3788=VECTOR('',#5859,1.);
#3789=VECTOR('',#5860,1.);
#3790=VECTOR('',#5861,1.);
#3791=VECTOR('',#5880,1.);
#3792=VECTOR('',#5885,1.);
#3793=VECTOR('',#5892,1.);
#3794=VECTOR('',#5893,1.);
#3795=VECTOR('',#5894,1.);
#3796=VECTOR('',#5895,1.);
#3797=VECTOR('',#5896,1.);
#3798=VECTOR('',#5897,1.);
#3799=VECTOR('',#5898,1.);
#3800=VECTOR('',#5899,1.);
#3801=VECTOR('',#5900,1.);
#3802=VECTOR('',#5901,1.);
#3803=VECTOR('',#5902,1.);
#3804=VECTOR('',#5903,1.);
#3805=VECTOR('',#5904,1.);
#3806=VECTOR('',#5905,1.);
#3807=VECTOR('',#5906,1.);
#3808=VECTOR('',#5907,1.);
#3809=VECTOR('',#5908,1.);
#3810=VECTOR('',#5909,1.);
#3811=VECTOR('',#5910,1.);
#3812=VECTOR('',#5911,1.);
#3813=VECTOR('',#5912,1.);
#3814=VECTOR('',#5913,1.);
#3815=VECTOR('',#5914,1.);
#3816=VECTOR('',#5915,1.);
#3817=VECTOR('',#5916,1.);
#3818=VECTOR('',#5917,1.);
#3819=VECTOR('',#5918,1.);
#3820=VECTOR('',#5919,1.);
#3821=VECTOR('',#5920,1.);
#3822=VECTOR('',#5921,1.);
#3823=VECTOR('',#5922,1.);
#3824=VECTOR('',#5923,1.);
#3825=VECTOR('',#5924,1.);
#3826=VECTOR('',#5925,1.);
#3827=VECTOR('',#5926,1.);
#3828=VECTOR('',#5927,1.);
#3829=VECTOR('',#5928,1.);
#3830=VECTOR('',#5929,1.);
#3831=VECTOR('',#5930,1.);
#3832=VECTOR('',#5931,1.);
#3833=VECTOR('',#5932,1.);
#3834=VECTOR('',#5933,1.);
#3835=VECTOR('',#5934,1.);
#3836=VECTOR('',#5935,1.);
#3837=VECTOR('',#5936,1.);
#3838=VECTOR('',#5937,1.);
#3839=VECTOR('',#5938,1.);
#3840=VECTOR('',#5939,1.);
#3841=VECTOR('',#5940,1.);
#3842=VECTOR('',#5941,1.);
#3843=VECTOR('',#5942,1.);
#3844=VECTOR('',#5943,1.);
#3845=VECTOR('',#5948,1.);
#3846=VECTOR('',#5953,1.);
#3847=VECTOR('',#5960,1.);
#3848=VECTOR('',#5969,1.);
#3849=VECTOR('',#5970,1.);
#3850=VECTOR('',#5971,1.);
#3851=VECTOR('',#5980,1.);
#3852=VECTOR('',#5981,1.);
#3853=VECTOR('',#5982,1.);
#3854=VECTOR('',#5983,1.);
#3855=VECTOR('',#5984,1.);
#3856=VECTOR('',#5985,1.);
#3857=VECTOR('',#5986,1.);
#3858=VECTOR('',#5987,1.);
#3859=VECTOR('',#5988,1.);
#3860=VECTOR('',#5989,1.);
#3861=VECTOR('',#5990,1.);
#3862=VECTOR('',#5991,1.);
#3863=VECTOR('',#5992,1.);
#3864=VECTOR('',#5993,1.);
#3865=VECTOR('',#5994,1.);
#3866=VECTOR('',#5995,1.);
#3867=VECTOR('',#6004,1.);
#3868=VECTOR('',#6005,1.);
#3869=VECTOR('',#6006,1.);
#3870=VECTOR('',#6015,1.);
#3871=VECTOR('',#6016,1.);
#3872=VECTOR('',#6017,1.);
#3873=VECTOR('',#6022,1.);
#3874=VECTOR('',#6023,1.);
#3875=VECTOR('',#6024,1.);
#3876=VECTOR('',#6025,1.);
#3877=VECTOR('',#6026,1.);
#3878=VECTOR('',#6027,1.);
#3879=VECTOR('',#6034,1.);
#3880=VECTOR('',#6035,1.);
#3881=VECTOR('',#6044,1.);
#3882=VECTOR('',#6045,1.);
#3883=VECTOR('',#6050,1.);
#3884=VECTOR('',#6051,1.);
#3885=VECTOR('',#6052,1.);
#3886=VECTOR('',#6055,1.);
#3887=VECTOR('',#6056,1.);
#3888=VECTOR('',#6057,1.);
#3889=VECTOR('',#6058,1.);
#3890=VECTOR('',#6059,1.);
#3891=VECTOR('',#6060,1.);
#3892=VECTOR('',#6061,1.);
#3893=VECTOR('',#6066,1.);
#3894=VECTOR('',#6067,1.);
#3895=VECTOR('',#6068,1.);
#3896=VECTOR('',#6077,1.);
#3897=VECTOR('',#6078,1.);
#3898=VECTOR('',#6081,1.);
#3899=VECTOR('',#6084,1.);
#3900=VECTOR('',#6085,1.);
#3901=VECTOR('',#6088,1.);
#3902=VECTOR('',#6091,1.);
#3903=VECTOR('',#6092,1.);
#3904=VECTOR('',#6095,1.);
#3905=VECTOR('',#6098,1.);
#3906=VECTOR('',#6099,1.);
#3907=VECTOR('',#6102,1.);
#3908=VECTOR('',#6105,1.);
#3909=VECTOR('',#6106,1.);
#3910=VECTOR('',#6109,1.);
#3911=VECTOR('',#6112,1.);
#3912=VECTOR('',#6113,1.);
#3913=VECTOR('',#6116,1.);
#3914=VECTOR('',#6119,1.);
#3915=VECTOR('',#6120,1.);
#3916=VECTOR('',#6123,1.);
#3917=VECTOR('',#6126,1.);
#3918=VECTOR('',#6127,1.);
#3919=VECTOR('',#6130,1.);
#3920=VECTOR('',#6133,1.);
#3921=VECTOR('',#6136,1.);
#3922=VECTOR('',#6137,1.);
#3923=VECTOR('',#6140,1.);
#3924=VECTOR('',#6143,1.);
#3925=VECTOR('',#6146,1.);
#3926=VECTOR('',#6149,1.);
#3927=VECTOR('',#6150,1.);
#3928=VECTOR('',#6153,1.);
#3929=VECTOR('',#6156,1.);
#3930=VECTOR('',#6159,1.);
#3931=VECTOR('',#6162,1.);
#3932=VECTOR('',#6163,1.);
#3933=VECTOR('',#6166,1.);
#3934=VECTOR('',#6169,1.);
#3935=VECTOR('',#6172,1.);
#3936=VECTOR('',#6173,1.);
#3937=VECTOR('',#6176,1.);
#3938=VECTOR('',#6179,1.);
#3939=VECTOR('',#6180,1.);
#3940=VECTOR('',#6183,1.);
#3941=VECTOR('',#6186,1.);
#3942=VECTOR('',#6187,1.);
#3943=VECTOR('',#6190,1.);
#3944=VECTOR('',#6193,1.);
#3945=VECTOR('',#6194,1.);
#3946=VECTOR('',#6197,1.);
#3947=VECTOR('',#6200,1.);
#3948=VECTOR('',#6233,1.);
#3949=VECTOR('',#6234,1.);
#3950=VECTOR('',#6237,1.);
#3951=VECTOR('',#6240,1.);
#3952=VECTOR('',#6241,1.);
#3953=VECTOR('',#6244,1.);
#3954=VECTOR('',#6247,1.);
#3955=VECTOR('',#6248,1.);
#3956=VECTOR('',#6251,1.);
#3957=VECTOR('',#6254,1.);
#3958=VECTOR('',#6257,1.);
#3959=VECTOR('',#6262,1.);
#3960=VECTOR('',#6263,1.);
#3961=VECTOR('',#6266,1.);
#3962=VECTOR('',#6267,1.);
#3963=VECTOR('',#6270,1.);
#3964=VECTOR('',#6273,1.);
#3965=VECTOR('',#6276,1.);
#3966=VECTOR('',#6277,1.);
#3967=VECTOR('',#6278,1.);
#3968=VECTOR('',#6281,1.);
#3969=VECTOR('',#6284,1.);
#3970=VECTOR('',#6287,1.);
#3971=VECTOR('',#6290,1.);
#3972=VECTOR('',#6293,1.);
#3973=VECTOR('',#6296,1.);
#3974=VECTOR('',#6297,1.);
#3975=VECTOR('',#6300,1.);
#3976=VECTOR('',#6303,1.);
#3977=VECTOR('',#6306,1.);
#3978=VECTOR('',#6309,1.);
#3979=VECTOR('',#6312,1.);
#3980=VECTOR('',#6315,1.);
#3981=VECTOR('',#6318,1.);
#3982=VECTOR('',#6321,1.);
#3983=VECTOR('',#6324,1.);
#3984=VECTOR('',#6327,1.);
#3985=VECTOR('',#6332,1.);
#3986=VECTOR('',#6333,1.);
#3987=VECTOR('',#6336,1.);
#3988=VECTOR('',#6339,1.);
#3989=VECTOR('',#6340,1.);
#3990=VECTOR('',#6343,1.);
#3991=VECTOR('',#6346,1.);
#3992=VECTOR('',#6349,1.);
#3993=VECTOR('',#6350,1.);
#3994=VECTOR('',#6353,1.);
#3995=VECTOR('',#6354,1.);
#3996=VECTOR('',#6355,1.);
#3997=VECTOR('',#6356,1.);
#3998=VECTOR('',#6361,1.);
#3999=VECTOR('',#6362,1.);
#4000=VECTOR('',#6365,1.);
#4001=VECTOR('',#6368,1.);
#4002=VECTOR('',#6371,1.);
#4003=VECTOR('',#6374,1.);
#4004=VECTOR('',#6377,1.);
#4005=VECTOR('',#6380,1.);
#4006=VECTOR('',#6385,1.);
#4007=VECTOR('',#6386,1.);
#4008=VECTOR('',#6389,1.);
#4009=VECTOR('',#6392,1.);
#4010=VECTOR('',#6397,1.);
#4011=VECTOR('',#6398,1.);
#4012=VECTOR('',#6401,1.);
#4013=VECTOR('',#6404,1.);
#4014=VECTOR('',#6407,1.);
#4015=VECTOR('',#6410,1.);
#4016=VECTOR('',#6413,1.);
#4017=VECTOR('',#6418,1.);
#4018=VECTOR('',#6419,1.);
#4019=VECTOR('',#6422,1.);
#4020=VECTOR('',#6425,1.);
#4021=VECTOR('',#6430,1.);
#4022=VECTOR('',#6431,1.);
#4023=VECTOR('',#6434,1.);
#4024=VECTOR('',#6437,1.);
#4025=VECTOR('',#6440,1.);
#4026=VECTOR('',#6443,1.);
#4027=VECTOR('',#6446,1.);
#4028=VECTOR('',#6449,1.);
#4029=VECTOR('',#6452,1.);
#4030=VECTOR('',#6455,1.);
#4031=VECTOR('',#6456,1.);
#4032=VECTOR('',#6457,1.);
#4033=VECTOR('',#6460,1.);
#4034=VECTOR('',#6463,1.);
#4035=VECTOR('',#6464,1.);
#4036=VECTOR('',#6465,1.);
#4037=VECTOR('',#6468,1.);
#4038=VECTOR('',#6471,1.);
#4039=VECTOR('',#6474,1.);
#4040=VECTOR('',#6477,1.);
#4041=VECTOR('',#6480,1.);
#4042=VECTOR('',#6483,1.);
#4043=VECTOR('',#6484,1.);
#4044=VECTOR('',#6485,1.);
#4045=VECTOR('',#6488,1.);
#4046=VECTOR('',#6493,1.);
#4047=VECTOR('',#6494,1.);
#4048=VECTOR('',#6497,1.);
#4049=VECTOR('',#6500,1.);
#4050=VECTOR('',#6505,1.);
#4051=VECTOR('',#6506,1.);
#4052=VECTOR('',#6509,1.);
#4053=VECTOR('',#6512,1.);
#4054=VECTOR('',#6515,1.);
#4055=VECTOR('',#6518,1.);
#4056=VECTOR('',#6521,1.);
#4057=VECTOR('',#6524,1.);
#4058=VECTOR('',#6527,1.);
#4059=VECTOR('',#6530,1.);
#4060=VECTOR('',#6533,1.);
#4061=VECTOR('',#6534,1.);
#4062=VECTOR('',#6537,1.);
#4063=VECTOR('',#6540,1.);
#4064=VECTOR('',#6543,1.);
#4065=VECTOR('',#6546,1.);
#4066=VECTOR('',#6547,1.);
#4067=VECTOR('',#6550,1.);
#4068=VECTOR('',#6551,1.);
#4069=VECTOR('',#6554,1.);
#4070=VECTOR('',#6557,1.);
#4071=VECTOR('',#6560,1.);
#4072=VECTOR('',#6561,1.);
#4073=VECTOR('',#6562,1.);
#4074=VECTOR('',#6563,1.);
#4075=VECTOR('',#6564,1.);
#4076=VECTOR('',#6565,1.);
#4077=VECTOR('',#6566,1.);
#4078=VECTOR('',#6569,1.);
#4079=VECTOR('',#6572,1.);
#4080=VECTOR('',#6575,1.);
#4081=VECTOR('',#6578,1.);
#4082=VECTOR('',#6579,1.);
#4083=VECTOR('',#6582,1.);
#4084=VECTOR('',#6583,1.);
#4085=VECTOR('',#6586,1.);
#4086=VECTOR('',#6587,1.);
#4087=VECTOR('',#6590,1.);
#4088=VECTOR('',#6593,1.);
#4089=VECTOR('',#6596,1.);
#4090=VECTOR('',#6599,1.);
#4091=VECTOR('',#6604,1.);
#4092=VECTOR('',#6605,1.);
#4093=VECTOR('',#6608,1.);
#4094=VECTOR('',#6611,1.);
#4095=VECTOR('',#6614,1.);
#4096=VECTOR('',#6617,1.);
#4097=VECTOR('',#6620,1.);
#4098=VECTOR('',#6623,1.);
#4099=VECTOR('',#6626,1.);
#4100=VECTOR('',#6629,1.);
#4101=VECTOR('',#6630,1.);
#4102=VECTOR('',#6631,1.);
#4103=VECTOR('',#6634,1.);
#4104=VECTOR('',#6637,1.);
#4105=VECTOR('',#6638,1.);
#4106=VECTOR('',#6639,1.);
#4107=VECTOR('',#6642,1.);
#4108=VECTOR('',#6645,1.);
#4109=VECTOR('',#6648,1.);
#4110=VECTOR('',#6651,1.);
#4111=VECTOR('',#6654,1.);
#4112=VECTOR('',#6657,1.);
#4113=VECTOR('',#6658,1.);
#4114=VECTOR('',#6659,1.);
#4115=VECTOR('',#6662,1.);
#4116=VECTOR('',#6667,1.);
#4117=VECTOR('',#6668,1.);
#4118=VECTOR('',#6671,1.);
#4119=VECTOR('',#6674,1.);
#4120=VECTOR('',#6679,1.);
#4121=VECTOR('',#6680,1.);
#4122=VECTOR('',#6683,1.);
#4123=VECTOR('',#6686,1.);
#4124=VECTOR('',#6689,1.);
#4125=VECTOR('',#6690,1.);
#4126=VECTOR('',#6693,1.);
#4127=VECTOR('',#6694,1.);
#4128=VECTOR('',#6697,1.);
#4129=VECTOR('',#6698,1.);
#4130=VECTOR('',#6699,1.);
#4131=VECTOR('',#6700,1.);
#4132=VECTOR('',#6701,1.);
#4133=VECTOR('',#6702,1.);
#4134=VECTOR('',#6705,1.);
#4135=VECTOR('',#6708,1.);
#4136=VECTOR('',#6711,1.);
#4137=VECTOR('',#6714,1.);
#4138=VECTOR('',#6715,1.);
#4139=VECTOR('',#6716,1.);
#4140=VECTOR('',#6719,1.);
#4141=VECTOR('',#6722,1.);
#4142=VECTOR('',#6723,1.);
#4143=VECTOR('',#6724,1.);
#4144=VECTOR('',#6727,1.);
#4145=VECTOR('',#6730,1.);
#4146=EDGE_LOOP('',(#360,#361,#362,#363));
#4147=EDGE_LOOP('',(#364,#365,#366));
#4148=EDGE_LOOP('',(#367,#368,#369));
#4149=EDGE_LOOP('',(#370,#371,#372));
#4150=EDGE_LOOP('',(#373,#374,#375,#376));
#4151=EDGE_LOOP('',(#377,#378,#379,#380,#381));
#4152=EDGE_LOOP('',(#382,#383,#384,#385,#386));
#4153=EDGE_LOOP('',(#387,#388,#389,#390));
#4154=EDGE_LOOP('',(#391,#392,#393));
#4155=EDGE_LOOP('',(#394,#395,#396));
#4156=EDGE_LOOP('',(#397,#398,#399));
#4157=EDGE_LOOP('',(#400,#401,#402));
#4158=EDGE_LOOP('',(#403,#404,#405));
#4159=EDGE_LOOP('',(#406,#407,#408));
#4160=EDGE_LOOP('',(#409,#410,#411));
#4161=EDGE_LOOP('',(#412,#413,#414,#415,#416,#417,#418,#419,#420,#421,#422));
#4162=EDGE_LOOP('',(#423,#424,#425,#426,#427,#428,#429,#430,#431,#432,#433,
#434,#435,#436));
#4163=EDGE_LOOP('',(#437,#438,#439,#440,#441,#442,#443,#444,#445,#446,#447,
#448));
#4164=EDGE_LOOP('',(#449,#450,#451,#452,#453,#454,#455,#456,#457,#458,#459,
#460,#461));
#4165=EDGE_LOOP('',(#462,#463,#464,#465,#466,#467,#468,#469));
#4166=EDGE_LOOP('',(#470,#471,#472,#473));
#4167=EDGE_LOOP('',(#474,#475,#476,#477,#478,#479,#480));
#4168=EDGE_LOOP('',(#481,#482,#483,#484));
#4169=EDGE_LOOP('',(#485,#486,#487,#488,#489,#490,#491,#492,#493,#494,#495,
#496,#497,#498,#499,#500,#501,#502,#503,#504,#505,#506,#507,#508,#509));
#4170=EDGE_LOOP('',(#510,#511,#512,#513));
#4171=EDGE_LOOP('',(#514,#515,#516,#517,#518,#519,#520,#521,#522,#523,#524,
#525,#526,#527,#528));
#4172=EDGE_LOOP('',(#529,#530,#531,#532,#533,#534,#535,#536,#537,#538,#539,
#540,#541,#542,#543,#544,#545,#546));
#4173=EDGE_LOOP('',(#547,#548,#549,#550,#551,#552,#553,#554));
#4174=EDGE_LOOP('',(#555,#556,#557,#558,#559,#560,#561,#562,#563,#564,#565,
#566,#567,#568,#569,#570,#571,#572,#573,#574,#575,#576,#577,#578,#579));
#4175=EDGE_LOOP('',(#580,#581,#582,#583));
#4176=EDGE_LOOP('',(#584,#585,#586,#587));
#4177=EDGE_LOOP('',(#588,#589,#590,#591,#592,#593,#594,#595,#596,#597,#598,
#599,#600,#601,#602,#603,#604,#605,#606,#607,#608,#609));
#4178=EDGE_LOOP('',(#610,#611,#612,#613));
#4179=EDGE_LOOP('',(#614,#615,#616,#617,#618,#619,#620,#621,#622,#623,#624,
#625,#626,#627,#628,#629,#630,#631,#632,#633,#634,#635,#636,#637,#638));
#4180=EDGE_LOOP('',(#639,#640,#641,#642,#643,#644,#645,#646,#647,#648,#649,
#650,#651,#652,#653,#654,#655,#656));
#4181=EDGE_LOOP('',(#657,#658,#659,#660));
#4182=EDGE_LOOP('',(#661,#662,#663,#664));
#4183=EDGE_LOOP('',(#665,#666,#667,#668));
#4184=EDGE_LOOP('',(#669,#670,#671,#672,#673,#674,#675,#676,#677,#678,#679,
#680,#681));
#4185=EDGE_LOOP('',(#682,#683,#684,#685,#686,#687,#688,#689,#690,#691,#692,
#693,#694,#695));
#4186=EDGE_LOOP('',(#696,#697,#698));
#4187=EDGE_LOOP('',(#699,#700,#701));
#4188=EDGE_LOOP('',(#702,#703,#704));
#4189=EDGE_LOOP('',(#705,#706,#707));
#4190=EDGE_LOOP('',(#708,#709,#710));
#4191=EDGE_LOOP('',(#711,#712,#713));
#4192=EDGE_LOOP('',(#714,#715,#716));
#4193=EDGE_LOOP('',(#717,#718,#719,#720));
#4194=EDGE_LOOP('',(#721,#722,#723,#724,#725));
#4195=EDGE_LOOP('',(#726,#727,#728,#729,#730));
#4196=EDGE_LOOP('',(#731,#732,#733,#734));
#4197=EDGE_LOOP('',(#735,#736,#737));
#4198=EDGE_LOOP('',(#738,#739,#740));
#4199=EDGE_LOOP('',(#741,#742,#743));
#4200=EDGE_LOOP('',(#744,#745,#746,#747));
#4201=EDGE_LOOP('',(#748,#749,#750,#751,#752,#753,#754,#755,#756,#757,#758));
#4202=EDGE_LOOP('',(#759,#760,#761,#762,#763,#764,#765,#766,#767,#768,#769,
#770));
#4203=EDGE_LOOP('',(#771,#772,#773,#774,#775,#776,#777,#778));
#4204=EDGE_LOOP('',(#779,#780,#781,#782,#783,#784,#785));
#4205=EDGE_LOOP('',(#786,#787,#788,#789,#790,#791,#792,#793,#794,#795,#796,
#797,#798,#799,#800,#801,#802,#803,#804,#805,#806,#807,#808,#809,#810));
#4206=EDGE_LOOP('',(#811,#812,#813,#814,#815,#816,#817,#818,#819,#820,#821,
#822,#823,#824,#825));
#4207=EDGE_LOOP('',(#826,#827,#828,#829,#830,#831,#832,#833));
#4208=EDGE_LOOP('',(#834,#835,#836,#837));
#4209=EDGE_LOOP('',(#838,#839,#840,#841,#842,#843,#844,#845,#846,#847,#848,
#849,#850,#851,#852,#853,#854,#855,#856,#857,#858,#859));
#4210=EDGE_LOOP('',(#860,#861,#862,#863));
#4211=EDGE_LOOP('',(#864,#865,#866,#867));
#4212=EDGE_LOOP('',(#868,#869,#870,#871));
#4213=EDGE_LOOP('',(#872,#873,#874,#875));
#4214=EDGE_LOOP('',(#876,#877,#878,#879));
#4215=EDGE_LOOP('',(#880,#881,#882,#883));
#4216=EDGE_LOOP('',(#884,#885,#886,#887));
#4217=EDGE_LOOP('',(#888,#889,#890,#891));
#4218=EDGE_LOOP('',(#892,#893,#894,#895));
#4219=EDGE_LOOP('',(#896,#897,#898,#899));
#4220=EDGE_LOOP('',(#900,#901,#902,#903));
#4221=EDGE_LOOP('',(#904,#905,#906,#907));
#4222=EDGE_LOOP('',(#908,#909,#910,#911));
#4223=EDGE_LOOP('',(#912,#913,#914,#915));
#4224=EDGE_LOOP('',(#916,#917,#918,#919));
#4225=EDGE_LOOP('',(#920,#921,#922,#923));
#4226=EDGE_LOOP('',(#924,#925,#926,#927));
#4227=EDGE_LOOP('',(#928,#929,#930,#931));
#4228=EDGE_LOOP('',(#932,#933,#934,#935));
#4229=EDGE_LOOP('',(#936,#937,#938,#939));
#4230=EDGE_LOOP('',(#940,#941,#942,#943));
#4231=EDGE_LOOP('',(#944,#945,#946,#947));
#4232=EDGE_LOOP('',(#948,#949,#950,#951));
#4233=EDGE_LOOP('',(#952,#953,#954,#955));
#4234=EDGE_LOOP('',(#956,#957,#958,#959));
#4235=EDGE_LOOP('',(#960,#961,#962,#963));
#4236=EDGE_LOOP('',(#964,#965,#966,#967));
#4237=EDGE_LOOP('',(#968,#969,#970,#971));
#4238=EDGE_LOOP('',(#972,#973,#974,#975));
#4239=EDGE_LOOP('',(#976,#977,#978,#979));
#4240=EDGE_LOOP('',(#980,#981,#982,#983));
#4241=EDGE_LOOP('',(#984,#985,#986,#987));
#4242=EDGE_LOOP('',(#988,#989,#990,#991));
#4243=EDGE_LOOP('',(#992,#993,#994,#995));
#4244=EDGE_LOOP('',(#996,#997,#998,#999));
#4245=EDGE_LOOP('',(#1000,#1001,#1002,#1003));
#4246=EDGE_LOOP('',(#1004,#1005,#1006,#1007));
#4247=EDGE_LOOP('',(#1008,#1009,#1010,#1011));
#4248=EDGE_LOOP('',(#1012,#1013,#1014,#1015));
#4249=EDGE_LOOP('',(#1016,#1017,#1018,#1019));
#4250=EDGE_LOOP('',(#1020,#1021,#1022,#1023));
#4251=EDGE_LOOP('',(#1024,#1025,#1026,#1027));
#4252=EDGE_LOOP('',(#1028,#1029,#1030,#1031));
#4253=EDGE_LOOP('',(#1032,#1033,#1034,#1035));
#4254=EDGE_LOOP('',(#1036,#1037,#1038,#1039));
#4255=EDGE_LOOP('',(#1040,#1041,#1042,#1043));
#4256=EDGE_LOOP('',(#1044,#1045,#1046,#1047));
#4257=EDGE_LOOP('',(#1048,#1049,#1050,#1051));
#4258=EDGE_LOOP('',(#1052,#1053,#1054,#1055));
#4259=EDGE_LOOP('',(#1056,#1057,#1058,#1059));
#4260=EDGE_LOOP('',(#1060,#1061,#1062,#1063));
#4261=EDGE_LOOP('',(#1064,#1065,#1066,#1067));
#4262=EDGE_LOOP('',(#1068,#1069,#1070,#1071));
#4263=EDGE_LOOP('',(#1072,#1073,#1074,#1075));
#4264=EDGE_LOOP('',(#1076,#1077,#1078,#1079));
#4265=EDGE_LOOP('',(#1080,#1081,#1082,#1083));
#4266=EDGE_LOOP('',(#1084,#1085,#1086,#1087));
#4267=EDGE_LOOP('',(#1088,#1089,#1090,#1091));
#4268=EDGE_LOOP('',(#1092,#1093,#1094,#1095));
#4269=EDGE_LOOP('',(#1096,#1097,#1098,#1099));
#4270=EDGE_LOOP('',(#1100,#1101,#1102,#1103));
#4271=EDGE_LOOP('',(#1104,#1105,#1106,#1107));
#4272=EDGE_LOOP('',(#1108,#1109,#1110,#1111));
#4273=EDGE_LOOP('',(#1112,#1113,#1114,#1115));
#4274=EDGE_LOOP('',(#1116,#1117,#1118,#1119));
#4275=EDGE_LOOP('',(#1120,#1121,#1122,#1123));
#4276=EDGE_LOOP('',(#1124,#1125,#1126,#1127));
#4277=EDGE_LOOP('',(#1128,#1129,#1130,#1131));
#4278=EDGE_LOOP('',(#1132,#1133,#1134,#1135));
#4279=EDGE_LOOP('',(#1136,#1137,#1138,#1139));
#4280=EDGE_LOOP('',(#1140,#1141,#1142,#1143));
#4281=EDGE_LOOP('',(#1144,#1145,#1146,#1147));
#4282=EDGE_LOOP('',(#1148,#1149,#1150,#1151));
#4283=EDGE_LOOP('',(#1152,#1153,#1154,#1155));
#4284=EDGE_LOOP('',(#1156,#1157,#1158,#1159));
#4285=EDGE_LOOP('',(#1160,#1161,#1162,#1163));
#4286=EDGE_LOOP('',(#1164,#1165,#1166,#1167));
#4287=EDGE_LOOP('',(#1168,#1169,#1170,#1171));
#4288=EDGE_LOOP('',(#1172,#1173,#1174,#1175));
#4289=EDGE_LOOP('',(#1176,#1177,#1178,#1179));
#4290=EDGE_LOOP('',(#1180,#1181,#1182,#1183));
#4291=EDGE_LOOP('',(#1184,#1185,#1186,#1187));
#4292=EDGE_LOOP('',(#1188,#1189,#1190,#1191));
#4293=EDGE_LOOP('',(#1192,#1193,#1194,#1195));
#4294=EDGE_LOOP('',(#1196,#1197,#1198,#1199));
#4295=EDGE_LOOP('',(#1200,#1201,#1202,#1203));
#4296=EDGE_LOOP('',(#1204,#1205,#1206,#1207));
#4297=EDGE_LOOP('',(#1208,#1209,#1210,#1211));
#4298=EDGE_LOOP('',(#1212,#1213,#1214,#1215));
#4299=EDGE_LOOP('',(#1216,#1217,#1218,#1219));
#4300=EDGE_LOOP('',(#1220,#1221,#1222,#1223));
#4301=EDGE_LOOP('',(#1224,#1225,#1226,#1227));
#4302=EDGE_LOOP('',(#1228,#1229,#1230,#1231));
#4303=EDGE_LOOP('',(#1232,#1233,#1234,#1235));
#4304=EDGE_LOOP('',(#1236,#1237,#1238,#1239));
#4305=EDGE_LOOP('',(#1240,#1241,#1242,#1243));
#4306=EDGE_LOOP('',(#1244,#1245,#1246,#1247));
#4307=EDGE_LOOP('',(#1248,#1249,#1250,#1251));
#4308=EDGE_LOOP('',(#1252,#1253,#1254,#1255));
#4309=EDGE_LOOP('',(#1256,#1257,#1258,#1259));
#4310=EDGE_LOOP('',(#1260,#1261,#1262,#1263));
#4311=EDGE_LOOP('',(#1264,#1265,#1266,#1267));
#4312=EDGE_LOOP('',(#1268,#1269,#1270,#1271));
#4313=EDGE_LOOP('',(#1272,#1273,#1274,#1275));
#4314=EDGE_LOOP('',(#1276,#1277,#1278,#1279));
#4315=EDGE_LOOP('',(#1280,#1281,#1282,#1283));
#4316=EDGE_LOOP('',(#1284,#1285,#1286,#1287));
#4317=EDGE_LOOP('',(#1288,#1289,#1290,#1291));
#4318=EDGE_LOOP('',(#1292,#1293,#1294,#1295));
#4319=EDGE_LOOP('',(#1296,#1297,#1298,#1299));
#4320=EDGE_LOOP('',(#1300,#1301,#1302,#1303));
#4321=EDGE_LOOP('',(#1304,#1305,#1306,#1307));
#4322=EDGE_LOOP('',(#1308,#1309,#1310,#1311));
#4323=EDGE_LOOP('',(#1312,#1313,#1314,#1315));
#4324=EDGE_LOOP('',(#1316,#1317,#1318,#1319));
#4325=EDGE_LOOP('',(#1320,#1321,#1322,#1323));
#4326=EDGE_LOOP('',(#1324,#1325,#1326,#1327));
#4327=EDGE_LOOP('',(#1328,#1329,#1330,#1331));
#4328=EDGE_LOOP('',(#1332,#1333,#1334,#1335));
#4329=EDGE_LOOP('',(#1336,#1337,#1338,#1339));
#4330=EDGE_LOOP('',(#1340,#1341,#1342,#1343));
#4331=EDGE_LOOP('',(#1344,#1345,#1346,#1347));
#4332=EDGE_LOOP('',(#1348,#1349,#1350,#1351));
#4333=EDGE_LOOP('',(#1352,#1353,#1354,#1355));
#4334=EDGE_LOOP('',(#1356,#1357,#1358,#1359));
#4335=EDGE_LOOP('',(#1360,#1361,#1362,#1363));
#4336=EDGE_LOOP('',(#1364,#1365,#1366,#1367));
#4337=EDGE_LOOP('',(#1368,#1369,#1370,#1371));
#4338=EDGE_LOOP('',(#1372,#1373,#1374,#1375));
#4339=EDGE_LOOP('',(#1376,#1377,#1378,#1379));
#4340=EDGE_LOOP('',(#1380,#1381,#1382,#1383));
#4341=EDGE_LOOP('',(#1384,#1385,#1386,#1387));
#4342=EDGE_LOOP('',(#1388,#1389,#1390,#1391));
#4343=EDGE_LOOP('',(#1392,#1393,#1394,#1395));
#4344=EDGE_LOOP('',(#1396,#1397,#1398,#1399));
#4345=EDGE_LOOP('',(#1400,#1401,#1402,#1403));
#4346=EDGE_LOOP('',(#1404,#1405,#1406,#1407));
#4347=EDGE_LOOP('',(#1408,#1409,#1410,#1411));
#4348=EDGE_LOOP('',(#1412,#1413,#1414,#1415));
#4349=EDGE_LOOP('',(#1416,#1417,#1418,#1419));
#4350=EDGE_LOOP('',(#1420,#1421,#1422,#1423));
#4351=EDGE_LOOP('',(#1424,#1425,#1426,#1427));
#4352=EDGE_LOOP('',(#1428,#1429,#1430,#1431));
#4353=EDGE_LOOP('',(#1432,#1433,#1434,#1435));
#4354=EDGE_LOOP('',(#1436,#1437,#1438,#1439));
#4355=EDGE_LOOP('',(#1440,#1441,#1442,#1443));
#4356=EDGE_LOOP('',(#1444,#1445,#1446,#1447));
#4357=EDGE_LOOP('',(#1448,#1449,#1450,#1451));
#4358=EDGE_LOOP('',(#1452,#1453,#1454,#1455));
#4359=EDGE_LOOP('',(#1456,#1457,#1458,#1459));
#4360=EDGE_LOOP('',(#1460,#1461,#1462,#1463));
#4361=EDGE_LOOP('',(#1464,#1465,#1466,#1467));
#4362=EDGE_LOOP('',(#1468,#1469,#1470,#1471));
#4363=EDGE_LOOP('',(#1472,#1473,#1474,#1475));
#4364=EDGE_LOOP('',(#1476,#1477,#1478,#1479));
#4365=EDGE_LOOP('',(#1480,#1481,#1482,#1483));
#4366=EDGE_LOOP('',(#1484,#1485,#1486,#1487));
#4367=EDGE_LOOP('',(#1488,#1489,#1490,#1491));
#4368=EDGE_LOOP('',(#1492,#1493,#1494,#1495));
#4369=EDGE_LOOP('',(#1496,#1497,#1498,#1499));
#4370=EDGE_LOOP('',(#1500,#1501,#1502,#1503));
#4371=EDGE_LOOP('',(#1504,#1505,#1506,#1507));
#4372=EDGE_LOOP('',(#1508,#1509,#1510,#1511));
#4373=EDGE_LOOP('',(#1512,#1513,#1514,#1515));
#4374=EDGE_LOOP('',(#1516,#1517,#1518,#1519));
#4375=EDGE_LOOP('',(#1520,#1521,#1522,#1523));
#4376=EDGE_LOOP('',(#1524,#1525,#1526,#1527));
#4377=EDGE_LOOP('',(#1528,#1529,#1530,#1531));
#4378=EDGE_LOOP('',(#1532,#1533,#1534,#1535));
#4379=EDGE_LOOP('',(#1536,#1537,#1538,#1539));
#4380=EDGE_LOOP('',(#1540,#1541,#1542,#1543));
#4381=EDGE_LOOP('',(#1544,#1545,#1546,#1547));
#4382=EDGE_LOOP('',(#1548,#1549,#1550,#1551));
#4383=EDGE_LOOP('',(#1552,#1553,#1554,#1555));
#4384=EDGE_LOOP('',(#1556,#1557,#1558,#1559));
#4385=EDGE_LOOP('',(#1560,#1561,#1562,#1563));
#4386=EDGE_LOOP('',(#1564,#1565,#1566,#1567));
#4387=EDGE_LOOP('',(#1568,#1569,#1570,#1571));
#4388=EDGE_LOOP('',(#1572,#1573,#1574,#1575));
#4389=EDGE_LOOP('',(#1576,#1577,#1578,#1579));
#4390=EDGE_LOOP('',(#1580,#1581,#1582,#1583));
#4391=EDGE_LOOP('',(#1584,#1585,#1586,#1587));
#4392=EDGE_LOOP('',(#1588,#1589,#1590,#1591));
#4393=EDGE_LOOP('',(#1592,#1593,#1594,#1595));
#4394=EDGE_LOOP('',(#1596,#1597,#1598,#1599));
#4395=EDGE_LOOP('',(#1600,#1601,#1602,#1603));
#4396=EDGE_LOOP('',(#1604,#1605,#1606,#1607));
#4397=EDGE_LOOP('',(#1608,#1609,#1610,#1611));
#4398=EDGE_LOOP('',(#1612,#1613,#1614,#1615));
#4399=EDGE_LOOP('',(#1616,#1617,#1618,#1619));
#4400=EDGE_LOOP('',(#1620,#1621,#1622,#1623));
#4401=EDGE_LOOP('',(#1624,#1625,#1626,#1627));
#4402=EDGE_LOOP('',(#1628,#1629,#1630,#1631));
#4403=EDGE_LOOP('',(#1632,#1633,#1634,#1635));
#4404=EDGE_LOOP('',(#1636,#1637,#1638,#1639));
#4405=EDGE_LOOP('',(#1640,#1641,#1642,#1643));
#4406=EDGE_LOOP('',(#1644,#1645,#1646,#1647));
#4407=EDGE_LOOP('',(#1648,#1649,#1650,#1651));
#4408=EDGE_LOOP('',(#1652,#1653,#1654,#1655));
#4409=EDGE_LOOP('',(#1656,#1657,#1658,#1659));
#4410=EDGE_LOOP('',(#1660,#1661,#1662,#1663));
#4411=EDGE_LOOP('',(#1664,#1665,#1666,#1667));
#4412=EDGE_LOOP('',(#1668,#1669,#1670,#1671));
#4413=EDGE_LOOP('',(#1672,#1673,#1674,#1675));
#4414=EDGE_LOOP('',(#1676,#1677,#1678,#1679));
#4415=EDGE_LOOP('',(#1680,#1681,#1682,#1683));
#4416=EDGE_LOOP('',(#1684,#1685,#1686,#1687));
#4417=EDGE_LOOP('',(#1688,#1689,#1690,#1691));
#4418=EDGE_LOOP('',(#1692,#1693,#1694,#1695));
#4419=EDGE_LOOP('',(#1696,#1697,#1698,#1699));
#4420=EDGE_LOOP('',(#1700,#1701,#1702,#1703));
#4421=EDGE_LOOP('',(#1704,#1705,#1706,#1707));
#4422=EDGE_LOOP('',(#1708,#1709,#1710,#1711));
#4423=EDGE_LOOP('',(#1712,#1713,#1714,#1715));
#4424=EDGE_LOOP('',(#1716,#1717,#1718,#1719));
#4425=EDGE_LOOP('',(#1720,#1721,#1722,#1723));
#4426=EDGE_LOOP('',(#1724,#1725,#1726,#1727));
#4427=EDGE_LOOP('',(#1728,#1729,#1730,#1731));
#4428=EDGE_LOOP('',(#1732,#1733,#1734,#1735));
#4429=EDGE_LOOP('',(#1736,#1737,#1738,#1739));
#4430=EDGE_LOOP('',(#1740,#1741,#1742,#1743));
#4431=EDGE_LOOP('',(#1744,#1745,#1746,#1747));
#4432=EDGE_LOOP('',(#1748,#1749,#1750,#1751));
#4433=EDGE_LOOP('',(#1752,#1753,#1754,#1755));
#4434=EDGE_LOOP('',(#1756,#1757,#1758,#1759));
#4435=EDGE_LOOP('',(#1760,#1761,#1762,#1763));
#4436=EDGE_LOOP('',(#1764,#1765,#1766,#1767));
#4437=EDGE_LOOP('',(#1768,#1769,#1770,#1771));
#4438=EDGE_LOOP('',(#1772,#1773,#1774,#1775));
#4439=EDGE_LOOP('',(#1776,#1777,#1778,#1779));
#4440=EDGE_LOOP('',(#1780,#1781,#1782,#1783));
#4441=EDGE_LOOP('',(#1784,#1785,#1786,#1787));
#4442=EDGE_LOOP('',(#1788,#1789,#1790,#1791));
#4443=EDGE_LOOP('',(#1792,#1793,#1794,#1795));
#4444=EDGE_LOOP('',(#1796,#1797,#1798,#1799));
#4445=EDGE_LOOP('',(#1800,#1801,#1802,#1803));
#4446=EDGE_LOOP('',(#1804,#1805,#1806,#1807));
#4447=EDGE_LOOP('',(#1808,#1809,#1810,#1811));
#4448=EDGE_LOOP('',(#1812,#1813,#1814,#1815));
#4449=EDGE_LOOP('',(#1816,#1817,#1818,#1819));
#4450=EDGE_LOOP('',(#1820,#1821,#1822,#1823));
#4451=EDGE_LOOP('',(#1824,#1825,#1826,#1827));
#4452=EDGE_LOOP('',(#1828,#1829,#1830,#1831));
#4453=EDGE_LOOP('',(#1832,#1833,#1834,#1835));
#4454=EDGE_LOOP('',(#1836,#1837,#1838,#1839));
#4455=EDGE_LOOP('',(#1840,#1841,#1842,#1843));
#4456=EDGE_LOOP('',(#1844,#1845,#1846,#1847));
#4457=EDGE_LOOP('',(#1848,#1849,#1850,#1851));
#4458=EDGE_LOOP('',(#1852,#1853,#1854,#1855));
#4459=EDGE_LOOP('',(#1856,#1857,#1858,#1859));
#4460=FACE_BOUND('',#4146,.T.);
#4461=FACE_BOUND('',#4147,.T.);
#4462=FACE_BOUND('',#4148,.T.);
#4463=FACE_BOUND('',#4149,.T.);
#4464=FACE_BOUND('',#4150,.T.);
#4465=FACE_BOUND('',#4151,.T.);
#4466=FACE_BOUND('',#4152,.T.);
#4467=FACE_BOUND('',#4153,.T.);
#4468=FACE_BOUND('',#4154,.T.);
#4469=FACE_BOUND('',#4155,.T.);
#4470=FACE_BOUND('',#4156,.T.);
#4471=FACE_BOUND('',#4157,.T.);
#4472=FACE_BOUND('',#4158,.T.);
#4473=FACE_BOUND('',#4159,.T.);
#4474=FACE_BOUND('',#4160,.T.);
#4475=FACE_BOUND('',#4161,.T.);
#4476=FACE_BOUND('',#4162,.T.);
#4477=FACE_BOUND('',#4163,.T.);
#4478=FACE_BOUND('',#4164,.T.);
#4479=FACE_BOUND('',#4165,.T.);
#4480=FACE_BOUND('',#4166,.T.);
#4481=FACE_BOUND('',#4167,.T.);
#4482=FACE_BOUND('',#4168,.T.);
#4483=FACE_BOUND('',#4169,.T.);
#4484=FACE_BOUND('',#4170,.T.);
#4485=FACE_BOUND('',#4171,.T.);
#4486=FACE_BOUND('',#4172,.T.);
#4487=FACE_BOUND('',#4173,.T.);
#4488=FACE_BOUND('',#4174,.T.);
#4489=FACE_BOUND('',#4175,.T.);
#4490=FACE_BOUND('',#4176,.T.);
#4491=FACE_BOUND('',#4177,.T.);
#4492=FACE_BOUND('',#4178,.T.);
#4493=FACE_BOUND('',#4179,.T.);
#4494=FACE_BOUND('',#4180,.T.);
#4495=FACE_BOUND('',#4181,.T.);
#4496=FACE_BOUND('',#4182,.T.);
#4497=FACE_BOUND('',#4183,.T.);
#4498=FACE_BOUND('',#4184,.T.);
#4499=FACE_BOUND('',#4185,.T.);
#4500=FACE_BOUND('',#4186,.T.);
#4501=FACE_BOUND('',#4187,.T.);
#4502=FACE_BOUND('',#4188,.T.);
#4503=FACE_BOUND('',#4189,.T.);
#4504=FACE_BOUND('',#4190,.T.);
#4505=FACE_BOUND('',#4191,.T.);
#4506=FACE_BOUND('',#4192,.T.);
#4507=FACE_BOUND('',#4193,.T.);
#4508=FACE_BOUND('',#4194,.T.);
#4509=FACE_BOUND('',#4195,.T.);
#4510=FACE_BOUND('',#4196,.T.);
#4511=FACE_BOUND('',#4197,.T.);
#4512=FACE_BOUND('',#4198,.T.);
#4513=FACE_BOUND('',#4199,.T.);
#4514=FACE_BOUND('',#4200,.T.);
#4515=FACE_BOUND('',#4201,.T.);
#4516=FACE_BOUND('',#4202,.T.);
#4517=FACE_BOUND('',#4203,.T.);
#4518=FACE_BOUND('',#4204,.T.);
#4519=FACE_BOUND('',#4205,.T.);
#4520=FACE_BOUND('',#4206,.T.);
#4521=FACE_BOUND('',#4207,.T.);
#4522=FACE_BOUND('',#4208,.T.);
#4523=FACE_BOUND('',#4209,.T.);
#4524=FACE_BOUND('',#4210,.T.);
#4525=FACE_BOUND('',#4211,.T.);
#4526=FACE_BOUND('',#4212,.T.);
#4527=FACE_BOUND('',#4213,.T.);
#4528=FACE_BOUND('',#4214,.T.);
#4529=FACE_BOUND('',#4215,.T.);
#4530=FACE_BOUND('',#4216,.T.);
#4531=FACE_BOUND('',#4217,.T.);
#4532=FACE_BOUND('',#4218,.T.);
#4533=FACE_BOUND('',#4219,.T.);
#4534=FACE_BOUND('',#4220,.T.);
#4535=FACE_BOUND('',#4221,.T.);
#4536=FACE_BOUND('',#4222,.T.);
#4537=FACE_BOUND('',#4223,.T.);
#4538=FACE_BOUND('',#4224,.T.);
#4539=FACE_BOUND('',#4225,.T.);
#4540=FACE_BOUND('',#4226,.T.);
#4541=FACE_BOUND('',#4227,.T.);
#4542=FACE_BOUND('',#4228,.T.);
#4543=FACE_BOUND('',#4229,.T.);
#4544=FACE_BOUND('',#4230,.T.);
#4545=FACE_BOUND('',#4231,.T.);
#4546=FACE_BOUND('',#4232,.T.);
#4547=FACE_BOUND('',#4233,.T.);
#4548=FACE_BOUND('',#4234,.T.);
#4549=FACE_BOUND('',#4235,.T.);
#4550=FACE_BOUND('',#4236,.T.);
#4551=FACE_BOUND('',#4237,.T.);
#4552=FACE_BOUND('',#4238,.T.);
#4553=FACE_BOUND('',#4239,.T.);
#4554=FACE_BOUND('',#4240,.T.);
#4555=FACE_BOUND('',#4241,.T.);
#4556=FACE_BOUND('',#4242,.T.);
#4557=FACE_BOUND('',#4243,.T.);
#4558=FACE_BOUND('',#4244,.T.);
#4559=FACE_BOUND('',#4245,.T.);
#4560=FACE_BOUND('',#4246,.T.);
#4561=FACE_BOUND('',#4247,.T.);
#4562=FACE_BOUND('',#4248,.T.);
#4563=FACE_BOUND('',#4249,.T.);
#4564=FACE_BOUND('',#4250,.T.);
#4565=FACE_BOUND('',#4251,.T.);
#4566=FACE_BOUND('',#4252,.T.);
#4567=FACE_BOUND('',#4253,.T.);
#4568=FACE_BOUND('',#4254,.T.);
#4569=FACE_BOUND('',#4255,.T.);
#4570=FACE_BOUND('',#4256,.T.);
#4571=FACE_BOUND('',#4257,.T.);
#4572=FACE_BOUND('',#4258,.T.);
#4573=FACE_BOUND('',#4259,.T.);
#4574=FACE_BOUND('',#4260,.T.);
#4575=FACE_BOUND('',#4261,.T.);
#4576=FACE_BOUND('',#4262,.T.);
#4577=FACE_BOUND('',#4263,.T.);
#4578=FACE_BOUND('',#4264,.T.);
#4579=FACE_BOUND('',#4265,.T.);
#4580=FACE_BOUND('',#4266,.T.);
#4581=FACE_BOUND('',#4267,.T.);
#4582=FACE_BOUND('',#4268,.T.);
#4583=FACE_BOUND('',#4269,.T.);
#4584=FACE_BOUND('',#4270,.T.);
#4585=FACE_BOUND('',#4271,.T.);
#4586=FACE_BOUND('',#4272,.T.);
#4587=FACE_BOUND('',#4273,.T.);
#4588=FACE_BOUND('',#4274,.T.);
#4589=FACE_BOUND('',#4275,.T.);
#4590=FACE_BOUND('',#4276,.T.);
#4591=FACE_BOUND('',#4277,.T.);
#4592=FACE_BOUND('',#4278,.T.);
#4593=FACE_BOUND('',#4279,.T.);
#4594=FACE_BOUND('',#4280,.T.);
#4595=FACE_BOUND('',#4281,.T.);
#4596=FACE_BOUND('',#4282,.T.);
#4597=FACE_BOUND('',#4283,.T.);
#4598=FACE_BOUND('',#4284,.T.);
#4599=FACE_BOUND('',#4285,.T.);
#4600=FACE_BOUND('',#4286,.T.);
#4601=FACE_BOUND('',#4287,.T.);
#4602=FACE_BOUND('',#4288,.T.);
#4603=FACE_BOUND('',#4289,.T.);
#4604=FACE_BOUND('',#4290,.T.);
#4605=FACE_BOUND('',#4291,.T.);
#4606=FACE_BOUND('',#4292,.T.);
#4607=FACE_BOUND('',#4293,.T.);
#4608=FACE_BOUND('',#4294,.T.);
#4609=FACE_BOUND('',#4295,.T.);
#4610=FACE_BOUND('',#4296,.T.);
#4611=FACE_BOUND('',#4297,.T.);
#4612=FACE_BOUND('',#4298,.T.);
#4613=FACE_BOUND('',#4299,.T.);
#4614=FACE_BOUND('',#4300,.T.);
#4615=FACE_BOUND('',#4301,.T.);
#4616=FACE_BOUND('',#4302,.T.);
#4617=FACE_BOUND('',#4303,.T.);
#4618=FACE_BOUND('',#4304,.T.);
#4619=FACE_BOUND('',#4305,.T.);
#4620=FACE_BOUND('',#4306,.T.);
#4621=FACE_BOUND('',#4307,.T.);
#4622=FACE_BOUND('',#4308,.T.);
#4623=FACE_BOUND('',#4309,.T.);
#4624=FACE_BOUND('',#4310,.T.);
#4625=FACE_BOUND('',#4311,.T.);
#4626=FACE_BOUND('',#4312,.T.);
#4627=FACE_BOUND('',#4313,.T.);
#4628=FACE_BOUND('',#4314,.T.);
#4629=FACE_BOUND('',#4315,.T.);
#4630=FACE_BOUND('',#4316,.T.);
#4631=FACE_BOUND('',#4317,.T.);
#4632=FACE_BOUND('',#4318,.T.);
#4633=FACE_BOUND('',#4319,.T.);
#4634=FACE_BOUND('',#4320,.T.);
#4635=FACE_BOUND('',#4321,.T.);
#4636=FACE_BOUND('',#4322,.T.);
#4637=FACE_BOUND('',#4323,.T.);
#4638=FACE_BOUND('',#4324,.T.);
#4639=FACE_BOUND('',#4325,.T.);
#4640=FACE_BOUND('',#4326,.T.);
#4641=FACE_BOUND('',#4327,.T.);
#4642=FACE_BOUND('',#4328,.T.);
#4643=FACE_BOUND('',#4329,.T.);
#4644=FACE_BOUND('',#4330,.T.);
#4645=FACE_BOUND('',#4331,.T.);
#4646=FACE_BOUND('',#4332,.T.);
#4647=FACE_BOUND('',#4333,.T.);
#4648=FACE_BOUND('',#4334,.T.);
#4649=FACE_BOUND('',#4335,.T.);
#4650=FACE_BOUND('',#4336,.T.);
#4651=FACE_BOUND('',#4337,.T.);
#4652=FACE_BOUND('',#4338,.T.);
#4653=FACE_BOUND('',#4339,.T.);
#4654=FACE_BOUND('',#4340,.T.);
#4655=FACE_BOUND('',#4341,.T.);
#4656=FACE_BOUND('',#4342,.T.);
#4657=FACE_BOUND('',#4343,.T.);
#4658=FACE_BOUND('',#4344,.T.);
#4659=FACE_BOUND('',#4345,.T.);
#4660=FACE_BOUND('',#4346,.T.);
#4661=FACE_BOUND('',#4347,.T.);
#4662=FACE_BOUND('',#4348,.T.);
#4663=FACE_BOUND('',#4349,.T.);
#4664=FACE_BOUND('',#4350,.T.);
#4665=FACE_BOUND('',#4351,.T.);
#4666=FACE_BOUND('',#4352,.T.);
#4667=FACE_BOUND('',#4353,.T.);
#4668=FACE_BOUND('',#4354,.T.);
#4669=FACE_BOUND('',#4355,.T.);
#4670=FACE_BOUND('',#4356,.T.);
#4671=FACE_BOUND('',#4357,.T.);
#4672=FACE_BOUND('',#4358,.T.);
#4673=FACE_BOUND('',#4359,.T.);
#4674=FACE_BOUND('',#4360,.T.);
#4675=FACE_BOUND('',#4361,.T.);
#4676=FACE_BOUND('',#4362,.T.);
#4677=FACE_BOUND('',#4363,.T.);
#4678=FACE_BOUND('',#4364,.T.);
#4679=FACE_BOUND('',#4365,.T.);
#4680=FACE_BOUND('',#4366,.T.);
#4681=FACE_BOUND('',#4367,.T.);
#4682=FACE_BOUND('',#4368,.T.);
#4683=FACE_BOUND('',#4369,.T.);
#4684=FACE_BOUND('',#4370,.T.);
#4685=FACE_BOUND('',#4371,.T.);
#4686=FACE_BOUND('',#4372,.T.);
#4687=FACE_BOUND('',#4373,.T.);
#4688=FACE_BOUND('',#4374,.T.);
#4689=FACE_BOUND('',#4375,.T.);
#4690=FACE_BOUND('',#4376,.T.);
#4691=FACE_BOUND('',#4377,.T.);
#4692=FACE_BOUND('',#4378,.T.);
#4693=FACE_BOUND('',#4379,.T.);
#4694=FACE_BOUND('',#4380,.T.);
#4695=FACE_BOUND('',#4381,.T.);
#4696=FACE_BOUND('',#4382,.T.);
#4697=FACE_BOUND('',#4383,.T.);
#4698=FACE_BOUND('',#4384,.T.);
#4699=FACE_BOUND('',#4385,.T.);
#4700=FACE_BOUND('',#4386,.T.);
#4701=FACE_BOUND('',#4387,.T.);
#4702=FACE_BOUND('',#4388,.T.);
#4703=FACE_BOUND('',#4389,.T.);
#4704=FACE_BOUND('',#4390,.T.);
#4705=FACE_BOUND('',#4391,.T.);
#4706=FACE_BOUND('',#4392,.T.);
#4707=FACE_BOUND('',#4393,.T.);
#4708=FACE_BOUND('',#4394,.T.);
#4709=FACE_BOUND('',#4395,.T.);
#4710=FACE_BOUND('',#4396,.T.);
#4711=FACE_BOUND('',#4397,.T.);
#4712=FACE_BOUND('',#4398,.T.);
#4713=FACE_BOUND('',#4399,.T.);
#4714=FACE_BOUND('',#4400,.T.);
#4715=FACE_BOUND('',#4401,.T.);
#4716=FACE_BOUND('',#4402,.T.);
#4717=FACE_BOUND('',#4403,.T.);
#4718=FACE_BOUND('',#4404,.T.);
#4719=FACE_BOUND('',#4405,.T.);
#4720=FACE_BOUND('',#4406,.T.);
#4721=FACE_BOUND('',#4407,.T.);
#4722=FACE_BOUND('',#4408,.T.);
#4723=FACE_BOUND('',#4409,.T.);
#4724=FACE_BOUND('',#4410,.T.);
#4725=FACE_BOUND('',#4411,.T.);
#4726=FACE_BOUND('',#4412,.T.);
#4727=FACE_BOUND('',#4413,.T.);
#4728=FACE_BOUND('',#4414,.T.);
#4729=FACE_BOUND('',#4415,.T.);
#4730=FACE_BOUND('',#4416,.T.);
#4731=FACE_BOUND('',#4417,.T.);
#4732=FACE_BOUND('',#4418,.T.);
#4733=FACE_BOUND('',#4419,.T.);
#4734=FACE_BOUND('',#4420,.T.);
#4735=FACE_BOUND('',#4421,.T.);
#4736=FACE_BOUND('',#4422,.T.);
#4737=FACE_BOUND('',#4423,.T.);
#4738=FACE_BOUND('',#4424,.T.);
#4739=FACE_BOUND('',#4425,.T.);
#4740=FACE_BOUND('',#4426,.T.);
#4741=FACE_BOUND('',#4427,.T.);
#4742=FACE_BOUND('',#4428,.T.);
#4743=FACE_BOUND('',#4429,.T.);
#4744=FACE_BOUND('',#4430,.T.);
#4745=FACE_BOUND('',#4431,.T.);
#4746=FACE_BOUND('',#4432,.T.);
#4747=FACE_BOUND('',#4433,.T.);
#4748=FACE_BOUND('',#4434,.T.);
#4749=FACE_BOUND('',#4435,.T.);
#4750=FACE_BOUND('',#4436,.T.);
#4751=FACE_BOUND('',#4437,.T.);
#4752=FACE_BOUND('',#4438,.T.);
#4753=FACE_BOUND('',#4439,.T.);
#4754=FACE_BOUND('',#4440,.T.);
#4755=FACE_BOUND('',#4441,.T.);
#4756=FACE_BOUND('',#4442,.T.);
#4757=FACE_BOUND('',#4443,.T.);
#4758=FACE_BOUND('',#4444,.T.);
#4759=FACE_BOUND('',#4445,.T.);
#4760=FACE_BOUND('',#4446,.T.);
#4761=FACE_BOUND('',#4447,.T.);
#4762=FACE_BOUND('',#4448,.T.);
#4763=FACE_BOUND('',#4449,.T.);
#4764=FACE_BOUND('',#4450,.T.);
#4765=FACE_BOUND('',#4451,.T.);
#4766=FACE_BOUND('',#4452,.T.);
#4767=FACE_BOUND('',#4453,.T.);
#4768=FACE_BOUND('',#4454,.T.);
#4769=FACE_BOUND('',#4455,.T.);
#4770=FACE_BOUND('',#4456,.T.);
#4771=FACE_BOUND('',#4457,.T.);
#4772=FACE_BOUND('',#4458,.T.);
#4773=FACE_BOUND('',#4459,.T.);
#4774=PLANE('',#5175);
#4775=PLANE('',#5246);
#4776=PLANE('',#5317);
#4777=PLANE('',#5318);
#4778=PLANE('',#5319);
#4779=PLANE('',#5320);
#4780=PLANE('',#5321);
#4781=PLANE('',#5322);
#4782=PLANE('',#5323);
#4783=PLANE('',#5324);
#4784=PLANE('',#5325);
#4785=PLANE('',#5326);
#4786=PLANE('',#5327);
#4787=PLANE('',#5328);
#4788=PLANE('',#5329);
#4789=PLANE('',#5330);
#4790=PLANE('',#5331);
#4791=PLANE('',#5332);
#4792=PLANE('',#5333);
#4793=PLANE('',#5334);
#4794=PLANE('',#5335);
#4795=PLANE('',#5336);
#4796=PLANE('',#5337);
#4797=PLANE('',#5338);
#4798=PLANE('',#5339);
#4799=PLANE('',#5340);
#4800=PLANE('',#5341);
#4801=PLANE('',#5342);
#4802=PLANE('',#5343);
#4803=PLANE('',#5344);
#4804=PLANE('',#5345);
#4805=PLANE('',#5346);
#4806=PLANE('',#5347);
#4807=PLANE('',#5348);
#4808=PLANE('',#5349);
#4809=PLANE('',#5350);
#4810=PLANE('',#5351);
#4811=PLANE('',#5352);
#4812=PLANE('',#5353);
#4813=PLANE('',#5354);
#4814=PLANE('',#5355);
#4815=PLANE('',#5356);
#4816=PLANE('',#5357);
#4817=PLANE('',#5358);
#4818=PLANE('',#5359);
#4819=PLANE('',#5360);
#4820=PLANE('',#5361);
#4821=PLANE('',#5362);
#4822=PLANE('',#5363);
#4823=PLANE('',#5364);
#4824=PLANE('',#5365);
#4825=PLANE('',#5366);
#4826=PLANE('',#5367);
#4827=PLANE('',#5368);
#4828=PLANE('',#5372);
#4829=PLANE('',#5375);
#4830=PLANE('',#5381);
#4831=PLANE('',#5384);
#4832=PLANE('',#5392);
#4833=PLANE('',#5393);
#4834=PLANE('',#5394);
#4835=PLANE('',#5399);
#4836=PLANE('',#5406);
#4837=PLANE('',#5407);
#4838=PLANE('',#5408);
#4839=PLANE('',#5409);
#4840=PLANE('',#5410);
#4841=PLANE('',#5411);
#4842=PLANE('',#5412);
#4843=PLANE('',#5413);
#4844=PLANE('',#5414);
#4845=PLANE('',#5415);
#4846=PLANE('',#5416);
#4847=PLANE('',#5417);
#4848=PLANE('',#5418);
#4849=PLANE('',#5419);
#4850=PLANE('',#5420);
#4851=PLANE('',#5421);
#4852=PLANE('',#5422);
#4853=PLANE('',#5423);
#4854=PLANE('',#5424);
#4855=PLANE('',#5425);
#4856=PLANE('',#5426);
#4857=PLANE('',#5427);
#4858=PLANE('',#5428);
#4859=PLANE('',#5429);
#4860=PLANE('',#5430);
#4861=PLANE('',#5431);
#4862=PLANE('',#5433);
#4863=PLANE('',#5435);
#4864=PLANE('',#5436);
#4865=PLANE('',#5437);
#4866=PLANE('',#5442);
#4867=PLANE('',#5443);
#4868=PLANE('',#5444);
#4869=PLANE('',#5449);
#4870=PLANE('',#5450);
#4871=PLANE('',#5451);
#4872=PLANE('',#5452);
#4873=PLANE('',#5453);
#4874=PLANE('',#5456);
#4875=PLANE('',#5459);
#4876=PLANE('',#5460);
#4877=PLANE('',#5464);
#4878=PLANE('',#5465);
#4879=PLANE('',#5466);
#4880=PLANE('',#5467);
#4881=PLANE('',#5470);
#4882=PLANE('',#5473);
#4883=PLANE('',#5477);
#4884=PLANE('',#5478);
#4885=PLANE('',#5479);
#4886=PLANE('',#5482);
#4887=PLANE('',#5483);
#4888=PLANE('',#5485);
#4889=PLANE('',#5487);
#4890=PLANE('',#5488);
#4891=PLANE('',#5489);
#4892=PLANE('',#5494);
#4893=PLANE('',#5495);
#4894=PLANE('',#5496);
#4895=PLANE('',#5501);
#4896=PLANE('',#5502);
#4897=PLANE('',#5503);
#4898=PLANE('',#5504);
#4899=PLANE('',#5505);
#4900=PLANE('',#5506);
#4901=PLANE('',#5507);
#4902=PLANE('',#5508);
#4903=PLANE('',#5509);
#4904=PLANE('',#5513);
#4905=PLANE('',#5514);
#4906=PLANE('',#5515);
#4907=PLANE('',#5518);
#4908=PLANE('',#5519);
#4909=PLANE('',#5520);
#4910=ADVANCED_FACE('',(#4460,#4461,#4462,#4463,#4464,#4465,#4466,#4467,
#4468,#4469,#4470,#4471,#4472,#4473,#4474,#4475,#4476,#4477,#4478,#4479,
#4480,#4481,#4482,#4483,#4484,#4485,#4486,#4487,#4488,#4489,#4490,#4491),
#4774,.T.);
#4911=ADVANCED_FACE('',(#4492,#4493,#4494,#4495,#4496,#4497,#4498,#4499,
#4500,#4501,#4502,#4503,#4504,#4505,#4506,#4507,#4508,#4509,#4510,#4511,
#4512,#4513,#4514,#4515,#4516,#4517,#4518,#4519,#4520,#4521,#4522,#4523),
#4775,.F.);
#4912=ADVANCED_FACE('',(#4524),#4776,.T.);
#4913=ADVANCED_FACE('',(#4525),#4777,.F.);
#4914=ADVANCED_FACE('',(#4526),#4778,.T.);
#4915=ADVANCED_FACE('',(#4527),#4779,.T.);
#4916=ADVANCED_FACE('',(#4528),#4780,.T.);
#4917=ADVANCED_FACE('',(#4529),#4781,.T.);
#4918=ADVANCED_FACE('',(#4530),#4782,.F.);
#4919=ADVANCED_FACE('',(#4531),#4783,.F.);
#4920=ADVANCED_FACE('',(#4532),#4784,.T.);
#4921=ADVANCED_FACE('',(#4533),#4785,.F.);
#4922=ADVANCED_FACE('',(#4534),#4786,.T.);
#4923=ADVANCED_FACE('',(#4535),#4787,.T.);
#4924=ADVANCED_FACE('',(#4536),#4788,.F.);
#4925=ADVANCED_FACE('',(#4537),#4789,.F.);
#4926=ADVANCED_FACE('',(#4538),#4790,.F.);
#4927=ADVANCED_FACE('',(#4539),#4791,.T.);
#4928=ADVANCED_FACE('',(#4540),#4792,.F.);
#4929=ADVANCED_FACE('',(#4541),#4793,.F.);
#4930=ADVANCED_FACE('',(#4542),#4794,.F.);
#4931=ADVANCED_FACE('',(#4543),#4795,.F.);
#4932=ADVANCED_FACE('',(#4544),#4796,.T.);
#4933=ADVANCED_FACE('',(#4545),#4797,.F.);
#4934=ADVANCED_FACE('',(#4546),#4798,.T.);
#4935=ADVANCED_FACE('',(#4547),#4799,.F.);
#4936=ADVANCED_FACE('',(#4548),#4800,.T.);
#4937=ADVANCED_FACE('',(#4549),#4801,.F.);
#4938=ADVANCED_FACE('',(#4550),#4802,.T.);
#4939=ADVANCED_FACE('',(#4551),#4803,.T.);
#4940=ADVANCED_FACE('',(#4552),#4804,.F.);
#4941=ADVANCED_FACE('',(#4553),#4805,.F.);
#4942=ADVANCED_FACE('',(#4554),#4806,.T.);
#4943=ADVANCED_FACE('',(#4555),#4807,.T.);
#4944=ADVANCED_FACE('',(#4556),#4808,.T.);
#4945=ADVANCED_FACE('',(#4557),#4809,.F.);
#4946=ADVANCED_FACE('',(#4558),#4810,.T.);
#4947=ADVANCED_FACE('',(#4559),#4811,.F.);
#4948=ADVANCED_FACE('',(#4560),#4812,.F.);
#4949=ADVANCED_FACE('',(#4561),#4813,.F.);
#4950=ADVANCED_FACE('',(#4562),#4814,.F.);
#4951=ADVANCED_FACE('',(#4563),#4815,.F.);
#4952=ADVANCED_FACE('',(#4564),#4816,.T.);
#4953=ADVANCED_FACE('',(#4565),#4817,.F.);
#4954=ADVANCED_FACE('',(#4566),#4818,.F.);
#4955=ADVANCED_FACE('',(#4567),#4819,.F.);
#4956=ADVANCED_FACE('',(#4568),#4820,.T.);
#4957=ADVANCED_FACE('',(#4569),#4821,.T.);
#4958=ADVANCED_FACE('',(#4570),#4822,.T.);
#4959=ADVANCED_FACE('',(#4571),#4823,.T.);
#4960=ADVANCED_FACE('',(#4572),#4824,.T.);
#4961=ADVANCED_FACE('',(#4573),#4825,.T.);
#4962=ADVANCED_FACE('',(#4574),#4826,.T.);
#4963=ADVANCED_FACE('',(#4575),#4827,.F.);
#4964=ADVANCED_FACE('',(#4576),#58,.T.);
#4965=ADVANCED_FACE('',(#4577),#59,.T.);
#4966=ADVANCED_FACE('',(#4578),#60,.F.);
#4967=ADVANCED_FACE('',(#4579),#12,.T.);
#4968=ADVANCED_FACE('',(#4580),#4828,.T.);
#4969=ADVANCED_FACE('',(#4581),#61,.F.);
#4970=ADVANCED_FACE('',(#4582),#13,.T.);
#4971=ADVANCED_FACE('',(#4583),#62,.F.);
#4972=ADVANCED_FACE('',(#4584),#4829,.T.);
#4973=ADVANCED_FACE('',(#4585),#63,.F.);
#4974=ADVANCED_FACE('',(#4586),#64,.F.);
#4975=ADVANCED_FACE('',(#4587),#65,.F.);
#4976=ADVANCED_FACE('',(#4588),#66,.F.);
#4977=ADVANCED_FACE('',(#4589),#14,.T.);
#4978=ADVANCED_FACE('',(#4590),#67,.F.);
#4979=ADVANCED_FACE('',(#4591),#4830,.T.);
#4980=ADVANCED_FACE('',(#4592),#68,.T.);
#4981=ADVANCED_FACE('',(#4593),#15,.T.);
#4982=ADVANCED_FACE('',(#4594),#16,.T.);
#4983=ADVANCED_FACE('',(#4595),#69,.T.);
#4984=ADVANCED_FACE('',(#4596),#4831,.T.);
#4985=ADVANCED_FACE('',(#4597),#70,.F.);
#4986=ADVANCED_FACE('',(#4598),#71,.F.);
#4987=ADVANCED_FACE('',(#4599),#72,.F.);
#4988=ADVANCED_FACE('',(#4600),#17,.T.);
#4989=ADVANCED_FACE('',(#4601),#73,.T.);
#4990=ADVANCED_FACE('',(#4602),#74,.T.);
#4991=ADVANCED_FACE('',(#4603),#75,.T.);
#4992=ADVANCED_FACE('',(#4604),#76,.T.);
#4993=ADVANCED_FACE('',(#4605),#4832,.T.);
#4994=ADVANCED_FACE('',(#4606),#4833,.T.);
#4995=ADVANCED_FACE('',(#4607),#4834,.T.);
#4996=ADVANCED_FACE('',(#4608),#77,.F.);
#4997=ADVANCED_FACE('',(#4609),#78,.F.);
#4998=ADVANCED_FACE('',(#4610),#79,.F.);
#4999=ADVANCED_FACE('',(#4611),#80,.F.);
#5000=ADVANCED_FACE('',(#4612),#4835,.T.);
#5001=ADVANCED_FACE('',(#4613),#81,.F.);
#5002=ADVANCED_FACE('',(#4614),#82,.F.);
#5003=ADVANCED_FACE('',(#4615),#83,.F.);
#5004=ADVANCED_FACE('',(#4616),#18,.T.);
#5005=ADVANCED_FACE('',(#4617),#84,.F.);
#5006=ADVANCED_FACE('',(#4618),#85,.F.);
#5007=ADVANCED_FACE('',(#4619),#86,.F.);
#5008=ADVANCED_FACE('',(#4620),#19,.T.);
#5009=ADVANCED_FACE('',(#4621),#4836,.T.);
#5010=ADVANCED_FACE('',(#4622),#20,.T.);
#5011=ADVANCED_FACE('',(#4623),#21,.T.);
#5012=ADVANCED_FACE('',(#4624),#22,.T.);
#5013=ADVANCED_FACE('',(#4625),#4837,.T.);
#5014=ADVANCED_FACE('',(#4626),#4838,.T.);
#5015=ADVANCED_FACE('',(#4627),#4839,.T.);
#5016=ADVANCED_FACE('',(#4628),#4840,.T.);
#5017=ADVANCED_FACE('',(#4629),#4841,.T.);
#5018=ADVANCED_FACE('',(#4630),#4842,.T.);
#5019=ADVANCED_FACE('',(#4631),#4843,.T.);
#5020=ADVANCED_FACE('',(#4632),#4844,.T.);
#5021=ADVANCED_FACE('',(#4633),#4845,.T.);
#5022=ADVANCED_FACE('',(#4634),#4846,.T.);
#5023=ADVANCED_FACE('',(#4635),#4847,.T.);
#5024=ADVANCED_FACE('',(#4636),#4848,.T.);
#5025=ADVANCED_FACE('',(#4637),#4849,.T.);
#5026=ADVANCED_FACE('',(#4638),#4850,.T.);
#5027=ADVANCED_FACE('',(#4639),#4851,.T.);
#5028=ADVANCED_FACE('',(#4640),#4852,.T.);
#5029=ADVANCED_FACE('',(#4641),#4853,.T.);
#5030=ADVANCED_FACE('',(#4642),#4854,.T.);
#5031=ADVANCED_FACE('',(#4643),#4855,.T.);
#5032=ADVANCED_FACE('',(#4644),#4856,.T.);
#5033=ADVANCED_FACE('',(#4645),#4857,.T.);
#5034=ADVANCED_FACE('',(#4646),#4858,.T.);
#5035=ADVANCED_FACE('',(#4647),#4859,.T.);
#5036=ADVANCED_FACE('',(#4648),#4860,.T.);
#5037=ADVANCED_FACE('',(#4649),#4861,.T.);
#5038=ADVANCED_FACE('',(#4650),#87,.T.);
#5039=ADVANCED_FACE('',(#4651),#4862,.T.);
#5040=ADVANCED_FACE('',(#4652),#88,.F.);
#5041=ADVANCED_FACE('',(#4653),#4863,.T.);
#5042=ADVANCED_FACE('',(#4654),#4864,.T.);
#5043=ADVANCED_FACE('',(#4655),#4865,.T.);
#5044=ADVANCED_FACE('',(#4656),#89,.T.);
#5045=ADVANCED_FACE('',(#4657),#90,.T.);
#5046=ADVANCED_FACE('',(#4658),#23,.T.);
#5047=ADVANCED_FACE('',(#4659),#24,.T.);
#5048=ADVANCED_FACE('',(#4660),#91,.T.);
#5049=ADVANCED_FACE('',(#4661),#92,.T.);
#5050=ADVANCED_FACE('',(#4662),#25,.T.);
#5051=ADVANCED_FACE('',(#4663),#26,.T.);
#5052=ADVANCED_FACE('',(#4664),#4866,.T.);
#5053=ADVANCED_FACE('',(#4665),#4867,.T.);
#5054=ADVANCED_FACE('',(#4666),#4868,.T.);
#5055=ADVANCED_FACE('',(#4667),#93,.F.);
#5056=ADVANCED_FACE('',(#4668),#94,.F.);
#5057=ADVANCED_FACE('',(#4669),#95,.F.);
#5058=ADVANCED_FACE('',(#4670),#27,.T.);
#5059=ADVANCED_FACE('',(#4671),#28,.T.);
#5060=ADVANCED_FACE('',(#4672),#96,.F.);
#5061=ADVANCED_FACE('',(#4673),#4869,.T.);
#5062=ADVANCED_FACE('',(#4674),#4870,.T.);
#5063=ADVANCED_FACE('',(#4675),#4871,.T.);
#5064=ADVANCED_FACE('',(#4676),#4872,.T.);
#5065=ADVANCED_FACE('',(#4677),#4873,.T.);
#5066=ADVANCED_FACE('',(#4678),#97,.F.);
#5067=ADVANCED_FACE('',(#4679),#98,.F.);
#5068=ADVANCED_FACE('',(#4680),#4874,.T.);
#5069=ADVANCED_FACE('',(#4681),#99,.F.);
#5070=ADVANCED_FACE('',(#4682),#100,.F.);
#5071=ADVANCED_FACE('',(#4683),#4875,.T.);
#5072=ADVANCED_FACE('',(#4684),#4876,.T.);
#5073=ADVANCED_FACE('',(#4685),#101,.T.);
#5074=ADVANCED_FACE('',(#4686),#102,.T.);
#5075=ADVANCED_FACE('',(#4687),#103,.T.);
#5076=ADVANCED_FACE('',(#4688),#29,.T.);
#5077=ADVANCED_FACE('',(#4689),#4877,.T.);
#5078=ADVANCED_FACE('',(#4690),#4878,.T.);
#5079=ADVANCED_FACE('',(#4691),#4879,.T.);
#5080=ADVANCED_FACE('',(#4692),#4880,.T.);
#5081=ADVANCED_FACE('',(#4693),#30,.T.);
#5082=ADVANCED_FACE('',(#4694),#104,.F.);
#5083=ADVANCED_FACE('',(#4695),#31,.T.);
#5084=ADVANCED_FACE('',(#4696),#105,.F.);
#5085=ADVANCED_FACE('',(#4697),#4881,.T.);
#5086=ADVANCED_FACE('',(#4698),#106,.T.);
#5087=ADVANCED_FACE('',(#4699),#32,.T.);
#5088=ADVANCED_FACE('',(#4700),#33,.T.);
#5089=ADVANCED_FACE('',(#4701),#34,.T.);
#5090=ADVANCED_FACE('',(#4702),#35,.T.);
#5091=ADVANCED_FACE('',(#4703),#36,.T.);
#5092=ADVANCED_FACE('',(#4704),#37,.T.);
#5093=ADVANCED_FACE('',(#4705),#107,.T.);
#5094=ADVANCED_FACE('',(#4706),#4882,.T.);
#5095=ADVANCED_FACE('',(#4707),#108,.F.);
#5096=ADVANCED_FACE('',(#4708),#109,.F.);
#5097=ADVANCED_FACE('',(#4709),#38,.T.);
#5098=ADVANCED_FACE('',(#4710),#39,.T.);
#5099=ADVANCED_FACE('',(#4711),#110,.T.);
#5100=ADVANCED_FACE('',(#4712),#4883,.T.);
#5101=ADVANCED_FACE('',(#4713),#40,.T.);
#5102=ADVANCED_FACE('',(#4714),#4884,.T.);
#5103=ADVANCED_FACE('',(#4715),#4885,.T.);
#5104=ADVANCED_FACE('',(#4716),#111,.F.);
#5105=ADVANCED_FACE('',(#4717),#112,.F.);
#5106=ADVANCED_FACE('',(#4718),#4886,.T.);
#5107=ADVANCED_FACE('',(#4719),#4887,.T.);
#5108=ADVANCED_FACE('',(#4720),#113,.T.);
#5109=ADVANCED_FACE('',(#4721),#4888,.T.);
#5110=ADVANCED_FACE('',(#4722),#114,.F.);
#5111=ADVANCED_FACE('',(#4723),#4889,.T.);
#5112=ADVANCED_FACE('',(#4724),#4890,.T.);
#5113=ADVANCED_FACE('',(#4725),#4891,.T.);
#5114=ADVANCED_FACE('',(#4726),#115,.T.);
#5115=ADVANCED_FACE('',(#4727),#116,.T.);
#5116=ADVANCED_FACE('',(#4728),#41,.T.);
#5117=ADVANCED_FACE('',(#4729),#42,.T.);
#5118=ADVANCED_FACE('',(#4730),#117,.T.);
#5119=ADVANCED_FACE('',(#4731),#118,.T.);
#5120=ADVANCED_FACE('',(#4732),#43,.T.);
#5121=ADVANCED_FACE('',(#4733),#44,.T.);
#5122=ADVANCED_FACE('',(#4734),#4892,.T.);
#5123=ADVANCED_FACE('',(#4735),#4893,.T.);
#5124=ADVANCED_FACE('',(#4736),#4894,.T.);
#5125=ADVANCED_FACE('',(#4737),#119,.F.);
#5126=ADVANCED_FACE('',(#4738),#120,.F.);
#5127=ADVANCED_FACE('',(#4739),#121,.F.);
#5128=ADVANCED_FACE('',(#4740),#45,.T.);
#5129=ADVANCED_FACE('',(#4741),#46,.T.);
#5130=ADVANCED_FACE('',(#4742),#122,.F.);
#5131=ADVANCED_FACE('',(#4743),#4895,.T.);
#5132=ADVANCED_FACE('',(#4744),#4896,.T.);
#5133=ADVANCED_FACE('',(#4745),#4897,.T.);
#5134=ADVANCED_FACE('',(#4746),#4898,.T.);
#5135=ADVANCED_FACE('',(#4747),#4899,.T.);
#5136=ADVANCED_FACE('',(#4748),#4900,.T.);
#5137=ADVANCED_FACE('',(#4749),#4901,.T.);
#5138=ADVANCED_FACE('',(#4750),#4902,.T.);
#5139=ADVANCED_FACE('',(#4751),#4903,.T.);
#5140=ADVANCED_FACE('',(#4752),#47,.T.);
#5141=ADVANCED_FACE('',(#4753),#123,.F.);
#5142=ADVANCED_FACE('',(#4754),#48,.T.);
#5143=ADVANCED_FACE('',(#4755),#124,.F.);
#5144=ADVANCED_FACE('',(#4756),#49,.T.);
#5145=ADVANCED_FACE('',(#4757),#50,.T.);
#5146=ADVANCED_FACE('',(#4758),#51,.T.);
#5147=ADVANCED_FACE('',(#4759),#52,.T.);
#5148=ADVANCED_FACE('',(#4760),#53,.T.);
#5149=ADVANCED_FACE('',(#4761),#125,.F.);
#5150=ADVANCED_FACE('',(#4762),#4904,.T.);
#5151=ADVANCED_FACE('',(#4763),#4905,.T.);
#5152=ADVANCED_FACE('',(#4764),#4906,.T.);
#5153=ADVANCED_FACE('',(#4765),#54,.T.);
#5154=ADVANCED_FACE('',(#4766),#55,.T.);
#5155=ADVANCED_FACE('',(#4767),#126,.T.);
#5156=ADVANCED_FACE('',(#4768),#127,.T.);
#5157=ADVANCED_FACE('',(#4769),#56,.T.);
#5158=ADVANCED_FACE('',(#4770),#57,.T.);
#5159=ADVANCED_FACE('',(#4771),#4907,.T.);
#5160=ADVANCED_FACE('',(#4772),#4908,.T.);
#5161=ADVANCED_FACE('',(#4773),#4909,.T.);
#5162=CLOSED_SHELL('',(#4910,#4911,#4912,#4913,#4914,#4915,#4916,#4917,
#4918,#4919,#4920,#4921,#4922,#4923,#4924,#4925,#4926,#4927,#4928,#4929,
#4930,#4931,#4932,#4933,#4934,#4935,#4936,#4937,#4938,#4939,#4940,#4941,
#4942,#4943,#4944,#4945,#4946,#4947,#4948,#4949,#4950,#4951,#4952,#4953,
#4954,#4955,#4956,#4957,#4958,#4959,#4960,#4961,#4962,#4963,#4964,#4965,
#4966,#4967,#4968,#4969,#4970,#4971,#4972,#4973,#4974,#4975,#4976,#4977,
#4978,#4979,#4980,#4981,#4982,#4983,#4984,#4985,#4986,#4987,#4988,#4989,
#4990,#4991,#4992,#4993,#4994,#4995,#4996,#4997,#4998,#4999,#5000,#5001,
#5002,#5003,#5004,#5005,#5006,#5007,#5008,#5009,#5010,#5011,#5012,#5013,
#5014,#5015,#5016,#5017,#5018,#5019,#5020,#5021,#5022,#5023,#5024,#5025,
#5026,#5027,#5028,#5029,#5030,#5031,#5032,#5033,#5034,#5035,#5036,#5037,
#5038,#5039,#5040,#5041,#5042,#5043,#5044,#5045,#5046,#5047,#5048,#5049,
#5050,#5051,#5052,#5053,#5054,#5055,#5056,#5057,#5058,#5059,#5060,#5061,
#5062,#5063,#5064,#5065,#5066,#5067,#5068,#5069,#5070,#5071,#5072,#5073,
#5074,#5075,#5076,#5077,#5078,#5079,#5080,#5081,#5082,#5083,#5084,#5085,
#5086,#5087,#5088,#5089,#5090,#5091,#5092,#5093,#5094,#5095,#5096,#5097,
#5098,#5099,#5100,#5101,#5102,#5103,#5104,#5105,#5106,#5107,#5108,#5109,
#5110,#5111,#5112,#5113,#5114,#5115,#5116,#5117,#5118,#5119,#5120,#5121,
#5122,#5123,#5124,#5125,#5126,#5127,#5128,#5129,#5130,#5131,#5132,#5133,
#5134,#5135,#5136,#5137,#5138,#5139,#5140,#5141,#5142,#5143,#5144,#5145,
#5146,#5147,#5148,#5149,#5150,#5151,#5152,#5153,#5154,#5155,#5156,#5157,
#5158,#5159,#5160,#5161));
#5163=STYLED_ITEM('',(#5164),#5171);
#5164=PRESENTATION_STYLE_ASSIGNMENT((#5165));
#5165=SURFACE_STYLE_USAGE(.BOTH.,#5166);
#5166=SURFACE_SIDE_STYLE('',(#5167));
#5167=SURFACE_STYLE_FILL_AREA(#5168);
#5168=FILL_AREA_STYLE('',(#5169));
#5169=FILL_AREA_STYLE_COLOUR('',#5170);
#5170=COLOUR_RGB('',0.615686274509804,0.811764705882353,0.929411764705882);
#5171=MANIFOLD_SOLID_BREP('STAR GRID',#5162);
#5172=SHAPE_DEFINITION_REPRESENTATION(#8748,#5173);
#5173=SHAPE_REPRESENTATION('STAR GRID',(#5174),#8743);
#5174=AXIS2_PLACEMENT_3D('',#6733,#5521,#5522);
#5175=AXIS2_PLACEMENT_3D('',#6734,#5523,#5524);
#5176=AXIS2_PLACEMENT_3D('',#6839,#5577,#5578);
#5177=AXIS2_PLACEMENT_3D('',#6842,#5579,#5580);
#5178=AXIS2_PLACEMENT_3D('',#6844,#5581,#5582);
#5179=AXIS2_PLACEMENT_3D('',#6846,#5583,#5584);
#5180=AXIS2_PLACEMENT_3D('',#6848,#5585,#5586);
#5181=AXIS2_PLACEMENT_3D('',#6856,#5588,#5589);
#5182=AXIS2_PLACEMENT_3D('',#6862,#5590,#5591);
#5183=AXIS2_PLACEMENT_3D('',#6865,#5593,#5594);
#5184=AXIS2_PLACEMENT_3D('',#6876,#5595,#5596);
#5185=AXIS2_PLACEMENT_3D('',#6878,#5597,#5598);
#5186=AXIS2_PLACEMENT_3D('',#6880,#5599,#5600);
#5187=AXIS2_PLACEMENT_3D('',#6884,#5602,#5603);
#5188=AXIS2_PLACEMENT_3D('',#6894,#5604,#5605);
#5189=AXIS2_PLACEMENT_3D('',#6898,#5607,#5608);
#5190=AXIS2_PLACEMENT_3D('',#6900,#5609,#5610);
#5191=AXIS2_PLACEMENT_3D('',#6901,#5611,#5612);
#5192=AXIS2_PLACEMENT_3D('',#6906,#5614,#5615);
#5193=AXIS2_PLACEMENT_3D('',#6908,#5616,#5617);
#5194=AXIS2_PLACEMENT_3D('',#6910,#5618,#5619);
#5195=AXIS2_PLACEMENT_3D('',#6912,#5620,#5621);
#5196=AXIS2_PLACEMENT_3D('',#6920,#5625,#5626);
#5197=AXIS2_PLACEMENT_3D('',#6922,#5627,#5628);
#5198=AXIS2_PLACEMENT_3D('',#6924,#5629,#5630);
#5199=AXIS2_PLACEMENT_3D('',#6932,#5632,#5633);
#5200=AXIS2_PLACEMENT_3D('',#6934,#5634,#5635);
#5201=AXIS2_PLACEMENT_3D('',#6936,#5636,#5637);
#5202=AXIS2_PLACEMENT_3D('',#6942,#5638,#5639);
#5203=AXIS2_PLACEMENT_3D('',#6944,#5640,#5641);
#5204=AXIS2_PLACEMENT_3D('',#6946,#5642,#5643);
#5205=AXIS2_PLACEMENT_3D('',#7007,#5668,#5669);
#5206=AXIS2_PLACEMENT_3D('',#7016,#5673,#5674);
#5207=AXIS2_PLACEMENT_3D('',#7018,#5675,#5676);
#5208=AXIS2_PLACEMENT_3D('',#7026,#5680,#5681);
#5209=AXIS2_PLACEMENT_3D('',#7028,#5682,#5683);
#5210=AXIS2_PLACEMENT_3D('',#7038,#5684,#5685);
#5211=AXIS2_PLACEMENT_3D('',#7040,#5686,#5687);
#5212=AXIS2_PLACEMENT_3D('',#7056,#5691,#5692);
#5213=AXIS2_PLACEMENT_3D('',#7058,#5693,#5694);
#5214=AXIS2_PLACEMENT_3D('',#7060,#5695,#5696);
#5215=AXIS2_PLACEMENT_3D('',#7084,#5704,#5705);
#5216=AXIS2_PLACEMENT_3D('',#7086,#5706,#5707);
#5217=AXIS2_PLACEMENT_3D('',#7088,#5708,#5709);
#5218=AXIS2_PLACEMENT_3D('',#7090,#5710,#5711);
#5219=AXIS2_PLACEMENT_3D('',#7096,#5714,#5715);
#5220=AXIS2_PLACEMENT_3D('',#7098,#5716,#5717);
#5221=AXIS2_PLACEMENT_3D('',#7100,#5718,#5719);
#5222=AXIS2_PLACEMENT_3D('',#7126,#5722,#5723);
#5223=AXIS2_PLACEMENT_3D('',#7128,#5724,#5725);
#5224=AXIS2_PLACEMENT_3D('',#7132,#5727,#5728);
#5225=AXIS2_PLACEMENT_3D('',#7158,#5729,#5730);
#5226=AXIS2_PLACEMENT_3D('',#7162,#5732,#5733);
#5227=AXIS2_PLACEMENT_3D('',#7164,#5734,#5735);
#5228=AXIS2_PLACEMENT_3D('',#7165,#5736,#5737);
#5229=AXIS2_PLACEMENT_3D('',#7174,#5739,#5740);
#5230=AXIS2_PLACEMENT_3D('',#7182,#5744,#5745);
#5231=AXIS2_PLACEMENT_3D('',#7183,#5746,#5747);
#5232=AXIS2_PLACEMENT_3D('',#7192,#5751,#5752);
#5233=AXIS2_PLACEMENT_3D('',#7194,#5753,#5754);
#5234=AXIS2_PLACEMENT_3D('',#7202,#5758,#5759);
#5235=AXIS2_PLACEMENT_3D('',#7204,#5760,#5761);
#5236=AXIS2_PLACEMENT_3D('',#7214,#5762,#5763);
#5237=AXIS2_PLACEMENT_3D('',#7216,#5764,#5765);
#5238=AXIS2_PLACEMENT_3D('',#7232,#5769,#5770);
#5239=AXIS2_PLACEMENT_3D('',#7234,#5771,#5772);
#5240=AXIS2_PLACEMENT_3D('',#7236,#5773,#5774);
#5241=AXIS2_PLACEMENT_3D('',#7274,#5785,#5786);
#5242=AXIS2_PLACEMENT_3D('',#7276,#5787,#5788);
#5243=AXIS2_PLACEMENT_3D('',#7298,#5789,#5790);
#5244=AXIS2_PLACEMENT_3D('',#7314,#5794,#5795);
#5245=AXIS2_PLACEMENT_3D('',#7316,#5796,#5797);
#5246=AXIS2_PLACEMENT_3D('',#7327,#5799,#5800);
#5247=AXIS2_PLACEMENT_3D('',#7339,#5806,#5807);
#5248=AXIS2_PLACEMENT_3D('',#7349,#5808,#5809);
#5249=AXIS2_PLACEMENT_3D('',#7351,#5810,#5811);
#5250=AXIS2_PLACEMENT_3D('',#7353,#5812,#5813);
#5251=AXIS2_PLACEMENT_3D('',#7369,#5817,#5818);
#5252=AXIS2_PLACEMENT_3D('',#7371,#5819,#5820);
#5253=AXIS2_PLACEMENT_3D('',#7381,#5821,#5822);
#5254=AXIS2_PLACEMENT_3D('',#7383,#5823,#5824);
#5255=AXIS2_PLACEMENT_3D('',#7391,#5828,#5829);
#5256=AXIS2_PLACEMENT_3D('',#7393,#5830,#5831);
#5257=AXIS2_PLACEMENT_3D('',#7407,#5834,#5835);
#5258=AXIS2_PLACEMENT_3D('',#7409,#5836,#5837);
#5259=AXIS2_PLACEMENT_3D('',#7413,#5839,#5840);
#5260=AXIS2_PLACEMENT_3D('',#7439,#5841,#5842);
#5261=AXIS2_PLACEMENT_3D('',#7443,#5844,#5845);
#5262=AXIS2_PLACEMENT_3D('',#7445,#5846,#5847);
#5263=AXIS2_PLACEMENT_3D('',#7499,#5862,#5863);
#5264=AXIS2_PLACEMENT_3D('',#7501,#5864,#5865);
#5265=AXIS2_PLACEMENT_3D('',#7503,#5866,#5867);
#5266=AXIS2_PLACEMENT_3D('',#7509,#5868,#5869);
#5267=AXIS2_PLACEMENT_3D('',#7511,#5870,#5871);
#5268=AXIS2_PLACEMENT_3D('',#7513,#5872,#5873);
#5269=AXIS2_PLACEMENT_3D('',#7519,#5874,#5875);
#5270=AXIS2_PLACEMENT_3D('',#7521,#5876,#5877);
#5271=AXIS2_PLACEMENT_3D('',#7523,#5878,#5879);
#5272=AXIS2_PLACEMENT_3D('',#7527,#5881,#5882);
#5273=AXIS2_PLACEMENT_3D('',#7537,#5883,#5884);
#5274=AXIS2_PLACEMENT_3D('',#7541,#5886,#5887);
#5275=AXIS2_PLACEMENT_3D('',#7543,#5888,#5889);
#5276=AXIS2_PLACEMENT_3D('',#7545,#5890,#5891);
#5277=AXIS2_PLACEMENT_3D('',#7654,#5944,#5945);
#5278=AXIS2_PLACEMENT_3D('',#7657,#5946,#5947);
#5279=AXIS2_PLACEMENT_3D('',#7661,#5949,#5950);
#5280=AXIS2_PLACEMENT_3D('',#7667,#5951,#5952);
#5281=AXIS2_PLACEMENT_3D('',#7675,#5954,#5955);
#5282=AXIS2_PLACEMENT_3D('',#7677,#5956,#5957);
#5283=AXIS2_PLACEMENT_3D('',#7679,#5958,#5959);
#5284=AXIS2_PLACEMENT_3D('',#7683,#5961,#5962);
#5285=AXIS2_PLACEMENT_3D('',#7685,#5963,#5964);
#5286=AXIS2_PLACEMENT_3D('',#7687,#5965,#5966);
#5287=AXIS2_PLACEMENT_3D('',#7689,#5967,#5968);
#5288=AXIS2_PLACEMENT_3D('',#7697,#5972,#5973);
#5289=AXIS2_PLACEMENT_3D('',#7699,#5974,#5975);
#5290=AXIS2_PLACEMENT_3D('',#7701,#5976,#5977);
#5291=AXIS2_PLACEMENT_3D('',#7703,#5978,#5979);
#5292=AXIS2_PLACEMENT_3D('',#7737,#5996,#5997);
#5293=AXIS2_PLACEMENT_3D('',#7747,#5998,#5999);
#5294=AXIS2_PLACEMENT_3D('',#7749,#6000,#6001);
#5295=AXIS2_PLACEMENT_3D('',#7751,#6002,#6003);
#5296=AXIS2_PLACEMENT_3D('',#7767,#6007,#6008);
#5297=AXIS2_PLACEMENT_3D('',#7769,#6009,#6010);
#5298=AXIS2_PLACEMENT_3D('',#7779,#6011,#6012);
#5299=AXIS2_PLACEMENT_3D('',#7781,#6013,#6014);
#5300=AXIS2_PLACEMENT_3D('',#7789,#6018,#6019);
#5301=AXIS2_PLACEMENT_3D('',#7791,#6020,#6021);
#5302=AXIS2_PLACEMENT_3D('',#7809,#6028,#6029);
#5303=AXIS2_PLACEMENT_3D('',#7811,#6030,#6031);
#5304=AXIS2_PLACEMENT_3D('',#7813,#6032,#6033);
#5305=AXIS2_PLACEMENT_3D('',#7819,#6036,#6037);
#5306=AXIS2_PLACEMENT_3D('',#7821,#6038,#6039);
#5307=AXIS2_PLACEMENT_3D('',#7823,#6040,#6041);
#5308=AXIS2_PLACEMENT_3D('',#7825,#6042,#6043);
#5309=AXIS2_PLACEMENT_3D('',#7831,#6046,#6047);
#5310=AXIS2_PLACEMENT_3D('',#7833,#6048,#6049);
#5311=AXIS2_PLACEMENT_3D('',#7841,#6053,#6054);
#5312=AXIS2_PLACEMENT_3D('',#7869,#6062,#6063);
#5313=AXIS2_PLACEMENT_3D('',#7871,#6064,#6065);
#5314=AXIS2_PLACEMENT_3D('',#7887,#6069,#6070);
#5315=AXIS2_PLACEMENT_3D('',#7909,#6071,#6072);
#5316=AXIS2_PLACEMENT_3D('',#7911,#6073,#6074);
#5317=AXIS2_PLACEMENT_3D('',#7920,#6075,#6076);
#5318=AXIS2_PLACEMENT_3D('',#7923,#6079,#6080);
#5319=AXIS2_PLACEMENT_3D('',#7925,#6082,#6083);
#5320=AXIS2_PLACEMENT_3D('',#7928,#6086,#6087);
#5321=AXIS2_PLACEMENT_3D('',#7930,#6089,#6090);
#5322=AXIS2_PLACEMENT_3D('',#7933,#6093,#6094);
#5323=AXIS2_PLACEMENT_3D('',#7935,#6096,#6097);
#5324=AXIS2_PLACEMENT_3D('',#7938,#6100,#6101);
#5325=AXIS2_PLACEMENT_3D('',#7940,#6103,#6104);
#5326=AXIS2_PLACEMENT_3D('',#7943,#6107,#6108);
#5327=AXIS2_PLACEMENT_3D('',#7945,#6110,#6111);
#5328=AXIS2_PLACEMENT_3D('',#7948,#6114,#6115);
#5329=AXIS2_PLACEMENT_3D('',#7950,#6117,#6118);
#5330=AXIS2_PLACEMENT_3D('',#7953,#6121,#6122);
#5331=AXIS2_PLACEMENT_3D('',#7955,#6124,#6125);
#5332=AXIS2_PLACEMENT_3D('',#7958,#6128,#6129);
#5333=AXIS2_PLACEMENT_3D('',#7960,#6131,#6132);
#5334=AXIS2_PLACEMENT_3D('',#7962,#6134,#6135);
#5335=AXIS2_PLACEMENT_3D('',#7965,#6138,#6139);
#5336=AXIS2_PLACEMENT_3D('',#7967,#6141,#6142);
#5337=AXIS2_PLACEMENT_3D('',#7969,#6144,#6145);
#5338=AXIS2_PLACEMENT_3D('',#7971,#6147,#6148);
#5339=AXIS2_PLACEMENT_3D('',#7974,#6151,#6152);
#5340=AXIS2_PLACEMENT_3D('',#7976,#6154,#6155);
#5341=AXIS2_PLACEMENT_3D('',#7978,#6157,#6158);
#5342=AXIS2_PLACEMENT_3D('',#7980,#6160,#6161);
#5343=AXIS2_PLACEMENT_3D('',#7983,#6164,#6165);
#5344=AXIS2_PLACEMENT_3D('',#7985,#6167,#6168);
#5345=AXIS2_PLACEMENT_3D('',#7987,#6170,#6171);
#5346=AXIS2_PLACEMENT_3D('',#7990,#6174,#6175);
#5347=AXIS2_PLACEMENT_3D('',#7992,#6177,#6178);
#5348=AXIS2_PLACEMENT_3D('',#7995,#6181,#6182);
#5349=AXIS2_PLACEMENT_3D('',#7997,#6184,#6185);
#5350=AXIS2_PLACEMENT_3D('',#8000,#6188,#6189);
#5351=AXIS2_PLACEMENT_3D('',#8002,#6191,#6192);
#5352=AXIS2_PLACEMENT_3D('',#8005,#6195,#6196);
#5353=AXIS2_PLACEMENT_3D('',#8007,#6198,#6199);
#5354=AXIS2_PLACEMENT_3D('',#8009,#6201,#6202);
#5355=AXIS2_PLACEMENT_3D('',#8010,#6203,#6204);
#5356=AXIS2_PLACEMENT_3D('',#8011,#6205,#6206);
#5357=AXIS2_PLACEMENT_3D('',#8012,#6207,#6208);
#5358=AXIS2_PLACEMENT_3D('',#8013,#6209,#6210);
#5359=AXIS2_PLACEMENT_3D('',#8014,#6211,#6212);
#5360=AXIS2_PLACEMENT_3D('',#8015,#6213,#6214);
#5361=AXIS2_PLACEMENT_3D('',#8016,#6215,#6216);
#5362=AXIS2_PLACEMENT_3D('',#8017,#6217,#6218);
#5363=AXIS2_PLACEMENT_3D('',#8018,#6219,#6220);
#5364=AXIS2_PLACEMENT_3D('',#8019,#6221,#6222);
#5365=AXIS2_PLACEMENT_3D('',#8020,#6223,#6224);
#5366=AXIS2_PLACEMENT_3D('',#8021,#6225,#6226);
#5367=AXIS2_PLACEMENT_3D('',#8022,#6227,#6228);
#5368=AXIS2_PLACEMENT_3D('',#8023,#6229,#6230);
#5369=AXIS2_PLACEMENT_3D('',#8024,#6231,#6232);
#5370=AXIS2_PLACEMENT_3D('',#8027,#6235,#6236);
#5371=AXIS2_PLACEMENT_3D('',#8029,#6238,#6239);
#5372=AXIS2_PLACEMENT_3D('',#8040,#6242,#6243);
#5373=AXIS2_PLACEMENT_3D('',#8042,#6245,#6246);
#5374=AXIS2_PLACEMENT_3D('',#8053,#6249,#6250);
#5375=AXIS2_PLACEMENT_3D('',#8055,#6252,#6253);
#5376=AXIS2_PLACEMENT_3D('',#8057,#6255,#6256);
#5377=AXIS2_PLACEMENT_3D('',#8059,#6258,#6259);
#5378=AXIS2_PLACEMENT_3D('',#8060,#6260,#6261);
#5379=AXIS2_PLACEMENT_3D('',#8063,#6264,#6265);
#5380=AXIS2_PLACEMENT_3D('',#8074,#6268,#6269);
#5381=AXIS2_PLACEMENT_3D('',#8076,#6271,#6272);
#5382=AXIS2_PLACEMENT_3D('',#8078,#6274,#6275);
#5383=AXIS2_PLACEMENT_3D('',#8098,#6279,#6280);
#5384=AXIS2_PLACEMENT_3D('',#8100,#6282,#6283);
#5385=AXIS2_PLACEMENT_3D('',#8102,#6285,#6286);
#5386=AXIS2_PLACEMENT_3D('',#8104,#6288,#6289);
#5387=AXIS2_PLACEMENT_3D('',#8106,#6291,#6292);
#5388=AXIS2_PLACEMENT_3D('',#8116,#6294,#6295);
#5389=AXIS2_PLACEMENT_3D('',#8119,#6298,#6299);
#5390=AXIS2_PLACEMENT_3D('',#8121,#6301,#6302);
#5391=AXIS2_PLACEMENT_3D('',#8123,#6304,#6305);
#5392=AXIS2_PLACEMENT_3D('',#8125,#6307,#6308);
#5393=AXIS2_PLACEMENT_3D('',#8127,#6310,#6311);
#5394=AXIS2_PLACEMENT_3D('',#8129,#6313,#6314);
#5395=AXIS2_PLACEMENT_3D('',#8131,#6316,#6317);
#5396=AXIS2_PLACEMENT_3D('',#8133,#6319,#6320);
#5397=AXIS2_PLACEMENT_3D('',#8135,#6322,#6323);
#5398=AXIS2_PLACEMENT_3D('',#8137,#6325,#6326);
#5399=AXIS2_PLACEMENT_3D('',#8139,#6328,#6329);
#5400=AXIS2_PLACEMENT_3D('',#8140,#6330,#6331);
#5401=AXIS2_PLACEMENT_3D('',#8143,#6334,#6335);
#5402=AXIS2_PLACEMENT_3D('',#8145,#6337,#6338);
#5403=AXIS2_PLACEMENT_3D('',#8156,#6341,#6342);
#5404=AXIS2_PLACEMENT_3D('',#8158,#6344,#6345);
#5405=AXIS2_PLACEMENT_3D('',#8160,#6347,#6348);
#5406=AXIS2_PLACEMENT_3D('',#8171,#6351,#6352);
#5407=AXIS2_PLACEMENT_3D('',#8200,#6357,#6358);
#5408=AXIS2_PLACEMENT_3D('',#8201,#6359,#6360);
#5409=AXIS2_PLACEMENT_3D('',#8204,#6363,#6364);
#5410=AXIS2_PLACEMENT_3D('',#8206,#6366,#6367);
#5411=AXIS2_PLACEMENT_3D('',#8208,#6369,#6370);
#5412=AXIS2_PLACEMENT_3D('',#8210,#6372,#6373);
#5413=AXIS2_PLACEMENT_3D('',#8212,#6375,#6376);
#5414=AXIS2_PLACEMENT_3D('',#8214,#6378,#6379);
#5415=AXIS2_PLACEMENT_3D('',#8216,#6381,#6382);
#5416=AXIS2_PLACEMENT_3D('',#8217,#6383,#6384);
#5417=AXIS2_PLACEMENT_3D('',#8220,#6387,#6388);
#5418=AXIS2_PLACEMENT_3D('',#8222,#6390,#6391);
#5419=AXIS2_PLACEMENT_3D('',#8224,#6393,#6394);
#5420=AXIS2_PLACEMENT_3D('',#8225,#6395,#6396);
#5421=AXIS2_PLACEMENT_3D('',#8228,#6399,#6400);
#5422=AXIS2_PLACEMENT_3D('',#8230,#6402,#6403);
#5423=AXIS2_PLACEMENT_3D('',#8232,#6405,#6406);
#5424=AXIS2_PLACEMENT_3D('',#8234,#6408,#6409);
#5425=AXIS2_PLACEMENT_3D('',#8236,#6411,#6412);
#5426=AXIS2_PLACEMENT_3D('',#8238,#6414,#6415);
#5427=AXIS2_PLACEMENT_3D('',#8239,#6416,#6417);
#5428=AXIS2_PLACEMENT_3D('',#8242,#6420,#6421);
#5429=AXIS2_PLACEMENT_3D('',#8244,#6423,#6424);
#5430=AXIS2_PLACEMENT_3D('',#8246,#6426,#6427);
#5431=AXIS2_PLACEMENT_3D('',#8247,#6428,#6429);
#5432=AXIS2_PLACEMENT_3D('',#8250,#6432,#6433);
#5433=AXIS2_PLACEMENT_3D('',#8252,#6435,#6436);
#5434=AXIS2_PLACEMENT_3D('',#8254,#6438,#6439);
#5435=AXIS2_PLACEMENT_3D('',#8256,#6441,#6442);
#5436=AXIS2_PLACEMENT_3D('',#8258,#6444,#6445);
#5437=AXIS2_PLACEMENT_3D('',#8260,#6447,#6448);
#5438=AXIS2_PLACEMENT_3D('',#8262,#6450,#6451);
#5439=AXIS2_PLACEMENT_3D('',#8264,#6453,#6454);
#5440=AXIS2_PLACEMENT_3D('',#8284,#6458,#6459);
#5441=AXIS2_PLACEMENT_3D('',#8286,#6461,#6462);
#5442=AXIS2_PLACEMENT_3D('',#8306,#6466,#6467);
#5443=AXIS2_PLACEMENT_3D('',#8308,#6469,#6470);
#5444=AXIS2_PLACEMENT_3D('',#8310,#6472,#6473);
#5445=AXIS2_PLACEMENT_3D('',#8312,#6475,#6476);
#5446=AXIS2_PLACEMENT_3D('',#8314,#6478,#6479);
#5447=AXIS2_PLACEMENT_3D('',#8316,#6481,#6482);
#5448=AXIS2_PLACEMENT_3D('',#8336,#6486,#6487);
#5449=AXIS2_PLACEMENT_3D('',#8338,#6489,#6490);
#5450=AXIS2_PLACEMENT_3D('',#8339,#6491,#6492);
#5451=AXIS2_PLACEMENT_3D('',#8342,#6495,#6496);
#5452=AXIS2_PLACEMENT_3D('',#8344,#6498,#6499);
#5453=AXIS2_PLACEMENT_3D('',#8346,#6501,#6502);
#5454=AXIS2_PLACEMENT_3D('',#8347,#6503,#6504);
#5455=AXIS2_PLACEMENT_3D('',#8350,#6507,#6508);
#5456=AXIS2_PLACEMENT_3D('',#8352,#6510,#6511);
#5457=AXIS2_PLACEMENT_3D('',#8354,#6513,#6514);
#5458=AXIS2_PLACEMENT_3D('',#8356,#6516,#6517);
#5459=AXIS2_PLACEMENT_3D('',#8358,#6519,#6520);
#5460=AXIS2_PLACEMENT_3D('',#8360,#6522,#6523);
#5461=AXIS2_PLACEMENT_3D('',#8362,#6525,#6526);
#5462=AXIS2_PLACEMENT_3D('',#8364,#6528,#6529);
#5463=AXIS2_PLACEMENT_3D('',#8366,#6531,#6532);
#5464=AXIS2_PLACEMENT_3D('',#8377,#6535,#6536);
#5465=AXIS2_PLACEMENT_3D('',#8379,#6538,#6539);
#5466=AXIS2_PLACEMENT_3D('',#8381,#6541,#6542);
#5467=AXIS2_PLACEMENT_3D('',#8383,#6544,#6545);
#5468=AXIS2_PLACEMENT_3D('',#8394,#6548,#6549);
#5469=AXIS2_PLACEMENT_3D('',#8405,#6552,#6553);
#5470=AXIS2_PLACEMENT_3D('',#8407,#6555,#6556);
#5471=AXIS2_PLACEMENT_3D('',#8409,#6558,#6559);
#5472=AXIS2_PLACEMENT_3D('',#8465,#6567,#6568);
#5473=AXIS2_PLACEMENT_3D('',#8467,#6570,#6571);
#5474=AXIS2_PLACEMENT_3D('',#8469,#6573,#6574);
#5475=AXIS2_PLACEMENT_3D('',#8471,#6576,#6577);
#5476=AXIS2_PLACEMENT_3D('',#8490,#6580,#6581);
#5477=AXIS2_PLACEMENT_3D('',#8493,#6584,#6585);
#5478=AXIS2_PLACEMENT_3D('',#8504,#6588,#6589);
#5479=AXIS2_PLACEMENT_3D('',#8506,#6591,#6592);
#5480=AXIS2_PLACEMENT_3D('',#8508,#6594,#6595);
#5481=AXIS2_PLACEMENT_3D('',#8510,#6597,#6598);
#5482=AXIS2_PLACEMENT_3D('',#8512,#6600,#6601);
#5483=AXIS2_PLACEMENT_3D('',#8513,#6602,#6603);
#5484=AXIS2_PLACEMENT_3D('',#8516,#6606,#6607);
#5485=AXIS2_PLACEMENT_3D('',#8518,#6609,#6610);
#5486=AXIS2_PLACEMENT_3D('',#8520,#6612,#6613);
#5487=AXIS2_PLACEMENT_3D('',#8522,#6615,#6616);
#5488=AXIS2_PLACEMENT_3D('',#8524,#6618,#6619);
#5489=AXIS2_PLACEMENT_3D('',#8526,#6621,#6622);
#5490=AXIS2_PLACEMENT_3D('',#8528,#6624,#6625);
#5491=AXIS2_PLACEMENT_3D('',#8530,#6627,#6628);
#5492=AXIS2_PLACEMENT_3D('',#8550,#6632,#6633);
#5493=AXIS2_PLACEMENT_3D('',#8552,#6635,#6636);
#5494=AXIS2_PLACEMENT_3D('',#8572,#6640,#6641);
#5495=AXIS2_PLACEMENT_3D('',#8574,#6643,#6644);
#5496=AXIS2_PLACEMENT_3D('',#8576,#6646,#6647);
#5497=AXIS2_PLACEMENT_3D('',#8578,#6649,#6650);
#5498=AXIS2_PLACEMENT_3D('',#8580,#6652,#6653);
#5499=AXIS2_PLACEMENT_3D('',#8582,#6655,#6656);
#5500=AXIS2_PLACEMENT_3D('',#8602,#6660,#6661);
#5501=AXIS2_PLACEMENT_3D('',#8604,#6663,#6664);
#5502=AXIS2_PLACEMENT_3D('',#8605,#6665,#6666);
#5503=AXIS2_PLACEMENT_3D('',#8608,#6669,#6670);
#5504=AXIS2_PLACEMENT_3D('',#8610,#6672,#6673);
#5505=AXIS2_PLACEMENT_3D('',#8612,#6675,#6676);
#5506=AXIS2_PLACEMENT_3D('',#8613,#6677,#6678);
#5507=AXIS2_PLACEMENT_3D('',#8616,#6681,#6682);
#5508=AXIS2_PLACEMENT_3D('',#8618,#6684,#6685);
#5509=AXIS2_PLACEMENT_3D('',#8620,#6687,#6688);
#5510=AXIS2_PLACEMENT_3D('',#8631,#6691,#6692);
#5511=AXIS2_PLACEMENT_3D('',#8642,#6695,#6696);
#5512=AXIS2_PLACEMENT_3D('',#8689,#6703,#6704);
#5513=AXIS2_PLACEMENT_3D('',#8691,#6706,#6707);
#5514=AXIS2_PLACEMENT_3D('',#8693,#6709,#6710);
#5515=AXIS2_PLACEMENT_3D('',#8695,#6712,#6713);
#5516=AXIS2_PLACEMENT_3D('',#8715,#6717,#6718);
#5517=AXIS2_PLACEMENT_3D('',#8717,#6720,#6721);
#5518=AXIS2_PLACEMENT_3D('',#8737,#6725,#6726);
#5519=AXIS2_PLACEMENT_3D('',#8739,#6728,#6729);
#5520=AXIS2_PLACEMENT_3D('',#8741,#6731,#6732);
#5521=DIRECTION('',(0.,0.,1.));
#5522=DIRECTION('',(1.,0.,0.));
#5523=DIRECTION('',(0.,0.,1.));
#5524=DIRECTION('',(1.,0.,0.));
#5525=DIRECTION('',(1.,0.,0.));
#5526=DIRECTION('',(0.,-1.,0.));
#5527=DIRECTION('',(1.,0.,0.));
#5528=DIRECTION('',(0.,-1.,0.));
#5529=DIRECTION('',(-0.525785884596953,0.850616954662085,0.));
#5530=DIRECTION('',(-0.850663738380124,0.525710190318917,0.));
#5531=DIRECTION('',(-0.525785884596952,-0.850616954662086,0.));
#5532=DIRECTION('',(0.525785884596952,-0.850616954662085,0.));
#5533=DIRECTION('',(-0.850663738380124,-0.525710190318918,0.));
#5534=DIRECTION('',(0.525785884596952,0.850616954662086,0.));
#5535=DIRECTION('',(0.525785884596951,0.850616954662086,0.));
#5536=DIRECTION('',(0.525785884596952,-0.850616954662085,0.));
#5537=DIRECTION('',(0.850663738380124,0.525710190318917,0.));
#5538=DIRECTION('',(-0.850663738380124,0.525710190318917,0.));
#5539=DIRECTION('',(-0.850663738380124,-0.525710190318917,0.));
#5540=DIRECTION('',(-0.525785884596952,0.850616954662086,0.));
#5541=DIRECTION('',(0.525785884596952,0.850616954662086,0.));
#5542=DIRECTION('',(-0.525785884596953,0.850616954662085,0.));
#5543=DIRECTION('',(-0.850663738380124,-0.525710190318917,0.));
#5544=DIRECTION('',(0.850663738380124,-0.525710190318917,0.));
#5545=DIRECTION('',(0.525785884596952,0.850616954662086,0.));
#5546=DIRECTION('',(1.,4.01512694171257E-16,0.));
#5547=DIRECTION('',(-0.850663738380124,0.525710190318917,0.));
#5548=DIRECTION('',(0.525785884596951,0.850616954662086,0.));
#5549=DIRECTION('',(1.,0.,0.));
#5550=DIRECTION('',(-0.525785884596952,0.850616954662086,0.));
#5551=DIRECTION('',(0.850663738380125,0.525710190318916,0.));
#5552=DIRECTION('',(0.850663738380124,-0.525710190318917,0.));
#5553=DIRECTION('',(0.850663738380124,0.525710190318917,0.));
#5554=DIRECTION('',(-0.525785884596951,0.850616954662086,0.));
#5555=DIRECTION('',(0.525785884596951,0.850616954662086,0.));
#5556=DIRECTION('',(0.850663738380124,-0.525710190318917,0.));
#5557=DIRECTION('',(-0.525785884596951,-0.850616954662086,0.));
#5558=DIRECTION('',(-0.525785884596952,0.850616954662086,0.));
#5559=DIRECTION('',(0.850663738380124,0.525710190318917,0.));
#5560=DIRECTION('',(0.525785884596952,-0.850616954662085,0.));
#5561=DIRECTION('',(1.,5.20601260635778E-16,0.));
#5562=DIRECTION('',(-0.525785884596952,-0.850616954662086,0.));
#5563=DIRECTION('',(0.850663738380124,-0.525710190318917,0.));
#5564=DIRECTION('',(1.,2.6030063031789E-16,0.));
#5565=DIRECTION('',(1.,0.,0.));
#5566=DIRECTION('',(-0.525785884596951,-0.850616954662086,0.));
#5567=DIRECTION('',(-0.850663738380124,0.525710190318917,0.));
#5568=DIRECTION('',(0.525785884596952,-0.850616954662086,0.));
#5569=DIRECTION('',(-0.525785884596952,-0.850616954662086,0.));
#5570=DIRECTION('',(0.,-1.,0.));
#5571=DIRECTION('',(1.,2.6030063031789E-16,0.));
#5572=DIRECTION('',(-0.850663738380124,-0.525710190318917,0.));
#5573=DIRECTION('',(0.525785884596952,-0.850616954662086,0.));
#5574=DIRECTION('',(0.,-1.,0.));
#5575=DIRECTION('',(0.525785884596952,-0.850616954662086,0.));
#5576=DIRECTION('',(-0.525785884596952,-0.850616954662086,0.));
#5577=DIRECTION('',(0.,0.,1.));
#5578=DIRECTION('',(1.,0.,0.));
#5579=DIRECTION('',(0.,0.,1.));
#5580=DIRECTION('',(1.,0.,0.));
#5581=DIRECTION('',(0.,0.,1.));
#5582=DIRECTION('',(1.,0.,0.));
#5583=DIRECTION('',(0.,0.,1.));
#5584=DIRECTION('',(1.,0.,0.));
#5585=DIRECTION('',(0.,0.,1.));
#5586=DIRECTION('',(1.,0.,0.));
#5587=DIRECTION('',(1.,0.,0.));
#5588=DIRECTION('',(0.,0.,1.));
#5589=DIRECTION('',(1.,0.,0.));
#5590=DIRECTION('',(0.,0.,1.));
#5591=DIRECTION('',(1.,0.,0.));
#5592=DIRECTION('',(-0.888461516247563,0.45895112391962,0.));
#5593=DIRECTION('',(0.,0.,1.));
#5594=DIRECTION('',(1.,0.,0.));
#5595=DIRECTION('',(0.,0.,1.));
#5596=DIRECTION('',(1.,0.,0.));
#5597=DIRECTION('',(0.,0.,1.));
#5598=DIRECTION('',(1.,0.,0.));
#5599=DIRECTION('',(0.,0.,1.));
#5600=DIRECTION('',(1.,0.,0.));
#5601=DIRECTION('',(-1.,0.,0.));
#5602=DIRECTION('',(0.,0.,1.));
#5603=DIRECTION('',(1.,0.,0.));
#5604=DIRECTION('',(0.,0.,1.));
#5605=DIRECTION('',(1.,0.,0.));
#5606=DIRECTION('',(-1.,0.,0.));
#5607=DIRECTION('',(0.,0.,1.));
#5608=DIRECTION('',(1.,0.,0.));
#5609=DIRECTION('',(0.,0.,1.));
#5610=DIRECTION('',(1.,0.,0.));
#5611=DIRECTION('',(0.,0.,1.));
#5612=DIRECTION('',(1.,0.,0.));
#5613=DIRECTION('',(0.971195081368719,-0.238285782045861,0.));
#5614=DIRECTION('',(0.,0.,1.));
#5615=DIRECTION('',(1.,0.,0.));
#5616=DIRECTION('',(0.,0.,1.));
#5617=DIRECTION('',(1.,0.,0.));
#5618=DIRECTION('',(0.,0.,1.));
#5619=DIRECTION('',(1.,0.,0.));
#5620=DIRECTION('',(0.,0.,1.));
#5621=DIRECTION('',(1.,0.,0.));
#5622=DIRECTION('',(0.,-1.,0.));
#5623=DIRECTION('',(-1.,0.,0.));
#5624=DIRECTION('',(0.,1.,0.));
#5625=DIRECTION('',(0.,0.,1.));
#5626=DIRECTION('',(1.,0.,0.));
#5627=DIRECTION('',(0.,0.,1.));
#5628=DIRECTION('',(1.,0.,0.));
#5629=DIRECTION('',(0.,0.,1.));
#5630=DIRECTION('',(1.,0.,0.));
#5631=DIRECTION('',(1.,0.,0.));
#5632=DIRECTION('',(0.,0.,1.));
#5633=DIRECTION('',(1.,0.,0.));
#5634=DIRECTION('',(0.,0.,1.));
#5635=DIRECTION('',(1.,0.,0.));
#5636=DIRECTION('',(0.,0.,1.));
#5637=DIRECTION('',(1.,0.,0.));
#5638=DIRECTION('',(0.,0.,1.));
#5639=DIRECTION('',(1.,0.,0.));
#5640=DIRECTION('',(0.,0.,1.));
#5641=DIRECTION('',(1.,0.,0.));
#5642=DIRECTION('',(0.,0.,1.));
#5643=DIRECTION('',(1.,0.,0.));
#5644=DIRECTION('',(1.,0.,0.));
#5645=DIRECTION('',(1.,0.,0.));
#5646=DIRECTION('',(0.,-1.,0.));
#5647=DIRECTION('',(-1.,0.,0.));
#5648=DIRECTION('',(0.,1.,0.));
#5649=DIRECTION('',(-1.,0.,0.));
#5650=DIRECTION('',(0.,1.,0.));
#5651=DIRECTION('',(1.,0.,0.));
#5652=DIRECTION('',(0.,1.,0.));
#5653=DIRECTION('',(0.945273870729845,-0.326277963269688,0.));
#5654=DIRECTION('',(0.,-1.,0.));
#5655=DIRECTION('',(-0.941783930532426,-0.336218720762088,0.));
#5656=DIRECTION('',(0.,1.,0.));
#5657=DIRECTION('',(0.,-1.,0.));
#5658=DIRECTION('',(-0.94449679670616,-0.32852062494127,0.));
#5659=DIRECTION('',(0.,1.,0.));
#5660=DIRECTION('',(0.945005611242039,0.327054115890721,0.));
#5661=DIRECTION('',(-0.94398625889212,0.329984761804026,0.));
#5662=DIRECTION('',(0.,1.,0.));
#5663=DIRECTION('',(0.943730346928176,-0.330715938967001,0.));
#5664=DIRECTION('',(0.,1.,0.));
#5665=DIRECTION('',(1.,0.,0.));
#5666=DIRECTION('',(0.,-1.,0.));
#5667=DIRECTION('',(-1.,0.,0.));
#5668=DIRECTION('',(0.,0.,1.));
#5669=DIRECTION('',(1.,0.,0.));
#5670=DIRECTION('',(-0.865350025837737,-0.501167968631903,0.));
#5671=DIRECTION('',(0.,1.,0.));
#5672=DIRECTION('',(0.886973045168112,0.461821196076152,0.));
#5673=DIRECTION('',(0.,0.,1.));
#5674=DIRECTION('',(1.,0.,0.));
#5675=DIRECTION('',(0.,0.,1.));
#5676=DIRECTION('',(1.,0.,0.));
#5677=DIRECTION('',(0.,1.,0.));
#5678=DIRECTION('',(1.,0.,0.));
#5679=DIRECTION('',(0.,-1.,0.));
#5680=DIRECTION('',(0.,0.,1.));
#5681=DIRECTION('',(1.,0.,0.));
#5682=DIRECTION('',(0.,0.,1.));
#5683=DIRECTION('',(1.,0.,0.));
#5684=DIRECTION('',(0.,0.,1.));
#5685=DIRECTION('',(1.,0.,0.));
#5686=DIRECTION('',(0.,0.,1.));
#5687=DIRECTION('',(1.,0.,0.));
#5688=DIRECTION('',(0.,1.,0.));
#5689=DIRECTION('',(1.,0.,0.));
#5690=DIRECTION('',(0.,-1.,0.));
#5691=DIRECTION('',(0.,0.,1.));
#5692=DIRECTION('',(1.,0.,0.));
#5693=DIRECTION('',(0.,0.,1.));
#5694=DIRECTION('',(1.,0.,0.));
#5695=DIRECTION('',(0.,0.,1.));
#5696=DIRECTION('',(1.,0.,0.));
#5697=DIRECTION('',(0.,1.,0.));
#5698=DIRECTION('',(1.,0.,0.));
#5699=DIRECTION('',(0.,-1.,0.));
#5700=DIRECTION('',(-1.,0.,0.));
#5701=DIRECTION('',(1.,0.,0.));
#5702=DIRECTION('',(0.,-1.,0.));
#5703=DIRECTION('',(-1.,0.,0.));
#5704=DIRECTION('',(0.,0.,1.));
#5705=DIRECTION('',(1.,0.,0.));
#5706=DIRECTION('',(0.,0.,1.));
#5707=DIRECTION('',(1.,0.,0.));
#5708=DIRECTION('',(0.,0.,1.));
#5709=DIRECTION('',(1.,0.,0.));
#5710=DIRECTION('',(0.,0.,1.));
#5711=DIRECTION('',(1.,0.,0.));
#5712=DIRECTION('',(0.,1.,0.));
#5713=DIRECTION('',(1.,0.,0.));
#5714=DIRECTION('',(0.,0.,1.));
#5715=DIRECTION('',(1.,0.,0.));
#5716=DIRECTION('',(0.,0.,1.));
#5717=DIRECTION('',(1.,0.,0.));
#5718=DIRECTION('',(0.,0.,1.));
#5719=DIRECTION('',(1.,0.,0.));
#5720=DIRECTION('',(1.,0.,0.));
#5721=DIRECTION('',(0.,1.,0.));
#5722=DIRECTION('',(0.,0.,1.));
#5723=DIRECTION('',(1.,0.,0.));
#5724=DIRECTION('',(0.,0.,1.));
#5725=DIRECTION('',(1.,0.,0.));
#5726=DIRECTION('',(-1.,0.,0.));
#5727=DIRECTION('',(0.,0.,1.));
#5728=DIRECTION('',(1.,0.,0.));
#5729=DIRECTION('',(0.,0.,1.));
#5730=DIRECTION('',(1.,0.,0.));
#5731=DIRECTION('',(-1.,0.,0.));
#5732=DIRECTION('',(0.,0.,1.));
#5733=DIRECTION('',(1.,0.,0.));
#5734=DIRECTION('',(0.,0.,1.));
#5735=DIRECTION('',(1.,0.,0.));
#5736=DIRECTION('',(0.,0.,1.));
#5737=DIRECTION('',(1.,0.,0.));
#5738=DIRECTION('',(-0.664899637265177,0.746932709395322,0.));
#5739=DIRECTION('',(0.,0.,1.));
#5740=DIRECTION('',(1.,0.,0.));
#5741=DIRECTION('',(0.,1.,0.));
#5742=DIRECTION('',(1.,0.,0.));
#5743=DIRECTION('',(0.,-1.,0.));
#5744=DIRECTION('',(0.,0.,1.));
#5745=DIRECTION('',(1.,0.,0.));
#5746=DIRECTION('',(0.,0.,1.));
#5747=DIRECTION('',(1.,0.,0.));
#5748=DIRECTION('',(-0.86535002583774,-0.501167968631898,0.));
#5749=DIRECTION('',(0.,1.,0.));
#5750=DIRECTION('',(0.886973045168115,0.461821196076146,0.));
#5751=DIRECTION('',(0.,0.,1.));
#5752=DIRECTION('',(1.,0.,0.));
#5753=DIRECTION('',(0.,0.,1.));
#5754=DIRECTION('',(1.,0.,0.));
#5755=DIRECTION('',(0.,1.,0.));
#5756=DIRECTION('',(1.,0.,0.));
#5757=DIRECTION('',(0.,-1.,0.));
#5758=DIRECTION('',(0.,0.,1.));
#5759=DIRECTION('',(1.,0.,0.));
#5760=DIRECTION('',(0.,0.,1.));
#5761=DIRECTION('',(1.,0.,0.));
#5762=DIRECTION('',(0.,0.,1.));
#5763=DIRECTION('',(1.,0.,0.));
#5764=DIRECTION('',(0.,0.,1.));
#5765=DIRECTION('',(1.,0.,0.));
#5766=DIRECTION('',(0.,1.,0.));
#5767=DIRECTION('',(1.,0.,0.));
#5768=DIRECTION('',(0.,-1.,0.));
#5769=DIRECTION('',(0.,0.,1.));
#5770=DIRECTION('',(1.,0.,0.));
#5771=DIRECTION('',(0.,0.,1.));
#5772=DIRECTION('',(1.,0.,0.));
#5773=DIRECTION('',(0.,0.,1.));
#5774=DIRECTION('',(1.,0.,0.));
#5775=DIRECTION('',(0.,-1.,0.));
#5776=DIRECTION('',(-1.,0.,0.));
#5777=DIRECTION('',(0.,1.,0.));
#5778=DIRECTION('',(1.,0.,0.));
#5779=DIRECTION('',(0.,1.,0.));
#5780=DIRECTION('',(1.,0.,0.));
#5781=DIRECTION('',(0.,-1.,0.));
#5782=DIRECTION('',(-1.,0.,0.));
#5783=DIRECTION('',(1.,0.,0.));
#5784=DIRECTION('',(0.,-1.,0.));
#5785=DIRECTION('',(0.,0.,1.));
#5786=DIRECTION('',(1.,0.,0.));
#5787=DIRECTION('',(0.,0.,1.));
#5788=DIRECTION('',(1.,0.,0.));
#5789=DIRECTION('',(0.,0.,1.));
#5790=DIRECTION('',(1.,0.,0.));
#5791=DIRECTION('',(0.,1.,0.));
#5792=DIRECTION('',(1.,0.,0.));
#5793=DIRECTION('',(0.,-1.,0.));
#5794=DIRECTION('',(0.,0.,1.));
#5795=DIRECTION('',(1.,0.,0.));
#5796=DIRECTION('',(0.,0.,1.));
#5797=DIRECTION('',(1.,0.,0.));
#5798=DIRECTION('',(0.,1.,0.));
#5799=DIRECTION('',(0.,0.,1.));
#5800=DIRECTION('',(1.,0.,0.));
#5801=DIRECTION('',(-1.,0.,0.));
#5802=DIRECTION('',(0.,-1.,0.));
#5803=DIRECTION('',(1.,0.,0.));
#5804=DIRECTION('',(0.,1.,0.));
#5805=DIRECTION('',(0.86535002583774,0.501167968631898,0.));
#5806=DIRECTION('',(0.,0.,1.));
#5807=DIRECTION('',(1.,0.,0.));
#5808=DIRECTION('',(0.,0.,1.));
#5809=DIRECTION('',(1.,0.,0.));
#5810=DIRECTION('',(0.,0.,1.));
#5811=DIRECTION('',(1.,0.,0.));
#5812=DIRECTION('',(0.,0.,1.));
#5813=DIRECTION('',(1.,0.,0.));
#5814=DIRECTION('',(0.,1.,0.));
#5815=DIRECTION('',(-1.,0.,0.));
#5816=DIRECTION('',(0.,-1.,0.));
#5817=DIRECTION('',(0.,0.,1.));
#5818=DIRECTION('',(1.,0.,0.));
#5819=DIRECTION('',(0.,0.,1.));
#5820=DIRECTION('',(1.,0.,0.));
#5821=DIRECTION('',(0.,0.,1.));
#5822=DIRECTION('',(1.,0.,0.));
#5823=DIRECTION('',(0.,0.,1.));
#5824=DIRECTION('',(1.,0.,0.));
#5825=DIRECTION('',(0.,1.,0.));
#5826=DIRECTION('',(-1.,0.,0.));
#5827=DIRECTION('',(0.,-1.,0.));
#5828=DIRECTION('',(0.,0.,1.));
#5829=DIRECTION('',(1.,0.,0.));
#5830=DIRECTION('',(0.,0.,1.));
#5831=DIRECTION('',(1.,0.,0.));
#5832=DIRECTION('',(-0.886973045168115,-0.461821196076146,0.));
#5833=DIRECTION('',(0.,-1.,0.));
#5834=DIRECTION('',(0.,0.,1.));
#5835=DIRECTION('',(1.,0.,0.));
#5836=DIRECTION('',(0.,0.,1.));
#5837=DIRECTION('',(1.,0.,0.));
#5838=DIRECTION('',(1.,0.,0.));
#5839=DIRECTION('',(0.,0.,1.));
#5840=DIRECTION('',(1.,0.,0.));
#5841=DIRECTION('',(0.,0.,1.));
#5842=DIRECTION('',(1.,0.,0.));
#5843=DIRECTION('',(1.,0.,0.));
#5844=DIRECTION('',(0.,0.,1.));
#5845=DIRECTION('',(1.,0.,0.));
#5846=DIRECTION('',(0.,0.,1.));
#5847=DIRECTION('',(1.,0.,0.));
#5848=DIRECTION('',(-1.,0.,0.));
#5849=DIRECTION('',(0.,-1.,0.));
#5850=DIRECTION('',(1.,0.,0.));
#5851=DIRECTION('',(0.,1.,0.));
#5852=DIRECTION('',(-1.,0.,0.));
#5853=DIRECTION('',(0.,-1.,0.));
#5854=DIRECTION('',(1.,0.,0.));
#5855=DIRECTION('',(0.,1.,0.));
#5856=DIRECTION('',(0.,1.,0.));
#5857=DIRECTION('',(-0.945273870729845,0.326277963269688,0.));
#5858=DIRECTION('',(0.,-1.,0.));
#5859=DIRECTION('',(0.941783930532426,0.336218720762088,0.));
#5860=DIRECTION('',(-1.,0.,0.));
#5861=DIRECTION('',(-1.,0.,0.));
#5862=DIRECTION('',(0.,0.,1.));
#5863=DIRECTION('',(1.,0.,0.));
#5864=DIRECTION('',(0.,0.,1.));
#5865=DIRECTION('',(1.,0.,0.));
#5866=DIRECTION('',(0.,0.,1.));
#5867=DIRECTION('',(1.,0.,0.));
#5868=DIRECTION('',(0.,0.,1.));
#5869=DIRECTION('',(1.,0.,0.));
#5870=DIRECTION('',(0.,0.,1.));
#5871=DIRECTION('',(1.,0.,0.));
#5872=DIRECTION('',(0.,0.,1.));
#5873=DIRECTION('',(1.,0.,0.));
#5874=DIRECTION('',(0.,0.,1.));
#5875=DIRECTION('',(1.,0.,0.));
#5876=DIRECTION('',(0.,0.,1.));
#5877=DIRECTION('',(1.,0.,0.));
#5878=DIRECTION('',(0.,0.,1.));
#5879=DIRECTION('',(1.,0.,0.));
#5880=DIRECTION('',(1.,0.,0.));
#5881=DIRECTION('',(0.,0.,1.));
#5882=DIRECTION('',(1.,0.,0.));
#5883=DIRECTION('',(0.,0.,1.));
#5884=DIRECTION('',(1.,0.,0.));
#5885=DIRECTION('',(1.,0.,0.));
#5886=DIRECTION('',(0.,0.,1.));
#5887=DIRECTION('',(1.,0.,0.));
#5888=DIRECTION('',(0.,0.,1.));
#5889=DIRECTION('',(1.,0.,0.));
#5890=DIRECTION('',(0.,0.,1.));
#5891=DIRECTION('',(1.,0.,0.));
#5892=DIRECTION('',(0.,-1.,0.));
#5893=DIRECTION('',(-0.525785884596952,-0.850616954662086,0.));
#5894=DIRECTION('',(0.525785884596952,-0.850616954662086,0.));
#5895=DIRECTION('',(1.,2.6030063031789E-16,0.));
#5896=DIRECTION('',(0.525785884596952,-0.850616954662086,0.));
#5897=DIRECTION('',(-0.850663738380124,-0.525710190318917,0.));
#5898=DIRECTION('',(0.525785884596952,-0.850616954662086,0.));
#5899=DIRECTION('',(0.,-1.,0.));
#5900=DIRECTION('',(-0.525785884596952,-0.850616954662086,0.));
#5901=DIRECTION('',(1.,0.,0.));
#5902=DIRECTION('',(-0.850663738380124,0.525710190318917,0.));
#5903=DIRECTION('',(-0.525785884596951,-0.850616954662086,0.));
#5904=DIRECTION('',(-0.525785884596952,-0.850616954662086,0.));
#5905=DIRECTION('',(1.,2.6030063031789E-16,0.));
#5906=DIRECTION('',(0.850663738380124,-0.525710190318917,0.));
#5907=DIRECTION('',(0.850663738380124,0.525710190318917,0.));
#5908=DIRECTION('',(1.,5.20601260635778E-16,0.));
#5909=DIRECTION('',(0.525785884596952,-0.850616954662085,0.));
#5910=DIRECTION('',(0.850663738380124,-0.525710190318917,0.));
#5911=DIRECTION('',(-0.525785884596952,0.850616954662086,0.));
#5912=DIRECTION('',(-0.525785884596951,-0.850616954662086,0.));
#5913=DIRECTION('',(0.850663738380124,-0.525710190318917,0.));
#5914=DIRECTION('',(0.525785884596951,0.850616954662086,0.));
#5915=DIRECTION('',(-0.525785884596951,0.850616954662086,0.));
#5916=DIRECTION('',(0.850663738380124,0.525710190318917,0.));
#5917=DIRECTION('',(-0.850663738380124,0.525710190318917,0.));
#5918=DIRECTION('',(0.850663738380125,0.525710190318916,0.));
#5919=DIRECTION('',(-0.525785884596952,0.850616954662086,0.));
#5920=DIRECTION('',(1.,0.,0.));
#5921=DIRECTION('',(0.525785884596951,0.850616954662086,0.));
#5922=DIRECTION('',(-0.525785884596953,0.850616954662085,0.));
#5923=DIRECTION('',(1.,4.01512694171257E-16,0.));
#5924=DIRECTION('',(0.525785884596952,0.850616954662086,0.));
#5925=DIRECTION('',(0.850663738380124,-0.525710190318917,0.));
#5926=DIRECTION('',(-0.850663738380124,-0.525710190318917,0.));
#5927=DIRECTION('',(-0.850663738380124,0.525710190318917,0.));
#5928=DIRECTION('',(0.525785884596952,0.850616954662086,0.));
#5929=DIRECTION('',(-0.525785884596952,0.850616954662086,0.));
#5930=DIRECTION('',(-0.850663738380124,-0.525710190318917,0.));
#5931=DIRECTION('',(0.525785884596951,0.850616954662086,0.));
#5932=DIRECTION('',(0.850663738380124,0.525710190318917,0.));
#5933=DIRECTION('',(0.525785884596952,-0.850616954662085,0.));
#5934=DIRECTION('',(0.525785884596952,-0.850616954662085,0.));
#5935=DIRECTION('',(0.525785884596952,0.850616954662086,0.));
#5936=DIRECTION('',(-0.850663738380124,-0.525710190318918,0.));
#5937=DIRECTION('',(-0.525785884596953,0.850616954662085,0.));
#5938=DIRECTION('',(-0.525785884596952,-0.850616954662086,0.));
#5939=DIRECTION('',(-0.850663738380124,0.525710190318917,0.));
#5940=DIRECTION('',(1.,0.,0.));
#5941=DIRECTION('',(0.,-1.,0.));
#5942=DIRECTION('',(1.,0.,0.));
#5943=DIRECTION('',(0.,-1.,0.));
#5944=DIRECTION('',(0.,0.,1.));
#5945=DIRECTION('',(1.,0.,0.));
#5946=DIRECTION('',(0.,0.,1.));
#5947=DIRECTION('',(1.,0.,0.));
#5948=DIRECTION('',(0.888461516247563,-0.45895112391962,0.));
#5949=DIRECTION('',(0.,0.,1.));
#5950=DIRECTION('',(1.,0.,0.));
#5951=DIRECTION('',(0.,0.,1.));
#5952=DIRECTION('',(1.,0.,0.));
#5953=DIRECTION('',(-1.,0.,0.));
#5954=DIRECTION('',(0.,0.,1.));
#5955=DIRECTION('',(1.,0.,0.));
#5956=DIRECTION('',(0.,0.,1.));
#5957=DIRECTION('',(1.,0.,0.));
#5958=DIRECTION('',(0.,0.,1.));
#5959=DIRECTION('',(1.,0.,0.));
#5960=DIRECTION('',(-0.971195081368719,0.238285782045861,0.));
#5961=DIRECTION('',(0.,0.,1.));
#5962=DIRECTION('',(1.,0.,0.));
#5963=DIRECTION('',(0.,0.,1.));
#5964=DIRECTION('',(1.,0.,0.));
#5965=DIRECTION('',(0.,0.,1.));
#5966=DIRECTION('',(1.,0.,0.));
#5967=DIRECTION('',(0.,0.,1.));
#5968=DIRECTION('',(1.,0.,0.));
#5969=DIRECTION('',(0.,-1.,0.));
#5970=DIRECTION('',(1.,0.,0.));
#5971=DIRECTION('',(0.,1.,0.));
#5972=DIRECTION('',(0.,0.,1.));
#5973=DIRECTION('',(1.,0.,0.));
#5974=DIRECTION('',(0.,0.,1.));
#5975=DIRECTION('',(1.,0.,0.));
#5976=DIRECTION('',(0.,0.,1.));
#5977=DIRECTION('',(1.,0.,0.));
#5978=DIRECTION('',(0.,0.,1.));
#5979=DIRECTION('',(1.,0.,0.));
#5980=DIRECTION('',(0.,1.,0.));
#5981=DIRECTION('',(-1.,0.,0.));
#5982=DIRECTION('',(0.,-1.,0.));
#5983=DIRECTION('',(-1.,0.,0.));
#5984=DIRECTION('',(0.,-1.,0.));
#5985=DIRECTION('',(1.,0.,0.));
#5986=DIRECTION('',(0.,-1.,0.));
#5987=DIRECTION('',(1.,0.,0.));
#5988=DIRECTION('',(0.94449679670616,0.32852062494127,0.));
#5989=DIRECTION('',(0.,1.,0.));
#5990=DIRECTION('',(-0.943730346928176,0.330715938967001,0.));
#5991=DIRECTION('',(0.,-1.,0.));
#5992=DIRECTION('',(0.94398625889212,-0.329984761804026,0.));
#5993=DIRECTION('',(-0.945005611242039,-0.327054115890721,0.));
#5994=DIRECTION('',(0.,-1.,0.));
#5995=DIRECTION('',(0.865350025837737,0.501167968631903,0.));
#5996=DIRECTION('',(0.,0.,1.));
#5997=DIRECTION('',(1.,0.,0.));
#5998=DIRECTION('',(0.,0.,1.));
#5999=DIRECTION('',(1.,0.,0.));
#6000=DIRECTION('',(0.,0.,1.));
#6001=DIRECTION('',(1.,0.,0.));
#6002=DIRECTION('',(0.,0.,1.));
#6003=DIRECTION('',(1.,0.,0.));
#6004=DIRECTION('',(0.,1.,0.));
#6005=DIRECTION('',(-1.,0.,0.));
#6006=DIRECTION('',(0.,-1.,0.));
#6007=DIRECTION('',(0.,0.,1.));
#6008=DIRECTION('',(1.,0.,0.));
#6009=DIRECTION('',(0.,0.,1.));
#6010=DIRECTION('',(1.,0.,0.));
#6011=DIRECTION('',(0.,0.,1.));
#6012=DIRECTION('',(1.,0.,0.));
#6013=DIRECTION('',(0.,0.,1.));
#6014=DIRECTION('',(1.,0.,0.));
#6015=DIRECTION('',(0.,1.,0.));
#6016=DIRECTION('',(-1.,0.,0.));
#6017=DIRECTION('',(0.,-1.,0.));
#6018=DIRECTION('',(0.,0.,1.));
#6019=DIRECTION('',(1.,0.,0.));
#6020=DIRECTION('',(0.,0.,1.));
#6021=DIRECTION('',(1.,0.,0.));
#6022=DIRECTION('',(-0.886973045168112,-0.461821196076152,0.));
#6023=DIRECTION('',(0.,-1.,0.));
#6024=DIRECTION('',(0.,1.,0.));
#6025=DIRECTION('',(-1.,0.,0.));
#6026=DIRECTION('',(0.,-1.,0.));
#6027=DIRECTION('',(-1.,0.,0.));
#6028=DIRECTION('',(0.,0.,1.));
#6029=DIRECTION('',(1.,0.,0.));
#6030=DIRECTION('',(0.,0.,1.));
#6031=DIRECTION('',(1.,0.,0.));
#6032=DIRECTION('',(0.,0.,1.));
#6033=DIRECTION('',(1.,0.,0.));
#6034=DIRECTION('',(-1.,0.,0.));
#6035=DIRECTION('',(0.,-1.,0.));
#6036=DIRECTION('',(0.,0.,1.));
#6037=DIRECTION('',(1.,0.,0.));
#6038=DIRECTION('',(0.,0.,1.));
#6039=DIRECTION('',(1.,0.,0.));
#6040=DIRECTION('',(0.,0.,1.));
#6041=DIRECTION('',(1.,0.,0.));
#6042=DIRECTION('',(0.,0.,1.));
#6043=DIRECTION('',(1.,0.,0.));
#6044=DIRECTION('',(1.,0.,0.));
#6045=DIRECTION('',(0.664899637265177,-0.746932709395322,0.));
#6046=DIRECTION('',(0.,0.,1.));
#6047=DIRECTION('',(1.,0.,0.));
#6048=DIRECTION('',(0.,0.,1.));
#6049=DIRECTION('',(1.,0.,0.));
#6050=DIRECTION('',(0.,1.,0.));
#6051=DIRECTION('',(-1.,0.,0.));
#6052=DIRECTION('',(0.,-1.,0.));
#6053=DIRECTION('',(0.,0.,1.));
#6054=DIRECTION('',(1.,0.,0.));
#6055=DIRECTION('',(1.,0.,0.));
#6056=DIRECTION('',(0.,1.,0.));
#6057=DIRECTION('',(-1.,0.,0.));
#6058=DIRECTION('',(0.,-1.,0.));
#6059=DIRECTION('',(0.,1.,0.));
#6060=DIRECTION('',(-1.,0.,0.));
#6061=DIRECTION('',(0.,-1.,0.));
#6062=DIRECTION('',(0.,0.,1.));
#6063=DIRECTION('',(1.,0.,0.));
#6064=DIRECTION('',(0.,0.,1.));
#6065=DIRECTION('',(1.,0.,0.));
#6066=DIRECTION('',(0.,1.,0.));
#6067=DIRECTION('',(-1.,0.,0.));
#6068=DIRECTION('',(0.,-1.,0.));
#6069=DIRECTION('',(0.,0.,1.));
#6070=DIRECTION('',(1.,0.,0.));
#6071=DIRECTION('',(0.,0.,1.));
#6072=DIRECTION('',(1.,0.,0.));
#6073=DIRECTION('',(0.,0.,1.));
#6074=DIRECTION('',(1.,0.,0.));
#6075=DIRECTION('',(1.,0.,0.));
#6076=DIRECTION('',(0.,0.,-1.));
#6077=DIRECTION('',(0.,0.,-1.));
#6078=DIRECTION('',(0.,0.,-1.));
#6079=DIRECTION('',(0.850616954662086,0.525785884596952,0.));
#6080=DIRECTION('',(-0.525785884596952,0.850616954662086,0.));
#6081=DIRECTION('',(0.,0.,-1.));
#6082=DIRECTION('',(-2.6030063031789E-16,1.,0.));
#6083=DIRECTION('',(-1.,-2.6030063031789E-16,0.));
#6084=DIRECTION('',(0.,0.,-1.));
#6085=DIRECTION('',(0.,0.,-1.));
#6086=DIRECTION('',(0.525710190318917,-0.850663738380124,0.));
#6087=DIRECTION('',(0.850663738380124,0.525710190318918,0.));
#6088=DIRECTION('',(0.,0.,-1.));
#6089=DIRECTION('',(0.850616954662085,0.525785884596952,0.));
#6090=DIRECTION('',(-0.525785884596952,0.850616954662086,0.));
#6091=DIRECTION('',(0.,0.,-1.));
#6092=DIRECTION('',(0.,0.,-1.));
#6093=DIRECTION('',(0.850616954662086,-0.525785884596952,0.));
#6094=DIRECTION('',(0.525785884596952,0.850616954662086,0.));
#6095=DIRECTION('',(0.,0.,-1.));
#6096=DIRECTION('',(0.,1.,0.));
#6097=DIRECTION('',(0.,0.,1.));
#6098=DIRECTION('',(0.,0.,-1.));
#6099=DIRECTION('',(0.,0.,-1.));
#6100=DIRECTION('',(0.850616954662086,-0.525785884596951,0.));
#6101=DIRECTION('',(0.525785884596951,0.850616954662086,0.));
#6102=DIRECTION('',(0.,0.,-1.));
#6103=DIRECTION('',(0.850616954662086,-0.525785884596952,0.));
#6104=DIRECTION('',(0.525785884596952,0.850616954662086,0.));
#6105=DIRECTION('',(0.,0.,-1.));
#6106=DIRECTION('',(0.,0.,-1.));
#6107=DIRECTION('',(0.525710190318917,0.850663738380124,0.));
#6108=DIRECTION('',(-0.850663738380124,0.525710190318917,0.));
#6109=DIRECTION('',(0.,0.,-1.));
#6110=DIRECTION('',(-0.525710190318917,0.850663738380124,0.));
#6111=DIRECTION('',(-0.850663738380124,-0.525710190318917,0.));
#6112=DIRECTION('',(0.,0.,-1.));
#6113=DIRECTION('',(0.,0.,-1.));
#6114=DIRECTION('',(0.850616954662085,0.525785884596952,0.));
#6115=DIRECTION('',(-0.525785884596952,0.850616954662085,0.));
#6116=DIRECTION('',(0.,0.,-1.));
#6117=DIRECTION('',(0.525710190318917,0.850663738380124,0.));
#6118=DIRECTION('',(-0.850663738380124,0.525710190318917,0.));
#6119=DIRECTION('',(0.,0.,-1.));
#6120=DIRECTION('',(0.,0.,-1.));
#6121=DIRECTION('',(0.850616954662086,-0.525785884596951,0.));
#6122=DIRECTION('',(0.525785884596951,0.850616954662086,0.));
#6123=DIRECTION('',(0.,0.,-1.));
#6124=DIRECTION('',(0.525710190318917,0.850663738380124,0.));
#6125=DIRECTION('',(-0.850663738380124,0.525710190318917,0.));
#6126=DIRECTION('',(0.,0.,-1.));
#6127=DIRECTION('',(0.,0.,-1.));
#6128=DIRECTION('',(-0.525710190318917,0.850663738380124,0.));
#6129=DIRECTION('',(-0.850663738380124,-0.525710190318917,0.));
#6130=DIRECTION('',(0.,0.,-1.));
#6131=DIRECTION('',(-0.850616954662086,-0.525785884596951,0.));
#6132=DIRECTION('',(0.525785884596951,-0.850616954662086,0.));
#6133=DIRECTION('',(0.,0.,-1.));
#6134=DIRECTION('',(-0.525710190318916,-0.850663738380124,0.));
#6135=DIRECTION('',(0.850663738380124,-0.525710190318917,0.));
#6136=DIRECTION('',(0.,0.,-1.));
#6137=DIRECTION('',(0.,0.,-1.));
#6138=DIRECTION('',(-0.850616954662086,0.525785884596951,0.));
#6139=DIRECTION('',(-0.525785884596951,-0.850616954662086,0.));
#6140=DIRECTION('',(0.,0.,-1.));
#6141=DIRECTION('',(0.,1.,0.));
#6142=DIRECTION('',(0.,0.,1.));
#6143=DIRECTION('',(0.,0.,-1.));
#6144=DIRECTION('',(-0.850616954662085,-0.525785884596952,0.));
#6145=DIRECTION('',(0.525785884596952,-0.850616954662086,0.));
#6146=DIRECTION('',(0.,0.,-1.));
#6147=DIRECTION('',(-0.850616954662085,-0.525785884596953,0.));
#6148=DIRECTION('',(0.525785884596953,-0.850616954662085,0.));
#6149=DIRECTION('',(0.,0.,-1.));
#6150=DIRECTION('',(0.,0.,-1.));
#6151=DIRECTION('',(0.525710190318917,-0.850663738380124,0.));
#6152=DIRECTION('',(0.850663738380124,0.525710190318917,0.));
#6153=DIRECTION('',(0.,0.,-1.));
#6154=DIRECTION('',(0.525710190318917,0.850663738380124,0.));
#6155=DIRECTION('',(-0.850663738380124,0.525710190318917,0.));
#6156=DIRECTION('',(0.,0.,-1.));
#6157=DIRECTION('',(-0.850616954662086,0.525785884596952,0.));
#6158=DIRECTION('',(-0.525785884596952,-0.850616954662086,0.));
#6159=DIRECTION('',(0.,0.,-1.));
#6160=DIRECTION('',(-0.525710190318917,-0.850663738380124,0.));
#6161=DIRECTION('',(0.850663738380124,-0.525710190318917,0.));
#6162=DIRECTION('',(0.,0.,-1.));
#6163=DIRECTION('',(0.,0.,-1.));
#6164=DIRECTION('',(0.525710190318917,-0.850663738380124,0.));
#6165=DIRECTION('',(0.850663738380124,0.525710190318918,0.));
#6166=DIRECTION('',(0.,0.,-1.));
#6167=DIRECTION('',(-0.850616954662086,-0.525785884596952,0.));
#6168=DIRECTION('',(0.525785884596952,-0.850616954662086,0.));
#6169=DIRECTION('',(0.,0.,-1.));
#6170=DIRECTION('',(-0.850616954662086,0.525785884596951,0.));
#6171=DIRECTION('',(-0.525785884596951,-0.850616954662086,0.));
#6172=DIRECTION('',(0.,0.,-1.));
#6173=DIRECTION('',(0.,0.,-1.));
#6174=DIRECTION('',(0.850616954662085,0.525785884596952,0.));
#6175=DIRECTION('',(-0.525785884596952,0.850616954662085,0.));
#6176=DIRECTION('',(0.,0.,-1.));
#6177=DIRECTION('',(0.850616954662085,0.525785884596952,0.));
#6178=DIRECTION('',(-0.525785884596952,0.850616954662085,0.));
#6179=DIRECTION('',(0.,0.,-1.));
#6180=DIRECTION('',(0.,0.,-1.));
#6181=DIRECTION('',(0.525710190318918,-0.850663738380124,0.));
#6182=DIRECTION('',(0.850663738380124,0.525710190318918,0.));
#6183=DIRECTION('',(0.,0.,-1.));
#6184=DIRECTION('',(-0.850616954662085,-0.525785884596952,0.));
#6185=DIRECTION('',(0.525785884596953,-0.850616954662085,0.));
#6186=DIRECTION('',(0.,0.,-1.));
#6187=DIRECTION('',(0.,0.,-1.));
#6188=DIRECTION('',(-0.525710190318917,-0.850663738380124,0.));
#6189=DIRECTION('',(0.850663738380124,-0.525710190318917,0.));
#6190=DIRECTION('',(0.,0.,-1.));
#6191=DIRECTION('',(0.,1.,0.));
#6192=DIRECTION('',(0.,0.,1.));
#6193=DIRECTION('',(0.,0.,-1.));
#6194=DIRECTION('',(0.,0.,-1.));
#6195=DIRECTION('',(1.,0.,0.));
#6196=DIRECTION('',(0.,0.,-1.));
#6197=DIRECTION('',(0.,0.,-1.));
#6198=DIRECTION('',(0.,1.,0.));
#6199=DIRECTION('',(0.,0.,1.));
#6200=DIRECTION('',(0.,0.,-1.));
#6201=DIRECTION('',(0.850616954662086,0.525785884596952,0.));
#6202=DIRECTION('',(-0.525785884596952,0.850616954662086,0.));
#6203=DIRECTION('',(1.,0.,0.));
#6204=DIRECTION('',(0.,0.,-1.));
#6205=DIRECTION('',(-0.525710190318917,-0.850663738380124,0.));
#6206=DIRECTION('',(0.850663738380124,-0.525710190318917,0.));
#6207=DIRECTION('',(-2.6030063031789E-16,1.,0.));
#6208=DIRECTION('',(-1.,-2.6030063031789E-16,0.));
#6209=DIRECTION('',(-5.20601260635778E-16,1.,0.));
#6210=DIRECTION('',(-1.,-5.20601260635778E-16,0.));
#6211=DIRECTION('',(-0.850616954662086,-0.525785884596952,0.));
#6212=DIRECTION('',(0.525785884596952,-0.850616954662086,0.));
#6213=DIRECTION('',(-0.850616954662086,0.525785884596951,0.));
#6214=DIRECTION('',(-0.525785884596951,-0.850616954662086,0.));
#6215=DIRECTION('',(-0.525710190318916,0.850663738380124,0.));
#6216=DIRECTION('',(-0.850663738380125,-0.525710190318916,0.));
#6217=DIRECTION('',(-4.01512694171257E-16,1.,0.));
#6218=DIRECTION('',(-1.,-4.01512694171257E-16,0.));
#6219=DIRECTION('',(-0.850616954662085,0.525785884596952,0.));
#6220=DIRECTION('',(-0.525785884596952,-0.850616954662085,0.));
#6221=DIRECTION('',(-0.525710190318917,0.850663738380124,0.));
#6222=DIRECTION('',(-0.850663738380124,-0.525710190318917,0.));
#6223=DIRECTION('',(-0.850616954662086,0.525785884596952,0.));
#6224=DIRECTION('',(-0.525785884596952,-0.850616954662086,0.));
#6225=DIRECTION('',(0.850616954662086,-0.525785884596952,0.));
#6226=DIRECTION('',(0.525785884596952,0.850616954662086,0.));
#6227=DIRECTION('',(1.,0.,0.));
#6228=DIRECTION('',(0.,0.,-1.));
#6229=DIRECTION('',(0.850616954662086,-0.525785884596952,0.));
#6230=DIRECTION('',(0.525785884596952,0.850616954662086,0.));
#6231=DIRECTION('',(0.,0.,1.));
#6232=DIRECTION('',(0.898449663568461,-0.439076533230506,0.));
#6233=DIRECTION('',(0.,0.,1.));
#6234=DIRECTION('',(0.,0.,1.));
#6235=DIRECTION('',(0.,0.,1.));
#6236=DIRECTION('',(0.97369524826346,-0.227854259361457,0.));
#6237=DIRECTION('',(0.,0.,1.));
#6238=DIRECTION('',(0.,0.,1.));
#6239=DIRECTION('',(-0.869707369287662,0.493567717549208,0.));
#6240=DIRECTION('',(0.,0.,1.));
#6241=DIRECTION('',(0.,0.,1.));
#6242=DIRECTION('',(0.,-1.,0.));
#6243=DIRECTION('',(0.,0.,-1.));
#6244=DIRECTION('',(0.,0.,1.));
#6245=DIRECTION('',(0.,0.,1.));
#6246=DIRECTION('',(0.994557606840565,-0.104188131164582,0.));
#6247=DIRECTION('',(0.,0.,1.));
#6248=DIRECTION('',(0.,0.,1.));
#6249=DIRECTION('',(0.,0.,1.));
#6250=DIRECTION('',(-0.442639804758913,-0.896699505544077,0.));
#6251=DIRECTION('',(0.,0.,1.));
#6252=DIRECTION('',(0.45895112391962,0.888461516247563,1.8830136745286E-25));
#6253=DIRECTION('',(-0.888461516247563,0.45895112391962,-3.74443105827253E-33));
#6254=DIRECTION('',(0.,0.,1.));
#6255=DIRECTION('',(0.,0.,1.));
#6256=DIRECTION('',(-0.471719526628198,-0.881748653640973,0.));
#6257=DIRECTION('',(0.,0.,1.));
#6258=DIRECTION('',(0.,0.,1.));
#6259=DIRECTION('',(-0.524987967449075,-0.85110964865503,0.));
#6260=DIRECTION('',(0.,0.,1.));
#6261=DIRECTION('',(0.55049910002383,0.834835756824631,0.));
#6262=DIRECTION('',(0.,0.,1.));
#6263=DIRECTION('',(0.,0.,1.));
#6264=DIRECTION('',(0.,0.,1.));
#6265=DIRECTION('',(0.81875096187628,0.574148815575428,0.));
#6266=DIRECTION('',(0.,0.,1.));
#6267=DIRECTION('',(0.,0.,1.));
#6268=DIRECTION('',(0.,0.,1.));
#6269=DIRECTION('',(0.962010189398041,0.273013544525443,0.));
#6270=DIRECTION('',(0.,0.,1.));
#6271=DIRECTION('',(0.,1.,0.));
#6272=DIRECTION('',(0.,0.,1.));
#6273=DIRECTION('',(0.,0.,1.));
#6274=DIRECTION('',(0.,0.,1.));
#6275=DIRECTION('',(0.810776661719428,0.585355622516005,0.));
#6276=DIRECTION('',(0.,0.,1.));
#6277=DIRECTION('',(0.,0.,1.));
#6278=DIRECTION('',(0.,0.,1.));
#6279=DIRECTION('',(0.,0.,1.));
#6280=DIRECTION('',(-0.782059444035155,0.623203839843292,0.));
#6281=DIRECTION('',(0.,0.,1.));
#6282=DIRECTION('',(0.,1.,0.));
#6283=DIRECTION('',(0.,0.,1.));
#6284=DIRECTION('',(0.,0.,1.));
#6285=DIRECTION('',(0.,0.,1.));
#6286=DIRECTION('',(-0.886628561707427,0.462482208916862,0.));
#6287=DIRECTION('',(0.,0.,1.));
#6288=DIRECTION('',(0.,0.,1.));
#6289=DIRECTION('',(-0.809191240904435,0.587545347733722,0.));
#6290=DIRECTION('',(0.,0.,1.));
#6291=DIRECTION('',(0.,0.,1.));
#6292=DIRECTION('',(-0.608814775085848,0.793312403556864,0.));
#6293=DIRECTION('',(0.,0.,1.));
#6294=DIRECTION('',(0.,0.,1.));
#6295=DIRECTION('',(-0.953798471185912,0.300447127400841,0.));
#6296=DIRECTION('',(0.,0.,1.));
#6297=DIRECTION('',(0.,0.,1.));
#6298=DIRECTION('',(0.,0.,1.));
#6299=DIRECTION('',(-0.975054072352117,0.221967466061026,0.));
#6300=DIRECTION('',(0.,0.,1.));
#6301=DIRECTION('',(0.,0.,1.));
#6302=DIRECTION('',(-0.913930951543779,0.405869702996273,0.));
#6303=DIRECTION('',(0.,0.,1.));
#6304=DIRECTION('',(0.,0.,1.));
#6305=DIRECTION('',(-0.995911850533745,0.0903304265818081,0.));
#6306=DIRECTION('',(0.,0.,1.));
#6307=DIRECTION('',(-1.,0.,0.));
#6308=DIRECTION('',(0.,0.,1.));
#6309=DIRECTION('',(0.,0.,1.));
#6310=DIRECTION('',(0.,1.,0.));
#6311=DIRECTION('',(0.,0.,1.));
#6312=DIRECTION('',(0.,0.,1.));
#6313=DIRECTION('',(1.,0.,0.));
#6314=DIRECTION('',(0.,0.,-1.));
#6315=DIRECTION('',(0.,0.,1.));
#6316=DIRECTION('',(0.,0.,1.));
#6317=DIRECTION('',(-0.998774659070808,0.0494891947599884,0.));
#6318=DIRECTION('',(0.,0.,1.));
#6319=DIRECTION('',(0.,0.,1.));
#6320=DIRECTION('',(-0.986792909408349,0.161986894350767,0.));
#6321=DIRECTION('',(0.,0.,1.));
#6322=DIRECTION('',(0.,0.,1.));
#6323=DIRECTION('',(-0.948028074572305,0.31818669020361,0.));
#6324=DIRECTION('',(0.,0.,1.));
#6325=DIRECTION('',(0.,0.,1.));
#6326=DIRECTION('',(-0.845514018815933,0.533953222656939,0.));
#6327=DIRECTION('',(0.,0.,1.));
#6328=DIRECTION('',(-0.238285782045861,-0.971195081368719,0.));
#6329=DIRECTION('',(0.971195081368719,-0.238285782045861,0.));
#6330=DIRECTION('',(0.,0.,1.));
#6331=DIRECTION('',(0.832464399394562,-0.554078535715517,0.));
#6332=DIRECTION('',(0.,0.,1.));
#6333=DIRECTION('',(0.,0.,1.));
#6334=DIRECTION('',(0.,0.,1.));
#6335=DIRECTION('',(0.613445841262029,-0.78973679149342,0.));
#6336=DIRECTION('',(0.,0.,1.));
#6337=DIRECTION('',(0.,0.,1.));
#6338=DIRECTION('',(0.903104122576142,-0.429421638702542,0.));
#6339=DIRECTION('',(0.,0.,1.));
#6340=DIRECTION('',(0.,0.,1.));
#6341=DIRECTION('',(0.,0.,1.));
#6342=DIRECTION('',(-0.188065788971426,-0.982156433068864,0.));
#6343=DIRECTION('',(0.,0.,1.));
#6344=DIRECTION('',(0.,0.,1.));
#6345=DIRECTION('',(-0.525289342890411,-0.850923678273063,0.));
#6346=DIRECTION('',(0.,0.,1.));
#6347=DIRECTION('',(0.,0.,1.));
#6348=DIRECTION('',(-0.79094704482003,-0.611884607005653,0.));
#6349=DIRECTION('',(0.,0.,1.));
#6350=DIRECTION('',(0.,0.,1.));
#6351=DIRECTION('',(0.,-1.,0.));
#6352=DIRECTION('',(0.,0.,-1.));
#6353=DIRECTION('',(0.,0.,1.));
#6354=DIRECTION('',(0.,0.,1.));
#6355=DIRECTION('',(0.,0.,1.));
#6356=DIRECTION('',(0.,0.,1.));
#6357=DIRECTION('',(0.,-1.,0.));
#6358=DIRECTION('',(0.,0.,-1.));
#6359=DIRECTION('',(1.,0.,0.));
#6360=DIRECTION('',(0.,0.,-1.));
#6361=DIRECTION('',(0.,0.,1.));
#6362=DIRECTION('',(0.,0.,1.));
#6363=DIRECTION('',(0.,1.,0.));
#6364=DIRECTION('',(0.,0.,1.));
#6365=DIRECTION('',(0.,0.,1.));
#6366=DIRECTION('',(0.,1.,0.));
#6367=DIRECTION('',(0.,0.,1.));
#6368=DIRECTION('',(0.,0.,1.));
#6369=DIRECTION('',(1.,0.,0.));
#6370=DIRECTION('',(0.,0.,-1.));
#6371=DIRECTION('',(0.,0.,1.));
#6372=DIRECTION('',(0.,-1.,0.));
#6373=DIRECTION('',(0.,0.,-1.));
#6374=DIRECTION('',(0.,0.,1.));
#6375=DIRECTION('',(1.,0.,0.));
#6376=DIRECTION('',(0.,0.,-1.));
#6377=DIRECTION('',(0.,0.,1.));
#6378=DIRECTION('',(0.,-1.,0.));
#6379=DIRECTION('',(0.,0.,-1.));
#6380=DIRECTION('',(0.,0.,1.));
#6381=DIRECTION('',(-1.,0.,0.));
#6382=DIRECTION('',(0.,0.,1.));
#6383=DIRECTION('',(1.,0.,0.));
#6384=DIRECTION('',(0.,0.,-1.));
#6385=DIRECTION('',(0.,0.,1.));
#6386=DIRECTION('',(0.,0.,1.));
#6387=DIRECTION('',(-0.326277963269688,-0.945273870729845,0.));
#6388=DIRECTION('',(0.945273870729845,-0.326277963269688,0.));
#6389=DIRECTION('',(0.,0.,1.));
#6390=DIRECTION('',(-0.336218720762088,0.941783930532426,0.));
#6391=DIRECTION('',(-0.941783930532426,-0.336218720762088,0.));
#6392=DIRECTION('',(0.,0.,1.));
#6393=DIRECTION('',(-1.,0.,0.));
#6394=DIRECTION('',(0.,0.,1.));
#6395=DIRECTION('',(0.327054115890721,-0.945005611242039,0.));
#6396=DIRECTION('',(0.945005611242039,0.327054115890721,0.));
#6397=DIRECTION('',(0.,0.,1.));
#6398=DIRECTION('',(0.,0.,1.));
#6399=DIRECTION('',(0.329984761804026,0.94398625889212,0.));
#6400=DIRECTION('',(-0.94398625889212,0.329984761804026,0.));
#6401=DIRECTION('',(0.,0.,1.));
#6402=DIRECTION('',(1.,0.,0.));
#6403=DIRECTION('',(0.,0.,-1.));
#6404=DIRECTION('',(0.,0.,1.));
#6405=DIRECTION('',(1.,0.,0.));
#6406=DIRECTION('',(0.,0.,-1.));
#6407=DIRECTION('',(0.,0.,1.));
#6408=DIRECTION('',(-0.330715938967001,-0.943730346928175,0.));
#6409=DIRECTION('',(0.943730346928176,-0.330715938967001,0.));
#6410=DIRECTION('',(0.,0.,1.));
#6411=DIRECTION('',(-1.,0.,0.));
#6412=DIRECTION('',(0.,0.,1.));
#6413=DIRECTION('',(0.,0.,1.));
#6414=DIRECTION('',(-0.32852062494127,0.94449679670616,0.));
#6415=DIRECTION('',(-0.94449679670616,-0.32852062494127,0.));
#6416=DIRECTION('',(0.,1.,0.));
#6417=DIRECTION('',(0.,0.,1.));
#6418=DIRECTION('',(0.,0.,1.));
#6419=DIRECTION('',(0.,0.,1.));
#6420=DIRECTION('',(1.,0.,0.));
#6421=DIRECTION('',(0.,0.,-1.));
#6422=DIRECTION('',(0.,0.,1.));
#6423=DIRECTION('',(-1.,0.,0.));
#6424=DIRECTION('',(0.,0.,1.));
#6425=DIRECTION('',(0.,0.,1.));
#6426=DIRECTION('',(0.,-1.,0.));
#6427=DIRECTION('',(0.,0.,-1.));
#6428=DIRECTION('',(0.461821196076151,-0.886973045168112,0.));
#6429=DIRECTION('',(0.886973045168112,0.461821196076152,0.));
#6430=DIRECTION('',(0.,0.,1.));
#6431=DIRECTION('',(0.,0.,1.));
#6432=DIRECTION('',(0.,0.,1.));
#6433=DIRECTION('',(0.997379151002359,0.0723521191521991,0.));
#6434=DIRECTION('',(0.,0.,1.));
#6435=DIRECTION('',(1.,0.,0.));
#6436=DIRECTION('',(0.,0.,-1.));
#6437=DIRECTION('',(0.,0.,1.));
#6438=DIRECTION('',(0.,0.,1.));
#6439=DIRECTION('',(-0.998623209867777,-0.0524565030608893,0.));
#6440=DIRECTION('',(0.,0.,1.));
#6441=DIRECTION('',(1.,0.,0.));
#6442=DIRECTION('',(0.,0.,-1.));
#6443=DIRECTION('',(0.,0.,1.));
#6444=DIRECTION('',(0.,-1.,0.));
#6445=DIRECTION('',(0.,0.,-1.));
#6446=DIRECTION('',(0.,0.,1.));
#6447=DIRECTION('',(-1.,0.,0.));
#6448=DIRECTION('',(0.,0.,1.));
#6449=DIRECTION('',(0.,0.,1.));
#6450=DIRECTION('',(0.,0.,1.));
#6451=DIRECTION('',(-0.986219728061859,-0.165440768801382,0.));
#6452=DIRECTION('',(0.,0.,1.));
#6453=DIRECTION('',(0.,0.,1.));
#6454=DIRECTION('',(-0.854216221814905,-0.519917922741916,0.));
#6455=DIRECTION('',(0.,0.,1.));
#6456=DIRECTION('',(0.,0.,1.));
#6457=DIRECTION('',(0.,0.,1.));
#6458=DIRECTION('',(0.,0.,1.));
#6459=DIRECTION('',(0.115428720740478,-0.993315765720155,0.));
#6460=DIRECTION('',(0.,0.,1.));
#6461=DIRECTION('',(0.,0.,1.));
#6462=DIRECTION('',(0.411488636383175,-0.911414890227011,0.));
#6463=DIRECTION('',(0.,0.,1.));
#6464=DIRECTION('',(0.,0.,1.));
#6465=DIRECTION('',(0.,0.,1.));
#6466=DIRECTION('',(1.,0.,0.));
#6467=DIRECTION('',(0.,0.,-1.));
#6468=DIRECTION('',(0.,0.,1.));
#6469=DIRECTION('',(0.,-1.,0.));
#6470=DIRECTION('',(0.,0.,-1.));
#6471=DIRECTION('',(0.,0.,1.));
#6472=DIRECTION('',(-1.,0.,0.));
#6473=DIRECTION('',(0.,0.,1.));
#6474=DIRECTION('',(0.,0.,1.));
#6475=DIRECTION('',(0.,0.,1.));
#6476=DIRECTION('',(0.987408143602589,-0.158193419418407,0.));
#6477=DIRECTION('',(0.,0.,1.));
#6478=DIRECTION('',(0.,0.,1.));
#6479=DIRECTION('',(0.877875417522452,-0.478889080382692,0.));
#6480=DIRECTION('',(0.,0.,1.));
#6481=DIRECTION('',(0.,0.,1.));
#6482=DIRECTION('',(0.63198644313342,-0.774979442111575,0.));
#6483=DIRECTION('',(0.,0.,1.));
#6484=DIRECTION('',(0.,0.,1.));
#6485=DIRECTION('',(0.,0.,1.));
#6486=DIRECTION('',(0.,0.,1.));
#6487=DIRECTION('',(-0.76906477993145,-0.639170841222432,0.));
#6488=DIRECTION('',(0.,0.,1.));
#6489=DIRECTION('',(-0.501167968631903,0.865350025837737,0.));
#6490=DIRECTION('',(-0.865350025837737,-0.501167968631903,0.));
#6491=DIRECTION('',(0.,1.,0.));
#6492=DIRECTION('',(0.,0.,1.));
#6493=DIRECTION('',(0.,0.,1.));
#6494=DIRECTION('',(0.,0.,1.));
#6495=DIRECTION('',(1.,0.,0.));
#6496=DIRECTION('',(0.,0.,-1.));
#6497=DIRECTION('',(0.,0.,1.));
#6498=DIRECTION('',(-1.,0.,0.));
#6499=DIRECTION('',(0.,0.,1.));
#6500=DIRECTION('',(0.,0.,1.));
#6501=DIRECTION('',(0.,-1.,0.));
#6502=DIRECTION('',(0.,0.,-1.));
#6503=DIRECTION('',(0.,0.,1.));
#6504=DIRECTION('',(-0.736044757870491,-0.676932872899057,0.));
#6505=DIRECTION('',(0.,0.,1.));
#6506=DIRECTION('',(0.,0.,1.));
#6507=DIRECTION('',(0.,0.,1.));
#6508=DIRECTION('',(-0.891172728156616,-0.453664158370367,0.));
#6509=DIRECTION('',(0.,0.,1.));
#6510=DIRECTION('',(0.,1.,0.));
#6511=DIRECTION('',(0.,0.,1.));
#6512=DIRECTION('',(0.,0.,1.));
#6513=DIRECTION('',(0.,0.,1.));
#6514=DIRECTION('',(-0.967534903498964,-0.252737433933423,0.));
#6515=DIRECTION('',(0.,0.,1.));
#6516=DIRECTION('',(0.,0.,1.));
#6517=DIRECTION('',(-0.997253398772515,-0.0740652323068472,0.));
#6518=DIRECTION('',(0.,0.,1.));
#6519=DIRECTION('',(1.,0.,0.));
#6520=DIRECTION('',(0.,0.,-1.));
#6521=DIRECTION('',(0.,0.,1.));
#6522=DIRECTION('',(0.,-1.,0.));
#6523=DIRECTION('',(0.,0.,-1.));
#6524=DIRECTION('',(0.,0.,1.));
#6525=DIRECTION('',(0.,0.,1.));
#6526=DIRECTION('',(-0.998806623413892,-0.0488398303082617,0.));
#6527=DIRECTION('',(0.,0.,1.));
#6528=DIRECTION('',(0.,0.,1.));
#6529=DIRECTION('',(-0.990714841960738,-0.135956250017092,0.));
#6530=DIRECTION('',(0.,0.,1.));
#6531=DIRECTION('',(0.,0.,1.));
#6532=DIRECTION('',(-0.965342800303357,-0.260985206290459,0.));
#6533=DIRECTION('',(0.,0.,1.));
#6534=DIRECTION('',(0.,0.,1.));
#6535=DIRECTION('',(0.,-1.,0.));
#6536=DIRECTION('',(0.,0.,-1.));
#6537=DIRECTION('',(0.,0.,1.));
#6538=DIRECTION('',(1.,0.,0.));
#6539=DIRECTION('',(0.,0.,-1.));
#6540=DIRECTION('',(0.,0.,1.));
#6541=DIRECTION('',(0.,-1.,0.));
#6542=DIRECTION('',(0.,0.,-1.));
#6543=DIRECTION('',(0.,0.,1.));
#6544=DIRECTION('',(-1.,0.,0.));
#6545=DIRECTION('',(0.,0.,1.));
#6546=DIRECTION('',(0.,0.,1.));
#6547=DIRECTION('',(0.,0.,1.));
#6548=DIRECTION('',(0.,0.,1.));
#6549=DIRECTION('',(0.753399126388087,0.65756349986725,0.));
#6550=DIRECTION('',(0.,0.,1.));
#6551=DIRECTION('',(0.,0.,1.));
#6552=DIRECTION('',(0.,0.,1.));
#6553=DIRECTION('',(0.952180147357417,0.305537177735227,0.));
#6554=DIRECTION('',(0.,0.,1.));
#6555=DIRECTION('',(0.,1.,0.));
#6556=DIRECTION('',(0.,0.,1.));
#6557=DIRECTION('',(0.,0.,1.));
#6558=DIRECTION('',(0.,0.,1.));
#6559=DIRECTION('',(0.899675109312994,0.436560073395004,0.));
#6560=DIRECTION('',(0.,0.,1.));
#6561=DIRECTION('',(0.,0.,1.));
#6562=DIRECTION('',(0.,0.,1.));
#6563=DIRECTION('',(0.,0.,1.));
#6564=DIRECTION('',(0.,0.,1.));
#6565=DIRECTION('',(0.,0.,1.));
#6566=DIRECTION('',(0.,0.,1.));
#6567=DIRECTION('',(0.,0.,1.));
#6568=DIRECTION('',(-0.886961672419405,0.461843037902458,0.));
#6569=DIRECTION('',(0.,0.,1.));
#6570=DIRECTION('',(0.,1.,0.));
#6571=DIRECTION('',(0.,0.,1.));
#6572=DIRECTION('',(0.,0.,1.));
#6573=DIRECTION('',(0.,0.,1.));
#6574=DIRECTION('',(-0.950531846917234,0.310627120509642,0.));
#6575=DIRECTION('',(0.,0.,1.));
#6576=DIRECTION('',(0.,0.,1.));
#6577=DIRECTION('',(-0.749204617416321,0.662338615243037,0.));
#6578=DIRECTION('',(0.,0.,1.));
#6579=DIRECTION('',(0.,0.,1.));
#6580=DIRECTION('',(0.,0.,1.));
#6581=DIRECTION('',(0.980013804522255,-0.198929492398227,0.));
#6582=DIRECTION('',(0.,0.,1.));
#6583=DIRECTION('',(0.,0.,1.));
#6584=DIRECTION('',(1.,0.,0.));
#6585=DIRECTION('',(0.,0.,-1.));
#6586=DIRECTION('',(0.,0.,1.));
#6587=DIRECTION('',(0.,0.,1.));
#6588=DIRECTION('',(0.,-1.,0.));
#6589=DIRECTION('',(0.,0.,-1.));
#6590=DIRECTION('',(0.,0.,1.));
#6591=DIRECTION('',(-1.,0.,0.));
#6592=DIRECTION('',(0.,0.,1.));
#6593=DIRECTION('',(0.,0.,1.));
#6594=DIRECTION('',(0.,0.,1.));
#6595=DIRECTION('',(0.984015616784269,-0.178082188678918,0.));
#6596=DIRECTION('',(0.,0.,1.));
#6597=DIRECTION('',(0.,0.,1.));
#6598=DIRECTION('',(0.840708652660487,-0.541487729631788,0.));
#6599=DIRECTION('',(0.,0.,1.));
#6600=DIRECTION('',(0.746932709395322,0.664899637265177,0.));
#6601=DIRECTION('',(-0.664899637265177,0.746932709395322,0.));
#6602=DIRECTION('',(0.461821196076146,-0.886973045168115,0.));
#6603=DIRECTION('',(0.886973045168115,0.461821196076146,0.));
#6604=DIRECTION('',(0.,0.,1.));
#6605=DIRECTION('',(0.,0.,1.));
#6606=DIRECTION('',(0.,0.,1.));
#6607=DIRECTION('',(0.997379151002357,0.0723521191522169,0.));
#6608=DIRECTION('',(0.,0.,1.));
#6609=DIRECTION('',(1.,0.,0.));
#6610=DIRECTION('',(0.,0.,-1.));
#6611=DIRECTION('',(0.,0.,1.));
#6612=DIRECTION('',(0.,0.,1.));
#6613=DIRECTION('',(-0.998623209867781,-0.0524565030608254,0.));
#6614=DIRECTION('',(0.,0.,1.));
#6615=DIRECTION('',(1.,0.,0.));
#6616=DIRECTION('',(0.,0.,-1.));
#6617=DIRECTION('',(0.,0.,1.));
#6618=DIRECTION('',(0.,-1.,0.));
#6619=DIRECTION('',(0.,0.,-1.));
#6620=DIRECTION('',(0.,0.,1.));
#6621=DIRECTION('',(-1.,0.,0.));
#6622=DIRECTION('',(0.,0.,1.));
#6623=DIRECTION('',(0.,0.,1.));
#6624=DIRECTION('',(0.,0.,1.));
#6625=DIRECTION('',(-0.986219728061862,-0.165440768801369,0.));
#6626=DIRECTION('',(0.,0.,1.));
#6627=DIRECTION('',(0.,0.,1.));
#6628=DIRECTION('',(-0.854216221814899,-0.519917922741926,0.));
#6629=DIRECTION('',(0.,0.,1.));
#6630=DIRECTION('',(0.,0.,1.));
#6631=DIRECTION('',(0.,0.,1.));
#6632=DIRECTION('',(0.,0.,1.));
#6633=DIRECTION('',(0.115428720740493,-0.993315765720153,0.));
#6634=DIRECTION('',(0.,0.,1.));
#6635=DIRECTION('',(0.,0.,1.));
#6636=DIRECTION('',(0.411488636383196,-0.911414890227002,0.));
#6637=DIRECTION('',(0.,0.,1.));
#6638=DIRECTION('',(0.,0.,1.));
#6639=DIRECTION('',(0.,0.,1.));
#6640=DIRECTION('',(1.,0.,0.));
#6641=DIRECTION('',(0.,0.,-1.));
#6642=DIRECTION('',(0.,0.,1.));
#6643=DIRECTION('',(0.,-1.,0.));
#6644=DIRECTION('',(0.,0.,-1.));
#6645=DIRECTION('',(0.,0.,1.));
#6646=DIRECTION('',(-1.,0.,0.));
#6647=DIRECTION('',(0.,0.,1.));
#6648=DIRECTION('',(0.,0.,1.));
#6649=DIRECTION('',(0.,0.,1.));
#6650=DIRECTION('',(0.98740814360259,-0.158193419418403,0.));
#6651=DIRECTION('',(0.,0.,1.));
#6652=DIRECTION('',(0.,0.,1.));
#6653=DIRECTION('',(0.877875417522451,-0.478889080382694,0.));
#6654=DIRECTION('',(0.,0.,1.));
#6655=DIRECTION('',(0.,0.,1.));
#6656=DIRECTION('',(0.631986443133411,-0.774979442111582,0.));
#6657=DIRECTION('',(0.,0.,1.));
#6658=DIRECTION('',(0.,0.,1.));
#6659=DIRECTION('',(0.,0.,1.));
#6660=DIRECTION('',(0.,0.,1.));
#6661=DIRECTION('',(-0.769064779931402,-0.639170841222489,0.));
#6662=DIRECTION('',(0.,0.,1.));
#6663=DIRECTION('',(-0.501167968631898,0.86535002583774,0.));
#6664=DIRECTION('',(-0.86535002583774,-0.501167968631898,0.));
#6665=DIRECTION('',(0.,-1.,0.));
#6666=DIRECTION('',(0.,0.,-1.));
#6667=DIRECTION('',(0.,0.,1.));
#6668=DIRECTION('',(0.,0.,1.));
#6669=DIRECTION('',(-1.,0.,0.));
#6670=DIRECTION('',(0.,0.,1.));
#6671=DIRECTION('',(0.,0.,1.));
#6672=DIRECTION('',(1.,0.,0.));
#6673=DIRECTION('',(0.,0.,-1.));
#6674=DIRECTION('',(0.,0.,1.));
#6675=DIRECTION('',(0.,1.,0.));
#6676=DIRECTION('',(0.,0.,1.));
#6677=DIRECTION('',(0.,1.,0.));
#6678=DIRECTION('',(0.,0.,1.));
#6679=DIRECTION('',(0.,0.,1.));
#6680=DIRECTION('',(0.,0.,1.));
#6681=DIRECTION('',(1.,0.,0.));
#6682=DIRECTION('',(0.,0.,-1.));
#6683=DIRECTION('',(0.,0.,1.));
#6684=DIRECTION('',(-1.,0.,0.));
#6685=DIRECTION('',(0.,0.,1.));
#6686=DIRECTION('',(0.,0.,1.));
#6687=DIRECTION('',(0.,-1.,0.));
#6688=DIRECTION('',(0.,0.,-1.));
#6689=DIRECTION('',(0.,0.,1.));
#6690=DIRECTION('',(0.,0.,1.));
#6691=DIRECTION('',(0.,0.,1.));
#6692=DIRECTION('',(0.52858169598715,-0.848882436305139,0.));
#6693=DIRECTION('',(0.,0.,1.));
#6694=DIRECTION('',(0.,0.,1.));
#6695=DIRECTION('',(0.,0.,1.));
#6696=DIRECTION('',(0.176175566553484,-0.984358760691222,0.));
#6697=DIRECTION('',(0.,0.,1.));
#6698=DIRECTION('',(0.,0.,1.));
#6699=DIRECTION('',(0.,0.,1.));
#6700=DIRECTION('',(0.,0.,1.));
#6701=DIRECTION('',(0.,0.,1.));
#6702=DIRECTION('',(0.,0.,1.));
#6703=DIRECTION('',(0.,0.,1.));
#6704=DIRECTION('',(-0.99713298784472,-0.0756690461936822,0.));
#6705=DIRECTION('',(0.,0.,1.));
#6706=DIRECTION('',(1.,0.,0.));
#6707=DIRECTION('',(0.,0.,-1.));
#6708=DIRECTION('',(0.,0.,1.));
#6709=DIRECTION('',(0.,-1.,0.));
#6710=DIRECTION('',(0.,0.,-1.));
#6711=DIRECTION('',(0.,0.,1.));
#6712=DIRECTION('',(-1.,0.,0.));
#6713=DIRECTION('',(0.,0.,1.));
#6714=DIRECTION('',(0.,0.,1.));
#6715=DIRECTION('',(0.,0.,1.));
#6716=DIRECTION('',(0.,0.,1.));
#6717=DIRECTION('',(0.,0.,1.));
#6718=DIRECTION('',(0.119438812954893,-0.992841563372488,0.));
#6719=DIRECTION('',(0.,0.,1.));
#6720=DIRECTION('',(0.,0.,1.));
#6721=DIRECTION('',(0.460966157974563,-0.887417715172607,0.));
#6722=DIRECTION('',(0.,0.,1.));
#6723=DIRECTION('',(0.,0.,1.));
#6724=DIRECTION('',(0.,0.,1.));
#6725=DIRECTION('',(1.,0.,0.));
#6726=DIRECTION('',(0.,0.,-1.));
#6727=DIRECTION('',(0.,0.,1.));
#6728=DIRECTION('',(0.,-1.,0.));
#6729=DIRECTION('',(0.,0.,-1.));
#6730=DIRECTION('',(0.,0.,1.));
#6731=DIRECTION('',(-1.,0.,0.));
#6732=DIRECTION('',(0.,0.,1.));
#6733=CARTESIAN_POINT('',(0.,0.,0.));
#6734=CARTESIAN_POINT('',(-0.239375,0.1347,0.0015));
#6735=CARTESIAN_POINT('',(-0.23,0.1823,0.0015));
#6736=CARTESIAN_POINT('',(-0.325,0.1823,0.0015));
#6737=CARTESIAN_POINT('',(-0.15375,0.1823,0.0015));
#6738=CARTESIAN_POINT('',(-0.325,0.1347,0.0015));
#6739=CARTESIAN_POINT('',(-0.325,0.0871,0.0015));
#6740=CARTESIAN_POINT('',(-0.314625,0.0871,0.0015));
#6741=CARTESIAN_POINT('',(-0.15375,0.0871,0.0015));
#6742=CARTESIAN_POINT('',(-0.15375,0.1347,0.0015));
#6743=CARTESIAN_POINT('',(-0.170479279967528,0.111965959176726,0.0015));
#6744=CARTESIAN_POINT('',(-0.157308559935055,0.090658354516862,0.0015));
#6745=CARTESIAN_POINT('',(-0.18365,0.133273563836589,0.0015));
#6746=CARTESIAN_POINT('',(-0.176368936248329,0.102437667078465,0.0015));
#6747=CARTESIAN_POINT('',(-0.195429312561604,0.114216979640069,0.0015));
#6748=CARTESIAN_POINT('',(-0.189539656280801,0.123745271738329,0.0015));
#6749=CARTESIAN_POINT('',(-0.189539656280801,0.145654728261671,0.0015));
#6750=CARTESIAN_POINT('',(-0.195429312561604,0.155183020359932,0.0015));
#6751=CARTESIAN_POINT('',(-0.18365,0.136126436163411,0.0015));
#6752=CARTESIAN_POINT('',(-0.176368936248329,0.166962332921535,0.0015));
#6753=CARTESIAN_POINT('',(-0.157308559935055,0.178741645483138,0.0015));
#6754=CARTESIAN_POINT('',(-0.170479279967528,0.157434040823275,0.0015));
#6755=CARTESIAN_POINT('',(-0.289520720032473,0.111965959176726,0.0015));
#6756=CARTESIAN_POINT('',(-0.302691440064944,0.0906583545168622,0.0015));
#6757=CARTESIAN_POINT('',(-0.27635,0.133273563836589,0.0015));
#6758=CARTESIAN_POINT('',(-0.270460343719198,0.123745271738329,0.0015));
#6759=CARTESIAN_POINT('',(-0.264570687438397,0.114216979640069,0.0015));
#6760=CARTESIAN_POINT('',(-0.283631063751671,0.102437667078465,0.0015));
#6761=CARTESIAN_POINT('',(-0.212639333312843,0.124852772464335,0.0015));
#6762=CARTESIAN_POINT('',(-0.196705308174225,0.115005544928669,0.0015));
#6763=CARTESIAN_POINT('',(-0.22857335845146,0.1347,0.0015));
#6764=CARTESIAN_POINT('',(-0.212639333312843,0.144547227535665,0.0015));
#6765=CARTESIAN_POINT('',(-0.196705308174225,0.154394455071331,0.0015));
#6766=CARTESIAN_POINT('',(-0.190618510571273,0.144547227535665,0.0015));
#6767=CARTESIAN_POINT('',(-0.184531712968322,0.1347,0.0015));
#6768=CARTESIAN_POINT('',(-0.190618510571273,0.124852772464335,0.0015));
#6769=CARTESIAN_POINT('',(-0.254893946130222,0.101414809745812,0.0015));
#6770=CARTESIAN_POINT('',(-0.247281879264688,0.0891,0.0015));
#6771=CARTESIAN_POINT('',(-0.262506012995756,0.113729619491624,0.0015));
#6772=CARTESIAN_POINT('',(-0.246253006497878,0.123773977507313,0.0015));
#6773=CARTESIAN_POINT('',(-0.23,0.133818335523002,0.0015));
#6774=CARTESIAN_POINT('',(-0.213746993502122,0.123773977507313,0.0015));
#6775=CARTESIAN_POINT('',(-0.197493987004244,0.113729619491624,0.0015));
#6776=CARTESIAN_POINT('',(-0.205106053869777,0.101414809745812,0.0015));
#6777=CARTESIAN_POINT('',(-0.212718120735312,0.0891,0.0015));
#6778=CARTESIAN_POINT('',(-0.23,0.0891,0.0015));
#6779=CARTESIAN_POINT('',(-0.246253006497878,0.145626022492687,0.0015));
#6780=CARTESIAN_POINT('',(-0.23,0.135581664476998,0.0015));
#6781=CARTESIAN_POINT('',(-0.262506012995757,0.155670380508376,0.0015));
#6782=CARTESIAN_POINT('',(-0.254893946130222,0.167985190254188,0.0015));
#6783=CARTESIAN_POINT('',(-0.247281879264688,0.1803,0.0015));
#6784=CARTESIAN_POINT('',(-0.23,0.1803,0.0015));
#6785=CARTESIAN_POINT('',(-0.212718120735312,0.1803,0.0015));
#6786=CARTESIAN_POINT('',(-0.205106053869777,0.167985190254188,0.0015));
#6787=CARTESIAN_POINT('',(-0.197493987004244,0.155670380508376,0.0015));
#6788=CARTESIAN_POINT('',(-0.213746993502122,0.145626022492687,0.0015));
#6789=CARTESIAN_POINT('',(-0.247360666687158,0.144547227535665,0.0015));
#6790=CARTESIAN_POINT('',(-0.263294691825775,0.154394455071331,0.0015));
#6791=CARTESIAN_POINT('',(-0.23142664154854,0.1347,0.0015));
#6792=CARTESIAN_POINT('',(-0.247360666687158,0.124852772464335,0.0015));
#6793=CARTESIAN_POINT('',(-0.263294691825775,0.115005544928669,0.0015));
#6794=CARTESIAN_POINT('',(-0.269381489428726,0.124852772464335,0.0015));
#6795=CARTESIAN_POINT('',(-0.275468287031678,0.1347,0.0015));
#6796=CARTESIAN_POINT('',(-0.269381489428726,0.144547227535665,0.0015));
#6797=CARTESIAN_POINT('',(-0.283631063751671,0.166962332921535,0.0015));
#6798=CARTESIAN_POINT('',(-0.302691440064944,0.178741645483138,0.0015));
#6799=CARTESIAN_POINT('',(-0.264570687438397,0.155183020359931,0.0015));
#6800=CARTESIAN_POINT('',(-0.270460343719198,0.145654728261671,0.0015));
#6801=CARTESIAN_POINT('',(-0.27635,0.136126436163411,0.0015));
#6802=CARTESIAN_POINT('',(-0.289520720032472,0.157434040823274,0.0015));
#6803=CARTESIAN_POINT('',(-0.176929112586586,0.168379472898488,0.0015));
#6804=CARTESIAN_POINT('',(-0.196217991391621,0.156458945796976,0.0015));
#6805=CARTESIAN_POINT('',(-0.15764023378155,0.1803,0.0015));
#6806=CARTESIAN_POINT('',(-0.203586343095145,0.168379472898488,0.0015));
#6807=CARTESIAN_POINT('',(-0.210954694798668,0.1803,0.0015));
#6808=CARTESIAN_POINT('',(-0.184297464290109,0.1803,0.0015));
#6809=CARTESIAN_POINT('',(-0.203586343095145,0.101020527101512,0.0015));
#6810=CARTESIAN_POINT('',(-0.196217991391621,0.112941054203024,0.0015));
#6811=CARTESIAN_POINT('',(-0.210954694798668,0.0891,0.0015));
#6812=CARTESIAN_POINT('',(-0.176929112586586,0.101020527101512,0.0015));
#6813=CARTESIAN_POINT('',(-0.15764023378155,0.0891,0.0015));
#6814=CARTESIAN_POINT('',(-0.18429746429011,0.0891,0.0015));
#6815=CARTESIAN_POINT('',(-0.275702535709891,0.1803,0.0015));
#6816=CARTESIAN_POINT('',(-0.30235976621845,0.1803,0.0015));
#6817=CARTESIAN_POINT('',(-0.249045305201332,0.1803,0.0015));
#6818=CARTESIAN_POINT('',(-0.256413656904855,0.168379472898488,0.0015));
#6819=CARTESIAN_POINT('',(-0.263782008608379,0.156458945796976,0.0015));
#6820=CARTESIAN_POINT('',(-0.283070887413415,0.168379472898488,0.0015));
#6821=CARTESIAN_POINT('',(-0.169259143515839,0.112844893474376,0.0015));
#6822=CARTESIAN_POINT('',(-0.182768287031678,0.1347,0.0015));
#6823=CARTESIAN_POINT('',(-0.15575,0.0909897869487511,0.0015));
#6824=CARTESIAN_POINT('',(-0.169259143515839,0.156555106525625,0.0015));
#6825=CARTESIAN_POINT('',(-0.15575,0.178410213051249,0.0015));
#6826=CARTESIAN_POINT('',(-0.15575,0.1347,0.0015));
#6827=CARTESIAN_POINT('',(-0.275702535709891,0.0891,0.0015));
#6828=CARTESIAN_POINT('',(-0.30235976621845,0.0891,0.0015));
#6829=CARTESIAN_POINT('',(-0.249045305201332,0.0891,0.0015));
#6830=CARTESIAN_POINT('',(-0.283070887413415,0.101020527101512,0.0015));
#6831=CARTESIAN_POINT('',(-0.263782008608379,0.112941054203024,0.0015));
#6832=CARTESIAN_POINT('',(-0.256413656904856,0.101020527101512,0.0015));
#6833=CARTESIAN_POINT('',(-0.30425,0.1347,0.0015));
#6834=CARTESIAN_POINT('',(-0.30425,0.178410213051249,0.0015));
#6835=CARTESIAN_POINT('',(-0.30425,0.0909897869487509,0.0015));
#6836=CARTESIAN_POINT('',(-0.290740856484161,0.156555106525625,0.0015));
#6837=CARTESIAN_POINT('',(-0.277231712968322,0.1347,0.0015));
#6838=CARTESIAN_POINT('',(-0.290740856484161,0.112844893474375,0.0015));
#6839=CARTESIAN_POINT('',(-0.306298370392536,0.171165001745421,0.0015));
#6840=CARTESIAN_POINT('',(-0.311123045493554,0.161785940325596,0.0015));
#6841=CARTESIAN_POINT('',(-0.311397399612087,0.161932540507038,0.0014999999999993));
#6842=CARTESIAN_POINT('',(-0.310735464087359,0.163193648306016,0.0015));
#6843=CARTESIAN_POINT('',(-0.31151953125,0.1620056640625,0.0015));
#6844=CARTESIAN_POINT('',(-0.310860685054121,0.161717361278729,0.0015));
#6845=CARTESIAN_POINT('',(-0.311434251816585,0.162151922602902,0.0015));
#6846=CARTESIAN_POINT('',(-0.312269419252999,0.162693378509232,0.0015));
#6847=CARTESIAN_POINT('',(-0.311318373317004,0.162396291459606,0.00149999975));
#6848=CARTESIAN_POINT('',(-0.313575034045477,0.1631158296672,0.0015));
#6849=CARTESIAN_POINT('',(-0.3112265625,0.1627986328125,0.0015));
#6850=CARTESIAN_POINT('',(-0.3112265625,0.1627986328125,0.0015));
#6851=CARTESIAN_POINT('',(-0.311189453125,0.1630427734375,0.0015));
#6852=CARTESIAN_POINT('',(-0.31121484375,0.1634216796875,0.0015));
#6853=CARTESIAN_POINT('',(-0.31121484375,0.1634216796875,0.0015));
#6854=CARTESIAN_POINT('',(-0.3105986328125,0.1634216796875,0.0015));
#6855=CARTESIAN_POINT('',(-0.30998223265269,0.1634216796875,0.0015));
#6856=CARTESIAN_POINT('',(-0.316748697189766,0.163585123159237,0.0015));
#6857=CARTESIAN_POINT('',(-0.31009765625,0.16232890625,0.0015));
#6858=CARTESIAN_POINT('',(-0.31009765625,0.16232890625,0.0015));
#6859=CARTESIAN_POINT('',(-0.310201171875,0.1617732421875,0.0015));
#6860=CARTESIAN_POINT('',(-0.310421875,0.1614314453125,0.0015));
#6861=CARTESIAN_POINT('',(-0.310421875,0.1614314453125,0.0015));
#6862=CARTESIAN_POINT('',(-0.305930517024847,0.170946428657254,0.0015));
#6863=CARTESIAN_POINT('',(-0.310769531276941,0.161603320179538,0.0015));
#6864=CARTESIAN_POINT('',(-0.243443185739363,0.126824593922981,0.0015));
#6865=CARTESIAN_POINT('',(-0.312232083168834,0.163667495132338,0.0015));
#6866=CARTESIAN_POINT('',(-0.314168982120319,0.165460776210227,0.00149999975));
#6867=CARTESIAN_POINT('',(-0.3134609375,0.1660037109375,0.0015));
#6868=CARTESIAN_POINT('',(-0.3134609375,0.1660037109375,0.0015));
#6869=CARTESIAN_POINT('',(-0.31305859375,0.1662166015625,0.0015));
#6870=CARTESIAN_POINT('',(-0.31249609375,0.1662166015625,0.0015));
#6871=CARTESIAN_POINT('',(-0.31249609375,0.1662166015625,0.0015));
#6872=CARTESIAN_POINT('',(-0.31249609375,0.1662166015625,0.0015));
#6873=CARTESIAN_POINT('',(-0.311958984375,0.1662166015625,0.0015));
#6874=CARTESIAN_POINT('',(-0.3115322265625,0.166033984375,0.0015));
#6875=CARTESIAN_POINT('',(-0.3115322265625,0.166033984375,0.0015));
#6876=CARTESIAN_POINT('',(-0.312497722808539,0.163746652855917,0.0015));
#6877=CARTESIAN_POINT('',(-0.310781189877901,0.165539906295356,0.00149999975));
#6878=CARTESIAN_POINT('',(-0.312389087146612,0.163869920354488,0.0015));
#6879=CARTESIAN_POINT('',(-0.310268641069602,0.16480738399371,0.00149999975));
#6880=CARTESIAN_POINT('',(-0.313187558600804,0.163502588005993,0.0015));
#6881=CARTESIAN_POINT('',(-0.310017703980802,0.1639216796875,0.0015));
#6882=CARTESIAN_POINT('',(-0.3106591796875,0.1639216796875,0.0015));
#6883=CARTESIAN_POINT('',(-0.311300728670967,0.1639216796875,0.0015));
#6884=CARTESIAN_POINT('',(-0.312573540209055,0.163492513895882,0.0015));
#6885=CARTESIAN_POINT('',(-0.31176953125,0.164569140625,0.0015));
#6886=CARTESIAN_POINT('',(-0.31176953125,0.164569140625,0.0015));
#6887=CARTESIAN_POINT('',(-0.31210546875,0.1648259765625,0.0015));
#6888=CARTESIAN_POINT('',(-0.312447265625,0.1648259765625,0.0015));
#6889=CARTESIAN_POINT('',(-0.312447265625,0.1648259765625,0.0015));
#6890=CARTESIAN_POINT('',(-0.312447265625,0.1648259765625,0.0015));
#6891=CARTESIAN_POINT('',(-0.312923828125,0.1648259765625,0.0015));
#6892=CARTESIAN_POINT('',(-0.313216796875,0.164569140625,0.0015));
#6893=CARTESIAN_POINT('',(-0.313216796875,0.164569140625,0.0015));
#6894=CARTESIAN_POINT('',(-0.311590231158804,0.162764013625046,0.0015));
#6895=CARTESIAN_POINT('',(-0.313727530095722,0.1639216796875,0.0015));
#6896=CARTESIAN_POINT('',(-0.3144248046875,0.1639216796875,0.0015));
#6897=CARTESIAN_POINT('',(-0.31512109375,0.1639216796875,0.0015));
#6898=CARTESIAN_POINT('',(-0.301686768218719,0.157423716757851,0.0015));
#6899=CARTESIAN_POINT('',(-0.314700138879962,0.164728288871098,0.0015));
#6900=CARTESIAN_POINT('',(-0.311355979500754,0.162862728899104,0.0015));
#6901=CARTESIAN_POINT('',(-0.317000381554837,0.164980150539345,0.0015));
#6902=CARTESIAN_POINT('',(-0.318837718986059,0.165783909750127,0.0014999999999996));
#6903=CARTESIAN_POINT('',(-0.318527837327706,0.16627922266335,0.0015));
#6904=CARTESIAN_POINT('',(-0.318001953125,0.1661501953125,0.0015));
#6905=CARTESIAN_POINT('',(-0.31747723499619,0.166021454061565,0.0015));
#6906=CARTESIAN_POINT('',(-0.315161119097039,0.164757185366583,0.0015));
#6907=CARTESIAN_POINT('',(-0.317665751346329,0.165588586716732,0.0015));
#6908=CARTESIAN_POINT('',(-0.308864478727281,0.162521175972551,0.0015));
#6909=CARTESIAN_POINT('',(-0.317836897993214,0.165045698584316,0.00149999975000004));
#6910=CARTESIAN_POINT('',(-0.312466716126749,0.163526395508321,0.0015));
#6911=CARTESIAN_POINT('',(-0.317964711013971,0.164484155545976,0.00149999999999877));
#6912=CARTESIAN_POINT('',(-0.314924402551113,0.163933113706511,0.0015));
#6913=CARTESIAN_POINT('',(-0.318013825058893,0.163958790335633,0.00149999975));
#6914=CARTESIAN_POINT('',(-0.318013671875,0.163940234375,0.0015));
#6915=CARTESIAN_POINT('',(-0.318013671875,0.1639216796875,0.0015));
#6916=CARTESIAN_POINT('',(-0.31859375,0.1639216796875,0.0015));
#6917=CARTESIAN_POINT('',(-0.319173828125,0.1639216796875,0.0015));
#6918=CARTESIAN_POINT('',(-0.319173828125,0.163934375,0.0015));
#6919=CARTESIAN_POINT('',(-0.319173869429931,0.163947070391214,0.0015));
#6920=CARTESIAN_POINT('',(-0.312919504414416,0.1639351515671,0.0015));
#6921=CARTESIAN_POINT('',(-0.319143548318893,0.164551561843901,0.00149999975));
#6922=CARTESIAN_POINT('',(-0.314261364300569,0.164069848207673,0.0015));
#6923=CARTESIAN_POINT('',(-0.319039987864744,0.165180457046866,0.0015));
#6924=CARTESIAN_POINT('',(-0.315883518824879,0.164459868993714,0.0015));
#6925=CARTESIAN_POINT('',(-0.3159267578125,0.162701953125,0.0015));
#6926=CARTESIAN_POINT('',(-0.315646484375,0.1629822265625,0.0015));
#6927=CARTESIAN_POINT('',(-0.31540234375,0.1634216796875,0.0015));
#6928=CARTESIAN_POINT('',(-0.3159267578125,0.162701953125,0.0015));
#6929=CARTESIAN_POINT('',(-0.31540234375,0.1634216796875,0.0015));
#6930=CARTESIAN_POINT('',(-0.3146875,0.1634216796875,0.0015));
#6931=CARTESIAN_POINT('',(-0.31397265625,0.1634216796875,0.0015));
#6932=CARTESIAN_POINT('',(-0.340827922847073,0.175694046404884,0.0015));
#6933=CARTESIAN_POINT('',(-0.31436434368691,0.162598479698802,0.0015));
#6934=CARTESIAN_POINT('',(-0.317529610870168,0.164150576511886,0.0015));
#6935=CARTESIAN_POINT('',(-0.314870957099148,0.161835621548298,0.0015));
#6936=CARTESIAN_POINT('',(-0.316691525706883,0.163442168992372,0.0015));
#6937=CARTESIAN_POINT('',(-0.3155966796875,0.16127421875,0.0015));
#6938=CARTESIAN_POINT('',(-0.3155966796875,0.16127421875,0.0015));
#6939=CARTESIAN_POINT('',(-0.3160234375,0.1610544921875,0.0015));
#6940=CARTESIAN_POINT('',(-0.316658203125,0.1610544921875,0.0015));
#6941=CARTESIAN_POINT('',(-0.316658203125,0.1610544921875,0.0015));
#6942=CARTESIAN_POINT('',(-0.316658314258936,0.163358056243198,0.0015));
#6943=CARTESIAN_POINT('',(-0.317512665353498,0.161218629597484,0.00149999975));
#6944=CARTESIAN_POINT('',(-0.316595310010503,0.163542931478292,0.0015));
#6945=CARTESIAN_POINT('',(-0.31826386315869,0.161682212145983,0.0014999999999998));
#6946=CARTESIAN_POINT('',(-0.316500318321214,0.163621151210217,0.0015));
#6947=CARTESIAN_POINT('',(-0.31883203125,0.1624216796875,0.0015));
#6948=CARTESIAN_POINT('',(-0.31883203125,0.1624216796875,0.0015));
#6949=CARTESIAN_POINT('',(-0.319064453125,0.1628611328125,0.0015));
#6950=CARTESIAN_POINT('',(-0.31913671875,0.1634216796875,0.0015));
#6951=CARTESIAN_POINT('',(-0.31913671875,0.1634216796875,0.0015));
#6952=CARTESIAN_POINT('',(-0.31855078125,0.1634216796875,0.0015));
#6953=CARTESIAN_POINT('',(-0.31796484375,0.1634216796875,0.0015));
#6954=CARTESIAN_POINT('',(-0.31796484375,0.1634216796875,0.0015));
#6955=CARTESIAN_POINT('',(-0.317720703125,0.1624216796875,0.0015));
#6956=CARTESIAN_POINT('',(-0.316634765625,0.1624216796875,0.0015));
#6957=CARTESIAN_POINT('',(-0.316634765625,0.1624216796875,0.0015));
#6958=CARTESIAN_POINT('',(-0.316634765625,0.1624216796875,0.0015));
#6959=CARTESIAN_POINT('',(-0.31620703125,0.1624216796875,0.0015));
#6960=CARTESIAN_POINT('',(-0.3159267578125,0.162701953125,0.0015));
#6961=CARTESIAN_POINT('',(-0.31062890625,0.1600271484375,0.0015));
#6962=CARTESIAN_POINT('',(-0.31112890625,0.1600271484375,0.0015));
#6963=CARTESIAN_POINT('',(-0.31012890625,0.1600271484375,0.0015));
#6964=CARTESIAN_POINT('',(-0.31012890625,0.1566033203125,0.0015));
#6965=CARTESIAN_POINT('',(-0.31012890625,0.1531794921875,0.0015));
#6966=CARTESIAN_POINT('',(-0.31062890625,0.1531794921875,0.0015));
#6967=CARTESIAN_POINT('',(-0.31112890625,0.1531794921875,0.0015));
#6968=CARTESIAN_POINT('',(-0.31112890625,0.154522265625,0.0015));
#6969=CARTESIAN_POINT('',(-0.31112890625,0.1558650390625,0.0015));
#6970=CARTESIAN_POINT('',(-0.315126953125,0.1558650390625,0.0015));
#6971=CARTESIAN_POINT('',(-0.319125,0.1558650390625,0.0015));
#6972=CARTESIAN_POINT('',(-0.319125,0.1566033203125,0.0015));
#6973=CARTESIAN_POINT('',(-0.319125,0.1573416015625,0.0015));
#6974=CARTESIAN_POINT('',(-0.315126953125,0.1573416015625,0.0015));
#6975=CARTESIAN_POINT('',(-0.31112890625,0.1573416015625,0.0015));
#6976=CARTESIAN_POINT('',(-0.31112890625,0.158684375,0.0015));
#6977=CARTESIAN_POINT('',(-0.3167626953125,0.14890703125,0.0015));
#6978=CARTESIAN_POINT('',(-0.3172578125,0.1490779296875,0.0015));
#6979=CARTESIAN_POINT('',(-0.316267578125,0.1487361328125,0.0015));
#6980=CARTESIAN_POINT('',(-0.316267578125,0.1479177734375,0.0015));
#6981=CARTESIAN_POINT('',(-0.316267578125,0.1470994140625,0.0015));
#6982=CARTESIAN_POINT('',(-0.3167626953125,0.14692265625,0.0015));
#6983=CARTESIAN_POINT('',(-0.3172578125,0.1467458984375,0.0015));
#6984=CARTESIAN_POINT('',(-0.3172578125,0.1479119140625,0.0015));
#6985=CARTESIAN_POINT('',(-0.310140625,0.1479119140625,0.0015));
#6986=CARTESIAN_POINT('',(-0.310140625,0.1486384765625,0.0015));
#6987=CARTESIAN_POINT('',(-0.310140625,0.1471853515625,0.0015));
#6988=CARTESIAN_POINT('',(-0.3146328125,0.1456228515625,0.0015));
#6989=CARTESIAN_POINT('',(-0.319125,0.1440603515625,0.0015));
#6990=CARTESIAN_POINT('',(-0.319125,0.1448171875,0.0015));
#6991=CARTESIAN_POINT('',(-0.319125,0.1455740234375,0.0015));
#6992=CARTESIAN_POINT('',(-0.315755859375,0.1467400390625,0.0015));
#6993=CARTESIAN_POINT('',(-0.31238671875,0.1479060546875,0.0015));
#6994=CARTESIAN_POINT('',(-0.315755859375,0.1490837890625,0.0015));
#6995=CARTESIAN_POINT('',(-0.319125,0.1502615234375,0.0015));
#6996=CARTESIAN_POINT('',(-0.319125,0.15102421875,0.0015));
#6997=CARTESIAN_POINT('',(-0.319125,0.1517869140625,0.0015));
#6998=CARTESIAN_POINT('',(-0.3146328125,0.1502126953125,0.0015));
#6999=CARTESIAN_POINT('',(-0.319125,0.1414587890625,0.0015));
#7000=CARTESIAN_POINT('',(-0.319125,0.1407263671875,0.0015));
#7001=CARTESIAN_POINT('',(-0.319125,0.1421912109375,0.0015));
#7002=CARTESIAN_POINT('',(-0.314626953125,0.1421912109375,0.0015));
#7003=CARTESIAN_POINT('',(-0.31012890625,0.1421912109375,0.0015));
#7004=CARTESIAN_POINT('',(-0.31012890625,0.1414587890625,0.0015));
#7005=CARTESIAN_POINT('',(-0.31012890625,0.1407263671875,0.0015));
#7006=CARTESIAN_POINT('',(-0.314626953125,0.1407263671875,0.0015));
#7007=CARTESIAN_POINT('',(-0.313090878681431,0.139175216770828,0.0015));
#7008=CARTESIAN_POINT('',(-0.314572265625,0.13691875,0.0015));
#7009=CARTESIAN_POINT('',(-0.315583984375,0.1381384765625,0.0015));
#7010=CARTESIAN_POINT('',(-0.3173544921875,0.1371130859375,0.0015));
#7011=CARTESIAN_POINT('',(-0.319125,0.1360876953125,0.0015));
#7012=CARTESIAN_POINT('',(-0.319125,0.1368630859375,0.0015));
#7013=CARTESIAN_POINT('',(-0.319125,0.1376384765625,0.0015));
#7014=CARTESIAN_POINT('',(-0.3174951171875,0.138487109375,0.0015));
#7015=CARTESIAN_POINT('',(-0.315865202886285,0.139335758582679,0.0015));
#7016=CARTESIAN_POINT('',(-0.316440057877542,0.139332479543383,0.0015));
#7017=CARTESIAN_POINT('',(-0.315871220827737,0.139414830699697,0.0015));
#7018=CARTESIAN_POINT('',(-0.314810440837926,0.13952376795557,0.0015));
#7019=CARTESIAN_POINT('',(-0.315876855705206,0.139542771701458,0.00149999975));
#7020=CARTESIAN_POINT('',(-0.315876953125,0.139984423828125,0.0015));
#7021=CARTESIAN_POINT('',(-0.315876953125,0.1402263671875,0.0015));
#7022=CARTESIAN_POINT('',(-0.31533984375,0.1402263671875,0.0015));
#7023=CARTESIAN_POINT('',(-0.314802734375,0.1402263671875,0.0015));
#7024=CARTESIAN_POINT('',(-0.314802734375,0.139811328125,0.0015));
#7025=CARTESIAN_POINT('',(-0.314802835133805,0.139396288601899,0.0015));
#7026=CARTESIAN_POINT('',(-0.313138135553305,0.139403898483645,0.0015));
#7027=CARTESIAN_POINT('',(-0.31471194138113,0.138860147006054,0.00149999975));
#7028=CARTESIAN_POINT('',(-0.313463158076984,0.139290753566702,0.0015));
#7029=CARTESIAN_POINT('',(-0.3144130859375,0.138371875,0.0015));
#7030=CARTESIAN_POINT('',(-0.3144130859375,0.138371875,0.0015));
#7031=CARTESIAN_POINT('',(-0.314205078125,0.1381521484375,0.0015));
#7032=CARTESIAN_POINT('',(-0.3138330078125,0.1380173828125,0.0015));
#7033=CARTESIAN_POINT('',(-0.3138330078125,0.1380173828125,0.0015));
#7034=CARTESIAN_POINT('',(-0.3138330078125,0.1380173828125,0.0015));
#7035=CARTESIAN_POINT('',(-0.3134609375,0.1378826171875,0.0015));
#7036=CARTESIAN_POINT('',(-0.312912109375,0.1378826171875,0.0015));
#7037=CARTESIAN_POINT('',(-0.312912109375,0.1378826171875,0.0015));
#7038=CARTESIAN_POINT('',(-0.312961045038429,0.14036122428328,0.0015));
#7039=CARTESIAN_POINT('',(-0.31240431384634,0.137944208426912,0.00149999975));
#7040=CARTESIAN_POINT('',(-0.312723521183572,0.139366324094873,0.0015));
#7041=CARTESIAN_POINT('',(-0.31185546875,0.138194140625,0.0015));
#7042=CARTESIAN_POINT('',(-0.31185546875,0.138194140625,0.0015));
#7043=CARTESIAN_POINT('',(-0.31159375,0.1383826171875,0.0015));
#7044=CARTESIAN_POINT('',(-0.311416015625,0.1387244140625,0.0015));
#7045=CARTESIAN_POINT('',(-0.311416015625,0.1387244140625,0.0015));
#7046=CARTESIAN_POINT('',(-0.311416015625,0.1387244140625,0.0015));
#7047=CARTESIAN_POINT('',(-0.31123828125,0.1390662109375,0.0015));
#7048=CARTESIAN_POINT('',(-0.31123828125,0.1396287109375,0.0015));
#7049=CARTESIAN_POINT('',(-0.31123828125,0.1396287109375,0.0015));
#7050=CARTESIAN_POINT('',(-0.31123828125,0.1399275390625,0.0015));
#7051=CARTESIAN_POINT('',(-0.31123828125,0.1402263671875,0.0015));
#7052=CARTESIAN_POINT('',(-0.31068359375,0.1402263671875,0.0015));
#7053=CARTESIAN_POINT('',(-0.31012890625,0.1402263671875,0.0015));
#7054=CARTESIAN_POINT('',(-0.31012890625,0.13991484375,0.0015));
#7055=CARTESIAN_POINT('',(-0.310128805509072,0.139603320119487,0.0015));
#7056=CARTESIAN_POINT('',(-0.313773335831004,0.139610302795261,0.0015));
#7057=CARTESIAN_POINT('',(-0.310311723553594,0.138469853416415,0.0015));
#7058=CARTESIAN_POINT('',(-0.313234221478681,0.13940651758926,0.0015));
#7059=CARTESIAN_POINT('',(-0.310860299083888,0.137461675729782,0.00149999975));
#7060=CARTESIAN_POINT('',(-0.313074922683905,0.139278264608351,0.0015));
#7061=CARTESIAN_POINT('',(-0.3117451171875,0.136741015625,0.0015));
#7062=CARTESIAN_POINT('',(-0.3117451171875,0.136741015625,0.0015));
#7063=CARTESIAN_POINT('',(-0.312263671875,0.1364666015625,0.0015));
#7064=CARTESIAN_POINT('',(-0.312912109375,0.1364666015625,0.0015));
#7065=CARTESIAN_POINT('',(-0.312912109375,0.1364666015625,0.0015));
#7066=CARTESIAN_POINT('',(-0.312912109375,0.1364666015625,0.0015));
#7067=CARTESIAN_POINT('',(-0.313888671875,0.1364666015625,0.0015));
#7068=CARTESIAN_POINT('',(-0.314572265625,0.13691875,0.0015));
#7069=CARTESIAN_POINT('',(-0.319125,0.1213884765625,0.0015));
#7070=CARTESIAN_POINT('',(-0.319125,0.1206560546875,0.0015));
#7071=CARTESIAN_POINT('',(-0.319125,0.1221208984375,0.0015));
#7072=CARTESIAN_POINT('',(-0.314626953125,0.1221208984375,0.0015));
#7073=CARTESIAN_POINT('',(-0.31012890625,0.1221208984375,0.0015));
#7074=CARTESIAN_POINT('',(-0.31012890625,0.1213884765625,0.0015));
#7075=CARTESIAN_POINT('',(-0.31012890625,0.1206560546875,0.0015));
#7076=CARTESIAN_POINT('',(-0.314626953125,0.1206560546875,0.0015));
#7077=CARTESIAN_POINT('',(-0.314986328125,0.1271892578125,0.0015));
#7078=CARTESIAN_POINT('',(-0.315486328125,0.1271892578125,0.0015));
#7079=CARTESIAN_POINT('',(-0.314486328125,0.1271892578125,0.0015));
#7080=CARTESIAN_POINT('',(-0.314486328125,0.1257,0.0015));
#7081=CARTESIAN_POINT('',(-0.314486328125,0.1242107421875,0.0015));
#7082=CARTESIAN_POINT('',(-0.3162255859375,0.1242107421875,0.0015));
#7083=CARTESIAN_POINT('',(-0.317964000292081,0.1242107421875,0.0015));
#7084=CARTESIAN_POINT('',(-0.316356982766155,0.126282041778345,0.0015));
#7085=CARTESIAN_POINT('',(-0.318545089272188,0.124838561060755,0.00149999975));
#7086=CARTESIAN_POINT('',(-0.315294409047768,0.12695595719574,0.0015));
#7087=CARTESIAN_POINT('',(-0.318917985168854,0.125571087479481,0.00149999975));
#7088=CARTESIAN_POINT('',(-0.315404910369881,0.126911556432357,0.0015));
#7089=CARTESIAN_POINT('',(-0.319124963690492,0.126364067920254,0.0015));
#7090=CARTESIAN_POINT('',(-0.313647817037217,0.127181691887769,0.0015));
#7091=CARTESIAN_POINT('',(-0.319185580677762,0.127175585900229,0.00149999975));
#7092=CARTESIAN_POINT('',(-0.319185546875,0.127182421875,0.0015));
#7093=CARTESIAN_POINT('',(-0.319185546875,0.1271892578125,0.0015));
#7094=CARTESIAN_POINT('',(-0.3186484375,0.1271892578125,0.0015));
#7095=CARTESIAN_POINT('',(-0.318111586917359,0.1271892578125,0.0015));
#7096=CARTESIAN_POINT('',(-0.313760428115585,0.127238452022085,0.0015));
#7097=CARTESIAN_POINT('',(-0.318092693042741,0.126828914206307,0.00149999975));
#7098=CARTESIAN_POINT('',(-0.313555915687388,0.127231354082152,0.0015));
#7099=CARTESIAN_POINT('',(-0.31803217656886,0.126389462278072,0.0015));
#7100=CARTESIAN_POINT('',(-0.315366419641352,0.126876975720406,0.0015));
#7101=CARTESIAN_POINT('',(-0.3179169921875,0.12596171875,0.0015));
#7102=CARTESIAN_POINT('',(-0.3179169921875,0.12596171875,0.0015));
#7103=CARTESIAN_POINT('',(-0.31784375,0.1257595703125,0.0015));
#7104=CARTESIAN_POINT('',(-0.317708984375,0.1256619140625,0.0015));
#7105=CARTESIAN_POINT('',(-0.317708984375,0.1256619140625,0.0015));
#7106=CARTESIAN_POINT('',(-0.31659765625,0.1256619140625,0.0015));
#7107=CARTESIAN_POINT('',(-0.315486328125,0.1256619140625,0.0015));
#7108=CARTESIAN_POINT('',(-0.315486328125,0.1264255859375,0.0015));
#7109=CARTESIAN_POINT('',(-0.3178310546875,0.13000859375,0.0015));
#7110=CARTESIAN_POINT('',(-0.3172578125,0.1304353515625,0.0015));
#7111=CARTESIAN_POINT('',(-0.3164453125,0.1306794921875,0.0015));
#7112=CARTESIAN_POINT('',(-0.3178310546875,0.13000859375,0.0015));
#7113=CARTESIAN_POINT('',(-0.3164453125,0.1306794921875,0.0015));
#7114=CARTESIAN_POINT('',(-0.3164453125,0.1306794921875,0.0015));
#7115=CARTESIAN_POINT('',(-0.3156328125,0.1309236328125,0.0015));
#7116=CARTESIAN_POINT('',(-0.314583984375,0.1309236328125,0.0015));
#7117=CARTESIAN_POINT('',(-0.314583984375,0.1309236328125,0.0015));
#7118=CARTESIAN_POINT('',(-0.314583984375,0.1309236328125,0.0015));
#7119=CARTESIAN_POINT('',(-0.313533203125,0.1309236328125,0.0015));
#7120=CARTESIAN_POINT('',(-0.3127216796875,0.1306794921875,0.0015));
#7121=CARTESIAN_POINT('',(-0.3127216796875,0.1306794921875,0.0015));
#7122=CARTESIAN_POINT('',(-0.3127216796875,0.1306794921875,0.0015));
#7123=CARTESIAN_POINT('',(-0.31191015625,0.1304353515625,0.0015));
#7124=CARTESIAN_POINT('',(-0.3113427734375,0.13000859375,0.0015));
#7125=CARTESIAN_POINT('',(-0.3113427734375,0.13000859375,0.0015));
#7126=CARTESIAN_POINT('',(-0.313258112115881,0.127423738231661,0.0015));
#7127=CARTESIAN_POINT('',(-0.310445157882044,0.128983288516862,0.00149999975));
#7128=CARTESIAN_POINT('',(-0.313536812378569,0.127282220392856,0.0015));
#7129=CARTESIAN_POINT('',(-0.31003163014006,0.1276892578125,0.0015));
#7130=CARTESIAN_POINT('',(-0.3106416015625,0.1276892578125,0.0015));
#7131=CARTESIAN_POINT('',(-0.311251837320966,0.1276892578125,0.0015));
#7132=CARTESIAN_POINT('',(-0.313169780979443,0.127174070912438,0.0015));
#7133=CARTESIAN_POINT('',(-0.3115810546875,0.128366015625,0.0015));
#7134=CARTESIAN_POINT('',(-0.3115810546875,0.128366015625,0.0015));
#7135=CARTESIAN_POINT('',(-0.3118125,0.1286775390625,0.0015));
#7136=CARTESIAN_POINT('',(-0.3122216796875,0.1289158203125,0.0015));
#7137=CARTESIAN_POINT('',(-0.3122216796875,0.1289158203125,0.0015));
#7138=CARTESIAN_POINT('',(-0.3122216796875,0.1289158203125,0.0015));
#7139=CARTESIAN_POINT('',(-0.312630859375,0.1291541015625,0.0015));
#7140=CARTESIAN_POINT('',(-0.3132109375,0.129287890625,0.0015));
#7141=CARTESIAN_POINT('',(-0.3132109375,0.129287890625,0.0015));
#7142=CARTESIAN_POINT('',(-0.3132109375,0.129287890625,0.0015));
#7143=CARTESIAN_POINT('',(-0.313791015625,0.1294216796875,0.0015));
#7144=CARTESIAN_POINT('',(-0.314583984375,0.1294353515625,0.0015));
#7145=CARTESIAN_POINT('',(-0.314583984375,0.1294353515625,0.0015));
#7146=CARTESIAN_POINT('',(-0.314583984375,0.1294353515625,0.0015));
#7147=CARTESIAN_POINT('',(-0.315376953125,0.1294216796875,0.0015));
#7148=CARTESIAN_POINT('',(-0.3159755859375,0.129287890625,0.0015));
#7149=CARTESIAN_POINT('',(-0.3159755859375,0.129287890625,0.0015));
#7150=CARTESIAN_POINT('',(-0.3159755859375,0.129287890625,0.0015));
#7151=CARTESIAN_POINT('',(-0.31657421875,0.1291541015625,0.0015));
#7152=CARTESIAN_POINT('',(-0.3170068359375,0.1289158203125,0.0015));
#7153=CARTESIAN_POINT('',(-0.3170068359375,0.1289158203125,0.0015));
#7154=CARTESIAN_POINT('',(-0.3170068359375,0.1289158203125,0.0015));
#7155=CARTESIAN_POINT('',(-0.317439453125,0.1286775390625,0.0015));
#7156=CARTESIAN_POINT('',(-0.3176962890625,0.128366015625,0.0015));
#7157=CARTESIAN_POINT('',(-0.3176962890625,0.128366015625,0.0015));
#7158=CARTESIAN_POINT('',(-0.316335725800344,0.127219602179258,0.0015));
#7159=CARTESIAN_POINT('',(-0.318051202471405,0.1276892578125,0.0015));
#7160=CARTESIAN_POINT('',(-0.3186064453125,0.1276892578125,0.0015));
#7161=CARTESIAN_POINT('',(-0.319161765349753,0.1276892578125,0.0015));
#7162=CARTESIAN_POINT('',(-0.315694682194168,0.127275777912271,0.0015));
#7163=CARTESIAN_POINT('',(-0.318740402439344,0.128983298025262,0.0015));
#7164=CARTESIAN_POINT('',(-0.315906392663476,0.127383028362703,0.0015));
#7165=CARTESIAN_POINT('',(-0.313315487961699,0.127000295290904,0.0015));
#7166=CARTESIAN_POINT('',(-0.310226210593044,0.125808264898694,0.00149999975));
#7167=CARTESIAN_POINT('',(-0.31095928310034,0.124673968393563,0.0015));
#7168=CARTESIAN_POINT('',(-0.31141015625,0.12518046875,0.0015));
#7169=CARTESIAN_POINT('',(-0.311861328125,0.1256873046875,0.0015));
#7170=CARTESIAN_POINT('',(-0.311861328125,0.1256873046875,0.0015));
#7171=CARTESIAN_POINT('',(-0.3115078125,0.1259802734375,0.0015));
#7172=CARTESIAN_POINT('',(-0.3113486328125,0.126358203125,0.0015));
#7173=CARTESIAN_POINT('',(-0.3113486328125,0.126358203125,0.0015));
#7174=CARTESIAN_POINT('',(-0.313184325974807,0.127139578876129,0.0015));
#7175=CARTESIAN_POINT('',(-0.311189436041531,0.127140429694786,0.00149999975));
#7176=CARTESIAN_POINT('',(-0.311189453125,0.12716484375,0.0015));
#7177=CARTESIAN_POINT('',(-0.311189453125,0.1271892578125,0.0015));
#7178=CARTESIAN_POINT('',(-0.3105859375,0.1271892578125,0.0015));
#7179=CARTESIAN_POINT('',(-0.309982421875,0.1271892578125,0.0015));
#7180=CARTESIAN_POINT('',(-0.309982421875,0.127182421875,0.0015));
#7181=CARTESIAN_POINT('',(-0.309982875107522,0.127175581678304,0.0015));
#7182=CARTESIAN_POINT('',(-0.313759512895494,0.127140091193157,0.0015));
#7183=CARTESIAN_POINT('',(-0.31309087868143,0.11910490427083,0.0015));
#7184=CARTESIAN_POINT('',(-0.314572265625,0.1168484375,0.0015));
#7185=CARTESIAN_POINT('',(-0.315583984375,0.1180681640625,0.0015));
#7186=CARTESIAN_POINT('',(-0.3173544921875,0.1170427734375,0.0015));
#7187=CARTESIAN_POINT('',(-0.319125,0.1160173828125,0.0015));
#7188=CARTESIAN_POINT('',(-0.319125,0.1167927734375,0.0015));
#7189=CARTESIAN_POINT('',(-0.319125,0.1175681640625,0.0015));
#7190=CARTESIAN_POINT('',(-0.3174951171875,0.118416796875,0.0015));
#7191=CARTESIAN_POINT('',(-0.315865202886359,0.119265446082724,0.0015));
#7192=CARTESIAN_POINT('',(-0.316440057877542,0.119262167043383,0.0015));
#7193=CARTESIAN_POINT('',(-0.315871220827737,0.119344518199697,0.0015));
#7194=CARTESIAN_POINT('',(-0.314810440837909,0.11945345545557,0.0015));
#7195=CARTESIAN_POINT('',(-0.315876855705206,0.119472459201458,0.00149999975));
#7196=CARTESIAN_POINT('',(-0.315876953125,0.119914111328125,0.0015));
#7197=CARTESIAN_POINT('',(-0.315876953125,0.1201560546875,0.0015));
#7198=CARTESIAN_POINT('',(-0.31533984375,0.1201560546875,0.0015));
#7199=CARTESIAN_POINT('',(-0.314802734375,0.1201560546875,0.0015));
#7200=CARTESIAN_POINT('',(-0.314802734375,0.119741015625,0.0015));
#7201=CARTESIAN_POINT('',(-0.314802835133805,0.119325976101899,0.0015));
#7202=CARTESIAN_POINT('',(-0.313138135553305,0.119333585983645,0.0015));
#7203=CARTESIAN_POINT('',(-0.31471194138113,0.118789834506054,0.00149999975));
#7204=CARTESIAN_POINT('',(-0.313463158076985,0.119220441066702,0.0015));
#7205=CARTESIAN_POINT('',(-0.3144130859375,0.1183015625,0.0015));
#7206=CARTESIAN_POINT('',(-0.3144130859375,0.1183015625,0.0015));
#7207=CARTESIAN_POINT('',(-0.314205078125,0.1180818359375,0.0015));
#7208=CARTESIAN_POINT('',(-0.3138330078125,0.1179470703125,0.0015));
#7209=CARTESIAN_POINT('',(-0.3138330078125,0.1179470703125,0.0015));
#7210=CARTESIAN_POINT('',(-0.3138330078125,0.1179470703125,0.0015));
#7211=CARTESIAN_POINT('',(-0.3134609375,0.1178123046875,0.0015));
#7212=CARTESIAN_POINT('',(-0.312912109375,0.1178123046875,0.0015));
#7213=CARTESIAN_POINT('',(-0.312912109375,0.1178123046875,0.0015));
#7214=CARTESIAN_POINT('',(-0.312961045038427,0.12029091178327,0.0015));
#7215=CARTESIAN_POINT('',(-0.31240431384634,0.117873895926912,0.00149999975));
#7216=CARTESIAN_POINT('',(-0.312723521183572,0.119296011594873,0.0015));
#7217=CARTESIAN_POINT('',(-0.31185546875,0.118123828125,0.0015));
#7218=CARTESIAN_POINT('',(-0.31185546875,0.118123828125,0.0015));
#7219=CARTESIAN_POINT('',(-0.31159375,0.1183123046875,0.0015));
#7220=CARTESIAN_POINT('',(-0.311416015625,0.1186541015625,0.0015));
#7221=CARTESIAN_POINT('',(-0.311416015625,0.1186541015625,0.0015));
#7222=CARTESIAN_POINT('',(-0.311416015625,0.1186541015625,0.0015));
#7223=CARTESIAN_POINT('',(-0.31123828125,0.1189958984375,0.0015));
#7224=CARTESIAN_POINT('',(-0.31123828125,0.1195583984375,0.0015));
#7225=CARTESIAN_POINT('',(-0.31123828125,0.1195583984375,0.0015));
#7226=CARTESIAN_POINT('',(-0.31123828125,0.1198572265625,0.0015));
#7227=CARTESIAN_POINT('',(-0.31123828125,0.1201560546875,0.0015));
#7228=CARTESIAN_POINT('',(-0.31068359375,0.1201560546875,0.0015));
#7229=CARTESIAN_POINT('',(-0.31012890625,0.1201560546875,0.0015));
#7230=CARTESIAN_POINT('',(-0.31012890625,0.11984453125,0.0015));
#7231=CARTESIAN_POINT('',(-0.310128805509072,0.119533007619487,0.0015));
#7232=CARTESIAN_POINT('',(-0.313773335831004,0.119539990295261,0.0015));
#7233=CARTESIAN_POINT('',(-0.310311723553594,0.118399540916415,0.0015));
#7234=CARTESIAN_POINT('',(-0.31323422147868,0.11933620508926,0.0015));
#7235=CARTESIAN_POINT('',(-0.310860299083888,0.117391363229782,0.00149999975));
#7236=CARTESIAN_POINT('',(-0.313074922683905,0.119207952108351,0.0015));
#7237=CARTESIAN_POINT('',(-0.3117451171875,0.116670703125,0.0015));
#7238=CARTESIAN_POINT('',(-0.3117451171875,0.116670703125,0.0015));
#7239=CARTESIAN_POINT('',(-0.312263671875,0.1163962890625,0.0015));
#7240=CARTESIAN_POINT('',(-0.312912109375,0.1163962890625,0.0015));
#7241=CARTESIAN_POINT('',(-0.312912109375,0.1163962890625,0.0015));
#7242=CARTESIAN_POINT('',(-0.312912109375,0.1163962890625,0.0015));
#7243=CARTESIAN_POINT('',(-0.313888671875,0.1163962890625,0.0015));
#7244=CARTESIAN_POINT('',(-0.314572265625,0.1168484375,0.0015));
#7245=CARTESIAN_POINT('',(-0.31012890625,0.1132712890625,0.0015));
#7246=CARTESIAN_POINT('',(-0.31012890625,0.1140154296875,0.0015));
#7247=CARTESIAN_POINT('',(-0.31012890625,0.1125271484375,0.0015));
#7248=CARTESIAN_POINT('',(-0.314626953125,0.1125271484375,0.0015));
#7249=CARTESIAN_POINT('',(-0.319125,0.1125271484375,0.0015));
#7250=CARTESIAN_POINT('',(-0.319125,0.1132712890625,0.0015));
#7251=CARTESIAN_POINT('',(-0.319125,0.1140154296875,0.0015));
#7252=CARTESIAN_POINT('',(-0.314626953125,0.1140154296875,0.0015));
#7253=CARTESIAN_POINT('',(-0.319125,0.1094998046875,0.0015));
#7254=CARTESIAN_POINT('',(-0.319125,0.1087673828125,0.0015));
#7255=CARTESIAN_POINT('',(-0.319125,0.1102322265625,0.0015));
#7256=CARTESIAN_POINT('',(-0.314626953125,0.1102322265625,0.0015));
#7257=CARTESIAN_POINT('',(-0.31012890625,0.1102322265625,0.0015));
#7258=CARTESIAN_POINT('',(-0.31012890625,0.1094998046875,0.0015));
#7259=CARTESIAN_POINT('',(-0.31012890625,0.1087673828125,0.0015));
#7260=CARTESIAN_POINT('',(-0.314626953125,0.1087673828125,0.0015));
#7261=CARTESIAN_POINT('',(-0.31068359375,0.1082673828125,0.0015));
#7262=CARTESIAN_POINT('',(-0.31123828125,0.1082673828125,0.0015));
#7263=CARTESIAN_POINT('',(-0.31012890625,0.1082673828125,0.0015));
#7264=CARTESIAN_POINT('',(-0.31012890625,0.1078943359375,0.0015));
#7265=CARTESIAN_POINT('',(-0.31012890625,0.1075212890625,0.0015));
#7266=CARTESIAN_POINT('',(-0.31012890625,0.1075212890625,0.0015));
#7267=CARTESIAN_POINT('',(-0.31012890625,0.1063865234375,0.0015));
#7268=CARTESIAN_POINT('',(-0.31048828125,0.105526171875,0.0015));
#7269=CARTESIAN_POINT('',(-0.31048828125,0.105526171875,0.0015));
#7270=CARTESIAN_POINT('',(-0.31048828125,0.105526171875,0.0015));
#7271=CARTESIAN_POINT('',(-0.31084765625,0.1046658203125,0.0015));
#7272=CARTESIAN_POINT('',(-0.3114462890625,0.1040984375,0.0015));
#7273=CARTESIAN_POINT('',(-0.3114462890625,0.1040984375,0.0015));
#7274=CARTESIAN_POINT('',(-0.314169871436996,0.106949307860246,0.0015));
#7275=CARTESIAN_POINT('',(-0.312807637634505,0.103249859476226,0.00149999999999811));
#7276=CARTESIAN_POINT('',(-0.314373975764166,0.107467849603476,0.0015));
#7277=CARTESIAN_POINT('',(-0.314376953126345,0.102968552655788,0.0015));
#7278=CARTESIAN_POINT('',(-0.314376953125,0.1029685546875,0.0015));
#7279=CARTESIAN_POINT('',(-0.315486328125,0.1029685546875,0.0015));
#7280=CARTESIAN_POINT('',(-0.3162744140625,0.1032068359375,0.0015));
#7281=CARTESIAN_POINT('',(-0.3162744140625,0.1032068359375,0.0015));
#7282=CARTESIAN_POINT('',(-0.3162744140625,0.1032068359375,0.0015));
#7283=CARTESIAN_POINT('',(-0.3170625,0.1034451171875,0.0015));
#7284=CARTESIAN_POINT('',(-0.3175927734375,0.103811328125,0.0015));
#7285=CARTESIAN_POINT('',(-0.3175927734375,0.103811328125,0.0015));
#7286=CARTESIAN_POINT('',(-0.3175927734375,0.103811328125,0.0015));
#7287=CARTESIAN_POINT('',(-0.318123046875,0.1041775390625,0.0015));
#7288=CARTESIAN_POINT('',(-0.3184287109375,0.104635546875,0.0015));
#7289=CARTESIAN_POINT('',(-0.3184287109375,0.104635546875,0.0015));
#7290=CARTESIAN_POINT('',(-0.3184287109375,0.104635546875,0.0015));
#7291=CARTESIAN_POINT('',(-0.318734375,0.1050935546875,0.0015));
#7292=CARTESIAN_POINT('',(-0.31888671875,0.1055203125,0.0015));
#7293=CARTESIAN_POINT('',(-0.31888671875,0.1055203125,0.0015));
#7294=CARTESIAN_POINT('',(-0.31888671875,0.1055203125,0.0015));
#7295=CARTESIAN_POINT('',(-0.3190390625,0.1059470703125,0.0015));
#7296=CARTESIAN_POINT('',(-0.31908203125,0.1063015625,0.0015));
#7297=CARTESIAN_POINT('',(-0.31908203125,0.1063015625,0.0015));
#7298=CARTESIAN_POINT('',(-0.31401788298088,0.106996658739218,0.0015));
#7299=CARTESIAN_POINT('',(-0.319125473717222,0.106825960730655,0.00149999975));
#7300=CARTESIAN_POINT('',(-0.319125,0.1075466796875,0.0015));
#7301=CARTESIAN_POINT('',(-0.319125,0.1082673828125,0.0015));
#7302=CARTESIAN_POINT('',(-0.318587890625,0.1082673828125,0.0015));
#7303=CARTESIAN_POINT('',(-0.31805078125,0.1082673828125,0.0015));
#7304=CARTESIAN_POINT('',(-0.31805078125,0.1077908203125,0.0015));
#7305=CARTESIAN_POINT('',(-0.31805078125,0.1073142578125,0.0015));
#7306=CARTESIAN_POINT('',(-0.31805078125,0.1073142578125,0.0015));
#7307=CARTESIAN_POINT('',(-0.31805078125,0.1058259765625,0.0015));
#7308=CARTESIAN_POINT('',(-0.3170986328125,0.105166796875,0.0015));
#7309=CARTESIAN_POINT('',(-0.3170986328125,0.105166796875,0.0015));
#7310=CARTESIAN_POINT('',(-0.3170986328125,0.105166796875,0.0015));
#7311=CARTESIAN_POINT('',(-0.316146484375,0.1045076171875,0.0015));
#7312=CARTESIAN_POINT('',(-0.31433984375,0.1045076171875,0.0015));
#7313=CARTESIAN_POINT('',(-0.314339843750375,0.104507614762098,0.0015));
#7314=CARTESIAN_POINT('',(-0.314339120064918,0.109182448268128,0.0015));
#7315=CARTESIAN_POINT('',(-0.313228480654958,0.104641264387288,0.00149999999999914));
#7316=CARTESIAN_POINT('',(-0.313791942667676,0.106929350119732,0.0015));
#7317=CARTESIAN_POINT('',(-0.312234375,0.1051599609375,0.0015));
#7318=CARTESIAN_POINT('',(-0.312234375,0.1051599609375,0.0015));
#7319=CARTESIAN_POINT('',(-0.3117890625,0.1055447265625,0.0015));
#7320=CARTESIAN_POINT('',(-0.311513671875,0.10620390625,0.0015));
#7321=CARTESIAN_POINT('',(-0.311513671875,0.10620390625,0.0015));
#7322=CARTESIAN_POINT('',(-0.311513671875,0.10620390625,0.0015));
#7323=CARTESIAN_POINT('',(-0.31123828125,0.1068630859375,0.0015));
#7324=CARTESIAN_POINT('',(-0.31123828125,0.1079119140625,0.0015));
#7325=CARTESIAN_POINT('',(-0.31123828125,0.1079119140625,0.0015));
#7326=CARTESIAN_POINT('',(-0.31123828125,0.1080896484375,0.0015));
#7327=CARTESIAN_POINT('',(-0.239375,0.1347,0.));
#7328=CARTESIAN_POINT('',(-0.314626953125,0.1102322265625,0.));
#7329=CARTESIAN_POINT('',(-0.31012890625,0.1102322265625,-8.470329472543E-22));
#7330=CARTESIAN_POINT('',(-0.319125,0.1102322265625,-8.470329472543E-22));
#7331=CARTESIAN_POINT('',(-0.319125,0.1094998046875,0.));
#7332=CARTESIAN_POINT('',(-0.319125,0.1087673828125,-8.470329472543E-22));
#7333=CARTESIAN_POINT('',(-0.314626953125,0.1087673828125,0.));
#7334=CARTESIAN_POINT('',(-0.31012890625,0.1087673828125,0.));
#7335=CARTESIAN_POINT('',(-0.31012890625,0.1094998046875,0.));
#7336=CARTESIAN_POINT('',(-0.3173544921875,0.1170427734375,0.));
#7337=CARTESIAN_POINT('',(-0.319125,0.1160173828125,-8.470329472543E-22));
#7338=CARTESIAN_POINT('',(-0.315583984375,0.1180681640625,-1.6940658945086E-21));
#7339=CARTESIAN_POINT('',(-0.31309087868143,0.11910490427083,-8.470329472543E-22));
#7340=CARTESIAN_POINT('',(-0.314572265625,0.1168484375,-1.6940658945086E-21));
#7341=CARTESIAN_POINT('',(-0.312912109375,0.1163962890625,-8.470329472543E-22));
#7342=CARTESIAN_POINT('',(-0.313888671875,0.1163962890625,-8.470329472543E-22));
#7343=CARTESIAN_POINT('',(-0.314572265625,0.1168484375,-8.470329472543E-22));
#7344=CARTESIAN_POINT('',(-0.312912109375,0.1163962890625,-1.6940658945086E-21));
#7345=CARTESIAN_POINT('',(-0.3117451171875,0.116670703125,-8.470329472543E-22));
#7346=CARTESIAN_POINT('',(-0.312263671875,0.1163962890625,-8.470329472543E-22));
#7347=CARTESIAN_POINT('',(-0.312912109375,0.1163962890625,-8.470329472543E-22));
#7348=CARTESIAN_POINT('',(-0.3117451171875,0.116670703125,-1.6940658945086E-21));
#7349=CARTESIAN_POINT('',(-0.313074922683905,0.119207952108351,-8.470329472543E-22));
#7350=CARTESIAN_POINT('',(-0.310860299083888,0.117391363229782,2.49999999080212E-10));
#7351=CARTESIAN_POINT('',(-0.31323422147868,0.11933620508926,-8.470329472543E-22));
#7352=CARTESIAN_POINT('',(-0.310311723553594,0.118399540916415,-8.470329472543E-22));
#7353=CARTESIAN_POINT('',(-0.313773335831004,0.119539990295261,-8.470329472543E-22));
#7354=CARTESIAN_POINT('',(-0.310128805509072,0.119533007619487,2.49999999967884E-10));
#7355=CARTESIAN_POINT('',(-0.31012890625,0.11984453125,0.));
#7356=CARTESIAN_POINT('',(-0.31012890625,0.1201560546875,-8.470329472543E-22));
#7357=CARTESIAN_POINT('',(-0.31068359375,0.1201560546875,0.));
#7358=CARTESIAN_POINT('',(-0.31123828125,0.1201560546875,-8.470329472543E-22));
#7359=CARTESIAN_POINT('',(-0.31123828125,0.1198572265625,0.));
#7360=CARTESIAN_POINT('',(-0.31123828125,0.1195583984375,-1.6940658945086E-21));
#7361=CARTESIAN_POINT('',(-0.311416015625,0.1186541015625,-8.470329472543E-22));
#7362=CARTESIAN_POINT('',(-0.31123828125,0.1189958984375,-8.470329472543E-22));
#7363=CARTESIAN_POINT('',(-0.31123828125,0.1195583984375,-8.470329472543E-22));
#7364=CARTESIAN_POINT('',(-0.311416015625,0.1186541015625,-1.6940658945086E-21));
#7365=CARTESIAN_POINT('',(-0.31185546875,0.118123828125,-8.470329472543E-22));
#7366=CARTESIAN_POINT('',(-0.31159375,0.1183123046875,-8.470329472543E-22));
#7367=CARTESIAN_POINT('',(-0.311416015625,0.1186541015625,-8.470329472543E-22));
#7368=CARTESIAN_POINT('',(-0.31185546875,0.118123828125,-1.6940658945086E-21));
#7369=CARTESIAN_POINT('',(-0.312723521183572,0.119296011594873,-8.470329472543E-22));
#7370=CARTESIAN_POINT('',(-0.31240431384634,0.117873895926912,2.49999999998431E-10));
#7371=CARTESIAN_POINT('',(-0.312961045038427,0.12029091178327,-8.470329472543E-22));
#7372=CARTESIAN_POINT('',(-0.312912109375,0.1178123046875,-1.6940658945086E-21));
#7373=CARTESIAN_POINT('',(-0.3138330078125,0.1179470703125,-8.470329472543E-22));
#7374=CARTESIAN_POINT('',(-0.3134609375,0.1178123046875,-8.470329472543E-22));
#7375=CARTESIAN_POINT('',(-0.312912109375,0.1178123046875,-8.470329472543E-22));
#7376=CARTESIAN_POINT('',(-0.3138330078125,0.1179470703125,-1.6940658945086E-21));
#7377=CARTESIAN_POINT('',(-0.3144130859375,0.1183015625,-8.470329472543E-22));
#7378=CARTESIAN_POINT('',(-0.314205078125,0.1180818359375,-8.470329472543E-22));
#7379=CARTESIAN_POINT('',(-0.3138330078125,0.1179470703125,-8.470329472543E-22));
#7380=CARTESIAN_POINT('',(-0.3144130859375,0.1183015625,-1.6940658945086E-21));
#7381=CARTESIAN_POINT('',(-0.313463158076985,0.119220441066702,-8.470329472543E-22));
#7382=CARTESIAN_POINT('',(-0.31471194138113,0.118789834506054,2.49999999998431E-10));
#7383=CARTESIAN_POINT('',(-0.313138135553305,0.119333585983645,-8.470329472543E-22));
#7384=CARTESIAN_POINT('',(-0.314802835133805,0.119325976101899,2.50000000009843E-10));
#7385=CARTESIAN_POINT('',(-0.314802734375,0.119741015625,0.));
#7386=CARTESIAN_POINT('',(-0.314802734375,0.1201560546875,-8.470329472543E-22));
#7387=CARTESIAN_POINT('',(-0.31533984375,0.1201560546875,0.));
#7388=CARTESIAN_POINT('',(-0.315876953125,0.1201560546875,-8.470329472543E-22));
#7389=CARTESIAN_POINT('',(-0.315876953125,0.119914111328125,0.));
#7390=CARTESIAN_POINT('',(-0.315876855705206,0.119472459201458,2.49999999986261E-10));
#7391=CARTESIAN_POINT('',(-0.314810440837909,0.11945345545557,-8.470329472543E-22));
#7392=CARTESIAN_POINT('',(-0.315871220827737,0.119344518199697,-8.470329472543E-22));
#7393=CARTESIAN_POINT('',(-0.316440057877542,0.119262167043383,-8.470329472543E-22));
#7394=CARTESIAN_POINT('',(-0.315865202886359,0.119265446082724,-4.2351647362715E-22));
#7395=CARTESIAN_POINT('',(-0.3174951171875,0.118416796875,0.));
#7396=CARTESIAN_POINT('',(-0.319125,0.1175681640625,0.));
#7397=CARTESIAN_POINT('',(-0.319125,0.1167927734375,0.));
#7398=CARTESIAN_POINT('',(-0.3164453125,0.1306794921875,-8.470329472543E-22));
#7399=CARTESIAN_POINT('',(-0.3156328125,0.1309236328125,-8.470329472543E-22));
#7400=CARTESIAN_POINT('',(-0.314583984375,0.1309236328125,-8.470329472543E-22));
#7401=CARTESIAN_POINT('',(-0.314583984375,0.1309236328125,-1.6940658945086E-21));
#7402=CARTESIAN_POINT('',(-0.3164453125,0.1306794921875,-1.6940658945086E-21));
#7403=CARTESIAN_POINT('',(-0.3178310546875,0.13000859375,-8.470329472543E-22));
#7404=CARTESIAN_POINT('',(-0.3172578125,0.1304353515625,-8.470329472543E-22));
#7405=CARTESIAN_POINT('',(-0.3164453125,0.1306794921875,-8.470329472543E-22));
#7406=CARTESIAN_POINT('',(-0.3178310546875,0.13000859375,-1.6940658945086E-21));
#7407=CARTESIAN_POINT('',(-0.315906392663476,0.127383028362703,-8.470329472543E-22));
#7408=CARTESIAN_POINT('',(-0.318740402439344,0.128983298025262,-8.47032947214525E-22));
#7409=CARTESIAN_POINT('',(-0.315694682194168,0.127275777912271,-8.470329472543E-22));
#7410=CARTESIAN_POINT('',(-0.319161765349753,0.1276892578125,-4.2351647362715E-22));
#7411=CARTESIAN_POINT('',(-0.3186064453125,0.1276892578125,0.));
#7412=CARTESIAN_POINT('',(-0.318051202471405,0.1276892578125,0.));
#7413=CARTESIAN_POINT('',(-0.316335725800344,0.127219602179258,-8.470329472543E-22));
#7414=CARTESIAN_POINT('',(-0.3176962890625,0.128366015625,-1.6940658945086E-21));
#7415=CARTESIAN_POINT('',(-0.3170068359375,0.1289158203125,-8.470329472543E-22));
#7416=CARTESIAN_POINT('',(-0.317439453125,0.1286775390625,-8.470329472543E-22));
#7417=CARTESIAN_POINT('',(-0.3176962890625,0.128366015625,-8.470329472543E-22));
#7418=CARTESIAN_POINT('',(-0.3170068359375,0.1289158203125,-1.6940658945086E-21));
#7419=CARTESIAN_POINT('',(-0.3159755859375,0.129287890625,-8.470329472543E-22));
#7420=CARTESIAN_POINT('',(-0.31657421875,0.1291541015625,-8.470329472543E-22));
#7421=CARTESIAN_POINT('',(-0.3170068359375,0.1289158203125,-8.470329472543E-22));
#7422=CARTESIAN_POINT('',(-0.3159755859375,0.129287890625,-1.6940658945086E-21));
#7423=CARTESIAN_POINT('',(-0.314583984375,0.1294353515625,-8.470329472543E-22));
#7424=CARTESIAN_POINT('',(-0.315376953125,0.1294216796875,-8.470329472543E-22));
#7425=CARTESIAN_POINT('',(-0.3159755859375,0.129287890625,-8.470329472543E-22));
#7426=CARTESIAN_POINT('',(-0.314583984375,0.1294353515625,-1.6940658945086E-21));
#7427=CARTESIAN_POINT('',(-0.3132109375,0.129287890625,-8.470329472543E-22));
#7428=CARTESIAN_POINT('',(-0.313791015625,0.1294216796875,-8.470329472543E-22));
#7429=CARTESIAN_POINT('',(-0.314583984375,0.1294353515625,-8.470329472543E-22));
#7430=CARTESIAN_POINT('',(-0.3132109375,0.129287890625,-1.6940658945086E-21));
#7431=CARTESIAN_POINT('',(-0.3122216796875,0.1289158203125,-8.470329472543E-22));
#7432=CARTESIAN_POINT('',(-0.312630859375,0.1291541015625,-8.470329472543E-22));
#7433=CARTESIAN_POINT('',(-0.3132109375,0.129287890625,-8.470329472543E-22));
#7434=CARTESIAN_POINT('',(-0.3122216796875,0.1289158203125,-1.6940658945086E-21));
#7435=CARTESIAN_POINT('',(-0.3115810546875,0.128366015625,-8.470329472543E-22));
#7436=CARTESIAN_POINT('',(-0.3118125,0.1286775390625,-8.470329472543E-22));
#7437=CARTESIAN_POINT('',(-0.3122216796875,0.1289158203125,-8.470329472543E-22));
#7438=CARTESIAN_POINT('',(-0.3115810546875,0.128366015625,-1.6940658945086E-21));
#7439=CARTESIAN_POINT('',(-0.313169780979443,0.127174070912438,-8.470329472543E-22));
#7440=CARTESIAN_POINT('',(-0.311251837320966,0.1276892578125,0.));
#7441=CARTESIAN_POINT('',(-0.3106416015625,0.1276892578125,0.));
#7442=CARTESIAN_POINT('',(-0.31003163014006,0.1276892578125,-4.2351647362715E-22));
#7443=CARTESIAN_POINT('',(-0.313536812378569,0.127282220392856,-8.470329472543E-22));
#7444=CARTESIAN_POINT('',(-0.310445157882044,0.128983288516862,2.49999998101583E-10));
#7445=CARTESIAN_POINT('',(-0.313258112115881,0.127423738231661,-8.470329472543E-22));
#7446=CARTESIAN_POINT('',(-0.3113427734375,0.13000859375,-1.6940658945086E-21));
#7447=CARTESIAN_POINT('',(-0.3127216796875,0.1306794921875,-8.470329472543E-22));
#7448=CARTESIAN_POINT('',(-0.31191015625,0.1304353515625,-8.470329472543E-22));
#7449=CARTESIAN_POINT('',(-0.3113427734375,0.13000859375,-8.470329472543E-22));
#7450=CARTESIAN_POINT('',(-0.3127216796875,0.1306794921875,-8.470329472543E-22));
#7451=CARTESIAN_POINT('',(-0.314583984375,0.1309236328125,-8.470329472543E-22));
#7452=CARTESIAN_POINT('',(-0.313533203125,0.1309236328125,-8.470329472543E-22));
#7453=CARTESIAN_POINT('',(-0.3127216796875,0.1306794921875,-8.470329472543E-22));
#7454=CARTESIAN_POINT('',(-0.314626953125,0.1221208984375,0.));
#7455=CARTESIAN_POINT('',(-0.31012890625,0.1221208984375,-8.470329472543E-22));
#7456=CARTESIAN_POINT('',(-0.319125,0.1221208984375,-8.470329472543E-22));
#7457=CARTESIAN_POINT('',(-0.319125,0.1213884765625,0.));
#7458=CARTESIAN_POINT('',(-0.319125,0.1206560546875,-8.470329472543E-22));
#7459=CARTESIAN_POINT('',(-0.314626953125,0.1206560546875,0.));
#7460=CARTESIAN_POINT('',(-0.31012890625,0.1206560546875,0.));
#7461=CARTESIAN_POINT('',(-0.31012890625,0.1213884765625,0.));
#7462=CARTESIAN_POINT('',(-0.314626953125,0.1421912109375,0.));
#7463=CARTESIAN_POINT('',(-0.31012890625,0.1421912109375,-8.470329472543E-22));
#7464=CARTESIAN_POINT('',(-0.319125,0.1421912109375,-8.470329472543E-22));
#7465=CARTESIAN_POINT('',(-0.319125,0.1414587890625,0.));
#7466=CARTESIAN_POINT('',(-0.319125,0.1407263671875,-8.470329472543E-22));
#7467=CARTESIAN_POINT('',(-0.314626953125,0.1407263671875,0.));
#7468=CARTESIAN_POINT('',(-0.31012890625,0.1407263671875,0.));
#7469=CARTESIAN_POINT('',(-0.31012890625,0.1414587890625,0.));
#7470=CARTESIAN_POINT('',(-0.316267578125,0.1479177734375,0.));
#7471=CARTESIAN_POINT('',(-0.316267578125,0.1470994140625,-8.470329472543E-22));
#7472=CARTESIAN_POINT('',(-0.316267578125,0.1487361328125,-8.470329472543E-22));
#7473=CARTESIAN_POINT('',(-0.3167626953125,0.14890703125,0.));
#7474=CARTESIAN_POINT('',(-0.3172578125,0.1490779296875,-8.470329472543E-22));
#7475=CARTESIAN_POINT('',(-0.3172578125,0.1479119140625,0.));
#7476=CARTESIAN_POINT('',(-0.3172578125,0.1467458984375,0.));
#7477=CARTESIAN_POINT('',(-0.3167626953125,0.14692265625,0.));
#7478=CARTESIAN_POINT('',(-0.3146875,0.1634216796875,0.));
#7479=CARTESIAN_POINT('',(-0.31397265625,0.1634216796875,-8.470329472543E-22));
#7480=CARTESIAN_POINT('',(-0.31540234375,0.1634216796875,-1.6940658945086E-21));
#7481=CARTESIAN_POINT('',(-0.3159267578125,0.162701953125,-8.470329472543E-22));
#7482=CARTESIAN_POINT('',(-0.315646484375,0.1629822265625,-8.470329472543E-22));
#7483=CARTESIAN_POINT('',(-0.31540234375,0.1634216796875,-8.470329472543E-22));
#7484=CARTESIAN_POINT('',(-0.3159267578125,0.162701953125,-1.6940658945086E-21));
#7485=CARTESIAN_POINT('',(-0.316634765625,0.1624216796875,-8.470329472543E-22));
#7486=CARTESIAN_POINT('',(-0.31620703125,0.1624216796875,-8.470329472543E-22));
#7487=CARTESIAN_POINT('',(-0.3159267578125,0.162701953125,-8.470329472543E-22));
#7488=CARTESIAN_POINT('',(-0.316634765625,0.1624216796875,-1.6940658945086E-21));
#7489=CARTESIAN_POINT('',(-0.31796484375,0.1634216796875,-8.470329472543E-22));
#7490=CARTESIAN_POINT('',(-0.317720703125,0.1624216796875,-8.470329472543E-22));
#7491=CARTESIAN_POINT('',(-0.316634765625,0.1624216796875,-8.470329472543E-22));
#7492=CARTESIAN_POINT('',(-0.31796484375,0.1634216796875,-8.470329472543E-22));
#7493=CARTESIAN_POINT('',(-0.31855078125,0.1634216796875,0.));
#7494=CARTESIAN_POINT('',(-0.31913671875,0.1634216796875,-1.6940658945086E-21));
#7495=CARTESIAN_POINT('',(-0.31883203125,0.1624216796875,-8.470329472543E-22));
#7496=CARTESIAN_POINT('',(-0.319064453125,0.1628611328125,-8.470329472543E-22));
#7497=CARTESIAN_POINT('',(-0.31913671875,0.1634216796875,-8.470329472543E-22));
#7498=CARTESIAN_POINT('',(-0.31883203125,0.1624216796875,-1.6940658945086E-21));
#7499=CARTESIAN_POINT('',(-0.316500318321214,0.163621151210217,-8.470329472543E-22));
#7500=CARTESIAN_POINT('',(-0.31826386315869,0.161682212145983,1.9800071404799E-16));
#7501=CARTESIAN_POINT('',(-0.316595310010503,0.163542931478292,-8.470329472543E-22));
#7502=CARTESIAN_POINT('',(-0.317512665353498,0.161218629597484,2.49999999996649E-10));
#7503=CARTESIAN_POINT('',(-0.316658314258936,0.163358056243198,-8.470329472543E-22));
#7504=CARTESIAN_POINT('',(-0.316658203125,0.1610544921875,-1.6940658945086E-21));
#7505=CARTESIAN_POINT('',(-0.3155966796875,0.16127421875,-8.470329472543E-22));
#7506=CARTESIAN_POINT('',(-0.3160234375,0.1610544921875,-8.470329472543E-22));
#7507=CARTESIAN_POINT('',(-0.316658203125,0.1610544921875,-8.470329472543E-22));
#7508=CARTESIAN_POINT('',(-0.3155966796875,0.16127421875,-1.6940658945086E-21));
#7509=CARTESIAN_POINT('',(-0.316691525706883,0.163442168992372,-8.470329472543E-22));
#7510=CARTESIAN_POINT('',(-0.314870957099148,0.161835621548298,-4.2351647362715E-22));
#7511=CARTESIAN_POINT('',(-0.317529610870168,0.164150576511886,-8.470329472543E-22));
#7512=CARTESIAN_POINT('',(-0.314364343694392,0.162598479683511,2.49999998489236E-10));
#7513=CARTESIAN_POINT('',(-0.340827922847073,0.175694046404884,-8.470329472543E-22));
#7514=CARTESIAN_POINT('',(-0.3134609375,0.1660037109375,-8.470329472543E-22));
#7515=CARTESIAN_POINT('',(-0.31305859375,0.1662166015625,-8.470329472543E-22));
#7516=CARTESIAN_POINT('',(-0.31249609375,0.1662166015625,-8.470329472543E-22));
#7517=CARTESIAN_POINT('',(-0.31249609375,0.1662166015625,-1.6940658945086E-21));
#7518=CARTESIAN_POINT('',(-0.3134609375,0.1660037109375,-1.6940658945086E-21));
#7519=CARTESIAN_POINT('',(-0.312232083168834,0.163667495132338,-8.470329472543E-22));
#7520=CARTESIAN_POINT('',(-0.314168982120319,0.165460776210227,2.4999999798825E-10));
#7521=CARTESIAN_POINT('',(-0.311355979500754,0.162862728899104,-8.470329472543E-22));
#7522=CARTESIAN_POINT('',(-0.314700138879962,0.164728288871098,-1.01643953670516E-21));
#7523=CARTESIAN_POINT('',(-0.301686768218719,0.157423716757851,-8.470329472543E-22));
#7524=CARTESIAN_POINT('',(-0.31512109375,0.1639216796875,-8.470329472543E-22));
#7525=CARTESIAN_POINT('',(-0.3144248046875,0.1639216796875,0.));
#7526=CARTESIAN_POINT('',(-0.313727530095722,0.1639216796875,-4.2351647362715E-22));
#7527=CARTESIAN_POINT('',(-0.311590231158804,0.162764013625046,-8.470329472543E-22));
#7528=CARTESIAN_POINT('',(-0.313216796875,0.164569140625,-1.6940658945086E-21));
#7529=CARTESIAN_POINT('',(-0.312447265625,0.1648259765625,-8.470329472543E-22));
#7530=CARTESIAN_POINT('',(-0.312923828125,0.1648259765625,-8.470329472543E-22));
#7531=CARTESIAN_POINT('',(-0.313216796875,0.164569140625,-8.470329472543E-22));
#7532=CARTESIAN_POINT('',(-0.312447265625,0.1648259765625,-1.6940658945086E-21));
#7533=CARTESIAN_POINT('',(-0.31176953125,0.164569140625,-8.470329472543E-22));
#7534=CARTESIAN_POINT('',(-0.31210546875,0.1648259765625,-8.470329472543E-22));
#7535=CARTESIAN_POINT('',(-0.312447265625,0.1648259765625,-8.470329472543E-22));
#7536=CARTESIAN_POINT('',(-0.31176953125,0.164569140625,-1.6940658945086E-21));
#7537=CARTESIAN_POINT('',(-0.312573540209055,0.163492513895882,-8.470329472543E-22));
#7538=CARTESIAN_POINT('',(-0.311300728670967,0.1639216796875,0.));
#7539=CARTESIAN_POINT('',(-0.3106591796875,0.1639216796875,0.));
#7540=CARTESIAN_POINT('',(-0.310017703980802,0.1639216796875,-4.2351647362715E-22));
#7541=CARTESIAN_POINT('',(-0.313187558600804,0.163502588005993,-8.470329472543E-22));
#7542=CARTESIAN_POINT('',(-0.310268641069602,0.16480738399371,2.49999999988713E-10));
#7543=CARTESIAN_POINT('',(-0.312389087146612,0.163869920354488,-8.470329472543E-22));
#7544=CARTESIAN_POINT('',(-0.310781189877901,0.165539906295356,2.49999999999278E-10));
#7545=CARTESIAN_POINT('',(-0.312497722808539,0.163746652855917,-8.470329472543E-22));
#7546=CARTESIAN_POINT('',(-0.3115322265625,0.166033984375,-8.470329472543E-22));
#7547=CARTESIAN_POINT('',(-0.31249609375,0.1662166015625,-8.470329472543E-22));
#7548=CARTESIAN_POINT('',(-0.311958984375,0.1662166015625,-8.470329472543E-22));
#7549=CARTESIAN_POINT('',(-0.3115322265625,0.166033984375,-8.470329472543E-22));
#7550=CARTESIAN_POINT('',(-0.30425,0.1347,0.));
#7551=CARTESIAN_POINT('',(-0.30425,0.178410213051249,0.));
#7552=CARTESIAN_POINT('',(-0.30425,0.0909897869487509,0.));
#7553=CARTESIAN_POINT('',(-0.290740856484161,0.112844893474375,0.));
#7554=CARTESIAN_POINT('',(-0.277231712968322,0.1347,0.));
#7555=CARTESIAN_POINT('',(-0.290740856484161,0.156555106525625,0.));
#7556=CARTESIAN_POINT('',(-0.275702535709891,0.0891,0.));
#7557=CARTESIAN_POINT('',(-0.30235976621845,0.0891,0.));
#7558=CARTESIAN_POINT('',(-0.249045305201332,0.0891,0.));
#7559=CARTESIAN_POINT('',(-0.256413656904856,0.101020527101512,0.));
#7560=CARTESIAN_POINT('',(-0.263782008608379,0.112941054203024,0.));
#7561=CARTESIAN_POINT('',(-0.283070887413415,0.101020527101512,0.));
#7562=CARTESIAN_POINT('',(-0.169259143515839,0.112844893474376,0.));
#7563=CARTESIAN_POINT('',(-0.182768287031678,0.1347,0.));
#7564=CARTESIAN_POINT('',(-0.15575,0.0909897869487511,0.));
#7565=CARTESIAN_POINT('',(-0.15575,0.1347,0.));
#7566=CARTESIAN_POINT('',(-0.15575,0.178410213051249,0.));
#7567=CARTESIAN_POINT('',(-0.169259143515839,0.156555106525625,0.));
#7568=CARTESIAN_POINT('',(-0.275702535709891,0.1803,0.));
#7569=CARTESIAN_POINT('',(-0.30235976621845,0.1803,0.));
#7570=CARTESIAN_POINT('',(-0.249045305201332,0.1803,0.));
#7571=CARTESIAN_POINT('',(-0.283070887413415,0.168379472898488,0.));
#7572=CARTESIAN_POINT('',(-0.263782008608379,0.156458945796976,0.));
#7573=CARTESIAN_POINT('',(-0.256413656904855,0.168379472898488,0.));
#7574=CARTESIAN_POINT('',(-0.203586343095145,0.101020527101512,0.));
#7575=CARTESIAN_POINT('',(-0.196217991391621,0.112941054203024,0.));
#7576=CARTESIAN_POINT('',(-0.210954694798668,0.0891,0.));
#7577=CARTESIAN_POINT('',(-0.18429746429011,0.0891,0.));
#7578=CARTESIAN_POINT('',(-0.15764023378155,0.0891,0.));
#7579=CARTESIAN_POINT('',(-0.176929112586586,0.101020527101512,0.));
#7580=CARTESIAN_POINT('',(-0.176929112586586,0.168379472898488,0.));
#7581=CARTESIAN_POINT('',(-0.196217991391621,0.156458945796976,0.));
#7582=CARTESIAN_POINT('',(-0.15764023378155,0.1803,0.));
#7583=CARTESIAN_POINT('',(-0.184297464290109,0.1803,0.));
#7584=CARTESIAN_POINT('',(-0.210954694798668,0.1803,0.));
#7585=CARTESIAN_POINT('',(-0.203586343095145,0.168379472898488,0.));
#7586=CARTESIAN_POINT('',(-0.283631063751671,0.166962332921535,0.));
#7587=CARTESIAN_POINT('',(-0.302691440064944,0.178741645483138,0.));
#7588=CARTESIAN_POINT('',(-0.264570687438397,0.155183020359931,0.));
#7589=CARTESIAN_POINT('',(-0.289520720032472,0.157434040823274,0.));
#7590=CARTESIAN_POINT('',(-0.27635,0.136126436163411,0.));
#7591=CARTESIAN_POINT('',(-0.270460343719198,0.145654728261671,0.));
#7592=CARTESIAN_POINT('',(-0.247360666687158,0.144547227535665,0.));
#7593=CARTESIAN_POINT('',(-0.263294691825775,0.154394455071331,0.));
#7594=CARTESIAN_POINT('',(-0.23142664154854,0.1347,0.));
#7595=CARTESIAN_POINT('',(-0.269381489428726,0.144547227535665,0.));
#7596=CARTESIAN_POINT('',(-0.275468287031678,0.1347,0.));
#7597=CARTESIAN_POINT('',(-0.269381489428726,0.124852772464335,0.));
#7598=CARTESIAN_POINT('',(-0.263294691825775,0.115005544928669,0.));
#7599=CARTESIAN_POINT('',(-0.247360666687158,0.124852772464335,0.));
#7600=CARTESIAN_POINT('',(-0.246253006497878,0.145626022492687,0.));
#7601=CARTESIAN_POINT('',(-0.23,0.135581664476998,0.));
#7602=CARTESIAN_POINT('',(-0.262506012995757,0.155670380508376,0.));
#7603=CARTESIAN_POINT('',(-0.213746993502122,0.145626022492687,0.));
#7604=CARTESIAN_POINT('',(-0.197493987004244,0.155670380508376,0.));
#7605=CARTESIAN_POINT('',(-0.205106053869777,0.167985190254188,0.));
#7606=CARTESIAN_POINT('',(-0.212718120735312,0.1803,0.));
#7607=CARTESIAN_POINT('',(-0.23,0.1803,0.));
#7608=CARTESIAN_POINT('',(-0.247281879264688,0.1803,0.));
#7609=CARTESIAN_POINT('',(-0.254893946130222,0.167985190254188,0.));
#7610=CARTESIAN_POINT('',(-0.254893946130222,0.101414809745812,0.));
#7611=CARTESIAN_POINT('',(-0.247281879264688,0.0891,0.));
#7612=CARTESIAN_POINT('',(-0.262506012995756,0.113729619491624,0.));
#7613=CARTESIAN_POINT('',(-0.23,0.0891,0.));
#7614=CARTESIAN_POINT('',(-0.212718120735312,0.0891,0.));
#7615=CARTESIAN_POINT('',(-0.205106053869777,0.101414809745812,0.));
#7616=CARTESIAN_POINT('',(-0.197493987004244,0.113729619491624,0.));
#7617=CARTESIAN_POINT('',(-0.213746993502122,0.123773977507313,0.));
#7618=CARTESIAN_POINT('',(-0.23,0.133818335523002,0.));
#7619=CARTESIAN_POINT('',(-0.246253006497878,0.123773977507313,0.));
#7620=CARTESIAN_POINT('',(-0.212639333312843,0.124852772464335,0.));
#7621=CARTESIAN_POINT('',(-0.196705308174225,0.115005544928669,0.));
#7622=CARTESIAN_POINT('',(-0.22857335845146,0.1347,0.));
#7623=CARTESIAN_POINT('',(-0.190618510571273,0.124852772464335,0.));
#7624=CARTESIAN_POINT('',(-0.184531712968322,0.1347,0.));
#7625=CARTESIAN_POINT('',(-0.190618510571273,0.144547227535665,0.));
#7626=CARTESIAN_POINT('',(-0.196705308174225,0.154394455071331,0.));
#7627=CARTESIAN_POINT('',(-0.212639333312843,0.144547227535665,0.));
#7628=CARTESIAN_POINT('',(-0.289520720032473,0.111965959176726,0.));
#7629=CARTESIAN_POINT('',(-0.302691440064944,0.0906583545168622,0.));
#7630=CARTESIAN_POINT('',(-0.27635,0.133273563836589,0.));
#7631=CARTESIAN_POINT('',(-0.283631063751671,0.102437667078465,0.));
#7632=CARTESIAN_POINT('',(-0.264570687438397,0.114216979640069,0.));
#7633=CARTESIAN_POINT('',(-0.270460343719198,0.123745271738329,0.));
#7634=CARTESIAN_POINT('',(-0.189539656280801,0.145654728261671,0.));
#7635=CARTESIAN_POINT('',(-0.195429312561604,0.155183020359932,0.));
#7636=CARTESIAN_POINT('',(-0.18365,0.136126436163411,0.));
#7637=CARTESIAN_POINT('',(-0.170479279967528,0.157434040823275,0.));
#7638=CARTESIAN_POINT('',(-0.157308559935055,0.178741645483138,0.));
#7639=CARTESIAN_POINT('',(-0.176368936248329,0.166962332921535,0.));
#7640=CARTESIAN_POINT('',(-0.170479279967528,0.111965959176726,0.));
#7641=CARTESIAN_POINT('',(-0.157308559935055,0.090658354516862,0.));
#7642=CARTESIAN_POINT('',(-0.18365,0.133273563836589,0.));
#7643=CARTESIAN_POINT('',(-0.189539656280801,0.123745271738329,0.));
#7644=CARTESIAN_POINT('',(-0.195429312561604,0.114216979640069,0.));
#7645=CARTESIAN_POINT('',(-0.176368936248329,0.102437667078465,0.));
#7646=CARTESIAN_POINT('',(-0.23,0.1823,0.));
#7647=CARTESIAN_POINT('',(-0.325,0.1823,0.));
#7648=CARTESIAN_POINT('',(-0.15375,0.1823,0.));
#7649=CARTESIAN_POINT('',(-0.15375,0.1347,0.));
#7650=CARTESIAN_POINT('',(-0.15375,0.0871,0.));
#7651=CARTESIAN_POINT('',(-0.314625,0.0871,0.));
#7652=CARTESIAN_POINT('',(-0.325,0.0871,0.));
#7653=CARTESIAN_POINT('',(-0.325,0.1347,0.));
#7654=CARTESIAN_POINT('',(-0.310735464087359,0.163193648306016,-8.470329472543E-22));
#7655=CARTESIAN_POINT('',(-0.31151953125,0.1620056640625,-1.6940658945086E-21));
#7656=CARTESIAN_POINT('',(-0.311397399612087,0.161932540507038,6.96067774085685E-16));
#7657=CARTESIAN_POINT('',(-0.306298370392536,0.171165001745421,-8.470329472543E-22));
#7658=CARTESIAN_POINT('',(-0.311123045493554,0.161785940325596,-1.01643953670516E-21));
#7659=CARTESIAN_POINT('',(-0.310950298108553,0.161696633429276,0.));
#7660=CARTESIAN_POINT('',(-0.310769531276941,0.161603320179538,-8.470329472543E-22));
#7661=CARTESIAN_POINT('',(-0.305930517024847,0.170946428657254,-8.470329472543E-22));
#7662=CARTESIAN_POINT('',(-0.310421875,0.1614314453125,-1.6940658945086E-21));
#7663=CARTESIAN_POINT('',(-0.31009765625,0.16232890625,-8.470329472543E-22));
#7664=CARTESIAN_POINT('',(-0.310201171875,0.1617732421875,-8.470329472543E-22));
#7665=CARTESIAN_POINT('',(-0.310421875,0.1614314453125,-8.470329472543E-22));
#7666=CARTESIAN_POINT('',(-0.31009765625,0.16232890625,-1.6940658945086E-21));
#7667=CARTESIAN_POINT('',(-0.316748697189766,0.163585123159237,-8.470329472543E-22));
#7668=CARTESIAN_POINT('',(-0.30998223265269,0.1634216796875,-4.2351647362715E-22));
#7669=CARTESIAN_POINT('',(-0.3105986328125,0.1634216796875,0.));
#7670=CARTESIAN_POINT('',(-0.31121484375,0.1634216796875,-1.6940658945086E-21));
#7671=CARTESIAN_POINT('',(-0.3112265625,0.1627986328125,-8.470329472543E-22));
#7672=CARTESIAN_POINT('',(-0.311189453125,0.1630427734375,-8.470329472543E-22));
#7673=CARTESIAN_POINT('',(-0.31121484375,0.1634216796875,-8.470329472543E-22));
#7674=CARTESIAN_POINT('',(-0.3112265625,0.1627986328125,-1.6940658945086E-21));
#7675=CARTESIAN_POINT('',(-0.313575034045477,0.1631158296672,-8.470329472543E-22));
#7676=CARTESIAN_POINT('',(-0.311318373317004,0.162396291459606,2.49999999997224E-10));
#7677=CARTESIAN_POINT('',(-0.312269419252999,0.162693378509232,-8.470329472543E-22));
#7678=CARTESIAN_POINT('',(-0.311434250396616,0.162151924658351,2.49999873036463E-10));
#7679=CARTESIAN_POINT('',(-0.310860685054121,0.161717361278729,-8.470329472543E-22));
#7680=CARTESIAN_POINT('',(-0.318001953125,0.1661501953125,0.));
#7681=CARTESIAN_POINT('',(-0.31747723499619,0.166021454061565,-4.2351647362715E-22));
#7682=CARTESIAN_POINT('',(-0.318527837327706,0.16627922266335,-4.2351647362715E-22));
#7683=CARTESIAN_POINT('',(-0.317000381554837,0.164980150539345,-8.470329472543E-22));
#7684=CARTESIAN_POINT('',(-0.318837718986059,0.165783909750127,3.97360509788479E-16));
#7685=CARTESIAN_POINT('',(-0.315883518824879,0.164459868993714,-8.470329472543E-22));
#7686=CARTESIAN_POINT('',(-0.319039987864744,0.165180457046866,-4.23516473881612E-22));
#7687=CARTESIAN_POINT('',(-0.314261364300569,0.164069848207673,-8.470329472543E-22));
#7688=CARTESIAN_POINT('',(-0.319143548318893,0.164551561843901,2.49999999976681E-10));
#7689=CARTESIAN_POINT('',(-0.312919504414416,0.1639351515671,-8.470329472543E-22));
#7690=CARTESIAN_POINT('',(-0.319173869429931,0.163947070391214,2.49999999719635E-10));
#7691=CARTESIAN_POINT('',(-0.319173828125,0.163934375,0.));
#7692=CARTESIAN_POINT('',(-0.319173828125,0.1639216796875,-8.470329472543E-22));
#7693=CARTESIAN_POINT('',(-0.31859375,0.1639216796875,0.));
#7694=CARTESIAN_POINT('',(-0.318013671875,0.1639216796875,-8.470329472543E-22));
#7695=CARTESIAN_POINT('',(-0.318013671875,0.163940234375,0.));
#7696=CARTESIAN_POINT('',(-0.318013825058893,0.163958790335633,2.49999999955216E-10));
#7697=CARTESIAN_POINT('',(-0.314924402551113,0.163933113706511,-8.470329472543E-22));
#7698=CARTESIAN_POINT('',(-0.317964711013971,0.164484155545976,1.22964565885566E-15));
#7699=CARTESIAN_POINT('',(-0.312466716126749,0.163526395508321,-8.470329472543E-22));
#7700=CARTESIAN_POINT('',(-0.317836897993214,0.165045698584316,2.49999955682928E-10));
#7701=CARTESIAN_POINT('',(-0.308864478727281,0.162521175972551,-8.470329472543E-22));
#7702=CARTESIAN_POINT('',(-0.317665752067029,0.165588584649454,3.25795330361205E-16));
#7703=CARTESIAN_POINT('',(-0.315161119097039,0.164757185366583,-8.470329472543E-22));
#7704=CARTESIAN_POINT('',(-0.31012890625,0.1566033203125,0.));
#7705=CARTESIAN_POINT('',(-0.31012890625,0.1531794921875,-8.470329472543E-22));
#7706=CARTESIAN_POINT('',(-0.31012890625,0.1600271484375,-8.470329472543E-22));
#7707=CARTESIAN_POINT('',(-0.31062890625,0.1600271484375,0.));
#7708=CARTESIAN_POINT('',(-0.31112890625,0.1600271484375,-8.470329472543E-22));
#7709=CARTESIAN_POINT('',(-0.31112890625,0.158684375,0.));
#7710=CARTESIAN_POINT('',(-0.31112890625,0.1573416015625,-8.470329472543E-22));
#7711=CARTESIAN_POINT('',(-0.315126953125,0.1573416015625,0.));
#7712=CARTESIAN_POINT('',(-0.319125,0.1573416015625,-8.470329472543E-22));
#7713=CARTESIAN_POINT('',(-0.319125,0.1566033203125,0.));
#7714=CARTESIAN_POINT('',(-0.319125,0.1558650390625,-8.470329472543E-22));
#7715=CARTESIAN_POINT('',(-0.315126953125,0.1558650390625,0.));
#7716=CARTESIAN_POINT('',(-0.31112890625,0.1558650390625,-8.470329472543E-22));
#7717=CARTESIAN_POINT('',(-0.31112890625,0.154522265625,0.));
#7718=CARTESIAN_POINT('',(-0.31112890625,0.1531794921875,0.));
#7719=CARTESIAN_POINT('',(-0.31062890625,0.1531794921875,0.));
#7720=CARTESIAN_POINT('',(-0.3146328125,0.1456228515625,0.));
#7721=CARTESIAN_POINT('',(-0.319125,0.1440603515625,-8.470329472543E-22));
#7722=CARTESIAN_POINT('',(-0.310140625,0.1471853515625,-8.470329472543E-22));
#7723=CARTESIAN_POINT('',(-0.310140625,0.1479119140625,0.));
#7724=CARTESIAN_POINT('',(-0.310140625,0.1486384765625,-8.470329472543E-22));
#7725=CARTESIAN_POINT('',(-0.3146328125,0.1502126953125,0.));
#7726=CARTESIAN_POINT('',(-0.319125,0.1517869140625,-8.470329472543E-22));
#7727=CARTESIAN_POINT('',(-0.319125,0.15102421875,0.));
#7728=CARTESIAN_POINT('',(-0.319125,0.1502615234375,-8.470329472543E-22));
#7729=CARTESIAN_POINT('',(-0.315755859375,0.1490837890625,0.));
#7730=CARTESIAN_POINT('',(-0.31238671875,0.1479060546875,-8.470329472543E-22));
#7731=CARTESIAN_POINT('',(-0.315755859375,0.1467400390625,0.));
#7732=CARTESIAN_POINT('',(-0.319125,0.1455740234375,0.));
#7733=CARTESIAN_POINT('',(-0.319125,0.1448171875,0.));
#7734=CARTESIAN_POINT('',(-0.3173544921875,0.1371130859375,0.));
#7735=CARTESIAN_POINT('',(-0.319125,0.1360876953125,-8.470329472543E-22));
#7736=CARTESIAN_POINT('',(-0.315583984375,0.1381384765625,-1.6940658945086E-21));
#7737=CARTESIAN_POINT('',(-0.313090878681431,0.139175216770828,-8.470329472543E-22));
#7738=CARTESIAN_POINT('',(-0.314572265625,0.13691875,-1.6940658945086E-21));
#7739=CARTESIAN_POINT('',(-0.312912109375,0.1364666015625,-8.470329472543E-22));
#7740=CARTESIAN_POINT('',(-0.313888671875,0.1364666015625,-8.470329472543E-22));
#7741=CARTESIAN_POINT('',(-0.314572265625,0.13691875,-8.470329472543E-22));
#7742=CARTESIAN_POINT('',(-0.312912109375,0.1364666015625,-1.6940658945086E-21));
#7743=CARTESIAN_POINT('',(-0.3117451171875,0.136741015625,-8.470329472543E-22));
#7744=CARTESIAN_POINT('',(-0.312263671875,0.1364666015625,-8.470329472543E-22));
#7745=CARTESIAN_POINT('',(-0.312912109375,0.1364666015625,-8.470329472543E-22));
#7746=CARTESIAN_POINT('',(-0.3117451171875,0.136741015625,-1.6940658945086E-21));
#7747=CARTESIAN_POINT('',(-0.313074922683905,0.139278264608351,-8.470329472543E-22));
#7748=CARTESIAN_POINT('',(-0.310860299083888,0.137461675729782,2.49999999125789E-10));
#7749=CARTESIAN_POINT('',(-0.313234221478681,0.13940651758926,-8.470329472543E-22));
#7750=CARTESIAN_POINT('',(-0.310311723553594,0.138469853416415,-8.470329472543E-22));
#7751=CARTESIAN_POINT('',(-0.313773335831004,0.139610302795261,-8.470329472543E-22));
#7752=CARTESIAN_POINT('',(-0.310128805509072,0.139603320119487,2.49999999967852E-10));
#7753=CARTESIAN_POINT('',(-0.31012890625,0.13991484375,0.));
#7754=CARTESIAN_POINT('',(-0.31012890625,0.1402263671875,-8.470329472543E-22));
#7755=CARTESIAN_POINT('',(-0.31068359375,0.1402263671875,0.));
#7756=CARTESIAN_POINT('',(-0.31123828125,0.1402263671875,-8.470329472543E-22));
#7757=CARTESIAN_POINT('',(-0.31123828125,0.1399275390625,0.));
#7758=CARTESIAN_POINT('',(-0.31123828125,0.1396287109375,-1.6940658945086E-21));
#7759=CARTESIAN_POINT('',(-0.311416015625,0.1387244140625,-8.470329472543E-22));
#7760=CARTESIAN_POINT('',(-0.31123828125,0.1390662109375,-8.470329472543E-22));
#7761=CARTESIAN_POINT('',(-0.31123828125,0.1396287109375,-8.470329472543E-22));
#7762=CARTESIAN_POINT('',(-0.311416015625,0.1387244140625,-1.6940658945086E-21));
#7763=CARTESIAN_POINT('',(-0.31185546875,0.138194140625,-8.470329472543E-22));
#7764=CARTESIAN_POINT('',(-0.31159375,0.1383826171875,-8.470329472543E-22));
#7765=CARTESIAN_POINT('',(-0.311416015625,0.1387244140625,-8.470329472543E-22));
#7766=CARTESIAN_POINT('',(-0.31185546875,0.138194140625,-1.6940658945086E-21));
#7767=CARTESIAN_POINT('',(-0.312723521183572,0.139366324094873,-8.470329472543E-22));
#7768=CARTESIAN_POINT('',(-0.31240431384634,0.137944208426912,2.49999999998431E-10));
#7769=CARTESIAN_POINT('',(-0.312961045038429,0.14036122428328,-8.470329472543E-22));
#7770=CARTESIAN_POINT('',(-0.312912109375,0.1378826171875,-1.6940658945086E-21));
#7771=CARTESIAN_POINT('',(-0.3138330078125,0.1380173828125,-8.470329472543E-22));
#7772=CARTESIAN_POINT('',(-0.3134609375,0.1378826171875,-8.470329472543E-22));
#7773=CARTESIAN_POINT('',(-0.312912109375,0.1378826171875,-8.470329472543E-22));
#7774=CARTESIAN_POINT('',(-0.3138330078125,0.1380173828125,-1.6940658945086E-21));
#7775=CARTESIAN_POINT('',(-0.3144130859375,0.138371875,-8.470329472543E-22));
#7776=CARTESIAN_POINT('',(-0.314205078125,0.1381521484375,-8.470329472543E-22));
#7777=CARTESIAN_POINT('',(-0.3138330078125,0.1380173828125,-8.470329472543E-22));
#7778=CARTESIAN_POINT('',(-0.3144130859375,0.138371875,-1.6940658945086E-21));
#7779=CARTESIAN_POINT('',(-0.313463158076984,0.139290753566702,-8.470329472543E-22));
#7780=CARTESIAN_POINT('',(-0.31471194138113,0.138860147006054,2.49999999992446E-10));
#7781=CARTESIAN_POINT('',(-0.313138135553305,0.139403898483645,-8.470329472543E-22));
#7782=CARTESIAN_POINT('',(-0.314802835133805,0.139396288601899,2.5000000003472E-10));
#7783=CARTESIAN_POINT('',(-0.314802734375,0.139811328125,0.));
#7784=CARTESIAN_POINT('',(-0.314802734375,0.1402263671875,-8.470329472543E-22));
#7785=CARTESIAN_POINT('',(-0.31533984375,0.1402263671875,0.));
#7786=CARTESIAN_POINT('',(-0.315876953125,0.1402263671875,-8.470329472543E-22));
#7787=CARTESIAN_POINT('',(-0.315876953125,0.139984423828125,0.));
#7788=CARTESIAN_POINT('',(-0.315876855705206,0.139542771701458,2.49999999986737E-10));
#7789=CARTESIAN_POINT('',(-0.314810440837926,0.13952376795557,-8.470329472543E-22));
#7790=CARTESIAN_POINT('',(-0.315871220827737,0.139414830699697,-8.470329472543E-22));
#7791=CARTESIAN_POINT('',(-0.316440057877542,0.139332479543383,-8.470329472543E-22));
#7792=CARTESIAN_POINT('',(-0.315865202886285,0.139335758582679,-4.2351647362715E-22));
#7793=CARTESIAN_POINT('',(-0.3174951171875,0.138487109375,0.));
#7794=CARTESIAN_POINT('',(-0.319125,0.1376384765625,0.));
#7795=CARTESIAN_POINT('',(-0.319125,0.1368630859375,0.));
#7796=CARTESIAN_POINT('',(-0.314486328125,0.1257,0.));
#7797=CARTESIAN_POINT('',(-0.314486328125,0.1242107421875,-8.470329472543E-22));
#7798=CARTESIAN_POINT('',(-0.314486328125,0.1271892578125,-8.470329472543E-22));
#7799=CARTESIAN_POINT('',(-0.314986328125,0.1271892578125,0.));
#7800=CARTESIAN_POINT('',(-0.315486328125,0.1271892578125,-8.470329472543E-22));
#7801=CARTESIAN_POINT('',(-0.315486328125,0.1264255859375,0.));
#7802=CARTESIAN_POINT('',(-0.315486328125,0.1256619140625,-8.470329472543E-22));
#7803=CARTESIAN_POINT('',(-0.31659765625,0.1256619140625,0.));
#7804=CARTESIAN_POINT('',(-0.317708984375,0.1256619140625,-1.6940658945086E-21));
#7805=CARTESIAN_POINT('',(-0.3179169921875,0.12596171875,-8.470329472543E-22));
#7806=CARTESIAN_POINT('',(-0.31784375,0.1257595703125,-8.470329472543E-22));
#7807=CARTESIAN_POINT('',(-0.317708984375,0.1256619140625,-8.470329472543E-22));
#7808=CARTESIAN_POINT('',(-0.3179169921875,0.12596171875,-1.6940658945086E-21));
#7809=CARTESIAN_POINT('',(-0.315366419641352,0.126876975720406,-8.470329472543E-22));
#7810=CARTESIAN_POINT('',(-0.31803217656886,0.126389462278072,-4.2351647362715E-22));
#7811=CARTESIAN_POINT('',(-0.313555915687388,0.127231354082152,-8.470329472543E-22));
#7812=CARTESIAN_POINT('',(-0.318092693042741,0.126828914206307,2.49999999996709E-10));
#7813=CARTESIAN_POINT('',(-0.313760428115585,0.127238452022085,-8.470329472543E-22));
#7814=CARTESIAN_POINT('',(-0.318111586917359,0.1271892578125,-4.2351647362715E-22));
#7815=CARTESIAN_POINT('',(-0.3186484375,0.1271892578125,0.));
#7816=CARTESIAN_POINT('',(-0.319185546875,0.1271892578125,-8.470329472543E-22));
#7817=CARTESIAN_POINT('',(-0.319185546875,0.127182421875,0.));
#7818=CARTESIAN_POINT('',(-0.319185580677762,0.127175585900229,2.49999999579535E-10));
#7819=CARTESIAN_POINT('',(-0.313647817037217,0.127181691887769,-8.470329472543E-22));
#7820=CARTESIAN_POINT('',(-0.319124963690492,0.126364067920254,-8.47032947570986E-22));
#7821=CARTESIAN_POINT('',(-0.315404910369881,0.126911556432357,-8.470329472543E-22));
#7822=CARTESIAN_POINT('',(-0.318917985168854,0.125571087479481,2.49999995703094E-10));
#7823=CARTESIAN_POINT('',(-0.315294409047768,0.12695595719574,-8.470329472543E-22));
#7824=CARTESIAN_POINT('',(-0.318545089272188,0.124838561060755,2.49999999995629E-10));
#7825=CARTESIAN_POINT('',(-0.316356982766155,0.126282041778345,-8.470329472543E-22));
#7826=CARTESIAN_POINT('',(-0.317964000292081,0.1242107421875,0.));
#7827=CARTESIAN_POINT('',(-0.3162255859375,0.1242107421875,0.));
#7828=CARTESIAN_POINT('',(-0.31141015625,0.12518046875,0.));
#7829=CARTESIAN_POINT('',(-0.311861328125,0.1256873046875,-8.470329472543E-22));
#7830=CARTESIAN_POINT('',(-0.31095928310034,0.124673968393563,-4.2351647362715E-22));
#7831=CARTESIAN_POINT('',(-0.313315487961699,0.127000295290904,-8.470329472543E-22));
#7832=CARTESIAN_POINT('',(-0.310226210593044,0.125808264898694,2.49999998490531E-10));
#7833=CARTESIAN_POINT('',(-0.313759512895494,0.127140091193157,-8.470329472543E-22));
#7834=CARTESIAN_POINT('',(-0.309982875107522,0.127175581678304,2.50000000034677E-10));
#7835=CARTESIAN_POINT('',(-0.309982421875,0.127182421875,0.));
#7836=CARTESIAN_POINT('',(-0.309982421875,0.1271892578125,-8.470329472543E-22));
#7837=CARTESIAN_POINT('',(-0.3105859375,0.1271892578125,0.));
#7838=CARTESIAN_POINT('',(-0.311189453125,0.1271892578125,-8.470329472543E-22));
#7839=CARTESIAN_POINT('',(-0.311189453125,0.12716484375,0.));
#7840=CARTESIAN_POINT('',(-0.311189436041531,0.127140429694786,2.49999999649631E-10));
#7841=CARTESIAN_POINT('',(-0.313184325974807,0.127139578876129,-8.470329472543E-22));
#7842=CARTESIAN_POINT('',(-0.3113486328125,0.126358203125,-8.470329472543E-22));
#7843=CARTESIAN_POINT('',(-0.311861328125,0.1256873046875,-8.470329472543E-22));
#7844=CARTESIAN_POINT('',(-0.3115078125,0.1259802734375,-8.470329472543E-22));
#7845=CARTESIAN_POINT('',(-0.3113486328125,0.126358203125,-8.470329472543E-22));
#7846=CARTESIAN_POINT('',(-0.314626953125,0.1125271484375,0.));
#7847=CARTESIAN_POINT('',(-0.319125,0.1125271484375,-8.470329472543E-22));
#7848=CARTESIAN_POINT('',(-0.31012890625,0.1125271484375,-8.470329472543E-22));
#7849=CARTESIAN_POINT('',(-0.31012890625,0.1132712890625,0.));
#7850=CARTESIAN_POINT('',(-0.31012890625,0.1140154296875,-8.470329472543E-22));
#7851=CARTESIAN_POINT('',(-0.314626953125,0.1140154296875,0.));
#7852=CARTESIAN_POINT('',(-0.319125,0.1140154296875,0.));
#7853=CARTESIAN_POINT('',(-0.319125,0.1132712890625,0.));
#7854=CARTESIAN_POINT('',(-0.31012890625,0.1078943359375,0.));
#7855=CARTESIAN_POINT('',(-0.31012890625,0.1075212890625,-8.470329472543E-22));
#7856=CARTESIAN_POINT('',(-0.31012890625,0.1082673828125,-8.470329472543E-22));
#7857=CARTESIAN_POINT('',(-0.31068359375,0.1082673828125,0.));
#7858=CARTESIAN_POINT('',(-0.31123828125,0.1082673828125,-8.470329472543E-22));
#7859=CARTESIAN_POINT('',(-0.31123828125,0.1080896484375,0.));
#7860=CARTESIAN_POINT('',(-0.31123828125,0.1079119140625,-1.6940658945086E-21));
#7861=CARTESIAN_POINT('',(-0.311513671875,0.10620390625,-8.470329472543E-22));
#7862=CARTESIAN_POINT('',(-0.31123828125,0.1068630859375,-8.470329472543E-22));
#7863=CARTESIAN_POINT('',(-0.31123828125,0.1079119140625,-8.470329472543E-22));
#7864=CARTESIAN_POINT('',(-0.311513671875,0.10620390625,-1.6940658945086E-21));
#7865=CARTESIAN_POINT('',(-0.312234375,0.1051599609375,-8.470329472543E-22));
#7866=CARTESIAN_POINT('',(-0.3117890625,0.1055447265625,-8.470329472543E-22));
#7867=CARTESIAN_POINT('',(-0.311513671875,0.10620390625,-8.470329472543E-22));
#7868=CARTESIAN_POINT('',(-0.312234375,0.1051599609375,-1.6940658945086E-21));
#7869=CARTESIAN_POINT('',(-0.313791942667676,0.106929350119732,-8.470329472543E-22));
#7870=CARTESIAN_POINT('',(-0.313228480654958,0.104641264387288,8.62736793464957E-16));
#7871=CARTESIAN_POINT('',(-0.314339120064918,0.109182448268128,-8.470329472543E-22));
#7872=CARTESIAN_POINT('',(-0.314339843750375,0.104507614762098,-8.470329472543E-22));
#7873=CARTESIAN_POINT('',(-0.3170986328125,0.105166796875,-8.470329472543E-22));
#7874=CARTESIAN_POINT('',(-0.316146484375,0.1045076171875,-8.470329472543E-22));
#7875=CARTESIAN_POINT('',(-0.31433984375,0.1045076171875,-8.470329472543E-22));
#7876=CARTESIAN_POINT('',(-0.3170986328125,0.105166796875,-1.6940658945086E-21));
#7877=CARTESIAN_POINT('',(-0.31805078125,0.1073142578125,-8.470329472543E-22));
#7878=CARTESIAN_POINT('',(-0.31805078125,0.1058259765625,-8.470329472543E-22));
#7879=CARTESIAN_POINT('',(-0.3170986328125,0.105166796875,-8.470329472543E-22));
#7880=CARTESIAN_POINT('',(-0.31805078125,0.1073142578125,-8.470329472543E-22));
#7881=CARTESIAN_POINT('',(-0.31805078125,0.1077908203125,0.));
#7882=CARTESIAN_POINT('',(-0.31805078125,0.1082673828125,-8.470329472543E-22));
#7883=CARTESIAN_POINT('',(-0.318587890625,0.1082673828125,0.));
#7884=CARTESIAN_POINT('',(-0.319125,0.1082673828125,-8.470329472543E-22));
#7885=CARTESIAN_POINT('',(-0.319125,0.1075466796875,0.));
#7886=CARTESIAN_POINT('',(-0.319125473717222,0.106825960730655,2.49999999999513E-10));
#7887=CARTESIAN_POINT('',(-0.31401788298088,0.106996658739218,-8.470329472543E-22));
#7888=CARTESIAN_POINT('',(-0.31908203125,0.1063015625,-1.6940658945086E-21));
#7889=CARTESIAN_POINT('',(-0.31888671875,0.1055203125,-8.470329472543E-22));
#7890=CARTESIAN_POINT('',(-0.3190390625,0.1059470703125,-8.470329472543E-22));
#7891=CARTESIAN_POINT('',(-0.31908203125,0.1063015625,-8.470329472543E-22));
#7892=CARTESIAN_POINT('',(-0.31888671875,0.1055203125,-1.6940658945086E-21));
#7893=CARTESIAN_POINT('',(-0.3184287109375,0.104635546875,-8.470329472543E-22));
#7894=CARTESIAN_POINT('',(-0.318734375,0.1050935546875,-8.470329472543E-22));
#7895=CARTESIAN_POINT('',(-0.31888671875,0.1055203125,-8.470329472543E-22));
#7896=CARTESIAN_POINT('',(-0.3184287109375,0.104635546875,-1.6940658945086E-21));
#7897=CARTESIAN_POINT('',(-0.3175927734375,0.103811328125,-8.470329472543E-22));
#7898=CARTESIAN_POINT('',(-0.318123046875,0.1041775390625,-8.470329472543E-22));
#7899=CARTESIAN_POINT('',(-0.3184287109375,0.104635546875,-8.470329472543E-22));
#7900=CARTESIAN_POINT('',(-0.3175927734375,0.103811328125,-1.6940658945086E-21));
#7901=CARTESIAN_POINT('',(-0.3162744140625,0.1032068359375,-8.470329472543E-22));
#7902=CARTESIAN_POINT('',(-0.3170625,0.1034451171875,-8.470329472543E-22));
#7903=CARTESIAN_POINT('',(-0.3175927734375,0.103811328125,-8.470329472543E-22));
#7904=CARTESIAN_POINT('',(-0.3162744140625,0.1032068359375,-1.6940658945086E-21));
#7905=CARTESIAN_POINT('',(-0.314376953125,0.1029685546875,-8.470329472543E-22));
#7906=CARTESIAN_POINT('',(-0.315486328125,0.1029685546875,-8.470329472543E-22));
#7907=CARTESIAN_POINT('',(-0.3162744140625,0.1032068359375,-8.470329472543E-22));
#7908=CARTESIAN_POINT('',(-0.314376953126345,0.102968552655788,-8.470329472543E-22));
#7909=CARTESIAN_POINT('',(-0.314373975764166,0.107467849603476,-8.470329472543E-22));
#7910=CARTESIAN_POINT('',(-0.312807637634505,0.103249859476226,1.89475087102353E-15));
#7911=CARTESIAN_POINT('',(-0.314169871436996,0.106949307860246,-8.470329472543E-22));
#7912=CARTESIAN_POINT('',(-0.3114462890625,0.1040984375,-1.6940658945086E-21));
#7913=CARTESIAN_POINT('',(-0.31048828125,0.105526171875,-8.470329472543E-22));
#7914=CARTESIAN_POINT('',(-0.31084765625,0.1046658203125,-8.470329472543E-22));
#7915=CARTESIAN_POINT('',(-0.3114462890625,0.1040984375,-8.470329472543E-22));
#7916=CARTESIAN_POINT('',(-0.31048828125,0.105526171875,-8.470329472543E-22));
#7917=CARTESIAN_POINT('',(-0.31012890625,0.1075212890625,-8.470329472543E-22));
#7918=CARTESIAN_POINT('',(-0.31012890625,0.1063865234375,-8.470329472543E-22));
#7919=CARTESIAN_POINT('',(-0.31048828125,0.105526171875,-8.470329472543E-22));
#7920=CARTESIAN_POINT('',(-0.30425,0.1347,0.0015));
#7921=CARTESIAN_POINT('',(-0.30425,0.178410213051249,0.0015));
#7922=CARTESIAN_POINT('',(-0.30425,0.0909897869487509,0.0015));
#7923=CARTESIAN_POINT('',(-0.290740856484161,0.156555106525625,0.0015));
#7924=CARTESIAN_POINT('',(-0.277231712968322,0.1347,0.0015));
#7925=CARTESIAN_POINT('',(-0.275702535709891,0.0891,0.0015));
#7926=CARTESIAN_POINT('',(-0.30235976621845,0.0891,0.0015));
#7927=CARTESIAN_POINT('',(-0.249045305201332,0.0891,0.0015));
#7928=CARTESIAN_POINT('',(-0.283070887413415,0.101020527101512,0.0015));
#7929=CARTESIAN_POINT('',(-0.263782008608379,0.112941054203024,0.0015));
#7930=CARTESIAN_POINT('',(-0.169259143515839,0.112844893474376,0.0015));
#7931=CARTESIAN_POINT('',(-0.182768287031678,0.1347,0.0015));
#7932=CARTESIAN_POINT('',(-0.15575,0.0909897869487511,0.0015));
#7933=CARTESIAN_POINT('',(-0.169259143515839,0.156555106525625,0.0015));
#7934=CARTESIAN_POINT('',(-0.15575,0.178410213051249,0.0015));
#7935=CARTESIAN_POINT('',(-0.275702535709891,0.1803,0.0015));
#7936=CARTESIAN_POINT('',(-0.249045305201332,0.1803,0.0015));
#7937=CARTESIAN_POINT('',(-0.30235976621845,0.1803,0.0015));
#7938=CARTESIAN_POINT('',(-0.256413656904855,0.168379472898488,0.0015));
#7939=CARTESIAN_POINT('',(-0.263782008608379,0.156458945796976,0.0015));
#7940=CARTESIAN_POINT('',(-0.203586343095145,0.101020527101512,0.0015));
#7941=CARTESIAN_POINT('',(-0.196217991391621,0.112941054203024,0.0015));
#7942=CARTESIAN_POINT('',(-0.210954694798668,0.0891,0.0015));
#7943=CARTESIAN_POINT('',(-0.176929112586586,0.101020527101512,0.0015));
#7944=CARTESIAN_POINT('',(-0.15764023378155,0.0891,0.0015));
#7945=CARTESIAN_POINT('',(-0.176929112586586,0.168379472898488,0.0015));
#7946=CARTESIAN_POINT('',(-0.196217991391621,0.156458945796976,0.0015));
#7947=CARTESIAN_POINT('',(-0.15764023378155,0.1803,0.0015));
#7948=CARTESIAN_POINT('',(-0.203586343095145,0.168379472898488,0.0015));
#7949=CARTESIAN_POINT('',(-0.210954694798668,0.1803,0.0015));
#7950=CARTESIAN_POINT('',(-0.283631063751671,0.166962332921535,0.0015));
#7951=CARTESIAN_POINT('',(-0.264570687438397,0.155183020359931,0.0015));
#7952=CARTESIAN_POINT('',(-0.302691440064944,0.178741645483138,0.0015));
#7953=CARTESIAN_POINT('',(-0.270460343719198,0.145654728261671,0.0015));
#7954=CARTESIAN_POINT('',(-0.27635,0.136126436163411,0.0015));
#7955=CARTESIAN_POINT('',(-0.247360666687158,0.144547227535665,0.0015));
#7956=CARTESIAN_POINT('',(-0.23142664154854,0.1347,0.0015));
#7957=CARTESIAN_POINT('',(-0.263294691825775,0.154394455071331,0.0015));
#7958=CARTESIAN_POINT('',(-0.247360666687158,0.124852772464335,0.0015));
#7959=CARTESIAN_POINT('',(-0.263294691825775,0.115005544928669,0.0015));
#7960=CARTESIAN_POINT('',(-0.269381489428726,0.124852772464335,0.0015));
#7961=CARTESIAN_POINT('',(-0.275468287031678,0.1347,0.0015));
#7962=CARTESIAN_POINT('',(-0.246253006497878,0.145626022492687,0.0015));
#7963=CARTESIAN_POINT('',(-0.262506012995757,0.155670380508376,0.0015));
#7964=CARTESIAN_POINT('',(-0.23,0.135581664476998,0.0015));
#7965=CARTESIAN_POINT('',(-0.254893946130222,0.167985190254188,0.0015));
#7966=CARTESIAN_POINT('',(-0.247281879264688,0.1803,0.0015));
#7967=CARTESIAN_POINT('',(-0.23,0.1803,0.0015));
#7968=CARTESIAN_POINT('',(-0.212718120735312,0.1803,0.0015));
#7969=CARTESIAN_POINT('',(-0.205106053869777,0.167985190254188,0.0015));
#7970=CARTESIAN_POINT('',(-0.197493987004244,0.155670380508376,0.0015));
#7971=CARTESIAN_POINT('',(-0.254893946130222,0.101414809745812,0.0015));
#7972=CARTESIAN_POINT('',(-0.262506012995756,0.113729619491624,0.0015));
#7973=CARTESIAN_POINT('',(-0.247281879264688,0.0891,0.0015));
#7974=CARTESIAN_POINT('',(-0.246253006497878,0.123773977507313,0.0015));
#7975=CARTESIAN_POINT('',(-0.23,0.133818335523002,0.0015));
#7976=CARTESIAN_POINT('',(-0.213746993502122,0.123773977507313,0.0015));
#7977=CARTESIAN_POINT('',(-0.197493987004244,0.113729619491624,0.0015));
#7978=CARTESIAN_POINT('',(-0.205106053869777,0.101414809745812,0.0015));
#7979=CARTESIAN_POINT('',(-0.212718120735312,0.0891,0.0015));
#7980=CARTESIAN_POINT('',(-0.212639333312843,0.124852772464335,0.0015));
#7981=CARTESIAN_POINT('',(-0.22857335845146,0.1347,0.0015));
#7982=CARTESIAN_POINT('',(-0.196705308174225,0.115005544928669,0.0015));
#7983=CARTESIAN_POINT('',(-0.212639333312843,0.144547227535665,0.0015));
#7984=CARTESIAN_POINT('',(-0.196705308174225,0.154394455071331,0.0015));
#7985=CARTESIAN_POINT('',(-0.190618510571273,0.144547227535665,0.0015));
#7986=CARTESIAN_POINT('',(-0.184531712968322,0.1347,0.0015));
#7987=CARTESIAN_POINT('',(-0.289520720032473,0.111965959176726,0.0015));
#7988=CARTESIAN_POINT('',(-0.27635,0.133273563836589,0.0015));
#7989=CARTESIAN_POINT('',(-0.302691440064944,0.0906583545168622,0.0015));
#7990=CARTESIAN_POINT('',(-0.270460343719198,0.123745271738329,0.0015));
#7991=CARTESIAN_POINT('',(-0.264570687438397,0.114216979640069,0.0015));
#7992=CARTESIAN_POINT('',(-0.189539656280801,0.145654728261671,0.0015));
#7993=CARTESIAN_POINT('',(-0.195429312561604,0.155183020359932,0.0015));
#7994=CARTESIAN_POINT('',(-0.18365,0.136126436163411,0.0015));
#7995=CARTESIAN_POINT('',(-0.176368936248329,0.166962332921535,0.0015));
#7996=CARTESIAN_POINT('',(-0.157308559935055,0.178741645483138,0.0015));
#7997=CARTESIAN_POINT('',(-0.170479279967528,0.111965959176726,0.0015));
#7998=CARTESIAN_POINT('',(-0.157308559935055,0.090658354516862,0.0015));
#7999=CARTESIAN_POINT('',(-0.18365,0.133273563836589,0.0015));
#8000=CARTESIAN_POINT('',(-0.176368936248329,0.102437667078465,0.0015));
#8001=CARTESIAN_POINT('',(-0.195429312561604,0.114216979640069,0.0015));
#8002=CARTESIAN_POINT('',(-0.23,0.1823,0.0015));
#8003=CARTESIAN_POINT('',(-0.325,0.1823,0.0015));
#8004=CARTESIAN_POINT('',(-0.15375,0.1823,0.0015));
#8005=CARTESIAN_POINT('',(-0.325,0.1347,0.0015));
#8006=CARTESIAN_POINT('',(-0.325,0.0871,0.0015));
#8007=CARTESIAN_POINT('',(-0.314625,0.0871,0.0015));
#8008=CARTESIAN_POINT('',(-0.15375,0.0871,0.0015));
#8009=CARTESIAN_POINT('',(-0.256413656904856,0.101020527101512,0.0015));
#8010=CARTESIAN_POINT('',(-0.15575,0.1347,0.0015));
#8011=CARTESIAN_POINT('',(-0.283070887413415,0.168379472898488,0.0015));
#8012=CARTESIAN_POINT('',(-0.18429746429011,0.0891,0.0015));
#8013=CARTESIAN_POINT('',(-0.184297464290109,0.1803,0.0015));
#8014=CARTESIAN_POINT('',(-0.289520720032472,0.157434040823274,0.0015));
#8015=CARTESIAN_POINT('',(-0.269381489428726,0.144547227535665,0.0015));
#8016=CARTESIAN_POINT('',(-0.213746993502122,0.145626022492687,0.0015));
#8017=CARTESIAN_POINT('',(-0.23,0.0891,0.0015));
#8018=CARTESIAN_POINT('',(-0.190618510571273,0.124852772464335,0.0015));
#8019=CARTESIAN_POINT('',(-0.283631063751671,0.102437667078465,0.0015));
#8020=CARTESIAN_POINT('',(-0.170479279967528,0.157434040823275,0.0015));
#8021=CARTESIAN_POINT('',(-0.189539656280801,0.123745271738329,0.0015));
#8022=CARTESIAN_POINT('',(-0.15375,0.1347,0.0015));
#8023=CARTESIAN_POINT('',(-0.290740856484161,0.112844893474375,0.0015));
#8024=CARTESIAN_POINT('',(-0.312269419252999,0.162693378509232,-2.00000000000005E-6));
#8025=CARTESIAN_POINT('',(-0.311318359375,0.1623962890625,-2.00000000000005E-6));
#8026=CARTESIAN_POINT('',(-0.3114345703125,0.1621521484375,-2.00000000000005E-6));
#8027=CARTESIAN_POINT('',(-0.313575034045477,0.1631158296672,-2.00000000000005E-6));
#8028=CARTESIAN_POINT('',(-0.3112265625,0.1627986328125,-2.00000000000005E-6));
#8029=CARTESIAN_POINT('',(-0.310860685054121,0.161717361278729,-2.00000000000005E-6));
#8030=CARTESIAN_POINT('',(-0.311520179961851,0.162005301679776,-1.6940658945086E-21));
#8031=CARTESIAN_POINT('',(-0.3112265625,0.1627986328125,-1.6940658945086E-21));
#8032=CARTESIAN_POINT('',(-0.3112265625,0.1627986328125,0.0015));
#8033=CARTESIAN_POINT('',(-0.311201822916667,0.162961393229167,-1.6940658945086E-21));
#8034=CARTESIAN_POINT('',(-0.311201822916667,0.162961393229167,0.0015));
#8035=CARTESIAN_POINT('',(-0.311197916666667,0.163169075520833,-1.6940658945086E-21));
#8036=CARTESIAN_POINT('',(-0.311197916666667,0.163169075520833,0.0015));
#8037=CARTESIAN_POINT('',(-0.31121484375,0.1634216796875,-1.6940658945086E-21));
#8038=CARTESIAN_POINT('',(-0.31121484375,0.1634216796875,0.0015));
#8039=CARTESIAN_POINT('',(-0.31121484375,0.1634216796875,-2.00000000000005E-6));
#8040=CARTESIAN_POINT('',(-0.3105986328125,0.1634216796875,-2.00000000000005E-6));
#8041=CARTESIAN_POINT('',(-0.30998223265269,0.1634216796875,-8.470329472543E-22));
#8042=CARTESIAN_POINT('',(-0.316748697189766,0.163585123159237,-2.00000000000005E-6));
#8043=CARTESIAN_POINT('',(-0.31009765625,0.16232890625,-2.00000000000005E-6));
#8044=CARTESIAN_POINT('',(-0.31009765625,0.16232890625,-1.6940658945086E-21));
#8045=CARTESIAN_POINT('',(-0.31009765625,0.16232890625,0.0015));
#8046=CARTESIAN_POINT('',(-0.310166666666667,0.161958463541667,-1.6940658945086E-21));
#8047=CARTESIAN_POINT('',(-0.310166666666667,0.161958463541667,0.0015));
#8048=CARTESIAN_POINT('',(-0.310274739583333,0.161659309895833,-1.6940658945086E-21));
#8049=CARTESIAN_POINT('',(-0.310274739583333,0.161659309895833,0.0015));
#8050=CARTESIAN_POINT('',(-0.310421875,0.1614314453125,-1.6940658945086E-21));
#8051=CARTESIAN_POINT('',(-0.310421875,0.1614314453125,0.0015));
#8052=CARTESIAN_POINT('',(-0.310421875,0.1614314453125,-2.00000000000005E-6));
#8053=CARTESIAN_POINT('',(-0.305930517024847,0.170946428657254,-2.00000000000005E-6));
#8054=CARTESIAN_POINT('',(-0.31076953125,0.1616033203125,-2.00000000000005E-6));
#8055=CARTESIAN_POINT('',(-0.310950298108553,0.161696633429276,-2.00000541553891E-6));
#8056=CARTESIAN_POINT('',(-0.311123046875,0.1617859375,-2.00000000000005E-6));
#8057=CARTESIAN_POINT('',(-0.306298370392536,0.171165001745421,-2.00000000000005E-6));
#8058=CARTESIAN_POINT('',(-0.3113974609375,0.161932421875,-2.00000000000005E-6));
#8059=CARTESIAN_POINT('',(-0.310735464087359,0.163193648306016,-2.00000000000005E-6));
#8060=CARTESIAN_POINT('',(-0.312497722808539,0.163746652855917,-2.00000000000005E-6));
#8061=CARTESIAN_POINT('',(-0.31078125,0.16553984375,-2.00000000000005E-6));
#8062=CARTESIAN_POINT('',(-0.3115322265625,0.166033984375,-2.00000000000005E-6));
#8063=CARTESIAN_POINT('',(-0.312389087146612,0.163869920354488,-2.00000000000005E-6));
#8064=CARTESIAN_POINT('',(-0.3102685546875,0.164807421875,-2.00000000000005E-6));
#8065=CARTESIAN_POINT('',(-0.31249609375,0.1662166015625,-1.6940658945086E-21));
#8066=CARTESIAN_POINT('',(-0.31249609375,0.1662166015625,0.0015));
#8067=CARTESIAN_POINT('',(-0.312138020833333,0.1662166015625,-1.6940658945086E-21));
#8068=CARTESIAN_POINT('',(-0.312138020833333,0.1662166015625,0.0015));
#8069=CARTESIAN_POINT('',(-0.311816731770833,0.166155729166667,-1.6940658945086E-21));
#8070=CARTESIAN_POINT('',(-0.311816731770833,0.166155729166667,0.0015));
#8071=CARTESIAN_POINT('',(-0.3115322265625,0.166033984375,-1.6940658945086E-21));
#8072=CARTESIAN_POINT('',(-0.3115322265625,0.166033984375,0.0015));
#8073=CARTESIAN_POINT('',(-0.31249609375,0.1662166015625,-2.00000000000005E-6));
#8074=CARTESIAN_POINT('',(-0.313187558600804,0.163502588005993,-2.00000000000005E-6));
#8075=CARTESIAN_POINT('',(-0.310017703980802,0.1639216796875,-1.6940658945086E-21));
#8076=CARTESIAN_POINT('',(-0.3106591796875,0.1639216796875,-2.00000000000005E-6));
#8077=CARTESIAN_POINT('',(-0.311300728670967,0.1639216796875,-8.470329472543E-22));
#8078=CARTESIAN_POINT('',(-0.312573540209055,0.163492513895882,-2.00000000000005E-6));
#8079=CARTESIAN_POINT('',(-0.31176953125,0.164569140625,-2.00000000000005E-6));
#8080=CARTESIAN_POINT('',(-0.31176953125,0.164569140625,-1.6940658945086E-21));
#8081=CARTESIAN_POINT('',(-0.31176953125,0.164569140625,0.0015));
#8082=CARTESIAN_POINT('',(-0.311993489583333,0.164740364583333,-1.6940658945086E-21));
#8083=CARTESIAN_POINT('',(-0.311993489583333,0.164740364583333,0.0015));
#8084=CARTESIAN_POINT('',(-0.312219401041667,0.1648259765625,-1.6940658945086E-21));
#8085=CARTESIAN_POINT('',(-0.312219401041667,0.1648259765625,0.0015));
#8086=CARTESIAN_POINT('',(-0.312447265625,0.1648259765625,-1.6940658945086E-21));
#8087=CARTESIAN_POINT('',(-0.312447265625,0.1648259765625,0.0015));
#8088=CARTESIAN_POINT('',(-0.312447265625,0.1648259765625,-2.00000000000005E-6));
#8089=CARTESIAN_POINT('',(-0.312447265625,0.1648259765625,-8.470329472543E-22));
#8090=CARTESIAN_POINT('',(-0.312447265625,0.1648259765625,0.0015));
#8091=CARTESIAN_POINT('',(-0.312764973958333,0.1648259765625,-8.470329472543E-22));
#8092=CARTESIAN_POINT('',(-0.312764973958333,0.1648259765625,0.0015));
#8093=CARTESIAN_POINT('',(-0.313021484375,0.164740364583333,-8.470329472543E-22));
#8094=CARTESIAN_POINT('',(-0.313021484375,0.164740364583333,0.0015));
#8095=CARTESIAN_POINT('',(-0.313216796875,0.164569140625,-8.470329472543E-22));
#8096=CARTESIAN_POINT('',(-0.313216796875,0.164569140625,0.0015));
#8097=CARTESIAN_POINT('',(-0.313216796875,0.164569140625,-2.00000000000005E-6));
#8098=CARTESIAN_POINT('',(-0.311590231158804,0.162764013625046,-2.00000000000005E-6));
#8099=CARTESIAN_POINT('',(-0.313727530095722,0.1639216796875,-1.6940658945086E-21));
#8100=CARTESIAN_POINT('',(-0.3144248046875,0.1639216796875,-2.00000000000005E-6));
#8101=CARTESIAN_POINT('',(-0.315121128875898,0.1639216796875,-8.470329472543E-22));
#8102=CARTESIAN_POINT('',(-0.301686768218719,0.157423716757851,-2.00000000000005E-6));
#8103=CARTESIAN_POINT('',(-0.3147001953125,0.1647283203125,-2.00000000000005E-6));
#8104=CARTESIAN_POINT('',(-0.311355979500754,0.162862728899104,-2.00000000000005E-6));
#8105=CARTESIAN_POINT('',(-0.3141689453125,0.1654607421875,-2.00000000000005E-6));
#8106=CARTESIAN_POINT('',(-0.312232083168834,0.163667495132338,-2.00000000000005E-6));
#8107=CARTESIAN_POINT('',(-0.3134609375,0.1660037109375,-2.00000000000005E-6));
#8108=CARTESIAN_POINT('',(-0.3134609375,0.1660037109375,-1.6940658945086E-21));
#8109=CARTESIAN_POINT('',(-0.3134609375,0.1660037109375,0.0015));
#8110=CARTESIAN_POINT('',(-0.313192708333333,0.166145638020833,-1.6940658945086E-21));
#8111=CARTESIAN_POINT('',(-0.313192708333333,0.166145638020833,0.0015));
#8112=CARTESIAN_POINT('',(-0.31287109375,0.1662166015625,-1.6940658945086E-21));
#8113=CARTESIAN_POINT('',(-0.31287109375,0.1662166015625,0.0015));
#8114=CARTESIAN_POINT('',(-0.31249609375,0.1662166015625,-1.6940658945086E-21));
#8115=CARTESIAN_POINT('',(-0.31249609375,0.1662166015625,0.0015));
#8116=CARTESIAN_POINT('',(-0.308864478727281,0.162521175972551,-2.00000000000005E-6));
#8117=CARTESIAN_POINT('',(-0.3178369140625,0.165045703125,-2.00000000000005E-6));
#8118=CARTESIAN_POINT('',(-0.317666015625,0.165588671875,-2.00000000000005E-6));
#8119=CARTESIAN_POINT('',(-0.312466716126749,0.163526395508321,-2.00000000000005E-6));
#8120=CARTESIAN_POINT('',(-0.31796484375,0.1644841796875,-2.00000000000005E-6));
#8121=CARTESIAN_POINT('',(-0.315161119097039,0.164757185366583,-2.00000000000005E-6));
#8122=CARTESIAN_POINT('',(-0.31747723499619,0.166021454061565,-8.470329472543E-22));
#8123=CARTESIAN_POINT('',(-0.314924402551113,0.163933113706511,-2.00000000000005E-6));
#8124=CARTESIAN_POINT('',(-0.318013671875,0.1639587890625,-2.00000000000005E-6));
#8125=CARTESIAN_POINT('',(-0.318013671875,0.163940234375,-2.00000000000005E-6));
#8126=CARTESIAN_POINT('',(-0.318013671875,0.1639216796875,-2.00000000000005E-6));
#8127=CARTESIAN_POINT('',(-0.31859375,0.1639216796875,-2.00000000000005E-6));
#8128=CARTESIAN_POINT('',(-0.319173828125,0.1639216796875,-2.00000000000005E-6));
#8129=CARTESIAN_POINT('',(-0.319173828125,0.163934375,-2.00000000000005E-6));
#8130=CARTESIAN_POINT('',(-0.319173828125,0.1639470703125,-2.00000000000005E-6));
#8131=CARTESIAN_POINT('',(-0.312919504414416,0.1639351515671,-2.00000000000005E-6));
#8132=CARTESIAN_POINT('',(-0.3191435546875,0.1645515625,-2.00000000000005E-6));
#8133=CARTESIAN_POINT('',(-0.314261364300569,0.164069848207673,-2.00000000000005E-6));
#8134=CARTESIAN_POINT('',(-0.3190400390625,0.16518046875,-2.00000000000005E-6));
#8135=CARTESIAN_POINT('',(-0.315883518824879,0.164459868993714,-2.00000000000005E-6));
#8136=CARTESIAN_POINT('',(-0.318837890625,0.165783984375,-2.00000000000005E-6));
#8137=CARTESIAN_POINT('',(-0.317000381554837,0.164980150539345,-2.00000000000005E-6));
#8138=CARTESIAN_POINT('',(-0.318527837327706,0.16627922266335,-1.6940658945086E-21));
#8139=CARTESIAN_POINT('',(-0.318001953125,0.1661501953125,-2.00000000000005E-6));
#8140=CARTESIAN_POINT('',(-0.317529610870168,0.164150576511886,-2.00000000000005E-6));
#8141=CARTESIAN_POINT('',(-0.31487109375,0.1618357421875,-2.00000000000005E-6));
#8142=CARTESIAN_POINT('',(-0.3143642578125,0.1625984375,-2.00000000000005E-6));
#8143=CARTESIAN_POINT('',(-0.316691525706883,0.163442168992372,-2.00000000000005E-6));
#8144=CARTESIAN_POINT('',(-0.3155966796875,0.16127421875,-2.00000000000005E-6));
#8145=CARTESIAN_POINT('',(-0.340827922847073,0.175694046404884,-2.00000000000005E-6));
#8146=CARTESIAN_POINT('',(-0.313972616621847,0.1634216796875,-8.470329472543E-22));
#8147=CARTESIAN_POINT('',(-0.3155966796875,0.16127421875,-1.6940658945086E-21));
#8148=CARTESIAN_POINT('',(-0.3155966796875,0.16127421875,0.0015));
#8149=CARTESIAN_POINT('',(-0.315881184895833,0.161127734375,-1.6940658945086E-21));
#8150=CARTESIAN_POINT('',(-0.315881184895833,0.161127734375,0.0015));
#8151=CARTESIAN_POINT('',(-0.316235026041667,0.1610544921875,-1.6940658945086E-21));
#8152=CARTESIAN_POINT('',(-0.316235026041667,0.1610544921875,0.0015));
#8153=CARTESIAN_POINT('',(-0.316658203125,0.1610544921875,-1.6940658945086E-21));
#8154=CARTESIAN_POINT('',(-0.316658203125,0.1610544921875,0.0015));
#8155=CARTESIAN_POINT('',(-0.316658203125,0.1610544921875,-2.00000000000005E-6));
#8156=CARTESIAN_POINT('',(-0.316658314258936,0.163358056243198,-2.00000000000005E-6));
#8157=CARTESIAN_POINT('',(-0.3175126953125,0.1612185546875,-2.00000000000005E-6));
#8158=CARTESIAN_POINT('',(-0.316595310010503,0.163542931478292,-2.00000000000005E-6));
#8159=CARTESIAN_POINT('',(-0.318263671875,0.161682421875,-2.00000000000005E-6));
#8160=CARTESIAN_POINT('',(-0.316500318321214,0.163621151210217,-2.00000000000005E-6));
#8161=CARTESIAN_POINT('',(-0.31883203125,0.1624216796875,-2.00000000000005E-6));
#8162=CARTESIAN_POINT('',(-0.31883203125,0.1624216796875,-1.6940658945086E-21));
#8163=CARTESIAN_POINT('',(-0.31883203125,0.1624216796875,0.0015));
#8164=CARTESIAN_POINT('',(-0.318986979166667,0.1627146484375,-1.6940658945086E-21));
#8165=CARTESIAN_POINT('',(-0.318986979166667,0.1627146484375,0.0015));
#8166=CARTESIAN_POINT('',(-0.319088541666667,0.163047981770833,-1.6940658945086E-21));
#8167=CARTESIAN_POINT('',(-0.319088541666667,0.163047981770833,0.0015));
#8168=CARTESIAN_POINT('',(-0.31913671875,0.1634216796875,-1.6940658945086E-21));
#8169=CARTESIAN_POINT('',(-0.31913671875,0.1634216796875,0.0015));
#8170=CARTESIAN_POINT('',(-0.31913671875,0.1634216796875,-2.00000000000005E-6));
#8171=CARTESIAN_POINT('',(-0.31855078125,0.1634216796875,-2.00000000000005E-6));
#8172=CARTESIAN_POINT('',(-0.31796484375,0.1634216796875,-2.00000000000005E-6));
#8173=CARTESIAN_POINT('',(-0.31796484375,0.1634216796875,-1.6940658945086E-21));
#8174=CARTESIAN_POINT('',(-0.31796484375,0.1634216796875,0.0015));
#8175=CARTESIAN_POINT('',(-0.317802083333333,0.162755013020833,-1.6940658945086E-21));
#8176=CARTESIAN_POINT('',(-0.317802083333333,0.162755013020833,0.0015));
#8177=CARTESIAN_POINT('',(-0.317358723958333,0.1624216796875,-1.6940658945086E-21));
#8178=CARTESIAN_POINT('',(-0.317358723958333,0.1624216796875,0.0015));
#8179=CARTESIAN_POINT('',(-0.316634765625,0.1624216796875,-1.6940658945086E-21));
#8180=CARTESIAN_POINT('',(-0.316634765625,0.1624216796875,0.0015));
#8181=CARTESIAN_POINT('',(-0.316634765625,0.1624216796875,-2.00000000000005E-6));
#8182=CARTESIAN_POINT('',(-0.316634765625,0.1624216796875,-1.6940658945086E-21));
#8183=CARTESIAN_POINT('',(-0.316634765625,0.1624216796875,0.0015));
#8184=CARTESIAN_POINT('',(-0.316349609375,0.1624216796875,-1.6940658945086E-21));
#8185=CARTESIAN_POINT('',(-0.316349609375,0.1624216796875,0.0015));
#8186=CARTESIAN_POINT('',(-0.316113606770833,0.162515104166667,-1.6940658945086E-21));
#8187=CARTESIAN_POINT('',(-0.316113606770833,0.162515104166667,0.0015));
#8188=CARTESIAN_POINT('',(-0.3159267578125,0.162701953125,-1.6940658945086E-21));
#8189=CARTESIAN_POINT('',(-0.3159267578125,0.162701953125,0.0015));
#8190=CARTESIAN_POINT('',(-0.3159267578125,0.162701953125,-2.00000000000005E-6));
#8191=CARTESIAN_POINT('',(-0.3159267578125,0.162701953125,-1.6940658945086E-21));
#8192=CARTESIAN_POINT('',(-0.3159267578125,0.162701953125,0.0015));
#8193=CARTESIAN_POINT('',(-0.315739908854167,0.162888802083333,-1.6940658945086E-21));
#8194=CARTESIAN_POINT('',(-0.315739908854167,0.162888802083333,0.0015));
#8195=CARTESIAN_POINT('',(-0.315565104166667,0.1631287109375,-1.6940658945086E-21));
#8196=CARTESIAN_POINT('',(-0.315565104166667,0.1631287109375,0.0015));
#8197=CARTESIAN_POINT('',(-0.31540234375,0.1634216796875,-1.6940658945086E-21));
#8198=CARTESIAN_POINT('',(-0.31540234375,0.1634216796875,0.0015));
#8199=CARTESIAN_POINT('',(-0.31540234375,0.1634216796875,-2.00000000000005E-6));
#8200=CARTESIAN_POINT('',(-0.3146875,0.1634216796875,-2.00000000000005E-6));
#8201=CARTESIAN_POINT('',(-0.31112890625,0.154522265625,-2.00000000000005E-6));
#8202=CARTESIAN_POINT('',(-0.31112890625,0.1558650390625,-2.00000000000005E-6));
#8203=CARTESIAN_POINT('',(-0.31112890625,0.1531794921875,-2.00000000000005E-6));
#8204=CARTESIAN_POINT('',(-0.315126953125,0.1558650390625,-2.00000000000005E-6));
#8205=CARTESIAN_POINT('',(-0.319125,0.1558650390625,-2.00000000000005E-6));
#8206=CARTESIAN_POINT('',(-0.31062890625,0.1531794921875,-2.00000000000005E-6));
#8207=CARTESIAN_POINT('',(-0.31012890625,0.1531794921875,-2.00000000000005E-6));
#8208=CARTESIAN_POINT('',(-0.319125,0.1566033203125,-2.00000000000005E-6));
#8209=CARTESIAN_POINT('',(-0.319125,0.1573416015625,-2.00000000000005E-6));
#8210=CARTESIAN_POINT('',(-0.315126953125,0.1573416015625,-2.00000000000005E-6));
#8211=CARTESIAN_POINT('',(-0.31112890625,0.1573416015625,-2.00000000000005E-6));
#8212=CARTESIAN_POINT('',(-0.31112890625,0.158684375,-2.00000000000005E-6));
#8213=CARTESIAN_POINT('',(-0.31112890625,0.1600271484375,-2.00000000000005E-6));
#8214=CARTESIAN_POINT('',(-0.31062890625,0.1600271484375,-2.00000000000005E-6));
#8215=CARTESIAN_POINT('',(-0.31012890625,0.1600271484375,-2.00000000000005E-6));
#8216=CARTESIAN_POINT('',(-0.31012890625,0.1566033203125,-2.00000000000005E-6));
#8217=CARTESIAN_POINT('',(-0.3172578125,0.1479119140625,-2.00000000000005E-6));
#8218=CARTESIAN_POINT('',(-0.3172578125,0.1490779296875,-2.00000000000005E-6));
#8219=CARTESIAN_POINT('',(-0.3172578125,0.1467458984375,-2.00000000000005E-6));
#8220=CARTESIAN_POINT('',(-0.3167626953125,0.14890703125,-2.00000000000005E-6));
#8221=CARTESIAN_POINT('',(-0.316267578125,0.1487361328125,-2.00000000000005E-6));
#8222=CARTESIAN_POINT('',(-0.3167626953125,0.14692265625,-2.00000000000005E-6));
#8223=CARTESIAN_POINT('',(-0.316267578125,0.1470994140625,-2.00000000000005E-6));
#8224=CARTESIAN_POINT('',(-0.316267578125,0.1479177734375,-2.00000000000005E-6));
#8225=CARTESIAN_POINT('',(-0.315755859375,0.1467400390625,-2.00000000000005E-6));
#8226=CARTESIAN_POINT('',(-0.31238671875,0.1479060546875,-2.00000000000005E-6));
#8227=CARTESIAN_POINT('',(-0.319125,0.1455740234375,-2.00000000000005E-6));
#8228=CARTESIAN_POINT('',(-0.315755859375,0.1490837890625,-2.00000000000005E-6));
#8229=CARTESIAN_POINT('',(-0.319125,0.1502615234375,-2.00000000000005E-6));
#8230=CARTESIAN_POINT('',(-0.319125,0.1448171875,-2.00000000000005E-6));
#8231=CARTESIAN_POINT('',(-0.319125,0.1440603515625,-2.00000000000005E-6));
#8232=CARTESIAN_POINT('',(-0.319125,0.15102421875,-2.00000000000005E-6));
#8233=CARTESIAN_POINT('',(-0.319125,0.1517869140625,-2.00000000000005E-6));
#8234=CARTESIAN_POINT('',(-0.3146328125,0.1502126953125,-2.00000000000005E-6));
#8235=CARTESIAN_POINT('',(-0.310140625,0.1486384765625,-2.00000000000005E-6));
#8236=CARTESIAN_POINT('',(-0.310140625,0.1479119140625,-2.00000000000005E-6));
#8237=CARTESIAN_POINT('',(-0.310140625,0.1471853515625,-2.00000000000005E-6));
#8238=CARTESIAN_POINT('',(-0.3146328125,0.1456228515625,-2.00000000000005E-6));
#8239=CARTESIAN_POINT('',(-0.314626953125,0.1407263671875,-2.00000000000005E-6));
#8240=CARTESIAN_POINT('',(-0.319125,0.1407263671875,-2.00000000000005E-6));
#8241=CARTESIAN_POINT('',(-0.31012890625,0.1407263671875,-2.00000000000005E-6));
#8242=CARTESIAN_POINT('',(-0.319125,0.1414587890625,-2.00000000000005E-6));
#8243=CARTESIAN_POINT('',(-0.319125,0.1421912109375,-2.00000000000005E-6));
#8244=CARTESIAN_POINT('',(-0.31012890625,0.1414587890625,-2.00000000000005E-6));
#8245=CARTESIAN_POINT('',(-0.31012890625,0.1421912109375,-2.00000000000005E-6));
#8246=CARTESIAN_POINT('',(-0.314626953125,0.1421912109375,-2.00000000000005E-6));
#8247=CARTESIAN_POINT('',(-0.3174951171875,0.138487109375,-2.00000000000005E-6));
#8248=CARTESIAN_POINT('',(-0.31586520288621,0.139335758582634,-8.470329472543E-22));
#8249=CARTESIAN_POINT('',(-0.319125,0.1376384765625,-2.00000000000005E-6));
#8250=CARTESIAN_POINT('',(-0.316440057877542,0.139332479543383,-2.00000000000005E-6));
#8251=CARTESIAN_POINT('',(-0.31587109375,0.13941484375,-2.00000000000005E-6));
#8252=CARTESIAN_POINT('',(-0.319125,0.1368630859375,-2.00000000000005E-6));
#8253=CARTESIAN_POINT('',(-0.319125,0.1360876953125,-2.00000000000005E-6));
#8254=CARTESIAN_POINT('',(-0.314810440837926,0.13952376795557,-2.00000000000005E-6));
#8255=CARTESIAN_POINT('',(-0.315876953125,0.1395427734375,-2.00000000000005E-6));
#8256=CARTESIAN_POINT('',(-0.315876953125,0.139984423828125,-2.00000000000005E-6));
#8257=CARTESIAN_POINT('',(-0.315876953125,0.1402263671875,-2.00000000000005E-6));
#8258=CARTESIAN_POINT('',(-0.31533984375,0.1402263671875,-2.00000000000005E-6));
#8259=CARTESIAN_POINT('',(-0.314802734375,0.1402263671875,-2.00000000000005E-6));
#8260=CARTESIAN_POINT('',(-0.314802734375,0.139811328125,-2.00000000000005E-6));
#8261=CARTESIAN_POINT('',(-0.314802734375,0.1393962890625,-2.00000000000005E-6));
#8262=CARTESIAN_POINT('',(-0.313138135553305,0.139403898483645,-2.00000000000005E-6));
#8263=CARTESIAN_POINT('',(-0.3147119140625,0.13886015625,-2.00000000000005E-6));
#8264=CARTESIAN_POINT('',(-0.313463158076984,0.139290753566702,-2.00000000000005E-6));
#8265=CARTESIAN_POINT('',(-0.3144130859375,0.138371875,-2.00000000000005E-6));
#8266=CARTESIAN_POINT('',(-0.3144130859375,0.138371875,-1.6940658945086E-21));
#8267=CARTESIAN_POINT('',(-0.3144130859375,0.138371875,0.0015));
#8268=CARTESIAN_POINT('',(-0.3142744140625,0.138225390625,-1.6940658945086E-21));
#8269=CARTESIAN_POINT('',(-0.3142744140625,0.138225390625,0.0015));
#8270=CARTESIAN_POINT('',(-0.3140810546875,0.1381072265625,-1.6940658945086E-21));
#8271=CARTESIAN_POINT('',(-0.3140810546875,0.1381072265625,0.0015));
#8272=CARTESIAN_POINT('',(-0.3138330078125,0.1380173828125,-1.6940658945086E-21));
#8273=CARTESIAN_POINT('',(-0.3138330078125,0.1380173828125,0.0015));
#8274=CARTESIAN_POINT('',(-0.3138330078125,0.1380173828125,-2.00000000000005E-6));
#8275=CARTESIAN_POINT('',(-0.3138330078125,0.1380173828125,-8.470329472543E-22));
#8276=CARTESIAN_POINT('',(-0.3138330078125,0.1380173828125,0.0015));
#8277=CARTESIAN_POINT('',(-0.3135849609375,0.1379275390625,-8.470329472543E-22));
#8278=CARTESIAN_POINT('',(-0.3135849609375,0.1379275390625,0.0015));
#8279=CARTESIAN_POINT('',(-0.313277994791667,0.1378826171875,-8.470329472543E-22));
#8280=CARTESIAN_POINT('',(-0.313277994791667,0.1378826171875,0.0015));
#8281=CARTESIAN_POINT('',(-0.312912109375,0.1378826171875,-8.470329472543E-22));
#8282=CARTESIAN_POINT('',(-0.312912109375,0.1378826171875,0.0015));
#8283=CARTESIAN_POINT('',(-0.312912109375,0.1378826171875,-2.00000000000005E-6));
#8284=CARTESIAN_POINT('',(-0.312961045038429,0.14036122428328,-2.00000000000005E-6));
#8285=CARTESIAN_POINT('',(-0.312404296875,0.137944140625,-2.00000000000005E-6));
#8286=CARTESIAN_POINT('',(-0.312723521183572,0.139366324094873,-2.00000000000005E-6));
#8287=CARTESIAN_POINT('',(-0.31185546875,0.138194140625,-2.00000000000005E-6));
#8288=CARTESIAN_POINT('',(-0.31185546875,0.138194140625,-1.6940658945086E-21));
#8289=CARTESIAN_POINT('',(-0.31185546875,0.138194140625,0.0015));
#8290=CARTESIAN_POINT('',(-0.311680989583333,0.138319791666667,-1.6940658945086E-21));
#8291=CARTESIAN_POINT('',(-0.311680989583333,0.138319791666667,0.0015));
#8292=CARTESIAN_POINT('',(-0.311534505208333,0.138496549479167,-1.6940658945086E-21));
#8293=CARTESIAN_POINT('',(-0.311534505208333,0.138496549479167,0.0015));
#8294=CARTESIAN_POINT('',(-0.311416015625,0.1387244140625,-1.6940658945086E-21));
#8295=CARTESIAN_POINT('',(-0.311416015625,0.1387244140625,0.0015));
#8296=CARTESIAN_POINT('',(-0.311416015625,0.1387244140625,-2.00000000000005E-6));
#8297=CARTESIAN_POINT('',(-0.311416015625,0.1387244140625,-1.6940658945086E-21));
#8298=CARTESIAN_POINT('',(-0.311416015625,0.1387244140625,0.0015));
#8299=CARTESIAN_POINT('',(-0.311297526041667,0.138952278645833,-1.6940658945086E-21));
#8300=CARTESIAN_POINT('',(-0.311297526041667,0.138952278645833,0.0015));
#8301=CARTESIAN_POINT('',(-0.31123828125,0.1392537109375,-1.6940658945086E-21));
#8302=CARTESIAN_POINT('',(-0.31123828125,0.1392537109375,0.0015));
#8303=CARTESIAN_POINT('',(-0.31123828125,0.1396287109375,-1.6940658945086E-21));
#8304=CARTESIAN_POINT('',(-0.31123828125,0.1396287109375,0.0015));
#8305=CARTESIAN_POINT('',(-0.31123828125,0.1396287109375,-2.00000000000005E-6));
#8306=CARTESIAN_POINT('',(-0.31123828125,0.1399275390625,-2.00000000000005E-6));
#8307=CARTESIAN_POINT('',(-0.31123828125,0.1402263671875,-2.00000000000005E-6));
#8308=CARTESIAN_POINT('',(-0.31068359375,0.1402263671875,-2.00000000000005E-6));
#8309=CARTESIAN_POINT('',(-0.31012890625,0.1402263671875,-2.00000000000005E-6));
#8310=CARTESIAN_POINT('',(-0.31012890625,0.13991484375,-2.00000000000005E-6));
#8311=CARTESIAN_POINT('',(-0.31012890625,0.1396033203125,-2.00000000000005E-6));
#8312=CARTESIAN_POINT('',(-0.313773335831004,0.139610302795261,-2.00000000000005E-6));
#8313=CARTESIAN_POINT('',(-0.310311723553594,0.138469853416415,-1.6940658945086E-21));
#8314=CARTESIAN_POINT('',(-0.313234221478681,0.13940651758926,-2.00000000000005E-6));
#8315=CARTESIAN_POINT('',(-0.3108603515625,0.13746171875,-2.00000000000005E-6));
#8316=CARTESIAN_POINT('',(-0.313074922683905,0.139278264608351,-2.00000000000005E-6));
#8317=CARTESIAN_POINT('',(-0.3117451171875,0.136741015625,-2.00000000000005E-6));
#8318=CARTESIAN_POINT('',(-0.3117451171875,0.136741015625,-1.6940658945086E-21));
#8319=CARTESIAN_POINT('',(-0.3117451171875,0.136741015625,0.0015));
#8320=CARTESIAN_POINT('',(-0.3120908203125,0.136558072916667,-1.6940658945086E-21));
#8321=CARTESIAN_POINT('',(-0.3120908203125,0.136558072916667,0.0015));
#8322=CARTESIAN_POINT('',(-0.312479817708333,0.1364666015625,-1.6940658945086E-21));
#8323=CARTESIAN_POINT('',(-0.312479817708333,0.1364666015625,0.0015));
#8324=CARTESIAN_POINT('',(-0.312912109375,0.1364666015625,-1.6940658945086E-21));
#8325=CARTESIAN_POINT('',(-0.312912109375,0.1364666015625,0.0015));
#8326=CARTESIAN_POINT('',(-0.312912109375,0.1364666015625,-2.00000000000005E-6));
#8327=CARTESIAN_POINT('',(-0.312912109375,0.1364666015625,-8.470329472543E-22));
#8328=CARTESIAN_POINT('',(-0.312912109375,0.1364666015625,0.0015));
#8329=CARTESIAN_POINT('',(-0.313563151041667,0.1364666015625,-8.470329472543E-22));
#8330=CARTESIAN_POINT('',(-0.313563151041667,0.1364666015625,0.0015));
#8331=CARTESIAN_POINT('',(-0.314116536458333,0.136617317708333,-8.470329472543E-22));
#8332=CARTESIAN_POINT('',(-0.314116536458333,0.136617317708333,0.0015));
#8333=CARTESIAN_POINT('',(-0.314572265625,0.13691875,-8.470329472543E-22));
#8334=CARTESIAN_POINT('',(-0.314572265625,0.13691875,0.0015));
#8335=CARTESIAN_POINT('',(-0.314572265625,0.13691875,-2.00000000000005E-6));
#8336=CARTESIAN_POINT('',(-0.313090878681431,0.139175216770828,-2.00000000000005E-6));
#8337=CARTESIAN_POINT('',(-0.315583272030369,0.138138889117306,-1.6940658945086E-21));
#8338=CARTESIAN_POINT('',(-0.3173544921875,0.1371130859375,-2.00000000000005E-6));
#8339=CARTESIAN_POINT('',(-0.314626953125,0.1206560546875,-2.00000000000005E-6));
#8340=CARTESIAN_POINT('',(-0.319125,0.1206560546875,-2.00000000000005E-6));
#8341=CARTESIAN_POINT('',(-0.31012890625,0.1206560546875,-2.00000000000005E-6));
#8342=CARTESIAN_POINT('',(-0.319125,0.1213884765625,-2.00000000000005E-6));
#8343=CARTESIAN_POINT('',(-0.319125,0.1221208984375,-2.00000000000005E-6));
#8344=CARTESIAN_POINT('',(-0.31012890625,0.1213884765625,-2.00000000000005E-6));
#8345=CARTESIAN_POINT('',(-0.31012890625,0.1221208984375,-2.00000000000005E-6));
#8346=CARTESIAN_POINT('',(-0.314626953125,0.1221208984375,-2.00000000000005E-6));
#8347=CARTESIAN_POINT('',(-0.316356982766155,0.126282041778345,-2.00000000000005E-6));
#8348=CARTESIAN_POINT('',(-0.318544921875,0.124838671875,-2.00000000000005E-6));
#8349=CARTESIAN_POINT('',(-0.317964000292081,0.1242107421875,-8.470329472543E-22));
#8350=CARTESIAN_POINT('',(-0.315294409047768,0.12695595719574,-2.00000000000005E-6));
#8351=CARTESIAN_POINT('',(-0.31891796875,0.12557109375,-2.00000000000005E-6));
#8352=CARTESIAN_POINT('',(-0.3162255859375,0.1242107421875,-2.00000000000005E-6));
#8353=CARTESIAN_POINT('',(-0.314486328125,0.1242107421875,-2.00000000000005E-6));
#8354=CARTESIAN_POINT('',(-0.315404910369881,0.126911556432357,-2.00000000000005E-6));
#8355=CARTESIAN_POINT('',(-0.319125,0.1263640625,-2.00000000000005E-6));
#8356=CARTESIAN_POINT('',(-0.313647817037217,0.127181691887769,-2.00000000000005E-6));
#8357=CARTESIAN_POINT('',(-0.319185546875,0.1271755859375,-2.00000000000005E-6));
#8358=CARTESIAN_POINT('',(-0.319185546875,0.127182421875,-2.00000000000005E-6));
#8359=CARTESIAN_POINT('',(-0.319185546875,0.1271892578125,-2.00000000000005E-6));
#8360=CARTESIAN_POINT('',(-0.3186484375,0.1271892578125,-2.00000000000005E-6));
#8361=CARTESIAN_POINT('',(-0.318111586917359,0.1271892578125,-8.470329472543E-22));
#8362=CARTESIAN_POINT('',(-0.313760428115585,0.127238452022085,-2.00000000000005E-6));
#8363=CARTESIAN_POINT('',(-0.3180927734375,0.12682890625,-2.00000000000005E-6));
#8364=CARTESIAN_POINT('',(-0.313555915687388,0.127231354082152,-2.00000000000005E-6));
#8365=CARTESIAN_POINT('',(-0.3180322265625,0.126389453125,-2.00000000000005E-6));
#8366=CARTESIAN_POINT('',(-0.315366419641352,0.126876975720406,-2.00000000000005E-6));
#8367=CARTESIAN_POINT('',(-0.3179169921875,0.12596171875,-2.00000000000005E-6));
#8368=CARTESIAN_POINT('',(-0.3179169921875,0.12596171875,-1.6940658945086E-21));
#8369=CARTESIAN_POINT('',(-0.3179169921875,0.12596171875,0.0015));
#8370=CARTESIAN_POINT('',(-0.3178681640625,0.125826953125,-1.6940658945086E-21));
#8371=CARTESIAN_POINT('',(-0.3178681640625,0.125826953125,0.0015));
#8372=CARTESIAN_POINT('',(-0.317798828125,0.125727018229167,-1.6940658945086E-21));
#8373=CARTESIAN_POINT('',(-0.317798828125,0.125727018229167,0.0015));
#8374=CARTESIAN_POINT('',(-0.317708984375,0.1256619140625,-1.6940658945086E-21));
#8375=CARTESIAN_POINT('',(-0.317708984375,0.1256619140625,0.0015));
#8376=CARTESIAN_POINT('',(-0.317708984375,0.1256619140625,-2.00000000000005E-6));
#8377=CARTESIAN_POINT('',(-0.31659765625,0.1256619140625,-2.00000000000005E-6));
#8378=CARTESIAN_POINT('',(-0.315486328125,0.1256619140625,-2.00000000000005E-6));
#8379=CARTESIAN_POINT('',(-0.315486328125,0.1264255859375,-2.00000000000005E-6));
#8380=CARTESIAN_POINT('',(-0.315486328125,0.1271892578125,-2.00000000000005E-6));
#8381=CARTESIAN_POINT('',(-0.314986328125,0.1271892578125,-2.00000000000005E-6));
#8382=CARTESIAN_POINT('',(-0.314486328125,0.1271892578125,-2.00000000000005E-6));
#8383=CARTESIAN_POINT('',(-0.314486328125,0.1257,-2.00000000000005E-6));
#8384=CARTESIAN_POINT('',(-0.3127216796875,0.1306794921875,-8.470329472543E-22));
#8385=CARTESIAN_POINT('',(-0.3127216796875,0.1306794921875,0.0015));
#8386=CARTESIAN_POINT('',(-0.3121806640625,0.130516731770833,-8.470329472543E-22));
#8387=CARTESIAN_POINT('',(-0.3121806640625,0.130516731770833,0.0015));
#8388=CARTESIAN_POINT('',(-0.311721028645833,0.130293098958333,-8.470329472543E-22));
#8389=CARTESIAN_POINT('',(-0.311721028645833,0.130293098958333,0.0015));
#8390=CARTESIAN_POINT('',(-0.3113427734375,0.13000859375,-8.470329472543E-22));
#8391=CARTESIAN_POINT('',(-0.3113427734375,0.13000859375,0.0015));
#8392=CARTESIAN_POINT('',(-0.3113427734375,0.13000859375,-2.00000000000005E-6));
#8393=CARTESIAN_POINT('',(-0.3127216796875,0.1306794921875,-2.00000000000005E-6));
#8394=CARTESIAN_POINT('',(-0.313258112115881,0.127423738231661,-2.00000000000005E-6));
#8395=CARTESIAN_POINT('',(-0.3104453125,0.128983203125,-2.00000000000005E-6));
#8396=CARTESIAN_POINT('',(-0.314583984375,0.1309236328125,-8.470329472543E-22));
#8397=CARTESIAN_POINT('',(-0.314583984375,0.1309236328125,0.0015));
#8398=CARTESIAN_POINT('',(-0.313883463541667,0.1309236328125,-8.470329472543E-22));
#8399=CARTESIAN_POINT('',(-0.313883463541667,0.1309236328125,0.0015));
#8400=CARTESIAN_POINT('',(-0.3132626953125,0.130842252604167,-8.470329472543E-22));
#8401=CARTESIAN_POINT('',(-0.3132626953125,0.130842252604167,0.0015));
#8402=CARTESIAN_POINT('',(-0.3127216796875,0.1306794921875,-8.470329472543E-22));
#8403=CARTESIAN_POINT('',(-0.3127216796875,0.1306794921875,0.0015));
#8404=CARTESIAN_POINT('',(-0.314583984375,0.1309236328125,-2.00000000000005E-6));
#8405=CARTESIAN_POINT('',(-0.313536812378569,0.127282220392856,-2.00000000000005E-6));
#8406=CARTESIAN_POINT('',(-0.31003163014006,0.1276892578125,-1.6940658945086E-21));
#8407=CARTESIAN_POINT('',(-0.3106416015625,0.1276892578125,-2.00000000000005E-6));
#8408=CARTESIAN_POINT('',(-0.311251837320966,0.1276892578125,-8.470329472543E-22));
#8409=CARTESIAN_POINT('',(-0.313169780979443,0.127174070912438,-2.00000000000005E-6));
#8410=CARTESIAN_POINT('',(-0.3115810546875,0.128366015625,-2.00000000000005E-6));
#8411=CARTESIAN_POINT('',(-0.3115810546875,0.128366015625,-1.6940658945086E-21));
#8412=CARTESIAN_POINT('',(-0.3115810546875,0.128366015625,0.0015));
#8413=CARTESIAN_POINT('',(-0.3117353515625,0.128573697916667,-1.6940658945086E-21));
#8414=CARTESIAN_POINT('',(-0.3117353515625,0.128573697916667,0.0015));
#8415=CARTESIAN_POINT('',(-0.311948893229167,0.128756966145833,-1.6940658945086E-21));
#8416=CARTESIAN_POINT('',(-0.311948893229167,0.128756966145833,0.0015));
#8417=CARTESIAN_POINT('',(-0.3122216796875,0.1289158203125,-1.6940658945086E-21));
#8418=CARTESIAN_POINT('',(-0.3122216796875,0.1289158203125,0.0015));
#8419=CARTESIAN_POINT('',(-0.3122216796875,0.1289158203125,-2.00000000000005E-6));
#8420=CARTESIAN_POINT('',(-0.3122216796875,0.1289158203125,-1.6940658945086E-21));
#8421=CARTESIAN_POINT('',(-0.3122216796875,0.1289158203125,0.0015));
#8422=CARTESIAN_POINT('',(-0.312494466145833,0.129074674479167,-1.6940658945086E-21));
#8423=CARTESIAN_POINT('',(-0.312494466145833,0.129074674479167,0.0015));
#8424=CARTESIAN_POINT('',(-0.31282421875,0.129198697916667,-1.6940658945086E-21));
#8425=CARTESIAN_POINT('',(-0.31282421875,0.129198697916667,0.0015));
#8426=CARTESIAN_POINT('',(-0.3132109375,0.129287890625,-1.6940658945086E-21));
#8427=CARTESIAN_POINT('',(-0.3132109375,0.129287890625,0.0015));
#8428=CARTESIAN_POINT('',(-0.3132109375,0.129287890625,-2.00000000000005E-6));
#8429=CARTESIAN_POINT('',(-0.3132109375,0.129287890625,-1.6940658945086E-21));
#8430=CARTESIAN_POINT('',(-0.3132109375,0.129287890625,0.0015));
#8431=CARTESIAN_POINT('',(-0.31359765625,0.129377083333333,-1.6940658945086E-21));
#8432=CARTESIAN_POINT('',(-0.31359765625,0.129377083333333,0.0015));
#8433=CARTESIAN_POINT('',(-0.314055338541667,0.129426236979167,-1.6940658945086E-21));
#8434=CARTESIAN_POINT('',(-0.314055338541667,0.129426236979167,0.0015));
#8435=CARTESIAN_POINT('',(-0.314583984375,0.1294353515625,-1.6940658945086E-21));
#8436=CARTESIAN_POINT('',(-0.314583984375,0.1294353515625,0.0015));
#8437=CARTESIAN_POINT('',(-0.314583984375,0.1294353515625,-2.00000000000005E-6));
#8438=CARTESIAN_POINT('',(-0.314583984375,0.1294353515625,-1.6940658945086E-21));
#8439=CARTESIAN_POINT('',(-0.314583984375,0.1294353515625,0.0015));
#8440=CARTESIAN_POINT('',(-0.315112630208333,0.129426236979167,-1.6940658945086E-21));
#8441=CARTESIAN_POINT('',(-0.315112630208333,0.129426236979167,0.0015));
#8442=CARTESIAN_POINT('',(-0.315576497395833,0.129377083333333,-1.6940658945086E-21));
#8443=CARTESIAN_POINT('',(-0.315576497395833,0.129377083333333,0.0015));
#8444=CARTESIAN_POINT('',(-0.3159755859375,0.129287890625,-1.6940658945086E-21));
#8445=CARTESIAN_POINT('',(-0.3159755859375,0.129287890625,0.0015));
#8446=CARTESIAN_POINT('',(-0.3159755859375,0.129287890625,-2.00000000000005E-6));
#8447=CARTESIAN_POINT('',(-0.3159755859375,0.129287890625,-1.6940658945086E-21));
#8448=CARTESIAN_POINT('',(-0.3159755859375,0.129287890625,0.0015));
#8449=CARTESIAN_POINT('',(-0.316374674479167,0.129198697916667,-1.6940658945086E-21));
#8450=CARTESIAN_POINT('',(-0.316374674479167,0.129198697916667,0.0015));
#8451=CARTESIAN_POINT('',(-0.316718424479167,0.129074674479167,-1.6940658945086E-21));
#8452=CARTESIAN_POINT('',(-0.316718424479167,0.129074674479167,0.0015));
#8453=CARTESIAN_POINT('',(-0.3170068359375,0.1289158203125,-1.6940658945086E-21));
#8454=CARTESIAN_POINT('',(-0.3170068359375,0.1289158203125,0.0015));
#8455=CARTESIAN_POINT('',(-0.3170068359375,0.1289158203125,-2.00000000000005E-6));
#8456=CARTESIAN_POINT('',(-0.3170068359375,0.1289158203125,-8.470329472543E-22));
#8457=CARTESIAN_POINT('',(-0.3170068359375,0.1289158203125,0.0015));
#8458=CARTESIAN_POINT('',(-0.317295247395833,0.128756966145833,-8.470329472543E-22));
#8459=CARTESIAN_POINT('',(-0.317295247395833,0.128756966145833,0.0015));
#8460=CARTESIAN_POINT('',(-0.317525065104167,0.128573697916667,-8.470329472543E-22));
#8461=CARTESIAN_POINT('',(-0.317525065104167,0.128573697916667,0.0015));
#8462=CARTESIAN_POINT('',(-0.3176962890625,0.128366015625,-8.470329472543E-22));
#8463=CARTESIAN_POINT('',(-0.3176962890625,0.128366015625,0.0015));
#8464=CARTESIAN_POINT('',(-0.3176962890625,0.128366015625,-2.00000000000005E-6));
#8465=CARTESIAN_POINT('',(-0.316335725800344,0.127219602179258,-2.00000000000005E-6));
#8466=CARTESIAN_POINT('',(-0.318051202471405,0.1276892578125,-1.6940658945086E-21));
#8467=CARTESIAN_POINT('',(-0.3186064453125,0.1276892578125,-2.00000000000005E-6));
#8468=CARTESIAN_POINT('',(-0.319161765349753,0.1276892578125,-8.470329472543E-22));
#8469=CARTESIAN_POINT('',(-0.315694682194168,0.127275777912271,-2.00000000000005E-6));
#8470=CARTESIAN_POINT('',(-0.318740234375,0.128983203125,-2.00000000000005E-6));
#8471=CARTESIAN_POINT('',(-0.315906392663476,0.127383028362703,-2.00000000000005E-6));
#8472=CARTESIAN_POINT('',(-0.3178310546875,0.13000859375,-2.00000000000005E-6));
#8473=CARTESIAN_POINT('',(-0.3178310546875,0.13000859375,-1.6940658945086E-21));
#8474=CARTESIAN_POINT('',(-0.3178310546875,0.13000859375,0.0015));
#8475=CARTESIAN_POINT('',(-0.317448893229167,0.130293098958333,-1.6940658945086E-21));
#8476=CARTESIAN_POINT('',(-0.317448893229167,0.130293098958333,0.0015));
#8477=CARTESIAN_POINT('',(-0.316986979166667,0.130516731770833,-1.6940658945086E-21));
#8478=CARTESIAN_POINT('',(-0.316986979166667,0.130516731770833,0.0015));
#8479=CARTESIAN_POINT('',(-0.3164453125,0.1306794921875,-1.6940658945086E-21));
#8480=CARTESIAN_POINT('',(-0.3164453125,0.1306794921875,0.0015));
#8481=CARTESIAN_POINT('',(-0.3164453125,0.1306794921875,-2.00000000000005E-6));
#8482=CARTESIAN_POINT('',(-0.3164453125,0.1306794921875,-1.6940658945086E-21));
#8483=CARTESIAN_POINT('',(-0.3164453125,0.1306794921875,0.0015));
#8484=CARTESIAN_POINT('',(-0.315903645833333,0.130842252604167,-1.6940658945086E-21));
#8485=CARTESIAN_POINT('',(-0.315903645833333,0.130842252604167,0.0015));
#8486=CARTESIAN_POINT('',(-0.315283203125,0.1309236328125,-1.6940658945086E-21));
#8487=CARTESIAN_POINT('',(-0.315283203125,0.1309236328125,0.0015));
#8488=CARTESIAN_POINT('',(-0.314583984375,0.1309236328125,-1.6940658945086E-21));
#8489=CARTESIAN_POINT('',(-0.314583984375,0.1309236328125,0.0015));
#8490=CARTESIAN_POINT('',(-0.313184325974807,0.127139578876129,-2.00000000000005E-6));
#8491=CARTESIAN_POINT('',(-0.311189453125,0.1271404296875,-2.00000000000005E-6));
#8492=CARTESIAN_POINT('',(-0.3113486328125,0.126358203125,-2.00000000000005E-6));
#8493=CARTESIAN_POINT('',(-0.311189453125,0.12716484375,-2.00000000000005E-6));
#8494=CARTESIAN_POINT('',(-0.311189453125,0.1271892578125,-2.00000000000005E-6));
#8495=CARTESIAN_POINT('',(-0.311861328125,0.1256873046875,-8.470329472543E-22));
#8496=CARTESIAN_POINT('',(-0.311861328125,0.1256873046875,0.0015));
#8497=CARTESIAN_POINT('',(-0.311625651041667,0.1258826171875,-8.470329472543E-22));
#8498=CARTESIAN_POINT('',(-0.311625651041667,0.1258826171875,0.0015));
#8499=CARTESIAN_POINT('',(-0.311454752604167,0.12610625,-8.470329472543E-22));
#8500=CARTESIAN_POINT('',(-0.311454752604167,0.12610625,0.0015));
#8501=CARTESIAN_POINT('',(-0.3113486328125,0.126358203125,-8.470329472543E-22));
#8502=CARTESIAN_POINT('',(-0.3113486328125,0.126358203125,0.0015));
#8503=CARTESIAN_POINT('',(-0.311861328125,0.1256873046875,-2.00000000000005E-6));
#8504=CARTESIAN_POINT('',(-0.3105859375,0.1271892578125,-2.00000000000005E-6));
#8505=CARTESIAN_POINT('',(-0.309982421875,0.1271892578125,-2.00000000000005E-6));
#8506=CARTESIAN_POINT('',(-0.309982421875,0.127182421875,-2.00000000000005E-6));
#8507=CARTESIAN_POINT('',(-0.309982421875,0.1271755859375,-2.00000000000005E-6));
#8508=CARTESIAN_POINT('',(-0.313759512895494,0.127140091193157,-2.00000000000005E-6));
#8509=CARTESIAN_POINT('',(-0.3102265625,0.1258083984375,-2.00000000000005E-6));
#8510=CARTESIAN_POINT('',(-0.313315487961699,0.127000295290904,-2.00000000000005E-6));
#8511=CARTESIAN_POINT('',(-0.31095928310034,0.124673968393563,-1.6940658945086E-21));
#8512=CARTESIAN_POINT('',(-0.31141015625,0.12518046875,-2.00000000000005E-6));
#8513=CARTESIAN_POINT('',(-0.3174951171875,0.118416796875,-2.00000000000005E-6));
#8514=CARTESIAN_POINT('',(-0.315865202886359,0.119265446082724,-8.470329472543E-22));
#8515=CARTESIAN_POINT('',(-0.319125,0.1175681640625,-2.00000000000005E-6));
#8516=CARTESIAN_POINT('',(-0.316440057877542,0.119262167043383,-2.00000000000005E-6));
#8517=CARTESIAN_POINT('',(-0.31587109375,0.11934453125,-2.00000000000005E-6));
#8518=CARTESIAN_POINT('',(-0.319125,0.1167927734375,-2.00000000000005E-6));
#8519=CARTESIAN_POINT('',(-0.319125,0.1160173828125,-2.00000000000005E-6));
#8520=CARTESIAN_POINT('',(-0.314810440837909,0.11945345545557,-2.00000000000005E-6));
#8521=CARTESIAN_POINT('',(-0.315876953125,0.1194724609375,-2.00000000000005E-6));
#8522=CARTESIAN_POINT('',(-0.315876953125,0.119914111328125,-2.00000000000005E-6));
#8523=CARTESIAN_POINT('',(-0.315876953125,0.1201560546875,-2.00000000000005E-6));
#8524=CARTESIAN_POINT('',(-0.31533984375,0.1201560546875,-2.00000000000005E-6));
#8525=CARTESIAN_POINT('',(-0.314802734375,0.1201560546875,-2.00000000000005E-6));
#8526=CARTESIAN_POINT('',(-0.314802734375,0.119741015625,-2.00000000000005E-6));
#8527=CARTESIAN_POINT('',(-0.314802734375,0.1193259765625,-2.00000000000005E-6));
#8528=CARTESIAN_POINT('',(-0.313138135553305,0.119333585983645,-2.00000000000005E-6));
#8529=CARTESIAN_POINT('',(-0.3147119140625,0.11878984375,-2.00000000000005E-6));
#8530=CARTESIAN_POINT('',(-0.313463158076985,0.119220441066702,-2.00000000000005E-6));
#8531=CARTESIAN_POINT('',(-0.3144130859375,0.1183015625,-2.00000000000005E-6));
#8532=CARTESIAN_POINT('',(-0.3144130859375,0.1183015625,-1.6940658945086E-21));
#8533=CARTESIAN_POINT('',(-0.3144130859375,0.1183015625,0.0015));
#8534=CARTESIAN_POINT('',(-0.3142744140625,0.118155078125,-1.6940658945086E-21));
#8535=CARTESIAN_POINT('',(-0.3142744140625,0.118155078125,0.0015));
#8536=CARTESIAN_POINT('',(-0.3140810546875,0.1180369140625,-1.6940658945086E-21));
#8537=CARTESIAN_POINT('',(-0.3140810546875,0.1180369140625,0.0015));
#8538=CARTESIAN_POINT('',(-0.3138330078125,0.1179470703125,-1.6940658945086E-21));
#8539=CARTESIAN_POINT('',(-0.3138330078125,0.1179470703125,0.0015));
#8540=CARTESIAN_POINT('',(-0.3138330078125,0.1179470703125,-2.00000000000005E-6));
#8541=CARTESIAN_POINT('',(-0.3138330078125,0.1179470703125,-8.470329472543E-22));
#8542=CARTESIAN_POINT('',(-0.3138330078125,0.1179470703125,0.0015));
#8543=CARTESIAN_POINT('',(-0.3135849609375,0.1178572265625,-8.470329472543E-22));
#8544=CARTESIAN_POINT('',(-0.3135849609375,0.1178572265625,0.0015));
#8545=CARTESIAN_POINT('',(-0.313277994791667,0.1178123046875,-8.470329472543E-22));
#8546=CARTESIAN_POINT('',(-0.313277994791667,0.1178123046875,0.0015));
#8547=CARTESIAN_POINT('',(-0.312912109375,0.1178123046875,-8.470329472543E-22));
#8548=CARTESIAN_POINT('',(-0.312912109375,0.1178123046875,0.0015));
#8549=CARTESIAN_POINT('',(-0.312912109375,0.1178123046875,-2.00000000000005E-6));
#8550=CARTESIAN_POINT('',(-0.312961045038427,0.12029091178327,-2.00000000000005E-6));
#8551=CARTESIAN_POINT('',(-0.312404296875,0.117873828125,-2.00000000000005E-6));
#8552=CARTESIAN_POINT('',(-0.312723521183572,0.119296011594873,-2.00000000000005E-6));
#8553=CARTESIAN_POINT('',(-0.31185546875,0.118123828125,-2.00000000000005E-6));
#8554=CARTESIAN_POINT('',(-0.31185546875,0.118123828125,-1.6940658945086E-21));
#8555=CARTESIAN_POINT('',(-0.31185546875,0.118123828125,0.0015));
#8556=CARTESIAN_POINT('',(-0.311680989583333,0.118249479166667,-1.6940658945086E-21));
#8557=CARTESIAN_POINT('',(-0.311680989583333,0.118249479166667,0.0015));
#8558=CARTESIAN_POINT('',(-0.311534505208333,0.118426236979167,-1.6940658945086E-21));
#8559=CARTESIAN_POINT('',(-0.311534505208333,0.118426236979167,0.0015));
#8560=CARTESIAN_POINT('',(-0.311416015625,0.1186541015625,-1.6940658945086E-21));
#8561=CARTESIAN_POINT('',(-0.311416015625,0.1186541015625,0.0015));
#8562=CARTESIAN_POINT('',(-0.311416015625,0.1186541015625,-2.00000000000005E-6));
#8563=CARTESIAN_POINT('',(-0.311416015625,0.1186541015625,-1.6940658945086E-21));
#8564=CARTESIAN_POINT('',(-0.311416015625,0.1186541015625,0.0015));
#8565=CARTESIAN_POINT('',(-0.311297526041667,0.118881966145833,-1.6940658945086E-21));
#8566=CARTESIAN_POINT('',(-0.311297526041667,0.118881966145833,0.0015));
#8567=CARTESIAN_POINT('',(-0.31123828125,0.1191833984375,-1.6940658945086E-21));
#8568=CARTESIAN_POINT('',(-0.31123828125,0.1191833984375,0.0015));
#8569=CARTESIAN_POINT('',(-0.31123828125,0.1195583984375,-1.6940658945086E-21));
#8570=CARTESIAN_POINT('',(-0.31123828125,0.1195583984375,0.0015));
#8571=CARTESIAN_POINT('',(-0.31123828125,0.1195583984375,-2.00000000000005E-6));
#8572=CARTESIAN_POINT('',(-0.31123828125,0.1198572265625,-2.00000000000005E-6));
#8573=CARTESIAN_POINT('',(-0.31123828125,0.1201560546875,-2.00000000000005E-6));
#8574=CARTESIAN_POINT('',(-0.31068359375,0.1201560546875,-2.00000000000005E-6));
#8575=CARTESIAN_POINT('',(-0.31012890625,0.1201560546875,-2.00000000000005E-6));
#8576=CARTESIAN_POINT('',(-0.31012890625,0.11984453125,-2.00000000000005E-6));
#8577=CARTESIAN_POINT('',(-0.31012890625,0.1195330078125,-2.00000000000005E-6));
#8578=CARTESIAN_POINT('',(-0.313773335831004,0.119539990295261,-2.00000000000005E-6));
#8579=CARTESIAN_POINT('',(-0.310311723553594,0.118399540916415,-1.6940658945086E-21));
#8580=CARTESIAN_POINT('',(-0.31323422147868,0.11933620508926,-2.00000000000005E-6));
#8581=CARTESIAN_POINT('',(-0.3108603515625,0.11739140625,-2.00000000000005E-6));
#8582=CARTESIAN_POINT('',(-0.313074922683905,0.119207952108351,-2.00000000000005E-6));
#8583=CARTESIAN_POINT('',(-0.3117451171875,0.116670703125,-2.00000000000005E-6));
#8584=CARTESIAN_POINT('',(-0.3117451171875,0.116670703125,-1.6940658945086E-21));
#8585=CARTESIAN_POINT('',(-0.3117451171875,0.116670703125,0.0015));
#8586=CARTESIAN_POINT('',(-0.3120908203125,0.116487760416667,-1.6940658945086E-21));
#8587=CARTESIAN_POINT('',(-0.3120908203125,0.116487760416667,0.0015));
#8588=CARTESIAN_POINT('',(-0.312479817708333,0.1163962890625,-1.6940658945086E-21));
#8589=CARTESIAN_POINT('',(-0.312479817708333,0.1163962890625,0.0015));
#8590=CARTESIAN_POINT('',(-0.312912109375,0.1163962890625,-1.6940658945086E-21));
#8591=CARTESIAN_POINT('',(-0.312912109375,0.1163962890625,0.0015));
#8592=CARTESIAN_POINT('',(-0.312912109375,0.1163962890625,-2.00000000000005E-6));
#8593=CARTESIAN_POINT('',(-0.312912109375,0.1163962890625,-8.470329472543E-22));
#8594=CARTESIAN_POINT('',(-0.312912109375,0.1163962890625,0.0015));
#8595=CARTESIAN_POINT('',(-0.313563151041667,0.1163962890625,-8.470329472543E-22));
#8596=CARTESIAN_POINT('',(-0.313563151041667,0.1163962890625,0.0015));
#8597=CARTESIAN_POINT('',(-0.314116536458333,0.116547005208333,-8.470329472543E-22));
#8598=CARTESIAN_POINT('',(-0.314116536458333,0.116547005208333,0.0015));
#8599=CARTESIAN_POINT('',(-0.314572265625,0.1168484375,-8.470329472543E-22));
#8600=CARTESIAN_POINT('',(-0.314572265625,0.1168484375,0.0015));
#8601=CARTESIAN_POINT('',(-0.314572265625,0.1168484375,-2.00000000000005E-6));
#8602=CARTESIAN_POINT('',(-0.31309087868143,0.11910490427083,-2.00000000000005E-6));
#8603=CARTESIAN_POINT('',(-0.315583272030369,0.118068576617306,-1.6940658945086E-21));
#8604=CARTESIAN_POINT('',(-0.3173544921875,0.1170427734375,-2.00000000000005E-6));
#8605=CARTESIAN_POINT('',(-0.314626953125,0.1140154296875,-2.00000000000005E-6));
#8606=CARTESIAN_POINT('',(-0.31012890625,0.1140154296875,-2.00000000000005E-6));
#8607=CARTESIAN_POINT('',(-0.319125,0.1140154296875,-2.00000000000005E-6));
#8608=CARTESIAN_POINT('',(-0.31012890625,0.1132712890625,-2.00000000000005E-6));
#8609=CARTESIAN_POINT('',(-0.31012890625,0.1125271484375,-2.00000000000005E-6));
#8610=CARTESIAN_POINT('',(-0.319125,0.1132712890625,-2.00000000000005E-6));
#8611=CARTESIAN_POINT('',(-0.319125,0.1125271484375,-2.00000000000005E-6));
#8612=CARTESIAN_POINT('',(-0.314626953125,0.1125271484375,-2.00000000000005E-6));
#8613=CARTESIAN_POINT('',(-0.314626953125,0.1087673828125,-2.00000000000005E-6));
#8614=CARTESIAN_POINT('',(-0.319125,0.1087673828125,-2.00000000000005E-6));
#8615=CARTESIAN_POINT('',(-0.31012890625,0.1087673828125,-2.00000000000005E-6));
#8616=CARTESIAN_POINT('',(-0.319125,0.1094998046875,-2.00000000000005E-6));
#8617=CARTESIAN_POINT('',(-0.319125,0.1102322265625,-2.00000000000005E-6));
#8618=CARTESIAN_POINT('',(-0.31012890625,0.1094998046875,-2.00000000000005E-6));
#8619=CARTESIAN_POINT('',(-0.31012890625,0.1102322265625,-2.00000000000005E-6));
#8620=CARTESIAN_POINT('',(-0.314626953125,0.1102322265625,-2.00000000000005E-6));
#8621=CARTESIAN_POINT('',(-0.31048828125,0.105526171875,-8.470329472543E-22));
#8622=CARTESIAN_POINT('',(-0.31048828125,0.105526171875,0.0015));
#8623=CARTESIAN_POINT('',(-0.310727864583333,0.104952604166667,-8.470329472543E-22));
#8624=CARTESIAN_POINT('',(-0.310727864583333,0.104952604166667,0.0015));
#8625=CARTESIAN_POINT('',(-0.311047200520833,0.104476692708333,-8.470329472543E-22));
#8626=CARTESIAN_POINT('',(-0.311047200520833,0.104476692708333,0.0015));
#8627=CARTESIAN_POINT('',(-0.3114462890625,0.1040984375,-8.470329472543E-22));
#8628=CARTESIAN_POINT('',(-0.3114462890625,0.1040984375,0.0015));
#8629=CARTESIAN_POINT('',(-0.3114462890625,0.1040984375,-2.00000000000005E-6));
#8630=CARTESIAN_POINT('',(-0.31048828125,0.105526171875,-2.00000000000005E-6));
#8631=CARTESIAN_POINT('',(-0.314169871436996,0.106949307860246,-2.00000000000005E-6));
#8632=CARTESIAN_POINT('',(-0.3128076171875,0.1032498046875,-2.00000000000005E-6));
#8633=CARTESIAN_POINT('',(-0.31012890625,0.1075212890625,-8.470329472543E-22));
#8634=CARTESIAN_POINT('',(-0.31012890625,0.1075212890625,0.0015));
#8635=CARTESIAN_POINT('',(-0.31012890625,0.106764778645833,-8.470329472543E-22));
#8636=CARTESIAN_POINT('',(-0.31012890625,0.106764778645833,0.0015));
#8637=CARTESIAN_POINT('',(-0.310248697916667,0.106099739583333,-8.470329472543E-22));
#8638=CARTESIAN_POINT('',(-0.310248697916667,0.106099739583333,0.0015));
#8639=CARTESIAN_POINT('',(-0.31048828125,0.105526171875,-8.470329472543E-22));
#8640=CARTESIAN_POINT('',(-0.31048828125,0.105526171875,0.0015));
#8641=CARTESIAN_POINT('',(-0.31012890625,0.1075212890625,-2.00000000000005E-6));
#8642=CARTESIAN_POINT('',(-0.314373975764166,0.107467849603476,-2.00000000000005E-6));
#8643=CARTESIAN_POINT('',(-0.314376953125,0.1029685546875,-2.00000000000005E-6));
#8644=CARTESIAN_POINT('',(-0.314376953125,0.1029685546875,-1.6940658945086E-21));
#8645=CARTESIAN_POINT('',(-0.314376953125,0.1029685546875,0.0015));
#8646=CARTESIAN_POINT('',(-0.315116536458333,0.1029685546875,-1.6940658945086E-21));
#8647=CARTESIAN_POINT('',(-0.315116536458333,0.1029685546875,0.0015));
#8648=CARTESIAN_POINT('',(-0.3157490234375,0.103047981770833,-1.6940658945086E-21));
#8649=CARTESIAN_POINT('',(-0.3157490234375,0.103047981770833,0.0015));
#8650=CARTESIAN_POINT('',(-0.3162744140625,0.1032068359375,-1.6940658945086E-21));
#8651=CARTESIAN_POINT('',(-0.3162744140625,0.1032068359375,0.0015));
#8652=CARTESIAN_POINT('',(-0.3162744140625,0.1032068359375,-2.00000000000005E-6));
#8653=CARTESIAN_POINT('',(-0.3162744140625,0.1032068359375,-1.6940658945086E-21));
#8654=CARTESIAN_POINT('',(-0.3162744140625,0.1032068359375,0.0015));
#8655=CARTESIAN_POINT('',(-0.3167998046875,0.103365690104167,-1.6940658945086E-21));
#8656=CARTESIAN_POINT('',(-0.3167998046875,0.103365690104167,0.0015));
#8657=CARTESIAN_POINT('',(-0.3172392578125,0.1035671875,-1.6940658945086E-21));
#8658=CARTESIAN_POINT('',(-0.3172392578125,0.1035671875,0.0015));
#8659=CARTESIAN_POINT('',(-0.3175927734375,0.103811328125,-1.6940658945086E-21));
#8660=CARTESIAN_POINT('',(-0.3175927734375,0.103811328125,0.0015));
#8661=CARTESIAN_POINT('',(-0.3175927734375,0.103811328125,-2.00000000000005E-6));
#8662=CARTESIAN_POINT('',(-0.3175927734375,0.103811328125,-1.6940658945086E-21));
#8663=CARTESIAN_POINT('',(-0.3175927734375,0.103811328125,0.0015));
#8664=CARTESIAN_POINT('',(-0.3179462890625,0.10405546875,-1.6940658945086E-21));
#8665=CARTESIAN_POINT('',(-0.3179462890625,0.10405546875,0.0015));
#8666=CARTESIAN_POINT('',(-0.318224934895833,0.104330208333333,-1.6940658945086E-21));
#8667=CARTESIAN_POINT('',(-0.318224934895833,0.104330208333333,0.0015));
#8668=CARTESIAN_POINT('',(-0.3184287109375,0.104635546875,-1.6940658945086E-21));
#8669=CARTESIAN_POINT('',(-0.3184287109375,0.104635546875,0.0015));
#8670=CARTESIAN_POINT('',(-0.3184287109375,0.104635546875,-2.00000000000005E-6));
#8671=CARTESIAN_POINT('',(-0.3184287109375,0.104635546875,-1.6940658945086E-21));
#8672=CARTESIAN_POINT('',(-0.3184287109375,0.104635546875,0.0015));
#8673=CARTESIAN_POINT('',(-0.318632486979167,0.104940885416667,-1.6940658945086E-21));
#8674=CARTESIAN_POINT('',(-0.318632486979167,0.104940885416667,0.0015));
#8675=CARTESIAN_POINT('',(-0.31878515625,0.105235807291667,-1.6940658945086E-21));
#8676=CARTESIAN_POINT('',(-0.31878515625,0.105235807291667,0.0015));
#8677=CARTESIAN_POINT('',(-0.31888671875,0.1055203125,-1.6940658945086E-21));
#8678=CARTESIAN_POINT('',(-0.31888671875,0.1055203125,0.0015));
#8679=CARTESIAN_POINT('',(-0.31888671875,0.1055203125,-2.00000000000005E-6));
#8680=CARTESIAN_POINT('',(-0.31888671875,0.1055203125,-8.470329472543E-22));
#8681=CARTESIAN_POINT('',(-0.31888671875,0.1055203125,0.0015));
#8682=CARTESIAN_POINT('',(-0.31898828125,0.105804817708333,-8.470329472543E-22));
#8683=CARTESIAN_POINT('',(-0.31898828125,0.105804817708333,0.0015));
#8684=CARTESIAN_POINT('',(-0.319053385416667,0.106065234375,-8.470329472543E-22));
#8685=CARTESIAN_POINT('',(-0.319053385416667,0.106065234375,0.0015));
#8686=CARTESIAN_POINT('',(-0.31908203125,0.1063015625,-8.470329472543E-22));
#8687=CARTESIAN_POINT('',(-0.31908203125,0.1063015625,0.0015));
#8688=CARTESIAN_POINT('',(-0.31908203125,0.1063015625,-2.00000000000005E-6));
#8689=CARTESIAN_POINT('',(-0.31401788298088,0.106996658739218,-2.00000000000005E-6));
#8690=CARTESIAN_POINT('',(-0.319125,0.1068259765625,-2.00000000000005E-6));
#8691=CARTESIAN_POINT('',(-0.319125,0.1075466796875,-2.00000000000005E-6));
#8692=CARTESIAN_POINT('',(-0.319125,0.1082673828125,-2.00000000000005E-6));
#8693=CARTESIAN_POINT('',(-0.318587890625,0.1082673828125,-2.00000000000005E-6));
#8694=CARTESIAN_POINT('',(-0.31805078125,0.1082673828125,-2.00000000000005E-6));
#8695=CARTESIAN_POINT('',(-0.31805078125,0.1077908203125,-2.00000000000005E-6));
#8696=CARTESIAN_POINT('',(-0.31805078125,0.1073142578125,-2.00000000000005E-6));
#8697=CARTESIAN_POINT('',(-0.31805078125,0.1073142578125,-1.6940658945086E-21));
#8698=CARTESIAN_POINT('',(-0.31805078125,0.1073142578125,0.0015));
#8699=CARTESIAN_POINT('',(-0.31805078125,0.1063220703125,-1.6940658945086E-21));
#8700=CARTESIAN_POINT('',(-0.31805078125,0.1063220703125,0.0015));
#8701=CARTESIAN_POINT('',(-0.3177333984375,0.10560625,-1.6940658945086E-21));
#8702=CARTESIAN_POINT('',(-0.3177333984375,0.10560625,0.0015));
#8703=CARTESIAN_POINT('',(-0.3170986328125,0.105166796875,-1.6940658945086E-21));
#8704=CARTESIAN_POINT('',(-0.3170986328125,0.105166796875,0.0015));
#8705=CARTESIAN_POINT('',(-0.3170986328125,0.105166796875,-2.00000000000005E-6));
#8706=CARTESIAN_POINT('',(-0.3170986328125,0.105166796875,-8.470329472543E-22));
#8707=CARTESIAN_POINT('',(-0.3170986328125,0.105166796875,0.0015));
#8708=CARTESIAN_POINT('',(-0.3164638671875,0.10472734375,-8.470329472543E-22));
#8709=CARTESIAN_POINT('',(-0.3164638671875,0.10472734375,0.0015));
#8710=CARTESIAN_POINT('',(-0.315544270833333,0.1045076171875,-8.470329472543E-22));
#8711=CARTESIAN_POINT('',(-0.315544270833333,0.1045076171875,0.0015));
#8712=CARTESIAN_POINT('',(-0.31433984375,0.1045076171875,-8.470329472543E-22));
#8713=CARTESIAN_POINT('',(-0.31433984375,0.1045076171875,0.0015));
#8714=CARTESIAN_POINT('',(-0.31433984375,0.1045076171875,-2.00000000000005E-6));
#8715=CARTESIAN_POINT('',(-0.314339120064918,0.109182448268128,-2.00000000000005E-6));
#8716=CARTESIAN_POINT('',(-0.313228515625,0.10464140625,-2.00000000000005E-6));
#8717=CARTESIAN_POINT('',(-0.313791942667676,0.106929350119732,-2.00000000000005E-6));
#8718=CARTESIAN_POINT('',(-0.312234375,0.1051599609375,-2.00000000000005E-6));
#8719=CARTESIAN_POINT('',(-0.312234375,0.1051599609375,-1.6940658945086E-21));
#8720=CARTESIAN_POINT('',(-0.312234375,0.1051599609375,0.0015));
#8721=CARTESIAN_POINT('',(-0.3119375,0.105416471354167,-1.6940658945086E-21));
#8722=CARTESIAN_POINT('',(-0.3119375,0.105416471354167,0.0015));
#8723=CARTESIAN_POINT('',(-0.311697265625,0.105764453125,-1.6940658945086E-21));
#8724=CARTESIAN_POINT('',(-0.311697265625,0.105764453125,0.0015));
#8725=CARTESIAN_POINT('',(-0.311513671875,0.10620390625,-1.6940658945086E-21));
#8726=CARTESIAN_POINT('',(-0.311513671875,0.10620390625,0.0015));
#8727=CARTESIAN_POINT('',(-0.311513671875,0.10620390625,-2.00000000000005E-6));
#8728=CARTESIAN_POINT('',(-0.311513671875,0.10620390625,-1.6940658945086E-21));
#8729=CARTESIAN_POINT('',(-0.311513671875,0.10620390625,0.0015));
#8730=CARTESIAN_POINT('',(-0.311330078125,0.106643359375,-1.6940658945086E-21));
#8731=CARTESIAN_POINT('',(-0.311330078125,0.106643359375,0.0015));
#8732=CARTESIAN_POINT('',(-0.31123828125,0.1072126953125,-1.6940658945086E-21));
#8733=CARTESIAN_POINT('',(-0.31123828125,0.1072126953125,0.0015));
#8734=CARTESIAN_POINT('',(-0.31123828125,0.1079119140625,-1.6940658945086E-21));
#8735=CARTESIAN_POINT('',(-0.31123828125,0.1079119140625,0.0015));
#8736=CARTESIAN_POINT('',(-0.31123828125,0.1079119140625,-2.00000000000005E-6));
#8737=CARTESIAN_POINT('',(-0.31123828125,0.1080896484375,-2.00000000000005E-6));
#8738=CARTESIAN_POINT('',(-0.31123828125,0.1082673828125,-2.00000000000005E-6));
#8739=CARTESIAN_POINT('',(-0.31068359375,0.1082673828125,-2.00000000000005E-6));
#8740=CARTESIAN_POINT('',(-0.31012890625,0.1082673828125,-2.00000000000005E-6));
#8741=CARTESIAN_POINT('',(-0.31012890625,0.1078943359375,-2.00000000000005E-6));
#8742=MECHANICAL_DESIGN_GEOMETRIC_PRESENTATION_REPRESENTATION('',(#5163),
#8743);
#8743=(
GEOMETRIC_REPRESENTATION_CONTEXT(3)
GLOBAL_UNCERTAINTY_ASSIGNED_CONTEXT((#8744))
GLOBAL_UNIT_ASSIGNED_CONTEXT((#8747,#8746,#8745))
REPRESENTATION_CONTEXT('STAR GRID','TOP_LEVEL_ASSEMBLY_PART')
);
#8744=UNCERTAINTY_MEASURE_WITH_UNIT(LENGTH_MEASURE(2.E-5),#8747,
'DISTANCE_ACCURACY_VALUE','Maximum Tolerance applied to model');
#8745=(
NAMED_UNIT(*)
SI_UNIT($,.STERADIAN.)
SOLID_ANGLE_UNIT()
);
#8746=(
NAMED_UNIT(*)
PLANE_ANGLE_UNIT()
SI_UNIT($,.RADIAN.)
);
#8747=(
LENGTH_UNIT()
NAMED_UNIT(*)
SI_UNIT($,.METRE.)
);
#8748=PRODUCT_DEFINITION_SHAPE('','',#8749);
#8749=PRODUCT_DEFINITION('','',#8751,#8750);
#8750=PRODUCT_DEFINITION_CONTEXT('',#8757,'design');
#8751=PRODUCT_DEFINITION_FORMATION_WITH_SPECIFIED_SOURCE('','',#8753,
 .NOT_KNOWN.);
#8752=PRODUCT_RELATED_PRODUCT_CATEGORY('','',(#8753));
#8753=PRODUCT('STAR GRID','STAR GRID','STAR GRID',(#8755));
#8754=PRODUCT_CATEGORY('','');
#8755=PRODUCT_CONTEXT('',#8757,'mechanical');
#8756=APPLICATION_PROTOCOL_DEFINITION('international standard',
'ap242_managed_model_based_3d_engineering',2020,#8757);
#8757=APPLICATION_CONTEXT('managed model based 3d engineering');
ENDSEC;
END-ISO-10303-21;
