ISO-10303-21;
HEADER;
/* Generated by software containing ST-Developer
 * from STEP Tools, Inc. (www.steptools.com) 
 */
/* OPTION: using custom renumber hook */

FILE_DESCRIPTION(
/* description */ ('STEP AP242 Edition 2',
'CAx-IF Rec.Pracs.---Representation and Presentation of Product Manufa
cturing Information (PMI)---4.0---2014-10-13',
'CAx-IF Rec.Pracs.---3D Tessellated Geometry---0.4---2014-09-14','2;1',
'CAx-IF Rec.Pracs.---User Defined Attributes---1.5---2016-08-15'),
/* implementation_level */ '2;1');

FILE_NAME(
/* name */ 'FRAMEKIT - PHI GRID',
/* time_stamp */ '2026-09-20T09:45:12Z',
/* author */ (''),
/* organization */ (''),
/* preprocessor_version */ 'ST-DEVELOPER v20',
/* originating_system */ 'ONSHAPE BY PTC INC, 1.221',
/* authorisation */ '  ');

FILE_SCHEMA (('AP242_MANAGED_MODEL_BASED_3D_ENGINEERING_MIM_LF { 1 0 10303 442 3 1 4 }'));
ENDSEC;

DATA;
#10=SHAPE_REPRESENTATION_RELATIONSHIP('','',#3789,#11);
#11=ADVANCED_BREP_SHAPE_REPRESENTATION('',(#3787),#6365);
#12=CYLINDRICAL_SURFACE('',#3914,0.00235663377234709);
#13=CYLINDRICAL_SURFACE('',#3915,0.00467483598744675);
#14=CYLINDRICAL_SURFACE('',#3919,0.00511091632457821);
#15=CYLINDRICAL_SURFACE('',#3920,0.00449929997061185);
#16=CYLINDRICAL_SURFACE('',#3921,0.00394241193645143);
#17=CYLINDRICAL_SURFACE('',#3932,0.00269925908561627);
#18=CYLINDRICAL_SURFACE('',#3933,0.00286435981735898);
#19=CYLINDRICAL_SURFACE('',#3934,0.00306893041544239);
#20=CYLINDRICAL_SURFACE('',#3935,0.00364463775220858);
#21=CYLINDRICAL_SURFACE('',#3939,0.00145804202019061);
#22=CYLINDRICAL_SURFACE('',#3940,0.00247976347411105);
#23=CYLINDRICAL_SURFACE('',#3941,0.00132121371380485);
#24=CYLINDRICAL_SURFACE('',#3942,0.00166481773388428);
#25=CYLINDRICAL_SURFACE('',#3946,0.00106648674402428);
#26=CYLINDRICAL_SURFACE('',#3947,0.000574864343118368);
#27=CYLINDRICAL_SURFACE('',#3950,0.00331111736155275);
#28=CYLINDRICAL_SURFACE('',#3951,0.00377635129047311);
#29=CYLINDRICAL_SURFACE('',#3955,0.00199490719818466);
#30=CYLINDRICAL_SURFACE('',#3956,0.00325480118653428);
#31=CYLINDRICAL_SURFACE('',#3957,0.00349165164866539);
#32=CYLINDRICAL_SURFACE('',#3959,0.00177860524647312);
#33=CYLINDRICAL_SURFACE('',#3960,0.00198593187674875);
#34=CYLINDRICAL_SURFACE('',#3962,0.00352873659914397);
#35=CYLINDRICAL_SURFACE('',#3963,0.0032165268314114);
#36=CYLINDRICAL_SURFACE('',#3969,0.00270991769050827);
#37=CYLINDRICAL_SURFACE('',#3970,0.00455473402270164);
#38=CYLINDRICAL_SURFACE('',#3971,0.00435143688783862);
#39=CYLINDRICAL_SURFACE('',#3974,0.00553780081184113);
#40=CYLINDRICAL_SURFACE('',#3975,0.00376012452748398);
#41=CYLINDRICAL_SURFACE('',#3976,0.00387921440427204);
#42=CYLINDRICAL_SURFACE('',#3977,0.00262160014565055);
#43=CYLINDRICAL_SURFACE('',#3982,0.00365053652647123);
#44=CYLINDRICAL_SURFACE('',#3986,0.00143821547500117);
#45=CYLINDRICAL_SURFACE('',#3987,0.00251779553465972);
#46=CYLINDRICAL_SURFACE('',#3988,0.00133187945797932);
#47=CYLINDRICAL_SURFACE('',#3989,0.00161815336315172);
#48=CYLINDRICAL_SURFACE('',#3993,0.00259868593468639);
#49=CYLINDRICAL_SURFACE('',#3994,0.00287067917437359);
#50=CYLINDRICAL_SURFACE('',#3995,0.0030578200595711);
#51=B_SPLINE_SURFACE_WITH_KNOTS('',3,1,((#5821,#5822),(#5823,#5824),(#5825,
#5826),(#5827,#5828)),.SURF_OF_LINEAR_EXTRUSION.,.F.,.F.,.F.,(4,4),(2,2),
(0.,1.),(0.,1.),.PIECEWISE_BEZIER_KNOTS.);
#52=B_SPLINE_SURFACE_WITH_KNOTS('',3,1,((#5837,#5838),(#5839,#5840),(#5841,
#5842),(#5843,#5844)),.SURF_OF_LINEAR_EXTRUSION.,.F.,.F.,.F.,(4,4),(2,2),
(0.,1.),(0.,1.),.PIECEWISE_BEZIER_KNOTS.);
#53=B_SPLINE_SURFACE_WITH_KNOTS('',3,1,((#5846,#5847),(#5848,#5849),(#5850,
#5851),(#5852,#5853)),.SURF_OF_LINEAR_EXTRUSION.,.F.,.F.,.F.,(4,4),(2,2),
(0.,1.),(0.,1.),.PIECEWISE_BEZIER_KNOTS.);
#54=B_SPLINE_SURFACE_WITH_KNOTS('',3,1,((#5859,#5860),(#5861,#5862),(#5863,
#5864),(#5865,#5866)),.SURF_OF_LINEAR_EXTRUSION.,.F.,.F.,.F.,(4,4),(2,2),
(0.,1.),(0.,1.),.PIECEWISE_BEZIER_KNOTS.);
#55=B_SPLINE_SURFACE_WITH_KNOTS('',3,1,((#5868,#5869),(#5870,#5871),(#5872,
#5873),(#5874,#5875)),.SURF_OF_LINEAR_EXTRUSION.,.F.,.F.,.F.,(4,4),(2,2),
(0.,1.),(0.,1.),.PIECEWISE_BEZIER_KNOTS.);
#56=B_SPLINE_SURFACE_WITH_KNOTS('',3,1,((#5885,#5886),(#5887,#5888),(#5889,
#5890),(#5891,#5892)),.SURF_OF_LINEAR_EXTRUSION.,.F.,.F.,.F.,(4,4),(2,2),
(0.,1.),(0.,1.),.PIECEWISE_BEZIER_KNOTS.);
#57=B_SPLINE_SURFACE_WITH_KNOTS('',3,1,((#5894,#5895),(#5896,#5897),(#5898,
#5899),(#5900,#5901)),.SURF_OF_LINEAR_EXTRUSION.,.F.,.F.,.F.,(4,4),(2,2),
(0.,1.),(0.,1.),.PIECEWISE_BEZIER_KNOTS.);
#58=B_SPLINE_SURFACE_WITH_KNOTS('',3,1,((#5903,#5904),(#5905,#5906),(#5907,
#5908),(#5909,#5910)),.SURF_OF_LINEAR_EXTRUSION.,.F.,.F.,.F.,(4,4),(2,2),
(0.,1.),(0.,1.),.PIECEWISE_BEZIER_KNOTS.);
#59=B_SPLINE_SURFACE_WITH_KNOTS('',3,1,((#5912,#5913),(#5914,#5915),(#5916,
#5917),(#5918,#5919)),.SURF_OF_LINEAR_EXTRUSION.,.F.,.F.,.F.,(4,4),(2,2),
(0.,1.),(0.,1.),.PIECEWISE_BEZIER_KNOTS.);
#60=B_SPLINE_SURFACE_WITH_KNOTS('',3,1,((#5921,#5922),(#5923,#5924),(#5925,
#5926),(#5927,#5928)),.SURF_OF_LINEAR_EXTRUSION.,.F.,.F.,.F.,(4,4),(2,2),
(0.,1.),(0.,1.),.PIECEWISE_BEZIER_KNOTS.);
#61=B_SPLINE_SURFACE_WITH_KNOTS('',3,1,((#5934,#5935),(#5936,#5937),(#5938,
#5939),(#5940,#5941)),.SURF_OF_LINEAR_EXTRUSION.,.F.,.F.,.F.,(4,4),(2,2),
(0.,1.),(0.,1.),.PIECEWISE_BEZIER_KNOTS.);
#62=B_SPLINE_SURFACE_WITH_KNOTS('',3,1,((#5965,#5966),(#5967,#5968),(#5969,
#5970),(#5971,#5972)),.SURF_OF_LINEAR_EXTRUSION.,.F.,.F.,.F.,(4,4),(2,2),
(0.,1.),(0.,1.),.PIECEWISE_BEZIER_KNOTS.);
#63=B_SPLINE_SURFACE_WITH_KNOTS('',3,1,((#5974,#5975),(#5976,#5977),(#5978,
#5979),(#5980,#5981)),.SURF_OF_LINEAR_EXTRUSION.,.F.,.F.,.F.,(4,4),(2,2),
(0.,1.),(0.,1.),.PIECEWISE_BEZIER_KNOTS.);
#64=B_SPLINE_SURFACE_WITH_KNOTS('',3,1,((#5995,#5996),(#5997,#5998),(#5999,
#6000),(#6001,#6002)),.SURF_OF_LINEAR_EXTRUSION.,.F.,.F.,.F.,(4,4),(2,2),
(0.,1.),(0.,1.),.PIECEWISE_BEZIER_KNOTS.);
#65=B_SPLINE_SURFACE_WITH_KNOTS('',3,1,((#6004,#6005),(#6006,#6007),(#6008,
#6009),(#6010,#6011)),.SURF_OF_LINEAR_EXTRUSION.,.F.,.F.,.F.,(4,4),(2,2),
(0.,1.),(0.,1.),.PIECEWISE_BEZIER_KNOTS.);
#66=B_SPLINE_SURFACE_WITH_KNOTS('',3,1,((#6017,#6018),(#6019,#6020),(#6021,
#6022),(#6023,#6024)),.SURF_OF_LINEAR_EXTRUSION.,.F.,.F.,.F.,(4,4),(2,2),
(0.,1.),(0.,1.),.PIECEWISE_BEZIER_KNOTS.);
#67=B_SPLINE_SURFACE_WITH_KNOTS('',3,1,((#6026,#6027),(#6028,#6029),(#6030,
#6031),(#6032,#6033)),.SURF_OF_LINEAR_EXTRUSION.,.F.,.F.,.F.,(4,4),(2,2),
(0.,1.),(0.,1.),.PIECEWISE_BEZIER_KNOTS.);
#68=B_SPLINE_SURFACE_WITH_KNOTS('',3,1,((#6050,#6051),(#6052,#6053),(#6054,
#6055),(#6056,#6057)),.SURF_OF_LINEAR_EXTRUSION.,.F.,.F.,.F.,(4,4),(2,2),
(0.,1.),(0.,1.),.PIECEWISE_BEZIER_KNOTS.);
#69=B_SPLINE_SURFACE_WITH_KNOTS('',3,1,((#6073,#6074),(#6075,#6076),(#6077,
#6078),(#6079,#6080)),.SURF_OF_LINEAR_EXTRUSION.,.F.,.F.,.F.,(4,4),(2,2),
(0.,1.),(0.,1.),.PIECEWISE_BEZIER_KNOTS.);
#70=B_SPLINE_SURFACE_WITH_KNOTS('',3,1,((#6083,#6084),(#6085,#6086),(#6087,
#6088),(#6089,#6090)),.SURF_OF_LINEAR_EXTRUSION.,.F.,.F.,.F.,(4,4),(2,2),
(0.,1.),(0.,1.),.PIECEWISE_BEZIER_KNOTS.);
#71=B_SPLINE_SURFACE_WITH_KNOTS('',3,1,((#6092,#6093),(#6094,#6095),(#6096,
#6097),(#6098,#6099)),.SURF_OF_LINEAR_EXTRUSION.,.F.,.F.,.F.,(4,4),(2,2),
(0.,1.),(0.,1.),.PIECEWISE_BEZIER_KNOTS.);
#72=B_SPLINE_SURFACE_WITH_KNOTS('',3,1,((#6109,#6110),(#6111,#6112),(#6113,
#6114),(#6115,#6116)),.SURF_OF_LINEAR_EXTRUSION.,.F.,.F.,.F.,(4,4),(2,2),
(0.,1.),(0.,1.),.PIECEWISE_BEZIER_KNOTS.);
#73=B_SPLINE_SURFACE_WITH_KNOTS('',3,1,((#6118,#6119),(#6120,#6121),(#6122,
#6123),(#6124,#6125)),.SURF_OF_LINEAR_EXTRUSION.,.F.,.F.,.F.,(4,4),(2,2),
(0.,1.),(0.,1.),.PIECEWISE_BEZIER_KNOTS.);
#74=B_SPLINE_SURFACE_WITH_KNOTS('',3,1,((#6127,#6128),(#6129,#6130),(#6131,
#6132),(#6133,#6134)),.SURF_OF_LINEAR_EXTRUSION.,.F.,.F.,.F.,(4,4),(2,2),
(0.,1.),(0.,1.),.PIECEWISE_BEZIER_KNOTS.);
#75=B_SPLINE_SURFACE_WITH_KNOTS('',3,1,((#6136,#6137),(#6138,#6139),(#6140,
#6141),(#6142,#6143)),.SURF_OF_LINEAR_EXTRUSION.,.F.,.F.,.F.,(4,4),(2,2),
(0.,1.),(0.,1.),.PIECEWISE_BEZIER_KNOTS.);
#76=B_SPLINE_SURFACE_WITH_KNOTS('',3,1,((#6145,#6146),(#6147,#6148),(#6149,
#6150),(#6151,#6152)),.SURF_OF_LINEAR_EXTRUSION.,.F.,.F.,.F.,(4,4),(2,2),
(0.,1.),(0.,1.),.PIECEWISE_BEZIER_KNOTS.);
#77=B_SPLINE_SURFACE_WITH_KNOTS('',3,1,((#6154,#6155),(#6156,#6157),(#6158,
#6159),(#6160,#6161)),.SURF_OF_LINEAR_EXTRUSION.,.F.,.F.,.F.,(4,4),(2,2),
(0.,1.),(0.,1.),.PIECEWISE_BEZIER_KNOTS.);
#78=B_SPLINE_SURFACE_WITH_KNOTS('',3,1,((#6171,#6172),(#6173,#6174),(#6175,
#6176),(#6177,#6178)),.SURF_OF_LINEAR_EXTRUSION.,.F.,.F.,.F.,(4,4),(2,2),
(0.,1.),(0.,1.),.PIECEWISE_BEZIER_KNOTS.);
#79=B_SPLINE_SURFACE_WITH_KNOTS('',3,1,((#6190,#6191),(#6192,#6193),(#6194,
#6195),(#6196,#6197)),.SURF_OF_LINEAR_EXTRUSION.,.F.,.F.,.F.,(4,4),(2,2),
(0.,1.),(0.,1.),.PIECEWISE_BEZIER_KNOTS.);
#80=B_SPLINE_SURFACE_WITH_KNOTS('',3,1,((#6233,#6234),(#6235,#6236),(#6237,
#6238),(#6239,#6240)),.SURF_OF_LINEAR_EXTRUSION.,.F.,.F.,.F.,(4,4),(2,2),
(0.,1.),(0.,1.),.PIECEWISE_BEZIER_KNOTS.);
#81=B_SPLINE_SURFACE_WITH_KNOTS('',3,1,((#6242,#6243),(#6244,#6245),(#6246,
#6247),(#6248,#6249)),.SURF_OF_LINEAR_EXTRUSION.,.F.,.F.,.F.,(4,4),(2,2),
(0.,1.),(0.,1.),.PIECEWISE_BEZIER_KNOTS.);
#82=B_SPLINE_SURFACE_WITH_KNOTS('',3,1,((#6255,#6256),(#6257,#6258),(#6259,
#6260),(#6261,#6262)),.SURF_OF_LINEAR_EXTRUSION.,.F.,.F.,.F.,(4,4),(2,2),
(0.,1.),(0.,1.),.PIECEWISE_BEZIER_KNOTS.);
#83=B_SPLINE_SURFACE_WITH_KNOTS('',3,1,((#6264,#6265),(#6266,#6267),(#6268,
#6269),(#6270,#6271)),.SURF_OF_LINEAR_EXTRUSION.,.F.,.F.,.F.,(4,4),(2,2),
(0.,1.),(0.,1.),.PIECEWISE_BEZIER_KNOTS.);
#84=B_SPLINE_SURFACE_WITH_KNOTS('',3,1,((#6283,#6284),(#6285,#6286),(#6287,
#6288),(#6289,#6290)),.SURF_OF_LINEAR_EXTRUSION.,.F.,.F.,.F.,(4,4),(2,2),
(0.,1.),(0.,1.),.PIECEWISE_BEZIER_KNOTS.);
#85=B_SPLINE_SURFACE_WITH_KNOTS('',3,1,((#6292,#6293),(#6294,#6295),(#6296,
#6297),(#6298,#6299)),.SURF_OF_LINEAR_EXTRUSION.,.F.,.F.,.F.,(4,4),(2,2),
(0.,1.),(0.,1.),.PIECEWISE_BEZIER_KNOTS.);
#86=B_SPLINE_SURFACE_WITH_KNOTS('',3,1,((#6303,#6304),(#6305,#6306),(#6307,
#6308),(#6309,#6310)),.SURF_OF_LINEAR_EXTRUSION.,.F.,.F.,.F.,(4,4),(2,2),
(0.,1.),(0.,1.),.PIECEWISE_BEZIER_KNOTS.);
#87=B_SPLINE_SURFACE_WITH_KNOTS('',3,1,((#6312,#6313),(#6314,#6315),(#6316,
#6317),(#6318,#6319)),.SURF_OF_LINEAR_EXTRUSION.,.F.,.F.,.F.,(4,4),(2,2),
(0.,1.),(0.,1.),.PIECEWISE_BEZIER_KNOTS.);
#88=CIRCLE('',#3792,0.00394241193645143);
#89=CIRCLE('',#3793,0.00449929997061185);
#90=CIRCLE('',#3794,0.00511091632457821);
#91=CIRCLE('',#3795,0.00467483598744675);
#92=CIRCLE('',#3796,0.00235663377234709);
#93=CIRCLE('',#3797,0.000574864343118368);
#94=CIRCLE('',#3798,0.00106648674402428);
#95=CIRCLE('',#3799,0.00166481773388428);
#96=CIRCLE('',#3800,0.00132121371380485);
#97=CIRCLE('',#3801,0.00247976347411105);
#98=CIRCLE('',#3802,0.00145804202019061);
#99=CIRCLE('',#3803,0.00364463775220858);
#100=CIRCLE('',#3804,0.00306893041544239);
#101=CIRCLE('',#3805,0.00286435981735898);
#102=CIRCLE('',#3806,0.00269925908561627);
#103=CIRCLE('',#3807,0.00199490719818466);
#104=CIRCLE('',#3808,0.00377635129047311);
#105=CIRCLE('',#3809,0.00331111736155275);
#106=CIRCLE('',#3810,0.0032165268314114);
#107=CIRCLE('',#3811,0.00352873659914397);
#108=CIRCLE('',#3812,0.00198593187674875);
#109=CIRCLE('',#3813,0.00177860524647312);
#110=CIRCLE('',#3814,0.00349165164866539);
#111=CIRCLE('',#3815,0.00325480118653428);
#112=CIRCLE('',#3816,0.00262160014565055);
#113=CIRCLE('',#3817,0.00387921440427204);
#114=CIRCLE('',#3818,0.00376012452748398);
#115=CIRCLE('',#3819,0.00553780081184113);
#116=CIRCLE('',#3820,0.00435143688783862);
#117=CIRCLE('',#3821,0.00455473402270164);
#118=CIRCLE('',#3822,0.00270991769050827);
#119=CIRCLE('',#3823,0.00365053652647123);
#120=CIRCLE('',#3824,0.0030578200595711);
#121=CIRCLE('',#3825,0.00287067917437359);
#122=CIRCLE('',#3826,0.00259868593468639);
#123=CIRCLE('',#3827,0.00161815336315172);
#124=CIRCLE('',#3828,0.00133187945797932);
#125=CIRCLE('',#3829,0.00251779553465972);
#126=CIRCLE('',#3830,0.00143821547500117);
#127=CIRCLE('',#3832,0.00325480118653428);
#128=CIRCLE('',#3833,0.00349165164866539);
#129=CIRCLE('',#3834,0.00177860524647312);
#130=CIRCLE('',#3835,0.00198593187674875);
#131=CIRCLE('',#3836,0.00352873659914397);
#132=CIRCLE('',#3837,0.0032165268314114);
#133=CIRCLE('',#3838,0.00269925908561627);
#134=CIRCLE('',#3839,0.00286435981735898);
#135=CIRCLE('',#3840,0.00306893041544239);
#136=CIRCLE('',#3841,0.00364463775220858);
#137=CIRCLE('',#3842,0.00145804202019061);
#138=CIRCLE('',#3843,0.00247976347411105);
#139=CIRCLE('',#3844,0.00132121371380485);
#140=CIRCLE('',#3845,0.00166481773388428);
#141=CIRCLE('',#3846,0.00106648674402428);
#142=CIRCLE('',#3847,0.000574864343118368);
#143=CIRCLE('',#3848,0.00235663377234709);
#144=CIRCLE('',#3849,0.00467483598744675);
#145=CIRCLE('',#3850,0.00511091632457821);
#146=CIRCLE('',#3851,0.00449929997061185);
#147=CIRCLE('',#3852,0.00394241193645143);
#148=CIRCLE('',#3853,0.00331111736155275);
#149=CIRCLE('',#3854,0.00377635129047311);
#150=CIRCLE('',#3855,0.00199490719818466);
#151=CIRCLE('',#3856,0.00270991769050827);
#152=CIRCLE('',#3857,0.00455473402270164);
#153=CIRCLE('',#3858,0.00435143688783862);
#154=CIRCLE('',#3859,0.00553780081184113);
#155=CIRCLE('',#3860,0.00376012452748398);
#156=CIRCLE('',#3861,0.00387921440427204);
#157=CIRCLE('',#3862,0.00262160014565055);
#158=CIRCLE('',#3863,0.00365053652647123);
#159=CIRCLE('',#3864,0.00143821547500117);
#160=CIRCLE('',#3865,0.00251779553465972);
#161=CIRCLE('',#3866,0.00133187945797932);
#162=CIRCLE('',#3867,0.00161815336315172);
#163=CIRCLE('',#3868,0.00259868593468639);
#164=CIRCLE('',#3869,0.00287067917437359);
#165=CIRCLE('',#3870,0.0030578200595711);
#166=B_SPLINE_CURVE_WITH_KNOTS('',2,(#4947,#4948,#4949),.UNSPECIFIED.,.F.,
 .F.,(3,3),(0.,1.),.PIECEWISE_BEZIER_KNOTS.);
#167=B_SPLINE_CURVE_WITH_KNOTS('',2,(#4951,#4952,#4953),.UNSPECIFIED.,.F.,
 .F.,(3,3),(0.,1.),.PIECEWISE_BEZIER_KNOTS.);
#168=B_SPLINE_CURVE_WITH_KNOTS('',2,(#4959,#4960,#4961),.UNSPECIFIED.,.F.,
 .F.,(3,3),(0.,1.),.PIECEWISE_BEZIER_KNOTS.);
#169=B_SPLINE_CURVE_WITH_KNOTS('',2,(#4963,#4964,#4965),.UNSPECIFIED.,.F.,
 .F.,(3,3),(0.,1.),.PIECEWISE_BEZIER_KNOTS.);
#170=B_SPLINE_CURVE_WITH_KNOTS('',2,(#4967,#4968,#4969),.UNSPECIFIED.,.F.,
 .F.,(3,3),(0.,1.),.PIECEWISE_BEZIER_KNOTS.);
#171=B_SPLINE_CURVE_WITH_KNOTS('',2,(#4971,#4972,#4973),.UNSPECIFIED.,.F.,
 .F.,(3,3),(0.,1.),.PIECEWISE_BEZIER_KNOTS.);
#172=B_SPLINE_CURVE_WITH_KNOTS('',2,(#4975,#4976,#4977),.UNSPECIFIED.,.F.,
 .F.,(3,3),(0.,1.),.PIECEWISE_BEZIER_KNOTS.);
#173=B_SPLINE_CURVE_WITH_KNOTS('',2,(#4987,#4988,#4989),.UNSPECIFIED.,.F.,
 .F.,(3,3),(0.,1.),.PIECEWISE_BEZIER_KNOTS.);
#174=B_SPLINE_CURVE_WITH_KNOTS('',2,(#4991,#4992,#4993),.UNSPECIFIED.,.F.,
 .F.,(3,3),(0.,1.),.PIECEWISE_BEZIER_KNOTS.);
#175=B_SPLINE_CURVE_WITH_KNOTS('',2,(#4999,#5000,#5001),.UNSPECIFIED.,.F.,
 .F.,(3,3),(0.,1.),.PIECEWISE_BEZIER_KNOTS.);
#176=B_SPLINE_CURVE_WITH_KNOTS('',2,(#5003,#5004,#5005),.UNSPECIFIED.,.F.,
 .F.,(3,3),(0.,1.),.PIECEWISE_BEZIER_KNOTS.);
#177=B_SPLINE_CURVE_WITH_KNOTS('',2,(#5047,#5048,#5049),.UNSPECIFIED.,.F.,
 .F.,(3,3),(0.,1.),.PIECEWISE_BEZIER_KNOTS.);
#178=B_SPLINE_CURVE_WITH_KNOTS('',2,(#5051,#5052,#5053),.UNSPECIFIED.,.F.,
 .F.,(3,3),(0.,1.),.PIECEWISE_BEZIER_KNOTS.);
#179=B_SPLINE_CURVE_WITH_KNOTS('',2,(#5059,#5060,#5061),.UNSPECIFIED.,.F.,
 .F.,(3,3),(0.,1.),.PIECEWISE_BEZIER_KNOTS.);
#180=B_SPLINE_CURVE_WITH_KNOTS('',2,(#5063,#5064,#5065),.UNSPECIFIED.,.F.,
 .F.,(3,3),(0.,1.),.PIECEWISE_BEZIER_KNOTS.);
#181=B_SPLINE_CURVE_WITH_KNOTS('',2,(#5079,#5080,#5081),.UNSPECIFIED.,.F.,
 .F.,(3,3),(0.,1.),.PIECEWISE_BEZIER_KNOTS.);
#182=B_SPLINE_CURVE_WITH_KNOTS('',2,(#5083,#5084,#5085),.UNSPECIFIED.,.F.,
 .F.,(3,3),(0.,1.),.PIECEWISE_BEZIER_KNOTS.);
#183=B_SPLINE_CURVE_WITH_KNOTS('',2,(#5091,#5092,#5093),.UNSPECIFIED.,.F.,
 .F.,(3,3),(0.,1.),.PIECEWISE_BEZIER_KNOTS.);
#184=B_SPLINE_CURVE_WITH_KNOTS('',2,(#5106,#5107,#5108),.UNSPECIFIED.,.F.,
 .F.,(3,3),(0.,1.),.PIECEWISE_BEZIER_KNOTS.);
#185=B_SPLINE_CURVE_WITH_KNOTS('',2,(#5111,#5112,#5113),.UNSPECIFIED.,.F.,
 .F.,(3,3),(0.,1.),.PIECEWISE_BEZIER_KNOTS.);
#186=B_SPLINE_CURVE_WITH_KNOTS('',2,(#5115,#5116,#5117),.UNSPECIFIED.,.F.,
 .F.,(3,3),(0.,1.),.PIECEWISE_BEZIER_KNOTS.);
#187=B_SPLINE_CURVE_WITH_KNOTS('',2,(#5127,#5128,#5129),.UNSPECIFIED.,.F.,
 .F.,(3,3),(0.,1.),.PIECEWISE_BEZIER_KNOTS.);
#188=B_SPLINE_CURVE_WITH_KNOTS('',2,(#5131,#5132,#5133),.UNSPECIFIED.,.F.,
 .F.,(3,3),(0.,1.),.PIECEWISE_BEZIER_KNOTS.);
#189=B_SPLINE_CURVE_WITH_KNOTS('',2,(#5135,#5136,#5137),.UNSPECIFIED.,.F.,
 .F.,(3,3),(0.,1.),.PIECEWISE_BEZIER_KNOTS.);
#190=B_SPLINE_CURVE_WITH_KNOTS('',2,(#5139,#5140,#5141),.UNSPECIFIED.,.F.,
 .F.,(3,3),(0.,1.),.PIECEWISE_BEZIER_KNOTS.);
#191=B_SPLINE_CURVE_WITH_KNOTS('',2,(#5143,#5144,#5145),.UNSPECIFIED.,.F.,
 .F.,(3,3),(0.,1.),.PIECEWISE_BEZIER_KNOTS.);
#192=B_SPLINE_CURVE_WITH_KNOTS('',2,(#5147,#5148,#5149),.UNSPECIFIED.,.F.,
 .F.,(3,3),(0.,1.),.PIECEWISE_BEZIER_KNOTS.);
#193=B_SPLINE_CURVE_WITH_KNOTS('',2,(#5159,#5160,#5161),.UNSPECIFIED.,.F.,
 .F.,(3,3),(0.,1.),.PIECEWISE_BEZIER_KNOTS.);
#194=B_SPLINE_CURVE_WITH_KNOTS('',2,(#5185,#5186,#5187),.UNSPECIFIED.,.F.,
 .F.,(3,3),(0.,1.),.PIECEWISE_BEZIER_KNOTS.);
#195=B_SPLINE_CURVE_WITH_KNOTS('',2,(#5211,#5212,#5213),.UNSPECIFIED.,.F.,
 .F.,(3,3),(0.,1.),.PIECEWISE_BEZIER_KNOTS.);
#196=B_SPLINE_CURVE_WITH_KNOTS('',2,(#5215,#5216,#5217),.UNSPECIFIED.,.F.,
 .F.,(3,3),(0.,1.),.PIECEWISE_BEZIER_KNOTS.);
#197=B_SPLINE_CURVE_WITH_KNOTS('',2,(#5221,#5222,#5223),.UNSPECIFIED.,.F.,
 .F.,(3,3),(0.,1.),.PIECEWISE_BEZIER_KNOTS.);
#198=B_SPLINE_CURVE_WITH_KNOTS('',2,(#5225,#5226,#5227),.UNSPECIFIED.,.F.,
 .F.,(3,3),(0.,1.),.PIECEWISE_BEZIER_KNOTS.);
#199=B_SPLINE_CURVE_WITH_KNOTS('',2,(#5239,#5240,#5241),.UNSPECIFIED.,.F.,
 .F.,(3,3),(0.,1.),.PIECEWISE_BEZIER_KNOTS.);
#200=B_SPLINE_CURVE_WITH_KNOTS('',2,(#5243,#5244,#5245),.UNSPECIFIED.,.F.,
 .F.,(3,3),(0.,1.),.PIECEWISE_BEZIER_KNOTS.);
#201=B_SPLINE_CURVE_WITH_KNOTS('',2,(#5251,#5252,#5253),.UNSPECIFIED.,.F.,
 .F.,(3,3),(0.,1.),.PIECEWISE_BEZIER_KNOTS.);
#202=B_SPLINE_CURVE_WITH_KNOTS('',2,(#5255,#5256,#5257),.UNSPECIFIED.,.F.,
 .F.,(3,3),(0.,1.),.PIECEWISE_BEZIER_KNOTS.);
#203=B_SPLINE_CURVE_WITH_KNOTS('',2,(#5335,#5336,#5337),.UNSPECIFIED.,.F.,
 .F.,(3,3),(0.,1.),.PIECEWISE_BEZIER_KNOTS.);
#204=B_SPLINE_CURVE_WITH_KNOTS('',2,(#5340,#5341,#5342),.UNSPECIFIED.,.F.,
 .F.,(3,3),(0.,1.),.PIECEWISE_BEZIER_KNOTS.);
#205=B_SPLINE_CURVE_WITH_KNOTS('',2,(#5344,#5345,#5346),.UNSPECIFIED.,.F.,
 .F.,(3,3),(0.,1.),.PIECEWISE_BEZIER_KNOTS.);
#206=B_SPLINE_CURVE_WITH_KNOTS('',2,(#5356,#5357,#5358),.UNSPECIFIED.,.F.,
 .F.,(3,3),(0.,1.),.PIECEWISE_BEZIER_KNOTS.);
#207=B_SPLINE_CURVE_WITH_KNOTS('',2,(#5360,#5361,#5362),.UNSPECIFIED.,.F.,
 .F.,(3,3),(0.,1.),.PIECEWISE_BEZIER_KNOTS.);
#208=B_SPLINE_CURVE_WITH_KNOTS('',2,(#5364,#5365,#5366),.UNSPECIFIED.,.F.,
 .F.,(3,3),(0.,1.),.PIECEWISE_BEZIER_KNOTS.);
#209=B_SPLINE_CURVE_WITH_KNOTS('',2,(#5368,#5369,#5370),.UNSPECIFIED.,.F.,
 .F.,(3,3),(0.,1.),.PIECEWISE_BEZIER_KNOTS.);
#210=B_SPLINE_CURVE_WITH_KNOTS('',2,(#5372,#5373,#5374),.UNSPECIFIED.,.F.,
 .F.,(3,3),(0.,1.),.PIECEWISE_BEZIER_KNOTS.);
#211=B_SPLINE_CURVE_WITH_KNOTS('',2,(#5376,#5377,#5378),.UNSPECIFIED.,.F.,
 .F.,(3,3),(0.,1.),.PIECEWISE_BEZIER_KNOTS.);
#212=B_SPLINE_CURVE_WITH_KNOTS('',2,(#5388,#5389,#5390),.UNSPECIFIED.,.F.,
 .F.,(3,3),(0.,1.),.PIECEWISE_BEZIER_KNOTS.);
#213=B_SPLINE_CURVE_WITH_KNOTS('',2,(#5398,#5399,#5400),.UNSPECIFIED.,.F.,
 .F.,(3,3),(0.,1.),.PIECEWISE_BEZIER_KNOTS.);
#214=B_SPLINE_CURVE_WITH_KNOTS('',2,(#5402,#5403,#5404),.UNSPECIFIED.,.F.,
 .F.,(3,3),(0.,1.),.PIECEWISE_BEZIER_KNOTS.);
#215=B_SPLINE_CURVE_WITH_KNOTS('',2,(#5418,#5419,#5420),.UNSPECIFIED.,.F.,
 .F.,(3,3),(0.,1.),.PIECEWISE_BEZIER_KNOTS.);
#216=B_SPLINE_CURVE_WITH_KNOTS('',2,(#5422,#5423,#5424),.UNSPECIFIED.,.F.,
 .F.,(3,3),(0.,1.),.PIECEWISE_BEZIER_KNOTS.);
#217=B_SPLINE_CURVE_WITH_KNOTS('',2,(#5430,#5431,#5432),.UNSPECIFIED.,.F.,
 .F.,(3,3),(0.,1.),.PIECEWISE_BEZIER_KNOTS.);
#218=B_SPLINE_CURVE_WITH_KNOTS('',2,(#5434,#5435,#5436),.UNSPECIFIED.,.F.,
 .F.,(3,3),(0.,1.),.PIECEWISE_BEZIER_KNOTS.);
#219=B_SPLINE_CURVE_WITH_KNOTS('',2,(#5541,#5542,#5543),.UNSPECIFIED.,.F.,
 .F.,(3,3),(0.,1.),.PIECEWISE_BEZIER_KNOTS.);
#220=B_SPLINE_CURVE_WITH_KNOTS('',2,(#5552,#5553,#5554),.UNSPECIFIED.,.F.,
 .F.,(3,3),(0.,1.),.PIECEWISE_BEZIER_KNOTS.);
#221=B_SPLINE_CURVE_WITH_KNOTS('',2,(#5556,#5557,#5558),.UNSPECIFIED.,.F.,
 .F.,(3,3),(0.,1.),.PIECEWISE_BEZIER_KNOTS.);
#222=B_SPLINE_CURVE_WITH_KNOTS('',2,(#5564,#5565,#5566),.UNSPECIFIED.,.F.,
 .F.,(3,3),(0.,1.),.PIECEWISE_BEZIER_KNOTS.);
#223=B_SPLINE_CURVE_WITH_KNOTS('',2,(#5568,#5569,#5570),.UNSPECIFIED.,.F.,
 .F.,(3,3),(0.,1.),.PIECEWISE_BEZIER_KNOTS.);
#224=B_SPLINE_CURVE_WITH_KNOTS('',2,(#5580,#5581,#5582),.UNSPECIFIED.,.F.,
 .F.,(3,3),(0.,1.),.PIECEWISE_BEZIER_KNOTS.);
#225=B_SPLINE_CURVE_WITH_KNOTS('',2,(#5584,#5585,#5586),.UNSPECIFIED.,.F.,
 .F.,(3,3),(0.,1.),.PIECEWISE_BEZIER_KNOTS.);
#226=B_SPLINE_CURVE_WITH_KNOTS('',2,(#5588,#5589,#5590),.UNSPECIFIED.,.F.,
 .F.,(3,3),(0.,1.),.PIECEWISE_BEZIER_KNOTS.);
#227=B_SPLINE_CURVE_WITH_KNOTS('',2,(#5592,#5593,#5594),.UNSPECIFIED.,.F.,
 .F.,(3,3),(0.,1.),.PIECEWISE_BEZIER_KNOTS.);
#228=B_SPLINE_CURVE_WITH_KNOTS('',2,(#5596,#5597,#5598),.UNSPECIFIED.,.F.,
 .F.,(3,3),(0.,1.),.PIECEWISE_BEZIER_KNOTS.);
#229=B_SPLINE_CURVE_WITH_KNOTS('',2,(#5604,#5605,#5606),.UNSPECIFIED.,.F.,
 .F.,(3,3),(0.,1.),.PIECEWISE_BEZIER_KNOTS.);
#230=B_SPLINE_CURVE_WITH_KNOTS('',2,(#5615,#5616,#5617),.UNSPECIFIED.,.F.,
 .F.,(3,3),(0.,1.),.PIECEWISE_BEZIER_KNOTS.);
#231=B_SPLINE_CURVE_WITH_KNOTS('',2,(#5644,#5645,#5646),.UNSPECIFIED.,.F.,
 .F.,(3,3),(0.,1.),.PIECEWISE_BEZIER_KNOTS.);
#232=B_SPLINE_CURVE_WITH_KNOTS('',2,(#5674,#5675,#5676),.UNSPECIFIED.,.F.,
 .F.,(3,3),(0.,1.),.PIECEWISE_BEZIER_KNOTS.);
#233=B_SPLINE_CURVE_WITH_KNOTS('',2,(#5678,#5679,#5680),.UNSPECIFIED.,.F.,
 .F.,(3,3),(0.,1.),.PIECEWISE_BEZIER_KNOTS.);
#234=B_SPLINE_CURVE_WITH_KNOTS('',2,(#5686,#5687,#5688),.UNSPECIFIED.,.F.,
 .F.,(3,3),(0.,1.),.PIECEWISE_BEZIER_KNOTS.);
#235=B_SPLINE_CURVE_WITH_KNOTS('',2,(#5690,#5691,#5692),.UNSPECIFIED.,.F.,
 .F.,(3,3),(0.,1.),.PIECEWISE_BEZIER_KNOTS.);
#236=B_SPLINE_CURVE_WITH_KNOTS('',2,(#5704,#5705,#5706),.UNSPECIFIED.,.F.,
 .F.,(3,3),(0.,1.),.PIECEWISE_BEZIER_KNOTS.);
#237=B_SPLINE_CURVE_WITH_KNOTS('',2,(#5708,#5709,#5710),.UNSPECIFIED.,.F.,
 .F.,(3,3),(0.,1.),.PIECEWISE_BEZIER_KNOTS.);
#238=B_SPLINE_CURVE_WITH_KNOTS('',2,(#5714,#5715,#5716),.UNSPECIFIED.,.F.,
 .F.,(3,3),(0.,1.),.PIECEWISE_BEZIER_KNOTS.);
#239=B_SPLINE_CURVE_WITH_KNOTS('',2,(#5718,#5719,#5720),.UNSPECIFIED.,.F.,
 .F.,(3,3),(0.,1.),.PIECEWISE_BEZIER_KNOTS.);
#240=ORIENTED_EDGE('',*,*,#1332,.T.);
#241=ORIENTED_EDGE('',*,*,#1333,.F.);
#242=ORIENTED_EDGE('',*,*,#1334,.F.);
#243=ORIENTED_EDGE('',*,*,#1335,.T.);
#244=ORIENTED_EDGE('',*,*,#1336,.F.);
#245=ORIENTED_EDGE('',*,*,#1337,.F.);
#246=ORIENTED_EDGE('',*,*,#1338,.T.);
#247=ORIENTED_EDGE('',*,*,#1339,.F.);
#248=ORIENTED_EDGE('',*,*,#1340,.T.);
#249=ORIENTED_EDGE('',*,*,#1341,.F.);
#250=ORIENTED_EDGE('',*,*,#1342,.F.);
#251=ORIENTED_EDGE('',*,*,#1343,.F.);
#252=ORIENTED_EDGE('',*,*,#1344,.F.);
#253=ORIENTED_EDGE('',*,*,#1345,.F.);
#254=ORIENTED_EDGE('',*,*,#1346,.T.);
#255=ORIENTED_EDGE('',*,*,#1347,.F.);
#256=ORIENTED_EDGE('',*,*,#1348,.F.);
#257=ORIENTED_EDGE('',*,*,#1349,.F.);
#258=ORIENTED_EDGE('',*,*,#1350,.T.);
#259=ORIENTED_EDGE('',*,*,#1351,.F.);
#260=ORIENTED_EDGE('',*,*,#1352,.F.);
#261=ORIENTED_EDGE('',*,*,#1353,.F.);
#262=ORIENTED_EDGE('',*,*,#1354,.F.);
#263=ORIENTED_EDGE('',*,*,#1355,.T.);
#264=ORIENTED_EDGE('',*,*,#1356,.F.);
#265=ORIENTED_EDGE('',*,*,#1357,.F.);
#266=ORIENTED_EDGE('',*,*,#1358,.T.);
#267=ORIENTED_EDGE('',*,*,#1359,.F.);
#268=ORIENTED_EDGE('',*,*,#1360,.T.);
#269=ORIENTED_EDGE('',*,*,#1361,.F.);
#270=ORIENTED_EDGE('',*,*,#1362,.T.);
#271=ORIENTED_EDGE('',*,*,#1363,.F.);
#272=ORIENTED_EDGE('',*,*,#1364,.T.);
#273=ORIENTED_EDGE('',*,*,#1365,.F.);
#274=ORIENTED_EDGE('',*,*,#1366,.T.);
#275=ORIENTED_EDGE('',*,*,#1367,.F.);
#276=ORIENTED_EDGE('',*,*,#1368,.T.);
#277=ORIENTED_EDGE('',*,*,#1369,.F.);
#278=ORIENTED_EDGE('',*,*,#1370,.T.);
#279=ORIENTED_EDGE('',*,*,#1371,.F.);
#280=ORIENTED_EDGE('',*,*,#1372,.T.);
#281=ORIENTED_EDGE('',*,*,#1373,.T.);
#282=ORIENTED_EDGE('',*,*,#1374,.T.);
#283=ORIENTED_EDGE('',*,*,#1375,.T.);
#284=ORIENTED_EDGE('',*,*,#1376,.T.);
#285=ORIENTED_EDGE('',*,*,#1377,.T.);
#286=ORIENTED_EDGE('',*,*,#1378,.T.);
#287=ORIENTED_EDGE('',*,*,#1379,.T.);
#288=ORIENTED_EDGE('',*,*,#1380,.T.);
#289=ORIENTED_EDGE('',*,*,#1381,.T.);
#290=ORIENTED_EDGE('',*,*,#1382,.T.);
#291=ORIENTED_EDGE('',*,*,#1383,.T.);
#292=ORIENTED_EDGE('',*,*,#1384,.T.);
#293=ORIENTED_EDGE('',*,*,#1385,.T.);
#294=ORIENTED_EDGE('',*,*,#1386,.T.);
#295=ORIENTED_EDGE('',*,*,#1387,.T.);
#296=ORIENTED_EDGE('',*,*,#1388,.T.);
#297=ORIENTED_EDGE('',*,*,#1389,.T.);
#298=ORIENTED_EDGE('',*,*,#1390,.T.);
#299=ORIENTED_EDGE('',*,*,#1391,.T.);
#300=ORIENTED_EDGE('',*,*,#1392,.T.);
#301=ORIENTED_EDGE('',*,*,#1393,.T.);
#302=ORIENTED_EDGE('',*,*,#1394,.T.);
#303=ORIENTED_EDGE('',*,*,#1395,.T.);
#304=ORIENTED_EDGE('',*,*,#1396,.T.);
#305=ORIENTED_EDGE('',*,*,#1397,.T.);
#306=ORIENTED_EDGE('',*,*,#1398,.T.);
#307=ORIENTED_EDGE('',*,*,#1399,.T.);
#308=ORIENTED_EDGE('',*,*,#1400,.T.);
#309=ORIENTED_EDGE('',*,*,#1401,.T.);
#310=ORIENTED_EDGE('',*,*,#1402,.T.);
#311=ORIENTED_EDGE('',*,*,#1403,.T.);
#312=ORIENTED_EDGE('',*,*,#1404,.T.);
#313=ORIENTED_EDGE('',*,*,#1405,.T.);
#314=ORIENTED_EDGE('',*,*,#1406,.T.);
#315=ORIENTED_EDGE('',*,*,#1407,.T.);
#316=ORIENTED_EDGE('',*,*,#1408,.T.);
#317=ORIENTED_EDGE('',*,*,#1409,.T.);
#318=ORIENTED_EDGE('',*,*,#1410,.T.);
#319=ORIENTED_EDGE('',*,*,#1411,.T.);
#320=ORIENTED_EDGE('',*,*,#1412,.T.);
#321=ORIENTED_EDGE('',*,*,#1413,.T.);
#322=ORIENTED_EDGE('',*,*,#1414,.T.);
#323=ORIENTED_EDGE('',*,*,#1415,.T.);
#324=ORIENTED_EDGE('',*,*,#1416,.T.);
#325=ORIENTED_EDGE('',*,*,#1417,.T.);
#326=ORIENTED_EDGE('',*,*,#1418,.T.);
#327=ORIENTED_EDGE('',*,*,#1419,.T.);
#328=ORIENTED_EDGE('',*,*,#1420,.T.);
#329=ORIENTED_EDGE('',*,*,#1421,.T.);
#330=ORIENTED_EDGE('',*,*,#1422,.T.);
#331=ORIENTED_EDGE('',*,*,#1423,.T.);
#332=ORIENTED_EDGE('',*,*,#1424,.T.);
#333=ORIENTED_EDGE('',*,*,#1425,.T.);
#334=ORIENTED_EDGE('',*,*,#1426,.T.);
#335=ORIENTED_EDGE('',*,*,#1427,.T.);
#336=ORIENTED_EDGE('',*,*,#1428,.T.);
#337=ORIENTED_EDGE('',*,*,#1429,.T.);
#338=ORIENTED_EDGE('',*,*,#1430,.T.);
#339=ORIENTED_EDGE('',*,*,#1431,.T.);
#340=ORIENTED_EDGE('',*,*,#1432,.T.);
#341=ORIENTED_EDGE('',*,*,#1433,.T.);
#342=ORIENTED_EDGE('',*,*,#1434,.T.);
#343=ORIENTED_EDGE('',*,*,#1435,.T.);
#344=ORIENTED_EDGE('',*,*,#1436,.T.);
#345=ORIENTED_EDGE('',*,*,#1437,.T.);
#346=ORIENTED_EDGE('',*,*,#1438,.T.);
#347=ORIENTED_EDGE('',*,*,#1439,.T.);
#348=ORIENTED_EDGE('',*,*,#1440,.T.);
#349=ORIENTED_EDGE('',*,*,#1441,.T.);
#350=ORIENTED_EDGE('',*,*,#1442,.T.);
#351=ORIENTED_EDGE('',*,*,#1443,.T.);
#352=ORIENTED_EDGE('',*,*,#1444,.T.);
#353=ORIENTED_EDGE('',*,*,#1445,.T.);
#354=ORIENTED_EDGE('',*,*,#1446,.T.);
#355=ORIENTED_EDGE('',*,*,#1447,.T.);
#356=ORIENTED_EDGE('',*,*,#1448,.T.);
#357=ORIENTED_EDGE('',*,*,#1449,.T.);
#358=ORIENTED_EDGE('',*,*,#1450,.T.);
#359=ORIENTED_EDGE('',*,*,#1451,.T.);
#360=ORIENTED_EDGE('',*,*,#1452,.T.);
#361=ORIENTED_EDGE('',*,*,#1453,.T.);
#362=ORIENTED_EDGE('',*,*,#1454,.T.);
#363=ORIENTED_EDGE('',*,*,#1455,.T.);
#364=ORIENTED_EDGE('',*,*,#1456,.T.);
#365=ORIENTED_EDGE('',*,*,#1457,.T.);
#366=ORIENTED_EDGE('',*,*,#1458,.T.);
#367=ORIENTED_EDGE('',*,*,#1459,.T.);
#368=ORIENTED_EDGE('',*,*,#1460,.T.);
#369=ORIENTED_EDGE('',*,*,#1461,.T.);
#370=ORIENTED_EDGE('',*,*,#1462,.T.);
#371=ORIENTED_EDGE('',*,*,#1463,.T.);
#372=ORIENTED_EDGE('',*,*,#1464,.T.);
#373=ORIENTED_EDGE('',*,*,#1465,.T.);
#374=ORIENTED_EDGE('',*,*,#1466,.T.);
#375=ORIENTED_EDGE('',*,*,#1467,.T.);
#376=ORIENTED_EDGE('',*,*,#1468,.T.);
#377=ORIENTED_EDGE('',*,*,#1469,.T.);
#378=ORIENTED_EDGE('',*,*,#1470,.T.);
#379=ORIENTED_EDGE('',*,*,#1471,.T.);
#380=ORIENTED_EDGE('',*,*,#1472,.T.);
#381=ORIENTED_EDGE('',*,*,#1473,.T.);
#382=ORIENTED_EDGE('',*,*,#1474,.T.);
#383=ORIENTED_EDGE('',*,*,#1475,.T.);
#384=ORIENTED_EDGE('',*,*,#1476,.T.);
#385=ORIENTED_EDGE('',*,*,#1477,.T.);
#386=ORIENTED_EDGE('',*,*,#1478,.T.);
#387=ORIENTED_EDGE('',*,*,#1479,.T.);
#388=ORIENTED_EDGE('',*,*,#1480,.T.);
#389=ORIENTED_EDGE('',*,*,#1481,.T.);
#390=ORIENTED_EDGE('',*,*,#1482,.T.);
#391=ORIENTED_EDGE('',*,*,#1483,.T.);
#392=ORIENTED_EDGE('',*,*,#1484,.T.);
#393=ORIENTED_EDGE('',*,*,#1485,.T.);
#394=ORIENTED_EDGE('',*,*,#1486,.T.);
#395=ORIENTED_EDGE('',*,*,#1487,.T.);
#396=ORIENTED_EDGE('',*,*,#1488,.T.);
#397=ORIENTED_EDGE('',*,*,#1489,.T.);
#398=ORIENTED_EDGE('',*,*,#1490,.T.);
#399=ORIENTED_EDGE('',*,*,#1491,.T.);
#400=ORIENTED_EDGE('',*,*,#1492,.T.);
#401=ORIENTED_EDGE('',*,*,#1493,.T.);
#402=ORIENTED_EDGE('',*,*,#1494,.T.);
#403=ORIENTED_EDGE('',*,*,#1495,.T.);
#404=ORIENTED_EDGE('',*,*,#1496,.T.);
#405=ORIENTED_EDGE('',*,*,#1497,.T.);
#406=ORIENTED_EDGE('',*,*,#1498,.T.);
#407=ORIENTED_EDGE('',*,*,#1499,.T.);
#408=ORIENTED_EDGE('',*,*,#1500,.T.);
#409=ORIENTED_EDGE('',*,*,#1501,.T.);
#410=ORIENTED_EDGE('',*,*,#1502,.T.);
#411=ORIENTED_EDGE('',*,*,#1503,.T.);
#412=ORIENTED_EDGE('',*,*,#1504,.T.);
#413=ORIENTED_EDGE('',*,*,#1505,.T.);
#414=ORIENTED_EDGE('',*,*,#1506,.T.);
#415=ORIENTED_EDGE('',*,*,#1507,.T.);
#416=ORIENTED_EDGE('',*,*,#1508,.T.);
#417=ORIENTED_EDGE('',*,*,#1509,.T.);
#418=ORIENTED_EDGE('',*,*,#1510,.T.);
#419=ORIENTED_EDGE('',*,*,#1511,.T.);
#420=ORIENTED_EDGE('',*,*,#1512,.T.);
#421=ORIENTED_EDGE('',*,*,#1513,.T.);
#422=ORIENTED_EDGE('',*,*,#1514,.F.);
#423=ORIENTED_EDGE('',*,*,#1515,.F.);
#424=ORIENTED_EDGE('',*,*,#1516,.F.);
#425=ORIENTED_EDGE('',*,*,#1517,.F.);
#426=ORIENTED_EDGE('',*,*,#1518,.F.);
#427=ORIENTED_EDGE('',*,*,#1519,.F.);
#428=ORIENTED_EDGE('',*,*,#1520,.F.);
#429=ORIENTED_EDGE('',*,*,#1521,.F.);
#430=ORIENTED_EDGE('',*,*,#1522,.F.);
#431=ORIENTED_EDGE('',*,*,#1523,.F.);
#432=ORIENTED_EDGE('',*,*,#1524,.F.);
#433=ORIENTED_EDGE('',*,*,#1525,.F.);
#434=ORIENTED_EDGE('',*,*,#1526,.F.);
#435=ORIENTED_EDGE('',*,*,#1527,.F.);
#436=ORIENTED_EDGE('',*,*,#1528,.F.);
#437=ORIENTED_EDGE('',*,*,#1529,.F.);
#438=ORIENTED_EDGE('',*,*,#1530,.F.);
#439=ORIENTED_EDGE('',*,*,#1531,.F.);
#440=ORIENTED_EDGE('',*,*,#1532,.F.);
#441=ORIENTED_EDGE('',*,*,#1533,.F.);
#442=ORIENTED_EDGE('',*,*,#1534,.F.);
#443=ORIENTED_EDGE('',*,*,#1535,.F.);
#444=ORIENTED_EDGE('',*,*,#1536,.F.);
#445=ORIENTED_EDGE('',*,*,#1537,.F.);
#446=ORIENTED_EDGE('',*,*,#1538,.F.);
#447=ORIENTED_EDGE('',*,*,#1539,.F.);
#448=ORIENTED_EDGE('',*,*,#1540,.F.);
#449=ORIENTED_EDGE('',*,*,#1541,.F.);
#450=ORIENTED_EDGE('',*,*,#1542,.F.);
#451=ORIENTED_EDGE('',*,*,#1543,.F.);
#452=ORIENTED_EDGE('',*,*,#1544,.F.);
#453=ORIENTED_EDGE('',*,*,#1545,.F.);
#454=ORIENTED_EDGE('',*,*,#1546,.F.);
#455=ORIENTED_EDGE('',*,*,#1547,.F.);
#456=ORIENTED_EDGE('',*,*,#1548,.F.);
#457=ORIENTED_EDGE('',*,*,#1549,.F.);
#458=ORIENTED_EDGE('',*,*,#1550,.F.);
#459=ORIENTED_EDGE('',*,*,#1551,.F.);
#460=ORIENTED_EDGE('',*,*,#1552,.F.);
#461=ORIENTED_EDGE('',*,*,#1553,.F.);
#462=ORIENTED_EDGE('',*,*,#1554,.F.);
#463=ORIENTED_EDGE('',*,*,#1555,.F.);
#464=ORIENTED_EDGE('',*,*,#1556,.F.);
#465=ORIENTED_EDGE('',*,*,#1557,.F.);
#466=ORIENTED_EDGE('',*,*,#1558,.F.);
#467=ORIENTED_EDGE('',*,*,#1559,.F.);
#468=ORIENTED_EDGE('',*,*,#1560,.F.);
#469=ORIENTED_EDGE('',*,*,#1561,.F.);
#470=ORIENTED_EDGE('',*,*,#1562,.F.);
#471=ORIENTED_EDGE('',*,*,#1563,.F.);
#472=ORIENTED_EDGE('',*,*,#1564,.F.);
#473=ORIENTED_EDGE('',*,*,#1565,.F.);
#474=ORIENTED_EDGE('',*,*,#1566,.F.);
#475=ORIENTED_EDGE('',*,*,#1567,.F.);
#476=ORIENTED_EDGE('',*,*,#1568,.F.);
#477=ORIENTED_EDGE('',*,*,#1569,.F.);
#478=ORIENTED_EDGE('',*,*,#1570,.F.);
#479=ORIENTED_EDGE('',*,*,#1571,.F.);
#480=ORIENTED_EDGE('',*,*,#1572,.F.);
#481=ORIENTED_EDGE('',*,*,#1573,.F.);
#482=ORIENTED_EDGE('',*,*,#1574,.F.);
#483=ORIENTED_EDGE('',*,*,#1575,.F.);
#484=ORIENTED_EDGE('',*,*,#1576,.F.);
#485=ORIENTED_EDGE('',*,*,#1577,.F.);
#486=ORIENTED_EDGE('',*,*,#1578,.T.);
#487=ORIENTED_EDGE('',*,*,#1579,.F.);
#488=ORIENTED_EDGE('',*,*,#1580,.T.);
#489=ORIENTED_EDGE('',*,*,#1581,.F.);
#490=ORIENTED_EDGE('',*,*,#1582,.T.);
#491=ORIENTED_EDGE('',*,*,#1583,.F.);
#492=ORIENTED_EDGE('',*,*,#1584,.T.);
#493=ORIENTED_EDGE('',*,*,#1585,.F.);
#494=ORIENTED_EDGE('',*,*,#1586,.T.);
#495=ORIENTED_EDGE('',*,*,#1587,.F.);
#496=ORIENTED_EDGE('',*,*,#1588,.T.);
#497=ORIENTED_EDGE('',*,*,#1589,.T.);
#498=ORIENTED_EDGE('',*,*,#1590,.T.);
#499=ORIENTED_EDGE('',*,*,#1591,.F.);
#500=ORIENTED_EDGE('',*,*,#1592,.T.);
#501=ORIENTED_EDGE('',*,*,#1593,.T.);
#502=ORIENTED_EDGE('',*,*,#1594,.F.);
#503=ORIENTED_EDGE('',*,*,#1595,.T.);
#504=ORIENTED_EDGE('',*,*,#1596,.T.);
#505=ORIENTED_EDGE('',*,*,#1597,.T.);
#506=ORIENTED_EDGE('',*,*,#1598,.T.);
#507=ORIENTED_EDGE('',*,*,#1599,.F.);
#508=ORIENTED_EDGE('',*,*,#1600,.T.);
#509=ORIENTED_EDGE('',*,*,#1601,.T.);
#510=ORIENTED_EDGE('',*,*,#1602,.T.);
#511=ORIENTED_EDGE('',*,*,#1603,.F.);
#512=ORIENTED_EDGE('',*,*,#1604,.T.);
#513=ORIENTED_EDGE('',*,*,#1605,.F.);
#514=ORIENTED_EDGE('',*,*,#1606,.T.);
#515=ORIENTED_EDGE('',*,*,#1607,.T.);
#516=ORIENTED_EDGE('',*,*,#1608,.T.);
#517=ORIENTED_EDGE('',*,*,#1609,.T.);
#518=ORIENTED_EDGE('',*,*,#1610,.T.);
#519=ORIENTED_EDGE('',*,*,#1611,.F.);
#520=ORIENTED_EDGE('',*,*,#1612,.T.);
#521=ORIENTED_EDGE('',*,*,#1613,.F.);
#522=ORIENTED_EDGE('',*,*,#1614,.F.);
#523=ORIENTED_EDGE('',*,*,#1615,.T.);
#524=ORIENTED_EDGE('',*,*,#1616,.T.);
#525=ORIENTED_EDGE('',*,*,#1617,.F.);
#526=ORIENTED_EDGE('',*,*,#1618,.F.);
#527=ORIENTED_EDGE('',*,*,#1619,.F.);
#528=ORIENTED_EDGE('',*,*,#1620,.F.);
#529=ORIENTED_EDGE('',*,*,#1621,.F.);
#530=ORIENTED_EDGE('',*,*,#1622,.F.);
#531=ORIENTED_EDGE('',*,*,#1623,.F.);
#532=ORIENTED_EDGE('',*,*,#1624,.F.);
#533=ORIENTED_EDGE('',*,*,#1625,.F.);
#534=ORIENTED_EDGE('',*,*,#1626,.F.);
#535=ORIENTED_EDGE('',*,*,#1627,.F.);
#536=ORIENTED_EDGE('',*,*,#1628,.F.);
#537=ORIENTED_EDGE('',*,*,#1629,.F.);
#538=ORIENTED_EDGE('',*,*,#1630,.F.);
#539=ORIENTED_EDGE('',*,*,#1631,.F.);
#540=ORIENTED_EDGE('',*,*,#1632,.F.);
#541=ORIENTED_EDGE('',*,*,#1633,.F.);
#542=ORIENTED_EDGE('',*,*,#1634,.F.);
#543=ORIENTED_EDGE('',*,*,#1635,.F.);
#544=ORIENTED_EDGE('',*,*,#1636,.F.);
#545=ORIENTED_EDGE('',*,*,#1637,.F.);
#546=ORIENTED_EDGE('',*,*,#1638,.F.);
#547=ORIENTED_EDGE('',*,*,#1639,.F.);
#548=ORIENTED_EDGE('',*,*,#1640,.F.);
#549=ORIENTED_EDGE('',*,*,#1641,.F.);
#550=ORIENTED_EDGE('',*,*,#1642,.F.);
#551=ORIENTED_EDGE('',*,*,#1643,.F.);
#552=ORIENTED_EDGE('',*,*,#1644,.F.);
#553=ORIENTED_EDGE('',*,*,#1645,.F.);
#554=ORIENTED_EDGE('',*,*,#1646,.F.);
#555=ORIENTED_EDGE('',*,*,#1647,.F.);
#556=ORIENTED_EDGE('',*,*,#1648,.F.);
#557=ORIENTED_EDGE('',*,*,#1649,.F.);
#558=ORIENTED_EDGE('',*,*,#1650,.F.);
#559=ORIENTED_EDGE('',*,*,#1651,.F.);
#560=ORIENTED_EDGE('',*,*,#1652,.F.);
#561=ORIENTED_EDGE('',*,*,#1653,.F.);
#562=ORIENTED_EDGE('',*,*,#1654,.F.);
#563=ORIENTED_EDGE('',*,*,#1655,.F.);
#564=ORIENTED_EDGE('',*,*,#1656,.F.);
#565=ORIENTED_EDGE('',*,*,#1657,.F.);
#566=ORIENTED_EDGE('',*,*,#1658,.F.);
#567=ORIENTED_EDGE('',*,*,#1659,.F.);
#568=ORIENTED_EDGE('',*,*,#1660,.F.);
#569=ORIENTED_EDGE('',*,*,#1661,.F.);
#570=ORIENTED_EDGE('',*,*,#1662,.F.);
#571=ORIENTED_EDGE('',*,*,#1663,.F.);
#572=ORIENTED_EDGE('',*,*,#1664,.F.);
#573=ORIENTED_EDGE('',*,*,#1665,.F.);
#574=ORIENTED_EDGE('',*,*,#1666,.F.);
#575=ORIENTED_EDGE('',*,*,#1667,.F.);
#576=ORIENTED_EDGE('',*,*,#1668,.F.);
#577=ORIENTED_EDGE('',*,*,#1669,.F.);
#578=ORIENTED_EDGE('',*,*,#1670,.F.);
#579=ORIENTED_EDGE('',*,*,#1671,.F.);
#580=ORIENTED_EDGE('',*,*,#1672,.F.);
#581=ORIENTED_EDGE('',*,*,#1673,.F.);
#582=ORIENTED_EDGE('',*,*,#1674,.F.);
#583=ORIENTED_EDGE('',*,*,#1675,.F.);
#584=ORIENTED_EDGE('',*,*,#1676,.F.);
#585=ORIENTED_EDGE('',*,*,#1677,.F.);
#586=ORIENTED_EDGE('',*,*,#1678,.F.);
#587=ORIENTED_EDGE('',*,*,#1679,.F.);
#588=ORIENTED_EDGE('',*,*,#1680,.F.);
#589=ORIENTED_EDGE('',*,*,#1681,.F.);
#590=ORIENTED_EDGE('',*,*,#1682,.F.);
#591=ORIENTED_EDGE('',*,*,#1683,.F.);
#592=ORIENTED_EDGE('',*,*,#1684,.F.);
#593=ORIENTED_EDGE('',*,*,#1685,.F.);
#594=ORIENTED_EDGE('',*,*,#1686,.F.);
#595=ORIENTED_EDGE('',*,*,#1687,.F.);
#596=ORIENTED_EDGE('',*,*,#1688,.F.);
#597=ORIENTED_EDGE('',*,*,#1689,.F.);
#598=ORIENTED_EDGE('',*,*,#1690,.F.);
#599=ORIENTED_EDGE('',*,*,#1691,.F.);
#600=ORIENTED_EDGE('',*,*,#1692,.F.);
#601=ORIENTED_EDGE('',*,*,#1693,.F.);
#602=ORIENTED_EDGE('',*,*,#1694,.F.);
#603=ORIENTED_EDGE('',*,*,#1695,.F.);
#604=ORIENTED_EDGE('',*,*,#1577,.T.);
#605=ORIENTED_EDGE('',*,*,#1696,.F.);
#606=ORIENTED_EDGE('',*,*,#1368,.F.);
#607=ORIENTED_EDGE('',*,*,#1697,.T.);
#608=ORIENTED_EDGE('',*,*,#1580,.F.);
#609=ORIENTED_EDGE('',*,*,#1698,.F.);
#610=ORIENTED_EDGE('',*,*,#1369,.T.);
#611=ORIENTED_EDGE('',*,*,#1696,.T.);
#612=ORIENTED_EDGE('',*,*,#1579,.T.);
#613=ORIENTED_EDGE('',*,*,#1699,.F.);
#614=ORIENTED_EDGE('',*,*,#1370,.F.);
#615=ORIENTED_EDGE('',*,*,#1698,.T.);
#616=ORIENTED_EDGE('',*,*,#1581,.T.);
#617=ORIENTED_EDGE('',*,*,#1700,.F.);
#618=ORIENTED_EDGE('',*,*,#1364,.F.);
#619=ORIENTED_EDGE('',*,*,#1701,.T.);
#620=ORIENTED_EDGE('',*,*,#1584,.F.);
#621=ORIENTED_EDGE('',*,*,#1702,.F.);
#622=ORIENTED_EDGE('',*,*,#1365,.T.);
#623=ORIENTED_EDGE('',*,*,#1700,.T.);
#624=ORIENTED_EDGE('',*,*,#1583,.T.);
#625=ORIENTED_EDGE('',*,*,#1703,.F.);
#626=ORIENTED_EDGE('',*,*,#1366,.F.);
#627=ORIENTED_EDGE('',*,*,#1702,.T.);
#628=ORIENTED_EDGE('',*,*,#1585,.T.);
#629=ORIENTED_EDGE('',*,*,#1704,.F.);
#630=ORIENTED_EDGE('',*,*,#1360,.F.);
#631=ORIENTED_EDGE('',*,*,#1705,.T.);
#632=ORIENTED_EDGE('',*,*,#1588,.F.);
#633=ORIENTED_EDGE('',*,*,#1706,.F.);
#634=ORIENTED_EDGE('',*,*,#1361,.T.);
#635=ORIENTED_EDGE('',*,*,#1704,.T.);
#636=ORIENTED_EDGE('',*,*,#1587,.T.);
#637=ORIENTED_EDGE('',*,*,#1707,.F.);
#638=ORIENTED_EDGE('',*,*,#1362,.F.);
#639=ORIENTED_EDGE('',*,*,#1706,.T.);
#640=ORIENTED_EDGE('',*,*,#1589,.F.);
#641=ORIENTED_EDGE('',*,*,#1708,.F.);
#642=ORIENTED_EDGE('',*,*,#1356,.T.);
#643=ORIENTED_EDGE('',*,*,#1709,.T.);
#644=ORIENTED_EDGE('',*,*,#1592,.F.);
#645=ORIENTED_EDGE('',*,*,#1710,.F.);
#646=ORIENTED_EDGE('',*,*,#1357,.T.);
#647=ORIENTED_EDGE('',*,*,#1708,.T.);
#648=ORIENTED_EDGE('',*,*,#1591,.T.);
#649=ORIENTED_EDGE('',*,*,#1711,.F.);
#650=ORIENTED_EDGE('',*,*,#1358,.F.);
#651=ORIENTED_EDGE('',*,*,#1710,.T.);
#652=ORIENTED_EDGE('',*,*,#1593,.F.);
#653=ORIENTED_EDGE('',*,*,#1712,.F.);
#654=ORIENTED_EDGE('',*,*,#1352,.T.);
#655=ORIENTED_EDGE('',*,*,#1713,.T.);
#656=ORIENTED_EDGE('',*,*,#1596,.F.);
#657=ORIENTED_EDGE('',*,*,#1714,.F.);
#658=ORIENTED_EDGE('',*,*,#1353,.T.);
#659=ORIENTED_EDGE('',*,*,#1712,.T.);
#660=ORIENTED_EDGE('',*,*,#1595,.F.);
#661=ORIENTED_EDGE('',*,*,#1715,.F.);
#662=ORIENTED_EDGE('',*,*,#1354,.T.);
#663=ORIENTED_EDGE('',*,*,#1714,.T.);
#664=ORIENTED_EDGE('',*,*,#1597,.F.);
#665=ORIENTED_EDGE('',*,*,#1716,.F.);
#666=ORIENTED_EDGE('',*,*,#1348,.T.);
#667=ORIENTED_EDGE('',*,*,#1717,.T.);
#668=ORIENTED_EDGE('',*,*,#1600,.F.);
#669=ORIENTED_EDGE('',*,*,#1718,.F.);
#670=ORIENTED_EDGE('',*,*,#1349,.T.);
#671=ORIENTED_EDGE('',*,*,#1716,.T.);
#672=ORIENTED_EDGE('',*,*,#1599,.T.);
#673=ORIENTED_EDGE('',*,*,#1719,.F.);
#674=ORIENTED_EDGE('',*,*,#1350,.F.);
#675=ORIENTED_EDGE('',*,*,#1718,.T.);
#676=ORIENTED_EDGE('',*,*,#1601,.F.);
#677=ORIENTED_EDGE('',*,*,#1720,.F.);
#678=ORIENTED_EDGE('',*,*,#1344,.T.);
#679=ORIENTED_EDGE('',*,*,#1721,.T.);
#680=ORIENTED_EDGE('',*,*,#1604,.F.);
#681=ORIENTED_EDGE('',*,*,#1722,.F.);
#682=ORIENTED_EDGE('',*,*,#1345,.T.);
#683=ORIENTED_EDGE('',*,*,#1720,.T.);
#684=ORIENTED_EDGE('',*,*,#1603,.T.);
#685=ORIENTED_EDGE('',*,*,#1723,.F.);
#686=ORIENTED_EDGE('',*,*,#1346,.F.);
#687=ORIENTED_EDGE('',*,*,#1722,.T.);
#688=ORIENTED_EDGE('',*,*,#1605,.T.);
#689=ORIENTED_EDGE('',*,*,#1724,.F.);
#690=ORIENTED_EDGE('',*,*,#1340,.F.);
#691=ORIENTED_EDGE('',*,*,#1725,.T.);
#692=ORIENTED_EDGE('',*,*,#1608,.F.);
#693=ORIENTED_EDGE('',*,*,#1726,.F.);
#694=ORIENTED_EDGE('',*,*,#1341,.T.);
#695=ORIENTED_EDGE('',*,*,#1724,.T.);
#696=ORIENTED_EDGE('',*,*,#1607,.F.);
#697=ORIENTED_EDGE('',*,*,#1727,.F.);
#698=ORIENTED_EDGE('',*,*,#1342,.T.);
#699=ORIENTED_EDGE('',*,*,#1726,.T.);
#700=ORIENTED_EDGE('',*,*,#1609,.F.);
#701=ORIENTED_EDGE('',*,*,#1728,.F.);
#702=ORIENTED_EDGE('',*,*,#1336,.T.);
#703=ORIENTED_EDGE('',*,*,#1729,.T.);
#704=ORIENTED_EDGE('',*,*,#1612,.F.);
#705=ORIENTED_EDGE('',*,*,#1730,.F.);
#706=ORIENTED_EDGE('',*,*,#1337,.T.);
#707=ORIENTED_EDGE('',*,*,#1728,.T.);
#708=ORIENTED_EDGE('',*,*,#1611,.T.);
#709=ORIENTED_EDGE('',*,*,#1731,.F.);
#710=ORIENTED_EDGE('',*,*,#1338,.F.);
#711=ORIENTED_EDGE('',*,*,#1730,.T.);
#712=ORIENTED_EDGE('',*,*,#1613,.T.);
#713=ORIENTED_EDGE('',*,*,#1732,.F.);
#714=ORIENTED_EDGE('',*,*,#1332,.F.);
#715=ORIENTED_EDGE('',*,*,#1733,.T.);
#716=ORIENTED_EDGE('',*,*,#1616,.F.);
#717=ORIENTED_EDGE('',*,*,#1734,.F.);
#718=ORIENTED_EDGE('',*,*,#1333,.T.);
#719=ORIENTED_EDGE('',*,*,#1732,.T.);
#720=ORIENTED_EDGE('',*,*,#1615,.F.);
#721=ORIENTED_EDGE('',*,*,#1735,.F.);
#722=ORIENTED_EDGE('',*,*,#1334,.T.);
#723=ORIENTED_EDGE('',*,*,#1734,.T.);
#724=ORIENTED_EDGE('',*,*,#1582,.F.);
#725=ORIENTED_EDGE('',*,*,#1701,.F.);
#726=ORIENTED_EDGE('',*,*,#1367,.T.);
#727=ORIENTED_EDGE('',*,*,#1703,.T.);
#728=ORIENTED_EDGE('',*,*,#1586,.F.);
#729=ORIENTED_EDGE('',*,*,#1705,.F.);
#730=ORIENTED_EDGE('',*,*,#1363,.T.);
#731=ORIENTED_EDGE('',*,*,#1707,.T.);
#732=ORIENTED_EDGE('',*,*,#1590,.F.);
#733=ORIENTED_EDGE('',*,*,#1709,.F.);
#734=ORIENTED_EDGE('',*,*,#1359,.T.);
#735=ORIENTED_EDGE('',*,*,#1711,.T.);
#736=ORIENTED_EDGE('',*,*,#1594,.T.);
#737=ORIENTED_EDGE('',*,*,#1713,.F.);
#738=ORIENTED_EDGE('',*,*,#1355,.F.);
#739=ORIENTED_EDGE('',*,*,#1715,.T.);
#740=ORIENTED_EDGE('',*,*,#1598,.F.);
#741=ORIENTED_EDGE('',*,*,#1717,.F.);
#742=ORIENTED_EDGE('',*,*,#1351,.T.);
#743=ORIENTED_EDGE('',*,*,#1719,.T.);
#744=ORIENTED_EDGE('',*,*,#1602,.F.);
#745=ORIENTED_EDGE('',*,*,#1721,.F.);
#746=ORIENTED_EDGE('',*,*,#1347,.T.);
#747=ORIENTED_EDGE('',*,*,#1723,.T.);
#748=ORIENTED_EDGE('',*,*,#1606,.F.);
#749=ORIENTED_EDGE('',*,*,#1725,.F.);
#750=ORIENTED_EDGE('',*,*,#1343,.T.);
#751=ORIENTED_EDGE('',*,*,#1727,.T.);
#752=ORIENTED_EDGE('',*,*,#1610,.F.);
#753=ORIENTED_EDGE('',*,*,#1729,.F.);
#754=ORIENTED_EDGE('',*,*,#1339,.T.);
#755=ORIENTED_EDGE('',*,*,#1731,.T.);
#756=ORIENTED_EDGE('',*,*,#1614,.T.);
#757=ORIENTED_EDGE('',*,*,#1733,.F.);
#758=ORIENTED_EDGE('',*,*,#1335,.F.);
#759=ORIENTED_EDGE('',*,*,#1735,.T.);
#760=ORIENTED_EDGE('',*,*,#1578,.F.);
#761=ORIENTED_EDGE('',*,*,#1697,.F.);
#762=ORIENTED_EDGE('',*,*,#1371,.T.);
#763=ORIENTED_EDGE('',*,*,#1699,.T.);
#764=ORIENTED_EDGE('',*,*,#1617,.T.);
#765=ORIENTED_EDGE('',*,*,#1736,.T.);
#766=ORIENTED_EDGE('',*,*,#1373,.F.);
#767=ORIENTED_EDGE('',*,*,#1737,.F.);
#768=ORIENTED_EDGE('',*,*,#1618,.T.);
#769=ORIENTED_EDGE('',*,*,#1737,.T.);
#770=ORIENTED_EDGE('',*,*,#1372,.F.);
#771=ORIENTED_EDGE('',*,*,#1738,.F.);
#772=ORIENTED_EDGE('',*,*,#1619,.T.);
#773=ORIENTED_EDGE('',*,*,#1738,.T.);
#774=ORIENTED_EDGE('',*,*,#1393,.F.);
#775=ORIENTED_EDGE('',*,*,#1739,.F.);
#776=ORIENTED_EDGE('',*,*,#1620,.T.);
#777=ORIENTED_EDGE('',*,*,#1739,.T.);
#778=ORIENTED_EDGE('',*,*,#1392,.F.);
#779=ORIENTED_EDGE('',*,*,#1740,.F.);
#780=ORIENTED_EDGE('',*,*,#1621,.T.);
#781=ORIENTED_EDGE('',*,*,#1740,.T.);
#782=ORIENTED_EDGE('',*,*,#1391,.F.);
#783=ORIENTED_EDGE('',*,*,#1741,.F.);
#784=ORIENTED_EDGE('',*,*,#1622,.T.);
#785=ORIENTED_EDGE('',*,*,#1741,.T.);
#786=ORIENTED_EDGE('',*,*,#1390,.F.);
#787=ORIENTED_EDGE('',*,*,#1742,.F.);
#788=ORIENTED_EDGE('',*,*,#1623,.T.);
#789=ORIENTED_EDGE('',*,*,#1742,.T.);
#790=ORIENTED_EDGE('',*,*,#1389,.F.);
#791=ORIENTED_EDGE('',*,*,#1743,.F.);
#792=ORIENTED_EDGE('',*,*,#1624,.T.);
#793=ORIENTED_EDGE('',*,*,#1743,.T.);
#794=ORIENTED_EDGE('',*,*,#1388,.F.);
#795=ORIENTED_EDGE('',*,*,#1744,.F.);
#796=ORIENTED_EDGE('',*,*,#1625,.T.);
#797=ORIENTED_EDGE('',*,*,#1744,.T.);
#798=ORIENTED_EDGE('',*,*,#1387,.F.);
#799=ORIENTED_EDGE('',*,*,#1745,.F.);
#800=ORIENTED_EDGE('',*,*,#1626,.T.);
#801=ORIENTED_EDGE('',*,*,#1745,.T.);
#802=ORIENTED_EDGE('',*,*,#1386,.F.);
#803=ORIENTED_EDGE('',*,*,#1746,.F.);
#804=ORIENTED_EDGE('',*,*,#1627,.T.);
#805=ORIENTED_EDGE('',*,*,#1746,.T.);
#806=ORIENTED_EDGE('',*,*,#1385,.F.);
#807=ORIENTED_EDGE('',*,*,#1747,.F.);
#808=ORIENTED_EDGE('',*,*,#1628,.T.);
#809=ORIENTED_EDGE('',*,*,#1747,.T.);
#810=ORIENTED_EDGE('',*,*,#1384,.F.);
#811=ORIENTED_EDGE('',*,*,#1748,.F.);
#812=ORIENTED_EDGE('',*,*,#1629,.T.);
#813=ORIENTED_EDGE('',*,*,#1748,.T.);
#814=ORIENTED_EDGE('',*,*,#1383,.F.);
#815=ORIENTED_EDGE('',*,*,#1749,.F.);
#816=ORIENTED_EDGE('',*,*,#1630,.T.);
#817=ORIENTED_EDGE('',*,*,#1749,.T.);
#818=ORIENTED_EDGE('',*,*,#1382,.F.);
#819=ORIENTED_EDGE('',*,*,#1750,.F.);
#820=ORIENTED_EDGE('',*,*,#1631,.T.);
#821=ORIENTED_EDGE('',*,*,#1750,.T.);
#822=ORIENTED_EDGE('',*,*,#1381,.F.);
#823=ORIENTED_EDGE('',*,*,#1751,.F.);
#824=ORIENTED_EDGE('',*,*,#1632,.T.);
#825=ORIENTED_EDGE('',*,*,#1751,.T.);
#826=ORIENTED_EDGE('',*,*,#1380,.F.);
#827=ORIENTED_EDGE('',*,*,#1752,.F.);
#828=ORIENTED_EDGE('',*,*,#1633,.T.);
#829=ORIENTED_EDGE('',*,*,#1752,.T.);
#830=ORIENTED_EDGE('',*,*,#1379,.F.);
#831=ORIENTED_EDGE('',*,*,#1753,.F.);
#832=ORIENTED_EDGE('',*,*,#1634,.T.);
#833=ORIENTED_EDGE('',*,*,#1753,.T.);
#834=ORIENTED_EDGE('',*,*,#1378,.F.);
#835=ORIENTED_EDGE('',*,*,#1754,.F.);
#836=ORIENTED_EDGE('',*,*,#1635,.T.);
#837=ORIENTED_EDGE('',*,*,#1754,.T.);
#838=ORIENTED_EDGE('',*,*,#1377,.F.);
#839=ORIENTED_EDGE('',*,*,#1755,.F.);
#840=ORIENTED_EDGE('',*,*,#1636,.T.);
#841=ORIENTED_EDGE('',*,*,#1755,.T.);
#842=ORIENTED_EDGE('',*,*,#1376,.F.);
#843=ORIENTED_EDGE('',*,*,#1756,.F.);
#844=ORIENTED_EDGE('',*,*,#1637,.T.);
#845=ORIENTED_EDGE('',*,*,#1756,.T.);
#846=ORIENTED_EDGE('',*,*,#1375,.F.);
#847=ORIENTED_EDGE('',*,*,#1757,.F.);
#848=ORIENTED_EDGE('',*,*,#1638,.T.);
#849=ORIENTED_EDGE('',*,*,#1757,.T.);
#850=ORIENTED_EDGE('',*,*,#1374,.F.);
#851=ORIENTED_EDGE('',*,*,#1736,.F.);
#852=ORIENTED_EDGE('',*,*,#1573,.T.);
#853=ORIENTED_EDGE('',*,*,#1758,.T.);
#854=ORIENTED_EDGE('',*,*,#1395,.F.);
#855=ORIENTED_EDGE('',*,*,#1759,.F.);
#856=ORIENTED_EDGE('',*,*,#1574,.T.);
#857=ORIENTED_EDGE('',*,*,#1759,.T.);
#858=ORIENTED_EDGE('',*,*,#1394,.F.);
#859=ORIENTED_EDGE('',*,*,#1760,.F.);
#860=ORIENTED_EDGE('',*,*,#1575,.T.);
#861=ORIENTED_EDGE('',*,*,#1760,.T.);
#862=ORIENTED_EDGE('',*,*,#1397,.F.);
#863=ORIENTED_EDGE('',*,*,#1761,.F.);
#864=ORIENTED_EDGE('',*,*,#1576,.T.);
#865=ORIENTED_EDGE('',*,*,#1761,.T.);
#866=ORIENTED_EDGE('',*,*,#1396,.F.);
#867=ORIENTED_EDGE('',*,*,#1758,.F.);
#868=ORIENTED_EDGE('',*,*,#1639,.T.);
#869=ORIENTED_EDGE('',*,*,#1762,.T.);
#870=ORIENTED_EDGE('',*,*,#1399,.F.);
#871=ORIENTED_EDGE('',*,*,#1763,.F.);
#872=ORIENTED_EDGE('',*,*,#1640,.T.);
#873=ORIENTED_EDGE('',*,*,#1763,.T.);
#874=ORIENTED_EDGE('',*,*,#1398,.F.);
#875=ORIENTED_EDGE('',*,*,#1764,.F.);
#876=ORIENTED_EDGE('',*,*,#1641,.T.);
#877=ORIENTED_EDGE('',*,*,#1764,.T.);
#878=ORIENTED_EDGE('',*,*,#1401,.F.);
#879=ORIENTED_EDGE('',*,*,#1765,.F.);
#880=ORIENTED_EDGE('',*,*,#1642,.T.);
#881=ORIENTED_EDGE('',*,*,#1765,.T.);
#882=ORIENTED_EDGE('',*,*,#1400,.F.);
#883=ORIENTED_EDGE('',*,*,#1762,.F.);
#884=ORIENTED_EDGE('',*,*,#1548,.T.);
#885=ORIENTED_EDGE('',*,*,#1766,.T.);
#886=ORIENTED_EDGE('',*,*,#1403,.F.);
#887=ORIENTED_EDGE('',*,*,#1767,.F.);
#888=ORIENTED_EDGE('',*,*,#1549,.T.);
#889=ORIENTED_EDGE('',*,*,#1767,.T.);
#890=ORIENTED_EDGE('',*,*,#1402,.F.);
#891=ORIENTED_EDGE('',*,*,#1768,.F.);
#892=ORIENTED_EDGE('',*,*,#1550,.T.);
#893=ORIENTED_EDGE('',*,*,#1768,.T.);
#894=ORIENTED_EDGE('',*,*,#1426,.F.);
#895=ORIENTED_EDGE('',*,*,#1769,.F.);
#896=ORIENTED_EDGE('',*,*,#1551,.T.);
#897=ORIENTED_EDGE('',*,*,#1769,.T.);
#898=ORIENTED_EDGE('',*,*,#1425,.F.);
#899=ORIENTED_EDGE('',*,*,#1770,.F.);
#900=ORIENTED_EDGE('',*,*,#1552,.T.);
#901=ORIENTED_EDGE('',*,*,#1770,.T.);
#902=ORIENTED_EDGE('',*,*,#1424,.F.);
#903=ORIENTED_EDGE('',*,*,#1771,.F.);
#904=ORIENTED_EDGE('',*,*,#1553,.T.);
#905=ORIENTED_EDGE('',*,*,#1771,.T.);
#906=ORIENTED_EDGE('',*,*,#1423,.F.);
#907=ORIENTED_EDGE('',*,*,#1772,.F.);
#908=ORIENTED_EDGE('',*,*,#1554,.T.);
#909=ORIENTED_EDGE('',*,*,#1772,.T.);
#910=ORIENTED_EDGE('',*,*,#1422,.F.);
#911=ORIENTED_EDGE('',*,*,#1773,.F.);
#912=ORIENTED_EDGE('',*,*,#1555,.T.);
#913=ORIENTED_EDGE('',*,*,#1773,.T.);
#914=ORIENTED_EDGE('',*,*,#1421,.F.);
#915=ORIENTED_EDGE('',*,*,#1774,.F.);
#916=ORIENTED_EDGE('',*,*,#1556,.T.);
#917=ORIENTED_EDGE('',*,*,#1774,.T.);
#918=ORIENTED_EDGE('',*,*,#1420,.F.);
#919=ORIENTED_EDGE('',*,*,#1775,.F.);
#920=ORIENTED_EDGE('',*,*,#1557,.T.);
#921=ORIENTED_EDGE('',*,*,#1775,.T.);
#922=ORIENTED_EDGE('',*,*,#1419,.F.);
#923=ORIENTED_EDGE('',*,*,#1776,.F.);
#924=ORIENTED_EDGE('',*,*,#1558,.T.);
#925=ORIENTED_EDGE('',*,*,#1776,.T.);
#926=ORIENTED_EDGE('',*,*,#1418,.F.);
#927=ORIENTED_EDGE('',*,*,#1777,.F.);
#928=ORIENTED_EDGE('',*,*,#1559,.T.);
#929=ORIENTED_EDGE('',*,*,#1777,.T.);
#930=ORIENTED_EDGE('',*,*,#1417,.F.);
#931=ORIENTED_EDGE('',*,*,#1778,.F.);
#932=ORIENTED_EDGE('',*,*,#1560,.T.);
#933=ORIENTED_EDGE('',*,*,#1778,.T.);
#934=ORIENTED_EDGE('',*,*,#1416,.F.);
#935=ORIENTED_EDGE('',*,*,#1779,.F.);
#936=ORIENTED_EDGE('',*,*,#1561,.T.);
#937=ORIENTED_EDGE('',*,*,#1779,.T.);
#938=ORIENTED_EDGE('',*,*,#1415,.F.);
#939=ORIENTED_EDGE('',*,*,#1780,.F.);
#940=ORIENTED_EDGE('',*,*,#1562,.T.);
#941=ORIENTED_EDGE('',*,*,#1780,.T.);
#942=ORIENTED_EDGE('',*,*,#1414,.F.);
#943=ORIENTED_EDGE('',*,*,#1781,.F.);
#944=ORIENTED_EDGE('',*,*,#1563,.T.);
#945=ORIENTED_EDGE('',*,*,#1781,.T.);
#946=ORIENTED_EDGE('',*,*,#1413,.F.);
#947=ORIENTED_EDGE('',*,*,#1782,.F.);
#948=ORIENTED_EDGE('',*,*,#1564,.T.);
#949=ORIENTED_EDGE('',*,*,#1782,.T.);
#950=ORIENTED_EDGE('',*,*,#1412,.F.);
#951=ORIENTED_EDGE('',*,*,#1783,.F.);
#952=ORIENTED_EDGE('',*,*,#1565,.T.);
#953=ORIENTED_EDGE('',*,*,#1783,.T.);
#954=ORIENTED_EDGE('',*,*,#1411,.F.);
#955=ORIENTED_EDGE('',*,*,#1784,.F.);
#956=ORIENTED_EDGE('',*,*,#1566,.T.);
#957=ORIENTED_EDGE('',*,*,#1784,.T.);
#958=ORIENTED_EDGE('',*,*,#1410,.F.);
#959=ORIENTED_EDGE('',*,*,#1785,.F.);
#960=ORIENTED_EDGE('',*,*,#1567,.T.);
#961=ORIENTED_EDGE('',*,*,#1785,.T.);
#962=ORIENTED_EDGE('',*,*,#1409,.F.);
#963=ORIENTED_EDGE('',*,*,#1786,.F.);
#964=ORIENTED_EDGE('',*,*,#1568,.T.);
#965=ORIENTED_EDGE('',*,*,#1786,.T.);
#966=ORIENTED_EDGE('',*,*,#1408,.F.);
#967=ORIENTED_EDGE('',*,*,#1787,.F.);
#968=ORIENTED_EDGE('',*,*,#1569,.T.);
#969=ORIENTED_EDGE('',*,*,#1787,.T.);
#970=ORIENTED_EDGE('',*,*,#1407,.F.);
#971=ORIENTED_EDGE('',*,*,#1788,.F.);
#972=ORIENTED_EDGE('',*,*,#1570,.T.);
#973=ORIENTED_EDGE('',*,*,#1788,.T.);
#974=ORIENTED_EDGE('',*,*,#1406,.F.);
#975=ORIENTED_EDGE('',*,*,#1789,.F.);
#976=ORIENTED_EDGE('',*,*,#1571,.T.);
#977=ORIENTED_EDGE('',*,*,#1789,.T.);
#978=ORIENTED_EDGE('',*,*,#1405,.F.);
#979=ORIENTED_EDGE('',*,*,#1790,.F.);
#980=ORIENTED_EDGE('',*,*,#1572,.T.);
#981=ORIENTED_EDGE('',*,*,#1790,.T.);
#982=ORIENTED_EDGE('',*,*,#1404,.F.);
#983=ORIENTED_EDGE('',*,*,#1766,.F.);
#984=ORIENTED_EDGE('',*,*,#1643,.T.);
#985=ORIENTED_EDGE('',*,*,#1791,.T.);
#986=ORIENTED_EDGE('',*,*,#1428,.F.);
#987=ORIENTED_EDGE('',*,*,#1792,.F.);
#988=ORIENTED_EDGE('',*,*,#1644,.T.);
#989=ORIENTED_EDGE('',*,*,#1792,.T.);
#990=ORIENTED_EDGE('',*,*,#1427,.F.);
#991=ORIENTED_EDGE('',*,*,#1793,.F.);
#992=ORIENTED_EDGE('',*,*,#1645,.T.);
#993=ORIENTED_EDGE('',*,*,#1793,.T.);
#994=ORIENTED_EDGE('',*,*,#1434,.F.);
#995=ORIENTED_EDGE('',*,*,#1794,.F.);
#996=ORIENTED_EDGE('',*,*,#1646,.T.);
#997=ORIENTED_EDGE('',*,*,#1794,.T.);
#998=ORIENTED_EDGE('',*,*,#1433,.F.);
#999=ORIENTED_EDGE('',*,*,#1795,.F.);
#1000=ORIENTED_EDGE('',*,*,#1647,.T.);
#1001=ORIENTED_EDGE('',*,*,#1795,.T.);
#1002=ORIENTED_EDGE('',*,*,#1432,.F.);
#1003=ORIENTED_EDGE('',*,*,#1796,.F.);
#1004=ORIENTED_EDGE('',*,*,#1648,.T.);
#1005=ORIENTED_EDGE('',*,*,#1796,.T.);
#1006=ORIENTED_EDGE('',*,*,#1431,.F.);
#1007=ORIENTED_EDGE('',*,*,#1797,.F.);
#1008=ORIENTED_EDGE('',*,*,#1649,.T.);
#1009=ORIENTED_EDGE('',*,*,#1797,.T.);
#1010=ORIENTED_EDGE('',*,*,#1430,.F.);
#1011=ORIENTED_EDGE('',*,*,#1798,.F.);
#1012=ORIENTED_EDGE('',*,*,#1650,.T.);
#1013=ORIENTED_EDGE('',*,*,#1798,.T.);
#1014=ORIENTED_EDGE('',*,*,#1429,.F.);
#1015=ORIENTED_EDGE('',*,*,#1791,.F.);
#1016=ORIENTED_EDGE('',*,*,#1530,.T.);
#1017=ORIENTED_EDGE('',*,*,#1799,.T.);
#1018=ORIENTED_EDGE('',*,*,#1436,.F.);
#1019=ORIENTED_EDGE('',*,*,#1800,.F.);
#1020=ORIENTED_EDGE('',*,*,#1531,.T.);
#1021=ORIENTED_EDGE('',*,*,#1800,.T.);
#1022=ORIENTED_EDGE('',*,*,#1435,.F.);
#1023=ORIENTED_EDGE('',*,*,#1801,.F.);
#1024=ORIENTED_EDGE('',*,*,#1532,.T.);
#1025=ORIENTED_EDGE('',*,*,#1801,.T.);
#1026=ORIENTED_EDGE('',*,*,#1452,.F.);
#1027=ORIENTED_EDGE('',*,*,#1802,.F.);
#1028=ORIENTED_EDGE('',*,*,#1533,.T.);
#1029=ORIENTED_EDGE('',*,*,#1802,.T.);
#1030=ORIENTED_EDGE('',*,*,#1451,.F.);
#1031=ORIENTED_EDGE('',*,*,#1803,.F.);
#1032=ORIENTED_EDGE('',*,*,#1534,.T.);
#1033=ORIENTED_EDGE('',*,*,#1803,.T.);
#1034=ORIENTED_EDGE('',*,*,#1450,.F.);
#1035=ORIENTED_EDGE('',*,*,#1804,.F.);
#1036=ORIENTED_EDGE('',*,*,#1535,.T.);
#1037=ORIENTED_EDGE('',*,*,#1804,.T.);
#1038=ORIENTED_EDGE('',*,*,#1449,.F.);
#1039=ORIENTED_EDGE('',*,*,#1805,.F.);
#1040=ORIENTED_EDGE('',*,*,#1536,.T.);
#1041=ORIENTED_EDGE('',*,*,#1805,.T.);
#1042=ORIENTED_EDGE('',*,*,#1448,.F.);
#1043=ORIENTED_EDGE('',*,*,#1806,.F.);
#1044=ORIENTED_EDGE('',*,*,#1537,.T.);
#1045=ORIENTED_EDGE('',*,*,#1806,.T.);
#1046=ORIENTED_EDGE('',*,*,#1447,.F.);
#1047=ORIENTED_EDGE('',*,*,#1807,.F.);
#1048=ORIENTED_EDGE('',*,*,#1538,.T.);
#1049=ORIENTED_EDGE('',*,*,#1807,.T.);
#1050=ORIENTED_EDGE('',*,*,#1446,.F.);
#1051=ORIENTED_EDGE('',*,*,#1808,.F.);
#1052=ORIENTED_EDGE('',*,*,#1539,.T.);
#1053=ORIENTED_EDGE('',*,*,#1808,.T.);
#1054=ORIENTED_EDGE('',*,*,#1445,.F.);
#1055=ORIENTED_EDGE('',*,*,#1809,.F.);
#1056=ORIENTED_EDGE('',*,*,#1540,.T.);
#1057=ORIENTED_EDGE('',*,*,#1809,.T.);
#1058=ORIENTED_EDGE('',*,*,#1444,.F.);
#1059=ORIENTED_EDGE('',*,*,#1810,.F.);
#1060=ORIENTED_EDGE('',*,*,#1541,.T.);
#1061=ORIENTED_EDGE('',*,*,#1810,.T.);
#1062=ORIENTED_EDGE('',*,*,#1443,.F.);
#1063=ORIENTED_EDGE('',*,*,#1811,.F.);
#1064=ORIENTED_EDGE('',*,*,#1542,.T.);
#1065=ORIENTED_EDGE('',*,*,#1811,.T.);
#1066=ORIENTED_EDGE('',*,*,#1442,.F.);
#1067=ORIENTED_EDGE('',*,*,#1812,.F.);
#1068=ORIENTED_EDGE('',*,*,#1543,.T.);
#1069=ORIENTED_EDGE('',*,*,#1812,.T.);
#1070=ORIENTED_EDGE('',*,*,#1441,.F.);
#1071=ORIENTED_EDGE('',*,*,#1813,.F.);
#1072=ORIENTED_EDGE('',*,*,#1544,.T.);
#1073=ORIENTED_EDGE('',*,*,#1813,.T.);
#1074=ORIENTED_EDGE('',*,*,#1440,.F.);
#1075=ORIENTED_EDGE('',*,*,#1814,.F.);
#1076=ORIENTED_EDGE('',*,*,#1545,.T.);
#1077=ORIENTED_EDGE('',*,*,#1814,.T.);
#1078=ORIENTED_EDGE('',*,*,#1439,.F.);
#1079=ORIENTED_EDGE('',*,*,#1815,.F.);
#1080=ORIENTED_EDGE('',*,*,#1546,.T.);
#1081=ORIENTED_EDGE('',*,*,#1815,.T.);
#1082=ORIENTED_EDGE('',*,*,#1438,.F.);
#1083=ORIENTED_EDGE('',*,*,#1816,.F.);
#1084=ORIENTED_EDGE('',*,*,#1547,.T.);
#1085=ORIENTED_EDGE('',*,*,#1816,.T.);
#1086=ORIENTED_EDGE('',*,*,#1437,.F.);
#1087=ORIENTED_EDGE('',*,*,#1799,.F.);
#1088=ORIENTED_EDGE('',*,*,#1651,.T.);
#1089=ORIENTED_EDGE('',*,*,#1817,.T.);
#1090=ORIENTED_EDGE('',*,*,#1454,.F.);
#1091=ORIENTED_EDGE('',*,*,#1818,.F.);
#1092=ORIENTED_EDGE('',*,*,#1652,.T.);
#1093=ORIENTED_EDGE('',*,*,#1818,.T.);
#1094=ORIENTED_EDGE('',*,*,#1453,.F.);
#1095=ORIENTED_EDGE('',*,*,#1819,.F.);
#1096=ORIENTED_EDGE('',*,*,#1653,.T.);
#1097=ORIENTED_EDGE('',*,*,#1819,.T.);
#1098=ORIENTED_EDGE('',*,*,#1467,.F.);
#1099=ORIENTED_EDGE('',*,*,#1820,.F.);
#1100=ORIENTED_EDGE('',*,*,#1654,.T.);
#1101=ORIENTED_EDGE('',*,*,#1820,.T.);
#1102=ORIENTED_EDGE('',*,*,#1466,.F.);
#1103=ORIENTED_EDGE('',*,*,#1821,.F.);
#1104=ORIENTED_EDGE('',*,*,#1655,.T.);
#1105=ORIENTED_EDGE('',*,*,#1821,.T.);
#1106=ORIENTED_EDGE('',*,*,#1465,.F.);
#1107=ORIENTED_EDGE('',*,*,#1822,.F.);
#1108=ORIENTED_EDGE('',*,*,#1656,.T.);
#1109=ORIENTED_EDGE('',*,*,#1822,.T.);
#1110=ORIENTED_EDGE('',*,*,#1464,.F.);
#1111=ORIENTED_EDGE('',*,*,#1823,.F.);
#1112=ORIENTED_EDGE('',*,*,#1657,.T.);
#1113=ORIENTED_EDGE('',*,*,#1823,.T.);
#1114=ORIENTED_EDGE('',*,*,#1463,.F.);
#1115=ORIENTED_EDGE('',*,*,#1824,.F.);
#1116=ORIENTED_EDGE('',*,*,#1658,.T.);
#1117=ORIENTED_EDGE('',*,*,#1824,.T.);
#1118=ORIENTED_EDGE('',*,*,#1462,.F.);
#1119=ORIENTED_EDGE('',*,*,#1825,.F.);
#1120=ORIENTED_EDGE('',*,*,#1659,.T.);
#1121=ORIENTED_EDGE('',*,*,#1825,.T.);
#1122=ORIENTED_EDGE('',*,*,#1461,.F.);
#1123=ORIENTED_EDGE('',*,*,#1826,.F.);
#1124=ORIENTED_EDGE('',*,*,#1660,.T.);
#1125=ORIENTED_EDGE('',*,*,#1826,.T.);
#1126=ORIENTED_EDGE('',*,*,#1460,.F.);
#1127=ORIENTED_EDGE('',*,*,#1827,.F.);
#1128=ORIENTED_EDGE('',*,*,#1661,.T.);
#1129=ORIENTED_EDGE('',*,*,#1827,.T.);
#1130=ORIENTED_EDGE('',*,*,#1459,.F.);
#1131=ORIENTED_EDGE('',*,*,#1828,.F.);
#1132=ORIENTED_EDGE('',*,*,#1662,.T.);
#1133=ORIENTED_EDGE('',*,*,#1828,.T.);
#1134=ORIENTED_EDGE('',*,*,#1458,.F.);
#1135=ORIENTED_EDGE('',*,*,#1829,.F.);
#1136=ORIENTED_EDGE('',*,*,#1663,.T.);
#1137=ORIENTED_EDGE('',*,*,#1829,.T.);
#1138=ORIENTED_EDGE('',*,*,#1457,.F.);
#1139=ORIENTED_EDGE('',*,*,#1830,.F.);
#1140=ORIENTED_EDGE('',*,*,#1664,.T.);
#1141=ORIENTED_EDGE('',*,*,#1830,.T.);
#1142=ORIENTED_EDGE('',*,*,#1456,.F.);
#1143=ORIENTED_EDGE('',*,*,#1831,.F.);
#1144=ORIENTED_EDGE('',*,*,#1665,.T.);
#1145=ORIENTED_EDGE('',*,*,#1831,.T.);
#1146=ORIENTED_EDGE('',*,*,#1455,.F.);
#1147=ORIENTED_EDGE('',*,*,#1817,.F.);
#1148=ORIENTED_EDGE('',*,*,#1526,.T.);
#1149=ORIENTED_EDGE('',*,*,#1832,.T.);
#1150=ORIENTED_EDGE('',*,*,#1469,.F.);
#1151=ORIENTED_EDGE('',*,*,#1833,.F.);
#1152=ORIENTED_EDGE('',*,*,#1527,.T.);
#1153=ORIENTED_EDGE('',*,*,#1833,.T.);
#1154=ORIENTED_EDGE('',*,*,#1468,.F.);
#1155=ORIENTED_EDGE('',*,*,#1834,.F.);
#1156=ORIENTED_EDGE('',*,*,#1528,.T.);
#1157=ORIENTED_EDGE('',*,*,#1834,.T.);
#1158=ORIENTED_EDGE('',*,*,#1471,.F.);
#1159=ORIENTED_EDGE('',*,*,#1835,.F.);
#1160=ORIENTED_EDGE('',*,*,#1529,.T.);
#1161=ORIENTED_EDGE('',*,*,#1835,.T.);
#1162=ORIENTED_EDGE('',*,*,#1470,.F.);
#1163=ORIENTED_EDGE('',*,*,#1832,.F.);
#1164=ORIENTED_EDGE('',*,*,#1666,.T.);
#1165=ORIENTED_EDGE('',*,*,#1836,.T.);
#1166=ORIENTED_EDGE('',*,*,#1473,.F.);
#1167=ORIENTED_EDGE('',*,*,#1837,.F.);
#1168=ORIENTED_EDGE('',*,*,#1667,.T.);
#1169=ORIENTED_EDGE('',*,*,#1837,.T.);
#1170=ORIENTED_EDGE('',*,*,#1472,.F.);
#1171=ORIENTED_EDGE('',*,*,#1838,.F.);
#1172=ORIENTED_EDGE('',*,*,#1668,.T.);
#1173=ORIENTED_EDGE('',*,*,#1838,.T.);
#1174=ORIENTED_EDGE('',*,*,#1493,.F.);
#1175=ORIENTED_EDGE('',*,*,#1839,.F.);
#1176=ORIENTED_EDGE('',*,*,#1669,.T.);
#1177=ORIENTED_EDGE('',*,*,#1839,.T.);
#1178=ORIENTED_EDGE('',*,*,#1492,.F.);
#1179=ORIENTED_EDGE('',*,*,#1840,.F.);
#1180=ORIENTED_EDGE('',*,*,#1670,.T.);
#1181=ORIENTED_EDGE('',*,*,#1840,.T.);
#1182=ORIENTED_EDGE('',*,*,#1491,.F.);
#1183=ORIENTED_EDGE('',*,*,#1841,.F.);
#1184=ORIENTED_EDGE('',*,*,#1671,.T.);
#1185=ORIENTED_EDGE('',*,*,#1841,.T.);
#1186=ORIENTED_EDGE('',*,*,#1490,.F.);
#1187=ORIENTED_EDGE('',*,*,#1842,.F.);
#1188=ORIENTED_EDGE('',*,*,#1672,.T.);
#1189=ORIENTED_EDGE('',*,*,#1842,.T.);
#1190=ORIENTED_EDGE('',*,*,#1489,.F.);
#1191=ORIENTED_EDGE('',*,*,#1843,.F.);
#1192=ORIENTED_EDGE('',*,*,#1673,.T.);
#1193=ORIENTED_EDGE('',*,*,#1843,.T.);
#1194=ORIENTED_EDGE('',*,*,#1488,.F.);
#1195=ORIENTED_EDGE('',*,*,#1844,.F.);
#1196=ORIENTED_EDGE('',*,*,#1674,.T.);
#1197=ORIENTED_EDGE('',*,*,#1844,.T.);
#1198=ORIENTED_EDGE('',*,*,#1487,.F.);
#1199=ORIENTED_EDGE('',*,*,#1845,.F.);
#1200=ORIENTED_EDGE('',*,*,#1675,.T.);
#1201=ORIENTED_EDGE('',*,*,#1845,.T.);
#1202=ORIENTED_EDGE('',*,*,#1486,.F.);
#1203=ORIENTED_EDGE('',*,*,#1846,.F.);
#1204=ORIENTED_EDGE('',*,*,#1676,.T.);
#1205=ORIENTED_EDGE('',*,*,#1846,.T.);
#1206=ORIENTED_EDGE('',*,*,#1485,.F.);
#1207=ORIENTED_EDGE('',*,*,#1847,.F.);
#1208=ORIENTED_EDGE('',*,*,#1677,.T.);
#1209=ORIENTED_EDGE('',*,*,#1847,.T.);
#1210=ORIENTED_EDGE('',*,*,#1484,.F.);
#1211=ORIENTED_EDGE('',*,*,#1848,.F.);
#1212=ORIENTED_EDGE('',*,*,#1678,.T.);
#1213=ORIENTED_EDGE('',*,*,#1848,.T.);
#1214=ORIENTED_EDGE('',*,*,#1483,.F.);
#1215=ORIENTED_EDGE('',*,*,#1849,.F.);
#1216=ORIENTED_EDGE('',*,*,#1679,.T.);
#1217=ORIENTED_EDGE('',*,*,#1849,.T.);
#1218=ORIENTED_EDGE('',*,*,#1482,.F.);
#1219=ORIENTED_EDGE('',*,*,#1850,.F.);
#1220=ORIENTED_EDGE('',*,*,#1680,.T.);
#1221=ORIENTED_EDGE('',*,*,#1850,.T.);
#1222=ORIENTED_EDGE('',*,*,#1481,.F.);
#1223=ORIENTED_EDGE('',*,*,#1851,.F.);
#1224=ORIENTED_EDGE('',*,*,#1681,.T.);
#1225=ORIENTED_EDGE('',*,*,#1851,.T.);
#1226=ORIENTED_EDGE('',*,*,#1480,.F.);
#1227=ORIENTED_EDGE('',*,*,#1852,.F.);
#1228=ORIENTED_EDGE('',*,*,#1682,.T.);
#1229=ORIENTED_EDGE('',*,*,#1852,.T.);
#1230=ORIENTED_EDGE('',*,*,#1479,.F.);
#1231=ORIENTED_EDGE('',*,*,#1853,.F.);
#1232=ORIENTED_EDGE('',*,*,#1683,.T.);
#1233=ORIENTED_EDGE('',*,*,#1853,.T.);
#1234=ORIENTED_EDGE('',*,*,#1478,.F.);
#1235=ORIENTED_EDGE('',*,*,#1854,.F.);
#1236=ORIENTED_EDGE('',*,*,#1684,.T.);
#1237=ORIENTED_EDGE('',*,*,#1854,.T.);
#1238=ORIENTED_EDGE('',*,*,#1477,.F.);
#1239=ORIENTED_EDGE('',*,*,#1855,.F.);
#1240=ORIENTED_EDGE('',*,*,#1685,.T.);
#1241=ORIENTED_EDGE('',*,*,#1855,.T.);
#1242=ORIENTED_EDGE('',*,*,#1476,.F.);
#1243=ORIENTED_EDGE('',*,*,#1856,.F.);
#1244=ORIENTED_EDGE('',*,*,#1686,.T.);
#1245=ORIENTED_EDGE('',*,*,#1856,.T.);
#1246=ORIENTED_EDGE('',*,*,#1475,.F.);
#1247=ORIENTED_EDGE('',*,*,#1857,.F.);
#1248=ORIENTED_EDGE('',*,*,#1687,.T.);
#1249=ORIENTED_EDGE('',*,*,#1857,.T.);
#1250=ORIENTED_EDGE('',*,*,#1474,.F.);
#1251=ORIENTED_EDGE('',*,*,#1836,.F.);
#1252=ORIENTED_EDGE('',*,*,#1518,.T.);
#1253=ORIENTED_EDGE('',*,*,#1858,.T.);
#1254=ORIENTED_EDGE('',*,*,#1495,.F.);
#1255=ORIENTED_EDGE('',*,*,#1859,.F.);
#1256=ORIENTED_EDGE('',*,*,#1519,.T.);
#1257=ORIENTED_EDGE('',*,*,#1859,.T.);
#1258=ORIENTED_EDGE('',*,*,#1494,.F.);
#1259=ORIENTED_EDGE('',*,*,#1860,.F.);
#1260=ORIENTED_EDGE('',*,*,#1520,.T.);
#1261=ORIENTED_EDGE('',*,*,#1860,.T.);
#1262=ORIENTED_EDGE('',*,*,#1501,.F.);
#1263=ORIENTED_EDGE('',*,*,#1861,.F.);
#1264=ORIENTED_EDGE('',*,*,#1521,.T.);
#1265=ORIENTED_EDGE('',*,*,#1861,.T.);
#1266=ORIENTED_EDGE('',*,*,#1500,.F.);
#1267=ORIENTED_EDGE('',*,*,#1862,.F.);
#1268=ORIENTED_EDGE('',*,*,#1522,.T.);
#1269=ORIENTED_EDGE('',*,*,#1862,.T.);
#1270=ORIENTED_EDGE('',*,*,#1499,.F.);
#1271=ORIENTED_EDGE('',*,*,#1863,.F.);
#1272=ORIENTED_EDGE('',*,*,#1523,.T.);
#1273=ORIENTED_EDGE('',*,*,#1863,.T.);
#1274=ORIENTED_EDGE('',*,*,#1498,.F.);
#1275=ORIENTED_EDGE('',*,*,#1864,.F.);
#1276=ORIENTED_EDGE('',*,*,#1524,.T.);
#1277=ORIENTED_EDGE('',*,*,#1864,.T.);
#1278=ORIENTED_EDGE('',*,*,#1497,.F.);
#1279=ORIENTED_EDGE('',*,*,#1865,.F.);
#1280=ORIENTED_EDGE('',*,*,#1525,.T.);
#1281=ORIENTED_EDGE('',*,*,#1865,.T.);
#1282=ORIENTED_EDGE('',*,*,#1496,.F.);
#1283=ORIENTED_EDGE('',*,*,#1858,.F.);
#1284=ORIENTED_EDGE('',*,*,#1688,.T.);
#1285=ORIENTED_EDGE('',*,*,#1866,.T.);
#1286=ORIENTED_EDGE('',*,*,#1503,.F.);
#1287=ORIENTED_EDGE('',*,*,#1867,.F.);
#1288=ORIENTED_EDGE('',*,*,#1689,.T.);
#1289=ORIENTED_EDGE('',*,*,#1867,.T.);
#1290=ORIENTED_EDGE('',*,*,#1502,.F.);
#1291=ORIENTED_EDGE('',*,*,#1868,.F.);
#1292=ORIENTED_EDGE('',*,*,#1690,.T.);
#1293=ORIENTED_EDGE('',*,*,#1868,.T.);
#1294=ORIENTED_EDGE('',*,*,#1505,.F.);
#1295=ORIENTED_EDGE('',*,*,#1869,.F.);
#1296=ORIENTED_EDGE('',*,*,#1691,.T.);
#1297=ORIENTED_EDGE('',*,*,#1869,.T.);
#1298=ORIENTED_EDGE('',*,*,#1504,.F.);
#1299=ORIENTED_EDGE('',*,*,#1866,.F.);
#1300=ORIENTED_EDGE('',*,*,#1514,.T.);
#1301=ORIENTED_EDGE('',*,*,#1870,.T.);
#1302=ORIENTED_EDGE('',*,*,#1507,.F.);
#1303=ORIENTED_EDGE('',*,*,#1871,.F.);
#1304=ORIENTED_EDGE('',*,*,#1515,.T.);
#1305=ORIENTED_EDGE('',*,*,#1871,.T.);
#1306=ORIENTED_EDGE('',*,*,#1506,.F.);
#1307=ORIENTED_EDGE('',*,*,#1872,.F.);
#1308=ORIENTED_EDGE('',*,*,#1516,.T.);
#1309=ORIENTED_EDGE('',*,*,#1872,.T.);
#1310=ORIENTED_EDGE('',*,*,#1509,.F.);
#1311=ORIENTED_EDGE('',*,*,#1873,.F.);
#1312=ORIENTED_EDGE('',*,*,#1517,.T.);
#1313=ORIENTED_EDGE('',*,*,#1873,.T.);
#1314=ORIENTED_EDGE('',*,*,#1508,.F.);
#1315=ORIENTED_EDGE('',*,*,#1870,.F.);
#1316=ORIENTED_EDGE('',*,*,#1692,.T.);
#1317=ORIENTED_EDGE('',*,*,#1874,.T.);
#1318=ORIENTED_EDGE('',*,*,#1511,.F.);
#1319=ORIENTED_EDGE('',*,*,#1875,.F.);
#1320=ORIENTED_EDGE('',*,*,#1693,.T.);
#1321=ORIENTED_EDGE('',*,*,#1875,.T.);
#1322=ORIENTED_EDGE('',*,*,#1510,.F.);
#1323=ORIENTED_EDGE('',*,*,#1876,.F.);
#1324=ORIENTED_EDGE('',*,*,#1694,.T.);
#1325=ORIENTED_EDGE('',*,*,#1876,.T.);
#1326=ORIENTED_EDGE('',*,*,#1513,.F.);
#1327=ORIENTED_EDGE('',*,*,#1877,.F.);
#1328=ORIENTED_EDGE('',*,*,#1695,.T.);
#1329=ORIENTED_EDGE('',*,*,#1877,.T.);
#1330=ORIENTED_EDGE('',*,*,#1512,.F.);
#1331=ORIENTED_EDGE('',*,*,#1874,.F.);
#1332=EDGE_CURVE('',#1878,#1879,#2242,.T.);
#1333=EDGE_CURVE('',#1880,#1879,#2243,.T.);
#1334=EDGE_CURVE('',#1881,#1880,#2244,.T.);
#1335=EDGE_CURVE('',#1881,#1878,#2245,.T.);
#1336=EDGE_CURVE('',#1882,#1883,#2246,.T.);
#1337=EDGE_CURVE('',#1884,#1882,#2247,.T.);
#1338=EDGE_CURVE('',#1884,#1885,#2248,.T.);
#1339=EDGE_CURVE('',#1883,#1885,#2249,.T.);
#1340=EDGE_CURVE('',#1886,#1887,#2250,.T.);
#1341=EDGE_CURVE('',#1888,#1887,#2251,.T.);
#1342=EDGE_CURVE('',#1889,#1888,#2252,.T.);
#1343=EDGE_CURVE('',#1886,#1889,#2253,.T.);
#1344=EDGE_CURVE('',#1890,#1891,#2254,.T.);
#1345=EDGE_CURVE('',#1892,#1890,#2255,.T.);
#1346=EDGE_CURVE('',#1892,#1893,#2256,.T.);
#1347=EDGE_CURVE('',#1891,#1893,#2257,.T.);
#1348=EDGE_CURVE('',#1894,#1895,#2258,.T.);
#1349=EDGE_CURVE('',#1896,#1894,#2259,.T.);
#1350=EDGE_CURVE('',#1896,#1897,#2260,.T.);
#1351=EDGE_CURVE('',#1895,#1897,#2261,.T.);
#1352=EDGE_CURVE('',#1898,#1899,#2262,.T.);
#1353=EDGE_CURVE('',#1900,#1898,#2263,.T.);
#1354=EDGE_CURVE('',#1901,#1900,#2264,.T.);
#1355=EDGE_CURVE('',#1901,#1899,#2265,.T.);
#1356=EDGE_CURVE('',#1902,#1903,#2266,.T.);
#1357=EDGE_CURVE('',#1904,#1902,#2267,.T.);
#1358=EDGE_CURVE('',#1904,#1905,#2268,.T.);
#1359=EDGE_CURVE('',#1903,#1905,#2269,.T.);
#1360=EDGE_CURVE('',#1906,#1907,#2270,.T.);
#1361=EDGE_CURVE('',#1908,#1907,#2271,.T.);
#1362=EDGE_CURVE('',#1908,#1909,#2272,.T.);
#1363=EDGE_CURVE('',#1906,#1909,#2273,.T.);
#1364=EDGE_CURVE('',#1910,#1911,#2274,.T.);
#1365=EDGE_CURVE('',#1912,#1911,#2275,.T.);
#1366=EDGE_CURVE('',#1912,#1913,#2276,.T.);
#1367=EDGE_CURVE('',#1910,#1913,#2277,.T.);
#1368=EDGE_CURVE('',#1914,#1915,#2278,.T.);
#1369=EDGE_CURVE('',#1916,#1915,#2279,.T.);
#1370=EDGE_CURVE('',#1916,#1917,#2280,.T.);
#1371=EDGE_CURVE('',#1914,#1917,#2281,.T.);
#1372=EDGE_CURVE('',#1918,#1919,#2282,.T.);
#1373=EDGE_CURVE('',#1919,#1920,#166,.T.);
#1374=EDGE_CURVE('',#1920,#1921,#167,.T.);
#1375=EDGE_CURVE('',#1921,#1922,#88,.F.);
#1376=EDGE_CURVE('',#1922,#1923,#89,.F.);
#1377=EDGE_CURVE('',#1923,#1924,#168,.T.);
#1378=EDGE_CURVE('',#1924,#1925,#169,.T.);
#1379=EDGE_CURVE('',#1925,#1926,#170,.T.);
#1380=EDGE_CURVE('',#1926,#1927,#171,.T.);
#1381=EDGE_CURVE('',#1927,#1928,#172,.T.);
#1382=EDGE_CURVE('',#1928,#1929,#90,.F.);
#1383=EDGE_CURVE('',#1929,#1930,#2283,.T.);
#1384=EDGE_CURVE('',#1930,#1931,#2284,.T.);
#1385=EDGE_CURVE('',#1931,#1932,#2285,.T.);
#1386=EDGE_CURVE('',#1932,#1933,#173,.T.);
#1387=EDGE_CURVE('',#1933,#1934,#174,.T.);
#1388=EDGE_CURVE('',#1934,#1935,#91,.T.);
#1389=EDGE_CURVE('',#1935,#1936,#92,.T.);
#1390=EDGE_CURVE('',#1936,#1937,#175,.T.);
#1391=EDGE_CURVE('',#1937,#1938,#176,.T.);
#1392=EDGE_CURVE('',#1938,#1939,#2286,.T.);
#1393=EDGE_CURVE('',#1939,#1918,#2287,.T.);
#1394=EDGE_CURVE('',#1940,#1941,#2288,.T.);
#1395=EDGE_CURVE('',#1941,#1942,#2289,.T.);
#1396=EDGE_CURVE('',#1942,#1943,#2290,.T.);
#1397=EDGE_CURVE('',#1943,#1940,#2291,.T.);
#1398=EDGE_CURVE('',#1944,#1945,#2292,.T.);
#1399=EDGE_CURVE('',#1945,#1946,#2293,.T.);
#1400=EDGE_CURVE('',#1946,#1947,#2294,.T.);
#1401=EDGE_CURVE('',#1947,#1944,#2295,.T.);
#1402=EDGE_CURVE('',#1948,#1949,#2296,.T.);
#1403=EDGE_CURVE('',#1949,#1950,#2297,.T.);
#1404=EDGE_CURVE('',#1950,#1951,#2298,.T.);
#1405=EDGE_CURVE('',#1951,#1952,#93,.T.);
#1406=EDGE_CURVE('',#1952,#1953,#94,.F.);
#1407=EDGE_CURVE('',#1953,#1954,#2299,.T.);
#1408=EDGE_CURVE('',#1954,#1955,#2300,.T.);
#1409=EDGE_CURVE('',#1955,#1956,#2301,.T.);
#1410=EDGE_CURVE('',#1956,#1957,#95,.T.);
#1411=EDGE_CURVE('',#1957,#1958,#96,.T.);
#1412=EDGE_CURVE('',#1958,#1959,#177,.T.);
#1413=EDGE_CURVE('',#1959,#1960,#178,.T.);
#1414=EDGE_CURVE('',#1960,#1961,#97,.T.);
#1415=EDGE_CURVE('',#1961,#1962,#98,.T.);
#1416=EDGE_CURVE('',#1962,#1963,#179,.T.);
#1417=EDGE_CURVE('',#1963,#1964,#180,.T.);
#1418=EDGE_CURVE('',#1964,#1965,#2302,.T.);
#1419=EDGE_CURVE('',#1965,#1966,#2303,.T.);
#1420=EDGE_CURVE('',#1966,#1967,#2304,.T.);
#1421=EDGE_CURVE('',#1967,#1968,#99,.F.);
#1422=EDGE_CURVE('',#1968,#1969,#100,.F.);
#1423=EDGE_CURVE('',#1969,#1970,#101,.F.);
#1424=EDGE_CURVE('',#1970,#1971,#181,.T.);
#1425=EDGE_CURVE('',#1971,#1972,#182,.T.);
#1426=EDGE_CURVE('',#1972,#1948,#102,.F.);
#1427=EDGE_CURVE('',#1973,#1974,#2305,.T.);
#1428=EDGE_CURVE('',#1974,#1975,#183,.T.);
#1429=EDGE_CURVE('',#1975,#1976,#103,.T.);
#1430=EDGE_CURVE('',#1976,#1977,#2306,.T.);
#1431=EDGE_CURVE('',#1977,#1978,#2307,.T.);
#1432=EDGE_CURVE('',#1978,#1979,#2308,.T.);
#1433=EDGE_CURVE('',#1979,#1980,#104,.F.);
#1434=EDGE_CURVE('',#1980,#1973,#105,.F.);
#1435=EDGE_CURVE('',#1981,#1982,#184,.T.);
#1436=EDGE_CURVE('',#1982,#1983,#185,.T.);
#1437=EDGE_CURVE('',#1983,#1984,#186,.T.);
#1438=EDGE_CURVE('',#1984,#1985,#106,.F.);
#1439=EDGE_CURVE('',#1985,#1986,#107,.F.);
#1440=EDGE_CURVE('',#1986,#1987,#2309,.T.);
#1441=EDGE_CURVE('',#1987,#1988,#108,.T.);
#1442=EDGE_CURVE('',#1988,#1989,#187,.T.);
#1443=EDGE_CURVE('',#1989,#1990,#188,.T.);
#1444=EDGE_CURVE('',#1990,#1991,#189,.T.);
#1445=EDGE_CURVE('',#1991,#1992,#190,.T.);
#1446=EDGE_CURVE('',#1992,#1993,#191,.T.);
#1447=EDGE_CURVE('',#1993,#1994,#192,.T.);
#1448=EDGE_CURVE('',#1994,#1995,#109,.T.);
#1449=EDGE_CURVE('',#1995,#1996,#2310,.T.);
#1450=EDGE_CURVE('',#1996,#1997,#110,.F.);
#1451=EDGE_CURVE('',#1997,#1998,#111,.F.);
#1452=EDGE_CURVE('',#1998,#1981,#193,.T.);
#1453=EDGE_CURVE('',#1999,#2000,#2311,.T.);
#1454=EDGE_CURVE('',#2000,#2001,#2312,.T.);
#1455=EDGE_CURVE('',#2001,#2002,#112,.F.);
#1456=EDGE_CURVE('',#2002,#2003,#113,.F.);
#1457=EDGE_CURVE('',#2003,#2004,#114,.F.);
#1458=EDGE_CURVE('',#2004,#2005,#115,.F.);
#1459=EDGE_CURVE('',#2005,#2006,#2313,.T.);
#1460=EDGE_CURVE('',#2006,#2007,#2314,.T.);
#1461=EDGE_CURVE('',#2007,#2008,#116,.T.);
#1462=EDGE_CURVE('',#2008,#2009,#117,.T.);
#1463=EDGE_CURVE('',#2009,#2010,#118,.T.);
#1464=EDGE_CURVE('',#2010,#2011,#194,.T.);
#1465=EDGE_CURVE('',#2011,#2012,#2315,.T.);
#1466=EDGE_CURVE('',#2012,#2013,#2316,.T.);
#1467=EDGE_CURVE('',#2013,#1999,#2317,.T.);
#1468=EDGE_CURVE('',#2014,#2015,#2318,.T.);
#1469=EDGE_CURVE('',#2015,#2016,#2319,.T.);
#1470=EDGE_CURVE('',#2016,#2017,#2320,.T.);
#1471=EDGE_CURVE('',#2017,#2014,#2321,.T.);
#1472=EDGE_CURVE('',#2018,#2019,#2322,.T.);
#1473=EDGE_CURVE('',#2019,#2020,#119,.F.);
#1474=EDGE_CURVE('',#2020,#2021,#120,.F.);
#1475=EDGE_CURVE('',#2021,#2022,#121,.F.);
#1476=EDGE_CURVE('',#2022,#2023,#195,.T.);
#1477=EDGE_CURVE('',#2023,#2024,#196,.T.);
#1478=EDGE_CURVE('',#2024,#2025,#122,.F.);
#1479=EDGE_CURVE('',#2025,#2026,#197,.T.);
#1480=EDGE_CURVE('',#2026,#2027,#198,.T.);
#1481=EDGE_CURVE('',#2027,#2028,#2323,.T.);
#1482=EDGE_CURVE('',#2028,#2029,#2324,.T.);
#1483=EDGE_CURVE('',#2029,#2030,#2325,.T.);
#1484=EDGE_CURVE('',#2030,#2031,#123,.T.);
#1485=EDGE_CURVE('',#2031,#2032,#124,.T.);
#1486=EDGE_CURVE('',#2032,#2033,#199,.T.);
#1487=EDGE_CURVE('',#2033,#2034,#200,.T.);
#1488=EDGE_CURVE('',#2034,#2035,#125,.T.);
#1489=EDGE_CURVE('',#2035,#2036,#126,.T.);
#1490=EDGE_CURVE('',#2036,#2037,#201,.T.);
#1491=EDGE_CURVE('',#2037,#2038,#202,.T.);
#1492=EDGE_CURVE('',#2038,#2039,#2326,.T.);
#1493=EDGE_CURVE('',#2039,#2018,#2327,.T.);
#1494=EDGE_CURVE('',#2040,#2041,#2328,.T.);
#1495=EDGE_CURVE('',#2041,#2042,#2329,.T.);
#1496=EDGE_CURVE('',#2042,#2043,#2330,.T.);
#1497=EDGE_CURVE('',#2043,#2044,#2331,.T.);
#1498=EDGE_CURVE('',#2044,#2045,#2332,.T.);
#1499=EDGE_CURVE('',#2045,#2046,#2333,.T.);
#1500=EDGE_CURVE('',#2046,#2047,#2334,.T.);
#1501=EDGE_CURVE('',#2047,#2040,#2335,.T.);
#1502=EDGE_CURVE('',#2048,#2049,#2336,.T.);
#1503=EDGE_CURVE('',#2049,#2050,#2337,.T.);
#1504=EDGE_CURVE('',#2050,#2051,#2338,.T.);
#1505=EDGE_CURVE('',#2051,#2048,#2339,.T.);
#1506=EDGE_CURVE('',#2052,#2053,#2340,.T.);
#1507=EDGE_CURVE('',#2053,#2054,#2341,.T.);
#1508=EDGE_CURVE('',#2054,#2055,#2342,.T.);
#1509=EDGE_CURVE('',#2055,#2052,#2343,.T.);
#1510=EDGE_CURVE('',#2056,#2057,#2344,.T.);
#1511=EDGE_CURVE('',#2057,#2058,#2345,.T.);
#1512=EDGE_CURVE('',#2058,#2059,#2346,.T.);
#1513=EDGE_CURVE('',#2059,#2056,#2347,.T.);
#1514=EDGE_CURVE('',#2060,#2061,#2348,.T.);
#1515=EDGE_CURVE('',#2062,#2060,#2349,.T.);
#1516=EDGE_CURVE('',#2063,#2062,#2350,.T.);
#1517=EDGE_CURVE('',#2061,#2063,#2351,.T.);
#1518=EDGE_CURVE('',#2064,#2065,#2352,.T.);
#1519=EDGE_CURVE('',#2066,#2064,#2353,.T.);
#1520=EDGE_CURVE('',#2067,#2066,#2354,.T.);
#1521=EDGE_CURVE('',#2068,#2067,#2355,.T.);
#1522=EDGE_CURVE('',#2069,#2068,#2356,.T.);
#1523=EDGE_CURVE('',#2070,#2069,#2357,.T.);
#1524=EDGE_CURVE('',#2071,#2070,#2358,.T.);
#1525=EDGE_CURVE('',#2065,#2071,#2359,.T.);
#1526=EDGE_CURVE('',#2072,#2073,#2360,.T.);
#1527=EDGE_CURVE('',#2074,#2072,#2361,.T.);
#1528=EDGE_CURVE('',#2075,#2074,#2362,.T.);
#1529=EDGE_CURVE('',#2073,#2075,#2363,.T.);
#1530=EDGE_CURVE('',#2076,#2077,#203,.T.);
#1531=EDGE_CURVE('',#2078,#2076,#204,.T.);
#1532=EDGE_CURVE('',#2079,#2078,#205,.T.);
#1533=EDGE_CURVE('',#2080,#2079,#127,.F.);
#1534=EDGE_CURVE('',#2081,#2080,#128,.F.);
#1535=EDGE_CURVE('',#2082,#2081,#2364,.T.);
#1536=EDGE_CURVE('',#2083,#2082,#129,.T.);
#1537=EDGE_CURVE('',#2084,#2083,#206,.T.);
#1538=EDGE_CURVE('',#2085,#2084,#207,.T.);
#1539=EDGE_CURVE('',#2086,#2085,#208,.T.);
#1540=EDGE_CURVE('',#2087,#2086,#209,.T.);
#1541=EDGE_CURVE('',#2088,#2087,#210,.T.);
#1542=EDGE_CURVE('',#2089,#2088,#211,.T.);
#1543=EDGE_CURVE('',#2090,#2089,#130,.T.);
#1544=EDGE_CURVE('',#2091,#2090,#2365,.T.);
#1545=EDGE_CURVE('',#2092,#2091,#131,.F.);
#1546=EDGE_CURVE('',#2093,#2092,#132,.F.);
#1547=EDGE_CURVE('',#2077,#2093,#212,.T.);
#1548=EDGE_CURVE('',#2094,#2095,#2366,.T.);
#1549=EDGE_CURVE('',#2096,#2094,#2367,.T.);
#1550=EDGE_CURVE('',#2097,#2096,#133,.F.);
#1551=EDGE_CURVE('',#2098,#2097,#213,.T.);
#1552=EDGE_CURVE('',#2099,#2098,#214,.T.);
#1553=EDGE_CURVE('',#2100,#2099,#134,.F.);
#1554=EDGE_CURVE('',#2101,#2100,#135,.F.);
#1555=EDGE_CURVE('',#2102,#2101,#136,.F.);
#1556=EDGE_CURVE('',#2103,#2102,#2368,.T.);
#1557=EDGE_CURVE('',#2104,#2103,#2369,.T.);
#1558=EDGE_CURVE('',#2105,#2104,#2370,.T.);
#1559=EDGE_CURVE('',#2106,#2105,#215,.T.);
#1560=EDGE_CURVE('',#2107,#2106,#216,.T.);
#1561=EDGE_CURVE('',#2108,#2107,#137,.T.);
#1562=EDGE_CURVE('',#2109,#2108,#138,.T.);
#1563=EDGE_CURVE('',#2110,#2109,#217,.T.);
#1564=EDGE_CURVE('',#2111,#2110,#218,.T.);
#1565=EDGE_CURVE('',#2112,#2111,#139,.T.);
#1566=EDGE_CURVE('',#2113,#2112,#140,.T.);
#1567=EDGE_CURVE('',#2114,#2113,#2371,.T.);
#1568=EDGE_CURVE('',#2115,#2114,#2372,.T.);
#1569=EDGE_CURVE('',#2116,#2115,#2373,.T.);
#1570=EDGE_CURVE('',#2117,#2116,#141,.F.);
#1571=EDGE_CURVE('',#2118,#2117,#142,.T.);
#1572=EDGE_CURVE('',#2095,#2118,#2374,.T.);
#1573=EDGE_CURVE('',#2119,#2120,#2375,.T.);
#1574=EDGE_CURVE('',#2121,#2119,#2376,.T.);
#1575=EDGE_CURVE('',#2122,#2121,#2377,.T.);
#1576=EDGE_CURVE('',#2120,#2122,#2378,.T.);
#1577=EDGE_CURVE('',#2123,#2124,#2379,.T.);
#1578=EDGE_CURVE('',#2123,#2125,#2380,.T.);
#1579=EDGE_CURVE('',#2126,#2125,#2381,.T.);
#1580=EDGE_CURVE('',#2126,#2124,#2382,.T.);
#1581=EDGE_CURVE('',#2127,#2128,#2383,.T.);
#1582=EDGE_CURVE('',#2127,#2129,#2384,.T.);
#1583=EDGE_CURVE('',#2130,#2129,#2385,.T.);
#1584=EDGE_CURVE('',#2130,#2128,#2386,.T.);
#1585=EDGE_CURVE('',#2131,#2132,#2387,.T.);
#1586=EDGE_CURVE('',#2131,#2133,#2388,.T.);
#1587=EDGE_CURVE('',#2134,#2133,#2389,.T.);
#1588=EDGE_CURVE('',#2134,#2132,#2390,.T.);
#1589=EDGE_CURVE('',#2135,#2136,#2391,.T.);
#1590=EDGE_CURVE('',#2136,#2137,#2392,.T.);
#1591=EDGE_CURVE('',#2138,#2137,#2393,.T.);
#1592=EDGE_CURVE('',#2138,#2135,#2394,.T.);
#1593=EDGE_CURVE('',#2139,#2140,#2395,.T.);
#1594=EDGE_CURVE('',#2141,#2140,#2396,.T.);
#1595=EDGE_CURVE('',#2141,#2142,#2397,.T.);
#1596=EDGE_CURVE('',#2142,#2139,#2398,.T.);
#1597=EDGE_CURVE('',#2143,#2144,#2399,.T.);
#1598=EDGE_CURVE('',#2144,#2145,#2400,.T.);
#1599=EDGE_CURVE('',#2146,#2145,#2401,.T.);
#1600=EDGE_CURVE('',#2146,#2143,#2402,.T.);
#1601=EDGE_CURVE('',#2147,#2148,#2403,.T.);
#1602=EDGE_CURVE('',#2148,#2149,#2404,.T.);
#1603=EDGE_CURVE('',#2150,#2149,#2405,.T.);
#1604=EDGE_CURVE('',#2150,#2147,#2406,.T.);
#1605=EDGE_CURVE('',#2151,#2152,#2407,.T.);
#1606=EDGE_CURVE('',#2151,#2153,#2408,.T.);
#1607=EDGE_CURVE('',#2153,#2154,#2409,.T.);
#1608=EDGE_CURVE('',#2154,#2152,#2410,.T.);
#1609=EDGE_CURVE('',#2155,#2156,#2411,.T.);
#1610=EDGE_CURVE('',#2156,#2157,#2412,.T.);
#1611=EDGE_CURVE('',#2158,#2157,#2413,.T.);
#1612=EDGE_CURVE('',#2158,#2155,#2414,.T.);
#1613=EDGE_CURVE('',#2159,#2160,#2415,.T.);
#1614=EDGE_CURVE('',#2161,#2159,#2416,.T.);
#1615=EDGE_CURVE('',#2161,#2162,#2417,.T.);
#1616=EDGE_CURVE('',#2162,#2160,#2418,.T.);
#1617=EDGE_CURVE('',#2163,#2164,#219,.T.);
#1618=EDGE_CURVE('',#2165,#2163,#2419,.T.);
#1619=EDGE_CURVE('',#2166,#2165,#2420,.T.);
#1620=EDGE_CURVE('',#2167,#2166,#2421,.T.);
#1621=EDGE_CURVE('',#2168,#2167,#220,.T.);
#1622=EDGE_CURVE('',#2169,#2168,#221,.T.);
#1623=EDGE_CURVE('',#2170,#2169,#143,.T.);
#1624=EDGE_CURVE('',#2171,#2170,#144,.T.);
#1625=EDGE_CURVE('',#2172,#2171,#222,.T.);
#1626=EDGE_CURVE('',#2173,#2172,#223,.T.);
#1627=EDGE_CURVE('',#2174,#2173,#2422,.T.);
#1628=EDGE_CURVE('',#2175,#2174,#2423,.T.);
#1629=EDGE_CURVE('',#2176,#2175,#2424,.T.);
#1630=EDGE_CURVE('',#2177,#2176,#145,.F.);
#1631=EDGE_CURVE('',#2178,#2177,#224,.T.);
#1632=EDGE_CURVE('',#2179,#2178,#225,.T.);
#1633=EDGE_CURVE('',#2180,#2179,#226,.T.);
#1634=EDGE_CURVE('',#2181,#2180,#227,.T.);
#1635=EDGE_CURVE('',#2182,#2181,#228,.T.);
#1636=EDGE_CURVE('',#2183,#2182,#146,.F.);
#1637=EDGE_CURVE('',#2184,#2183,#147,.F.);
#1638=EDGE_CURVE('',#2164,#2184,#229,.T.);
#1639=EDGE_CURVE('',#2185,#2186,#2425,.T.);
#1640=EDGE_CURVE('',#2187,#2185,#2426,.T.);
#1641=EDGE_CURVE('',#2188,#2187,#2427,.T.);
#1642=EDGE_CURVE('',#2186,#2188,#2428,.T.);
#1643=EDGE_CURVE('',#2189,#2190,#230,.T.);
#1644=EDGE_CURVE('',#2191,#2189,#2429,.T.);
#1645=EDGE_CURVE('',#2192,#2191,#148,.F.);
#1646=EDGE_CURVE('',#2193,#2192,#149,.F.);
#1647=EDGE_CURVE('',#2194,#2193,#2430,.T.);
#1648=EDGE_CURVE('',#2195,#2194,#2431,.T.);
#1649=EDGE_CURVE('',#2196,#2195,#2432,.T.);
#1650=EDGE_CURVE('',#2190,#2196,#150,.T.);
#1651=EDGE_CURVE('',#2197,#2198,#2433,.T.);
#1652=EDGE_CURVE('',#2199,#2197,#2434,.T.);
#1653=EDGE_CURVE('',#2200,#2199,#2435,.T.);
#1654=EDGE_CURVE('',#2201,#2200,#2436,.T.);
#1655=EDGE_CURVE('',#2202,#2201,#2437,.T.);
#1656=EDGE_CURVE('',#2203,#2202,#231,.T.);
#1657=EDGE_CURVE('',#2204,#2203,#151,.T.);
#1658=EDGE_CURVE('',#2205,#2204,#152,.T.);
#1659=EDGE_CURVE('',#2206,#2205,#153,.T.);
#1660=EDGE_CURVE('',#2207,#2206,#2438,.T.);
#1661=EDGE_CURVE('',#2208,#2207,#2439,.T.);
#1662=EDGE_CURVE('',#2209,#2208,#154,.F.);
#1663=EDGE_CURVE('',#2210,#2209,#155,.F.);
#1664=EDGE_CURVE('',#2211,#2210,#156,.F.);
#1665=EDGE_CURVE('',#2198,#2211,#157,.F.);
#1666=EDGE_CURVE('',#2212,#2213,#158,.F.);
#1667=EDGE_CURVE('',#2214,#2212,#2440,.T.);
#1668=EDGE_CURVE('',#2215,#2214,#2441,.T.);
#1669=EDGE_CURVE('',#2216,#2215,#2442,.T.);
#1670=EDGE_CURVE('',#2217,#2216,#232,.T.);
#1671=EDGE_CURVE('',#2218,#2217,#233,.T.);
#1672=EDGE_CURVE('',#2219,#2218,#159,.T.);
#1673=EDGE_CURVE('',#2220,#2219,#160,.T.);
#1674=EDGE_CURVE('',#2221,#2220,#234,.T.);
#1675=EDGE_CURVE('',#2222,#2221,#235,.T.);
#1676=EDGE_CURVE('',#2223,#2222,#161,.T.);
#1677=EDGE_CURVE('',#2224,#2223,#162,.T.);
#1678=EDGE_CURVE('',#2225,#2224,#2443,.T.);
#1679=EDGE_CURVE('',#2226,#2225,#2444,.T.);
#1680=EDGE_CURVE('',#2227,#2226,#2445,.T.);
#1681=EDGE_CURVE('',#2228,#2227,#236,.T.);
#1682=EDGE_CURVE('',#2229,#2228,#237,.T.);
#1683=EDGE_CURVE('',#2230,#2229,#163,.F.);
#1684=EDGE_CURVE('',#2231,#2230,#238,.T.);
#1685=EDGE_CURVE('',#2232,#2231,#239,.T.);
#1686=EDGE_CURVE('',#2233,#2232,#164,.F.);
#1687=EDGE_CURVE('',#2213,#2233,#165,.F.);
#1688=EDGE_CURVE('',#2234,#2235,#2446,.T.);
#1689=EDGE_CURVE('',#2236,#2234,#2447,.T.);
#1690=EDGE_CURVE('',#2237,#2236,#2448,.T.);
#1691=EDGE_CURVE('',#2235,#2237,#2449,.T.);
#1692=EDGE_CURVE('',#2238,#2239,#2450,.T.);
#1693=EDGE_CURVE('',#2240,#2238,#2451,.T.);
#1694=EDGE_CURVE('',#2241,#2240,#2452,.T.);
#1695=EDGE_CURVE('',#2239,#2241,#2453,.T.);
#1696=EDGE_CURVE('',#1915,#2124,#2454,.T.);
#1697=EDGE_CURVE('',#1914,#2123,#2455,.T.);
#1698=EDGE_CURVE('',#1916,#2126,#2456,.T.);
#1699=EDGE_CURVE('',#1917,#2125,#2457,.T.);
#1700=EDGE_CURVE('',#1911,#2128,#2458,.T.);
#1701=EDGE_CURVE('',#1910,#2127,#2459,.T.);
#1702=EDGE_CURVE('',#1912,#2130,#2460,.T.);
#1703=EDGE_CURVE('',#1913,#2129,#2461,.T.);
#1704=EDGE_CURVE('',#1907,#2132,#2462,.T.);
#1705=EDGE_CURVE('',#1906,#2131,#2463,.T.);
#1706=EDGE_CURVE('',#1908,#2134,#2464,.T.);
#1707=EDGE_CURVE('',#1909,#2133,#2465,.T.);
#1708=EDGE_CURVE('',#1902,#2135,#2466,.T.);
#1709=EDGE_CURVE('',#1903,#2136,#2467,.T.);
#1710=EDGE_CURVE('',#1904,#2138,#2468,.T.);
#1711=EDGE_CURVE('',#1905,#2137,#2469,.T.);
#1712=EDGE_CURVE('',#1898,#2139,#2470,.T.);
#1713=EDGE_CURVE('',#1899,#2140,#2471,.T.);
#1714=EDGE_CURVE('',#1900,#2142,#2472,.T.);
#1715=EDGE_CURVE('',#1901,#2141,#2473,.T.);
#1716=EDGE_CURVE('',#1894,#2143,#2474,.T.);
#1717=EDGE_CURVE('',#1895,#2144,#2475,.T.);
#1718=EDGE_CURVE('',#1896,#2146,#2476,.T.);
#1719=EDGE_CURVE('',#1897,#2145,#2477,.T.);
#1720=EDGE_CURVE('',#1890,#2147,#2478,.T.);
#1721=EDGE_CURVE('',#1891,#2148,#2479,.T.);
#1722=EDGE_CURVE('',#1892,#2150,#2480,.T.);
#1723=EDGE_CURVE('',#1893,#2149,#2481,.T.);
#1724=EDGE_CURVE('',#1887,#2152,#2482,.T.);
#1725=EDGE_CURVE('',#1886,#2151,#2483,.T.);
#1726=EDGE_CURVE('',#1888,#2154,#2484,.T.);
#1727=EDGE_CURVE('',#1889,#2153,#2485,.T.);
#1728=EDGE_CURVE('',#1882,#2155,#2486,.T.);
#1729=EDGE_CURVE('',#1883,#2156,#2487,.T.);
#1730=EDGE_CURVE('',#1884,#2158,#2488,.T.);
#1731=EDGE_CURVE('',#1885,#2157,#2489,.T.);
#1732=EDGE_CURVE('',#1879,#2160,#2490,.T.);
#1733=EDGE_CURVE('',#1878,#2159,#2491,.T.);
#1734=EDGE_CURVE('',#1880,#2162,#2492,.T.);
#1735=EDGE_CURVE('',#1881,#2161,#2493,.T.);
#1736=EDGE_CURVE('',#2164,#1920,#2494,.T.);
#1737=EDGE_CURVE('',#2163,#1919,#2495,.T.);
#1738=EDGE_CURVE('',#2165,#1918,#2496,.T.);
#1739=EDGE_CURVE('',#2166,#1939,#2497,.T.);
#1740=EDGE_CURVE('',#2167,#1938,#2498,.T.);
#1741=EDGE_CURVE('',#2168,#1937,#2499,.T.);
#1742=EDGE_CURVE('',#2169,#1936,#2500,.T.);
#1743=EDGE_CURVE('',#2170,#1935,#2501,.T.);
#1744=EDGE_CURVE('',#2171,#1934,#2502,.T.);
#1745=EDGE_CURVE('',#2172,#1933,#2503,.T.);
#1746=EDGE_CURVE('',#2173,#1932,#2504,.T.);
#1747=EDGE_CURVE('',#2174,#1931,#2505,.T.);
#1748=EDGE_CURVE('',#2175,#1930,#2506,.T.);
#1749=EDGE_CURVE('',#2176,#1929,#2507,.T.);
#1750=EDGE_CURVE('',#2177,#1928,#2508,.T.);
#1751=EDGE_CURVE('',#2178,#1927,#2509,.T.);
#1752=EDGE_CURVE('',#2179,#1926,#2510,.T.);
#1753=EDGE_CURVE('',#2180,#1925,#2511,.T.);
#1754=EDGE_CURVE('',#2181,#1924,#2512,.T.);
#1755=EDGE_CURVE('',#2182,#1923,#2513,.T.);
#1756=EDGE_CURVE('',#2183,#1922,#2514,.T.);
#1757=EDGE_CURVE('',#2184,#1921,#2515,.T.);
#1758=EDGE_CURVE('',#2120,#1942,#2516,.T.);
#1759=EDGE_CURVE('',#2119,#1941,#2517,.T.);
#1760=EDGE_CURVE('',#2121,#1940,#2518,.T.);
#1761=EDGE_CURVE('',#2122,#1943,#2519,.T.);
#1762=EDGE_CURVE('',#2186,#1946,#2520,.T.);
#1763=EDGE_CURVE('',#2185,#1945,#2521,.T.);
#1764=EDGE_CURVE('',#2187,#1944,#2522,.T.);
#1765=EDGE_CURVE('',#2188,#1947,#2523,.T.);
#1766=EDGE_CURVE('',#2095,#1950,#2524,.T.);
#1767=EDGE_CURVE('',#2094,#1949,#2525,.T.);
#1768=EDGE_CURVE('',#2096,#1948,#2526,.T.);
#1769=EDGE_CURVE('',#2097,#1972,#2527,.T.);
#1770=EDGE_CURVE('',#2098,#1971,#2528,.T.);
#1771=EDGE_CURVE('',#2099,#1970,#2529,.T.);
#1772=EDGE_CURVE('',#2100,#1969,#2530,.T.);
#1773=EDGE_CURVE('',#2101,#1968,#2531,.T.);
#1774=EDGE_CURVE('',#2102,#1967,#2532,.T.);
#1775=EDGE_CURVE('',#2103,#1966,#2533,.T.);
#1776=EDGE_CURVE('',#2104,#1965,#2534,.T.);
#1777=EDGE_CURVE('',#2105,#1964,#2535,.T.);
#1778=EDGE_CURVE('',#2106,#1963,#2536,.T.);
#1779=EDGE_CURVE('',#2107,#1962,#2537,.T.);
#1780=EDGE_CURVE('',#2108,#1961,#2538,.T.);
#1781=EDGE_CURVE('',#2109,#1960,#2539,.T.);
#1782=EDGE_CURVE('',#2110,#1959,#2540,.T.);
#1783=EDGE_CURVE('',#2111,#1958,#2541,.T.);
#1784=EDGE_CURVE('',#2112,#1957,#2542,.T.);
#1785=EDGE_CURVE('',#2113,#1956,#2543,.T.);
#1786=EDGE_CURVE('',#2114,#1955,#2544,.T.);
#1787=EDGE_CURVE('',#2115,#1954,#2545,.T.);
#1788=EDGE_CURVE('',#2116,#1953,#2546,.T.);
#1789=EDGE_CURVE('',#2117,#1952,#2547,.T.);
#1790=EDGE_CURVE('',#2118,#1951,#2548,.T.);
#1791=EDGE_CURVE('',#2190,#1975,#2549,.T.);
#1792=EDGE_CURVE('',#2189,#1974,#2550,.T.);
#1793=EDGE_CURVE('',#2191,#1973,#2551,.T.);
#1794=EDGE_CURVE('',#2192,#1980,#2552,.T.);
#1795=EDGE_CURVE('',#2193,#1979,#2553,.T.);
#1796=EDGE_CURVE('',#2194,#1978,#2554,.T.);
#1797=EDGE_CURVE('',#2195,#1977,#2555,.T.);
#1798=EDGE_CURVE('',#2196,#1976,#2556,.T.);
#1799=EDGE_CURVE('',#2077,#1983,#2557,.T.);
#1800=EDGE_CURVE('',#2076,#1982,#2558,.T.);
#1801=EDGE_CURVE('',#2078,#1981,#2559,.T.);
#1802=EDGE_CURVE('',#2079,#1998,#2560,.T.);
#1803=EDGE_CURVE('',#2080,#1997,#2561,.T.);
#1804=EDGE_CURVE('',#2081,#1996,#2562,.T.);
#1805=EDGE_CURVE('',#2082,#1995,#2563,.T.);
#1806=EDGE_CURVE('',#2083,#1994,#2564,.T.);
#1807=EDGE_CURVE('',#2084,#1993,#2565,.T.);
#1808=EDGE_CURVE('',#2085,#1992,#2566,.T.);
#1809=EDGE_CURVE('',#2086,#1991,#2567,.T.);
#1810=EDGE_CURVE('',#2087,#1990,#2568,.T.);
#1811=EDGE_CURVE('',#2088,#1989,#2569,.T.);
#1812=EDGE_CURVE('',#2089,#1988,#2570,.T.);
#1813=EDGE_CURVE('',#2090,#1987,#2571,.T.);
#1814=EDGE_CURVE('',#2091,#1986,#2572,.T.);
#1815=EDGE_CURVE('',#2092,#1985,#2573,.T.);
#1816=EDGE_CURVE('',#2093,#1984,#2574,.T.);
#1817=EDGE_CURVE('',#2198,#2001,#2575,.T.);
#1818=EDGE_CURVE('',#2197,#2000,#2576,.T.);
#1819=EDGE_CURVE('',#2199,#1999,#2577,.T.);
#1820=EDGE_CURVE('',#2200,#2013,#2578,.T.);
#1821=EDGE_CURVE('',#2201,#2012,#2579,.T.);
#1822=EDGE_CURVE('',#2202,#2011,#2580,.T.);
#1823=EDGE_CURVE('',#2203,#2010,#2581,.T.);
#1824=EDGE_CURVE('',#2204,#2009,#2582,.T.);
#1825=EDGE_CURVE('',#2205,#2008,#2583,.T.);
#1826=EDGE_CURVE('',#2206,#2007,#2584,.T.);
#1827=EDGE_CURVE('',#2207,#2006,#2585,.T.);
#1828=EDGE_CURVE('',#2208,#2005,#2586,.T.);
#1829=EDGE_CURVE('',#2209,#2004,#2587,.T.);
#1830=EDGE_CURVE('',#2210,#2003,#2588,.T.);
#1831=EDGE_CURVE('',#2211,#2002,#2589,.T.);
#1832=EDGE_CURVE('',#2073,#2016,#2590,.T.);
#1833=EDGE_CURVE('',#2072,#2015,#2591,.T.);
#1834=EDGE_CURVE('',#2074,#2014,#2592,.T.);
#1835=EDGE_CURVE('',#2075,#2017,#2593,.T.);
#1836=EDGE_CURVE('',#2213,#2020,#2594,.T.);
#1837=EDGE_CURVE('',#2212,#2019,#2595,.T.);
#1838=EDGE_CURVE('',#2214,#2018,#2596,.T.);
#1839=EDGE_CURVE('',#2215,#2039,#2597,.T.);
#1840=EDGE_CURVE('',#2216,#2038,#2598,.T.);
#1841=EDGE_CURVE('',#2217,#2037,#2599,.T.);
#1842=EDGE_CURVE('',#2218,#2036,#2600,.T.);
#1843=EDGE_CURVE('',#2219,#2035,#2601,.T.);
#1844=EDGE_CURVE('',#2220,#2034,#2602,.T.);
#1845=EDGE_CURVE('',#2221,#2033,#2603,.T.);
#1846=EDGE_CURVE('',#2222,#2032,#2604,.T.);
#1847=EDGE_CURVE('',#2223,#2031,#2605,.T.);
#1848=EDGE_CURVE('',#2224,#2030,#2606,.T.);
#1849=EDGE_CURVE('',#2225,#2029,#2607,.T.);
#1850=EDGE_CURVE('',#2226,#2028,#2608,.T.);
#1851=EDGE_CURVE('',#2227,#2027,#2609,.T.);
#1852=EDGE_CURVE('',#2228,#2026,#2610,.T.);
#1853=EDGE_CURVE('',#2229,#2025,#2611,.T.);
#1854=EDGE_CURVE('',#2230,#2024,#2612,.T.);
#1855=EDGE_CURVE('',#2231,#2023,#2613,.T.);
#1856=EDGE_CURVE('',#2232,#2022,#2614,.T.);
#1857=EDGE_CURVE('',#2233,#2021,#2615,.T.);
#1858=EDGE_CURVE('',#2065,#2042,#2616,.T.);
#1859=EDGE_CURVE('',#2064,#2041,#2617,.T.);
#1860=EDGE_CURVE('',#2066,#2040,#2618,.T.);
#1861=EDGE_CURVE('',#2067,#2047,#2619,.T.);
#1862=EDGE_CURVE('',#2068,#2046,#2620,.T.);
#1863=EDGE_CURVE('',#2069,#2045,#2621,.T.);
#1864=EDGE_CURVE('',#2070,#2044,#2622,.T.);
#1865=EDGE_CURVE('',#2071,#2043,#2623,.T.);
#1866=EDGE_CURVE('',#2235,#2050,#2624,.T.);
#1867=EDGE_CURVE('',#2234,#2049,#2625,.T.);
#1868=EDGE_CURVE('',#2236,#2048,#2626,.T.);
#1869=EDGE_CURVE('',#2237,#2051,#2627,.T.);
#1870=EDGE_CURVE('',#2061,#2054,#2628,.T.);
#1871=EDGE_CURVE('',#2060,#2053,#2629,.T.);
#1872=EDGE_CURVE('',#2062,#2052,#2630,.T.);
#1873=EDGE_CURVE('',#2063,#2055,#2631,.T.);
#1874=EDGE_CURVE('',#2239,#2058,#2632,.T.);
#1875=EDGE_CURVE('',#2238,#2057,#2633,.T.);
#1876=EDGE_CURVE('',#2240,#2056,#2634,.T.);
#1877=EDGE_CURVE('',#2241,#2059,#2635,.T.);
#1878=VERTEX_POINT('',#4865);
#1879=VERTEX_POINT('',#4866);
#1880=VERTEX_POINT('',#4868);
#1881=VERTEX_POINT('',#4870);
#1882=VERTEX_POINT('',#4873);
#1883=VERTEX_POINT('',#4874);
#1884=VERTEX_POINT('',#4876);
#1885=VERTEX_POINT('',#4878);
#1886=VERTEX_POINT('',#4881);
#1887=VERTEX_POINT('',#4882);
#1888=VERTEX_POINT('',#4884);
#1889=VERTEX_POINT('',#4886);
#1890=VERTEX_POINT('',#4889);
#1891=VERTEX_POINT('',#4890);
#1892=VERTEX_POINT('',#4892);
#1893=VERTEX_POINT('',#4894);
#1894=VERTEX_POINT('',#4897);
#1895=VERTEX_POINT('',#4898);
#1896=VERTEX_POINT('',#4900);
#1897=VERTEX_POINT('',#4902);
#1898=VERTEX_POINT('',#4905);
#1899=VERTEX_POINT('',#4906);
#1900=VERTEX_POINT('',#4908);
#1901=VERTEX_POINT('',#4910);
#1902=VERTEX_POINT('',#4913);
#1903=VERTEX_POINT('',#4914);
#1904=VERTEX_POINT('',#4916);
#1905=VERTEX_POINT('',#4918);
#1906=VERTEX_POINT('',#4921);
#1907=VERTEX_POINT('',#4922);
#1908=VERTEX_POINT('',#4924);
#1909=VERTEX_POINT('',#4926);
#1910=VERTEX_POINT('',#4929);
#1911=VERTEX_POINT('',#4930);
#1912=VERTEX_POINT('',#4932);
#1913=VERTEX_POINT('',#4934);
#1914=VERTEX_POINT('',#4937);
#1915=VERTEX_POINT('',#4938);
#1916=VERTEX_POINT('',#4940);
#1917=VERTEX_POINT('',#4942);
#1918=VERTEX_POINT('',#4945);
#1919=VERTEX_POINT('',#4946);
#1920=VERTEX_POINT('',#4950);
#1921=VERTEX_POINT('',#4954);
#1922=VERTEX_POINT('',#4956);
#1923=VERTEX_POINT('',#4958);
#1924=VERTEX_POINT('',#4962);
#1925=VERTEX_POINT('',#4966);
#1926=VERTEX_POINT('',#4970);
#1927=VERTEX_POINT('',#4974);
#1928=VERTEX_POINT('',#4978);
#1929=VERTEX_POINT('',#4980);
#1930=VERTEX_POINT('',#4982);
#1931=VERTEX_POINT('',#4984);
#1932=VERTEX_POINT('',#4986);
#1933=VERTEX_POINT('',#4990);
#1934=VERTEX_POINT('',#4994);
#1935=VERTEX_POINT('',#4996);
#1936=VERTEX_POINT('',#4998);
#1937=VERTEX_POINT('',#5002);
#1938=VERTEX_POINT('',#5006);
#1939=VERTEX_POINT('',#5008);
#1940=VERTEX_POINT('',#5011);
#1941=VERTEX_POINT('',#5012);
#1942=VERTEX_POINT('',#5014);
#1943=VERTEX_POINT('',#5016);
#1944=VERTEX_POINT('',#5019);
#1945=VERTEX_POINT('',#5020);
#1946=VERTEX_POINT('',#5022);
#1947=VERTEX_POINT('',#5024);
#1948=VERTEX_POINT('',#5027);
#1949=VERTEX_POINT('',#5028);
#1950=VERTEX_POINT('',#5030);
#1951=VERTEX_POINT('',#5032);
#1952=VERTEX_POINT('',#5034);
#1953=VERTEX_POINT('',#5036);
#1954=VERTEX_POINT('',#5038);
#1955=VERTEX_POINT('',#5040);
#1956=VERTEX_POINT('',#5042);
#1957=VERTEX_POINT('',#5044);
#1958=VERTEX_POINT('',#5046);
#1959=VERTEX_POINT('',#5050);
#1960=VERTEX_POINT('',#5054);
#1961=VERTEX_POINT('',#5056);
#1962=VERTEX_POINT('',#5058);
#1963=VERTEX_POINT('',#5062);
#1964=VERTEX_POINT('',#5066);
#1965=VERTEX_POINT('',#5068);
#1966=VERTEX_POINT('',#5070);
#1967=VERTEX_POINT('',#5072);
#1968=VERTEX_POINT('',#5074);
#1969=VERTEX_POINT('',#5076);
#1970=VERTEX_POINT('',#5078);
#1971=VERTEX_POINT('',#5082);
#1972=VERTEX_POINT('',#5086);
#1973=VERTEX_POINT('',#5089);
#1974=VERTEX_POINT('',#5090);
#1975=VERTEX_POINT('',#5094);
#1976=VERTEX_POINT('',#5096);
#1977=VERTEX_POINT('',#5098);
#1978=VERTEX_POINT('',#5100);
#1979=VERTEX_POINT('',#5102);
#1980=VERTEX_POINT('',#5104);
#1981=VERTEX_POINT('',#5109);
#1982=VERTEX_POINT('',#5110);
#1983=VERTEX_POINT('',#5114);
#1984=VERTEX_POINT('',#5118);
#1985=VERTEX_POINT('',#5120);
#1986=VERTEX_POINT('',#5122);
#1987=VERTEX_POINT('',#5124);
#1988=VERTEX_POINT('',#5126);
#1989=VERTEX_POINT('',#5130);
#1990=VERTEX_POINT('',#5134);
#1991=VERTEX_POINT('',#5138);
#1992=VERTEX_POINT('',#5142);
#1993=VERTEX_POINT('',#5146);
#1994=VERTEX_POINT('',#5150);
#1995=VERTEX_POINT('',#5152);
#1996=VERTEX_POINT('',#5154);
#1997=VERTEX_POINT('',#5156);
#1998=VERTEX_POINT('',#5158);
#1999=VERTEX_POINT('',#5163);
#2000=VERTEX_POINT('',#5164);
#2001=VERTEX_POINT('',#5166);
#2002=VERTEX_POINT('',#5168);
#2003=VERTEX_POINT('',#5170);
#2004=VERTEX_POINT('',#5172);
#2005=VERTEX_POINT('',#5174);
#2006=VERTEX_POINT('',#5176);
#2007=VERTEX_POINT('',#5178);
#2008=VERTEX_POINT('',#5180);
#2009=VERTEX_POINT('',#5182);
#2010=VERTEX_POINT('',#5184);
#2011=VERTEX_POINT('',#5188);
#2012=VERTEX_POINT('',#5190);
#2013=VERTEX_POINT('',#5192);
#2014=VERTEX_POINT('',#5195);
#2015=VERTEX_POINT('',#5196);
#2016=VERTEX_POINT('',#5198);
#2017=VERTEX_POINT('',#5200);
#2018=VERTEX_POINT('',#5203);
#2019=VERTEX_POINT('',#5204);
#2020=VERTEX_POINT('',#5206);
#2021=VERTEX_POINT('',#5208);
#2022=VERTEX_POINT('',#5210);
#2023=VERTEX_POINT('',#5214);
#2024=VERTEX_POINT('',#5218);
#2025=VERTEX_POINT('',#5220);
#2026=VERTEX_POINT('',#5224);
#2027=VERTEX_POINT('',#5228);
#2028=VERTEX_POINT('',#5230);
#2029=VERTEX_POINT('',#5232);
#2030=VERTEX_POINT('',#5234);
#2031=VERTEX_POINT('',#5236);
#2032=VERTEX_POINT('',#5238);
#2033=VERTEX_POINT('',#5242);
#2034=VERTEX_POINT('',#5246);
#2035=VERTEX_POINT('',#5248);
#2036=VERTEX_POINT('',#5250);
#2037=VERTEX_POINT('',#5254);
#2038=VERTEX_POINT('',#5258);
#2039=VERTEX_POINT('',#5260);
#2040=VERTEX_POINT('',#5263);
#2041=VERTEX_POINT('',#5264);
#2042=VERTEX_POINT('',#5266);
#2043=VERTEX_POINT('',#5268);
#2044=VERTEX_POINT('',#5270);
#2045=VERTEX_POINT('',#5272);
#2046=VERTEX_POINT('',#5274);
#2047=VERTEX_POINT('',#5276);
#2048=VERTEX_POINT('',#5279);
#2049=VERTEX_POINT('',#5280);
#2050=VERTEX_POINT('',#5282);
#2051=VERTEX_POINT('',#5284);
#2052=VERTEX_POINT('',#5287);
#2053=VERTEX_POINT('',#5288);
#2054=VERTEX_POINT('',#5290);
#2055=VERTEX_POINT('',#5292);
#2056=VERTEX_POINT('',#5295);
#2057=VERTEX_POINT('',#5296);
#2058=VERTEX_POINT('',#5298);
#2059=VERTEX_POINT('',#5300);
#2060=VERTEX_POINT('',#5304);
#2061=VERTEX_POINT('',#5305);
#2062=VERTEX_POINT('',#5307);
#2063=VERTEX_POINT('',#5309);
#2064=VERTEX_POINT('',#5312);
#2065=VERTEX_POINT('',#5313);
#2066=VERTEX_POINT('',#5315);
#2067=VERTEX_POINT('',#5317);
#2068=VERTEX_POINT('',#5319);
#2069=VERTEX_POINT('',#5321);
#2070=VERTEX_POINT('',#5323);
#2071=VERTEX_POINT('',#5325);
#2072=VERTEX_POINT('',#5328);
#2073=VERTEX_POINT('',#5329);
#2074=VERTEX_POINT('',#5331);
#2075=VERTEX_POINT('',#5333);
#2076=VERTEX_POINT('',#5338);
#2077=VERTEX_POINT('',#5339);
#2078=VERTEX_POINT('',#5343);
#2079=VERTEX_POINT('',#5347);
#2080=VERTEX_POINT('',#5349);
#2081=VERTEX_POINT('',#5351);
#2082=VERTEX_POINT('',#5353);
#2083=VERTEX_POINT('',#5355);
#2084=VERTEX_POINT('',#5359);
#2085=VERTEX_POINT('',#5363);
#2086=VERTEX_POINT('',#5367);
#2087=VERTEX_POINT('',#5371);
#2088=VERTEX_POINT('',#5375);
#2089=VERTEX_POINT('',#5379);
#2090=VERTEX_POINT('',#5381);
#2091=VERTEX_POINT('',#5383);
#2092=VERTEX_POINT('',#5385);
#2093=VERTEX_POINT('',#5387);
#2094=VERTEX_POINT('',#5392);
#2095=VERTEX_POINT('',#5393);
#2096=VERTEX_POINT('',#5395);
#2097=VERTEX_POINT('',#5397);
#2098=VERTEX_POINT('',#5401);
#2099=VERTEX_POINT('',#5405);
#2100=VERTEX_POINT('',#5407);
#2101=VERTEX_POINT('',#5409);
#2102=VERTEX_POINT('',#5411);
#2103=VERTEX_POINT('',#5413);
#2104=VERTEX_POINT('',#5415);
#2105=VERTEX_POINT('',#5417);
#2106=VERTEX_POINT('',#5421);
#2107=VERTEX_POINT('',#5425);
#2108=VERTEX_POINT('',#5427);
#2109=VERTEX_POINT('',#5429);
#2110=VERTEX_POINT('',#5433);
#2111=VERTEX_POINT('',#5437);
#2112=VERTEX_POINT('',#5439);
#2113=VERTEX_POINT('',#5441);
#2114=VERTEX_POINT('',#5443);
#2115=VERTEX_POINT('',#5445);
#2116=VERTEX_POINT('',#5447);
#2117=VERTEX_POINT('',#5449);
#2118=VERTEX_POINT('',#5451);
#2119=VERTEX_POINT('',#5454);
#2120=VERTEX_POINT('',#5455);
#2121=VERTEX_POINT('',#5457);
#2122=VERTEX_POINT('',#5459);
#2123=VERTEX_POINT('',#5462);
#2124=VERTEX_POINT('',#5463);
#2125=VERTEX_POINT('',#5465);
#2126=VERTEX_POINT('',#5467);
#2127=VERTEX_POINT('',#5470);
#2128=VERTEX_POINT('',#5471);
#2129=VERTEX_POINT('',#5473);
#2130=VERTEX_POINT('',#5475);
#2131=VERTEX_POINT('',#5478);
#2132=VERTEX_POINT('',#5479);
#2133=VERTEX_POINT('',#5481);
#2134=VERTEX_POINT('',#5483);
#2135=VERTEX_POINT('',#5486);
#2136=VERTEX_POINT('',#5487);
#2137=VERTEX_POINT('',#5489);
#2138=VERTEX_POINT('',#5491);
#2139=VERTEX_POINT('',#5494);
#2140=VERTEX_POINT('',#5495);
#2141=VERTEX_POINT('',#5497);
#2142=VERTEX_POINT('',#5499);
#2143=VERTEX_POINT('',#5502);
#2144=VERTEX_POINT('',#5503);
#2145=VERTEX_POINT('',#5505);
#2146=VERTEX_POINT('',#5507);
#2147=VERTEX_POINT('',#5510);
#2148=VERTEX_POINT('',#5511);
#2149=VERTEX_POINT('',#5513);
#2150=VERTEX_POINT('',#5515);
#2151=VERTEX_POINT('',#5518);
#2152=VERTEX_POINT('',#5519);
#2153=VERTEX_POINT('',#5521);
#2154=VERTEX_POINT('',#5523);
#2155=VERTEX_POINT('',#5526);
#2156=VERTEX_POINT('',#5527);
#2157=VERTEX_POINT('',#5529);
#2158=VERTEX_POINT('',#5531);
#2159=VERTEX_POINT('',#5534);
#2160=VERTEX_POINT('',#5535);
#2161=VERTEX_POINT('',#5537);
#2162=VERTEX_POINT('',#5539);
#2163=VERTEX_POINT('',#5544);
#2164=VERTEX_POINT('',#5545);
#2165=VERTEX_POINT('',#5547);
#2166=VERTEX_POINT('',#5549);
#2167=VERTEX_POINT('',#5551);
#2168=VERTEX_POINT('',#5555);
#2169=VERTEX_POINT('',#5559);
#2170=VERTEX_POINT('',#5561);
#2171=VERTEX_POINT('',#5563);
#2172=VERTEX_POINT('',#5567);
#2173=VERTEX_POINT('',#5571);
#2174=VERTEX_POINT('',#5573);
#2175=VERTEX_POINT('',#5575);
#2176=VERTEX_POINT('',#5577);
#2177=VERTEX_POINT('',#5579);
#2178=VERTEX_POINT('',#5583);
#2179=VERTEX_POINT('',#5587);
#2180=VERTEX_POINT('',#5591);
#2181=VERTEX_POINT('',#5595);
#2182=VERTEX_POINT('',#5599);
#2183=VERTEX_POINT('',#5601);
#2184=VERTEX_POINT('',#5603);
#2185=VERTEX_POINT('',#5608);
#2186=VERTEX_POINT('',#5609);
#2187=VERTEX_POINT('',#5611);
#2188=VERTEX_POINT('',#5613);
#2189=VERTEX_POINT('',#5618);
#2190=VERTEX_POINT('',#5619);
#2191=VERTEX_POINT('',#5621);
#2192=VERTEX_POINT('',#5623);
#2193=VERTEX_POINT('',#5625);
#2194=VERTEX_POINT('',#5627);
#2195=VERTEX_POINT('',#5629);
#2196=VERTEX_POINT('',#5631);
#2197=VERTEX_POINT('',#5634);
#2198=VERTEX_POINT('',#5635);
#2199=VERTEX_POINT('',#5637);
#2200=VERTEX_POINT('',#5639);
#2201=VERTEX_POINT('',#5641);
#2202=VERTEX_POINT('',#5643);
#2203=VERTEX_POINT('',#5647);
#2204=VERTEX_POINT('',#5649);
#2205=VERTEX_POINT('',#5651);
#2206=VERTEX_POINT('',#5653);
#2207=VERTEX_POINT('',#5655);
#2208=VERTEX_POINT('',#5657);
#2209=VERTEX_POINT('',#5659);
#2210=VERTEX_POINT('',#5661);
#2211=VERTEX_POINT('',#5663);
#2212=VERTEX_POINT('',#5666);
#2213=VERTEX_POINT('',#5667);
#2214=VERTEX_POINT('',#5669);
#2215=VERTEX_POINT('',#5671);
#2216=VERTEX_POINT('',#5673);
#2217=VERTEX_POINT('',#5677);
#2218=VERTEX_POINT('',#5681);
#2219=VERTEX_POINT('',#5683);
#2220=VERTEX_POINT('',#5685);
#2221=VERTEX_POINT('',#5689);
#2222=VERTEX_POINT('',#5693);
#2223=VERTEX_POINT('',#5695);
#2224=VERTEX_POINT('',#5697);
#2225=VERTEX_POINT('',#5699);
#2226=VERTEX_POINT('',#5701);
#2227=VERTEX_POINT('',#5703);
#2228=VERTEX_POINT('',#5707);
#2229=VERTEX_POINT('',#5711);
#2230=VERTEX_POINT('',#5713);
#2231=VERTEX_POINT('',#5717);
#2232=VERTEX_POINT('',#5721);
#2233=VERTEX_POINT('',#5723);
#2234=VERTEX_POINT('',#5726);
#2235=VERTEX_POINT('',#5727);
#2236=VERTEX_POINT('',#5729);
#2237=VERTEX_POINT('',#5731);
#2238=VERTEX_POINT('',#5734);
#2239=VERTEX_POINT('',#5735);
#2240=VERTEX_POINT('',#5737);
#2241=VERTEX_POINT('',#5739);
#2242=LINE('',#4864,#2636);
#2243=LINE('',#4867,#2637);
#2244=LINE('',#4869,#2638);
#2245=LINE('',#4871,#2639);
#2246=LINE('',#4872,#2640);
#2247=LINE('',#4875,#2641);
#2248=LINE('',#4877,#2642);
#2249=LINE('',#4879,#2643);
#2250=LINE('',#4880,#2644);
#2251=LINE('',#4883,#2645);
#2252=LINE('',#4885,#2646);
#2253=LINE('',#4887,#2647);
#2254=LINE('',#4888,#2648);
#2255=LINE('',#4891,#2649);
#2256=LINE('',#4893,#2650);
#2257=LINE('',#4895,#2651);
#2258=LINE('',#4896,#2652);
#2259=LINE('',#4899,#2653);
#2260=LINE('',#4901,#2654);
#2261=LINE('',#4903,#2655);
#2262=LINE('',#4904,#2656);
#2263=LINE('',#4907,#2657);
#2264=LINE('',#4909,#2658);
#2265=LINE('',#4911,#2659);
#2266=LINE('',#4912,#2660);
#2267=LINE('',#4915,#2661);
#2268=LINE('',#4917,#2662);
#2269=LINE('',#4919,#2663);
#2270=LINE('',#4920,#2664);
#2271=LINE('',#4923,#2665);
#2272=LINE('',#4925,#2666);
#2273=LINE('',#4927,#2667);
#2274=LINE('',#4928,#2668);
#2275=LINE('',#4931,#2669);
#2276=LINE('',#4933,#2670);
#2277=LINE('',#4935,#2671);
#2278=LINE('',#4936,#2672);
#2279=LINE('',#4939,#2673);
#2280=LINE('',#4941,#2674);
#2281=LINE('',#4943,#2675);
#2282=LINE('',#4944,#2676);
#2283=LINE('',#4981,#2677);
#2284=LINE('',#4983,#2678);
#2285=LINE('',#4985,#2679);
#2286=LINE('',#5007,#2680);
#2287=LINE('',#5009,#2681);
#2288=LINE('',#5010,#2682);
#2289=LINE('',#5013,#2683);
#2290=LINE('',#5015,#2684);
#2291=LINE('',#5017,#2685);
#2292=LINE('',#5018,#2686);
#2293=LINE('',#5021,#2687);
#2294=LINE('',#5023,#2688);
#2295=LINE('',#5025,#2689);
#2296=LINE('',#5026,#2690);
#2297=LINE('',#5029,#2691);
#2298=LINE('',#5031,#2692);
#2299=LINE('',#5037,#2693);
#2300=LINE('',#5039,#2694);
#2301=LINE('',#5041,#2695);
#2302=LINE('',#5067,#2696);
#2303=LINE('',#5069,#2697);
#2304=LINE('',#5071,#2698);
#2305=LINE('',#5088,#2699);
#2306=LINE('',#5097,#2700);
#2307=LINE('',#5099,#2701);
#2308=LINE('',#5101,#2702);
#2309=LINE('',#5123,#2703);
#2310=LINE('',#5153,#2704);
#2311=LINE('',#5162,#2705);
#2312=LINE('',#5165,#2706);
#2313=LINE('',#5175,#2707);
#2314=LINE('',#5177,#2708);
#2315=LINE('',#5189,#2709);
#2316=LINE('',#5191,#2710);
#2317=LINE('',#5193,#2711);
#2318=LINE('',#5194,#2712);
#2319=LINE('',#5197,#2713);
#2320=LINE('',#5199,#2714);
#2321=LINE('',#5201,#2715);
#2322=LINE('',#5202,#2716);
#2323=LINE('',#5229,#2717);
#2324=LINE('',#5231,#2718);
#2325=LINE('',#5233,#2719);
#2326=LINE('',#5259,#2720);
#2327=LINE('',#5261,#2721);
#2328=LINE('',#5262,#2722);
#2329=LINE('',#5265,#2723);
#2330=LINE('',#5267,#2724);
#2331=LINE('',#5269,#2725);
#2332=LINE('',#5271,#2726);
#2333=LINE('',#5273,#2727);
#2334=LINE('',#5275,#2728);
#2335=LINE('',#5277,#2729);
#2336=LINE('',#5278,#2730);
#2337=LINE('',#5281,#2731);
#2338=LINE('',#5283,#2732);
#2339=LINE('',#5285,#2733);
#2340=LINE('',#5286,#2734);
#2341=LINE('',#5289,#2735);
#2342=LINE('',#5291,#2736);
#2343=LINE('',#5293,#2737);
#2344=LINE('',#5294,#2738);
#2345=LINE('',#5297,#2739);
#2346=LINE('',#5299,#2740);
#2347=LINE('',#5301,#2741);
#2348=LINE('',#5303,#2742);
#2349=LINE('',#5306,#2743);
#2350=LINE('',#5308,#2744);
#2351=LINE('',#5310,#2745);
#2352=LINE('',#5311,#2746);
#2353=LINE('',#5314,#2747);
#2354=LINE('',#5316,#2748);
#2355=LINE('',#5318,#2749);
#2356=LINE('',#5320,#2750);
#2357=LINE('',#5322,#2751);
#2358=LINE('',#5324,#2752);
#2359=LINE('',#5326,#2753);
#2360=LINE('',#5327,#2754);
#2361=LINE('',#5330,#2755);
#2362=LINE('',#5332,#2756);
#2363=LINE('',#5334,#2757);
#2364=LINE('',#5352,#2758);
#2365=LINE('',#5382,#2759);
#2366=LINE('',#5391,#2760);
#2367=LINE('',#5394,#2761);
#2368=LINE('',#5412,#2762);
#2369=LINE('',#5414,#2763);
#2370=LINE('',#5416,#2764);
#2371=LINE('',#5442,#2765);
#2372=LINE('',#5444,#2766);
#2373=LINE('',#5446,#2767);
#2374=LINE('',#5452,#2768);
#2375=LINE('',#5453,#2769);
#2376=LINE('',#5456,#2770);
#2377=LINE('',#5458,#2771);
#2378=LINE('',#5460,#2772);
#2379=LINE('',#5461,#2773);
#2380=LINE('',#5464,#2774);
#2381=LINE('',#5466,#2775);
#2382=LINE('',#5468,#2776);
#2383=LINE('',#5469,#2777);
#2384=LINE('',#5472,#2778);
#2385=LINE('',#5474,#2779);
#2386=LINE('',#5476,#2780);
#2387=LINE('',#5477,#2781);
#2388=LINE('',#5480,#2782);
#2389=LINE('',#5482,#2783);
#2390=LINE('',#5484,#2784);
#2391=LINE('',#5485,#2785);
#2392=LINE('',#5488,#2786);
#2393=LINE('',#5490,#2787);
#2394=LINE('',#5492,#2788);
#2395=LINE('',#5493,#2789);
#2396=LINE('',#5496,#2790);
#2397=LINE('',#5498,#2791);
#2398=LINE('',#5500,#2792);
#2399=LINE('',#5501,#2793);
#2400=LINE('',#5504,#2794);
#2401=LINE('',#5506,#2795);
#2402=LINE('',#5508,#2796);
#2403=LINE('',#5509,#2797);
#2404=LINE('',#5512,#2798);
#2405=LINE('',#5514,#2799);
#2406=LINE('',#5516,#2800);
#2407=LINE('',#5517,#2801);
#2408=LINE('',#5520,#2802);
#2409=LINE('',#5522,#2803);
#2410=LINE('',#5524,#2804);
#2411=LINE('',#5525,#2805);
#2412=LINE('',#5528,#2806);
#2413=LINE('',#5530,#2807);
#2414=LINE('',#5532,#2808);
#2415=LINE('',#5533,#2809);
#2416=LINE('',#5536,#2810);
#2417=LINE('',#5538,#2811);
#2418=LINE('',#5540,#2812);
#2419=LINE('',#5546,#2813);
#2420=LINE('',#5548,#2814);
#2421=LINE('',#5550,#2815);
#2422=LINE('',#5572,#2816);
#2423=LINE('',#5574,#2817);
#2424=LINE('',#5576,#2818);
#2425=LINE('',#5607,#2819);
#2426=LINE('',#5610,#2820);
#2427=LINE('',#5612,#2821);
#2428=LINE('',#5614,#2822);
#2429=LINE('',#5620,#2823);
#2430=LINE('',#5626,#2824);
#2431=LINE('',#5628,#2825);
#2432=LINE('',#5630,#2826);
#2433=LINE('',#5633,#2827);
#2434=LINE('',#5636,#2828);
#2435=LINE('',#5638,#2829);
#2436=LINE('',#5640,#2830);
#2437=LINE('',#5642,#2831);
#2438=LINE('',#5654,#2832);
#2439=LINE('',#5656,#2833);
#2440=LINE('',#5668,#2834);
#2441=LINE('',#5670,#2835);
#2442=LINE('',#5672,#2836);
#2443=LINE('',#5698,#2837);
#2444=LINE('',#5700,#2838);
#2445=LINE('',#5702,#2839);
#2446=LINE('',#5725,#2840);
#2447=LINE('',#5728,#2841);
#2448=LINE('',#5730,#2842);
#2449=LINE('',#5732,#2843);
#2450=LINE('',#5733,#2844);
#2451=LINE('',#5736,#2845);
#2452=LINE('',#5738,#2846);
#2453=LINE('',#5740,#2847);
#2454=LINE('',#5742,#2848);
#2455=LINE('',#5743,#2849);
#2456=LINE('',#5745,#2850);
#2457=LINE('',#5747,#2851);
#2458=LINE('',#5749,#2852);
#2459=LINE('',#5750,#2853);
#2460=LINE('',#5752,#2854);
#2461=LINE('',#5754,#2855);
#2462=LINE('',#5756,#2856);
#2463=LINE('',#5757,#2857);
#2464=LINE('',#5759,#2858);
#2465=LINE('',#5761,#2859);
#2466=LINE('',#5763,#2860);
#2467=LINE('',#5764,#2861);
#2468=LINE('',#5766,#2862);
#2469=LINE('',#5768,#2863);
#2470=LINE('',#5770,#2864);
#2471=LINE('',#5771,#2865);
#2472=LINE('',#5773,#2866);
#2473=LINE('',#5775,#2867);
#2474=LINE('',#5777,#2868);
#2475=LINE('',#5778,#2869);
#2476=LINE('',#5780,#2870);
#2477=LINE('',#5782,#2871);
#2478=LINE('',#5784,#2872);
#2479=LINE('',#5785,#2873);
#2480=LINE('',#5787,#2874);
#2481=LINE('',#5789,#2875);
#2482=LINE('',#5791,#2876);
#2483=LINE('',#5792,#2877);
#2484=LINE('',#5794,#2878);
#2485=LINE('',#5796,#2879);
#2486=LINE('',#5798,#2880);
#2487=LINE('',#5799,#2881);
#2488=LINE('',#5801,#2882);
#2489=LINE('',#5803,#2883);
#2490=LINE('',#5805,#2884);
#2491=LINE('',#5806,#2885);
#2492=LINE('',#5808,#2886);
#2493=LINE('',#5810,#2887);
#2494=LINE('',#5829,#2888);
#2495=LINE('',#5830,#2889);
#2496=LINE('',#5832,#2890);
#2497=LINE('',#5834,#2891);
#2498=LINE('',#5836,#2892);
#2499=LINE('',#5845,#2893);
#2500=LINE('',#5854,#2894);
#2501=LINE('',#5856,#2895);
#2502=LINE('',#5858,#2896);
#2503=LINE('',#5867,#2897);
#2504=LINE('',#5876,#2898);
#2505=LINE('',#5878,#2899);
#2506=LINE('',#5880,#2900);
#2507=LINE('',#5882,#2901);
#2508=LINE('',#5884,#2902);
#2509=LINE('',#5893,#2903);
#2510=LINE('',#5902,#2904);
#2511=LINE('',#5911,#2905);
#2512=LINE('',#5920,#2906);
#2513=LINE('',#5929,#2907);
#2514=LINE('',#5931,#2908);
#2515=LINE('',#5933,#2909);
#2516=LINE('',#5943,#2910);
#2517=LINE('',#5944,#2911);
#2518=LINE('',#5946,#2912);
#2519=LINE('',#5948,#2913);
#2520=LINE('',#5951,#2914);
#2521=LINE('',#5952,#2915);
#2522=LINE('',#5954,#2916);
#2523=LINE('',#5956,#2917);
#2524=LINE('',#5959,#2918);
#2525=LINE('',#5960,#2919);
#2526=LINE('',#5962,#2920);
#2527=LINE('',#5964,#2921);
#2528=LINE('',#5973,#2922);
#2529=LINE('',#5982,#2923);
#2530=LINE('',#5984,#2924);
#2531=LINE('',#5986,#2925);
#2532=LINE('',#5988,#2926);
#2533=LINE('',#5990,#2927);
#2534=LINE('',#5992,#2928);
#2535=LINE('',#5994,#2929);
#2536=LINE('',#6003,#2930);
#2537=LINE('',#6012,#2931);
#2538=LINE('',#6014,#2932);
#2539=LINE('',#6016,#2933);
#2540=LINE('',#6025,#2934);
#2541=LINE('',#6034,#2935);
#2542=LINE('',#6036,#2936);
#2543=LINE('',#6038,#2937);
#2544=LINE('',#6040,#2938);
#2545=LINE('',#6042,#2939);
#2546=LINE('',#6044,#2940);
#2547=LINE('',#6046,#2941);
#2548=LINE('',#6048,#2942);
#2549=LINE('',#6058,#2943);
#2550=LINE('',#6059,#2944);
#2551=LINE('',#6061,#2945);
#2552=LINE('',#6063,#2946);
#2553=LINE('',#6065,#2947);
#2554=LINE('',#6067,#2948);
#2555=LINE('',#6069,#2949);
#2556=LINE('',#6071,#2950);
#2557=LINE('',#6081,#2951);
#2558=LINE('',#6082,#2952);
#2559=LINE('',#6091,#2953);
#2560=LINE('',#6100,#2954);
#2561=LINE('',#6102,#2955);
#2562=LINE('',#6104,#2956);
#2563=LINE('',#6106,#2957);
#2564=LINE('',#6108,#2958);
#2565=LINE('',#6117,#2959);
#2566=LINE('',#6126,#2960);
#2567=LINE('',#6135,#2961);
#2568=LINE('',#6144,#2962);
#2569=LINE('',#6153,#2963);
#2570=LINE('',#6162,#2964);
#2571=LINE('',#6164,#2965);
#2572=LINE('',#6166,#2966);
#2573=LINE('',#6168,#2967);
#2574=LINE('',#6170,#2968);
#2575=LINE('',#6180,#2969);
#2576=LINE('',#6181,#2970);
#2577=LINE('',#6183,#2971);
#2578=LINE('',#6185,#2972);
#2579=LINE('',#6187,#2973);
#2580=LINE('',#6189,#2974);
#2581=LINE('',#6198,#2975);
#2582=LINE('',#6200,#2976);
#2583=LINE('',#6202,#2977);
#2584=LINE('',#6204,#2978);
#2585=LINE('',#6206,#2979);
#2586=LINE('',#6208,#2980);
#2587=LINE('',#6210,#2981);
#2588=LINE('',#6212,#2982);
#2589=LINE('',#6214,#2983);
#2590=LINE('',#6217,#2984);
#2591=LINE('',#6218,#2985);
#2592=LINE('',#6220,#2986);
#2593=LINE('',#6222,#2987);
#2594=LINE('',#6225,#2988);
#2595=LINE('',#6226,#2989);
#2596=LINE('',#6228,#2990);
#2597=LINE('',#6230,#2991);
#2598=LINE('',#6232,#2992);
#2599=LINE('',#6241,#2993);
#2600=LINE('',#6250,#2994);
#2601=LINE('',#6252,#2995);
#2602=LINE('',#6254,#2996);
#2603=LINE('',#6263,#2997);
#2604=LINE('',#6272,#2998);
#2605=LINE('',#6274,#2999);
#2606=LINE('',#6276,#3000);
#2607=LINE('',#6278,#3001);
#2608=LINE('',#6280,#3002);
#2609=LINE('',#6282,#3003);
#2610=LINE('',#6291,#3004);
#2611=LINE('',#6300,#3005);
#2612=LINE('',#6302,#3006);
#2613=LINE('',#6311,#3007);
#2614=LINE('',#6320,#3008);
#2615=LINE('',#6322,#3009);
#2616=LINE('',#6325,#3010);
#2617=LINE('',#6326,#3011);
#2618=LINE('',#6328,#3012);
#2619=LINE('',#6330,#3013);
#2620=LINE('',#6332,#3014);
#2621=LINE('',#6334,#3015);
#2622=LINE('',#6336,#3016);
#2623=LINE('',#6338,#3017);
#2624=LINE('',#6341,#3018);
#2625=LINE('',#6342,#3019);
#2626=LINE('',#6344,#3020);
#2627=LINE('',#6346,#3021);
#2628=LINE('',#6349,#3022);
#2629=LINE('',#6350,#3023);
#2630=LINE('',#6352,#3024);
#2631=LINE('',#6354,#3025);
#2632=LINE('',#6357,#3026);
#2633=LINE('',#6358,#3027);
#2634=LINE('',#6360,#3028);
#2635=LINE('',#6362,#3029);
#2636=VECTOR('',#4020,1.);
#2637=VECTOR('',#4021,1.);
#2638=VECTOR('',#4022,1.);
#2639=VECTOR('',#4023,1.);
#2640=VECTOR('',#4024,1.);
#2641=VECTOR('',#4025,1.);
#2642=VECTOR('',#4026,1.);
#2643=VECTOR('',#4027,1.);
#2644=VECTOR('',#4028,1.);
#2645=VECTOR('',#4029,1.);
#2646=VECTOR('',#4030,1.);
#2647=VECTOR('',#4031,1.);
#2648=VECTOR('',#4032,1.);
#2649=VECTOR('',#4033,1.);
#2650=VECTOR('',#4034,1.);
#2651=VECTOR('',#4035,1.);
#2652=VECTOR('',#4036,1.);
#2653=VECTOR('',#4037,1.);
#2654=VECTOR('',#4038,1.);
#2655=VECTOR('',#4039,1.);
#2656=VECTOR('',#4040,1.);
#2657=VECTOR('',#4041,1.);
#2658=VECTOR('',#4042,1.);
#2659=VECTOR('',#4043,1.);
#2660=VECTOR('',#4044,1.);
#2661=VECTOR('',#4045,1.);
#2662=VECTOR('',#4046,1.);
#2663=VECTOR('',#4047,1.);
#2664=VECTOR('',#4048,1.);
#2665=VECTOR('',#4049,1.);
#2666=VECTOR('',#4050,1.);
#2667=VECTOR('',#4051,1.);
#2668=VECTOR('',#4052,1.);
#2669=VECTOR('',#4053,1.);
#2670=VECTOR('',#4054,1.);
#2671=VECTOR('',#4055,1.);
#2672=VECTOR('',#4056,1.);
#2673=VECTOR('',#4057,1.);
#2674=VECTOR('',#4058,1.);
#2675=VECTOR('',#4059,1.);
#2676=VECTOR('',#4060,1.);
#2677=VECTOR('',#4067,1.);
#2678=VECTOR('',#4068,1.);
#2679=VECTOR('',#4069,1.);
#2680=VECTOR('',#4074,1.);
#2681=VECTOR('',#4075,1.);
#2682=VECTOR('',#4076,1.);
#2683=VECTOR('',#4077,1.);
#2684=VECTOR('',#4078,1.);
#2685=VECTOR('',#4079,1.);
#2686=VECTOR('',#4080,1.);
#2687=VECTOR('',#4081,1.);
#2688=VECTOR('',#4082,1.);
#2689=VECTOR('',#4083,1.);
#2690=VECTOR('',#4084,1.);
#2691=VECTOR('',#4085,1.);
#2692=VECTOR('',#4086,1.);
#2693=VECTOR('',#4091,1.);
#2694=VECTOR('',#4092,1.);
#2695=VECTOR('',#4093,1.);
#2696=VECTOR('',#4102,1.);
#2697=VECTOR('',#4103,1.);
#2698=VECTOR('',#4104,1.);
#2699=VECTOR('',#4113,1.);
#2700=VECTOR('',#4116,1.);
#2701=VECTOR('',#4117,1.);
#2702=VECTOR('',#4118,1.);
#2703=VECTOR('',#4127,1.);
#2704=VECTOR('',#4132,1.);
#2705=VECTOR('',#4137,1.);
#2706=VECTOR('',#4138,1.);
#2707=VECTOR('',#4147,1.);
#2708=VECTOR('',#4148,1.);
#2709=VECTOR('',#4155,1.);
#2710=VECTOR('',#4156,1.);
#2711=VECTOR('',#4157,1.);
#2712=VECTOR('',#4158,1.);
#2713=VECTOR('',#4159,1.);
#2714=VECTOR('',#4160,1.);
#2715=VECTOR('',#4161,1.);
#2716=VECTOR('',#4162,1.);
#2717=VECTOR('',#4171,1.);
#2718=VECTOR('',#4172,1.);
#2719=VECTOR('',#4173,1.);
#2720=VECTOR('',#4182,1.);
#2721=VECTOR('',#4183,1.);
#2722=VECTOR('',#4184,1.);
#2723=VECTOR('',#4185,1.);
#2724=VECTOR('',#4186,1.);
#2725=VECTOR('',#4187,1.);
#2726=VECTOR('',#4188,1.);
#2727=VECTOR('',#4189,1.);
#2728=VECTOR('',#4190,1.);
#2729=VECTOR('',#4191,1.);
#2730=VECTOR('',#4192,1.);
#2731=VECTOR('',#4193,1.);
#2732=VECTOR('',#4194,1.);
#2733=VECTOR('',#4195,1.);
#2734=VECTOR('',#4196,1.);
#2735=VECTOR('',#4197,1.);
#2736=VECTOR('',#4198,1.);
#2737=VECTOR('',#4199,1.);
#2738=VECTOR('',#4200,1.);
#2739=VECTOR('',#4201,1.);
#2740=VECTOR('',#4202,1.);
#2741=VECTOR('',#4203,1.);
#2742=VECTOR('',#4206,1.);
#2743=VECTOR('',#4207,1.);
#2744=VECTOR('',#4208,1.);
#2745=VECTOR('',#4209,1.);
#2746=VECTOR('',#4210,1.);
#2747=VECTOR('',#4211,1.);
#2748=VECTOR('',#4212,1.);
#2749=VECTOR('',#4213,1.);
#2750=VECTOR('',#4214,1.);
#2751=VECTOR('',#4215,1.);
#2752=VECTOR('',#4216,1.);
#2753=VECTOR('',#4217,1.);
#2754=VECTOR('',#4218,1.);
#2755=VECTOR('',#4219,1.);
#2756=VECTOR('',#4220,1.);
#2757=VECTOR('',#4221,1.);
#2758=VECTOR('',#4226,1.);
#2759=VECTOR('',#4231,1.);
#2760=VECTOR('',#4236,1.);
#2761=VECTOR('',#4237,1.);
#2762=VECTOR('',#4246,1.);
#2763=VECTOR('',#4247,1.);
#2764=VECTOR('',#4248,1.);
#2765=VECTOR('',#4257,1.);
#2766=VECTOR('',#4258,1.);
#2767=VECTOR('',#4259,1.);
#2768=VECTOR('',#4264,1.);
#2769=VECTOR('',#4265,1.);
#2770=VECTOR('',#4266,1.);
#2771=VECTOR('',#4267,1.);
#2772=VECTOR('',#4268,1.);
#2773=VECTOR('',#4269,1.);
#2774=VECTOR('',#4270,1.);
#2775=VECTOR('',#4271,1.);
#2776=VECTOR('',#4272,1.);
#2777=VECTOR('',#4273,1.);
#2778=VECTOR('',#4274,1.);
#2779=VECTOR('',#4275,1.);
#2780=VECTOR('',#4276,1.);
#2781=VECTOR('',#4277,1.);
#2782=VECTOR('',#4278,1.);
#2783=VECTOR('',#4279,1.);
#2784=VECTOR('',#4280,1.);
#2785=VECTOR('',#4281,1.);
#2786=VECTOR('',#4282,1.);
#2787=VECTOR('',#4283,1.);
#2788=VECTOR('',#4284,1.);
#2789=VECTOR('',#4285,1.);
#2790=VECTOR('',#4286,1.);
#2791=VECTOR('',#4287,1.);
#2792=VECTOR('',#4288,1.);
#2793=VECTOR('',#4289,1.);
#2794=VECTOR('',#4290,1.);
#2795=VECTOR('',#4291,1.);
#2796=VECTOR('',#4292,1.);
#2797=VECTOR('',#4293,1.);
#2798=VECTOR('',#4294,1.);
#2799=VECTOR('',#4295,1.);
#2800=VECTOR('',#4296,1.);
#2801=VECTOR('',#4297,1.);
#2802=VECTOR('',#4298,1.);
#2803=VECTOR('',#4299,1.);
#2804=VECTOR('',#4300,1.);
#2805=VECTOR('',#4301,1.);
#2806=VECTOR('',#4302,1.);
#2807=VECTOR('',#4303,1.);
#2808=VECTOR('',#4304,1.);
#2809=VECTOR('',#4305,1.);
#2810=VECTOR('',#4306,1.);
#2811=VECTOR('',#4307,1.);
#2812=VECTOR('',#4308,1.);
#2813=VECTOR('',#4309,1.);
#2814=VECTOR('',#4310,1.);
#2815=VECTOR('',#4311,1.);
#2816=VECTOR('',#4316,1.);
#2817=VECTOR('',#4317,1.);
#2818=VECTOR('',#4318,1.);
#2819=VECTOR('',#4325,1.);
#2820=VECTOR('',#4326,1.);
#2821=VECTOR('',#4327,1.);
#2822=VECTOR('',#4328,1.);
#2823=VECTOR('',#4329,1.);
#2824=VECTOR('',#4334,1.);
#2825=VECTOR('',#4335,1.);
#2826=VECTOR('',#4336,1.);
#2827=VECTOR('',#4339,1.);
#2828=VECTOR('',#4340,1.);
#2829=VECTOR('',#4341,1.);
#2830=VECTOR('',#4342,1.);
#2831=VECTOR('',#4343,1.);
#2832=VECTOR('',#4350,1.);
#2833=VECTOR('',#4351,1.);
#2834=VECTOR('',#4362,1.);
#2835=VECTOR('',#4363,1.);
#2836=VECTOR('',#4364,1.);
#2837=VECTOR('',#4373,1.);
#2838=VECTOR('',#4374,1.);
#2839=VECTOR('',#4375,1.);
#2840=VECTOR('',#4382,1.);
#2841=VECTOR('',#4383,1.);
#2842=VECTOR('',#4384,1.);
#2843=VECTOR('',#4385,1.);
#2844=VECTOR('',#4386,1.);
#2845=VECTOR('',#4387,1.);
#2846=VECTOR('',#4388,1.);
#2847=VECTOR('',#4389,1.);
#2848=VECTOR('',#4392,1.);
#2849=VECTOR('',#4393,1.);
#2850=VECTOR('',#4396,1.);
#2851=VECTOR('',#4399,1.);
#2852=VECTOR('',#4402,1.);
#2853=VECTOR('',#4403,1.);
#2854=VECTOR('',#4406,1.);
#2855=VECTOR('',#4409,1.);
#2856=VECTOR('',#4412,1.);
#2857=VECTOR('',#4413,1.);
#2858=VECTOR('',#4416,1.);
#2859=VECTOR('',#4419,1.);
#2860=VECTOR('',#4422,1.);
#2861=VECTOR('',#4423,1.);
#2862=VECTOR('',#4426,1.);
#2863=VECTOR('',#4429,1.);
#2864=VECTOR('',#4432,1.);
#2865=VECTOR('',#4433,1.);
#2866=VECTOR('',#4436,1.);
#2867=VECTOR('',#4439,1.);
#2868=VECTOR('',#4442,1.);
#2869=VECTOR('',#4443,1.);
#2870=VECTOR('',#4446,1.);
#2871=VECTOR('',#4449,1.);
#2872=VECTOR('',#4452,1.);
#2873=VECTOR('',#4453,1.);
#2874=VECTOR('',#4456,1.);
#2875=VECTOR('',#4459,1.);
#2876=VECTOR('',#4462,1.);
#2877=VECTOR('',#4463,1.);
#2878=VECTOR('',#4466,1.);
#2879=VECTOR('',#4469,1.);
#2880=VECTOR('',#4472,1.);
#2881=VECTOR('',#4473,1.);
#2882=VECTOR('',#4476,1.);
#2883=VECTOR('',#4479,1.);
#2884=VECTOR('',#4482,1.);
#2885=VECTOR('',#4483,1.);
#2886=VECTOR('',#4486,1.);
#2887=VECTOR('',#4489,1.);
#2888=VECTOR('',#4510,1.);
#2889=VECTOR('',#4511,1.);
#2890=VECTOR('',#4514,1.);
#2891=VECTOR('',#4517,1.);
#2892=VECTOR('',#4520,1.);
#2893=VECTOR('',#4521,1.);
#2894=VECTOR('',#4522,1.);
#2895=VECTOR('',#4525,1.);
#2896=VECTOR('',#4528,1.);
#2897=VECTOR('',#4529,1.);
#2898=VECTOR('',#4530,1.);
#2899=VECTOR('',#4533,1.);
#2900=VECTOR('',#4536,1.);
#2901=VECTOR('',#4539,1.);
#2902=VECTOR('',#4542,1.);
#2903=VECTOR('',#4543,1.);
#2904=VECTOR('',#4544,1.);
#2905=VECTOR('',#4545,1.);
#2906=VECTOR('',#4546,1.);
#2907=VECTOR('',#4547,1.);
#2908=VECTOR('',#4550,1.);
#2909=VECTOR('',#4553,1.);
#2910=VECTOR('',#4556,1.);
#2911=VECTOR('',#4557,1.);
#2912=VECTOR('',#4560,1.);
#2913=VECTOR('',#4563,1.);
#2914=VECTOR('',#4568,1.);
#2915=VECTOR('',#4569,1.);
#2916=VECTOR('',#4572,1.);
#2917=VECTOR('',#4575,1.);
#2918=VECTOR('',#4580,1.);
#2919=VECTOR('',#4581,1.);
#2920=VECTOR('',#4584,1.);
#2921=VECTOR('',#4587,1.);
#2922=VECTOR('',#4588,1.);
#2923=VECTOR('',#4589,1.);
#2924=VECTOR('',#4592,1.);
#2925=VECTOR('',#4595,1.);
#2926=VECTOR('',#4598,1.);
#2927=VECTOR('',#4601,1.);
#2928=VECTOR('',#4604,1.);
#2929=VECTOR('',#4607,1.);
#2930=VECTOR('',#4608,1.);
#2931=VECTOR('',#4609,1.);
#2932=VECTOR('',#4612,1.);
#2933=VECTOR('',#4615,1.);
#2934=VECTOR('',#4616,1.);
#2935=VECTOR('',#4617,1.);
#2936=VECTOR('',#4620,1.);
#2937=VECTOR('',#4623,1.);
#2938=VECTOR('',#4626,1.);
#2939=VECTOR('',#4629,1.);
#2940=VECTOR('',#4632,1.);
#2941=VECTOR('',#4635,1.);
#2942=VECTOR('',#4638,1.);
#2943=VECTOR('',#4641,1.);
#2944=VECTOR('',#4642,1.);
#2945=VECTOR('',#4645,1.);
#2946=VECTOR('',#4648,1.);
#2947=VECTOR('',#4651,1.);
#2948=VECTOR('',#4654,1.);
#2949=VECTOR('',#4657,1.);
#2950=VECTOR('',#4660,1.);
#2951=VECTOR('',#4663,1.);
#2952=VECTOR('',#4664,1.);
#2953=VECTOR('',#4665,1.);
#2954=VECTOR('',#4666,1.);
#2955=VECTOR('',#4669,1.);
#2956=VECTOR('',#4672,1.);
#2957=VECTOR('',#4675,1.);
#2958=VECTOR('',#4678,1.);
#2959=VECTOR('',#4679,1.);
#2960=VECTOR('',#4680,1.);
#2961=VECTOR('',#4681,1.);
#2962=VECTOR('',#4682,1.);
#2963=VECTOR('',#4683,1.);
#2964=VECTOR('',#4684,1.);
#2965=VECTOR('',#4687,1.);
#2966=VECTOR('',#4690,1.);
#2967=VECTOR('',#4693,1.);
#2968=VECTOR('',#4696,1.);
#2969=VECTOR('',#4699,1.);
#2970=VECTOR('',#4700,1.);
#2971=VECTOR('',#4703,1.);
#2972=VECTOR('',#4706,1.);
#2973=VECTOR('',#4709,1.);
#2974=VECTOR('',#4712,1.);
#2975=VECTOR('',#4713,1.);
#2976=VECTOR('',#4716,1.);
#2977=VECTOR('',#4719,1.);
#2978=VECTOR('',#4722,1.);
#2979=VECTOR('',#4725,1.);
#2980=VECTOR('',#4728,1.);
#2981=VECTOR('',#4731,1.);
#2982=VECTOR('',#4734,1.);
#2983=VECTOR('',#4737,1.);
#2984=VECTOR('',#4742,1.);
#2985=VECTOR('',#4743,1.);
#2986=VECTOR('',#4746,1.);
#2987=VECTOR('',#4749,1.);
#2988=VECTOR('',#4754,1.);
#2989=VECTOR('',#4755,1.);
#2990=VECTOR('',#4758,1.);
#2991=VECTOR('',#4761,1.);
#2992=VECTOR('',#4764,1.);
#2993=VECTOR('',#4765,1.);
#2994=VECTOR('',#4766,1.);
#2995=VECTOR('',#4769,1.);
#2996=VECTOR('',#4772,1.);
#2997=VECTOR('',#4773,1.);
#2998=VECTOR('',#4774,1.);
#2999=VECTOR('',#4777,1.);
#3000=VECTOR('',#4780,1.);
#3001=VECTOR('',#4783,1.);
#3002=VECTOR('',#4786,1.);
#3003=VECTOR('',#4789,1.);
#3004=VECTOR('',#4790,1.);
#3005=VECTOR('',#4791,1.);
#3006=VECTOR('',#4794,1.);
#3007=VECTOR('',#4795,1.);
#3008=VECTOR('',#4796,1.);
#3009=VECTOR('',#4799,1.);
#3010=VECTOR('',#4804,1.);
#3011=VECTOR('',#4805,1.);
#3012=VECTOR('',#4808,1.);
#3013=VECTOR('',#4811,1.);
#3014=VECTOR('',#4814,1.);
#3015=VECTOR('',#4817,1.);
#3016=VECTOR('',#4820,1.);
#3017=VECTOR('',#4823,1.);
#3018=VECTOR('',#4828,1.);
#3019=VECTOR('',#4829,1.);
#3020=VECTOR('',#4832,1.);
#3021=VECTOR('',#4835,1.);
#3022=VECTOR('',#4840,1.);
#3023=VECTOR('',#4841,1.);
#3024=VECTOR('',#4844,1.);
#3025=VECTOR('',#4847,1.);
#3026=VECTOR('',#4852,1.);
#3027=VECTOR('',#4853,1.);
#3028=VECTOR('',#4856,1.);
#3029=VECTOR('',#4859,1.);
#3030=EDGE_LOOP('',(#240,#241,#242,#243));
#3031=EDGE_LOOP('',(#244,#245,#246,#247));
#3032=EDGE_LOOP('',(#248,#249,#250,#251));
#3033=EDGE_LOOP('',(#252,#253,#254,#255));
#3034=EDGE_LOOP('',(#256,#257,#258,#259));
#3035=EDGE_LOOP('',(#260,#261,#262,#263));
#3036=EDGE_LOOP('',(#264,#265,#266,#267));
#3037=EDGE_LOOP('',(#268,#269,#270,#271));
#3038=EDGE_LOOP('',(#272,#273,#274,#275));
#3039=EDGE_LOOP('',(#276,#277,#278,#279));
#3040=EDGE_LOOP('',(#280,#281,#282,#283,#284,#285,#286,#287,#288,#289,#290,
#291,#292,#293,#294,#295,#296,#297,#298,#299,#300,#301));
#3041=EDGE_LOOP('',(#302,#303,#304,#305));
#3042=EDGE_LOOP('',(#306,#307,#308,#309));
#3043=EDGE_LOOP('',(#310,#311,#312,#313,#314,#315,#316,#317,#318,#319,#320,
#321,#322,#323,#324,#325,#326,#327,#328,#329,#330,#331,#332,#333,#334));
#3044=EDGE_LOOP('',(#335,#336,#337,#338,#339,#340,#341,#342));
#3045=EDGE_LOOP('',(#343,#344,#345,#346,#347,#348,#349,#350,#351,#352,#353,
#354,#355,#356,#357,#358,#359,#360));
#3046=EDGE_LOOP('',(#361,#362,#363,#364,#365,#366,#367,#368,#369,#370,#371,
#372,#373,#374,#375));
#3047=EDGE_LOOP('',(#376,#377,#378,#379));
#3048=EDGE_LOOP('',(#380,#381,#382,#383,#384,#385,#386,#387,#388,#389,#390,
#391,#392,#393,#394,#395,#396,#397,#398,#399,#400,#401));
#3049=EDGE_LOOP('',(#402,#403,#404,#405,#406,#407,#408,#409));
#3050=EDGE_LOOP('',(#410,#411,#412,#413));
#3051=EDGE_LOOP('',(#414,#415,#416,#417));
#3052=EDGE_LOOP('',(#418,#419,#420,#421));
#3053=EDGE_LOOP('',(#422,#423,#424,#425));
#3054=EDGE_LOOP('',(#426,#427,#428,#429,#430,#431,#432,#433));
#3055=EDGE_LOOP('',(#434,#435,#436,#437));
#3056=EDGE_LOOP('',(#438,#439,#440,#441,#442,#443,#444,#445,#446,#447,#448,
#449,#450,#451,#452,#453,#454,#455));
#3057=EDGE_LOOP('',(#456,#457,#458,#459,#460,#461,#462,#463,#464,#465,#466,
#467,#468,#469,#470,#471,#472,#473,#474,#475,#476,#477,#478,#479,#480));
#3058=EDGE_LOOP('',(#481,#482,#483,#484));
#3059=EDGE_LOOP('',(#485,#486,#487,#488));
#3060=EDGE_LOOP('',(#489,#490,#491,#492));
#3061=EDGE_LOOP('',(#493,#494,#495,#496));
#3062=EDGE_LOOP('',(#497,#498,#499,#500));
#3063=EDGE_LOOP('',(#501,#502,#503,#504));
#3064=EDGE_LOOP('',(#505,#506,#507,#508));
#3065=EDGE_LOOP('',(#509,#510,#511,#512));
#3066=EDGE_LOOP('',(#513,#514,#515,#516));
#3067=EDGE_LOOP('',(#517,#518,#519,#520));
#3068=EDGE_LOOP('',(#521,#522,#523,#524));
#3069=EDGE_LOOP('',(#525,#526,#527,#528,#529,#530,#531,#532,#533,#534,#535,
#536,#537,#538,#539,#540,#541,#542,#543,#544,#545,#546));
#3070=EDGE_LOOP('',(#547,#548,#549,#550));
#3071=EDGE_LOOP('',(#551,#552,#553,#554,#555,#556,#557,#558));
#3072=EDGE_LOOP('',(#559,#560,#561,#562,#563,#564,#565,#566,#567,#568,#569,
#570,#571,#572,#573));
#3073=EDGE_LOOP('',(#574,#575,#576,#577,#578,#579,#580,#581,#582,#583,#584,
#585,#586,#587,#588,#589,#590,#591,#592,#593,#594,#595));
#3074=EDGE_LOOP('',(#596,#597,#598,#599));
#3075=EDGE_LOOP('',(#600,#601,#602,#603));
#3076=EDGE_LOOP('',(#604,#605,#606,#607));
#3077=EDGE_LOOP('',(#608,#609,#610,#611));
#3078=EDGE_LOOP('',(#612,#613,#614,#615));
#3079=EDGE_LOOP('',(#616,#617,#618,#619));
#3080=EDGE_LOOP('',(#620,#621,#622,#623));
#3081=EDGE_LOOP('',(#624,#625,#626,#627));
#3082=EDGE_LOOP('',(#628,#629,#630,#631));
#3083=EDGE_LOOP('',(#632,#633,#634,#635));
#3084=EDGE_LOOP('',(#636,#637,#638,#639));
#3085=EDGE_LOOP('',(#640,#641,#642,#643));
#3086=EDGE_LOOP('',(#644,#645,#646,#647));
#3087=EDGE_LOOP('',(#648,#649,#650,#651));
#3088=EDGE_LOOP('',(#652,#653,#654,#655));
#3089=EDGE_LOOP('',(#656,#657,#658,#659));
#3090=EDGE_LOOP('',(#660,#661,#662,#663));
#3091=EDGE_LOOP('',(#664,#665,#666,#667));
#3092=EDGE_LOOP('',(#668,#669,#670,#671));
#3093=EDGE_LOOP('',(#672,#673,#674,#675));
#3094=EDGE_LOOP('',(#676,#677,#678,#679));
#3095=EDGE_LOOP('',(#680,#681,#682,#683));
#3096=EDGE_LOOP('',(#684,#685,#686,#687));
#3097=EDGE_LOOP('',(#688,#689,#690,#691));
#3098=EDGE_LOOP('',(#692,#693,#694,#695));
#3099=EDGE_LOOP('',(#696,#697,#698,#699));
#3100=EDGE_LOOP('',(#700,#701,#702,#703));
#3101=EDGE_LOOP('',(#704,#705,#706,#707));
#3102=EDGE_LOOP('',(#708,#709,#710,#711));
#3103=EDGE_LOOP('',(#712,#713,#714,#715));
#3104=EDGE_LOOP('',(#716,#717,#718,#719));
#3105=EDGE_LOOP('',(#720,#721,#722,#723));
#3106=EDGE_LOOP('',(#724,#725,#726,#727));
#3107=EDGE_LOOP('',(#728,#729,#730,#731));
#3108=EDGE_LOOP('',(#732,#733,#734,#735));
#3109=EDGE_LOOP('',(#736,#737,#738,#739));
#3110=EDGE_LOOP('',(#740,#741,#742,#743));
#3111=EDGE_LOOP('',(#744,#745,#746,#747));
#3112=EDGE_LOOP('',(#748,#749,#750,#751));
#3113=EDGE_LOOP('',(#752,#753,#754,#755));
#3114=EDGE_LOOP('',(#756,#757,#758,#759));
#3115=EDGE_LOOP('',(#760,#761,#762,#763));
#3116=EDGE_LOOP('',(#764,#765,#766,#767));
#3117=EDGE_LOOP('',(#768,#769,#770,#771));
#3118=EDGE_LOOP('',(#772,#773,#774,#775));
#3119=EDGE_LOOP('',(#776,#777,#778,#779));
#3120=EDGE_LOOP('',(#780,#781,#782,#783));
#3121=EDGE_LOOP('',(#784,#785,#786,#787));
#3122=EDGE_LOOP('',(#788,#789,#790,#791));
#3123=EDGE_LOOP('',(#792,#793,#794,#795));
#3124=EDGE_LOOP('',(#796,#797,#798,#799));
#3125=EDGE_LOOP('',(#800,#801,#802,#803));
#3126=EDGE_LOOP('',(#804,#805,#806,#807));
#3127=EDGE_LOOP('',(#808,#809,#810,#811));
#3128=EDGE_LOOP('',(#812,#813,#814,#815));
#3129=EDGE_LOOP('',(#816,#817,#818,#819));
#3130=EDGE_LOOP('',(#820,#821,#822,#823));
#3131=EDGE_LOOP('',(#824,#825,#826,#827));
#3132=EDGE_LOOP('',(#828,#829,#830,#831));
#3133=EDGE_LOOP('',(#832,#833,#834,#835));
#3134=EDGE_LOOP('',(#836,#837,#838,#839));
#3135=EDGE_LOOP('',(#840,#841,#842,#843));
#3136=EDGE_LOOP('',(#844,#845,#846,#847));
#3137=EDGE_LOOP('',(#848,#849,#850,#851));
#3138=EDGE_LOOP('',(#852,#853,#854,#855));
#3139=EDGE_LOOP('',(#856,#857,#858,#859));
#3140=EDGE_LOOP('',(#860,#861,#862,#863));
#3141=EDGE_LOOP('',(#864,#865,#866,#867));
#3142=EDGE_LOOP('',(#868,#869,#870,#871));
#3143=EDGE_LOOP('',(#872,#873,#874,#875));
#3144=EDGE_LOOP('',(#876,#877,#878,#879));
#3145=EDGE_LOOP('',(#880,#881,#882,#883));
#3146=EDGE_LOOP('',(#884,#885,#886,#887));
#3147=EDGE_LOOP('',(#888,#889,#890,#891));
#3148=EDGE_LOOP('',(#892,#893,#894,#895));
#3149=EDGE_LOOP('',(#896,#897,#898,#899));
#3150=EDGE_LOOP('',(#900,#901,#902,#903));
#3151=EDGE_LOOP('',(#904,#905,#906,#907));
#3152=EDGE_LOOP('',(#908,#909,#910,#911));
#3153=EDGE_LOOP('',(#912,#913,#914,#915));
#3154=EDGE_LOOP('',(#916,#917,#918,#919));
#3155=EDGE_LOOP('',(#920,#921,#922,#923));
#3156=EDGE_LOOP('',(#924,#925,#926,#927));
#3157=EDGE_LOOP('',(#928,#929,#930,#931));
#3158=EDGE_LOOP('',(#932,#933,#934,#935));
#3159=EDGE_LOOP('',(#936,#937,#938,#939));
#3160=EDGE_LOOP('',(#940,#941,#942,#943));
#3161=EDGE_LOOP('',(#944,#945,#946,#947));
#3162=EDGE_LOOP('',(#948,#949,#950,#951));
#3163=EDGE_LOOP('',(#952,#953,#954,#955));
#3164=EDGE_LOOP('',(#956,#957,#958,#959));
#3165=EDGE_LOOP('',(#960,#961,#962,#963));
#3166=EDGE_LOOP('',(#964,#965,#966,#967));
#3167=EDGE_LOOP('',(#968,#969,#970,#971));
#3168=EDGE_LOOP('',(#972,#973,#974,#975));
#3169=EDGE_LOOP('',(#976,#977,#978,#979));
#3170=EDGE_LOOP('',(#980,#981,#982,#983));
#3171=EDGE_LOOP('',(#984,#985,#986,#987));
#3172=EDGE_LOOP('',(#988,#989,#990,#991));
#3173=EDGE_LOOP('',(#992,#993,#994,#995));
#3174=EDGE_LOOP('',(#996,#997,#998,#999));
#3175=EDGE_LOOP('',(#1000,#1001,#1002,#1003));
#3176=EDGE_LOOP('',(#1004,#1005,#1006,#1007));
#3177=EDGE_LOOP('',(#1008,#1009,#1010,#1011));
#3178=EDGE_LOOP('',(#1012,#1013,#1014,#1015));
#3179=EDGE_LOOP('',(#1016,#1017,#1018,#1019));
#3180=EDGE_LOOP('',(#1020,#1021,#1022,#1023));
#3181=EDGE_LOOP('',(#1024,#1025,#1026,#1027));
#3182=EDGE_LOOP('',(#1028,#1029,#1030,#1031));
#3183=EDGE_LOOP('',(#1032,#1033,#1034,#1035));
#3184=EDGE_LOOP('',(#1036,#1037,#1038,#1039));
#3185=EDGE_LOOP('',(#1040,#1041,#1042,#1043));
#3186=EDGE_LOOP('',(#1044,#1045,#1046,#1047));
#3187=EDGE_LOOP('',(#1048,#1049,#1050,#1051));
#3188=EDGE_LOOP('',(#1052,#1053,#1054,#1055));
#3189=EDGE_LOOP('',(#1056,#1057,#1058,#1059));
#3190=EDGE_LOOP('',(#1060,#1061,#1062,#1063));
#3191=EDGE_LOOP('',(#1064,#1065,#1066,#1067));
#3192=EDGE_LOOP('',(#1068,#1069,#1070,#1071));
#3193=EDGE_LOOP('',(#1072,#1073,#1074,#1075));
#3194=EDGE_LOOP('',(#1076,#1077,#1078,#1079));
#3195=EDGE_LOOP('',(#1080,#1081,#1082,#1083));
#3196=EDGE_LOOP('',(#1084,#1085,#1086,#1087));
#3197=EDGE_LOOP('',(#1088,#1089,#1090,#1091));
#3198=EDGE_LOOP('',(#1092,#1093,#1094,#1095));
#3199=EDGE_LOOP('',(#1096,#1097,#1098,#1099));
#3200=EDGE_LOOP('',(#1100,#1101,#1102,#1103));
#3201=EDGE_LOOP('',(#1104,#1105,#1106,#1107));
#3202=EDGE_LOOP('',(#1108,#1109,#1110,#1111));
#3203=EDGE_LOOP('',(#1112,#1113,#1114,#1115));
#3204=EDGE_LOOP('',(#1116,#1117,#1118,#1119));
#3205=EDGE_LOOP('',(#1120,#1121,#1122,#1123));
#3206=EDGE_LOOP('',(#1124,#1125,#1126,#1127));
#3207=EDGE_LOOP('',(#1128,#1129,#1130,#1131));
#3208=EDGE_LOOP('',(#1132,#1133,#1134,#1135));
#3209=EDGE_LOOP('',(#1136,#1137,#1138,#1139));
#3210=EDGE_LOOP('',(#1140,#1141,#1142,#1143));
#3211=EDGE_LOOP('',(#1144,#1145,#1146,#1147));
#3212=EDGE_LOOP('',(#1148,#1149,#1150,#1151));
#3213=EDGE_LOOP('',(#1152,#1153,#1154,#1155));
#3214=EDGE_LOOP('',(#1156,#1157,#1158,#1159));
#3215=EDGE_LOOP('',(#1160,#1161,#1162,#1163));
#3216=EDGE_LOOP('',(#1164,#1165,#1166,#1167));
#3217=EDGE_LOOP('',(#1168,#1169,#1170,#1171));
#3218=EDGE_LOOP('',(#1172,#1173,#1174,#1175));
#3219=EDGE_LOOP('',(#1176,#1177,#1178,#1179));
#3220=EDGE_LOOP('',(#1180,#1181,#1182,#1183));
#3221=EDGE_LOOP('',(#1184,#1185,#1186,#1187));
#3222=EDGE_LOOP('',(#1188,#1189,#1190,#1191));
#3223=EDGE_LOOP('',(#1192,#1193,#1194,#1195));
#3224=EDGE_LOOP('',(#1196,#1197,#1198,#1199));
#3225=EDGE_LOOP('',(#1200,#1201,#1202,#1203));
#3226=EDGE_LOOP('',(#1204,#1205,#1206,#1207));
#3227=EDGE_LOOP('',(#1208,#1209,#1210,#1211));
#3228=EDGE_LOOP('',(#1212,#1213,#1214,#1215));
#3229=EDGE_LOOP('',(#1216,#1217,#1218,#1219));
#3230=EDGE_LOOP('',(#1220,#1221,#1222,#1223));
#3231=EDGE_LOOP('',(#1224,#1225,#1226,#1227));
#3232=EDGE_LOOP('',(#1228,#1229,#1230,#1231));
#3233=EDGE_LOOP('',(#1232,#1233,#1234,#1235));
#3234=EDGE_LOOP('',(#1236,#1237,#1238,#1239));
#3235=EDGE_LOOP('',(#1240,#1241,#1242,#1243));
#3236=EDGE_LOOP('',(#1244,#1245,#1246,#1247));
#3237=EDGE_LOOP('',(#1248,#1249,#1250,#1251));
#3238=EDGE_LOOP('',(#1252,#1253,#1254,#1255));
#3239=EDGE_LOOP('',(#1256,#1257,#1258,#1259));
#3240=EDGE_LOOP('',(#1260,#1261,#1262,#1263));
#3241=EDGE_LOOP('',(#1264,#1265,#1266,#1267));
#3242=EDGE_LOOP('',(#1268,#1269,#1270,#1271));
#3243=EDGE_LOOP('',(#1272,#1273,#1274,#1275));
#3244=EDGE_LOOP('',(#1276,#1277,#1278,#1279));
#3245=EDGE_LOOP('',(#1280,#1281,#1282,#1283));
#3246=EDGE_LOOP('',(#1284,#1285,#1286,#1287));
#3247=EDGE_LOOP('',(#1288,#1289,#1290,#1291));
#3248=EDGE_LOOP('',(#1292,#1293,#1294,#1295));
#3249=EDGE_LOOP('',(#1296,#1297,#1298,#1299));
#3250=EDGE_LOOP('',(#1300,#1301,#1302,#1303));
#3251=EDGE_LOOP('',(#1304,#1305,#1306,#1307));
#3252=EDGE_LOOP('',(#1308,#1309,#1310,#1311));
#3253=EDGE_LOOP('',(#1312,#1313,#1314,#1315));
#3254=EDGE_LOOP('',(#1316,#1317,#1318,#1319));
#3255=EDGE_LOOP('',(#1320,#1321,#1322,#1323));
#3256=EDGE_LOOP('',(#1324,#1325,#1326,#1327));
#3257=EDGE_LOOP('',(#1328,#1329,#1330,#1331));
#3258=FACE_BOUND('',#3030,.T.);
#3259=FACE_BOUND('',#3031,.T.);
#3260=FACE_BOUND('',#3032,.T.);
#3261=FACE_BOUND('',#3033,.T.);
#3262=FACE_BOUND('',#3034,.T.);
#3263=FACE_BOUND('',#3035,.T.);
#3264=FACE_BOUND('',#3036,.T.);
#3265=FACE_BOUND('',#3037,.T.);
#3266=FACE_BOUND('',#3038,.T.);
#3267=FACE_BOUND('',#3039,.T.);
#3268=FACE_BOUND('',#3040,.T.);
#3269=FACE_BOUND('',#3041,.T.);
#3270=FACE_BOUND('',#3042,.T.);
#3271=FACE_BOUND('',#3043,.T.);
#3272=FACE_BOUND('',#3044,.T.);
#3273=FACE_BOUND('',#3045,.T.);
#3274=FACE_BOUND('',#3046,.T.);
#3275=FACE_BOUND('',#3047,.T.);
#3276=FACE_BOUND('',#3048,.T.);
#3277=FACE_BOUND('',#3049,.T.);
#3278=FACE_BOUND('',#3050,.T.);
#3279=FACE_BOUND('',#3051,.T.);
#3280=FACE_BOUND('',#3052,.T.);
#3281=FACE_BOUND('',#3053,.T.);
#3282=FACE_BOUND('',#3054,.T.);
#3283=FACE_BOUND('',#3055,.T.);
#3284=FACE_BOUND('',#3056,.T.);
#3285=FACE_BOUND('',#3057,.T.);
#3286=FACE_BOUND('',#3058,.T.);
#3287=FACE_BOUND('',#3059,.T.);
#3288=FACE_BOUND('',#3060,.T.);
#3289=FACE_BOUND('',#3061,.T.);
#3290=FACE_BOUND('',#3062,.T.);
#3291=FACE_BOUND('',#3063,.T.);
#3292=FACE_BOUND('',#3064,.T.);
#3293=FACE_BOUND('',#3065,.T.);
#3294=FACE_BOUND('',#3066,.T.);
#3295=FACE_BOUND('',#3067,.T.);
#3296=FACE_BOUND('',#3068,.T.);
#3297=FACE_BOUND('',#3069,.T.);
#3298=FACE_BOUND('',#3070,.T.);
#3299=FACE_BOUND('',#3071,.T.);
#3300=FACE_BOUND('',#3072,.T.);
#3301=FACE_BOUND('',#3073,.T.);
#3302=FACE_BOUND('',#3074,.T.);
#3303=FACE_BOUND('',#3075,.T.);
#3304=FACE_BOUND('',#3076,.T.);
#3305=FACE_BOUND('',#3077,.T.);
#3306=FACE_BOUND('',#3078,.T.);
#3307=FACE_BOUND('',#3079,.T.);
#3308=FACE_BOUND('',#3080,.T.);
#3309=FACE_BOUND('',#3081,.T.);
#3310=FACE_BOUND('',#3082,.T.);
#3311=FACE_BOUND('',#3083,.T.);
#3312=FACE_BOUND('',#3084,.T.);
#3313=FACE_BOUND('',#3085,.T.);
#3314=FACE_BOUND('',#3086,.T.);
#3315=FACE_BOUND('',#3087,.T.);
#3316=FACE_BOUND('',#3088,.T.);
#3317=FACE_BOUND('',#3089,.T.);
#3318=FACE_BOUND('',#3090,.T.);
#3319=FACE_BOUND('',#3091,.T.);
#3320=FACE_BOUND('',#3092,.T.);
#3321=FACE_BOUND('',#3093,.T.);
#3322=FACE_BOUND('',#3094,.T.);
#3323=FACE_BOUND('',#3095,.T.);
#3324=FACE_BOUND('',#3096,.T.);
#3325=FACE_BOUND('',#3097,.T.);
#3326=FACE_BOUND('',#3098,.T.);
#3327=FACE_BOUND('',#3099,.T.);
#3328=FACE_BOUND('',#3100,.T.);
#3329=FACE_BOUND('',#3101,.T.);
#3330=FACE_BOUND('',#3102,.T.);
#3331=FACE_BOUND('',#3103,.T.);
#3332=FACE_BOUND('',#3104,.T.);
#3333=FACE_BOUND('',#3105,.T.);
#3334=FACE_BOUND('',#3106,.T.);
#3335=FACE_BOUND('',#3107,.T.);
#3336=FACE_BOUND('',#3108,.T.);
#3337=FACE_BOUND('',#3109,.T.);
#3338=FACE_BOUND('',#3110,.T.);
#3339=FACE_BOUND('',#3111,.T.);
#3340=FACE_BOUND('',#3112,.T.);
#3341=FACE_BOUND('',#3113,.T.);
#3342=FACE_BOUND('',#3114,.T.);
#3343=FACE_BOUND('',#3115,.T.);
#3344=FACE_BOUND('',#3116,.T.);
#3345=FACE_BOUND('',#3117,.T.);
#3346=FACE_BOUND('',#3118,.T.);
#3347=FACE_BOUND('',#3119,.T.);
#3348=FACE_BOUND('',#3120,.T.);
#3349=FACE_BOUND('',#3121,.T.);
#3350=FACE_BOUND('',#3122,.T.);
#3351=FACE_BOUND('',#3123,.T.);
#3352=FACE_BOUND('',#3124,.T.);
#3353=FACE_BOUND('',#3125,.T.);
#3354=FACE_BOUND('',#3126,.T.);
#3355=FACE_BOUND('',#3127,.T.);
#3356=FACE_BOUND('',#3128,.T.);
#3357=FACE_BOUND('',#3129,.T.);
#3358=FACE_BOUND('',#3130,.T.);
#3359=FACE_BOUND('',#3131,.T.);
#3360=FACE_BOUND('',#3132,.T.);
#3361=FACE_BOUND('',#3133,.T.);
#3362=FACE_BOUND('',#3134,.T.);
#3363=FACE_BOUND('',#3135,.T.);
#3364=FACE_BOUND('',#3136,.T.);
#3365=FACE_BOUND('',#3137,.T.);
#3366=FACE_BOUND('',#3138,.T.);
#3367=FACE_BOUND('',#3139,.T.);
#3368=FACE_BOUND('',#3140,.T.);
#3369=FACE_BOUND('',#3141,.T.);
#3370=FACE_BOUND('',#3142,.T.);
#3371=FACE_BOUND('',#3143,.T.);
#3372=FACE_BOUND('',#3144,.T.);
#3373=FACE_BOUND('',#3145,.T.);
#3374=FACE_BOUND('',#3146,.T.);
#3375=FACE_BOUND('',#3147,.T.);
#3376=FACE_BOUND('',#3148,.T.);
#3377=FACE_BOUND('',#3149,.T.);
#3378=FACE_BOUND('',#3150,.T.);
#3379=FACE_BOUND('',#3151,.T.);
#3380=FACE_BOUND('',#3152,.T.);
#3381=FACE_BOUND('',#3153,.T.);
#3382=FACE_BOUND('',#3154,.T.);
#3383=FACE_BOUND('',#3155,.T.);
#3384=FACE_BOUND('',#3156,.T.);
#3385=FACE_BOUND('',#3157,.T.);
#3386=FACE_BOUND('',#3158,.T.);
#3387=FACE_BOUND('',#3159,.T.);
#3388=FACE_BOUND('',#3160,.T.);
#3389=FACE_BOUND('',#3161,.T.);
#3390=FACE_BOUND('',#3162,.T.);
#3391=FACE_BOUND('',#3163,.T.);
#3392=FACE_BOUND('',#3164,.T.);
#3393=FACE_BOUND('',#3165,.T.);
#3394=FACE_BOUND('',#3166,.T.);
#3395=FACE_BOUND('',#3167,.T.);
#3396=FACE_BOUND('',#3168,.T.);
#3397=FACE_BOUND('',#3169,.T.);
#3398=FACE_BOUND('',#3170,.T.);
#3399=FACE_BOUND('',#3171,.T.);
#3400=FACE_BOUND('',#3172,.T.);
#3401=FACE_BOUND('',#3173,.T.);
#3402=FACE_BOUND('',#3174,.T.);
#3403=FACE_BOUND('',#3175,.T.);
#3404=FACE_BOUND('',#3176,.T.);
#3405=FACE_BOUND('',#3177,.T.);
#3406=FACE_BOUND('',#3178,.T.);
#3407=FACE_BOUND('',#3179,.T.);
#3408=FACE_BOUND('',#3180,.T.);
#3409=FACE_BOUND('',#3181,.T.);
#3410=FACE_BOUND('',#3182,.T.);
#3411=FACE_BOUND('',#3183,.T.);
#3412=FACE_BOUND('',#3184,.T.);
#3413=FACE_BOUND('',#3185,.T.);
#3414=FACE_BOUND('',#3186,.T.);
#3415=FACE_BOUND('',#3187,.T.);
#3416=FACE_BOUND('',#3188,.T.);
#3417=FACE_BOUND('',#3189,.T.);
#3418=FACE_BOUND('',#3190,.T.);
#3419=FACE_BOUND('',#3191,.T.);
#3420=FACE_BOUND('',#3192,.T.);
#3421=FACE_BOUND('',#3193,.T.);
#3422=FACE_BOUND('',#3194,.T.);
#3423=FACE_BOUND('',#3195,.T.);
#3424=FACE_BOUND('',#3196,.T.);
#3425=FACE_BOUND('',#3197,.T.);
#3426=FACE_BOUND('',#3198,.T.);
#3427=FACE_BOUND('',#3199,.T.);
#3428=FACE_BOUND('',#3200,.T.);
#3429=FACE_BOUND('',#3201,.T.);
#3430=FACE_BOUND('',#3202,.T.);
#3431=FACE_BOUND('',#3203,.T.);
#3432=FACE_BOUND('',#3204,.T.);
#3433=FACE_BOUND('',#3205,.T.);
#3434=FACE_BOUND('',#3206,.T.);
#3435=FACE_BOUND('',#3207,.T.);
#3436=FACE_BOUND('',#3208,.T.);
#3437=FACE_BOUND('',#3209,.T.);
#3438=FACE_BOUND('',#3210,.T.);
#3439=FACE_BOUND('',#3211,.T.);
#3440=FACE_BOUND('',#3212,.T.);
#3441=FACE_BOUND('',#3213,.T.);
#3442=FACE_BOUND('',#3214,.T.);
#3443=FACE_BOUND('',#3215,.T.);
#3444=FACE_BOUND('',#3216,.T.);
#3445=FACE_BOUND('',#3217,.T.);
#3446=FACE_BOUND('',#3218,.T.);
#3447=FACE_BOUND('',#3219,.T.);
#3448=FACE_BOUND('',#3220,.T.);
#3449=FACE_BOUND('',#3221,.T.);
#3450=FACE_BOUND('',#3222,.T.);
#3451=FACE_BOUND('',#3223,.T.);
#3452=FACE_BOUND('',#3224,.T.);
#3453=FACE_BOUND('',#3225,.T.);
#3454=FACE_BOUND('',#3226,.T.);
#3455=FACE_BOUND('',#3227,.T.);
#3456=FACE_BOUND('',#3228,.T.);
#3457=FACE_BOUND('',#3229,.T.);
#3458=FACE_BOUND('',#3230,.T.);
#3459=FACE_BOUND('',#3231,.T.);
#3460=FACE_BOUND('',#3232,.T.);
#3461=FACE_BOUND('',#3233,.T.);
#3462=FACE_BOUND('',#3234,.T.);
#3463=FACE_BOUND('',#3235,.T.);
#3464=FACE_BOUND('',#3236,.T.);
#3465=FACE_BOUND('',#3237,.T.);
#3466=FACE_BOUND('',#3238,.T.);
#3467=FACE_BOUND('',#3239,.T.);
#3468=FACE_BOUND('',#3240,.T.);
#3469=FACE_BOUND('',#3241,.T.);
#3470=FACE_BOUND('',#3242,.T.);
#3471=FACE_BOUND('',#3243,.T.);
#3472=FACE_BOUND('',#3244,.T.);
#3473=FACE_BOUND('',#3245,.T.);
#3474=FACE_BOUND('',#3246,.T.);
#3475=FACE_BOUND('',#3247,.T.);
#3476=FACE_BOUND('',#3248,.T.);
#3477=FACE_BOUND('',#3249,.T.);
#3478=FACE_BOUND('',#3250,.T.);
#3479=FACE_BOUND('',#3251,.T.);
#3480=FACE_BOUND('',#3252,.T.);
#3481=FACE_BOUND('',#3253,.T.);
#3482=FACE_BOUND('',#3254,.T.);
#3483=FACE_BOUND('',#3255,.T.);
#3484=FACE_BOUND('',#3256,.T.);
#3485=FACE_BOUND('',#3257,.T.);
#3486=PLANE('',#3791);
#3487=PLANE('',#3831);
#3488=PLANE('',#3871);
#3489=PLANE('',#3872);
#3490=PLANE('',#3873);
#3491=PLANE('',#3874);
#3492=PLANE('',#3875);
#3493=PLANE('',#3876);
#3494=PLANE('',#3877);
#3495=PLANE('',#3878);
#3496=PLANE('',#3879);
#3497=PLANE('',#3880);
#3498=PLANE('',#3881);
#3499=PLANE('',#3882);
#3500=PLANE('',#3883);
#3501=PLANE('',#3884);
#3502=PLANE('',#3885);
#3503=PLANE('',#3886);
#3504=PLANE('',#3887);
#3505=PLANE('',#3888);
#3506=PLANE('',#3889);
#3507=PLANE('',#3890);
#3508=PLANE('',#3891);
#3509=PLANE('',#3892);
#3510=PLANE('',#3893);
#3511=PLANE('',#3894);
#3512=PLANE('',#3895);
#3513=PLANE('',#3896);
#3514=PLANE('',#3897);
#3515=PLANE('',#3898);
#3516=PLANE('',#3899);
#3517=PLANE('',#3900);
#3518=PLANE('',#3901);
#3519=PLANE('',#3902);
#3520=PLANE('',#3903);
#3521=PLANE('',#3904);
#3522=PLANE('',#3905);
#3523=PLANE('',#3906);
#3524=PLANE('',#3907);
#3525=PLANE('',#3908);
#3526=PLANE('',#3909);
#3527=PLANE('',#3910);
#3528=PLANE('',#3911);
#3529=PLANE('',#3912);
#3530=PLANE('',#3913);
#3531=PLANE('',#3916);
#3532=PLANE('',#3917);
#3533=PLANE('',#3918);
#3534=PLANE('',#3922);
#3535=PLANE('',#3923);
#3536=PLANE('',#3924);
#3537=PLANE('',#3925);
#3538=PLANE('',#3926);
#3539=PLANE('',#3927);
#3540=PLANE('',#3928);
#3541=PLANE('',#3929);
#3542=PLANE('',#3930);
#3543=PLANE('',#3931);
#3544=PLANE('',#3936);
#3545=PLANE('',#3937);
#3546=PLANE('',#3938);
#3547=PLANE('',#3943);
#3548=PLANE('',#3944);
#3549=PLANE('',#3945);
#3550=PLANE('',#3948);
#3551=PLANE('',#3949);
#3552=PLANE('',#3952);
#3553=PLANE('',#3953);
#3554=PLANE('',#3954);
#3555=PLANE('',#3958);
#3556=PLANE('',#3961);
#3557=PLANE('',#3964);
#3558=PLANE('',#3965);
#3559=PLANE('',#3966);
#3560=PLANE('',#3967);
#3561=PLANE('',#3968);
#3562=PLANE('',#3972);
#3563=PLANE('',#3973);
#3564=PLANE('',#3978);
#3565=PLANE('',#3979);
#3566=PLANE('',#3980);
#3567=PLANE('',#3981);
#3568=PLANE('',#3983);
#3569=PLANE('',#3984);
#3570=PLANE('',#3985);
#3571=PLANE('',#3990);
#3572=PLANE('',#3991);
#3573=PLANE('',#3992);
#3574=PLANE('',#3996);
#3575=PLANE('',#3997);
#3576=PLANE('',#3998);
#3577=PLANE('',#3999);
#3578=PLANE('',#4000);
#3579=PLANE('',#4001);
#3580=PLANE('',#4002);
#3581=PLANE('',#4003);
#3582=PLANE('',#4004);
#3583=PLANE('',#4005);
#3584=PLANE('',#4006);
#3585=PLANE('',#4007);
#3586=PLANE('',#4008);
#3587=PLANE('',#4009);
#3588=PLANE('',#4010);
#3589=PLANE('',#4011);
#3590=PLANE('',#4012);
#3591=PLANE('',#4013);
#3592=PLANE('',#4014);
#3593=PLANE('',#4015);
#3594=ADVANCED_FACE('',(#3258,#3259,#3260,#3261,#3262,#3263,#3264,#3265,
#3266,#3267,#3268,#3269,#3270,#3271,#3272,#3273,#3274,#3275,#3276,#3277,
#3278,#3279,#3280),#3486,.T.);
#3595=ADVANCED_FACE('',(#3281,#3282,#3283,#3284,#3285,#3286,#3287,#3288,
#3289,#3290,#3291,#3292,#3293,#3294,#3295,#3296,#3297,#3298,#3299,#3300,
#3301,#3302,#3303),#3487,.F.);
#3596=ADVANCED_FACE('',(#3304),#3488,.F.);
#3597=ADVANCED_FACE('',(#3305),#3489,.T.);
#3598=ADVANCED_FACE('',(#3306),#3490,.F.);
#3599=ADVANCED_FACE('',(#3307),#3491,.F.);
#3600=ADVANCED_FACE('',(#3308),#3492,.T.);
#3601=ADVANCED_FACE('',(#3309),#3493,.F.);
#3602=ADVANCED_FACE('',(#3310),#3494,.F.);
#3603=ADVANCED_FACE('',(#3311),#3495,.T.);
#3604=ADVANCED_FACE('',(#3312),#3496,.F.);
#3605=ADVANCED_FACE('',(#3313),#3497,.T.);
#3606=ADVANCED_FACE('',(#3314),#3498,.T.);
#3607=ADVANCED_FACE('',(#3315),#3499,.F.);
#3608=ADVANCED_FACE('',(#3316),#3500,.T.);
#3609=ADVANCED_FACE('',(#3317),#3501,.T.);
#3610=ADVANCED_FACE('',(#3318),#3502,.T.);
#3611=ADVANCED_FACE('',(#3319),#3503,.T.);
#3612=ADVANCED_FACE('',(#3320),#3504,.T.);
#3613=ADVANCED_FACE('',(#3321),#3505,.F.);
#3614=ADVANCED_FACE('',(#3322),#3506,.T.);
#3615=ADVANCED_FACE('',(#3323),#3507,.T.);
#3616=ADVANCED_FACE('',(#3324),#3508,.F.);
#3617=ADVANCED_FACE('',(#3325),#3509,.F.);
#3618=ADVANCED_FACE('',(#3326),#3510,.T.);
#3619=ADVANCED_FACE('',(#3327),#3511,.T.);
#3620=ADVANCED_FACE('',(#3328),#3512,.T.);
#3621=ADVANCED_FACE('',(#3329),#3513,.T.);
#3622=ADVANCED_FACE('',(#3330),#3514,.F.);
#3623=ADVANCED_FACE('',(#3331),#3515,.F.);
#3624=ADVANCED_FACE('',(#3332),#3516,.T.);
#3625=ADVANCED_FACE('',(#3333),#3517,.T.);
#3626=ADVANCED_FACE('',(#3334),#3518,.T.);
#3627=ADVANCED_FACE('',(#3335),#3519,.T.);
#3628=ADVANCED_FACE('',(#3336),#3520,.T.);
#3629=ADVANCED_FACE('',(#3337),#3521,.F.);
#3630=ADVANCED_FACE('',(#3338),#3522,.T.);
#3631=ADVANCED_FACE('',(#3339),#3523,.T.);
#3632=ADVANCED_FACE('',(#3340),#3524,.T.);
#3633=ADVANCED_FACE('',(#3341),#3525,.T.);
#3634=ADVANCED_FACE('',(#3342),#3526,.F.);
#3635=ADVANCED_FACE('',(#3343),#3527,.T.);
#3636=ADVANCED_FACE('',(#3344),#51,.T.);
#3637=ADVANCED_FACE('',(#3345),#3528,.T.);
#3638=ADVANCED_FACE('',(#3346),#3529,.T.);
#3639=ADVANCED_FACE('',(#3347),#3530,.T.);
#3640=ADVANCED_FACE('',(#3348),#52,.T.);
#3641=ADVANCED_FACE('',(#3349),#53,.T.);
#3642=ADVANCED_FACE('',(#3350),#12,.T.);
#3643=ADVANCED_FACE('',(#3351),#13,.T.);
#3644=ADVANCED_FACE('',(#3352),#54,.T.);
#3645=ADVANCED_FACE('',(#3353),#55,.T.);
#3646=ADVANCED_FACE('',(#3354),#3531,.T.);
#3647=ADVANCED_FACE('',(#3355),#3532,.T.);
#3648=ADVANCED_FACE('',(#3356),#3533,.T.);
#3649=ADVANCED_FACE('',(#3357),#14,.F.);
#3650=ADVANCED_FACE('',(#3358),#56,.T.);
#3651=ADVANCED_FACE('',(#3359),#57,.T.);
#3652=ADVANCED_FACE('',(#3360),#58,.T.);
#3653=ADVANCED_FACE('',(#3361),#59,.T.);
#3654=ADVANCED_FACE('',(#3362),#60,.T.);
#3655=ADVANCED_FACE('',(#3363),#15,.F.);
#3656=ADVANCED_FACE('',(#3364),#16,.F.);
#3657=ADVANCED_FACE('',(#3365),#61,.T.);
#3658=ADVANCED_FACE('',(#3366),#3534,.T.);
#3659=ADVANCED_FACE('',(#3367),#3535,.T.);
#3660=ADVANCED_FACE('',(#3368),#3536,.T.);
#3661=ADVANCED_FACE('',(#3369),#3537,.T.);
#3662=ADVANCED_FACE('',(#3370),#3538,.T.);
#3663=ADVANCED_FACE('',(#3371),#3539,.T.);
#3664=ADVANCED_FACE('',(#3372),#3540,.T.);
#3665=ADVANCED_FACE('',(#3373),#3541,.T.);
#3666=ADVANCED_FACE('',(#3374),#3542,.T.);
#3667=ADVANCED_FACE('',(#3375),#3543,.T.);
#3668=ADVANCED_FACE('',(#3376),#17,.F.);
#3669=ADVANCED_FACE('',(#3377),#62,.T.);
#3670=ADVANCED_FACE('',(#3378),#63,.T.);
#3671=ADVANCED_FACE('',(#3379),#18,.F.);
#3672=ADVANCED_FACE('',(#3380),#19,.F.);
#3673=ADVANCED_FACE('',(#3381),#20,.F.);
#3674=ADVANCED_FACE('',(#3382),#3544,.T.);
#3675=ADVANCED_FACE('',(#3383),#3545,.T.);
#3676=ADVANCED_FACE('',(#3384),#3546,.T.);
#3677=ADVANCED_FACE('',(#3385),#64,.T.);
#3678=ADVANCED_FACE('',(#3386),#65,.T.);
#3679=ADVANCED_FACE('',(#3387),#21,.T.);
#3680=ADVANCED_FACE('',(#3388),#22,.T.);
#3681=ADVANCED_FACE('',(#3389),#66,.T.);
#3682=ADVANCED_FACE('',(#3390),#67,.T.);
#3683=ADVANCED_FACE('',(#3391),#23,.T.);
#3684=ADVANCED_FACE('',(#3392),#24,.T.);
#3685=ADVANCED_FACE('',(#3393),#3547,.T.);
#3686=ADVANCED_FACE('',(#3394),#3548,.T.);
#3687=ADVANCED_FACE('',(#3395),#3549,.T.);
#3688=ADVANCED_FACE('',(#3396),#25,.F.);
#3689=ADVANCED_FACE('',(#3397),#26,.T.);
#3690=ADVANCED_FACE('',(#3398),#3550,.T.);
#3691=ADVANCED_FACE('',(#3399),#68,.T.);
#3692=ADVANCED_FACE('',(#3400),#3551,.T.);
#3693=ADVANCED_FACE('',(#3401),#27,.F.);
#3694=ADVANCED_FACE('',(#3402),#28,.F.);
#3695=ADVANCED_FACE('',(#3403),#3552,.T.);
#3696=ADVANCED_FACE('',(#3404),#3553,.T.);
#3697=ADVANCED_FACE('',(#3405),#3554,.T.);
#3698=ADVANCED_FACE('',(#3406),#29,.T.);
#3699=ADVANCED_FACE('',(#3407),#69,.T.);
#3700=ADVANCED_FACE('',(#3408),#70,.T.);
#3701=ADVANCED_FACE('',(#3409),#71,.T.);
#3702=ADVANCED_FACE('',(#3410),#30,.F.);
#3703=ADVANCED_FACE('',(#3411),#31,.F.);
#3704=ADVANCED_FACE('',(#3412),#3555,.T.);
#3705=ADVANCED_FACE('',(#3413),#32,.T.);
#3706=ADVANCED_FACE('',(#3414),#72,.T.);
#3707=ADVANCED_FACE('',(#3415),#73,.T.);
#3708=ADVANCED_FACE('',(#3416),#74,.T.);
#3709=ADVANCED_FACE('',(#3417),#75,.T.);
#3710=ADVANCED_FACE('',(#3418),#76,.T.);
#3711=ADVANCED_FACE('',(#3419),#77,.T.);
#3712=ADVANCED_FACE('',(#3420),#33,.T.);
#3713=ADVANCED_FACE('',(#3421),#3556,.T.);
#3714=ADVANCED_FACE('',(#3422),#34,.F.);
#3715=ADVANCED_FACE('',(#3423),#35,.F.);
#3716=ADVANCED_FACE('',(#3424),#78,.T.);
#3717=ADVANCED_FACE('',(#3425),#3557,.T.);
#3718=ADVANCED_FACE('',(#3426),#3558,.T.);
#3719=ADVANCED_FACE('',(#3427),#3559,.T.);
#3720=ADVANCED_FACE('',(#3428),#3560,.T.);
#3721=ADVANCED_FACE('',(#3429),#3561,.T.);
#3722=ADVANCED_FACE('',(#3430),#79,.T.);
#3723=ADVANCED_FACE('',(#3431),#36,.T.);
#3724=ADVANCED_FACE('',(#3432),#37,.T.);
#3725=ADVANCED_FACE('',(#3433),#38,.T.);
#3726=ADVANCED_FACE('',(#3434),#3562,.T.);
#3727=ADVANCED_FACE('',(#3435),#3563,.T.);
#3728=ADVANCED_FACE('',(#3436),#39,.F.);
#3729=ADVANCED_FACE('',(#3437),#40,.F.);
#3730=ADVANCED_FACE('',(#3438),#41,.F.);
#3731=ADVANCED_FACE('',(#3439),#42,.F.);
#3732=ADVANCED_FACE('',(#3440),#3564,.T.);
#3733=ADVANCED_FACE('',(#3441),#3565,.T.);
#3734=ADVANCED_FACE('',(#3442),#3566,.T.);
#3735=ADVANCED_FACE('',(#3443),#3567,.T.);
#3736=ADVANCED_FACE('',(#3444),#43,.F.);
#3737=ADVANCED_FACE('',(#3445),#3568,.T.);
#3738=ADVANCED_FACE('',(#3446),#3569,.T.);
#3739=ADVANCED_FACE('',(#3447),#3570,.T.);
#3740=ADVANCED_FACE('',(#3448),#80,.T.);
#3741=ADVANCED_FACE('',(#3449),#81,.T.);
#3742=ADVANCED_FACE('',(#3450),#44,.T.);
#3743=ADVANCED_FACE('',(#3451),#45,.T.);
#3744=ADVANCED_FACE('',(#3452),#82,.T.);
#3745=ADVANCED_FACE('',(#3453),#83,.T.);
#3746=ADVANCED_FACE('',(#3454),#46,.T.);
#3747=ADVANCED_FACE('',(#3455),#47,.T.);
#3748=ADVANCED_FACE('',(#3456),#3571,.T.);
#3749=ADVANCED_FACE('',(#3457),#3572,.T.);
#3750=ADVANCED_FACE('',(#3458),#3573,.T.);
#3751=ADVANCED_FACE('',(#3459),#84,.T.);
#3752=ADVANCED_FACE('',(#3460),#85,.T.);
#3753=ADVANCED_FACE('',(#3461),#48,.F.);
#3754=ADVANCED_FACE('',(#3462),#86,.T.);
#3755=ADVANCED_FACE('',(#3463),#87,.T.);
#3756=ADVANCED_FACE('',(#3464),#49,.F.);
#3757=ADVANCED_FACE('',(#3465),#50,.F.);
#3758=ADVANCED_FACE('',(#3466),#3574,.T.);
#3759=ADVANCED_FACE('',(#3467),#3575,.T.);
#3760=ADVANCED_FACE('',(#3468),#3576,.T.);
#3761=ADVANCED_FACE('',(#3469),#3577,.T.);
#3762=ADVANCED_FACE('',(#3470),#3578,.T.);
#3763=ADVANCED_FACE('',(#3471),#3579,.T.);
#3764=ADVANCED_FACE('',(#3472),#3580,.T.);
#3765=ADVANCED_FACE('',(#3473),#3581,.T.);
#3766=ADVANCED_FACE('',(#3474),#3582,.T.);
#3767=ADVANCED_FACE('',(#3475),#3583,.T.);
#3768=ADVANCED_FACE('',(#3476),#3584,.T.);
#3769=ADVANCED_FACE('',(#3477),#3585,.T.);
#3770=ADVANCED_FACE('',(#3478),#3586,.T.);
#3771=ADVANCED_FACE('',(#3479),#3587,.T.);
#3772=ADVANCED_FACE('',(#3480),#3588,.T.);
#3773=ADVANCED_FACE('',(#3481),#3589,.T.);
#3774=ADVANCED_FACE('',(#3482),#3590,.T.);
#3775=ADVANCED_FACE('',(#3483),#3591,.T.);
#3776=ADVANCED_FACE('',(#3484),#3592,.T.);
#3777=ADVANCED_FACE('',(#3485),#3593,.T.);
#3778=CLOSED_SHELL('',(#3594,#3595,#3596,#3597,#3598,#3599,#3600,#3601,
#3602,#3603,#3604,#3605,#3606,#3607,#3608,#3609,#3610,#3611,#3612,#3613,
#3614,#3615,#3616,#3617,#3618,#3619,#3620,#3621,#3622,#3623,#3624,#3625,
#3626,#3627,#3628,#3629,#3630,#3631,#3632,#3633,#3634,#3635,#3636,#3637,
#3638,#3639,#3640,#3641,#3642,#3643,#3644,#3645,#3646,#3647,#3648,#3649,
#3650,#3651,#3652,#3653,#3654,#3655,#3656,#3657,#3658,#3659,#3660,#3661,
#3662,#3663,#3664,#3665,#3666,#3667,#3668,#3669,#3670,#3671,#3672,#3673,
#3674,#3675,#3676,#3677,#3678,#3679,#3680,#3681,#3682,#3683,#3684,#3685,
#3686,#3687,#3688,#3689,#3690,#3691,#3692,#3693,#3694,#3695,#3696,#3697,
#3698,#3699,#3700,#3701,#3702,#3703,#3704,#3705,#3706,#3707,#3708,#3709,
#3710,#3711,#3712,#3713,#3714,#3715,#3716,#3717,#3718,#3719,#3720,#3721,
#3722,#3723,#3724,#3725,#3726,#3727,#3728,#3729,#3730,#3731,#3732,#3733,
#3734,#3735,#3736,#3737,#3738,#3739,#3740,#3741,#3742,#3743,#3744,#3745,
#3746,#3747,#3748,#3749,#3750,#3751,#3752,#3753,#3754,#3755,#3756,#3757,
#3758,#3759,#3760,#3761,#3762,#3763,#3764,#3765,#3766,#3767,#3768,#3769,
#3770,#3771,#3772,#3773,#3774,#3775,#3776,#3777));
#3779=STYLED_ITEM('',(#3780),#3787);
#3780=PRESENTATION_STYLE_ASSIGNMENT((#3781));
#3781=SURFACE_STYLE_USAGE(.BOTH.,#3782);
#3782=SURFACE_SIDE_STYLE('',(#3783));
#3783=SURFACE_STYLE_FILL_AREA(#3784);
#3784=FILL_AREA_STYLE('',(#3785));
#3785=FILL_AREA_STYLE_COLOUR('',#3786);
#3786=COLOUR_RGB('',0.615686274509804,0.811764705882353,0.929411764705882);
#3787=MANIFOLD_SOLID_BREP('PHI GRID',#3778);
#3788=SHAPE_DEFINITION_REPRESENTATION(#6370,#3789);
#3789=SHAPE_REPRESENTATION('PHI GRID',(#3790),#6365);
#3790=AXIS2_PLACEMENT_3D('',#4862,#4016,#4017);
#3791=AXIS2_PLACEMENT_3D('',#4863,#4018,#4019);
#3792=AXIS2_PLACEMENT_3D('',#4955,#4061,#4062);
#3793=AXIS2_PLACEMENT_3D('',#4957,#4063,#4064);
#3794=AXIS2_PLACEMENT_3D('',#4979,#4065,#4066);
#3795=AXIS2_PLACEMENT_3D('',#4995,#4070,#4071);
#3796=AXIS2_PLACEMENT_3D('',#4997,#4072,#4073);
#3797=AXIS2_PLACEMENT_3D('',#5033,#4087,#4088);
#3798=AXIS2_PLACEMENT_3D('',#5035,#4089,#4090);
#3799=AXIS2_PLACEMENT_3D('',#5043,#4094,#4095);
#3800=AXIS2_PLACEMENT_3D('',#5045,#4096,#4097);
#3801=AXIS2_PLACEMENT_3D('',#5055,#4098,#4099);
#3802=AXIS2_PLACEMENT_3D('',#5057,#4100,#4101);
#3803=AXIS2_PLACEMENT_3D('',#5073,#4105,#4106);
#3804=AXIS2_PLACEMENT_3D('',#5075,#4107,#4108);
#3805=AXIS2_PLACEMENT_3D('',#5077,#4109,#4110);
#3806=AXIS2_PLACEMENT_3D('',#5087,#4111,#4112);
#3807=AXIS2_PLACEMENT_3D('',#5095,#4114,#4115);
#3808=AXIS2_PLACEMENT_3D('',#5103,#4119,#4120);
#3809=AXIS2_PLACEMENT_3D('',#5105,#4121,#4122);
#3810=AXIS2_PLACEMENT_3D('',#5119,#4123,#4124);
#3811=AXIS2_PLACEMENT_3D('',#5121,#4125,#4126);
#3812=AXIS2_PLACEMENT_3D('',#5125,#4128,#4129);
#3813=AXIS2_PLACEMENT_3D('',#5151,#4130,#4131);
#3814=AXIS2_PLACEMENT_3D('',#5155,#4133,#4134);
#3815=AXIS2_PLACEMENT_3D('',#5157,#4135,#4136);
#3816=AXIS2_PLACEMENT_3D('',#5167,#4139,#4140);
#3817=AXIS2_PLACEMENT_3D('',#5169,#4141,#4142);
#3818=AXIS2_PLACEMENT_3D('',#5171,#4143,#4144);
#3819=AXIS2_PLACEMENT_3D('',#5173,#4145,#4146);
#3820=AXIS2_PLACEMENT_3D('',#5179,#4149,#4150);
#3821=AXIS2_PLACEMENT_3D('',#5181,#4151,#4152);
#3822=AXIS2_PLACEMENT_3D('',#5183,#4153,#4154);
#3823=AXIS2_PLACEMENT_3D('',#5205,#4163,#4164);
#3824=AXIS2_PLACEMENT_3D('',#5207,#4165,#4166);
#3825=AXIS2_PLACEMENT_3D('',#5209,#4167,#4168);
#3826=AXIS2_PLACEMENT_3D('',#5219,#4169,#4170);
#3827=AXIS2_PLACEMENT_3D('',#5235,#4174,#4175);
#3828=AXIS2_PLACEMENT_3D('',#5237,#4176,#4177);
#3829=AXIS2_PLACEMENT_3D('',#5247,#4178,#4179);
#3830=AXIS2_PLACEMENT_3D('',#5249,#4180,#4181);
#3831=AXIS2_PLACEMENT_3D('',#5302,#4204,#4205);
#3832=AXIS2_PLACEMENT_3D('',#5348,#4222,#4223);
#3833=AXIS2_PLACEMENT_3D('',#5350,#4224,#4225);
#3834=AXIS2_PLACEMENT_3D('',#5354,#4227,#4228);
#3835=AXIS2_PLACEMENT_3D('',#5380,#4229,#4230);
#3836=AXIS2_PLACEMENT_3D('',#5384,#4232,#4233);
#3837=AXIS2_PLACEMENT_3D('',#5386,#4234,#4235);
#3838=AXIS2_PLACEMENT_3D('',#5396,#4238,#4239);
#3839=AXIS2_PLACEMENT_3D('',#5406,#4240,#4241);
#3840=AXIS2_PLACEMENT_3D('',#5408,#4242,#4243);
#3841=AXIS2_PLACEMENT_3D('',#5410,#4244,#4245);
#3842=AXIS2_PLACEMENT_3D('',#5426,#4249,#4250);
#3843=AXIS2_PLACEMENT_3D('',#5428,#4251,#4252);
#3844=AXIS2_PLACEMENT_3D('',#5438,#4253,#4254);
#3845=AXIS2_PLACEMENT_3D('',#5440,#4255,#4256);
#3846=AXIS2_PLACEMENT_3D('',#5448,#4260,#4261);
#3847=AXIS2_PLACEMENT_3D('',#5450,#4262,#4263);
#3848=AXIS2_PLACEMENT_3D('',#5560,#4312,#4313);
#3849=AXIS2_PLACEMENT_3D('',#5562,#4314,#4315);
#3850=AXIS2_PLACEMENT_3D('',#5578,#4319,#4320);
#3851=AXIS2_PLACEMENT_3D('',#5600,#4321,#4322);
#3852=AXIS2_PLACEMENT_3D('',#5602,#4323,#4324);
#3853=AXIS2_PLACEMENT_3D('',#5622,#4330,#4331);
#3854=AXIS2_PLACEMENT_3D('',#5624,#4332,#4333);
#3855=AXIS2_PLACEMENT_3D('',#5632,#4337,#4338);
#3856=AXIS2_PLACEMENT_3D('',#5648,#4344,#4345);
#3857=AXIS2_PLACEMENT_3D('',#5650,#4346,#4347);
#3858=AXIS2_PLACEMENT_3D('',#5652,#4348,#4349);
#3859=AXIS2_PLACEMENT_3D('',#5658,#4352,#4353);
#3860=AXIS2_PLACEMENT_3D('',#5660,#4354,#4355);
#3861=AXIS2_PLACEMENT_3D('',#5662,#4356,#4357);
#3862=AXIS2_PLACEMENT_3D('',#5664,#4358,#4359);
#3863=AXIS2_PLACEMENT_3D('',#5665,#4360,#4361);
#3864=AXIS2_PLACEMENT_3D('',#5682,#4365,#4366);
#3865=AXIS2_PLACEMENT_3D('',#5684,#4367,#4368);
#3866=AXIS2_PLACEMENT_3D('',#5694,#4369,#4370);
#3867=AXIS2_PLACEMENT_3D('',#5696,#4371,#4372);
#3868=AXIS2_PLACEMENT_3D('',#5712,#4376,#4377);
#3869=AXIS2_PLACEMENT_3D('',#5722,#4378,#4379);
#3870=AXIS2_PLACEMENT_3D('',#5724,#4380,#4381);
#3871=AXIS2_PLACEMENT_3D('',#5741,#4390,#4391);
#3872=AXIS2_PLACEMENT_3D('',#5744,#4394,#4395);
#3873=AXIS2_PLACEMENT_3D('',#5746,#4397,#4398);
#3874=AXIS2_PLACEMENT_3D('',#5748,#4400,#4401);
#3875=AXIS2_PLACEMENT_3D('',#5751,#4404,#4405);
#3876=AXIS2_PLACEMENT_3D('',#5753,#4407,#4408);
#3877=AXIS2_PLACEMENT_3D('',#5755,#4410,#4411);
#3878=AXIS2_PLACEMENT_3D('',#5758,#4414,#4415);
#3879=AXIS2_PLACEMENT_3D('',#5760,#4417,#4418);
#3880=AXIS2_PLACEMENT_3D('',#5762,#4420,#4421);
#3881=AXIS2_PLACEMENT_3D('',#5765,#4424,#4425);
#3882=AXIS2_PLACEMENT_3D('',#5767,#4427,#4428);
#3883=AXIS2_PLACEMENT_3D('',#5769,#4430,#4431);
#3884=AXIS2_PLACEMENT_3D('',#5772,#4434,#4435);
#3885=AXIS2_PLACEMENT_3D('',#5774,#4437,#4438);
#3886=AXIS2_PLACEMENT_3D('',#5776,#4440,#4441);
#3887=AXIS2_PLACEMENT_3D('',#5779,#4444,#4445);
#3888=AXIS2_PLACEMENT_3D('',#5781,#4447,#4448);
#3889=AXIS2_PLACEMENT_3D('',#5783,#4450,#4451);
#3890=AXIS2_PLACEMENT_3D('',#5786,#4454,#4455);
#3891=AXIS2_PLACEMENT_3D('',#5788,#4457,#4458);
#3892=AXIS2_PLACEMENT_3D('',#5790,#4460,#4461);
#3893=AXIS2_PLACEMENT_3D('',#5793,#4464,#4465);
#3894=AXIS2_PLACEMENT_3D('',#5795,#4467,#4468);
#3895=AXIS2_PLACEMENT_3D('',#5797,#4470,#4471);
#3896=AXIS2_PLACEMENT_3D('',#5800,#4474,#4475);
#3897=AXIS2_PLACEMENT_3D('',#5802,#4477,#4478);
#3898=AXIS2_PLACEMENT_3D('',#5804,#4480,#4481);
#3899=AXIS2_PLACEMENT_3D('',#5807,#4484,#4485);
#3900=AXIS2_PLACEMENT_3D('',#5809,#4487,#4488);
#3901=AXIS2_PLACEMENT_3D('',#5811,#4490,#4491);
#3902=AXIS2_PLACEMENT_3D('',#5812,#4492,#4493);
#3903=AXIS2_PLACEMENT_3D('',#5813,#4494,#4495);
#3904=AXIS2_PLACEMENT_3D('',#5814,#4496,#4497);
#3905=AXIS2_PLACEMENT_3D('',#5815,#4498,#4499);
#3906=AXIS2_PLACEMENT_3D('',#5816,#4500,#4501);
#3907=AXIS2_PLACEMENT_3D('',#5817,#4502,#4503);
#3908=AXIS2_PLACEMENT_3D('',#5818,#4504,#4505);
#3909=AXIS2_PLACEMENT_3D('',#5819,#4506,#4507);
#3910=AXIS2_PLACEMENT_3D('',#5820,#4508,#4509);
#3911=AXIS2_PLACEMENT_3D('',#5831,#4512,#4513);
#3912=AXIS2_PLACEMENT_3D('',#5833,#4515,#4516);
#3913=AXIS2_PLACEMENT_3D('',#5835,#4518,#4519);
#3914=AXIS2_PLACEMENT_3D('',#5855,#4523,#4524);
#3915=AXIS2_PLACEMENT_3D('',#5857,#4526,#4527);
#3916=AXIS2_PLACEMENT_3D('',#5877,#4531,#4532);
#3917=AXIS2_PLACEMENT_3D('',#5879,#4534,#4535);
#3918=AXIS2_PLACEMENT_3D('',#5881,#4537,#4538);
#3919=AXIS2_PLACEMENT_3D('',#5883,#4540,#4541);
#3920=AXIS2_PLACEMENT_3D('',#5930,#4548,#4549);
#3921=AXIS2_PLACEMENT_3D('',#5932,#4551,#4552);
#3922=AXIS2_PLACEMENT_3D('',#5942,#4554,#4555);
#3923=AXIS2_PLACEMENT_3D('',#5945,#4558,#4559);
#3924=AXIS2_PLACEMENT_3D('',#5947,#4561,#4562);
#3925=AXIS2_PLACEMENT_3D('',#5949,#4564,#4565);
#3926=AXIS2_PLACEMENT_3D('',#5950,#4566,#4567);
#3927=AXIS2_PLACEMENT_3D('',#5953,#4570,#4571);
#3928=AXIS2_PLACEMENT_3D('',#5955,#4573,#4574);
#3929=AXIS2_PLACEMENT_3D('',#5957,#4576,#4577);
#3930=AXIS2_PLACEMENT_3D('',#5958,#4578,#4579);
#3931=AXIS2_PLACEMENT_3D('',#5961,#4582,#4583);
#3932=AXIS2_PLACEMENT_3D('',#5963,#4585,#4586);
#3933=AXIS2_PLACEMENT_3D('',#5983,#4590,#4591);
#3934=AXIS2_PLACEMENT_3D('',#5985,#4593,#4594);
#3935=AXIS2_PLACEMENT_3D('',#5987,#4596,#4597);
#3936=AXIS2_PLACEMENT_3D('',#5989,#4599,#4600);
#3937=AXIS2_PLACEMENT_3D('',#5991,#4602,#4603);
#3938=AXIS2_PLACEMENT_3D('',#5993,#4605,#4606);
#3939=AXIS2_PLACEMENT_3D('',#6013,#4610,#4611);
#3940=AXIS2_PLACEMENT_3D('',#6015,#4613,#4614);
#3941=AXIS2_PLACEMENT_3D('',#6035,#4618,#4619);
#3942=AXIS2_PLACEMENT_3D('',#6037,#4621,#4622);
#3943=AXIS2_PLACEMENT_3D('',#6039,#4624,#4625);
#3944=AXIS2_PLACEMENT_3D('',#6041,#4627,#4628);
#3945=AXIS2_PLACEMENT_3D('',#6043,#4630,#4631);
#3946=AXIS2_PLACEMENT_3D('',#6045,#4633,#4634);
#3947=AXIS2_PLACEMENT_3D('',#6047,#4636,#4637);
#3948=AXIS2_PLACEMENT_3D('',#6049,#4639,#4640);
#3949=AXIS2_PLACEMENT_3D('',#6060,#4643,#4644);
#3950=AXIS2_PLACEMENT_3D('',#6062,#4646,#4647);
#3951=AXIS2_PLACEMENT_3D('',#6064,#4649,#4650);
#3952=AXIS2_PLACEMENT_3D('',#6066,#4652,#4653);
#3953=AXIS2_PLACEMENT_3D('',#6068,#4655,#4656);
#3954=AXIS2_PLACEMENT_3D('',#6070,#4658,#4659);
#3955=AXIS2_PLACEMENT_3D('',#6072,#4661,#4662);
#3956=AXIS2_PLACEMENT_3D('',#6101,#4667,#4668);
#3957=AXIS2_PLACEMENT_3D('',#6103,#4670,#4671);
#3958=AXIS2_PLACEMENT_3D('',#6105,#4673,#4674);
#3959=AXIS2_PLACEMENT_3D('',#6107,#4676,#4677);
#3960=AXIS2_PLACEMENT_3D('',#6163,#4685,#4686);
#3961=AXIS2_PLACEMENT_3D('',#6165,#4688,#4689);
#3962=AXIS2_PLACEMENT_3D('',#6167,#4691,#4692);
#3963=AXIS2_PLACEMENT_3D('',#6169,#4694,#4695);
#3964=AXIS2_PLACEMENT_3D('',#6179,#4697,#4698);
#3965=AXIS2_PLACEMENT_3D('',#6182,#4701,#4702);
#3966=AXIS2_PLACEMENT_3D('',#6184,#4704,#4705);
#3967=AXIS2_PLACEMENT_3D('',#6186,#4707,#4708);
#3968=AXIS2_PLACEMENT_3D('',#6188,#4710,#4711);
#3969=AXIS2_PLACEMENT_3D('',#6199,#4714,#4715);
#3970=AXIS2_PLACEMENT_3D('',#6201,#4717,#4718);
#3971=AXIS2_PLACEMENT_3D('',#6203,#4720,#4721);
#3972=AXIS2_PLACEMENT_3D('',#6205,#4723,#4724);
#3973=AXIS2_PLACEMENT_3D('',#6207,#4726,#4727);
#3974=AXIS2_PLACEMENT_3D('',#6209,#4729,#4730);
#3975=AXIS2_PLACEMENT_3D('',#6211,#4732,#4733);
#3976=AXIS2_PLACEMENT_3D('',#6213,#4735,#4736);
#3977=AXIS2_PLACEMENT_3D('',#6215,#4738,#4739);
#3978=AXIS2_PLACEMENT_3D('',#6216,#4740,#4741);
#3979=AXIS2_PLACEMENT_3D('',#6219,#4744,#4745);
#3980=AXIS2_PLACEMENT_3D('',#6221,#4747,#4748);
#3981=AXIS2_PLACEMENT_3D('',#6223,#4750,#4751);
#3982=AXIS2_PLACEMENT_3D('',#6224,#4752,#4753);
#3983=AXIS2_PLACEMENT_3D('',#6227,#4756,#4757);
#3984=AXIS2_PLACEMENT_3D('',#6229,#4759,#4760);
#3985=AXIS2_PLACEMENT_3D('',#6231,#4762,#4763);
#3986=AXIS2_PLACEMENT_3D('',#6251,#4767,#4768);
#3987=AXIS2_PLACEMENT_3D('',#6253,#4770,#4771);
#3988=AXIS2_PLACEMENT_3D('',#6273,#4775,#4776);
#3989=AXIS2_PLACEMENT_3D('',#6275,#4778,#4779);
#3990=AXIS2_PLACEMENT_3D('',#6277,#4781,#4782);
#3991=AXIS2_PLACEMENT_3D('',#6279,#4784,#4785);
#3992=AXIS2_PLACEMENT_3D('',#6281,#4787,#4788);
#3993=AXIS2_PLACEMENT_3D('',#6301,#4792,#4793);
#3994=AXIS2_PLACEMENT_3D('',#6321,#4797,#4798);
#3995=AXIS2_PLACEMENT_3D('',#6323,#4800,#4801);
#3996=AXIS2_PLACEMENT_3D('',#6324,#4802,#4803);
#3997=AXIS2_PLACEMENT_3D('',#6327,#4806,#4807);
#3998=AXIS2_PLACEMENT_3D('',#6329,#4809,#4810);
#3999=AXIS2_PLACEMENT_3D('',#6331,#4812,#4813);
#4000=AXIS2_PLACEMENT_3D('',#6333,#4815,#4816);
#4001=AXIS2_PLACEMENT_3D('',#6335,#4818,#4819);
#4002=AXIS2_PLACEMENT_3D('',#6337,#4821,#4822);
#4003=AXIS2_PLACEMENT_3D('',#6339,#4824,#4825);
#4004=AXIS2_PLACEMENT_3D('',#6340,#4826,#4827);
#4005=AXIS2_PLACEMENT_3D('',#6343,#4830,#4831);
#4006=AXIS2_PLACEMENT_3D('',#6345,#4833,#4834);
#4007=AXIS2_PLACEMENT_3D('',#6347,#4836,#4837);
#4008=AXIS2_PLACEMENT_3D('',#6348,#4838,#4839);
#4009=AXIS2_PLACEMENT_3D('',#6351,#4842,#4843);
#4010=AXIS2_PLACEMENT_3D('',#6353,#4845,#4846);
#4011=AXIS2_PLACEMENT_3D('',#6355,#4848,#4849);
#4012=AXIS2_PLACEMENT_3D('',#6356,#4850,#4851);
#4013=AXIS2_PLACEMENT_3D('',#6359,#4854,#4855);
#4014=AXIS2_PLACEMENT_3D('',#6361,#4857,#4858);
#4015=AXIS2_PLACEMENT_3D('',#6363,#4860,#4861);
#4016=DIRECTION('',(0.,0.,1.));
#4017=DIRECTION('',(1.,0.,0.));
#4018=DIRECTION('',(0.,0.,1.));
#4019=DIRECTION('',(1.,0.,0.));
#4020=DIRECTION('',(0.,-1.,0.));
#4021=DIRECTION('',(-1.,0.,0.));
#4022=DIRECTION('',(1.38777878078144E-14,-1.,0.));
#4023=DIRECTION('',(-1.,0.,0.));
#4024=DIRECTION('',(0.,-1.,0.));
#4025=DIRECTION('',(-1.,-3.73058812038023E-16,0.));
#4026=DIRECTION('',(0.,-1.,0.));
#4027=DIRECTION('',(1.,4.97411749384031E-16,0.));
#4028=DIRECTION('',(0.,-1.,0.));
#4029=DIRECTION('',(1.,0.,0.));
#4030=DIRECTION('',(0.,-1.,0.));
#4031=DIRECTION('',(-1.,-1.24352937346008E-16,0.));
#4032=DIRECTION('',(0.,-1.,0.));
#4033=DIRECTION('',(-1.,-3.73058812038023E-16,0.));
#4034=DIRECTION('',(0.,-1.,0.));
#4035=DIRECTION('',(1.,0.,0.));
#4036=DIRECTION('',(0.,-1.,0.));
#4037=DIRECTION('',(-1.,-2.04687135808472E-16,0.));
#4038=DIRECTION('',(0.,-1.,0.));
#4039=DIRECTION('',(1.,5.11717839521182E-16,0.));
#4040=DIRECTION('',(1.,0.,0.));
#4041=DIRECTION('',(0.,-1.,0.));
#4042=DIRECTION('',(-1.,-1.02343567904236E-16,0.));
#4043=DIRECTION('',(0.,-1.,0.));
#4044=DIRECTION('',(0.,-1.,0.));
#4045=DIRECTION('',(-1.,-4.09374271616946E-16,0.));
#4046=DIRECTION('',(0.,-1.,0.));
#4047=DIRECTION('',(1.,0.,0.));
#4048=DIRECTION('',(0.,1.,0.));
#4049=DIRECTION('',(-1.,-3.73058812038023E-16,0.));
#4050=DIRECTION('',(0.,-1.,0.));
#4051=DIRECTION('',(1.,4.97411749384031E-16,0.));
#4052=DIRECTION('',(0.,1.,0.));
#4053=DIRECTION('',(-1.,-3.73058812038023E-16,0.));
#4054=DIRECTION('',(0.,-1.,0.));
#4055=DIRECTION('',(1.,0.,0.));
#4056=DIRECTION('',(0.,1.,0.));
#4057=DIRECTION('',(-1.,-1.24352937346008E-16,0.));
#4058=DIRECTION('',(0.,-1.,0.));
#4059=DIRECTION('',(1.,0.,0.));
#4060=DIRECTION('',(0.,-1.,0.));
#4061=DIRECTION('',(0.,0.,1.));
#4062=DIRECTION('',(1.,0.,0.));
#4063=DIRECTION('',(0.,0.,1.));
#4064=DIRECTION('',(1.,0.,0.));
#4065=DIRECTION('',(0.,0.,1.));
#4066=DIRECTION('',(1.,0.,0.));
#4067=DIRECTION('',(0.,1.,0.));
#4068=DIRECTION('',(1.,0.,0.));
#4069=DIRECTION('',(0.,-1.,0.));
#4070=DIRECTION('',(0.,0.,1.));
#4071=DIRECTION('',(1.,0.,0.));
#4072=DIRECTION('',(0.,0.,1.));
#4073=DIRECTION('',(1.,0.,0.));
#4074=DIRECTION('',(0.,1.,0.));
#4075=DIRECTION('',(1.,0.,0.));
#4076=DIRECTION('',(1.,0.,0.));
#4077=DIRECTION('',(0.,-1.,0.));
#4078=DIRECTION('',(-1.,0.,0.));
#4079=DIRECTION('',(0.,1.,0.));
#4080=DIRECTION('',(-1.,0.,0.));
#4081=DIRECTION('',(0.,1.,0.));
#4082=DIRECTION('',(1.,0.,0.));
#4083=DIRECTION('',(0.,-1.,0.));
#4084=DIRECTION('',(-0.865350025837741,-0.501167968631896,0.));
#4085=DIRECTION('',(0.,1.,0.));
#4086=DIRECTION('',(0.886973045168114,0.461821196076148,0.));
#4087=DIRECTION('',(0.,0.,1.));
#4088=DIRECTION('',(1.,0.,0.));
#4089=DIRECTION('',(0.,0.,1.));
#4090=DIRECTION('',(1.,0.,0.));
#4091=DIRECTION('',(0.,1.,0.));
#4092=DIRECTION('',(1.,0.,0.));
#4093=DIRECTION('',(0.,-1.,0.));
#4094=DIRECTION('',(0.,0.,1.));
#4095=DIRECTION('',(1.,0.,0.));
#4096=DIRECTION('',(0.,0.,1.));
#4097=DIRECTION('',(1.,0.,0.));
#4098=DIRECTION('',(0.,0.,1.));
#4099=DIRECTION('',(1.,0.,0.));
#4100=DIRECTION('',(0.,0.,1.));
#4101=DIRECTION('',(1.,0.,0.));
#4102=DIRECTION('',(0.,1.,0.));
#4103=DIRECTION('',(1.,0.,0.));
#4104=DIRECTION('',(0.,-1.,0.));
#4105=DIRECTION('',(0.,0.,1.));
#4106=DIRECTION('',(1.,0.,0.));
#4107=DIRECTION('',(0.,0.,1.));
#4108=DIRECTION('',(1.,0.,0.));
#4109=DIRECTION('',(0.,0.,1.));
#4110=DIRECTION('',(1.,0.,0.));
#4111=DIRECTION('',(0.,0.,1.));
#4112=DIRECTION('',(1.,0.,0.));
#4113=DIRECTION('',(-0.664899637265187,0.746932709395313,0.));
#4114=DIRECTION('',(0.,0.,1.));
#4115=DIRECTION('',(1.,0.,0.));
#4116=DIRECTION('',(0.,1.,0.));
#4117=DIRECTION('',(1.,0.,0.));
#4118=DIRECTION('',(0.,-1.,0.));
#4119=DIRECTION('',(0.,0.,1.));
#4120=DIRECTION('',(1.,0.,0.));
#4121=DIRECTION('',(0.,0.,1.));
#4122=DIRECTION('',(1.,0.,0.));
#4123=DIRECTION('',(0.,0.,1.));
#4124=DIRECTION('',(1.,0.,0.));
#4125=DIRECTION('',(0.,0.,1.));
#4126=DIRECTION('',(1.,0.,0.));
#4127=DIRECTION('',(-1.,0.,0.));
#4128=DIRECTION('',(0.,0.,1.));
#4129=DIRECTION('',(1.,0.,0.));
#4130=DIRECTION('',(0.,0.,1.));
#4131=DIRECTION('',(1.,0.,0.));
#4132=DIRECTION('',(-1.,0.,0.));
#4133=DIRECTION('',(0.,0.,1.));
#4134=DIRECTION('',(1.,0.,0.));
#4135=DIRECTION('',(0.,0.,1.));
#4136=DIRECTION('',(1.,0.,0.));
#4137=DIRECTION('',(0.,-1.,0.));
#4138=DIRECTION('',(-1.,0.,0.));
#4139=DIRECTION('',(0.,0.,1.));
#4140=DIRECTION('',(1.,0.,0.));
#4141=DIRECTION('',(0.,0.,1.));
#4142=DIRECTION('',(1.,0.,0.));
#4143=DIRECTION('',(0.,0.,1.));
#4144=DIRECTION('',(1.,0.,0.));
#4145=DIRECTION('',(0.,0.,1.));
#4146=DIRECTION('',(1.,0.,0.));
#4147=DIRECTION('',(0.,1.,0.));
#4148=DIRECTION('',(1.,0.,0.));
#4149=DIRECTION('',(0.,0.,1.));
#4150=DIRECTION('',(1.,0.,0.));
#4151=DIRECTION('',(0.,0.,1.));
#4152=DIRECTION('',(1.,0.,0.));
#4153=DIRECTION('',(0.,0.,1.));
#4154=DIRECTION('',(1.,0.,0.));
#4155=DIRECTION('',(1.,0.,0.));
#4156=DIRECTION('',(0.,1.,0.));
#4157=DIRECTION('',(1.,0.,0.));
#4158=DIRECTION('',(1.,0.,0.));
#4159=DIRECTION('',(0.,-1.,0.));
#4160=DIRECTION('',(-1.,0.,0.));
#4161=DIRECTION('',(0.,1.,0.));
#4162=DIRECTION('',(0.,-1.,0.));
#4163=DIRECTION('',(0.,0.,1.));
#4164=DIRECTION('',(1.,0.,0.));
#4165=DIRECTION('',(0.,0.,1.));
#4166=DIRECTION('',(1.,0.,0.));
#4167=DIRECTION('',(0.,0.,1.));
#4168=DIRECTION('',(1.,0.,0.));
#4169=DIRECTION('',(0.,0.,1.));
#4170=DIRECTION('',(1.,0.,0.));
#4171=DIRECTION('',(0.,1.,0.));
#4172=DIRECTION('',(1.,0.,0.));
#4173=DIRECTION('',(0.,-1.,0.));
#4174=DIRECTION('',(0.,0.,1.));
#4175=DIRECTION('',(1.,0.,0.));
#4176=DIRECTION('',(0.,0.,1.));
#4177=DIRECTION('',(1.,0.,0.));
#4178=DIRECTION('',(0.,0.,1.));
#4179=DIRECTION('',(1.,0.,0.));
#4180=DIRECTION('',(0.,0.,1.));
#4181=DIRECTION('',(1.,0.,0.));
#4182=DIRECTION('',(0.,1.,0.));
#4183=DIRECTION('',(1.,0.,0.));
#4184=DIRECTION('',(0.,-1.,0.));
#4185=DIRECTION('',(-1.,0.,0.));
#4186=DIRECTION('',(0.,1.,0.));
#4187=DIRECTION('',(1.,0.,0.));
#4188=DIRECTION('',(0.,1.,0.));
#4189=DIRECTION('',(1.,0.,0.));
#4190=DIRECTION('',(0.,-1.,0.));
#4191=DIRECTION('',(1.,0.,0.));
#4192=DIRECTION('',(1.,0.,0.));
#4193=DIRECTION('',(0.,-1.,0.));
#4194=DIRECTION('',(-1.,0.,0.));
#4195=DIRECTION('',(0.,1.,0.));
#4196=DIRECTION('',(-1.,0.,0.));
#4197=DIRECTION('',(0.,1.,0.));
#4198=DIRECTION('',(1.,0.,0.));
#4199=DIRECTION('',(0.,-1.,0.));
#4200=DIRECTION('',(1.,0.,0.));
#4201=DIRECTION('',(0.,-1.,0.));
#4202=DIRECTION('',(-1.,0.,0.));
#4203=DIRECTION('',(0.,1.,0.));
#4204=DIRECTION('',(0.,0.,1.));
#4205=DIRECTION('',(1.,0.,0.));
#4206=DIRECTION('',(0.,1.,0.));
#4207=DIRECTION('',(-1.,0.,0.));
#4208=DIRECTION('',(0.,-1.,0.));
#4209=DIRECTION('',(1.,0.,0.));
#4210=DIRECTION('',(-1.,0.,0.));
#4211=DIRECTION('',(0.,-1.,0.));
#4212=DIRECTION('',(1.,0.,0.));
#4213=DIRECTION('',(0.,-1.,0.));
#4214=DIRECTION('',(1.,0.,0.));
#4215=DIRECTION('',(0.,1.,0.));
#4216=DIRECTION('',(1.,0.,0.));
#4217=DIRECTION('',(0.,1.,0.));
#4218=DIRECTION('',(0.,-1.,0.));
#4219=DIRECTION('',(1.,0.,0.));
#4220=DIRECTION('',(0.,1.,0.));
#4221=DIRECTION('',(-1.,0.,0.));
#4222=DIRECTION('',(0.,0.,1.));
#4223=DIRECTION('',(1.,0.,0.));
#4224=DIRECTION('',(0.,0.,1.));
#4225=DIRECTION('',(1.,0.,0.));
#4226=DIRECTION('',(-1.,0.,0.));
#4227=DIRECTION('',(0.,0.,1.));
#4228=DIRECTION('',(1.,0.,0.));
#4229=DIRECTION('',(0.,0.,1.));
#4230=DIRECTION('',(1.,0.,0.));
#4231=DIRECTION('',(-1.,0.,0.));
#4232=DIRECTION('',(0.,0.,1.));
#4233=DIRECTION('',(1.,0.,0.));
#4234=DIRECTION('',(0.,0.,1.));
#4235=DIRECTION('',(1.,0.,0.));
#4236=DIRECTION('',(0.,1.,0.));
#4237=DIRECTION('',(-0.865350025837741,-0.501167968631896,0.));
#4238=DIRECTION('',(0.,0.,1.));
#4239=DIRECTION('',(1.,0.,0.));
#4240=DIRECTION('',(0.,0.,1.));
#4241=DIRECTION('',(1.,0.,0.));
#4242=DIRECTION('',(0.,0.,1.));
#4243=DIRECTION('',(1.,0.,0.));
#4244=DIRECTION('',(0.,0.,1.));
#4245=DIRECTION('',(1.,0.,0.));
#4246=DIRECTION('',(0.,-1.,0.));
#4247=DIRECTION('',(1.,0.,0.));
#4248=DIRECTION('',(0.,1.,0.));
#4249=DIRECTION('',(0.,0.,1.));
#4250=DIRECTION('',(1.,0.,0.));
#4251=DIRECTION('',(0.,0.,1.));
#4252=DIRECTION('',(1.,0.,0.));
#4253=DIRECTION('',(0.,0.,1.));
#4254=DIRECTION('',(1.,0.,0.));
#4255=DIRECTION('',(0.,0.,1.));
#4256=DIRECTION('',(1.,0.,0.));
#4257=DIRECTION('',(0.,-1.,0.));
#4258=DIRECTION('',(1.,0.,0.));
#4259=DIRECTION('',(0.,1.,0.));
#4260=DIRECTION('',(0.,0.,1.));
#4261=DIRECTION('',(1.,0.,0.));
#4262=DIRECTION('',(0.,0.,1.));
#4263=DIRECTION('',(1.,0.,0.));
#4264=DIRECTION('',(0.886973045168114,0.461821196076148,0.));
#4265=DIRECTION('',(0.,-1.,0.));
#4266=DIRECTION('',(1.,0.,0.));
#4267=DIRECTION('',(0.,1.,0.));
#4268=DIRECTION('',(-1.,0.,0.));
#4269=DIRECTION('',(0.,1.,0.));
#4270=DIRECTION('',(1.,0.,0.));
#4271=DIRECTION('',(0.,-1.,0.));
#4272=DIRECTION('',(-1.,-1.24352937346008E-16,0.));
#4273=DIRECTION('',(0.,1.,0.));
#4274=DIRECTION('',(1.,0.,0.));
#4275=DIRECTION('',(0.,-1.,0.));
#4276=DIRECTION('',(-1.,-3.73058812038023E-16,0.));
#4277=DIRECTION('',(0.,1.,0.));
#4278=DIRECTION('',(1.,4.97411749384031E-16,0.));
#4279=DIRECTION('',(0.,-1.,0.));
#4280=DIRECTION('',(-1.,-3.73058812038023E-16,0.));
#4281=DIRECTION('',(0.,-1.,0.));
#4282=DIRECTION('',(1.,0.,0.));
#4283=DIRECTION('',(0.,-1.,0.));
#4284=DIRECTION('',(-1.,-4.09374271616946E-16,0.));
#4285=DIRECTION('',(1.,0.,0.));
#4286=DIRECTION('',(0.,-1.,0.));
#4287=DIRECTION('',(-1.,-1.02343567904236E-16,0.));
#4288=DIRECTION('',(0.,-1.,0.));
#4289=DIRECTION('',(0.,-1.,0.));
#4290=DIRECTION('',(1.,5.11717839521182E-16,0.));
#4291=DIRECTION('',(0.,-1.,0.));
#4292=DIRECTION('',(-1.,-2.04687135808472E-16,0.));
#4293=DIRECTION('',(0.,-1.,0.));
#4294=DIRECTION('',(1.,0.,0.));
#4295=DIRECTION('',(0.,-1.,0.));
#4296=DIRECTION('',(-1.,-3.73058812038023E-16,0.));
#4297=DIRECTION('',(0.,-1.,0.));
#4298=DIRECTION('',(-1.,-1.24352937346008E-16,0.));
#4299=DIRECTION('',(0.,-1.,0.));
#4300=DIRECTION('',(1.,0.,0.));
#4301=DIRECTION('',(0.,-1.,0.));
#4302=DIRECTION('',(1.,4.97411749384031E-16,0.));
#4303=DIRECTION('',(0.,-1.,0.));
#4304=DIRECTION('',(-1.,-3.73058812038023E-16,0.));
#4305=DIRECTION('',(0.,-1.,0.));
#4306=DIRECTION('',(-1.,0.,0.));
#4307=DIRECTION('',(1.38777878078144E-14,-1.,0.));
#4308=DIRECTION('',(-1.,0.,0.));
#4309=DIRECTION('',(0.,-1.,0.));
#4310=DIRECTION('',(1.,0.,0.));
#4311=DIRECTION('',(0.,1.,0.));
#4312=DIRECTION('',(0.,0.,1.));
#4313=DIRECTION('',(1.,0.,0.));
#4314=DIRECTION('',(0.,0.,1.));
#4315=DIRECTION('',(1.,0.,0.));
#4316=DIRECTION('',(0.,-1.,0.));
#4317=DIRECTION('',(1.,0.,0.));
#4318=DIRECTION('',(0.,1.,0.));
#4319=DIRECTION('',(0.,0.,1.));
#4320=DIRECTION('',(1.,0.,0.));
#4321=DIRECTION('',(0.,0.,1.));
#4322=DIRECTION('',(1.,0.,0.));
#4323=DIRECTION('',(0.,0.,1.));
#4324=DIRECTION('',(1.,0.,0.));
#4325=DIRECTION('',(0.,1.,0.));
#4326=DIRECTION('',(-1.,0.,0.));
#4327=DIRECTION('',(0.,-1.,0.));
#4328=DIRECTION('',(1.,0.,0.));
#4329=DIRECTION('',(-0.664899637265187,0.746932709395313,0.));
#4330=DIRECTION('',(0.,0.,1.));
#4331=DIRECTION('',(1.,0.,0.));
#4332=DIRECTION('',(0.,0.,1.));
#4333=DIRECTION('',(1.,0.,0.));
#4334=DIRECTION('',(0.,-1.,0.));
#4335=DIRECTION('',(1.,0.,0.));
#4336=DIRECTION('',(0.,1.,0.));
#4337=DIRECTION('',(0.,0.,1.));
#4338=DIRECTION('',(1.,0.,0.));
#4339=DIRECTION('',(-1.,0.,0.));
#4340=DIRECTION('',(0.,-1.,0.));
#4341=DIRECTION('',(1.,0.,0.));
#4342=DIRECTION('',(0.,1.,0.));
#4343=DIRECTION('',(1.,0.,0.));
#4344=DIRECTION('',(0.,0.,1.));
#4345=DIRECTION('',(1.,0.,0.));
#4346=DIRECTION('',(0.,0.,1.));
#4347=DIRECTION('',(1.,0.,0.));
#4348=DIRECTION('',(0.,0.,1.));
#4349=DIRECTION('',(1.,0.,0.));
#4350=DIRECTION('',(1.,0.,0.));
#4351=DIRECTION('',(0.,1.,0.));
#4352=DIRECTION('',(0.,0.,1.));
#4353=DIRECTION('',(1.,0.,0.));
#4354=DIRECTION('',(0.,0.,1.));
#4355=DIRECTION('',(1.,0.,0.));
#4356=DIRECTION('',(0.,0.,1.));
#4357=DIRECTION('',(1.,0.,0.));
#4358=DIRECTION('',(0.,0.,1.));
#4359=DIRECTION('',(1.,0.,0.));
#4360=DIRECTION('',(0.,0.,1.));
#4361=DIRECTION('',(1.,0.,0.));
#4362=DIRECTION('',(0.,-1.,0.));
#4363=DIRECTION('',(1.,0.,0.));
#4364=DIRECTION('',(0.,1.,0.));
#4365=DIRECTION('',(0.,0.,1.));
#4366=DIRECTION('',(1.,0.,0.));
#4367=DIRECTION('',(0.,0.,1.));
#4368=DIRECTION('',(1.,0.,0.));
#4369=DIRECTION('',(0.,0.,1.));
#4370=DIRECTION('',(1.,0.,0.));
#4371=DIRECTION('',(0.,0.,1.));
#4372=DIRECTION('',(1.,0.,0.));
#4373=DIRECTION('',(0.,-1.,0.));
#4374=DIRECTION('',(1.,0.,0.));
#4375=DIRECTION('',(0.,1.,0.));
#4376=DIRECTION('',(0.,0.,1.));
#4377=DIRECTION('',(1.,0.,0.));
#4378=DIRECTION('',(0.,0.,1.));
#4379=DIRECTION('',(1.,0.,0.));
#4380=DIRECTION('',(0.,0.,1.));
#4381=DIRECTION('',(1.,0.,0.));
#4382=DIRECTION('',(0.,-1.,0.));
#4383=DIRECTION('',(1.,0.,0.));
#4384=DIRECTION('',(0.,1.,0.));
#4385=DIRECTION('',(-1.,0.,0.));
#4386=DIRECTION('',(0.,-1.,0.));
#4387=DIRECTION('',(1.,0.,0.));
#4388=DIRECTION('',(0.,1.,0.));
#4389=DIRECTION('',(-1.,0.,0.));
#4390=DIRECTION('',(-1.,0.,0.));
#4391=DIRECTION('',(0.,0.,1.));
#4392=DIRECTION('',(0.,0.,-1.));
#4393=DIRECTION('',(0.,0.,-1.));
#4394=DIRECTION('',(1.24352937346008E-16,-1.,0.));
#4395=DIRECTION('',(1.,1.24352937346008E-16,0.));
#4396=DIRECTION('',(0.,0.,-1.));
#4397=DIRECTION('',(1.,0.,0.));
#4398=DIRECTION('',(0.,0.,-1.));
#4399=DIRECTION('',(0.,0.,-1.));
#4400=DIRECTION('',(-1.,0.,0.));
#4401=DIRECTION('',(0.,0.,1.));
#4402=DIRECTION('',(0.,0.,-1.));
#4403=DIRECTION('',(0.,0.,-1.));
#4404=DIRECTION('',(3.73058812038023E-16,-1.,0.));
#4405=DIRECTION('',(1.,3.73058812038023E-16,0.));
#4406=DIRECTION('',(0.,0.,-1.));
#4407=DIRECTION('',(1.,0.,0.));
#4408=DIRECTION('',(0.,0.,-1.));
#4409=DIRECTION('',(0.,0.,-1.));
#4410=DIRECTION('',(-1.,0.,0.));
#4411=DIRECTION('',(0.,0.,1.));
#4412=DIRECTION('',(0.,0.,-1.));
#4413=DIRECTION('',(0.,0.,-1.));
#4414=DIRECTION('',(3.73058812038023E-16,-1.,0.));
#4415=DIRECTION('',(1.,3.73058812038023E-16,0.));
#4416=DIRECTION('',(0.,0.,-1.));
#4417=DIRECTION('',(1.,0.,0.));
#4418=DIRECTION('',(0.,0.,-1.));
#4419=DIRECTION('',(0.,0.,-1.));
#4420=DIRECTION('',(1.,0.,0.));
#4421=DIRECTION('',(0.,0.,-1.));
#4422=DIRECTION('',(0.,0.,-1.));
#4423=DIRECTION('',(0.,0.,-1.));
#4424=DIRECTION('',(4.09374271616946E-16,-1.,0.));
#4425=DIRECTION('',(1.,4.09374271616946E-16,0.));
#4426=DIRECTION('',(0.,0.,-1.));
#4427=DIRECTION('',(1.,0.,0.));
#4428=DIRECTION('',(0.,0.,-1.));
#4429=DIRECTION('',(0.,0.,-1.));
#4430=DIRECTION('',(0.,1.,0.));
#4431=DIRECTION('',(0.,0.,1.));
#4432=DIRECTION('',(0.,0.,-1.));
#4433=DIRECTION('',(0.,0.,-1.));
#4434=DIRECTION('',(1.,0.,0.));
#4435=DIRECTION('',(0.,0.,-1.));
#4436=DIRECTION('',(0.,0.,-1.));
#4437=DIRECTION('',(1.02343567904236E-16,-1.,0.));
#4438=DIRECTION('',(1.,1.02343567904236E-16,0.));
#4439=DIRECTION('',(0.,0.,-1.));
#4440=DIRECTION('',(1.,0.,0.));
#4441=DIRECTION('',(0.,0.,-1.));
#4442=DIRECTION('',(0.,0.,-1.));
#4443=DIRECTION('',(0.,0.,-1.));
#4444=DIRECTION('',(2.04687135808472E-16,-1.,0.));
#4445=DIRECTION('',(1.,2.04687135808472E-16,0.));
#4446=DIRECTION('',(0.,0.,-1.));
#4447=DIRECTION('',(1.,0.,0.));
#4448=DIRECTION('',(0.,0.,-1.));
#4449=DIRECTION('',(0.,0.,-1.));
#4450=DIRECTION('',(1.,0.,0.));
#4451=DIRECTION('',(0.,0.,-1.));
#4452=DIRECTION('',(0.,0.,-1.));
#4453=DIRECTION('',(0.,0.,-1.));
#4454=DIRECTION('',(3.73058812038023E-16,-1.,0.));
#4455=DIRECTION('',(1.,3.73058812038023E-16,0.));
#4456=DIRECTION('',(0.,0.,-1.));
#4457=DIRECTION('',(1.,0.,0.));
#4458=DIRECTION('',(0.,0.,-1.));
#4459=DIRECTION('',(0.,0.,-1.));
#4460=DIRECTION('',(1.,0.,0.));
#4461=DIRECTION('',(0.,0.,-1.));
#4462=DIRECTION('',(0.,0.,-1.));
#4463=DIRECTION('',(0.,0.,-1.));
#4464=DIRECTION('',(0.,1.,0.));
#4465=DIRECTION('',(0.,0.,1.));
#4466=DIRECTION('',(0.,0.,-1.));
#4467=DIRECTION('',(1.,0.,0.));
#4468=DIRECTION('',(0.,0.,-1.));
#4469=DIRECTION('',(0.,0.,-1.));
#4470=DIRECTION('',(1.,0.,0.));
#4471=DIRECTION('',(0.,0.,-1.));
#4472=DIRECTION('',(0.,0.,-1.));
#4473=DIRECTION('',(0.,0.,-1.));
#4474=DIRECTION('',(3.73058812038023E-16,-1.,0.));
#4475=DIRECTION('',(1.,3.73058812038023E-16,0.));
#4476=DIRECTION('',(0.,0.,-1.));
#4477=DIRECTION('',(1.,0.,0.));
#4478=DIRECTION('',(0.,0.,-1.));
#4479=DIRECTION('',(0.,0.,-1.));
#4480=DIRECTION('',(1.,0.,0.));
#4481=DIRECTION('',(0.,0.,-1.));
#4482=DIRECTION('',(0.,0.,-1.));
#4483=DIRECTION('',(0.,0.,-1.));
#4484=DIRECTION('',(0.,-1.,0.));
#4485=DIRECTION('',(0.,0.,-1.));
#4486=DIRECTION('',(0.,0.,-1.));
#4487=DIRECTION('',(1.,1.38777878078144E-14,0.));
#4488=DIRECTION('',(-1.38777878078144E-14,1.,0.));
#4489=DIRECTION('',(0.,0.,-1.));
#4490=DIRECTION('',(0.,1.,0.));
#4491=DIRECTION('',(0.,0.,1.));
#4492=DIRECTION('',(-4.97411749384031E-16,1.,0.));
#4493=DIRECTION('',(-1.,-4.97411749384031E-16,0.));
#4494=DIRECTION('',(0.,1.,0.));
#4495=DIRECTION('',(0.,0.,1.));
#4496=DIRECTION('',(1.,0.,0.));
#4497=DIRECTION('',(0.,0.,-1.));
#4498=DIRECTION('',(-5.11717839521182E-16,1.,0.));
#4499=DIRECTION('',(-1.,-5.11717839521182E-16,0.));
#4500=DIRECTION('',(0.,1.,0.));
#4501=DIRECTION('',(0.,0.,1.));
#4502=DIRECTION('',(1.24352937346008E-16,-1.,0.));
#4503=DIRECTION('',(1.,1.24352937346008E-16,0.));
#4504=DIRECTION('',(-4.97411749384031E-16,1.,0.));
#4505=DIRECTION('',(-1.,-4.97411749384031E-16,0.));
#4506=DIRECTION('',(0.,-1.,0.));
#4507=DIRECTION('',(0.,0.,-1.));
#4508=DIRECTION('',(0.,1.,0.));
#4509=DIRECTION('',(0.,0.,1.));
#4510=DIRECTION('',(0.,0.,1.));
#4511=DIRECTION('',(0.,0.,1.));
#4512=DIRECTION('',(-1.,0.,0.));
#4513=DIRECTION('',(0.,0.,1.));
#4514=DIRECTION('',(0.,0.,1.));
#4515=DIRECTION('',(0.,-1.,0.));
#4516=DIRECTION('',(0.,0.,-1.));
#4517=DIRECTION('',(0.,0.,1.));
#4518=DIRECTION('',(1.,0.,0.));
#4519=DIRECTION('',(0.,0.,-1.));
#4520=DIRECTION('',(0.,0.,1.));
#4521=DIRECTION('',(0.,0.,1.));
#4522=DIRECTION('',(0.,0.,1.));
#4523=DIRECTION('',(0.,0.,1.));
#4524=DIRECTION('',(0.460966157974534,-0.887417715172622,0.));
#4525=DIRECTION('',(0.,0.,1.));
#4526=DIRECTION('',(0.,0.,1.));
#4527=DIRECTION('',(0.119438812954886,-0.992841563372489,0.));
#4528=DIRECTION('',(0.,0.,1.));
#4529=DIRECTION('',(0.,0.,1.));
#4530=DIRECTION('',(0.,0.,1.));
#4531=DIRECTION('',(-1.,0.,0.));
#4532=DIRECTION('',(0.,0.,1.));
#4533=DIRECTION('',(0.,0.,1.));
#4534=DIRECTION('',(0.,-1.,0.));
#4535=DIRECTION('',(0.,0.,-1.));
#4536=DIRECTION('',(0.,0.,1.));
#4537=DIRECTION('',(1.,0.,0.));
#4538=DIRECTION('',(0.,0.,-1.));
#4539=DIRECTION('',(0.,0.,1.));
#4540=DIRECTION('',(0.,0.,1.));
#4541=DIRECTION('',(-0.997132987844723,-0.0756690461936379,0.));
#4542=DIRECTION('',(0.,0.,1.));
#4543=DIRECTION('',(0.,0.,1.));
#4544=DIRECTION('',(0.,0.,1.));
#4545=DIRECTION('',(0.,0.,1.));
#4546=DIRECTION('',(0.,0.,1.));
#4547=DIRECTION('',(0.,0.,1.));
#4548=DIRECTION('',(0.,0.,1.));
#4549=DIRECTION('',(0.176175566510493,-0.984358760698917,0.));
#4550=DIRECTION('',(0.,0.,1.));
#4551=DIRECTION('',(0.,0.,1.));
#4552=DIRECTION('',(0.528581695987129,-0.848882436305152,0.));
#4553=DIRECTION('',(0.,0.,1.));
#4554=DIRECTION('',(-1.,0.,0.));
#4555=DIRECTION('',(0.,0.,1.));
#4556=DIRECTION('',(0.,0.,1.));
#4557=DIRECTION('',(0.,0.,1.));
#4558=DIRECTION('',(0.,-1.,0.));
#4559=DIRECTION('',(0.,0.,-1.));
#4560=DIRECTION('',(0.,0.,1.));
#4561=DIRECTION('',(1.,0.,0.));
#4562=DIRECTION('',(0.,0.,-1.));
#4563=DIRECTION('',(0.,0.,1.));
#4564=DIRECTION('',(0.,1.,0.));
#4565=DIRECTION('',(0.,0.,1.));
#4566=DIRECTION('',(1.,0.,0.));
#4567=DIRECTION('',(0.,0.,-1.));
#4568=DIRECTION('',(0.,0.,1.));
#4569=DIRECTION('',(0.,0.,1.));
#4570=DIRECTION('',(0.,1.,0.));
#4571=DIRECTION('',(0.,0.,1.));
#4572=DIRECTION('',(0.,0.,1.));
#4573=DIRECTION('',(-1.,0.,0.));
#4574=DIRECTION('',(0.,0.,1.));
#4575=DIRECTION('',(0.,0.,1.));
#4576=DIRECTION('',(0.,-1.,0.));
#4577=DIRECTION('',(0.,0.,-1.));
#4578=DIRECTION('',(1.,0.,0.));
#4579=DIRECTION('',(0.,0.,-1.));
#4580=DIRECTION('',(0.,0.,1.));
#4581=DIRECTION('',(0.,0.,1.));
#4582=DIRECTION('',(-0.501167968631896,0.865350025837741,0.));
#4583=DIRECTION('',(-0.865350025837741,-0.501167968631896,0.));
#4584=DIRECTION('',(0.,0.,1.));
#4585=DIRECTION('',(0.,0.,1.));
#4586=DIRECTION('',(-0.769064779931467,-0.639170841222411,0.));
#4587=DIRECTION('',(0.,0.,1.));
#4588=DIRECTION('',(0.,0.,1.));
#4589=DIRECTION('',(0.,0.,1.));
#4590=DIRECTION('',(0.,0.,1.));
#4591=DIRECTION('',(0.631986443133385,-0.774979442111604,0.));
#4592=DIRECTION('',(0.,0.,1.));
#4593=DIRECTION('',(0.,0.,1.));
#4594=DIRECTION('',(0.877875417522454,-0.478889080382689,0.));
#4595=DIRECTION('',(0.,0.,1.));
#4596=DIRECTION('',(0.,0.,1.));
#4597=DIRECTION('',(0.98740814360259,-0.158193419418404,0.));
#4598=DIRECTION('',(0.,0.,1.));
#4599=DIRECTION('',(-1.,0.,0.));
#4600=DIRECTION('',(0.,0.,1.));
#4601=DIRECTION('',(0.,0.,1.));
#4602=DIRECTION('',(0.,-1.,0.));
#4603=DIRECTION('',(0.,0.,-1.));
#4604=DIRECTION('',(0.,0.,1.));
#4605=DIRECTION('',(1.,0.,0.));
#4606=DIRECTION('',(0.,0.,-1.));
#4607=DIRECTION('',(0.,0.,1.));
#4608=DIRECTION('',(0.,0.,1.));
#4609=DIRECTION('',(0.,0.,1.));
#4610=DIRECTION('',(0.,0.,1.));
#4611=DIRECTION('',(0.411488636383491,-0.911414890226869,0.));
#4612=DIRECTION('',(0.,0.,1.));
#4613=DIRECTION('',(0.,0.,1.));
#4614=DIRECTION('',(0.115428720740498,-0.993315765720152,0.));
#4615=DIRECTION('',(0.,0.,1.));
#4616=DIRECTION('',(0.,0.,1.));
#4617=DIRECTION('',(0.,0.,1.));
#4618=DIRECTION('',(0.,0.,1.));
#4619=DIRECTION('',(-0.854216221814927,-0.51991792274188,0.));
#4620=DIRECTION('',(0.,0.,1.));
#4621=DIRECTION('',(0.,0.,1.));
#4622=DIRECTION('',(-0.986219728061861,-0.165440768801368,0.));
#4623=DIRECTION('',(0.,0.,1.));
#4624=DIRECTION('',(-1.,0.,0.));
#4625=DIRECTION('',(0.,0.,1.));
#4626=DIRECTION('',(0.,0.,1.));
#4627=DIRECTION('',(0.,-1.,0.));
#4628=DIRECTION('',(0.,0.,-1.));
#4629=DIRECTION('',(0.,0.,1.));
#4630=DIRECTION('',(1.,0.,0.));
#4631=DIRECTION('',(0.,0.,-1.));
#4632=DIRECTION('',(0.,0.,1.));
#4633=DIRECTION('',(0.,0.,1.));
#4634=DIRECTION('',(-0.998623209867794,-0.0524565030605817,0.));
#4635=DIRECTION('',(0.,0.,1.));
#4636=DIRECTION('',(0.,0.,1.));
#4637=DIRECTION('',(0.997379151002372,0.0723521191520173,0.));
#4638=DIRECTION('',(0.,0.,1.));
#4639=DIRECTION('',(0.461821196076148,-0.886973045168114,0.));
#4640=DIRECTION('',(0.886973045168114,0.461821196076148,0.));
#4641=DIRECTION('',(0.,0.,1.));
#4642=DIRECTION('',(0.,0.,1.));
#4643=DIRECTION('',(0.746932709395313,0.664899637265187,0.));
#4644=DIRECTION('',(-0.664899637265187,0.746932709395313,0.));
#4645=DIRECTION('',(0.,0.,1.));
#4646=DIRECTION('',(0.,0.,1.));
#4647=DIRECTION('',(0.840708652660489,-0.541487729631785,0.));
#4648=DIRECTION('',(0.,0.,1.));
#4649=DIRECTION('',(0.,0.,1.));
#4650=DIRECTION('',(0.984015616784266,-0.178082188678938,0.));
#4651=DIRECTION('',(0.,0.,1.));
#4652=DIRECTION('',(-1.,0.,0.));
#4653=DIRECTION('',(0.,0.,1.));
#4654=DIRECTION('',(0.,0.,1.));
#4655=DIRECTION('',(0.,-1.,0.));
#4656=DIRECTION('',(0.,0.,-1.));
#4657=DIRECTION('',(0.,0.,1.));
#4658=DIRECTION('',(1.,0.,0.));
#4659=DIRECTION('',(0.,0.,-1.));
#4660=DIRECTION('',(0.,0.,1.));
#4661=DIRECTION('',(0.,0.,1.));
#4662=DIRECTION('',(0.980013804522257,-0.198929492398216,0.));
#4663=DIRECTION('',(0.,0.,1.));
#4664=DIRECTION('',(0.,0.,1.));
#4665=DIRECTION('',(0.,0.,1.));
#4666=DIRECTION('',(0.,0.,1.));
#4667=DIRECTION('',(0.,0.,1.));
#4668=DIRECTION('',(-0.749204617416272,0.662338615243092,0.));
#4669=DIRECTION('',(0.,0.,1.));
#4670=DIRECTION('',(0.,0.,1.));
#4671=DIRECTION('',(-0.95053184691723,0.310627120509653,0.));
#4672=DIRECTION('',(0.,0.,1.));
#4673=DIRECTION('',(0.,1.,0.));
#4674=DIRECTION('',(0.,0.,1.));
#4675=DIRECTION('',(0.,0.,1.));
#4676=DIRECTION('',(0.,0.,1.));
#4677=DIRECTION('',(-0.886961672419392,0.461843037902485,0.));
#4678=DIRECTION('',(0.,0.,1.));
#4679=DIRECTION('',(0.,0.,1.));
#4680=DIRECTION('',(0.,0.,1.));
#4681=DIRECTION('',(0.,0.,1.));
#4682=DIRECTION('',(0.,0.,1.));
#4683=DIRECTION('',(0.,0.,1.));
#4684=DIRECTION('',(0.,0.,1.));
#4685=DIRECTION('',(0.,0.,1.));
#4686=DIRECTION('',(0.899675109312985,0.436560073395023,0.));
#4687=DIRECTION('',(0.,0.,1.));
#4688=DIRECTION('',(0.,1.,0.));
#4689=DIRECTION('',(0.,0.,1.));
#4690=DIRECTION('',(0.,0.,1.));
#4691=DIRECTION('',(0.,0.,1.));
#4692=DIRECTION('',(0.952180147357407,0.305537177735259,0.));
#4693=DIRECTION('',(0.,0.,1.));
#4694=DIRECTION('',(0.,0.,1.));
#4695=DIRECTION('',(0.753399126388081,0.657563499867256,0.));
#4696=DIRECTION('',(0.,0.,1.));
#4697=DIRECTION('',(0.,1.,0.));
#4698=DIRECTION('',(0.,0.,1.));
#4699=DIRECTION('',(0.,0.,1.));
#4700=DIRECTION('',(0.,0.,1.));
#4701=DIRECTION('',(-1.,0.,0.));
#4702=DIRECTION('',(0.,0.,1.));
#4703=DIRECTION('',(0.,0.,1.));
#4704=DIRECTION('',(0.,-1.,0.));
#4705=DIRECTION('',(0.,0.,-1.));
#4706=DIRECTION('',(0.,0.,1.));
#4707=DIRECTION('',(1.,0.,0.));
#4708=DIRECTION('',(0.,0.,-1.));
#4709=DIRECTION('',(0.,0.,1.));
#4710=DIRECTION('',(0.,-1.,0.));
#4711=DIRECTION('',(0.,0.,-1.));
#4712=DIRECTION('',(0.,0.,1.));
#4713=DIRECTION('',(0.,0.,1.));
#4714=DIRECTION('',(0.,0.,1.));
#4715=DIRECTION('',(-0.965342800303334,-0.260985206290544,0.));
#4716=DIRECTION('',(0.,0.,1.));
#4717=DIRECTION('',(0.,0.,1.));
#4718=DIRECTION('',(-0.990714841960754,-0.135956250016979,0.));
#4719=DIRECTION('',(0.,0.,1.));
#4720=DIRECTION('',(0.,0.,1.));
#4721=DIRECTION('',(-0.998806623413893,-0.0488398303082269,0.));
#4722=DIRECTION('',(0.,0.,1.));
#4723=DIRECTION('',(0.,-1.,0.));
#4724=DIRECTION('',(0.,0.,-1.));
#4725=DIRECTION('',(0.,0.,1.));
#4726=DIRECTION('',(1.,0.,0.));
#4727=DIRECTION('',(0.,0.,-1.));
#4728=DIRECTION('',(0.,0.,1.));
#4729=DIRECTION('',(0.,0.,1.));
#4730=DIRECTION('',(-0.997253398772502,-0.074065232307025,0.));
#4731=DIRECTION('',(0.,0.,1.));
#4732=DIRECTION('',(0.,0.,1.));
#4733=DIRECTION('',(-0.967534903500788,-0.252737433926438,0.));
#4734=DIRECTION('',(0.,0.,1.));
#4735=DIRECTION('',(0.,0.,1.));
#4736=DIRECTION('',(-0.891172728156639,-0.453664158370323,0.));
#4737=DIRECTION('',(0.,0.,1.));
#4738=DIRECTION('',(0.,0.,1.));
#4739=DIRECTION('',(-0.736044757870483,-0.676932872899066,0.));
#4740=DIRECTION('',(-1.,0.,0.));
#4741=DIRECTION('',(0.,0.,1.));
#4742=DIRECTION('',(0.,0.,1.));
#4743=DIRECTION('',(0.,0.,1.));
#4744=DIRECTION('',(0.,-1.,0.));
#4745=DIRECTION('',(0.,0.,-1.));
#4746=DIRECTION('',(0.,0.,1.));
#4747=DIRECTION('',(1.,0.,0.));
#4748=DIRECTION('',(0.,0.,-1.));
#4749=DIRECTION('',(0.,0.,1.));
#4750=DIRECTION('',(0.,1.,0.));
#4751=DIRECTION('',(0.,0.,1.));
#4752=DIRECTION('',(0.,0.,1.));
#4753=DIRECTION('',(0.987436466775392,-0.158016531040677,0.));
#4754=DIRECTION('',(0.,0.,1.));
#4755=DIRECTION('',(0.,0.,1.));
#4756=DIRECTION('',(-1.,0.,0.));
#4757=DIRECTION('',(0.,0.,1.));
#4758=DIRECTION('',(0.,0.,1.));
#4759=DIRECTION('',(0.,-1.,0.));
#4760=DIRECTION('',(0.,0.,-1.));
#4761=DIRECTION('',(0.,0.,1.));
#4762=DIRECTION('',(1.,0.,0.));
#4763=DIRECTION('',(0.,0.,-1.));
#4764=DIRECTION('',(0.,0.,1.));
#4765=DIRECTION('',(0.,0.,1.));
#4766=DIRECTION('',(0.,0.,1.));
#4767=DIRECTION('',(0.,0.,1.));
#4768=DIRECTION('',(0.411361879577533,-0.911472108202132,0.));
#4769=DIRECTION('',(0.,0.,1.));
#4770=DIRECTION('',(0.,0.,1.));
#4771=DIRECTION('',(0.113632784700305,-0.993522818178452,0.));
#4772=DIRECTION('',(0.,0.,1.));
#4773=DIRECTION('',(0.,0.,1.));
#4774=DIRECTION('',(0.,0.,1.));
#4775=DIRECTION('',(0.,0.,1.));
#4776=DIRECTION('',(-0.851759079028283,-0.523933651613341,0.));
#4777=DIRECTION('',(0.,0.,1.));
#4778=DIRECTION('',(0.,0.,1.));
#4779=DIRECTION('',(-0.985897339885308,-0.167351233061107,0.));
#4780=DIRECTION('',(0.,0.,1.));
#4781=DIRECTION('',(-1.,0.,0.));
#4782=DIRECTION('',(0.,0.,1.));
#4783=DIRECTION('',(0.,0.,1.));
#4784=DIRECTION('',(0.,-1.,0.));
#4785=DIRECTION('',(0.,0.,-1.));
#4786=DIRECTION('',(0.,0.,1.));
#4787=DIRECTION('',(1.,0.,0.));
#4788=DIRECTION('',(0.,0.,-1.));
#4789=DIRECTION('',(0.,0.,1.));
#4790=DIRECTION('',(0.,0.,1.));
#4791=DIRECTION('',(0.,0.,1.));
#4792=DIRECTION('',(0.,0.,1.));
#4793=DIRECTION('',(-0.571388018322028,-0.820680042719467,0.));
#4794=DIRECTION('',(0.,0.,1.));
#4795=DIRECTION('',(0.,0.,1.));
#4796=DIRECTION('',(0.,0.,1.));
#4797=DIRECTION('',(0.,0.,1.));
#4798=DIRECTION('',(0.631505183989103,-0.775371654495371,0.));
#4799=DIRECTION('',(0.,0.,1.));
#4800=DIRECTION('',(0.,0.,1.));
#4801=DIRECTION('',(0.877659116895436,-0.479285379007459,0.));
#4802=DIRECTION('',(0.,1.,0.));
#4803=DIRECTION('',(0.,0.,1.));
#4804=DIRECTION('',(0.,0.,1.));
#4805=DIRECTION('',(0.,0.,1.));
#4806=DIRECTION('',(-1.,0.,0.));
#4807=DIRECTION('',(0.,0.,1.));
#4808=DIRECTION('',(0.,0.,1.));
#4809=DIRECTION('',(0.,-1.,0.));
#4810=DIRECTION('',(0.,0.,-1.));
#4811=DIRECTION('',(0.,0.,1.));
#4812=DIRECTION('',(-1.,0.,0.));
#4813=DIRECTION('',(0.,0.,1.));
#4814=DIRECTION('',(0.,0.,1.));
#4815=DIRECTION('',(0.,-1.,0.));
#4816=DIRECTION('',(0.,0.,-1.));
#4817=DIRECTION('',(0.,0.,1.));
#4818=DIRECTION('',(1.,0.,0.));
#4819=DIRECTION('',(0.,0.,-1.));
#4820=DIRECTION('',(0.,0.,1.));
#4821=DIRECTION('',(0.,-1.,0.));
#4822=DIRECTION('',(0.,0.,-1.));
#4823=DIRECTION('',(0.,0.,1.));
#4824=DIRECTION('',(1.,0.,0.));
#4825=DIRECTION('',(0.,0.,-1.));
#4826=DIRECTION('',(-1.,0.,0.));
#4827=DIRECTION('',(0.,0.,1.));
#4828=DIRECTION('',(0.,0.,1.));
#4829=DIRECTION('',(0.,0.,1.));
#4830=DIRECTION('',(0.,-1.,0.));
#4831=DIRECTION('',(0.,0.,-1.));
#4832=DIRECTION('',(0.,0.,1.));
#4833=DIRECTION('',(1.,0.,0.));
#4834=DIRECTION('',(0.,0.,-1.));
#4835=DIRECTION('',(0.,0.,1.));
#4836=DIRECTION('',(0.,1.,0.));
#4837=DIRECTION('',(0.,0.,1.));
#4838=DIRECTION('',(1.,0.,0.));
#4839=DIRECTION('',(0.,0.,-1.));
#4840=DIRECTION('',(0.,0.,1.));
#4841=DIRECTION('',(0.,0.,1.));
#4842=DIRECTION('',(0.,1.,0.));
#4843=DIRECTION('',(0.,0.,1.));
#4844=DIRECTION('',(0.,0.,1.));
#4845=DIRECTION('',(-1.,0.,0.));
#4846=DIRECTION('',(0.,0.,1.));
#4847=DIRECTION('',(0.,0.,1.));
#4848=DIRECTION('',(0.,-1.,0.));
#4849=DIRECTION('',(0.,0.,-1.));
#4850=DIRECTION('',(-1.,0.,0.));
#4851=DIRECTION('',(0.,0.,1.));
#4852=DIRECTION('',(0.,0.,1.));
#4853=DIRECTION('',(0.,0.,1.));
#4854=DIRECTION('',(0.,-1.,0.));
#4855=DIRECTION('',(0.,0.,-1.));
#4856=DIRECTION('',(0.,0.,1.));
#4857=DIRECTION('',(1.,0.,0.));
#4858=DIRECTION('',(0.,0.,-1.));
#4859=DIRECTION('',(0.,0.,1.));
#4860=DIRECTION('',(0.,1.,0.));
#4861=DIRECTION('',(0.,0.,1.));
#4862=CARTESIAN_POINT('',(0.,0.,0.));
#4863=CARTESIAN_POINT('',(-0.238625,-0.000750000000000042,0.0015));
#4864=CARTESIAN_POINT('',(-0.32425,0.04585,0.0015));
#4865=CARTESIAN_POINT('',(-0.32425,0.04685,0.0015));
#4866=CARTESIAN_POINT('',(-0.32425,-0.04835,0.0015));
#4867=CARTESIAN_POINT('',(-0.313875,-0.04835,0.0015));
#4868=CARTESIAN_POINT('',(-0.153,-0.04835,0.0015));
#4869=CARTESIAN_POINT('',(-0.153,0.04585,0.0015));
#4870=CARTESIAN_POINT('',(-0.153,0.04685,0.0015));
#4871=CARTESIAN_POINT('',(-0.313875,0.04685,0.0015));
#4872=CARTESIAN_POINT('',(-0.3035,0.0279,0.0015));
#4873=CARTESIAN_POINT('',(-0.3035,0.04485,0.0015));
#4874=CARTESIAN_POINT('',(-0.3035,0.01095,0.0015));
#4875=CARTESIAN_POINT('',(-0.2756,0.04485,0.0015));
#4876=CARTESIAN_POINT('',(-0.2477,0.04485,0.0015));
#4877=CARTESIAN_POINT('',(-0.2477,0.0279,0.0015));
#4878=CARTESIAN_POINT('',(-0.2477,0.01095,0.0015));
#4879=CARTESIAN_POINT('',(-0.2756,0.01095,0.0015));
#4880=CARTESIAN_POINT('',(-0.2477,-0.0294,0.0015));
#4881=CARTESIAN_POINT('',(-0.2477,-0.01245,0.0015));
#4882=CARTESIAN_POINT('',(-0.2477,-0.04635,0.0015));
#4883=CARTESIAN_POINT('',(-0.2756,-0.04635,0.0015));
#4884=CARTESIAN_POINT('',(-0.3035,-0.04635,0.0015));
#4885=CARTESIAN_POINT('',(-0.3035,-0.0294,0.0015));
#4886=CARTESIAN_POINT('',(-0.3035,-0.01245,0.0015));
#4887=CARTESIAN_POINT('',(-0.2756,-0.01245,0.0015));
#4888=CARTESIAN_POINT('',(-0.3035,-0.000750000000000067,0.0015));
#4889=CARTESIAN_POINT('',(-0.3035,0.00945,0.0015));
#4890=CARTESIAN_POINT('',(-0.3035,-0.01095,0.0015));
#4891=CARTESIAN_POINT('',(-0.2756,0.00945,0.0015));
#4892=CARTESIAN_POINT('',(-0.2477,0.00945,0.0015));
#4893=CARTESIAN_POINT('',(-0.2477,-0.000750000000000056,0.0015));
#4894=CARTESIAN_POINT('',(-0.2477,-0.01095,0.0015));
#4895=CARTESIAN_POINT('',(-0.2756,-0.01095,0.0015));
#4896=CARTESIAN_POINT('',(-0.2462,0.0279,0.0015));
#4897=CARTESIAN_POINT('',(-0.2462,0.04485,0.0015));
#4898=CARTESIAN_POINT('',(-0.2462,0.01095,0.0015));
#4899=CARTESIAN_POINT('',(-0.22925,0.04485,0.0015));
#4900=CARTESIAN_POINT('',(-0.2123,0.04485,0.0015));
#4901=CARTESIAN_POINT('',(-0.2123,0.0279,0.0015));
#4902=CARTESIAN_POINT('',(-0.2123,0.01095,0.0015));
#4903=CARTESIAN_POINT('',(-0.22925,0.01095,0.0015));
#4904=CARTESIAN_POINT('',(-0.22925,-0.04635,0.0015));
#4905=CARTESIAN_POINT('',(-0.2462,-0.04635,0.0015));
#4906=CARTESIAN_POINT('',(-0.2123,-0.04635,0.0015));
#4907=CARTESIAN_POINT('',(-0.2462,-0.0294,0.0015));
#4908=CARTESIAN_POINT('',(-0.2462,-0.01245,0.0015));
#4909=CARTESIAN_POINT('',(-0.22925,-0.01245,0.0015));
#4910=CARTESIAN_POINT('',(-0.2123,-0.01245,0.0015));
#4911=CARTESIAN_POINT('',(-0.2123,-0.0294,0.0015));
#4912=CARTESIAN_POINT('',(-0.2462,-0.000750000000000054,0.0015));
#4913=CARTESIAN_POINT('',(-0.2462,0.00945,0.0015));
#4914=CARTESIAN_POINT('',(-0.2462,-0.01095,0.0015));
#4915=CARTESIAN_POINT('',(-0.22925,0.00945,0.0015));
#4916=CARTESIAN_POINT('',(-0.2123,0.00945,0.0015));
#4917=CARTESIAN_POINT('',(-0.2123,-0.000750000000000049,0.0015));
#4918=CARTESIAN_POINT('',(-0.2123,-0.01095,0.0015));
#4919=CARTESIAN_POINT('',(-0.22925,-0.01095,0.0015));
#4920=CARTESIAN_POINT('',(-0.2108,0.0279,0.0015));
#4921=CARTESIAN_POINT('',(-0.2108,0.01095,0.0015));
#4922=CARTESIAN_POINT('',(-0.2108,0.04485,0.0015));
#4923=CARTESIAN_POINT('',(-0.1829,0.04485,0.0015));
#4924=CARTESIAN_POINT('',(-0.155,0.04485,0.0015));
#4925=CARTESIAN_POINT('',(-0.155,0.0279,0.0015));
#4926=CARTESIAN_POINT('',(-0.155,0.01095,0.0015));
#4927=CARTESIAN_POINT('',(-0.1829,0.01095,0.0015));
#4928=CARTESIAN_POINT('',(-0.2108,-0.000750000000000048,0.0015));
#4929=CARTESIAN_POINT('',(-0.2108,-0.01095,0.0015));
#4930=CARTESIAN_POINT('',(-0.2108,0.00945,0.0015));
#4931=CARTESIAN_POINT('',(-0.1829,0.00945,0.0015));
#4932=CARTESIAN_POINT('',(-0.155,0.00945,0.0015));
#4933=CARTESIAN_POINT('',(-0.155,-0.000750000000000039,0.0015));
#4934=CARTESIAN_POINT('',(-0.155,-0.01095,0.0015));
#4935=CARTESIAN_POINT('',(-0.1829,-0.01095,0.0015));
#4936=CARTESIAN_POINT('',(-0.2108,-0.0294,0.0015));
#4937=CARTESIAN_POINT('',(-0.2108,-0.04635,0.0015));
#4938=CARTESIAN_POINT('',(-0.2108,-0.01245,0.0015));
#4939=CARTESIAN_POINT('',(-0.1829,-0.01245,0.0015));
#4940=CARTESIAN_POINT('',(-0.155,-0.01245,0.0015));
#4941=CARTESIAN_POINT('',(-0.155,-0.0294,0.0015));
#4942=CARTESIAN_POINT('',(-0.155,-0.04635,0.0015));
#4943=CARTESIAN_POINT('',(-0.1829,-0.04635,0.0015));
#4944=CARTESIAN_POINT('',(-0.30937890625,-0.0216826171875001,0.0015));
#4945=CARTESIAN_POINT('',(-0.30937890625,-0.0213095703125001,0.0015));
#4946=CARTESIAN_POINT('',(-0.30937890625,-0.0220556640625001,0.0015));
#4947=CARTESIAN_POINT('',(-0.30937890625,-0.0220556640625001,0.0015));
#4948=CARTESIAN_POINT('',(-0.30937890625,-0.0231904296875001,0.0015));
#4949=CARTESIAN_POINT('',(-0.30973828125,-0.0240507812500001,0.0015));
#4950=CARTESIAN_POINT('',(-0.30973828125,-0.0240507812500001,0.0015));
#4951=CARTESIAN_POINT('',(-0.30973828125,-0.0240507812500001,0.0015));
#4952=CARTESIAN_POINT('',(-0.31009765625,-0.0249111328125001,0.0015));
#4953=CARTESIAN_POINT('',(-0.3106962890625,-0.0254785156250001,0.0015));
#4954=CARTESIAN_POINT('',(-0.3106962890625,-0.0254785156250001,0.0015));
#4955=CARTESIAN_POINT('',(-0.313419871436996,-0.0226276452647536,0.0015));
#4956=CARTESIAN_POINT('',(-0.312057637634484,-0.026327093648831,0.0014999999999981));
#4957=CARTESIAN_POINT('',(-0.313623975765048,-0.0221091035154829,0.0015));
#4958=CARTESIAN_POINT('',(-0.313626953126344,-0.0266084004692381,0.0015));
#4959=CARTESIAN_POINT('',(-0.313626953125,-0.0266083984375001,0.0015));
#4960=CARTESIAN_POINT('',(-0.314736328125,-0.0266083984375001,0.0015));
#4961=CARTESIAN_POINT('',(-0.3155244140625,-0.0263701171875001,0.0015));
#4962=CARTESIAN_POINT('',(-0.3155244140625,-0.0263701171875001,0.0015));
#4963=CARTESIAN_POINT('',(-0.3155244140625,-0.0263701171875001,0.0015));
#4964=CARTESIAN_POINT('',(-0.3163125,-0.0261318359375001,0.0015));
#4965=CARTESIAN_POINT('',(-0.3168427734375,-0.0257656250000001,0.0015));
#4966=CARTESIAN_POINT('',(-0.3168427734375,-0.0257656250000001,0.0015));
#4967=CARTESIAN_POINT('',(-0.3168427734375,-0.0257656250000001,0.0015));
#4968=CARTESIAN_POINT('',(-0.317373046875,-0.0253994140625001,0.0015));
#4969=CARTESIAN_POINT('',(-0.3176787109375,-0.0249414062500001,0.0015));
#4970=CARTESIAN_POINT('',(-0.3176787109375,-0.0249414062500001,0.0015));
#4971=CARTESIAN_POINT('',(-0.3176787109375,-0.0249414062500001,0.0015));
#4972=CARTESIAN_POINT('',(-0.317984375,-0.0244833984375001,0.0015));
#4973=CARTESIAN_POINT('',(-0.31813671875,-0.0240566406250001,0.0015));
#4974=CARTESIAN_POINT('',(-0.31813671875,-0.0240566406250001,0.0015));
#4975=CARTESIAN_POINT('',(-0.31813671875,-0.0240566406250001,0.0015));
#4976=CARTESIAN_POINT('',(-0.3182890625,-0.0236298828125001,0.0015));
#4977=CARTESIAN_POINT('',(-0.31833203125,-0.0232753906250001,0.0015));
#4978=CARTESIAN_POINT('',(-0.31833203125,-0.0232753906250001,0.0015));
#4979=CARTESIAN_POINT('',(-0.313267882980904,-0.0225802943857842,0.0015));
#4980=CARTESIAN_POINT('',(-0.318375473717223,-0.0227509923943454,0.00149999975));
#4981=CARTESIAN_POINT('',(-0.318375,-0.0220302734375001,0.0015));
#4982=CARTESIAN_POINT('',(-0.318375,-0.0213095703125001,0.0015));
#4983=CARTESIAN_POINT('',(-0.317837890625,-0.0213095703125001,0.0015));
#4984=CARTESIAN_POINT('',(-0.31730078125,-0.0213095703125001,0.0015));
#4985=CARTESIAN_POINT('',(-0.31730078125,-0.0217861328125001,0.0015));
#4986=CARTESIAN_POINT('',(-0.31730078125,-0.0222626953125001,0.0015));
#4987=CARTESIAN_POINT('',(-0.31730078125,-0.0222626953125001,0.0015));
#4988=CARTESIAN_POINT('',(-0.31730078125,-0.0237509765625001,0.0015));
#4989=CARTESIAN_POINT('',(-0.3163486328125,-0.0244101562500001,0.0015));
#4990=CARTESIAN_POINT('',(-0.3163486328125,-0.0244101562500001,0.0015));
#4991=CARTESIAN_POINT('',(-0.3163486328125,-0.0244101562500001,0.0015));
#4992=CARTESIAN_POINT('',(-0.315396484375,-0.0250693359375001,0.0015));
#4993=CARTESIAN_POINT('',(-0.31358984375,-0.0250693359375001,0.0015));
#4994=CARTESIAN_POINT('',(-0.313589843750375,-0.0250693383629018,0.0015));
#4995=CARTESIAN_POINT('',(-0.313589120064919,-0.0203945048568716,0.0015));
#4996=CARTESIAN_POINT('',(-0.312478480654958,-0.0249356887377116,0.00149999999999914));
#4997=CARTESIAN_POINT('',(-0.313041942667675,-0.0226476030052708,0.0015));
#4998=CARTESIAN_POINT('',(-0.311484375,-0.0244169921875001,0.0015));
#4999=CARTESIAN_POINT('',(-0.311484375,-0.0244169921875001,0.0015));
#5000=CARTESIAN_POINT('',(-0.3110390625,-0.0240322265625001,0.0015));
#5001=CARTESIAN_POINT('',(-0.310763671875,-0.0233730468750001,0.0015));
#5002=CARTESIAN_POINT('',(-0.310763671875,-0.0233730468750001,0.0015));
#5003=CARTESIAN_POINT('',(-0.310763671875,-0.0233730468750001,0.0015));
#5004=CARTESIAN_POINT('',(-0.31048828125,-0.0227138671875001,0.0015));
#5005=CARTESIAN_POINT('',(-0.31048828125,-0.0216650390625001,0.0015));
#5006=CARTESIAN_POINT('',(-0.31048828125,-0.0216650390625001,0.0015));
#5007=CARTESIAN_POINT('',(-0.31048828125,-0.0214873046875001,0.0015));
#5008=CARTESIAN_POINT('',(-0.31048828125,-0.0213095703125001,0.0015));
#5009=CARTESIAN_POINT('',(-0.30993359375,-0.0213095703125001,0.0015));
#5010=CARTESIAN_POINT('',(-0.313876953125,-0.0193447265625001,0.0015));
#5011=CARTESIAN_POINT('',(-0.318375,-0.0193447265625001,0.0015));
#5012=CARTESIAN_POINT('',(-0.30937890625,-0.0193447265625001,0.0015));
#5013=CARTESIAN_POINT('',(-0.30937890625,-0.0200771484375001,0.0015));
#5014=CARTESIAN_POINT('',(-0.30937890625,-0.0208095703125001,0.0015));
#5015=CARTESIAN_POINT('',(-0.313876953125,-0.0208095703125001,0.0015));
#5016=CARTESIAN_POINT('',(-0.318375,-0.0208095703125001,0.0015));
#5017=CARTESIAN_POINT('',(-0.318375,-0.0200771484375001,0.0015));
#5018=CARTESIAN_POINT('',(-0.313876953125,-0.0170498046875001,0.0015));
#5019=CARTESIAN_POINT('',(-0.30937890625,-0.0170498046875001,0.0015));
#5020=CARTESIAN_POINT('',(-0.318375,-0.0170498046875001,0.0015));
#5021=CARTESIAN_POINT('',(-0.318375,-0.0163056640625001,0.0015));
#5022=CARTESIAN_POINT('',(-0.318375,-0.0155615234375001,0.0015));
#5023=CARTESIAN_POINT('',(-0.313876953125,-0.0155615234375001,0.0015));
#5024=CARTESIAN_POINT('',(-0.30937890625,-0.0155615234375001,0.0015));
#5025=CARTESIAN_POINT('',(-0.30937890625,-0.0163056640625001,0.0015));
#5026=CARTESIAN_POINT('',(-0.3166044921875,-0.0125341796875001,0.0015));
#5027=CARTESIAN_POINT('',(-0.314833984375,-0.0115087890625001,0.0015));
#5028=CARTESIAN_POINT('',(-0.318375,-0.0135595703125001,0.0015));
#5029=CARTESIAN_POINT('',(-0.318375,-0.0127841796875001,0.0015));
#5030=CARTESIAN_POINT('',(-0.318375,-0.0120087890625001,0.0015));
#5031=CARTESIAN_POINT('',(-0.3167451171875,-0.0111601562500001,0.0015));
#5032=CARTESIAN_POINT('',(-0.315115202886285,-0.0103115070423212,0.0015));
#5033=CARTESIAN_POINT('',(-0.315690057877544,-0.0103147860816174,0.0015));
#5034=CARTESIAN_POINT('',(-0.315121220827737,-0.0102324349253028,0.0015));
#5035=CARTESIAN_POINT('',(-0.314060440837931,-0.0101234976694311,0.0015));
#5036=CARTESIAN_POINT('',(-0.315126855705206,-0.0101044939235421,0.00149999975));
#5037=CARTESIAN_POINT('',(-0.315126953125,-0.00966284179687509,0.0015));
#5038=CARTESIAN_POINT('',(-0.315126953125,-0.00942089843750009,0.0015));
#5039=CARTESIAN_POINT('',(-0.31458984375,-0.00942089843750009,0.0015));
#5040=CARTESIAN_POINT('',(-0.314052734375,-0.00942089843750009,0.0015));
#5041=CARTESIAN_POINT('',(-0.314052734375,-0.00983593750000009,0.0015));
#5042=CARTESIAN_POINT('',(-0.314052835133805,-0.0102509770231013,0.0015));
#5043=CARTESIAN_POINT('',(-0.312388135553306,-0.0102433671413549,0.0015));
#5044=CARTESIAN_POINT('',(-0.31396194138113,-0.010787118618946,0.00149999975));
#5045=CARTESIAN_POINT('',(-0.312713158076985,-0.0103565120582978,0.0015));
#5046=CARTESIAN_POINT('',(-0.3136630859375,-0.0112753906250001,0.0015));
#5047=CARTESIAN_POINT('',(-0.3136630859375,-0.0112753906250001,0.0015));
#5048=CARTESIAN_POINT('',(-0.313455078125,-0.0114951171875001,0.0015));
#5049=CARTESIAN_POINT('',(-0.3130830078125,-0.0116298828125001,0.0015));
#5050=CARTESIAN_POINT('',(-0.3130830078125,-0.0116298828125001,0.0015));
#5051=CARTESIAN_POINT('',(-0.3130830078125,-0.0116298828125001,0.0015));
#5052=CARTESIAN_POINT('',(-0.3127109375,-0.0117646484375001,0.0015));
#5053=CARTESIAN_POINT('',(-0.312162109375,-0.0117646484375001,0.0015));
#5054=CARTESIAN_POINT('',(-0.312162109375,-0.0117646484375001,0.0015));
#5055=CARTESIAN_POINT('',(-0.312211045038429,-0.00928604134171962,0.0015));
#5056=CARTESIAN_POINT('',(-0.31165431384634,-0.0117030571980883,0.00149999975));
#5057=CARTESIAN_POINT('',(-0.31197352118357,-0.0102809415301322,0.0015));
#5058=CARTESIAN_POINT('',(-0.31110546875,-0.0114531250000001,0.0015));
#5059=CARTESIAN_POINT('',(-0.31110546875,-0.0114531250000001,0.0015));
#5060=CARTESIAN_POINT('',(-0.31084375,-0.0112646484375001,0.0015));
#5061=CARTESIAN_POINT('',(-0.310666015625,-0.0109228515625001,0.0015));
#5062=CARTESIAN_POINT('',(-0.310666015625,-0.0109228515625001,0.0015));
#5063=CARTESIAN_POINT('',(-0.310666015625,-0.0109228515625001,0.0015));
#5064=CARTESIAN_POINT('',(-0.31048828125,-0.0105810546875001,0.0015));
#5065=CARTESIAN_POINT('',(-0.31048828125,-0.0100185546875001,0.0015));
#5066=CARTESIAN_POINT('',(-0.31048828125,-0.0100185546875001,0.0015));
#5067=CARTESIAN_POINT('',(-0.31048828125,-0.00971972656250009,0.0015));
#5068=CARTESIAN_POINT('',(-0.31048828125,-0.00942089843750009,0.0015));
#5069=CARTESIAN_POINT('',(-0.30993359375,-0.00942089843750009,0.0015));
#5070=CARTESIAN_POINT('',(-0.30937890625,-0.00942089843750009,0.0015));
#5071=CARTESIAN_POINT('',(-0.30937890625,-0.00973242187500009,0.0015));
#5072=CARTESIAN_POINT('',(-0.309378805509072,-0.010043945505513,0.0015));
#5073=CARTESIAN_POINT('',(-0.313023335831004,-0.0100369628297394,0.0015));
#5074=CARTESIAN_POINT('',(-0.309561723553592,-0.0111774122085787,0.0015));
#5075=CARTESIAN_POINT('',(-0.312484221478681,-0.01024074803574,0.0015));
#5076=CARTESIAN_POINT('',(-0.310110299083888,-0.0121855898952183,0.00149999975));
#5077=CARTESIAN_POINT('',(-0.312324922683905,-0.0103690010166501,0.0015));
#5078=CARTESIAN_POINT('',(-0.3109951171875,-0.01290625,0.0015));
#5079=CARTESIAN_POINT('',(-0.3109951171875,-0.01290625,0.0015));
#5080=CARTESIAN_POINT('',(-0.311513671875,-0.0131806640625001,0.0015));
#5081=CARTESIAN_POINT('',(-0.312162109375,-0.0131806640625001,0.0015));
#5082=CARTESIAN_POINT('',(-0.312162109375,-0.0131806640625001,0.0015));
#5083=CARTESIAN_POINT('',(-0.312162109375,-0.0131806640625001,0.0015));
#5084=CARTESIAN_POINT('',(-0.313138671875,-0.0131806640625001,0.0015));
#5085=CARTESIAN_POINT('',(-0.313822265625,-0.0127285156250001,0.0015));
#5086=CARTESIAN_POINT('',(-0.313822265625,-0.0127285156250001,0.0015));
#5087=CARTESIAN_POINT('',(-0.312340878681431,-0.0104720488541719,0.0015));
#5088=CARTESIAN_POINT('',(-0.31066015625,-0.00439648437500008,0.0015));
#5089=CARTESIAN_POINT('',(-0.31020928310034,-0.00490298473143672,0.0015));
#5090=CARTESIAN_POINT('',(-0.311111328125,-0.00388964843750009,0.0015));
#5091=CARTESIAN_POINT('',(-0.311111328125,-0.00388964843750008,0.0015));
#5092=CARTESIAN_POINT('',(-0.3107578125,-0.00359667968750009,0.0015));
#5093=CARTESIAN_POINT('',(-0.3105986328125,-0.00321875000000008,0.0015));
#5094=CARTESIAN_POINT('',(-0.3105986328125,-0.00321875000000008,0.0015));
#5095=CARTESIAN_POINT('',(-0.312434325974808,-0.00243737424887095,0.0015));
#5096=CARTESIAN_POINT('',(-0.310439436041531,-0.002436523430214,0.00149999975));
#5097=CARTESIAN_POINT('',(-0.310439453125,-0.00241210937500008,0.0015));
#5098=CARTESIAN_POINT('',(-0.310439453125,-0.00238769531250008,0.0015));
#5099=CARTESIAN_POINT('',(-0.3098359375,-0.00238769531250008,0.0015));
#5100=CARTESIAN_POINT('',(-0.309232421875,-0.00238769531250008,0.0015));
#5101=CARTESIAN_POINT('',(-0.309232421875,-0.00239453125000008,0.0015));
#5102=CARTESIAN_POINT('',(-0.309232875107522,-0.00240137144669648,0.0015));
#5103=CARTESIAN_POINT('',(-0.313009512895494,-0.00243686193184324,0.0015));
#5104=CARTESIAN_POINT('',(-0.309476210593044,-0.00376868822630587,0.00149999975));
#5105=CARTESIAN_POINT('',(-0.312565487961698,-0.00257665783409694,0.0015));
#5106=CARTESIAN_POINT('',(-0.3156953125,0.00110253906249992,0.0015));
#5107=CARTESIAN_POINT('',(-0.3148828125,0.00134667968749992,0.0015));
#5108=CARTESIAN_POINT('',(-0.313833984375,0.00134667968749992,0.0015));
#5109=CARTESIAN_POINT('',(-0.3156953125,0.00110253906249992,0.0015));
#5110=CARTESIAN_POINT('',(-0.313833984375,0.00134667968749992,0.0015));
#5111=CARTESIAN_POINT('',(-0.313833984375,0.00134667968749992,0.0015));
#5112=CARTESIAN_POINT('',(-0.312783203125,0.00134667968749992,0.0015));
#5113=CARTESIAN_POINT('',(-0.3119716796875,0.00110253906249992,0.0015));
#5114=CARTESIAN_POINT('',(-0.3119716796875,0.00110253906249992,0.0015));
#5115=CARTESIAN_POINT('',(-0.3119716796875,0.00110253906249992,0.0015));
#5116=CARTESIAN_POINT('',(-0.31116015625,0.000858398437499922,0.0015));
#5117=CARTESIAN_POINT('',(-0.3105927734375,0.000431640624999921,0.0015));
#5118=CARTESIAN_POINT('',(-0.3105927734375,0.000431640624999921,0.0015));
#5119=CARTESIAN_POINT('',(-0.312508112115881,-0.00215321489333977,0.0015));
#5120=CARTESIAN_POINT('',(-0.309695157882044,-0.000593664608138289,0.00149999975));
#5121=CARTESIAN_POINT('',(-0.312786812378567,-0.00229473273214327,0.0015));
#5122=CARTESIAN_POINT('',(-0.30928163014006,-0.00188769531250008,0.0015));
#5123=CARTESIAN_POINT('',(-0.3098916015625,-0.00188769531250008,0.0015));
#5124=CARTESIAN_POINT('',(-0.310501837320966,-0.00188769531250008,0.0015));
#5125=CARTESIAN_POINT('',(-0.312419780979443,-0.00240288221256194,0.0015));
#5126=CARTESIAN_POINT('',(-0.3108310546875,-0.00121093750000008,0.0015));
#5127=CARTESIAN_POINT('',(-0.3108310546875,-0.00121093750000008,0.0015));
#5128=CARTESIAN_POINT('',(-0.3110625,-0.000899414062500079,0.0015));
#5129=CARTESIAN_POINT('',(-0.3114716796875,-0.000661132812500079,0.0015));
#5130=CARTESIAN_POINT('',(-0.3114716796875,-0.000661132812500079,0.0015));
#5131=CARTESIAN_POINT('',(-0.3114716796875,-0.000661132812500079,0.0015));
#5132=CARTESIAN_POINT('',(-0.311880859375,-0.00042285156250008,0.0015));
#5133=CARTESIAN_POINT('',(-0.3124609375,-0.000289062500000079,0.0015));
#5134=CARTESIAN_POINT('',(-0.3124609375,-0.000289062500000079,0.0015));
#5135=CARTESIAN_POINT('',(-0.3124609375,-0.000289062500000079,0.0015));
#5136=CARTESIAN_POINT('',(-0.313041015625,-0.000155273437500079,0.0015));
#5137=CARTESIAN_POINT('',(-0.313833984375,-0.000141601562500079,0.0015));
#5138=CARTESIAN_POINT('',(-0.313833984375,-0.000141601562500079,0.0015));
#5139=CARTESIAN_POINT('',(-0.313833984375,-0.000141601562500079,0.0015));
#5140=CARTESIAN_POINT('',(-0.314626953125,-0.000155273437500079,0.0015));
#5141=CARTESIAN_POINT('',(-0.3152255859375,-0.000289062500000079,0.0015));
#5142=CARTESIAN_POINT('',(-0.3152255859375,-0.000289062500000079,0.0015));
#5143=CARTESIAN_POINT('',(-0.3152255859375,-0.000289062500000079,0.0015));
#5144=CARTESIAN_POINT('',(-0.31582421875,-0.00042285156250008,0.0015));
#5145=CARTESIAN_POINT('',(-0.3162568359375,-0.000661132812500079,0.0015));
#5146=CARTESIAN_POINT('',(-0.3162568359375,-0.000661132812500079,0.0015));
#5147=CARTESIAN_POINT('',(-0.3162568359375,-0.000661132812500079,0.0015));
#5148=CARTESIAN_POINT('',(-0.316689453125,-0.000899414062500079,0.0015));
#5149=CARTESIAN_POINT('',(-0.3169462890625,-0.00121093750000008,0.0015));
#5150=CARTESIAN_POINT('',(-0.3169462890625,-0.00121093750000008,0.0015));
#5151=CARTESIAN_POINT('',(-0.315585725800346,-0.00235735094574091,0.0015));
#5152=CARTESIAN_POINT('',(-0.317301202471405,-0.00188769531250008,0.0015));
#5153=CARTESIAN_POINT('',(-0.3178564453125,-0.00188769531250008,0.0015));
#5154=CARTESIAN_POINT('',(-0.318411765349753,-0.00188769531250008,0.0015));
#5155=CARTESIAN_POINT('',(-0.314944682194169,-0.00230117521272899,0.0015));
#5156=CARTESIAN_POINT('',(-0.317990402439344,-0.000593655099737754,0.0015));
#5157=CARTESIAN_POINT('',(-0.315156392663478,-0.0021939247622951,0.0015));
#5158=CARTESIAN_POINT('',(-0.3170810546875,0.000431640624999921,0.0015));
#5159=CARTESIAN_POINT('',(-0.3170810546875,0.000431640624999921,0.0015));
#5160=CARTESIAN_POINT('',(-0.3165078125,0.000858398437499922,0.0015));
#5161=CARTESIAN_POINT('',(-0.3156953125,0.00110253906249992,0.0015));
#5162=CARTESIAN_POINT('',(-0.313736328125,-0.00387695312500008,0.0015));
#5163=CARTESIAN_POINT('',(-0.313736328125,-0.00238769531250008,0.0015));
#5164=CARTESIAN_POINT('',(-0.313736328125,-0.00536621093750008,0.0015));
#5165=CARTESIAN_POINT('',(-0.3154755859375,-0.00536621093750008,0.0015));
#5166=CARTESIAN_POINT('',(-0.317214000292081,-0.00536621093750008,0.0015));
#5167=CARTESIAN_POINT('',(-0.315606982766154,-0.00329491134665441,0.0015));
#5168=CARTESIAN_POINT('',(-0.317795089272188,-0.00473839206424546,0.00149999975));
#5169=CARTESIAN_POINT('',(-0.314544409047762,-0.00262099592925685,0.0015));
#5170=CARTESIAN_POINT('',(-0.318167985168854,-0.00400586564551886,0.00149999975));
#5171=CARTESIAN_POINT('',(-0.314654910370588,-0.00266539669285564,0.0015));
#5172=CARTESIAN_POINT('',(-0.318374963690494,-0.00321288520474682,0.0015));
#5173=CARTESIAN_POINT('',(-0.312897817034964,-0.00239526123706272,0.0015));
#5174=CARTESIAN_POINT('',(-0.318435580677764,-0.00240136722477131,0.00149999975));
#5175=CARTESIAN_POINT('',(-0.318435546875,-0.00239453125000008,0.0015));
#5176=CARTESIAN_POINT('',(-0.318435546875,-0.00238769531250008,0.0015));
#5177=CARTESIAN_POINT('',(-0.3178984375,-0.00238769531250008,0.0015));
#5178=CARTESIAN_POINT('',(-0.317361586917359,-0.00238769531250008,0.0015));
#5179=CARTESIAN_POINT('',(-0.313010428115547,-0.00233850110291364,0.0015));
#5180=CARTESIAN_POINT('',(-0.317342693042741,-0.00274803891869269,0.00149999975));
#5181=CARTESIAN_POINT('',(-0.312805915687377,-0.00234559904284717,0.0015));
#5182=CARTESIAN_POINT('',(-0.31728217656886,-0.00318749084692782,0.0015));
#5183=CARTESIAN_POINT('',(-0.31461641964135,-0.0026999774045935,0.0015));
#5184=CARTESIAN_POINT('',(-0.3171669921875,-0.00361523437500008,0.0015));
#5185=CARTESIAN_POINT('',(-0.3171669921875,-0.00361523437500008,0.0015));
#5186=CARTESIAN_POINT('',(-0.31709375,-0.00381738281250008,0.0015));
#5187=CARTESIAN_POINT('',(-0.316958984375,-0.00391503906250009,0.0015));
#5188=CARTESIAN_POINT('',(-0.316958984375,-0.00391503906250009,0.0015));
#5189=CARTESIAN_POINT('',(-0.31584765625,-0.00391503906250009,0.0015));
#5190=CARTESIAN_POINT('',(-0.314736328125,-0.00391503906250009,0.0015));
#5191=CARTESIAN_POINT('',(-0.314736328125,-0.00315136718750008,0.0015));
#5192=CARTESIAN_POINT('',(-0.314736328125,-0.00238769531250008,0.0015));
#5193=CARTESIAN_POINT('',(-0.314236328125,-0.00238769531250008,0.0015));
#5194=CARTESIAN_POINT('',(-0.313876953125,-0.00745605468750009,0.0015));
#5195=CARTESIAN_POINT('',(-0.318375,-0.00745605468750009,0.0015));
#5196=CARTESIAN_POINT('',(-0.30937890625,-0.00745605468750009,0.0015));
#5197=CARTESIAN_POINT('',(-0.30937890625,-0.00818847656250009,0.0015));
#5198=CARTESIAN_POINT('',(-0.30937890625,-0.00892089843750009,0.0015));
#5199=CARTESIAN_POINT('',(-0.313876953125,-0.00892089843750009,0.0015));
#5200=CARTESIAN_POINT('',(-0.318375,-0.00892089843750009,0.0015));
#5201=CARTESIAN_POINT('',(-0.318375,-0.00818847656250009,0.0015));
#5202=CARTESIAN_POINT('',(-0.30937890625,0.022556640625,0.0015));
#5203=CARTESIAN_POINT('',(-0.30937890625,0.0228681640624999,0.0015));
#5204=CARTESIAN_POINT('',(-0.309378818909038,0.0222451170486054,0.0015));
#5205=CARTESIAN_POINT('',(-0.313029263478607,0.0222509221915392,0.0015));
#5206=CARTESIAN_POINT('',(-0.309561667129773,0.0211094219236436,0.0015));
#5207=CARTESIAN_POINT('',(-0.312473806996275,0.0220424969245202,0.0015));
#5208=CARTESIAN_POINT('',(-0.310110294366532,0.020102492066575,0.00149999975));
#5209=CARTESIAN_POINT('',(-0.312327534584811,0.0219258403127571,0.0015));
#5210=CARTESIAN_POINT('',(-0.3109951171875,0.0193828125,0.0015));
#5211=CARTESIAN_POINT('',(-0.3109951171875,0.0193828125,0.0015));
#5212=CARTESIAN_POINT('',(-0.311513671875,0.0191083984374999,0.0015));
#5213=CARTESIAN_POINT('',(-0.312162109375,0.0191083984374999,0.0015));
#5214=CARTESIAN_POINT('',(-0.312162109375,0.0191083984374999,0.0015));
#5215=CARTESIAN_POINT('',(-0.312162109375,0.0191083984374999,0.0015));
#5216=CARTESIAN_POINT('',(-0.312845703125,0.0191083984374999,0.0015));
#5217=CARTESIAN_POINT('',(-0.313400390625,0.0193398437499999,0.0015));
#5218=CARTESIAN_POINT('',(-0.313400390625,0.0193398437499999,0.0015));
#5219=CARTESIAN_POINT('',(-0.31242622469862,0.0217499491527766,0.0015));
#5220=CARTESIAN_POINT('',(-0.314333984375,0.0199863281249999,0.0015));
#5221=CARTESIAN_POINT('',(-0.314333984375,0.0199863281249999,0.0015));
#5222=CARTESIAN_POINT('',(-0.314712890625,0.0204013671874999,0.0015));
#5223=CARTESIAN_POINT('',(-0.314919921875,0.0209873046874999,0.0015));
#5224=CARTESIAN_POINT('',(-0.314919921875,0.0209873046874999,0.0015));
#5225=CARTESIAN_POINT('',(-0.314919921875,0.0209873046874999,0.0015));
#5226=CARTESIAN_POINT('',(-0.315126953125,0.0215732421875,0.0015));
#5227=CARTESIAN_POINT('',(-0.315126953125,0.0222822265624999,0.0015));
#5228=CARTESIAN_POINT('',(-0.315126953125,0.0222822265624999,0.0015));
#5229=CARTESIAN_POINT('',(-0.315126953125,0.0225751953124999,0.0015));
#5230=CARTESIAN_POINT('',(-0.315126953125,0.0228681640624999,0.0015));
#5231=CARTESIAN_POINT('',(-0.31458984375,0.0228681640624999,0.0015));
#5232=CARTESIAN_POINT('',(-0.314052734375,0.0228681640624999,0.0015));
#5233=CARTESIAN_POINT('',(-0.314052734375,0.0224472656249999,0.0015));
#5234=CARTESIAN_POINT('',(-0.314052782197459,0.0220263670994083,0.0015));
#5235=CARTESIAN_POINT('',(-0.312434679402091,0.0220293477339477,0.0015));
#5236=CARTESIAN_POINT('',(-0.31396203635907,0.0214940968195076,0.00149999999999959));
#5237=CARTESIAN_POINT('',(-0.312707319317217,0.0219400268117931,0.0015));
#5238=CARTESIAN_POINT('',(-0.3136630859375,0.0210117187499999,0.0015));
#5239=CARTESIAN_POINT('',(-0.3136630859375,0.0210117187499999,0.0015));
#5240=CARTESIAN_POINT('',(-0.313455078125,0.0207919921874999,0.0015));
#5241=CARTESIAN_POINT('',(-0.3130830078125,0.0206582031249999,0.0015));
#5242=CARTESIAN_POINT('',(-0.3130830078125,0.0206582031249999,0.0015));
#5243=CARTESIAN_POINT('',(-0.3130830078125,0.0206582031249999,0.0015));
#5244=CARTESIAN_POINT('',(-0.3127109375,0.0205244140625,0.0015));
#5245=CARTESIAN_POINT('',(-0.312162109375,0.0205244140625,0.0015));
#5246=CARTESIAN_POINT('',(-0.312162109375,0.0205244140625,0.0015));
#5247=CARTESIAN_POINT('',(-0.312210913060971,0.023041075303995,0.0015));
#5248=CARTESIAN_POINT('',(-0.311654310059509,0.0205850136559555,0.00149999975));
#5249=CARTESIAN_POINT('',(-0.311965181361887,0.0219886701741943,0.0015));
#5250=CARTESIAN_POINT('',(-0.31110546875,0.0208349609374999,0.0015));
#5251=CARTESIAN_POINT('',(-0.31110546875,0.0208349609374999,0.0015));
#5252=CARTESIAN_POINT('',(-0.31084375,0.0210244140625,0.0015));
#5253=CARTESIAN_POINT('',(-0.310666015625,0.0213662109374999,0.0015));
#5254=CARTESIAN_POINT('',(-0.310666015625,0.0213662109374999,0.0015));
#5255=CARTESIAN_POINT('',(-0.310666015625,0.0213662109374999,0.0015));
#5256=CARTESIAN_POINT('',(-0.31048828125,0.0217080078125,0.0015));
#5257=CARTESIAN_POINT('',(-0.31048828125,0.0222705078124999,0.0015));
#5258=CARTESIAN_POINT('',(-0.31048828125,0.0222705078124999,0.0015));
#5259=CARTESIAN_POINT('',(-0.31048828125,0.0225693359375,0.0015));
#5260=CARTESIAN_POINT('',(-0.31048828125,0.0228681640624999,0.0015));
#5261=CARTESIAN_POINT('',(-0.30993359375,0.0228681640624999,0.0015));
#5262=CARTESIAN_POINT('',(-0.30937890625,0.0112958984374999,0.0015));
#5263=CARTESIAN_POINT('',(-0.30937890625,0.0120283203124999,0.0015));
#5264=CARTESIAN_POINT('',(-0.30937890625,0.0105634765624999,0.0015));
#5265=CARTESIAN_POINT('',(-0.313876953125,0.0105634765624999,0.0015));
#5266=CARTESIAN_POINT('',(-0.318375,0.0105634765624999,0.0015));
#5267=CARTESIAN_POINT('',(-0.318375,0.0112958984374999,0.0015));
#5268=CARTESIAN_POINT('',(-0.318375,0.0120283203124999,0.0015));
#5269=CARTESIAN_POINT('',(-0.3163486328125,0.0120283203124999,0.0015));
#5270=CARTESIAN_POINT('',(-0.314322265625,0.0120283203124999,0.0015));
#5271=CARTESIAN_POINT('',(-0.314322265625,0.0137255859374999,0.0015));
#5272=CARTESIAN_POINT('',(-0.314322265625,0.0154228515625,0.0015));
#5273=CARTESIAN_POINT('',(-0.3138212890625,0.0154228515625,0.0015));
#5274=CARTESIAN_POINT('',(-0.3133203125,0.0154228515625,0.0015));
#5275=CARTESIAN_POINT('',(-0.3133203125,0.0137255859374999,0.0015));
#5276=CARTESIAN_POINT('',(-0.3133203125,0.0120283203124999,0.0015));
#5277=CARTESIAN_POINT('',(-0.311349609375,0.0120283203124999,0.0015));
#5278=CARTESIAN_POINT('',(-0.313876953125,0.0174111328125,0.0015));
#5279=CARTESIAN_POINT('',(-0.318375,0.0174111328125,0.0015));
#5280=CARTESIAN_POINT('',(-0.30937890625,0.0174111328125,0.0015));
#5281=CARTESIAN_POINT('',(-0.30937890625,0.0166669921874999,0.0015));
#5282=CARTESIAN_POINT('',(-0.30937890625,0.0159228515625,0.0015));
#5283=CARTESIAN_POINT('',(-0.313876953125,0.0159228515625,0.0015));
#5284=CARTESIAN_POINT('',(-0.318375,0.0159228515625,0.0015));
#5285=CARTESIAN_POINT('',(-0.318375,0.0166669921874999,0.0015));
#5286=CARTESIAN_POINT('',(-0.313876953125,0.00678027343749993,0.0015));
#5287=CARTESIAN_POINT('',(-0.30937890625,0.00678027343749993,0.0015));
#5288=CARTESIAN_POINT('',(-0.318375,0.00678027343749993,0.0015));
#5289=CARTESIAN_POINT('',(-0.318375,0.00752441406249993,0.0015));
#5290=CARTESIAN_POINT('',(-0.318375,0.00826855468749993,0.0015));
#5291=CARTESIAN_POINT('',(-0.313876953125,0.00826855468749993,0.0015));
#5292=CARTESIAN_POINT('',(-0.30937890625,0.00826855468749993,0.0015));
#5293=CARTESIAN_POINT('',(-0.30937890625,0.00752441406249993,0.0015));
#5294=CARTESIAN_POINT('',(-0.313876953125,0.0248330078124999,0.0015));
#5295=CARTESIAN_POINT('',(-0.318375,0.0248330078124999,0.0015));
#5296=CARTESIAN_POINT('',(-0.30937890625,0.0248330078124999,0.0015));
#5297=CARTESIAN_POINT('',(-0.30937890625,0.0241005859374999,0.0015));
#5298=CARTESIAN_POINT('',(-0.30937890625,0.0233681640624999,0.0015));
#5299=CARTESIAN_POINT('',(-0.313876953125,0.0233681640624999,0.0015));
#5300=CARTESIAN_POINT('',(-0.318375,0.0233681640624999,0.0015));
#5301=CARTESIAN_POINT('',(-0.318375,0.0241005859374999,0.0015));
#5302=CARTESIAN_POINT('',(-0.238625,-0.000750000000000042,0.));
#5303=CARTESIAN_POINT('',(-0.318375,-0.000750000000000042,0.));
#5304=CARTESIAN_POINT('',(-0.318375,0.00678027343749993,0.));
#5305=CARTESIAN_POINT('',(-0.318375,0.00826855468749993,0.));
#5306=CARTESIAN_POINT('',(-0.238625,0.00678027343749993,0.));
#5307=CARTESIAN_POINT('',(-0.30937890625,0.00678027343749993,0.));
#5308=CARTESIAN_POINT('',(-0.30937890625,-0.000750000000000042,0.));
#5309=CARTESIAN_POINT('',(-0.30937890625,0.00826855468749993,0.));
#5310=CARTESIAN_POINT('',(-0.238625,0.00826855468749993,0.));
#5311=CARTESIAN_POINT('',(-0.238625,0.0105634765624999,0.));
#5312=CARTESIAN_POINT('',(-0.30937890625,0.0105634765624999,0.));
#5313=CARTESIAN_POINT('',(-0.318375,0.0105634765624999,0.));
#5314=CARTESIAN_POINT('',(-0.30937890625,-0.000750000000000042,0.));
#5315=CARTESIAN_POINT('',(-0.30937890625,0.0120283203124999,0.));
#5316=CARTESIAN_POINT('',(-0.238625,0.0120283203124999,0.));
#5317=CARTESIAN_POINT('',(-0.3133203125,0.0120283203124999,0.));
#5318=CARTESIAN_POINT('',(-0.3133203125,-0.000750000000000042,0.));
#5319=CARTESIAN_POINT('',(-0.3133203125,0.0154228515625,0.));
#5320=CARTESIAN_POINT('',(-0.238625,0.0154228515625,0.));
#5321=CARTESIAN_POINT('',(-0.314322265625,0.0154228515625,0.));
#5322=CARTESIAN_POINT('',(-0.314322265625,-0.000750000000000042,0.));
#5323=CARTESIAN_POINT('',(-0.314322265625,0.0120283203124999,0.));
#5324=CARTESIAN_POINT('',(-0.238625,0.0120283203124999,0.));
#5325=CARTESIAN_POINT('',(-0.318375,0.0120283203124999,0.));
#5326=CARTESIAN_POINT('',(-0.318375,-0.000750000000000042,0.));
#5327=CARTESIAN_POINT('',(-0.30937890625,-0.000750000000000042,0.));
#5328=CARTESIAN_POINT('',(-0.30937890625,-0.00745605468750009,0.));
#5329=CARTESIAN_POINT('',(-0.30937890625,-0.00892089843750009,0.));
#5330=CARTESIAN_POINT('',(-0.238625,-0.00745605468750009,0.));
#5331=CARTESIAN_POINT('',(-0.318375,-0.00745605468750009,0.));
#5332=CARTESIAN_POINT('',(-0.318375,-0.000750000000000042,0.));
#5333=CARTESIAN_POINT('',(-0.318375,-0.00892089843750009,0.));
#5334=CARTESIAN_POINT('',(-0.238625,-0.00892089843750009,0.));
#5335=CARTESIAN_POINT('',(-0.313833984375,0.00134667968749992,0.));
#5336=CARTESIAN_POINT('',(-0.312783203125,0.00134667968749992,0.));
#5337=CARTESIAN_POINT('',(-0.3119716796875,0.00110253906249992,0.));
#5338=CARTESIAN_POINT('',(-0.313833984375,0.00134667968749992,0.));
#5339=CARTESIAN_POINT('',(-0.3119716796875,0.00110253906249992,0.));
#5340=CARTESIAN_POINT('',(-0.3156953125,0.00110253906249992,0.));
#5341=CARTESIAN_POINT('',(-0.3148828125,0.00134667968749992,0.));
#5342=CARTESIAN_POINT('',(-0.313833984375,0.00134667968749992,0.));
#5343=CARTESIAN_POINT('',(-0.3156953125,0.00110253906249992,0.));
#5344=CARTESIAN_POINT('',(-0.3170810546875,0.000431640624999921,0.));
#5345=CARTESIAN_POINT('',(-0.3165078125,0.000858398437499922,0.));
#5346=CARTESIAN_POINT('',(-0.3156953125,0.00110253906249992,0.));
#5347=CARTESIAN_POINT('',(-0.3170810546875,0.000431640624999921,0.));
#5348=CARTESIAN_POINT('',(-0.315156392663478,-0.0021939247622951,0.));
#5349=CARTESIAN_POINT('',(-0.31799040240814,-0.000593655041615208,0.));
#5350=CARTESIAN_POINT('',(-0.314944682194169,-0.00230117521272899,0.));
#5351=CARTESIAN_POINT('',(-0.318411765349753,-0.00188769531250008,0.));
#5352=CARTESIAN_POINT('',(-0.238625,-0.00188769531250008,0.));
#5353=CARTESIAN_POINT('',(-0.317301202471405,-0.00188769531250008,0.));
#5354=CARTESIAN_POINT('',(-0.315585725800346,-0.00235735094574091,0.));
#5355=CARTESIAN_POINT('',(-0.3169462890625,-0.00121093750000008,0.));
#5356=CARTESIAN_POINT('',(-0.3162568359375,-0.000661132812500079,0.));
#5357=CARTESIAN_POINT('',(-0.316689453125,-0.000899414062500079,0.));
#5358=CARTESIAN_POINT('',(-0.3169462890625,-0.00121093750000008,0.));
#5359=CARTESIAN_POINT('',(-0.3162568359375,-0.000661132812500079,0.));
#5360=CARTESIAN_POINT('',(-0.3152255859375,-0.000289062500000079,0.));
#5361=CARTESIAN_POINT('',(-0.31582421875,-0.00042285156250008,0.));
#5362=CARTESIAN_POINT('',(-0.3162568359375,-0.000661132812500079,0.));
#5363=CARTESIAN_POINT('',(-0.3152255859375,-0.000289062500000079,0.));
#5364=CARTESIAN_POINT('',(-0.313833984375,-0.000141601562500079,0.));
#5365=CARTESIAN_POINT('',(-0.314626953125,-0.000155273437500079,0.));
#5366=CARTESIAN_POINT('',(-0.3152255859375,-0.000289062500000079,0.));
#5367=CARTESIAN_POINT('',(-0.313833984375,-0.000141601562500079,0.));
#5368=CARTESIAN_POINT('',(-0.3124609375,-0.000289062500000079,0.));
#5369=CARTESIAN_POINT('',(-0.313041015625,-0.000155273437500079,0.));
#5370=CARTESIAN_POINT('',(-0.313833984375,-0.000141601562500079,0.));
#5371=CARTESIAN_POINT('',(-0.3124609375,-0.000289062500000079,0.));
#5372=CARTESIAN_POINT('',(-0.3114716796875,-0.000661132812500079,0.));
#5373=CARTESIAN_POINT('',(-0.311880859375,-0.00042285156250008,0.));
#5374=CARTESIAN_POINT('',(-0.3124609375,-0.000289062500000079,0.));
#5375=CARTESIAN_POINT('',(-0.3114716796875,-0.000661132812500079,0.));
#5376=CARTESIAN_POINT('',(-0.3108310546875,-0.00121093750000008,0.));
#5377=CARTESIAN_POINT('',(-0.3110625,-0.000899414062500079,0.));
#5378=CARTESIAN_POINT('',(-0.3114716796875,-0.000661132812500079,0.));
#5379=CARTESIAN_POINT('',(-0.3108310546875,-0.00121093750000008,0.));
#5380=CARTESIAN_POINT('',(-0.312419780979443,-0.00240288221256194,0.));
#5381=CARTESIAN_POINT('',(-0.310501837320966,-0.00188769531250008,0.));
#5382=CARTESIAN_POINT('',(-0.238625,-0.00188769531250008,0.));
#5383=CARTESIAN_POINT('',(-0.30928163014006,-0.00188769531250008,0.));
#5384=CARTESIAN_POINT('',(-0.312786812378567,-0.00229473273214327,0.));
#5385=CARTESIAN_POINT('',(-0.309695157882435,-0.000593664606435003,0.));
#5386=CARTESIAN_POINT('',(-0.312508112115881,-0.00215321489333977,0.));
#5387=CARTESIAN_POINT('',(-0.3105927734375,0.000431640624999921,0.));
#5388=CARTESIAN_POINT('',(-0.3119716796875,0.00110253906249992,0.));
#5389=CARTESIAN_POINT('',(-0.31116015625,0.000858398437499922,0.));
#5390=CARTESIAN_POINT('',(-0.3105927734375,0.000431640624999921,0.));
#5391=CARTESIAN_POINT('',(-0.318375,-0.000750000000000042,0.));
#5392=CARTESIAN_POINT('',(-0.318375,-0.0135595703125001,0.));
#5393=CARTESIAN_POINT('',(-0.318375,-0.0120087890625001,0.));
#5394=CARTESIAN_POINT('',(-0.253100426634659,0.0242442366558442,0.));
#5395=CARTESIAN_POINT('',(-0.314833984375,-0.0115087890625001,0.));
#5396=CARTESIAN_POINT('',(-0.312340878681431,-0.0104720488541719,0.));
#5397=CARTESIAN_POINT('',(-0.313822265625,-0.0127285156250001,0.));
#5398=CARTESIAN_POINT('',(-0.312162109375,-0.0131806640625001,0.));
#5399=CARTESIAN_POINT('',(-0.313138671875,-0.0131806640625001,0.));
#5400=CARTESIAN_POINT('',(-0.313822265625,-0.0127285156250001,0.));
#5401=CARTESIAN_POINT('',(-0.312162109375,-0.0131806640625001,0.));
#5402=CARTESIAN_POINT('',(-0.3109951171875,-0.01290625,0.));
#5403=CARTESIAN_POINT('',(-0.311513671875,-0.0131806640625001,0.));
#5404=CARTESIAN_POINT('',(-0.312162109375,-0.0131806640625001,0.));
#5405=CARTESIAN_POINT('',(-0.3109951171875,-0.01290625,0.));
#5406=CARTESIAN_POINT('',(-0.312324922683905,-0.0103690010166501,0.));
#5407=CARTESIAN_POINT('',(-0.310110299083834,-0.0121855898951624,0.));
#5408=CARTESIAN_POINT('',(-0.312484221478681,-0.01024074803574,0.));
#5409=CARTESIAN_POINT('',(-0.309561723553592,-0.0111774122085787,0.));
#5410=CARTESIAN_POINT('',(-0.313023335831004,-0.0100369628297394,0.));
#5411=CARTESIAN_POINT('',(-0.309378805509072,-0.010043945505513,0.));
#5412=CARTESIAN_POINT('',(-0.30937890625,-0.000750000000000042,0.));
#5413=CARTESIAN_POINT('',(-0.30937890625,-0.00942089843750009,0.));
#5414=CARTESIAN_POINT('',(-0.238625,-0.00942089843750009,0.));
#5415=CARTESIAN_POINT('',(-0.31048828125,-0.00942089843750009,0.));
#5416=CARTESIAN_POINT('',(-0.31048828125,-0.000750000000000042,0.));
#5417=CARTESIAN_POINT('',(-0.31048828125,-0.0100185546875001,0.));
#5418=CARTESIAN_POINT('',(-0.310666015625,-0.0109228515625001,0.));
#5419=CARTESIAN_POINT('',(-0.31048828125,-0.0105810546875001,0.));
#5420=CARTESIAN_POINT('',(-0.31048828125,-0.0100185546875001,0.));
#5421=CARTESIAN_POINT('',(-0.310666015625,-0.0109228515625001,0.));
#5422=CARTESIAN_POINT('',(-0.31110546875,-0.0114531250000001,0.));
#5423=CARTESIAN_POINT('',(-0.31084375,-0.0112646484375001,0.));
#5424=CARTESIAN_POINT('',(-0.310666015625,-0.0109228515625001,0.));
#5425=CARTESIAN_POINT('',(-0.31110546875,-0.0114531250000001,0.));
#5426=CARTESIAN_POINT('',(-0.31197352118357,-0.0102809415301322,0.));
#5427=CARTESIAN_POINT('',(-0.31165431384634,-0.0117030571980883,0.));
#5428=CARTESIAN_POINT('',(-0.312211045038429,-0.00928604134171962,0.));
#5429=CARTESIAN_POINT('',(-0.312162109375,-0.0117646484375001,0.));
#5430=CARTESIAN_POINT('',(-0.3130830078125,-0.0116298828125001,0.));
#5431=CARTESIAN_POINT('',(-0.3127109375,-0.0117646484375001,0.));
#5432=CARTESIAN_POINT('',(-0.312162109375,-0.0117646484375001,0.));
#5433=CARTESIAN_POINT('',(-0.3130830078125,-0.0116298828125001,0.));
#5434=CARTESIAN_POINT('',(-0.3136630859375,-0.0112753906250001,0.));
#5435=CARTESIAN_POINT('',(-0.313455078125,-0.0114951171875001,0.));
#5436=CARTESIAN_POINT('',(-0.3130830078125,-0.0116298828125001,0.));
#5437=CARTESIAN_POINT('',(-0.3136630859375,-0.0112753906250001,0.));
#5438=CARTESIAN_POINT('',(-0.312713158076985,-0.0103565120582978,0.));
#5439=CARTESIAN_POINT('',(-0.313961941366111,-0.0107871186624167,0.));
#5440=CARTESIAN_POINT('',(-0.312388135553306,-0.0102433671413549,0.));
#5441=CARTESIAN_POINT('',(-0.314052835133805,-0.0102509770231013,0.));
#5442=CARTESIAN_POINT('',(-0.314052734375,-0.000750000000000042,0.));
#5443=CARTESIAN_POINT('',(-0.314052734375,-0.00942089843750009,0.));
#5444=CARTESIAN_POINT('',(-0.238625,-0.00942089843750009,0.));
#5445=CARTESIAN_POINT('',(-0.315126953125,-0.00942089843750009,0.));
#5446=CARTESIAN_POINT('',(-0.315126953125,-0.000750000000000042,0.));
#5447=CARTESIAN_POINT('',(-0.315126855705206,-0.0101044939235421,0.));
#5448=CARTESIAN_POINT('',(-0.314060440837931,-0.0101234976694311,0.));
#5449=CARTESIAN_POINT('',(-0.315121221138722,-0.0102324331484959,0.));
#5450=CARTESIAN_POINT('',(-0.315690057877544,-0.0103147860816174,0.));
#5451=CARTESIAN_POINT('',(-0.315115202886285,-0.0103115070423212,0.));
#5452=CARTESIAN_POINT('',(-0.251022127248771,0.0230599026216329,0.));
#5453=CARTESIAN_POINT('',(-0.30937890625,-0.000750000000000042,0.));
#5454=CARTESIAN_POINT('',(-0.30937890625,-0.0193447265625001,0.));
#5455=CARTESIAN_POINT('',(-0.30937890625,-0.0208095703125001,0.));
#5456=CARTESIAN_POINT('',(-0.238625,-0.0193447265625001,0.));
#5457=CARTESIAN_POINT('',(-0.318375,-0.0193447265625001,0.));
#5458=CARTESIAN_POINT('',(-0.318375,-0.000750000000000042,0.));
#5459=CARTESIAN_POINT('',(-0.318375,-0.0208095703125001,0.));
#5460=CARTESIAN_POINT('',(-0.238625,-0.0208095703125001,0.));
#5461=CARTESIAN_POINT('',(-0.2108,-0.0294,0.));
#5462=CARTESIAN_POINT('',(-0.2108,-0.04635,0.));
#5463=CARTESIAN_POINT('',(-0.2108,-0.01245,0.));
#5464=CARTESIAN_POINT('',(-0.1829,-0.04635,0.));
#5465=CARTESIAN_POINT('',(-0.155,-0.04635,0.));
#5466=CARTESIAN_POINT('',(-0.155,-0.0294,0.));
#5467=CARTESIAN_POINT('',(-0.155,-0.01245,0.));
#5468=CARTESIAN_POINT('',(-0.1829,-0.01245,0.));
#5469=CARTESIAN_POINT('',(-0.2108,-0.000750000000000048,0.));
#5470=CARTESIAN_POINT('',(-0.2108,-0.01095,0.));
#5471=CARTESIAN_POINT('',(-0.2108,0.00945,0.));
#5472=CARTESIAN_POINT('',(-0.1829,-0.01095,0.));
#5473=CARTESIAN_POINT('',(-0.155,-0.01095,0.));
#5474=CARTESIAN_POINT('',(-0.155,-0.000750000000000039,0.));
#5475=CARTESIAN_POINT('',(-0.155,0.00945,0.));
#5476=CARTESIAN_POINT('',(-0.1829,0.00945,0.));
#5477=CARTESIAN_POINT('',(-0.2108,0.0279,0.));
#5478=CARTESIAN_POINT('',(-0.2108,0.01095,0.));
#5479=CARTESIAN_POINT('',(-0.2108,0.04485,0.));
#5480=CARTESIAN_POINT('',(-0.1829,0.01095,0.));
#5481=CARTESIAN_POINT('',(-0.155,0.01095,0.));
#5482=CARTESIAN_POINT('',(-0.155,0.0279,0.));
#5483=CARTESIAN_POINT('',(-0.155,0.04485,0.));
#5484=CARTESIAN_POINT('',(-0.1829,0.04485,0.));
#5485=CARTESIAN_POINT('',(-0.2462,-0.000750000000000054,0.));
#5486=CARTESIAN_POINT('',(-0.2462,0.00945,0.));
#5487=CARTESIAN_POINT('',(-0.2462,-0.01095,0.));
#5488=CARTESIAN_POINT('',(-0.22925,-0.01095,0.));
#5489=CARTESIAN_POINT('',(-0.2123,-0.01095,0.));
#5490=CARTESIAN_POINT('',(-0.2123,-0.000750000000000049,0.));
#5491=CARTESIAN_POINT('',(-0.2123,0.00945,0.));
#5492=CARTESIAN_POINT('',(-0.22925,0.00945,0.));
#5493=CARTESIAN_POINT('',(-0.22925,-0.04635,0.));
#5494=CARTESIAN_POINT('',(-0.2462,-0.04635,0.));
#5495=CARTESIAN_POINT('',(-0.2123,-0.04635,0.));
#5496=CARTESIAN_POINT('',(-0.2123,-0.0294,0.));
#5497=CARTESIAN_POINT('',(-0.2123,-0.01245,0.));
#5498=CARTESIAN_POINT('',(-0.22925,-0.01245,0.));
#5499=CARTESIAN_POINT('',(-0.2462,-0.01245,0.));
#5500=CARTESIAN_POINT('',(-0.2462,-0.0294,0.));
#5501=CARTESIAN_POINT('',(-0.2462,0.0279,0.));
#5502=CARTESIAN_POINT('',(-0.2462,0.04485,0.));
#5503=CARTESIAN_POINT('',(-0.2462,0.01095,0.));
#5504=CARTESIAN_POINT('',(-0.22925,0.01095,0.));
#5505=CARTESIAN_POINT('',(-0.2123,0.01095,0.));
#5506=CARTESIAN_POINT('',(-0.2123,0.0279,0.));
#5507=CARTESIAN_POINT('',(-0.2123,0.04485,0.));
#5508=CARTESIAN_POINT('',(-0.22925,0.04485,0.));
#5509=CARTESIAN_POINT('',(-0.3035,-0.000750000000000067,0.));
#5510=CARTESIAN_POINT('',(-0.3035,0.00945,0.));
#5511=CARTESIAN_POINT('',(-0.3035,-0.01095,0.));
#5512=CARTESIAN_POINT('',(-0.2756,-0.01095,0.));
#5513=CARTESIAN_POINT('',(-0.2477,-0.01095,0.));
#5514=CARTESIAN_POINT('',(-0.2477,-0.000750000000000056,0.));
#5515=CARTESIAN_POINT('',(-0.2477,0.00945,0.));
#5516=CARTESIAN_POINT('',(-0.2756,0.00945,0.));
#5517=CARTESIAN_POINT('',(-0.2477,-0.0294,0.));
#5518=CARTESIAN_POINT('',(-0.2477,-0.01245,0.));
#5519=CARTESIAN_POINT('',(-0.2477,-0.04635,0.));
#5520=CARTESIAN_POINT('',(-0.2756,-0.01245,0.));
#5521=CARTESIAN_POINT('',(-0.3035,-0.01245,0.));
#5522=CARTESIAN_POINT('',(-0.3035,-0.0294,0.));
#5523=CARTESIAN_POINT('',(-0.3035,-0.04635,0.));
#5524=CARTESIAN_POINT('',(-0.2756,-0.04635,0.));
#5525=CARTESIAN_POINT('',(-0.3035,0.0279,0.));
#5526=CARTESIAN_POINT('',(-0.3035,0.04485,0.));
#5527=CARTESIAN_POINT('',(-0.3035,0.01095,0.));
#5528=CARTESIAN_POINT('',(-0.2756,0.01095,0.));
#5529=CARTESIAN_POINT('',(-0.2477,0.01095,0.));
#5530=CARTESIAN_POINT('',(-0.2477,0.0279,0.));
#5531=CARTESIAN_POINT('',(-0.2477,0.04485,0.));
#5532=CARTESIAN_POINT('',(-0.2756,0.04485,0.));
#5533=CARTESIAN_POINT('',(-0.32425,0.04585,0.));
#5534=CARTESIAN_POINT('',(-0.32425,0.04685,0.));
#5535=CARTESIAN_POINT('',(-0.32425,-0.04835,0.));
#5536=CARTESIAN_POINT('',(-0.313875,0.04685,0.));
#5537=CARTESIAN_POINT('',(-0.153,0.04685,0.));
#5538=CARTESIAN_POINT('',(-0.153,0.04585,0.));
#5539=CARTESIAN_POINT('',(-0.153,-0.04835,0.));
#5540=CARTESIAN_POINT('',(-0.313875,-0.04835,0.));
#5541=CARTESIAN_POINT('',(-0.30937890625,-0.0220556640625001,0.));
#5542=CARTESIAN_POINT('',(-0.30937890625,-0.0231904296875001,0.));
#5543=CARTESIAN_POINT('',(-0.30973828125,-0.0240507812500001,0.));
#5544=CARTESIAN_POINT('',(-0.30937890625,-0.0220556640625001,0.));
#5545=CARTESIAN_POINT('',(-0.30973828125,-0.0240507812500001,0.));
#5546=CARTESIAN_POINT('',(-0.30937890625,-0.000750000000000042,0.));
#5547=CARTESIAN_POINT('',(-0.30937890625,-0.0213095703125001,0.));
#5548=CARTESIAN_POINT('',(-0.238625,-0.0213095703125001,0.));
#5549=CARTESIAN_POINT('',(-0.31048828125,-0.0213095703125001,0.));
#5550=CARTESIAN_POINT('',(-0.31048828125,-0.000750000000000042,0.));
#5551=CARTESIAN_POINT('',(-0.31048828125,-0.0216650390625001,0.));
#5552=CARTESIAN_POINT('',(-0.310763671875,-0.0233730468750001,0.));
#5553=CARTESIAN_POINT('',(-0.31048828125,-0.0227138671875001,0.));
#5554=CARTESIAN_POINT('',(-0.31048828125,-0.0216650390625001,0.));
#5555=CARTESIAN_POINT('',(-0.310763671875,-0.0233730468750001,0.));
#5556=CARTESIAN_POINT('',(-0.311484375,-0.0244169921875001,0.));
#5557=CARTESIAN_POINT('',(-0.3110390625,-0.0240322265625001,0.));
#5558=CARTESIAN_POINT('',(-0.310763671875,-0.0233730468750001,0.));
#5559=CARTESIAN_POINT('',(-0.311484375,-0.0244169921875001,0.));
#5560=CARTESIAN_POINT('',(-0.313041942667675,-0.0226476030052708,0.));
#5561=CARTESIAN_POINT('',(-0.31247848052363,-0.0249356887059183,0.));
#5562=CARTESIAN_POINT('',(-0.313589120064919,-0.0203945048568716,0.));
#5563=CARTESIAN_POINT('',(-0.313589843750375,-0.0250693383629018,0.));
#5564=CARTESIAN_POINT('',(-0.3163486328125,-0.0244101562500001,0.));
#5565=CARTESIAN_POINT('',(-0.315396484375,-0.0250693359375001,0.));
#5566=CARTESIAN_POINT('',(-0.31358984375,-0.0250693359375001,0.));
#5567=CARTESIAN_POINT('',(-0.3163486328125,-0.0244101562500001,0.));
#5568=CARTESIAN_POINT('',(-0.31730078125,-0.0222626953125001,0.));
#5569=CARTESIAN_POINT('',(-0.31730078125,-0.0237509765625001,0.));
#5570=CARTESIAN_POINT('',(-0.3163486328125,-0.0244101562500001,0.));
#5571=CARTESIAN_POINT('',(-0.31730078125,-0.0222626953125001,0.));
#5572=CARTESIAN_POINT('',(-0.31730078125,-0.000750000000000042,0.));
#5573=CARTESIAN_POINT('',(-0.31730078125,-0.0213095703125001,0.));
#5574=CARTESIAN_POINT('',(-0.238625,-0.0213095703125001,0.));
#5575=CARTESIAN_POINT('',(-0.318375,-0.0213095703125001,0.));
#5576=CARTESIAN_POINT('',(-0.318375,-0.000750000000000042,0.));
#5577=CARTESIAN_POINT('',(-0.318375473717223,-0.0227509923943454,0.));
#5578=CARTESIAN_POINT('',(-0.313267882980904,-0.0225802943857842,0.));
#5579=CARTESIAN_POINT('',(-0.31833203125,-0.0232753906250001,0.));
#5580=CARTESIAN_POINT('',(-0.31813671875,-0.0240566406250001,0.));
#5581=CARTESIAN_POINT('',(-0.3182890625,-0.0236298828125001,0.));
#5582=CARTESIAN_POINT('',(-0.31833203125,-0.0232753906250001,0.));
#5583=CARTESIAN_POINT('',(-0.31813671875,-0.0240566406250001,0.));
#5584=CARTESIAN_POINT('',(-0.3176787109375,-0.0249414062500001,0.));
#5585=CARTESIAN_POINT('',(-0.317984375,-0.0244833984375001,0.));
#5586=CARTESIAN_POINT('',(-0.31813671875,-0.0240566406250001,0.));
#5587=CARTESIAN_POINT('',(-0.3176787109375,-0.0249414062500001,0.));
#5588=CARTESIAN_POINT('',(-0.3168427734375,-0.0257656250000001,0.));
#5589=CARTESIAN_POINT('',(-0.317373046875,-0.0253994140625001,0.));
#5590=CARTESIAN_POINT('',(-0.3176787109375,-0.0249414062500001,0.));
#5591=CARTESIAN_POINT('',(-0.3168427734375,-0.0257656250000001,0.));
#5592=CARTESIAN_POINT('',(-0.3155244140625,-0.0263701171875001,0.));
#5593=CARTESIAN_POINT('',(-0.3163125,-0.0261318359375001,0.));
#5594=CARTESIAN_POINT('',(-0.3168427734375,-0.0257656250000001,0.));
#5595=CARTESIAN_POINT('',(-0.3155244140625,-0.0263701171875001,0.));
#5596=CARTESIAN_POINT('',(-0.313626953125,-0.0266083984375001,0.));
#5597=CARTESIAN_POINT('',(-0.314736328125,-0.0266083984375001,0.));
#5598=CARTESIAN_POINT('',(-0.3155244140625,-0.0263701171875001,0.));
#5599=CARTESIAN_POINT('',(-0.313626953126344,-0.0266084004692381,0.));
#5600=CARTESIAN_POINT('',(-0.313623975765048,-0.0221091035154829,0.));
#5601=CARTESIAN_POINT('',(-0.312057637755964,-0.0263270936930446,0.));
#5602=CARTESIAN_POINT('',(-0.313419871436996,-0.0226276452647536,0.));
#5603=CARTESIAN_POINT('',(-0.3106962890625,-0.0254785156250001,0.));
#5604=CARTESIAN_POINT('',(-0.30973828125,-0.0240507812500001,0.));
#5605=CARTESIAN_POINT('',(-0.31009765625,-0.0249111328125001,0.));
#5606=CARTESIAN_POINT('',(-0.3106962890625,-0.0254785156250001,0.));
#5607=CARTESIAN_POINT('',(-0.318375,-0.000750000000000042,0.));
#5608=CARTESIAN_POINT('',(-0.318375,-0.0170498046875001,0.));
#5609=CARTESIAN_POINT('',(-0.318375,-0.0155615234375001,0.));
#5610=CARTESIAN_POINT('',(-0.238625,-0.0170498046875001,0.));
#5611=CARTESIAN_POINT('',(-0.30937890625,-0.0170498046875001,0.));
#5612=CARTESIAN_POINT('',(-0.30937890625,-0.000750000000000042,0.));
#5613=CARTESIAN_POINT('',(-0.30937890625,-0.0155615234375001,0.));
#5614=CARTESIAN_POINT('',(-0.238625,-0.0155615234375001,0.));
#5615=CARTESIAN_POINT('',(-0.311111328125,-0.00388964843750008,0.));
#5616=CARTESIAN_POINT('',(-0.3107578125,-0.00359667968750009,0.));
#5617=CARTESIAN_POINT('',(-0.3105986328125,-0.00321875000000008,0.));
#5618=CARTESIAN_POINT('',(-0.311111328125,-0.00388964843750009,0.));
#5619=CARTESIAN_POINT('',(-0.3105986328125,-0.00321875000000008,0.));
#5620=CARTESIAN_POINT('',(-0.280624996796067,-0.038137280384938,0.));
#5621=CARTESIAN_POINT('',(-0.31020928310034,-0.00490298473143671,0.));
#5622=CARTESIAN_POINT('',(-0.312565487961698,-0.00257665783409694,0.));
#5623=CARTESIAN_POINT('',(-0.309476210641435,-0.00376868835753259,0.));
#5624=CARTESIAN_POINT('',(-0.313009512895494,-0.00243686193184324,0.));
#5625=CARTESIAN_POINT('',(-0.309232875107522,-0.00240137144669648,0.));
#5626=CARTESIAN_POINT('',(-0.309232421875,-0.000750000000000042,0.));
#5627=CARTESIAN_POINT('',(-0.309232421875,-0.00238769531250008,0.));
#5628=CARTESIAN_POINT('',(-0.238625,-0.00238769531250008,0.));
#5629=CARTESIAN_POINT('',(-0.310439453125,-0.00238769531250008,0.));
#5630=CARTESIAN_POINT('',(-0.310439453125,-0.000750000000000042,0.));
#5631=CARTESIAN_POINT('',(-0.310439436041531,-0.002436523430214,0.));
#5632=CARTESIAN_POINT('',(-0.312434325974808,-0.00243737424887095,0.));
#5633=CARTESIAN_POINT('',(-0.238625,-0.00536621093750008,0.));
#5634=CARTESIAN_POINT('',(-0.313736328125,-0.00536621093750008,0.));
#5635=CARTESIAN_POINT('',(-0.317214000292081,-0.00536621093750008,0.));
#5636=CARTESIAN_POINT('',(-0.313736328125,-0.000750000000000042,0.));
#5637=CARTESIAN_POINT('',(-0.313736328125,-0.00238769531250008,0.));
#5638=CARTESIAN_POINT('',(-0.238625,-0.00238769531250008,0.));
#5639=CARTESIAN_POINT('',(-0.314736328125,-0.00238769531250008,0.));
#5640=CARTESIAN_POINT('',(-0.314736328125,-0.000750000000000042,0.));
#5641=CARTESIAN_POINT('',(-0.314736328125,-0.00391503906250009,0.));
#5642=CARTESIAN_POINT('',(-0.238625,-0.00391503906250009,0.));
#5643=CARTESIAN_POINT('',(-0.316958984375,-0.00391503906250009,0.));
#5644=CARTESIAN_POINT('',(-0.3171669921875,-0.00361523437500008,0.));
#5645=CARTESIAN_POINT('',(-0.31709375,-0.00381738281250008,0.));
#5646=CARTESIAN_POINT('',(-0.316958984375,-0.00391503906250009,0.));
#5647=CARTESIAN_POINT('',(-0.3171669921875,-0.00361523437500008,0.));
#5648=CARTESIAN_POINT('',(-0.31461641964135,-0.0026999774045935,0.));
#5649=CARTESIAN_POINT('',(-0.317282176568301,-0.00318749084105142,0.));
#5650=CARTESIAN_POINT('',(-0.312805915687377,-0.00234559904284717,0.));
#5651=CARTESIAN_POINT('',(-0.317342693034392,-0.00274803900700574,0.));
#5652=CARTESIAN_POINT('',(-0.313010428115547,-0.00233850110291364,0.));
#5653=CARTESIAN_POINT('',(-0.317361586917359,-0.00238769531250008,0.));
#5654=CARTESIAN_POINT('',(-0.238625,-0.00238769531250008,0.));
#5655=CARTESIAN_POINT('',(-0.318435546875,-0.00238769531250008,0.));
#5656=CARTESIAN_POINT('',(-0.318435546875,-0.000750000000000042,0.));
#5657=CARTESIAN_POINT('',(-0.318435580677764,-0.00240136722477131,0.));
#5658=CARTESIAN_POINT('',(-0.312897817034964,-0.00239526123706272,0.));
#5659=CARTESIAN_POINT('',(-0.318374963690285,-0.00321288520507506,0.));
#5660=CARTESIAN_POINT('',(-0.314654910370588,-0.00266539669285564,0.));
#5661=CARTESIAN_POINT('',(-0.318167985168914,-0.00400586564536408,0.));
#5662=CARTESIAN_POINT('',(-0.314544409047762,-0.00262099592925685,0.));
#5663=CARTESIAN_POINT('',(-0.317795089316245,-0.00473839199746141,0.));
#5664=CARTESIAN_POINT('',(-0.315606982766154,-0.00329491134665441,0.));
#5665=CARTESIAN_POINT('',(-0.313029263478607,0.0222509221915392,0.));
#5666=CARTESIAN_POINT('',(-0.309378818909038,0.0222451170486054,0.));
#5667=CARTESIAN_POINT('',(-0.309561667129773,0.0211094219236436,0.));
#5668=CARTESIAN_POINT('',(-0.30937890625,-0.000750000000000042,0.));
#5669=CARTESIAN_POINT('',(-0.30937890625,0.0228681640624999,0.));
#5670=CARTESIAN_POINT('',(-0.238625,0.0228681640624999,0.));
#5671=CARTESIAN_POINT('',(-0.31048828125,0.0228681640624999,0.));
#5672=CARTESIAN_POINT('',(-0.31048828125,-0.000750000000000042,0.));
#5673=CARTESIAN_POINT('',(-0.31048828125,0.0222705078124999,0.));
#5674=CARTESIAN_POINT('',(-0.310666015625,0.0213662109374999,0.));
#5675=CARTESIAN_POINT('',(-0.31048828125,0.0217080078125,0.));
#5676=CARTESIAN_POINT('',(-0.31048828125,0.0222705078124999,0.));
#5677=CARTESIAN_POINT('',(-0.310666015625,0.0213662109374999,0.));
#5678=CARTESIAN_POINT('',(-0.31110546875,0.0208349609374999,0.));
#5679=CARTESIAN_POINT('',(-0.31084375,0.0210244140625,0.));
#5680=CARTESIAN_POINT('',(-0.310666015625,0.0213662109374999,0.));
#5681=CARTESIAN_POINT('',(-0.31110546875,0.0208349609374999,0.));
#5682=CARTESIAN_POINT('',(-0.311965181361887,0.0219886701741943,0.));
#5683=CARTESIAN_POINT('',(-0.311654310059509,0.0205850136559555,0.));
#5684=CARTESIAN_POINT('',(-0.312210913060971,0.023041075303995,0.));
#5685=CARTESIAN_POINT('',(-0.312162109375,0.0205244140625,0.));
#5686=CARTESIAN_POINT('',(-0.3130830078125,0.0206582031249999,0.));
#5687=CARTESIAN_POINT('',(-0.3127109375,0.0205244140625,0.));
#5688=CARTESIAN_POINT('',(-0.312162109375,0.0205244140625,0.));
#5689=CARTESIAN_POINT('',(-0.3130830078125,0.0206582031249999,0.));
#5690=CARTESIAN_POINT('',(-0.3136630859375,0.0210117187499999,0.));
#5691=CARTESIAN_POINT('',(-0.313455078125,0.0207919921874999,0.));
#5692=CARTESIAN_POINT('',(-0.3130830078125,0.0206582031249999,0.));
#5693=CARTESIAN_POINT('',(-0.3136630859375,0.0210117187499999,0.));
#5694=CARTESIAN_POINT('',(-0.312707319317217,0.0219400268117931,0.));
#5695=CARTESIAN_POINT('',(-0.313962036211248,0.021494096397009,0.));
#5696=CARTESIAN_POINT('',(-0.312434679402091,0.0220293477339477,0.));
#5697=CARTESIAN_POINT('',(-0.314052782197459,0.0220263670994083,0.));
#5698=CARTESIAN_POINT('',(-0.314052734375,-0.000750000000000042,0.));
#5699=CARTESIAN_POINT('',(-0.314052734375,0.0228681640624999,0.));
#5700=CARTESIAN_POINT('',(-0.238625,0.0228681640624999,0.));
#5701=CARTESIAN_POINT('',(-0.315126953125,0.0228681640624999,0.));
#5702=CARTESIAN_POINT('',(-0.315126953125,-0.000750000000000042,0.));
#5703=CARTESIAN_POINT('',(-0.315126953125,0.0222822265624999,0.));
#5704=CARTESIAN_POINT('',(-0.314919921875,0.0209873046874999,0.));
#5705=CARTESIAN_POINT('',(-0.315126953125,0.0215732421875,0.));
#5706=CARTESIAN_POINT('',(-0.315126953125,0.0222822265624999,0.));
#5707=CARTESIAN_POINT('',(-0.314919921875,0.0209873046874999,0.));
#5708=CARTESIAN_POINT('',(-0.314333984375,0.0199863281249999,0.));
#5709=CARTESIAN_POINT('',(-0.314712890625,0.0204013671874999,0.));
#5710=CARTESIAN_POINT('',(-0.314919921875,0.0209873046874999,0.));
#5711=CARTESIAN_POINT('',(-0.314333984375,0.0199863281249999,0.));
#5712=CARTESIAN_POINT('',(-0.31242622469862,0.0217499491527766,0.));
#5713=CARTESIAN_POINT('',(-0.313400390625,0.0193398437499999,0.));
#5714=CARTESIAN_POINT('',(-0.312162109375,0.0191083984374999,0.));
#5715=CARTESIAN_POINT('',(-0.312845703125,0.0191083984374999,0.));
#5716=CARTESIAN_POINT('',(-0.313400390625,0.0193398437499999,0.));
#5717=CARTESIAN_POINT('',(-0.312162109375,0.0191083984374999,0.));
#5718=CARTESIAN_POINT('',(-0.3109951171875,0.0193828125,0.));
#5719=CARTESIAN_POINT('',(-0.311513671875,0.0191083984374999,0.));
#5720=CARTESIAN_POINT('',(-0.312162109375,0.0191083984374999,0.));
#5721=CARTESIAN_POINT('',(-0.3109951171875,0.0193828125,0.));
#5722=CARTESIAN_POINT('',(-0.312327534584811,0.0219258403127571,0.));
#5723=CARTESIAN_POINT('',(-0.310110294365685,0.0201024920675721,0.));
#5724=CARTESIAN_POINT('',(-0.312473806996275,0.0220424969245202,0.));
#5725=CARTESIAN_POINT('',(-0.30937890625,-0.000750000000000042,0.));
#5726=CARTESIAN_POINT('',(-0.30937890625,0.0174111328125,0.));
#5727=CARTESIAN_POINT('',(-0.30937890625,0.0159228515625,0.));
#5728=CARTESIAN_POINT('',(-0.238625,0.0174111328125,0.));
#5729=CARTESIAN_POINT('',(-0.318375,0.0174111328125,0.));
#5730=CARTESIAN_POINT('',(-0.318375,-0.000750000000000042,0.));
#5731=CARTESIAN_POINT('',(-0.318375,0.0159228515625,0.));
#5732=CARTESIAN_POINT('',(-0.238625,0.0159228515625,0.));
#5733=CARTESIAN_POINT('',(-0.30937890625,-0.000750000000000042,0.));
#5734=CARTESIAN_POINT('',(-0.30937890625,0.0248330078124999,0.));
#5735=CARTESIAN_POINT('',(-0.30937890625,0.0233681640624999,0.));
#5736=CARTESIAN_POINT('',(-0.238625,0.0248330078124999,0.));
#5737=CARTESIAN_POINT('',(-0.318375,0.0248330078124999,0.));
#5738=CARTESIAN_POINT('',(-0.318375,-0.000750000000000042,0.));
#5739=CARTESIAN_POINT('',(-0.318375,0.0233681640624999,0.));
#5740=CARTESIAN_POINT('',(-0.238625,0.0233681640624999,0.));
#5741=CARTESIAN_POINT('',(-0.2108,-0.0294,0.0015));
#5742=CARTESIAN_POINT('',(-0.2108,-0.01245,0.0015));
#5743=CARTESIAN_POINT('',(-0.2108,-0.04635,0.0015));
#5744=CARTESIAN_POINT('',(-0.1829,-0.01245,0.0015));
#5745=CARTESIAN_POINT('',(-0.155,-0.01245,0.0015));
#5746=CARTESIAN_POINT('',(-0.155,-0.0294,0.0015));
#5747=CARTESIAN_POINT('',(-0.155,-0.04635,0.0015));
#5748=CARTESIAN_POINT('',(-0.2108,-0.000750000000000048,0.0015));
#5749=CARTESIAN_POINT('',(-0.2108,0.00945,0.0015));
#5750=CARTESIAN_POINT('',(-0.2108,-0.01095,0.0015));
#5751=CARTESIAN_POINT('',(-0.1829,0.00945,0.0015));
#5752=CARTESIAN_POINT('',(-0.155,0.00945,0.0015));
#5753=CARTESIAN_POINT('',(-0.155,-0.000750000000000039,0.0015));
#5754=CARTESIAN_POINT('',(-0.155,-0.01095,0.0015));
#5755=CARTESIAN_POINT('',(-0.2108,0.0279,0.0015));
#5756=CARTESIAN_POINT('',(-0.2108,0.04485,0.0015));
#5757=CARTESIAN_POINT('',(-0.2108,0.01095,0.0015));
#5758=CARTESIAN_POINT('',(-0.1829,0.04485,0.0015));
#5759=CARTESIAN_POINT('',(-0.155,0.04485,0.0015));
#5760=CARTESIAN_POINT('',(-0.155,0.0279,0.0015));
#5761=CARTESIAN_POINT('',(-0.155,0.01095,0.0015));
#5762=CARTESIAN_POINT('',(-0.2462,-0.000750000000000054,0.0015));
#5763=CARTESIAN_POINT('',(-0.2462,0.00945,0.0015));
#5764=CARTESIAN_POINT('',(-0.2462,-0.01095,0.0015));
#5765=CARTESIAN_POINT('',(-0.22925,0.00945,0.0015));
#5766=CARTESIAN_POINT('',(-0.2123,0.00945,0.0015));
#5767=CARTESIAN_POINT('',(-0.2123,-0.000750000000000049,0.0015));
#5768=CARTESIAN_POINT('',(-0.2123,-0.01095,0.0015));
#5769=CARTESIAN_POINT('',(-0.22925,-0.04635,0.0015));
#5770=CARTESIAN_POINT('',(-0.2462,-0.04635,0.0015));
#5771=CARTESIAN_POINT('',(-0.2123,-0.04635,0.0015));
#5772=CARTESIAN_POINT('',(-0.2462,-0.0294,0.0015));
#5773=CARTESIAN_POINT('',(-0.2462,-0.01245,0.0015));
#5774=CARTESIAN_POINT('',(-0.22925,-0.01245,0.0015));
#5775=CARTESIAN_POINT('',(-0.2123,-0.01245,0.0015));
#5776=CARTESIAN_POINT('',(-0.2462,0.0279,0.0015));
#5777=CARTESIAN_POINT('',(-0.2462,0.04485,0.0015));
#5778=CARTESIAN_POINT('',(-0.2462,0.01095,0.0015));
#5779=CARTESIAN_POINT('',(-0.22925,0.04485,0.0015));
#5780=CARTESIAN_POINT('',(-0.2123,0.04485,0.0015));
#5781=CARTESIAN_POINT('',(-0.2123,0.0279,0.0015));
#5782=CARTESIAN_POINT('',(-0.2123,0.01095,0.0015));
#5783=CARTESIAN_POINT('',(-0.3035,-0.000750000000000067,0.0015));
#5784=CARTESIAN_POINT('',(-0.3035,0.00945,0.0015));
#5785=CARTESIAN_POINT('',(-0.3035,-0.01095,0.0015));
#5786=CARTESIAN_POINT('',(-0.2756,0.00945,0.0015));
#5787=CARTESIAN_POINT('',(-0.2477,0.00945,0.0015));
#5788=CARTESIAN_POINT('',(-0.2477,-0.000750000000000056,0.0015));
#5789=CARTESIAN_POINT('',(-0.2477,-0.01095,0.0015));
#5790=CARTESIAN_POINT('',(-0.2477,-0.0294,0.0015));
#5791=CARTESIAN_POINT('',(-0.2477,-0.04635,0.0015));
#5792=CARTESIAN_POINT('',(-0.2477,-0.01245,0.0015));
#5793=CARTESIAN_POINT('',(-0.2756,-0.04635,0.0015));
#5794=CARTESIAN_POINT('',(-0.3035,-0.04635,0.0015));
#5795=CARTESIAN_POINT('',(-0.3035,-0.0294,0.0015));
#5796=CARTESIAN_POINT('',(-0.3035,-0.01245,0.0015));
#5797=CARTESIAN_POINT('',(-0.3035,0.0279,0.0015));
#5798=CARTESIAN_POINT('',(-0.3035,0.04485,0.0015));
#5799=CARTESIAN_POINT('',(-0.3035,0.01095,0.0015));
#5800=CARTESIAN_POINT('',(-0.2756,0.04485,0.0015));
#5801=CARTESIAN_POINT('',(-0.2477,0.04485,0.0015));
#5802=CARTESIAN_POINT('',(-0.2477,0.0279,0.0015));
#5803=CARTESIAN_POINT('',(-0.2477,0.01095,0.0015));
#5804=CARTESIAN_POINT('',(-0.32425,0.04585,0.0015));
#5805=CARTESIAN_POINT('',(-0.32425,-0.04835,0.0015));
#5806=CARTESIAN_POINT('',(-0.32425,0.04685,0.0015));
#5807=CARTESIAN_POINT('',(-0.313875,-0.04835,0.0015));
#5808=CARTESIAN_POINT('',(-0.153,-0.04835,0.0015));
#5809=CARTESIAN_POINT('',(-0.153,0.04585,0.0015));
#5810=CARTESIAN_POINT('',(-0.153,0.04685,0.0015));
#5811=CARTESIAN_POINT('',(-0.1829,-0.01095,0.0015));
#5812=CARTESIAN_POINT('',(-0.1829,0.01095,0.0015));
#5813=CARTESIAN_POINT('',(-0.22925,-0.01095,0.0015));
#5814=CARTESIAN_POINT('',(-0.2123,-0.0294,0.0015));
#5815=CARTESIAN_POINT('',(-0.22925,0.01095,0.0015));
#5816=CARTESIAN_POINT('',(-0.2756,-0.01095,0.0015));
#5817=CARTESIAN_POINT('',(-0.2756,-0.01245,0.0015));
#5818=CARTESIAN_POINT('',(-0.2756,0.01095,0.0015));
#5819=CARTESIAN_POINT('',(-0.313875,0.04685,0.0015));
#5820=CARTESIAN_POINT('',(-0.1829,-0.04635,0.0015));
#5821=CARTESIAN_POINT('',(-0.30937890625,-0.0220556640625001,0.));
#5822=CARTESIAN_POINT('',(-0.30937890625,-0.0220556640625001,0.0015));
#5823=CARTESIAN_POINT('',(-0.30937890625,-0.0228121744791668,0.));
#5824=CARTESIAN_POINT('',(-0.30937890625,-0.0228121744791668,0.0015));
#5825=CARTESIAN_POINT('',(-0.309498697916667,-0.0234772135416668,0.));
#5826=CARTESIAN_POINT('',(-0.309498697916667,-0.0234772135416668,0.0015));
#5827=CARTESIAN_POINT('',(-0.30973828125,-0.0240507812500001,0.));
#5828=CARTESIAN_POINT('',(-0.30973828125,-0.0240507812500001,0.0015));
#5829=CARTESIAN_POINT('',(-0.30973828125,-0.0240507812500001,-0.0235));
#5830=CARTESIAN_POINT('',(-0.30937890625,-0.0220556640625001,-0.0235));
#5831=CARTESIAN_POINT('',(-0.30937890625,-0.0216826171875001,-0.0235));
#5832=CARTESIAN_POINT('',(-0.30937890625,-0.0213095703125001,-0.0235));
#5833=CARTESIAN_POINT('',(-0.30993359375,-0.0213095703125001,-0.0235));
#5834=CARTESIAN_POINT('',(-0.31048828125,-0.0213095703125001,-0.0235));
#5835=CARTESIAN_POINT('',(-0.31048828125,-0.0214873046875001,-0.0235));
#5836=CARTESIAN_POINT('',(-0.31048828125,-0.0216650390625001,-0.0235));
#5837=CARTESIAN_POINT('',(-0.310763671875,-0.0233730468750001,0.));
#5838=CARTESIAN_POINT('',(-0.310763671875,-0.0233730468750001,0.0015));
#5839=CARTESIAN_POINT('',(-0.310580078125,-0.0229335937500001,0.));
#5840=CARTESIAN_POINT('',(-0.310580078125,-0.0229335937500001,0.0015));
#5841=CARTESIAN_POINT('',(-0.31048828125,-0.0223642578125001,0.));
#5842=CARTESIAN_POINT('',(-0.31048828125,-0.0223642578125001,0.0015));
#5843=CARTESIAN_POINT('',(-0.31048828125,-0.0216650390625001,0.));
#5844=CARTESIAN_POINT('',(-0.31048828125,-0.0216650390625001,0.0015));
#5845=CARTESIAN_POINT('',(-0.310763671875,-0.0233730468750001,-0.0235));
#5846=CARTESIAN_POINT('',(-0.311484375,-0.0244169921875001,0.));
#5847=CARTESIAN_POINT('',(-0.311484375,-0.0244169921875001,0.0015));
#5848=CARTESIAN_POINT('',(-0.3111875,-0.0241604817708334,0.));
#5849=CARTESIAN_POINT('',(-0.3111875,-0.0241604817708334,0.0015));
#5850=CARTESIAN_POINT('',(-0.310947265625,-0.0238125000000001,0.));
#5851=CARTESIAN_POINT('',(-0.310947265625,-0.0238125000000001,0.0015));
#5852=CARTESIAN_POINT('',(-0.310763671875,-0.0233730468750001,0.));
#5853=CARTESIAN_POINT('',(-0.310763671875,-0.0233730468750001,0.0015));
#5854=CARTESIAN_POINT('',(-0.311484375,-0.0244169921875001,-0.0235));
#5855=CARTESIAN_POINT('',(-0.313041942667675,-0.0226476030052708,-0.0235));
#5856=CARTESIAN_POINT('',(-0.312478515625,-0.0249355468750001,-0.0235));
#5857=CARTESIAN_POINT('',(-0.313589120064919,-0.0203945048568716,-0.0234999999999999));
#5858=CARTESIAN_POINT('',(-0.31358984375,-0.0250693359375001,-0.0235));
#5859=CARTESIAN_POINT('',(-0.3163486328125,-0.0244101562500001,0.));
#5860=CARTESIAN_POINT('',(-0.3163486328125,-0.0244101562500001,0.0015));
#5861=CARTESIAN_POINT('',(-0.3157138671875,-0.0248496093750001,0.));
#5862=CARTESIAN_POINT('',(-0.3157138671875,-0.0248496093750001,0.0015));
#5863=CARTESIAN_POINT('',(-0.314794270833333,-0.0250693359375001,0.));
#5864=CARTESIAN_POINT('',(-0.314794270833333,-0.0250693359375001,0.0015));
#5865=CARTESIAN_POINT('',(-0.31358984375,-0.0250693359375001,0.));
#5866=CARTESIAN_POINT('',(-0.31358984375,-0.0250693359375001,0.0015));
#5867=CARTESIAN_POINT('',(-0.3163486328125,-0.0244101562500001,-0.0235));
#5868=CARTESIAN_POINT('',(-0.31730078125,-0.0222626953125001,0.));
#5869=CARTESIAN_POINT('',(-0.31730078125,-0.0222626953125001,0.0015));
#5870=CARTESIAN_POINT('',(-0.31730078125,-0.0232548828125001,0.));
#5871=CARTESIAN_POINT('',(-0.31730078125,-0.0232548828125001,0.0015));
#5872=CARTESIAN_POINT('',(-0.3169833984375,-0.0239707031250001,0.));
#5873=CARTESIAN_POINT('',(-0.3169833984375,-0.0239707031250001,0.0015));
#5874=CARTESIAN_POINT('',(-0.3163486328125,-0.0244101562500001,0.));
#5875=CARTESIAN_POINT('',(-0.3163486328125,-0.0244101562500001,0.0015));
#5876=CARTESIAN_POINT('',(-0.31730078125,-0.0222626953125001,-0.0235));
#5877=CARTESIAN_POINT('',(-0.31730078125,-0.0217861328125001,-0.0235));
#5878=CARTESIAN_POINT('',(-0.31730078125,-0.0213095703125001,-0.0235));
#5879=CARTESIAN_POINT('',(-0.317837890625,-0.0213095703125001,-0.0235));
#5880=CARTESIAN_POINT('',(-0.318375,-0.0213095703125001,-0.0235));
#5881=CARTESIAN_POINT('',(-0.318375,-0.0220302734375001,-0.0235));
#5882=CARTESIAN_POINT('',(-0.318375,-0.0227509765625001,-0.0235));
#5883=CARTESIAN_POINT('',(-0.313267882980904,-0.0225802943857842,-0.0234999999999994));
#5884=CARTESIAN_POINT('',(-0.31833203125,-0.0232753906250001,-0.0235));
#5885=CARTESIAN_POINT('',(-0.31813671875,-0.0240566406250001,0.));
#5886=CARTESIAN_POINT('',(-0.31813671875,-0.0240566406250001,0.0015));
#5887=CARTESIAN_POINT('',(-0.31823828125,-0.0237721354166668,0.));
#5888=CARTESIAN_POINT('',(-0.31823828125,-0.0237721354166668,0.0015));
#5889=CARTESIAN_POINT('',(-0.318303385416667,-0.0235117187500001,0.));
#5890=CARTESIAN_POINT('',(-0.318303385416667,-0.0235117187500001,0.0015));
#5891=CARTESIAN_POINT('',(-0.31833203125,-0.0232753906250001,0.));
#5892=CARTESIAN_POINT('',(-0.31833203125,-0.0232753906250001,0.0015));
#5893=CARTESIAN_POINT('',(-0.31813671875,-0.0240566406250001,-0.0235));
#5894=CARTESIAN_POINT('',(-0.3176787109375,-0.0249414062500001,0.));
#5895=CARTESIAN_POINT('',(-0.3176787109375,-0.0249414062500001,0.0015));
#5896=CARTESIAN_POINT('',(-0.317882486979167,-0.0246360677083334,0.));
#5897=CARTESIAN_POINT('',(-0.317882486979167,-0.0246360677083334,0.0015));
#5898=CARTESIAN_POINT('',(-0.31803515625,-0.0243411458333334,0.));
#5899=CARTESIAN_POINT('',(-0.31803515625,-0.0243411458333334,0.0015));
#5900=CARTESIAN_POINT('',(-0.31813671875,-0.0240566406250001,0.));
#5901=CARTESIAN_POINT('',(-0.31813671875,-0.0240566406250001,0.0015));
#5902=CARTESIAN_POINT('',(-0.3176787109375,-0.0249414062500001,-0.0235));
#5903=CARTESIAN_POINT('',(-0.3168427734375,-0.0257656250000001,0.));
#5904=CARTESIAN_POINT('',(-0.3168427734375,-0.0257656250000001,0.0015));
#5905=CARTESIAN_POINT('',(-0.3171962890625,-0.0255214843750001,0.));
#5906=CARTESIAN_POINT('',(-0.3171962890625,-0.0255214843750001,0.0015));
#5907=CARTESIAN_POINT('',(-0.317474934895833,-0.0252467447916668,0.));
#5908=CARTESIAN_POINT('',(-0.317474934895833,-0.0252467447916668,0.0015));
#5909=CARTESIAN_POINT('',(-0.3176787109375,-0.0249414062500001,0.));
#5910=CARTESIAN_POINT('',(-0.3176787109375,-0.0249414062500001,0.0015));
#5911=CARTESIAN_POINT('',(-0.3168427734375,-0.0257656250000001,-0.0235));
#5912=CARTESIAN_POINT('',(-0.3155244140625,-0.0263701171875001,0.));
#5913=CARTESIAN_POINT('',(-0.3155244140625,-0.0263701171875001,0.0015));
#5914=CARTESIAN_POINT('',(-0.3160498046875,-0.0262112630208334,0.));
#5915=CARTESIAN_POINT('',(-0.3160498046875,-0.0262112630208334,0.0015));
#5916=CARTESIAN_POINT('',(-0.3164892578125,-0.0260097656250001,0.));
#5917=CARTESIAN_POINT('',(-0.3164892578125,-0.0260097656250001,0.0015));
#5918=CARTESIAN_POINT('',(-0.3168427734375,-0.0257656250000001,0.));
#5919=CARTESIAN_POINT('',(-0.3168427734375,-0.0257656250000001,0.0015));
#5920=CARTESIAN_POINT('',(-0.3155244140625,-0.0263701171875001,-0.0235));
#5921=CARTESIAN_POINT('',(-0.313626953125,-0.0266083984375001,0.));
#5922=CARTESIAN_POINT('',(-0.313626953125,-0.0266083984375001,0.0015));
#5923=CARTESIAN_POINT('',(-0.314366536458333,-0.0266083984375001,0.));
#5924=CARTESIAN_POINT('',(-0.314366536458333,-0.0266083984375001,0.0015));
#5925=CARTESIAN_POINT('',(-0.3149990234375,-0.0265289713541668,0.));
#5926=CARTESIAN_POINT('',(-0.3149990234375,-0.0265289713541668,0.0015));
#5927=CARTESIAN_POINT('',(-0.3155244140625,-0.0263701171875001,0.));
#5928=CARTESIAN_POINT('',(-0.3155244140625,-0.0263701171875001,0.0015));
#5929=CARTESIAN_POINT('',(-0.313626953125,-0.0266083984375001,-0.0235));
#5930=CARTESIAN_POINT('',(-0.313623975765048,-0.0221091035154829,-0.0234999999999999));
#5931=CARTESIAN_POINT('',(-0.3120576171875,-0.0263271484375001,-0.0235));
#5932=CARTESIAN_POINT('',(-0.313419871436996,-0.0226276452647536,-0.0235));
#5933=CARTESIAN_POINT('',(-0.3106962890625,-0.0254785156250001,-0.0235));
#5934=CARTESIAN_POINT('',(-0.30973828125,-0.0240507812500001,0.));
#5935=CARTESIAN_POINT('',(-0.30973828125,-0.0240507812500001,0.0015));
#5936=CARTESIAN_POINT('',(-0.309977864583333,-0.0246243489583334,0.));
#5937=CARTESIAN_POINT('',(-0.309977864583333,-0.0246243489583334,0.0015));
#5938=CARTESIAN_POINT('',(-0.310297200520833,-0.0251002604166668,0.));
#5939=CARTESIAN_POINT('',(-0.310297200520833,-0.0251002604166668,0.0015));
#5940=CARTESIAN_POINT('',(-0.3106962890625,-0.0254785156250001,0.));
#5941=CARTESIAN_POINT('',(-0.3106962890625,-0.0254785156250001,0.0015));
#5942=CARTESIAN_POINT('',(-0.30937890625,-0.0200771484375001,-0.0235));
#5943=CARTESIAN_POINT('',(-0.30937890625,-0.0208095703125001,-0.0235));
#5944=CARTESIAN_POINT('',(-0.30937890625,-0.0193447265625001,-0.0235));
#5945=CARTESIAN_POINT('',(-0.313876953125,-0.0193447265625001,-0.0235));
#5946=CARTESIAN_POINT('',(-0.318375,-0.0193447265625001,-0.0235));
#5947=CARTESIAN_POINT('',(-0.318375,-0.0200771484375001,-0.0235));
#5948=CARTESIAN_POINT('',(-0.318375,-0.0208095703125001,-0.0235));
#5949=CARTESIAN_POINT('',(-0.313876953125,-0.0208095703125001,-0.0235));
#5950=CARTESIAN_POINT('',(-0.318375,-0.0163056640625001,-0.0235));
#5951=CARTESIAN_POINT('',(-0.318375,-0.0155615234375001,-0.0235));
#5952=CARTESIAN_POINT('',(-0.318375,-0.0170498046875001,-0.0235));
#5953=CARTESIAN_POINT('',(-0.313876953125,-0.0170498046875001,-0.0235));
#5954=CARTESIAN_POINT('',(-0.30937890625,-0.0170498046875001,-0.0235));
#5955=CARTESIAN_POINT('',(-0.30937890625,-0.0163056640625001,-0.0235));
#5956=CARTESIAN_POINT('',(-0.30937890625,-0.0155615234375001,-0.0235));
#5957=CARTESIAN_POINT('',(-0.313876953125,-0.0155615234375001,-0.0235));
#5958=CARTESIAN_POINT('',(-0.318375,-0.0127841796875001,-0.0235));
#5959=CARTESIAN_POINT('',(-0.318375,-0.0120087890625001,-0.0235));
#5960=CARTESIAN_POINT('',(-0.318375,-0.0135595703125001,-0.0235));
#5961=CARTESIAN_POINT('',(-0.3166044921875,-0.0125341796875001,-0.0235));
#5962=CARTESIAN_POINT('',(-0.314833272030369,-0.0115083765076943,0.));
#5963=CARTESIAN_POINT('',(-0.312340878681431,-0.0104720488541719,-0.0235));
#5964=CARTESIAN_POINT('',(-0.313822265625,-0.0127285156250001,-0.0235));
#5965=CARTESIAN_POINT('',(-0.312162109375,-0.0131806640625001,0.));
#5966=CARTESIAN_POINT('',(-0.312162109375,-0.0131806640625001,0.0015));
#5967=CARTESIAN_POINT('',(-0.312813151041667,-0.0131806640625001,0.));
#5968=CARTESIAN_POINT('',(-0.312813151041667,-0.0131806640625001,0.0015));
#5969=CARTESIAN_POINT('',(-0.313366536458333,-0.0130299479166668,0.));
#5970=CARTESIAN_POINT('',(-0.313366536458333,-0.0130299479166668,0.0015));
#5971=CARTESIAN_POINT('',(-0.313822265625,-0.0127285156250001,0.));
#5972=CARTESIAN_POINT('',(-0.313822265625,-0.0127285156250001,0.0015));
#5973=CARTESIAN_POINT('',(-0.312162109375,-0.0131806640625001,-0.0235));
#5974=CARTESIAN_POINT('',(-0.3109951171875,-0.01290625,0.));
#5975=CARTESIAN_POINT('',(-0.3109951171875,-0.01290625,0.0015));
#5976=CARTESIAN_POINT('',(-0.3113408203125,-0.0130891927083334,0.));
#5977=CARTESIAN_POINT('',(-0.3113408203125,-0.0130891927083334,0.0015));
#5978=CARTESIAN_POINT('',(-0.311729817708333,-0.0131806640625001,0.));
#5979=CARTESIAN_POINT('',(-0.311729817708333,-0.0131806640625001,0.0015));
#5980=CARTESIAN_POINT('',(-0.312162109375,-0.0131806640625001,0.));
#5981=CARTESIAN_POINT('',(-0.312162109375,-0.0131806640625001,0.0015));
#5982=CARTESIAN_POINT('',(-0.3109951171875,-0.01290625,-0.0235));
#5983=CARTESIAN_POINT('',(-0.312324922683905,-0.0103690010166501,-0.0235));
#5984=CARTESIAN_POINT('',(-0.3101103515625,-0.0121855468750001,-0.0235));
#5985=CARTESIAN_POINT('',(-0.312484221478681,-0.01024074803574,-0.0235));
#5986=CARTESIAN_POINT('',(-0.309561723553592,-0.0111774122085787,0.));
#5987=CARTESIAN_POINT('',(-0.313023335831004,-0.0100369628297394,-0.0234999999999999));
#5988=CARTESIAN_POINT('',(-0.30937890625,-0.0100439453125001,-0.0235));
#5989=CARTESIAN_POINT('',(-0.30937890625,-0.00973242187500009,-0.0235));
#5990=CARTESIAN_POINT('',(-0.30937890625,-0.00942089843750009,-0.0235));
#5991=CARTESIAN_POINT('',(-0.30993359375,-0.00942089843750009,-0.0235));
#5992=CARTESIAN_POINT('',(-0.31048828125,-0.00942089843750009,-0.0235));
#5993=CARTESIAN_POINT('',(-0.31048828125,-0.00971972656250009,-0.0235));
#5994=CARTESIAN_POINT('',(-0.31048828125,-0.0100185546875001,-0.0235));
#5995=CARTESIAN_POINT('',(-0.310666015625,-0.0109228515625001,0.));
#5996=CARTESIAN_POINT('',(-0.310666015625,-0.0109228515625001,0.0015));
#5997=CARTESIAN_POINT('',(-0.310547526041667,-0.0106949869791668,0.));
#5998=CARTESIAN_POINT('',(-0.310547526041667,-0.0106949869791668,0.0015));
#5999=CARTESIAN_POINT('',(-0.31048828125,-0.0103935546875001,0.));
#6000=CARTESIAN_POINT('',(-0.31048828125,-0.0103935546875001,0.0015));
#6001=CARTESIAN_POINT('',(-0.31048828125,-0.0100185546875001,0.));
#6002=CARTESIAN_POINT('',(-0.31048828125,-0.0100185546875001,0.0015));
#6003=CARTESIAN_POINT('',(-0.310666015625,-0.0109228515625001,-0.0235));
#6004=CARTESIAN_POINT('',(-0.31110546875,-0.0114531250000001,0.));
#6005=CARTESIAN_POINT('',(-0.31110546875,-0.0114531250000001,0.0015));
#6006=CARTESIAN_POINT('',(-0.310930989583333,-0.0113274739583334,0.));
#6007=CARTESIAN_POINT('',(-0.310930989583333,-0.0113274739583334,0.0015));
#6008=CARTESIAN_POINT('',(-0.310784505208333,-0.0111507161458334,0.));
#6009=CARTESIAN_POINT('',(-0.310784505208333,-0.0111507161458334,0.0015));
#6010=CARTESIAN_POINT('',(-0.310666015625,-0.0109228515625001,0.));
#6011=CARTESIAN_POINT('',(-0.310666015625,-0.0109228515625001,0.0015));
#6012=CARTESIAN_POINT('',(-0.31110546875,-0.0114531250000001,-0.0235));
#6013=CARTESIAN_POINT('',(-0.31197352118357,-0.0102809415301322,-0.0235));
#6014=CARTESIAN_POINT('',(-0.311654296875,-0.0117031250000001,-0.0235));
#6015=CARTESIAN_POINT('',(-0.312211045038429,-0.00928604134171962,-0.0234999999999998));
#6016=CARTESIAN_POINT('',(-0.312162109375,-0.0117646484375001,-0.0235));
#6017=CARTESIAN_POINT('',(-0.3130830078125,-0.0116298828125001,0.));
#6018=CARTESIAN_POINT('',(-0.3130830078125,-0.0116298828125001,0.0015));
#6019=CARTESIAN_POINT('',(-0.3128349609375,-0.0117197265625001,0.));
#6020=CARTESIAN_POINT('',(-0.3128349609375,-0.0117197265625001,0.0015));
#6021=CARTESIAN_POINT('',(-0.312527994791667,-0.0117646484375001,0.));
#6022=CARTESIAN_POINT('',(-0.312527994791667,-0.0117646484375001,0.0015));
#6023=CARTESIAN_POINT('',(-0.312162109375,-0.0117646484375001,0.));
#6024=CARTESIAN_POINT('',(-0.312162109375,-0.0117646484375001,0.0015));
#6025=CARTESIAN_POINT('',(-0.3130830078125,-0.0116298828125001,-0.0235));
#6026=CARTESIAN_POINT('',(-0.3136630859375,-0.0112753906250001,0.));
#6027=CARTESIAN_POINT('',(-0.3136630859375,-0.0112753906250001,0.0015));
#6028=CARTESIAN_POINT('',(-0.3135244140625,-0.0114218750000001,0.));
#6029=CARTESIAN_POINT('',(-0.3135244140625,-0.0114218750000001,0.0015));
#6030=CARTESIAN_POINT('',(-0.3133310546875,-0.0115400390625001,0.));
#6031=CARTESIAN_POINT('',(-0.3133310546875,-0.0115400390625001,0.0015));
#6032=CARTESIAN_POINT('',(-0.3130830078125,-0.0116298828125001,0.));
#6033=CARTESIAN_POINT('',(-0.3130830078125,-0.0116298828125001,0.0015));
#6034=CARTESIAN_POINT('',(-0.3136630859375,-0.0112753906250001,-0.0235));
#6035=CARTESIAN_POINT('',(-0.312713158076985,-0.0103565120582978,-0.0235));
#6036=CARTESIAN_POINT('',(-0.3139619140625,-0.0107871093750001,-0.0235));
#6037=CARTESIAN_POINT('',(-0.312388135553306,-0.0102433671413549,-0.0234999999999999));
#6038=CARTESIAN_POINT('',(-0.314052734375,-0.0102509765625001,-0.0235));
#6039=CARTESIAN_POINT('',(-0.314052734375,-0.00983593750000009,-0.0235));
#6040=CARTESIAN_POINT('',(-0.314052734375,-0.00942089843750009,-0.0235));
#6041=CARTESIAN_POINT('',(-0.31458984375,-0.00942089843750009,-0.0235));
#6042=CARTESIAN_POINT('',(-0.315126953125,-0.00942089843750009,-0.0235));
#6043=CARTESIAN_POINT('',(-0.315126953125,-0.00966284179687509,-0.0235));
#6044=CARTESIAN_POINT('',(-0.315126953125,-0.0101044921875001,-0.0235));
#6045=CARTESIAN_POINT('',(-0.314060440837931,-0.0101234976694311,-0.0235));
#6046=CARTESIAN_POINT('',(-0.31512109375,-0.0102324218750001,-0.0235));
#6047=CARTESIAN_POINT('',(-0.315690057877544,-0.0103147860816174,-0.0235));
#6048=CARTESIAN_POINT('',(-0.31511520288621,-0.0103115070423663,0.));
#6049=CARTESIAN_POINT('',(-0.3167451171875,-0.0111601562500001,-0.0235));
#6050=CARTESIAN_POINT('',(-0.311111328125,-0.00388964843750008,0.));
#6051=CARTESIAN_POINT('',(-0.311111328125,-0.00388964843750008,0.0015));
#6052=CARTESIAN_POINT('',(-0.310875651041667,-0.00369433593750008,0.));
#6053=CARTESIAN_POINT('',(-0.310875651041667,-0.00369433593750008,0.0015));
#6054=CARTESIAN_POINT('',(-0.310704752604167,-0.00347070312500009,0.));
#6055=CARTESIAN_POINT('',(-0.310704752604167,-0.00347070312500009,0.0015));
#6056=CARTESIAN_POINT('',(-0.3105986328125,-0.00321875000000008,0.));
#6057=CARTESIAN_POINT('',(-0.3105986328125,-0.00321875000000008,0.0015));
#6058=CARTESIAN_POINT('',(-0.3105986328125,-0.00321875000000008,-0.0235));
#6059=CARTESIAN_POINT('',(-0.311111328125,-0.00388964843750009,-0.0235));
#6060=CARTESIAN_POINT('',(-0.31066015625,-0.00439648437500008,-0.0235));
#6061=CARTESIAN_POINT('',(-0.31020928310034,-0.00490298473143672,0.));
#6062=CARTESIAN_POINT('',(-0.312565487961698,-0.00257665783409694,-0.0235));
#6063=CARTESIAN_POINT('',(-0.3094765625,-0.00376855468750008,-0.0235));
#6064=CARTESIAN_POINT('',(-0.313009512895494,-0.00243686193184324,-0.0235));
#6065=CARTESIAN_POINT('',(-0.309232421875,-0.00240136718750008,-0.0235));
#6066=CARTESIAN_POINT('',(-0.309232421875,-0.00239453125000008,-0.0235));
#6067=CARTESIAN_POINT('',(-0.309232421875,-0.00238769531250008,-0.0235));
#6068=CARTESIAN_POINT('',(-0.3098359375,-0.00238769531250008,-0.0235));
#6069=CARTESIAN_POINT('',(-0.310439453125,-0.00238769531250008,-0.0235));
#6070=CARTESIAN_POINT('',(-0.310439453125,-0.00241210937500008,-0.0235));
#6071=CARTESIAN_POINT('',(-0.310439453125,-0.00243652343750008,-0.0235));
#6072=CARTESIAN_POINT('',(-0.312434325974808,-0.00243737424887095,-0.0235));
#6073=CARTESIAN_POINT('',(-0.313833984375,0.00134667968749992,0.));
#6074=CARTESIAN_POINT('',(-0.313833984375,0.00134667968749992,0.0015));
#6075=CARTESIAN_POINT('',(-0.313133463541667,0.00134667968749992,0.));
#6076=CARTESIAN_POINT('',(-0.313133463541667,0.00134667968749992,0.0015));
#6077=CARTESIAN_POINT('',(-0.3125126953125,0.00126529947916659,0.));
#6078=CARTESIAN_POINT('',(-0.3125126953125,0.00126529947916659,0.0015));
#6079=CARTESIAN_POINT('',(-0.3119716796875,0.00110253906249992,0.));
#6080=CARTESIAN_POINT('',(-0.3119716796875,0.00110253906249992,0.0015));
#6081=CARTESIAN_POINT('',(-0.3119716796875,0.00110253906249992,-0.0235));
#6082=CARTESIAN_POINT('',(-0.313833984375,0.00134667968749992,-0.0235));
#6083=CARTESIAN_POINT('',(-0.3156953125,0.00110253906249992,0.));
#6084=CARTESIAN_POINT('',(-0.3156953125,0.00110253906249992,0.0015));
#6085=CARTESIAN_POINT('',(-0.315153645833333,0.00126529947916659,0.));
#6086=CARTESIAN_POINT('',(-0.315153645833333,0.00126529947916659,0.0015));
#6087=CARTESIAN_POINT('',(-0.314533203125,0.00134667968749992,0.));
#6088=CARTESIAN_POINT('',(-0.314533203125,0.00134667968749992,0.0015));
#6089=CARTESIAN_POINT('',(-0.313833984375,0.00134667968749992,0.));
#6090=CARTESIAN_POINT('',(-0.313833984375,0.00134667968749992,0.0015));
#6091=CARTESIAN_POINT('',(-0.3156953125,0.00110253906249992,-0.0235));
#6092=CARTESIAN_POINT('',(-0.3170810546875,0.000431640624999921,0.));
#6093=CARTESIAN_POINT('',(-0.3170810546875,0.000431640624999921,0.0015));
#6094=CARTESIAN_POINT('',(-0.316698893229167,0.000716145833333255,0.));
#6095=CARTESIAN_POINT('',(-0.316698893229167,0.000716145833333255,0.0015));
#6096=CARTESIAN_POINT('',(-0.316236979166667,0.000939778645833255,0.));
#6097=CARTESIAN_POINT('',(-0.316236979166667,0.000939778645833255,0.0015));
#6098=CARTESIAN_POINT('',(-0.3156953125,0.00110253906249992,0.));
#6099=CARTESIAN_POINT('',(-0.3156953125,0.00110253906249992,0.0015));
#6100=CARTESIAN_POINT('',(-0.3170810546875,0.000431640624999921,-0.0235));
#6101=CARTESIAN_POINT('',(-0.315156392663478,-0.0021939247622951,-0.0235));
#6102=CARTESIAN_POINT('',(-0.317990234375,-0.00059375000000008,-0.0235));
#6103=CARTESIAN_POINT('',(-0.314944682194169,-0.00230117521272899,-0.0235));
#6104=CARTESIAN_POINT('',(-0.318411765349753,-0.00188769531250008,0.));
#6105=CARTESIAN_POINT('',(-0.3178564453125,-0.00188769531250008,-0.0235));
#6106=CARTESIAN_POINT('',(-0.317301202471405,-0.00188769531250008,0.));
#6107=CARTESIAN_POINT('',(-0.315585725800346,-0.00235735094574091,-0.0235));
#6108=CARTESIAN_POINT('',(-0.3169462890625,-0.00121093750000008,-0.0235));
#6109=CARTESIAN_POINT('',(-0.3162568359375,-0.000661132812500079,0.));
#6110=CARTESIAN_POINT('',(-0.3162568359375,-0.000661132812500079,0.0015));
#6111=CARTESIAN_POINT('',(-0.316545247395833,-0.000819986979166746,0.));
#6112=CARTESIAN_POINT('',(-0.316545247395833,-0.000819986979166746,0.0015));
#6113=CARTESIAN_POINT('',(-0.316775065104167,-0.00100325520833341,0.));
#6114=CARTESIAN_POINT('',(-0.316775065104167,-0.00100325520833341,0.0015));
#6115=CARTESIAN_POINT('',(-0.3169462890625,-0.00121093750000008,0.));
#6116=CARTESIAN_POINT('',(-0.3169462890625,-0.00121093750000008,0.0015));
#6117=CARTESIAN_POINT('',(-0.3162568359375,-0.000661132812500079,-0.0235));
#6118=CARTESIAN_POINT('',(-0.3152255859375,-0.000289062500000079,0.));
#6119=CARTESIAN_POINT('',(-0.3152255859375,-0.000289062500000079,0.0015));
#6120=CARTESIAN_POINT('',(-0.315624674479167,-0.000378255208333413,0.));
#6121=CARTESIAN_POINT('',(-0.315624674479167,-0.000378255208333413,0.0015));
#6122=CARTESIAN_POINT('',(-0.315968424479167,-0.000502278645833413,0.));
#6123=CARTESIAN_POINT('',(-0.315968424479167,-0.000502278645833413,0.0015));
#6124=CARTESIAN_POINT('',(-0.3162568359375,-0.000661132812500079,0.));
#6125=CARTESIAN_POINT('',(-0.3162568359375,-0.000661132812500079,0.0015));
#6126=CARTESIAN_POINT('',(-0.3152255859375,-0.000289062500000079,-0.0235));
#6127=CARTESIAN_POINT('',(-0.313833984375,-0.000141601562500079,0.));
#6128=CARTESIAN_POINT('',(-0.313833984375,-0.000141601562500079,0.0015));
#6129=CARTESIAN_POINT('',(-0.314362630208333,-0.000150716145833412,0.));
#6130=CARTESIAN_POINT('',(-0.314362630208333,-0.000150716145833412,0.0015));
#6131=CARTESIAN_POINT('',(-0.314826497395833,-0.000199869791666746,0.));
#6132=CARTESIAN_POINT('',(-0.314826497395833,-0.000199869791666746,0.0015));
#6133=CARTESIAN_POINT('',(-0.3152255859375,-0.000289062500000079,0.));
#6134=CARTESIAN_POINT('',(-0.3152255859375,-0.000289062500000079,0.0015));
#6135=CARTESIAN_POINT('',(-0.313833984375,-0.000141601562500079,-0.0235));
#6136=CARTESIAN_POINT('',(-0.3124609375,-0.000289062500000079,0.));
#6137=CARTESIAN_POINT('',(-0.3124609375,-0.000289062500000079,0.0015));
#6138=CARTESIAN_POINT('',(-0.31284765625,-0.000199869791666746,0.));
#6139=CARTESIAN_POINT('',(-0.31284765625,-0.000199869791666746,0.0015));
#6140=CARTESIAN_POINT('',(-0.313305338541667,-0.000150716145833412,0.));
#6141=CARTESIAN_POINT('',(-0.313305338541667,-0.000150716145833412,0.0015));
#6142=CARTESIAN_POINT('',(-0.313833984375,-0.000141601562500079,0.));
#6143=CARTESIAN_POINT('',(-0.313833984375,-0.000141601562500079,0.0015));
#6144=CARTESIAN_POINT('',(-0.3124609375,-0.000289062500000079,-0.0235));
#6145=CARTESIAN_POINT('',(-0.3114716796875,-0.000661132812500079,0.));
#6146=CARTESIAN_POINT('',(-0.3114716796875,-0.000661132812500079,0.0015));
#6147=CARTESIAN_POINT('',(-0.311744466145833,-0.000502278645833413,0.));
#6148=CARTESIAN_POINT('',(-0.311744466145833,-0.000502278645833413,0.0015));
#6149=CARTESIAN_POINT('',(-0.31207421875,-0.000378255208333413,0.));
#6150=CARTESIAN_POINT('',(-0.31207421875,-0.000378255208333413,0.0015));
#6151=CARTESIAN_POINT('',(-0.3124609375,-0.000289062500000079,0.));
#6152=CARTESIAN_POINT('',(-0.3124609375,-0.000289062500000079,0.0015));
#6153=CARTESIAN_POINT('',(-0.3114716796875,-0.000661132812500079,-0.0235));
#6154=CARTESIAN_POINT('',(-0.3108310546875,-0.00121093750000008,0.));
#6155=CARTESIAN_POINT('',(-0.3108310546875,-0.00121093750000008,0.0015));
#6156=CARTESIAN_POINT('',(-0.3109853515625,-0.00100325520833341,0.));
#6157=CARTESIAN_POINT('',(-0.3109853515625,-0.00100325520833341,0.0015));
#6158=CARTESIAN_POINT('',(-0.311198893229167,-0.000819986979166746,0.));
#6159=CARTESIAN_POINT('',(-0.311198893229167,-0.000819986979166746,0.0015));
#6160=CARTESIAN_POINT('',(-0.3114716796875,-0.000661132812500079,0.));
#6161=CARTESIAN_POINT('',(-0.3114716796875,-0.000661132812500079,0.0015));
#6162=CARTESIAN_POINT('',(-0.3108310546875,-0.00121093750000008,-0.0235));
#6163=CARTESIAN_POINT('',(-0.312419780979443,-0.00240288221256194,-0.0235));
#6164=CARTESIAN_POINT('',(-0.310501837320966,-0.00188769531250008,0.));
#6165=CARTESIAN_POINT('',(-0.3098916015625,-0.00188769531250008,-0.0235));
#6166=CARTESIAN_POINT('',(-0.30928163014006,-0.00188769531250008,0.));
#6167=CARTESIAN_POINT('',(-0.312786812378567,-0.00229473273214327,-0.0235));
#6168=CARTESIAN_POINT('',(-0.3096953125,-0.00059375000000008,-0.0235));
#6169=CARTESIAN_POINT('',(-0.312508112115881,-0.00215321489333977,-0.0235));
#6170=CARTESIAN_POINT('',(-0.3105927734375,0.000431640624999921,-0.0235));
#6171=CARTESIAN_POINT('',(-0.3119716796875,0.00110253906249992,0.));
#6172=CARTESIAN_POINT('',(-0.3119716796875,0.00110253906249992,0.0015));
#6173=CARTESIAN_POINT('',(-0.3114306640625,0.000939778645833255,0.));
#6174=CARTESIAN_POINT('',(-0.3114306640625,0.000939778645833255,0.0015));
#6175=CARTESIAN_POINT('',(-0.310971028645833,0.000716145833333255,0.));
#6176=CARTESIAN_POINT('',(-0.310971028645833,0.000716145833333255,0.0015));
#6177=CARTESIAN_POINT('',(-0.3105927734375,0.000431640624999921,0.));
#6178=CARTESIAN_POINT('',(-0.3105927734375,0.000431640624999921,0.0015));
#6179=CARTESIAN_POINT('',(-0.3154755859375,-0.00536621093750008,-0.0235));
#6180=CARTESIAN_POINT('',(-0.317214000292081,-0.00536621093750008,0.));
#6181=CARTESIAN_POINT('',(-0.313736328125,-0.00536621093750008,-0.0235));
#6182=CARTESIAN_POINT('',(-0.313736328125,-0.00387695312500008,-0.0235));
#6183=CARTESIAN_POINT('',(-0.313736328125,-0.00238769531250008,-0.0235));
#6184=CARTESIAN_POINT('',(-0.314236328125,-0.00238769531250008,-0.0235));
#6185=CARTESIAN_POINT('',(-0.314736328125,-0.00238769531250008,-0.0235));
#6186=CARTESIAN_POINT('',(-0.314736328125,-0.00315136718750008,-0.0235));
#6187=CARTESIAN_POINT('',(-0.314736328125,-0.00391503906250009,-0.0235));
#6188=CARTESIAN_POINT('',(-0.31584765625,-0.00391503906250009,-0.0235));
#6189=CARTESIAN_POINT('',(-0.316958984375,-0.00391503906250009,-0.0235));
#6190=CARTESIAN_POINT('',(-0.3171669921875,-0.00361523437500008,0.));
#6191=CARTESIAN_POINT('',(-0.3171669921875,-0.00361523437500008,0.0015));
#6192=CARTESIAN_POINT('',(-0.3171181640625,-0.00375000000000008,0.));
#6193=CARTESIAN_POINT('',(-0.3171181640625,-0.00375000000000008,0.0015));
#6194=CARTESIAN_POINT('',(-0.317048828125,-0.00384993489583341,0.));
#6195=CARTESIAN_POINT('',(-0.317048828125,-0.00384993489583341,0.0015));
#6196=CARTESIAN_POINT('',(-0.316958984375,-0.00391503906250009,0.));
#6197=CARTESIAN_POINT('',(-0.316958984375,-0.00391503906250009,0.0015));
#6198=CARTESIAN_POINT('',(-0.3171669921875,-0.00361523437500008,-0.0235));
#6199=CARTESIAN_POINT('',(-0.31461641964135,-0.0026999774045935,-0.0234999999999997));
#6200=CARTESIAN_POINT('',(-0.3172822265625,-0.00318750000000008,-0.0235));
#6201=CARTESIAN_POINT('',(-0.312805915687377,-0.00234559904284717,-0.0234999999999992));
#6202=CARTESIAN_POINT('',(-0.3173427734375,-0.00274804687500008,-0.0235));
#6203=CARTESIAN_POINT('',(-0.313010428115547,-0.00233850110291364,-0.0235));
#6204=CARTESIAN_POINT('',(-0.317361586917359,-0.00238769531250008,0.));
#6205=CARTESIAN_POINT('',(-0.3178984375,-0.00238769531250008,-0.0235));
#6206=CARTESIAN_POINT('',(-0.318435546875,-0.00238769531250008,-0.0235));
#6207=CARTESIAN_POINT('',(-0.318435546875,-0.00239453125000008,-0.0235));
#6208=CARTESIAN_POINT('',(-0.318435546875,-0.00240136718750008,-0.0235));
#6209=CARTESIAN_POINT('',(-0.312897817034964,-0.00239526123706272,-0.0234999999999997));
#6210=CARTESIAN_POINT('',(-0.318375,-0.00321289062500009,-0.0235));
#6211=CARTESIAN_POINT('',(-0.314654910370588,-0.00266539669285564,-0.0234999999999998));
#6212=CARTESIAN_POINT('',(-0.31816796875,-0.00400585937500009,-0.0235));
#6213=CARTESIAN_POINT('',(-0.314544409047762,-0.00262099592925685,-0.0234999999999998));
#6214=CARTESIAN_POINT('',(-0.317794921875,-0.00473828125000008,-0.0235));
#6215=CARTESIAN_POINT('',(-0.315606982766154,-0.00329491134665441,-0.0234999999999999));
#6216=CARTESIAN_POINT('',(-0.30937890625,-0.00818847656250009,-0.0235));
#6217=CARTESIAN_POINT('',(-0.30937890625,-0.00892089843750009,-0.0235));
#6218=CARTESIAN_POINT('',(-0.30937890625,-0.00745605468750009,-0.0235));
#6219=CARTESIAN_POINT('',(-0.313876953125,-0.00745605468750009,-0.0235));
#6220=CARTESIAN_POINT('',(-0.318375,-0.00745605468750009,-0.0235));
#6221=CARTESIAN_POINT('',(-0.318375,-0.00818847656250009,-0.0235));
#6222=CARTESIAN_POINT('',(-0.318375,-0.00892089843750009,-0.0235));
#6223=CARTESIAN_POINT('',(-0.313876953125,-0.00892089843750009,-0.0235));
#6224=CARTESIAN_POINT('',(-0.313029263478607,0.0222509221915392,-0.0234999999999999));
#6225=CARTESIAN_POINT('',(-0.3095615234375,0.0211093749999999,-0.0235));
#6226=CARTESIAN_POINT('',(-0.30937890625,0.0222451171875,-0.0235));
#6227=CARTESIAN_POINT('',(-0.30937890625,0.022556640625,-0.0235));
#6228=CARTESIAN_POINT('',(-0.30937890625,0.0228681640624999,-0.0235));
#6229=CARTESIAN_POINT('',(-0.30993359375,0.0228681640624999,-0.0235));
#6230=CARTESIAN_POINT('',(-0.31048828125,0.0228681640624999,-0.0235));
#6231=CARTESIAN_POINT('',(-0.31048828125,0.0225693359375,-0.0235));
#6232=CARTESIAN_POINT('',(-0.31048828125,0.0222705078124999,-0.0235));
#6233=CARTESIAN_POINT('',(-0.310666015625,0.0213662109374999,0.));
#6234=CARTESIAN_POINT('',(-0.310666015625,0.0213662109374999,0.0015));
#6235=CARTESIAN_POINT('',(-0.310547526041667,0.0215940755208333,0.));
#6236=CARTESIAN_POINT('',(-0.310547526041667,0.0215940755208333,0.0015));
#6237=CARTESIAN_POINT('',(-0.31048828125,0.0218955078124999,0.));
#6238=CARTESIAN_POINT('',(-0.31048828125,0.0218955078124999,0.0015));
#6239=CARTESIAN_POINT('',(-0.31048828125,0.0222705078124999,0.));
#6240=CARTESIAN_POINT('',(-0.31048828125,0.0222705078124999,0.0015));
#6241=CARTESIAN_POINT('',(-0.310666015625,0.0213662109374999,-0.0235));
#6242=CARTESIAN_POINT('',(-0.31110546875,0.0208349609374999,0.));
#6243=CARTESIAN_POINT('',(-0.31110546875,0.0208349609374999,0.0015));
#6244=CARTESIAN_POINT('',(-0.310930989583333,0.0209612630208333,0.));
#6245=CARTESIAN_POINT('',(-0.310930989583333,0.0209612630208333,0.0015));
#6246=CARTESIAN_POINT('',(-0.310784505208333,0.0211383463541666,0.));
#6247=CARTESIAN_POINT('',(-0.310784505208333,0.0211383463541666,0.0015));
#6248=CARTESIAN_POINT('',(-0.310666015625,0.0213662109374999,0.));
#6249=CARTESIAN_POINT('',(-0.310666015625,0.0213662109374999,0.0015));
#6250=CARTESIAN_POINT('',(-0.31110546875,0.0208349609374999,-0.0235));
#6251=CARTESIAN_POINT('',(-0.311965181361887,0.0219886701741943,-0.0235));
#6252=CARTESIAN_POINT('',(-0.311654296875,0.0205849609374999,-0.0235));
#6253=CARTESIAN_POINT('',(-0.312210913060971,0.023041075303995,-0.0234999999999998));
#6254=CARTESIAN_POINT('',(-0.312162109375,0.0205244140625,-0.0235));
#6255=CARTESIAN_POINT('',(-0.3130830078125,0.0206582031249999,0.));
#6256=CARTESIAN_POINT('',(-0.3130830078125,0.0206582031249999,0.0015));
#6257=CARTESIAN_POINT('',(-0.3128349609375,0.0205690104166666,0.));
#6258=CARTESIAN_POINT('',(-0.3128349609375,0.0205690104166666,0.0015));
#6259=CARTESIAN_POINT('',(-0.312527994791667,0.0205244140625,0.));
#6260=CARTESIAN_POINT('',(-0.312527994791667,0.0205244140625,0.0015));
#6261=CARTESIAN_POINT('',(-0.312162109375,0.0205244140625,0.));
#6262=CARTESIAN_POINT('',(-0.312162109375,0.0205244140625,0.0015));
#6263=CARTESIAN_POINT('',(-0.3130830078125,0.0206582031249999,-0.0235));
#6264=CARTESIAN_POINT('',(-0.3136630859375,0.0210117187499999,0.));
#6265=CARTESIAN_POINT('',(-0.3136630859375,0.0210117187499999,0.0015));
#6266=CARTESIAN_POINT('',(-0.3135244140625,0.0208652343749999,0.));
#6267=CARTESIAN_POINT('',(-0.3135244140625,0.0208652343749999,0.0015));
#6268=CARTESIAN_POINT('',(-0.3133310546875,0.0207473958333333,0.));
#6269=CARTESIAN_POINT('',(-0.3133310546875,0.0207473958333333,0.0015));
#6270=CARTESIAN_POINT('',(-0.3130830078125,0.0206582031249999,0.));
#6271=CARTESIAN_POINT('',(-0.3130830078125,0.0206582031249999,0.0015));
#6272=CARTESIAN_POINT('',(-0.3136630859375,0.0210117187499999,-0.0235));
#6273=CARTESIAN_POINT('',(-0.312707319317217,0.0219400268117931,-0.0235));
#6274=CARTESIAN_POINT('',(-0.3139619140625,0.0214941406249999,-0.0235));
#6275=CARTESIAN_POINT('',(-0.312434679402091,0.0220293477339477,-0.0234999999999999));
#6276=CARTESIAN_POINT('',(-0.314052734375,0.0220263671875,-0.0235));
#6277=CARTESIAN_POINT('',(-0.314052734375,0.0224472656249999,-0.0235));
#6278=CARTESIAN_POINT('',(-0.314052734375,0.0228681640624999,-0.0235));
#6279=CARTESIAN_POINT('',(-0.31458984375,0.0228681640624999,-0.0235));
#6280=CARTESIAN_POINT('',(-0.315126953125,0.0228681640624999,-0.0235));
#6281=CARTESIAN_POINT('',(-0.315126953125,0.0225751953124999,-0.0235));
#6282=CARTESIAN_POINT('',(-0.315126953125,0.0222822265624999,-0.0235));
#6283=CARTESIAN_POINT('',(-0.314919921875,0.0209873046874999,0.));
#6284=CARTESIAN_POINT('',(-0.314919921875,0.0209873046874999,0.0015));
#6285=CARTESIAN_POINT('',(-0.315057942708333,0.0213779296875,0.));
#6286=CARTESIAN_POINT('',(-0.315057942708333,0.0213779296875,0.0015));
#6287=CARTESIAN_POINT('',(-0.315126953125,0.0218095703125,0.));
#6288=CARTESIAN_POINT('',(-0.315126953125,0.0218095703125,0.0015));
#6289=CARTESIAN_POINT('',(-0.315126953125,0.0222822265624999,0.));
#6290=CARTESIAN_POINT('',(-0.315126953125,0.0222822265624999,0.0015));
#6291=CARTESIAN_POINT('',(-0.314919921875,0.0209873046874999,-0.0235));
#6292=CARTESIAN_POINT('',(-0.314333984375,0.0199863281249999,0.));
#6293=CARTESIAN_POINT('',(-0.314333984375,0.0199863281249999,0.0015));
#6294=CARTESIAN_POINT('',(-0.314586588541667,0.0202630208333333,0.));
#6295=CARTESIAN_POINT('',(-0.314586588541667,0.0202630208333333,0.0015));
#6296=CARTESIAN_POINT('',(-0.314781901041667,0.0205966796874999,0.));
#6297=CARTESIAN_POINT('',(-0.314781901041667,0.0205966796874999,0.0015));
#6298=CARTESIAN_POINT('',(-0.314919921875,0.0209873046874999,0.));
#6299=CARTESIAN_POINT('',(-0.314919921875,0.0209873046874999,0.0015));
#6300=CARTESIAN_POINT('',(-0.314333984375,0.0199863281249999,-0.0235));
#6301=CARTESIAN_POINT('',(-0.31242622469862,0.0217499491527766,-0.0235));
#6302=CARTESIAN_POINT('',(-0.313400390625,0.0193398437499999,-0.0235));
#6303=CARTESIAN_POINT('',(-0.312162109375,0.0191083984374999,0.));
#6304=CARTESIAN_POINT('',(-0.312162109375,0.0191083984374999,0.0015));
#6305=CARTESIAN_POINT('',(-0.312617838541667,0.0191083984374999,0.));
#6306=CARTESIAN_POINT('',(-0.312617838541667,0.0191083984374999,0.0015));
#6307=CARTESIAN_POINT('',(-0.313030598958333,0.0191855468749999,0.));
#6308=CARTESIAN_POINT('',(-0.313030598958333,0.0191855468749999,0.0015));
#6309=CARTESIAN_POINT('',(-0.313400390625,0.0193398437499999,0.));
#6310=CARTESIAN_POINT('',(-0.313400390625,0.0193398437499999,0.0015));
#6311=CARTESIAN_POINT('',(-0.312162109375,0.0191083984374999,-0.0235));
#6312=CARTESIAN_POINT('',(-0.3109951171875,0.0193828125,0.));
#6313=CARTESIAN_POINT('',(-0.3109951171875,0.0193828125,0.0015));
#6314=CARTESIAN_POINT('',(-0.3113408203125,0.0191998697916666,0.));
#6315=CARTESIAN_POINT('',(-0.3113408203125,0.0191998697916666,0.0015));
#6316=CARTESIAN_POINT('',(-0.311729817708333,0.0191083984374999,0.));
#6317=CARTESIAN_POINT('',(-0.311729817708333,0.0191083984374999,0.0015));
#6318=CARTESIAN_POINT('',(-0.312162109375,0.0191083984374999,0.));
#6319=CARTESIAN_POINT('',(-0.312162109375,0.0191083984374999,0.0015));
#6320=CARTESIAN_POINT('',(-0.3109951171875,0.0193828125,-0.0235));
#6321=CARTESIAN_POINT('',(-0.312327534584811,0.0219258403127571,-0.0235));
#6322=CARTESIAN_POINT('',(-0.3101103515625,0.0201025390625,-0.0235));
#6323=CARTESIAN_POINT('',(-0.312473806996275,0.0220424969245202,-0.0235));
#6324=CARTESIAN_POINT('',(-0.313876953125,0.0105634765624999,-0.0235));
#6325=CARTESIAN_POINT('',(-0.318375,0.0105634765624999,-0.0235));
#6326=CARTESIAN_POINT('',(-0.30937890625,0.0105634765624999,-0.0235));
#6327=CARTESIAN_POINT('',(-0.30937890625,0.0112958984374999,-0.0235));
#6328=CARTESIAN_POINT('',(-0.30937890625,0.0120283203124999,-0.0235));
#6329=CARTESIAN_POINT('',(-0.311349609375,0.0120283203124999,-0.0235));
#6330=CARTESIAN_POINT('',(-0.3133203125,0.0120283203124999,-0.0235));
#6331=CARTESIAN_POINT('',(-0.3133203125,0.0137255859374999,-0.0235));
#6332=CARTESIAN_POINT('',(-0.3133203125,0.0154228515625,-0.0235));
#6333=CARTESIAN_POINT('',(-0.3138212890625,0.0154228515625,-0.0235));
#6334=CARTESIAN_POINT('',(-0.314322265625,0.0154228515625,-0.0235));
#6335=CARTESIAN_POINT('',(-0.314322265625,0.0137255859374999,-0.0235));
#6336=CARTESIAN_POINT('',(-0.314322265625,0.0120283203124999,-0.0235));
#6337=CARTESIAN_POINT('',(-0.3163486328125,0.0120283203124999,-0.0235));
#6338=CARTESIAN_POINT('',(-0.318375,0.0120283203124999,-0.0235));
#6339=CARTESIAN_POINT('',(-0.318375,0.0112958984374999,-0.0235));
#6340=CARTESIAN_POINT('',(-0.30937890625,0.0166669921874999,-0.0235));
#6341=CARTESIAN_POINT('',(-0.30937890625,0.0159228515625,-0.0235));
#6342=CARTESIAN_POINT('',(-0.30937890625,0.0174111328125,-0.0235));
#6343=CARTESIAN_POINT('',(-0.313876953125,0.0174111328125,-0.0235));
#6344=CARTESIAN_POINT('',(-0.318375,0.0174111328125,-0.0235));
#6345=CARTESIAN_POINT('',(-0.318375,0.0166669921874999,-0.0235));
#6346=CARTESIAN_POINT('',(-0.318375,0.0159228515625,-0.0235));
#6347=CARTESIAN_POINT('',(-0.313876953125,0.0159228515625,-0.0235));
#6348=CARTESIAN_POINT('',(-0.318375,0.00752441406249993,-0.0235));
#6349=CARTESIAN_POINT('',(-0.318375,0.00826855468749993,-0.0235));
#6350=CARTESIAN_POINT('',(-0.318375,0.00678027343749993,-0.0235));
#6351=CARTESIAN_POINT('',(-0.313876953125,0.00678027343749993,-0.0235));
#6352=CARTESIAN_POINT('',(-0.30937890625,0.00678027343749993,-0.0235));
#6353=CARTESIAN_POINT('',(-0.30937890625,0.00752441406249993,-0.0235));
#6354=CARTESIAN_POINT('',(-0.30937890625,0.00826855468749993,-0.0235));
#6355=CARTESIAN_POINT('',(-0.313876953125,0.00826855468749993,-0.0235));
#6356=CARTESIAN_POINT('',(-0.30937890625,0.0241005859374999,-0.0235));
#6357=CARTESIAN_POINT('',(-0.30937890625,0.0233681640624999,-0.0235));
#6358=CARTESIAN_POINT('',(-0.30937890625,0.0248330078124999,-0.0235));
#6359=CARTESIAN_POINT('',(-0.313876953125,0.0248330078124999,-0.0235));
#6360=CARTESIAN_POINT('',(-0.318375,0.0248330078124999,-0.0235));
#6361=CARTESIAN_POINT('',(-0.318375,0.0241005859374999,-0.0235));
#6362=CARTESIAN_POINT('',(-0.318375,0.0233681640624999,-0.0235));
#6363=CARTESIAN_POINT('',(-0.313876953125,0.0233681640624999,-0.0235));
#6364=MECHANICAL_DESIGN_GEOMETRIC_PRESENTATION_REPRESENTATION('',(#3779),
#6365);
#6365=(
GEOMETRIC_REPRESENTATION_CONTEXT(3)
GLOBAL_UNCERTAINTY_ASSIGNED_CONTEXT((#6366))
GLOBAL_UNIT_ASSIGNED_CONTEXT((#6369,#6368,#6367))
REPRESENTATION_CONTEXT('PHI GRID','TOP_LEVEL_ASSEMBLY_PART')
);
#6366=UNCERTAINTY_MEASURE_WITH_UNIT(LENGTH_MEASURE(2.E-5),#6369,
'DISTANCE_ACCURACY_VALUE','Maximum Tolerance applied to model');
#6367=(
NAMED_UNIT(*)
SI_UNIT($,.STERADIAN.)
SOLID_ANGLE_UNIT()
);
#6368=(
NAMED_UNIT(*)
PLANE_ANGLE_UNIT()
SI_UNIT($,.RADIAN.)
);
#6369=(
LENGTH_UNIT()
NAMED_UNIT(*)
SI_UNIT($,.METRE.)
);
#6370=PRODUCT_DEFINITION_SHAPE('','',#6371);
#6371=PRODUCT_DEFINITION('','',#6373,#6372);
#6372=PRODUCT_DEFINITION_CONTEXT('',#6379,'design');
#6373=PRODUCT_DEFINITION_FORMATION_WITH_SPECIFIED_SOURCE('','',#6375,
 .NOT_KNOWN.);
#6374=PRODUCT_RELATED_PRODUCT_CATEGORY('','',(#6375));
#6375=PRODUCT('PHI GRID','PHI GRID','PHI GRID',(#6377));
#6376=PRODUCT_CATEGORY('','');
#6377=PRODUCT_CONTEXT('',#6379,'mechanical');
#6378=APPLICATION_PROTOCOL_DEFINITION('international standard',
'ap242_managed_model_based_3d_engineering',2020,#6379);
#6379=APPLICATION_CONTEXT('managed model based 3d engineering');
ENDSEC;
END-ISO-10303-21;
