ISO-10303-21;
HEADER;
/* Generated by software containing ST-Developer
 * from STEP Tools, Inc. (www.steptools.com) 
 */
/* OPTION: using custom renumber hook */

FILE_DESCRIPTION(
/* description */ ('STEP AP242 Edition 2',
'CAx-IF Rec.Pracs.---Representation and Presentation of Product Manufa
cturing Information (PMI)---4.0---2014-10-13',
'CAx-IF Rec.Pracs.---3D Tessellated Geometry---0.4---2014-09-14','2;1',
'CAx-IF Rec.Pracs.---User Defined Attributes---1.5---2016-08-15'),
/* implementation_level */ '2;1');

FILE_NAME(
/* name */ 'FRAMEKIT - STAR SYMMETRY GRID',
/* time_stamp */ '2026-09-20T09:45:14Z',
/* author */ (''),
/* organization */ (''),
/* preprocessor_version */ 'ST-DEVELOPER v20',
/* originating_system */ 'ONSHAPE BY PTC INC, 1.221',
/* authorisation */ '  ');

FILE_SCHEMA (('AP242_MANAGED_MODEL_BASED_3D_ENGINEERING_MIM_LF { 1 0 10303 442 3 1 4 }'));
ENDSEC;

DATA;
#10=SHAPE_REPRESENTATION_RELATIONSHIP('','',#10336,#11);
#11=ADVANCED_BREP_SHAPE_REPRESENTATION('',(#10334),#17074);
#12=B_SPLINE_SURFACE_WITH_KNOTS('',3,1,((#15954,#15955),(#15956,#15957),
(#15958,#15959),(#15960,#15961)),.SURF_OF_LINEAR_EXTRUSION.,.F.,.F.,.F.,
(4,4),(2,2),(0.,1.),(0.,1.),.PIECEWISE_BEZIER_KNOTS.);
#13=B_SPLINE_SURFACE_WITH_KNOTS('',3,1,((#15967,#15968),(#15969,#15970),
(#15971,#15972),(#15973,#15974)),.SURF_OF_LINEAR_EXTRUSION.,.F.,.F.,.F.,
(4,4),(2,2),(0.,1.),(0.,1.),.PIECEWISE_BEZIER_KNOTS.);
#14=B_SPLINE_SURFACE_WITH_KNOTS('',3,1,((#15988,#15989),(#15990,#15991),
(#15992,#15993),(#15994,#15995)),.SURF_OF_LINEAR_EXTRUSION.,.F.,.F.,.F.,
(4,4),(2,2),(0.,1.),(0.,1.),.PIECEWISE_BEZIER_KNOTS.);
#15=B_SPLINE_SURFACE_WITH_KNOTS('',3,1,((#16045,#16046),(#16047,#16048),
(#16049,#16050),(#16051,#16052)),.SURF_OF_LINEAR_EXTRUSION.,.F.,.F.,.F.,
(4,4),(2,2),(0.,1.),(0.,1.),.PIECEWISE_BEZIER_KNOTS.);
#16=B_SPLINE_SURFACE_WITH_KNOTS('',3,1,((#16054,#16055),(#16056,#16057),
(#16058,#16059),(#16060,#16061)),.SURF_OF_LINEAR_EXTRUSION.,.F.,.F.,.F.,
(4,4),(2,2),(0.,1.),(0.,1.),.PIECEWISE_BEZIER_KNOTS.);
#17=B_SPLINE_SURFACE_WITH_KNOTS('',3,1,((#16067,#16068),(#16069,#16070),
(#16071,#16072),(#16073,#16074)),.SURF_OF_LINEAR_EXTRUSION.,.F.,.F.,.F.,
(4,4),(2,2),(0.,1.),(0.,1.),.PIECEWISE_BEZIER_KNOTS.);
#18=B_SPLINE_SURFACE_WITH_KNOTS('',3,1,((#16076,#16077),(#16078,#16079),
(#16080,#16081),(#16082,#16083)),.SURF_OF_LINEAR_EXTRUSION.,.F.,.F.,.F.,
(4,4),(2,2),(0.,1.),(0.,1.),.PIECEWISE_BEZIER_KNOTS.);
#19=B_SPLINE_SURFACE_WITH_KNOTS('',3,1,((#16097,#16098),(#16099,#16100),
(#16101,#16102),(#16103,#16104)),.SURF_OF_LINEAR_EXTRUSION.,.F.,.F.,.F.,
(4,4),(2,2),(0.,1.),(0.,1.),.PIECEWISE_BEZIER_KNOTS.);
#20=B_SPLINE_SURFACE_WITH_KNOTS('',3,1,((#16106,#16107),(#16108,#16109),
(#16110,#16111),(#16112,#16113)),.SURF_OF_LINEAR_EXTRUSION.,.F.,.F.,.F.,
(4,4),(2,2),(0.,1.),(0.,1.),.PIECEWISE_BEZIER_KNOTS.);
#21=B_SPLINE_SURFACE_WITH_KNOTS('',3,1,((#16118,#16119),(#16120,#16121),
(#16122,#16123),(#16124,#16125)),.SURF_OF_LINEAR_EXTRUSION.,.F.,.F.,.F.,
(4,4),(2,2),(0.,1.),(0.,1.),.PIECEWISE_BEZIER_KNOTS.);
#22=B_SPLINE_SURFACE_WITH_KNOTS('',3,1,((#16130,#16131),(#16132,#16133),
(#16134,#16135),(#16136,#16137)),.SURF_OF_LINEAR_EXTRUSION.,.F.,.F.,.F.,
(4,4),(2,2),(0.,1.),(0.,1.),.PIECEWISE_BEZIER_KNOTS.);
#23=B_SPLINE_SURFACE_WITH_KNOTS('',3,1,((#16145,#16146),(#16147,#16148),
(#16149,#16150),(#16151,#16152)),.SURF_OF_LINEAR_EXTRUSION.,.F.,.F.,.F.,
(4,4),(2,2),(0.,1.),(0.,1.),.PIECEWISE_BEZIER_KNOTS.);
#24=B_SPLINE_SURFACE_WITH_KNOTS('',3,1,((#16154,#16155),(#16156,#16157),
(#16158,#16159),(#16160,#16161)),.SURF_OF_LINEAR_EXTRUSION.,.F.,.F.,.F.,
(4,4),(2,2),(0.,1.),(0.,1.),.PIECEWISE_BEZIER_KNOTS.);
#25=B_SPLINE_SURFACE_WITH_KNOTS('',3,1,((#16163,#16164),(#16165,#16166),
(#16167,#16168),(#16169,#16170)),.SURF_OF_LINEAR_EXTRUSION.,.F.,.F.,.F.,
(4,4),(2,2),(0.,1.),(0.,1.),.PIECEWISE_BEZIER_KNOTS.);
#26=B_SPLINE_SURFACE_WITH_KNOTS('',3,1,((#16172,#16173),(#16174,#16175),
(#16176,#16177),(#16178,#16179)),.SURF_OF_LINEAR_EXTRUSION.,.F.,.F.,.F.,
(4,4),(2,2),(0.,1.),(0.,1.),.PIECEWISE_BEZIER_KNOTS.);
#27=B_SPLINE_SURFACE_WITH_KNOTS('',3,1,((#16181,#16182),(#16183,#16184),
(#16185,#16186),(#16187,#16188)),.SURF_OF_LINEAR_EXTRUSION.,.F.,.F.,.F.,
(4,4),(2,2),(0.,1.),(0.,1.),.PIECEWISE_BEZIER_KNOTS.);
#28=B_SPLINE_SURFACE_WITH_KNOTS('',3,1,((#16190,#16191),(#16192,#16193),
(#16194,#16195),(#16196,#16197)),.SURF_OF_LINEAR_EXTRUSION.,.F.,.F.,.F.,
(4,4),(2,2),(0.,1.),(0.,1.),.PIECEWISE_BEZIER_KNOTS.);
#29=B_SPLINE_SURFACE_WITH_KNOTS('',3,1,((#16207,#16208),(#16209,#16210),
(#16211,#16212),(#16213,#16214)),.SURF_OF_LINEAR_EXTRUSION.,.F.,.F.,.F.,
(4,4),(2,2),(0.,1.),(0.,1.),.PIECEWISE_BEZIER_KNOTS.);
#30=B_SPLINE_SURFACE_WITH_KNOTS('',3,1,((#16216,#16217),(#16218,#16219),
(#16220,#16221),(#16222,#16223)),.SURF_OF_LINEAR_EXTRUSION.,.F.,.F.,.F.,
(4,4),(2,2),(0.,1.),(0.,1.),.PIECEWISE_BEZIER_KNOTS.);
#31=B_SPLINE_SURFACE_WITH_KNOTS('',3,1,((#16245,#16246),(#16247,#16248),
(#16249,#16250),(#16251,#16252)),.SURF_OF_LINEAR_EXTRUSION.,.F.,.F.,.F.,
(4,4),(2,2),(0.,1.),(0.,1.),.PIECEWISE_BEZIER_KNOTS.);
#32=B_SPLINE_SURFACE_WITH_KNOTS('',3,1,((#16288,#16289),(#16290,#16291),
(#16292,#16293),(#16294,#16295)),.SURF_OF_LINEAR_EXTRUSION.,.F.,.F.,.F.,
(4,4),(2,2),(0.,1.),(0.,1.),.PIECEWISE_BEZIER_KNOTS.);
#33=B_SPLINE_SURFACE_WITH_KNOTS('',3,1,((#16297,#16298),(#16299,#16300),
(#16301,#16302),(#16303,#16304)),.SURF_OF_LINEAR_EXTRUSION.,.F.,.F.,.F.,
(4,4),(2,2),(0.,1.),(0.,1.),.PIECEWISE_BEZIER_KNOTS.);
#34=B_SPLINE_SURFACE_WITH_KNOTS('',3,1,((#16310,#16311),(#16312,#16313),
(#16314,#16315),(#16316,#16317)),.SURF_OF_LINEAR_EXTRUSION.,.F.,.F.,.F.,
(4,4),(2,2),(0.,1.),(0.,1.),.PIECEWISE_BEZIER_KNOTS.);
#35=B_SPLINE_SURFACE_WITH_KNOTS('',3,1,((#16319,#16320),(#16321,#16322),
(#16323,#16324),(#16325,#16326)),.SURF_OF_LINEAR_EXTRUSION.,.F.,.F.,.F.,
(4,4),(2,2),(0.,1.),(0.,1.),.PIECEWISE_BEZIER_KNOTS.);
#36=B_SPLINE_SURFACE_WITH_KNOTS('',3,1,((#16340,#16341),(#16342,#16343),
(#16344,#16345),(#16346,#16347)),.SURF_OF_LINEAR_EXTRUSION.,.F.,.F.,.F.,
(4,4),(2,2),(0.,1.),(0.,1.),.PIECEWISE_BEZIER_KNOTS.);
#37=B_SPLINE_SURFACE_WITH_KNOTS('',3,1,((#16349,#16350),(#16351,#16352),
(#16353,#16354),(#16355,#16356)),.SURF_OF_LINEAR_EXTRUSION.,.F.,.F.,.F.,
(4,4),(2,2),(0.,1.),(0.,1.),.PIECEWISE_BEZIER_KNOTS.);
#38=B_SPLINE_SURFACE_WITH_KNOTS('',3,1,((#16508,#16509),(#16510,#16511),
(#16512,#16513),(#16514,#16515)),.SURF_OF_LINEAR_EXTRUSION.,.F.,.F.,.F.,
(4,4),(2,2),(0.,1.),(0.,1.),.PIECEWISE_BEZIER_KNOTS.);
#39=B_SPLINE_SURFACE_WITH_KNOTS('',3,1,((#16521,#16522),(#16523,#16524),
(#16525,#16526),(#16527,#16528)),.SURF_OF_LINEAR_EXTRUSION.,.F.,.F.,.F.,
(4,4),(2,2),(0.,1.),(0.,1.),.PIECEWISE_BEZIER_KNOTS.);
#40=B_SPLINE_SURFACE_WITH_KNOTS('',3,1,((#16542,#16543),(#16544,#16545),
(#16546,#16547),(#16548,#16549)),.SURF_OF_LINEAR_EXTRUSION.,.F.,.F.,.F.,
(4,4),(2,2),(0.,1.),(0.,1.),.PIECEWISE_BEZIER_KNOTS.);
#41=B_SPLINE_SURFACE_WITH_KNOTS('',3,1,((#16557,#16558),(#16559,#16560),
(#16561,#16562),(#16563,#16564)),.SURF_OF_LINEAR_EXTRUSION.,.F.,.F.,.F.,
(4,4),(2,2),(0.,1.),(0.,1.),.PIECEWISE_BEZIER_KNOTS.);
#42=B_SPLINE_SURFACE_WITH_KNOTS('',3,1,((#16566,#16567),(#16568,#16569),
(#16570,#16571),(#16572,#16573)),.SURF_OF_LINEAR_EXTRUSION.,.F.,.F.,.F.,
(4,4),(2,2),(0.,1.),(0.,1.),.PIECEWISE_BEZIER_KNOTS.);
#43=B_SPLINE_SURFACE_WITH_KNOTS('',3,1,((#16585,#16586),(#16587,#16588),
(#16589,#16590),(#16591,#16592)),.SURF_OF_LINEAR_EXTRUSION.,.F.,.F.,.F.,
(4,4),(2,2),(0.,1.),(0.,1.),.PIECEWISE_BEZIER_KNOTS.);
#44=B_SPLINE_SURFACE_WITH_KNOTS('',3,1,((#16624,#16625),(#16626,#16627),
(#16628,#16629),(#16630,#16631)),.SURF_OF_LINEAR_EXTRUSION.,.F.,.F.,.F.,
(4,4),(2,2),(0.,1.),(0.,1.),.PIECEWISE_BEZIER_KNOTS.);
#45=B_SPLINE_SURFACE_WITH_KNOTS('',3,1,((#16643,#16644),(#16645,#16646),
(#16647,#16648),(#16649,#16650)),.SURF_OF_LINEAR_EXTRUSION.,.F.,.F.,.F.,
(4,4),(2,2),(0.,1.),(0.,1.),.PIECEWISE_BEZIER_KNOTS.);
#46=B_SPLINE_SURFACE_WITH_KNOTS('',3,1,((#16652,#16653),(#16654,#16655),
(#16656,#16657),(#16658,#16659)),.SURF_OF_LINEAR_EXTRUSION.,.F.,.F.,.F.,
(4,4),(2,2),(0.,1.),(0.,1.),.PIECEWISE_BEZIER_KNOTS.);
#47=B_SPLINE_SURFACE_WITH_KNOTS('',3,1,((#16661,#16662),(#16663,#16664),
(#16665,#16666),(#16667,#16668)),.SURF_OF_LINEAR_EXTRUSION.,.F.,.F.,.F.,
(4,4),(2,2),(0.,1.),(0.,1.),.PIECEWISE_BEZIER_KNOTS.);
#48=B_SPLINE_SURFACE_WITH_KNOTS('',3,1,((#16690,#16691),(#16692,#16693),
(#16694,#16695),(#16696,#16697)),.SURF_OF_LINEAR_EXTRUSION.,.F.,.F.,.F.,
(4,4),(2,2),(0.,1.),(0.,1.),.PIECEWISE_BEZIER_KNOTS.);
#49=B_SPLINE_SURFACE_WITH_KNOTS('',3,1,((#16699,#16700),(#16701,#16702),
(#16703,#16704),(#16705,#16706)),.SURF_OF_LINEAR_EXTRUSION.,.F.,.F.,.F.,
(4,4),(2,2),(0.,1.),(0.,1.),.PIECEWISE_BEZIER_KNOTS.);
#50=B_SPLINE_SURFACE_WITH_KNOTS('',3,1,((#16712,#16713),(#16714,#16715),
(#16716,#16717),(#16718,#16719)),.SURF_OF_LINEAR_EXTRUSION.,.F.,.F.,.F.,
(4,4),(2,2),(0.,1.),(0.,1.),.PIECEWISE_BEZIER_KNOTS.);
#51=B_SPLINE_SURFACE_WITH_KNOTS('',3,1,((#16721,#16722),(#16723,#16724),
(#16725,#16726),(#16727,#16728)),.SURF_OF_LINEAR_EXTRUSION.,.F.,.F.,.F.,
(4,4),(2,2),(0.,1.),(0.,1.),.PIECEWISE_BEZIER_KNOTS.);
#52=B_SPLINE_SURFACE_WITH_KNOTS('',3,1,((#16742,#16743),(#16744,#16745),
(#16746,#16747),(#16748,#16749)),.SURF_OF_LINEAR_EXTRUSION.,.F.,.F.,.F.,
(4,4),(2,2),(0.,1.),(0.,1.),.PIECEWISE_BEZIER_KNOTS.);
#53=B_SPLINE_SURFACE_WITH_KNOTS('',3,1,((#16751,#16752),(#16753,#16754),
(#16755,#16756),(#16757,#16758)),.SURF_OF_LINEAR_EXTRUSION.,.F.,.F.,.F.,
(4,4),(2,2),(0.,1.),(0.,1.),.PIECEWISE_BEZIER_KNOTS.);
#54=B_SPLINE_SURFACE_WITH_KNOTS('',3,1,((#16816,#16817),(#16818,#16819),
(#16820,#16821),(#16822,#16823)),.SURF_OF_LINEAR_EXTRUSION.,.F.,.F.,.F.,
(4,4),(2,2),(0.,1.),(0.,1.),.PIECEWISE_BEZIER_KNOTS.);
#55=B_SPLINE_SURFACE_WITH_KNOTS('',3,1,((#16835,#16836),(#16837,#16838),
(#16839,#16840),(#16841,#16842)),.SURF_OF_LINEAR_EXTRUSION.,.F.,.F.,.F.,
(4,4),(2,2),(0.,1.),(0.,1.),.PIECEWISE_BEZIER_KNOTS.);
#56=B_SPLINE_SURFACE_WITH_KNOTS('',3,1,((#16844,#16845),(#16846,#16847),
(#16848,#16849),(#16850,#16851)),.SURF_OF_LINEAR_EXTRUSION.,.F.,.F.,.F.,
(4,4),(2,2),(0.,1.),(0.,1.),.PIECEWISE_BEZIER_KNOTS.);
#57=B_SPLINE_SURFACE_WITH_KNOTS('',3,1,((#16853,#16854),(#16855,#16856),
(#16857,#16858),(#16859,#16860)),.SURF_OF_LINEAR_EXTRUSION.,.F.,.F.,.F.,
(4,4),(2,2),(0.,1.),(0.,1.),.PIECEWISE_BEZIER_KNOTS.);
#58=B_SPLINE_SURFACE_WITH_KNOTS('',3,1,((#16892,#16893),(#16894,#16895),
(#16896,#16897),(#16898,#16899)),.SURF_OF_LINEAR_EXTRUSION.,.F.,.F.,.F.,
(4,4),(2,2),(0.,1.),(0.,1.),.PIECEWISE_BEZIER_KNOTS.);
#59=B_SPLINE_SURFACE_WITH_KNOTS('',3,1,((#16907,#16908),(#16909,#16910),
(#16911,#16912),(#16913,#16914)),.SURF_OF_LINEAR_EXTRUSION.,.F.,.F.,.F.,
(4,4),(2,2),(0.,1.),(0.,1.),.PIECEWISE_BEZIER_KNOTS.);
#60=B_SPLINE_SURFACE_WITH_KNOTS('',3,1,((#16916,#16917),(#16918,#16919),
(#16920,#16921),(#16922,#16923)),.SURF_OF_LINEAR_EXTRUSION.,.F.,.F.,.F.,
(4,4),(2,2),(0.,1.),(0.,1.),.PIECEWISE_BEZIER_KNOTS.);
#61=B_SPLINE_SURFACE_WITH_KNOTS('',3,1,((#16935,#16936),(#16937,#16938),
(#16939,#16940),(#16941,#16942)),.SURF_OF_LINEAR_EXTRUSION.,.F.,.F.,.F.,
(4,4),(2,2),(0.,1.),(0.,1.),.PIECEWISE_BEZIER_KNOTS.);
#62=B_SPLINE_SURFACE_WITH_KNOTS('',3,1,((#16959,#16960),(#16961,#16962),
(#16963,#16964),(#16965,#16966)),.SURF_OF_LINEAR_EXTRUSION.,.F.,.F.,.F.,
(4,4),(2,2),(0.,1.),(0.,1.),.PIECEWISE_BEZIER_KNOTS.);
#63=B_SPLINE_SURFACE_WITH_KNOTS('',3,1,((#16971,#16972),(#16973,#16974),
(#16975,#16976),(#16977,#16978)),.SURF_OF_LINEAR_EXTRUSION.,.F.,.F.,.F.,
(4,4),(2,2),(0.,1.),(0.,1.),.PIECEWISE_BEZIER_KNOTS.);
#64=B_SPLINE_SURFACE_WITH_KNOTS('',3,1,((#16982,#16983),(#16984,#16985),
(#16986,#16987),(#16988,#16989)),.SURF_OF_LINEAR_EXTRUSION.,.F.,.F.,.F.,
(4,4),(2,2),(0.,1.),(0.,1.),.PIECEWISE_BEZIER_KNOTS.);
#65=B_SPLINE_SURFACE_WITH_KNOTS('',3,1,((#16991,#16992),(#16993,#16994),
(#16995,#16996),(#16997,#16998)),.SURF_OF_LINEAR_EXTRUSION.,.F.,.F.,.F.,
(4,4),(2,2),(0.,1.),(0.,1.),.PIECEWISE_BEZIER_KNOTS.);
#66=B_SPLINE_SURFACE_WITH_KNOTS('',3,1,((#17000,#17001),(#17002,#17003),
(#17004,#17005),(#17006,#17007)),.SURF_OF_LINEAR_EXTRUSION.,.F.,.F.,.F.,
(4,4),(2,2),(0.,1.),(0.,1.),.PIECEWISE_BEZIER_KNOTS.);
#67=B_SPLINE_SURFACE_WITH_KNOTS('',3,1,((#17011,#17012),(#17013,#17014),
(#17015,#17016),(#17017,#17018)),.SURF_OF_LINEAR_EXTRUSION.,.F.,.F.,.F.,
(4,4),(2,2),(0.,1.),(0.,1.),.PIECEWISE_BEZIER_KNOTS.);
#68=B_SPLINE_SURFACE_WITH_KNOTS('',3,1,((#17028,#17029),(#17030,#17031),
(#17032,#17033),(#17034,#17035)),.SURF_OF_LINEAR_EXTRUSION.,.F.,.F.,.F.,
(4,4),(2,2),(0.,1.),(0.,1.),.PIECEWISE_BEZIER_KNOTS.);
#69=B_SPLINE_SURFACE_WITH_KNOTS('',3,1,((#17037,#17038),(#17039,#17040),
(#17041,#17042),(#17043,#17044)),.SURF_OF_LINEAR_EXTRUSION.,.F.,.F.,.F.,
(4,4),(2,2),(0.,1.),(0.,1.),.PIECEWISE_BEZIER_KNOTS.);
#70=B_SPLINE_SURFACE_WITH_KNOTS('',3,1,((#17050,#17051),(#17052,#17053),
(#17054,#17055),(#17056,#17057)),.SURF_OF_LINEAR_EXTRUSION.,.F.,.F.,.F.,
(4,4),(2,2),(0.,1.),(0.,1.),.PIECEWISE_BEZIER_KNOTS.);
#71=B_SPLINE_SURFACE_WITH_KNOTS('',3,1,((#17059,#17060),(#17061,#17062),
(#17063,#17064),(#17065,#17066)),.SURF_OF_LINEAR_EXTRUSION.,.F.,.F.,.F.,
(4,4),(2,2),(0.,1.),(0.,1.),.PIECEWISE_BEZIER_KNOTS.);
#72=CYLINDRICAL_SURFACE('',#10704,0.000885083473291965);
#73=CYLINDRICAL_SURFACE('',#10705,0.00210599669155506);
#74=CYLINDRICAL_SURFACE('',#10706,0.000639656208792482);
#75=CYLINDRICAL_SURFACE('',#10708,0.00601638953646315);
#76=CYLINDRICAL_SURFACE('',#10709,0.00935272135330633);
#77=CYLINDRICAL_SURFACE('',#10711,0.00937526740466192);
#78=CYLINDRICAL_SURFACE('',#10712,0.00126583105581194);
#79=CYLINDRICAL_SURFACE('',#10713,0.00177325084283048);
#80=CYLINDRICAL_SURFACE('',#10717,0.00335675670263644);
#81=CYLINDRICAL_SURFACE('',#10718,0.00294321543249629);
#82=CYLINDRICAL_SURFACE('',#10731,0.000510990527266101);
#83=CYLINDRICAL_SURFACE('',#10733,0.00094798821688937);
#84=CYLINDRICAL_SURFACE('',#10737,0.001479837985671);
#85=CYLINDRICAL_SURFACE('',#10738,0.00117441219004667);
#86=CYLINDRICAL_SURFACE('',#10739,0.00220423419920783);
#87=CYLINDRICAL_SURFACE('',#10740,0.00129603735128363);
#88=CYLINDRICAL_SURFACE('',#10744,0.00323967800196002);
#89=CYLINDRICAL_SURFACE('',#10745,0.00272793814705413);
#90=CYLINDRICAL_SURFACE('',#10746,0.00254609761543103);
#91=CYLINDRICAL_SURFACE('',#10747,0.00239934140944456);
#92=CYLINDRICAL_SURFACE('',#10749,0.00285913496124354);
#93=CYLINDRICAL_SURFACE('',#10750,0.00313665475478848);
#94=CYLINDRICAL_SURFACE('',#10752,0.00176527277933189);
#95=CYLINDRICAL_SURFACE('',#10753,0.00158098244130802);
#96=CYLINDRICAL_SURFACE('',#10755,0.00310369035437256);
#97=CYLINDRICAL_SURFACE('',#10756,0.00289315661025629);
#98=CYLINDRICAL_SURFACE('',#10757,0.00233031124057022);
#99=CYLINDRICAL_SURFACE('',#10758,0.00344819058158359);
#100=CYLINDRICAL_SURFACE('',#10760,0.00334233291395594);
#101=CYLINDRICAL_SURFACE('',#10761,0.00492248960829647);
#102=CYLINDRICAL_SURFACE('',#10764,0.00386794390031461);
#103=CYLINDRICAL_SURFACE('',#10765,0.0040486524645912);
#104=CYLINDRICAL_SURFACE('',#10766,0.0024088157249134);
#105=CYLINDRICAL_SURFACE('',#10776,0.000510990527265553);
#106=CYLINDRICAL_SURFACE('',#10778,0.000947988216870934);
#107=CYLINDRICAL_SURFACE('',#10782,0.00147983798566822);
#108=CYLINDRICAL_SURFACE('',#10783,0.00117441219004571);
#109=CYLINDRICAL_SURFACE('',#10784,0.00220423419919365);
#110=CYLINDRICAL_SURFACE('',#10785,0.0012960373512793);
#111=CYLINDRICAL_SURFACE('',#10789,0.00323967800196007);
#112=CYLINDRICAL_SURFACE('',#10790,0.00272793814704791);
#113=CYLINDRICAL_SURFACE('',#10791,0.00254609761543183);
#114=CYLINDRICAL_SURFACE('',#10792,0.00239934140944159);
#115=CYLINDRICAL_SURFACE('',#10864,0.000885083473380169);
#116=CYLINDRICAL_SURFACE('',#10865,0.00210599669159102);
#117=CYLINDRICAL_SURFACE('',#10866,0.000639656208829002);
#118=CYLINDRICAL_SURFACE('',#10868,0.00601638953959137);
#119=CYLINDRICAL_SURFACE('',#10869,0.00935272135283119);
#120=CYLINDRICAL_SURFACE('',#10871,0.00937526740472253);
#121=CYLINDRICAL_SURFACE('',#10872,0.00126583105599145);
#122=CYLINDRICAL_SURFACE('',#10873,0.0022066429771451);
#123=CYLINDRICAL_SURFACE('',#10874,0.00206068383769679);
#124=CYLINDRICAL_SURFACE('',#10875,0.0028421679987018);
#125=CYLINDRICAL_SURFACE('',#10877,0.00119397085827911);
#126=CYLINDRICAL_SURFACE('',#10878,0.00216061033131948);
#127=CYLINDRICAL_SURFACE('',#10880,0.0132651759749397);
#128=CYLINDRICAL_SURFACE('',#10881,0.00340378495931715);
#129=CYLINDRICAL_SURFACE('',#10882,0.0023462870079018);
#130=CYLINDRICAL_SURFACE('',#10883,0.00828515069232106);
#131=CYLINDRICAL_SURFACE('',#10884,0.00496084674647211);
#132=CYLINDRICAL_SURFACE('',#10885,0.00234551624857195);
#133=CYLINDRICAL_SURFACE('',#10886,0.00274638435217164);
#134=CYLINDRICAL_SURFACE('',#10890,0.00555948237985505);
#135=CYLINDRICAL_SURFACE('',#10891,0.00436085926456333);
#136=CYLINDRICAL_SURFACE('',#10892,0.00287788727322905);
#137=CYLINDRICAL_SURFACE('',#10893,0.00178237395230971);
#138=CYLINDRICAL_SURFACE('',#10895,0.00313353774588941);
#139=CYLINDRICAL_SURFACE('',#10896,0.00215843564173872);
#140=CYLINDRICAL_SURFACE('',#10897,0.0262458418260824);
#141=CYLINDRICAL_SURFACE('',#10898,0.00204765793638015);
#142=CYLINDRICAL_SURFACE('',#10899,0.00222122197063756);
#143=CYLINDRICAL_SURFACE('',#10900,0.002330117171054);
#144=CYLINDRICAL_SURFACE('',#10901,0.00259838916874219);
#145=CYLINDRICAL_SURFACE('',#10905,0.000510990527201304);
#146=CYLINDRICAL_SURFACE('',#10907,0.00094798821699977);
#147=CYLINDRICAL_SURFACE('',#10911,0.00147983798567915);
#148=CYLINDRICAL_SURFACE('',#10912,0.00117441219005514);
#149=CYLINDRICAL_SURFACE('',#10913,0.0022042341992176);
#150=CYLINDRICAL_SURFACE('',#10914,0.00129603735127438);
#151=CYLINDRICAL_SURFACE('',#10918,0.00323967800196134);
#152=CYLINDRICAL_SURFACE('',#10919,0.0027279381470656);
#153=CYLINDRICAL_SURFACE('',#10920,0.00254609761543091);
#154=CYLINDRICAL_SURFACE('',#10921,0.00239934140944174);
#155=CYLINDRICAL_SURFACE('',#10946,0.00313353773866855);
#156=CYLINDRICAL_SURFACE('',#10947,0.0021584356417499);
#157=CYLINDRICAL_SURFACE('',#10948,0.0262458418226702);
#158=CYLINDRICAL_SURFACE('',#10949,0.00204765793637246);
#159=CYLINDRICAL_SURFACE('',#10950,0.0022212219706335);
#160=CYLINDRICAL_SURFACE('',#10951,0.00233011717106727);
#161=CYLINDRICAL_SURFACE('',#10952,0.00259838916874983);
#162=CYLINDRICAL_SURFACE('',#10955,0.00828515069235611);
#163=CYLINDRICAL_SURFACE('',#10956,0.00496084674594887);
#164=CYLINDRICAL_SURFACE('',#10957,0.00234551624859347);
#165=CYLINDRICAL_SURFACE('',#10958,0.00274638435217351);
#166=CYLINDRICAL_SURFACE('',#10962,0.00555948237570326);
#167=CYLINDRICAL_SURFACE('',#10963,0.00436085926734172);
#168=CYLINDRICAL_SURFACE('',#10964,0.00287788727264123);
#169=CYLINDRICAL_SURFACE('',#10965,0.00178237395230864);
#170=CYLINDRICAL_SURFACE('',#10967,0.00220664297715928);
#171=CYLINDRICAL_SURFACE('',#10968,0.00206068383771433);
#172=CYLINDRICAL_SURFACE('',#10969,0.00284216799870859);
#173=CYLINDRICAL_SURFACE('',#10971,0.00119397085827398);
#174=CYLINDRICAL_SURFACE('',#10972,0.0021606103313169);
#175=CYLINDRICAL_SURFACE('',#10974,0.0132651759747803);
#176=CYLINDRICAL_SURFACE('',#10975,0.00340378495596553);
#177=CYLINDRICAL_SURFACE('',#10976,0.00234628700791574);
#178=CYLINDRICAL_SURFACE('',#10985,0.00350436616573588);
#179=CYLINDRICAL_SURFACE('',#10986,0.00399937774688753);
#180=CYLINDRICAL_SURFACE('',#10987,0.00364120929520592);
#181=CYLINDRICAL_SURFACE('',#10988,0.00454303673300812);
#182=CYLINDRICAL_SURFACE('',#10992,0.00415540976662082);
#183=CYLINDRICAL_SURFACE('',#10993,0.00209478557542114);
#184=B_SPLINE_CURVE_WITH_KNOTS('',2,(#13745,#13746,#13747),
 .UNSPECIFIED.,.F.,.F.,(3,3),(0.,1.),.PIECEWISE_BEZIER_KNOTS.);
#185=B_SPLINE_CURVE_WITH_KNOTS('',2,(#13753,#13754,#13755),
 .UNSPECIFIED.,.F.,.F.,(3,3),(0.,1.),.PIECEWISE_BEZIER_KNOTS.);
#186=B_SPLINE_CURVE_WITH_KNOTS('',2,(#13765,#13766,#13767),
 .UNSPECIFIED.,.F.,.F.,(3,3),(0.,1.),.PIECEWISE_BEZIER_KNOTS.);
#187=B_SPLINE_CURVE_WITH_KNOTS('',2,(#13821,#13822,#13823),
 .UNSPECIFIED.,.F.,.F.,(3,3),(0.,1.),.PIECEWISE_BEZIER_KNOTS.);
#188=B_SPLINE_CURVE_WITH_KNOTS('',2,(#13825,#13826,#13827),
 .UNSPECIFIED.,.F.,.F.,(3,3),(0.,1.),.PIECEWISE_BEZIER_KNOTS.);
#189=B_SPLINE_CURVE_WITH_KNOTS('',2,(#13833,#13834,#13835),
 .UNSPECIFIED.,.F.,.F.,(3,3),(0.,1.),.PIECEWISE_BEZIER_KNOTS.);
#190=B_SPLINE_CURVE_WITH_KNOTS('',2,(#13837,#13838,#13839),
 .UNSPECIFIED.,.F.,.F.,(3,3),(0.,1.),.PIECEWISE_BEZIER_KNOTS.);
#191=B_SPLINE_CURVE_WITH_KNOTS('',2,(#13853,#13854,#13855),
 .UNSPECIFIED.,.F.,.F.,(3,3),(0.,1.),.PIECEWISE_BEZIER_KNOTS.);
#192=B_SPLINE_CURVE_WITH_KNOTS('',2,(#13857,#13858,#13859),
 .UNSPECIFIED.,.F.,.F.,(3,3),(0.,1.),.PIECEWISE_BEZIER_KNOTS.);
#193=B_SPLINE_CURVE_WITH_KNOTS('',2,(#13860,#13861,#13862),
 .UNSPECIFIED.,.F.,.F.,(3,3),(0.,1.),.PIECEWISE_BEZIER_KNOTS.);
#194=B_SPLINE_CURVE_WITH_KNOTS('',2,(#13865,#13866,#13867),
 .UNSPECIFIED.,.F.,.F.,(3,3),(0.,1.),.PIECEWISE_BEZIER_KNOTS.);
#195=B_SPLINE_CURVE_WITH_KNOTS('',2,(#13869,#13870,#13871),
 .UNSPECIFIED.,.F.,.F.,(3,3),(0.,1.),.PIECEWISE_BEZIER_KNOTS.);
#196=B_SPLINE_CURVE_WITH_KNOTS('',2,(#13873,#13874,#13875),
 .UNSPECIFIED.,.F.,.F.,(3,3),(0.,1.),.PIECEWISE_BEZIER_KNOTS.);
#197=B_SPLINE_CURVE_WITH_KNOTS('',2,(#13885,#13886,#13887),
 .UNSPECIFIED.,.F.,.F.,(3,3),(0.,1.),.PIECEWISE_BEZIER_KNOTS.);
#198=B_SPLINE_CURVE_WITH_KNOTS('',2,(#13889,#13890,#13891),
 .UNSPECIFIED.,.F.,.F.,(3,3),(0.,1.),.PIECEWISE_BEZIER_KNOTS.);
#199=B_SPLINE_CURVE_WITH_KNOTS('',2,(#13893,#13894,#13895),
 .UNSPECIFIED.,.F.,.F.,(3,3),(0.,1.),.PIECEWISE_BEZIER_KNOTS.);
#200=B_SPLINE_CURVE_WITH_KNOTS('',2,(#13897,#13898,#13899),
 .UNSPECIFIED.,.F.,.F.,(3,3),(0.,1.),.PIECEWISE_BEZIER_KNOTS.);
#201=B_SPLINE_CURVE_WITH_KNOTS('',2,(#13901,#13902,#13903),
 .UNSPECIFIED.,.F.,.F.,(3,3),(0.,1.),.PIECEWISE_BEZIER_KNOTS.);
#202=B_SPLINE_CURVE_WITH_KNOTS('',2,(#13905,#13906,#13907),
 .UNSPECIFIED.,.F.,.F.,(3,3),(0.,1.),.PIECEWISE_BEZIER_KNOTS.);
#203=B_SPLINE_CURVE_WITH_KNOTS('',2,(#13941,#13942,#13943),
 .UNSPECIFIED.,.F.,.F.,(3,3),(0.,1.),.PIECEWISE_BEZIER_KNOTS.);
#204=B_SPLINE_CURVE_WITH_KNOTS('',2,(#13979,#13980,#13981),
 .UNSPECIFIED.,.F.,.F.,(3,3),(0.,1.),.PIECEWISE_BEZIER_KNOTS.);
#205=B_SPLINE_CURVE_WITH_KNOTS('',2,(#13983,#13984,#13985),
 .UNSPECIFIED.,.F.,.F.,(3,3),(0.,1.),.PIECEWISE_BEZIER_KNOTS.);
#206=B_SPLINE_CURVE_WITH_KNOTS('',2,(#13991,#13992,#13993),
 .UNSPECIFIED.,.F.,.F.,(3,3),(0.,1.),.PIECEWISE_BEZIER_KNOTS.);
#207=B_SPLINE_CURVE_WITH_KNOTS('',2,(#13995,#13996,#13997),
 .UNSPECIFIED.,.F.,.F.,(3,3),(0.,1.),.PIECEWISE_BEZIER_KNOTS.);
#208=B_SPLINE_CURVE_WITH_KNOTS('',2,(#14011,#14012,#14013),
 .UNSPECIFIED.,.F.,.F.,(3,3),(0.,1.),.PIECEWISE_BEZIER_KNOTS.);
#209=B_SPLINE_CURVE_WITH_KNOTS('',2,(#14015,#14016,#14017),
 .UNSPECIFIED.,.F.,.F.,(3,3),(0.,1.),.PIECEWISE_BEZIER_KNOTS.);
#210=B_SPLINE_CURVE_WITH_KNOTS('',2,(#14169,#14170,#14171),
 .UNSPECIFIED.,.F.,.F.,(3,3),(0.,1.),.PIECEWISE_BEZIER_KNOTS.);
#211=B_SPLINE_CURVE_WITH_KNOTS('',2,(#14177,#14178,#14179),
 .UNSPECIFIED.,.F.,.F.,(3,3),(0.,1.),.PIECEWISE_BEZIER_KNOTS.);
#212=B_SPLINE_CURVE_WITH_KNOTS('',2,(#14187,#14188,#14189),
 .UNSPECIFIED.,.F.,.F.,(3,3),(0.,1.),.PIECEWISE_BEZIER_KNOTS.);
#213=B_SPLINE_CURVE_WITH_KNOTS('',2,(#14191,#14192,#14193),
 .UNSPECIFIED.,.F.,.F.,(3,3),(0.,1.),.PIECEWISE_BEZIER_KNOTS.);
#214=B_SPLINE_CURVE_WITH_KNOTS('',2,(#14205,#14206,#14207),
 .UNSPECIFIED.,.F.,.F.,(3,3),(0.,1.),.PIECEWISE_BEZIER_KNOTS.);
#215=B_SPLINE_CURVE_WITH_KNOTS('',2,(#14209,#14210,#14211),
 .UNSPECIFIED.,.F.,.F.,(3,3),(0.,1.),.PIECEWISE_BEZIER_KNOTS.);
#216=B_SPLINE_CURVE_WITH_KNOTS('',2,(#14244,#14245,#14246),
 .UNSPECIFIED.,.F.,.F.,(3,3),(0.,1.),.PIECEWISE_BEZIER_KNOTS.);
#217=B_SPLINE_CURVE_WITH_KNOTS('',2,(#14257,#14258,#14259),
 .UNSPECIFIED.,.F.,.F.,(3,3),(0.,1.),.PIECEWISE_BEZIER_KNOTS.);
#218=B_SPLINE_CURVE_WITH_KNOTS('',2,(#14271,#14272,#14273),
 .UNSPECIFIED.,.F.,.F.,(3,3),(0.,1.),.PIECEWISE_BEZIER_KNOTS.);
#219=B_SPLINE_CURVE_WITH_KNOTS('',2,(#14275,#14276,#14277),
 .UNSPECIFIED.,.F.,.F.,(3,3),(0.,1.),.PIECEWISE_BEZIER_KNOTS.);
#220=B_SPLINE_CURVE_WITH_KNOTS('',2,(#14301,#14302,#14303),
 .UNSPECIFIED.,.F.,.F.,(3,3),(0.,1.),.PIECEWISE_BEZIER_KNOTS.);
#221=B_SPLINE_CURVE_WITH_KNOTS('',2,(#14305,#14306,#14307),
 .UNSPECIFIED.,.F.,.F.,(3,3),(0.,1.),.PIECEWISE_BEZIER_KNOTS.);
#222=B_SPLINE_CURVE_WITH_KNOTS('',2,(#14313,#14314,#14315),
 .UNSPECIFIED.,.F.,.F.,(3,3),(0.,1.),.PIECEWISE_BEZIER_KNOTS.);
#223=B_SPLINE_CURVE_WITH_KNOTS('',2,(#14317,#14318,#14319),
 .UNSPECIFIED.,.F.,.F.,(3,3),(0.,1.),.PIECEWISE_BEZIER_KNOTS.);
#224=B_SPLINE_CURVE_WITH_KNOTS('',2,(#14333,#14334,#14335),
 .UNSPECIFIED.,.F.,.F.,(3,3),(0.,1.),.PIECEWISE_BEZIER_KNOTS.);
#225=B_SPLINE_CURVE_WITH_KNOTS('',2,(#14337,#14338,#14339),
 .UNSPECIFIED.,.F.,.F.,(3,3),(0.,1.),.PIECEWISE_BEZIER_KNOTS.);
#226=B_SPLINE_CURVE_WITH_KNOTS('',2,(#14386,#14387,#14388),
 .UNSPECIFIED.,.F.,.F.,(3,3),(0.,1.),.PIECEWISE_BEZIER_KNOTS.);
#227=B_SPLINE_CURVE_WITH_KNOTS('',2,(#14399,#14400,#14401),
 .UNSPECIFIED.,.F.,.F.,(3,3),(0.,1.),.PIECEWISE_BEZIER_KNOTS.);
#228=B_SPLINE_CURVE_WITH_KNOTS('',2,(#14413,#14414,#14415),
 .UNSPECIFIED.,.F.,.F.,(3,3),(0.,1.),.PIECEWISE_BEZIER_KNOTS.);
#229=B_SPLINE_CURVE_WITH_KNOTS('',2,(#14417,#14418,#14419),
 .UNSPECIFIED.,.F.,.F.,(3,3),(0.,1.),.PIECEWISE_BEZIER_KNOTS.);
#230=B_SPLINE_CURVE_WITH_KNOTS('',2,(#14447,#14448,#14449),
 .UNSPECIFIED.,.F.,.F.,(3,3),(0.,1.),.PIECEWISE_BEZIER_KNOTS.);
#231=B_SPLINE_CURVE_WITH_KNOTS('',2,(#14451,#14452,#14453),
 .UNSPECIFIED.,.F.,.F.,(3,3),(0.,1.),.PIECEWISE_BEZIER_KNOTS.);
#232=B_SPLINE_CURVE_WITH_KNOTS('',2,(#14465,#14466,#14467),
 .UNSPECIFIED.,.F.,.F.,(3,3),(0.,1.),.PIECEWISE_BEZIER_KNOTS.);
#233=B_SPLINE_CURVE_WITH_KNOTS('',2,(#14469,#14470,#14471),
 .UNSPECIFIED.,.F.,.F.,(3,3),(0.,1.),.PIECEWISE_BEZIER_KNOTS.);
#234=B_SPLINE_CURVE_WITH_KNOTS('',2,(#14501,#14502,#14503),
 .UNSPECIFIED.,.F.,.F.,(3,3),(0.,1.),.PIECEWISE_BEZIER_KNOTS.);
#235=B_SPLINE_CURVE_WITH_KNOTS('',2,(#14505,#14506,#14507),
 .UNSPECIFIED.,.F.,.F.,(3,3),(0.,1.),.PIECEWISE_BEZIER_KNOTS.);
#236=B_SPLINE_CURVE_WITH_KNOTS('',2,(#14513,#14514,#14515),
 .UNSPECIFIED.,.F.,.F.,(3,3),(0.,1.),.PIECEWISE_BEZIER_KNOTS.);
#237=B_SPLINE_CURVE_WITH_KNOTS('',2,(#14517,#14518,#14519),
 .UNSPECIFIED.,.F.,.F.,(3,3),(0.,1.),.PIECEWISE_BEZIER_KNOTS.);
#238=B_SPLINE_CURVE_WITH_KNOTS('',2,(#14521,#14522,#14523),
 .UNSPECIFIED.,.F.,.F.,(3,3),(0.,1.),.PIECEWISE_BEZIER_KNOTS.);
#239=B_SPLINE_CURVE_WITH_KNOTS('',2,(#14527,#14528,#14529),
 .UNSPECIFIED.,.F.,.F.,(3,3),(0.,1.),.PIECEWISE_BEZIER_KNOTS.);
#240=B_SPLINE_CURVE_WITH_KNOTS('',2,(#14539,#14540,#14541),
 .UNSPECIFIED.,.F.,.F.,(3,3),(0.,1.),.PIECEWISE_BEZIER_KNOTS.);
#241=B_SPLINE_CURVE_WITH_KNOTS('',2,(#14543,#14544,#14545),
 .UNSPECIFIED.,.F.,.F.,(3,3),(0.,1.),.PIECEWISE_BEZIER_KNOTS.);
#242=B_SPLINE_CURVE_WITH_KNOTS('',2,(#14551,#14552,#14553),
 .UNSPECIFIED.,.F.,.F.,(3,3),(0.,1.),.PIECEWISE_BEZIER_KNOTS.);
#243=B_SPLINE_CURVE_WITH_KNOTS('',2,(#14555,#14556,#14557),
 .UNSPECIFIED.,.F.,.F.,(3,3),(0.,1.),.PIECEWISE_BEZIER_KNOTS.);
#244=B_SPLINE_CURVE_WITH_KNOTS('',2,(#14569,#14570,#14571),
 .UNSPECIFIED.,.F.,.F.,(3,3),(0.,1.),.PIECEWISE_BEZIER_KNOTS.);
#245=B_SPLINE_CURVE_WITH_KNOTS('',2,(#14584,#14585,#14586),
 .UNSPECIFIED.,.F.,.F.,(3,3),(0.,1.),.PIECEWISE_BEZIER_KNOTS.);
#246=B_SPLINE_CURVE_WITH_KNOTS('',2,(#14588,#14589,#14590),
 .UNSPECIFIED.,.F.,.F.,(3,3),(0.,1.),.PIECEWISE_BEZIER_KNOTS.);
#247=B_SPLINE_CURVE_WITH_KNOTS('',2,(#14602,#14603,#14604),
 .UNSPECIFIED.,.F.,.F.,(3,3),(0.,1.),.PIECEWISE_BEZIER_KNOTS.);
#248=B_SPLINE_CURVE_WITH_KNOTS('',2,(#14608,#14609,#14610),
 .UNSPECIFIED.,.F.,.F.,(3,3),(0.,1.),.PIECEWISE_BEZIER_KNOTS.);
#249=B_SPLINE_CURVE_WITH_KNOTS('',2,(#14612,#14613,#14614),
 .UNSPECIFIED.,.F.,.F.,(3,3),(0.,1.),.PIECEWISE_BEZIER_KNOTS.);
#250=B_SPLINE_CURVE_WITH_KNOTS('',2,(#14616,#14617,#14618),
 .UNSPECIFIED.,.F.,.F.,(3,3),(0.,1.),.PIECEWISE_BEZIER_KNOTS.);
#251=B_SPLINE_CURVE_WITH_KNOTS('',2,(#14630,#14631,#14632),
 .UNSPECIFIED.,.F.,.F.,(3,3),(0.,1.),.PIECEWISE_BEZIER_KNOTS.);
#252=B_SPLINE_CURVE_WITH_KNOTS('',2,(#14658,#14659,#14660),
 .UNSPECIFIED.,.F.,.F.,(3,3),(0.,1.),.PIECEWISE_BEZIER_KNOTS.);
#253=B_SPLINE_CURVE_WITH_KNOTS('',2,(#14662,#14663,#14664),
 .UNSPECIFIED.,.F.,.F.,(3,3),(0.,1.),.PIECEWISE_BEZIER_KNOTS.);
#254=B_SPLINE_CURVE_WITH_KNOTS('',2,(#14666,#14667,#14668),
 .UNSPECIFIED.,.F.,.F.,(3,3),(0.,1.),.PIECEWISE_BEZIER_KNOTS.);
#255=B_SPLINE_CURVE_WITH_KNOTS('',2,(#14680,#14681,#14682),
 .UNSPECIFIED.,.F.,.F.,(3,3),(0.,1.),.PIECEWISE_BEZIER_KNOTS.);
#256=B_SPLINE_CURVE_WITH_KNOTS('',2,(#14689,#14690,#14691),
 .UNSPECIFIED.,.F.,.F.,(3,3),(0.,1.),.PIECEWISE_BEZIER_KNOTS.);
#257=B_SPLINE_CURVE_WITH_KNOTS('',2,(#14704,#14705,#14706),
 .UNSPECIFIED.,.F.,.F.,(3,3),(0.,1.),.PIECEWISE_BEZIER_KNOTS.);
#258=B_SPLINE_CURVE_WITH_KNOTS('',2,(#14708,#14709,#14710),
 .UNSPECIFIED.,.F.,.F.,(3,3),(0.,1.),.PIECEWISE_BEZIER_KNOTS.);
#259=B_SPLINE_CURVE_WITH_KNOTS('',2,(#14722,#14723,#14724),
 .UNSPECIFIED.,.F.,.F.,(3,3),(0.,1.),.PIECEWISE_BEZIER_KNOTS.);
#260=B_SPLINE_CURVE_WITH_KNOTS('',2,(#14794,#14795,#14796),
 .UNSPECIFIED.,.F.,.F.,(3,3),(0.,1.),.PIECEWISE_BEZIER_KNOTS.);
#261=B_SPLINE_CURVE_WITH_KNOTS('',2,(#14798,#14799,#14800),
 .UNSPECIFIED.,.F.,.F.,(3,3),(0.,1.),.PIECEWISE_BEZIER_KNOTS.);
#262=B_SPLINE_CURVE_WITH_KNOTS('',2,(#14814,#14815,#14816),
 .UNSPECIFIED.,.F.,.F.,(3,3),(0.,1.),.PIECEWISE_BEZIER_KNOTS.);
#263=B_SPLINE_CURVE_WITH_KNOTS('',2,(#14818,#14819,#14820),
 .UNSPECIFIED.,.F.,.F.,(3,3),(0.,1.),.PIECEWISE_BEZIER_KNOTS.);
#264=B_SPLINE_CURVE_WITH_KNOTS('',2,(#14826,#14827,#14828),
 .UNSPECIFIED.,.F.,.F.,(3,3),(0.,1.),.PIECEWISE_BEZIER_KNOTS.);
#265=B_SPLINE_CURVE_WITH_KNOTS('',2,(#14830,#14831,#14832),
 .UNSPECIFIED.,.F.,.F.,(3,3),(0.,1.),.PIECEWISE_BEZIER_KNOTS.);
#266=B_SPLINE_CURVE_WITH_KNOTS('',2,(#14860,#14861,#14862),
 .UNSPECIFIED.,.F.,.F.,(3,3),(0.,1.),.PIECEWISE_BEZIER_KNOTS.);
#267=B_SPLINE_CURVE_WITH_KNOTS('',2,(#14888,#14889,#14890),
 .UNSPECIFIED.,.F.,.F.,(3,3),(0.,1.),.PIECEWISE_BEZIER_KNOTS.);
#268=B_SPLINE_CURVE_WITH_KNOTS('',2,(#14892,#14893,#14894),
 .UNSPECIFIED.,.F.,.F.,(3,3),(0.,1.),.PIECEWISE_BEZIER_KNOTS.);
#269=B_SPLINE_CURVE_WITH_KNOTS('',2,(#14908,#14909,#14910),
 .UNSPECIFIED.,.F.,.F.,(3,3),(0.,1.),.PIECEWISE_BEZIER_KNOTS.);
#270=B_SPLINE_CURVE_WITH_KNOTS('',2,(#14912,#14913,#14914),
 .UNSPECIFIED.,.F.,.F.,(3,3),(0.,1.),.PIECEWISE_BEZIER_KNOTS.);
#271=B_SPLINE_CURVE_WITH_KNOTS('',2,(#14920,#14921,#14922),
 .UNSPECIFIED.,.F.,.F.,(3,3),(0.,1.),.PIECEWISE_BEZIER_KNOTS.);
#272=B_SPLINE_CURVE_WITH_KNOTS('',2,(#14924,#14925,#14926),
 .UNSPECIFIED.,.F.,.F.,(3,3),(0.,1.),.PIECEWISE_BEZIER_KNOTS.);
#273=B_SPLINE_CURVE_WITH_KNOTS('',2,(#14962,#14963,#14964),
 .UNSPECIFIED.,.F.,.F.,(3,3),(0.,1.),.PIECEWISE_BEZIER_KNOTS.);
#274=B_SPLINE_CURVE_WITH_KNOTS('',2,(#14970,#14971,#14972),
 .UNSPECIFIED.,.F.,.F.,(3,3),(0.,1.),.PIECEWISE_BEZIER_KNOTS.);
#275=B_SPLINE_CURVE_WITH_KNOTS('',2,(#15274,#15275,#15276),
 .UNSPECIFIED.,.F.,.F.,(3,3),(0.,1.),.PIECEWISE_BEZIER_KNOTS.);
#276=B_SPLINE_CURVE_WITH_KNOTS('',2,(#15289,#15290,#15291),
 .UNSPECIFIED.,.F.,.F.,(3,3),(0.,1.),.PIECEWISE_BEZIER_KNOTS.);
#277=B_SPLINE_CURVE_WITH_KNOTS('',2,(#15294,#15295,#15296),
 .UNSPECIFIED.,.F.,.F.,(3,3),(0.,1.),.PIECEWISE_BEZIER_KNOTS.);
#278=B_SPLINE_CURVE_WITH_KNOTS('',2,(#15306,#15307,#15308),
 .UNSPECIFIED.,.F.,.F.,(3,3),(0.,1.),.PIECEWISE_BEZIER_KNOTS.);
#279=B_SPLINE_CURVE_WITH_KNOTS('',2,(#15310,#15311,#15312),
 .UNSPECIFIED.,.F.,.F.,(3,3),(0.,1.),.PIECEWISE_BEZIER_KNOTS.);
#280=B_SPLINE_CURVE_WITH_KNOTS('',2,(#15314,#15315,#15316),
 .UNSPECIFIED.,.F.,.F.,(3,3),(0.,1.),.PIECEWISE_BEZIER_KNOTS.);
#281=B_SPLINE_CURVE_WITH_KNOTS('',2,(#15318,#15319,#15320),
 .UNSPECIFIED.,.F.,.F.,(3,3),(0.,1.),.PIECEWISE_BEZIER_KNOTS.);
#282=B_SPLINE_CURVE_WITH_KNOTS('',2,(#15322,#15323,#15324),
 .UNSPECIFIED.,.F.,.F.,(3,3),(0.,1.),.PIECEWISE_BEZIER_KNOTS.);
#283=B_SPLINE_CURVE_WITH_KNOTS('',2,(#15326,#15327,#15328),
 .UNSPECIFIED.,.F.,.F.,(3,3),(0.,1.),.PIECEWISE_BEZIER_KNOTS.);
#284=B_SPLINE_CURVE_WITH_KNOTS('',2,(#15338,#15339,#15340),
 .UNSPECIFIED.,.F.,.F.,(3,3),(0.,1.),.PIECEWISE_BEZIER_KNOTS.);
#285=B_SPLINE_CURVE_WITH_KNOTS('',2,(#15342,#15343,#15344),
 .UNSPECIFIED.,.F.,.F.,(3,3),(0.,1.),.PIECEWISE_BEZIER_KNOTS.);
#286=B_SPLINE_CURVE_WITH_KNOTS('',2,(#15438,#15439,#15440),
 .UNSPECIFIED.,.F.,.F.,(3,3),(0.,1.),.PIECEWISE_BEZIER_KNOTS.);
#287=B_SPLINE_CURVE_WITH_KNOTS('',2,(#15446,#15447,#15448),
 .UNSPECIFIED.,.F.,.F.,(3,3),(0.,1.),.PIECEWISE_BEZIER_KNOTS.);
#288=B_SPLINE_CURVE_WITH_KNOTS('',2,(#15484,#15485,#15486),
 .UNSPECIFIED.,.F.,.F.,(3,3),(0.,1.),.PIECEWISE_BEZIER_KNOTS.);
#289=B_SPLINE_CURVE_WITH_KNOTS('',2,(#15488,#15489,#15490),
 .UNSPECIFIED.,.F.,.F.,(3,3),(0.,1.),.PIECEWISE_BEZIER_KNOTS.);
#290=B_SPLINE_CURVE_WITH_KNOTS('',2,(#15504,#15505,#15506),
 .UNSPECIFIED.,.F.,.F.,(3,3),(0.,1.),.PIECEWISE_BEZIER_KNOTS.);
#291=B_SPLINE_CURVE_WITH_KNOTS('',2,(#15508,#15509,#15510),
 .UNSPECIFIED.,.F.,.F.,(3,3),(0.,1.),.PIECEWISE_BEZIER_KNOTS.);
#292=B_SPLINE_CURVE_WITH_KNOTS('',2,(#15516,#15517,#15518),
 .UNSPECIFIED.,.F.,.F.,(3,3),(0.,1.),.PIECEWISE_BEZIER_KNOTS.);
#293=B_SPLINE_CURVE_WITH_KNOTS('',2,(#15520,#15521,#15522),
 .UNSPECIFIED.,.F.,.F.,(3,3),(0.,1.),.PIECEWISE_BEZIER_KNOTS.);
#294=B_SPLINE_CURVE_WITH_KNOTS('',2,(#15610,#15611,#15612),
 .UNSPECIFIED.,.F.,.F.,(3,3),(0.,1.),.PIECEWISE_BEZIER_KNOTS.);
#295=B_SPLINE_CURVE_WITH_KNOTS('',2,(#15614,#15615,#15616),
 .UNSPECIFIED.,.F.,.F.,(3,3),(0.,1.),.PIECEWISE_BEZIER_KNOTS.);
#296=B_SPLINE_CURVE_WITH_KNOTS('',2,(#15622,#15623,#15624),
 .UNSPECIFIED.,.F.,.F.,(3,3),(0.,1.),.PIECEWISE_BEZIER_KNOTS.);
#297=B_SPLINE_CURVE_WITH_KNOTS('',2,(#15626,#15627,#15628),
 .UNSPECIFIED.,.F.,.F.,(3,3),(0.,1.),.PIECEWISE_BEZIER_KNOTS.);
#298=B_SPLINE_CURVE_WITH_KNOTS('',2,(#15638,#15639,#15640),
 .UNSPECIFIED.,.F.,.F.,(3,3),(0.,1.),.PIECEWISE_BEZIER_KNOTS.);
#299=B_SPLINE_CURVE_WITH_KNOTS('',2,(#15644,#15645,#15646),
 .UNSPECIFIED.,.F.,.F.,(3,3),(0.,1.),.PIECEWISE_BEZIER_KNOTS.);
#300=B_SPLINE_CURVE_WITH_KNOTS('',2,(#15648,#15649,#15650),
 .UNSPECIFIED.,.F.,.F.,(3,3),(0.,1.),.PIECEWISE_BEZIER_KNOTS.);
#301=B_SPLINE_CURVE_WITH_KNOTS('',2,(#15652,#15653,#15654),
 .UNSPECIFIED.,.F.,.F.,(3,3),(0.,1.),.PIECEWISE_BEZIER_KNOTS.);
#302=B_SPLINE_CURVE_WITH_KNOTS('',2,(#15660,#15661,#15662),
 .UNSPECIFIED.,.F.,.F.,(3,3),(0.,1.),.PIECEWISE_BEZIER_KNOTS.);
#303=B_SPLINE_CURVE_WITH_KNOTS('',2,(#15664,#15665,#15666),
 .UNSPECIFIED.,.F.,.F.,(3,3),(0.,1.),.PIECEWISE_BEZIER_KNOTS.);
#304=CIRCLE('',#10339,0.00937526740466192);
#305=CIRCLE('',#10340,0.00126583105581194);
#306=CIRCLE('',#10341,0.000639656208792482);
#307=CIRCLE('',#10342,0.000885083473291965);
#308=CIRCLE('',#10343,0.00210599669155506);
#309=CIRCLE('',#10344,0.00601638953646315);
#310=CIRCLE('',#10345,0.00935272135330633);
#311=CIRCLE('',#10346,0.00294321543249629);
#312=CIRCLE('',#10347,0.00177325084283048);
#313=CIRCLE('',#10348,0.00335675670263644);
#314=CIRCLE('',#10349,0.00239934140944456);
#315=CIRCLE('',#10350,0.000510990527266101);
#316=CIRCLE('',#10351,0.00094798821688937);
#317=CIRCLE('',#10352,0.001479837985671);
#318=CIRCLE('',#10353,0.00117441219004667);
#319=CIRCLE('',#10354,0.00220423419920783);
#320=CIRCLE('',#10355,0.00129603735128363);
#321=CIRCLE('',#10356,0.00323967800196002);
#322=CIRCLE('',#10357,0.00272793814705413);
#323=CIRCLE('',#10358,0.00254609761543103);
#324=CIRCLE('',#10359,0.00285913496124354);
#325=CIRCLE('',#10360,0.00313665475478848);
#326=CIRCLE('',#10361,0.00176527277933189);
#327=CIRCLE('',#10362,0.00158098244130802);
#328=CIRCLE('',#10363,0.00310369035437256);
#329=CIRCLE('',#10364,0.00289315661025629);
#330=CIRCLE('',#10365,0.00233031124057022);
#331=CIRCLE('',#10366,0.00344819058158359);
#332=CIRCLE('',#10367,0.00334233291395594);
#333=CIRCLE('',#10368,0.00492248960829647);
#334=CIRCLE('',#10369,0.00386794390031461);
#335=CIRCLE('',#10370,0.0040486524645912);
#336=CIRCLE('',#10371,0.0024088157249134);
#337=CIRCLE('',#10372,0.00239934140944159);
#338=CIRCLE('',#10373,0.000510990527265553);
#339=CIRCLE('',#10374,0.000947988216870934);
#340=CIRCLE('',#10375,0.00147983798566822);
#341=CIRCLE('',#10376,0.00117441219004571);
#342=CIRCLE('',#10377,0.00220423419919365);
#343=CIRCLE('',#10378,0.0012960373512793);
#344=CIRCLE('',#10379,0.00323967800196007);
#345=CIRCLE('',#10380,0.00272793814704791);
#346=CIRCLE('',#10381,0.00254609761543183);
#347=CIRCLE('',#10382,0.00937526740472253);
#348=CIRCLE('',#10383,0.00126583105599145);
#349=CIRCLE('',#10384,0.000639656208829002);
#350=CIRCLE('',#10385,0.000885083473380169);
#351=CIRCLE('',#10386,0.00210599669159102);
#352=CIRCLE('',#10387,0.00601638953959137);
#353=CIRCLE('',#10388,0.00935272135283119);
#354=CIRCLE('',#10389,0.0023462870079018);
#355=CIRCLE('',#10390,0.0022066429771451);
#356=CIRCLE('',#10391,0.00206068383769679);
#357=CIRCLE('',#10392,0.0028421679987018);
#358=CIRCLE('',#10393,0.00119397085827911);
#359=CIRCLE('',#10394,0.00216061033131948);
#360=CIRCLE('',#10395,0.0132651759749397);
#361=CIRCLE('',#10396,0.00340378495931715);
#362=CIRCLE('',#10397,0.00178237395230971);
#363=CIRCLE('',#10398,0.00234551624857195);
#364=CIRCLE('',#10399,0.00828515069232106);
#365=CIRCLE('',#10400,0.00496084674647211);
#366=CIRCLE('',#10401,0.00274638435217164);
#367=CIRCLE('',#10402,0.00555948237985505);
#368=CIRCLE('',#10403,0.00436085926456333);
#369=CIRCLE('',#10404,0.00287788727322905);
#370=CIRCLE('',#10405,0.0262458418260824);
#371=CIRCLE('',#10406,0.00313353774588941);
#372=CIRCLE('',#10407,0.00215843564173872);
#373=CIRCLE('',#10408,0.00204765793638015);
#374=CIRCLE('',#10409,0.00222122197063756);
#375=CIRCLE('',#10410,0.002330117171054);
#376=CIRCLE('',#10411,0.00259838916874219);
#377=CIRCLE('',#10412,0.00239934140944174);
#378=CIRCLE('',#10413,0.000510990527201304);
#379=CIRCLE('',#10414,0.00094798821699977);
#380=CIRCLE('',#10415,0.00147983798567915);
#381=CIRCLE('',#10416,0.00117441219005514);
#382=CIRCLE('',#10417,0.0022042341992176);
#383=CIRCLE('',#10418,0.00129603735127438);
#384=CIRCLE('',#10419,0.00323967800196134);
#385=CIRCLE('',#10420,0.0027279381470656);
#386=CIRCLE('',#10421,0.00254609761543091);
#387=CIRCLE('',#10422,0.0262458418226702);
#388=CIRCLE('',#10423,0.00313353773866855);
#389=CIRCLE('',#10424,0.0021584356417499);
#390=CIRCLE('',#10425,0.00204765793637246);
#391=CIRCLE('',#10426,0.0022212219706335);
#392=CIRCLE('',#10427,0.00233011717106727);
#393=CIRCLE('',#10428,0.00259838916874983);
#394=CIRCLE('',#10429,0.00178237395230864);
#395=CIRCLE('',#10430,0.00234551624859347);
#396=CIRCLE('',#10431,0.00828515069235611);
#397=CIRCLE('',#10432,0.00496084674594887);
#398=CIRCLE('',#10433,0.00274638435217351);
#399=CIRCLE('',#10434,0.00555948237570326);
#400=CIRCLE('',#10435,0.00436085926734172);
#401=CIRCLE('',#10436,0.00287788727264123);
#402=CIRCLE('',#10437,0.00234628700791574);
#403=CIRCLE('',#10438,0.00220664297715928);
#404=CIRCLE('',#10439,0.00206068383771433);
#405=CIRCLE('',#10440,0.00284216799870859);
#406=CIRCLE('',#10441,0.00119397085827398);
#407=CIRCLE('',#10442,0.0021606103313169);
#408=CIRCLE('',#10443,0.0132651759747803);
#409=CIRCLE('',#10444,0.00340378495596553);
#410=CIRCLE('',#10445,0.00350436616573588);
#411=CIRCLE('',#10446,0.00399937774688753);
#412=CIRCLE('',#10447,0.00364120929520592);
#413=CIRCLE('',#10448,0.00454303673300812);
#414=CIRCLE('',#10449,0.00415540976662082);
#415=CIRCLE('',#10450,0.00209478557542114);
#416=CIRCLE('',#10452,0.00234628700791574);
#417=CIRCLE('',#10453,0.00340378495596553);
#418=CIRCLE('',#10454,0.0132651759747803);
#419=CIRCLE('',#10455,0.0021606103313169);
#420=CIRCLE('',#10456,0.00119397085827398);
#421=CIRCLE('',#10457,0.00284216799870859);
#422=CIRCLE('',#10458,0.00206068383771433);
#423=CIRCLE('',#10459,0.00220664297715928);
#424=CIRCLE('',#10460,0.00259838916874983);
#425=CIRCLE('',#10461,0.00233011717106727);
#426=CIRCLE('',#10462,0.0022212219706335);
#427=CIRCLE('',#10463,0.00204765793637246);
#428=CIRCLE('',#10464,0.0021584356417499);
#429=CIRCLE('',#10465,0.00313353773866855);
#430=CIRCLE('',#10466,0.0262458418226702);
#431=CIRCLE('',#10467,0.00259838916874219);
#432=CIRCLE('',#10468,0.002330117171054);
#433=CIRCLE('',#10469,0.00222122197063756);
#434=CIRCLE('',#10470,0.00204765793638015);
#435=CIRCLE('',#10471,0.00215843564173872);
#436=CIRCLE('',#10472,0.00313353774588941);
#437=CIRCLE('',#10473,0.0262458418260824);
#438=CIRCLE('',#10474,0.0023462870079018);
#439=CIRCLE('',#10475,0.00340378495931715);
#440=CIRCLE('',#10476,0.0132651759749397);
#441=CIRCLE('',#10477,0.00216061033131948);
#442=CIRCLE('',#10478,0.00119397085827911);
#443=CIRCLE('',#10479,0.0028421679987018);
#444=CIRCLE('',#10480,0.00206068383769679);
#445=CIRCLE('',#10481,0.0022066429771451);
#446=CIRCLE('',#10482,0.00239934140944159);
#447=CIRCLE('',#10483,0.00254609761543183);
#448=CIRCLE('',#10484,0.00272793814704791);
#449=CIRCLE('',#10485,0.00323967800196007);
#450=CIRCLE('',#10486,0.0012960373512793);
#451=CIRCLE('',#10487,0.00220423419919365);
#452=CIRCLE('',#10488,0.00117441219004571);
#453=CIRCLE('',#10489,0.00147983798566822);
#454=CIRCLE('',#10490,0.000947988216870934);
#455=CIRCLE('',#10491,0.000510990527265553);
#456=CIRCLE('',#10492,0.0024088157249134);
#457=CIRCLE('',#10493,0.0040486524645912);
#458=CIRCLE('',#10494,0.00386794390031461);
#459=CIRCLE('',#10495,0.00492248960829647);
#460=CIRCLE('',#10496,0.00334233291395594);
#461=CIRCLE('',#10497,0.00344819058158359);
#462=CIRCLE('',#10498,0.00233031124057022);
#463=CIRCLE('',#10499,0.00239934140944456);
#464=CIRCLE('',#10500,0.00254609761543103);
#465=CIRCLE('',#10501,0.00272793814705413);
#466=CIRCLE('',#10502,0.00323967800196002);
#467=CIRCLE('',#10503,0.00129603735128363);
#468=CIRCLE('',#10504,0.00220423419920783);
#469=CIRCLE('',#10505,0.00117441219004667);
#470=CIRCLE('',#10506,0.001479837985671);
#471=CIRCLE('',#10507,0.00094798821688937);
#472=CIRCLE('',#10508,0.000510990527266101);
#473=CIRCLE('',#10509,0.00126583105581194);
#474=CIRCLE('',#10510,0.00937526740466192);
#475=CIRCLE('',#10511,0.00935272135330633);
#476=CIRCLE('',#10512,0.00601638953646315);
#477=CIRCLE('',#10513,0.00210599669155506);
#478=CIRCLE('',#10514,0.000885083473291965);
#479=CIRCLE('',#10515,0.000639656208792482);
#480=CIRCLE('',#10516,0.00294321543249629);
#481=CIRCLE('',#10517,0.00335675670263644);
#482=CIRCLE('',#10518,0.00177325084283048);
#483=CIRCLE('',#10519,0.00289315661025629);
#484=CIRCLE('',#10520,0.00310369035437256);
#485=CIRCLE('',#10521,0.00158098244130802);
#486=CIRCLE('',#10522,0.00176527277933189);
#487=CIRCLE('',#10523,0.00313665475478848);
#488=CIRCLE('',#10524,0.00285913496124354);
#489=CIRCLE('',#10525,0.00126583105599145);
#490=CIRCLE('',#10526,0.00937526740472253);
#491=CIRCLE('',#10527,0.00935272135283119);
#492=CIRCLE('',#10528,0.00601638953959137);
#493=CIRCLE('',#10529,0.00210599669159102);
#494=CIRCLE('',#10530,0.000885083473380169);
#495=CIRCLE('',#10531,0.000639656208829002);
#496=CIRCLE('',#10532,0.00178237395230971);
#497=CIRCLE('',#10533,0.00287788727322905);
#498=CIRCLE('',#10534,0.00436085926456333);
#499=CIRCLE('',#10535,0.00555948237985505);
#500=CIRCLE('',#10536,0.00274638435217164);
#501=CIRCLE('',#10537,0.00496084674647211);
#502=CIRCLE('',#10538,0.00828515069232106);
#503=CIRCLE('',#10539,0.00234551624857195);
#504=CIRCLE('',#10540,0.00239934140944174);
#505=CIRCLE('',#10541,0.00254609761543091);
#506=CIRCLE('',#10542,0.0027279381470656);
#507=CIRCLE('',#10543,0.00323967800196134);
#508=CIRCLE('',#10544,0.00129603735127438);
#509=CIRCLE('',#10545,0.0022042341992176);
#510=CIRCLE('',#10546,0.00117441219005514);
#511=CIRCLE('',#10547,0.00147983798567915);
#512=CIRCLE('',#10548,0.00094798821699977);
#513=CIRCLE('',#10549,0.000510990527201304);
#514=CIRCLE('',#10550,0.00178237395230864);
#515=CIRCLE('',#10551,0.00287788727264123);
#516=CIRCLE('',#10552,0.00436085926734172);
#517=CIRCLE('',#10553,0.00555948237570326);
#518=CIRCLE('',#10554,0.00274638435217351);
#519=CIRCLE('',#10555,0.00496084674594887);
#520=CIRCLE('',#10556,0.00828515069235611);
#521=CIRCLE('',#10557,0.00234551624859347);
#522=CIRCLE('',#10558,0.00209478557542114);
#523=CIRCLE('',#10559,0.00415540976662082);
#524=CIRCLE('',#10560,0.00454303673300812);
#525=CIRCLE('',#10561,0.00364120929520592);
#526=CIRCLE('',#10562,0.00399937774688753);
#527=CIRCLE('',#10563,0.00350436616573588);
#528=ORIENTED_EDGE('',*,*,#3486,.T.);
#529=ORIENTED_EDGE('',*,*,#3487,.T.);
#530=ORIENTED_EDGE('',*,*,#3488,.F.);
#531=ORIENTED_EDGE('',*,*,#3489,.F.);
#532=ORIENTED_EDGE('',*,*,#3490,.F.);
#533=ORIENTED_EDGE('',*,*,#3491,.T.);
#534=ORIENTED_EDGE('',*,*,#3492,.T.);
#535=ORIENTED_EDGE('',*,*,#3493,.F.);
#536=ORIENTED_EDGE('',*,*,#3494,.T.);
#537=ORIENTED_EDGE('',*,*,#3495,.T.);
#538=ORIENTED_EDGE('',*,*,#3496,.F.);
#539=ORIENTED_EDGE('',*,*,#3497,.T.);
#540=ORIENTED_EDGE('',*,*,#3498,.T.);
#541=ORIENTED_EDGE('',*,*,#3499,.T.);
#542=ORIENTED_EDGE('',*,*,#3500,.T.);
#543=ORIENTED_EDGE('',*,*,#3501,.T.);
#544=ORIENTED_EDGE('',*,*,#3502,.F.);
#545=ORIENTED_EDGE('',*,*,#3503,.F.);
#546=ORIENTED_EDGE('',*,*,#3504,.F.);
#547=ORIENTED_EDGE('',*,*,#3505,.F.);
#548=ORIENTED_EDGE('',*,*,#3506,.T.);
#549=ORIENTED_EDGE('',*,*,#3507,.F.);
#550=ORIENTED_EDGE('',*,*,#3508,.F.);
#551=ORIENTED_EDGE('',*,*,#3509,.T.);
#552=ORIENTED_EDGE('',*,*,#3510,.F.);
#553=ORIENTED_EDGE('',*,*,#3511,.T.);
#554=ORIENTED_EDGE('',*,*,#3512,.T.);
#555=ORIENTED_EDGE('',*,*,#3513,.T.);
#556=ORIENTED_EDGE('',*,*,#3514,.T.);
#557=ORIENTED_EDGE('',*,*,#3515,.T.);
#558=ORIENTED_EDGE('',*,*,#3516,.F.);
#559=ORIENTED_EDGE('',*,*,#3517,.F.);
#560=ORIENTED_EDGE('',*,*,#3518,.F.);
#561=ORIENTED_EDGE('',*,*,#3519,.T.);
#562=ORIENTED_EDGE('',*,*,#3520,.F.);
#563=ORIENTED_EDGE('',*,*,#3521,.F.);
#564=ORIENTED_EDGE('',*,*,#3522,.T.);
#565=ORIENTED_EDGE('',*,*,#3523,.F.);
#566=ORIENTED_EDGE('',*,*,#3524,.F.);
#567=ORIENTED_EDGE('',*,*,#3525,.F.);
#568=ORIENTED_EDGE('',*,*,#3526,.T.);
#569=ORIENTED_EDGE('',*,*,#3527,.F.);
#570=ORIENTED_EDGE('',*,*,#3528,.F.);
#571=ORIENTED_EDGE('',*,*,#3529,.T.);
#572=ORIENTED_EDGE('',*,*,#3530,.T.);
#573=ORIENTED_EDGE('',*,*,#3531,.T.);
#574=ORIENTED_EDGE('',*,*,#3532,.F.);
#575=ORIENTED_EDGE('',*,*,#3533,.T.);
#576=ORIENTED_EDGE('',*,*,#3534,.T.);
#577=ORIENTED_EDGE('',*,*,#3535,.T.);
#578=ORIENTED_EDGE('',*,*,#3536,.F.);
#579=ORIENTED_EDGE('',*,*,#3537,.F.);
#580=ORIENTED_EDGE('',*,*,#3538,.F.);
#581=ORIENTED_EDGE('',*,*,#3539,.F.);
#582=ORIENTED_EDGE('',*,*,#3540,.F.);
#583=ORIENTED_EDGE('',*,*,#3541,.F.);
#584=ORIENTED_EDGE('',*,*,#3542,.F.);
#585=ORIENTED_EDGE('',*,*,#3543,.T.);
#586=ORIENTED_EDGE('',*,*,#3544,.F.);
#587=ORIENTED_EDGE('',*,*,#3545,.T.);
#588=ORIENTED_EDGE('',*,*,#3546,.T.);
#589=ORIENTED_EDGE('',*,*,#3547,.T.);
#590=ORIENTED_EDGE('',*,*,#3548,.F.);
#591=ORIENTED_EDGE('',*,*,#3549,.F.);
#592=ORIENTED_EDGE('',*,*,#3550,.F.);
#593=ORIENTED_EDGE('',*,*,#3551,.T.);
#594=ORIENTED_EDGE('',*,*,#3552,.F.);
#595=ORIENTED_EDGE('',*,*,#3553,.T.);
#596=ORIENTED_EDGE('',*,*,#3554,.F.);
#597=ORIENTED_EDGE('',*,*,#3555,.F.);
#598=ORIENTED_EDGE('',*,*,#3556,.F.);
#599=ORIENTED_EDGE('',*,*,#3557,.T.);
#600=ORIENTED_EDGE('',*,*,#3558,.T.);
#601=ORIENTED_EDGE('',*,*,#3559,.T.);
#602=ORIENTED_EDGE('',*,*,#3560,.F.);
#603=ORIENTED_EDGE('',*,*,#3561,.T.);
#604=ORIENTED_EDGE('',*,*,#3562,.F.);
#605=ORIENTED_EDGE('',*,*,#3563,.F.);
#606=ORIENTED_EDGE('',*,*,#3564,.T.);
#607=ORIENTED_EDGE('',*,*,#3565,.F.);
#608=ORIENTED_EDGE('',*,*,#3566,.T.);
#609=ORIENTED_EDGE('',*,*,#3567,.F.);
#610=ORIENTED_EDGE('',*,*,#3568,.F.);
#611=ORIENTED_EDGE('',*,*,#3569,.F.);
#612=ORIENTED_EDGE('',*,*,#3570,.F.);
#613=ORIENTED_EDGE('',*,*,#3571,.T.);
#614=ORIENTED_EDGE('',*,*,#3572,.F.);
#615=ORIENTED_EDGE('',*,*,#3573,.F.);
#616=ORIENTED_EDGE('',*,*,#3574,.F.);
#617=ORIENTED_EDGE('',*,*,#3575,.T.);
#618=ORIENTED_EDGE('',*,*,#3576,.T.);
#619=ORIENTED_EDGE('',*,*,#3577,.T.);
#620=ORIENTED_EDGE('',*,*,#3578,.T.);
#621=ORIENTED_EDGE('',*,*,#3579,.T.);
#622=ORIENTED_EDGE('',*,*,#3580,.T.);
#623=ORIENTED_EDGE('',*,*,#3581,.F.);
#624=ORIENTED_EDGE('',*,*,#3582,.F.);
#625=ORIENTED_EDGE('',*,*,#3583,.F.);
#626=ORIENTED_EDGE('',*,*,#3584,.T.);
#627=ORIENTED_EDGE('',*,*,#3585,.F.);
#628=ORIENTED_EDGE('',*,*,#3586,.F.);
#629=ORIENTED_EDGE('',*,*,#3587,.T.);
#630=ORIENTED_EDGE('',*,*,#3588,.T.);
#631=ORIENTED_EDGE('',*,*,#3589,.T.);
#632=ORIENTED_EDGE('',*,*,#3590,.F.);
#633=ORIENTED_EDGE('',*,*,#3591,.T.);
#634=ORIENTED_EDGE('',*,*,#3592,.F.);
#635=ORIENTED_EDGE('',*,*,#3593,.F.);
#636=ORIENTED_EDGE('',*,*,#3594,.T.);
#637=ORIENTED_EDGE('',*,*,#3595,.F.);
#638=ORIENTED_EDGE('',*,*,#3596,.F.);
#639=ORIENTED_EDGE('',*,*,#3597,.F.);
#640=ORIENTED_EDGE('',*,*,#3598,.F.);
#641=ORIENTED_EDGE('',*,*,#3599,.F.);
#642=ORIENTED_EDGE('',*,*,#3600,.T.);
#643=ORIENTED_EDGE('',*,*,#3601,.F.);
#644=ORIENTED_EDGE('',*,*,#3602,.T.);
#645=ORIENTED_EDGE('',*,*,#3603,.T.);
#646=ORIENTED_EDGE('',*,*,#3604,.F.);
#647=ORIENTED_EDGE('',*,*,#3605,.T.);
#648=ORIENTED_EDGE('',*,*,#3606,.F.);
#649=ORIENTED_EDGE('',*,*,#3607,.F.);
#650=ORIENTED_EDGE('',*,*,#3608,.F.);
#651=ORIENTED_EDGE('',*,*,#3609,.T.);
#652=ORIENTED_EDGE('',*,*,#3610,.F.);
#653=ORIENTED_EDGE('',*,*,#3611,.F.);
#654=ORIENTED_EDGE('',*,*,#3612,.T.);
#655=ORIENTED_EDGE('',*,*,#3613,.F.);
#656=ORIENTED_EDGE('',*,*,#3614,.F.);
#657=ORIENTED_EDGE('',*,*,#3615,.T.);
#658=ORIENTED_EDGE('',*,*,#3616,.T.);
#659=ORIENTED_EDGE('',*,*,#3617,.F.);
#660=ORIENTED_EDGE('',*,*,#3618,.F.);
#661=ORIENTED_EDGE('',*,*,#3619,.T.);
#662=ORIENTED_EDGE('',*,*,#3620,.F.);
#663=ORIENTED_EDGE('',*,*,#3621,.T.);
#664=ORIENTED_EDGE('',*,*,#3622,.T.);
#665=ORIENTED_EDGE('',*,*,#3623,.F.);
#666=ORIENTED_EDGE('',*,*,#3624,.F.);
#667=ORIENTED_EDGE('',*,*,#3625,.T.);
#668=ORIENTED_EDGE('',*,*,#3626,.T.);
#669=ORIENTED_EDGE('',*,*,#3627,.T.);
#670=ORIENTED_EDGE('',*,*,#3628,.T.);
#671=ORIENTED_EDGE('',*,*,#3629,.T.);
#672=ORIENTED_EDGE('',*,*,#3630,.T.);
#673=ORIENTED_EDGE('',*,*,#3631,.T.);
#674=ORIENTED_EDGE('',*,*,#3632,.T.);
#675=ORIENTED_EDGE('',*,*,#3633,.T.);
#676=ORIENTED_EDGE('',*,*,#3634,.T.);
#677=ORIENTED_EDGE('',*,*,#3635,.T.);
#678=ORIENTED_EDGE('',*,*,#3636,.T.);
#679=ORIENTED_EDGE('',*,*,#3637,.T.);
#680=ORIENTED_EDGE('',*,*,#3638,.T.);
#681=ORIENTED_EDGE('',*,*,#3639,.T.);
#682=ORIENTED_EDGE('',*,*,#3640,.T.);
#683=ORIENTED_EDGE('',*,*,#3641,.T.);
#684=ORIENTED_EDGE('',*,*,#3642,.T.);
#685=ORIENTED_EDGE('',*,*,#3643,.T.);
#686=ORIENTED_EDGE('',*,*,#3644,.T.);
#687=ORIENTED_EDGE('',*,*,#3645,.T.);
#688=ORIENTED_EDGE('',*,*,#3646,.T.);
#689=ORIENTED_EDGE('',*,*,#3647,.T.);
#690=ORIENTED_EDGE('',*,*,#3648,.T.);
#691=ORIENTED_EDGE('',*,*,#3649,.T.);
#692=ORIENTED_EDGE('',*,*,#3650,.T.);
#693=ORIENTED_EDGE('',*,*,#3651,.T.);
#694=ORIENTED_EDGE('',*,*,#3652,.T.);
#695=ORIENTED_EDGE('',*,*,#3653,.T.);
#696=ORIENTED_EDGE('',*,*,#3654,.T.);
#697=ORIENTED_EDGE('',*,*,#3655,.T.);
#698=ORIENTED_EDGE('',*,*,#3656,.T.);
#699=ORIENTED_EDGE('',*,*,#3657,.T.);
#700=ORIENTED_EDGE('',*,*,#3658,.T.);
#701=ORIENTED_EDGE('',*,*,#3659,.T.);
#702=ORIENTED_EDGE('',*,*,#3660,.T.);
#703=ORIENTED_EDGE('',*,*,#3661,.T.);
#704=ORIENTED_EDGE('',*,*,#3662,.T.);
#705=ORIENTED_EDGE('',*,*,#3663,.T.);
#706=ORIENTED_EDGE('',*,*,#3664,.T.);
#707=ORIENTED_EDGE('',*,*,#3665,.T.);
#708=ORIENTED_EDGE('',*,*,#3666,.T.);
#709=ORIENTED_EDGE('',*,*,#3667,.T.);
#710=ORIENTED_EDGE('',*,*,#3668,.T.);
#711=ORIENTED_EDGE('',*,*,#3669,.T.);
#712=ORIENTED_EDGE('',*,*,#3670,.T.);
#713=ORIENTED_EDGE('',*,*,#3671,.T.);
#714=ORIENTED_EDGE('',*,*,#3672,.T.);
#715=ORIENTED_EDGE('',*,*,#3673,.T.);
#716=ORIENTED_EDGE('',*,*,#3674,.T.);
#717=ORIENTED_EDGE('',*,*,#3675,.T.);
#718=ORIENTED_EDGE('',*,*,#3676,.T.);
#719=ORIENTED_EDGE('',*,*,#3677,.T.);
#720=ORIENTED_EDGE('',*,*,#3678,.T.);
#721=ORIENTED_EDGE('',*,*,#3679,.T.);
#722=ORIENTED_EDGE('',*,*,#3680,.T.);
#723=ORIENTED_EDGE('',*,*,#3681,.T.);
#724=ORIENTED_EDGE('',*,*,#3682,.T.);
#725=ORIENTED_EDGE('',*,*,#3683,.T.);
#726=ORIENTED_EDGE('',*,*,#3684,.T.);
#727=ORIENTED_EDGE('',*,*,#3685,.T.);
#728=ORIENTED_EDGE('',*,*,#3686,.T.);
#729=ORIENTED_EDGE('',*,*,#3687,.T.);
#730=ORIENTED_EDGE('',*,*,#3688,.T.);
#731=ORIENTED_EDGE('',*,*,#3689,.T.);
#732=ORIENTED_EDGE('',*,*,#3690,.T.);
#733=ORIENTED_EDGE('',*,*,#3691,.T.);
#734=ORIENTED_EDGE('',*,*,#3692,.T.);
#735=ORIENTED_EDGE('',*,*,#3693,.T.);
#736=ORIENTED_EDGE('',*,*,#3694,.T.);
#737=ORIENTED_EDGE('',*,*,#3695,.T.);
#738=ORIENTED_EDGE('',*,*,#3696,.T.);
#739=ORIENTED_EDGE('',*,*,#3697,.T.);
#740=ORIENTED_EDGE('',*,*,#3698,.T.);
#741=ORIENTED_EDGE('',*,*,#3699,.T.);
#742=ORIENTED_EDGE('',*,*,#3700,.T.);
#743=ORIENTED_EDGE('',*,*,#3701,.T.);
#744=ORIENTED_EDGE('',*,*,#3702,.T.);
#745=ORIENTED_EDGE('',*,*,#3703,.T.);
#746=ORIENTED_EDGE('',*,*,#3704,.T.);
#747=ORIENTED_EDGE('',*,*,#3705,.T.);
#748=ORIENTED_EDGE('',*,*,#3706,.T.);
#749=ORIENTED_EDGE('',*,*,#3707,.T.);
#750=ORIENTED_EDGE('',*,*,#3708,.T.);
#751=ORIENTED_EDGE('',*,*,#3709,.T.);
#752=ORIENTED_EDGE('',*,*,#3710,.T.);
#753=ORIENTED_EDGE('',*,*,#3711,.T.);
#754=ORIENTED_EDGE('',*,*,#3712,.T.);
#755=ORIENTED_EDGE('',*,*,#3713,.T.);
#756=ORIENTED_EDGE('',*,*,#3714,.T.);
#757=ORIENTED_EDGE('',*,*,#3715,.T.);
#758=ORIENTED_EDGE('',*,*,#3716,.T.);
#759=ORIENTED_EDGE('',*,*,#3717,.T.);
#760=ORIENTED_EDGE('',*,*,#3718,.T.);
#761=ORIENTED_EDGE('',*,*,#3719,.T.);
#762=ORIENTED_EDGE('',*,*,#3720,.T.);
#763=ORIENTED_EDGE('',*,*,#3721,.T.);
#764=ORIENTED_EDGE('',*,*,#3722,.T.);
#765=ORIENTED_EDGE('',*,*,#3723,.T.);
#766=ORIENTED_EDGE('',*,*,#3724,.T.);
#767=ORIENTED_EDGE('',*,*,#3725,.T.);
#768=ORIENTED_EDGE('',*,*,#3726,.T.);
#769=ORIENTED_EDGE('',*,*,#3727,.T.);
#770=ORIENTED_EDGE('',*,*,#3728,.T.);
#771=ORIENTED_EDGE('',*,*,#3729,.T.);
#772=ORIENTED_EDGE('',*,*,#3730,.T.);
#773=ORIENTED_EDGE('',*,*,#3731,.T.);
#774=ORIENTED_EDGE('',*,*,#3732,.T.);
#775=ORIENTED_EDGE('',*,*,#3733,.T.);
#776=ORIENTED_EDGE('',*,*,#3734,.T.);
#777=ORIENTED_EDGE('',*,*,#3735,.T.);
#778=ORIENTED_EDGE('',*,*,#3736,.T.);
#779=ORIENTED_EDGE('',*,*,#3737,.T.);
#780=ORIENTED_EDGE('',*,*,#3738,.T.);
#781=ORIENTED_EDGE('',*,*,#3739,.T.);
#782=ORIENTED_EDGE('',*,*,#3740,.T.);
#783=ORIENTED_EDGE('',*,*,#3741,.T.);
#784=ORIENTED_EDGE('',*,*,#3742,.T.);
#785=ORIENTED_EDGE('',*,*,#3743,.T.);
#786=ORIENTED_EDGE('',*,*,#3744,.T.);
#787=ORIENTED_EDGE('',*,*,#3745,.T.);
#788=ORIENTED_EDGE('',*,*,#3746,.T.);
#789=ORIENTED_EDGE('',*,*,#3747,.T.);
#790=ORIENTED_EDGE('',*,*,#3748,.T.);
#791=ORIENTED_EDGE('',*,*,#3749,.T.);
#792=ORIENTED_EDGE('',*,*,#3750,.T.);
#793=ORIENTED_EDGE('',*,*,#3751,.T.);
#794=ORIENTED_EDGE('',*,*,#3752,.T.);
#795=ORIENTED_EDGE('',*,*,#3753,.T.);
#796=ORIENTED_EDGE('',*,*,#3754,.T.);
#797=ORIENTED_EDGE('',*,*,#3755,.T.);
#798=ORIENTED_EDGE('',*,*,#3756,.T.);
#799=ORIENTED_EDGE('',*,*,#3757,.T.);
#800=ORIENTED_EDGE('',*,*,#3758,.T.);
#801=ORIENTED_EDGE('',*,*,#3759,.T.);
#802=ORIENTED_EDGE('',*,*,#3760,.T.);
#803=ORIENTED_EDGE('',*,*,#3761,.T.);
#804=ORIENTED_EDGE('',*,*,#3762,.T.);
#805=ORIENTED_EDGE('',*,*,#3763,.T.);
#806=ORIENTED_EDGE('',*,*,#3764,.T.);
#807=ORIENTED_EDGE('',*,*,#3765,.T.);
#808=ORIENTED_EDGE('',*,*,#3766,.T.);
#809=ORIENTED_EDGE('',*,*,#3767,.T.);
#810=ORIENTED_EDGE('',*,*,#3768,.T.);
#811=ORIENTED_EDGE('',*,*,#3769,.T.);
#812=ORIENTED_EDGE('',*,*,#3770,.T.);
#813=ORIENTED_EDGE('',*,*,#3771,.T.);
#814=ORIENTED_EDGE('',*,*,#3772,.T.);
#815=ORIENTED_EDGE('',*,*,#3773,.T.);
#816=ORIENTED_EDGE('',*,*,#3774,.T.);
#817=ORIENTED_EDGE('',*,*,#3775,.T.);
#818=ORIENTED_EDGE('',*,*,#3776,.T.);
#819=ORIENTED_EDGE('',*,*,#3777,.T.);
#820=ORIENTED_EDGE('',*,*,#3778,.T.);
#821=ORIENTED_EDGE('',*,*,#3779,.T.);
#822=ORIENTED_EDGE('',*,*,#3780,.T.);
#823=ORIENTED_EDGE('',*,*,#3781,.T.);
#824=ORIENTED_EDGE('',*,*,#3782,.T.);
#825=ORIENTED_EDGE('',*,*,#3783,.T.);
#826=ORIENTED_EDGE('',*,*,#3784,.T.);
#827=ORIENTED_EDGE('',*,*,#3785,.T.);
#828=ORIENTED_EDGE('',*,*,#3786,.T.);
#829=ORIENTED_EDGE('',*,*,#3787,.T.);
#830=ORIENTED_EDGE('',*,*,#3788,.T.);
#831=ORIENTED_EDGE('',*,*,#3789,.T.);
#832=ORIENTED_EDGE('',*,*,#3790,.T.);
#833=ORIENTED_EDGE('',*,*,#3791,.T.);
#834=ORIENTED_EDGE('',*,*,#3792,.T.);
#835=ORIENTED_EDGE('',*,*,#3793,.T.);
#836=ORIENTED_EDGE('',*,*,#3794,.T.);
#837=ORIENTED_EDGE('',*,*,#3795,.T.);
#838=ORIENTED_EDGE('',*,*,#3796,.T.);
#839=ORIENTED_EDGE('',*,*,#3797,.T.);
#840=ORIENTED_EDGE('',*,*,#3798,.T.);
#841=ORIENTED_EDGE('',*,*,#3799,.T.);
#842=ORIENTED_EDGE('',*,*,#3800,.T.);
#843=ORIENTED_EDGE('',*,*,#3801,.T.);
#844=ORIENTED_EDGE('',*,*,#3802,.T.);
#845=ORIENTED_EDGE('',*,*,#3803,.T.);
#846=ORIENTED_EDGE('',*,*,#3804,.T.);
#847=ORIENTED_EDGE('',*,*,#3805,.T.);
#848=ORIENTED_EDGE('',*,*,#3806,.T.);
#849=ORIENTED_EDGE('',*,*,#3807,.T.);
#850=ORIENTED_EDGE('',*,*,#3808,.T.);
#851=ORIENTED_EDGE('',*,*,#3809,.T.);
#852=ORIENTED_EDGE('',*,*,#3810,.T.);
#853=ORIENTED_EDGE('',*,*,#3811,.T.);
#854=ORIENTED_EDGE('',*,*,#3812,.T.);
#855=ORIENTED_EDGE('',*,*,#3813,.T.);
#856=ORIENTED_EDGE('',*,*,#3814,.T.);
#857=ORIENTED_EDGE('',*,*,#3815,.T.);
#858=ORIENTED_EDGE('',*,*,#3816,.T.);
#859=ORIENTED_EDGE('',*,*,#3817,.T.);
#860=ORIENTED_EDGE('',*,*,#3818,.T.);
#861=ORIENTED_EDGE('',*,*,#3819,.T.);
#862=ORIENTED_EDGE('',*,*,#3820,.T.);
#863=ORIENTED_EDGE('',*,*,#3821,.T.);
#864=ORIENTED_EDGE('',*,*,#3822,.T.);
#865=ORIENTED_EDGE('',*,*,#3823,.T.);
#866=ORIENTED_EDGE('',*,*,#3824,.T.);
#867=ORIENTED_EDGE('',*,*,#3825,.T.);
#868=ORIENTED_EDGE('',*,*,#3826,.T.);
#869=ORIENTED_EDGE('',*,*,#3827,.T.);
#870=ORIENTED_EDGE('',*,*,#3828,.T.);
#871=ORIENTED_EDGE('',*,*,#3829,.T.);
#872=ORIENTED_EDGE('',*,*,#3830,.T.);
#873=ORIENTED_EDGE('',*,*,#3831,.T.);
#874=ORIENTED_EDGE('',*,*,#3832,.T.);
#875=ORIENTED_EDGE('',*,*,#3833,.T.);
#876=ORIENTED_EDGE('',*,*,#3834,.T.);
#877=ORIENTED_EDGE('',*,*,#3835,.T.);
#878=ORIENTED_EDGE('',*,*,#3836,.T.);
#879=ORIENTED_EDGE('',*,*,#3837,.T.);
#880=ORIENTED_EDGE('',*,*,#3838,.T.);
#881=ORIENTED_EDGE('',*,*,#3839,.T.);
#882=ORIENTED_EDGE('',*,*,#3840,.T.);
#883=ORIENTED_EDGE('',*,*,#3841,.T.);
#884=ORIENTED_EDGE('',*,*,#3842,.T.);
#885=ORIENTED_EDGE('',*,*,#3843,.T.);
#886=ORIENTED_EDGE('',*,*,#3844,.T.);
#887=ORIENTED_EDGE('',*,*,#3845,.T.);
#888=ORIENTED_EDGE('',*,*,#3846,.T.);
#889=ORIENTED_EDGE('',*,*,#3847,.T.);
#890=ORIENTED_EDGE('',*,*,#3848,.T.);
#891=ORIENTED_EDGE('',*,*,#3849,.T.);
#892=ORIENTED_EDGE('',*,*,#3850,.T.);
#893=ORIENTED_EDGE('',*,*,#3851,.T.);
#894=ORIENTED_EDGE('',*,*,#3852,.T.);
#895=ORIENTED_EDGE('',*,*,#3853,.T.);
#896=ORIENTED_EDGE('',*,*,#3854,.T.);
#897=ORIENTED_EDGE('',*,*,#3855,.T.);
#898=ORIENTED_EDGE('',*,*,#3856,.T.);
#899=ORIENTED_EDGE('',*,*,#3857,.T.);
#900=ORIENTED_EDGE('',*,*,#3858,.T.);
#901=ORIENTED_EDGE('',*,*,#3859,.T.);
#902=ORIENTED_EDGE('',*,*,#3860,.T.);
#903=ORIENTED_EDGE('',*,*,#3861,.T.);
#904=ORIENTED_EDGE('',*,*,#3862,.T.);
#905=ORIENTED_EDGE('',*,*,#3863,.T.);
#906=ORIENTED_EDGE('',*,*,#3864,.T.);
#907=ORIENTED_EDGE('',*,*,#3865,.T.);
#908=ORIENTED_EDGE('',*,*,#3866,.T.);
#909=ORIENTED_EDGE('',*,*,#3867,.T.);
#910=ORIENTED_EDGE('',*,*,#3868,.T.);
#911=ORIENTED_EDGE('',*,*,#3869,.T.);
#912=ORIENTED_EDGE('',*,*,#3870,.T.);
#913=ORIENTED_EDGE('',*,*,#3871,.T.);
#914=ORIENTED_EDGE('',*,*,#3872,.T.);
#915=ORIENTED_EDGE('',*,*,#3873,.T.);
#916=ORIENTED_EDGE('',*,*,#3874,.T.);
#917=ORIENTED_EDGE('',*,*,#3875,.T.);
#918=ORIENTED_EDGE('',*,*,#3876,.T.);
#919=ORIENTED_EDGE('',*,*,#3877,.T.);
#920=ORIENTED_EDGE('',*,*,#3878,.T.);
#921=ORIENTED_EDGE('',*,*,#3879,.T.);
#922=ORIENTED_EDGE('',*,*,#3880,.T.);
#923=ORIENTED_EDGE('',*,*,#3881,.T.);
#924=ORIENTED_EDGE('',*,*,#3882,.T.);
#925=ORIENTED_EDGE('',*,*,#3883,.T.);
#926=ORIENTED_EDGE('',*,*,#3884,.T.);
#927=ORIENTED_EDGE('',*,*,#3885,.T.);
#928=ORIENTED_EDGE('',*,*,#3886,.T.);
#929=ORIENTED_EDGE('',*,*,#3887,.T.);
#930=ORIENTED_EDGE('',*,*,#3888,.T.);
#931=ORIENTED_EDGE('',*,*,#3889,.T.);
#932=ORIENTED_EDGE('',*,*,#3890,.T.);
#933=ORIENTED_EDGE('',*,*,#3891,.T.);
#934=ORIENTED_EDGE('',*,*,#3892,.T.);
#935=ORIENTED_EDGE('',*,*,#3893,.T.);
#936=ORIENTED_EDGE('',*,*,#3894,.T.);
#937=ORIENTED_EDGE('',*,*,#3895,.T.);
#938=ORIENTED_EDGE('',*,*,#3896,.T.);
#939=ORIENTED_EDGE('',*,*,#3897,.T.);
#940=ORIENTED_EDGE('',*,*,#3898,.T.);
#941=ORIENTED_EDGE('',*,*,#3899,.T.);
#942=ORIENTED_EDGE('',*,*,#3900,.T.);
#943=ORIENTED_EDGE('',*,*,#3901,.T.);
#944=ORIENTED_EDGE('',*,*,#3902,.T.);
#945=ORIENTED_EDGE('',*,*,#3903,.T.);
#946=ORIENTED_EDGE('',*,*,#3904,.T.);
#947=ORIENTED_EDGE('',*,*,#3905,.T.);
#948=ORIENTED_EDGE('',*,*,#3906,.T.);
#949=ORIENTED_EDGE('',*,*,#3907,.T.);
#950=ORIENTED_EDGE('',*,*,#3908,.T.);
#951=ORIENTED_EDGE('',*,*,#3909,.T.);
#952=ORIENTED_EDGE('',*,*,#3910,.T.);
#953=ORIENTED_EDGE('',*,*,#3911,.T.);
#954=ORIENTED_EDGE('',*,*,#3912,.T.);
#955=ORIENTED_EDGE('',*,*,#3913,.T.);
#956=ORIENTED_EDGE('',*,*,#3914,.T.);
#957=ORIENTED_EDGE('',*,*,#3915,.T.);
#958=ORIENTED_EDGE('',*,*,#3916,.T.);
#959=ORIENTED_EDGE('',*,*,#3917,.T.);
#960=ORIENTED_EDGE('',*,*,#3918,.T.);
#961=ORIENTED_EDGE('',*,*,#3919,.T.);
#962=ORIENTED_EDGE('',*,*,#3920,.T.);
#963=ORIENTED_EDGE('',*,*,#3921,.T.);
#964=ORIENTED_EDGE('',*,*,#3922,.T.);
#965=ORIENTED_EDGE('',*,*,#3923,.T.);
#966=ORIENTED_EDGE('',*,*,#3924,.T.);
#967=ORIENTED_EDGE('',*,*,#3925,.T.);
#968=ORIENTED_EDGE('',*,*,#3926,.T.);
#969=ORIENTED_EDGE('',*,*,#3927,.T.);
#970=ORIENTED_EDGE('',*,*,#3928,.T.);
#971=ORIENTED_EDGE('',*,*,#3929,.T.);
#972=ORIENTED_EDGE('',*,*,#3930,.T.);
#973=ORIENTED_EDGE('',*,*,#3931,.T.);
#974=ORIENTED_EDGE('',*,*,#3932,.T.);
#975=ORIENTED_EDGE('',*,*,#3933,.T.);
#976=ORIENTED_EDGE('',*,*,#3934,.T.);
#977=ORIENTED_EDGE('',*,*,#3935,.T.);
#978=ORIENTED_EDGE('',*,*,#3936,.T.);
#979=ORIENTED_EDGE('',*,*,#3937,.T.);
#980=ORIENTED_EDGE('',*,*,#3938,.T.);
#981=ORIENTED_EDGE('',*,*,#3939,.T.);
#982=ORIENTED_EDGE('',*,*,#3940,.T.);
#983=ORIENTED_EDGE('',*,*,#3941,.T.);
#984=ORIENTED_EDGE('',*,*,#3942,.T.);
#985=ORIENTED_EDGE('',*,*,#3943,.T.);
#986=ORIENTED_EDGE('',*,*,#3944,.T.);
#987=ORIENTED_EDGE('',*,*,#3945,.T.);
#988=ORIENTED_EDGE('',*,*,#3946,.T.);
#989=ORIENTED_EDGE('',*,*,#3947,.T.);
#990=ORIENTED_EDGE('',*,*,#3948,.T.);
#991=ORIENTED_EDGE('',*,*,#3949,.T.);
#992=ORIENTED_EDGE('',*,*,#3950,.T.);
#993=ORIENTED_EDGE('',*,*,#3951,.T.);
#994=ORIENTED_EDGE('',*,*,#3952,.T.);
#995=ORIENTED_EDGE('',*,*,#3953,.T.);
#996=ORIENTED_EDGE('',*,*,#3954,.T.);
#997=ORIENTED_EDGE('',*,*,#3955,.T.);
#998=ORIENTED_EDGE('',*,*,#3956,.T.);
#999=ORIENTED_EDGE('',*,*,#3957,.T.);
#1000=ORIENTED_EDGE('',*,*,#3958,.T.);
#1001=ORIENTED_EDGE('',*,*,#3959,.T.);
#1002=ORIENTED_EDGE('',*,*,#3960,.T.);
#1003=ORIENTED_EDGE('',*,*,#3961,.T.);
#1004=ORIENTED_EDGE('',*,*,#3962,.T.);
#1005=ORIENTED_EDGE('',*,*,#3963,.T.);
#1006=ORIENTED_EDGE('',*,*,#3964,.T.);
#1007=ORIENTED_EDGE('',*,*,#3965,.T.);
#1008=ORIENTED_EDGE('',*,*,#3966,.T.);
#1009=ORIENTED_EDGE('',*,*,#3967,.T.);
#1010=ORIENTED_EDGE('',*,*,#3968,.T.);
#1011=ORIENTED_EDGE('',*,*,#3969,.T.);
#1012=ORIENTED_EDGE('',*,*,#3970,.T.);
#1013=ORIENTED_EDGE('',*,*,#3971,.T.);
#1014=ORIENTED_EDGE('',*,*,#3972,.T.);
#1015=ORIENTED_EDGE('',*,*,#3973,.T.);
#1016=ORIENTED_EDGE('',*,*,#3974,.T.);
#1017=ORIENTED_EDGE('',*,*,#3975,.T.);
#1018=ORIENTED_EDGE('',*,*,#3976,.T.);
#1019=ORIENTED_EDGE('',*,*,#3977,.T.);
#1020=ORIENTED_EDGE('',*,*,#3978,.T.);
#1021=ORIENTED_EDGE('',*,*,#3979,.T.);
#1022=ORIENTED_EDGE('',*,*,#3980,.T.);
#1023=ORIENTED_EDGE('',*,*,#3981,.T.);
#1024=ORIENTED_EDGE('',*,*,#3982,.T.);
#1025=ORIENTED_EDGE('',*,*,#3983,.T.);
#1026=ORIENTED_EDGE('',*,*,#3984,.T.);
#1027=ORIENTED_EDGE('',*,*,#3985,.T.);
#1028=ORIENTED_EDGE('',*,*,#3986,.T.);
#1029=ORIENTED_EDGE('',*,*,#3987,.T.);
#1030=ORIENTED_EDGE('',*,*,#3988,.T.);
#1031=ORIENTED_EDGE('',*,*,#3989,.T.);
#1032=ORIENTED_EDGE('',*,*,#3990,.T.);
#1033=ORIENTED_EDGE('',*,*,#3991,.T.);
#1034=ORIENTED_EDGE('',*,*,#3992,.T.);
#1035=ORIENTED_EDGE('',*,*,#3993,.T.);
#1036=ORIENTED_EDGE('',*,*,#3994,.T.);
#1037=ORIENTED_EDGE('',*,*,#3995,.T.);
#1038=ORIENTED_EDGE('',*,*,#3996,.T.);
#1039=ORIENTED_EDGE('',*,*,#3997,.T.);
#1040=ORIENTED_EDGE('',*,*,#3998,.T.);
#1041=ORIENTED_EDGE('',*,*,#3999,.T.);
#1042=ORIENTED_EDGE('',*,*,#4000,.T.);
#1043=ORIENTED_EDGE('',*,*,#4001,.T.);
#1044=ORIENTED_EDGE('',*,*,#4002,.T.);
#1045=ORIENTED_EDGE('',*,*,#4003,.T.);
#1046=ORIENTED_EDGE('',*,*,#4004,.T.);
#1047=ORIENTED_EDGE('',*,*,#4005,.T.);
#1048=ORIENTED_EDGE('',*,*,#4006,.T.);
#1049=ORIENTED_EDGE('',*,*,#4007,.T.);
#1050=ORIENTED_EDGE('',*,*,#4008,.T.);
#1051=ORIENTED_EDGE('',*,*,#4009,.T.);
#1052=ORIENTED_EDGE('',*,*,#4010,.T.);
#1053=ORIENTED_EDGE('',*,*,#4011,.T.);
#1054=ORIENTED_EDGE('',*,*,#4012,.T.);
#1055=ORIENTED_EDGE('',*,*,#4013,.T.);
#1056=ORIENTED_EDGE('',*,*,#4014,.T.);
#1057=ORIENTED_EDGE('',*,*,#4015,.T.);
#1058=ORIENTED_EDGE('',*,*,#4016,.T.);
#1059=ORIENTED_EDGE('',*,*,#4017,.T.);
#1060=ORIENTED_EDGE('',*,*,#4018,.T.);
#1061=ORIENTED_EDGE('',*,*,#4019,.T.);
#1062=ORIENTED_EDGE('',*,*,#4020,.T.);
#1063=ORIENTED_EDGE('',*,*,#4021,.T.);
#1064=ORIENTED_EDGE('',*,*,#4022,.T.);
#1065=ORIENTED_EDGE('',*,*,#4023,.T.);
#1066=ORIENTED_EDGE('',*,*,#4024,.T.);
#1067=ORIENTED_EDGE('',*,*,#4025,.T.);
#1068=ORIENTED_EDGE('',*,*,#4026,.T.);
#1069=ORIENTED_EDGE('',*,*,#4027,.T.);
#1070=ORIENTED_EDGE('',*,*,#4028,.T.);
#1071=ORIENTED_EDGE('',*,*,#4029,.T.);
#1072=ORIENTED_EDGE('',*,*,#4030,.T.);
#1073=ORIENTED_EDGE('',*,*,#4031,.T.);
#1074=ORIENTED_EDGE('',*,*,#4032,.T.);
#1075=ORIENTED_EDGE('',*,*,#4033,.T.);
#1076=ORIENTED_EDGE('',*,*,#4034,.T.);
#1077=ORIENTED_EDGE('',*,*,#4035,.T.);
#1078=ORIENTED_EDGE('',*,*,#4036,.T.);
#1079=ORIENTED_EDGE('',*,*,#4037,.T.);
#1080=ORIENTED_EDGE('',*,*,#4038,.T.);
#1081=ORIENTED_EDGE('',*,*,#4039,.T.);
#1082=ORIENTED_EDGE('',*,*,#4040,.T.);
#1083=ORIENTED_EDGE('',*,*,#4041,.T.);
#1084=ORIENTED_EDGE('',*,*,#4042,.T.);
#1085=ORIENTED_EDGE('',*,*,#4043,.T.);
#1086=ORIENTED_EDGE('',*,*,#4044,.T.);
#1087=ORIENTED_EDGE('',*,*,#4045,.T.);
#1088=ORIENTED_EDGE('',*,*,#4046,.T.);
#1089=ORIENTED_EDGE('',*,*,#4047,.T.);
#1090=ORIENTED_EDGE('',*,*,#4048,.T.);
#1091=ORIENTED_EDGE('',*,*,#4049,.T.);
#1092=ORIENTED_EDGE('',*,*,#4050,.T.);
#1093=ORIENTED_EDGE('',*,*,#4051,.T.);
#1094=ORIENTED_EDGE('',*,*,#4052,.T.);
#1095=ORIENTED_EDGE('',*,*,#4053,.T.);
#1096=ORIENTED_EDGE('',*,*,#4054,.T.);
#1097=ORIENTED_EDGE('',*,*,#4055,.T.);
#1098=ORIENTED_EDGE('',*,*,#4056,.T.);
#1099=ORIENTED_EDGE('',*,*,#4057,.T.);
#1100=ORIENTED_EDGE('',*,*,#4058,.T.);
#1101=ORIENTED_EDGE('',*,*,#4059,.T.);
#1102=ORIENTED_EDGE('',*,*,#4060,.T.);
#1103=ORIENTED_EDGE('',*,*,#4061,.T.);
#1104=ORIENTED_EDGE('',*,*,#4062,.T.);
#1105=ORIENTED_EDGE('',*,*,#4063,.T.);
#1106=ORIENTED_EDGE('',*,*,#4064,.T.);
#1107=ORIENTED_EDGE('',*,*,#4065,.T.);
#1108=ORIENTED_EDGE('',*,*,#4066,.T.);
#1109=ORIENTED_EDGE('',*,*,#4067,.T.);
#1110=ORIENTED_EDGE('',*,*,#4068,.T.);
#1111=ORIENTED_EDGE('',*,*,#4069,.T.);
#1112=ORIENTED_EDGE('',*,*,#4070,.T.);
#1113=ORIENTED_EDGE('',*,*,#4071,.T.);
#1114=ORIENTED_EDGE('',*,*,#4072,.T.);
#1115=ORIENTED_EDGE('',*,*,#4073,.T.);
#1116=ORIENTED_EDGE('',*,*,#4074,.T.);
#1117=ORIENTED_EDGE('',*,*,#4075,.T.);
#1118=ORIENTED_EDGE('',*,*,#4076,.T.);
#1119=ORIENTED_EDGE('',*,*,#4077,.T.);
#1120=ORIENTED_EDGE('',*,*,#4078,.T.);
#1121=ORIENTED_EDGE('',*,*,#4079,.T.);
#1122=ORIENTED_EDGE('',*,*,#4080,.T.);
#1123=ORIENTED_EDGE('',*,*,#4081,.T.);
#1124=ORIENTED_EDGE('',*,*,#4082,.T.);
#1125=ORIENTED_EDGE('',*,*,#4083,.T.);
#1126=ORIENTED_EDGE('',*,*,#4084,.T.);
#1127=ORIENTED_EDGE('',*,*,#4085,.T.);
#1128=ORIENTED_EDGE('',*,*,#4086,.T.);
#1129=ORIENTED_EDGE('',*,*,#4087,.T.);
#1130=ORIENTED_EDGE('',*,*,#4088,.T.);
#1131=ORIENTED_EDGE('',*,*,#4089,.T.);
#1132=ORIENTED_EDGE('',*,*,#4090,.T.);
#1133=ORIENTED_EDGE('',*,*,#4091,.T.);
#1134=ORIENTED_EDGE('',*,*,#4092,.T.);
#1135=ORIENTED_EDGE('',*,*,#4093,.T.);
#1136=ORIENTED_EDGE('',*,*,#4094,.T.);
#1137=ORIENTED_EDGE('',*,*,#4095,.T.);
#1138=ORIENTED_EDGE('',*,*,#4096,.T.);
#1139=ORIENTED_EDGE('',*,*,#4097,.T.);
#1140=ORIENTED_EDGE('',*,*,#4098,.T.);
#1141=ORIENTED_EDGE('',*,*,#4099,.T.);
#1142=ORIENTED_EDGE('',*,*,#4100,.T.);
#1143=ORIENTED_EDGE('',*,*,#4101,.T.);
#1144=ORIENTED_EDGE('',*,*,#4102,.T.);
#1145=ORIENTED_EDGE('',*,*,#4103,.T.);
#1146=ORIENTED_EDGE('',*,*,#4104,.T.);
#1147=ORIENTED_EDGE('',*,*,#4105,.T.);
#1148=ORIENTED_EDGE('',*,*,#4106,.T.);
#1149=ORIENTED_EDGE('',*,*,#4107,.T.);
#1150=ORIENTED_EDGE('',*,*,#4108,.T.);
#1151=ORIENTED_EDGE('',*,*,#4109,.T.);
#1152=ORIENTED_EDGE('',*,*,#4110,.T.);
#1153=ORIENTED_EDGE('',*,*,#4111,.T.);
#1154=ORIENTED_EDGE('',*,*,#4112,.T.);
#1155=ORIENTED_EDGE('',*,*,#4113,.T.);
#1156=ORIENTED_EDGE('',*,*,#4114,.T.);
#1157=ORIENTED_EDGE('',*,*,#4115,.T.);
#1158=ORIENTED_EDGE('',*,*,#4116,.T.);
#1159=ORIENTED_EDGE('',*,*,#4117,.T.);
#1160=ORIENTED_EDGE('',*,*,#4118,.T.);
#1161=ORIENTED_EDGE('',*,*,#4119,.T.);
#1162=ORIENTED_EDGE('',*,*,#4120,.T.);
#1163=ORIENTED_EDGE('',*,*,#4121,.T.);
#1164=ORIENTED_EDGE('',*,*,#4122,.T.);
#1165=ORIENTED_EDGE('',*,*,#4123,.T.);
#1166=ORIENTED_EDGE('',*,*,#4124,.T.);
#1167=ORIENTED_EDGE('',*,*,#4125,.T.);
#1168=ORIENTED_EDGE('',*,*,#4126,.T.);
#1169=ORIENTED_EDGE('',*,*,#4127,.T.);
#1170=ORIENTED_EDGE('',*,*,#4128,.T.);
#1171=ORIENTED_EDGE('',*,*,#4129,.T.);
#1172=ORIENTED_EDGE('',*,*,#4130,.T.);
#1173=ORIENTED_EDGE('',*,*,#4131,.T.);
#1174=ORIENTED_EDGE('',*,*,#4132,.T.);
#1175=ORIENTED_EDGE('',*,*,#4133,.T.);
#1176=ORIENTED_EDGE('',*,*,#4134,.T.);
#1177=ORIENTED_EDGE('',*,*,#4135,.T.);
#1178=ORIENTED_EDGE('',*,*,#4136,.T.);
#1179=ORIENTED_EDGE('',*,*,#4137,.T.);
#1180=ORIENTED_EDGE('',*,*,#4138,.T.);
#1181=ORIENTED_EDGE('',*,*,#4139,.T.);
#1182=ORIENTED_EDGE('',*,*,#4140,.T.);
#1183=ORIENTED_EDGE('',*,*,#4141,.T.);
#1184=ORIENTED_EDGE('',*,*,#4142,.T.);
#1185=ORIENTED_EDGE('',*,*,#4143,.T.);
#1186=ORIENTED_EDGE('',*,*,#4144,.T.);
#1187=ORIENTED_EDGE('',*,*,#4145,.T.);
#1188=ORIENTED_EDGE('',*,*,#4146,.T.);
#1189=ORIENTED_EDGE('',*,*,#4147,.T.);
#1190=ORIENTED_EDGE('',*,*,#4148,.T.);
#1191=ORIENTED_EDGE('',*,*,#4149,.T.);
#1192=ORIENTED_EDGE('',*,*,#4150,.T.);
#1193=ORIENTED_EDGE('',*,*,#4151,.T.);
#1194=ORIENTED_EDGE('',*,*,#4152,.T.);
#1195=ORIENTED_EDGE('',*,*,#4153,.T.);
#1196=ORIENTED_EDGE('',*,*,#4154,.T.);
#1197=ORIENTED_EDGE('',*,*,#4155,.T.);
#1198=ORIENTED_EDGE('',*,*,#4156,.T.);
#1199=ORIENTED_EDGE('',*,*,#4157,.F.);
#1200=ORIENTED_EDGE('',*,*,#4158,.T.);
#1201=ORIENTED_EDGE('',*,*,#4159,.T.);
#1202=ORIENTED_EDGE('',*,*,#4160,.F.);
#1203=ORIENTED_EDGE('',*,*,#4161,.T.);
#1204=ORIENTED_EDGE('',*,*,#4162,.F.);
#1205=ORIENTED_EDGE('',*,*,#4163,.F.);
#1206=ORIENTED_EDGE('',*,*,#4164,.T.);
#1207=ORIENTED_EDGE('',*,*,#4165,.T.);
#1208=ORIENTED_EDGE('',*,*,#4166,.F.);
#1209=ORIENTED_EDGE('',*,*,#4167,.F.);
#1210=ORIENTED_EDGE('',*,*,#4168,.F.);
#1211=ORIENTED_EDGE('',*,*,#4169,.F.);
#1212=ORIENTED_EDGE('',*,*,#4170,.F.);
#1213=ORIENTED_EDGE('',*,*,#4171,.F.);
#1214=ORIENTED_EDGE('',*,*,#4172,.T.);
#1215=ORIENTED_EDGE('',*,*,#4173,.T.);
#1216=ORIENTED_EDGE('',*,*,#4174,.F.);
#1217=ORIENTED_EDGE('',*,*,#4175,.T.);
#1218=ORIENTED_EDGE('',*,*,#4176,.F.);
#1219=ORIENTED_EDGE('',*,*,#4177,.T.);
#1220=ORIENTED_EDGE('',*,*,#4178,.T.);
#1221=ORIENTED_EDGE('',*,*,#4179,.F.);
#1222=ORIENTED_EDGE('',*,*,#4180,.T.);
#1223=ORIENTED_EDGE('',*,*,#4181,.T.);
#1224=ORIENTED_EDGE('',*,*,#4182,.F.);
#1225=ORIENTED_EDGE('',*,*,#4183,.F.);
#1226=ORIENTED_EDGE('',*,*,#4184,.F.);
#1227=ORIENTED_EDGE('',*,*,#4185,.F.);
#1228=ORIENTED_EDGE('',*,*,#4186,.F.);
#1229=ORIENTED_EDGE('',*,*,#4187,.T.);
#1230=ORIENTED_EDGE('',*,*,#4188,.T.);
#1231=ORIENTED_EDGE('',*,*,#4189,.T.);
#1232=ORIENTED_EDGE('',*,*,#4190,.F.);
#1233=ORIENTED_EDGE('',*,*,#4191,.F.);
#1234=ORIENTED_EDGE('',*,*,#4192,.T.);
#1235=ORIENTED_EDGE('',*,*,#4193,.T.);
#1236=ORIENTED_EDGE('',*,*,#4194,.T.);
#1237=ORIENTED_EDGE('',*,*,#4195,.F.);
#1238=ORIENTED_EDGE('',*,*,#4196,.T.);
#1239=ORIENTED_EDGE('',*,*,#4197,.T.);
#1240=ORIENTED_EDGE('',*,*,#4198,.T.);
#1241=ORIENTED_EDGE('',*,*,#4199,.F.);
#1242=ORIENTED_EDGE('',*,*,#4200,.F.);
#1243=ORIENTED_EDGE('',*,*,#4201,.F.);
#1244=ORIENTED_EDGE('',*,*,#4202,.T.);
#1245=ORIENTED_EDGE('',*,*,#4203,.T.);
#1246=ORIENTED_EDGE('',*,*,#4204,.F.);
#1247=ORIENTED_EDGE('',*,*,#4205,.F.);
#1248=ORIENTED_EDGE('',*,*,#4206,.F.);
#1249=ORIENTED_EDGE('',*,*,#4207,.T.);
#1250=ORIENTED_EDGE('',*,*,#4208,.T.);
#1251=ORIENTED_EDGE('',*,*,#4209,.T.);
#1252=ORIENTED_EDGE('',*,*,#4210,.F.);
#1253=ORIENTED_EDGE('',*,*,#4211,.T.);
#1254=ORIENTED_EDGE('',*,*,#4212,.T.);
#1255=ORIENTED_EDGE('',*,*,#4213,.T.);
#1256=ORIENTED_EDGE('',*,*,#4214,.T.);
#1257=ORIENTED_EDGE('',*,*,#4215,.T.);
#1258=ORIENTED_EDGE('',*,*,#4216,.T.);
#1259=ORIENTED_EDGE('',*,*,#4217,.F.);
#1260=ORIENTED_EDGE('',*,*,#4218,.F.);
#1261=ORIENTED_EDGE('',*,*,#4219,.F.);
#1262=ORIENTED_EDGE('',*,*,#4220,.T.);
#1263=ORIENTED_EDGE('',*,*,#4221,.F.);
#1264=ORIENTED_EDGE('',*,*,#4222,.T.);
#1265=ORIENTED_EDGE('',*,*,#4223,.T.);
#1266=ORIENTED_EDGE('',*,*,#4224,.T.);
#1267=ORIENTED_EDGE('',*,*,#4225,.F.);
#1268=ORIENTED_EDGE('',*,*,#4226,.T.);
#1269=ORIENTED_EDGE('',*,*,#4227,.F.);
#1270=ORIENTED_EDGE('',*,*,#4228,.T.);
#1271=ORIENTED_EDGE('',*,*,#4229,.F.);
#1272=ORIENTED_EDGE('',*,*,#4230,.T.);
#1273=ORIENTED_EDGE('',*,*,#4231,.F.);
#1274=ORIENTED_EDGE('',*,*,#4232,.F.);
#1275=ORIENTED_EDGE('',*,*,#4233,.T.);
#1276=ORIENTED_EDGE('',*,*,#4234,.F.);
#1277=ORIENTED_EDGE('',*,*,#4235,.T.);
#1278=ORIENTED_EDGE('',*,*,#4236,.T.);
#1279=ORIENTED_EDGE('',*,*,#4237,.F.);
#1280=ORIENTED_EDGE('',*,*,#4238,.T.);
#1281=ORIENTED_EDGE('',*,*,#4239,.T.);
#1282=ORIENTED_EDGE('',*,*,#4240,.T.);
#1283=ORIENTED_EDGE('',*,*,#4241,.F.);
#1284=ORIENTED_EDGE('',*,*,#4242,.T.);
#1285=ORIENTED_EDGE('',*,*,#4243,.T.);
#1286=ORIENTED_EDGE('',*,*,#4244,.T.);
#1287=ORIENTED_EDGE('',*,*,#4245,.T.);
#1288=ORIENTED_EDGE('',*,*,#4246,.F.);
#1289=ORIENTED_EDGE('',*,*,#4247,.F.);
#1290=ORIENTED_EDGE('',*,*,#4248,.F.);
#1291=ORIENTED_EDGE('',*,*,#4249,.F.);
#1292=ORIENTED_EDGE('',*,*,#4250,.T.);
#1293=ORIENTED_EDGE('',*,*,#4251,.F.);
#1294=ORIENTED_EDGE('',*,*,#4252,.F.);
#1295=ORIENTED_EDGE('',*,*,#4253,.T.);
#1296=ORIENTED_EDGE('',*,*,#4254,.F.);
#1297=ORIENTED_EDGE('',*,*,#4255,.T.);
#1298=ORIENTED_EDGE('',*,*,#4256,.T.);
#1299=ORIENTED_EDGE('',*,*,#4257,.F.);
#1300=ORIENTED_EDGE('',*,*,#4258,.F.);
#1301=ORIENTED_EDGE('',*,*,#4259,.T.);
#1302=ORIENTED_EDGE('',*,*,#4260,.F.);
#1303=ORIENTED_EDGE('',*,*,#4261,.T.);
#1304=ORIENTED_EDGE('',*,*,#4262,.F.);
#1305=ORIENTED_EDGE('',*,*,#4263,.T.);
#1306=ORIENTED_EDGE('',*,*,#4264,.T.);
#1307=ORIENTED_EDGE('',*,*,#4265,.T.);
#1308=ORIENTED_EDGE('',*,*,#4266,.F.);
#1309=ORIENTED_EDGE('',*,*,#4267,.T.);
#1310=ORIENTED_EDGE('',*,*,#4268,.F.);
#1311=ORIENTED_EDGE('',*,*,#4269,.T.);
#1312=ORIENTED_EDGE('',*,*,#4270,.T.);
#1313=ORIENTED_EDGE('',*,*,#4271,.T.);
#1314=ORIENTED_EDGE('',*,*,#4272,.T.);
#1315=ORIENTED_EDGE('',*,*,#4273,.F.);
#1316=ORIENTED_EDGE('',*,*,#4274,.F.);
#1317=ORIENTED_EDGE('',*,*,#4275,.T.);
#1318=ORIENTED_EDGE('',*,*,#4276,.T.);
#1319=ORIENTED_EDGE('',*,*,#4277,.T.);
#1320=ORIENTED_EDGE('',*,*,#4278,.F.);
#1321=ORIENTED_EDGE('',*,*,#4279,.T.);
#1322=ORIENTED_EDGE('',*,*,#4280,.T.);
#1323=ORIENTED_EDGE('',*,*,#4281,.F.);
#1324=ORIENTED_EDGE('',*,*,#4282,.T.);
#1325=ORIENTED_EDGE('',*,*,#4283,.T.);
#1326=ORIENTED_EDGE('',*,*,#4284,.F.);
#1327=ORIENTED_EDGE('',*,*,#4285,.T.);
#1328=ORIENTED_EDGE('',*,*,#4286,.F.);
#1329=ORIENTED_EDGE('',*,*,#4287,.F.);
#1330=ORIENTED_EDGE('',*,*,#4288,.T.);
#1331=ORIENTED_EDGE('',*,*,#4289,.F.);
#1332=ORIENTED_EDGE('',*,*,#4290,.T.);
#1333=ORIENTED_EDGE('',*,*,#4291,.T.);
#1334=ORIENTED_EDGE('',*,*,#4292,.F.);
#1335=ORIENTED_EDGE('',*,*,#4293,.F.);
#1336=ORIENTED_EDGE('',*,*,#4294,.T.);
#1337=ORIENTED_EDGE('',*,*,#4295,.F.);
#1338=ORIENTED_EDGE('',*,*,#4296,.T.);
#1339=ORIENTED_EDGE('',*,*,#4297,.T.);
#1340=ORIENTED_EDGE('',*,*,#4298,.T.);
#1341=ORIENTED_EDGE('',*,*,#4299,.T.);
#1342=ORIENTED_EDGE('',*,*,#4300,.T.);
#1343=ORIENTED_EDGE('',*,*,#4301,.T.);
#1344=ORIENTED_EDGE('',*,*,#4302,.T.);
#1345=ORIENTED_EDGE('',*,*,#4303,.T.);
#1346=ORIENTED_EDGE('',*,*,#4304,.T.);
#1347=ORIENTED_EDGE('',*,*,#4305,.T.);
#1348=ORIENTED_EDGE('',*,*,#4306,.T.);
#1349=ORIENTED_EDGE('',*,*,#4307,.T.);
#1350=ORIENTED_EDGE('',*,*,#4308,.T.);
#1351=ORIENTED_EDGE('',*,*,#4309,.T.);
#1352=ORIENTED_EDGE('',*,*,#4310,.T.);
#1353=ORIENTED_EDGE('',*,*,#4311,.T.);
#1354=ORIENTED_EDGE('',*,*,#4312,.T.);
#1355=ORIENTED_EDGE('',*,*,#4313,.T.);
#1356=ORIENTED_EDGE('',*,*,#4314,.T.);
#1357=ORIENTED_EDGE('',*,*,#4315,.T.);
#1358=ORIENTED_EDGE('',*,*,#4316,.T.);
#1359=ORIENTED_EDGE('',*,*,#4317,.T.);
#1360=ORIENTED_EDGE('',*,*,#4318,.T.);
#1361=ORIENTED_EDGE('',*,*,#4319,.T.);
#1362=ORIENTED_EDGE('',*,*,#4320,.T.);
#1363=ORIENTED_EDGE('',*,*,#4321,.T.);
#1364=ORIENTED_EDGE('',*,*,#4322,.T.);
#1365=ORIENTED_EDGE('',*,*,#4323,.T.);
#1366=ORIENTED_EDGE('',*,*,#4324,.T.);
#1367=ORIENTED_EDGE('',*,*,#4325,.T.);
#1368=ORIENTED_EDGE('',*,*,#4326,.T.);
#1369=ORIENTED_EDGE('',*,*,#4327,.T.);
#1370=ORIENTED_EDGE('',*,*,#4328,.T.);
#1371=ORIENTED_EDGE('',*,*,#4329,.T.);
#1372=ORIENTED_EDGE('',*,*,#4330,.T.);
#1373=ORIENTED_EDGE('',*,*,#4331,.T.);
#1374=ORIENTED_EDGE('',*,*,#4332,.T.);
#1375=ORIENTED_EDGE('',*,*,#4333,.T.);
#1376=ORIENTED_EDGE('',*,*,#4334,.T.);
#1377=ORIENTED_EDGE('',*,*,#4335,.T.);
#1378=ORIENTED_EDGE('',*,*,#4336,.T.);
#1379=ORIENTED_EDGE('',*,*,#4337,.T.);
#1380=ORIENTED_EDGE('',*,*,#4338,.T.);
#1381=ORIENTED_EDGE('',*,*,#4339,.T.);
#1382=ORIENTED_EDGE('',*,*,#4340,.T.);
#1383=ORIENTED_EDGE('',*,*,#4341,.T.);
#1384=ORIENTED_EDGE('',*,*,#4342,.T.);
#1385=ORIENTED_EDGE('',*,*,#4343,.T.);
#1386=ORIENTED_EDGE('',*,*,#4344,.T.);
#1387=ORIENTED_EDGE('',*,*,#4345,.T.);
#1388=ORIENTED_EDGE('',*,*,#4346,.T.);
#1389=ORIENTED_EDGE('',*,*,#4347,.T.);
#1390=ORIENTED_EDGE('',*,*,#4348,.T.);
#1391=ORIENTED_EDGE('',*,*,#4349,.T.);
#1392=ORIENTED_EDGE('',*,*,#4350,.T.);
#1393=ORIENTED_EDGE('',*,*,#4351,.T.);
#1394=ORIENTED_EDGE('',*,*,#4352,.T.);
#1395=ORIENTED_EDGE('',*,*,#4353,.T.);
#1396=ORIENTED_EDGE('',*,*,#4354,.T.);
#1397=ORIENTED_EDGE('',*,*,#4355,.T.);
#1398=ORIENTED_EDGE('',*,*,#4356,.T.);
#1399=ORIENTED_EDGE('',*,*,#4357,.T.);
#1400=ORIENTED_EDGE('',*,*,#4358,.T.);
#1401=ORIENTED_EDGE('',*,*,#4359,.T.);
#1402=ORIENTED_EDGE('',*,*,#4360,.T.);
#1403=ORIENTED_EDGE('',*,*,#4361,.T.);
#1404=ORIENTED_EDGE('',*,*,#4362,.T.);
#1405=ORIENTED_EDGE('',*,*,#4363,.T.);
#1406=ORIENTED_EDGE('',*,*,#4364,.T.);
#1407=ORIENTED_EDGE('',*,*,#4365,.T.);
#1408=ORIENTED_EDGE('',*,*,#4366,.T.);
#1409=ORIENTED_EDGE('',*,*,#4367,.T.);
#1410=ORIENTED_EDGE('',*,*,#4368,.T.);
#1411=ORIENTED_EDGE('',*,*,#4369,.T.);
#1412=ORIENTED_EDGE('',*,*,#4370,.T.);
#1413=ORIENTED_EDGE('',*,*,#4371,.T.);
#1414=ORIENTED_EDGE('',*,*,#4372,.T.);
#1415=ORIENTED_EDGE('',*,*,#4373,.T.);
#1416=ORIENTED_EDGE('',*,*,#4374,.T.);
#1417=ORIENTED_EDGE('',*,*,#4375,.T.);
#1418=ORIENTED_EDGE('',*,*,#4376,.T.);
#1419=ORIENTED_EDGE('',*,*,#4377,.T.);
#1420=ORIENTED_EDGE('',*,*,#4378,.T.);
#1421=ORIENTED_EDGE('',*,*,#4379,.T.);
#1422=ORIENTED_EDGE('',*,*,#4380,.T.);
#1423=ORIENTED_EDGE('',*,*,#4381,.T.);
#1424=ORIENTED_EDGE('',*,*,#4382,.T.);
#1425=ORIENTED_EDGE('',*,*,#4383,.T.);
#1426=ORIENTED_EDGE('',*,*,#4384,.T.);
#1427=ORIENTED_EDGE('',*,*,#4385,.T.);
#1428=ORIENTED_EDGE('',*,*,#4386,.T.);
#1429=ORIENTED_EDGE('',*,*,#4387,.T.);
#1430=ORIENTED_EDGE('',*,*,#4388,.T.);
#1431=ORIENTED_EDGE('',*,*,#4389,.T.);
#1432=ORIENTED_EDGE('',*,*,#4390,.T.);
#1433=ORIENTED_EDGE('',*,*,#4391,.T.);
#1434=ORIENTED_EDGE('',*,*,#4392,.T.);
#1435=ORIENTED_EDGE('',*,*,#4393,.T.);
#1436=ORIENTED_EDGE('',*,*,#4394,.T.);
#1437=ORIENTED_EDGE('',*,*,#4395,.T.);
#1438=ORIENTED_EDGE('',*,*,#4396,.T.);
#1439=ORIENTED_EDGE('',*,*,#4397,.T.);
#1440=ORIENTED_EDGE('',*,*,#4398,.T.);
#1441=ORIENTED_EDGE('',*,*,#4399,.T.);
#1442=ORIENTED_EDGE('',*,*,#4400,.T.);
#1443=ORIENTED_EDGE('',*,*,#4401,.T.);
#1444=ORIENTED_EDGE('',*,*,#4402,.T.);
#1445=ORIENTED_EDGE('',*,*,#4403,.T.);
#1446=ORIENTED_EDGE('',*,*,#4404,.T.);
#1447=ORIENTED_EDGE('',*,*,#4405,.T.);
#1448=ORIENTED_EDGE('',*,*,#4406,.T.);
#1449=ORIENTED_EDGE('',*,*,#4407,.T.);
#1450=ORIENTED_EDGE('',*,*,#4408,.T.);
#1451=ORIENTED_EDGE('',*,*,#4409,.T.);
#1452=ORIENTED_EDGE('',*,*,#4410,.T.);
#1453=ORIENTED_EDGE('',*,*,#4411,.T.);
#1454=ORIENTED_EDGE('',*,*,#4412,.T.);
#1455=ORIENTED_EDGE('',*,*,#4413,.T.);
#1456=ORIENTED_EDGE('',*,*,#4414,.T.);
#1457=ORIENTED_EDGE('',*,*,#4415,.T.);
#1458=ORIENTED_EDGE('',*,*,#4416,.T.);
#1459=ORIENTED_EDGE('',*,*,#4417,.T.);
#1460=ORIENTED_EDGE('',*,*,#4418,.T.);
#1461=ORIENTED_EDGE('',*,*,#4419,.T.);
#1462=ORIENTED_EDGE('',*,*,#4420,.T.);
#1463=ORIENTED_EDGE('',*,*,#4421,.T.);
#1464=ORIENTED_EDGE('',*,*,#4422,.T.);
#1465=ORIENTED_EDGE('',*,*,#4423,.T.);
#1466=ORIENTED_EDGE('',*,*,#4424,.T.);
#1467=ORIENTED_EDGE('',*,*,#4425,.T.);
#1468=ORIENTED_EDGE('',*,*,#4426,.T.);
#1469=ORIENTED_EDGE('',*,*,#4427,.T.);
#1470=ORIENTED_EDGE('',*,*,#4428,.T.);
#1471=ORIENTED_EDGE('',*,*,#4429,.T.);
#1472=ORIENTED_EDGE('',*,*,#4430,.T.);
#1473=ORIENTED_EDGE('',*,*,#4431,.T.);
#1474=ORIENTED_EDGE('',*,*,#4432,.T.);
#1475=ORIENTED_EDGE('',*,*,#4433,.T.);
#1476=ORIENTED_EDGE('',*,*,#4434,.T.);
#1477=ORIENTED_EDGE('',*,*,#4435,.T.);
#1478=ORIENTED_EDGE('',*,*,#4436,.T.);
#1479=ORIENTED_EDGE('',*,*,#4437,.T.);
#1480=ORIENTED_EDGE('',*,*,#4438,.T.);
#1481=ORIENTED_EDGE('',*,*,#4439,.T.);
#1482=ORIENTED_EDGE('',*,*,#4440,.T.);
#1483=ORIENTED_EDGE('',*,*,#4441,.T.);
#1484=ORIENTED_EDGE('',*,*,#4442,.T.);
#1485=ORIENTED_EDGE('',*,*,#4443,.T.);
#1486=ORIENTED_EDGE('',*,*,#4444,.T.);
#1487=ORIENTED_EDGE('',*,*,#4445,.T.);
#1488=ORIENTED_EDGE('',*,*,#4446,.T.);
#1489=ORIENTED_EDGE('',*,*,#4447,.T.);
#1490=ORIENTED_EDGE('',*,*,#4448,.T.);
#1491=ORIENTED_EDGE('',*,*,#4449,.T.);
#1492=ORIENTED_EDGE('',*,*,#4450,.T.);
#1493=ORIENTED_EDGE('',*,*,#4451,.T.);
#1494=ORIENTED_EDGE('',*,*,#4452,.T.);
#1495=ORIENTED_EDGE('',*,*,#4453,.T.);
#1496=ORIENTED_EDGE('',*,*,#4454,.T.);
#1497=ORIENTED_EDGE('',*,*,#4455,.T.);
#1498=ORIENTED_EDGE('',*,*,#4456,.T.);
#1499=ORIENTED_EDGE('',*,*,#4457,.T.);
#1500=ORIENTED_EDGE('',*,*,#4458,.T.);
#1501=ORIENTED_EDGE('',*,*,#4459,.T.);
#1502=ORIENTED_EDGE('',*,*,#4460,.T.);
#1503=ORIENTED_EDGE('',*,*,#4461,.T.);
#1504=ORIENTED_EDGE('',*,*,#4462,.T.);
#1505=ORIENTED_EDGE('',*,*,#4463,.T.);
#1506=ORIENTED_EDGE('',*,*,#4464,.T.);
#1507=ORIENTED_EDGE('',*,*,#4465,.T.);
#1508=ORIENTED_EDGE('',*,*,#4466,.T.);
#1509=ORIENTED_EDGE('',*,*,#4467,.T.);
#1510=ORIENTED_EDGE('',*,*,#4468,.T.);
#1511=ORIENTED_EDGE('',*,*,#4469,.T.);
#1512=ORIENTED_EDGE('',*,*,#4470,.T.);
#1513=ORIENTED_EDGE('',*,*,#4471,.T.);
#1514=ORIENTED_EDGE('',*,*,#4294,.F.);
#1515=ORIENTED_EDGE('',*,*,#4472,.F.);
#1516=ORIENTED_EDGE('',*,*,#3623,.T.);
#1517=ORIENTED_EDGE('',*,*,#4473,.T.);
#1518=ORIENTED_EDGE('',*,*,#4296,.F.);
#1519=ORIENTED_EDGE('',*,*,#4474,.F.);
#1520=ORIENTED_EDGE('',*,*,#3624,.T.);
#1521=ORIENTED_EDGE('',*,*,#4472,.T.);
#1522=ORIENTED_EDGE('',*,*,#4291,.F.);
#1523=ORIENTED_EDGE('',*,*,#4475,.F.);
#1524=ORIENTED_EDGE('',*,*,#3620,.T.);
#1525=ORIENTED_EDGE('',*,*,#4476,.T.);
#1526=ORIENTED_EDGE('',*,*,#4293,.T.);
#1527=ORIENTED_EDGE('',*,*,#4477,.F.);
#1528=ORIENTED_EDGE('',*,*,#3621,.F.);
#1529=ORIENTED_EDGE('',*,*,#4475,.T.);
#1530=ORIENTED_EDGE('',*,*,#4288,.F.);
#1531=ORIENTED_EDGE('',*,*,#4478,.F.);
#1532=ORIENTED_EDGE('',*,*,#3617,.T.);
#1533=ORIENTED_EDGE('',*,*,#4479,.T.);
#1534=ORIENTED_EDGE('',*,*,#4290,.F.);
#1535=ORIENTED_EDGE('',*,*,#4480,.F.);
#1536=ORIENTED_EDGE('',*,*,#3618,.T.);
#1537=ORIENTED_EDGE('',*,*,#4478,.T.);
#1538=ORIENTED_EDGE('',*,*,#4285,.F.);
#1539=ORIENTED_EDGE('',*,*,#4481,.F.);
#1540=ORIENTED_EDGE('',*,*,#3614,.T.);
#1541=ORIENTED_EDGE('',*,*,#4482,.T.);
#1542=ORIENTED_EDGE('',*,*,#4287,.T.);
#1543=ORIENTED_EDGE('',*,*,#4483,.F.);
#1544=ORIENTED_EDGE('',*,*,#3615,.F.);
#1545=ORIENTED_EDGE('',*,*,#4481,.T.);
#1546=ORIENTED_EDGE('',*,*,#4282,.F.);
#1547=ORIENTED_EDGE('',*,*,#4484,.F.);
#1548=ORIENTED_EDGE('',*,*,#3611,.T.);
#1549=ORIENTED_EDGE('',*,*,#4485,.T.);
#1550=ORIENTED_EDGE('',*,*,#4284,.T.);
#1551=ORIENTED_EDGE('',*,*,#4486,.F.);
#1552=ORIENTED_EDGE('',*,*,#3612,.F.);
#1553=ORIENTED_EDGE('',*,*,#4484,.T.);
#1554=ORIENTED_EDGE('',*,*,#4279,.F.);
#1555=ORIENTED_EDGE('',*,*,#4487,.F.);
#1556=ORIENTED_EDGE('',*,*,#3608,.T.);
#1557=ORIENTED_EDGE('',*,*,#4488,.T.);
#1558=ORIENTED_EDGE('',*,*,#4281,.T.);
#1559=ORIENTED_EDGE('',*,*,#4489,.F.);
#1560=ORIENTED_EDGE('',*,*,#3609,.F.);
#1561=ORIENTED_EDGE('',*,*,#4487,.T.);
#1562=ORIENTED_EDGE('',*,*,#4275,.F.);
#1563=ORIENTED_EDGE('',*,*,#4490,.F.);
#1564=ORIENTED_EDGE('',*,*,#3604,.T.);
#1565=ORIENTED_EDGE('',*,*,#4491,.T.);
#1566=ORIENTED_EDGE('',*,*,#4278,.T.);
#1567=ORIENTED_EDGE('',*,*,#4492,.F.);
#1568=ORIENTED_EDGE('',*,*,#3605,.F.);
#1569=ORIENTED_EDGE('',*,*,#4490,.T.);
#1570=ORIENTED_EDGE('',*,*,#4277,.F.);
#1571=ORIENTED_EDGE('',*,*,#4493,.F.);
#1572=ORIENTED_EDGE('',*,*,#3606,.T.);
#1573=ORIENTED_EDGE('',*,*,#4492,.T.);
#1574=ORIENTED_EDGE('',*,*,#4272,.F.);
#1575=ORIENTED_EDGE('',*,*,#4494,.F.);
#1576=ORIENTED_EDGE('',*,*,#3601,.T.);
#1577=ORIENTED_EDGE('',*,*,#4495,.T.);
#1578=ORIENTED_EDGE('',*,*,#4274,.T.);
#1579=ORIENTED_EDGE('',*,*,#4496,.F.);
#1580=ORIENTED_EDGE('',*,*,#3602,.F.);
#1581=ORIENTED_EDGE('',*,*,#4494,.T.);
#1582=ORIENTED_EDGE('',*,*,#4267,.F.);
#1583=ORIENTED_EDGE('',*,*,#4497,.F.);
#1584=ORIENTED_EDGE('',*,*,#3596,.T.);
#1585=ORIENTED_EDGE('',*,*,#4498,.T.);
#1586=ORIENTED_EDGE('',*,*,#4271,.F.);
#1587=ORIENTED_EDGE('',*,*,#4499,.F.);
#1588=ORIENTED_EDGE('',*,*,#3597,.T.);
#1589=ORIENTED_EDGE('',*,*,#4497,.T.);
#1590=ORIENTED_EDGE('',*,*,#4270,.F.);
#1591=ORIENTED_EDGE('',*,*,#4500,.F.);
#1592=ORIENTED_EDGE('',*,*,#3598,.T.);
#1593=ORIENTED_EDGE('',*,*,#4499,.T.);
#1594=ORIENTED_EDGE('',*,*,#4269,.F.);
#1595=ORIENTED_EDGE('',*,*,#4501,.F.);
#1596=ORIENTED_EDGE('',*,*,#3599,.T.);
#1597=ORIENTED_EDGE('',*,*,#4500,.T.);
#1598=ORIENTED_EDGE('',*,*,#4264,.F.);
#1599=ORIENTED_EDGE('',*,*,#4502,.F.);
#1600=ORIENTED_EDGE('',*,*,#3593,.T.);
#1601=ORIENTED_EDGE('',*,*,#4503,.T.);
#1602=ORIENTED_EDGE('',*,*,#4266,.T.);
#1603=ORIENTED_EDGE('',*,*,#4504,.F.);
#1604=ORIENTED_EDGE('',*,*,#3594,.F.);
#1605=ORIENTED_EDGE('',*,*,#4502,.T.);
#1606=ORIENTED_EDGE('',*,*,#4260,.T.);
#1607=ORIENTED_EDGE('',*,*,#4505,.F.);
#1608=ORIENTED_EDGE('',*,*,#3589,.F.);
#1609=ORIENTED_EDGE('',*,*,#4506,.T.);
#1610=ORIENTED_EDGE('',*,*,#4263,.F.);
#1611=ORIENTED_EDGE('',*,*,#4507,.F.);
#1612=ORIENTED_EDGE('',*,*,#3590,.T.);
#1613=ORIENTED_EDGE('',*,*,#4505,.T.);
#1614=ORIENTED_EDGE('',*,*,#4262,.T.);
#1615=ORIENTED_EDGE('',*,*,#4508,.F.);
#1616=ORIENTED_EDGE('',*,*,#3591,.F.);
#1617=ORIENTED_EDGE('',*,*,#4507,.T.);
#1618=ORIENTED_EDGE('',*,*,#4256,.F.);
#1619=ORIENTED_EDGE('',*,*,#4509,.F.);
#1620=ORIENTED_EDGE('',*,*,#3585,.T.);
#1621=ORIENTED_EDGE('',*,*,#4510,.T.);
#1622=ORIENTED_EDGE('',*,*,#4259,.F.);
#1623=ORIENTED_EDGE('',*,*,#4511,.F.);
#1624=ORIENTED_EDGE('',*,*,#3586,.T.);
#1625=ORIENTED_EDGE('',*,*,#4509,.T.);
#1626=ORIENTED_EDGE('',*,*,#4258,.T.);
#1627=ORIENTED_EDGE('',*,*,#4512,.F.);
#1628=ORIENTED_EDGE('',*,*,#3587,.F.);
#1629=ORIENTED_EDGE('',*,*,#4511,.T.);
#1630=ORIENTED_EDGE('',*,*,#4253,.F.);
#1631=ORIENTED_EDGE('',*,*,#4513,.F.);
#1632=ORIENTED_EDGE('',*,*,#3582,.T.);
#1633=ORIENTED_EDGE('',*,*,#4514,.T.);
#1634=ORIENTED_EDGE('',*,*,#4255,.F.);
#1635=ORIENTED_EDGE('',*,*,#4515,.F.);
#1636=ORIENTED_EDGE('',*,*,#3583,.T.);
#1637=ORIENTED_EDGE('',*,*,#4513,.T.);
#1638=ORIENTED_EDGE('',*,*,#4249,.T.);
#1639=ORIENTED_EDGE('',*,*,#4516,.F.);
#1640=ORIENTED_EDGE('',*,*,#3578,.F.);
#1641=ORIENTED_EDGE('',*,*,#4517,.T.);
#1642=ORIENTED_EDGE('',*,*,#4252,.T.);
#1643=ORIENTED_EDGE('',*,*,#4518,.F.);
#1644=ORIENTED_EDGE('',*,*,#3579,.F.);
#1645=ORIENTED_EDGE('',*,*,#4516,.T.);
#1646=ORIENTED_EDGE('',*,*,#4251,.T.);
#1647=ORIENTED_EDGE('',*,*,#4519,.F.);
#1648=ORIENTED_EDGE('',*,*,#3580,.F.);
#1649=ORIENTED_EDGE('',*,*,#4518,.T.);
#1650=ORIENTED_EDGE('',*,*,#4246,.T.);
#1651=ORIENTED_EDGE('',*,*,#4520,.F.);
#1652=ORIENTED_EDGE('',*,*,#3575,.F.);
#1653=ORIENTED_EDGE('',*,*,#4521,.T.);
#1654=ORIENTED_EDGE('',*,*,#4248,.T.);
#1655=ORIENTED_EDGE('',*,*,#4522,.F.);
#1656=ORIENTED_EDGE('',*,*,#3576,.F.);
#1657=ORIENTED_EDGE('',*,*,#4520,.T.);
#1658=ORIENTED_EDGE('',*,*,#4243,.F.);
#1659=ORIENTED_EDGE('',*,*,#4523,.F.);
#1660=ORIENTED_EDGE('',*,*,#3572,.T.);
#1661=ORIENTED_EDGE('',*,*,#4524,.T.);
#1662=ORIENTED_EDGE('',*,*,#4245,.F.);
#1663=ORIENTED_EDGE('',*,*,#4525,.F.);
#1664=ORIENTED_EDGE('',*,*,#3573,.T.);
#1665=ORIENTED_EDGE('',*,*,#4523,.T.);
#1666=ORIENTED_EDGE('',*,*,#4240,.F.);
#1667=ORIENTED_EDGE('',*,*,#4526,.F.);
#1668=ORIENTED_EDGE('',*,*,#3569,.T.);
#1669=ORIENTED_EDGE('',*,*,#4527,.T.);
#1670=ORIENTED_EDGE('',*,*,#4242,.F.);
#1671=ORIENTED_EDGE('',*,*,#4528,.F.);
#1672=ORIENTED_EDGE('',*,*,#3570,.T.);
#1673=ORIENTED_EDGE('',*,*,#4526,.T.);
#1674=ORIENTED_EDGE('',*,*,#4237,.T.);
#1675=ORIENTED_EDGE('',*,*,#4529,.F.);
#1676=ORIENTED_EDGE('',*,*,#3566,.F.);
#1677=ORIENTED_EDGE('',*,*,#4530,.T.);
#1678=ORIENTED_EDGE('',*,*,#4239,.F.);
#1679=ORIENTED_EDGE('',*,*,#4531,.F.);
#1680=ORIENTED_EDGE('',*,*,#3567,.T.);
#1681=ORIENTED_EDGE('',*,*,#4529,.T.);
#1682=ORIENTED_EDGE('',*,*,#4232,.T.);
#1683=ORIENTED_EDGE('',*,*,#4532,.F.);
#1684=ORIENTED_EDGE('',*,*,#3561,.F.);
#1685=ORIENTED_EDGE('',*,*,#4533,.T.);
#1686=ORIENTED_EDGE('',*,*,#4236,.F.);
#1687=ORIENTED_EDGE('',*,*,#4534,.F.);
#1688=ORIENTED_EDGE('',*,*,#3562,.T.);
#1689=ORIENTED_EDGE('',*,*,#4532,.T.);
#1690=ORIENTED_EDGE('',*,*,#4235,.F.);
#1691=ORIENTED_EDGE('',*,*,#4535,.F.);
#1692=ORIENTED_EDGE('',*,*,#3563,.T.);
#1693=ORIENTED_EDGE('',*,*,#4534,.T.);
#1694=ORIENTED_EDGE('',*,*,#4234,.T.);
#1695=ORIENTED_EDGE('',*,*,#4536,.F.);
#1696=ORIENTED_EDGE('',*,*,#3564,.F.);
#1697=ORIENTED_EDGE('',*,*,#4535,.T.);
#1698=ORIENTED_EDGE('',*,*,#4229,.T.);
#1699=ORIENTED_EDGE('',*,*,#4537,.F.);
#1700=ORIENTED_EDGE('',*,*,#3558,.F.);
#1701=ORIENTED_EDGE('',*,*,#4538,.T.);
#1702=ORIENTED_EDGE('',*,*,#4231,.T.);
#1703=ORIENTED_EDGE('',*,*,#4539,.F.);
#1704=ORIENTED_EDGE('',*,*,#3559,.F.);
#1705=ORIENTED_EDGE('',*,*,#4537,.T.);
#1706=ORIENTED_EDGE('',*,*,#4226,.F.);
#1707=ORIENTED_EDGE('',*,*,#4540,.F.);
#1708=ORIENTED_EDGE('',*,*,#3555,.T.);
#1709=ORIENTED_EDGE('',*,*,#4541,.T.);
#1710=ORIENTED_EDGE('',*,*,#4228,.F.);
#1711=ORIENTED_EDGE('',*,*,#4542,.F.);
#1712=ORIENTED_EDGE('',*,*,#3556,.T.);
#1713=ORIENTED_EDGE('',*,*,#4540,.T.);
#1714=ORIENTED_EDGE('',*,*,#4223,.F.);
#1715=ORIENTED_EDGE('',*,*,#4543,.F.);
#1716=ORIENTED_EDGE('',*,*,#3552,.T.);
#1717=ORIENTED_EDGE('',*,*,#4544,.T.);
#1718=ORIENTED_EDGE('',*,*,#4225,.T.);
#1719=ORIENTED_EDGE('',*,*,#4545,.F.);
#1720=ORIENTED_EDGE('',*,*,#3553,.F.);
#1721=ORIENTED_EDGE('',*,*,#4543,.T.);
#1722=ORIENTED_EDGE('',*,*,#4220,.F.);
#1723=ORIENTED_EDGE('',*,*,#4546,.F.);
#1724=ORIENTED_EDGE('',*,*,#3549,.T.);
#1725=ORIENTED_EDGE('',*,*,#4547,.T.);
#1726=ORIENTED_EDGE('',*,*,#4222,.F.);
#1727=ORIENTED_EDGE('',*,*,#4548,.F.);
#1728=ORIENTED_EDGE('',*,*,#3550,.T.);
#1729=ORIENTED_EDGE('',*,*,#4546,.T.);
#1730=ORIENTED_EDGE('',*,*,#4215,.F.);
#1731=ORIENTED_EDGE('',*,*,#4549,.F.);
#1732=ORIENTED_EDGE('',*,*,#3544,.T.);
#1733=ORIENTED_EDGE('',*,*,#4550,.T.);
#1734=ORIENTED_EDGE('',*,*,#4219,.T.);
#1735=ORIENTED_EDGE('',*,*,#4551,.F.);
#1736=ORIENTED_EDGE('',*,*,#3545,.F.);
#1737=ORIENTED_EDGE('',*,*,#4549,.T.);
#1738=ORIENTED_EDGE('',*,*,#4218,.T.);
#1739=ORIENTED_EDGE('',*,*,#4552,.F.);
#1740=ORIENTED_EDGE('',*,*,#3546,.F.);
#1741=ORIENTED_EDGE('',*,*,#4551,.T.);
#1742=ORIENTED_EDGE('',*,*,#4217,.T.);
#1743=ORIENTED_EDGE('',*,*,#4553,.F.);
#1744=ORIENTED_EDGE('',*,*,#3547,.F.);
#1745=ORIENTED_EDGE('',*,*,#4552,.T.);
#1746=ORIENTED_EDGE('',*,*,#4209,.F.);
#1747=ORIENTED_EDGE('',*,*,#4554,.F.);
#1748=ORIENTED_EDGE('',*,*,#3538,.T.);
#1749=ORIENTED_EDGE('',*,*,#4555,.T.);
#1750=ORIENTED_EDGE('',*,*,#4214,.F.);
#1751=ORIENTED_EDGE('',*,*,#4556,.F.);
#1752=ORIENTED_EDGE('',*,*,#3539,.T.);
#1753=ORIENTED_EDGE('',*,*,#4554,.T.);
#1754=ORIENTED_EDGE('',*,*,#4213,.F.);
#1755=ORIENTED_EDGE('',*,*,#4557,.F.);
#1756=ORIENTED_EDGE('',*,*,#3540,.T.);
#1757=ORIENTED_EDGE('',*,*,#4556,.T.);
#1758=ORIENTED_EDGE('',*,*,#4212,.F.);
#1759=ORIENTED_EDGE('',*,*,#4558,.F.);
#1760=ORIENTED_EDGE('',*,*,#3541,.T.);
#1761=ORIENTED_EDGE('',*,*,#4557,.T.);
#1762=ORIENTED_EDGE('',*,*,#4211,.F.);
#1763=ORIENTED_EDGE('',*,*,#4559,.F.);
#1764=ORIENTED_EDGE('',*,*,#3542,.T.);
#1765=ORIENTED_EDGE('',*,*,#4558,.T.);
#1766=ORIENTED_EDGE('',*,*,#4206,.T.);
#1767=ORIENTED_EDGE('',*,*,#4560,.F.);
#1768=ORIENTED_EDGE('',*,*,#3535,.F.);
#1769=ORIENTED_EDGE('',*,*,#4561,.T.);
#1770=ORIENTED_EDGE('',*,*,#4208,.F.);
#1771=ORIENTED_EDGE('',*,*,#4562,.F.);
#1772=ORIENTED_EDGE('',*,*,#3536,.T.);
#1773=ORIENTED_EDGE('',*,*,#4560,.T.);
#1774=ORIENTED_EDGE('',*,*,#4203,.F.);
#1775=ORIENTED_EDGE('',*,*,#4563,.F.);
#1776=ORIENTED_EDGE('',*,*,#3532,.T.);
#1777=ORIENTED_EDGE('',*,*,#4564,.T.);
#1778=ORIENTED_EDGE('',*,*,#4205,.T.);
#1779=ORIENTED_EDGE('',*,*,#4565,.F.);
#1780=ORIENTED_EDGE('',*,*,#3533,.F.);
#1781=ORIENTED_EDGE('',*,*,#4563,.T.);
#1782=ORIENTED_EDGE('',*,*,#4198,.F.);
#1783=ORIENTED_EDGE('',*,*,#4566,.F.);
#1784=ORIENTED_EDGE('',*,*,#3527,.T.);
#1785=ORIENTED_EDGE('',*,*,#4567,.T.);
#1786=ORIENTED_EDGE('',*,*,#4202,.F.);
#1787=ORIENTED_EDGE('',*,*,#4568,.F.);
#1788=ORIENTED_EDGE('',*,*,#3528,.T.);
#1789=ORIENTED_EDGE('',*,*,#4566,.T.);
#1790=ORIENTED_EDGE('',*,*,#4201,.T.);
#1791=ORIENTED_EDGE('',*,*,#4569,.F.);
#1792=ORIENTED_EDGE('',*,*,#3529,.F.);
#1793=ORIENTED_EDGE('',*,*,#4568,.T.);
#1794=ORIENTED_EDGE('',*,*,#4200,.T.);
#1795=ORIENTED_EDGE('',*,*,#4570,.F.);
#1796=ORIENTED_EDGE('',*,*,#3530,.F.);
#1797=ORIENTED_EDGE('',*,*,#4569,.T.);
#1798=ORIENTED_EDGE('',*,*,#4194,.F.);
#1799=ORIENTED_EDGE('',*,*,#4571,.F.);
#1800=ORIENTED_EDGE('',*,*,#3523,.T.);
#1801=ORIENTED_EDGE('',*,*,#4572,.T.);
#1802=ORIENTED_EDGE('',*,*,#4197,.F.);
#1803=ORIENTED_EDGE('',*,*,#4573,.F.);
#1804=ORIENTED_EDGE('',*,*,#3524,.T.);
#1805=ORIENTED_EDGE('',*,*,#4571,.T.);
#1806=ORIENTED_EDGE('',*,*,#4196,.F.);
#1807=ORIENTED_EDGE('',*,*,#4574,.F.);
#1808=ORIENTED_EDGE('',*,*,#3525,.T.);
#1809=ORIENTED_EDGE('',*,*,#4573,.T.);
#1810=ORIENTED_EDGE('',*,*,#4190,.T.);
#1811=ORIENTED_EDGE('',*,*,#4575,.F.);
#1812=ORIENTED_EDGE('',*,*,#3519,.F.);
#1813=ORIENTED_EDGE('',*,*,#4576,.T.);
#1814=ORIENTED_EDGE('',*,*,#4193,.F.);
#1815=ORIENTED_EDGE('',*,*,#4577,.F.);
#1816=ORIENTED_EDGE('',*,*,#3520,.T.);
#1817=ORIENTED_EDGE('',*,*,#4575,.T.);
#1818=ORIENTED_EDGE('',*,*,#4192,.F.);
#1819=ORIENTED_EDGE('',*,*,#4578,.F.);
#1820=ORIENTED_EDGE('',*,*,#3521,.T.);
#1821=ORIENTED_EDGE('',*,*,#4577,.T.);
#1822=ORIENTED_EDGE('',*,*,#4187,.F.);
#1823=ORIENTED_EDGE('',*,*,#4579,.F.);
#1824=ORIENTED_EDGE('',*,*,#3516,.T.);
#1825=ORIENTED_EDGE('',*,*,#4580,.T.);
#1826=ORIENTED_EDGE('',*,*,#4189,.F.);
#1827=ORIENTED_EDGE('',*,*,#4581,.F.);
#1828=ORIENTED_EDGE('',*,*,#3517,.T.);
#1829=ORIENTED_EDGE('',*,*,#4579,.T.);
#1830=ORIENTED_EDGE('',*,*,#4184,.T.);
#1831=ORIENTED_EDGE('',*,*,#4582,.F.);
#1832=ORIENTED_EDGE('',*,*,#3513,.F.);
#1833=ORIENTED_EDGE('',*,*,#4583,.T.);
#1834=ORIENTED_EDGE('',*,*,#4186,.T.);
#1835=ORIENTED_EDGE('',*,*,#4584,.F.);
#1836=ORIENTED_EDGE('',*,*,#3514,.F.);
#1837=ORIENTED_EDGE('',*,*,#4582,.T.);
#1838=ORIENTED_EDGE('',*,*,#4181,.F.);
#1839=ORIENTED_EDGE('',*,*,#4585,.F.);
#1840=ORIENTED_EDGE('',*,*,#3510,.T.);
#1841=ORIENTED_EDGE('',*,*,#4586,.T.);
#1842=ORIENTED_EDGE('',*,*,#4183,.T.);
#1843=ORIENTED_EDGE('',*,*,#4587,.F.);
#1844=ORIENTED_EDGE('',*,*,#3511,.F.);
#1845=ORIENTED_EDGE('',*,*,#4585,.T.);
#1846=ORIENTED_EDGE('',*,*,#4175,.F.);
#1847=ORIENTED_EDGE('',*,*,#4588,.F.);
#1848=ORIENTED_EDGE('',*,*,#3504,.T.);
#1849=ORIENTED_EDGE('',*,*,#4589,.T.);
#1850=ORIENTED_EDGE('',*,*,#4180,.F.);
#1851=ORIENTED_EDGE('',*,*,#4590,.F.);
#1852=ORIENTED_EDGE('',*,*,#3505,.T.);
#1853=ORIENTED_EDGE('',*,*,#4588,.T.);
#1854=ORIENTED_EDGE('',*,*,#4179,.T.);
#1855=ORIENTED_EDGE('',*,*,#4591,.F.);
#1856=ORIENTED_EDGE('',*,*,#3506,.F.);
#1857=ORIENTED_EDGE('',*,*,#4590,.T.);
#1858=ORIENTED_EDGE('',*,*,#4178,.F.);
#1859=ORIENTED_EDGE('',*,*,#4592,.F.);
#1860=ORIENTED_EDGE('',*,*,#3507,.T.);
#1861=ORIENTED_EDGE('',*,*,#4591,.T.);
#1862=ORIENTED_EDGE('',*,*,#4177,.F.);
#1863=ORIENTED_EDGE('',*,*,#4593,.F.);
#1864=ORIENTED_EDGE('',*,*,#3508,.T.);
#1865=ORIENTED_EDGE('',*,*,#4592,.T.);
#1866=ORIENTED_EDGE('',*,*,#4171,.T.);
#1867=ORIENTED_EDGE('',*,*,#4594,.F.);
#1868=ORIENTED_EDGE('',*,*,#3500,.F.);
#1869=ORIENTED_EDGE('',*,*,#4595,.T.);
#1870=ORIENTED_EDGE('',*,*,#4174,.T.);
#1871=ORIENTED_EDGE('',*,*,#4596,.F.);
#1872=ORIENTED_EDGE('',*,*,#3501,.F.);
#1873=ORIENTED_EDGE('',*,*,#4594,.T.);
#1874=ORIENTED_EDGE('',*,*,#4173,.F.);
#1875=ORIENTED_EDGE('',*,*,#4597,.F.);
#1876=ORIENTED_EDGE('',*,*,#3502,.T.);
#1877=ORIENTED_EDGE('',*,*,#4596,.T.);
#1878=ORIENTED_EDGE('',*,*,#4168,.T.);
#1879=ORIENTED_EDGE('',*,*,#4598,.F.);
#1880=ORIENTED_EDGE('',*,*,#3497,.F.);
#1881=ORIENTED_EDGE('',*,*,#4599,.T.);
#1882=ORIENTED_EDGE('',*,*,#4170,.T.);
#1883=ORIENTED_EDGE('',*,*,#4600,.F.);
#1884=ORIENTED_EDGE('',*,*,#3498,.F.);
#1885=ORIENTED_EDGE('',*,*,#4598,.T.);
#1886=ORIENTED_EDGE('',*,*,#4164,.F.);
#1887=ORIENTED_EDGE('',*,*,#4601,.F.);
#1888=ORIENTED_EDGE('',*,*,#3493,.T.);
#1889=ORIENTED_EDGE('',*,*,#4602,.T.);
#1890=ORIENTED_EDGE('',*,*,#4167,.T.);
#1891=ORIENTED_EDGE('',*,*,#4603,.F.);
#1892=ORIENTED_EDGE('',*,*,#3494,.F.);
#1893=ORIENTED_EDGE('',*,*,#4601,.T.);
#1894=ORIENTED_EDGE('',*,*,#4166,.T.);
#1895=ORIENTED_EDGE('',*,*,#4604,.F.);
#1896=ORIENTED_EDGE('',*,*,#3495,.F.);
#1897=ORIENTED_EDGE('',*,*,#4603,.T.);
#1898=ORIENTED_EDGE('',*,*,#4161,.F.);
#1899=ORIENTED_EDGE('',*,*,#4605,.F.);
#1900=ORIENTED_EDGE('',*,*,#3490,.T.);
#1901=ORIENTED_EDGE('',*,*,#4606,.T.);
#1902=ORIENTED_EDGE('',*,*,#4163,.T.);
#1903=ORIENTED_EDGE('',*,*,#4607,.F.);
#1904=ORIENTED_EDGE('',*,*,#3491,.F.);
#1905=ORIENTED_EDGE('',*,*,#4605,.T.);
#1906=ORIENTED_EDGE('',*,*,#4157,.T.);
#1907=ORIENTED_EDGE('',*,*,#4608,.F.);
#1908=ORIENTED_EDGE('',*,*,#3486,.F.);
#1909=ORIENTED_EDGE('',*,*,#4609,.T.);
#1910=ORIENTED_EDGE('',*,*,#4160,.T.);
#1911=ORIENTED_EDGE('',*,*,#4610,.F.);
#1912=ORIENTED_EDGE('',*,*,#3487,.F.);
#1913=ORIENTED_EDGE('',*,*,#4608,.T.);
#1914=ORIENTED_EDGE('',*,*,#4159,.F.);
#1915=ORIENTED_EDGE('',*,*,#4611,.F.);
#1916=ORIENTED_EDGE('',*,*,#3488,.T.);
#1917=ORIENTED_EDGE('',*,*,#4610,.T.);
#1918=ORIENTED_EDGE('',*,*,#4292,.T.);
#1919=ORIENTED_EDGE('',*,*,#4476,.F.);
#1920=ORIENTED_EDGE('',*,*,#3622,.F.);
#1921=ORIENTED_EDGE('',*,*,#4477,.T.);
#1922=ORIENTED_EDGE('',*,*,#4289,.T.);
#1923=ORIENTED_EDGE('',*,*,#4479,.F.);
#1924=ORIENTED_EDGE('',*,*,#3619,.F.);
#1925=ORIENTED_EDGE('',*,*,#4480,.T.);
#1926=ORIENTED_EDGE('',*,*,#4286,.T.);
#1927=ORIENTED_EDGE('',*,*,#4482,.F.);
#1928=ORIENTED_EDGE('',*,*,#3616,.F.);
#1929=ORIENTED_EDGE('',*,*,#4483,.T.);
#1930=ORIENTED_EDGE('',*,*,#4283,.F.);
#1931=ORIENTED_EDGE('',*,*,#4485,.F.);
#1932=ORIENTED_EDGE('',*,*,#3613,.T.);
#1933=ORIENTED_EDGE('',*,*,#4486,.T.);
#1934=ORIENTED_EDGE('',*,*,#4280,.F.);
#1935=ORIENTED_EDGE('',*,*,#4488,.F.);
#1936=ORIENTED_EDGE('',*,*,#3610,.T.);
#1937=ORIENTED_EDGE('',*,*,#4489,.T.);
#1938=ORIENTED_EDGE('',*,*,#4276,.F.);
#1939=ORIENTED_EDGE('',*,*,#4491,.F.);
#1940=ORIENTED_EDGE('',*,*,#3607,.T.);
#1941=ORIENTED_EDGE('',*,*,#4493,.T.);
#1942=ORIENTED_EDGE('',*,*,#4273,.T.);
#1943=ORIENTED_EDGE('',*,*,#4495,.F.);
#1944=ORIENTED_EDGE('',*,*,#3603,.F.);
#1945=ORIENTED_EDGE('',*,*,#4496,.T.);
#1946=ORIENTED_EDGE('',*,*,#4268,.T.);
#1947=ORIENTED_EDGE('',*,*,#4498,.F.);
#1948=ORIENTED_EDGE('',*,*,#3600,.F.);
#1949=ORIENTED_EDGE('',*,*,#4501,.T.);
#1950=ORIENTED_EDGE('',*,*,#4265,.F.);
#1951=ORIENTED_EDGE('',*,*,#4503,.F.);
#1952=ORIENTED_EDGE('',*,*,#3595,.T.);
#1953=ORIENTED_EDGE('',*,*,#4504,.T.);
#1954=ORIENTED_EDGE('',*,*,#4261,.F.);
#1955=ORIENTED_EDGE('',*,*,#4506,.F.);
#1956=ORIENTED_EDGE('',*,*,#3592,.T.);
#1957=ORIENTED_EDGE('',*,*,#4508,.T.);
#1958=ORIENTED_EDGE('',*,*,#4257,.T.);
#1959=ORIENTED_EDGE('',*,*,#4510,.F.);
#1960=ORIENTED_EDGE('',*,*,#3588,.F.);
#1961=ORIENTED_EDGE('',*,*,#4512,.T.);
#1962=ORIENTED_EDGE('',*,*,#4254,.T.);
#1963=ORIENTED_EDGE('',*,*,#4514,.F.);
#1964=ORIENTED_EDGE('',*,*,#3584,.F.);
#1965=ORIENTED_EDGE('',*,*,#4515,.T.);
#1966=ORIENTED_EDGE('',*,*,#4250,.F.);
#1967=ORIENTED_EDGE('',*,*,#4517,.F.);
#1968=ORIENTED_EDGE('',*,*,#3581,.T.);
#1969=ORIENTED_EDGE('',*,*,#4519,.T.);
#1970=ORIENTED_EDGE('',*,*,#4247,.T.);
#1971=ORIENTED_EDGE('',*,*,#4521,.F.);
#1972=ORIENTED_EDGE('',*,*,#3577,.F.);
#1973=ORIENTED_EDGE('',*,*,#4522,.T.);
#1974=ORIENTED_EDGE('',*,*,#4244,.F.);
#1975=ORIENTED_EDGE('',*,*,#4524,.F.);
#1976=ORIENTED_EDGE('',*,*,#3574,.T.);
#1977=ORIENTED_EDGE('',*,*,#4525,.T.);
#1978=ORIENTED_EDGE('',*,*,#4241,.T.);
#1979=ORIENTED_EDGE('',*,*,#4527,.F.);
#1980=ORIENTED_EDGE('',*,*,#3571,.F.);
#1981=ORIENTED_EDGE('',*,*,#4528,.T.);
#1982=ORIENTED_EDGE('',*,*,#4238,.F.);
#1983=ORIENTED_EDGE('',*,*,#4530,.F.);
#1984=ORIENTED_EDGE('',*,*,#3568,.T.);
#1985=ORIENTED_EDGE('',*,*,#4531,.T.);
#1986=ORIENTED_EDGE('',*,*,#4233,.F.);
#1987=ORIENTED_EDGE('',*,*,#4533,.F.);
#1988=ORIENTED_EDGE('',*,*,#3565,.T.);
#1989=ORIENTED_EDGE('',*,*,#4536,.T.);
#1990=ORIENTED_EDGE('',*,*,#4230,.F.);
#1991=ORIENTED_EDGE('',*,*,#4538,.F.);
#1992=ORIENTED_EDGE('',*,*,#3560,.T.);
#1993=ORIENTED_EDGE('',*,*,#4539,.T.);
#1994=ORIENTED_EDGE('',*,*,#4227,.T.);
#1995=ORIENTED_EDGE('',*,*,#4541,.F.);
#1996=ORIENTED_EDGE('',*,*,#3557,.F.);
#1997=ORIENTED_EDGE('',*,*,#4542,.T.);
#1998=ORIENTED_EDGE('',*,*,#4224,.F.);
#1999=ORIENTED_EDGE('',*,*,#4544,.F.);
#2000=ORIENTED_EDGE('',*,*,#3554,.T.);
#2001=ORIENTED_EDGE('',*,*,#4545,.T.);
#2002=ORIENTED_EDGE('',*,*,#4221,.T.);
#2003=ORIENTED_EDGE('',*,*,#4547,.F.);
#2004=ORIENTED_EDGE('',*,*,#3551,.F.);
#2005=ORIENTED_EDGE('',*,*,#4548,.T.);
#2006=ORIENTED_EDGE('',*,*,#4216,.F.);
#2007=ORIENTED_EDGE('',*,*,#4550,.F.);
#2008=ORIENTED_EDGE('',*,*,#3548,.T.);
#2009=ORIENTED_EDGE('',*,*,#4553,.T.);
#2010=ORIENTED_EDGE('',*,*,#4210,.T.);
#2011=ORIENTED_EDGE('',*,*,#4555,.F.);
#2012=ORIENTED_EDGE('',*,*,#3543,.F.);
#2013=ORIENTED_EDGE('',*,*,#4559,.T.);
#2014=ORIENTED_EDGE('',*,*,#4207,.F.);
#2015=ORIENTED_EDGE('',*,*,#4561,.F.);
#2016=ORIENTED_EDGE('',*,*,#3537,.T.);
#2017=ORIENTED_EDGE('',*,*,#4562,.T.);
#2018=ORIENTED_EDGE('',*,*,#4204,.T.);
#2019=ORIENTED_EDGE('',*,*,#4564,.F.);
#2020=ORIENTED_EDGE('',*,*,#3534,.F.);
#2021=ORIENTED_EDGE('',*,*,#4565,.T.);
#2022=ORIENTED_EDGE('',*,*,#4199,.T.);
#2023=ORIENTED_EDGE('',*,*,#4567,.F.);
#2024=ORIENTED_EDGE('',*,*,#3531,.F.);
#2025=ORIENTED_EDGE('',*,*,#4570,.T.);
#2026=ORIENTED_EDGE('',*,*,#4195,.T.);
#2027=ORIENTED_EDGE('',*,*,#4572,.F.);
#2028=ORIENTED_EDGE('',*,*,#3526,.F.);
#2029=ORIENTED_EDGE('',*,*,#4574,.T.);
#2030=ORIENTED_EDGE('',*,*,#4191,.T.);
#2031=ORIENTED_EDGE('',*,*,#4576,.F.);
#2032=ORIENTED_EDGE('',*,*,#3522,.F.);
#2033=ORIENTED_EDGE('',*,*,#4578,.T.);
#2034=ORIENTED_EDGE('',*,*,#4188,.F.);
#2035=ORIENTED_EDGE('',*,*,#4580,.F.);
#2036=ORIENTED_EDGE('',*,*,#3518,.T.);
#2037=ORIENTED_EDGE('',*,*,#4581,.T.);
#2038=ORIENTED_EDGE('',*,*,#4185,.T.);
#2039=ORIENTED_EDGE('',*,*,#4583,.F.);
#2040=ORIENTED_EDGE('',*,*,#3515,.F.);
#2041=ORIENTED_EDGE('',*,*,#4584,.T.);
#2042=ORIENTED_EDGE('',*,*,#4182,.T.);
#2043=ORIENTED_EDGE('',*,*,#4586,.F.);
#2044=ORIENTED_EDGE('',*,*,#3512,.F.);
#2045=ORIENTED_EDGE('',*,*,#4587,.T.);
#2046=ORIENTED_EDGE('',*,*,#4176,.T.);
#2047=ORIENTED_EDGE('',*,*,#4589,.F.);
#2048=ORIENTED_EDGE('',*,*,#3509,.F.);
#2049=ORIENTED_EDGE('',*,*,#4593,.T.);
#2050=ORIENTED_EDGE('',*,*,#4172,.F.);
#2051=ORIENTED_EDGE('',*,*,#4595,.F.);
#2052=ORIENTED_EDGE('',*,*,#3503,.T.);
#2053=ORIENTED_EDGE('',*,*,#4597,.T.);
#2054=ORIENTED_EDGE('',*,*,#4169,.T.);
#2055=ORIENTED_EDGE('',*,*,#4599,.F.);
#2056=ORIENTED_EDGE('',*,*,#3499,.F.);
#2057=ORIENTED_EDGE('',*,*,#4600,.T.);
#2058=ORIENTED_EDGE('',*,*,#4165,.F.);
#2059=ORIENTED_EDGE('',*,*,#4602,.F.);
#2060=ORIENTED_EDGE('',*,*,#3496,.T.);
#2061=ORIENTED_EDGE('',*,*,#4604,.T.);
#2062=ORIENTED_EDGE('',*,*,#4162,.T.);
#2063=ORIENTED_EDGE('',*,*,#4606,.F.);
#2064=ORIENTED_EDGE('',*,*,#3492,.F.);
#2065=ORIENTED_EDGE('',*,*,#4607,.T.);
#2066=ORIENTED_EDGE('',*,*,#4158,.F.);
#2067=ORIENTED_EDGE('',*,*,#4609,.F.);
#2068=ORIENTED_EDGE('',*,*,#3489,.T.);
#2069=ORIENTED_EDGE('',*,*,#4611,.T.);
#2070=ORIENTED_EDGE('',*,*,#4295,.T.);
#2071=ORIENTED_EDGE('',*,*,#4473,.F.);
#2072=ORIENTED_EDGE('',*,*,#3625,.F.);
#2073=ORIENTED_EDGE('',*,*,#4474,.T.);
#2074=ORIENTED_EDGE('',*,*,#4612,.T.);
#2075=ORIENTED_EDGE('',*,*,#3629,.F.);
#2076=ORIENTED_EDGE('',*,*,#4613,.F.);
#2077=ORIENTED_EDGE('',*,*,#4155,.F.);
#2078=ORIENTED_EDGE('',*,*,#4614,.T.);
#2079=ORIENTED_EDGE('',*,*,#3630,.F.);
#2080=ORIENTED_EDGE('',*,*,#4612,.F.);
#2081=ORIENTED_EDGE('',*,*,#4154,.F.);
#2082=ORIENTED_EDGE('',*,*,#4613,.T.);
#2083=ORIENTED_EDGE('',*,*,#3628,.F.);
#2084=ORIENTED_EDGE('',*,*,#4615,.F.);
#2085=ORIENTED_EDGE('',*,*,#4156,.F.);
#2086=ORIENTED_EDGE('',*,*,#4616,.T.);
#2087=ORIENTED_EDGE('',*,*,#3631,.F.);
#2088=ORIENTED_EDGE('',*,*,#4614,.F.);
#2089=ORIENTED_EDGE('',*,*,#4153,.F.);
#2090=ORIENTED_EDGE('',*,*,#4617,.T.);
#2091=ORIENTED_EDGE('',*,*,#3632,.F.);
#2092=ORIENTED_EDGE('',*,*,#4616,.F.);
#2093=ORIENTED_EDGE('',*,*,#4152,.F.);
#2094=ORIENTED_EDGE('',*,*,#4618,.T.);
#2095=ORIENTED_EDGE('',*,*,#3633,.F.);
#2096=ORIENTED_EDGE('',*,*,#4617,.F.);
#2097=ORIENTED_EDGE('',*,*,#4151,.F.);
#2098=ORIENTED_EDGE('',*,*,#4619,.T.);
#2099=ORIENTED_EDGE('',*,*,#3634,.F.);
#2100=ORIENTED_EDGE('',*,*,#4618,.F.);
#2101=ORIENTED_EDGE('',*,*,#4150,.F.);
#2102=ORIENTED_EDGE('',*,*,#4620,.T.);
#2103=ORIENTED_EDGE('',*,*,#3635,.F.);
#2104=ORIENTED_EDGE('',*,*,#4619,.F.);
#2105=ORIENTED_EDGE('',*,*,#4149,.F.);
#2106=ORIENTED_EDGE('',*,*,#4621,.T.);
#2107=ORIENTED_EDGE('',*,*,#3636,.F.);
#2108=ORIENTED_EDGE('',*,*,#4620,.F.);
#2109=ORIENTED_EDGE('',*,*,#4148,.F.);
#2110=ORIENTED_EDGE('',*,*,#4622,.T.);
#2111=ORIENTED_EDGE('',*,*,#3626,.F.);
#2112=ORIENTED_EDGE('',*,*,#4621,.F.);
#2113=ORIENTED_EDGE('',*,*,#4147,.F.);
#2114=ORIENTED_EDGE('',*,*,#4615,.T.);
#2115=ORIENTED_EDGE('',*,*,#3627,.F.);
#2116=ORIENTED_EDGE('',*,*,#4622,.F.);
#2117=ORIENTED_EDGE('',*,*,#4146,.F.);
#2118=ORIENTED_EDGE('',*,*,#4623,.T.);
#2119=ORIENTED_EDGE('',*,*,#3640,.F.);
#2120=ORIENTED_EDGE('',*,*,#4624,.F.);
#2121=ORIENTED_EDGE('',*,*,#4303,.F.);
#2122=ORIENTED_EDGE('',*,*,#4625,.T.);
#2123=ORIENTED_EDGE('',*,*,#3641,.F.);
#2124=ORIENTED_EDGE('',*,*,#4623,.F.);
#2125=ORIENTED_EDGE('',*,*,#4302,.F.);
#2126=ORIENTED_EDGE('',*,*,#4624,.T.);
#2127=ORIENTED_EDGE('',*,*,#3639,.F.);
#2128=ORIENTED_EDGE('',*,*,#4626,.F.);
#2129=ORIENTED_EDGE('',*,*,#4304,.F.);
#2130=ORIENTED_EDGE('',*,*,#4627,.T.);
#2131=ORIENTED_EDGE('',*,*,#3642,.F.);
#2132=ORIENTED_EDGE('',*,*,#4625,.F.);
#2133=ORIENTED_EDGE('',*,*,#4301,.F.);
#2134=ORIENTED_EDGE('',*,*,#4628,.T.);
#2135=ORIENTED_EDGE('',*,*,#3643,.F.);
#2136=ORIENTED_EDGE('',*,*,#4627,.F.);
#2137=ORIENTED_EDGE('',*,*,#4300,.F.);
#2138=ORIENTED_EDGE('',*,*,#4629,.T.);
#2139=ORIENTED_EDGE('',*,*,#3644,.F.);
#2140=ORIENTED_EDGE('',*,*,#4628,.F.);
#2141=ORIENTED_EDGE('',*,*,#4299,.F.);
#2142=ORIENTED_EDGE('',*,*,#4630,.T.);
#2143=ORIENTED_EDGE('',*,*,#3637,.F.);
#2144=ORIENTED_EDGE('',*,*,#4629,.F.);
#2145=ORIENTED_EDGE('',*,*,#4298,.F.);
#2146=ORIENTED_EDGE('',*,*,#4626,.T.);
#2147=ORIENTED_EDGE('',*,*,#3638,.F.);
#2148=ORIENTED_EDGE('',*,*,#4630,.F.);
#2149=ORIENTED_EDGE('',*,*,#4297,.F.);
#2150=ORIENTED_EDGE('',*,*,#4631,.T.);
#2151=ORIENTED_EDGE('',*,*,#3648,.F.);
#2152=ORIENTED_EDGE('',*,*,#4632,.F.);
#2153=ORIENTED_EDGE('',*,*,#4144,.F.);
#2154=ORIENTED_EDGE('',*,*,#4633,.T.);
#2155=ORIENTED_EDGE('',*,*,#3645,.F.);
#2156=ORIENTED_EDGE('',*,*,#4631,.F.);
#2157=ORIENTED_EDGE('',*,*,#4143,.F.);
#2158=ORIENTED_EDGE('',*,*,#4632,.T.);
#2159=ORIENTED_EDGE('',*,*,#3647,.F.);
#2160=ORIENTED_EDGE('',*,*,#4634,.F.);
#2161=ORIENTED_EDGE('',*,*,#4145,.F.);
#2162=ORIENTED_EDGE('',*,*,#4634,.T.);
#2163=ORIENTED_EDGE('',*,*,#3646,.F.);
#2164=ORIENTED_EDGE('',*,*,#4633,.F.);
#2165=ORIENTED_EDGE('',*,*,#4142,.F.);
#2166=ORIENTED_EDGE('',*,*,#4635,.T.);
#2167=ORIENTED_EDGE('',*,*,#3652,.F.);
#2168=ORIENTED_EDGE('',*,*,#4636,.F.);
#2169=ORIENTED_EDGE('',*,*,#4309,.F.);
#2170=ORIENTED_EDGE('',*,*,#4637,.T.);
#2171=ORIENTED_EDGE('',*,*,#3653,.F.);
#2172=ORIENTED_EDGE('',*,*,#4635,.F.);
#2173=ORIENTED_EDGE('',*,*,#4308,.F.);
#2174=ORIENTED_EDGE('',*,*,#4636,.T.);
#2175=ORIENTED_EDGE('',*,*,#3651,.F.);
#2176=ORIENTED_EDGE('',*,*,#4638,.F.);
#2177=ORIENTED_EDGE('',*,*,#4310,.F.);
#2178=ORIENTED_EDGE('',*,*,#4639,.T.);
#2179=ORIENTED_EDGE('',*,*,#3654,.F.);
#2180=ORIENTED_EDGE('',*,*,#4637,.F.);
#2181=ORIENTED_EDGE('',*,*,#4307,.F.);
#2182=ORIENTED_EDGE('',*,*,#4640,.T.);
#2183=ORIENTED_EDGE('',*,*,#3649,.F.);
#2184=ORIENTED_EDGE('',*,*,#4639,.F.);
#2185=ORIENTED_EDGE('',*,*,#4306,.F.);
#2186=ORIENTED_EDGE('',*,*,#4638,.T.);
#2187=ORIENTED_EDGE('',*,*,#3650,.F.);
#2188=ORIENTED_EDGE('',*,*,#4640,.F.);
#2189=ORIENTED_EDGE('',*,*,#4305,.F.);
#2190=ORIENTED_EDGE('',*,*,#4641,.T.);
#2191=ORIENTED_EDGE('',*,*,#3658,.F.);
#2192=ORIENTED_EDGE('',*,*,#4642,.F.);
#2193=ORIENTED_EDGE('',*,*,#4140,.F.);
#2194=ORIENTED_EDGE('',*,*,#4643,.T.);
#2195=ORIENTED_EDGE('',*,*,#3659,.F.);
#2196=ORIENTED_EDGE('',*,*,#4641,.F.);
#2197=ORIENTED_EDGE('',*,*,#4139,.F.);
#2198=ORIENTED_EDGE('',*,*,#4642,.T.);
#2199=ORIENTED_EDGE('',*,*,#3657,.F.);
#2200=ORIENTED_EDGE('',*,*,#4644,.F.);
#2201=ORIENTED_EDGE('',*,*,#4141,.F.);
#2202=ORIENTED_EDGE('',*,*,#4645,.T.);
#2203=ORIENTED_EDGE('',*,*,#3660,.F.);
#2204=ORIENTED_EDGE('',*,*,#4643,.F.);
#2205=ORIENTED_EDGE('',*,*,#4138,.F.);
#2206=ORIENTED_EDGE('',*,*,#4646,.T.);
#2207=ORIENTED_EDGE('',*,*,#3661,.F.);
#2208=ORIENTED_EDGE('',*,*,#4645,.F.);
#2209=ORIENTED_EDGE('',*,*,#4137,.F.);
#2210=ORIENTED_EDGE('',*,*,#4647,.T.);
#2211=ORIENTED_EDGE('',*,*,#3662,.F.);
#2212=ORIENTED_EDGE('',*,*,#4646,.F.);
#2213=ORIENTED_EDGE('',*,*,#4136,.F.);
#2214=ORIENTED_EDGE('',*,*,#4648,.T.);
#2215=ORIENTED_EDGE('',*,*,#3663,.F.);
#2216=ORIENTED_EDGE('',*,*,#4647,.F.);
#2217=ORIENTED_EDGE('',*,*,#4135,.F.);
#2218=ORIENTED_EDGE('',*,*,#4649,.T.);
#2219=ORIENTED_EDGE('',*,*,#3664,.F.);
#2220=ORIENTED_EDGE('',*,*,#4648,.F.);
#2221=ORIENTED_EDGE('',*,*,#4134,.F.);
#2222=ORIENTED_EDGE('',*,*,#4650,.T.);
#2223=ORIENTED_EDGE('',*,*,#3665,.F.);
#2224=ORIENTED_EDGE('',*,*,#4649,.F.);
#2225=ORIENTED_EDGE('',*,*,#4133,.F.);
#2226=ORIENTED_EDGE('',*,*,#4651,.T.);
#2227=ORIENTED_EDGE('',*,*,#3666,.F.);
#2228=ORIENTED_EDGE('',*,*,#4650,.F.);
#2229=ORIENTED_EDGE('',*,*,#4132,.F.);
#2230=ORIENTED_EDGE('',*,*,#4652,.T.);
#2231=ORIENTED_EDGE('',*,*,#3667,.F.);
#2232=ORIENTED_EDGE('',*,*,#4651,.F.);
#2233=ORIENTED_EDGE('',*,*,#4131,.F.);
#2234=ORIENTED_EDGE('',*,*,#4653,.T.);
#2235=ORIENTED_EDGE('',*,*,#3668,.F.);
#2236=ORIENTED_EDGE('',*,*,#4652,.F.);
#2237=ORIENTED_EDGE('',*,*,#4130,.F.);
#2238=ORIENTED_EDGE('',*,*,#4654,.T.);
#2239=ORIENTED_EDGE('',*,*,#3669,.F.);
#2240=ORIENTED_EDGE('',*,*,#4653,.F.);
#2241=ORIENTED_EDGE('',*,*,#4129,.F.);
#2242=ORIENTED_EDGE('',*,*,#4655,.T.);
#2243=ORIENTED_EDGE('',*,*,#3670,.F.);
#2244=ORIENTED_EDGE('',*,*,#4654,.F.);
#2245=ORIENTED_EDGE('',*,*,#4128,.F.);
#2246=ORIENTED_EDGE('',*,*,#4656,.T.);
#2247=ORIENTED_EDGE('',*,*,#3671,.F.);
#2248=ORIENTED_EDGE('',*,*,#4655,.F.);
#2249=ORIENTED_EDGE('',*,*,#4127,.F.);
#2250=ORIENTED_EDGE('',*,*,#4657,.T.);
#2251=ORIENTED_EDGE('',*,*,#3672,.F.);
#2252=ORIENTED_EDGE('',*,*,#4656,.F.);
#2253=ORIENTED_EDGE('',*,*,#4126,.F.);
#2254=ORIENTED_EDGE('',*,*,#4658,.T.);
#2255=ORIENTED_EDGE('',*,*,#3673,.F.);
#2256=ORIENTED_EDGE('',*,*,#4657,.F.);
#2257=ORIENTED_EDGE('',*,*,#4125,.F.);
#2258=ORIENTED_EDGE('',*,*,#4659,.T.);
#2259=ORIENTED_EDGE('',*,*,#3674,.F.);
#2260=ORIENTED_EDGE('',*,*,#4658,.F.);
#2261=ORIENTED_EDGE('',*,*,#4124,.F.);
#2262=ORIENTED_EDGE('',*,*,#4660,.T.);
#2263=ORIENTED_EDGE('',*,*,#3675,.F.);
#2264=ORIENTED_EDGE('',*,*,#4659,.F.);
#2265=ORIENTED_EDGE('',*,*,#4123,.F.);
#2266=ORIENTED_EDGE('',*,*,#4661,.T.);
#2267=ORIENTED_EDGE('',*,*,#3676,.F.);
#2268=ORIENTED_EDGE('',*,*,#4660,.F.);
#2269=ORIENTED_EDGE('',*,*,#4122,.F.);
#2270=ORIENTED_EDGE('',*,*,#4662,.T.);
#2271=ORIENTED_EDGE('',*,*,#3677,.F.);
#2272=ORIENTED_EDGE('',*,*,#4661,.F.);
#2273=ORIENTED_EDGE('',*,*,#4121,.F.);
#2274=ORIENTED_EDGE('',*,*,#4663,.T.);
#2275=ORIENTED_EDGE('',*,*,#3678,.F.);
#2276=ORIENTED_EDGE('',*,*,#4662,.F.);
#2277=ORIENTED_EDGE('',*,*,#4120,.F.);
#2278=ORIENTED_EDGE('',*,*,#4664,.T.);
#2279=ORIENTED_EDGE('',*,*,#3679,.F.);
#2280=ORIENTED_EDGE('',*,*,#4663,.F.);
#2281=ORIENTED_EDGE('',*,*,#4119,.F.);
#2282=ORIENTED_EDGE('',*,*,#4665,.T.);
#2283=ORIENTED_EDGE('',*,*,#3655,.F.);
#2284=ORIENTED_EDGE('',*,*,#4664,.F.);
#2285=ORIENTED_EDGE('',*,*,#4118,.F.);
#2286=ORIENTED_EDGE('',*,*,#4644,.T.);
#2287=ORIENTED_EDGE('',*,*,#3656,.F.);
#2288=ORIENTED_EDGE('',*,*,#4665,.F.);
#2289=ORIENTED_EDGE('',*,*,#4117,.F.);
#2290=ORIENTED_EDGE('',*,*,#4666,.T.);
#2291=ORIENTED_EDGE('',*,*,#3683,.F.);
#2292=ORIENTED_EDGE('',*,*,#4667,.F.);
#2293=ORIENTED_EDGE('',*,*,#4327,.F.);
#2294=ORIENTED_EDGE('',*,*,#4668,.T.);
#2295=ORIENTED_EDGE('',*,*,#3684,.F.);
#2296=ORIENTED_EDGE('',*,*,#4666,.F.);
#2297=ORIENTED_EDGE('',*,*,#4326,.F.);
#2298=ORIENTED_EDGE('',*,*,#4667,.T.);
#2299=ORIENTED_EDGE('',*,*,#3682,.F.);
#2300=ORIENTED_EDGE('',*,*,#4669,.F.);
#2301=ORIENTED_EDGE('',*,*,#4328,.F.);
#2302=ORIENTED_EDGE('',*,*,#4670,.T.);
#2303=ORIENTED_EDGE('',*,*,#3685,.F.);
#2304=ORIENTED_EDGE('',*,*,#4668,.F.);
#2305=ORIENTED_EDGE('',*,*,#4325,.F.);
#2306=ORIENTED_EDGE('',*,*,#4671,.T.);
#2307=ORIENTED_EDGE('',*,*,#3686,.F.);
#2308=ORIENTED_EDGE('',*,*,#4670,.F.);
#2309=ORIENTED_EDGE('',*,*,#4324,.F.);
#2310=ORIENTED_EDGE('',*,*,#4672,.T.);
#2311=ORIENTED_EDGE('',*,*,#3687,.F.);
#2312=ORIENTED_EDGE('',*,*,#4671,.F.);
#2313=ORIENTED_EDGE('',*,*,#4323,.F.);
#2314=ORIENTED_EDGE('',*,*,#4673,.T.);
#2315=ORIENTED_EDGE('',*,*,#3688,.F.);
#2316=ORIENTED_EDGE('',*,*,#4672,.F.);
#2317=ORIENTED_EDGE('',*,*,#4322,.F.);
#2318=ORIENTED_EDGE('',*,*,#4674,.T.);
#2319=ORIENTED_EDGE('',*,*,#3689,.F.);
#2320=ORIENTED_EDGE('',*,*,#4673,.F.);
#2321=ORIENTED_EDGE('',*,*,#4321,.F.);
#2322=ORIENTED_EDGE('',*,*,#4675,.T.);
#2323=ORIENTED_EDGE('',*,*,#3690,.F.);
#2324=ORIENTED_EDGE('',*,*,#4674,.F.);
#2325=ORIENTED_EDGE('',*,*,#4320,.F.);
#2326=ORIENTED_EDGE('',*,*,#4676,.T.);
#2327=ORIENTED_EDGE('',*,*,#3691,.F.);
#2328=ORIENTED_EDGE('',*,*,#4675,.F.);
#2329=ORIENTED_EDGE('',*,*,#4319,.F.);
#2330=ORIENTED_EDGE('',*,*,#4677,.T.);
#2331=ORIENTED_EDGE('',*,*,#3692,.F.);
#2332=ORIENTED_EDGE('',*,*,#4676,.F.);
#2333=ORIENTED_EDGE('',*,*,#4318,.F.);
#2334=ORIENTED_EDGE('',*,*,#4678,.T.);
#2335=ORIENTED_EDGE('',*,*,#3693,.F.);
#2336=ORIENTED_EDGE('',*,*,#4677,.F.);
#2337=ORIENTED_EDGE('',*,*,#4317,.F.);
#2338=ORIENTED_EDGE('',*,*,#4679,.T.);
#2339=ORIENTED_EDGE('',*,*,#3694,.F.);
#2340=ORIENTED_EDGE('',*,*,#4678,.F.);
#2341=ORIENTED_EDGE('',*,*,#4316,.F.);
#2342=ORIENTED_EDGE('',*,*,#4680,.T.);
#2343=ORIENTED_EDGE('',*,*,#3695,.F.);
#2344=ORIENTED_EDGE('',*,*,#4679,.F.);
#2345=ORIENTED_EDGE('',*,*,#4315,.F.);
#2346=ORIENTED_EDGE('',*,*,#4681,.T.);
#2347=ORIENTED_EDGE('',*,*,#3696,.F.);
#2348=ORIENTED_EDGE('',*,*,#4680,.F.);
#2349=ORIENTED_EDGE('',*,*,#4314,.F.);
#2350=ORIENTED_EDGE('',*,*,#4682,.T.);
#2351=ORIENTED_EDGE('',*,*,#3697,.F.);
#2352=ORIENTED_EDGE('',*,*,#4681,.F.);
#2353=ORIENTED_EDGE('',*,*,#4313,.F.);
#2354=ORIENTED_EDGE('',*,*,#4683,.T.);
#2355=ORIENTED_EDGE('',*,*,#3680,.F.);
#2356=ORIENTED_EDGE('',*,*,#4682,.F.);
#2357=ORIENTED_EDGE('',*,*,#4312,.F.);
#2358=ORIENTED_EDGE('',*,*,#4669,.T.);
#2359=ORIENTED_EDGE('',*,*,#3681,.F.);
#2360=ORIENTED_EDGE('',*,*,#4683,.F.);
#2361=ORIENTED_EDGE('',*,*,#4311,.F.);
#2362=ORIENTED_EDGE('',*,*,#4684,.T.);
#2363=ORIENTED_EDGE('',*,*,#3701,.F.);
#2364=ORIENTED_EDGE('',*,*,#4685,.F.);
#2365=ORIENTED_EDGE('',*,*,#4115,.F.);
#2366=ORIENTED_EDGE('',*,*,#4686,.T.);
#2367=ORIENTED_EDGE('',*,*,#3702,.F.);
#2368=ORIENTED_EDGE('',*,*,#4684,.F.);
#2369=ORIENTED_EDGE('',*,*,#4114,.F.);
#2370=ORIENTED_EDGE('',*,*,#4685,.T.);
#2371=ORIENTED_EDGE('',*,*,#3700,.F.);
#2372=ORIENTED_EDGE('',*,*,#4687,.F.);
#2373=ORIENTED_EDGE('',*,*,#4116,.F.);
#2374=ORIENTED_EDGE('',*,*,#4688,.T.);
#2375=ORIENTED_EDGE('',*,*,#3703,.F.);
#2376=ORIENTED_EDGE('',*,*,#4686,.F.);
#2377=ORIENTED_EDGE('',*,*,#4113,.F.);
#2378=ORIENTED_EDGE('',*,*,#4689,.T.);
#2379=ORIENTED_EDGE('',*,*,#3704,.F.);
#2380=ORIENTED_EDGE('',*,*,#4688,.F.);
#2381=ORIENTED_EDGE('',*,*,#4112,.F.);
#2382=ORIENTED_EDGE('',*,*,#4690,.T.);
#2383=ORIENTED_EDGE('',*,*,#3705,.F.);
#2384=ORIENTED_EDGE('',*,*,#4689,.F.);
#2385=ORIENTED_EDGE('',*,*,#4111,.F.);
#2386=ORIENTED_EDGE('',*,*,#4691,.T.);
#2387=ORIENTED_EDGE('',*,*,#3706,.F.);
#2388=ORIENTED_EDGE('',*,*,#4690,.F.);
#2389=ORIENTED_EDGE('',*,*,#4110,.F.);
#2390=ORIENTED_EDGE('',*,*,#4692,.T.);
#2391=ORIENTED_EDGE('',*,*,#3707,.F.);
#2392=ORIENTED_EDGE('',*,*,#4691,.F.);
#2393=ORIENTED_EDGE('',*,*,#4109,.F.);
#2394=ORIENTED_EDGE('',*,*,#4693,.T.);
#2395=ORIENTED_EDGE('',*,*,#3708,.F.);
#2396=ORIENTED_EDGE('',*,*,#4692,.F.);
#2397=ORIENTED_EDGE('',*,*,#4108,.F.);
#2398=ORIENTED_EDGE('',*,*,#4694,.T.);
#2399=ORIENTED_EDGE('',*,*,#3709,.F.);
#2400=ORIENTED_EDGE('',*,*,#4693,.F.);
#2401=ORIENTED_EDGE('',*,*,#4107,.F.);
#2402=ORIENTED_EDGE('',*,*,#4695,.T.);
#2403=ORIENTED_EDGE('',*,*,#3710,.F.);
#2404=ORIENTED_EDGE('',*,*,#4694,.F.);
#2405=ORIENTED_EDGE('',*,*,#4106,.F.);
#2406=ORIENTED_EDGE('',*,*,#4696,.T.);
#2407=ORIENTED_EDGE('',*,*,#3711,.F.);
#2408=ORIENTED_EDGE('',*,*,#4695,.F.);
#2409=ORIENTED_EDGE('',*,*,#4105,.F.);
#2410=ORIENTED_EDGE('',*,*,#4697,.T.);
#2411=ORIENTED_EDGE('',*,*,#3712,.F.);
#2412=ORIENTED_EDGE('',*,*,#4696,.F.);
#2413=ORIENTED_EDGE('',*,*,#4104,.F.);
#2414=ORIENTED_EDGE('',*,*,#4698,.T.);
#2415=ORIENTED_EDGE('',*,*,#3698,.F.);
#2416=ORIENTED_EDGE('',*,*,#4697,.F.);
#2417=ORIENTED_EDGE('',*,*,#4103,.F.);
#2418=ORIENTED_EDGE('',*,*,#4687,.T.);
#2419=ORIENTED_EDGE('',*,*,#3699,.F.);
#2420=ORIENTED_EDGE('',*,*,#4698,.F.);
#2421=ORIENTED_EDGE('',*,*,#4102,.F.);
#2422=ORIENTED_EDGE('',*,*,#4699,.T.);
#2423=ORIENTED_EDGE('',*,*,#3716,.F.);
#2424=ORIENTED_EDGE('',*,*,#4700,.F.);
#2425=ORIENTED_EDGE('',*,*,#4331,.F.);
#2426=ORIENTED_EDGE('',*,*,#4701,.T.);
#2427=ORIENTED_EDGE('',*,*,#3713,.F.);
#2428=ORIENTED_EDGE('',*,*,#4699,.F.);
#2429=ORIENTED_EDGE('',*,*,#4330,.F.);
#2430=ORIENTED_EDGE('',*,*,#4700,.T.);
#2431=ORIENTED_EDGE('',*,*,#3715,.F.);
#2432=ORIENTED_EDGE('',*,*,#4702,.F.);
#2433=ORIENTED_EDGE('',*,*,#4332,.F.);
#2434=ORIENTED_EDGE('',*,*,#4702,.T.);
#2435=ORIENTED_EDGE('',*,*,#3714,.F.);
#2436=ORIENTED_EDGE('',*,*,#4701,.F.);
#2437=ORIENTED_EDGE('',*,*,#4329,.F.);
#2438=ORIENTED_EDGE('',*,*,#4703,.T.);
#2439=ORIENTED_EDGE('',*,*,#3720,.F.);
#2440=ORIENTED_EDGE('',*,*,#4704,.F.);
#2441=ORIENTED_EDGE('',*,*,#4100,.F.);
#2442=ORIENTED_EDGE('',*,*,#4705,.T.);
#2443=ORIENTED_EDGE('',*,*,#3721,.F.);
#2444=ORIENTED_EDGE('',*,*,#4703,.F.);
#2445=ORIENTED_EDGE('',*,*,#4099,.F.);
#2446=ORIENTED_EDGE('',*,*,#4704,.T.);
#2447=ORIENTED_EDGE('',*,*,#3719,.F.);
#2448=ORIENTED_EDGE('',*,*,#4706,.F.);
#2449=ORIENTED_EDGE('',*,*,#4101,.F.);
#2450=ORIENTED_EDGE('',*,*,#4707,.T.);
#2451=ORIENTED_EDGE('',*,*,#3722,.F.);
#2452=ORIENTED_EDGE('',*,*,#4705,.F.);
#2453=ORIENTED_EDGE('',*,*,#4098,.F.);
#2454=ORIENTED_EDGE('',*,*,#4708,.T.);
#2455=ORIENTED_EDGE('',*,*,#3723,.F.);
#2456=ORIENTED_EDGE('',*,*,#4707,.F.);
#2457=ORIENTED_EDGE('',*,*,#4097,.F.);
#2458=ORIENTED_EDGE('',*,*,#4709,.T.);
#2459=ORIENTED_EDGE('',*,*,#3724,.F.);
#2460=ORIENTED_EDGE('',*,*,#4708,.F.);
#2461=ORIENTED_EDGE('',*,*,#4096,.F.);
#2462=ORIENTED_EDGE('',*,*,#4710,.T.);
#2463=ORIENTED_EDGE('',*,*,#3725,.F.);
#2464=ORIENTED_EDGE('',*,*,#4709,.F.);
#2465=ORIENTED_EDGE('',*,*,#4095,.F.);
#2466=ORIENTED_EDGE('',*,*,#4711,.T.);
#2467=ORIENTED_EDGE('',*,*,#3726,.F.);
#2468=ORIENTED_EDGE('',*,*,#4710,.F.);
#2469=ORIENTED_EDGE('',*,*,#4094,.F.);
#2470=ORIENTED_EDGE('',*,*,#4712,.T.);
#2471=ORIENTED_EDGE('',*,*,#3727,.F.);
#2472=ORIENTED_EDGE('',*,*,#4711,.F.);
#2473=ORIENTED_EDGE('',*,*,#4093,.F.);
#2474=ORIENTED_EDGE('',*,*,#4713,.T.);
#2475=ORIENTED_EDGE('',*,*,#3728,.F.);
#2476=ORIENTED_EDGE('',*,*,#4712,.F.);
#2477=ORIENTED_EDGE('',*,*,#4092,.F.);
#2478=ORIENTED_EDGE('',*,*,#4714,.T.);
#2479=ORIENTED_EDGE('',*,*,#3729,.F.);
#2480=ORIENTED_EDGE('',*,*,#4713,.F.);
#2481=ORIENTED_EDGE('',*,*,#4091,.F.);
#2482=ORIENTED_EDGE('',*,*,#4715,.T.);
#2483=ORIENTED_EDGE('',*,*,#3730,.F.);
#2484=ORIENTED_EDGE('',*,*,#4714,.F.);
#2485=ORIENTED_EDGE('',*,*,#4090,.F.);
#2486=ORIENTED_EDGE('',*,*,#4716,.T.);
#2487=ORIENTED_EDGE('',*,*,#3731,.F.);
#2488=ORIENTED_EDGE('',*,*,#4715,.F.);
#2489=ORIENTED_EDGE('',*,*,#4089,.F.);
#2490=ORIENTED_EDGE('',*,*,#4717,.T.);
#2491=ORIENTED_EDGE('',*,*,#3732,.F.);
#2492=ORIENTED_EDGE('',*,*,#4716,.F.);
#2493=ORIENTED_EDGE('',*,*,#4088,.F.);
#2494=ORIENTED_EDGE('',*,*,#4718,.T.);
#2495=ORIENTED_EDGE('',*,*,#3733,.F.);
#2496=ORIENTED_EDGE('',*,*,#4717,.F.);
#2497=ORIENTED_EDGE('',*,*,#4087,.F.);
#2498=ORIENTED_EDGE('',*,*,#4719,.T.);
#2499=ORIENTED_EDGE('',*,*,#3734,.F.);
#2500=ORIENTED_EDGE('',*,*,#4718,.F.);
#2501=ORIENTED_EDGE('',*,*,#4086,.F.);
#2502=ORIENTED_EDGE('',*,*,#4720,.T.);
#2503=ORIENTED_EDGE('',*,*,#3735,.F.);
#2504=ORIENTED_EDGE('',*,*,#4719,.F.);
#2505=ORIENTED_EDGE('',*,*,#4085,.F.);
#2506=ORIENTED_EDGE('',*,*,#4721,.T.);
#2507=ORIENTED_EDGE('',*,*,#3736,.F.);
#2508=ORIENTED_EDGE('',*,*,#4720,.F.);
#2509=ORIENTED_EDGE('',*,*,#4084,.F.);
#2510=ORIENTED_EDGE('',*,*,#4722,.T.);
#2511=ORIENTED_EDGE('',*,*,#3737,.F.);
#2512=ORIENTED_EDGE('',*,*,#4721,.F.);
#2513=ORIENTED_EDGE('',*,*,#4083,.F.);
#2514=ORIENTED_EDGE('',*,*,#4723,.T.);
#2515=ORIENTED_EDGE('',*,*,#3738,.F.);
#2516=ORIENTED_EDGE('',*,*,#4722,.F.);
#2517=ORIENTED_EDGE('',*,*,#4082,.F.);
#2518=ORIENTED_EDGE('',*,*,#4724,.T.);
#2519=ORIENTED_EDGE('',*,*,#3739,.F.);
#2520=ORIENTED_EDGE('',*,*,#4723,.F.);
#2521=ORIENTED_EDGE('',*,*,#4081,.F.);
#2522=ORIENTED_EDGE('',*,*,#4725,.T.);
#2523=ORIENTED_EDGE('',*,*,#3740,.F.);
#2524=ORIENTED_EDGE('',*,*,#4724,.F.);
#2525=ORIENTED_EDGE('',*,*,#4080,.F.);
#2526=ORIENTED_EDGE('',*,*,#4726,.T.);
#2527=ORIENTED_EDGE('',*,*,#3741,.F.);
#2528=ORIENTED_EDGE('',*,*,#4725,.F.);
#2529=ORIENTED_EDGE('',*,*,#4079,.F.);
#2530=ORIENTED_EDGE('',*,*,#4727,.T.);
#2531=ORIENTED_EDGE('',*,*,#3717,.F.);
#2532=ORIENTED_EDGE('',*,*,#4726,.F.);
#2533=ORIENTED_EDGE('',*,*,#4078,.F.);
#2534=ORIENTED_EDGE('',*,*,#4706,.T.);
#2535=ORIENTED_EDGE('',*,*,#3718,.F.);
#2536=ORIENTED_EDGE('',*,*,#4727,.F.);
#2537=ORIENTED_EDGE('',*,*,#4077,.F.);
#2538=ORIENTED_EDGE('',*,*,#4728,.T.);
#2539=ORIENTED_EDGE('',*,*,#3745,.F.);
#2540=ORIENTED_EDGE('',*,*,#4729,.F.);
#2541=ORIENTED_EDGE('',*,*,#4339,.F.);
#2542=ORIENTED_EDGE('',*,*,#4730,.T.);
#2543=ORIENTED_EDGE('',*,*,#3746,.F.);
#2544=ORIENTED_EDGE('',*,*,#4728,.F.);
#2545=ORIENTED_EDGE('',*,*,#4338,.F.);
#2546=ORIENTED_EDGE('',*,*,#4729,.T.);
#2547=ORIENTED_EDGE('',*,*,#3744,.F.);
#2548=ORIENTED_EDGE('',*,*,#4731,.F.);
#2549=ORIENTED_EDGE('',*,*,#4340,.F.);
#2550=ORIENTED_EDGE('',*,*,#4732,.T.);
#2551=ORIENTED_EDGE('',*,*,#3747,.F.);
#2552=ORIENTED_EDGE('',*,*,#4730,.F.);
#2553=ORIENTED_EDGE('',*,*,#4337,.F.);
#2554=ORIENTED_EDGE('',*,*,#4733,.T.);
#2555=ORIENTED_EDGE('',*,*,#3748,.F.);
#2556=ORIENTED_EDGE('',*,*,#4732,.F.);
#2557=ORIENTED_EDGE('',*,*,#4336,.F.);
#2558=ORIENTED_EDGE('',*,*,#4734,.T.);
#2559=ORIENTED_EDGE('',*,*,#3749,.F.);
#2560=ORIENTED_EDGE('',*,*,#4733,.F.);
#2561=ORIENTED_EDGE('',*,*,#4335,.F.);
#2562=ORIENTED_EDGE('',*,*,#4735,.T.);
#2563=ORIENTED_EDGE('',*,*,#3742,.F.);
#2564=ORIENTED_EDGE('',*,*,#4734,.F.);
#2565=ORIENTED_EDGE('',*,*,#4334,.F.);
#2566=ORIENTED_EDGE('',*,*,#4731,.T.);
#2567=ORIENTED_EDGE('',*,*,#3743,.F.);
#2568=ORIENTED_EDGE('',*,*,#4735,.F.);
#2569=ORIENTED_EDGE('',*,*,#4333,.F.);
#2570=ORIENTED_EDGE('',*,*,#4736,.T.);
#2571=ORIENTED_EDGE('',*,*,#3753,.F.);
#2572=ORIENTED_EDGE('',*,*,#4737,.F.);
#2573=ORIENTED_EDGE('',*,*,#4075,.F.);
#2574=ORIENTED_EDGE('',*,*,#4738,.T.);
#2575=ORIENTED_EDGE('',*,*,#3754,.F.);
#2576=ORIENTED_EDGE('',*,*,#4736,.F.);
#2577=ORIENTED_EDGE('',*,*,#4074,.F.);
#2578=ORIENTED_EDGE('',*,*,#4737,.T.);
#2579=ORIENTED_EDGE('',*,*,#3752,.F.);
#2580=ORIENTED_EDGE('',*,*,#4739,.F.);
#2581=ORIENTED_EDGE('',*,*,#4076,.F.);
#2582=ORIENTED_EDGE('',*,*,#4740,.T.);
#2583=ORIENTED_EDGE('',*,*,#3755,.F.);
#2584=ORIENTED_EDGE('',*,*,#4738,.F.);
#2585=ORIENTED_EDGE('',*,*,#4073,.F.);
#2586=ORIENTED_EDGE('',*,*,#4741,.T.);
#2587=ORIENTED_EDGE('',*,*,#3756,.F.);
#2588=ORIENTED_EDGE('',*,*,#4740,.F.);
#2589=ORIENTED_EDGE('',*,*,#4072,.F.);
#2590=ORIENTED_EDGE('',*,*,#4742,.T.);
#2591=ORIENTED_EDGE('',*,*,#3757,.F.);
#2592=ORIENTED_EDGE('',*,*,#4741,.F.);
#2593=ORIENTED_EDGE('',*,*,#4071,.F.);
#2594=ORIENTED_EDGE('',*,*,#4743,.T.);
#2595=ORIENTED_EDGE('',*,*,#3750,.F.);
#2596=ORIENTED_EDGE('',*,*,#4742,.F.);
#2597=ORIENTED_EDGE('',*,*,#4070,.F.);
#2598=ORIENTED_EDGE('',*,*,#4739,.T.);
#2599=ORIENTED_EDGE('',*,*,#3751,.F.);
#2600=ORIENTED_EDGE('',*,*,#4743,.F.);
#2601=ORIENTED_EDGE('',*,*,#4069,.F.);
#2602=ORIENTED_EDGE('',*,*,#4744,.T.);
#2603=ORIENTED_EDGE('',*,*,#3761,.F.);
#2604=ORIENTED_EDGE('',*,*,#4745,.F.);
#2605=ORIENTED_EDGE('',*,*,#4343,.F.);
#2606=ORIENTED_EDGE('',*,*,#4746,.T.);
#2607=ORIENTED_EDGE('',*,*,#3758,.F.);
#2608=ORIENTED_EDGE('',*,*,#4744,.F.);
#2609=ORIENTED_EDGE('',*,*,#4342,.F.);
#2610=ORIENTED_EDGE('',*,*,#4745,.T.);
#2611=ORIENTED_EDGE('',*,*,#3760,.F.);
#2612=ORIENTED_EDGE('',*,*,#4747,.F.);
#2613=ORIENTED_EDGE('',*,*,#4344,.F.);
#2614=ORIENTED_EDGE('',*,*,#4747,.T.);
#2615=ORIENTED_EDGE('',*,*,#3759,.F.);
#2616=ORIENTED_EDGE('',*,*,#4746,.F.);
#2617=ORIENTED_EDGE('',*,*,#4341,.F.);
#2618=ORIENTED_EDGE('',*,*,#4748,.T.);
#2619=ORIENTED_EDGE('',*,*,#3765,.F.);
#2620=ORIENTED_EDGE('',*,*,#4749,.F.);
#2621=ORIENTED_EDGE('',*,*,#4067,.F.);
#2622=ORIENTED_EDGE('',*,*,#4750,.T.);
#2623=ORIENTED_EDGE('',*,*,#3762,.F.);
#2624=ORIENTED_EDGE('',*,*,#4748,.F.);
#2625=ORIENTED_EDGE('',*,*,#4066,.F.);
#2626=ORIENTED_EDGE('',*,*,#4749,.T.);
#2627=ORIENTED_EDGE('',*,*,#3764,.F.);
#2628=ORIENTED_EDGE('',*,*,#4751,.F.);
#2629=ORIENTED_EDGE('',*,*,#4068,.F.);
#2630=ORIENTED_EDGE('',*,*,#4751,.T.);
#2631=ORIENTED_EDGE('',*,*,#3763,.F.);
#2632=ORIENTED_EDGE('',*,*,#4750,.F.);
#2633=ORIENTED_EDGE('',*,*,#4065,.F.);
#2634=ORIENTED_EDGE('',*,*,#4752,.T.);
#2635=ORIENTED_EDGE('',*,*,#3769,.F.);
#2636=ORIENTED_EDGE('',*,*,#4753,.F.);
#2637=ORIENTED_EDGE('',*,*,#4347,.F.);
#2638=ORIENTED_EDGE('',*,*,#4754,.T.);
#2639=ORIENTED_EDGE('',*,*,#3766,.F.);
#2640=ORIENTED_EDGE('',*,*,#4752,.F.);
#2641=ORIENTED_EDGE('',*,*,#4346,.F.);
#2642=ORIENTED_EDGE('',*,*,#4753,.T.);
#2643=ORIENTED_EDGE('',*,*,#3768,.F.);
#2644=ORIENTED_EDGE('',*,*,#4755,.F.);
#2645=ORIENTED_EDGE('',*,*,#4348,.F.);
#2646=ORIENTED_EDGE('',*,*,#4755,.T.);
#2647=ORIENTED_EDGE('',*,*,#3767,.F.);
#2648=ORIENTED_EDGE('',*,*,#4754,.F.);
#2649=ORIENTED_EDGE('',*,*,#4345,.F.);
#2650=ORIENTED_EDGE('',*,*,#4756,.T.);
#2651=ORIENTED_EDGE('',*,*,#3773,.F.);
#2652=ORIENTED_EDGE('',*,*,#4757,.F.);
#2653=ORIENTED_EDGE('',*,*,#4063,.F.);
#2654=ORIENTED_EDGE('',*,*,#4758,.T.);
#2655=ORIENTED_EDGE('',*,*,#3770,.F.);
#2656=ORIENTED_EDGE('',*,*,#4756,.F.);
#2657=ORIENTED_EDGE('',*,*,#4062,.F.);
#2658=ORIENTED_EDGE('',*,*,#4757,.T.);
#2659=ORIENTED_EDGE('',*,*,#3772,.F.);
#2660=ORIENTED_EDGE('',*,*,#4759,.F.);
#2661=ORIENTED_EDGE('',*,*,#4064,.F.);
#2662=ORIENTED_EDGE('',*,*,#4759,.T.);
#2663=ORIENTED_EDGE('',*,*,#3771,.F.);
#2664=ORIENTED_EDGE('',*,*,#4758,.F.);
#2665=ORIENTED_EDGE('',*,*,#4061,.F.);
#2666=ORIENTED_EDGE('',*,*,#4760,.T.);
#2667=ORIENTED_EDGE('',*,*,#3777,.F.);
#2668=ORIENTED_EDGE('',*,*,#4761,.F.);
#2669=ORIENTED_EDGE('',*,*,#4355,.F.);
#2670=ORIENTED_EDGE('',*,*,#4762,.T.);
#2671=ORIENTED_EDGE('',*,*,#3778,.F.);
#2672=ORIENTED_EDGE('',*,*,#4760,.F.);
#2673=ORIENTED_EDGE('',*,*,#4354,.F.);
#2674=ORIENTED_EDGE('',*,*,#4761,.T.);
#2675=ORIENTED_EDGE('',*,*,#3776,.F.);
#2676=ORIENTED_EDGE('',*,*,#4763,.F.);
#2677=ORIENTED_EDGE('',*,*,#4356,.F.);
#2678=ORIENTED_EDGE('',*,*,#4764,.T.);
#2679=ORIENTED_EDGE('',*,*,#3779,.F.);
#2680=ORIENTED_EDGE('',*,*,#4762,.F.);
#2681=ORIENTED_EDGE('',*,*,#4353,.F.);
#2682=ORIENTED_EDGE('',*,*,#4765,.T.);
#2683=ORIENTED_EDGE('',*,*,#3780,.F.);
#2684=ORIENTED_EDGE('',*,*,#4764,.F.);
#2685=ORIENTED_EDGE('',*,*,#4352,.F.);
#2686=ORIENTED_EDGE('',*,*,#4766,.T.);
#2687=ORIENTED_EDGE('',*,*,#3781,.F.);
#2688=ORIENTED_EDGE('',*,*,#4765,.F.);
#2689=ORIENTED_EDGE('',*,*,#4351,.F.);
#2690=ORIENTED_EDGE('',*,*,#4767,.T.);
#2691=ORIENTED_EDGE('',*,*,#3774,.F.);
#2692=ORIENTED_EDGE('',*,*,#4766,.F.);
#2693=ORIENTED_EDGE('',*,*,#4350,.F.);
#2694=ORIENTED_EDGE('',*,*,#4763,.T.);
#2695=ORIENTED_EDGE('',*,*,#3775,.F.);
#2696=ORIENTED_EDGE('',*,*,#4767,.F.);
#2697=ORIENTED_EDGE('',*,*,#4349,.F.);
#2698=ORIENTED_EDGE('',*,*,#4768,.T.);
#2699=ORIENTED_EDGE('',*,*,#3785,.F.);
#2700=ORIENTED_EDGE('',*,*,#4769,.F.);
#2701=ORIENTED_EDGE('',*,*,#4059,.F.);
#2702=ORIENTED_EDGE('',*,*,#4770,.T.);
#2703=ORIENTED_EDGE('',*,*,#3782,.F.);
#2704=ORIENTED_EDGE('',*,*,#4768,.F.);
#2705=ORIENTED_EDGE('',*,*,#4058,.F.);
#2706=ORIENTED_EDGE('',*,*,#4769,.T.);
#2707=ORIENTED_EDGE('',*,*,#3784,.F.);
#2708=ORIENTED_EDGE('',*,*,#4771,.F.);
#2709=ORIENTED_EDGE('',*,*,#4060,.F.);
#2710=ORIENTED_EDGE('',*,*,#4771,.T.);
#2711=ORIENTED_EDGE('',*,*,#3783,.F.);
#2712=ORIENTED_EDGE('',*,*,#4770,.F.);
#2713=ORIENTED_EDGE('',*,*,#4057,.F.);
#2714=ORIENTED_EDGE('',*,*,#4772,.T.);
#2715=ORIENTED_EDGE('',*,*,#3789,.F.);
#2716=ORIENTED_EDGE('',*,*,#4773,.F.);
#2717=ORIENTED_EDGE('',*,*,#4363,.F.);
#2718=ORIENTED_EDGE('',*,*,#4774,.T.);
#2719=ORIENTED_EDGE('',*,*,#3790,.F.);
#2720=ORIENTED_EDGE('',*,*,#4772,.F.);
#2721=ORIENTED_EDGE('',*,*,#4362,.F.);
#2722=ORIENTED_EDGE('',*,*,#4773,.T.);
#2723=ORIENTED_EDGE('',*,*,#3788,.F.);
#2724=ORIENTED_EDGE('',*,*,#4775,.F.);
#2725=ORIENTED_EDGE('',*,*,#4364,.F.);
#2726=ORIENTED_EDGE('',*,*,#4776,.T.);
#2727=ORIENTED_EDGE('',*,*,#3791,.F.);
#2728=ORIENTED_EDGE('',*,*,#4774,.F.);
#2729=ORIENTED_EDGE('',*,*,#4361,.F.);
#2730=ORIENTED_EDGE('',*,*,#4777,.T.);
#2731=ORIENTED_EDGE('',*,*,#3792,.F.);
#2732=ORIENTED_EDGE('',*,*,#4776,.F.);
#2733=ORIENTED_EDGE('',*,*,#4360,.F.);
#2734=ORIENTED_EDGE('',*,*,#4778,.T.);
#2735=ORIENTED_EDGE('',*,*,#3793,.F.);
#2736=ORIENTED_EDGE('',*,*,#4777,.F.);
#2737=ORIENTED_EDGE('',*,*,#4359,.F.);
#2738=ORIENTED_EDGE('',*,*,#4779,.T.);
#2739=ORIENTED_EDGE('',*,*,#3786,.F.);
#2740=ORIENTED_EDGE('',*,*,#4778,.F.);
#2741=ORIENTED_EDGE('',*,*,#4358,.F.);
#2742=ORIENTED_EDGE('',*,*,#4775,.T.);
#2743=ORIENTED_EDGE('',*,*,#3787,.F.);
#2744=ORIENTED_EDGE('',*,*,#4779,.F.);
#2745=ORIENTED_EDGE('',*,*,#4357,.F.);
#2746=ORIENTED_EDGE('',*,*,#4780,.T.);
#2747=ORIENTED_EDGE('',*,*,#3797,.F.);
#2748=ORIENTED_EDGE('',*,*,#4781,.F.);
#2749=ORIENTED_EDGE('',*,*,#4055,.F.);
#2750=ORIENTED_EDGE('',*,*,#4782,.T.);
#2751=ORIENTED_EDGE('',*,*,#3798,.F.);
#2752=ORIENTED_EDGE('',*,*,#4780,.F.);
#2753=ORIENTED_EDGE('',*,*,#4054,.F.);
#2754=ORIENTED_EDGE('',*,*,#4781,.T.);
#2755=ORIENTED_EDGE('',*,*,#3796,.F.);
#2756=ORIENTED_EDGE('',*,*,#4783,.F.);
#2757=ORIENTED_EDGE('',*,*,#4056,.F.);
#2758=ORIENTED_EDGE('',*,*,#4784,.T.);
#2759=ORIENTED_EDGE('',*,*,#3799,.F.);
#2760=ORIENTED_EDGE('',*,*,#4782,.F.);
#2761=ORIENTED_EDGE('',*,*,#4053,.F.);
#2762=ORIENTED_EDGE('',*,*,#4785,.T.);
#2763=ORIENTED_EDGE('',*,*,#3800,.F.);
#2764=ORIENTED_EDGE('',*,*,#4784,.F.);
#2765=ORIENTED_EDGE('',*,*,#4052,.F.);
#2766=ORIENTED_EDGE('',*,*,#4786,.T.);
#2767=ORIENTED_EDGE('',*,*,#3801,.F.);
#2768=ORIENTED_EDGE('',*,*,#4785,.F.);
#2769=ORIENTED_EDGE('',*,*,#4051,.F.);
#2770=ORIENTED_EDGE('',*,*,#4787,.T.);
#2771=ORIENTED_EDGE('',*,*,#3794,.F.);
#2772=ORIENTED_EDGE('',*,*,#4786,.F.);
#2773=ORIENTED_EDGE('',*,*,#4050,.F.);
#2774=ORIENTED_EDGE('',*,*,#4783,.T.);
#2775=ORIENTED_EDGE('',*,*,#3795,.F.);
#2776=ORIENTED_EDGE('',*,*,#4787,.F.);
#2777=ORIENTED_EDGE('',*,*,#4049,.F.);
#2778=ORIENTED_EDGE('',*,*,#4788,.T.);
#2779=ORIENTED_EDGE('',*,*,#3805,.F.);
#2780=ORIENTED_EDGE('',*,*,#4789,.F.);
#2781=ORIENTED_EDGE('',*,*,#4369,.F.);
#2782=ORIENTED_EDGE('',*,*,#4790,.T.);
#2783=ORIENTED_EDGE('',*,*,#3806,.F.);
#2784=ORIENTED_EDGE('',*,*,#4788,.F.);
#2785=ORIENTED_EDGE('',*,*,#4368,.F.);
#2786=ORIENTED_EDGE('',*,*,#4789,.T.);
#2787=ORIENTED_EDGE('',*,*,#3804,.F.);
#2788=ORIENTED_EDGE('',*,*,#4791,.F.);
#2789=ORIENTED_EDGE('',*,*,#4370,.F.);
#2790=ORIENTED_EDGE('',*,*,#4792,.T.);
#2791=ORIENTED_EDGE('',*,*,#3807,.F.);
#2792=ORIENTED_EDGE('',*,*,#4790,.F.);
#2793=ORIENTED_EDGE('',*,*,#4367,.F.);
#2794=ORIENTED_EDGE('',*,*,#4793,.T.);
#2795=ORIENTED_EDGE('',*,*,#3802,.F.);
#2796=ORIENTED_EDGE('',*,*,#4792,.F.);
#2797=ORIENTED_EDGE('',*,*,#4366,.F.);
#2798=ORIENTED_EDGE('',*,*,#4791,.T.);
#2799=ORIENTED_EDGE('',*,*,#3803,.F.);
#2800=ORIENTED_EDGE('',*,*,#4793,.F.);
#2801=ORIENTED_EDGE('',*,*,#4365,.F.);
#2802=ORIENTED_EDGE('',*,*,#4794,.T.);
#2803=ORIENTED_EDGE('',*,*,#3811,.F.);
#2804=ORIENTED_EDGE('',*,*,#4795,.F.);
#2805=ORIENTED_EDGE('',*,*,#4047,.F.);
#2806=ORIENTED_EDGE('',*,*,#4796,.T.);
#2807=ORIENTED_EDGE('',*,*,#3808,.F.);
#2808=ORIENTED_EDGE('',*,*,#4794,.F.);
#2809=ORIENTED_EDGE('',*,*,#4046,.F.);
#2810=ORIENTED_EDGE('',*,*,#4795,.T.);
#2811=ORIENTED_EDGE('',*,*,#3810,.F.);
#2812=ORIENTED_EDGE('',*,*,#4797,.F.);
#2813=ORIENTED_EDGE('',*,*,#4048,.F.);
#2814=ORIENTED_EDGE('',*,*,#4797,.T.);
#2815=ORIENTED_EDGE('',*,*,#3809,.F.);
#2816=ORIENTED_EDGE('',*,*,#4796,.F.);
#2817=ORIENTED_EDGE('',*,*,#4045,.F.);
#2818=ORIENTED_EDGE('',*,*,#4798,.T.);
#2819=ORIENTED_EDGE('',*,*,#3815,.F.);
#2820=ORIENTED_EDGE('',*,*,#4799,.F.);
#2821=ORIENTED_EDGE('',*,*,#4380,.F.);
#2822=ORIENTED_EDGE('',*,*,#4800,.T.);
#2823=ORIENTED_EDGE('',*,*,#3816,.F.);
#2824=ORIENTED_EDGE('',*,*,#4798,.F.);
#2825=ORIENTED_EDGE('',*,*,#4379,.F.);
#2826=ORIENTED_EDGE('',*,*,#4799,.T.);
#2827=ORIENTED_EDGE('',*,*,#3814,.F.);
#2828=ORIENTED_EDGE('',*,*,#4801,.F.);
#2829=ORIENTED_EDGE('',*,*,#4381,.F.);
#2830=ORIENTED_EDGE('',*,*,#4802,.T.);
#2831=ORIENTED_EDGE('',*,*,#3817,.F.);
#2832=ORIENTED_EDGE('',*,*,#4800,.F.);
#2833=ORIENTED_EDGE('',*,*,#4378,.F.);
#2834=ORIENTED_EDGE('',*,*,#4803,.T.);
#2835=ORIENTED_EDGE('',*,*,#3818,.F.);
#2836=ORIENTED_EDGE('',*,*,#4802,.F.);
#2837=ORIENTED_EDGE('',*,*,#4377,.F.);
#2838=ORIENTED_EDGE('',*,*,#4804,.T.);
#2839=ORIENTED_EDGE('',*,*,#3819,.F.);
#2840=ORIENTED_EDGE('',*,*,#4803,.F.);
#2841=ORIENTED_EDGE('',*,*,#4376,.F.);
#2842=ORIENTED_EDGE('',*,*,#4805,.T.);
#2843=ORIENTED_EDGE('',*,*,#3820,.F.);
#2844=ORIENTED_EDGE('',*,*,#4804,.F.);
#2845=ORIENTED_EDGE('',*,*,#4375,.F.);
#2846=ORIENTED_EDGE('',*,*,#4806,.T.);
#2847=ORIENTED_EDGE('',*,*,#3821,.F.);
#2848=ORIENTED_EDGE('',*,*,#4805,.F.);
#2849=ORIENTED_EDGE('',*,*,#4374,.F.);
#2850=ORIENTED_EDGE('',*,*,#4807,.T.);
#2851=ORIENTED_EDGE('',*,*,#3822,.F.);
#2852=ORIENTED_EDGE('',*,*,#4806,.F.);
#2853=ORIENTED_EDGE('',*,*,#4373,.F.);
#2854=ORIENTED_EDGE('',*,*,#4808,.T.);
#2855=ORIENTED_EDGE('',*,*,#3812,.F.);
#2856=ORIENTED_EDGE('',*,*,#4807,.F.);
#2857=ORIENTED_EDGE('',*,*,#4372,.F.);
#2858=ORIENTED_EDGE('',*,*,#4801,.T.);
#2859=ORIENTED_EDGE('',*,*,#3813,.F.);
#2860=ORIENTED_EDGE('',*,*,#4808,.F.);
#2861=ORIENTED_EDGE('',*,*,#4371,.F.);
#2862=ORIENTED_EDGE('',*,*,#4809,.T.);
#2863=ORIENTED_EDGE('',*,*,#3826,.F.);
#2864=ORIENTED_EDGE('',*,*,#4810,.F.);
#2865=ORIENTED_EDGE('',*,*,#4043,.F.);
#2866=ORIENTED_EDGE('',*,*,#4811,.T.);
#2867=ORIENTED_EDGE('',*,*,#3827,.F.);
#2868=ORIENTED_EDGE('',*,*,#4809,.F.);
#2869=ORIENTED_EDGE('',*,*,#4042,.F.);
#2870=ORIENTED_EDGE('',*,*,#4810,.T.);
#2871=ORIENTED_EDGE('',*,*,#3825,.F.);
#2872=ORIENTED_EDGE('',*,*,#4812,.F.);
#2873=ORIENTED_EDGE('',*,*,#4044,.F.);
#2874=ORIENTED_EDGE('',*,*,#4813,.T.);
#2875=ORIENTED_EDGE('',*,*,#3828,.F.);
#2876=ORIENTED_EDGE('',*,*,#4811,.F.);
#2877=ORIENTED_EDGE('',*,*,#4041,.F.);
#2878=ORIENTED_EDGE('',*,*,#4814,.T.);
#2879=ORIENTED_EDGE('',*,*,#3829,.F.);
#2880=ORIENTED_EDGE('',*,*,#4813,.F.);
#2881=ORIENTED_EDGE('',*,*,#4040,.F.);
#2882=ORIENTED_EDGE('',*,*,#4815,.T.);
#2883=ORIENTED_EDGE('',*,*,#3830,.F.);
#2884=ORIENTED_EDGE('',*,*,#4814,.F.);
#2885=ORIENTED_EDGE('',*,*,#4039,.F.);
#2886=ORIENTED_EDGE('',*,*,#4816,.T.);
#2887=ORIENTED_EDGE('',*,*,#3831,.F.);
#2888=ORIENTED_EDGE('',*,*,#4815,.F.);
#2889=ORIENTED_EDGE('',*,*,#4038,.F.);
#2890=ORIENTED_EDGE('',*,*,#4817,.T.);
#2891=ORIENTED_EDGE('',*,*,#3832,.F.);
#2892=ORIENTED_EDGE('',*,*,#4816,.F.);
#2893=ORIENTED_EDGE('',*,*,#4037,.F.);
#2894=ORIENTED_EDGE('',*,*,#4818,.T.);
#2895=ORIENTED_EDGE('',*,*,#3833,.F.);
#2896=ORIENTED_EDGE('',*,*,#4817,.F.);
#2897=ORIENTED_EDGE('',*,*,#4036,.F.);
#2898=ORIENTED_EDGE('',*,*,#4819,.T.);
#2899=ORIENTED_EDGE('',*,*,#3834,.F.);
#2900=ORIENTED_EDGE('',*,*,#4818,.F.);
#2901=ORIENTED_EDGE('',*,*,#4035,.F.);
#2902=ORIENTED_EDGE('',*,*,#4820,.T.);
#2903=ORIENTED_EDGE('',*,*,#3835,.F.);
#2904=ORIENTED_EDGE('',*,*,#4819,.F.);
#2905=ORIENTED_EDGE('',*,*,#4034,.F.);
#2906=ORIENTED_EDGE('',*,*,#4821,.T.);
#2907=ORIENTED_EDGE('',*,*,#3836,.F.);
#2908=ORIENTED_EDGE('',*,*,#4820,.F.);
#2909=ORIENTED_EDGE('',*,*,#4033,.F.);
#2910=ORIENTED_EDGE('',*,*,#4822,.T.);
#2911=ORIENTED_EDGE('',*,*,#3823,.F.);
#2912=ORIENTED_EDGE('',*,*,#4821,.F.);
#2913=ORIENTED_EDGE('',*,*,#4032,.F.);
#2914=ORIENTED_EDGE('',*,*,#4812,.T.);
#2915=ORIENTED_EDGE('',*,*,#3824,.F.);
#2916=ORIENTED_EDGE('',*,*,#4822,.F.);
#2917=ORIENTED_EDGE('',*,*,#4031,.F.);
#2918=ORIENTED_EDGE('',*,*,#4823,.T.);
#2919=ORIENTED_EDGE('',*,*,#3840,.F.);
#2920=ORIENTED_EDGE('',*,*,#4824,.F.);
#2921=ORIENTED_EDGE('',*,*,#4392,.F.);
#2922=ORIENTED_EDGE('',*,*,#4825,.T.);
#2923=ORIENTED_EDGE('',*,*,#3841,.F.);
#2924=ORIENTED_EDGE('',*,*,#4823,.F.);
#2925=ORIENTED_EDGE('',*,*,#4391,.F.);
#2926=ORIENTED_EDGE('',*,*,#4824,.T.);
#2927=ORIENTED_EDGE('',*,*,#3839,.F.);
#2928=ORIENTED_EDGE('',*,*,#4826,.F.);
#2929=ORIENTED_EDGE('',*,*,#4393,.F.);
#2930=ORIENTED_EDGE('',*,*,#4827,.T.);
#2931=ORIENTED_EDGE('',*,*,#3842,.F.);
#2932=ORIENTED_EDGE('',*,*,#4825,.F.);
#2933=ORIENTED_EDGE('',*,*,#4390,.F.);
#2934=ORIENTED_EDGE('',*,*,#4828,.T.);
#2935=ORIENTED_EDGE('',*,*,#3843,.F.);
#2936=ORIENTED_EDGE('',*,*,#4827,.F.);
#2937=ORIENTED_EDGE('',*,*,#4389,.F.);
#2938=ORIENTED_EDGE('',*,*,#4829,.T.);
#2939=ORIENTED_EDGE('',*,*,#3844,.F.);
#2940=ORIENTED_EDGE('',*,*,#4828,.F.);
#2941=ORIENTED_EDGE('',*,*,#4388,.F.);
#2942=ORIENTED_EDGE('',*,*,#4830,.T.);
#2943=ORIENTED_EDGE('',*,*,#3845,.F.);
#2944=ORIENTED_EDGE('',*,*,#4829,.F.);
#2945=ORIENTED_EDGE('',*,*,#4387,.F.);
#2946=ORIENTED_EDGE('',*,*,#4831,.T.);
#2947=ORIENTED_EDGE('',*,*,#3846,.F.);
#2948=ORIENTED_EDGE('',*,*,#4830,.F.);
#2949=ORIENTED_EDGE('',*,*,#4386,.F.);
#2950=ORIENTED_EDGE('',*,*,#4832,.T.);
#2951=ORIENTED_EDGE('',*,*,#3847,.F.);
#2952=ORIENTED_EDGE('',*,*,#4831,.F.);
#2953=ORIENTED_EDGE('',*,*,#4385,.F.);
#2954=ORIENTED_EDGE('',*,*,#4833,.T.);
#2955=ORIENTED_EDGE('',*,*,#3848,.F.);
#2956=ORIENTED_EDGE('',*,*,#4832,.F.);
#2957=ORIENTED_EDGE('',*,*,#4384,.F.);
#2958=ORIENTED_EDGE('',*,*,#4834,.T.);
#2959=ORIENTED_EDGE('',*,*,#3837,.F.);
#2960=ORIENTED_EDGE('',*,*,#4833,.F.);
#2961=ORIENTED_EDGE('',*,*,#4383,.F.);
#2962=ORIENTED_EDGE('',*,*,#4826,.T.);
#2963=ORIENTED_EDGE('',*,*,#3838,.F.);
#2964=ORIENTED_EDGE('',*,*,#4834,.F.);
#2965=ORIENTED_EDGE('',*,*,#4382,.F.);
#2966=ORIENTED_EDGE('',*,*,#4835,.T.);
#2967=ORIENTED_EDGE('',*,*,#3852,.F.);
#2968=ORIENTED_EDGE('',*,*,#4836,.F.);
#2969=ORIENTED_EDGE('',*,*,#4029,.F.);
#2970=ORIENTED_EDGE('',*,*,#4837,.T.);
#2971=ORIENTED_EDGE('',*,*,#3853,.F.);
#2972=ORIENTED_EDGE('',*,*,#4835,.F.);
#2973=ORIENTED_EDGE('',*,*,#4028,.F.);
#2974=ORIENTED_EDGE('',*,*,#4836,.T.);
#2975=ORIENTED_EDGE('',*,*,#3851,.F.);
#2976=ORIENTED_EDGE('',*,*,#4838,.F.);
#2977=ORIENTED_EDGE('',*,*,#4030,.F.);
#2978=ORIENTED_EDGE('',*,*,#4839,.T.);
#2979=ORIENTED_EDGE('',*,*,#3854,.F.);
#2980=ORIENTED_EDGE('',*,*,#4837,.F.);
#2981=ORIENTED_EDGE('',*,*,#4027,.F.);
#2982=ORIENTED_EDGE('',*,*,#4840,.T.);
#2983=ORIENTED_EDGE('',*,*,#3855,.F.);
#2984=ORIENTED_EDGE('',*,*,#4839,.F.);
#2985=ORIENTED_EDGE('',*,*,#4026,.F.);
#2986=ORIENTED_EDGE('',*,*,#4841,.T.);
#2987=ORIENTED_EDGE('',*,*,#3856,.F.);
#2988=ORIENTED_EDGE('',*,*,#4840,.F.);
#2989=ORIENTED_EDGE('',*,*,#4025,.F.);
#2990=ORIENTED_EDGE('',*,*,#4842,.T.);
#2991=ORIENTED_EDGE('',*,*,#3857,.F.);
#2992=ORIENTED_EDGE('',*,*,#4841,.F.);
#2993=ORIENTED_EDGE('',*,*,#4024,.F.);
#2994=ORIENTED_EDGE('',*,*,#4843,.T.);
#2995=ORIENTED_EDGE('',*,*,#3858,.F.);
#2996=ORIENTED_EDGE('',*,*,#4842,.F.);
#2997=ORIENTED_EDGE('',*,*,#4023,.F.);
#2998=ORIENTED_EDGE('',*,*,#4844,.T.);
#2999=ORIENTED_EDGE('',*,*,#3859,.F.);
#3000=ORIENTED_EDGE('',*,*,#4843,.F.);
#3001=ORIENTED_EDGE('',*,*,#4022,.F.);
#3002=ORIENTED_EDGE('',*,*,#4845,.T.);
#3003=ORIENTED_EDGE('',*,*,#3860,.F.);
#3004=ORIENTED_EDGE('',*,*,#4844,.F.);
#3005=ORIENTED_EDGE('',*,*,#4021,.F.);
#3006=ORIENTED_EDGE('',*,*,#4846,.T.);
#3007=ORIENTED_EDGE('',*,*,#3861,.F.);
#3008=ORIENTED_EDGE('',*,*,#4845,.F.);
#3009=ORIENTED_EDGE('',*,*,#4020,.F.);
#3010=ORIENTED_EDGE('',*,*,#4847,.T.);
#3011=ORIENTED_EDGE('',*,*,#3849,.F.);
#3012=ORIENTED_EDGE('',*,*,#4846,.F.);
#3013=ORIENTED_EDGE('',*,*,#4019,.F.);
#3014=ORIENTED_EDGE('',*,*,#4838,.T.);
#3015=ORIENTED_EDGE('',*,*,#3850,.F.);
#3016=ORIENTED_EDGE('',*,*,#4847,.F.);
#3017=ORIENTED_EDGE('',*,*,#4018,.F.);
#3018=ORIENTED_EDGE('',*,*,#4848,.T.);
#3019=ORIENTED_EDGE('',*,*,#3865,.F.);
#3020=ORIENTED_EDGE('',*,*,#4849,.F.);
#3021=ORIENTED_EDGE('',*,*,#4417,.F.);
#3022=ORIENTED_EDGE('',*,*,#4850,.T.);
#3023=ORIENTED_EDGE('',*,*,#3866,.F.);
#3024=ORIENTED_EDGE('',*,*,#4848,.F.);
#3025=ORIENTED_EDGE('',*,*,#4416,.F.);
#3026=ORIENTED_EDGE('',*,*,#4849,.T.);
#3027=ORIENTED_EDGE('',*,*,#3864,.F.);
#3028=ORIENTED_EDGE('',*,*,#4851,.F.);
#3029=ORIENTED_EDGE('',*,*,#4418,.F.);
#3030=ORIENTED_EDGE('',*,*,#4852,.T.);
#3031=ORIENTED_EDGE('',*,*,#3867,.F.);
#3032=ORIENTED_EDGE('',*,*,#4850,.F.);
#3033=ORIENTED_EDGE('',*,*,#4415,.F.);
#3034=ORIENTED_EDGE('',*,*,#4853,.T.);
#3035=ORIENTED_EDGE('',*,*,#3868,.F.);
#3036=ORIENTED_EDGE('',*,*,#4852,.F.);
#3037=ORIENTED_EDGE('',*,*,#4414,.F.);
#3038=ORIENTED_EDGE('',*,*,#4854,.T.);
#3039=ORIENTED_EDGE('',*,*,#3869,.F.);
#3040=ORIENTED_EDGE('',*,*,#4853,.F.);
#3041=ORIENTED_EDGE('',*,*,#4413,.F.);
#3042=ORIENTED_EDGE('',*,*,#4855,.T.);
#3043=ORIENTED_EDGE('',*,*,#3870,.F.);
#3044=ORIENTED_EDGE('',*,*,#4854,.F.);
#3045=ORIENTED_EDGE('',*,*,#4412,.F.);
#3046=ORIENTED_EDGE('',*,*,#4856,.T.);
#3047=ORIENTED_EDGE('',*,*,#3871,.F.);
#3048=ORIENTED_EDGE('',*,*,#4855,.F.);
#3049=ORIENTED_EDGE('',*,*,#4411,.F.);
#3050=ORIENTED_EDGE('',*,*,#4857,.T.);
#3051=ORIENTED_EDGE('',*,*,#3872,.F.);
#3052=ORIENTED_EDGE('',*,*,#4856,.F.);
#3053=ORIENTED_EDGE('',*,*,#4410,.F.);
#3054=ORIENTED_EDGE('',*,*,#4858,.T.);
#3055=ORIENTED_EDGE('',*,*,#3873,.F.);
#3056=ORIENTED_EDGE('',*,*,#4857,.F.);
#3057=ORIENTED_EDGE('',*,*,#4409,.F.);
#3058=ORIENTED_EDGE('',*,*,#4859,.T.);
#3059=ORIENTED_EDGE('',*,*,#3874,.F.);
#3060=ORIENTED_EDGE('',*,*,#4858,.F.);
#3061=ORIENTED_EDGE('',*,*,#4408,.F.);
#3062=ORIENTED_EDGE('',*,*,#4860,.T.);
#3063=ORIENTED_EDGE('',*,*,#3875,.F.);
#3064=ORIENTED_EDGE('',*,*,#4859,.F.);
#3065=ORIENTED_EDGE('',*,*,#4407,.F.);
#3066=ORIENTED_EDGE('',*,*,#4861,.T.);
#3067=ORIENTED_EDGE('',*,*,#3876,.F.);
#3068=ORIENTED_EDGE('',*,*,#4860,.F.);
#3069=ORIENTED_EDGE('',*,*,#4406,.F.);
#3070=ORIENTED_EDGE('',*,*,#4862,.T.);
#3071=ORIENTED_EDGE('',*,*,#3877,.F.);
#3072=ORIENTED_EDGE('',*,*,#4861,.F.);
#3073=ORIENTED_EDGE('',*,*,#4405,.F.);
#3074=ORIENTED_EDGE('',*,*,#4863,.T.);
#3075=ORIENTED_EDGE('',*,*,#3878,.F.);
#3076=ORIENTED_EDGE('',*,*,#4862,.F.);
#3077=ORIENTED_EDGE('',*,*,#4404,.F.);
#3078=ORIENTED_EDGE('',*,*,#4864,.T.);
#3079=ORIENTED_EDGE('',*,*,#3879,.F.);
#3080=ORIENTED_EDGE('',*,*,#4863,.F.);
#3081=ORIENTED_EDGE('',*,*,#4403,.F.);
#3082=ORIENTED_EDGE('',*,*,#4865,.T.);
#3083=ORIENTED_EDGE('',*,*,#3880,.F.);
#3084=ORIENTED_EDGE('',*,*,#4864,.F.);
#3085=ORIENTED_EDGE('',*,*,#4402,.F.);
#3086=ORIENTED_EDGE('',*,*,#4866,.T.);
#3087=ORIENTED_EDGE('',*,*,#3881,.F.);
#3088=ORIENTED_EDGE('',*,*,#4865,.F.);
#3089=ORIENTED_EDGE('',*,*,#4401,.F.);
#3090=ORIENTED_EDGE('',*,*,#4867,.T.);
#3091=ORIENTED_EDGE('',*,*,#3882,.F.);
#3092=ORIENTED_EDGE('',*,*,#4866,.F.);
#3093=ORIENTED_EDGE('',*,*,#4400,.F.);
#3094=ORIENTED_EDGE('',*,*,#4868,.T.);
#3095=ORIENTED_EDGE('',*,*,#3883,.F.);
#3096=ORIENTED_EDGE('',*,*,#4867,.F.);
#3097=ORIENTED_EDGE('',*,*,#4399,.F.);
#3098=ORIENTED_EDGE('',*,*,#4869,.T.);
#3099=ORIENTED_EDGE('',*,*,#3884,.F.);
#3100=ORIENTED_EDGE('',*,*,#4868,.F.);
#3101=ORIENTED_EDGE('',*,*,#4398,.F.);
#3102=ORIENTED_EDGE('',*,*,#4870,.T.);
#3103=ORIENTED_EDGE('',*,*,#3885,.F.);
#3104=ORIENTED_EDGE('',*,*,#4869,.F.);
#3105=ORIENTED_EDGE('',*,*,#4397,.F.);
#3106=ORIENTED_EDGE('',*,*,#4871,.T.);
#3107=ORIENTED_EDGE('',*,*,#3886,.F.);
#3108=ORIENTED_EDGE('',*,*,#4870,.F.);
#3109=ORIENTED_EDGE('',*,*,#4396,.F.);
#3110=ORIENTED_EDGE('',*,*,#4872,.T.);
#3111=ORIENTED_EDGE('',*,*,#3862,.F.);
#3112=ORIENTED_EDGE('',*,*,#4871,.F.);
#3113=ORIENTED_EDGE('',*,*,#4395,.F.);
#3114=ORIENTED_EDGE('',*,*,#4851,.T.);
#3115=ORIENTED_EDGE('',*,*,#3863,.F.);
#3116=ORIENTED_EDGE('',*,*,#4872,.F.);
#3117=ORIENTED_EDGE('',*,*,#4394,.F.);
#3118=ORIENTED_EDGE('',*,*,#4873,.T.);
#3119=ORIENTED_EDGE('',*,*,#3890,.F.);
#3120=ORIENTED_EDGE('',*,*,#4874,.F.);
#3121=ORIENTED_EDGE('',*,*,#4016,.F.);
#3122=ORIENTED_EDGE('',*,*,#4875,.T.);
#3123=ORIENTED_EDGE('',*,*,#3887,.F.);
#3124=ORIENTED_EDGE('',*,*,#4873,.F.);
#3125=ORIENTED_EDGE('',*,*,#4015,.F.);
#3126=ORIENTED_EDGE('',*,*,#4874,.T.);
#3127=ORIENTED_EDGE('',*,*,#3889,.F.);
#3128=ORIENTED_EDGE('',*,*,#4876,.F.);
#3129=ORIENTED_EDGE('',*,*,#4017,.F.);
#3130=ORIENTED_EDGE('',*,*,#4876,.T.);
#3131=ORIENTED_EDGE('',*,*,#3888,.F.);
#3132=ORIENTED_EDGE('',*,*,#4875,.F.);
#3133=ORIENTED_EDGE('',*,*,#4014,.F.);
#3134=ORIENTED_EDGE('',*,*,#4877,.T.);
#3135=ORIENTED_EDGE('',*,*,#3894,.F.);
#3136=ORIENTED_EDGE('',*,*,#4878,.F.);
#3137=ORIENTED_EDGE('',*,*,#4424,.F.);
#3138=ORIENTED_EDGE('',*,*,#4879,.T.);
#3139=ORIENTED_EDGE('',*,*,#3895,.F.);
#3140=ORIENTED_EDGE('',*,*,#4877,.F.);
#3141=ORIENTED_EDGE('',*,*,#4423,.F.);
#3142=ORIENTED_EDGE('',*,*,#4878,.T.);
#3143=ORIENTED_EDGE('',*,*,#3893,.F.);
#3144=ORIENTED_EDGE('',*,*,#4880,.F.);
#3145=ORIENTED_EDGE('',*,*,#4425,.F.);
#3146=ORIENTED_EDGE('',*,*,#4881,.T.);
#3147=ORIENTED_EDGE('',*,*,#3896,.F.);
#3148=ORIENTED_EDGE('',*,*,#4879,.F.);
#3149=ORIENTED_EDGE('',*,*,#4422,.F.);
#3150=ORIENTED_EDGE('',*,*,#4882,.T.);
#3151=ORIENTED_EDGE('',*,*,#3897,.F.);
#3152=ORIENTED_EDGE('',*,*,#4881,.F.);
#3153=ORIENTED_EDGE('',*,*,#4421,.F.);
#3154=ORIENTED_EDGE('',*,*,#4883,.T.);
#3155=ORIENTED_EDGE('',*,*,#3891,.F.);
#3156=ORIENTED_EDGE('',*,*,#4882,.F.);
#3157=ORIENTED_EDGE('',*,*,#4420,.F.);
#3158=ORIENTED_EDGE('',*,*,#4880,.T.);
#3159=ORIENTED_EDGE('',*,*,#3892,.F.);
#3160=ORIENTED_EDGE('',*,*,#4883,.F.);
#3161=ORIENTED_EDGE('',*,*,#4419,.F.);
#3162=ORIENTED_EDGE('',*,*,#4884,.T.);
#3163=ORIENTED_EDGE('',*,*,#3901,.F.);
#3164=ORIENTED_EDGE('',*,*,#4885,.F.);
#3165=ORIENTED_EDGE('',*,*,#4012,.F.);
#3166=ORIENTED_EDGE('',*,*,#4886,.T.);
#3167=ORIENTED_EDGE('',*,*,#3898,.F.);
#3168=ORIENTED_EDGE('',*,*,#4884,.F.);
#3169=ORIENTED_EDGE('',*,*,#4011,.F.);
#3170=ORIENTED_EDGE('',*,*,#4885,.T.);
#3171=ORIENTED_EDGE('',*,*,#3900,.F.);
#3172=ORIENTED_EDGE('',*,*,#4887,.F.);
#3173=ORIENTED_EDGE('',*,*,#4013,.F.);
#3174=ORIENTED_EDGE('',*,*,#4887,.T.);
#3175=ORIENTED_EDGE('',*,*,#3899,.F.);
#3176=ORIENTED_EDGE('',*,*,#4886,.F.);
#3177=ORIENTED_EDGE('',*,*,#4010,.F.);
#3178=ORIENTED_EDGE('',*,*,#4888,.T.);
#3179=ORIENTED_EDGE('',*,*,#3905,.F.);
#3180=ORIENTED_EDGE('',*,*,#4889,.F.);
#3181=ORIENTED_EDGE('',*,*,#4432,.F.);
#3182=ORIENTED_EDGE('',*,*,#4890,.T.);
#3183=ORIENTED_EDGE('',*,*,#3906,.F.);
#3184=ORIENTED_EDGE('',*,*,#4888,.F.);
#3185=ORIENTED_EDGE('',*,*,#4431,.F.);
#3186=ORIENTED_EDGE('',*,*,#4889,.T.);
#3187=ORIENTED_EDGE('',*,*,#3904,.F.);
#3188=ORIENTED_EDGE('',*,*,#4891,.F.);
#3189=ORIENTED_EDGE('',*,*,#4433,.F.);
#3190=ORIENTED_EDGE('',*,*,#4892,.T.);
#3191=ORIENTED_EDGE('',*,*,#3907,.F.);
#3192=ORIENTED_EDGE('',*,*,#4890,.F.);
#3193=ORIENTED_EDGE('',*,*,#4430,.F.);
#3194=ORIENTED_EDGE('',*,*,#4893,.T.);
#3195=ORIENTED_EDGE('',*,*,#3908,.F.);
#3196=ORIENTED_EDGE('',*,*,#4892,.F.);
#3197=ORIENTED_EDGE('',*,*,#4429,.F.);
#3198=ORIENTED_EDGE('',*,*,#4894,.T.);
#3199=ORIENTED_EDGE('',*,*,#3909,.F.);
#3200=ORIENTED_EDGE('',*,*,#4893,.F.);
#3201=ORIENTED_EDGE('',*,*,#4428,.F.);
#3202=ORIENTED_EDGE('',*,*,#4895,.T.);
#3203=ORIENTED_EDGE('',*,*,#3902,.F.);
#3204=ORIENTED_EDGE('',*,*,#4894,.F.);
#3205=ORIENTED_EDGE('',*,*,#4427,.F.);
#3206=ORIENTED_EDGE('',*,*,#4891,.T.);
#3207=ORIENTED_EDGE('',*,*,#3903,.F.);
#3208=ORIENTED_EDGE('',*,*,#4895,.F.);
#3209=ORIENTED_EDGE('',*,*,#4426,.F.);
#3210=ORIENTED_EDGE('',*,*,#4896,.T.);
#3211=ORIENTED_EDGE('',*,*,#3913,.F.);
#3212=ORIENTED_EDGE('',*,*,#4897,.F.);
#3213=ORIENTED_EDGE('',*,*,#4008,.F.);
#3214=ORIENTED_EDGE('',*,*,#4898,.T.);
#3215=ORIENTED_EDGE('',*,*,#3914,.F.);
#3216=ORIENTED_EDGE('',*,*,#4896,.F.);
#3217=ORIENTED_EDGE('',*,*,#4007,.F.);
#3218=ORIENTED_EDGE('',*,*,#4897,.T.);
#3219=ORIENTED_EDGE('',*,*,#3912,.F.);
#3220=ORIENTED_EDGE('',*,*,#4899,.F.);
#3221=ORIENTED_EDGE('',*,*,#4009,.F.);
#3222=ORIENTED_EDGE('',*,*,#4900,.T.);
#3223=ORIENTED_EDGE('',*,*,#3915,.F.);
#3224=ORIENTED_EDGE('',*,*,#4898,.F.);
#3225=ORIENTED_EDGE('',*,*,#4006,.F.);
#3226=ORIENTED_EDGE('',*,*,#4901,.T.);
#3227=ORIENTED_EDGE('',*,*,#3916,.F.);
#3228=ORIENTED_EDGE('',*,*,#4900,.F.);
#3229=ORIENTED_EDGE('',*,*,#4005,.F.);
#3230=ORIENTED_EDGE('',*,*,#4902,.T.);
#3231=ORIENTED_EDGE('',*,*,#3917,.F.);
#3232=ORIENTED_EDGE('',*,*,#4901,.F.);
#3233=ORIENTED_EDGE('',*,*,#4004,.F.);
#3234=ORIENTED_EDGE('',*,*,#4903,.T.);
#3235=ORIENTED_EDGE('',*,*,#3918,.F.);
#3236=ORIENTED_EDGE('',*,*,#4902,.F.);
#3237=ORIENTED_EDGE('',*,*,#4003,.F.);
#3238=ORIENTED_EDGE('',*,*,#4904,.T.);
#3239=ORIENTED_EDGE('',*,*,#3919,.F.);
#3240=ORIENTED_EDGE('',*,*,#4903,.F.);
#3241=ORIENTED_EDGE('',*,*,#4002,.F.);
#3242=ORIENTED_EDGE('',*,*,#4905,.T.);
#3243=ORIENTED_EDGE('',*,*,#3920,.F.);
#3244=ORIENTED_EDGE('',*,*,#4904,.F.);
#3245=ORIENTED_EDGE('',*,*,#4001,.F.);
#3246=ORIENTED_EDGE('',*,*,#4906,.T.);
#3247=ORIENTED_EDGE('',*,*,#3921,.F.);
#3248=ORIENTED_EDGE('',*,*,#4905,.F.);
#3249=ORIENTED_EDGE('',*,*,#4000,.F.);
#3250=ORIENTED_EDGE('',*,*,#4907,.T.);
#3251=ORIENTED_EDGE('',*,*,#3922,.F.);
#3252=ORIENTED_EDGE('',*,*,#4906,.F.);
#3253=ORIENTED_EDGE('',*,*,#3999,.F.);
#3254=ORIENTED_EDGE('',*,*,#4908,.T.);
#3255=ORIENTED_EDGE('',*,*,#3910,.F.);
#3256=ORIENTED_EDGE('',*,*,#4907,.F.);
#3257=ORIENTED_EDGE('',*,*,#3998,.F.);
#3258=ORIENTED_EDGE('',*,*,#4899,.T.);
#3259=ORIENTED_EDGE('',*,*,#3911,.F.);
#3260=ORIENTED_EDGE('',*,*,#4908,.F.);
#3261=ORIENTED_EDGE('',*,*,#3997,.F.);
#3262=ORIENTED_EDGE('',*,*,#4909,.T.);
#3263=ORIENTED_EDGE('',*,*,#3926,.F.);
#3264=ORIENTED_EDGE('',*,*,#4910,.F.);
#3265=ORIENTED_EDGE('',*,*,#4444,.F.);
#3266=ORIENTED_EDGE('',*,*,#4911,.T.);
#3267=ORIENTED_EDGE('',*,*,#3927,.F.);
#3268=ORIENTED_EDGE('',*,*,#4909,.F.);
#3269=ORIENTED_EDGE('',*,*,#4443,.F.);
#3270=ORIENTED_EDGE('',*,*,#4910,.T.);
#3271=ORIENTED_EDGE('',*,*,#3925,.F.);
#3272=ORIENTED_EDGE('',*,*,#4912,.F.);
#3273=ORIENTED_EDGE('',*,*,#4445,.F.);
#3274=ORIENTED_EDGE('',*,*,#4913,.T.);
#3275=ORIENTED_EDGE('',*,*,#3928,.F.);
#3276=ORIENTED_EDGE('',*,*,#4911,.F.);
#3277=ORIENTED_EDGE('',*,*,#4442,.F.);
#3278=ORIENTED_EDGE('',*,*,#4914,.T.);
#3279=ORIENTED_EDGE('',*,*,#3929,.F.);
#3280=ORIENTED_EDGE('',*,*,#4913,.F.);
#3281=ORIENTED_EDGE('',*,*,#4441,.F.);
#3282=ORIENTED_EDGE('',*,*,#4915,.T.);
#3283=ORIENTED_EDGE('',*,*,#3930,.F.);
#3284=ORIENTED_EDGE('',*,*,#4914,.F.);
#3285=ORIENTED_EDGE('',*,*,#4440,.F.);
#3286=ORIENTED_EDGE('',*,*,#4916,.T.);
#3287=ORIENTED_EDGE('',*,*,#3931,.F.);
#3288=ORIENTED_EDGE('',*,*,#4915,.F.);
#3289=ORIENTED_EDGE('',*,*,#4439,.F.);
#3290=ORIENTED_EDGE('',*,*,#4917,.T.);
#3291=ORIENTED_EDGE('',*,*,#3932,.F.);
#3292=ORIENTED_EDGE('',*,*,#4916,.F.);
#3293=ORIENTED_EDGE('',*,*,#4438,.F.);
#3294=ORIENTED_EDGE('',*,*,#4918,.T.);
#3295=ORIENTED_EDGE('',*,*,#3933,.F.);
#3296=ORIENTED_EDGE('',*,*,#4917,.F.);
#3297=ORIENTED_EDGE('',*,*,#4437,.F.);
#3298=ORIENTED_EDGE('',*,*,#4919,.T.);
#3299=ORIENTED_EDGE('',*,*,#3934,.F.);
#3300=ORIENTED_EDGE('',*,*,#4918,.F.);
#3301=ORIENTED_EDGE('',*,*,#4436,.F.);
#3302=ORIENTED_EDGE('',*,*,#4920,.T.);
#3303=ORIENTED_EDGE('',*,*,#3923,.F.);
#3304=ORIENTED_EDGE('',*,*,#4919,.F.);
#3305=ORIENTED_EDGE('',*,*,#4435,.F.);
#3306=ORIENTED_EDGE('',*,*,#4912,.T.);
#3307=ORIENTED_EDGE('',*,*,#3924,.F.);
#3308=ORIENTED_EDGE('',*,*,#4920,.F.);
#3309=ORIENTED_EDGE('',*,*,#4434,.F.);
#3310=ORIENTED_EDGE('',*,*,#4921,.T.);
#3311=ORIENTED_EDGE('',*,*,#3938,.F.);
#3312=ORIENTED_EDGE('',*,*,#4922,.F.);
#3313=ORIENTED_EDGE('',*,*,#3995,.F.);
#3314=ORIENTED_EDGE('',*,*,#4923,.T.);
#3315=ORIENTED_EDGE('',*,*,#3939,.F.);
#3316=ORIENTED_EDGE('',*,*,#4921,.F.);
#3317=ORIENTED_EDGE('',*,*,#3994,.F.);
#3318=ORIENTED_EDGE('',*,*,#4922,.T.);
#3319=ORIENTED_EDGE('',*,*,#3937,.F.);
#3320=ORIENTED_EDGE('',*,*,#4924,.F.);
#3321=ORIENTED_EDGE('',*,*,#3996,.F.);
#3322=ORIENTED_EDGE('',*,*,#4925,.T.);
#3323=ORIENTED_EDGE('',*,*,#3940,.F.);
#3324=ORIENTED_EDGE('',*,*,#4923,.F.);
#3325=ORIENTED_EDGE('',*,*,#3993,.F.);
#3326=ORIENTED_EDGE('',*,*,#4926,.T.);
#3327=ORIENTED_EDGE('',*,*,#3941,.F.);
#3328=ORIENTED_EDGE('',*,*,#4925,.F.);
#3329=ORIENTED_EDGE('',*,*,#3992,.F.);
#3330=ORIENTED_EDGE('',*,*,#4927,.T.);
#3331=ORIENTED_EDGE('',*,*,#3942,.F.);
#3332=ORIENTED_EDGE('',*,*,#4926,.F.);
#3333=ORIENTED_EDGE('',*,*,#3991,.F.);
#3334=ORIENTED_EDGE('',*,*,#4928,.T.);
#3335=ORIENTED_EDGE('',*,*,#3943,.F.);
#3336=ORIENTED_EDGE('',*,*,#4927,.F.);
#3337=ORIENTED_EDGE('',*,*,#3990,.F.);
#3338=ORIENTED_EDGE('',*,*,#4929,.T.);
#3339=ORIENTED_EDGE('',*,*,#3944,.F.);
#3340=ORIENTED_EDGE('',*,*,#4928,.F.);
#3341=ORIENTED_EDGE('',*,*,#3989,.F.);
#3342=ORIENTED_EDGE('',*,*,#4930,.T.);
#3343=ORIENTED_EDGE('',*,*,#3945,.F.);
#3344=ORIENTED_EDGE('',*,*,#4929,.F.);
#3345=ORIENTED_EDGE('',*,*,#3988,.F.);
#3346=ORIENTED_EDGE('',*,*,#4931,.T.);
#3347=ORIENTED_EDGE('',*,*,#3946,.F.);
#3348=ORIENTED_EDGE('',*,*,#4930,.F.);
#3349=ORIENTED_EDGE('',*,*,#3987,.F.);
#3350=ORIENTED_EDGE('',*,*,#4932,.T.);
#3351=ORIENTED_EDGE('',*,*,#3947,.F.);
#3352=ORIENTED_EDGE('',*,*,#4931,.F.);
#3353=ORIENTED_EDGE('',*,*,#3986,.F.);
#3354=ORIENTED_EDGE('',*,*,#4933,.T.);
#3355=ORIENTED_EDGE('',*,*,#3948,.F.);
#3356=ORIENTED_EDGE('',*,*,#4932,.F.);
#3357=ORIENTED_EDGE('',*,*,#3985,.F.);
#3358=ORIENTED_EDGE('',*,*,#4934,.T.);
#3359=ORIENTED_EDGE('',*,*,#3935,.F.);
#3360=ORIENTED_EDGE('',*,*,#4933,.F.);
#3361=ORIENTED_EDGE('',*,*,#3984,.F.);
#3362=ORIENTED_EDGE('',*,*,#4924,.T.);
#3363=ORIENTED_EDGE('',*,*,#3936,.F.);
#3364=ORIENTED_EDGE('',*,*,#4934,.F.);
#3365=ORIENTED_EDGE('',*,*,#3983,.F.);
#3366=ORIENTED_EDGE('',*,*,#4935,.T.);
#3367=ORIENTED_EDGE('',*,*,#3952,.F.);
#3368=ORIENTED_EDGE('',*,*,#4936,.F.);
#3369=ORIENTED_EDGE('',*,*,#4448,.F.);
#3370=ORIENTED_EDGE('',*,*,#4937,.T.);
#3371=ORIENTED_EDGE('',*,*,#3949,.F.);
#3372=ORIENTED_EDGE('',*,*,#4935,.F.);
#3373=ORIENTED_EDGE('',*,*,#4447,.F.);
#3374=ORIENTED_EDGE('',*,*,#4936,.T.);
#3375=ORIENTED_EDGE('',*,*,#3951,.F.);
#3376=ORIENTED_EDGE('',*,*,#4938,.F.);
#3377=ORIENTED_EDGE('',*,*,#4449,.F.);
#3378=ORIENTED_EDGE('',*,*,#4938,.T.);
#3379=ORIENTED_EDGE('',*,*,#3950,.F.);
#3380=ORIENTED_EDGE('',*,*,#4937,.F.);
#3381=ORIENTED_EDGE('',*,*,#4446,.F.);
#3382=ORIENTED_EDGE('',*,*,#4939,.T.);
#3383=ORIENTED_EDGE('',*,*,#3956,.F.);
#3384=ORIENTED_EDGE('',*,*,#4940,.F.);
#3385=ORIENTED_EDGE('',*,*,#3981,.F.);
#3386=ORIENTED_EDGE('',*,*,#4941,.T.);
#3387=ORIENTED_EDGE('',*,*,#3953,.F.);
#3388=ORIENTED_EDGE('',*,*,#4939,.F.);
#3389=ORIENTED_EDGE('',*,*,#3980,.F.);
#3390=ORIENTED_EDGE('',*,*,#4940,.T.);
#3391=ORIENTED_EDGE('',*,*,#3955,.F.);
#3392=ORIENTED_EDGE('',*,*,#4942,.F.);
#3393=ORIENTED_EDGE('',*,*,#3982,.F.);
#3394=ORIENTED_EDGE('',*,*,#4942,.T.);
#3395=ORIENTED_EDGE('',*,*,#3954,.F.);
#3396=ORIENTED_EDGE('',*,*,#4941,.F.);
#3397=ORIENTED_EDGE('',*,*,#3979,.F.);
#3398=ORIENTED_EDGE('',*,*,#4943,.T.);
#3399=ORIENTED_EDGE('',*,*,#3960,.F.);
#3400=ORIENTED_EDGE('',*,*,#4944,.F.);
#3401=ORIENTED_EDGE('',*,*,#4470,.F.);
#3402=ORIENTED_EDGE('',*,*,#4945,.T.);
#3403=ORIENTED_EDGE('',*,*,#3961,.F.);
#3404=ORIENTED_EDGE('',*,*,#4943,.F.);
#3405=ORIENTED_EDGE('',*,*,#4469,.F.);
#3406=ORIENTED_EDGE('',*,*,#4944,.T.);
#3407=ORIENTED_EDGE('',*,*,#3959,.F.);
#3408=ORIENTED_EDGE('',*,*,#4946,.F.);
#3409=ORIENTED_EDGE('',*,*,#4471,.F.);
#3410=ORIENTED_EDGE('',*,*,#4947,.T.);
#3411=ORIENTED_EDGE('',*,*,#3962,.F.);
#3412=ORIENTED_EDGE('',*,*,#4945,.F.);
#3413=ORIENTED_EDGE('',*,*,#4468,.F.);
#3414=ORIENTED_EDGE('',*,*,#4948,.T.);
#3415=ORIENTED_EDGE('',*,*,#3963,.F.);
#3416=ORIENTED_EDGE('',*,*,#4947,.F.);
#3417=ORIENTED_EDGE('',*,*,#4467,.F.);
#3418=ORIENTED_EDGE('',*,*,#4949,.T.);
#3419=ORIENTED_EDGE('',*,*,#3964,.F.);
#3420=ORIENTED_EDGE('',*,*,#4948,.F.);
#3421=ORIENTED_EDGE('',*,*,#4466,.F.);
#3422=ORIENTED_EDGE('',*,*,#4950,.T.);
#3423=ORIENTED_EDGE('',*,*,#3965,.F.);
#3424=ORIENTED_EDGE('',*,*,#4949,.F.);
#3425=ORIENTED_EDGE('',*,*,#4465,.F.);
#3426=ORIENTED_EDGE('',*,*,#4951,.T.);
#3427=ORIENTED_EDGE('',*,*,#3966,.F.);
#3428=ORIENTED_EDGE('',*,*,#4950,.F.);
#3429=ORIENTED_EDGE('',*,*,#4464,.F.);
#3430=ORIENTED_EDGE('',*,*,#4952,.T.);
#3431=ORIENTED_EDGE('',*,*,#3967,.F.);
#3432=ORIENTED_EDGE('',*,*,#4951,.F.);
#3433=ORIENTED_EDGE('',*,*,#4463,.F.);
#3434=ORIENTED_EDGE('',*,*,#4953,.T.);
#3435=ORIENTED_EDGE('',*,*,#3968,.F.);
#3436=ORIENTED_EDGE('',*,*,#4952,.F.);
#3437=ORIENTED_EDGE('',*,*,#4462,.F.);
#3438=ORIENTED_EDGE('',*,*,#4954,.T.);
#3439=ORIENTED_EDGE('',*,*,#3969,.F.);
#3440=ORIENTED_EDGE('',*,*,#4953,.F.);
#3441=ORIENTED_EDGE('',*,*,#4461,.F.);
#3442=ORIENTED_EDGE('',*,*,#4955,.T.);
#3443=ORIENTED_EDGE('',*,*,#3970,.F.);
#3444=ORIENTED_EDGE('',*,*,#4954,.F.);
#3445=ORIENTED_EDGE('',*,*,#4460,.F.);
#3446=ORIENTED_EDGE('',*,*,#4956,.T.);
#3447=ORIENTED_EDGE('',*,*,#3971,.F.);
#3448=ORIENTED_EDGE('',*,*,#4955,.F.);
#3449=ORIENTED_EDGE('',*,*,#4459,.F.);
#3450=ORIENTED_EDGE('',*,*,#4957,.T.);
#3451=ORIENTED_EDGE('',*,*,#3972,.F.);
#3452=ORIENTED_EDGE('',*,*,#4956,.F.);
#3453=ORIENTED_EDGE('',*,*,#4458,.F.);
#3454=ORIENTED_EDGE('',*,*,#4958,.T.);
#3455=ORIENTED_EDGE('',*,*,#3973,.F.);
#3456=ORIENTED_EDGE('',*,*,#4957,.F.);
#3457=ORIENTED_EDGE('',*,*,#4457,.F.);
#3458=ORIENTED_EDGE('',*,*,#4959,.T.);
#3459=ORIENTED_EDGE('',*,*,#3974,.F.);
#3460=ORIENTED_EDGE('',*,*,#4958,.F.);
#3461=ORIENTED_EDGE('',*,*,#4456,.F.);
#3462=ORIENTED_EDGE('',*,*,#4960,.T.);
#3463=ORIENTED_EDGE('',*,*,#3975,.F.);
#3464=ORIENTED_EDGE('',*,*,#4959,.F.);
#3465=ORIENTED_EDGE('',*,*,#4455,.F.);
#3466=ORIENTED_EDGE('',*,*,#4961,.T.);
#3467=ORIENTED_EDGE('',*,*,#3976,.F.);
#3468=ORIENTED_EDGE('',*,*,#4960,.F.);
#3469=ORIENTED_EDGE('',*,*,#4454,.F.);
#3470=ORIENTED_EDGE('',*,*,#4962,.T.);
#3471=ORIENTED_EDGE('',*,*,#3977,.F.);
#3472=ORIENTED_EDGE('',*,*,#4961,.F.);
#3473=ORIENTED_EDGE('',*,*,#4453,.F.);
#3474=ORIENTED_EDGE('',*,*,#4963,.T.);
#3475=ORIENTED_EDGE('',*,*,#3978,.F.);
#3476=ORIENTED_EDGE('',*,*,#4962,.F.);
#3477=ORIENTED_EDGE('',*,*,#4452,.F.);
#3478=ORIENTED_EDGE('',*,*,#4964,.T.);
#3479=ORIENTED_EDGE('',*,*,#3957,.F.);
#3480=ORIENTED_EDGE('',*,*,#4963,.F.);
#3481=ORIENTED_EDGE('',*,*,#4451,.F.);
#3482=ORIENTED_EDGE('',*,*,#4946,.T.);
#3483=ORIENTED_EDGE('',*,*,#3958,.F.);
#3484=ORIENTED_EDGE('',*,*,#4964,.F.);
#3485=ORIENTED_EDGE('',*,*,#4450,.F.);
#3486=EDGE_CURVE('',#4965,#4966,#5951,.T.);
#3487=EDGE_CURVE('',#4966,#4967,#5952,.T.);
#3488=EDGE_CURVE('',#4968,#4967,#5953,.T.);
#3489=EDGE_CURVE('',#4965,#4968,#5954,.T.);
#3490=EDGE_CURVE('',#4969,#4970,#5955,.T.);
#3491=EDGE_CURVE('',#4969,#4971,#5956,.T.);
#3492=EDGE_CURVE('',#4971,#4970,#5957,.T.);
#3493=EDGE_CURVE('',#4972,#4973,#5958,.T.);
#3494=EDGE_CURVE('',#4972,#4974,#5959,.T.);
#3495=EDGE_CURVE('',#4974,#4975,#5960,.T.);
#3496=EDGE_CURVE('',#4973,#4975,#5961,.T.);
#3497=EDGE_CURVE('',#4976,#4977,#5962,.T.);
#3498=EDGE_CURVE('',#4977,#4978,#5963,.T.);
#3499=EDGE_CURVE('',#4978,#4976,#5964,.T.);
#3500=EDGE_CURVE('',#4979,#4980,#5965,.T.);
#3501=EDGE_CURVE('',#4980,#4981,#5966,.T.);
#3502=EDGE_CURVE('',#4982,#4981,#5967,.T.);
#3503=EDGE_CURVE('',#4979,#4982,#5968,.T.);
#3504=EDGE_CURVE('',#4983,#4984,#5969,.T.);
#3505=EDGE_CURVE('',#4985,#4983,#5970,.T.);
#3506=EDGE_CURVE('',#4985,#4986,#5971,.T.);
#3507=EDGE_CURVE('',#4987,#4986,#5972,.T.);
#3508=EDGE_CURVE('',#4988,#4987,#5973,.T.);
#3509=EDGE_CURVE('',#4988,#4984,#5974,.T.);
#3510=EDGE_CURVE('',#4989,#4990,#5975,.T.);
#3511=EDGE_CURVE('',#4989,#4991,#5976,.T.);
#3512=EDGE_CURVE('',#4991,#4990,#5977,.T.);
#3513=EDGE_CURVE('',#4992,#4993,#5978,.T.);
#3514=EDGE_CURVE('',#4993,#4994,#5979,.T.);
#3515=EDGE_CURVE('',#4994,#4992,#5980,.T.);
#3516=EDGE_CURVE('',#4995,#4996,#5981,.T.);
#3517=EDGE_CURVE('',#4997,#4995,#5982,.T.);
#3518=EDGE_CURVE('',#4996,#4997,#5983,.T.);
#3519=EDGE_CURVE('',#4998,#4999,#5984,.T.);
#3520=EDGE_CURVE('',#5000,#4999,#5985,.T.);
#3521=EDGE_CURVE('',#5001,#5000,#5986,.T.);
#3522=EDGE_CURVE('',#5001,#4998,#5987,.T.);
#3523=EDGE_CURVE('',#5002,#5003,#5988,.T.);
#3524=EDGE_CURVE('',#5004,#5002,#5989,.T.);
#3525=EDGE_CURVE('',#5005,#5004,#5990,.T.);
#3526=EDGE_CURVE('',#5005,#5003,#5991,.T.);
#3527=EDGE_CURVE('',#5006,#5007,#5992,.T.);
#3528=EDGE_CURVE('',#5008,#5006,#5993,.T.);
#3529=EDGE_CURVE('',#5008,#5009,#5994,.T.);
#3530=EDGE_CURVE('',#5009,#5010,#5995,.T.);
#3531=EDGE_CURVE('',#5010,#5007,#5996,.T.);
#3532=EDGE_CURVE('',#5011,#5012,#5997,.T.);
#3533=EDGE_CURVE('',#5011,#5013,#5998,.T.);
#3534=EDGE_CURVE('',#5013,#5012,#5999,.T.);
#3535=EDGE_CURVE('',#5014,#5015,#6000,.T.);
#3536=EDGE_CURVE('',#5016,#5015,#6001,.T.);
#3537=EDGE_CURVE('',#5014,#5016,#6002,.T.);
#3538=EDGE_CURVE('',#5017,#5018,#6003,.T.);
#3539=EDGE_CURVE('',#5019,#5017,#6004,.T.);
#3540=EDGE_CURVE('',#5020,#5019,#6005,.T.);
#3541=EDGE_CURVE('',#5021,#5020,#6006,.T.);
#3542=EDGE_CURVE('',#5022,#5021,#6007,.T.);
#3543=EDGE_CURVE('',#5022,#5018,#6008,.T.);
#3544=EDGE_CURVE('',#5023,#5024,#6009,.T.);
#3545=EDGE_CURVE('',#5023,#5025,#6010,.T.);
#3546=EDGE_CURVE('',#5025,#5026,#6011,.T.);
#3547=EDGE_CURVE('',#5026,#5027,#6012,.T.);
#3548=EDGE_CURVE('',#5024,#5027,#6013,.T.);
#3549=EDGE_CURVE('',#5028,#5029,#6014,.T.);
#3550=EDGE_CURVE('',#5030,#5028,#6015,.T.);
#3551=EDGE_CURVE('',#5030,#5029,#6016,.T.);
#3552=EDGE_CURVE('',#5031,#5032,#6017,.T.);
#3553=EDGE_CURVE('',#5031,#5033,#6018,.T.);
#3554=EDGE_CURVE('',#5032,#5033,#6019,.T.);
#3555=EDGE_CURVE('',#5034,#5035,#6020,.T.);
#3556=EDGE_CURVE('',#5036,#5034,#6021,.T.);
#3557=EDGE_CURVE('',#5036,#5035,#6022,.T.);
#3558=EDGE_CURVE('',#5037,#5038,#6023,.T.);
#3559=EDGE_CURVE('',#5038,#5039,#6024,.T.);
#3560=EDGE_CURVE('',#5037,#5039,#6025,.T.);
#3561=EDGE_CURVE('',#5040,#5041,#6026,.T.);
#3562=EDGE_CURVE('',#5042,#5041,#6027,.T.);
#3563=EDGE_CURVE('',#5043,#5042,#6028,.T.);
#3564=EDGE_CURVE('',#5043,#5044,#6029,.T.);
#3565=EDGE_CURVE('',#5040,#5044,#6030,.T.);
#3566=EDGE_CURVE('',#5045,#5046,#6031,.T.);
#3567=EDGE_CURVE('',#5047,#5046,#6032,.T.);
#3568=EDGE_CURVE('',#5045,#5047,#6033,.T.);
#3569=EDGE_CURVE('',#5048,#5049,#6034,.T.);
#3570=EDGE_CURVE('',#5050,#5048,#6035,.T.);
#3571=EDGE_CURVE('',#5050,#5049,#6036,.T.);
#3572=EDGE_CURVE('',#5051,#5052,#6037,.T.);
#3573=EDGE_CURVE('',#5053,#5051,#6038,.T.);
#3574=EDGE_CURVE('',#5052,#5053,#6039,.T.);
#3575=EDGE_CURVE('',#5054,#5055,#6040,.T.);
#3576=EDGE_CURVE('',#5055,#5056,#6041,.T.);
#3577=EDGE_CURVE('',#5056,#5054,#6042,.T.);
#3578=EDGE_CURVE('',#5057,#5058,#6043,.T.);
#3579=EDGE_CURVE('',#5058,#5059,#6044,.T.);
#3580=EDGE_CURVE('',#5059,#5060,#6045,.T.);
#3581=EDGE_CURVE('',#5057,#5060,#6046,.T.);
#3582=EDGE_CURVE('',#5061,#5062,#6047,.T.);
#3583=EDGE_CURVE('',#5063,#5061,#6048,.T.);
#3584=EDGE_CURVE('',#5063,#5062,#6049,.T.);
#3585=EDGE_CURVE('',#5064,#5065,#6050,.T.);
#3586=EDGE_CURVE('',#5066,#5064,#6051,.T.);
#3587=EDGE_CURVE('',#5066,#5067,#6052,.T.);
#3588=EDGE_CURVE('',#5067,#5065,#6053,.T.);
#3589=EDGE_CURVE('',#5068,#5069,#6054,.T.);
#3590=EDGE_CURVE('',#5070,#5069,#6055,.T.);
#3591=EDGE_CURVE('',#5070,#5071,#6056,.T.);
#3592=EDGE_CURVE('',#5068,#5071,#6057,.T.);
#3593=EDGE_CURVE('',#5072,#5073,#6058,.T.);
#3594=EDGE_CURVE('',#5072,#5074,#6059,.T.);
#3595=EDGE_CURVE('',#5073,#5074,#6060,.T.);
#3596=EDGE_CURVE('',#5075,#5076,#6061,.T.);
#3597=EDGE_CURVE('',#5077,#5075,#6062,.T.);
#3598=EDGE_CURVE('',#5078,#5077,#6063,.T.);
#3599=EDGE_CURVE('',#5079,#5078,#6064,.T.);
#3600=EDGE_CURVE('',#5079,#5076,#6065,.T.);
#3601=EDGE_CURVE('',#5080,#5081,#6066,.T.);
#3602=EDGE_CURVE('',#5080,#5082,#6067,.T.);
#3603=EDGE_CURVE('',#5082,#5081,#6068,.T.);
#3604=EDGE_CURVE('',#5083,#5084,#6069,.T.);
#3605=EDGE_CURVE('',#5083,#5085,#6070,.T.);
#3606=EDGE_CURVE('',#5086,#5085,#6071,.T.);
#3607=EDGE_CURVE('',#5084,#5086,#6072,.T.);
#3608=EDGE_CURVE('',#5087,#5088,#6073,.T.);
#3609=EDGE_CURVE('',#5087,#5089,#6074,.T.);
#3610=EDGE_CURVE('',#5088,#5089,#6075,.T.);
#3611=EDGE_CURVE('',#5090,#5091,#6076,.T.);
#3612=EDGE_CURVE('',#5090,#5092,#6077,.T.);
#3613=EDGE_CURVE('',#5091,#5092,#6078,.T.);
#3614=EDGE_CURVE('',#5093,#5094,#6079,.T.);
#3615=EDGE_CURVE('',#5093,#5095,#6080,.T.);
#3616=EDGE_CURVE('',#5095,#5094,#6081,.T.);
#3617=EDGE_CURVE('',#5096,#5097,#6082,.T.);
#3618=EDGE_CURVE('',#5098,#5096,#6083,.T.);
#3619=EDGE_CURVE('',#5098,#5097,#6084,.T.);
#3620=EDGE_CURVE('',#5099,#5100,#6085,.T.);
#3621=EDGE_CURVE('',#5099,#5101,#6086,.T.);
#3622=EDGE_CURVE('',#5101,#5100,#6087,.T.);
#3623=EDGE_CURVE('',#5102,#5103,#6088,.T.);
#3624=EDGE_CURVE('',#5104,#5102,#6089,.T.);
#3625=EDGE_CURVE('',#5104,#5103,#6090,.T.);
#3626=EDGE_CURVE('',#5105,#5106,#304,.F.);
#3627=EDGE_CURVE('',#5106,#5107,#305,.F.);
#3628=EDGE_CURVE('',#5107,#5108,#306,.F.);
#3629=EDGE_CURVE('',#5108,#5109,#307,.T.);
#3630=EDGE_CURVE('',#5109,#5110,#308,.T.);
#3631=EDGE_CURVE('',#5110,#5111,#184,.T.);
#3632=EDGE_CURVE('',#5111,#5112,#6091,.T.);
#3633=EDGE_CURVE('',#5112,#5113,#309,.F.);
#3634=EDGE_CURVE('',#5113,#5114,#185,.T.);
#3635=EDGE_CURVE('',#5114,#5115,#310,.F.);
#3636=EDGE_CURVE('',#5115,#5105,#6092,.T.);
#3637=EDGE_CURVE('',#5116,#5117,#311,.F.);
#3638=EDGE_CURVE('',#5117,#5118,#6093,.T.);
#3639=EDGE_CURVE('',#5118,#5119,#186,.T.);
#3640=EDGE_CURVE('',#5119,#5120,#312,.T.);
#3641=EDGE_CURVE('',#5120,#5121,#6094,.T.);
#3642=EDGE_CURVE('',#5121,#5122,#6095,.T.);
#3643=EDGE_CURVE('',#5122,#5123,#6096,.T.);
#3644=EDGE_CURVE('',#5123,#5116,#313,.F.);
#3645=EDGE_CURVE('',#5124,#5125,#6097,.T.);
#3646=EDGE_CURVE('',#5125,#5126,#6098,.T.);
#3647=EDGE_CURVE('',#5126,#5127,#6099,.T.);
#3648=EDGE_CURVE('',#5127,#5124,#6100,.T.);
#3649=EDGE_CURVE('',#5128,#5129,#6101,.T.);
#3650=EDGE_CURVE('',#5129,#5130,#6102,.T.);
#3651=EDGE_CURVE('',#5130,#5131,#6103,.T.);
#3652=EDGE_CURVE('',#5131,#5132,#6104,.T.);
#3653=EDGE_CURVE('',#5132,#5133,#6105,.T.);
#3654=EDGE_CURVE('',#5133,#5128,#6106,.T.);
#3655=EDGE_CURVE('',#5134,#5135,#314,.F.);
#3656=EDGE_CURVE('',#5135,#5136,#6107,.T.);
#3657=EDGE_CURVE('',#5136,#5137,#6108,.T.);
#3658=EDGE_CURVE('',#5137,#5138,#6109,.T.);
#3659=EDGE_CURVE('',#5138,#5139,#315,.T.);
#3660=EDGE_CURVE('',#5139,#5140,#316,.F.);
#3661=EDGE_CURVE('',#5140,#5141,#6110,.T.);
#3662=EDGE_CURVE('',#5141,#5142,#6111,.T.);
#3663=EDGE_CURVE('',#5142,#5143,#6112,.T.);
#3664=EDGE_CURVE('',#5143,#5144,#317,.T.);
#3665=EDGE_CURVE('',#5144,#5145,#318,.T.);
#3666=EDGE_CURVE('',#5145,#5146,#187,.T.);
#3667=EDGE_CURVE('',#5146,#5147,#188,.T.);
#3668=EDGE_CURVE('',#5147,#5148,#319,.T.);
#3669=EDGE_CURVE('',#5148,#5149,#320,.T.);
#3670=EDGE_CURVE('',#5149,#5150,#189,.T.);
#3671=EDGE_CURVE('',#5150,#5151,#190,.T.);
#3672=EDGE_CURVE('',#5151,#5152,#6113,.T.);
#3673=EDGE_CURVE('',#5152,#5153,#6114,.T.);
#3674=EDGE_CURVE('',#5153,#5154,#6115,.T.);
#3675=EDGE_CURVE('',#5154,#5155,#321,.F.);
#3676=EDGE_CURVE('',#5155,#5156,#322,.F.);
#3677=EDGE_CURVE('',#5156,#5157,#323,.F.);
#3678=EDGE_CURVE('',#5157,#5158,#191,.T.);
#3679=EDGE_CURVE('',#5158,#5134,#192,.T.);
#3680=EDGE_CURVE('',#5159,#5160,#193,.T.);
#3681=EDGE_CURVE('',#5160,#5161,#194,.T.);
#3682=EDGE_CURVE('',#5161,#5162,#195,.T.);
#3683=EDGE_CURVE('',#5162,#5163,#196,.T.);
#3684=EDGE_CURVE('',#5163,#5164,#324,.F.);
#3685=EDGE_CURVE('',#5164,#5165,#325,.F.);
#3686=EDGE_CURVE('',#5165,#5166,#6116,.T.);
#3687=EDGE_CURVE('',#5166,#5167,#326,.T.);
#3688=EDGE_CURVE('',#5167,#5168,#197,.T.);
#3689=EDGE_CURVE('',#5168,#5169,#198,.T.);
#3690=EDGE_CURVE('',#5169,#5170,#199,.T.);
#3691=EDGE_CURVE('',#5170,#5171,#200,.T.);
#3692=EDGE_CURVE('',#5171,#5172,#201,.T.);
#3693=EDGE_CURVE('',#5172,#5173,#202,.T.);
#3694=EDGE_CURVE('',#5173,#5174,#327,.T.);
#3695=EDGE_CURVE('',#5174,#5175,#6117,.T.);
#3696=EDGE_CURVE('',#5175,#5176,#328,.F.);
#3697=EDGE_CURVE('',#5176,#5159,#329,.F.);
#3698=EDGE_CURVE('',#5177,#5178,#6118,.T.);
#3699=EDGE_CURVE('',#5178,#5179,#6119,.T.);
#3700=EDGE_CURVE('',#5179,#5180,#6120,.T.);
#3701=EDGE_CURVE('',#5180,#5181,#330,.F.);
#3702=EDGE_CURVE('',#5181,#5182,#331,.F.);
#3703=EDGE_CURVE('',#5182,#5183,#332,.F.);
#3704=EDGE_CURVE('',#5183,#5184,#333,.F.);
#3705=EDGE_CURVE('',#5184,#5185,#6121,.T.);
#3706=EDGE_CURVE('',#5185,#5186,#6122,.T.);
#3707=EDGE_CURVE('',#5186,#5187,#334,.T.);
#3708=EDGE_CURVE('',#5187,#5188,#335,.T.);
#3709=EDGE_CURVE('',#5188,#5189,#336,.T.);
#3710=EDGE_CURVE('',#5189,#5190,#203,.T.);
#3711=EDGE_CURVE('',#5190,#5191,#6123,.T.);
#3712=EDGE_CURVE('',#5191,#5177,#6124,.T.);
#3713=EDGE_CURVE('',#5192,#5193,#6125,.T.);
#3714=EDGE_CURVE('',#5193,#5194,#6126,.T.);
#3715=EDGE_CURVE('',#5194,#5195,#6127,.T.);
#3716=EDGE_CURVE('',#5195,#5192,#6128,.T.);
#3717=EDGE_CURVE('',#5196,#5197,#337,.F.);
#3718=EDGE_CURVE('',#5197,#5198,#6129,.T.);
#3719=EDGE_CURVE('',#5198,#5199,#6130,.T.);
#3720=EDGE_CURVE('',#5199,#5200,#6131,.T.);
#3721=EDGE_CURVE('',#5200,#5201,#338,.T.);
#3722=EDGE_CURVE('',#5201,#5202,#339,.F.);
#3723=EDGE_CURVE('',#5202,#5203,#6132,.T.);
#3724=EDGE_CURVE('',#5203,#5204,#6133,.T.);
#3725=EDGE_CURVE('',#5204,#5205,#6134,.T.);
#3726=EDGE_CURVE('',#5205,#5206,#340,.T.);
#3727=EDGE_CURVE('',#5206,#5207,#341,.T.);
#3728=EDGE_CURVE('',#5207,#5208,#204,.T.);
#3729=EDGE_CURVE('',#5208,#5209,#205,.T.);
#3730=EDGE_CURVE('',#5209,#5210,#342,.T.);
#3731=EDGE_CURVE('',#5210,#5211,#343,.T.);
#3732=EDGE_CURVE('',#5211,#5212,#206,.T.);
#3733=EDGE_CURVE('',#5212,#5213,#207,.T.);
#3734=EDGE_CURVE('',#5213,#5214,#6135,.T.);
#3735=EDGE_CURVE('',#5214,#5215,#6136,.T.);
#3736=EDGE_CURVE('',#5215,#5216,#6137,.T.);
#3737=EDGE_CURVE('',#5216,#5217,#344,.F.);
#3738=EDGE_CURVE('',#5217,#5218,#345,.F.);
#3739=EDGE_CURVE('',#5218,#5219,#346,.F.);
#3740=EDGE_CURVE('',#5219,#5220,#208,.T.);
#3741=EDGE_CURVE('',#5220,#5196,#209,.T.);
#3742=EDGE_CURVE('',#5221,#5222,#6138,.T.);
#3743=EDGE_CURVE('',#5222,#5223,#6139,.T.);
#3744=EDGE_CURVE('',#5223,#5224,#6140,.T.);
#3745=EDGE_CURVE('',#5224,#5225,#6141,.T.);
#3746=EDGE_CURVE('',#5225,#5226,#6142,.T.);
#3747=EDGE_CURVE('',#5226,#5227,#6143,.T.);
#3748=EDGE_CURVE('',#5227,#5228,#6144,.T.);
#3749=EDGE_CURVE('',#5228,#5221,#6145,.T.);
#3750=EDGE_CURVE('',#5229,#5230,#6146,.T.);
#3751=EDGE_CURVE('',#5230,#5231,#6147,.T.);
#3752=EDGE_CURVE('',#5231,#5232,#6148,.T.);
#3753=EDGE_CURVE('',#5232,#5233,#6149,.T.);
#3754=EDGE_CURVE('',#5233,#5234,#6150,.T.);
#3755=EDGE_CURVE('',#5234,#5235,#6151,.T.);
#3756=EDGE_CURVE('',#5235,#5236,#6152,.T.);
#3757=EDGE_CURVE('',#5236,#5229,#6153,.T.);
#3758=EDGE_CURVE('',#5237,#5238,#6154,.T.);
#3759=EDGE_CURVE('',#5238,#5239,#6155,.T.);
#3760=EDGE_CURVE('',#5239,#5240,#6156,.T.);
#3761=EDGE_CURVE('',#5240,#5237,#6157,.T.);
#3762=EDGE_CURVE('',#5241,#5242,#6158,.T.);
#3763=EDGE_CURVE('',#5242,#5243,#6159,.T.);
#3764=EDGE_CURVE('',#5243,#5244,#6160,.T.);
#3765=EDGE_CURVE('',#5244,#5241,#6161,.T.);
#3766=EDGE_CURVE('',#5245,#5246,#6162,.T.);
#3767=EDGE_CURVE('',#5246,#5247,#6163,.T.);
#3768=EDGE_CURVE('',#5247,#5248,#6164,.T.);
#3769=EDGE_CURVE('',#5248,#5245,#6165,.T.);
#3770=EDGE_CURVE('',#5249,#5250,#6166,.T.);
#3771=EDGE_CURVE('',#5250,#5251,#6167,.T.);
#3772=EDGE_CURVE('',#5251,#5252,#6168,.T.);
#3773=EDGE_CURVE('',#5252,#5249,#6169,.T.);
#3774=EDGE_CURVE('',#5253,#5254,#6170,.T.);
#3775=EDGE_CURVE('',#5254,#5255,#6171,.T.);
#3776=EDGE_CURVE('',#5255,#5256,#6172,.T.);
#3777=EDGE_CURVE('',#5256,#5257,#6173,.T.);
#3778=EDGE_CURVE('',#5257,#5258,#6174,.T.);
#3779=EDGE_CURVE('',#5258,#5259,#6175,.T.);
#3780=EDGE_CURVE('',#5259,#5260,#6176,.T.);
#3781=EDGE_CURVE('',#5260,#5253,#6177,.T.);
#3782=EDGE_CURVE('',#5261,#5262,#6178,.T.);
#3783=EDGE_CURVE('',#5262,#5263,#6179,.T.);
#3784=EDGE_CURVE('',#5263,#5264,#6180,.T.);
#3785=EDGE_CURVE('',#5264,#5261,#6181,.T.);
#3786=EDGE_CURVE('',#5265,#5266,#6182,.T.);
#3787=EDGE_CURVE('',#5266,#5267,#6183,.T.);
#3788=EDGE_CURVE('',#5267,#5268,#6184,.T.);
#3789=EDGE_CURVE('',#5268,#5269,#6185,.T.);
#3790=EDGE_CURVE('',#5269,#5270,#6186,.T.);
#3791=EDGE_CURVE('',#5270,#5271,#6187,.T.);
#3792=EDGE_CURVE('',#5271,#5272,#6188,.T.);
#3793=EDGE_CURVE('',#5272,#5265,#6189,.T.);
#3794=EDGE_CURVE('',#5273,#5274,#6190,.T.);
#3795=EDGE_CURVE('',#5274,#5275,#6191,.T.);
#3796=EDGE_CURVE('',#5275,#5276,#6192,.T.);
#3797=EDGE_CURVE('',#5276,#5277,#6193,.T.);
#3798=EDGE_CURVE('',#5277,#5278,#6194,.T.);
#3799=EDGE_CURVE('',#5278,#5279,#6195,.T.);
#3800=EDGE_CURVE('',#5279,#5280,#6196,.T.);
#3801=EDGE_CURVE('',#5280,#5273,#6197,.T.);
#3802=EDGE_CURVE('',#5281,#5282,#6198,.T.);
#3803=EDGE_CURVE('',#5282,#5283,#6199,.T.);
#3804=EDGE_CURVE('',#5283,#5284,#6200,.T.);
#3805=EDGE_CURVE('',#5284,#5285,#6201,.T.);
#3806=EDGE_CURVE('',#5285,#5286,#6202,.T.);
#3807=EDGE_CURVE('',#5286,#5281,#6203,.T.);
#3808=EDGE_CURVE('',#5287,#5288,#6204,.T.);
#3809=EDGE_CURVE('',#5288,#5289,#6205,.T.);
#3810=EDGE_CURVE('',#5289,#5290,#6206,.T.);
#3811=EDGE_CURVE('',#5290,#5287,#6207,.T.);
#3812=EDGE_CURVE('',#5291,#5292,#347,.F.);
#3813=EDGE_CURVE('',#5292,#5293,#348,.F.);
#3814=EDGE_CURVE('',#5293,#5294,#349,.F.);
#3815=EDGE_CURVE('',#5294,#5295,#350,.T.);
#3816=EDGE_CURVE('',#5295,#5296,#351,.T.);
#3817=EDGE_CURVE('',#5296,#5297,#210,.T.);
#3818=EDGE_CURVE('',#5297,#5298,#6208,.T.);
#3819=EDGE_CURVE('',#5298,#5299,#352,.F.);
#3820=EDGE_CURVE('',#5299,#5300,#211,.T.);
#3821=EDGE_CURVE('',#5300,#5301,#353,.F.);
#3822=EDGE_CURVE('',#5301,#5291,#6209,.T.);
#3823=EDGE_CURVE('',#5302,#5303,#354,.F.);
#3824=EDGE_CURVE('',#5303,#5304,#212,.T.);
#3825=EDGE_CURVE('',#5304,#5305,#213,.T.);
#3826=EDGE_CURVE('',#5305,#5306,#355,.F.);
#3827=EDGE_CURVE('',#5306,#5307,#356,.F.);
#3828=EDGE_CURVE('',#5307,#5308,#357,.F.);
#3829=EDGE_CURVE('',#5308,#5309,#6210,.T.);
#3830=EDGE_CURVE('',#5309,#5310,#358,.T.);
#3831=EDGE_CURVE('',#5310,#5311,#214,.T.);
#3832=EDGE_CURVE('',#5311,#5312,#215,.T.);
#3833=EDGE_CURVE('',#5312,#5313,#359,.T.);
#3834=EDGE_CURVE('',#5313,#5314,#6211,.T.);
#3835=EDGE_CURVE('',#5314,#5315,#360,.F.);
#3836=EDGE_CURVE('',#5315,#5302,#361,.F.);
#3837=EDGE_CURVE('',#5316,#5317,#362,.F.);
#3838=EDGE_CURVE('',#5317,#5318,#6212,.T.);
#3839=EDGE_CURVE('',#5318,#5319,#363,.T.);
#3840=EDGE_CURVE('',#5319,#5320,#364,.T.);
#3841=EDGE_CURVE('',#5320,#5321,#365,.T.);
#3842=EDGE_CURVE('',#5321,#5322,#366,.T.);
#3843=EDGE_CURVE('',#5322,#5323,#6213,.T.);
#3844=EDGE_CURVE('',#5323,#5324,#6214,.T.);
#3845=EDGE_CURVE('',#5324,#5325,#6215,.T.);
#3846=EDGE_CURVE('',#5325,#5326,#367,.F.);
#3847=EDGE_CURVE('',#5326,#5327,#368,.F.);
#3848=EDGE_CURVE('',#5327,#5316,#369,.F.);
#3849=EDGE_CURVE('',#5328,#5329,#216,.T.);
#3850=EDGE_CURVE('',#5329,#5330,#6216,.T.);
#3851=EDGE_CURVE('',#5330,#5331,#370,.F.);
#3852=EDGE_CURVE('',#5331,#5332,#371,.F.);
#3853=EDGE_CURVE('',#5332,#5333,#372,.F.);
#3854=EDGE_CURVE('',#5333,#5334,#217,.T.);
#3855=EDGE_CURVE('',#5334,#5335,#373,.F.);
#3856=EDGE_CURVE('',#5335,#5336,#374,.F.);
#3857=EDGE_CURVE('',#5336,#5337,#375,.F.);
#3858=EDGE_CURVE('',#5337,#5338,#376,.F.);
#3859=EDGE_CURVE('',#5338,#5339,#6217,.T.);
#3860=EDGE_CURVE('',#5339,#5340,#218,.T.);
#3861=EDGE_CURVE('',#5340,#5328,#219,.T.);
#3862=EDGE_CURVE('',#5341,#5342,#377,.F.);
#3863=EDGE_CURVE('',#5342,#5343,#6218,.T.);
#3864=EDGE_CURVE('',#5343,#5344,#6219,.T.);
#3865=EDGE_CURVE('',#5344,#5345,#6220,.T.);
#3866=EDGE_CURVE('',#5345,#5346,#378,.T.);
#3867=EDGE_CURVE('',#5346,#5347,#379,.F.);
#3868=EDGE_CURVE('',#5347,#5348,#6221,.T.);
#3869=EDGE_CURVE('',#5348,#5349,#6222,.T.);
#3870=EDGE_CURVE('',#5349,#5350,#6223,.T.);
#3871=EDGE_CURVE('',#5350,#5351,#380,.T.);
#3872=EDGE_CURVE('',#5351,#5352,#381,.T.);
#3873=EDGE_CURVE('',#5352,#5353,#220,.T.);
#3874=EDGE_CURVE('',#5353,#5354,#221,.T.);
#3875=EDGE_CURVE('',#5354,#5355,#382,.T.);
#3876=EDGE_CURVE('',#5355,#5356,#383,.T.);
#3877=EDGE_CURVE('',#5356,#5357,#222,.T.);
#3878=EDGE_CURVE('',#5357,#5358,#223,.T.);
#3879=EDGE_CURVE('',#5358,#5359,#6224,.T.);
#3880=EDGE_CURVE('',#5359,#5360,#6225,.T.);
#3881=EDGE_CURVE('',#5360,#5361,#6226,.T.);
#3882=EDGE_CURVE('',#5361,#5362,#384,.F.);
#3883=EDGE_CURVE('',#5362,#5363,#385,.F.);
#3884=EDGE_CURVE('',#5363,#5364,#386,.F.);
#3885=EDGE_CURVE('',#5364,#5365,#224,.T.);
#3886=EDGE_CURVE('',#5365,#5341,#225,.T.);
#3887=EDGE_CURVE('',#5366,#5367,#6227,.T.);
#3888=EDGE_CURVE('',#5367,#5368,#6228,.T.);
#3889=EDGE_CURVE('',#5368,#5369,#6229,.T.);
#3890=EDGE_CURVE('',#5369,#5366,#6230,.T.);
#3891=EDGE_CURVE('',#5370,#5371,#6231,.T.);
#3892=EDGE_CURVE('',#5371,#5372,#6232,.T.);
#3893=EDGE_CURVE('',#5372,#5373,#6233,.T.);
#3894=EDGE_CURVE('',#5373,#5374,#6234,.T.);
#3895=EDGE_CURVE('',#5374,#5375,#6235,.T.);
#3896=EDGE_CURVE('',#5375,#5376,#6236,.T.);
#3897=EDGE_CURVE('',#5376,#5370,#6237,.T.);
#3898=EDGE_CURVE('',#5377,#5378,#6238,.T.);
#3899=EDGE_CURVE('',#5378,#5379,#6239,.T.);
#3900=EDGE_CURVE('',#5379,#5380,#6240,.T.);
#3901=EDGE_CURVE('',#5380,#5377,#6241,.T.);
#3902=EDGE_CURVE('',#5381,#5382,#6242,.T.);
#3903=EDGE_CURVE('',#5382,#5383,#6243,.T.);
#3904=EDGE_CURVE('',#5383,#5384,#6244,.T.);
#3905=EDGE_CURVE('',#5384,#5385,#6245,.T.);
#3906=EDGE_CURVE('',#5385,#5386,#6246,.T.);
#3907=EDGE_CURVE('',#5386,#5387,#6247,.T.);
#3908=EDGE_CURVE('',#5387,#5388,#6248,.T.);
#3909=EDGE_CURVE('',#5388,#5381,#6249,.T.);
#3910=EDGE_CURVE('',#5389,#5390,#226,.T.);
#3911=EDGE_CURVE('',#5390,#5391,#6250,.T.);
#3912=EDGE_CURVE('',#5391,#5392,#387,.F.);
#3913=EDGE_CURVE('',#5392,#5393,#388,.F.);
#3914=EDGE_CURVE('',#5393,#5394,#389,.F.);
#3915=EDGE_CURVE('',#5394,#5395,#227,.T.);
#3916=EDGE_CURVE('',#5395,#5396,#390,.F.);
#3917=EDGE_CURVE('',#5396,#5397,#391,.F.);
#3918=EDGE_CURVE('',#5397,#5398,#392,.F.);
#3919=EDGE_CURVE('',#5398,#5399,#393,.F.);
#3920=EDGE_CURVE('',#5399,#5400,#6251,.T.);
#3921=EDGE_CURVE('',#5400,#5401,#228,.T.);
#3922=EDGE_CURVE('',#5401,#5389,#229,.T.);
#3923=EDGE_CURVE('',#5402,#5403,#394,.F.);
#3924=EDGE_CURVE('',#5403,#5404,#6252,.T.);
#3925=EDGE_CURVE('',#5404,#5405,#395,.T.);
#3926=EDGE_CURVE('',#5405,#5406,#396,.T.);
#3927=EDGE_CURVE('',#5406,#5407,#397,.T.);
#3928=EDGE_CURVE('',#5407,#5408,#398,.T.);
#3929=EDGE_CURVE('',#5408,#5409,#6253,.T.);
#3930=EDGE_CURVE('',#5409,#5410,#6254,.T.);
#3931=EDGE_CURVE('',#5410,#5411,#6255,.T.);
#3932=EDGE_CURVE('',#5411,#5412,#399,.F.);
#3933=EDGE_CURVE('',#5412,#5413,#400,.F.);
#3934=EDGE_CURVE('',#5413,#5402,#401,.F.);
#3935=EDGE_CURVE('',#5414,#5415,#402,.F.);
#3936=EDGE_CURVE('',#5415,#5416,#230,.T.);
#3937=EDGE_CURVE('',#5416,#5417,#231,.T.);
#3938=EDGE_CURVE('',#5417,#5418,#403,.F.);
#3939=EDGE_CURVE('',#5418,#5419,#404,.F.);
#3940=EDGE_CURVE('',#5419,#5420,#405,.F.);
#3941=EDGE_CURVE('',#5420,#5421,#6256,.T.);
#3942=EDGE_CURVE('',#5421,#5422,#406,.T.);
#3943=EDGE_CURVE('',#5422,#5423,#232,.T.);
#3944=EDGE_CURVE('',#5423,#5424,#233,.T.);
#3945=EDGE_CURVE('',#5424,#5425,#407,.T.);
#3946=EDGE_CURVE('',#5425,#5426,#6257,.T.);
#3947=EDGE_CURVE('',#5426,#5427,#408,.F.);
#3948=EDGE_CURVE('',#5427,#5414,#409,.F.);
#3949=EDGE_CURVE('',#5428,#5429,#6258,.T.);
#3950=EDGE_CURVE('',#5429,#5430,#6259,.T.);
#3951=EDGE_CURVE('',#5430,#5431,#6260,.T.);
#3952=EDGE_CURVE('',#5431,#5428,#6261,.T.);
#3953=EDGE_CURVE('',#5432,#5433,#6262,.T.);
#3954=EDGE_CURVE('',#5433,#5434,#6263,.T.);
#3955=EDGE_CURVE('',#5434,#5435,#6264,.T.);
#3956=EDGE_CURVE('',#5435,#5432,#6265,.T.);
#3957=EDGE_CURVE('',#5436,#5437,#6266,.T.);
#3958=EDGE_CURVE('',#5437,#5438,#6267,.T.);
#3959=EDGE_CURVE('',#5438,#5439,#234,.T.);
#3960=EDGE_CURVE('',#5439,#5440,#235,.T.);
#3961=EDGE_CURVE('',#5440,#5441,#410,.F.);
#3962=EDGE_CURVE('',#5441,#5442,#411,.F.);
#3963=EDGE_CURVE('',#5442,#5443,#236,.T.);
#3964=EDGE_CURVE('',#5443,#5444,#237,.T.);
#3965=EDGE_CURVE('',#5444,#5445,#238,.T.);
#3966=EDGE_CURVE('',#5445,#5446,#412,.F.);
#3967=EDGE_CURVE('',#5446,#5447,#239,.T.);
#3968=EDGE_CURVE('',#5447,#5448,#413,.F.);
#3969=EDGE_CURVE('',#5448,#5449,#6268,.T.);
#3970=EDGE_CURVE('',#5449,#5450,#6269,.T.);
#3971=EDGE_CURVE('',#5450,#5451,#6270,.T.);
#3972=EDGE_CURVE('',#5451,#5452,#240,.T.);
#3973=EDGE_CURVE('',#5452,#5453,#241,.T.);
#3974=EDGE_CURVE('',#5453,#5454,#414,.T.);
#3975=EDGE_CURVE('',#5454,#5455,#415,.T.);
#3976=EDGE_CURVE('',#5455,#5456,#242,.T.);
#3977=EDGE_CURVE('',#5456,#5457,#243,.T.);
#3978=EDGE_CURVE('',#5457,#5436,#6271,.T.);
#3979=EDGE_CURVE('',#5458,#5459,#6272,.T.);
#3980=EDGE_CURVE('',#5459,#5460,#6273,.T.);
#3981=EDGE_CURVE('',#5460,#5461,#6274,.T.);
#3982=EDGE_CURVE('',#5461,#5458,#6275,.T.);
#3983=EDGE_CURVE('',#5462,#5463,#244,.F.);
#3984=EDGE_CURVE('',#5463,#5464,#416,.T.);
#3985=EDGE_CURVE('',#5464,#5465,#417,.T.);
#3986=EDGE_CURVE('',#5465,#5466,#418,.T.);
#3987=EDGE_CURVE('',#5466,#5467,#6276,.T.);
#3988=EDGE_CURVE('',#5467,#5468,#419,.F.);
#3989=EDGE_CURVE('',#5468,#5469,#245,.F.);
#3990=EDGE_CURVE('',#5469,#5470,#246,.F.);
#3991=EDGE_CURVE('',#5470,#5471,#420,.F.);
#3992=EDGE_CURVE('',#5471,#5472,#6277,.T.);
#3993=EDGE_CURVE('',#5472,#5473,#421,.T.);
#3994=EDGE_CURVE('',#5473,#5474,#422,.T.);
#3995=EDGE_CURVE('',#5474,#5475,#423,.T.);
#3996=EDGE_CURVE('',#5475,#5462,#247,.F.);
#3997=EDGE_CURVE('',#5476,#5477,#6278,.T.);
#3998=EDGE_CURVE('',#5477,#5478,#248,.F.);
#3999=EDGE_CURVE('',#5478,#5479,#249,.F.);
#4000=EDGE_CURVE('',#5479,#5480,#250,.F.);
#4001=EDGE_CURVE('',#5480,#5481,#6279,.T.);
#4002=EDGE_CURVE('',#5481,#5482,#424,.T.);
#4003=EDGE_CURVE('',#5482,#5483,#425,.T.);
#4004=EDGE_CURVE('',#5483,#5484,#426,.T.);
#4005=EDGE_CURVE('',#5484,#5485,#427,.T.);
#4006=EDGE_CURVE('',#5485,#5486,#251,.F.);
#4007=EDGE_CURVE('',#5486,#5487,#428,.T.);
#4008=EDGE_CURVE('',#5487,#5488,#429,.T.);
#4009=EDGE_CURVE('',#5488,#5476,#430,.T.);
#4010=EDGE_CURVE('',#5489,#5490,#6280,.T.);
#4011=EDGE_CURVE('',#5490,#5491,#6281,.T.);
#4012=EDGE_CURVE('',#5491,#5492,#6282,.T.);
#4013=EDGE_CURVE('',#5492,#5489,#6283,.T.);
#4014=EDGE_CURVE('',#5493,#5494,#6284,.T.);
#4015=EDGE_CURVE('',#5494,#5495,#6285,.T.);
#4016=EDGE_CURVE('',#5495,#5496,#6286,.T.);
#4017=EDGE_CURVE('',#5496,#5493,#6287,.T.);
#4018=EDGE_CURVE('',#5497,#5498,#6288,.T.);
#4019=EDGE_CURVE('',#5498,#5499,#252,.F.);
#4020=EDGE_CURVE('',#5499,#5500,#253,.F.);
#4021=EDGE_CURVE('',#5500,#5501,#254,.F.);
#4022=EDGE_CURVE('',#5501,#5502,#6289,.T.);
#4023=EDGE_CURVE('',#5502,#5503,#431,.T.);
#4024=EDGE_CURVE('',#5503,#5504,#432,.T.);
#4025=EDGE_CURVE('',#5504,#5505,#433,.T.);
#4026=EDGE_CURVE('',#5505,#5506,#434,.T.);
#4027=EDGE_CURVE('',#5506,#5507,#255,.F.);
#4028=EDGE_CURVE('',#5507,#5508,#435,.T.);
#4029=EDGE_CURVE('',#5508,#5509,#436,.T.);
#4030=EDGE_CURVE('',#5509,#5497,#437,.T.);
#4031=EDGE_CURVE('',#5510,#5511,#256,.F.);
#4032=EDGE_CURVE('',#5511,#5512,#438,.T.);
#4033=EDGE_CURVE('',#5512,#5513,#439,.T.);
#4034=EDGE_CURVE('',#5513,#5514,#440,.T.);
#4035=EDGE_CURVE('',#5514,#5515,#6290,.T.);
#4036=EDGE_CURVE('',#5515,#5516,#441,.F.);
#4037=EDGE_CURVE('',#5516,#5517,#257,.F.);
#4038=EDGE_CURVE('',#5517,#5518,#258,.F.);
#4039=EDGE_CURVE('',#5518,#5519,#442,.F.);
#4040=EDGE_CURVE('',#5519,#5520,#6291,.T.);
#4041=EDGE_CURVE('',#5520,#5521,#443,.T.);
#4042=EDGE_CURVE('',#5521,#5522,#444,.T.);
#4043=EDGE_CURVE('',#5522,#5523,#445,.T.);
#4044=EDGE_CURVE('',#5523,#5510,#259,.F.);
#4045=EDGE_CURVE('',#5524,#5525,#6292,.T.);
#4046=EDGE_CURVE('',#5525,#5526,#6293,.T.);
#4047=EDGE_CURVE('',#5526,#5527,#6294,.T.);
#4048=EDGE_CURVE('',#5527,#5524,#6295,.T.);
#4049=EDGE_CURVE('',#5528,#5529,#6296,.T.);
#4050=EDGE_CURVE('',#5529,#5530,#6297,.T.);
#4051=EDGE_CURVE('',#5530,#5531,#6298,.T.);
#4052=EDGE_CURVE('',#5531,#5532,#6299,.T.);
#4053=EDGE_CURVE('',#5532,#5533,#6300,.T.);
#4054=EDGE_CURVE('',#5533,#5534,#6301,.T.);
#4055=EDGE_CURVE('',#5534,#5535,#6302,.T.);
#4056=EDGE_CURVE('',#5535,#5528,#6303,.T.);
#4057=EDGE_CURVE('',#5536,#5537,#6304,.T.);
#4058=EDGE_CURVE('',#5537,#5538,#6305,.T.);
#4059=EDGE_CURVE('',#5538,#5539,#6306,.T.);
#4060=EDGE_CURVE('',#5539,#5536,#6307,.T.);
#4061=EDGE_CURVE('',#5540,#5541,#6308,.T.);
#4062=EDGE_CURVE('',#5541,#5542,#6309,.T.);
#4063=EDGE_CURVE('',#5542,#5543,#6310,.T.);
#4064=EDGE_CURVE('',#5543,#5540,#6311,.T.);
#4065=EDGE_CURVE('',#5544,#5545,#6312,.T.);
#4066=EDGE_CURVE('',#5545,#5546,#6313,.T.);
#4067=EDGE_CURVE('',#5546,#5547,#6314,.T.);
#4068=EDGE_CURVE('',#5547,#5544,#6315,.T.);
#4069=EDGE_CURVE('',#5548,#5549,#6316,.T.);
#4070=EDGE_CURVE('',#5549,#5550,#6317,.T.);
#4071=EDGE_CURVE('',#5550,#5551,#6318,.T.);
#4072=EDGE_CURVE('',#5551,#5552,#6319,.T.);
#4073=EDGE_CURVE('',#5552,#5553,#6320,.T.);
#4074=EDGE_CURVE('',#5553,#5554,#6321,.T.);
#4075=EDGE_CURVE('',#5554,#5555,#6322,.T.);
#4076=EDGE_CURVE('',#5555,#5548,#6323,.T.);
#4077=EDGE_CURVE('',#5556,#5557,#6324,.T.);
#4078=EDGE_CURVE('',#5557,#5558,#446,.T.);
#4079=EDGE_CURVE('',#5558,#5559,#260,.F.);
#4080=EDGE_CURVE('',#5559,#5560,#261,.F.);
#4081=EDGE_CURVE('',#5560,#5561,#447,.T.);
#4082=EDGE_CURVE('',#5561,#5562,#448,.T.);
#4083=EDGE_CURVE('',#5562,#5563,#449,.T.);
#4084=EDGE_CURVE('',#5563,#5564,#6325,.T.);
#4085=EDGE_CURVE('',#5564,#5565,#6326,.T.);
#4086=EDGE_CURVE('',#5565,#5566,#6327,.T.);
#4087=EDGE_CURVE('',#5566,#5567,#262,.F.);
#4088=EDGE_CURVE('',#5567,#5568,#263,.F.);
#4089=EDGE_CURVE('',#5568,#5569,#450,.F.);
#4090=EDGE_CURVE('',#5569,#5570,#451,.F.);
#4091=EDGE_CURVE('',#5570,#5571,#264,.F.);
#4092=EDGE_CURVE('',#5571,#5572,#265,.F.);
#4093=EDGE_CURVE('',#5572,#5573,#452,.F.);
#4094=EDGE_CURVE('',#5573,#5574,#453,.F.);
#4095=EDGE_CURVE('',#5574,#5575,#6328,.T.);
#4096=EDGE_CURVE('',#5575,#5576,#6329,.T.);
#4097=EDGE_CURVE('',#5576,#5577,#6330,.T.);
#4098=EDGE_CURVE('',#5577,#5578,#454,.T.);
#4099=EDGE_CURVE('',#5578,#5579,#455,.F.);
#4100=EDGE_CURVE('',#5579,#5580,#6331,.T.);
#4101=EDGE_CURVE('',#5580,#5556,#6332,.T.);
#4102=EDGE_CURVE('',#5581,#5582,#6333,.T.);
#4103=EDGE_CURVE('',#5582,#5583,#6334,.T.);
#4104=EDGE_CURVE('',#5583,#5584,#6335,.T.);
#4105=EDGE_CURVE('',#5584,#5585,#6336,.T.);
#4106=EDGE_CURVE('',#5585,#5586,#266,.F.);
#4107=EDGE_CURVE('',#5586,#5587,#456,.F.);
#4108=EDGE_CURVE('',#5587,#5588,#457,.F.);
#4109=EDGE_CURVE('',#5588,#5589,#458,.F.);
#4110=EDGE_CURVE('',#5589,#5590,#6337,.T.);
#4111=EDGE_CURVE('',#5590,#5591,#6338,.T.);
#4112=EDGE_CURVE('',#5591,#5592,#459,.T.);
#4113=EDGE_CURVE('',#5592,#5593,#460,.T.);
#4114=EDGE_CURVE('',#5593,#5594,#461,.T.);
#4115=EDGE_CURVE('',#5594,#5595,#462,.T.);
#4116=EDGE_CURVE('',#5595,#5581,#6339,.T.);
#4117=EDGE_CURVE('',#5596,#5597,#6340,.T.);
#4118=EDGE_CURVE('',#5597,#5598,#463,.T.);
#4119=EDGE_CURVE('',#5598,#5599,#267,.F.);
#4120=EDGE_CURVE('',#5599,#5600,#268,.F.);
#4121=EDGE_CURVE('',#5600,#5601,#464,.T.);
#4122=EDGE_CURVE('',#5601,#5602,#465,.T.);
#4123=EDGE_CURVE('',#5602,#5603,#466,.T.);
#4124=EDGE_CURVE('',#5603,#5604,#6341,.T.);
#4125=EDGE_CURVE('',#5604,#5605,#6342,.T.);
#4126=EDGE_CURVE('',#5605,#5606,#6343,.T.);
#4127=EDGE_CURVE('',#5606,#5607,#269,.F.);
#4128=EDGE_CURVE('',#5607,#5608,#270,.F.);
#4129=EDGE_CURVE('',#5608,#5609,#467,.F.);
#4130=EDGE_CURVE('',#5609,#5610,#468,.F.);
#4131=EDGE_CURVE('',#5610,#5611,#271,.F.);
#4132=EDGE_CURVE('',#5611,#5612,#272,.F.);
#4133=EDGE_CURVE('',#5612,#5613,#469,.F.);
#4134=EDGE_CURVE('',#5613,#5614,#470,.F.);
#4135=EDGE_CURVE('',#5614,#5615,#6344,.T.);
#4136=EDGE_CURVE('',#5615,#5616,#6345,.T.);
#4137=EDGE_CURVE('',#5616,#5617,#6346,.T.);
#4138=EDGE_CURVE('',#5617,#5618,#471,.T.);
#4139=EDGE_CURVE('',#5618,#5619,#472,.F.);
#4140=EDGE_CURVE('',#5619,#5620,#6347,.T.);
#4141=EDGE_CURVE('',#5620,#5596,#6348,.T.);
#4142=EDGE_CURVE('',#5621,#5622,#6349,.T.);
#4143=EDGE_CURVE('',#5622,#5623,#6350,.T.);
#4144=EDGE_CURVE('',#5623,#5624,#6351,.T.);
#4145=EDGE_CURVE('',#5624,#5621,#6352,.T.);
#4146=EDGE_CURVE('',#5625,#5626,#473,.T.);
#4147=EDGE_CURVE('',#5626,#5627,#474,.T.);
#4148=EDGE_CURVE('',#5627,#5628,#6353,.T.);
#4149=EDGE_CURVE('',#5628,#5629,#475,.T.);
#4150=EDGE_CURVE('',#5629,#5630,#273,.F.);
#4151=EDGE_CURVE('',#5630,#5631,#476,.T.);
#4152=EDGE_CURVE('',#5631,#5632,#6354,.T.);
#4153=EDGE_CURVE('',#5632,#5633,#274,.F.);
#4154=EDGE_CURVE('',#5633,#5634,#477,.F.);
#4155=EDGE_CURVE('',#5634,#5635,#478,.F.);
#4156=EDGE_CURVE('',#5635,#5625,#479,.T.);
#4157=EDGE_CURVE('',#5636,#5637,#6355,.T.);
#4158=EDGE_CURVE('',#5636,#5638,#6356,.T.);
#4159=EDGE_CURVE('',#5638,#5639,#6357,.T.);
#4160=EDGE_CURVE('',#5637,#5639,#6358,.T.);
#4161=EDGE_CURVE('',#5640,#5641,#6359,.T.);
#4162=EDGE_CURVE('',#5642,#5641,#6360,.T.);
#4163=EDGE_CURVE('',#5640,#5642,#6361,.T.);
#4164=EDGE_CURVE('',#5643,#5644,#6362,.T.);
#4165=EDGE_CURVE('',#5644,#5645,#6363,.T.);
#4166=EDGE_CURVE('',#5646,#5645,#6364,.T.);
#4167=EDGE_CURVE('',#5643,#5646,#6365,.T.);
#4168=EDGE_CURVE('',#5647,#5648,#6366,.T.);
#4169=EDGE_CURVE('',#5649,#5647,#6367,.T.);
#4170=EDGE_CURVE('',#5648,#5649,#6368,.T.);
#4171=EDGE_CURVE('',#5650,#5651,#6369,.T.);
#4172=EDGE_CURVE('',#5650,#5652,#6370,.T.);
#4173=EDGE_CURVE('',#5652,#5653,#6371,.T.);
#4174=EDGE_CURVE('',#5651,#5653,#6372,.T.);
#4175=EDGE_CURVE('',#5654,#5655,#6373,.T.);
#4176=EDGE_CURVE('',#5656,#5655,#6374,.T.);
#4177=EDGE_CURVE('',#5656,#5657,#6375,.T.);
#4178=EDGE_CURVE('',#5657,#5658,#6376,.T.);
#4179=EDGE_CURVE('',#5659,#5658,#6377,.T.);
#4180=EDGE_CURVE('',#5659,#5654,#6378,.T.);
#4181=EDGE_CURVE('',#5660,#5661,#6379,.T.);
#4182=EDGE_CURVE('',#5662,#5661,#6380,.T.);
#4183=EDGE_CURVE('',#5660,#5662,#6381,.T.);
#4184=EDGE_CURVE('',#5663,#5664,#6382,.T.);
#4185=EDGE_CURVE('',#5665,#5663,#6383,.T.);
#4186=EDGE_CURVE('',#5664,#5665,#6384,.T.);
#4187=EDGE_CURVE('',#5666,#5667,#6385,.T.);
#4188=EDGE_CURVE('',#5667,#5668,#6386,.T.);
#4189=EDGE_CURVE('',#5668,#5666,#6387,.T.);
#4190=EDGE_CURVE('',#5669,#5670,#6388,.T.);
#4191=EDGE_CURVE('',#5671,#5669,#6389,.T.);
#4192=EDGE_CURVE('',#5671,#5672,#6390,.T.);
#4193=EDGE_CURVE('',#5672,#5670,#6391,.T.);
#4194=EDGE_CURVE('',#5673,#5674,#6392,.T.);
#4195=EDGE_CURVE('',#5675,#5674,#6393,.T.);
#4196=EDGE_CURVE('',#5675,#5676,#6394,.T.);
#4197=EDGE_CURVE('',#5676,#5673,#6395,.T.);
#4198=EDGE_CURVE('',#5677,#5678,#6396,.T.);
#4199=EDGE_CURVE('',#5679,#5678,#6397,.T.);
#4200=EDGE_CURVE('',#5680,#5679,#6398,.T.);
#4201=EDGE_CURVE('',#5681,#5680,#6399,.T.);
#4202=EDGE_CURVE('',#5681,#5677,#6400,.T.);
#4203=EDGE_CURVE('',#5682,#5683,#6401,.T.);
#4204=EDGE_CURVE('',#5684,#5683,#6402,.T.);
#4205=EDGE_CURVE('',#5682,#5684,#6403,.T.);
#4206=EDGE_CURVE('',#5685,#5686,#6404,.T.);
#4207=EDGE_CURVE('',#5685,#5687,#6405,.T.);
#4208=EDGE_CURVE('',#5687,#5686,#6406,.T.);
#4209=EDGE_CURVE('',#5688,#5689,#6407,.T.);
#4210=EDGE_CURVE('',#5690,#5689,#6408,.T.);
#4211=EDGE_CURVE('',#5690,#5691,#6409,.T.);
#4212=EDGE_CURVE('',#5691,#5692,#6410,.T.);
#4213=EDGE_CURVE('',#5692,#5693,#6411,.T.);
#4214=EDGE_CURVE('',#5693,#5688,#6412,.T.);
#4215=EDGE_CURVE('',#5694,#5695,#6413,.T.);
#4216=EDGE_CURVE('',#5695,#5696,#6414,.T.);
#4217=EDGE_CURVE('',#5697,#5696,#6415,.T.);
#4218=EDGE_CURVE('',#5698,#5697,#6416,.T.);
#4219=EDGE_CURVE('',#5694,#5698,#6417,.T.);
#4220=EDGE_CURVE('',#5699,#5700,#6418,.T.);
#4221=EDGE_CURVE('',#5701,#5700,#6419,.T.);
#4222=EDGE_CURVE('',#5701,#5699,#6420,.T.);
#4223=EDGE_CURVE('',#5702,#5703,#6421,.T.);
#4224=EDGE_CURVE('',#5703,#5704,#6422,.T.);
#4225=EDGE_CURVE('',#5702,#5704,#6423,.T.);
#4226=EDGE_CURVE('',#5705,#5706,#6424,.T.);
#4227=EDGE_CURVE('',#5707,#5706,#6425,.T.);
#4228=EDGE_CURVE('',#5707,#5705,#6426,.T.);
#4229=EDGE_CURVE('',#5708,#5709,#6427,.T.);
#4230=EDGE_CURVE('',#5708,#5710,#6428,.T.);
#4231=EDGE_CURVE('',#5709,#5710,#6429,.T.);
#4232=EDGE_CURVE('',#5711,#5712,#6430,.T.);
#4233=EDGE_CURVE('',#5711,#5713,#6431,.T.);
#4234=EDGE_CURVE('',#5714,#5713,#6432,.T.);
#4235=EDGE_CURVE('',#5714,#5715,#6433,.T.);
#4236=EDGE_CURVE('',#5715,#5712,#6434,.T.);
#4237=EDGE_CURVE('',#5716,#5717,#6435,.T.);
#4238=EDGE_CURVE('',#5716,#5718,#6436,.T.);
#4239=EDGE_CURVE('',#5718,#5717,#6437,.T.);
#4240=EDGE_CURVE('',#5719,#5720,#6438,.T.);
#4241=EDGE_CURVE('',#5721,#5720,#6439,.T.);
#4242=EDGE_CURVE('',#5721,#5719,#6440,.T.);
#4243=EDGE_CURVE('',#5722,#5723,#6441,.T.);
#4244=EDGE_CURVE('',#5723,#5724,#6442,.T.);
#4245=EDGE_CURVE('',#5724,#5722,#6443,.T.);
#4246=EDGE_CURVE('',#5725,#5726,#6444,.T.);
#4247=EDGE_CURVE('',#5727,#5725,#6445,.T.);
#4248=EDGE_CURVE('',#5726,#5727,#6446,.T.);
#4249=EDGE_CURVE('',#5728,#5729,#6447,.T.);
#4250=EDGE_CURVE('',#5728,#5730,#6448,.T.);
#4251=EDGE_CURVE('',#5731,#5730,#6449,.T.);
#4252=EDGE_CURVE('',#5729,#5731,#6450,.T.);
#4253=EDGE_CURVE('',#5732,#5733,#6451,.T.);
#4254=EDGE_CURVE('',#5734,#5733,#6452,.T.);
#4255=EDGE_CURVE('',#5734,#5732,#6453,.T.);
#4256=EDGE_CURVE('',#5735,#5736,#6454,.T.);
#4257=EDGE_CURVE('',#5737,#5736,#6455,.T.);
#4258=EDGE_CURVE('',#5738,#5737,#6456,.T.);
#4259=EDGE_CURVE('',#5738,#5735,#6457,.T.);
#4260=EDGE_CURVE('',#5739,#5740,#6458,.T.);
#4261=EDGE_CURVE('',#5739,#5741,#6459,.T.);
#4262=EDGE_CURVE('',#5742,#5741,#6460,.T.);
#4263=EDGE_CURVE('',#5742,#5740,#6461,.T.);
#4264=EDGE_CURVE('',#5743,#5744,#6462,.T.);
#4265=EDGE_CURVE('',#5744,#5745,#6463,.T.);
#4266=EDGE_CURVE('',#5743,#5745,#6464,.T.);
#4267=EDGE_CURVE('',#5746,#5747,#6465,.T.);
#4268=EDGE_CURVE('',#5748,#5747,#6466,.T.);
#4269=EDGE_CURVE('',#5748,#5749,#6467,.T.);
#4270=EDGE_CURVE('',#5749,#5750,#6468,.T.);
#4271=EDGE_CURVE('',#5750,#5746,#6469,.T.);
#4272=EDGE_CURVE('',#5751,#5752,#6470,.T.);
#4273=EDGE_CURVE('',#5753,#5752,#6471,.T.);
#4274=EDGE_CURVE('',#5751,#5753,#6472,.T.);
#4275=EDGE_CURVE('',#5754,#5755,#6473,.T.);
#4276=EDGE_CURVE('',#5755,#5756,#6474,.T.);
#4277=EDGE_CURVE('',#5756,#5757,#6475,.T.);
#4278=EDGE_CURVE('',#5754,#5757,#6476,.T.);
#4279=EDGE_CURVE('',#5758,#5759,#6477,.T.);
#4280=EDGE_CURVE('',#5759,#5760,#6478,.T.);
#4281=EDGE_CURVE('',#5758,#5760,#6479,.T.);
#4282=EDGE_CURVE('',#5761,#5762,#6480,.T.);
#4283=EDGE_CURVE('',#5762,#5763,#6481,.T.);
#4284=EDGE_CURVE('',#5761,#5763,#6482,.T.);
#4285=EDGE_CURVE('',#5764,#5765,#6483,.T.);
#4286=EDGE_CURVE('',#5766,#5765,#6484,.T.);
#4287=EDGE_CURVE('',#5764,#5766,#6485,.T.);
#4288=EDGE_CURVE('',#5767,#5768,#6486,.T.);
#4289=EDGE_CURVE('',#5769,#5768,#6487,.T.);
#4290=EDGE_CURVE('',#5769,#5767,#6488,.T.);
#4291=EDGE_CURVE('',#5770,#5771,#6489,.T.);
#4292=EDGE_CURVE('',#5772,#5771,#6490,.T.);
#4293=EDGE_CURVE('',#5770,#5772,#6491,.T.);
#4294=EDGE_CURVE('',#5773,#5774,#6492,.T.);
#4295=EDGE_CURVE('',#5775,#5774,#6493,.T.);
#4296=EDGE_CURVE('',#5775,#5773,#6494,.T.);
#4297=EDGE_CURVE('',#5776,#5777,#6495,.T.);
#4298=EDGE_CURVE('',#5777,#5778,#480,.T.);
#4299=EDGE_CURVE('',#5778,#5779,#481,.T.);
#4300=EDGE_CURVE('',#5779,#5780,#6496,.T.);
#4301=EDGE_CURVE('',#5780,#5781,#6497,.T.);
#4302=EDGE_CURVE('',#5781,#5782,#6498,.T.);
#4303=EDGE_CURVE('',#5782,#5783,#482,.F.);
#4304=EDGE_CURVE('',#5783,#5776,#275,.F.);
#4305=EDGE_CURVE('',#5784,#5785,#6499,.T.);
#4306=EDGE_CURVE('',#5785,#5786,#6500,.T.);
#4307=EDGE_CURVE('',#5786,#5787,#6501,.T.);
#4308=EDGE_CURVE('',#5787,#5788,#6502,.T.);
#4309=EDGE_CURVE('',#5788,#5789,#6503,.T.);
#4310=EDGE_CURVE('',#5789,#5784,#6504,.T.);
#4311=EDGE_CURVE('',#5790,#5791,#276,.F.);
#4312=EDGE_CURVE('',#5791,#5792,#277,.F.);
#4313=EDGE_CURVE('',#5792,#5793,#483,.T.);
#4314=EDGE_CURVE('',#5793,#5794,#484,.T.);
#4315=EDGE_CURVE('',#5794,#5795,#6505,.T.);
#4316=EDGE_CURVE('',#5795,#5796,#485,.F.);
#4317=EDGE_CURVE('',#5796,#5797,#278,.F.);
#4318=EDGE_CURVE('',#5797,#5798,#279,.F.);
#4319=EDGE_CURVE('',#5798,#5799,#280,.F.);
#4320=EDGE_CURVE('',#5799,#5800,#281,.F.);
#4321=EDGE_CURVE('',#5800,#5801,#282,.F.);
#4322=EDGE_CURVE('',#5801,#5802,#283,.F.);
#4323=EDGE_CURVE('',#5802,#5803,#486,.F.);
#4324=EDGE_CURVE('',#5803,#5804,#6506,.T.);
#4325=EDGE_CURVE('',#5804,#5805,#487,.T.);
#4326=EDGE_CURVE('',#5805,#5806,#488,.T.);
#4327=EDGE_CURVE('',#5806,#5807,#284,.F.);
#4328=EDGE_CURVE('',#5807,#5790,#285,.F.);
#4329=EDGE_CURVE('',#5808,#5809,#6507,.T.);
#4330=EDGE_CURVE('',#5809,#5810,#6508,.T.);
#4331=EDGE_CURVE('',#5810,#5811,#6509,.T.);
#4332=EDGE_CURVE('',#5811,#5808,#6510,.T.);
#4333=EDGE_CURVE('',#5812,#5813,#6511,.T.);
#4334=EDGE_CURVE('',#5813,#5814,#6512,.T.);
#4335=EDGE_CURVE('',#5814,#5815,#6513,.T.);
#4336=EDGE_CURVE('',#5815,#5816,#6514,.T.);
#4337=EDGE_CURVE('',#5816,#5817,#6515,.T.);
#4338=EDGE_CURVE('',#5817,#5818,#6516,.T.);
#4339=EDGE_CURVE('',#5818,#5819,#6517,.T.);
#4340=EDGE_CURVE('',#5819,#5812,#6518,.T.);
#4341=EDGE_CURVE('',#5820,#5821,#6519,.T.);
#4342=EDGE_CURVE('',#5821,#5822,#6520,.T.);
#4343=EDGE_CURVE('',#5822,#5823,#6521,.T.);
#4344=EDGE_CURVE('',#5823,#5820,#6522,.T.);
#4345=EDGE_CURVE('',#5824,#5825,#6523,.T.);
#4346=EDGE_CURVE('',#5825,#5826,#6524,.T.);
#4347=EDGE_CURVE('',#5826,#5827,#6525,.T.);
#4348=EDGE_CURVE('',#5827,#5824,#6526,.T.);
#4349=EDGE_CURVE('',#5828,#5829,#6527,.T.);
#4350=EDGE_CURVE('',#5829,#5830,#6528,.T.);
#4351=EDGE_CURVE('',#5830,#5831,#6529,.T.);
#4352=EDGE_CURVE('',#5831,#5832,#6530,.T.);
#4353=EDGE_CURVE('',#5832,#5833,#6531,.T.);
#4354=EDGE_CURVE('',#5833,#5834,#6532,.T.);
#4355=EDGE_CURVE('',#5834,#5835,#6533,.T.);
#4356=EDGE_CURVE('',#5835,#5828,#6534,.T.);
#4357=EDGE_CURVE('',#5836,#5837,#6535,.T.);
#4358=EDGE_CURVE('',#5837,#5838,#6536,.T.);
#4359=EDGE_CURVE('',#5838,#5839,#6537,.T.);
#4360=EDGE_CURVE('',#5839,#5840,#6538,.T.);
#4361=EDGE_CURVE('',#5840,#5841,#6539,.T.);
#4362=EDGE_CURVE('',#5841,#5842,#6540,.T.);
#4363=EDGE_CURVE('',#5842,#5843,#6541,.T.);
#4364=EDGE_CURVE('',#5843,#5836,#6542,.T.);
#4365=EDGE_CURVE('',#5844,#5845,#6543,.T.);
#4366=EDGE_CURVE('',#5845,#5846,#6544,.T.);
#4367=EDGE_CURVE('',#5846,#5847,#6545,.T.);
#4368=EDGE_CURVE('',#5847,#5848,#6546,.T.);
#4369=EDGE_CURVE('',#5848,#5849,#6547,.T.);
#4370=EDGE_CURVE('',#5849,#5844,#6548,.T.);
#4371=EDGE_CURVE('',#5850,#5851,#489,.T.);
#4372=EDGE_CURVE('',#5851,#5852,#490,.T.);
#4373=EDGE_CURVE('',#5852,#5853,#6549,.T.);
#4374=EDGE_CURVE('',#5853,#5854,#491,.T.);
#4375=EDGE_CURVE('',#5854,#5855,#286,.F.);
#4376=EDGE_CURVE('',#5855,#5856,#492,.T.);
#4377=EDGE_CURVE('',#5856,#5857,#6550,.T.);
#4378=EDGE_CURVE('',#5857,#5858,#287,.F.);
#4379=EDGE_CURVE('',#5858,#5859,#493,.F.);
#4380=EDGE_CURVE('',#5859,#5860,#494,.F.);
#4381=EDGE_CURVE('',#5860,#5850,#495,.T.);
#4382=EDGE_CURVE('',#5861,#5862,#6551,.T.);
#4383=EDGE_CURVE('',#5862,#5863,#496,.T.);
#4384=EDGE_CURVE('',#5863,#5864,#497,.T.);
#4385=EDGE_CURVE('',#5864,#5865,#498,.T.);
#4386=EDGE_CURVE('',#5865,#5866,#499,.T.);
#4387=EDGE_CURVE('',#5866,#5867,#6552,.T.);
#4388=EDGE_CURVE('',#5867,#5868,#6553,.T.);
#4389=EDGE_CURVE('',#5868,#5869,#6554,.T.);
#4390=EDGE_CURVE('',#5869,#5870,#500,.F.);
#4391=EDGE_CURVE('',#5870,#5871,#501,.F.);
#4392=EDGE_CURVE('',#5871,#5872,#502,.F.);
#4393=EDGE_CURVE('',#5872,#5861,#503,.F.);
#4394=EDGE_CURVE('',#5873,#5874,#6555,.T.);
#4395=EDGE_CURVE('',#5874,#5875,#504,.T.);
#4396=EDGE_CURVE('',#5875,#5876,#288,.F.);
#4397=EDGE_CURVE('',#5876,#5877,#289,.F.);
#4398=EDGE_CURVE('',#5877,#5878,#505,.T.);
#4399=EDGE_CURVE('',#5878,#5879,#506,.T.);
#4400=EDGE_CURVE('',#5879,#5880,#507,.T.);
#4401=EDGE_CURVE('',#5880,#5881,#6556,.T.);
#4402=EDGE_CURVE('',#5881,#5882,#6557,.T.);
#4403=EDGE_CURVE('',#5882,#5883,#6558,.T.);
#4404=EDGE_CURVE('',#5883,#5884,#290,.F.);
#4405=EDGE_CURVE('',#5884,#5885,#291,.F.);
#4406=EDGE_CURVE('',#5885,#5886,#508,.F.);
#4407=EDGE_CURVE('',#5886,#5887,#509,.F.);
#4408=EDGE_CURVE('',#5887,#5888,#292,.F.);
#4409=EDGE_CURVE('',#5888,#5889,#293,.F.);
#4410=EDGE_CURVE('',#5889,#5890,#510,.F.);
#4411=EDGE_CURVE('',#5890,#5891,#511,.F.);
#4412=EDGE_CURVE('',#5891,#5892,#6559,.T.);
#4413=EDGE_CURVE('',#5892,#5893,#6560,.T.);
#4414=EDGE_CURVE('',#5893,#5894,#6561,.T.);
#4415=EDGE_CURVE('',#5894,#5895,#512,.T.);
#4416=EDGE_CURVE('',#5895,#5896,#513,.F.);
#4417=EDGE_CURVE('',#5896,#5897,#6562,.T.);
#4418=EDGE_CURVE('',#5897,#5873,#6563,.T.);
#4419=EDGE_CURVE('',#5898,#5899,#6564,.T.);
#4420=EDGE_CURVE('',#5899,#5900,#6565,.T.);
#4421=EDGE_CURVE('',#5900,#5901,#6566,.T.);
#4422=EDGE_CURVE('',#5901,#5902,#6567,.T.);
#4423=EDGE_CURVE('',#5902,#5903,#6568,.T.);
#4424=EDGE_CURVE('',#5903,#5904,#6569,.T.);
#4425=EDGE_CURVE('',#5904,#5898,#6570,.T.);
#4426=EDGE_CURVE('',#5905,#5906,#6571,.T.);
#4427=EDGE_CURVE('',#5906,#5907,#6572,.T.);
#4428=EDGE_CURVE('',#5907,#5908,#6573,.T.);
#4429=EDGE_CURVE('',#5908,#5909,#6574,.T.);
#4430=EDGE_CURVE('',#5909,#5910,#6575,.T.);
#4431=EDGE_CURVE('',#5910,#5911,#6576,.T.);
#4432=EDGE_CURVE('',#5911,#5912,#6577,.T.);
#4433=EDGE_CURVE('',#5912,#5905,#6578,.T.);
#4434=EDGE_CURVE('',#5913,#5914,#6579,.T.);
#4435=EDGE_CURVE('',#5914,#5915,#514,.T.);
#4436=EDGE_CURVE('',#5915,#5916,#515,.T.);
#4437=EDGE_CURVE('',#5916,#5917,#516,.T.);
#4438=EDGE_CURVE('',#5917,#5918,#517,.T.);
#4439=EDGE_CURVE('',#5918,#5919,#6580,.T.);
#4440=EDGE_CURVE('',#5919,#5920,#6581,.T.);
#4441=EDGE_CURVE('',#5920,#5921,#6582,.T.);
#4442=EDGE_CURVE('',#5921,#5922,#518,.F.);
#4443=EDGE_CURVE('',#5922,#5923,#519,.F.);
#4444=EDGE_CURVE('',#5923,#5924,#520,.F.);
#4445=EDGE_CURVE('',#5924,#5913,#521,.F.);
#4446=EDGE_CURVE('',#5925,#5926,#6583,.T.);
#4447=EDGE_CURVE('',#5926,#5927,#6584,.T.);
#4448=EDGE_CURVE('',#5927,#5928,#6585,.T.);
#4449=EDGE_CURVE('',#5928,#5925,#6586,.T.);
#4450=EDGE_CURVE('',#5929,#5930,#6587,.T.);
#4451=EDGE_CURVE('',#5930,#5931,#6588,.T.);
#4452=EDGE_CURVE('',#5931,#5932,#6589,.T.);
#4453=EDGE_CURVE('',#5932,#5933,#294,.F.);
#4454=EDGE_CURVE('',#5933,#5934,#295,.F.);
#4455=EDGE_CURVE('',#5934,#5935,#522,.F.);
#4456=EDGE_CURVE('',#5935,#5936,#523,.F.);
#4457=EDGE_CURVE('',#5936,#5937,#296,.F.);
#4458=EDGE_CURVE('',#5937,#5938,#297,.F.);
#4459=EDGE_CURVE('',#5938,#5939,#6590,.T.);
#4460=EDGE_CURVE('',#5939,#5940,#6591,.T.);
#4461=EDGE_CURVE('',#5940,#5941,#6592,.T.);
#4462=EDGE_CURVE('',#5941,#5942,#524,.T.);
#4463=EDGE_CURVE('',#5942,#5943,#298,.F.);
#4464=EDGE_CURVE('',#5943,#5944,#525,.T.);
#4465=EDGE_CURVE('',#5944,#5945,#299,.F.);
#4466=EDGE_CURVE('',#5945,#5946,#300,.F.);
#4467=EDGE_CURVE('',#5946,#5947,#301,.F.);
#4468=EDGE_CURVE('',#5947,#5948,#526,.T.);
#4469=EDGE_CURVE('',#5948,#5949,#527,.T.);
#4470=EDGE_CURVE('',#5949,#5950,#302,.F.);
#4471=EDGE_CURVE('',#5950,#5929,#303,.F.);
#4472=EDGE_CURVE('',#5102,#5773,#6593,.T.);
#4473=EDGE_CURVE('',#5103,#5774,#6594,.T.);
#4474=EDGE_CURVE('',#5104,#5775,#6595,.T.);
#4475=EDGE_CURVE('',#5099,#5770,#6596,.T.);
#4476=EDGE_CURVE('',#5100,#5771,#6597,.T.);
#4477=EDGE_CURVE('',#5101,#5772,#6598,.T.);
#4478=EDGE_CURVE('',#5096,#5767,#6599,.T.);
#4479=EDGE_CURVE('',#5097,#5768,#6600,.T.);
#4480=EDGE_CURVE('',#5098,#5769,#6601,.T.);
#4481=EDGE_CURVE('',#5093,#5764,#6602,.T.);
#4482=EDGE_CURVE('',#5094,#5765,#6603,.T.);
#4483=EDGE_CURVE('',#5095,#5766,#6604,.T.);
#4484=EDGE_CURVE('',#5090,#5761,#6605,.T.);
#4485=EDGE_CURVE('',#5091,#5762,#6606,.T.);
#4486=EDGE_CURVE('',#5092,#5763,#6607,.T.);
#4487=EDGE_CURVE('',#5087,#5758,#6608,.T.);
#4488=EDGE_CURVE('',#5088,#5759,#6609,.T.);
#4489=EDGE_CURVE('',#5089,#5760,#6610,.T.);
#4490=EDGE_CURVE('',#5083,#5754,#6611,.T.);
#4491=EDGE_CURVE('',#5084,#5755,#6612,.T.);
#4492=EDGE_CURVE('',#5085,#5757,#6613,.T.);
#4493=EDGE_CURVE('',#5086,#5756,#6614,.T.);
#4494=EDGE_CURVE('',#5080,#5751,#6615,.T.);
#4495=EDGE_CURVE('',#5081,#5752,#6616,.T.);
#4496=EDGE_CURVE('',#5082,#5753,#6617,.T.);
#4497=EDGE_CURVE('',#5075,#5746,#6618,.T.);
#4498=EDGE_CURVE('',#5076,#5747,#6619,.T.);
#4499=EDGE_CURVE('',#5077,#5750,#6620,.T.);
#4500=EDGE_CURVE('',#5078,#5749,#6621,.T.);
#4501=EDGE_CURVE('',#5079,#5748,#6622,.T.);
#4502=EDGE_CURVE('',#5072,#5743,#6623,.T.);
#4503=EDGE_CURVE('',#5073,#5744,#6624,.T.);
#4504=EDGE_CURVE('',#5074,#5745,#6625,.T.);
#4505=EDGE_CURVE('',#5069,#5740,#6626,.T.);
#4506=EDGE_CURVE('',#5068,#5739,#6627,.T.);
#4507=EDGE_CURVE('',#5070,#5742,#6628,.T.);
#4508=EDGE_CURVE('',#5071,#5741,#6629,.T.);
#4509=EDGE_CURVE('',#5064,#5735,#6630,.T.);
#4510=EDGE_CURVE('',#5065,#5736,#6631,.T.);
#4511=EDGE_CURVE('',#5066,#5738,#6632,.T.);
#4512=EDGE_CURVE('',#5067,#5737,#6633,.T.);
#4513=EDGE_CURVE('',#5061,#5732,#6634,.T.);
#4514=EDGE_CURVE('',#5062,#5733,#6635,.T.);
#4515=EDGE_CURVE('',#5063,#5734,#6636,.T.);
#4516=EDGE_CURVE('',#5058,#5729,#6637,.T.);
#4517=EDGE_CURVE('',#5057,#5728,#6638,.T.);
#4518=EDGE_CURVE('',#5059,#5731,#6639,.T.);
#4519=EDGE_CURVE('',#5060,#5730,#6640,.T.);
#4520=EDGE_CURVE('',#5055,#5726,#6641,.T.);
#4521=EDGE_CURVE('',#5054,#5725,#6642,.T.);
#4522=EDGE_CURVE('',#5056,#5727,#6643,.T.);
#4523=EDGE_CURVE('',#5051,#5722,#6644,.T.);
#4524=EDGE_CURVE('',#5052,#5723,#6645,.T.);
#4525=EDGE_CURVE('',#5053,#5724,#6646,.T.);
#4526=EDGE_CURVE('',#5048,#5719,#6647,.T.);
#4527=EDGE_CURVE('',#5049,#5720,#6648,.T.);
#4528=EDGE_CURVE('',#5050,#5721,#6649,.T.);
#4529=EDGE_CURVE('',#5046,#5717,#6650,.T.);
#4530=EDGE_CURVE('',#5045,#5716,#6651,.T.);
#4531=EDGE_CURVE('',#5047,#5718,#6652,.T.);
#4532=EDGE_CURVE('',#5041,#5712,#6653,.T.);
#4533=EDGE_CURVE('',#5040,#5711,#6654,.T.);
#4534=EDGE_CURVE('',#5042,#5715,#6655,.T.);
#4535=EDGE_CURVE('',#5043,#5714,#6656,.T.);
#4536=EDGE_CURVE('',#5044,#5713,#6657,.T.);
#4537=EDGE_CURVE('',#5038,#5709,#6658,.T.);
#4538=EDGE_CURVE('',#5037,#5708,#6659,.T.);
#4539=EDGE_CURVE('',#5039,#5710,#6660,.T.);
#4540=EDGE_CURVE('',#5034,#5705,#6661,.T.);
#4541=EDGE_CURVE('',#5035,#5706,#6662,.T.);
#4542=EDGE_CURVE('',#5036,#5707,#6663,.T.);
#4543=EDGE_CURVE('',#5031,#5702,#6664,.T.);
#4544=EDGE_CURVE('',#5032,#5703,#6665,.T.);
#4545=EDGE_CURVE('',#5033,#5704,#6666,.T.);
#4546=EDGE_CURVE('',#5028,#5699,#6667,.T.);
#4547=EDGE_CURVE('',#5029,#5700,#6668,.T.);
#4548=EDGE_CURVE('',#5030,#5701,#6669,.T.);
#4549=EDGE_CURVE('',#5023,#5694,#6670,.T.);
#4550=EDGE_CURVE('',#5024,#5695,#6671,.T.);
#4551=EDGE_CURVE('',#5025,#5698,#6672,.T.);
#4552=EDGE_CURVE('',#5026,#5697,#6673,.T.);
#4553=EDGE_CURVE('',#5027,#5696,#6674,.T.);
#4554=EDGE_CURVE('',#5017,#5688,#6675,.T.);
#4555=EDGE_CURVE('',#5018,#5689,#6676,.T.);
#4556=EDGE_CURVE('',#5019,#5693,#6677,.T.);
#4557=EDGE_CURVE('',#5020,#5692,#6678,.T.);
#4558=EDGE_CURVE('',#5021,#5691,#6679,.T.);
#4559=EDGE_CURVE('',#5022,#5690,#6680,.T.);
#4560=EDGE_CURVE('',#5015,#5686,#6681,.T.);
#4561=EDGE_CURVE('',#5014,#5685,#6682,.T.);
#4562=EDGE_CURVE('',#5016,#5687,#6683,.T.);
#4563=EDGE_CURVE('',#5011,#5682,#6684,.T.);
#4564=EDGE_CURVE('',#5012,#5683,#6685,.T.);
#4565=EDGE_CURVE('',#5013,#5684,#6686,.T.);
#4566=EDGE_CURVE('',#5006,#5677,#6687,.T.);
#4567=EDGE_CURVE('',#5007,#5678,#6688,.T.);
#4568=EDGE_CURVE('',#5008,#5681,#6689,.T.);
#4569=EDGE_CURVE('',#5009,#5680,#6690,.T.);
#4570=EDGE_CURVE('',#5010,#5679,#6691,.T.);
#4571=EDGE_CURVE('',#5002,#5673,#6692,.T.);
#4572=EDGE_CURVE('',#5003,#5674,#6693,.T.);
#4573=EDGE_CURVE('',#5004,#5676,#6694,.T.);
#4574=EDGE_CURVE('',#5005,#5675,#6695,.T.);
#4575=EDGE_CURVE('',#4999,#5670,#6696,.T.);
#4576=EDGE_CURVE('',#4998,#5669,#6697,.T.);
#4577=EDGE_CURVE('',#5000,#5672,#6698,.T.);
#4578=EDGE_CURVE('',#5001,#5671,#6699,.T.);
#4579=EDGE_CURVE('',#4995,#5666,#6700,.T.);
#4580=EDGE_CURVE('',#4996,#5667,#6701,.T.);
#4581=EDGE_CURVE('',#4997,#5668,#6702,.T.);
#4582=EDGE_CURVE('',#4993,#5664,#6703,.T.);
#4583=EDGE_CURVE('',#4992,#5663,#6704,.T.);
#4584=EDGE_CURVE('',#4994,#5665,#6705,.T.);
#4585=EDGE_CURVE('',#4989,#5660,#6706,.T.);
#4586=EDGE_CURVE('',#4990,#5661,#6707,.T.);
#4587=EDGE_CURVE('',#4991,#5662,#6708,.T.);
#4588=EDGE_CURVE('',#4983,#5654,#6709,.T.);
#4589=EDGE_CURVE('',#4984,#5655,#6710,.T.);
#4590=EDGE_CURVE('',#4985,#5659,#6711,.T.);
#4591=EDGE_CURVE('',#4986,#5658,#6712,.T.);
#4592=EDGE_CURVE('',#4987,#5657,#6713,.T.);
#4593=EDGE_CURVE('',#4988,#5656,#6714,.T.);
#4594=EDGE_CURVE('',#4980,#5651,#6715,.T.);
#4595=EDGE_CURVE('',#4979,#5650,#6716,.T.);
#4596=EDGE_CURVE('',#4981,#5653,#6717,.T.);
#4597=EDGE_CURVE('',#4982,#5652,#6718,.T.);
#4598=EDGE_CURVE('',#4977,#5648,#6719,.T.);
#4599=EDGE_CURVE('',#4976,#5647,#6720,.T.);
#4600=EDGE_CURVE('',#4978,#5649,#6721,.T.);
#4601=EDGE_CURVE('',#4972,#5643,#6722,.T.);
#4602=EDGE_CURVE('',#4973,#5644,#6723,.T.);
#4603=EDGE_CURVE('',#4974,#5646,#6724,.T.);
#4604=EDGE_CURVE('',#4975,#5645,#6725,.T.);
#4605=EDGE_CURVE('',#4969,#5640,#6726,.T.);
#4606=EDGE_CURVE('',#4970,#5641,#6727,.T.);
#4607=EDGE_CURVE('',#4971,#5642,#6728,.T.);
#4608=EDGE_CURVE('',#4966,#5637,#6729,.T.);
#4609=EDGE_CURVE('',#4965,#5636,#6730,.T.);
#4610=EDGE_CURVE('',#4967,#5639,#6731,.T.);
#4611=EDGE_CURVE('',#4968,#5638,#6732,.T.);
#4612=EDGE_CURVE('',#5634,#5109,#6733,.T.);
#4613=EDGE_CURVE('',#5635,#5108,#6734,.T.);
#4614=EDGE_CURVE('',#5633,#5110,#6735,.T.);
#4615=EDGE_CURVE('',#5625,#5107,#6736,.T.);
#4616=EDGE_CURVE('',#5632,#5111,#6737,.T.);
#4617=EDGE_CURVE('',#5631,#5112,#6738,.T.);
#4618=EDGE_CURVE('',#5630,#5113,#6739,.T.);
#4619=EDGE_CURVE('',#5629,#5114,#6740,.T.);
#4620=EDGE_CURVE('',#5628,#5115,#6741,.T.);
#4621=EDGE_CURVE('',#5627,#5105,#6742,.T.);
#4622=EDGE_CURVE('',#5626,#5106,#6743,.T.);
#4623=EDGE_CURVE('',#5782,#5120,#6744,.T.);
#4624=EDGE_CURVE('',#5783,#5119,#6745,.T.);
#4625=EDGE_CURVE('',#5781,#5121,#6746,.T.);
#4626=EDGE_CURVE('',#5776,#5118,#6747,.T.);
#4627=EDGE_CURVE('',#5780,#5122,#6748,.T.);
#4628=EDGE_CURVE('',#5779,#5123,#6749,.T.);
#4629=EDGE_CURVE('',#5778,#5116,#6750,.T.);
#4630=EDGE_CURVE('',#5777,#5117,#6751,.T.);
#4631=EDGE_CURVE('',#5623,#5124,#6752,.T.);
#4632=EDGE_CURVE('',#5624,#5127,#6753,.T.);
#4633=EDGE_CURVE('',#5622,#5125,#6754,.T.);
#4634=EDGE_CURVE('',#5621,#5126,#6755,.T.);
#4635=EDGE_CURVE('',#5788,#5132,#6756,.T.);
#4636=EDGE_CURVE('',#5789,#5131,#6757,.T.);
#4637=EDGE_CURVE('',#5787,#5133,#6758,.T.);
#4638=EDGE_CURVE('',#5784,#5130,#6759,.T.);
#4639=EDGE_CURVE('',#5786,#5128,#6760,.T.);
#4640=EDGE_CURVE('',#5785,#5129,#6761,.T.);
#4641=EDGE_CURVE('',#5619,#5138,#6762,.T.);
#4642=EDGE_CURVE('',#5620,#5137,#6763,.T.);
#4643=EDGE_CURVE('',#5618,#5139,#6764,.T.);
#4644=EDGE_CURVE('',#5596,#5136,#6765,.T.);
#4645=EDGE_CURVE('',#5617,#5140,#6766,.T.);
#4646=EDGE_CURVE('',#5616,#5141,#6767,.T.);
#4647=EDGE_CURVE('',#5615,#5142,#6768,.T.);
#4648=EDGE_CURVE('',#5614,#5143,#6769,.T.);
#4649=EDGE_CURVE('',#5613,#5144,#6770,.T.);
#4650=EDGE_CURVE('',#5612,#5145,#6771,.T.);
#4651=EDGE_CURVE('',#5611,#5146,#6772,.T.);
#4652=EDGE_CURVE('',#5610,#5147,#6773,.T.);
#4653=EDGE_CURVE('',#5609,#5148,#6774,.T.);
#4654=EDGE_CURVE('',#5608,#5149,#6775,.T.);
#4655=EDGE_CURVE('',#5607,#5150,#6776,.T.);
#4656=EDGE_CURVE('',#5606,#5151,#6777,.T.);
#4657=EDGE_CURVE('',#5605,#5152,#6778,.T.);
#4658=EDGE_CURVE('',#5604,#5153,#6779,.T.);
#4659=EDGE_CURVE('',#5603,#5154,#6780,.T.);
#4660=EDGE_CURVE('',#5602,#5155,#6781,.T.);
#4661=EDGE_CURVE('',#5601,#5156,#6782,.T.);
#4662=EDGE_CURVE('',#5600,#5157,#6783,.T.);
#4663=EDGE_CURVE('',#5599,#5158,#6784,.T.);
#4664=EDGE_CURVE('',#5598,#5134,#6785,.T.);
#4665=EDGE_CURVE('',#5597,#5135,#6786,.T.);
#4666=EDGE_CURVE('',#5806,#5163,#6787,.T.);
#4667=EDGE_CURVE('',#5807,#5162,#6788,.T.);
#4668=EDGE_CURVE('',#5805,#5164,#6789,.T.);
#4669=EDGE_CURVE('',#5790,#5161,#6790,.T.);
#4670=EDGE_CURVE('',#5804,#5165,#6791,.T.);
#4671=EDGE_CURVE('',#5803,#5166,#6792,.T.);
#4672=EDGE_CURVE('',#5802,#5167,#6793,.T.);
#4673=EDGE_CURVE('',#5801,#5168,#6794,.T.);
#4674=EDGE_CURVE('',#5800,#5169,#6795,.T.);
#4675=EDGE_CURVE('',#5799,#5170,#6796,.T.);
#4676=EDGE_CURVE('',#5798,#5171,#6797,.T.);
#4677=EDGE_CURVE('',#5797,#5172,#6798,.T.);
#4678=EDGE_CURVE('',#5796,#5173,#6799,.T.);
#4679=EDGE_CURVE('',#5795,#5174,#6800,.T.);
#4680=EDGE_CURVE('',#5794,#5175,#6801,.T.);
#4681=EDGE_CURVE('',#5793,#5176,#6802,.T.);
#4682=EDGE_CURVE('',#5792,#5159,#6803,.T.);
#4683=EDGE_CURVE('',#5791,#5160,#6804,.T.);
#4684=EDGE_CURVE('',#5594,#5181,#6805,.T.);
#4685=EDGE_CURVE('',#5595,#5180,#6806,.T.);
#4686=EDGE_CURVE('',#5593,#5182,#6807,.T.);
#4687=EDGE_CURVE('',#5581,#5179,#6808,.T.);
#4688=EDGE_CURVE('',#5592,#5183,#6809,.T.);
#4689=EDGE_CURVE('',#5591,#5184,#6810,.T.);
#4690=EDGE_CURVE('',#5590,#5185,#6811,.T.);
#4691=EDGE_CURVE('',#5589,#5186,#6812,.T.);
#4692=EDGE_CURVE('',#5588,#5187,#6813,.T.);
#4693=EDGE_CURVE('',#5587,#5188,#6814,.T.);
#4694=EDGE_CURVE('',#5586,#5189,#6815,.T.);
#4695=EDGE_CURVE('',#5585,#5190,#6816,.T.);
#4696=EDGE_CURVE('',#5584,#5191,#6817,.T.);
#4697=EDGE_CURVE('',#5583,#5177,#6818,.T.);
#4698=EDGE_CURVE('',#5582,#5178,#6819,.T.);
#4699=EDGE_CURVE('',#5810,#5192,#6820,.T.);
#4700=EDGE_CURVE('',#5811,#5195,#6821,.T.);
#4701=EDGE_CURVE('',#5809,#5193,#6822,.T.);
#4702=EDGE_CURVE('',#5808,#5194,#6823,.T.);
#4703=EDGE_CURVE('',#5579,#5200,#6824,.T.);
#4704=EDGE_CURVE('',#5580,#5199,#6825,.T.);
#4705=EDGE_CURVE('',#5578,#5201,#6826,.T.);
#4706=EDGE_CURVE('',#5556,#5198,#6827,.T.);
#4707=EDGE_CURVE('',#5577,#5202,#6828,.T.);
#4708=EDGE_CURVE('',#5576,#5203,#6829,.T.);
#4709=EDGE_CURVE('',#5575,#5204,#6830,.T.);
#4710=EDGE_CURVE('',#5574,#5205,#6831,.T.);
#4711=EDGE_CURVE('',#5573,#5206,#6832,.T.);
#4712=EDGE_CURVE('',#5572,#5207,#6833,.T.);
#4713=EDGE_CURVE('',#5571,#5208,#6834,.T.);
#4714=EDGE_CURVE('',#5570,#5209,#6835,.T.);
#4715=EDGE_CURVE('',#5569,#5210,#6836,.T.);
#4716=EDGE_CURVE('',#5568,#5211,#6837,.T.);
#4717=EDGE_CURVE('',#5567,#5212,#6838,.T.);
#4718=EDGE_CURVE('',#5566,#5213,#6839,.T.);
#4719=EDGE_CURVE('',#5565,#5214,#6840,.T.);
#4720=EDGE_CURVE('',#5564,#5215,#6841,.T.);
#4721=EDGE_CURVE('',#5563,#5216,#6842,.T.);
#4722=EDGE_CURVE('',#5562,#5217,#6843,.T.);
#4723=EDGE_CURVE('',#5561,#5218,#6844,.T.);
#4724=EDGE_CURVE('',#5560,#5219,#6845,.T.);
#4725=EDGE_CURVE('',#5559,#5220,#6846,.T.);
#4726=EDGE_CURVE('',#5558,#5196,#6847,.T.);
#4727=EDGE_CURVE('',#5557,#5197,#6848,.T.);
#4728=EDGE_CURVE('',#5818,#5225,#6849,.T.);
#4729=EDGE_CURVE('',#5819,#5224,#6850,.T.);
#4730=EDGE_CURVE('',#5817,#5226,#6851,.T.);
#4731=EDGE_CURVE('',#5812,#5223,#6852,.T.);
#4732=EDGE_CURVE('',#5816,#5227,#6853,.T.);
#4733=EDGE_CURVE('',#5815,#5228,#6854,.T.);
#4734=EDGE_CURVE('',#5814,#5221,#6855,.T.);
#4735=EDGE_CURVE('',#5813,#5222,#6856,.T.);
#4736=EDGE_CURVE('',#5554,#5233,#6857,.T.);
#4737=EDGE_CURVE('',#5555,#5232,#6858,.T.);
#4738=EDGE_CURVE('',#5553,#5234,#6859,.T.);
#4739=EDGE_CURVE('',#5548,#5231,#6860,.T.);
#4740=EDGE_CURVE('',#5552,#5235,#6861,.T.);
#4741=EDGE_CURVE('',#5551,#5236,#6862,.T.);
#4742=EDGE_CURVE('',#5550,#5229,#6863,.T.);
#4743=EDGE_CURVE('',#5549,#5230,#6864,.T.);
#4744=EDGE_CURVE('',#5822,#5237,#6865,.T.);
#4745=EDGE_CURVE('',#5823,#5240,#6866,.T.);
#4746=EDGE_CURVE('',#5821,#5238,#6867,.T.);
#4747=EDGE_CURVE('',#5820,#5239,#6868,.T.);
#4748=EDGE_CURVE('',#5546,#5241,#6869,.T.);
#4749=EDGE_CURVE('',#5547,#5244,#6870,.T.);
#4750=EDGE_CURVE('',#5545,#5242,#6871,.T.);
#4751=EDGE_CURVE('',#5544,#5243,#6872,.T.);
#4752=EDGE_CURVE('',#5826,#5245,#6873,.T.);
#4753=EDGE_CURVE('',#5827,#5248,#6874,.T.);
#4754=EDGE_CURVE('',#5825,#5246,#6875,.T.);
#4755=EDGE_CURVE('',#5824,#5247,#6876,.T.);
#4756=EDGE_CURVE('',#5542,#5249,#6877,.T.);
#4757=EDGE_CURVE('',#5543,#5252,#6878,.T.);
#4758=EDGE_CURVE('',#5541,#5250,#6879,.T.);
#4759=EDGE_CURVE('',#5540,#5251,#6880,.T.);
#4760=EDGE_CURVE('',#5834,#5257,#6881,.T.);
#4761=EDGE_CURVE('',#5835,#5256,#6882,.T.);
#4762=EDGE_CURVE('',#5833,#5258,#6883,.T.);
#4763=EDGE_CURVE('',#5828,#5255,#6884,.T.);
#4764=EDGE_CURVE('',#5832,#5259,#6885,.T.);
#4765=EDGE_CURVE('',#5831,#5260,#6886,.T.);
#4766=EDGE_CURVE('',#5830,#5253,#6887,.T.);
#4767=EDGE_CURVE('',#5829,#5254,#6888,.T.);
#4768=EDGE_CURVE('',#5538,#5261,#6889,.T.);
#4769=EDGE_CURVE('',#5539,#5264,#6890,.T.);
#4770=EDGE_CURVE('',#5537,#5262,#6891,.T.);
#4771=EDGE_CURVE('',#5536,#5263,#6892,.T.);
#4772=EDGE_CURVE('',#5842,#5269,#6893,.T.);
#4773=EDGE_CURVE('',#5843,#5268,#6894,.T.);
#4774=EDGE_CURVE('',#5841,#5270,#6895,.T.);
#4775=EDGE_CURVE('',#5836,#5267,#6896,.T.);
#4776=EDGE_CURVE('',#5840,#5271,#6897,.T.);
#4777=EDGE_CURVE('',#5839,#5272,#6898,.T.);
#4778=EDGE_CURVE('',#5838,#5265,#6899,.T.);
#4779=EDGE_CURVE('',#5837,#5266,#6900,.T.);
#4780=EDGE_CURVE('',#5534,#5277,#6901,.T.);
#4781=EDGE_CURVE('',#5535,#5276,#6902,.T.);
#4782=EDGE_CURVE('',#5533,#5278,#6903,.T.);
#4783=EDGE_CURVE('',#5528,#5275,#6904,.T.);
#4784=EDGE_CURVE('',#5532,#5279,#6905,.T.);
#4785=EDGE_CURVE('',#5531,#5280,#6906,.T.);
#4786=EDGE_CURVE('',#5530,#5273,#6907,.T.);
#4787=EDGE_CURVE('',#5529,#5274,#6908,.T.);
#4788=EDGE_CURVE('',#5848,#5285,#6909,.T.);
#4789=EDGE_CURVE('',#5849,#5284,#6910,.T.);
#4790=EDGE_CURVE('',#5847,#5286,#6911,.T.);
#4791=EDGE_CURVE('',#5844,#5283,#6912,.T.);
#4792=EDGE_CURVE('',#5846,#5281,#6913,.T.);
#4793=EDGE_CURVE('',#5845,#5282,#6914,.T.);
#4794=EDGE_CURVE('',#5526,#5287,#6915,.T.);
#4795=EDGE_CURVE('',#5527,#5290,#6916,.T.);
#4796=EDGE_CURVE('',#5525,#5288,#6917,.T.);
#4797=EDGE_CURVE('',#5524,#5289,#6918,.T.);
#4798=EDGE_CURVE('',#5859,#5295,#6919,.T.);
#4799=EDGE_CURVE('',#5860,#5294,#6920,.T.);
#4800=EDGE_CURVE('',#5858,#5296,#6921,.T.);
#4801=EDGE_CURVE('',#5850,#5293,#6922,.T.);
#4802=EDGE_CURVE('',#5857,#5297,#6923,.T.);
#4803=EDGE_CURVE('',#5856,#5298,#6924,.T.);
#4804=EDGE_CURVE('',#5855,#5299,#6925,.T.);
#4805=EDGE_CURVE('',#5854,#5300,#6926,.T.);
#4806=EDGE_CURVE('',#5853,#5301,#6927,.T.);
#4807=EDGE_CURVE('',#5852,#5291,#6928,.T.);
#4808=EDGE_CURVE('',#5851,#5292,#6929,.T.);
#4809=EDGE_CURVE('',#5522,#5306,#6930,.T.);
#4810=EDGE_CURVE('',#5523,#5305,#6931,.T.);
#4811=EDGE_CURVE('',#5521,#5307,#6932,.T.);
#4812=EDGE_CURVE('',#5510,#5304,#6933,.T.);
#4813=EDGE_CURVE('',#5520,#5308,#6934,.T.);
#4814=EDGE_CURVE('',#5519,#5309,#6935,.T.);
#4815=EDGE_CURVE('',#5518,#5310,#6936,.T.);
#4816=EDGE_CURVE('',#5517,#5311,#6937,.T.);
#4817=EDGE_CURVE('',#5516,#5312,#6938,.T.);
#4818=EDGE_CURVE('',#5515,#5313,#6939,.T.);
#4819=EDGE_CURVE('',#5514,#5314,#6940,.T.);
#4820=EDGE_CURVE('',#5513,#5315,#6941,.T.);
#4821=EDGE_CURVE('',#5512,#5302,#6942,.T.);
#4822=EDGE_CURVE('',#5511,#5303,#6943,.T.);
#4823=EDGE_CURVE('',#5871,#5320,#6944,.T.);
#4824=EDGE_CURVE('',#5872,#5319,#6945,.T.);
#4825=EDGE_CURVE('',#5870,#5321,#6946,.T.);
#4826=EDGE_CURVE('',#5861,#5318,#6947,.T.);
#4827=EDGE_CURVE('',#5869,#5322,#6948,.T.);
#4828=EDGE_CURVE('',#5868,#5323,#6949,.T.);
#4829=EDGE_CURVE('',#5867,#5324,#6950,.T.);
#4830=EDGE_CURVE('',#5866,#5325,#6951,.T.);
#4831=EDGE_CURVE('',#5865,#5326,#6952,.T.);
#4832=EDGE_CURVE('',#5864,#5327,#6953,.T.);
#4833=EDGE_CURVE('',#5863,#5316,#6954,.T.);
#4834=EDGE_CURVE('',#5862,#5317,#6955,.T.);
#4835=EDGE_CURVE('',#5508,#5332,#6956,.T.);
#4836=EDGE_CURVE('',#5509,#5331,#6957,.T.);
#4837=EDGE_CURVE('',#5507,#5333,#6958,.T.);
#4838=EDGE_CURVE('',#5497,#5330,#6959,.T.);
#4839=EDGE_CURVE('',#5506,#5334,#6960,.T.);
#4840=EDGE_CURVE('',#5505,#5335,#6961,.T.);
#4841=EDGE_CURVE('',#5504,#5336,#6962,.T.);
#4842=EDGE_CURVE('',#5503,#5337,#6963,.T.);
#4843=EDGE_CURVE('',#5502,#5338,#6964,.T.);
#4844=EDGE_CURVE('',#5501,#5339,#6965,.T.);
#4845=EDGE_CURVE('',#5500,#5340,#6966,.T.);
#4846=EDGE_CURVE('',#5499,#5328,#6967,.T.);
#4847=EDGE_CURVE('',#5498,#5329,#6968,.T.);
#4848=EDGE_CURVE('',#5896,#5345,#6969,.T.);
#4849=EDGE_CURVE('',#5897,#5344,#6970,.T.);
#4850=EDGE_CURVE('',#5895,#5346,#6971,.T.);
#4851=EDGE_CURVE('',#5873,#5343,#6972,.T.);
#4852=EDGE_CURVE('',#5894,#5347,#6973,.T.);
#4853=EDGE_CURVE('',#5893,#5348,#6974,.T.);
#4854=EDGE_CURVE('',#5892,#5349,#6975,.T.);
#4855=EDGE_CURVE('',#5891,#5350,#6976,.T.);
#4856=EDGE_CURVE('',#5890,#5351,#6977,.T.);
#4857=EDGE_CURVE('',#5889,#5352,#6978,.T.);
#4858=EDGE_CURVE('',#5888,#5353,#6979,.T.);
#4859=EDGE_CURVE('',#5887,#5354,#6980,.T.);
#4860=EDGE_CURVE('',#5886,#5355,#6981,.T.);
#4861=EDGE_CURVE('',#5885,#5356,#6982,.T.);
#4862=EDGE_CURVE('',#5884,#5357,#6983,.T.);
#4863=EDGE_CURVE('',#5883,#5358,#6984,.T.);
#4864=EDGE_CURVE('',#5882,#5359,#6985,.T.);
#4865=EDGE_CURVE('',#5881,#5360,#6986,.T.);
#4866=EDGE_CURVE('',#5880,#5361,#6987,.T.);
#4867=EDGE_CURVE('',#5879,#5362,#6988,.T.);
#4868=EDGE_CURVE('',#5878,#5363,#6989,.T.);
#4869=EDGE_CURVE('',#5877,#5364,#6990,.T.);
#4870=EDGE_CURVE('',#5876,#5365,#6991,.T.);
#4871=EDGE_CURVE('',#5875,#5341,#6992,.T.);
#4872=EDGE_CURVE('',#5874,#5342,#6993,.T.);
#4873=EDGE_CURVE('',#5495,#5366,#6994,.T.);
#4874=EDGE_CURVE('',#5496,#5369,#6995,.T.);
#4875=EDGE_CURVE('',#5494,#5367,#6996,.T.);
#4876=EDGE_CURVE('',#5493,#5368,#6997,.T.);
#4877=EDGE_CURVE('',#5903,#5374,#6998,.T.);
#4878=EDGE_CURVE('',#5904,#5373,#6999,.T.);
#4879=EDGE_CURVE('',#5902,#5375,#7000,.T.);
#4880=EDGE_CURVE('',#5898,#5372,#7001,.T.);
#4881=EDGE_CURVE('',#5901,#5376,#7002,.T.);
#4882=EDGE_CURVE('',#5900,#5370,#7003,.T.);
#4883=EDGE_CURVE('',#5899,#5371,#7004,.T.);
#4884=EDGE_CURVE('',#5491,#5377,#7005,.T.);
#4885=EDGE_CURVE('',#5492,#5380,#7006,.T.);
#4886=EDGE_CURVE('',#5490,#5378,#7007,.T.);
#4887=EDGE_CURVE('',#5489,#5379,#7008,.T.);
#4888=EDGE_CURVE('',#5911,#5385,#7009,.T.);
#4889=EDGE_CURVE('',#5912,#5384,#7010,.T.);
#4890=EDGE_CURVE('',#5910,#5386,#7011,.T.);
#4891=EDGE_CURVE('',#5905,#5383,#7012,.T.);
#4892=EDGE_CURVE('',#5909,#5387,#7013,.T.);
#4893=EDGE_CURVE('',#5908,#5388,#7014,.T.);
#4894=EDGE_CURVE('',#5907,#5381,#7015,.T.);
#4895=EDGE_CURVE('',#5906,#5382,#7016,.T.);
#4896=EDGE_CURVE('',#5487,#5393,#7017,.T.);
#4897=EDGE_CURVE('',#5488,#5392,#7018,.T.);
#4898=EDGE_CURVE('',#5486,#5394,#7019,.T.);
#4899=EDGE_CURVE('',#5476,#5391,#7020,.T.);
#4900=EDGE_CURVE('',#5485,#5395,#7021,.T.);
#4901=EDGE_CURVE('',#5484,#5396,#7022,.T.);
#4902=EDGE_CURVE('',#5483,#5397,#7023,.T.);
#4903=EDGE_CURVE('',#5482,#5398,#7024,.T.);
#4904=EDGE_CURVE('',#5481,#5399,#7025,.T.);
#4905=EDGE_CURVE('',#5480,#5400,#7026,.T.);
#4906=EDGE_CURVE('',#5479,#5401,#7027,.T.);
#4907=EDGE_CURVE('',#5478,#5389,#7028,.T.);
#4908=EDGE_CURVE('',#5477,#5390,#7029,.T.);
#4909=EDGE_CURVE('',#5923,#5406,#7030,.T.);
#4910=EDGE_CURVE('',#5924,#5405,#7031,.T.);
#4911=EDGE_CURVE('',#5922,#5407,#7032,.T.);
#4912=EDGE_CURVE('',#5913,#5404,#7033,.T.);
#4913=EDGE_CURVE('',#5921,#5408,#7034,.T.);
#4914=EDGE_CURVE('',#5920,#5409,#7035,.T.);
#4915=EDGE_CURVE('',#5919,#5410,#7036,.T.);
#4916=EDGE_CURVE('',#5918,#5411,#7037,.T.);
#4917=EDGE_CURVE('',#5917,#5412,#7038,.T.);
#4918=EDGE_CURVE('',#5916,#5413,#7039,.T.);
#4919=EDGE_CURVE('',#5915,#5402,#7040,.T.);
#4920=EDGE_CURVE('',#5914,#5403,#7041,.T.);
#4921=EDGE_CURVE('',#5474,#5418,#7042,.T.);
#4922=EDGE_CURVE('',#5475,#5417,#7043,.T.);
#4923=EDGE_CURVE('',#5473,#5419,#7044,.T.);
#4924=EDGE_CURVE('',#5462,#5416,#7045,.T.);
#4925=EDGE_CURVE('',#5472,#5420,#7046,.T.);
#4926=EDGE_CURVE('',#5471,#5421,#7047,.T.);
#4927=EDGE_CURVE('',#5470,#5422,#7048,.T.);
#4928=EDGE_CURVE('',#5469,#5423,#7049,.T.);
#4929=EDGE_CURVE('',#5468,#5424,#7050,.T.);
#4930=EDGE_CURVE('',#5467,#5425,#7051,.T.);
#4931=EDGE_CURVE('',#5466,#5426,#7052,.T.);
#4932=EDGE_CURVE('',#5465,#5427,#7053,.T.);
#4933=EDGE_CURVE('',#5464,#5414,#7054,.T.);
#4934=EDGE_CURVE('',#5463,#5415,#7055,.T.);
#4935=EDGE_CURVE('',#5927,#5428,#7056,.T.);
#4936=EDGE_CURVE('',#5928,#5431,#7057,.T.);
#4937=EDGE_CURVE('',#5926,#5429,#7058,.T.);
#4938=EDGE_CURVE('',#5925,#5430,#7059,.T.);
#4939=EDGE_CURVE('',#5460,#5432,#7060,.T.);
#4940=EDGE_CURVE('',#5461,#5435,#7061,.T.);
#4941=EDGE_CURVE('',#5459,#5433,#7062,.T.);
#4942=EDGE_CURVE('',#5458,#5434,#7063,.T.);
#4943=EDGE_CURVE('',#5949,#5440,#7064,.T.);
#4944=EDGE_CURVE('',#5950,#5439,#7065,.T.);
#4945=EDGE_CURVE('',#5948,#5441,#7066,.T.);
#4946=EDGE_CURVE('',#5929,#5438,#7067,.T.);
#4947=EDGE_CURVE('',#5947,#5442,#7068,.T.);
#4948=EDGE_CURVE('',#5946,#5443,#7069,.T.);
#4949=EDGE_CURVE('',#5945,#5444,#7070,.T.);
#4950=EDGE_CURVE('',#5944,#5445,#7071,.T.);
#4951=EDGE_CURVE('',#5943,#5446,#7072,.T.);
#4952=EDGE_CURVE('',#5942,#5447,#7073,.T.);
#4953=EDGE_CURVE('',#5941,#5448,#7074,.T.);
#4954=EDGE_CURVE('',#5940,#5449,#7075,.T.);
#4955=EDGE_CURVE('',#5939,#5450,#7076,.T.);
#4956=EDGE_CURVE('',#5938,#5451,#7077,.T.);
#4957=EDGE_CURVE('',#5937,#5452,#7078,.T.);
#4958=EDGE_CURVE('',#5936,#5453,#7079,.T.);
#4959=EDGE_CURVE('',#5935,#5454,#7080,.T.);
#4960=EDGE_CURVE('',#5934,#5455,#7081,.T.);
#4961=EDGE_CURVE('',#5933,#5456,#7082,.T.);
#4962=EDGE_CURVE('',#5932,#5457,#7083,.T.);
#4963=EDGE_CURVE('',#5931,#5436,#7084,.T.);
#4964=EDGE_CURVE('',#5930,#5437,#7085,.T.);
#4965=VERTEX_POINT('',#13455);
#4966=VERTEX_POINT('',#13456);
#4967=VERTEX_POINT('',#13458);
#4968=VERTEX_POINT('',#13460);
#4969=VERTEX_POINT('',#13463);
#4970=VERTEX_POINT('',#13464);
#4971=VERTEX_POINT('',#13466);
#4972=VERTEX_POINT('',#13469);
#4973=VERTEX_POINT('',#13470);
#4974=VERTEX_POINT('',#13472);
#4975=VERTEX_POINT('',#13474);
#4976=VERTEX_POINT('',#13477);
#4977=VERTEX_POINT('',#13478);
#4978=VERTEX_POINT('',#13480);
#4979=VERTEX_POINT('',#13483);
#4980=VERTEX_POINT('',#13484);
#4981=VERTEX_POINT('',#13486);
#4982=VERTEX_POINT('',#13488);
#4983=VERTEX_POINT('',#13491);
#4984=VERTEX_POINT('',#13492);
#4985=VERTEX_POINT('',#13494);
#4986=VERTEX_POINT('',#13496);
#4987=VERTEX_POINT('',#13498);
#4988=VERTEX_POINT('',#13500);
#4989=VERTEX_POINT('',#13503);
#4990=VERTEX_POINT('',#13504);
#4991=VERTEX_POINT('',#13506);
#4992=VERTEX_POINT('',#13509);
#4993=VERTEX_POINT('',#13510);
#4994=VERTEX_POINT('',#13512);
#4995=VERTEX_POINT('',#13515);
#4996=VERTEX_POINT('',#13516);
#4997=VERTEX_POINT('',#13518);
#4998=VERTEX_POINT('',#13521);
#4999=VERTEX_POINT('',#13522);
#5000=VERTEX_POINT('',#13524);
#5001=VERTEX_POINT('',#13526);
#5002=VERTEX_POINT('',#13529);
#5003=VERTEX_POINT('',#13530);
#5004=VERTEX_POINT('',#13532);
#5005=VERTEX_POINT('',#13534);
#5006=VERTEX_POINT('',#13537);
#5007=VERTEX_POINT('',#13538);
#5008=VERTEX_POINT('',#13540);
#5009=VERTEX_POINT('',#13542);
#5010=VERTEX_POINT('',#13544);
#5011=VERTEX_POINT('',#13547);
#5012=VERTEX_POINT('',#13548);
#5013=VERTEX_POINT('',#13550);
#5014=VERTEX_POINT('',#13553);
#5015=VERTEX_POINT('',#13554);
#5016=VERTEX_POINT('',#13556);
#5017=VERTEX_POINT('',#13559);
#5018=VERTEX_POINT('',#13560);
#5019=VERTEX_POINT('',#13562);
#5020=VERTEX_POINT('',#13564);
#5021=VERTEX_POINT('',#13566);
#5022=VERTEX_POINT('',#13568);
#5023=VERTEX_POINT('',#13571);
#5024=VERTEX_POINT('',#13572);
#5025=VERTEX_POINT('',#13574);
#5026=VERTEX_POINT('',#13576);
#5027=VERTEX_POINT('',#13578);
#5028=VERTEX_POINT('',#13581);
#5029=VERTEX_POINT('',#13582);
#5030=VERTEX_POINT('',#13584);
#5031=VERTEX_POINT('',#13587);
#5032=VERTEX_POINT('',#13588);
#5033=VERTEX_POINT('',#13590);
#5034=VERTEX_POINT('',#13593);
#5035=VERTEX_POINT('',#13594);
#5036=VERTEX_POINT('',#13596);
#5037=VERTEX_POINT('',#13599);
#5038=VERTEX_POINT('',#13600);
#5039=VERTEX_POINT('',#13602);
#5040=VERTEX_POINT('',#13605);
#5041=VERTEX_POINT('',#13606);
#5042=VERTEX_POINT('',#13608);
#5043=VERTEX_POINT('',#13610);
#5044=VERTEX_POINT('',#13612);
#5045=VERTEX_POINT('',#13615);
#5046=VERTEX_POINT('',#13616);
#5047=VERTEX_POINT('',#13618);
#5048=VERTEX_POINT('',#13621);
#5049=VERTEX_POINT('',#13622);
#5050=VERTEX_POINT('',#13624);
#5051=VERTEX_POINT('',#13627);
#5052=VERTEX_POINT('',#13628);
#5053=VERTEX_POINT('',#13630);
#5054=VERTEX_POINT('',#13633);
#5055=VERTEX_POINT('',#13634);
#5056=VERTEX_POINT('',#13636);
#5057=VERTEX_POINT('',#13639);
#5058=VERTEX_POINT('',#13640);
#5059=VERTEX_POINT('',#13642);
#5060=VERTEX_POINT('',#13644);
#5061=VERTEX_POINT('',#13647);
#5062=VERTEX_POINT('',#13648);
#5063=VERTEX_POINT('',#13650);
#5064=VERTEX_POINT('',#13653);
#5065=VERTEX_POINT('',#13654);
#5066=VERTEX_POINT('',#13656);
#5067=VERTEX_POINT('',#13658);
#5068=VERTEX_POINT('',#13661);
#5069=VERTEX_POINT('',#13662);
#5070=VERTEX_POINT('',#13664);
#5071=VERTEX_POINT('',#13666);
#5072=VERTEX_POINT('',#13669);
#5073=VERTEX_POINT('',#13670);
#5074=VERTEX_POINT('',#13672);
#5075=VERTEX_POINT('',#13675);
#5076=VERTEX_POINT('',#13676);
#5077=VERTEX_POINT('',#13678);
#5078=VERTEX_POINT('',#13680);
#5079=VERTEX_POINT('',#13682);
#5080=VERTEX_POINT('',#13685);
#5081=VERTEX_POINT('',#13686);
#5082=VERTEX_POINT('',#13688);
#5083=VERTEX_POINT('',#13691);
#5084=VERTEX_POINT('',#13692);
#5085=VERTEX_POINT('',#13694);
#5086=VERTEX_POINT('',#13696);
#5087=VERTEX_POINT('',#13699);
#5088=VERTEX_POINT('',#13700);
#5089=VERTEX_POINT('',#13702);
#5090=VERTEX_POINT('',#13705);
#5091=VERTEX_POINT('',#13706);
#5092=VERTEX_POINT('',#13708);
#5093=VERTEX_POINT('',#13711);
#5094=VERTEX_POINT('',#13712);
#5095=VERTEX_POINT('',#13714);
#5096=VERTEX_POINT('',#13717);
#5097=VERTEX_POINT('',#13718);
#5098=VERTEX_POINT('',#13720);
#5099=VERTEX_POINT('',#13723);
#5100=VERTEX_POINT('',#13724);
#5101=VERTEX_POINT('',#13726);
#5102=VERTEX_POINT('',#13729);
#5103=VERTEX_POINT('',#13730);
#5104=VERTEX_POINT('',#13732);
#5105=VERTEX_POINT('',#13735);
#5106=VERTEX_POINT('',#13736);
#5107=VERTEX_POINT('',#13738);
#5108=VERTEX_POINT('',#13740);
#5109=VERTEX_POINT('',#13742);
#5110=VERTEX_POINT('',#13744);
#5111=VERTEX_POINT('',#13748);
#5112=VERTEX_POINT('',#13750);
#5113=VERTEX_POINT('',#13752);
#5114=VERTEX_POINT('',#13756);
#5115=VERTEX_POINT('',#13758);
#5116=VERTEX_POINT('',#13761);
#5117=VERTEX_POINT('',#13762);
#5118=VERTEX_POINT('',#13764);
#5119=VERTEX_POINT('',#13768);
#5120=VERTEX_POINT('',#13770);
#5121=VERTEX_POINT('',#13772);
#5122=VERTEX_POINT('',#13774);
#5123=VERTEX_POINT('',#13776);
#5124=VERTEX_POINT('',#13779);
#5125=VERTEX_POINT('',#13780);
#5126=VERTEX_POINT('',#13782);
#5127=VERTEX_POINT('',#13784);
#5128=VERTEX_POINT('',#13787);
#5129=VERTEX_POINT('',#13788);
#5130=VERTEX_POINT('',#13790);
#5131=VERTEX_POINT('',#13792);
#5132=VERTEX_POINT('',#13794);
#5133=VERTEX_POINT('',#13796);
#5134=VERTEX_POINT('',#13799);
#5135=VERTEX_POINT('',#13800);
#5136=VERTEX_POINT('',#13802);
#5137=VERTEX_POINT('',#13804);
#5138=VERTEX_POINT('',#13806);
#5139=VERTEX_POINT('',#13808);
#5140=VERTEX_POINT('',#13810);
#5141=VERTEX_POINT('',#13812);
#5142=VERTEX_POINT('',#13814);
#5143=VERTEX_POINT('',#13816);
#5144=VERTEX_POINT('',#13818);
#5145=VERTEX_POINT('',#13820);
#5146=VERTEX_POINT('',#13824);
#5147=VERTEX_POINT('',#13828);
#5148=VERTEX_POINT('',#13830);
#5149=VERTEX_POINT('',#13832);
#5150=VERTEX_POINT('',#13836);
#5151=VERTEX_POINT('',#13840);
#5152=VERTEX_POINT('',#13842);
#5153=VERTEX_POINT('',#13844);
#5154=VERTEX_POINT('',#13846);
#5155=VERTEX_POINT('',#13848);
#5156=VERTEX_POINT('',#13850);
#5157=VERTEX_POINT('',#13852);
#5158=VERTEX_POINT('',#13856);
#5159=VERTEX_POINT('',#13863);
#5160=VERTEX_POINT('',#13864);
#5161=VERTEX_POINT('',#13868);
#5162=VERTEX_POINT('',#13872);
#5163=VERTEX_POINT('',#13876);
#5164=VERTEX_POINT('',#13878);
#5165=VERTEX_POINT('',#13880);
#5166=VERTEX_POINT('',#13882);
#5167=VERTEX_POINT('',#13884);
#5168=VERTEX_POINT('',#13888);
#5169=VERTEX_POINT('',#13892);
#5170=VERTEX_POINT('',#13896);
#5171=VERTEX_POINT('',#13900);
#5172=VERTEX_POINT('',#13904);
#5173=VERTEX_POINT('',#13908);
#5174=VERTEX_POINT('',#13910);
#5175=VERTEX_POINT('',#13912);
#5176=VERTEX_POINT('',#13914);
#5177=VERTEX_POINT('',#13917);
#5178=VERTEX_POINT('',#13918);
#5179=VERTEX_POINT('',#13920);
#5180=VERTEX_POINT('',#13922);
#5181=VERTEX_POINT('',#13924);
#5182=VERTEX_POINT('',#13926);
#5183=VERTEX_POINT('',#13928);
#5184=VERTEX_POINT('',#13930);
#5185=VERTEX_POINT('',#13932);
#5186=VERTEX_POINT('',#13934);
#5187=VERTEX_POINT('',#13936);
#5188=VERTEX_POINT('',#13938);
#5189=VERTEX_POINT('',#13940);
#5190=VERTEX_POINT('',#13944);
#5191=VERTEX_POINT('',#13946);
#5192=VERTEX_POINT('',#13949);
#5193=VERTEX_POINT('',#13950);
#5194=VERTEX_POINT('',#13952);
#5195=VERTEX_POINT('',#13954);
#5196=VERTEX_POINT('',#13957);
#5197=VERTEX_POINT('',#13958);
#5198=VERTEX_POINT('',#13960);
#5199=VERTEX_POINT('',#13962);
#5200=VERTEX_POINT('',#13964);
#5201=VERTEX_POINT('',#13966);
#5202=VERTEX_POINT('',#13968);
#5203=VERTEX_POINT('',#13970);
#5204=VERTEX_POINT('',#13972);
#5205=VERTEX_POINT('',#13974);
#5206=VERTEX_POINT('',#13976);
#5207=VERTEX_POINT('',#13978);
#5208=VERTEX_POINT('',#13982);
#5209=VERTEX_POINT('',#13986);
#5210=VERTEX_POINT('',#13988);
#5211=VERTEX_POINT('',#13990);
#5212=VERTEX_POINT('',#13994);
#5213=VERTEX_POINT('',#13998);
#5214=VERTEX_POINT('',#14000);
#5215=VERTEX_POINT('',#14002);
#5216=VERTEX_POINT('',#14004);
#5217=VERTEX_POINT('',#14006);
#5218=VERTEX_POINT('',#14008);
#5219=VERTEX_POINT('',#14010);
#5220=VERTEX_POINT('',#14014);
#5221=VERTEX_POINT('',#14019);
#5222=VERTEX_POINT('',#14020);
#5223=VERTEX_POINT('',#14022);
#5224=VERTEX_POINT('',#14024);
#5225=VERTEX_POINT('',#14026);
#5226=VERTEX_POINT('',#14028);
#5227=VERTEX_POINT('',#14030);
#5228=VERTEX_POINT('',#14032);
#5229=VERTEX_POINT('',#14035);
#5230=VERTEX_POINT('',#14036);
#5231=VERTEX_POINT('',#14038);
#5232=VERTEX_POINT('',#14040);
#5233=VERTEX_POINT('',#14042);
#5234=VERTEX_POINT('',#14044);
#5235=VERTEX_POINT('',#14046);
#5236=VERTEX_POINT('',#14048);
#5237=VERTEX_POINT('',#14051);
#5238=VERTEX_POINT('',#14052);
#5239=VERTEX_POINT('',#14054);
#5240=VERTEX_POINT('',#14056);
#5241=VERTEX_POINT('',#14059);
#5242=VERTEX_POINT('',#14060);
#5243=VERTEX_POINT('',#14062);
#5244=VERTEX_POINT('',#14064);
#5245=VERTEX_POINT('',#14067);
#5246=VERTEX_POINT('',#14068);
#5247=VERTEX_POINT('',#14070);
#5248=VERTEX_POINT('',#14072);
#5249=VERTEX_POINT('',#14075);
#5250=VERTEX_POINT('',#14076);
#5251=VERTEX_POINT('',#14078);
#5252=VERTEX_POINT('',#14080);
#5253=VERTEX_POINT('',#14083);
#5254=VERTEX_POINT('',#14084);
#5255=VERTEX_POINT('',#14086);
#5256=VERTEX_POINT('',#14088);
#5257=VERTEX_POINT('',#14090);
#5258=VERTEX_POINT('',#14092);
#5259=VERTEX_POINT('',#14094);
#5260=VERTEX_POINT('',#14096);
#5261=VERTEX_POINT('',#14099);
#5262=VERTEX_POINT('',#14100);
#5263=VERTEX_POINT('',#14102);
#5264=VERTEX_POINT('',#14104);
#5265=VERTEX_POINT('',#14107);
#5266=VERTEX_POINT('',#14108);
#5267=VERTEX_POINT('',#14110);
#5268=VERTEX_POINT('',#14112);
#5269=VERTEX_POINT('',#14114);
#5270=VERTEX_POINT('',#14116);
#5271=VERTEX_POINT('',#14118);
#5272=VERTEX_POINT('',#14120);
#5273=VERTEX_POINT('',#14123);
#5274=VERTEX_POINT('',#14124);
#5275=VERTEX_POINT('',#14126);
#5276=VERTEX_POINT('',#14128);
#5277=VERTEX_POINT('',#14130);
#5278=VERTEX_POINT('',#14132);
#5279=VERTEX_POINT('',#14134);
#5280=VERTEX_POINT('',#14136);
#5281=VERTEX_POINT('',#14139);
#5282=VERTEX_POINT('',#14140);
#5283=VERTEX_POINT('',#14142);
#5284=VERTEX_POINT('',#14144);
#5285=VERTEX_POINT('',#14146);
#5286=VERTEX_POINT('',#14148);
#5287=VERTEX_POINT('',#14151);
#5288=VERTEX_POINT('',#14152);
#5289=VERTEX_POINT('',#14154);
#5290=VERTEX_POINT('',#14156);
#5291=VERTEX_POINT('',#14159);
#5292=VERTEX_POINT('',#14160);
#5293=VERTEX_POINT('',#14162);
#5294=VERTEX_POINT('',#14164);
#5295=VERTEX_POINT('',#14166);
#5296=VERTEX_POINT('',#14168);
#5297=VERTEX_POINT('',#14172);
#5298=VERTEX_POINT('',#14174);
#5299=VERTEX_POINT('',#14176);
#5300=VERTEX_POINT('',#14180);
#5301=VERTEX_POINT('',#14182);
#5302=VERTEX_POINT('',#14185);
#5303=VERTEX_POINT('',#14186);
#5304=VERTEX_POINT('',#14190);
#5305=VERTEX_POINT('',#14194);
#5306=VERTEX_POINT('',#14196);
#5307=VERTEX_POINT('',#14198);
#5308=VERTEX_POINT('',#14200);
#5309=VERTEX_POINT('',#14202);
#5310=VERTEX_POINT('',#14204);
#5311=VERTEX_POINT('',#14208);
#5312=VERTEX_POINT('',#14212);
#5313=VERTEX_POINT('',#14214);
#5314=VERTEX_POINT('',#14216);
#5315=VERTEX_POINT('',#14218);
#5316=VERTEX_POINT('',#14221);
#5317=VERTEX_POINT('',#14222);
#5318=VERTEX_POINT('',#14224);
#5319=VERTEX_POINT('',#14226);
#5320=VERTEX_POINT('',#14228);
#5321=VERTEX_POINT('',#14230);
#5322=VERTEX_POINT('',#14232);
#5323=VERTEX_POINT('',#14234);
#5324=VERTEX_POINT('',#14236);
#5325=VERTEX_POINT('',#14238);
#5326=VERTEX_POINT('',#14240);
#5327=VERTEX_POINT('',#14242);
#5328=VERTEX_POINT('',#14247);
#5329=VERTEX_POINT('',#14248);
#5330=VERTEX_POINT('',#14250);
#5331=VERTEX_POINT('',#14252);
#5332=VERTEX_POINT('',#14254);
#5333=VERTEX_POINT('',#14256);
#5334=VERTEX_POINT('',#14260);
#5335=VERTEX_POINT('',#14262);
#5336=VERTEX_POINT('',#14264);
#5337=VERTEX_POINT('',#14266);
#5338=VERTEX_POINT('',#14268);
#5339=VERTEX_POINT('',#14270);
#5340=VERTEX_POINT('',#14274);
#5341=VERTEX_POINT('',#14279);
#5342=VERTEX_POINT('',#14280);
#5343=VERTEX_POINT('',#14282);
#5344=VERTEX_POINT('',#14284);
#5345=VERTEX_POINT('',#14286);
#5346=VERTEX_POINT('',#14288);
#5347=VERTEX_POINT('',#14290);
#5348=VERTEX_POINT('',#14292);
#5349=VERTEX_POINT('',#14294);
#5350=VERTEX_POINT('',#14296);
#5351=VERTEX_POINT('',#14298);
#5352=VERTEX_POINT('',#14300);
#5353=VERTEX_POINT('',#14304);
#5354=VERTEX_POINT('',#14308);
#5355=VERTEX_POINT('',#14310);
#5356=VERTEX_POINT('',#14312);
#5357=VERTEX_POINT('',#14316);
#5358=VERTEX_POINT('',#14320);
#5359=VERTEX_POINT('',#14322);
#5360=VERTEX_POINT('',#14324);
#5361=VERTEX_POINT('',#14326);
#5362=VERTEX_POINT('',#14328);
#5363=VERTEX_POINT('',#14330);
#5364=VERTEX_POINT('',#14332);
#5365=VERTEX_POINT('',#14336);
#5366=VERTEX_POINT('',#14341);
#5367=VERTEX_POINT('',#14342);
#5368=VERTEX_POINT('',#14344);
#5369=VERTEX_POINT('',#14346);
#5370=VERTEX_POINT('',#14349);
#5371=VERTEX_POINT('',#14350);
#5372=VERTEX_POINT('',#14352);
#5373=VERTEX_POINT('',#14354);
#5374=VERTEX_POINT('',#14356);
#5375=VERTEX_POINT('',#14358);
#5376=VERTEX_POINT('',#14360);
#5377=VERTEX_POINT('',#14363);
#5378=VERTEX_POINT('',#14364);
#5379=VERTEX_POINT('',#14366);
#5380=VERTEX_POINT('',#14368);
#5381=VERTEX_POINT('',#14371);
#5382=VERTEX_POINT('',#14372);
#5383=VERTEX_POINT('',#14374);
#5384=VERTEX_POINT('',#14376);
#5385=VERTEX_POINT('',#14378);
#5386=VERTEX_POINT('',#14380);
#5387=VERTEX_POINT('',#14382);
#5388=VERTEX_POINT('',#14384);
#5389=VERTEX_POINT('',#14389);
#5390=VERTEX_POINT('',#14390);
#5391=VERTEX_POINT('',#14392);
#5392=VERTEX_POINT('',#14394);
#5393=VERTEX_POINT('',#14396);
#5394=VERTEX_POINT('',#14398);
#5395=VERTEX_POINT('',#14402);
#5396=VERTEX_POINT('',#14404);
#5397=VERTEX_POINT('',#14406);
#5398=VERTEX_POINT('',#14408);
#5399=VERTEX_POINT('',#14410);
#5400=VERTEX_POINT('',#14412);
#5401=VERTEX_POINT('',#14416);
#5402=VERTEX_POINT('',#14421);
#5403=VERTEX_POINT('',#14422);
#5404=VERTEX_POINT('',#14424);
#5405=VERTEX_POINT('',#14426);
#5406=VERTEX_POINT('',#14428);
#5407=VERTEX_POINT('',#14430);
#5408=VERTEX_POINT('',#14432);
#5409=VERTEX_POINT('',#14434);
#5410=VERTEX_POINT('',#14436);
#5411=VERTEX_POINT('',#14438);
#5412=VERTEX_POINT('',#14440);
#5413=VERTEX_POINT('',#14442);
#5414=VERTEX_POINT('',#14445);
#5415=VERTEX_POINT('',#14446);
#5416=VERTEX_POINT('',#14450);
#5417=VERTEX_POINT('',#14454);
#5418=VERTEX_POINT('',#14456);
#5419=VERTEX_POINT('',#14458);
#5420=VERTEX_POINT('',#14460);
#5421=VERTEX_POINT('',#14462);
#5422=VERTEX_POINT('',#14464);
#5423=VERTEX_POINT('',#14468);
#5424=VERTEX_POINT('',#14472);
#5425=VERTEX_POINT('',#14474);
#5426=VERTEX_POINT('',#14476);
#5427=VERTEX_POINT('',#14478);
#5428=VERTEX_POINT('',#14481);
#5429=VERTEX_POINT('',#14482);
#5430=VERTEX_POINT('',#14484);
#5431=VERTEX_POINT('',#14486);
#5432=VERTEX_POINT('',#14489);
#5433=VERTEX_POINT('',#14490);
#5434=VERTEX_POINT('',#14492);
#5435=VERTEX_POINT('',#14494);
#5436=VERTEX_POINT('',#14497);
#5437=VERTEX_POINT('',#14498);
#5438=VERTEX_POINT('',#14500);
#5439=VERTEX_POINT('',#14504);
#5440=VERTEX_POINT('',#14508);
#5441=VERTEX_POINT('',#14510);
#5442=VERTEX_POINT('',#14512);
#5443=VERTEX_POINT('',#14516);
#5444=VERTEX_POINT('',#14520);
#5445=VERTEX_POINT('',#14524);
#5446=VERTEX_POINT('',#14526);
#5447=VERTEX_POINT('',#14530);
#5448=VERTEX_POINT('',#14532);
#5449=VERTEX_POINT('',#14534);
#5450=VERTEX_POINT('',#14536);
#5451=VERTEX_POINT('',#14538);
#5452=VERTEX_POINT('',#14542);
#5453=VERTEX_POINT('',#14546);
#5454=VERTEX_POINT('',#14548);
#5455=VERTEX_POINT('',#14550);
#5456=VERTEX_POINT('',#14554);
#5457=VERTEX_POINT('',#14558);
#5458=VERTEX_POINT('',#14562);
#5459=VERTEX_POINT('',#14563);
#5460=VERTEX_POINT('',#14565);
#5461=VERTEX_POINT('',#14567);
#5462=VERTEX_POINT('',#14572);
#5463=VERTEX_POINT('',#14573);
#5464=VERTEX_POINT('',#14575);
#5465=VERTEX_POINT('',#14577);
#5466=VERTEX_POINT('',#14579);
#5467=VERTEX_POINT('',#14581);
#5468=VERTEX_POINT('',#14583);
#5469=VERTEX_POINT('',#14587);
#5470=VERTEX_POINT('',#14591);
#5471=VERTEX_POINT('',#14593);
#5472=VERTEX_POINT('',#14595);
#5473=VERTEX_POINT('',#14597);
#5474=VERTEX_POINT('',#14599);
#5475=VERTEX_POINT('',#14601);
#5476=VERTEX_POINT('',#14606);
#5477=VERTEX_POINT('',#14607);
#5478=VERTEX_POINT('',#14611);
#5479=VERTEX_POINT('',#14615);
#5480=VERTEX_POINT('',#14619);
#5481=VERTEX_POINT('',#14621);
#5482=VERTEX_POINT('',#14623);
#5483=VERTEX_POINT('',#14625);
#5484=VERTEX_POINT('',#14627);
#5485=VERTEX_POINT('',#14629);
#5486=VERTEX_POINT('',#14633);
#5487=VERTEX_POINT('',#14635);
#5488=VERTEX_POINT('',#14637);
#5489=VERTEX_POINT('',#14640);
#5490=VERTEX_POINT('',#14641);
#5491=VERTEX_POINT('',#14643);
#5492=VERTEX_POINT('',#14645);
#5493=VERTEX_POINT('',#14648);
#5494=VERTEX_POINT('',#14649);
#5495=VERTEX_POINT('',#14651);
#5496=VERTEX_POINT('',#14653);
#5497=VERTEX_POINT('',#14656);
#5498=VERTEX_POINT('',#14657);
#5499=VERTEX_POINT('',#14661);
#5500=VERTEX_POINT('',#14665);
#5501=VERTEX_POINT('',#14669);
#5502=VERTEX_POINT('',#14671);
#5503=VERTEX_POINT('',#14673);
#5504=VERTEX_POINT('',#14675);
#5505=VERTEX_POINT('',#14677);
#5506=VERTEX_POINT('',#14679);
#5507=VERTEX_POINT('',#14683);
#5508=VERTEX_POINT('',#14685);
#5509=VERTEX_POINT('',#14687);
#5510=VERTEX_POINT('',#14692);
#5511=VERTEX_POINT('',#14693);
#5512=VERTEX_POINT('',#14695);
#5513=VERTEX_POINT('',#14697);
#5514=VERTEX_POINT('',#14699);
#5515=VERTEX_POINT('',#14701);
#5516=VERTEX_POINT('',#14703);
#5517=VERTEX_POINT('',#14707);
#5518=VERTEX_POINT('',#14711);
#5519=VERTEX_POINT('',#14713);
#5520=VERTEX_POINT('',#14715);
#5521=VERTEX_POINT('',#14717);
#5522=VERTEX_POINT('',#14719);
#5523=VERTEX_POINT('',#14721);
#5524=VERTEX_POINT('',#14726);
#5525=VERTEX_POINT('',#14727);
#5526=VERTEX_POINT('',#14729);
#5527=VERTEX_POINT('',#14731);
#5528=VERTEX_POINT('',#14734);
#5529=VERTEX_POINT('',#14735);
#5530=VERTEX_POINT('',#14737);
#5531=VERTEX_POINT('',#14739);
#5532=VERTEX_POINT('',#14741);
#5533=VERTEX_POINT('',#14743);
#5534=VERTEX_POINT('',#14745);
#5535=VERTEX_POINT('',#14747);
#5536=VERTEX_POINT('',#14750);
#5537=VERTEX_POINT('',#14751);
#5538=VERTEX_POINT('',#14753);
#5539=VERTEX_POINT('',#14755);
#5540=VERTEX_POINT('',#14758);
#5541=VERTEX_POINT('',#14759);
#5542=VERTEX_POINT('',#14761);
#5543=VERTEX_POINT('',#14763);
#5544=VERTEX_POINT('',#14766);
#5545=VERTEX_POINT('',#14767);
#5546=VERTEX_POINT('',#14769);
#5547=VERTEX_POINT('',#14771);
#5548=VERTEX_POINT('',#14774);
#5549=VERTEX_POINT('',#14775);
#5550=VERTEX_POINT('',#14777);
#5551=VERTEX_POINT('',#14779);
#5552=VERTEX_POINT('',#14781);
#5553=VERTEX_POINT('',#14783);
#5554=VERTEX_POINT('',#14785);
#5555=VERTEX_POINT('',#14787);
#5556=VERTEX_POINT('',#14790);
#5557=VERTEX_POINT('',#14791);
#5558=VERTEX_POINT('',#14793);
#5559=VERTEX_POINT('',#14797);
#5560=VERTEX_POINT('',#14801);
#5561=VERTEX_POINT('',#14803);
#5562=VERTEX_POINT('',#14805);
#5563=VERTEX_POINT('',#14807);
#5564=VERTEX_POINT('',#14809);
#5565=VERTEX_POINT('',#14811);
#5566=VERTEX_POINT('',#14813);
#5567=VERTEX_POINT('',#14817);
#5568=VERTEX_POINT('',#14821);
#5569=VERTEX_POINT('',#14823);
#5570=VERTEX_POINT('',#14825);
#5571=VERTEX_POINT('',#14829);
#5572=VERTEX_POINT('',#14833);
#5573=VERTEX_POINT('',#14835);
#5574=VERTEX_POINT('',#14837);
#5575=VERTEX_POINT('',#14839);
#5576=VERTEX_POINT('',#14841);
#5577=VERTEX_POINT('',#14843);
#5578=VERTEX_POINT('',#14845);
#5579=VERTEX_POINT('',#14847);
#5580=VERTEX_POINT('',#14849);
#5581=VERTEX_POINT('',#14852);
#5582=VERTEX_POINT('',#14853);
#5583=VERTEX_POINT('',#14855);
#5584=VERTEX_POINT('',#14857);
#5585=VERTEX_POINT('',#14859);
#5586=VERTEX_POINT('',#14863);
#5587=VERTEX_POINT('',#14865);
#5588=VERTEX_POINT('',#14867);
#5589=VERTEX_POINT('',#14869);
#5590=VERTEX_POINT('',#14871);
#5591=VERTEX_POINT('',#14873);
#5592=VERTEX_POINT('',#14875);
#5593=VERTEX_POINT('',#14877);
#5594=VERTEX_POINT('',#14879);
#5595=VERTEX_POINT('',#14881);
#5596=VERTEX_POINT('',#14884);
#5597=VERTEX_POINT('',#14885);
#5598=VERTEX_POINT('',#14887);
#5599=VERTEX_POINT('',#14891);
#5600=VERTEX_POINT('',#14895);
#5601=VERTEX_POINT('',#14897);
#5602=VERTEX_POINT('',#14899);
#5603=VERTEX_POINT('',#14901);
#5604=VERTEX_POINT('',#14903);
#5605=VERTEX_POINT('',#14905);
#5606=VERTEX_POINT('',#14907);
#5607=VERTEX_POINT('',#14911);
#5608=VERTEX_POINT('',#14915);
#5609=VERTEX_POINT('',#14917);
#5610=VERTEX_POINT('',#14919);
#5611=VERTEX_POINT('',#14923);
#5612=VERTEX_POINT('',#14927);
#5613=VERTEX_POINT('',#14929);
#5614=VERTEX_POINT('',#14931);
#5615=VERTEX_POINT('',#14933);
#5616=VERTEX_POINT('',#14935);
#5617=VERTEX_POINT('',#14937);
#5618=VERTEX_POINT('',#14939);
#5619=VERTEX_POINT('',#14941);
#5620=VERTEX_POINT('',#14943);
#5621=VERTEX_POINT('',#14946);
#5622=VERTEX_POINT('',#14947);
#5623=VERTEX_POINT('',#14949);
#5624=VERTEX_POINT('',#14951);
#5625=VERTEX_POINT('',#14954);
#5626=VERTEX_POINT('',#14955);
#5627=VERTEX_POINT('',#14957);
#5628=VERTEX_POINT('',#14959);
#5629=VERTEX_POINT('',#14961);
#5630=VERTEX_POINT('',#14965);
#5631=VERTEX_POINT('',#14967);
#5632=VERTEX_POINT('',#14969);
#5633=VERTEX_POINT('',#14973);
#5634=VERTEX_POINT('',#14975);
#5635=VERTEX_POINT('',#14977);
#5636=VERTEX_POINT('',#14980);
#5637=VERTEX_POINT('',#14981);
#5638=VERTEX_POINT('',#14983);
#5639=VERTEX_POINT('',#14985);
#5640=VERTEX_POINT('',#14988);
#5641=VERTEX_POINT('',#14989);
#5642=VERTEX_POINT('',#14991);
#5643=VERTEX_POINT('',#14994);
#5644=VERTEX_POINT('',#14995);
#5645=VERTEX_POINT('',#14997);
#5646=VERTEX_POINT('',#14999);
#5647=VERTEX_POINT('',#15002);
#5648=VERTEX_POINT('',#15003);
#5649=VERTEX_POINT('',#15005);
#5650=VERTEX_POINT('',#15008);
#5651=VERTEX_POINT('',#15009);
#5652=VERTEX_POINT('',#15011);
#5653=VERTEX_POINT('',#15013);
#5654=VERTEX_POINT('',#15016);
#5655=VERTEX_POINT('',#15017);
#5656=VERTEX_POINT('',#15019);
#5657=VERTEX_POINT('',#15021);
#5658=VERTEX_POINT('',#15023);
#5659=VERTEX_POINT('',#15025);
#5660=VERTEX_POINT('',#15028);
#5661=VERTEX_POINT('',#15029);
#5662=VERTEX_POINT('',#15031);
#5663=VERTEX_POINT('',#15034);
#5664=VERTEX_POINT('',#15035);
#5665=VERTEX_POINT('',#15037);
#5666=VERTEX_POINT('',#15040);
#5667=VERTEX_POINT('',#15041);
#5668=VERTEX_POINT('',#15043);
#5669=VERTEX_POINT('',#15046);
#5670=VERTEX_POINT('',#15047);
#5671=VERTEX_POINT('',#15049);
#5672=VERTEX_POINT('',#15051);
#5673=VERTEX_POINT('',#15054);
#5674=VERTEX_POINT('',#15055);
#5675=VERTEX_POINT('',#15057);
#5676=VERTEX_POINT('',#15059);
#5677=VERTEX_POINT('',#15062);
#5678=VERTEX_POINT('',#15063);
#5679=VERTEX_POINT('',#15065);
#5680=VERTEX_POINT('',#15067);
#5681=VERTEX_POINT('',#15069);
#5682=VERTEX_POINT('',#15072);
#5683=VERTEX_POINT('',#15073);
#5684=VERTEX_POINT('',#15075);
#5685=VERTEX_POINT('',#15078);
#5686=VERTEX_POINT('',#15079);
#5687=VERTEX_POINT('',#15081);
#5688=VERTEX_POINT('',#15084);
#5689=VERTEX_POINT('',#15085);
#5690=VERTEX_POINT('',#15087);
#5691=VERTEX_POINT('',#15089);
#5692=VERTEX_POINT('',#15091);
#5693=VERTEX_POINT('',#15093);
#5694=VERTEX_POINT('',#15096);
#5695=VERTEX_POINT('',#15097);
#5696=VERTEX_POINT('',#15099);
#5697=VERTEX_POINT('',#15101);
#5698=VERTEX_POINT('',#15103);
#5699=VERTEX_POINT('',#15106);
#5700=VERTEX_POINT('',#15107);
#5701=VERTEX_POINT('',#15109);
#5702=VERTEX_POINT('',#15112);
#5703=VERTEX_POINT('',#15113);
#5704=VERTEX_POINT('',#15115);
#5705=VERTEX_POINT('',#15118);
#5706=VERTEX_POINT('',#15119);
#5707=VERTEX_POINT('',#15121);
#5708=VERTEX_POINT('',#15124);
#5709=VERTEX_POINT('',#15125);
#5710=VERTEX_POINT('',#15127);
#5711=VERTEX_POINT('',#15130);
#5712=VERTEX_POINT('',#15131);
#5713=VERTEX_POINT('',#15133);
#5714=VERTEX_POINT('',#15135);
#5715=VERTEX_POINT('',#15137);
#5716=VERTEX_POINT('',#15140);
#5717=VERTEX_POINT('',#15141);
#5718=VERTEX_POINT('',#15143);
#5719=VERTEX_POINT('',#15146);
#5720=VERTEX_POINT('',#15147);
#5721=VERTEX_POINT('',#15149);
#5722=VERTEX_POINT('',#15152);
#5723=VERTEX_POINT('',#15153);
#5724=VERTEX_POINT('',#15155);
#5725=VERTEX_POINT('',#15158);
#5726=VERTEX_POINT('',#15159);
#5727=VERTEX_POINT('',#15161);
#5728=VERTEX_POINT('',#15164);
#5729=VERTEX_POINT('',#15165);
#5730=VERTEX_POINT('',#15167);
#5731=VERTEX_POINT('',#15169);
#5732=VERTEX_POINT('',#15172);
#5733=VERTEX_POINT('',#15173);
#5734=VERTEX_POINT('',#15175);
#5735=VERTEX_POINT('',#15178);
#5736=VERTEX_POINT('',#15179);
#5737=VERTEX_POINT('',#15181);
#5738=VERTEX_POINT('',#15183);
#5739=VERTEX_POINT('',#15186);
#5740=VERTEX_POINT('',#15187);
#5741=VERTEX_POINT('',#15189);
#5742=VERTEX_POINT('',#15191);
#5743=VERTEX_POINT('',#15194);
#5744=VERTEX_POINT('',#15195);
#5745=VERTEX_POINT('',#15197);
#5746=VERTEX_POINT('',#15200);
#5747=VERTEX_POINT('',#15201);
#5748=VERTEX_POINT('',#15203);
#5749=VERTEX_POINT('',#15205);
#5750=VERTEX_POINT('',#15207);
#5751=VERTEX_POINT('',#15210);
#5752=VERTEX_POINT('',#15211);
#5753=VERTEX_POINT('',#15213);
#5754=VERTEX_POINT('',#15216);
#5755=VERTEX_POINT('',#15217);
#5756=VERTEX_POINT('',#15219);
#5757=VERTEX_POINT('',#15221);
#5758=VERTEX_POINT('',#15224);
#5759=VERTEX_POINT('',#15225);
#5760=VERTEX_POINT('',#15227);
#5761=VERTEX_POINT('',#15230);
#5762=VERTEX_POINT('',#15231);
#5763=VERTEX_POINT('',#15233);
#5764=VERTEX_POINT('',#15236);
#5765=VERTEX_POINT('',#15237);
#5766=VERTEX_POINT('',#15239);
#5767=VERTEX_POINT('',#15242);
#5768=VERTEX_POINT('',#15243);
#5769=VERTEX_POINT('',#15245);
#5770=VERTEX_POINT('',#15248);
#5771=VERTEX_POINT('',#15249);
#5772=VERTEX_POINT('',#15251);
#5773=VERTEX_POINT('',#15254);
#5774=VERTEX_POINT('',#15255);
#5775=VERTEX_POINT('',#15257);
#5776=VERTEX_POINT('',#15260);
#5777=VERTEX_POINT('',#15261);
#5778=VERTEX_POINT('',#15263);
#5779=VERTEX_POINT('',#15265);
#5780=VERTEX_POINT('',#15267);
#5781=VERTEX_POINT('',#15269);
#5782=VERTEX_POINT('',#15271);
#5783=VERTEX_POINT('',#15273);
#5784=VERTEX_POINT('',#15278);
#5785=VERTEX_POINT('',#15279);
#5786=VERTEX_POINT('',#15281);
#5787=VERTEX_POINT('',#15283);
#5788=VERTEX_POINT('',#15285);
#5789=VERTEX_POINT('',#15287);
#5790=VERTEX_POINT('',#15292);
#5791=VERTEX_POINT('',#15293);
#5792=VERTEX_POINT('',#15297);
#5793=VERTEX_POINT('',#15299);
#5794=VERTEX_POINT('',#15301);
#5795=VERTEX_POINT('',#15303);
#5796=VERTEX_POINT('',#15305);
#5797=VERTEX_POINT('',#15309);
#5798=VERTEX_POINT('',#15313);
#5799=VERTEX_POINT('',#15317);
#5800=VERTEX_POINT('',#15321);
#5801=VERTEX_POINT('',#15325);
#5802=VERTEX_POINT('',#15329);
#5803=VERTEX_POINT('',#15331);
#5804=VERTEX_POINT('',#15333);
#5805=VERTEX_POINT('',#15335);
#5806=VERTEX_POINT('',#15337);
#5807=VERTEX_POINT('',#15341);
#5808=VERTEX_POINT('',#15346);
#5809=VERTEX_POINT('',#15347);
#5810=VERTEX_POINT('',#15349);
#5811=VERTEX_POINT('',#15351);
#5812=VERTEX_POINT('',#15354);
#5813=VERTEX_POINT('',#15355);
#5814=VERTEX_POINT('',#15357);
#5815=VERTEX_POINT('',#15359);
#5816=VERTEX_POINT('',#15361);
#5817=VERTEX_POINT('',#15363);
#5818=VERTEX_POINT('',#15365);
#5819=VERTEX_POINT('',#15367);
#5820=VERTEX_POINT('',#15370);
#5821=VERTEX_POINT('',#15371);
#5822=VERTEX_POINT('',#15373);
#5823=VERTEX_POINT('',#15375);
#5824=VERTEX_POINT('',#15378);
#5825=VERTEX_POINT('',#15379);
#5826=VERTEX_POINT('',#15381);
#5827=VERTEX_POINT('',#15383);
#5828=VERTEX_POINT('',#15386);
#5829=VERTEX_POINT('',#15387);
#5830=VERTEX_POINT('',#15389);
#5831=VERTEX_POINT('',#15391);
#5832=VERTEX_POINT('',#15393);
#5833=VERTEX_POINT('',#15395);
#5834=VERTEX_POINT('',#15397);
#5835=VERTEX_POINT('',#15399);
#5836=VERTEX_POINT('',#15402);
#5837=VERTEX_POINT('',#15403);
#5838=VERTEX_POINT('',#15405);
#5839=VERTEX_POINT('',#15407);
#5840=VERTEX_POINT('',#15409);
#5841=VERTEX_POINT('',#15411);
#5842=VERTEX_POINT('',#15413);
#5843=VERTEX_POINT('',#15415);
#5844=VERTEX_POINT('',#15418);
#5845=VERTEX_POINT('',#15419);
#5846=VERTEX_POINT('',#15421);
#5847=VERTEX_POINT('',#15423);
#5848=VERTEX_POINT('',#15425);
#5849=VERTEX_POINT('',#15427);
#5850=VERTEX_POINT('',#15430);
#5851=VERTEX_POINT('',#15431);
#5852=VERTEX_POINT('',#15433);
#5853=VERTEX_POINT('',#15435);
#5854=VERTEX_POINT('',#15437);
#5855=VERTEX_POINT('',#15441);
#5856=VERTEX_POINT('',#15443);
#5857=VERTEX_POINT('',#15445);
#5858=VERTEX_POINT('',#15449);
#5859=VERTEX_POINT('',#15451);
#5860=VERTEX_POINT('',#15453);
#5861=VERTEX_POINT('',#15456);
#5862=VERTEX_POINT('',#15457);
#5863=VERTEX_POINT('',#15459);
#5864=VERTEX_POINT('',#15461);
#5865=VERTEX_POINT('',#15463);
#5866=VERTEX_POINT('',#15465);
#5867=VERTEX_POINT('',#15467);
#5868=VERTEX_POINT('',#15469);
#5869=VERTEX_POINT('',#15471);
#5870=VERTEX_POINT('',#15473);
#5871=VERTEX_POINT('',#15475);
#5872=VERTEX_POINT('',#15477);
#5873=VERTEX_POINT('',#15480);
#5874=VERTEX_POINT('',#15481);
#5875=VERTEX_POINT('',#15483);
#5876=VERTEX_POINT('',#15487);
#5877=VERTEX_POINT('',#15491);
#5878=VERTEX_POINT('',#15493);
#5879=VERTEX_POINT('',#15495);
#5880=VERTEX_POINT('',#15497);
#5881=VERTEX_POINT('',#15499);
#5882=VERTEX_POINT('',#15501);
#5883=VERTEX_POINT('',#15503);
#5884=VERTEX_POINT('',#15507);
#5885=VERTEX_POINT('',#15511);
#5886=VERTEX_POINT('',#15513);
#5887=VERTEX_POINT('',#15515);
#5888=VERTEX_POINT('',#15519);
#5889=VERTEX_POINT('',#15523);
#5890=VERTEX_POINT('',#15525);
#5891=VERTEX_POINT('',#15527);
#5892=VERTEX_POINT('',#15529);
#5893=VERTEX_POINT('',#15531);
#5894=VERTEX_POINT('',#15533);
#5895=VERTEX_POINT('',#15535);
#5896=VERTEX_POINT('',#15537);
#5897=VERTEX_POINT('',#15539);
#5898=VERTEX_POINT('',#15542);
#5899=VERTEX_POINT('',#15543);
#5900=VERTEX_POINT('',#15545);
#5901=VERTEX_POINT('',#15547);
#5902=VERTEX_POINT('',#15549);
#5903=VERTEX_POINT('',#15551);
#5904=VERTEX_POINT('',#15553);
#5905=VERTEX_POINT('',#15556);
#5906=VERTEX_POINT('',#15557);
#5907=VERTEX_POINT('',#15559);
#5908=VERTEX_POINT('',#15561);
#5909=VERTEX_POINT('',#15563);
#5910=VERTEX_POINT('',#15565);
#5911=VERTEX_POINT('',#15567);
#5912=VERTEX_POINT('',#15569);
#5913=VERTEX_POINT('',#15572);
#5914=VERTEX_POINT('',#15573);
#5915=VERTEX_POINT('',#15575);
#5916=VERTEX_POINT('',#15577);
#5917=VERTEX_POINT('',#15579);
#5918=VERTEX_POINT('',#15581);
#5919=VERTEX_POINT('',#15583);
#5920=VERTEX_POINT('',#15585);
#5921=VERTEX_POINT('',#15587);
#5922=VERTEX_POINT('',#15589);
#5923=VERTEX_POINT('',#15591);
#5924=VERTEX_POINT('',#15593);
#5925=VERTEX_POINT('',#15596);
#5926=VERTEX_POINT('',#15597);
#5927=VERTEX_POINT('',#15599);
#5928=VERTEX_POINT('',#15601);
#5929=VERTEX_POINT('',#15604);
#5930=VERTEX_POINT('',#15605);
#5931=VERTEX_POINT('',#15607);
#5932=VERTEX_POINT('',#15609);
#5933=VERTEX_POINT('',#15613);
#5934=VERTEX_POINT('',#15617);
#5935=VERTEX_POINT('',#15619);
#5936=VERTEX_POINT('',#15621);
#5937=VERTEX_POINT('',#15625);
#5938=VERTEX_POINT('',#15629);
#5939=VERTEX_POINT('',#15631);
#5940=VERTEX_POINT('',#15633);
#5941=VERTEX_POINT('',#15635);
#5942=VERTEX_POINT('',#15637);
#5943=VERTEX_POINT('',#15641);
#5944=VERTEX_POINT('',#15643);
#5945=VERTEX_POINT('',#15647);
#5946=VERTEX_POINT('',#15651);
#5947=VERTEX_POINT('',#15655);
#5948=VERTEX_POINT('',#15657);
#5949=VERTEX_POINT('',#15659);
#5950=VERTEX_POINT('',#15663);
#5951=LINE('',#13454,#7086);
#5952=LINE('',#13457,#7087);
#5953=LINE('',#13459,#7088);
#5954=LINE('',#13461,#7089);
#5955=LINE('',#13462,#7090);
#5956=LINE('',#13465,#7091);
#5957=LINE('',#13467,#7092);
#5958=LINE('',#13468,#7093);
#5959=LINE('',#13471,#7094);
#5960=LINE('',#13473,#7095);
#5961=LINE('',#13475,#7096);
#5962=LINE('',#13476,#7097);
#5963=LINE('',#13479,#7098);
#5964=LINE('',#13481,#7099);
#5965=LINE('',#13482,#7100);
#5966=LINE('',#13485,#7101);
#5967=LINE('',#13487,#7102);
#5968=LINE('',#13489,#7103);
#5969=LINE('',#13490,#7104);
#5970=LINE('',#13493,#7105);
#5971=LINE('',#13495,#7106);
#5972=LINE('',#13497,#7107);
#5973=LINE('',#13499,#7108);
#5974=LINE('',#13501,#7109);
#5975=LINE('',#13502,#7110);
#5976=LINE('',#13505,#7111);
#5977=LINE('',#13507,#7112);
#5978=LINE('',#13508,#7113);
#5979=LINE('',#13511,#7114);
#5980=LINE('',#13513,#7115);
#5981=LINE('',#13514,#7116);
#5982=LINE('',#13517,#7117);
#5983=LINE('',#13519,#7118);
#5984=LINE('',#13520,#7119);
#5985=LINE('',#13523,#7120);
#5986=LINE('',#13525,#7121);
#5987=LINE('',#13527,#7122);
#5988=LINE('',#13528,#7123);
#5989=LINE('',#13531,#7124);
#5990=LINE('',#13533,#7125);
#5991=LINE('',#13535,#7126);
#5992=LINE('',#13536,#7127);
#5993=LINE('',#13539,#7128);
#5994=LINE('',#13541,#7129);
#5995=LINE('',#13543,#7130);
#5996=LINE('',#13545,#7131);
#5997=LINE('',#13546,#7132);
#5998=LINE('',#13549,#7133);
#5999=LINE('',#13551,#7134);
#6000=LINE('',#13552,#7135);
#6001=LINE('',#13555,#7136);
#6002=LINE('',#13557,#7137);
#6003=LINE('',#13558,#7138);
#6004=LINE('',#13561,#7139);
#6005=LINE('',#13563,#7140);
#6006=LINE('',#13565,#7141);
#6007=LINE('',#13567,#7142);
#6008=LINE('',#13569,#7143);
#6009=LINE('',#13570,#7144);
#6010=LINE('',#13573,#7145);
#6011=LINE('',#13575,#7146);
#6012=LINE('',#13577,#7147);
#6013=LINE('',#13579,#7148);
#6014=LINE('',#13580,#7149);
#6015=LINE('',#13583,#7150);
#6016=LINE('',#13585,#7151);
#6017=LINE('',#13586,#7152);
#6018=LINE('',#13589,#7153);
#6019=LINE('',#13591,#7154);
#6020=LINE('',#13592,#7155);
#6021=LINE('',#13595,#7156);
#6022=LINE('',#13597,#7157);
#6023=LINE('',#13598,#7158);
#6024=LINE('',#13601,#7159);
#6025=LINE('',#13603,#7160);
#6026=LINE('',#13604,#7161);
#6027=LINE('',#13607,#7162);
#6028=LINE('',#13609,#7163);
#6029=LINE('',#13611,#7164);
#6030=LINE('',#13613,#7165);
#6031=LINE('',#13614,#7166);
#6032=LINE('',#13617,#7167);
#6033=LINE('',#13619,#7168);
#6034=LINE('',#13620,#7169);
#6035=LINE('',#13623,#7170);
#6036=LINE('',#13625,#7171);
#6037=LINE('',#13626,#7172);
#6038=LINE('',#13629,#7173);
#6039=LINE('',#13631,#7174);
#6040=LINE('',#13632,#7175);
#6041=LINE('',#13635,#7176);
#6042=LINE('',#13637,#7177);
#6043=LINE('',#13638,#7178);
#6044=LINE('',#13641,#7179);
#6045=LINE('',#13643,#7180);
#6046=LINE('',#13645,#7181);
#6047=LINE('',#13646,#7182);
#6048=LINE('',#13649,#7183);
#6049=LINE('',#13651,#7184);
#6050=LINE('',#13652,#7185);
#6051=LINE('',#13655,#7186);
#6052=LINE('',#13657,#7187);
#6053=LINE('',#13659,#7188);
#6054=LINE('',#13660,#7189);
#6055=LINE('',#13663,#7190);
#6056=LINE('',#13665,#7191);
#6057=LINE('',#13667,#7192);
#6058=LINE('',#13668,#7193);
#6059=LINE('',#13671,#7194);
#6060=LINE('',#13673,#7195);
#6061=LINE('',#13674,#7196);
#6062=LINE('',#13677,#7197);
#6063=LINE('',#13679,#7198);
#6064=LINE('',#13681,#7199);
#6065=LINE('',#13683,#7200);
#6066=LINE('',#13684,#7201);
#6067=LINE('',#13687,#7202);
#6068=LINE('',#13689,#7203);
#6069=LINE('',#13690,#7204);
#6070=LINE('',#13693,#7205);
#6071=LINE('',#13695,#7206);
#6072=LINE('',#13697,#7207);
#6073=LINE('',#13698,#7208);
#6074=LINE('',#13701,#7209);
#6075=LINE('',#13703,#7210);
#6076=LINE('',#13704,#7211);
#6077=LINE('',#13707,#7212);
#6078=LINE('',#13709,#7213);
#6079=LINE('',#13710,#7214);
#6080=LINE('',#13713,#7215);
#6081=LINE('',#13715,#7216);
#6082=LINE('',#13716,#7217);
#6083=LINE('',#13719,#7218);
#6084=LINE('',#13721,#7219);
#6085=LINE('',#13722,#7220);
#6086=LINE('',#13725,#7221);
#6087=LINE('',#13727,#7222);
#6088=LINE('',#13728,#7223);
#6089=LINE('',#13731,#7224);
#6090=LINE('',#13733,#7225);
#6091=LINE('',#13749,#7226);
#6092=LINE('',#13759,#7227);
#6093=LINE('',#13763,#7228);
#6094=LINE('',#13771,#7229);
#6095=LINE('',#13773,#7230);
#6096=LINE('',#13775,#7231);
#6097=LINE('',#13778,#7232);
#6098=LINE('',#13781,#7233);
#6099=LINE('',#13783,#7234);
#6100=LINE('',#13785,#7235);
#6101=LINE('',#13786,#7236);
#6102=LINE('',#13789,#7237);
#6103=LINE('',#13791,#7238);
#6104=LINE('',#13793,#7239);
#6105=LINE('',#13795,#7240);
#6106=LINE('',#13797,#7241);
#6107=LINE('',#13801,#7242);
#6108=LINE('',#13803,#7243);
#6109=LINE('',#13805,#7244);
#6110=LINE('',#13811,#7245);
#6111=LINE('',#13813,#7246);
#6112=LINE('',#13815,#7247);
#6113=LINE('',#13841,#7248);
#6114=LINE('',#13843,#7249);
#6115=LINE('',#13845,#7250);
#6116=LINE('',#13881,#7251);
#6117=LINE('',#13911,#7252);
#6118=LINE('',#13916,#7253);
#6119=LINE('',#13919,#7254);
#6120=LINE('',#13921,#7255);
#6121=LINE('',#13931,#7256);
#6122=LINE('',#13933,#7257);
#6123=LINE('',#13945,#7258);
#6124=LINE('',#13947,#7259);
#6125=LINE('',#13948,#7260);
#6126=LINE('',#13951,#7261);
#6127=LINE('',#13953,#7262);
#6128=LINE('',#13955,#7263);
#6129=LINE('',#13959,#7264);
#6130=LINE('',#13961,#7265);
#6131=LINE('',#13963,#7266);
#6132=LINE('',#13969,#7267);
#6133=LINE('',#13971,#7268);
#6134=LINE('',#13973,#7269);
#6135=LINE('',#13999,#7270);
#6136=LINE('',#14001,#7271);
#6137=LINE('',#14003,#7272);
#6138=LINE('',#14018,#7273);
#6139=LINE('',#14021,#7274);
#6140=LINE('',#14023,#7275);
#6141=LINE('',#14025,#7276);
#6142=LINE('',#14027,#7277);
#6143=LINE('',#14029,#7278);
#6144=LINE('',#14031,#7279);
#6145=LINE('',#14033,#7280);
#6146=LINE('',#14034,#7281);
#6147=LINE('',#14037,#7282);
#6148=LINE('',#14039,#7283);
#6149=LINE('',#14041,#7284);
#6150=LINE('',#14043,#7285);
#6151=LINE('',#14045,#7286);
#6152=LINE('',#14047,#7287);
#6153=LINE('',#14049,#7288);
#6154=LINE('',#14050,#7289);
#6155=LINE('',#14053,#7290);
#6156=LINE('',#14055,#7291);
#6157=LINE('',#14057,#7292);
#6158=LINE('',#14058,#7293);
#6159=LINE('',#14061,#7294);
#6160=LINE('',#14063,#7295);
#6161=LINE('',#14065,#7296);
#6162=LINE('',#14066,#7297);
#6163=LINE('',#14069,#7298);
#6164=LINE('',#14071,#7299);
#6165=LINE('',#14073,#7300);
#6166=LINE('',#14074,#7301);
#6167=LINE('',#14077,#7302);
#6168=LINE('',#14079,#7303);
#6169=LINE('',#14081,#7304);
#6170=LINE('',#14082,#7305);
#6171=LINE('',#14085,#7306);
#6172=LINE('',#14087,#7307);
#6173=LINE('',#14089,#7308);
#6174=LINE('',#14091,#7309);
#6175=LINE('',#14093,#7310);
#6176=LINE('',#14095,#7311);
#6177=LINE('',#14097,#7312);
#6178=LINE('',#14098,#7313);
#6179=LINE('',#14101,#7314);
#6180=LINE('',#14103,#7315);
#6181=LINE('',#14105,#7316);
#6182=LINE('',#14106,#7317);
#6183=LINE('',#14109,#7318);
#6184=LINE('',#14111,#7319);
#6185=LINE('',#14113,#7320);
#6186=LINE('',#14115,#7321);
#6187=LINE('',#14117,#7322);
#6188=LINE('',#14119,#7323);
#6189=LINE('',#14121,#7324);
#6190=LINE('',#14122,#7325);
#6191=LINE('',#14125,#7326);
#6192=LINE('',#14127,#7327);
#6193=LINE('',#14129,#7328);
#6194=LINE('',#14131,#7329);
#6195=LINE('',#14133,#7330);
#6196=LINE('',#14135,#7331);
#6197=LINE('',#14137,#7332);
#6198=LINE('',#14138,#7333);
#6199=LINE('',#14141,#7334);
#6200=LINE('',#14143,#7335);
#6201=LINE('',#14145,#7336);
#6202=LINE('',#14147,#7337);
#6203=LINE('',#14149,#7338);
#6204=LINE('',#14150,#7339);
#6205=LINE('',#14153,#7340);
#6206=LINE('',#14155,#7341);
#6207=LINE('',#14157,#7342);
#6208=LINE('',#14173,#7343);
#6209=LINE('',#14183,#7344);
#6210=LINE('',#14201,#7345);
#6211=LINE('',#14215,#7346);
#6212=LINE('',#14223,#7347);
#6213=LINE('',#14233,#7348);
#6214=LINE('',#14235,#7349);
#6215=LINE('',#14237,#7350);
#6216=LINE('',#14249,#7351);
#6217=LINE('',#14269,#7352);
#6218=LINE('',#14281,#7353);
#6219=LINE('',#14283,#7354);
#6220=LINE('',#14285,#7355);
#6221=LINE('',#14291,#7356);
#6222=LINE('',#14293,#7357);
#6223=LINE('',#14295,#7358);
#6224=LINE('',#14321,#7359);
#6225=LINE('',#14323,#7360);
#6226=LINE('',#14325,#7361);
#6227=LINE('',#14340,#7362);
#6228=LINE('',#14343,#7363);
#6229=LINE('',#14345,#7364);
#6230=LINE('',#14347,#7365);
#6231=LINE('',#14348,#7366);
#6232=LINE('',#14351,#7367);
#6233=LINE('',#14353,#7368);
#6234=LINE('',#14355,#7369);
#6235=LINE('',#14357,#7370);
#6236=LINE('',#14359,#7371);
#6237=LINE('',#14361,#7372);
#6238=LINE('',#14362,#7373);
#6239=LINE('',#14365,#7374);
#6240=LINE('',#14367,#7375);
#6241=LINE('',#14369,#7376);
#6242=LINE('',#14370,#7377);
#6243=LINE('',#14373,#7378);
#6244=LINE('',#14375,#7379);
#6245=LINE('',#14377,#7380);
#6246=LINE('',#14379,#7381);
#6247=LINE('',#14381,#7382);
#6248=LINE('',#14383,#7383);
#6249=LINE('',#14385,#7384);
#6250=LINE('',#14391,#7385);
#6251=LINE('',#14411,#7386);
#6252=LINE('',#14423,#7387);
#6253=LINE('',#14433,#7388);
#6254=LINE('',#14435,#7389);
#6255=LINE('',#14437,#7390);
#6256=LINE('',#14461,#7391);
#6257=LINE('',#14475,#7392);
#6258=LINE('',#14480,#7393);
#6259=LINE('',#14483,#7394);
#6260=LINE('',#14485,#7395);
#6261=LINE('',#14487,#7396);
#6262=LINE('',#14488,#7397);
#6263=LINE('',#14491,#7398);
#6264=LINE('',#14493,#7399);
#6265=LINE('',#14495,#7400);
#6266=LINE('',#14496,#7401);
#6267=LINE('',#14499,#7402);
#6268=LINE('',#14533,#7403);
#6269=LINE('',#14535,#7404);
#6270=LINE('',#14537,#7405);
#6271=LINE('',#14559,#7406);
#6272=LINE('',#14561,#7407);
#6273=LINE('',#14564,#7408);
#6274=LINE('',#14566,#7409);
#6275=LINE('',#14568,#7410);
#6276=LINE('',#14580,#7411);
#6277=LINE('',#14594,#7412);
#6278=LINE('',#14605,#7413);
#6279=LINE('',#14620,#7414);
#6280=LINE('',#14639,#7415);
#6281=LINE('',#14642,#7416);
#6282=LINE('',#14644,#7417);
#6283=LINE('',#14646,#7418);
#6284=LINE('',#14647,#7419);
#6285=LINE('',#14650,#7420);
#6286=LINE('',#14652,#7421);
#6287=LINE('',#14654,#7422);
#6288=LINE('',#14655,#7423);
#6289=LINE('',#14670,#7424);
#6290=LINE('',#14700,#7425);
#6291=LINE('',#14714,#7426);
#6292=LINE('',#14725,#7427);
#6293=LINE('',#14728,#7428);
#6294=LINE('',#14730,#7429);
#6295=LINE('',#14732,#7430);
#6296=LINE('',#14733,#7431);
#6297=LINE('',#14736,#7432);
#6298=LINE('',#14738,#7433);
#6299=LINE('',#14740,#7434);
#6300=LINE('',#14742,#7435);
#6301=LINE('',#14744,#7436);
#6302=LINE('',#14746,#7437);
#6303=LINE('',#14748,#7438);
#6304=LINE('',#14749,#7439);
#6305=LINE('',#14752,#7440);
#6306=LINE('',#14754,#7441);
#6307=LINE('',#14756,#7442);
#6308=LINE('',#14757,#7443);
#6309=LINE('',#14760,#7444);
#6310=LINE('',#14762,#7445);
#6311=LINE('',#14764,#7446);
#6312=LINE('',#14765,#7447);
#6313=LINE('',#14768,#7448);
#6314=LINE('',#14770,#7449);
#6315=LINE('',#14772,#7450);
#6316=LINE('',#14773,#7451);
#6317=LINE('',#14776,#7452);
#6318=LINE('',#14778,#7453);
#6319=LINE('',#14780,#7454);
#6320=LINE('',#14782,#7455);
#6321=LINE('',#14784,#7456);
#6322=LINE('',#14786,#7457);
#6323=LINE('',#14788,#7458);
#6324=LINE('',#14789,#7459);
#6325=LINE('',#14808,#7460);
#6326=LINE('',#14810,#7461);
#6327=LINE('',#14812,#7462);
#6328=LINE('',#14838,#7463);
#6329=LINE('',#14840,#7464);
#6330=LINE('',#14842,#7465);
#6331=LINE('',#14848,#7466);
#6332=LINE('',#14850,#7467);
#6333=LINE('',#14851,#7468);
#6334=LINE('',#14854,#7469);
#6335=LINE('',#14856,#7470);
#6336=LINE('',#14858,#7471);
#6337=LINE('',#14870,#7472);
#6338=LINE('',#14872,#7473);
#6339=LINE('',#14882,#7474);
#6340=LINE('',#14883,#7475);
#6341=LINE('',#14902,#7476);
#6342=LINE('',#14904,#7477);
#6343=LINE('',#14906,#7478);
#6344=LINE('',#14932,#7479);
#6345=LINE('',#14934,#7480);
#6346=LINE('',#14936,#7481);
#6347=LINE('',#14942,#7482);
#6348=LINE('',#14944,#7483);
#6349=LINE('',#14945,#7484);
#6350=LINE('',#14948,#7485);
#6351=LINE('',#14950,#7486);
#6352=LINE('',#14952,#7487);
#6353=LINE('',#14958,#7488);
#6354=LINE('',#14968,#7489);
#6355=LINE('',#14979,#7490);
#6356=LINE('',#14982,#7491);
#6357=LINE('',#14984,#7492);
#6358=LINE('',#14986,#7493);
#6359=LINE('',#14987,#7494);
#6360=LINE('',#14990,#7495);
#6361=LINE('',#14992,#7496);
#6362=LINE('',#14993,#7497);
#6363=LINE('',#14996,#7498);
#6364=LINE('',#14998,#7499);
#6365=LINE('',#15000,#7500);
#6366=LINE('',#15001,#7501);
#6367=LINE('',#15004,#7502);
#6368=LINE('',#15006,#7503);
#6369=LINE('',#15007,#7504);
#6370=LINE('',#15010,#7505);
#6371=LINE('',#15012,#7506);
#6372=LINE('',#15014,#7507);
#6373=LINE('',#15015,#7508);
#6374=LINE('',#15018,#7509);
#6375=LINE('',#15020,#7510);
#6376=LINE('',#15022,#7511);
#6377=LINE('',#15024,#7512);
#6378=LINE('',#15026,#7513);
#6379=LINE('',#15027,#7514);
#6380=LINE('',#15030,#7515);
#6381=LINE('',#15032,#7516);
#6382=LINE('',#15033,#7517);
#6383=LINE('',#15036,#7518);
#6384=LINE('',#15038,#7519);
#6385=LINE('',#15039,#7520);
#6386=LINE('',#15042,#7521);
#6387=LINE('',#15044,#7522);
#6388=LINE('',#15045,#7523);
#6389=LINE('',#15048,#7524);
#6390=LINE('',#15050,#7525);
#6391=LINE('',#15052,#7526);
#6392=LINE('',#15053,#7527);
#6393=LINE('',#15056,#7528);
#6394=LINE('',#15058,#7529);
#6395=LINE('',#15060,#7530);
#6396=LINE('',#15061,#7531);
#6397=LINE('',#15064,#7532);
#6398=LINE('',#15066,#7533);
#6399=LINE('',#15068,#7534);
#6400=LINE('',#15070,#7535);
#6401=LINE('',#15071,#7536);
#6402=LINE('',#15074,#7537);
#6403=LINE('',#15076,#7538);
#6404=LINE('',#15077,#7539);
#6405=LINE('',#15080,#7540);
#6406=LINE('',#15082,#7541);
#6407=LINE('',#15083,#7542);
#6408=LINE('',#15086,#7543);
#6409=LINE('',#15088,#7544);
#6410=LINE('',#15090,#7545);
#6411=LINE('',#15092,#7546);
#6412=LINE('',#15094,#7547);
#6413=LINE('',#15095,#7548);
#6414=LINE('',#15098,#7549);
#6415=LINE('',#15100,#7550);
#6416=LINE('',#15102,#7551);
#6417=LINE('',#15104,#7552);
#6418=LINE('',#15105,#7553);
#6419=LINE('',#15108,#7554);
#6420=LINE('',#15110,#7555);
#6421=LINE('',#15111,#7556);
#6422=LINE('',#15114,#7557);
#6423=LINE('',#15116,#7558);
#6424=LINE('',#15117,#7559);
#6425=LINE('',#15120,#7560);
#6426=LINE('',#15122,#7561);
#6427=LINE('',#15123,#7562);
#6428=LINE('',#15126,#7563);
#6429=LINE('',#15128,#7564);
#6430=LINE('',#15129,#7565);
#6431=LINE('',#15132,#7566);
#6432=LINE('',#15134,#7567);
#6433=LINE('',#15136,#7568);
#6434=LINE('',#15138,#7569);
#6435=LINE('',#15139,#7570);
#6436=LINE('',#15142,#7571);
#6437=LINE('',#15144,#7572);
#6438=LINE('',#15145,#7573);
#6439=LINE('',#15148,#7574);
#6440=LINE('',#15150,#7575);
#6441=LINE('',#15151,#7576);
#6442=LINE('',#15154,#7577);
#6443=LINE('',#15156,#7578);
#6444=LINE('',#15157,#7579);
#6445=LINE('',#15160,#7580);
#6446=LINE('',#15162,#7581);
#6447=LINE('',#15163,#7582);
#6448=LINE('',#15166,#7583);
#6449=LINE('',#15168,#7584);
#6450=LINE('',#15170,#7585);
#6451=LINE('',#15171,#7586);
#6452=LINE('',#15174,#7587);
#6453=LINE('',#15176,#7588);
#6454=LINE('',#15177,#7589);
#6455=LINE('',#15180,#7590);
#6456=LINE('',#15182,#7591);
#6457=LINE('',#15184,#7592);
#6458=LINE('',#15185,#7593);
#6459=LINE('',#15188,#7594);
#6460=LINE('',#15190,#7595);
#6461=LINE('',#15192,#7596);
#6462=LINE('',#15193,#7597);
#6463=LINE('',#15196,#7598);
#6464=LINE('',#15198,#7599);
#6465=LINE('',#15199,#7600);
#6466=LINE('',#15202,#7601);
#6467=LINE('',#15204,#7602);
#6468=LINE('',#15206,#7603);
#6469=LINE('',#15208,#7604);
#6470=LINE('',#15209,#7605);
#6471=LINE('',#15212,#7606);
#6472=LINE('',#15214,#7607);
#6473=LINE('',#15215,#7608);
#6474=LINE('',#15218,#7609);
#6475=LINE('',#15220,#7610);
#6476=LINE('',#15222,#7611);
#6477=LINE('',#15223,#7612);
#6478=LINE('',#15226,#7613);
#6479=LINE('',#15228,#7614);
#6480=LINE('',#15229,#7615);
#6481=LINE('',#15232,#7616);
#6482=LINE('',#15234,#7617);
#6483=LINE('',#15235,#7618);
#6484=LINE('',#15238,#7619);
#6485=LINE('',#15240,#7620);
#6486=LINE('',#15241,#7621);
#6487=LINE('',#15244,#7622);
#6488=LINE('',#15246,#7623);
#6489=LINE('',#15247,#7624);
#6490=LINE('',#15250,#7625);
#6491=LINE('',#15252,#7626);
#6492=LINE('',#15253,#7627);
#6493=LINE('',#15256,#7628);
#6494=LINE('',#15258,#7629);
#6495=LINE('',#15259,#7630);
#6496=LINE('',#15266,#7631);
#6497=LINE('',#15268,#7632);
#6498=LINE('',#15270,#7633);
#6499=LINE('',#15277,#7634);
#6500=LINE('',#15280,#7635);
#6501=LINE('',#15282,#7636);
#6502=LINE('',#15284,#7637);
#6503=LINE('',#15286,#7638);
#6504=LINE('',#15288,#7639);
#6505=LINE('',#15302,#7640);
#6506=LINE('',#15332,#7641);
#6507=LINE('',#15345,#7642);
#6508=LINE('',#15348,#7643);
#6509=LINE('',#15350,#7644);
#6510=LINE('',#15352,#7645);
#6511=LINE('',#15353,#7646);
#6512=LINE('',#15356,#7647);
#6513=LINE('',#15358,#7648);
#6514=LINE('',#15360,#7649);
#6515=LINE('',#15362,#7650);
#6516=LINE('',#15364,#7651);
#6517=LINE('',#15366,#7652);
#6518=LINE('',#15368,#7653);
#6519=LINE('',#15369,#7654);
#6520=LINE('',#15372,#7655);
#6521=LINE('',#15374,#7656);
#6522=LINE('',#15376,#7657);
#6523=LINE('',#15377,#7658);
#6524=LINE('',#15380,#7659);
#6525=LINE('',#15382,#7660);
#6526=LINE('',#15384,#7661);
#6527=LINE('',#15385,#7662);
#6528=LINE('',#15388,#7663);
#6529=LINE('',#15390,#7664);
#6530=LINE('',#15392,#7665);
#6531=LINE('',#15394,#7666);
#6532=LINE('',#15396,#7667);
#6533=LINE('',#15398,#7668);
#6534=LINE('',#15400,#7669);
#6535=LINE('',#15401,#7670);
#6536=LINE('',#15404,#7671);
#6537=LINE('',#15406,#7672);
#6538=LINE('',#15408,#7673);
#6539=LINE('',#15410,#7674);
#6540=LINE('',#15412,#7675);
#6541=LINE('',#15414,#7676);
#6542=LINE('',#15416,#7677);
#6543=LINE('',#15417,#7678);
#6544=LINE('',#15420,#7679);
#6545=LINE('',#15422,#7680);
#6546=LINE('',#15424,#7681);
#6547=LINE('',#15426,#7682);
#6548=LINE('',#15428,#7683);
#6549=LINE('',#15434,#7684);
#6550=LINE('',#15444,#7685);
#6551=LINE('',#15455,#7686);
#6552=LINE('',#15466,#7687);
#6553=LINE('',#15468,#7688);
#6554=LINE('',#15470,#7689);
#6555=LINE('',#15479,#7690);
#6556=LINE('',#15498,#7691);
#6557=LINE('',#15500,#7692);
#6558=LINE('',#15502,#7693);
#6559=LINE('',#15528,#7694);
#6560=LINE('',#15530,#7695);
#6561=LINE('',#15532,#7696);
#6562=LINE('',#15538,#7697);
#6563=LINE('',#15540,#7698);
#6564=LINE('',#15541,#7699);
#6565=LINE('',#15544,#7700);
#6566=LINE('',#15546,#7701);
#6567=LINE('',#15548,#7702);
#6568=LINE('',#15550,#7703);
#6569=LINE('',#15552,#7704);
#6570=LINE('',#15554,#7705);
#6571=LINE('',#15555,#7706);
#6572=LINE('',#15558,#7707);
#6573=LINE('',#15560,#7708);
#6574=LINE('',#15562,#7709);
#6575=LINE('',#15564,#7710);
#6576=LINE('',#15566,#7711);
#6577=LINE('',#15568,#7712);
#6578=LINE('',#15570,#7713);
#6579=LINE('',#15571,#7714);
#6580=LINE('',#15582,#7715);
#6581=LINE('',#15584,#7716);
#6582=LINE('',#15586,#7717);
#6583=LINE('',#15595,#7718);
#6584=LINE('',#15598,#7719);
#6585=LINE('',#15600,#7720);
#6586=LINE('',#15602,#7721);
#6587=LINE('',#15603,#7722);
#6588=LINE('',#15606,#7723);
#6589=LINE('',#15608,#7724);
#6590=LINE('',#15630,#7725);
#6591=LINE('',#15632,#7726);
#6592=LINE('',#15634,#7727);
#6593=LINE('',#15668,#7728);
#6594=LINE('',#15669,#7729);
#6595=LINE('',#15671,#7730);
#6596=LINE('',#15673,#7731);
#6597=LINE('',#15674,#7732);
#6598=LINE('',#15676,#7733);
#6599=LINE('',#15678,#7734);
#6600=LINE('',#15679,#7735);
#6601=LINE('',#15681,#7736);
#6602=LINE('',#15683,#7737);
#6603=LINE('',#15684,#7738);
#6604=LINE('',#15686,#7739);
#6605=LINE('',#15688,#7740);
#6606=LINE('',#15689,#7741);
#6607=LINE('',#15691,#7742);
#6608=LINE('',#15693,#7743);
#6609=LINE('',#15694,#7744);
#6610=LINE('',#15696,#7745);
#6611=LINE('',#15698,#7746);
#6612=LINE('',#15699,#7747);
#6613=LINE('',#15701,#7748);
#6614=LINE('',#15703,#7749);
#6615=LINE('',#15705,#7750);
#6616=LINE('',#15706,#7751);
#6617=LINE('',#15708,#7752);
#6618=LINE('',#15710,#7753);
#6619=LINE('',#15711,#7754);
#6620=LINE('',#15713,#7755);
#6621=LINE('',#15715,#7756);
#6622=LINE('',#15717,#7757);
#6623=LINE('',#15719,#7758);
#6624=LINE('',#15720,#7759);
#6625=LINE('',#15722,#7760);
#6626=LINE('',#15724,#7761);
#6627=LINE('',#15725,#7762);
#6628=LINE('',#15727,#7763);
#6629=LINE('',#15729,#7764);
#6630=LINE('',#15731,#7765);
#6631=LINE('',#15732,#7766);
#6632=LINE('',#15734,#7767);
#6633=LINE('',#15736,#7768);
#6634=LINE('',#15738,#7769);
#6635=LINE('',#15739,#7770);
#6636=LINE('',#15741,#7771);
#6637=LINE('',#15743,#7772);
#6638=LINE('',#15744,#7773);
#6639=LINE('',#15746,#7774);
#6640=LINE('',#15748,#7775);
#6641=LINE('',#15750,#7776);
#6642=LINE('',#15751,#7777);
#6643=LINE('',#15753,#7778);
#6644=LINE('',#15755,#7779);
#6645=LINE('',#15756,#7780);
#6646=LINE('',#15758,#7781);
#6647=LINE('',#15760,#7782);
#6648=LINE('',#15761,#7783);
#6649=LINE('',#15763,#7784);
#6650=LINE('',#15765,#7785);
#6651=LINE('',#15766,#7786);
#6652=LINE('',#15768,#7787);
#6653=LINE('',#15770,#7788);
#6654=LINE('',#15771,#7789);
#6655=LINE('',#15773,#7790);
#6656=LINE('',#15775,#7791);
#6657=LINE('',#15777,#7792);
#6658=LINE('',#15779,#7793);
#6659=LINE('',#15780,#7794);
#6660=LINE('',#15782,#7795);
#6661=LINE('',#15784,#7796);
#6662=LINE('',#15785,#7797);
#6663=LINE('',#15787,#7798);
#6664=LINE('',#15789,#7799);
#6665=LINE('',#15790,#7800);
#6666=LINE('',#15792,#7801);
#6667=LINE('',#15794,#7802);
#6668=LINE('',#15795,#7803);
#6669=LINE('',#15797,#7804);
#6670=LINE('',#15799,#7805);
#6671=LINE('',#15800,#7806);
#6672=LINE('',#15802,#7807);
#6673=LINE('',#15804,#7808);
#6674=LINE('',#15806,#7809);
#6675=LINE('',#15808,#7810);
#6676=LINE('',#15809,#7811);
#6677=LINE('',#15811,#7812);
#6678=LINE('',#15813,#7813);
#6679=LINE('',#15815,#7814);
#6680=LINE('',#15817,#7815);
#6681=LINE('',#15819,#7816);
#6682=LINE('',#15820,#7817);
#6683=LINE('',#15822,#7818);
#6684=LINE('',#15824,#7819);
#6685=LINE('',#15825,#7820);
#6686=LINE('',#15827,#7821);
#6687=LINE('',#15829,#7822);
#6688=LINE('',#15830,#7823);
#6689=LINE('',#15832,#7824);
#6690=LINE('',#15834,#7825);
#6691=LINE('',#15836,#7826);
#6692=LINE('',#15838,#7827);
#6693=LINE('',#15839,#7828);
#6694=LINE('',#15841,#7829);
#6695=LINE('',#15843,#7830);
#6696=LINE('',#15845,#7831);
#6697=LINE('',#15846,#7832);
#6698=LINE('',#15848,#7833);
#6699=LINE('',#15850,#7834);
#6700=LINE('',#15852,#7835);
#6701=LINE('',#15853,#7836);
#6702=LINE('',#15855,#7837);
#6703=LINE('',#15857,#7838);
#6704=LINE('',#15858,#7839);
#6705=LINE('',#15860,#7840);
#6706=LINE('',#15862,#7841);
#6707=LINE('',#15863,#7842);
#6708=LINE('',#15865,#7843);
#6709=LINE('',#15867,#7844);
#6710=LINE('',#15868,#7845);
#6711=LINE('',#15870,#7846);
#6712=LINE('',#15872,#7847);
#6713=LINE('',#15874,#7848);
#6714=LINE('',#15876,#7849);
#6715=LINE('',#15878,#7850);
#6716=LINE('',#15879,#7851);
#6717=LINE('',#15881,#7852);
#6718=LINE('',#15883,#7853);
#6719=LINE('',#15885,#7854);
#6720=LINE('',#15886,#7855);
#6721=LINE('',#15888,#7856);
#6722=LINE('',#15890,#7857);
#6723=LINE('',#15891,#7858);
#6724=LINE('',#15893,#7859);
#6725=LINE('',#15895,#7860);
#6726=LINE('',#15897,#7861);
#6727=LINE('',#15898,#7862);
#6728=LINE('',#15900,#7863);
#6729=LINE('',#15902,#7864);
#6730=LINE('',#15903,#7865);
#6731=LINE('',#15905,#7866);
#6732=LINE('',#15907,#7867);
#6733=LINE('',#15948,#7868);
#6734=LINE('',#15949,#7869);
#6735=LINE('',#15951,#7870);
#6736=LINE('',#15953,#7871);
#6737=LINE('',#15962,#7872);
#6738=LINE('',#15964,#7873);
#6739=LINE('',#15966,#7874);
#6740=LINE('',#15975,#7875);
#6741=LINE('',#15977,#7876);
#6742=LINE('',#15979,#7877);
#6743=LINE('',#15981,#7878);
#6744=LINE('',#15984,#7879);
#6745=LINE('',#15985,#7880);
#6746=LINE('',#15987,#7881);
#6747=LINE('',#15996,#7882);
#6748=LINE('',#15998,#7883);
#6749=LINE('',#16000,#7884);
#6750=LINE('',#16002,#7885);
#6751=LINE('',#16004,#7886);
#6752=LINE('',#16007,#7887);
#6753=LINE('',#16008,#7888);
#6754=LINE('',#16010,#7889);
#6755=LINE('',#16012,#7890);
#6756=LINE('',#16015,#7891);
#6757=LINE('',#16016,#7892);
#6758=LINE('',#16018,#7893);
#6759=LINE('',#16020,#7894);
#6760=LINE('',#16022,#7895);
#6761=LINE('',#16024,#7896);
#6762=LINE('',#16027,#7897);
#6763=LINE('',#16028,#7898);
#6764=LINE('',#16030,#7899);
#6765=LINE('',#16032,#7900);
#6766=LINE('',#16034,#7901);
#6767=LINE('',#16036,#7902);
#6768=LINE('',#16038,#7903);
#6769=LINE('',#16040,#7904);
#6770=LINE('',#16042,#7905);
#6771=LINE('',#16044,#7906);
#6772=LINE('',#16053,#7907);
#6773=LINE('',#16062,#7908);
#6774=LINE('',#16064,#7909);
#6775=LINE('',#16066,#7910);
#6776=LINE('',#16075,#7911);
#6777=LINE('',#16084,#7912);
#6778=LINE('',#16086,#7913);
#6779=LINE('',#16088,#7914);
#6780=LINE('',#16090,#7915);
#6781=LINE('',#16092,#7916);
#6782=LINE('',#16094,#7917);
#6783=LINE('',#16096,#7918);
#6784=LINE('',#16105,#7919);
#6785=LINE('',#16114,#7920);
#6786=LINE('',#16116,#7921);
#6787=LINE('',#16126,#7922);
#6788=LINE('',#16127,#7923);
#6789=LINE('',#16129,#7924);
#6790=LINE('',#16138,#7925);
#6791=LINE('',#16140,#7926);
#6792=LINE('',#16142,#7927);
#6793=LINE('',#16144,#7928);
#6794=LINE('',#16153,#7929);
#6795=LINE('',#16162,#7930);
#6796=LINE('',#16171,#7931);
#6797=LINE('',#16180,#7932);
#6798=LINE('',#16189,#7933);
#6799=LINE('',#16198,#7934);
#6800=LINE('',#16200,#7935);
#6801=LINE('',#16202,#7936);
#6802=LINE('',#16204,#7937);
#6803=LINE('',#16206,#7938);
#6804=LINE('',#16215,#7939);
#6805=LINE('',#16225,#7940);
#6806=LINE('',#16226,#7941);
#6807=LINE('',#16228,#7942);
#6808=LINE('',#16230,#7943);
#6809=LINE('',#16232,#7944);
#6810=LINE('',#16234,#7945);
#6811=LINE('',#16236,#7946);
#6812=LINE('',#16238,#7947);
#6813=LINE('',#16240,#7948);
#6814=LINE('',#16242,#7949);
#6815=LINE('',#16244,#7950);
#6816=LINE('',#16253,#7951);
#6817=LINE('',#16255,#7952);
#6818=LINE('',#16257,#7953);
#6819=LINE('',#16259,#7954);
#6820=LINE('',#16262,#7955);
#6821=LINE('',#16263,#7956);
#6822=LINE('',#16265,#7957);
#6823=LINE('',#16267,#7958);
#6824=LINE('',#16270,#7959);
#6825=LINE('',#16271,#7960);
#6826=LINE('',#16273,#7961);
#6827=LINE('',#16275,#7962);
#6828=LINE('',#16277,#7963);
#6829=LINE('',#16279,#7964);
#6830=LINE('',#16281,#7965);
#6831=LINE('',#16283,#7966);
#6832=LINE('',#16285,#7967);
#6833=LINE('',#16287,#7968);
#6834=LINE('',#16296,#7969);
#6835=LINE('',#16305,#7970);
#6836=LINE('',#16307,#7971);
#6837=LINE('',#16309,#7972);
#6838=LINE('',#16318,#7973);
#6839=LINE('',#16327,#7974);
#6840=LINE('',#16329,#7975);
#6841=LINE('',#16331,#7976);
#6842=LINE('',#16333,#7977);
#6843=LINE('',#16335,#7978);
#6844=LINE('',#16337,#7979);
#6845=LINE('',#16339,#7980);
#6846=LINE('',#16348,#7981);
#6847=LINE('',#16357,#7982);
#6848=LINE('',#16359,#7983);
#6849=LINE('',#16362,#7984);
#6850=LINE('',#16363,#7985);
#6851=LINE('',#16365,#7986);
#6852=LINE('',#16367,#7987);
#6853=LINE('',#16369,#7988);
#6854=LINE('',#16371,#7989);
#6855=LINE('',#16373,#7990);
#6856=LINE('',#16375,#7991);
#6857=LINE('',#16378,#7992);
#6858=LINE('',#16379,#7993);
#6859=LINE('',#16381,#7994);
#6860=LINE('',#16383,#7995);
#6861=LINE('',#16385,#7996);
#6862=LINE('',#16387,#7997);
#6863=LINE('',#16389,#7998);
#6864=LINE('',#16391,#7999);
#6865=LINE('',#16394,#8000);
#6866=LINE('',#16395,#8001);
#6867=LINE('',#16397,#8002);
#6868=LINE('',#16399,#8003);
#6869=LINE('',#16402,#8004);
#6870=LINE('',#16403,#8005);
#6871=LINE('',#16405,#8006);
#6872=LINE('',#16407,#8007);
#6873=LINE('',#16410,#8008);
#6874=LINE('',#16411,#8009);
#6875=LINE('',#16413,#8010);
#6876=LINE('',#16415,#8011);
#6877=LINE('',#16418,#8012);
#6878=LINE('',#16419,#8013);
#6879=LINE('',#16421,#8014);
#6880=LINE('',#16423,#8015);
#6881=LINE('',#16426,#8016);
#6882=LINE('',#16427,#8017);
#6883=LINE('',#16429,#8018);
#6884=LINE('',#16431,#8019);
#6885=LINE('',#16433,#8020);
#6886=LINE('',#16435,#8021);
#6887=LINE('',#16437,#8022);
#6888=LINE('',#16439,#8023);
#6889=LINE('',#16442,#8024);
#6890=LINE('',#16443,#8025);
#6891=LINE('',#16445,#8026);
#6892=LINE('',#16447,#8027);
#6893=LINE('',#16450,#8028);
#6894=LINE('',#16451,#8029);
#6895=LINE('',#16453,#8030);
#6896=LINE('',#16455,#8031);
#6897=LINE('',#16457,#8032);
#6898=LINE('',#16459,#8033);
#6899=LINE('',#16461,#8034);
#6900=LINE('',#16463,#8035);
#6901=LINE('',#16466,#8036);
#6902=LINE('',#16467,#8037);
#6903=LINE('',#16469,#8038);
#6904=LINE('',#16471,#8039);
#6905=LINE('',#16473,#8040);
#6906=LINE('',#16475,#8041);
#6907=LINE('',#16477,#8042);
#6908=LINE('',#16479,#8043);
#6909=LINE('',#16482,#8044);
#6910=LINE('',#16483,#8045);
#6911=LINE('',#16485,#8046);
#6912=LINE('',#16487,#8047);
#6913=LINE('',#16489,#8048);
#6914=LINE('',#16491,#8049);
#6915=LINE('',#16494,#8050);
#6916=LINE('',#16495,#8051);
#6917=LINE('',#16497,#8052);
#6918=LINE('',#16499,#8053);
#6919=LINE('',#16502,#8054);
#6920=LINE('',#16503,#8055);
#6921=LINE('',#16505,#8056);
#6922=LINE('',#16507,#8057);
#6923=LINE('',#16516,#8058);
#6924=LINE('',#16518,#8059);
#6925=LINE('',#16520,#8060);
#6926=LINE('',#16529,#8061);
#6927=LINE('',#16531,#8062);
#6928=LINE('',#16533,#8063);
#6929=LINE('',#16535,#8064);
#6930=LINE('',#16538,#8065);
#6931=LINE('',#16539,#8066);
#6932=LINE('',#16541,#8067);
#6933=LINE('',#16550,#8068);
#6934=LINE('',#16552,#8069);
#6935=LINE('',#16554,#8070);
#6936=LINE('',#16556,#8071);
#6937=LINE('',#16565,#8072);
#6938=LINE('',#16574,#8073);
#6939=LINE('',#16576,#8074);
#6940=LINE('',#16578,#8075);
#6941=LINE('',#16580,#8076);
#6942=LINE('',#16582,#8077);
#6943=LINE('',#16584,#8078);
#6944=LINE('',#16594,#8079);
#6945=LINE('',#16595,#8080);
#6946=LINE('',#16597,#8081);
#6947=LINE('',#16599,#8082);
#6948=LINE('',#16601,#8083);
#6949=LINE('',#16603,#8084);
#6950=LINE('',#16605,#8085);
#6951=LINE('',#16607,#8086);
#6952=LINE('',#16609,#8087);
#6953=LINE('',#16611,#8088);
#6954=LINE('',#16613,#8089);
#6955=LINE('',#16615,#8090);
#6956=LINE('',#16618,#8091);
#6957=LINE('',#16619,#8092);
#6958=LINE('',#16621,#8093);
#6959=LINE('',#16623,#8094);
#6960=LINE('',#16632,#8095);
#6961=LINE('',#16634,#8096);
#6962=LINE('',#16636,#8097);
#6963=LINE('',#16638,#8098);
#6964=LINE('',#16640,#8099);
#6965=LINE('',#16642,#8100);
#6966=LINE('',#16651,#8101);
#6967=LINE('',#16660,#8102);
#6968=LINE('',#16669,#8103);
#6969=LINE('',#16672,#8104);
#6970=LINE('',#16673,#8105);
#6971=LINE('',#16675,#8106);
#6972=LINE('',#16677,#8107);
#6973=LINE('',#16679,#8108);
#6974=LINE('',#16681,#8109);
#6975=LINE('',#16683,#8110);
#6976=LINE('',#16685,#8111);
#6977=LINE('',#16687,#8112);
#6978=LINE('',#16689,#8113);
#6979=LINE('',#16698,#8114);
#6980=LINE('',#16707,#8115);
#6981=LINE('',#16709,#8116);
#6982=LINE('',#16711,#8117);
#6983=LINE('',#16720,#8118);
#6984=LINE('',#16729,#8119);
#6985=LINE('',#16731,#8120);
#6986=LINE('',#16733,#8121);
#6987=LINE('',#16735,#8122);
#6988=LINE('',#16737,#8123);
#6989=LINE('',#16739,#8124);
#6990=LINE('',#16741,#8125);
#6991=LINE('',#16750,#8126);
#6992=LINE('',#16759,#8127);
#6993=LINE('',#16761,#8128);
#6994=LINE('',#16764,#8129);
#6995=LINE('',#16765,#8130);
#6996=LINE('',#16767,#8131);
#6997=LINE('',#16769,#8132);
#6998=LINE('',#16772,#8133);
#6999=LINE('',#16773,#8134);
#7000=LINE('',#16775,#8135);
#7001=LINE('',#16777,#8136);
#7002=LINE('',#16779,#8137);
#7003=LINE('',#16781,#8138);
#7004=LINE('',#16783,#8139);
#7005=LINE('',#16786,#8140);
#7006=LINE('',#16787,#8141);
#7007=LINE('',#16789,#8142);
#7008=LINE('',#16791,#8143);
#7009=LINE('',#16794,#8144);
#7010=LINE('',#16795,#8145);
#7011=LINE('',#16797,#8146);
#7012=LINE('',#16799,#8147);
#7013=LINE('',#16801,#8148);
#7014=LINE('',#16803,#8149);
#7015=LINE('',#16805,#8150);
#7016=LINE('',#16807,#8151);
#7017=LINE('',#16810,#8152);
#7018=LINE('',#16811,#8153);
#7019=LINE('',#16813,#8154);
#7020=LINE('',#16815,#8155);
#7021=LINE('',#16824,#8156);
#7022=LINE('',#16826,#8157);
#7023=LINE('',#16828,#8158);
#7024=LINE('',#16830,#8159);
#7025=LINE('',#16832,#8160);
#7026=LINE('',#16834,#8161);
#7027=LINE('',#16843,#8162);
#7028=LINE('',#16852,#8163);
#7029=LINE('',#16861,#8164);
#7030=LINE('',#16864,#8165);
#7031=LINE('',#16865,#8166);
#7032=LINE('',#16867,#8167);
#7033=LINE('',#16869,#8168);
#7034=LINE('',#16871,#8169);
#7035=LINE('',#16873,#8170);
#7036=LINE('',#16875,#8171);
#7037=LINE('',#16877,#8172);
#7038=LINE('',#16879,#8173);
#7039=LINE('',#16881,#8174);
#7040=LINE('',#16883,#8175);
#7041=LINE('',#16885,#8176);
#7042=LINE('',#16888,#8177);
#7043=LINE('',#16889,#8178);
#7044=LINE('',#16891,#8179);
#7045=LINE('',#16900,#8180);
#7046=LINE('',#16902,#8181);
#7047=LINE('',#16904,#8182);
#7048=LINE('',#16906,#8183);
#7049=LINE('',#16915,#8184);
#7050=LINE('',#16924,#8185);
#7051=LINE('',#16926,#8186);
#7052=LINE('',#16928,#8187);
#7053=LINE('',#16930,#8188);
#7054=LINE('',#16932,#8189);
#7055=LINE('',#16934,#8190);
#7056=LINE('',#16944,#8191);
#7057=LINE('',#16945,#8192);
#7058=LINE('',#16947,#8193);
#7059=LINE('',#16949,#8194);
#7060=LINE('',#16952,#8195);
#7061=LINE('',#16953,#8196);
#7062=LINE('',#16955,#8197);
#7063=LINE('',#16957,#8198);
#7064=LINE('',#16967,#8199);
#7065=LINE('',#16968,#8200);
#7066=LINE('',#16970,#8201);
#7067=LINE('',#16979,#8202);
#7068=LINE('',#16981,#8203);
#7069=LINE('',#16990,#8204);
#7070=LINE('',#16999,#8205);
#7071=LINE('',#17008,#8206);
#7072=LINE('',#17010,#8207);
#7073=LINE('',#17019,#8208);
#7074=LINE('',#17021,#8209);
#7075=LINE('',#17023,#8210);
#7076=LINE('',#17025,#8211);
#7077=LINE('',#17027,#8212);
#7078=LINE('',#17036,#8213);
#7079=LINE('',#17045,#8214);
#7080=LINE('',#17047,#8215);
#7081=LINE('',#17049,#8216);
#7082=LINE('',#17058,#8217);
#7083=LINE('',#17067,#8218);
#7084=LINE('',#17069,#8219);
#7085=LINE('',#17071,#8220);
#7086=VECTOR('',#11001,1.);
#7087=VECTOR('',#11002,1.);
#7088=VECTOR('',#11003,1.);
#7089=VECTOR('',#11004,1.);
#7090=VECTOR('',#11005,1.);
#7091=VECTOR('',#11006,1.);
#7092=VECTOR('',#11007,1.);
#7093=VECTOR('',#11008,1.);
#7094=VECTOR('',#11009,1.);
#7095=VECTOR('',#11010,1.);
#7096=VECTOR('',#11011,1.);
#7097=VECTOR('',#11012,1.);
#7098=VECTOR('',#11013,1.);
#7099=VECTOR('',#11014,1.);
#7100=VECTOR('',#11015,1.);
#7101=VECTOR('',#11016,1.);
#7102=VECTOR('',#11017,1.);
#7103=VECTOR('',#11018,1.);
#7104=VECTOR('',#11019,1.);
#7105=VECTOR('',#11020,1.);
#7106=VECTOR('',#11021,1.);
#7107=VECTOR('',#11022,1.);
#7108=VECTOR('',#11023,1.);
#7109=VECTOR('',#11024,1.);
#7110=VECTOR('',#11025,1.);
#7111=VECTOR('',#11026,1.);
#7112=VECTOR('',#11027,1.);
#7113=VECTOR('',#11028,1.);
#7114=VECTOR('',#11029,1.);
#7115=VECTOR('',#11030,1.);
#7116=VECTOR('',#11031,1.);
#7117=VECTOR('',#11032,1.);
#7118=VECTOR('',#11033,1.);
#7119=VECTOR('',#11034,1.);
#7120=VECTOR('',#11035,1.);
#7121=VECTOR('',#11036,1.);
#7122=VECTOR('',#11037,1.);
#7123=VECTOR('',#11038,1.);
#7124=VECTOR('',#11039,1.);
#7125=VECTOR('',#11040,1.);
#7126=VECTOR('',#11041,1.);
#7127=VECTOR('',#11042,1.);
#7128=VECTOR('',#11043,1.);
#7129=VECTOR('',#11044,1.);
#7130=VECTOR('',#11045,1.);
#7131=VECTOR('',#11046,1.);
#7132=VECTOR('',#11047,1.);
#7133=VECTOR('',#11048,1.);
#7134=VECTOR('',#11049,1.);
#7135=VECTOR('',#11050,1.);
#7136=VECTOR('',#11051,1.);
#7137=VECTOR('',#11052,1.);
#7138=VECTOR('',#11053,1.);
#7139=VECTOR('',#11054,1.);
#7140=VECTOR('',#11055,1.);
#7141=VECTOR('',#11056,1.);
#7142=VECTOR('',#11057,1.);
#7143=VECTOR('',#11058,1.);
#7144=VECTOR('',#11059,1.);
#7145=VECTOR('',#11060,1.);
#7146=VECTOR('',#11061,1.);
#7147=VECTOR('',#11062,1.);
#7148=VECTOR('',#11063,1.);
#7149=VECTOR('',#11064,1.);
#7150=VECTOR('',#11065,1.);
#7151=VECTOR('',#11066,1.);
#7152=VECTOR('',#11067,1.);
#7153=VECTOR('',#11068,1.);
#7154=VECTOR('',#11069,1.);
#7155=VECTOR('',#11070,1.);
#7156=VECTOR('',#11071,1.);
#7157=VECTOR('',#11072,1.);
#7158=VECTOR('',#11073,1.);
#7159=VECTOR('',#11074,1.);
#7160=VECTOR('',#11075,1.);
#7161=VECTOR('',#11076,1.);
#7162=VECTOR('',#11077,1.);
#7163=VECTOR('',#11078,1.);
#7164=VECTOR('',#11079,1.);
#7165=VECTOR('',#11080,1.);
#7166=VECTOR('',#11081,1.);
#7167=VECTOR('',#11082,1.);
#7168=VECTOR('',#11083,1.);
#7169=VECTOR('',#11084,1.);
#7170=VECTOR('',#11085,1.);
#7171=VECTOR('',#11086,1.);
#7172=VECTOR('',#11087,1.);
#7173=VECTOR('',#11088,1.);
#7174=VECTOR('',#11089,1.);
#7175=VECTOR('',#11090,1.);
#7176=VECTOR('',#11091,1.);
#7177=VECTOR('',#11092,1.);
#7178=VECTOR('',#11093,1.);
#7179=VECTOR('',#11094,1.);
#7180=VECTOR('',#11095,1.);
#7181=VECTOR('',#11096,1.);
#7182=VECTOR('',#11097,1.);
#7183=VECTOR('',#11098,1.);
#7184=VECTOR('',#11099,1.);
#7185=VECTOR('',#11100,1.);
#7186=VECTOR('',#11101,1.);
#7187=VECTOR('',#11102,1.);
#7188=VECTOR('',#11103,1.);
#7189=VECTOR('',#11104,1.);
#7190=VECTOR('',#11105,1.);
#7191=VECTOR('',#11106,1.);
#7192=VECTOR('',#11107,1.);
#7193=VECTOR('',#11108,1.);
#7194=VECTOR('',#11109,1.);
#7195=VECTOR('',#11110,1.);
#7196=VECTOR('',#11111,1.);
#7197=VECTOR('',#11112,1.);
#7198=VECTOR('',#11113,1.);
#7199=VECTOR('',#11114,1.);
#7200=VECTOR('',#11115,1.);
#7201=VECTOR('',#11116,1.);
#7202=VECTOR('',#11117,1.);
#7203=VECTOR('',#11118,1.);
#7204=VECTOR('',#11119,1.);
#7205=VECTOR('',#11120,1.);
#7206=VECTOR('',#11121,1.);
#7207=VECTOR('',#11122,1.);
#7208=VECTOR('',#11123,1.);
#7209=VECTOR('',#11124,1.);
#7210=VECTOR('',#11125,1.);
#7211=VECTOR('',#11126,1.);
#7212=VECTOR('',#11127,1.);
#7213=VECTOR('',#11128,1.);
#7214=VECTOR('',#11129,1.);
#7215=VECTOR('',#11130,1.);
#7216=VECTOR('',#11131,1.);
#7217=VECTOR('',#11132,1.);
#7218=VECTOR('',#11133,1.);
#7219=VECTOR('',#11134,1.);
#7220=VECTOR('',#11135,1.);
#7221=VECTOR('',#11136,1.);
#7222=VECTOR('',#11137,1.);
#7223=VECTOR('',#11138,1.);
#7224=VECTOR('',#11139,1.);
#7225=VECTOR('',#11140,1.);
#7226=VECTOR('',#11151,1.);
#7227=VECTOR('',#11156,1.);
#7228=VECTOR('',#11159,1.);
#7229=VECTOR('',#11162,1.);
#7230=VECTOR('',#11163,1.);
#7231=VECTOR('',#11164,1.);
#7232=VECTOR('',#11167,1.);
#7233=VECTOR('',#11168,1.);
#7234=VECTOR('',#11169,1.);
#7235=VECTOR('',#11170,1.);
#7236=VECTOR('',#11171,1.);
#7237=VECTOR('',#11172,1.);
#7238=VECTOR('',#11173,1.);
#7239=VECTOR('',#11174,1.);
#7240=VECTOR('',#11175,1.);
#7241=VECTOR('',#11176,1.);
#7242=VECTOR('',#11179,1.);
#7243=VECTOR('',#11180,1.);
#7244=VECTOR('',#11181,1.);
#7245=VECTOR('',#11186,1.);
#7246=VECTOR('',#11187,1.);
#7247=VECTOR('',#11188,1.);
#7248=VECTOR('',#11197,1.);
#7249=VECTOR('',#11198,1.);
#7250=VECTOR('',#11199,1.);
#7251=VECTOR('',#11210,1.);
#7252=VECTOR('',#11215,1.);
#7253=VECTOR('',#11220,1.);
#7254=VECTOR('',#11221,1.);
#7255=VECTOR('',#11222,1.);
#7256=VECTOR('',#11231,1.);
#7257=VECTOR('',#11232,1.);
#7258=VECTOR('',#11239,1.);
#7259=VECTOR('',#11240,1.);
#7260=VECTOR('',#11241,1.);
#7261=VECTOR('',#11242,1.);
#7262=VECTOR('',#11243,1.);
#7263=VECTOR('',#11244,1.);
#7264=VECTOR('',#11247,1.);
#7265=VECTOR('',#11248,1.);
#7266=VECTOR('',#11249,1.);
#7267=VECTOR('',#11254,1.);
#7268=VECTOR('',#11255,1.);
#7269=VECTOR('',#11256,1.);
#7270=VECTOR('',#11265,1.);
#7271=VECTOR('',#11266,1.);
#7272=VECTOR('',#11267,1.);
#7273=VECTOR('',#11274,1.);
#7274=VECTOR('',#11275,1.);
#7275=VECTOR('',#11276,1.);
#7276=VECTOR('',#11277,1.);
#7277=VECTOR('',#11278,1.);
#7278=VECTOR('',#11279,1.);
#7279=VECTOR('',#11280,1.);
#7280=VECTOR('',#11281,1.);
#7281=VECTOR('',#11282,1.);
#7282=VECTOR('',#11283,1.);
#7283=VECTOR('',#11284,1.);
#7284=VECTOR('',#11285,1.);
#7285=VECTOR('',#11286,1.);
#7286=VECTOR('',#11287,1.);
#7287=VECTOR('',#11288,1.);
#7288=VECTOR('',#11289,1.);
#7289=VECTOR('',#11290,1.);
#7290=VECTOR('',#11291,1.);
#7291=VECTOR('',#11292,1.);
#7292=VECTOR('',#11293,1.);
#7293=VECTOR('',#11294,1.);
#7294=VECTOR('',#11295,1.);
#7295=VECTOR('',#11296,1.);
#7296=VECTOR('',#11297,1.);
#7297=VECTOR('',#11298,1.);
#7298=VECTOR('',#11299,1.);
#7299=VECTOR('',#11300,1.);
#7300=VECTOR('',#11301,1.);
#7301=VECTOR('',#11302,1.);
#7302=VECTOR('',#11303,1.);
#7303=VECTOR('',#11304,1.);
#7304=VECTOR('',#11305,1.);
#7305=VECTOR('',#11306,1.);
#7306=VECTOR('',#11307,1.);
#7307=VECTOR('',#11308,1.);
#7308=VECTOR('',#11309,1.);
#7309=VECTOR('',#11310,1.);
#7310=VECTOR('',#11311,1.);
#7311=VECTOR('',#11312,1.);
#7312=VECTOR('',#11313,1.);
#7313=VECTOR('',#11314,1.);
#7314=VECTOR('',#11315,1.);
#7315=VECTOR('',#11316,1.);
#7316=VECTOR('',#11317,1.);
#7317=VECTOR('',#11318,1.);
#7318=VECTOR('',#11319,1.);
#7319=VECTOR('',#11320,1.);
#7320=VECTOR('',#11321,1.);
#7321=VECTOR('',#11322,1.);
#7322=VECTOR('',#11323,1.);
#7323=VECTOR('',#11324,1.);
#7324=VECTOR('',#11325,1.);
#7325=VECTOR('',#11326,1.);
#7326=VECTOR('',#11327,1.);
#7327=VECTOR('',#11328,1.);
#7328=VECTOR('',#11329,1.);
#7329=VECTOR('',#11330,1.);
#7330=VECTOR('',#11331,1.);
#7331=VECTOR('',#11332,1.);
#7332=VECTOR('',#11333,1.);
#7333=VECTOR('',#11334,1.);
#7334=VECTOR('',#11335,1.);
#7335=VECTOR('',#11336,1.);
#7336=VECTOR('',#11337,1.);
#7337=VECTOR('',#11338,1.);
#7338=VECTOR('',#11339,1.);
#7339=VECTOR('',#11340,1.);
#7340=VECTOR('',#11341,1.);
#7341=VECTOR('',#11342,1.);
#7342=VECTOR('',#11343,1.);
#7343=VECTOR('',#11354,1.);
#7344=VECTOR('',#11359,1.);
#7345=VECTOR('',#11368,1.);
#7346=VECTOR('',#11373,1.);
#7347=VECTOR('',#11380,1.);
#7348=VECTOR('',#11389,1.);
#7349=VECTOR('',#11390,1.);
#7350=VECTOR('',#11391,1.);
#7351=VECTOR('',#11398,1.);
#7352=VECTOR('',#11413,1.);
#7353=VECTOR('',#11416,1.);
#7354=VECTOR('',#11417,1.);
#7355=VECTOR('',#11418,1.);
#7356=VECTOR('',#11423,1.);
#7357=VECTOR('',#11424,1.);
#7358=VECTOR('',#11425,1.);
#7359=VECTOR('',#11434,1.);
#7360=VECTOR('',#11435,1.);
#7361=VECTOR('',#11436,1.);
#7362=VECTOR('',#11443,1.);
#7363=VECTOR('',#11444,1.);
#7364=VECTOR('',#11445,1.);
#7365=VECTOR('',#11446,1.);
#7366=VECTOR('',#11447,1.);
#7367=VECTOR('',#11448,1.);
#7368=VECTOR('',#11449,1.);
#7369=VECTOR('',#11450,1.);
#7370=VECTOR('',#11451,1.);
#7371=VECTOR('',#11452,1.);
#7372=VECTOR('',#11453,1.);
#7373=VECTOR('',#11454,1.);
#7374=VECTOR('',#11455,1.);
#7375=VECTOR('',#11456,1.);
#7376=VECTOR('',#11457,1.);
#7377=VECTOR('',#11458,1.);
#7378=VECTOR('',#11459,1.);
#7379=VECTOR('',#11460,1.);
#7380=VECTOR('',#11461,1.);
#7381=VECTOR('',#11462,1.);
#7382=VECTOR('',#11463,1.);
#7383=VECTOR('',#11464,1.);
#7384=VECTOR('',#11465,1.);
#7385=VECTOR('',#11466,1.);
#7386=VECTOR('',#11481,1.);
#7387=VECTOR('',#11484,1.);
#7388=VECTOR('',#11493,1.);
#7389=VECTOR('',#11494,1.);
#7390=VECTOR('',#11495,1.);
#7391=VECTOR('',#11510,1.);
#7392=VECTOR('',#11515,1.);
#7393=VECTOR('',#11520,1.);
#7394=VECTOR('',#11521,1.);
#7395=VECTOR('',#11522,1.);
#7396=VECTOR('',#11523,1.);
#7397=VECTOR('',#11524,1.);
#7398=VECTOR('',#11525,1.);
#7399=VECTOR('',#11526,1.);
#7400=VECTOR('',#11527,1.);
#7401=VECTOR('',#11528,1.);
#7402=VECTOR('',#11529,1.);
#7403=VECTOR('',#11538,1.);
#7404=VECTOR('',#11539,1.);
#7405=VECTOR('',#11540,1.);
#7406=VECTOR('',#11545,1.);
#7407=VECTOR('',#11548,1.);
#7408=VECTOR('',#11549,1.);
#7409=VECTOR('',#11550,1.);
#7410=VECTOR('',#11551,1.);
#7411=VECTOR('',#11558,1.);
#7412=VECTOR('',#11563,1.);
#7413=VECTOR('',#11570,1.);
#7414=VECTOR('',#11571,1.);
#7415=VECTOR('',#11586,1.);
#7416=VECTOR('',#11587,1.);
#7417=VECTOR('',#11588,1.);
#7418=VECTOR('',#11589,1.);
#7419=VECTOR('',#11590,1.);
#7420=VECTOR('',#11591,1.);
#7421=VECTOR('',#11592,1.);
#7422=VECTOR('',#11593,1.);
#7423=VECTOR('',#11594,1.);
#7424=VECTOR('',#11595,1.);
#7425=VECTOR('',#11616,1.);
#7426=VECTOR('',#11621,1.);
#7427=VECTOR('',#11628,1.);
#7428=VECTOR('',#11629,1.);
#7429=VECTOR('',#11630,1.);
#7430=VECTOR('',#11631,1.);
#7431=VECTOR('',#11632,1.);
#7432=VECTOR('',#11633,1.);
#7433=VECTOR('',#11634,1.);
#7434=VECTOR('',#11635,1.);
#7435=VECTOR('',#11636,1.);
#7436=VECTOR('',#11637,1.);
#7437=VECTOR('',#11638,1.);
#7438=VECTOR('',#11639,1.);
#7439=VECTOR('',#11640,1.);
#7440=VECTOR('',#11641,1.);
#7441=VECTOR('',#11642,1.);
#7442=VECTOR('',#11643,1.);
#7443=VECTOR('',#11644,1.);
#7444=VECTOR('',#11645,1.);
#7445=VECTOR('',#11646,1.);
#7446=VECTOR('',#11647,1.);
#7447=VECTOR('',#11648,1.);
#7448=VECTOR('',#11649,1.);
#7449=VECTOR('',#11650,1.);
#7450=VECTOR('',#11651,1.);
#7451=VECTOR('',#11652,1.);
#7452=VECTOR('',#11653,1.);
#7453=VECTOR('',#11654,1.);
#7454=VECTOR('',#11655,1.);
#7455=VECTOR('',#11656,1.);
#7456=VECTOR('',#11657,1.);
#7457=VECTOR('',#11658,1.);
#7458=VECTOR('',#11659,1.);
#7459=VECTOR('',#11660,1.);
#7460=VECTOR('',#11669,1.);
#7461=VECTOR('',#11670,1.);
#7462=VECTOR('',#11671,1.);
#7463=VECTOR('',#11680,1.);
#7464=VECTOR('',#11681,1.);
#7465=VECTOR('',#11682,1.);
#7466=VECTOR('',#11687,1.);
#7467=VECTOR('',#11688,1.);
#7468=VECTOR('',#11689,1.);
#7469=VECTOR('',#11690,1.);
#7470=VECTOR('',#11691,1.);
#7471=VECTOR('',#11692,1.);
#7472=VECTOR('',#11699,1.);
#7473=VECTOR('',#11700,1.);
#7474=VECTOR('',#11709,1.);
#7475=VECTOR('',#11710,1.);
#7476=VECTOR('',#11719,1.);
#7477=VECTOR('',#11720,1.);
#7478=VECTOR('',#11721,1.);
#7479=VECTOR('',#11730,1.);
#7480=VECTOR('',#11731,1.);
#7481=VECTOR('',#11732,1.);
#7482=VECTOR('',#11737,1.);
#7483=VECTOR('',#11738,1.);
#7484=VECTOR('',#11739,1.);
#7485=VECTOR('',#11740,1.);
#7486=VECTOR('',#11741,1.);
#7487=VECTOR('',#11742,1.);
#7488=VECTOR('',#11747,1.);
#7489=VECTOR('',#11752,1.);
#7490=VECTOR('',#11759,1.);
#7491=VECTOR('',#11760,1.);
#7492=VECTOR('',#11761,1.);
#7493=VECTOR('',#11762,1.);
#7494=VECTOR('',#11763,1.);
#7495=VECTOR('',#11764,1.);
#7496=VECTOR('',#11765,1.);
#7497=VECTOR('',#11766,1.);
#7498=VECTOR('',#11767,1.);
#7499=VECTOR('',#11768,1.);
#7500=VECTOR('',#11769,1.);
#7501=VECTOR('',#11770,1.);
#7502=VECTOR('',#11771,1.);
#7503=VECTOR('',#11772,1.);
#7504=VECTOR('',#11773,1.);
#7505=VECTOR('',#11774,1.);
#7506=VECTOR('',#11775,1.);
#7507=VECTOR('',#11776,1.);
#7508=VECTOR('',#11777,1.);
#7509=VECTOR('',#11778,1.);
#7510=VECTOR('',#11779,1.);
#7511=VECTOR('',#11780,1.);
#7512=VECTOR('',#11781,1.);
#7513=VECTOR('',#11782,1.);
#7514=VECTOR('',#11783,1.);
#7515=VECTOR('',#11784,1.);
#7516=VECTOR('',#11785,1.);
#7517=VECTOR('',#11786,1.);
#7518=VECTOR('',#11787,1.);
#7519=VECTOR('',#11788,1.);
#7520=VECTOR('',#11789,1.);
#7521=VECTOR('',#11790,1.);
#7522=VECTOR('',#11791,1.);
#7523=VECTOR('',#11792,1.);
#7524=VECTOR('',#11793,1.);
#7525=VECTOR('',#11794,1.);
#7526=VECTOR('',#11795,1.);
#7527=VECTOR('',#11796,1.);
#7528=VECTOR('',#11797,1.);
#7529=VECTOR('',#11798,1.);
#7530=VECTOR('',#11799,1.);
#7531=VECTOR('',#11800,1.);
#7532=VECTOR('',#11801,1.);
#7533=VECTOR('',#11802,1.);
#7534=VECTOR('',#11803,1.);
#7535=VECTOR('',#11804,1.);
#7536=VECTOR('',#11805,1.);
#7537=VECTOR('',#11806,1.);
#7538=VECTOR('',#11807,1.);
#7539=VECTOR('',#11808,1.);
#7540=VECTOR('',#11809,1.);
#7541=VECTOR('',#11810,1.);
#7542=VECTOR('',#11811,1.);
#7543=VECTOR('',#11812,1.);
#7544=VECTOR('',#11813,1.);
#7545=VECTOR('',#11814,1.);
#7546=VECTOR('',#11815,1.);
#7547=VECTOR('',#11816,1.);
#7548=VECTOR('',#11817,1.);
#7549=VECTOR('',#11818,1.);
#7550=VECTOR('',#11819,1.);
#7551=VECTOR('',#11820,1.);
#7552=VECTOR('',#11821,1.);
#7553=VECTOR('',#11822,1.);
#7554=VECTOR('',#11823,1.);
#7555=VECTOR('',#11824,1.);
#7556=VECTOR('',#11825,1.);
#7557=VECTOR('',#11826,1.);
#7558=VECTOR('',#11827,1.);
#7559=VECTOR('',#11828,1.);
#7560=VECTOR('',#11829,1.);
#7561=VECTOR('',#11830,1.);
#7562=VECTOR('',#11831,1.);
#7563=VECTOR('',#11832,1.);
#7564=VECTOR('',#11833,1.);
#7565=VECTOR('',#11834,1.);
#7566=VECTOR('',#11835,1.);
#7567=VECTOR('',#11836,1.);
#7568=VECTOR('',#11837,1.);
#7569=VECTOR('',#11838,1.);
#7570=VECTOR('',#11839,1.);
#7571=VECTOR('',#11840,1.);
#7572=VECTOR('',#11841,1.);
#7573=VECTOR('',#11842,1.);
#7574=VECTOR('',#11843,1.);
#7575=VECTOR('',#11844,1.);
#7576=VECTOR('',#11845,1.);
#7577=VECTOR('',#11846,1.);
#7578=VECTOR('',#11847,1.);
#7579=VECTOR('',#11848,1.);
#7580=VECTOR('',#11849,1.);
#7581=VECTOR('',#11850,1.);
#7582=VECTOR('',#11851,1.);
#7583=VECTOR('',#11852,1.);
#7584=VECTOR('',#11853,1.);
#7585=VECTOR('',#11854,1.);
#7586=VECTOR('',#11855,1.);
#7587=VECTOR('',#11856,1.);
#7588=VECTOR('',#11857,1.);
#7589=VECTOR('',#11858,1.);
#7590=VECTOR('',#11859,1.);
#7591=VECTOR('',#11860,1.);
#7592=VECTOR('',#11861,1.);
#7593=VECTOR('',#11862,1.);
#7594=VECTOR('',#11863,1.);
#7595=VECTOR('',#11864,1.);
#7596=VECTOR('',#11865,1.);
#7597=VECTOR('',#11866,1.);
#7598=VECTOR('',#11867,1.);
#7599=VECTOR('',#11868,1.);
#7600=VECTOR('',#11869,1.);
#7601=VECTOR('',#11870,1.);
#7602=VECTOR('',#11871,1.);
#7603=VECTOR('',#11872,1.);
#7604=VECTOR('',#11873,1.);
#7605=VECTOR('',#11874,1.);
#7606=VECTOR('',#11875,1.);
#7607=VECTOR('',#11876,1.);
#7608=VECTOR('',#11877,1.);
#7609=VECTOR('',#11878,1.);
#7610=VECTOR('',#11879,1.);
#7611=VECTOR('',#11880,1.);
#7612=VECTOR('',#11881,1.);
#7613=VECTOR('',#11882,1.);
#7614=VECTOR('',#11883,1.);
#7615=VECTOR('',#11884,1.);
#7616=VECTOR('',#11885,1.);
#7617=VECTOR('',#11886,1.);
#7618=VECTOR('',#11887,1.);
#7619=VECTOR('',#11888,1.);
#7620=VECTOR('',#11889,1.);
#7621=VECTOR('',#11890,1.);
#7622=VECTOR('',#11891,1.);
#7623=VECTOR('',#11892,1.);
#7624=VECTOR('',#11893,1.);
#7625=VECTOR('',#11894,1.);
#7626=VECTOR('',#11895,1.);
#7627=VECTOR('',#11896,1.);
#7628=VECTOR('',#11897,1.);
#7629=VECTOR('',#11898,1.);
#7630=VECTOR('',#11899,1.);
#7631=VECTOR('',#11904,1.);
#7632=VECTOR('',#11905,1.);
#7633=VECTOR('',#11906,1.);
#7634=VECTOR('',#11909,1.);
#7635=VECTOR('',#11910,1.);
#7636=VECTOR('',#11911,1.);
#7637=VECTOR('',#11912,1.);
#7638=VECTOR('',#11913,1.);
#7639=VECTOR('',#11914,1.);
#7640=VECTOR('',#11919,1.);
#7641=VECTOR('',#11924,1.);
#7642=VECTOR('',#11929,1.);
#7643=VECTOR('',#11930,1.);
#7644=VECTOR('',#11931,1.);
#7645=VECTOR('',#11932,1.);
#7646=VECTOR('',#11933,1.);
#7647=VECTOR('',#11934,1.);
#7648=VECTOR('',#11935,1.);
#7649=VECTOR('',#11936,1.);
#7650=VECTOR('',#11937,1.);
#7651=VECTOR('',#11938,1.);
#7652=VECTOR('',#11939,1.);
#7653=VECTOR('',#11940,1.);
#7654=VECTOR('',#11941,1.);
#7655=VECTOR('',#11942,1.);
#7656=VECTOR('',#11943,1.);
#7657=VECTOR('',#11944,1.);
#7658=VECTOR('',#11945,1.);
#7659=VECTOR('',#11946,1.);
#7660=VECTOR('',#11947,1.);
#7661=VECTOR('',#11948,1.);
#7662=VECTOR('',#11949,1.);
#7663=VECTOR('',#11950,1.);
#7664=VECTOR('',#11951,1.);
#7665=VECTOR('',#11952,1.);
#7666=VECTOR('',#11953,1.);
#7667=VECTOR('',#11954,1.);
#7668=VECTOR('',#11955,1.);
#7669=VECTOR('',#11956,1.);
#7670=VECTOR('',#11957,1.);
#7671=VECTOR('',#11958,1.);
#7672=VECTOR('',#11959,1.);
#7673=VECTOR('',#11960,1.);
#7674=VECTOR('',#11961,1.);
#7675=VECTOR('',#11962,1.);
#7676=VECTOR('',#11963,1.);
#7677=VECTOR('',#11964,1.);
#7678=VECTOR('',#11965,1.);
#7679=VECTOR('',#11966,1.);
#7680=VECTOR('',#11967,1.);
#7681=VECTOR('',#11968,1.);
#7682=VECTOR('',#11969,1.);
#7683=VECTOR('',#11970,1.);
#7684=VECTOR('',#11975,1.);
#7685=VECTOR('',#11980,1.);
#7686=VECTOR('',#11987,1.);
#7687=VECTOR('',#11996,1.);
#7688=VECTOR('',#11997,1.);
#7689=VECTOR('',#11998,1.);
#7690=VECTOR('',#12007,1.);
#7691=VECTOR('',#12016,1.);
#7692=VECTOR('',#12017,1.);
#7693=VECTOR('',#12018,1.);
#7694=VECTOR('',#12027,1.);
#7695=VECTOR('',#12028,1.);
#7696=VECTOR('',#12029,1.);
#7697=VECTOR('',#12034,1.);
#7698=VECTOR('',#12035,1.);
#7699=VECTOR('',#12036,1.);
#7700=VECTOR('',#12037,1.);
#7701=VECTOR('',#12038,1.);
#7702=VECTOR('',#12039,1.);
#7703=VECTOR('',#12040,1.);
#7704=VECTOR('',#12041,1.);
#7705=VECTOR('',#12042,1.);
#7706=VECTOR('',#12043,1.);
#7707=VECTOR('',#12044,1.);
#7708=VECTOR('',#12045,1.);
#7709=VECTOR('',#12046,1.);
#7710=VECTOR('',#12047,1.);
#7711=VECTOR('',#12048,1.);
#7712=VECTOR('',#12049,1.);
#7713=VECTOR('',#12050,1.);
#7714=VECTOR('',#12051,1.);
#7715=VECTOR('',#12060,1.);
#7716=VECTOR('',#12061,1.);
#7717=VECTOR('',#12062,1.);
#7718=VECTOR('',#12071,1.);
#7719=VECTOR('',#12072,1.);
#7720=VECTOR('',#12073,1.);
#7721=VECTOR('',#12074,1.);
#7722=VECTOR('',#12075,1.);
#7723=VECTOR('',#12076,1.);
#7724=VECTOR('',#12077,1.);
#7725=VECTOR('',#12082,1.);
#7726=VECTOR('',#12083,1.);
#7727=VECTOR('',#12084,1.);
#7728=VECTOR('',#12095,1.);
#7729=VECTOR('',#12096,1.);
#7730=VECTOR('',#12099,1.);
#7731=VECTOR('',#12102,1.);
#7732=VECTOR('',#12103,1.);
#7733=VECTOR('',#12106,1.);
#7734=VECTOR('',#12109,1.);
#7735=VECTOR('',#12110,1.);
#7736=VECTOR('',#12113,1.);
#7737=VECTOR('',#12116,1.);
#7738=VECTOR('',#12117,1.);
#7739=VECTOR('',#12120,1.);
#7740=VECTOR('',#12123,1.);
#7741=VECTOR('',#12124,1.);
#7742=VECTOR('',#12127,1.);
#7743=VECTOR('',#12130,1.);
#7744=VECTOR('',#12131,1.);
#7745=VECTOR('',#12134,1.);
#7746=VECTOR('',#12137,1.);
#7747=VECTOR('',#12138,1.);
#7748=VECTOR('',#12141,1.);
#7749=VECTOR('',#12144,1.);
#7750=VECTOR('',#12147,1.);
#7751=VECTOR('',#12148,1.);
#7752=VECTOR('',#12151,1.);
#7753=VECTOR('',#12154,1.);
#7754=VECTOR('',#12155,1.);
#7755=VECTOR('',#12158,1.);
#7756=VECTOR('',#12161,1.);
#7757=VECTOR('',#12164,1.);
#7758=VECTOR('',#12167,1.);
#7759=VECTOR('',#12168,1.);
#7760=VECTOR('',#12171,1.);
#7761=VECTOR('',#12174,1.);
#7762=VECTOR('',#12175,1.);
#7763=VECTOR('',#12178,1.);
#7764=VECTOR('',#12181,1.);
#7765=VECTOR('',#12184,1.);
#7766=VECTOR('',#12185,1.);
#7767=VECTOR('',#12188,1.);
#7768=VECTOR('',#12191,1.);
#7769=VECTOR('',#12194,1.);
#7770=VECTOR('',#12195,1.);
#7771=VECTOR('',#12198,1.);
#7772=VECTOR('',#12201,1.);
#7773=VECTOR('',#12202,1.);
#7774=VECTOR('',#12205,1.);
#7775=VECTOR('',#12208,1.);
#7776=VECTOR('',#12211,1.);
#7777=VECTOR('',#12212,1.);
#7778=VECTOR('',#12215,1.);
#7779=VECTOR('',#12218,1.);
#7780=VECTOR('',#12219,1.);
#7781=VECTOR('',#12222,1.);
#7782=VECTOR('',#12225,1.);
#7783=VECTOR('',#12226,1.);
#7784=VECTOR('',#12229,1.);
#7785=VECTOR('',#12232,1.);
#7786=VECTOR('',#12233,1.);
#7787=VECTOR('',#12236,1.);
#7788=VECTOR('',#12239,1.);
#7789=VECTOR('',#12240,1.);
#7790=VECTOR('',#12243,1.);
#7791=VECTOR('',#12246,1.);
#7792=VECTOR('',#12249,1.);
#7793=VECTOR('',#12252,1.);
#7794=VECTOR('',#12253,1.);
#7795=VECTOR('',#12256,1.);
#7796=VECTOR('',#12259,1.);
#7797=VECTOR('',#12260,1.);
#7798=VECTOR('',#12263,1.);
#7799=VECTOR('',#12266,1.);
#7800=VECTOR('',#12267,1.);
#7801=VECTOR('',#12270,1.);
#7802=VECTOR('',#12273,1.);
#7803=VECTOR('',#12274,1.);
#7804=VECTOR('',#12277,1.);
#7805=VECTOR('',#12280,1.);
#7806=VECTOR('',#12281,1.);
#7807=VECTOR('',#12284,1.);
#7808=VECTOR('',#12287,1.);
#7809=VECTOR('',#12290,1.);
#7810=VECTOR('',#12293,1.);
#7811=VECTOR('',#12294,1.);
#7812=VECTOR('',#12297,1.);
#7813=VECTOR('',#12300,1.);
#7814=VECTOR('',#12303,1.);
#7815=VECTOR('',#12306,1.);
#7816=VECTOR('',#12309,1.);
#7817=VECTOR('',#12310,1.);
#7818=VECTOR('',#12313,1.);
#7819=VECTOR('',#12316,1.);
#7820=VECTOR('',#12317,1.);
#7821=VECTOR('',#12320,1.);
#7822=VECTOR('',#12323,1.);
#7823=VECTOR('',#12324,1.);
#7824=VECTOR('',#12327,1.);
#7825=VECTOR('',#12330,1.);
#7826=VECTOR('',#12333,1.);
#7827=VECTOR('',#12336,1.);
#7828=VECTOR('',#12337,1.);
#7829=VECTOR('',#12340,1.);
#7830=VECTOR('',#12343,1.);
#7831=VECTOR('',#12346,1.);
#7832=VECTOR('',#12347,1.);
#7833=VECTOR('',#12350,1.);
#7834=VECTOR('',#12353,1.);
#7835=VECTOR('',#12356,1.);
#7836=VECTOR('',#12357,1.);
#7837=VECTOR('',#12360,1.);
#7838=VECTOR('',#12363,1.);
#7839=VECTOR('',#12364,1.);
#7840=VECTOR('',#12367,1.);
#7841=VECTOR('',#12370,1.);
#7842=VECTOR('',#12371,1.);
#7843=VECTOR('',#12374,1.);
#7844=VECTOR('',#12377,1.);
#7845=VECTOR('',#12378,1.);
#7846=VECTOR('',#12381,1.);
#7847=VECTOR('',#12384,1.);
#7848=VECTOR('',#12387,1.);
#7849=VECTOR('',#12390,1.);
#7850=VECTOR('',#12393,1.);
#7851=VECTOR('',#12394,1.);
#7852=VECTOR('',#12397,1.);
#7853=VECTOR('',#12400,1.);
#7854=VECTOR('',#12403,1.);
#7855=VECTOR('',#12404,1.);
#7856=VECTOR('',#12407,1.);
#7857=VECTOR('',#12410,1.);
#7858=VECTOR('',#12411,1.);
#7859=VECTOR('',#12414,1.);
#7860=VECTOR('',#12417,1.);
#7861=VECTOR('',#12420,1.);
#7862=VECTOR('',#12421,1.);
#7863=VECTOR('',#12424,1.);
#7864=VECTOR('',#12427,1.);
#7865=VECTOR('',#12428,1.);
#7866=VECTOR('',#12431,1.);
#7867=VECTOR('',#12434,1.);
#7868=VECTOR('',#12515,1.);
#7869=VECTOR('',#12516,1.);
#7870=VECTOR('',#12519,1.);
#7871=VECTOR('',#12522,1.);
#7872=VECTOR('',#12523,1.);
#7873=VECTOR('',#12526,1.);
#7874=VECTOR('',#12529,1.);
#7875=VECTOR('',#12530,1.);
#7876=VECTOR('',#12533,1.);
#7877=VECTOR('',#12536,1.);
#7878=VECTOR('',#12539,1.);
#7879=VECTOR('',#12544,1.);
#7880=VECTOR('',#12545,1.);
#7881=VECTOR('',#12548,1.);
#7882=VECTOR('',#12549,1.);
#7883=VECTOR('',#12552,1.);
#7884=VECTOR('',#12555,1.);
#7885=VECTOR('',#12558,1.);
#7886=VECTOR('',#12561,1.);
#7887=VECTOR('',#12566,1.);
#7888=VECTOR('',#12567,1.);
#7889=VECTOR('',#12570,1.);
#7890=VECTOR('',#12573,1.);
#7891=VECTOR('',#12578,1.);
#7892=VECTOR('',#12579,1.);
#7893=VECTOR('',#12582,1.);
#7894=VECTOR('',#12585,1.);
#7895=VECTOR('',#12588,1.);
#7896=VECTOR('',#12591,1.);
#7897=VECTOR('',#12596,1.);
#7898=VECTOR('',#12597,1.);
#7899=VECTOR('',#12600,1.);
#7900=VECTOR('',#12603,1.);
#7901=VECTOR('',#12606,1.);
#7902=VECTOR('',#12609,1.);
#7903=VECTOR('',#12612,1.);
#7904=VECTOR('',#12615,1.);
#7905=VECTOR('',#12618,1.);
#7906=VECTOR('',#12621,1.);
#7907=VECTOR('',#12622,1.);
#7908=VECTOR('',#12623,1.);
#7909=VECTOR('',#12626,1.);
#7910=VECTOR('',#12629,1.);
#7911=VECTOR('',#12630,1.);
#7912=VECTOR('',#12631,1.);
#7913=VECTOR('',#12634,1.);
#7914=VECTOR('',#12637,1.);
#7915=VECTOR('',#12640,1.);
#7916=VECTOR('',#12643,1.);
#7917=VECTOR('',#12646,1.);
#7918=VECTOR('',#12649,1.);
#7919=VECTOR('',#12650,1.);
#7920=VECTOR('',#12651,1.);
#7921=VECTOR('',#12654,1.);
#7922=VECTOR('',#12657,1.);
#7923=VECTOR('',#12658,1.);
#7924=VECTOR('',#12661,1.);
#7925=VECTOR('',#12662,1.);
#7926=VECTOR('',#12665,1.);
#7927=VECTOR('',#12668,1.);
#7928=VECTOR('',#12671,1.);
#7929=VECTOR('',#12672,1.);
#7930=VECTOR('',#12673,1.);
#7931=VECTOR('',#12674,1.);
#7932=VECTOR('',#12675,1.);
#7933=VECTOR('',#12676,1.);
#7934=VECTOR('',#12677,1.);
#7935=VECTOR('',#12680,1.);
#7936=VECTOR('',#12683,1.);
#7937=VECTOR('',#12686,1.);
#7938=VECTOR('',#12689,1.);
#7939=VECTOR('',#12690,1.);
#7940=VECTOR('',#12693,1.);
#7941=VECTOR('',#12694,1.);
#7942=VECTOR('',#12697,1.);
#7943=VECTOR('',#12700,1.);
#7944=VECTOR('',#12703,1.);
#7945=VECTOR('',#12706,1.);
#7946=VECTOR('',#12709,1.);
#7947=VECTOR('',#12712,1.);
#7948=VECTOR('',#12715,1.);
#7949=VECTOR('',#12718,1.);
#7950=VECTOR('',#12721,1.);
#7951=VECTOR('',#12722,1.);
#7952=VECTOR('',#12725,1.);
#7953=VECTOR('',#12728,1.);
#7954=VECTOR('',#12731,1.);
#7955=VECTOR('',#12736,1.);
#7956=VECTOR('',#12737,1.);
#7957=VECTOR('',#12740,1.);
#7958=VECTOR('',#12743,1.);
#7959=VECTOR('',#12748,1.);
#7960=VECTOR('',#12749,1.);
#7961=VECTOR('',#12752,1.);
#7962=VECTOR('',#12755,1.);
#7963=VECTOR('',#12758,1.);
#7964=VECTOR('',#12761,1.);
#7965=VECTOR('',#12764,1.);
#7966=VECTOR('',#12767,1.);
#7967=VECTOR('',#12770,1.);
#7968=VECTOR('',#12773,1.);
#7969=VECTOR('',#12774,1.);
#7970=VECTOR('',#12775,1.);
#7971=VECTOR('',#12778,1.);
#7972=VECTOR('',#12781,1.);
#7973=VECTOR('',#12782,1.);
#7974=VECTOR('',#12783,1.);
#7975=VECTOR('',#12786,1.);
#7976=VECTOR('',#12789,1.);
#7977=VECTOR('',#12792,1.);
#7978=VECTOR('',#12795,1.);
#7979=VECTOR('',#12798,1.);
#7980=VECTOR('',#12801,1.);
#7981=VECTOR('',#12802,1.);
#7982=VECTOR('',#12803,1.);
#7983=VECTOR('',#12806,1.);
#7984=VECTOR('',#12811,1.);
#7985=VECTOR('',#12812,1.);
#7986=VECTOR('',#12815,1.);
#7987=VECTOR('',#12818,1.);
#7988=VECTOR('',#12821,1.);
#7989=VECTOR('',#12824,1.);
#7990=VECTOR('',#12827,1.);
#7991=VECTOR('',#12830,1.);
#7992=VECTOR('',#12835,1.);
#7993=VECTOR('',#12836,1.);
#7994=VECTOR('',#12839,1.);
#7995=VECTOR('',#12842,1.);
#7996=VECTOR('',#12845,1.);
#7997=VECTOR('',#12848,1.);
#7998=VECTOR('',#12851,1.);
#7999=VECTOR('',#12854,1.);
#8000=VECTOR('',#12859,1.);
#8001=VECTOR('',#12860,1.);
#8002=VECTOR('',#12863,1.);
#8003=VECTOR('',#12866,1.);
#8004=VECTOR('',#12871,1.);
#8005=VECTOR('',#12872,1.);
#8006=VECTOR('',#12875,1.);
#8007=VECTOR('',#12878,1.);
#8008=VECTOR('',#12883,1.);
#8009=VECTOR('',#12884,1.);
#8010=VECTOR('',#12887,1.);
#8011=VECTOR('',#12890,1.);
#8012=VECTOR('',#12895,1.);
#8013=VECTOR('',#12896,1.);
#8014=VECTOR('',#12899,1.);
#8015=VECTOR('',#12902,1.);
#8016=VECTOR('',#12907,1.);
#8017=VECTOR('',#12908,1.);
#8018=VECTOR('',#12911,1.);
#8019=VECTOR('',#12914,1.);
#8020=VECTOR('',#12917,1.);
#8021=VECTOR('',#12920,1.);
#8022=VECTOR('',#12923,1.);
#8023=VECTOR('',#12926,1.);
#8024=VECTOR('',#12931,1.);
#8025=VECTOR('',#12932,1.);
#8026=VECTOR('',#12935,1.);
#8027=VECTOR('',#12938,1.);
#8028=VECTOR('',#12943,1.);
#8029=VECTOR('',#12944,1.);
#8030=VECTOR('',#12947,1.);
#8031=VECTOR('',#12950,1.);
#8032=VECTOR('',#12953,1.);
#8033=VECTOR('',#12956,1.);
#8034=VECTOR('',#12959,1.);
#8035=VECTOR('',#12962,1.);
#8036=VECTOR('',#12967,1.);
#8037=VECTOR('',#12968,1.);
#8038=VECTOR('',#12971,1.);
#8039=VECTOR('',#12974,1.);
#8040=VECTOR('',#12977,1.);
#8041=VECTOR('',#12980,1.);
#8042=VECTOR('',#12983,1.);
#8043=VECTOR('',#12986,1.);
#8044=VECTOR('',#12991,1.);
#8045=VECTOR('',#12992,1.);
#8046=VECTOR('',#12995,1.);
#8047=VECTOR('',#12998,1.);
#8048=VECTOR('',#13001,1.);
#8049=VECTOR('',#13004,1.);
#8050=VECTOR('',#13009,1.);
#8051=VECTOR('',#13010,1.);
#8052=VECTOR('',#13013,1.);
#8053=VECTOR('',#13016,1.);
#8054=VECTOR('',#13021,1.);
#8055=VECTOR('',#13022,1.);
#8056=VECTOR('',#13025,1.);
#8057=VECTOR('',#13028,1.);
#8058=VECTOR('',#13029,1.);
#8059=VECTOR('',#13032,1.);
#8060=VECTOR('',#13035,1.);
#8061=VECTOR('',#13036,1.);
#8062=VECTOR('',#13039,1.);
#8063=VECTOR('',#13042,1.);
#8064=VECTOR('',#13045,1.);
#8065=VECTOR('',#13050,1.);
#8066=VECTOR('',#13051,1.);
#8067=VECTOR('',#13054,1.);
#8068=VECTOR('',#13055,1.);
#8069=VECTOR('',#13058,1.);
#8070=VECTOR('',#13061,1.);
#8071=VECTOR('',#13064,1.);
#8072=VECTOR('',#13065,1.);
#8073=VECTOR('',#13066,1.);
#8074=VECTOR('',#13069,1.);
#8075=VECTOR('',#13072,1.);
#8076=VECTOR('',#13075,1.);
#8077=VECTOR('',#13078,1.);
#8078=VECTOR('',#13081,1.);
#8079=VECTOR('',#13084,1.);
#8080=VECTOR('',#13085,1.);
#8081=VECTOR('',#13088,1.);
#8082=VECTOR('',#13091,1.);
#8083=VECTOR('',#13094,1.);
#8084=VECTOR('',#13097,1.);
#8085=VECTOR('',#13100,1.);
#8086=VECTOR('',#13103,1.);
#8087=VECTOR('',#13106,1.);
#8088=VECTOR('',#13109,1.);
#8089=VECTOR('',#13112,1.);
#8090=VECTOR('',#13115,1.);
#8091=VECTOR('',#13120,1.);
#8092=VECTOR('',#13121,1.);
#8093=VECTOR('',#13124,1.);
#8094=VECTOR('',#13127,1.);
#8095=VECTOR('',#13128,1.);
#8096=VECTOR('',#13131,1.);
#8097=VECTOR('',#13134,1.);
#8098=VECTOR('',#13137,1.);
#8099=VECTOR('',#13140,1.);
#8100=VECTOR('',#13143,1.);
#8101=VECTOR('',#13144,1.);
#8102=VECTOR('',#13145,1.);
#8103=VECTOR('',#13146,1.);
#8104=VECTOR('',#13151,1.);
#8105=VECTOR('',#13152,1.);
#8106=VECTOR('',#13155,1.);
#8107=VECTOR('',#13158,1.);
#8108=VECTOR('',#13161,1.);
#8109=VECTOR('',#13164,1.);
#8110=VECTOR('',#13167,1.);
#8111=VECTOR('',#13170,1.);
#8112=VECTOR('',#13173,1.);
#8113=VECTOR('',#13176,1.);
#8114=VECTOR('',#13177,1.);
#8115=VECTOR('',#13178,1.);
#8116=VECTOR('',#13181,1.);
#8117=VECTOR('',#13184,1.);
#8118=VECTOR('',#13185,1.);
#8119=VECTOR('',#13186,1.);
#8120=VECTOR('',#13189,1.);
#8121=VECTOR('',#13192,1.);
#8122=VECTOR('',#13195,1.);
#8123=VECTOR('',#13198,1.);
#8124=VECTOR('',#13201,1.);
#8125=VECTOR('',#13204,1.);
#8126=VECTOR('',#13205,1.);
#8127=VECTOR('',#13206,1.);
#8128=VECTOR('',#13209,1.);
#8129=VECTOR('',#13214,1.);
#8130=VECTOR('',#13215,1.);
#8131=VECTOR('',#13218,1.);
#8132=VECTOR('',#13221,1.);
#8133=VECTOR('',#13226,1.);
#8134=VECTOR('',#13227,1.);
#8135=VECTOR('',#13230,1.);
#8136=VECTOR('',#13233,1.);
#8137=VECTOR('',#13236,1.);
#8138=VECTOR('',#13239,1.);
#8139=VECTOR('',#13242,1.);
#8140=VECTOR('',#13247,1.);
#8141=VECTOR('',#13248,1.);
#8142=VECTOR('',#13251,1.);
#8143=VECTOR('',#13254,1.);
#8144=VECTOR('',#13259,1.);
#8145=VECTOR('',#13260,1.);
#8146=VECTOR('',#13263,1.);
#8147=VECTOR('',#13266,1.);
#8148=VECTOR('',#13269,1.);
#8149=VECTOR('',#13272,1.);
#8150=VECTOR('',#13275,1.);
#8151=VECTOR('',#13278,1.);
#8152=VECTOR('',#13283,1.);
#8153=VECTOR('',#13284,1.);
#8154=VECTOR('',#13287,1.);
#8155=VECTOR('',#13290,1.);
#8156=VECTOR('',#13291,1.);
#8157=VECTOR('',#13294,1.);
#8158=VECTOR('',#13297,1.);
#8159=VECTOR('',#13300,1.);
#8160=VECTOR('',#13303,1.);
#8161=VECTOR('',#13306,1.);
#8162=VECTOR('',#13307,1.);
#8163=VECTOR('',#13308,1.);
#8164=VECTOR('',#13309,1.);
#8165=VECTOR('',#13314,1.);
#8166=VECTOR('',#13315,1.);
#8167=VECTOR('',#13318,1.);
#8168=VECTOR('',#13321,1.);
#8169=VECTOR('',#13324,1.);
#8170=VECTOR('',#13327,1.);
#8171=VECTOR('',#13330,1.);
#8172=VECTOR('',#13333,1.);
#8173=VECTOR('',#13336,1.);
#8174=VECTOR('',#13339,1.);
#8175=VECTOR('',#13342,1.);
#8176=VECTOR('',#13345,1.);
#8177=VECTOR('',#13350,1.);
#8178=VECTOR('',#13351,1.);
#8179=VECTOR('',#13354,1.);
#8180=VECTOR('',#13355,1.);
#8181=VECTOR('',#13358,1.);
#8182=VECTOR('',#13361,1.);
#8183=VECTOR('',#13364,1.);
#8184=VECTOR('',#13365,1.);
#8185=VECTOR('',#13366,1.);
#8186=VECTOR('',#13369,1.);
#8187=VECTOR('',#13372,1.);
#8188=VECTOR('',#13375,1.);
#8189=VECTOR('',#13378,1.);
#8190=VECTOR('',#13381,1.);
#8191=VECTOR('',#13384,1.);
#8192=VECTOR('',#13385,1.);
#8193=VECTOR('',#13388,1.);
#8194=VECTOR('',#13391,1.);
#8195=VECTOR('',#13396,1.);
#8196=VECTOR('',#13397,1.);
#8197=VECTOR('',#13400,1.);
#8198=VECTOR('',#13403,1.);
#8199=VECTOR('',#13406,1.);
#8200=VECTOR('',#13407,1.);
#8201=VECTOR('',#13410,1.);
#8202=VECTOR('',#13411,1.);
#8203=VECTOR('',#13414,1.);
#8204=VECTOR('',#13415,1.);
#8205=VECTOR('',#13416,1.);
#8206=VECTOR('',#13417,1.);
#8207=VECTOR('',#13420,1.);
#8208=VECTOR('',#13421,1.);
#8209=VECTOR('',#13424,1.);
#8210=VECTOR('',#13427,1.);
#8211=VECTOR('',#13430,1.);
#8212=VECTOR('',#13433,1.);
#8213=VECTOR('',#13434,1.);
#8214=VECTOR('',#13435,1.);
#8215=VECTOR('',#13438,1.);
#8216=VECTOR('',#13441,1.);
#8217=VECTOR('',#13442,1.);
#8218=VECTOR('',#13443,1.);
#8219=VECTOR('',#13446,1.);
#8220=VECTOR('',#13449,1.);
#8221=EDGE_LOOP('',(#528,#529,#530,#531));
#8222=EDGE_LOOP('',(#532,#533,#534));
#8223=EDGE_LOOP('',(#535,#536,#537,#538));
#8224=EDGE_LOOP('',(#539,#540,#541));
#8225=EDGE_LOOP('',(#542,#543,#544,#545));
#8226=EDGE_LOOP('',(#546,#547,#548,#549,#550,#551));
#8227=EDGE_LOOP('',(#552,#553,#554));
#8228=EDGE_LOOP('',(#555,#556,#557));
#8229=EDGE_LOOP('',(#558,#559,#560));
#8230=EDGE_LOOP('',(#561,#562,#563,#564));
#8231=EDGE_LOOP('',(#565,#566,#567,#568));
#8232=EDGE_LOOP('',(#569,#570,#571,#572,#573));
#8233=EDGE_LOOP('',(#574,#575,#576));
#8234=EDGE_LOOP('',(#577,#578,#579));
#8235=EDGE_LOOP('',(#580,#581,#582,#583,#584,#585));
#8236=EDGE_LOOP('',(#586,#587,#588,#589,#590));
#8237=EDGE_LOOP('',(#591,#592,#593));
#8238=EDGE_LOOP('',(#594,#595,#596));
#8239=EDGE_LOOP('',(#597,#598,#599));
#8240=EDGE_LOOP('',(#600,#601,#602));
#8241=EDGE_LOOP('',(#603,#604,#605,#606,#607));
#8242=EDGE_LOOP('',(#608,#609,#610));
#8243=EDGE_LOOP('',(#611,#612,#613));
#8244=EDGE_LOOP('',(#614,#615,#616));
#8245=EDGE_LOOP('',(#617,#618,#619));
#8246=EDGE_LOOP('',(#620,#621,#622,#623));
#8247=EDGE_LOOP('',(#624,#625,#626));
#8248=EDGE_LOOP('',(#627,#628,#629,#630));
#8249=EDGE_LOOP('',(#631,#632,#633,#634));
#8250=EDGE_LOOP('',(#635,#636,#637));
#8251=EDGE_LOOP('',(#638,#639,#640,#641,#642));
#8252=EDGE_LOOP('',(#643,#644,#645));
#8253=EDGE_LOOP('',(#646,#647,#648,#649));
#8254=EDGE_LOOP('',(#650,#651,#652));
#8255=EDGE_LOOP('',(#653,#654,#655));
#8256=EDGE_LOOP('',(#656,#657,#658));
#8257=EDGE_LOOP('',(#659,#660,#661));
#8258=EDGE_LOOP('',(#662,#663,#664));
#8259=EDGE_LOOP('',(#665,#666,#667));
#8260=EDGE_LOOP('',(#668,#669,#670,#671,#672,#673,#674,#675,#676,#677,#678));
#8261=EDGE_LOOP('',(#679,#680,#681,#682,#683,#684,#685,#686));
#8262=EDGE_LOOP('',(#687,#688,#689,#690));
#8263=EDGE_LOOP('',(#691,#692,#693,#694,#695,#696));
#8264=EDGE_LOOP('',(#697,#698,#699,#700,#701,#702,#703,#704,#705,#706,#707,
#708,#709,#710,#711,#712,#713,#714,#715,#716,#717,#718,#719,#720,#721));
#8265=EDGE_LOOP('',(#722,#723,#724,#725,#726,#727,#728,#729,#730,#731,#732,
#733,#734,#735,#736,#737,#738,#739));
#8266=EDGE_LOOP('',(#740,#741,#742,#743,#744,#745,#746,#747,#748,#749,#750,
#751,#752,#753,#754));
#8267=EDGE_LOOP('',(#755,#756,#757,#758));
#8268=EDGE_LOOP('',(#759,#760,#761,#762,#763,#764,#765,#766,#767,#768,#769,
#770,#771,#772,#773,#774,#775,#776,#777,#778,#779,#780,#781,#782,#783));
#8269=EDGE_LOOP('',(#784,#785,#786,#787,#788,#789,#790,#791));
#8270=EDGE_LOOP('',(#792,#793,#794,#795,#796,#797,#798,#799));
#8271=EDGE_LOOP('',(#800,#801,#802,#803));
#8272=EDGE_LOOP('',(#804,#805,#806,#807));
#8273=EDGE_LOOP('',(#808,#809,#810,#811));
#8274=EDGE_LOOP('',(#812,#813,#814,#815));
#8275=EDGE_LOOP('',(#816,#817,#818,#819,#820,#821,#822,#823));
#8276=EDGE_LOOP('',(#824,#825,#826,#827));
#8277=EDGE_LOOP('',(#828,#829,#830,#831,#832,#833,#834,#835));
#8278=EDGE_LOOP('',(#836,#837,#838,#839,#840,#841,#842,#843));
#8279=EDGE_LOOP('',(#844,#845,#846,#847,#848,#849));
#8280=EDGE_LOOP('',(#850,#851,#852,#853));
#8281=EDGE_LOOP('',(#854,#855,#856,#857,#858,#859,#860,#861,#862,#863,#864));
#8282=EDGE_LOOP('',(#865,#866,#867,#868,#869,#870,#871,#872,#873,#874,#875,
#876,#877,#878));
#8283=EDGE_LOOP('',(#879,#880,#881,#882,#883,#884,#885,#886,#887,#888,#889,
#890));
#8284=EDGE_LOOP('',(#891,#892,#893,#894,#895,#896,#897,#898,#899,#900,#901,
#902,#903));
#8285=EDGE_LOOP('',(#904,#905,#906,#907,#908,#909,#910,#911,#912,#913,#914,
#915,#916,#917,#918,#919,#920,#921,#922,#923,#924,#925,#926,#927,#928));
#8286=EDGE_LOOP('',(#929,#930,#931,#932));
#8287=EDGE_LOOP('',(#933,#934,#935,#936,#937,#938,#939));
#8288=EDGE_LOOP('',(#940,#941,#942,#943));
#8289=EDGE_LOOP('',(#944,#945,#946,#947,#948,#949,#950,#951));
#8290=EDGE_LOOP('',(#952,#953,#954,#955,#956,#957,#958,#959,#960,#961,#962,
#963,#964));
#8291=EDGE_LOOP('',(#965,#966,#967,#968,#969,#970,#971,#972,#973,#974,#975,
#976));
#8292=EDGE_LOOP('',(#977,#978,#979,#980,#981,#982,#983,#984,#985,#986,#987,
#988,#989,#990));
#8293=EDGE_LOOP('',(#991,#992,#993,#994));
#8294=EDGE_LOOP('',(#995,#996,#997,#998));
#8295=EDGE_LOOP('',(#999,#1000,#1001,#1002,#1003,#1004,#1005,#1006,#1007,
#1008,#1009,#1010,#1011,#1012,#1013,#1014,#1015,#1016,#1017,#1018,#1019,
#1020));
#8296=EDGE_LOOP('',(#1021,#1022,#1023,#1024));
#8297=EDGE_LOOP('',(#1025,#1026,#1027,#1028,#1029,#1030,#1031,#1032,#1033,
#1034,#1035,#1036,#1037,#1038));
#8298=EDGE_LOOP('',(#1039,#1040,#1041,#1042,#1043,#1044,#1045,#1046,#1047,
#1048,#1049,#1050,#1051));
#8299=EDGE_LOOP('',(#1052,#1053,#1054,#1055));
#8300=EDGE_LOOP('',(#1056,#1057,#1058,#1059));
#8301=EDGE_LOOP('',(#1060,#1061,#1062,#1063,#1064,#1065,#1066,#1067,#1068,
#1069,#1070,#1071,#1072));
#8302=EDGE_LOOP('',(#1073,#1074,#1075,#1076,#1077,#1078,#1079,#1080,#1081,
#1082,#1083,#1084,#1085,#1086));
#8303=EDGE_LOOP('',(#1087,#1088,#1089,#1090));
#8304=EDGE_LOOP('',(#1091,#1092,#1093,#1094,#1095,#1096,#1097,#1098));
#8305=EDGE_LOOP('',(#1099,#1100,#1101,#1102));
#8306=EDGE_LOOP('',(#1103,#1104,#1105,#1106));
#8307=EDGE_LOOP('',(#1107,#1108,#1109,#1110));
#8308=EDGE_LOOP('',(#1111,#1112,#1113,#1114,#1115,#1116,#1117,#1118));
#8309=EDGE_LOOP('',(#1119,#1120,#1121,#1122,#1123,#1124,#1125,#1126,#1127,
#1128,#1129,#1130,#1131,#1132,#1133,#1134,#1135,#1136,#1137,#1138,#1139,
#1140,#1141,#1142,#1143));
#8310=EDGE_LOOP('',(#1144,#1145,#1146,#1147,#1148,#1149,#1150,#1151,#1152,
#1153,#1154,#1155,#1156,#1157,#1158));
#8311=EDGE_LOOP('',(#1159,#1160,#1161,#1162,#1163,#1164,#1165,#1166,#1167,
#1168,#1169,#1170,#1171,#1172,#1173,#1174,#1175,#1176,#1177,#1178,#1179,
#1180,#1181,#1182,#1183));
#8312=EDGE_LOOP('',(#1184,#1185,#1186,#1187));
#8313=EDGE_LOOP('',(#1188,#1189,#1190,#1191,#1192,#1193,#1194,#1195,#1196,
#1197,#1198));
#8314=EDGE_LOOP('',(#1199,#1200,#1201,#1202));
#8315=EDGE_LOOP('',(#1203,#1204,#1205));
#8316=EDGE_LOOP('',(#1206,#1207,#1208,#1209));
#8317=EDGE_LOOP('',(#1210,#1211,#1212));
#8318=EDGE_LOOP('',(#1213,#1214,#1215,#1216));
#8319=EDGE_LOOP('',(#1217,#1218,#1219,#1220,#1221,#1222));
#8320=EDGE_LOOP('',(#1223,#1224,#1225));
#8321=EDGE_LOOP('',(#1226,#1227,#1228));
#8322=EDGE_LOOP('',(#1229,#1230,#1231));
#8323=EDGE_LOOP('',(#1232,#1233,#1234,#1235));
#8324=EDGE_LOOP('',(#1236,#1237,#1238,#1239));
#8325=EDGE_LOOP('',(#1240,#1241,#1242,#1243,#1244));
#8326=EDGE_LOOP('',(#1245,#1246,#1247));
#8327=EDGE_LOOP('',(#1248,#1249,#1250));
#8328=EDGE_LOOP('',(#1251,#1252,#1253,#1254,#1255,#1256));
#8329=EDGE_LOOP('',(#1257,#1258,#1259,#1260,#1261));
#8330=EDGE_LOOP('',(#1262,#1263,#1264));
#8331=EDGE_LOOP('',(#1265,#1266,#1267));
#8332=EDGE_LOOP('',(#1268,#1269,#1270));
#8333=EDGE_LOOP('',(#1271,#1272,#1273));
#8334=EDGE_LOOP('',(#1274,#1275,#1276,#1277,#1278));
#8335=EDGE_LOOP('',(#1279,#1280,#1281));
#8336=EDGE_LOOP('',(#1282,#1283,#1284));
#8337=EDGE_LOOP('',(#1285,#1286,#1287));
#8338=EDGE_LOOP('',(#1288,#1289,#1290));
#8339=EDGE_LOOP('',(#1291,#1292,#1293,#1294));
#8340=EDGE_LOOP('',(#1295,#1296,#1297));
#8341=EDGE_LOOP('',(#1298,#1299,#1300,#1301));
#8342=EDGE_LOOP('',(#1302,#1303,#1304,#1305));
#8343=EDGE_LOOP('',(#1306,#1307,#1308));
#8344=EDGE_LOOP('',(#1309,#1310,#1311,#1312,#1313));
#8345=EDGE_LOOP('',(#1314,#1315,#1316));
#8346=EDGE_LOOP('',(#1317,#1318,#1319,#1320));
#8347=EDGE_LOOP('',(#1321,#1322,#1323));
#8348=EDGE_LOOP('',(#1324,#1325,#1326));
#8349=EDGE_LOOP('',(#1327,#1328,#1329));
#8350=EDGE_LOOP('',(#1330,#1331,#1332));
#8351=EDGE_LOOP('',(#1333,#1334,#1335));
#8352=EDGE_LOOP('',(#1336,#1337,#1338));
#8353=EDGE_LOOP('',(#1339,#1340,#1341,#1342,#1343,#1344,#1345,#1346));
#8354=EDGE_LOOP('',(#1347,#1348,#1349,#1350,#1351,#1352));
#8355=EDGE_LOOP('',(#1353,#1354,#1355,#1356,#1357,#1358,#1359,#1360,#1361,
#1362,#1363,#1364,#1365,#1366,#1367,#1368,#1369,#1370));
#8356=EDGE_LOOP('',(#1371,#1372,#1373,#1374));
#8357=EDGE_LOOP('',(#1375,#1376,#1377,#1378,#1379,#1380,#1381,#1382));
#8358=EDGE_LOOP('',(#1383,#1384,#1385,#1386));
#8359=EDGE_LOOP('',(#1387,#1388,#1389,#1390));
#8360=EDGE_LOOP('',(#1391,#1392,#1393,#1394,#1395,#1396,#1397,#1398));
#8361=EDGE_LOOP('',(#1399,#1400,#1401,#1402,#1403,#1404,#1405,#1406));
#8362=EDGE_LOOP('',(#1407,#1408,#1409,#1410,#1411,#1412));
#8363=EDGE_LOOP('',(#1413,#1414,#1415,#1416,#1417,#1418,#1419,#1420,#1421,
#1422,#1423));
#8364=EDGE_LOOP('',(#1424,#1425,#1426,#1427,#1428,#1429,#1430,#1431,#1432,
#1433,#1434,#1435));
#8365=EDGE_LOOP('',(#1436,#1437,#1438,#1439,#1440,#1441,#1442,#1443,#1444,
#1445,#1446,#1447,#1448,#1449,#1450,#1451,#1452,#1453,#1454,#1455,#1456,
#1457,#1458,#1459,#1460));
#8366=EDGE_LOOP('',(#1461,#1462,#1463,#1464,#1465,#1466,#1467));
#8367=EDGE_LOOP('',(#1468,#1469,#1470,#1471,#1472,#1473,#1474,#1475));
#8368=EDGE_LOOP('',(#1476,#1477,#1478,#1479,#1480,#1481,#1482,#1483,#1484,
#1485,#1486,#1487));
#8369=EDGE_LOOP('',(#1488,#1489,#1490,#1491));
#8370=EDGE_LOOP('',(#1492,#1493,#1494,#1495,#1496,#1497,#1498,#1499,#1500,
#1501,#1502,#1503,#1504,#1505,#1506,#1507,#1508,#1509,#1510,#1511,#1512,
#1513));
#8371=EDGE_LOOP('',(#1514,#1515,#1516,#1517));
#8372=EDGE_LOOP('',(#1518,#1519,#1520,#1521));
#8373=EDGE_LOOP('',(#1522,#1523,#1524,#1525));
#8374=EDGE_LOOP('',(#1526,#1527,#1528,#1529));
#8375=EDGE_LOOP('',(#1530,#1531,#1532,#1533));
#8376=EDGE_LOOP('',(#1534,#1535,#1536,#1537));
#8377=EDGE_LOOP('',(#1538,#1539,#1540,#1541));
#8378=EDGE_LOOP('',(#1542,#1543,#1544,#1545));
#8379=EDGE_LOOP('',(#1546,#1547,#1548,#1549));
#8380=EDGE_LOOP('',(#1550,#1551,#1552,#1553));
#8381=EDGE_LOOP('',(#1554,#1555,#1556,#1557));
#8382=EDGE_LOOP('',(#1558,#1559,#1560,#1561));
#8383=EDGE_LOOP('',(#1562,#1563,#1564,#1565));
#8384=EDGE_LOOP('',(#1566,#1567,#1568,#1569));
#8385=EDGE_LOOP('',(#1570,#1571,#1572,#1573));
#8386=EDGE_LOOP('',(#1574,#1575,#1576,#1577));
#8387=EDGE_LOOP('',(#1578,#1579,#1580,#1581));
#8388=EDGE_LOOP('',(#1582,#1583,#1584,#1585));
#8389=EDGE_LOOP('',(#1586,#1587,#1588,#1589));
#8390=EDGE_LOOP('',(#1590,#1591,#1592,#1593));
#8391=EDGE_LOOP('',(#1594,#1595,#1596,#1597));
#8392=EDGE_LOOP('',(#1598,#1599,#1600,#1601));
#8393=EDGE_LOOP('',(#1602,#1603,#1604,#1605));
#8394=EDGE_LOOP('',(#1606,#1607,#1608,#1609));
#8395=EDGE_LOOP('',(#1610,#1611,#1612,#1613));
#8396=EDGE_LOOP('',(#1614,#1615,#1616,#1617));
#8397=EDGE_LOOP('',(#1618,#1619,#1620,#1621));
#8398=EDGE_LOOP('',(#1622,#1623,#1624,#1625));
#8399=EDGE_LOOP('',(#1626,#1627,#1628,#1629));
#8400=EDGE_LOOP('',(#1630,#1631,#1632,#1633));
#8401=EDGE_LOOP('',(#1634,#1635,#1636,#1637));
#8402=EDGE_LOOP('',(#1638,#1639,#1640,#1641));
#8403=EDGE_LOOP('',(#1642,#1643,#1644,#1645));
#8404=EDGE_LOOP('',(#1646,#1647,#1648,#1649));
#8405=EDGE_LOOP('',(#1650,#1651,#1652,#1653));
#8406=EDGE_LOOP('',(#1654,#1655,#1656,#1657));
#8407=EDGE_LOOP('',(#1658,#1659,#1660,#1661));
#8408=EDGE_LOOP('',(#1662,#1663,#1664,#1665));
#8409=EDGE_LOOP('',(#1666,#1667,#1668,#1669));
#8410=EDGE_LOOP('',(#1670,#1671,#1672,#1673));
#8411=EDGE_LOOP('',(#1674,#1675,#1676,#1677));
#8412=EDGE_LOOP('',(#1678,#1679,#1680,#1681));
#8413=EDGE_LOOP('',(#1682,#1683,#1684,#1685));
#8414=EDGE_LOOP('',(#1686,#1687,#1688,#1689));
#8415=EDGE_LOOP('',(#1690,#1691,#1692,#1693));
#8416=EDGE_LOOP('',(#1694,#1695,#1696,#1697));
#8417=EDGE_LOOP('',(#1698,#1699,#1700,#1701));
#8418=EDGE_LOOP('',(#1702,#1703,#1704,#1705));
#8419=EDGE_LOOP('',(#1706,#1707,#1708,#1709));
#8420=EDGE_LOOP('',(#1710,#1711,#1712,#1713));
#8421=EDGE_LOOP('',(#1714,#1715,#1716,#1717));
#8422=EDGE_LOOP('',(#1718,#1719,#1720,#1721));
#8423=EDGE_LOOP('',(#1722,#1723,#1724,#1725));
#8424=EDGE_LOOP('',(#1726,#1727,#1728,#1729));
#8425=EDGE_LOOP('',(#1730,#1731,#1732,#1733));
#8426=EDGE_LOOP('',(#1734,#1735,#1736,#1737));
#8427=EDGE_LOOP('',(#1738,#1739,#1740,#1741));
#8428=EDGE_LOOP('',(#1742,#1743,#1744,#1745));
#8429=EDGE_LOOP('',(#1746,#1747,#1748,#1749));
#8430=EDGE_LOOP('',(#1750,#1751,#1752,#1753));
#8431=EDGE_LOOP('',(#1754,#1755,#1756,#1757));
#8432=EDGE_LOOP('',(#1758,#1759,#1760,#1761));
#8433=EDGE_LOOP('',(#1762,#1763,#1764,#1765));
#8434=EDGE_LOOP('',(#1766,#1767,#1768,#1769));
#8435=EDGE_LOOP('',(#1770,#1771,#1772,#1773));
#8436=EDGE_LOOP('',(#1774,#1775,#1776,#1777));
#8437=EDGE_LOOP('',(#1778,#1779,#1780,#1781));
#8438=EDGE_LOOP('',(#1782,#1783,#1784,#1785));
#8439=EDGE_LOOP('',(#1786,#1787,#1788,#1789));
#8440=EDGE_LOOP('',(#1790,#1791,#1792,#1793));
#8441=EDGE_LOOP('',(#1794,#1795,#1796,#1797));
#8442=EDGE_LOOP('',(#1798,#1799,#1800,#1801));
#8443=EDGE_LOOP('',(#1802,#1803,#1804,#1805));
#8444=EDGE_LOOP('',(#1806,#1807,#1808,#1809));
#8445=EDGE_LOOP('',(#1810,#1811,#1812,#1813));
#8446=EDGE_LOOP('',(#1814,#1815,#1816,#1817));
#8447=EDGE_LOOP('',(#1818,#1819,#1820,#1821));
#8448=EDGE_LOOP('',(#1822,#1823,#1824,#1825));
#8449=EDGE_LOOP('',(#1826,#1827,#1828,#1829));
#8450=EDGE_LOOP('',(#1830,#1831,#1832,#1833));
#8451=EDGE_LOOP('',(#1834,#1835,#1836,#1837));
#8452=EDGE_LOOP('',(#1838,#1839,#1840,#1841));
#8453=EDGE_LOOP('',(#1842,#1843,#1844,#1845));
#8454=EDGE_LOOP('',(#1846,#1847,#1848,#1849));
#8455=EDGE_LOOP('',(#1850,#1851,#1852,#1853));
#8456=EDGE_LOOP('',(#1854,#1855,#1856,#1857));
#8457=EDGE_LOOP('',(#1858,#1859,#1860,#1861));
#8458=EDGE_LOOP('',(#1862,#1863,#1864,#1865));
#8459=EDGE_LOOP('',(#1866,#1867,#1868,#1869));
#8460=EDGE_LOOP('',(#1870,#1871,#1872,#1873));
#8461=EDGE_LOOP('',(#1874,#1875,#1876,#1877));
#8462=EDGE_LOOP('',(#1878,#1879,#1880,#1881));
#8463=EDGE_LOOP('',(#1882,#1883,#1884,#1885));
#8464=EDGE_LOOP('',(#1886,#1887,#1888,#1889));
#8465=EDGE_LOOP('',(#1890,#1891,#1892,#1893));
#8466=EDGE_LOOP('',(#1894,#1895,#1896,#1897));
#8467=EDGE_LOOP('',(#1898,#1899,#1900,#1901));
#8468=EDGE_LOOP('',(#1902,#1903,#1904,#1905));
#8469=EDGE_LOOP('',(#1906,#1907,#1908,#1909));
#8470=EDGE_LOOP('',(#1910,#1911,#1912,#1913));
#8471=EDGE_LOOP('',(#1914,#1915,#1916,#1917));
#8472=EDGE_LOOP('',(#1918,#1919,#1920,#1921));
#8473=EDGE_LOOP('',(#1922,#1923,#1924,#1925));
#8474=EDGE_LOOP('',(#1926,#1927,#1928,#1929));
#8475=EDGE_LOOP('',(#1930,#1931,#1932,#1933));
#8476=EDGE_LOOP('',(#1934,#1935,#1936,#1937));
#8477=EDGE_LOOP('',(#1938,#1939,#1940,#1941));
#8478=EDGE_LOOP('',(#1942,#1943,#1944,#1945));
#8479=EDGE_LOOP('',(#1946,#1947,#1948,#1949));
#8480=EDGE_LOOP('',(#1950,#1951,#1952,#1953));
#8481=EDGE_LOOP('',(#1954,#1955,#1956,#1957));
#8482=EDGE_LOOP('',(#1958,#1959,#1960,#1961));
#8483=EDGE_LOOP('',(#1962,#1963,#1964,#1965));
#8484=EDGE_LOOP('',(#1966,#1967,#1968,#1969));
#8485=EDGE_LOOP('',(#1970,#1971,#1972,#1973));
#8486=EDGE_LOOP('',(#1974,#1975,#1976,#1977));
#8487=EDGE_LOOP('',(#1978,#1979,#1980,#1981));
#8488=EDGE_LOOP('',(#1982,#1983,#1984,#1985));
#8489=EDGE_LOOP('',(#1986,#1987,#1988,#1989));
#8490=EDGE_LOOP('',(#1990,#1991,#1992,#1993));
#8491=EDGE_LOOP('',(#1994,#1995,#1996,#1997));
#8492=EDGE_LOOP('',(#1998,#1999,#2000,#2001));
#8493=EDGE_LOOP('',(#2002,#2003,#2004,#2005));
#8494=EDGE_LOOP('',(#2006,#2007,#2008,#2009));
#8495=EDGE_LOOP('',(#2010,#2011,#2012,#2013));
#8496=EDGE_LOOP('',(#2014,#2015,#2016,#2017));
#8497=EDGE_LOOP('',(#2018,#2019,#2020,#2021));
#8498=EDGE_LOOP('',(#2022,#2023,#2024,#2025));
#8499=EDGE_LOOP('',(#2026,#2027,#2028,#2029));
#8500=EDGE_LOOP('',(#2030,#2031,#2032,#2033));
#8501=EDGE_LOOP('',(#2034,#2035,#2036,#2037));
#8502=EDGE_LOOP('',(#2038,#2039,#2040,#2041));
#8503=EDGE_LOOP('',(#2042,#2043,#2044,#2045));
#8504=EDGE_LOOP('',(#2046,#2047,#2048,#2049));
#8505=EDGE_LOOP('',(#2050,#2051,#2052,#2053));
#8506=EDGE_LOOP('',(#2054,#2055,#2056,#2057));
#8507=EDGE_LOOP('',(#2058,#2059,#2060,#2061));
#8508=EDGE_LOOP('',(#2062,#2063,#2064,#2065));
#8509=EDGE_LOOP('',(#2066,#2067,#2068,#2069));
#8510=EDGE_LOOP('',(#2070,#2071,#2072,#2073));
#8511=EDGE_LOOP('',(#2074,#2075,#2076,#2077));
#8512=EDGE_LOOP('',(#2078,#2079,#2080,#2081));
#8513=EDGE_LOOP('',(#2082,#2083,#2084,#2085));
#8514=EDGE_LOOP('',(#2086,#2087,#2088,#2089));
#8515=EDGE_LOOP('',(#2090,#2091,#2092,#2093));
#8516=EDGE_LOOP('',(#2094,#2095,#2096,#2097));
#8517=EDGE_LOOP('',(#2098,#2099,#2100,#2101));
#8518=EDGE_LOOP('',(#2102,#2103,#2104,#2105));
#8519=EDGE_LOOP('',(#2106,#2107,#2108,#2109));
#8520=EDGE_LOOP('',(#2110,#2111,#2112,#2113));
#8521=EDGE_LOOP('',(#2114,#2115,#2116,#2117));
#8522=EDGE_LOOP('',(#2118,#2119,#2120,#2121));
#8523=EDGE_LOOP('',(#2122,#2123,#2124,#2125));
#8524=EDGE_LOOP('',(#2126,#2127,#2128,#2129));
#8525=EDGE_LOOP('',(#2130,#2131,#2132,#2133));
#8526=EDGE_LOOP('',(#2134,#2135,#2136,#2137));
#8527=EDGE_LOOP('',(#2138,#2139,#2140,#2141));
#8528=EDGE_LOOP('',(#2142,#2143,#2144,#2145));
#8529=EDGE_LOOP('',(#2146,#2147,#2148,#2149));
#8530=EDGE_LOOP('',(#2150,#2151,#2152,#2153));
#8531=EDGE_LOOP('',(#2154,#2155,#2156,#2157));
#8532=EDGE_LOOP('',(#2158,#2159,#2160,#2161));
#8533=EDGE_LOOP('',(#2162,#2163,#2164,#2165));
#8534=EDGE_LOOP('',(#2166,#2167,#2168,#2169));
#8535=EDGE_LOOP('',(#2170,#2171,#2172,#2173));
#8536=EDGE_LOOP('',(#2174,#2175,#2176,#2177));
#8537=EDGE_LOOP('',(#2178,#2179,#2180,#2181));
#8538=EDGE_LOOP('',(#2182,#2183,#2184,#2185));
#8539=EDGE_LOOP('',(#2186,#2187,#2188,#2189));
#8540=EDGE_LOOP('',(#2190,#2191,#2192,#2193));
#8541=EDGE_LOOP('',(#2194,#2195,#2196,#2197));
#8542=EDGE_LOOP('',(#2198,#2199,#2200,#2201));
#8543=EDGE_LOOP('',(#2202,#2203,#2204,#2205));
#8544=EDGE_LOOP('',(#2206,#2207,#2208,#2209));
#8545=EDGE_LOOP('',(#2210,#2211,#2212,#2213));
#8546=EDGE_LOOP('',(#2214,#2215,#2216,#2217));
#8547=EDGE_LOOP('',(#2218,#2219,#2220,#2221));
#8548=EDGE_LOOP('',(#2222,#2223,#2224,#2225));
#8549=EDGE_LOOP('',(#2226,#2227,#2228,#2229));
#8550=EDGE_LOOP('',(#2230,#2231,#2232,#2233));
#8551=EDGE_LOOP('',(#2234,#2235,#2236,#2237));
#8552=EDGE_LOOP('',(#2238,#2239,#2240,#2241));
#8553=EDGE_LOOP('',(#2242,#2243,#2244,#2245));
#8554=EDGE_LOOP('',(#2246,#2247,#2248,#2249));
#8555=EDGE_LOOP('',(#2250,#2251,#2252,#2253));
#8556=EDGE_LOOP('',(#2254,#2255,#2256,#2257));
#8557=EDGE_LOOP('',(#2258,#2259,#2260,#2261));
#8558=EDGE_LOOP('',(#2262,#2263,#2264,#2265));
#8559=EDGE_LOOP('',(#2266,#2267,#2268,#2269));
#8560=EDGE_LOOP('',(#2270,#2271,#2272,#2273));
#8561=EDGE_LOOP('',(#2274,#2275,#2276,#2277));
#8562=EDGE_LOOP('',(#2278,#2279,#2280,#2281));
#8563=EDGE_LOOP('',(#2282,#2283,#2284,#2285));
#8564=EDGE_LOOP('',(#2286,#2287,#2288,#2289));
#8565=EDGE_LOOP('',(#2290,#2291,#2292,#2293));
#8566=EDGE_LOOP('',(#2294,#2295,#2296,#2297));
#8567=EDGE_LOOP('',(#2298,#2299,#2300,#2301));
#8568=EDGE_LOOP('',(#2302,#2303,#2304,#2305));
#8569=EDGE_LOOP('',(#2306,#2307,#2308,#2309));
#8570=EDGE_LOOP('',(#2310,#2311,#2312,#2313));
#8571=EDGE_LOOP('',(#2314,#2315,#2316,#2317));
#8572=EDGE_LOOP('',(#2318,#2319,#2320,#2321));
#8573=EDGE_LOOP('',(#2322,#2323,#2324,#2325));
#8574=EDGE_LOOP('',(#2326,#2327,#2328,#2329));
#8575=EDGE_LOOP('',(#2330,#2331,#2332,#2333));
#8576=EDGE_LOOP('',(#2334,#2335,#2336,#2337));
#8577=EDGE_LOOP('',(#2338,#2339,#2340,#2341));
#8578=EDGE_LOOP('',(#2342,#2343,#2344,#2345));
#8579=EDGE_LOOP('',(#2346,#2347,#2348,#2349));
#8580=EDGE_LOOP('',(#2350,#2351,#2352,#2353));
#8581=EDGE_LOOP('',(#2354,#2355,#2356,#2357));
#8582=EDGE_LOOP('',(#2358,#2359,#2360,#2361));
#8583=EDGE_LOOP('',(#2362,#2363,#2364,#2365));
#8584=EDGE_LOOP('',(#2366,#2367,#2368,#2369));
#8585=EDGE_LOOP('',(#2370,#2371,#2372,#2373));
#8586=EDGE_LOOP('',(#2374,#2375,#2376,#2377));
#8587=EDGE_LOOP('',(#2378,#2379,#2380,#2381));
#8588=EDGE_LOOP('',(#2382,#2383,#2384,#2385));
#8589=EDGE_LOOP('',(#2386,#2387,#2388,#2389));
#8590=EDGE_LOOP('',(#2390,#2391,#2392,#2393));
#8591=EDGE_LOOP('',(#2394,#2395,#2396,#2397));
#8592=EDGE_LOOP('',(#2398,#2399,#2400,#2401));
#8593=EDGE_LOOP('',(#2402,#2403,#2404,#2405));
#8594=EDGE_LOOP('',(#2406,#2407,#2408,#2409));
#8595=EDGE_LOOP('',(#2410,#2411,#2412,#2413));
#8596=EDGE_LOOP('',(#2414,#2415,#2416,#2417));
#8597=EDGE_LOOP('',(#2418,#2419,#2420,#2421));
#8598=EDGE_LOOP('',(#2422,#2423,#2424,#2425));
#8599=EDGE_LOOP('',(#2426,#2427,#2428,#2429));
#8600=EDGE_LOOP('',(#2430,#2431,#2432,#2433));
#8601=EDGE_LOOP('',(#2434,#2435,#2436,#2437));
#8602=EDGE_LOOP('',(#2438,#2439,#2440,#2441));
#8603=EDGE_LOOP('',(#2442,#2443,#2444,#2445));
#8604=EDGE_LOOP('',(#2446,#2447,#2448,#2449));
#8605=EDGE_LOOP('',(#2450,#2451,#2452,#2453));
#8606=EDGE_LOOP('',(#2454,#2455,#2456,#2457));
#8607=EDGE_LOOP('',(#2458,#2459,#2460,#2461));
#8608=EDGE_LOOP('',(#2462,#2463,#2464,#2465));
#8609=EDGE_LOOP('',(#2466,#2467,#2468,#2469));
#8610=EDGE_LOOP('',(#2470,#2471,#2472,#2473));
#8611=EDGE_LOOP('',(#2474,#2475,#2476,#2477));
#8612=EDGE_LOOP('',(#2478,#2479,#2480,#2481));
#8613=EDGE_LOOP('',(#2482,#2483,#2484,#2485));
#8614=EDGE_LOOP('',(#2486,#2487,#2488,#2489));
#8615=EDGE_LOOP('',(#2490,#2491,#2492,#2493));
#8616=EDGE_LOOP('',(#2494,#2495,#2496,#2497));
#8617=EDGE_LOOP('',(#2498,#2499,#2500,#2501));
#8618=EDGE_LOOP('',(#2502,#2503,#2504,#2505));
#8619=EDGE_LOOP('',(#2506,#2507,#2508,#2509));
#8620=EDGE_LOOP('',(#2510,#2511,#2512,#2513));
#8621=EDGE_LOOP('',(#2514,#2515,#2516,#2517));
#8622=EDGE_LOOP('',(#2518,#2519,#2520,#2521));
#8623=EDGE_LOOP('',(#2522,#2523,#2524,#2525));
#8624=EDGE_LOOP('',(#2526,#2527,#2528,#2529));
#8625=EDGE_LOOP('',(#2530,#2531,#2532,#2533));
#8626=EDGE_LOOP('',(#2534,#2535,#2536,#2537));
#8627=EDGE_LOOP('',(#2538,#2539,#2540,#2541));
#8628=EDGE_LOOP('',(#2542,#2543,#2544,#2545));
#8629=EDGE_LOOP('',(#2546,#2547,#2548,#2549));
#8630=EDGE_LOOP('',(#2550,#2551,#2552,#2553));
#8631=EDGE_LOOP('',(#2554,#2555,#2556,#2557));
#8632=EDGE_LOOP('',(#2558,#2559,#2560,#2561));
#8633=EDGE_LOOP('',(#2562,#2563,#2564,#2565));
#8634=EDGE_LOOP('',(#2566,#2567,#2568,#2569));
#8635=EDGE_LOOP('',(#2570,#2571,#2572,#2573));
#8636=EDGE_LOOP('',(#2574,#2575,#2576,#2577));
#8637=EDGE_LOOP('',(#2578,#2579,#2580,#2581));
#8638=EDGE_LOOP('',(#2582,#2583,#2584,#2585));
#8639=EDGE_LOOP('',(#2586,#2587,#2588,#2589));
#8640=EDGE_LOOP('',(#2590,#2591,#2592,#2593));
#8641=EDGE_LOOP('',(#2594,#2595,#2596,#2597));
#8642=EDGE_LOOP('',(#2598,#2599,#2600,#2601));
#8643=EDGE_LOOP('',(#2602,#2603,#2604,#2605));
#8644=EDGE_LOOP('',(#2606,#2607,#2608,#2609));
#8645=EDGE_LOOP('',(#2610,#2611,#2612,#2613));
#8646=EDGE_LOOP('',(#2614,#2615,#2616,#2617));
#8647=EDGE_LOOP('',(#2618,#2619,#2620,#2621));
#8648=EDGE_LOOP('',(#2622,#2623,#2624,#2625));
#8649=EDGE_LOOP('',(#2626,#2627,#2628,#2629));
#8650=EDGE_LOOP('',(#2630,#2631,#2632,#2633));
#8651=EDGE_LOOP('',(#2634,#2635,#2636,#2637));
#8652=EDGE_LOOP('',(#2638,#2639,#2640,#2641));
#8653=EDGE_LOOP('',(#2642,#2643,#2644,#2645));
#8654=EDGE_LOOP('',(#2646,#2647,#2648,#2649));
#8655=EDGE_LOOP('',(#2650,#2651,#2652,#2653));
#8656=EDGE_LOOP('',(#2654,#2655,#2656,#2657));
#8657=EDGE_LOOP('',(#2658,#2659,#2660,#2661));
#8658=EDGE_LOOP('',(#2662,#2663,#2664,#2665));
#8659=EDGE_LOOP('',(#2666,#2667,#2668,#2669));
#8660=EDGE_LOOP('',(#2670,#2671,#2672,#2673));
#8661=EDGE_LOOP('',(#2674,#2675,#2676,#2677));
#8662=EDGE_LOOP('',(#2678,#2679,#2680,#2681));
#8663=EDGE_LOOP('',(#2682,#2683,#2684,#2685));
#8664=EDGE_LOOP('',(#2686,#2687,#2688,#2689));
#8665=EDGE_LOOP('',(#2690,#2691,#2692,#2693));
#8666=EDGE_LOOP('',(#2694,#2695,#2696,#2697));
#8667=EDGE_LOOP('',(#2698,#2699,#2700,#2701));
#8668=EDGE_LOOP('',(#2702,#2703,#2704,#2705));
#8669=EDGE_LOOP('',(#2706,#2707,#2708,#2709));
#8670=EDGE_LOOP('',(#2710,#2711,#2712,#2713));
#8671=EDGE_LOOP('',(#2714,#2715,#2716,#2717));
#8672=EDGE_LOOP('',(#2718,#2719,#2720,#2721));
#8673=EDGE_LOOP('',(#2722,#2723,#2724,#2725));
#8674=EDGE_LOOP('',(#2726,#2727,#2728,#2729));
#8675=EDGE_LOOP('',(#2730,#2731,#2732,#2733));
#8676=EDGE_LOOP('',(#2734,#2735,#2736,#2737));
#8677=EDGE_LOOP('',(#2738,#2739,#2740,#2741));
#8678=EDGE_LOOP('',(#2742,#2743,#2744,#2745));
#8679=EDGE_LOOP('',(#2746,#2747,#2748,#2749));
#8680=EDGE_LOOP('',(#2750,#2751,#2752,#2753));
#8681=EDGE_LOOP('',(#2754,#2755,#2756,#2757));
#8682=EDGE_LOOP('',(#2758,#2759,#2760,#2761));
#8683=EDGE_LOOP('',(#2762,#2763,#2764,#2765));
#8684=EDGE_LOOP('',(#2766,#2767,#2768,#2769));
#8685=EDGE_LOOP('',(#2770,#2771,#2772,#2773));
#8686=EDGE_LOOP('',(#2774,#2775,#2776,#2777));
#8687=EDGE_LOOP('',(#2778,#2779,#2780,#2781));
#8688=EDGE_LOOP('',(#2782,#2783,#2784,#2785));
#8689=EDGE_LOOP('',(#2786,#2787,#2788,#2789));
#8690=EDGE_LOOP('',(#2790,#2791,#2792,#2793));
#8691=EDGE_LOOP('',(#2794,#2795,#2796,#2797));
#8692=EDGE_LOOP('',(#2798,#2799,#2800,#2801));
#8693=EDGE_LOOP('',(#2802,#2803,#2804,#2805));
#8694=EDGE_LOOP('',(#2806,#2807,#2808,#2809));
#8695=EDGE_LOOP('',(#2810,#2811,#2812,#2813));
#8696=EDGE_LOOP('',(#2814,#2815,#2816,#2817));
#8697=EDGE_LOOP('',(#2818,#2819,#2820,#2821));
#8698=EDGE_LOOP('',(#2822,#2823,#2824,#2825));
#8699=EDGE_LOOP('',(#2826,#2827,#2828,#2829));
#8700=EDGE_LOOP('',(#2830,#2831,#2832,#2833));
#8701=EDGE_LOOP('',(#2834,#2835,#2836,#2837));
#8702=EDGE_LOOP('',(#2838,#2839,#2840,#2841));
#8703=EDGE_LOOP('',(#2842,#2843,#2844,#2845));
#8704=EDGE_LOOP('',(#2846,#2847,#2848,#2849));
#8705=EDGE_LOOP('',(#2850,#2851,#2852,#2853));
#8706=EDGE_LOOP('',(#2854,#2855,#2856,#2857));
#8707=EDGE_LOOP('',(#2858,#2859,#2860,#2861));
#8708=EDGE_LOOP('',(#2862,#2863,#2864,#2865));
#8709=EDGE_LOOP('',(#2866,#2867,#2868,#2869));
#8710=EDGE_LOOP('',(#2870,#2871,#2872,#2873));
#8711=EDGE_LOOP('',(#2874,#2875,#2876,#2877));
#8712=EDGE_LOOP('',(#2878,#2879,#2880,#2881));
#8713=EDGE_LOOP('',(#2882,#2883,#2884,#2885));
#8714=EDGE_LOOP('',(#2886,#2887,#2888,#2889));
#8715=EDGE_LOOP('',(#2890,#2891,#2892,#2893));
#8716=EDGE_LOOP('',(#2894,#2895,#2896,#2897));
#8717=EDGE_LOOP('',(#2898,#2899,#2900,#2901));
#8718=EDGE_LOOP('',(#2902,#2903,#2904,#2905));
#8719=EDGE_LOOP('',(#2906,#2907,#2908,#2909));
#8720=EDGE_LOOP('',(#2910,#2911,#2912,#2913));
#8721=EDGE_LOOP('',(#2914,#2915,#2916,#2917));
#8722=EDGE_LOOP('',(#2918,#2919,#2920,#2921));
#8723=EDGE_LOOP('',(#2922,#2923,#2924,#2925));
#8724=EDGE_LOOP('',(#2926,#2927,#2928,#2929));
#8725=EDGE_LOOP('',(#2930,#2931,#2932,#2933));
#8726=EDGE_LOOP('',(#2934,#2935,#2936,#2937));
#8727=EDGE_LOOP('',(#2938,#2939,#2940,#2941));
#8728=EDGE_LOOP('',(#2942,#2943,#2944,#2945));
#8729=EDGE_LOOP('',(#2946,#2947,#2948,#2949));
#8730=EDGE_LOOP('',(#2950,#2951,#2952,#2953));
#8731=EDGE_LOOP('',(#2954,#2955,#2956,#2957));
#8732=EDGE_LOOP('',(#2958,#2959,#2960,#2961));
#8733=EDGE_LOOP('',(#2962,#2963,#2964,#2965));
#8734=EDGE_LOOP('',(#2966,#2967,#2968,#2969));
#8735=EDGE_LOOP('',(#2970,#2971,#2972,#2973));
#8736=EDGE_LOOP('',(#2974,#2975,#2976,#2977));
#8737=EDGE_LOOP('',(#2978,#2979,#2980,#2981));
#8738=EDGE_LOOP('',(#2982,#2983,#2984,#2985));
#8739=EDGE_LOOP('',(#2986,#2987,#2988,#2989));
#8740=EDGE_LOOP('',(#2990,#2991,#2992,#2993));
#8741=EDGE_LOOP('',(#2994,#2995,#2996,#2997));
#8742=EDGE_LOOP('',(#2998,#2999,#3000,#3001));
#8743=EDGE_LOOP('',(#3002,#3003,#3004,#3005));
#8744=EDGE_LOOP('',(#3006,#3007,#3008,#3009));
#8745=EDGE_LOOP('',(#3010,#3011,#3012,#3013));
#8746=EDGE_LOOP('',(#3014,#3015,#3016,#3017));
#8747=EDGE_LOOP('',(#3018,#3019,#3020,#3021));
#8748=EDGE_LOOP('',(#3022,#3023,#3024,#3025));
#8749=EDGE_LOOP('',(#3026,#3027,#3028,#3029));
#8750=EDGE_LOOP('',(#3030,#3031,#3032,#3033));
#8751=EDGE_LOOP('',(#3034,#3035,#3036,#3037));
#8752=EDGE_LOOP('',(#3038,#3039,#3040,#3041));
#8753=EDGE_LOOP('',(#3042,#3043,#3044,#3045));
#8754=EDGE_LOOP('',(#3046,#3047,#3048,#3049));
#8755=EDGE_LOOP('',(#3050,#3051,#3052,#3053));
#8756=EDGE_LOOP('',(#3054,#3055,#3056,#3057));
#8757=EDGE_LOOP('',(#3058,#3059,#3060,#3061));
#8758=EDGE_LOOP('',(#3062,#3063,#3064,#3065));
#8759=EDGE_LOOP('',(#3066,#3067,#3068,#3069));
#8760=EDGE_LOOP('',(#3070,#3071,#3072,#3073));
#8761=EDGE_LOOP('',(#3074,#3075,#3076,#3077));
#8762=EDGE_LOOP('',(#3078,#3079,#3080,#3081));
#8763=EDGE_LOOP('',(#3082,#3083,#3084,#3085));
#8764=EDGE_LOOP('',(#3086,#3087,#3088,#3089));
#8765=EDGE_LOOP('',(#3090,#3091,#3092,#3093));
#8766=EDGE_LOOP('',(#3094,#3095,#3096,#3097));
#8767=EDGE_LOOP('',(#3098,#3099,#3100,#3101));
#8768=EDGE_LOOP('',(#3102,#3103,#3104,#3105));
#8769=EDGE_LOOP('',(#3106,#3107,#3108,#3109));
#8770=EDGE_LOOP('',(#3110,#3111,#3112,#3113));
#8771=EDGE_LOOP('',(#3114,#3115,#3116,#3117));
#8772=EDGE_LOOP('',(#3118,#3119,#3120,#3121));
#8773=EDGE_LOOP('',(#3122,#3123,#3124,#3125));
#8774=EDGE_LOOP('',(#3126,#3127,#3128,#3129));
#8775=EDGE_LOOP('',(#3130,#3131,#3132,#3133));
#8776=EDGE_LOOP('',(#3134,#3135,#3136,#3137));
#8777=EDGE_LOOP('',(#3138,#3139,#3140,#3141));
#8778=EDGE_LOOP('',(#3142,#3143,#3144,#3145));
#8779=EDGE_LOOP('',(#3146,#3147,#3148,#3149));
#8780=EDGE_LOOP('',(#3150,#3151,#3152,#3153));
#8781=EDGE_LOOP('',(#3154,#3155,#3156,#3157));
#8782=EDGE_LOOP('',(#3158,#3159,#3160,#3161));
#8783=EDGE_LOOP('',(#3162,#3163,#3164,#3165));
#8784=EDGE_LOOP('',(#3166,#3167,#3168,#3169));
#8785=EDGE_LOOP('',(#3170,#3171,#3172,#3173));
#8786=EDGE_LOOP('',(#3174,#3175,#3176,#3177));
#8787=EDGE_LOOP('',(#3178,#3179,#3180,#3181));
#8788=EDGE_LOOP('',(#3182,#3183,#3184,#3185));
#8789=EDGE_LOOP('',(#3186,#3187,#3188,#3189));
#8790=EDGE_LOOP('',(#3190,#3191,#3192,#3193));
#8791=EDGE_LOOP('',(#3194,#3195,#3196,#3197));
#8792=EDGE_LOOP('',(#3198,#3199,#3200,#3201));
#8793=EDGE_LOOP('',(#3202,#3203,#3204,#3205));
#8794=EDGE_LOOP('',(#3206,#3207,#3208,#3209));
#8795=EDGE_LOOP('',(#3210,#3211,#3212,#3213));
#8796=EDGE_LOOP('',(#3214,#3215,#3216,#3217));
#8797=EDGE_LOOP('',(#3218,#3219,#3220,#3221));
#8798=EDGE_LOOP('',(#3222,#3223,#3224,#3225));
#8799=EDGE_LOOP('',(#3226,#3227,#3228,#3229));
#8800=EDGE_LOOP('',(#3230,#3231,#3232,#3233));
#8801=EDGE_LOOP('',(#3234,#3235,#3236,#3237));
#8802=EDGE_LOOP('',(#3238,#3239,#3240,#3241));
#8803=EDGE_LOOP('',(#3242,#3243,#3244,#3245));
#8804=EDGE_LOOP('',(#3246,#3247,#3248,#3249));
#8805=EDGE_LOOP('',(#3250,#3251,#3252,#3253));
#8806=EDGE_LOOP('',(#3254,#3255,#3256,#3257));
#8807=EDGE_LOOP('',(#3258,#3259,#3260,#3261));
#8808=EDGE_LOOP('',(#3262,#3263,#3264,#3265));
#8809=EDGE_LOOP('',(#3266,#3267,#3268,#3269));
#8810=EDGE_LOOP('',(#3270,#3271,#3272,#3273));
#8811=EDGE_LOOP('',(#3274,#3275,#3276,#3277));
#8812=EDGE_LOOP('',(#3278,#3279,#3280,#3281));
#8813=EDGE_LOOP('',(#3282,#3283,#3284,#3285));
#8814=EDGE_LOOP('',(#3286,#3287,#3288,#3289));
#8815=EDGE_LOOP('',(#3290,#3291,#3292,#3293));
#8816=EDGE_LOOP('',(#3294,#3295,#3296,#3297));
#8817=EDGE_LOOP('',(#3298,#3299,#3300,#3301));
#8818=EDGE_LOOP('',(#3302,#3303,#3304,#3305));
#8819=EDGE_LOOP('',(#3306,#3307,#3308,#3309));
#8820=EDGE_LOOP('',(#3310,#3311,#3312,#3313));
#8821=EDGE_LOOP('',(#3314,#3315,#3316,#3317));
#8822=EDGE_LOOP('',(#3318,#3319,#3320,#3321));
#8823=EDGE_LOOP('',(#3322,#3323,#3324,#3325));
#8824=EDGE_LOOP('',(#3326,#3327,#3328,#3329));
#8825=EDGE_LOOP('',(#3330,#3331,#3332,#3333));
#8826=EDGE_LOOP('',(#3334,#3335,#3336,#3337));
#8827=EDGE_LOOP('',(#3338,#3339,#3340,#3341));
#8828=EDGE_LOOP('',(#3342,#3343,#3344,#3345));
#8829=EDGE_LOOP('',(#3346,#3347,#3348,#3349));
#8830=EDGE_LOOP('',(#3350,#3351,#3352,#3353));
#8831=EDGE_LOOP('',(#3354,#3355,#3356,#3357));
#8832=EDGE_LOOP('',(#3358,#3359,#3360,#3361));
#8833=EDGE_LOOP('',(#3362,#3363,#3364,#3365));
#8834=EDGE_LOOP('',(#3366,#3367,#3368,#3369));
#8835=EDGE_LOOP('',(#3370,#3371,#3372,#3373));
#8836=EDGE_LOOP('',(#3374,#3375,#3376,#3377));
#8837=EDGE_LOOP('',(#3378,#3379,#3380,#3381));
#8838=EDGE_LOOP('',(#3382,#3383,#3384,#3385));
#8839=EDGE_LOOP('',(#3386,#3387,#3388,#3389));
#8840=EDGE_LOOP('',(#3390,#3391,#3392,#3393));
#8841=EDGE_LOOP('',(#3394,#3395,#3396,#3397));
#8842=EDGE_LOOP('',(#3398,#3399,#3400,#3401));
#8843=EDGE_LOOP('',(#3402,#3403,#3404,#3405));
#8844=EDGE_LOOP('',(#3406,#3407,#3408,#3409));
#8845=EDGE_LOOP('',(#3410,#3411,#3412,#3413));
#8846=EDGE_LOOP('',(#3414,#3415,#3416,#3417));
#8847=EDGE_LOOP('',(#3418,#3419,#3420,#3421));
#8848=EDGE_LOOP('',(#3422,#3423,#3424,#3425));
#8849=EDGE_LOOP('',(#3426,#3427,#3428,#3429));
#8850=EDGE_LOOP('',(#3430,#3431,#3432,#3433));
#8851=EDGE_LOOP('',(#3434,#3435,#3436,#3437));
#8852=EDGE_LOOP('',(#3438,#3439,#3440,#3441));
#8853=EDGE_LOOP('',(#3442,#3443,#3444,#3445));
#8854=EDGE_LOOP('',(#3446,#3447,#3448,#3449));
#8855=EDGE_LOOP('',(#3450,#3451,#3452,#3453));
#8856=EDGE_LOOP('',(#3454,#3455,#3456,#3457));
#8857=EDGE_LOOP('',(#3458,#3459,#3460,#3461));
#8858=EDGE_LOOP('',(#3462,#3463,#3464,#3465));
#8859=EDGE_LOOP('',(#3466,#3467,#3468,#3469));
#8860=EDGE_LOOP('',(#3470,#3471,#3472,#3473));
#8861=EDGE_LOOP('',(#3474,#3475,#3476,#3477));
#8862=EDGE_LOOP('',(#3478,#3479,#3480,#3481));
#8863=EDGE_LOOP('',(#3482,#3483,#3484,#3485));
#8864=FACE_BOUND('',#8221,.T.);
#8865=FACE_BOUND('',#8222,.T.);
#8866=FACE_BOUND('',#8223,.T.);
#8867=FACE_BOUND('',#8224,.T.);
#8868=FACE_BOUND('',#8225,.T.);
#8869=FACE_BOUND('',#8226,.T.);
#8870=FACE_BOUND('',#8227,.T.);
#8871=FACE_BOUND('',#8228,.T.);
#8872=FACE_BOUND('',#8229,.T.);
#8873=FACE_BOUND('',#8230,.T.);
#8874=FACE_BOUND('',#8231,.T.);
#8875=FACE_BOUND('',#8232,.T.);
#8876=FACE_BOUND('',#8233,.T.);
#8877=FACE_BOUND('',#8234,.T.);
#8878=FACE_BOUND('',#8235,.T.);
#8879=FACE_BOUND('',#8236,.T.);
#8880=FACE_BOUND('',#8237,.T.);
#8881=FACE_BOUND('',#8238,.T.);
#8882=FACE_BOUND('',#8239,.T.);
#8883=FACE_BOUND('',#8240,.T.);
#8884=FACE_BOUND('',#8241,.T.);
#8885=FACE_BOUND('',#8242,.T.);
#8886=FACE_BOUND('',#8243,.T.);
#8887=FACE_BOUND('',#8244,.T.);
#8888=FACE_BOUND('',#8245,.T.);
#8889=FACE_BOUND('',#8246,.T.);
#8890=FACE_BOUND('',#8247,.T.);
#8891=FACE_BOUND('',#8248,.T.);
#8892=FACE_BOUND('',#8249,.T.);
#8893=FACE_BOUND('',#8250,.T.);
#8894=FACE_BOUND('',#8251,.T.);
#8895=FACE_BOUND('',#8252,.T.);
#8896=FACE_BOUND('',#8253,.T.);
#8897=FACE_BOUND('',#8254,.T.);
#8898=FACE_BOUND('',#8255,.T.);
#8899=FACE_BOUND('',#8256,.T.);
#8900=FACE_BOUND('',#8257,.T.);
#8901=FACE_BOUND('',#8258,.T.);
#8902=FACE_BOUND('',#8259,.T.);
#8903=FACE_BOUND('',#8260,.T.);
#8904=FACE_BOUND('',#8261,.T.);
#8905=FACE_BOUND('',#8262,.T.);
#8906=FACE_BOUND('',#8263,.T.);
#8907=FACE_BOUND('',#8264,.T.);
#8908=FACE_BOUND('',#8265,.T.);
#8909=FACE_BOUND('',#8266,.T.);
#8910=FACE_BOUND('',#8267,.T.);
#8911=FACE_BOUND('',#8268,.T.);
#8912=FACE_BOUND('',#8269,.T.);
#8913=FACE_BOUND('',#8270,.T.);
#8914=FACE_BOUND('',#8271,.T.);
#8915=FACE_BOUND('',#8272,.T.);
#8916=FACE_BOUND('',#8273,.T.);
#8917=FACE_BOUND('',#8274,.T.);
#8918=FACE_BOUND('',#8275,.T.);
#8919=FACE_BOUND('',#8276,.T.);
#8920=FACE_BOUND('',#8277,.T.);
#8921=FACE_BOUND('',#8278,.T.);
#8922=FACE_BOUND('',#8279,.T.);
#8923=FACE_BOUND('',#8280,.T.);
#8924=FACE_BOUND('',#8281,.T.);
#8925=FACE_BOUND('',#8282,.T.);
#8926=FACE_BOUND('',#8283,.T.);
#8927=FACE_BOUND('',#8284,.T.);
#8928=FACE_BOUND('',#8285,.T.);
#8929=FACE_BOUND('',#8286,.T.);
#8930=FACE_BOUND('',#8287,.T.);
#8931=FACE_BOUND('',#8288,.T.);
#8932=FACE_BOUND('',#8289,.T.);
#8933=FACE_BOUND('',#8290,.T.);
#8934=FACE_BOUND('',#8291,.T.);
#8935=FACE_BOUND('',#8292,.T.);
#8936=FACE_BOUND('',#8293,.T.);
#8937=FACE_BOUND('',#8294,.T.);
#8938=FACE_BOUND('',#8295,.T.);
#8939=FACE_BOUND('',#8296,.T.);
#8940=FACE_BOUND('',#8297,.T.);
#8941=FACE_BOUND('',#8298,.T.);
#8942=FACE_BOUND('',#8299,.T.);
#8943=FACE_BOUND('',#8300,.T.);
#8944=FACE_BOUND('',#8301,.T.);
#8945=FACE_BOUND('',#8302,.T.);
#8946=FACE_BOUND('',#8303,.T.);
#8947=FACE_BOUND('',#8304,.T.);
#8948=FACE_BOUND('',#8305,.T.);
#8949=FACE_BOUND('',#8306,.T.);
#8950=FACE_BOUND('',#8307,.T.);
#8951=FACE_BOUND('',#8308,.T.);
#8952=FACE_BOUND('',#8309,.T.);
#8953=FACE_BOUND('',#8310,.T.);
#8954=FACE_BOUND('',#8311,.T.);
#8955=FACE_BOUND('',#8312,.T.);
#8956=FACE_BOUND('',#8313,.T.);
#8957=FACE_BOUND('',#8314,.T.);
#8958=FACE_BOUND('',#8315,.T.);
#8959=FACE_BOUND('',#8316,.T.);
#8960=FACE_BOUND('',#8317,.T.);
#8961=FACE_BOUND('',#8318,.T.);
#8962=FACE_BOUND('',#8319,.T.);
#8963=FACE_BOUND('',#8320,.T.);
#8964=FACE_BOUND('',#8321,.T.);
#8965=FACE_BOUND('',#8322,.T.);
#8966=FACE_BOUND('',#8323,.T.);
#8967=FACE_BOUND('',#8324,.T.);
#8968=FACE_BOUND('',#8325,.T.);
#8969=FACE_BOUND('',#8326,.T.);
#8970=FACE_BOUND('',#8327,.T.);
#8971=FACE_BOUND('',#8328,.T.);
#8972=FACE_BOUND('',#8329,.T.);
#8973=FACE_BOUND('',#8330,.T.);
#8974=FACE_BOUND('',#8331,.T.);
#8975=FACE_BOUND('',#8332,.T.);
#8976=FACE_BOUND('',#8333,.T.);
#8977=FACE_BOUND('',#8334,.T.);
#8978=FACE_BOUND('',#8335,.T.);
#8979=FACE_BOUND('',#8336,.T.);
#8980=FACE_BOUND('',#8337,.T.);
#8981=FACE_BOUND('',#8338,.T.);
#8982=FACE_BOUND('',#8339,.T.);
#8983=FACE_BOUND('',#8340,.T.);
#8984=FACE_BOUND('',#8341,.T.);
#8985=FACE_BOUND('',#8342,.T.);
#8986=FACE_BOUND('',#8343,.T.);
#8987=FACE_BOUND('',#8344,.T.);
#8988=FACE_BOUND('',#8345,.T.);
#8989=FACE_BOUND('',#8346,.T.);
#8990=FACE_BOUND('',#8347,.T.);
#8991=FACE_BOUND('',#8348,.T.);
#8992=FACE_BOUND('',#8349,.T.);
#8993=FACE_BOUND('',#8350,.T.);
#8994=FACE_BOUND('',#8351,.T.);
#8995=FACE_BOUND('',#8352,.T.);
#8996=FACE_BOUND('',#8353,.T.);
#8997=FACE_BOUND('',#8354,.T.);
#8998=FACE_BOUND('',#8355,.T.);
#8999=FACE_BOUND('',#8356,.T.);
#9000=FACE_BOUND('',#8357,.T.);
#9001=FACE_BOUND('',#8358,.T.);
#9002=FACE_BOUND('',#8359,.T.);
#9003=FACE_BOUND('',#8360,.T.);
#9004=FACE_BOUND('',#8361,.T.);
#9005=FACE_BOUND('',#8362,.T.);
#9006=FACE_BOUND('',#8363,.T.);
#9007=FACE_BOUND('',#8364,.T.);
#9008=FACE_BOUND('',#8365,.T.);
#9009=FACE_BOUND('',#8366,.T.);
#9010=FACE_BOUND('',#8367,.T.);
#9011=FACE_BOUND('',#8368,.T.);
#9012=FACE_BOUND('',#8369,.T.);
#9013=FACE_BOUND('',#8370,.T.);
#9014=FACE_BOUND('',#8371,.T.);
#9015=FACE_BOUND('',#8372,.T.);
#9016=FACE_BOUND('',#8373,.T.);
#9017=FACE_BOUND('',#8374,.T.);
#9018=FACE_BOUND('',#8375,.T.);
#9019=FACE_BOUND('',#8376,.T.);
#9020=FACE_BOUND('',#8377,.T.);
#9021=FACE_BOUND('',#8378,.T.);
#9022=FACE_BOUND('',#8379,.T.);
#9023=FACE_BOUND('',#8380,.T.);
#9024=FACE_BOUND('',#8381,.T.);
#9025=FACE_BOUND('',#8382,.T.);
#9026=FACE_BOUND('',#8383,.T.);
#9027=FACE_BOUND('',#8384,.T.);
#9028=FACE_BOUND('',#8385,.T.);
#9029=FACE_BOUND('',#8386,.T.);
#9030=FACE_BOUND('',#8387,.T.);
#9031=FACE_BOUND('',#8388,.T.);
#9032=FACE_BOUND('',#8389,.T.);
#9033=FACE_BOUND('',#8390,.T.);
#9034=FACE_BOUND('',#8391,.T.);
#9035=FACE_BOUND('',#8392,.T.);
#9036=FACE_BOUND('',#8393,.T.);
#9037=FACE_BOUND('',#8394,.T.);
#9038=FACE_BOUND('',#8395,.T.);
#9039=FACE_BOUND('',#8396,.T.);
#9040=FACE_BOUND('',#8397,.T.);
#9041=FACE_BOUND('',#8398,.T.);
#9042=FACE_BOUND('',#8399,.T.);
#9043=FACE_BOUND('',#8400,.T.);
#9044=FACE_BOUND('',#8401,.T.);
#9045=FACE_BOUND('',#8402,.T.);
#9046=FACE_BOUND('',#8403,.T.);
#9047=FACE_BOUND('',#8404,.T.);
#9048=FACE_BOUND('',#8405,.T.);
#9049=FACE_BOUND('',#8406,.T.);
#9050=FACE_BOUND('',#8407,.T.);
#9051=FACE_BOUND('',#8408,.T.);
#9052=FACE_BOUND('',#8409,.T.);
#9053=FACE_BOUND('',#8410,.T.);
#9054=FACE_BOUND('',#8411,.T.);
#9055=FACE_BOUND('',#8412,.T.);
#9056=FACE_BOUND('',#8413,.T.);
#9057=FACE_BOUND('',#8414,.T.);
#9058=FACE_BOUND('',#8415,.T.);
#9059=FACE_BOUND('',#8416,.T.);
#9060=FACE_BOUND('',#8417,.T.);
#9061=FACE_BOUND('',#8418,.T.);
#9062=FACE_BOUND('',#8419,.T.);
#9063=FACE_BOUND('',#8420,.T.);
#9064=FACE_BOUND('',#8421,.T.);
#9065=FACE_BOUND('',#8422,.T.);
#9066=FACE_BOUND('',#8423,.T.);
#9067=FACE_BOUND('',#8424,.T.);
#9068=FACE_BOUND('',#8425,.T.);
#9069=FACE_BOUND('',#8426,.T.);
#9070=FACE_BOUND('',#8427,.T.);
#9071=FACE_BOUND('',#8428,.T.);
#9072=FACE_BOUND('',#8429,.T.);
#9073=FACE_BOUND('',#8430,.T.);
#9074=FACE_BOUND('',#8431,.T.);
#9075=FACE_BOUND('',#8432,.T.);
#9076=FACE_BOUND('',#8433,.T.);
#9077=FACE_BOUND('',#8434,.T.);
#9078=FACE_BOUND('',#8435,.T.);
#9079=FACE_BOUND('',#8436,.T.);
#9080=FACE_BOUND('',#8437,.T.);
#9081=FACE_BOUND('',#8438,.T.);
#9082=FACE_BOUND('',#8439,.T.);
#9083=FACE_BOUND('',#8440,.T.);
#9084=FACE_BOUND('',#8441,.T.);
#9085=FACE_BOUND('',#8442,.T.);
#9086=FACE_BOUND('',#8443,.T.);
#9087=FACE_BOUND('',#8444,.T.);
#9088=FACE_BOUND('',#8445,.T.);
#9089=FACE_BOUND('',#8446,.T.);
#9090=FACE_BOUND('',#8447,.T.);
#9091=FACE_BOUND('',#8448,.T.);
#9092=FACE_BOUND('',#8449,.T.);
#9093=FACE_BOUND('',#8450,.T.);
#9094=FACE_BOUND('',#8451,.T.);
#9095=FACE_BOUND('',#8452,.T.);
#9096=FACE_BOUND('',#8453,.T.);
#9097=FACE_BOUND('',#8454,.T.);
#9098=FACE_BOUND('',#8455,.T.);
#9099=FACE_BOUND('',#8456,.T.);
#9100=FACE_BOUND('',#8457,.T.);
#9101=FACE_BOUND('',#8458,.T.);
#9102=FACE_BOUND('',#8459,.T.);
#9103=FACE_BOUND('',#8460,.T.);
#9104=FACE_BOUND('',#8461,.T.);
#9105=FACE_BOUND('',#8462,.T.);
#9106=FACE_BOUND('',#8463,.T.);
#9107=FACE_BOUND('',#8464,.T.);
#9108=FACE_BOUND('',#8465,.T.);
#9109=FACE_BOUND('',#8466,.T.);
#9110=FACE_BOUND('',#8467,.T.);
#9111=FACE_BOUND('',#8468,.T.);
#9112=FACE_BOUND('',#8469,.T.);
#9113=FACE_BOUND('',#8470,.T.);
#9114=FACE_BOUND('',#8471,.T.);
#9115=FACE_BOUND('',#8472,.T.);
#9116=FACE_BOUND('',#8473,.T.);
#9117=FACE_BOUND('',#8474,.T.);
#9118=FACE_BOUND('',#8475,.T.);
#9119=FACE_BOUND('',#8476,.T.);
#9120=FACE_BOUND('',#8477,.T.);
#9121=FACE_BOUND('',#8478,.T.);
#9122=FACE_BOUND('',#8479,.T.);
#9123=FACE_BOUND('',#8480,.T.);
#9124=FACE_BOUND('',#8481,.T.);
#9125=FACE_BOUND('',#8482,.T.);
#9126=FACE_BOUND('',#8483,.T.);
#9127=FACE_BOUND('',#8484,.T.);
#9128=FACE_BOUND('',#8485,.T.);
#9129=FACE_BOUND('',#8486,.T.);
#9130=FACE_BOUND('',#8487,.T.);
#9131=FACE_BOUND('',#8488,.T.);
#9132=FACE_BOUND('',#8489,.T.);
#9133=FACE_BOUND('',#8490,.T.);
#9134=FACE_BOUND('',#8491,.T.);
#9135=FACE_BOUND('',#8492,.T.);
#9136=FACE_BOUND('',#8493,.T.);
#9137=FACE_BOUND('',#8494,.T.);
#9138=FACE_BOUND('',#8495,.T.);
#9139=FACE_BOUND('',#8496,.T.);
#9140=FACE_BOUND('',#8497,.T.);
#9141=FACE_BOUND('',#8498,.T.);
#9142=FACE_BOUND('',#8499,.T.);
#9143=FACE_BOUND('',#8500,.T.);
#9144=FACE_BOUND('',#8501,.T.);
#9145=FACE_BOUND('',#8502,.T.);
#9146=FACE_BOUND('',#8503,.T.);
#9147=FACE_BOUND('',#8504,.T.);
#9148=FACE_BOUND('',#8505,.T.);
#9149=FACE_BOUND('',#8506,.T.);
#9150=FACE_BOUND('',#8507,.T.);
#9151=FACE_BOUND('',#8508,.T.);
#9152=FACE_BOUND('',#8509,.T.);
#9153=FACE_BOUND('',#8510,.T.);
#9154=FACE_BOUND('',#8511,.T.);
#9155=FACE_BOUND('',#8512,.T.);
#9156=FACE_BOUND('',#8513,.T.);
#9157=FACE_BOUND('',#8514,.T.);
#9158=FACE_BOUND('',#8515,.T.);
#9159=FACE_BOUND('',#8516,.T.);
#9160=FACE_BOUND('',#8517,.T.);
#9161=FACE_BOUND('',#8518,.T.);
#9162=FACE_BOUND('',#8519,.T.);
#9163=FACE_BOUND('',#8520,.T.);
#9164=FACE_BOUND('',#8521,.T.);
#9165=FACE_BOUND('',#8522,.T.);
#9166=FACE_BOUND('',#8523,.T.);
#9167=FACE_BOUND('',#8524,.T.);
#9168=FACE_BOUND('',#8525,.T.);
#9169=FACE_BOUND('',#8526,.T.);
#9170=FACE_BOUND('',#8527,.T.);
#9171=FACE_BOUND('',#8528,.T.);
#9172=FACE_BOUND('',#8529,.T.);
#9173=FACE_BOUND('',#8530,.T.);
#9174=FACE_BOUND('',#8531,.T.);
#9175=FACE_BOUND('',#8532,.T.);
#9176=FACE_BOUND('',#8533,.T.);
#9177=FACE_BOUND('',#8534,.T.);
#9178=FACE_BOUND('',#8535,.T.);
#9179=FACE_BOUND('',#8536,.T.);
#9180=FACE_BOUND('',#8537,.T.);
#9181=FACE_BOUND('',#8538,.T.);
#9182=FACE_BOUND('',#8539,.T.);
#9183=FACE_BOUND('',#8540,.T.);
#9184=FACE_BOUND('',#8541,.T.);
#9185=FACE_BOUND('',#8542,.T.);
#9186=FACE_BOUND('',#8543,.T.);
#9187=FACE_BOUND('',#8544,.T.);
#9188=FACE_BOUND('',#8545,.T.);
#9189=FACE_BOUND('',#8546,.T.);
#9190=FACE_BOUND('',#8547,.T.);
#9191=FACE_BOUND('',#8548,.T.);
#9192=FACE_BOUND('',#8549,.T.);
#9193=FACE_BOUND('',#8550,.T.);
#9194=FACE_BOUND('',#8551,.T.);
#9195=FACE_BOUND('',#8552,.T.);
#9196=FACE_BOUND('',#8553,.T.);
#9197=FACE_BOUND('',#8554,.T.);
#9198=FACE_BOUND('',#8555,.T.);
#9199=FACE_BOUND('',#8556,.T.);
#9200=FACE_BOUND('',#8557,.T.);
#9201=FACE_BOUND('',#8558,.T.);
#9202=FACE_BOUND('',#8559,.T.);
#9203=FACE_BOUND('',#8560,.T.);
#9204=FACE_BOUND('',#8561,.T.);
#9205=FACE_BOUND('',#8562,.T.);
#9206=FACE_BOUND('',#8563,.T.);
#9207=FACE_BOUND('',#8564,.T.);
#9208=FACE_BOUND('',#8565,.T.);
#9209=FACE_BOUND('',#8566,.T.);
#9210=FACE_BOUND('',#8567,.T.);
#9211=FACE_BOUND('',#8568,.T.);
#9212=FACE_BOUND('',#8569,.T.);
#9213=FACE_BOUND('',#8570,.T.);
#9214=FACE_BOUND('',#8571,.T.);
#9215=FACE_BOUND('',#8572,.T.);
#9216=FACE_BOUND('',#8573,.T.);
#9217=FACE_BOUND('',#8574,.T.);
#9218=FACE_BOUND('',#8575,.T.);
#9219=FACE_BOUND('',#8576,.T.);
#9220=FACE_BOUND('',#8577,.T.);
#9221=FACE_BOUND('',#8578,.T.);
#9222=FACE_BOUND('',#8579,.T.);
#9223=FACE_BOUND('',#8580,.T.);
#9224=FACE_BOUND('',#8581,.T.);
#9225=FACE_BOUND('',#8582,.T.);
#9226=FACE_BOUND('',#8583,.T.);
#9227=FACE_BOUND('',#8584,.T.);
#9228=FACE_BOUND('',#8585,.T.);
#9229=FACE_BOUND('',#8586,.T.);
#9230=FACE_BOUND('',#8587,.T.);
#9231=FACE_BOUND('',#8588,.T.);
#9232=FACE_BOUND('',#8589,.T.);
#9233=FACE_BOUND('',#8590,.T.);
#9234=FACE_BOUND('',#8591,.T.);
#9235=FACE_BOUND('',#8592,.T.);
#9236=FACE_BOUND('',#8593,.T.);
#9237=FACE_BOUND('',#8594,.T.);
#9238=FACE_BOUND('',#8595,.T.);
#9239=FACE_BOUND('',#8596,.T.);
#9240=FACE_BOUND('',#8597,.T.);
#9241=FACE_BOUND('',#8598,.T.);
#9242=FACE_BOUND('',#8599,.T.);
#9243=FACE_BOUND('',#8600,.T.);
#9244=FACE_BOUND('',#8601,.T.);
#9245=FACE_BOUND('',#8602,.T.);
#9246=FACE_BOUND('',#8603,.T.);
#9247=FACE_BOUND('',#8604,.T.);
#9248=FACE_BOUND('',#8605,.T.);
#9249=FACE_BOUND('',#8606,.T.);
#9250=FACE_BOUND('',#8607,.T.);
#9251=FACE_BOUND('',#8608,.T.);
#9252=FACE_BOUND('',#8609,.T.);
#9253=FACE_BOUND('',#8610,.T.);
#9254=FACE_BOUND('',#8611,.T.);
#9255=FACE_BOUND('',#8612,.T.);
#9256=FACE_BOUND('',#8613,.T.);
#9257=FACE_BOUND('',#8614,.T.);
#9258=FACE_BOUND('',#8615,.T.);
#9259=FACE_BOUND('',#8616,.T.);
#9260=FACE_BOUND('',#8617,.T.);
#9261=FACE_BOUND('',#8618,.T.);
#9262=FACE_BOUND('',#8619,.T.);
#9263=FACE_BOUND('',#8620,.T.);
#9264=FACE_BOUND('',#8621,.T.);
#9265=FACE_BOUND('',#8622,.T.);
#9266=FACE_BOUND('',#8623,.T.);
#9267=FACE_BOUND('',#8624,.T.);
#9268=FACE_BOUND('',#8625,.T.);
#9269=FACE_BOUND('',#8626,.T.);
#9270=FACE_BOUND('',#8627,.T.);
#9271=FACE_BOUND('',#8628,.T.);
#9272=FACE_BOUND('',#8629,.T.);
#9273=FACE_BOUND('',#8630,.T.);
#9274=FACE_BOUND('',#8631,.T.);
#9275=FACE_BOUND('',#8632,.T.);
#9276=FACE_BOUND('',#8633,.T.);
#9277=FACE_BOUND('',#8634,.T.);
#9278=FACE_BOUND('',#8635,.T.);
#9279=FACE_BOUND('',#8636,.T.);
#9280=FACE_BOUND('',#8637,.T.);
#9281=FACE_BOUND('',#8638,.T.);
#9282=FACE_BOUND('',#8639,.T.);
#9283=FACE_BOUND('',#8640,.T.);
#9284=FACE_BOUND('',#8641,.T.);
#9285=FACE_BOUND('',#8642,.T.);
#9286=FACE_BOUND('',#8643,.T.);
#9287=FACE_BOUND('',#8644,.T.);
#9288=FACE_BOUND('',#8645,.T.);
#9289=FACE_BOUND('',#8646,.T.);
#9290=FACE_BOUND('',#8647,.T.);
#9291=FACE_BOUND('',#8648,.T.);
#9292=FACE_BOUND('',#8649,.T.);
#9293=FACE_BOUND('',#8650,.T.);
#9294=FACE_BOUND('',#8651,.T.);
#9295=FACE_BOUND('',#8652,.T.);
#9296=FACE_BOUND('',#8653,.T.);
#9297=FACE_BOUND('',#8654,.T.);
#9298=FACE_BOUND('',#8655,.T.);
#9299=FACE_BOUND('',#8656,.T.);
#9300=FACE_BOUND('',#8657,.T.);
#9301=FACE_BOUND('',#8658,.T.);
#9302=FACE_BOUND('',#8659,.T.);
#9303=FACE_BOUND('',#8660,.T.);
#9304=FACE_BOUND('',#8661,.T.);
#9305=FACE_BOUND('',#8662,.T.);
#9306=FACE_BOUND('',#8663,.T.);
#9307=FACE_BOUND('',#8664,.T.);
#9308=FACE_BOUND('',#8665,.T.);
#9309=FACE_BOUND('',#8666,.T.);
#9310=FACE_BOUND('',#8667,.T.);
#9311=FACE_BOUND('',#8668,.T.);
#9312=FACE_BOUND('',#8669,.T.);
#9313=FACE_BOUND('',#8670,.T.);
#9314=FACE_BOUND('',#8671,.T.);
#9315=FACE_BOUND('',#8672,.T.);
#9316=FACE_BOUND('',#8673,.T.);
#9317=FACE_BOUND('',#8674,.T.);
#9318=FACE_BOUND('',#8675,.T.);
#9319=FACE_BOUND('',#8676,.T.);
#9320=FACE_BOUND('',#8677,.T.);
#9321=FACE_BOUND('',#8678,.T.);
#9322=FACE_BOUND('',#8679,.T.);
#9323=FACE_BOUND('',#8680,.T.);
#9324=FACE_BOUND('',#8681,.T.);
#9325=FACE_BOUND('',#8682,.T.);
#9326=FACE_BOUND('',#8683,.T.);
#9327=FACE_BOUND('',#8684,.T.);
#9328=FACE_BOUND('',#8685,.T.);
#9329=FACE_BOUND('',#8686,.T.);
#9330=FACE_BOUND('',#8687,.T.);
#9331=FACE_BOUND('',#8688,.T.);
#9332=FACE_BOUND('',#8689,.T.);
#9333=FACE_BOUND('',#8690,.T.);
#9334=FACE_BOUND('',#8691,.T.);
#9335=FACE_BOUND('',#8692,.T.);
#9336=FACE_BOUND('',#8693,.T.);
#9337=FACE_BOUND('',#8694,.T.);
#9338=FACE_BOUND('',#8695,.T.);
#9339=FACE_BOUND('',#8696,.T.);
#9340=FACE_BOUND('',#8697,.T.);
#9341=FACE_BOUND('',#8698,.T.);
#9342=FACE_BOUND('',#8699,.T.);
#9343=FACE_BOUND('',#8700,.T.);
#9344=FACE_BOUND('',#8701,.T.);
#9345=FACE_BOUND('',#8702,.T.);
#9346=FACE_BOUND('',#8703,.T.);
#9347=FACE_BOUND('',#8704,.T.);
#9348=FACE_BOUND('',#8705,.T.);
#9349=FACE_BOUND('',#8706,.T.);
#9350=FACE_BOUND('',#8707,.T.);
#9351=FACE_BOUND('',#8708,.T.);
#9352=FACE_BOUND('',#8709,.T.);
#9353=FACE_BOUND('',#8710,.T.);
#9354=FACE_BOUND('',#8711,.T.);
#9355=FACE_BOUND('',#8712,.T.);
#9356=FACE_BOUND('',#8713,.T.);
#9357=FACE_BOUND('',#8714,.T.);
#9358=FACE_BOUND('',#8715,.T.);
#9359=FACE_BOUND('',#8716,.T.);
#9360=FACE_BOUND('',#8717,.T.);
#9361=FACE_BOUND('',#8718,.T.);
#9362=FACE_BOUND('',#8719,.T.);
#9363=FACE_BOUND('',#8720,.T.);
#9364=FACE_BOUND('',#8721,.T.);
#9365=FACE_BOUND('',#8722,.T.);
#9366=FACE_BOUND('',#8723,.T.);
#9367=FACE_BOUND('',#8724,.T.);
#9368=FACE_BOUND('',#8725,.T.);
#9369=FACE_BOUND('',#8726,.T.);
#9370=FACE_BOUND('',#8727,.T.);
#9371=FACE_BOUND('',#8728,.T.);
#9372=FACE_BOUND('',#8729,.T.);
#9373=FACE_BOUND('',#8730,.T.);
#9374=FACE_BOUND('',#8731,.T.);
#9375=FACE_BOUND('',#8732,.T.);
#9376=FACE_BOUND('',#8733,.T.);
#9377=FACE_BOUND('',#8734,.T.);
#9378=FACE_BOUND('',#8735,.T.);
#9379=FACE_BOUND('',#8736,.T.);
#9380=FACE_BOUND('',#8737,.T.);
#9381=FACE_BOUND('',#8738,.T.);
#9382=FACE_BOUND('',#8739,.T.);
#9383=FACE_BOUND('',#8740,.T.);
#9384=FACE_BOUND('',#8741,.T.);
#9385=FACE_BOUND('',#8742,.T.);
#9386=FACE_BOUND('',#8743,.T.);
#9387=FACE_BOUND('',#8744,.T.);
#9388=FACE_BOUND('',#8745,.T.);
#9389=FACE_BOUND('',#8746,.T.);
#9390=FACE_BOUND('',#8747,.T.);
#9391=FACE_BOUND('',#8748,.T.);
#9392=FACE_BOUND('',#8749,.T.);
#9393=FACE_BOUND('',#8750,.T.);
#9394=FACE_BOUND('',#8751,.T.);
#9395=FACE_BOUND('',#8752,.T.);
#9396=FACE_BOUND('',#8753,.T.);
#9397=FACE_BOUND('',#8754,.T.);
#9398=FACE_BOUND('',#8755,.T.);
#9399=FACE_BOUND('',#8756,.T.);
#9400=FACE_BOUND('',#8757,.T.);
#9401=FACE_BOUND('',#8758,.T.);
#9402=FACE_BOUND('',#8759,.T.);
#9403=FACE_BOUND('',#8760,.T.);
#9404=FACE_BOUND('',#8761,.T.);
#9405=FACE_BOUND('',#8762,.T.);
#9406=FACE_BOUND('',#8763,.T.);
#9407=FACE_BOUND('',#8764,.T.);
#9408=FACE_BOUND('',#8765,.T.);
#9409=FACE_BOUND('',#8766,.T.);
#9410=FACE_BOUND('',#8767,.T.);
#9411=FACE_BOUND('',#8768,.T.);
#9412=FACE_BOUND('',#8769,.T.);
#9413=FACE_BOUND('',#8770,.T.);
#9414=FACE_BOUND('',#8771,.T.);
#9415=FACE_BOUND('',#8772,.T.);
#9416=FACE_BOUND('',#8773,.T.);
#9417=FACE_BOUND('',#8774,.T.);
#9418=FACE_BOUND('',#8775,.T.);
#9419=FACE_BOUND('',#8776,.T.);
#9420=FACE_BOUND('',#8777,.T.);
#9421=FACE_BOUND('',#8778,.T.);
#9422=FACE_BOUND('',#8779,.T.);
#9423=FACE_BOUND('',#8780,.T.);
#9424=FACE_BOUND('',#8781,.T.);
#9425=FACE_BOUND('',#8782,.T.);
#9426=FACE_BOUND('',#8783,.T.);
#9427=FACE_BOUND('',#8784,.T.);
#9428=FACE_BOUND('',#8785,.T.);
#9429=FACE_BOUND('',#8786,.T.);
#9430=FACE_BOUND('',#8787,.T.);
#9431=FACE_BOUND('',#8788,.T.);
#9432=FACE_BOUND('',#8789,.T.);
#9433=FACE_BOUND('',#8790,.T.);
#9434=FACE_BOUND('',#8791,.T.);
#9435=FACE_BOUND('',#8792,.T.);
#9436=FACE_BOUND('',#8793,.T.);
#9437=FACE_BOUND('',#8794,.T.);
#9438=FACE_BOUND('',#8795,.T.);
#9439=FACE_BOUND('',#8796,.T.);
#9440=FACE_BOUND('',#8797,.T.);
#9441=FACE_BOUND('',#8798,.T.);
#9442=FACE_BOUND('',#8799,.T.);
#9443=FACE_BOUND('',#8800,.T.);
#9444=FACE_BOUND('',#8801,.T.);
#9445=FACE_BOUND('',#8802,.T.);
#9446=FACE_BOUND('',#8803,.T.);
#9447=FACE_BOUND('',#8804,.T.);
#9448=FACE_BOUND('',#8805,.T.);
#9449=FACE_BOUND('',#8806,.T.);
#9450=FACE_BOUND('',#8807,.T.);
#9451=FACE_BOUND('',#8808,.T.);
#9452=FACE_BOUND('',#8809,.T.);
#9453=FACE_BOUND('',#8810,.T.);
#9454=FACE_BOUND('',#8811,.T.);
#9455=FACE_BOUND('',#8812,.T.);
#9456=FACE_BOUND('',#8813,.T.);
#9457=FACE_BOUND('',#8814,.T.);
#9458=FACE_BOUND('',#8815,.T.);
#9459=FACE_BOUND('',#8816,.T.);
#9460=FACE_BOUND('',#8817,.T.);
#9461=FACE_BOUND('',#8818,.T.);
#9462=FACE_BOUND('',#8819,.T.);
#9463=FACE_BOUND('',#8820,.T.);
#9464=FACE_BOUND('',#8821,.T.);
#9465=FACE_BOUND('',#8822,.T.);
#9466=FACE_BOUND('',#8823,.T.);
#9467=FACE_BOUND('',#8824,.T.);
#9468=FACE_BOUND('',#8825,.T.);
#9469=FACE_BOUND('',#8826,.T.);
#9470=FACE_BOUND('',#8827,.T.);
#9471=FACE_BOUND('',#8828,.T.);
#9472=FACE_BOUND('',#8829,.T.);
#9473=FACE_BOUND('',#8830,.T.);
#9474=FACE_BOUND('',#8831,.T.);
#9475=FACE_BOUND('',#8832,.T.);
#9476=FACE_BOUND('',#8833,.T.);
#9477=FACE_BOUND('',#8834,.T.);
#9478=FACE_BOUND('',#8835,.T.);
#9479=FACE_BOUND('',#8836,.T.);
#9480=FACE_BOUND('',#8837,.T.);
#9481=FACE_BOUND('',#8838,.T.);
#9482=FACE_BOUND('',#8839,.T.);
#9483=FACE_BOUND('',#8840,.T.);
#9484=FACE_BOUND('',#8841,.T.);
#9485=FACE_BOUND('',#8842,.T.);
#9486=FACE_BOUND('',#8843,.T.);
#9487=FACE_BOUND('',#8844,.T.);
#9488=FACE_BOUND('',#8845,.T.);
#9489=FACE_BOUND('',#8846,.T.);
#9490=FACE_BOUND('',#8847,.T.);
#9491=FACE_BOUND('',#8848,.T.);
#9492=FACE_BOUND('',#8849,.T.);
#9493=FACE_BOUND('',#8850,.T.);
#9494=FACE_BOUND('',#8851,.T.);
#9495=FACE_BOUND('',#8852,.T.);
#9496=FACE_BOUND('',#8853,.T.);
#9497=FACE_BOUND('',#8854,.T.);
#9498=FACE_BOUND('',#8855,.T.);
#9499=FACE_BOUND('',#8856,.T.);
#9500=FACE_BOUND('',#8857,.T.);
#9501=FACE_BOUND('',#8858,.T.);
#9502=FACE_BOUND('',#8859,.T.);
#9503=FACE_BOUND('',#8860,.T.);
#9504=FACE_BOUND('',#8861,.T.);
#9505=FACE_BOUND('',#8862,.T.);
#9506=FACE_BOUND('',#8863,.T.);
#9507=PLANE('',#10338);
#9508=PLANE('',#10451);
#9509=PLANE('',#10564);
#9510=PLANE('',#10565);
#9511=PLANE('',#10566);
#9512=PLANE('',#10567);
#9513=PLANE('',#10568);
#9514=PLANE('',#10569);
#9515=PLANE('',#10570);
#9516=PLANE('',#10571);
#9517=PLANE('',#10572);
#9518=PLANE('',#10573);
#9519=PLANE('',#10574);
#9520=PLANE('',#10575);
#9521=PLANE('',#10576);
#9522=PLANE('',#10577);
#9523=PLANE('',#10578);
#9524=PLANE('',#10579);
#9525=PLANE('',#10580);
#9526=PLANE('',#10581);
#9527=PLANE('',#10582);
#9528=PLANE('',#10583);
#9529=PLANE('',#10584);
#9530=PLANE('',#10585);
#9531=PLANE('',#10586);
#9532=PLANE('',#10587);
#9533=PLANE('',#10588);
#9534=PLANE('',#10589);
#9535=PLANE('',#10590);
#9536=PLANE('',#10591);
#9537=PLANE('',#10592);
#9538=PLANE('',#10593);
#9539=PLANE('',#10594);
#9540=PLANE('',#10595);
#9541=PLANE('',#10596);
#9542=PLANE('',#10597);
#9543=PLANE('',#10598);
#9544=PLANE('',#10599);
#9545=PLANE('',#10600);
#9546=PLANE('',#10601);
#9547=PLANE('',#10602);
#9548=PLANE('',#10603);
#9549=PLANE('',#10604);
#9550=PLANE('',#10605);
#9551=PLANE('',#10606);
#9552=PLANE('',#10607);
#9553=PLANE('',#10608);
#9554=PLANE('',#10609);
#9555=PLANE('',#10610);
#9556=PLANE('',#10611);
#9557=PLANE('',#10612);
#9558=PLANE('',#10613);
#9559=PLANE('',#10614);
#9560=PLANE('',#10615);
#9561=PLANE('',#10616);
#9562=PLANE('',#10617);
#9563=PLANE('',#10618);
#9564=PLANE('',#10619);
#9565=PLANE('',#10620);
#9566=PLANE('',#10621);
#9567=PLANE('',#10622);
#9568=PLANE('',#10623);
#9569=PLANE('',#10624);
#9570=PLANE('',#10625);
#9571=PLANE('',#10626);
#9572=PLANE('',#10627);
#9573=PLANE('',#10628);
#9574=PLANE('',#10629);
#9575=PLANE('',#10630);
#9576=PLANE('',#10631);
#9577=PLANE('',#10632);
#9578=PLANE('',#10633);
#9579=PLANE('',#10634);
#9580=PLANE('',#10635);
#9581=PLANE('',#10636);
#9582=PLANE('',#10637);
#9583=PLANE('',#10638);
#9584=PLANE('',#10639);
#9585=PLANE('',#10640);
#9586=PLANE('',#10641);
#9587=PLANE('',#10642);
#9588=PLANE('',#10643);
#9589=PLANE('',#10644);
#9590=PLANE('',#10645);
#9591=PLANE('',#10646);
#9592=PLANE('',#10647);
#9593=PLANE('',#10648);
#9594=PLANE('',#10649);
#9595=PLANE('',#10650);
#9596=PLANE('',#10651);
#9597=PLANE('',#10652);
#9598=PLANE('',#10653);
#9599=PLANE('',#10654);
#9600=PLANE('',#10655);
#9601=PLANE('',#10656);
#9602=PLANE('',#10657);
#9603=PLANE('',#10658);
#9604=PLANE('',#10659);
#9605=PLANE('',#10660);
#9606=PLANE('',#10661);
#9607=PLANE('',#10662);
#9608=PLANE('',#10663);
#9609=PLANE('',#10664);
#9610=PLANE('',#10665);
#9611=PLANE('',#10666);
#9612=PLANE('',#10667);
#9613=PLANE('',#10668);
#9614=PLANE('',#10669);
#9615=PLANE('',#10670);
#9616=PLANE('',#10671);
#9617=PLANE('',#10672);
#9618=PLANE('',#10673);
#9619=PLANE('',#10674);
#9620=PLANE('',#10675);
#9621=PLANE('',#10676);
#9622=PLANE('',#10677);
#9623=PLANE('',#10678);
#9624=PLANE('',#10679);
#9625=PLANE('',#10680);
#9626=PLANE('',#10681);
#9627=PLANE('',#10682);
#9628=PLANE('',#10683);
#9629=PLANE('',#10684);
#9630=PLANE('',#10685);
#9631=PLANE('',#10686);
#9632=PLANE('',#10687);
#9633=PLANE('',#10688);
#9634=PLANE('',#10689);
#9635=PLANE('',#10690);
#9636=PLANE('',#10691);
#9637=PLANE('',#10692);
#9638=PLANE('',#10693);
#9639=PLANE('',#10694);
#9640=PLANE('',#10695);
#9641=PLANE('',#10696);
#9642=PLANE('',#10697);
#9643=PLANE('',#10698);
#9644=PLANE('',#10699);
#9645=PLANE('',#10700);
#9646=PLANE('',#10701);
#9647=PLANE('',#10702);
#9648=PLANE('',#10703);
#9649=PLANE('',#10707);
#9650=PLANE('',#10710);
#9651=PLANE('',#10714);
#9652=PLANE('',#10715);
#9653=PLANE('',#10716);
#9654=PLANE('',#10719);
#9655=PLANE('',#10720);
#9656=PLANE('',#10721);
#9657=PLANE('',#10722);
#9658=PLANE('',#10723);
#9659=PLANE('',#10724);
#9660=PLANE('',#10725);
#9661=PLANE('',#10726);
#9662=PLANE('',#10727);
#9663=PLANE('',#10728);
#9664=PLANE('',#10729);
#9665=PLANE('',#10730);
#9666=PLANE('',#10732);
#9667=PLANE('',#10734);
#9668=PLANE('',#10735);
#9669=PLANE('',#10736);
#9670=PLANE('',#10741);
#9671=PLANE('',#10742);
#9672=PLANE('',#10743);
#9673=PLANE('',#10748);
#9674=PLANE('',#10751);
#9675=PLANE('',#10754);
#9676=PLANE('',#10759);
#9677=PLANE('',#10762);
#9678=PLANE('',#10763);
#9679=PLANE('',#10767);
#9680=PLANE('',#10768);
#9681=PLANE('',#10769);
#9682=PLANE('',#10770);
#9683=PLANE('',#10771);
#9684=PLANE('',#10772);
#9685=PLANE('',#10773);
#9686=PLANE('',#10774);
#9687=PLANE('',#10775);
#9688=PLANE('',#10777);
#9689=PLANE('',#10779);
#9690=PLANE('',#10780);
#9691=PLANE('',#10781);
#9692=PLANE('',#10786);
#9693=PLANE('',#10787);
#9694=PLANE('',#10788);
#9695=PLANE('',#10793);
#9696=PLANE('',#10794);
#9697=PLANE('',#10795);
#9698=PLANE('',#10796);
#9699=PLANE('',#10797);
#9700=PLANE('',#10798);
#9701=PLANE('',#10799);
#9702=PLANE('',#10800);
#9703=PLANE('',#10801);
#9704=PLANE('',#10802);
#9705=PLANE('',#10803);
#9706=PLANE('',#10804);
#9707=PLANE('',#10805);
#9708=PLANE('',#10806);
#9709=PLANE('',#10807);
#9710=PLANE('',#10808);
#9711=PLANE('',#10809);
#9712=PLANE('',#10810);
#9713=PLANE('',#10811);
#9714=PLANE('',#10812);
#9715=PLANE('',#10813);
#9716=PLANE('',#10814);
#9717=PLANE('',#10815);
#9718=PLANE('',#10816);
#9719=PLANE('',#10817);
#9720=PLANE('',#10818);
#9721=PLANE('',#10819);
#9722=PLANE('',#10820);
#9723=PLANE('',#10821);
#9724=PLANE('',#10822);
#9725=PLANE('',#10823);
#9726=PLANE('',#10824);
#9727=PLANE('',#10825);
#9728=PLANE('',#10826);
#9729=PLANE('',#10827);
#9730=PLANE('',#10828);
#9731=PLANE('',#10829);
#9732=PLANE('',#10830);
#9733=PLANE('',#10831);
#9734=PLANE('',#10832);
#9735=PLANE('',#10833);
#9736=PLANE('',#10834);
#9737=PLANE('',#10835);
#9738=PLANE('',#10836);
#9739=PLANE('',#10837);
#9740=PLANE('',#10838);
#9741=PLANE('',#10839);
#9742=PLANE('',#10840);
#9743=PLANE('',#10841);
#9744=PLANE('',#10842);
#9745=PLANE('',#10843);
#9746=PLANE('',#10844);
#9747=PLANE('',#10845);
#9748=PLANE('',#10846);
#9749=PLANE('',#10847);
#9750=PLANE('',#10848);
#9751=PLANE('',#10849);
#9752=PLANE('',#10850);
#9753=PLANE('',#10851);
#9754=PLANE('',#10852);
#9755=PLANE('',#10853);
#9756=PLANE('',#10854);
#9757=PLANE('',#10855);
#9758=PLANE('',#10856);
#9759=PLANE('',#10857);
#9760=PLANE('',#10858);
#9761=PLANE('',#10859);
#9762=PLANE('',#10860);
#9763=PLANE('',#10861);
#9764=PLANE('',#10862);
#9765=PLANE('',#10863);
#9766=PLANE('',#10867);
#9767=PLANE('',#10870);
#9768=PLANE('',#10876);
#9769=PLANE('',#10879);
#9770=PLANE('',#10887);
#9771=PLANE('',#10888);
#9772=PLANE('',#10889);
#9773=PLANE('',#10894);
#9774=PLANE('',#10902);
#9775=PLANE('',#10903);
#9776=PLANE('',#10904);
#9777=PLANE('',#10906);
#9778=PLANE('',#10908);
#9779=PLANE('',#10909);
#9780=PLANE('',#10910);
#9781=PLANE('',#10915);
#9782=PLANE('',#10916);
#9783=PLANE('',#10917);
#9784=PLANE('',#10922);
#9785=PLANE('',#10923);
#9786=PLANE('',#10924);
#9787=PLANE('',#10925);
#9788=PLANE('',#10926);
#9789=PLANE('',#10927);
#9790=PLANE('',#10928);
#9791=PLANE('',#10929);
#9792=PLANE('',#10930);
#9793=PLANE('',#10931);
#9794=PLANE('',#10932);
#9795=PLANE('',#10933);
#9796=PLANE('',#10934);
#9797=PLANE('',#10935);
#9798=PLANE('',#10936);
#9799=PLANE('',#10937);
#9800=PLANE('',#10938);
#9801=PLANE('',#10939);
#9802=PLANE('',#10940);
#9803=PLANE('',#10941);
#9804=PLANE('',#10942);
#9805=PLANE('',#10943);
#9806=PLANE('',#10944);
#9807=PLANE('',#10945);
#9808=PLANE('',#10953);
#9809=PLANE('',#10954);
#9810=PLANE('',#10959);
#9811=PLANE('',#10960);
#9812=PLANE('',#10961);
#9813=PLANE('',#10966);
#9814=PLANE('',#10970);
#9815=PLANE('',#10973);
#9816=PLANE('',#10977);
#9817=PLANE('',#10978);
#9818=PLANE('',#10979);
#9819=PLANE('',#10980);
#9820=PLANE('',#10981);
#9821=PLANE('',#10982);
#9822=PLANE('',#10983);
#9823=PLANE('',#10984);
#9824=PLANE('',#10989);
#9825=PLANE('',#10990);
#9826=PLANE('',#10991);
#9827=PLANE('',#10994);
#9828=PLANE('',#10995);
#9829=PLANE('',#10996);
#9830=ADVANCED_FACE('',(#8864,#8865,#8866,#8867,#8868,#8869,#8870,#8871,
#8872,#8873,#8874,#8875,#8876,#8877,#8878,#8879,#8880,#8881,#8882,#8883,
#8884,#8885,#8886,#8887,#8888,#8889,#8890,#8891,#8892,#8893,#8894,#8895,
#8896,#8897,#8898,#8899,#8900,#8901,#8902,#8903,#8904,#8905,#8906,#8907,
#8908,#8909,#8910,#8911,#8912,#8913,#8914,#8915,#8916,#8917,#8918,#8919,
#8920,#8921,#8922,#8923,#8924,#8925,#8926,#8927,#8928,#8929,#8930,#8931,
#8932,#8933,#8934,#8935,#8936,#8937,#8938),#9507,.T.);
#9831=ADVANCED_FACE('',(#8939,#8940,#8941,#8942,#8943,#8944,#8945,#8946,
#8947,#8948,#8949,#8950,#8951,#8952,#8953,#8954,#8955,#8956,#8957,#8958,
#8959,#8960,#8961,#8962,#8963,#8964,#8965,#8966,#8967,#8968,#8969,#8970,
#8971,#8972,#8973,#8974,#8975,#8976,#8977,#8978,#8979,#8980,#8981,#8982,
#8983,#8984,#8985,#8986,#8987,#8988,#8989,#8990,#8991,#8992,#8993,#8994,
#8995,#8996,#8997,#8998,#8999,#9000,#9001,#9002,#9003,#9004,#9005,#9006,
#9007,#9008,#9009,#9010,#9011,#9012,#9013),#9508,.F.);
#9832=ADVANCED_FACE('',(#9014),#9509,.T.);
#9833=ADVANCED_FACE('',(#9015),#9510,.T.);
#9834=ADVANCED_FACE('',(#9016),#9511,.T.);
#9835=ADVANCED_FACE('',(#9017),#9512,.F.);
#9836=ADVANCED_FACE('',(#9018),#9513,.T.);
#9837=ADVANCED_FACE('',(#9019),#9514,.T.);
#9838=ADVANCED_FACE('',(#9020),#9515,.T.);
#9839=ADVANCED_FACE('',(#9021),#9516,.F.);
#9840=ADVANCED_FACE('',(#9022),#9517,.T.);
#9841=ADVANCED_FACE('',(#9023),#9518,.F.);
#9842=ADVANCED_FACE('',(#9024),#9519,.T.);
#9843=ADVANCED_FACE('',(#9025),#9520,.F.);
#9844=ADVANCED_FACE('',(#9026),#9521,.T.);
#9845=ADVANCED_FACE('',(#9027),#9522,.F.);
#9846=ADVANCED_FACE('',(#9028),#9523,.T.);
#9847=ADVANCED_FACE('',(#9029),#9524,.T.);
#9848=ADVANCED_FACE('',(#9030),#9525,.F.);
#9849=ADVANCED_FACE('',(#9031),#9526,.T.);
#9850=ADVANCED_FACE('',(#9032),#9527,.T.);
#9851=ADVANCED_FACE('',(#9033),#9528,.T.);
#9852=ADVANCED_FACE('',(#9034),#9529,.T.);
#9853=ADVANCED_FACE('',(#9035),#9530,.T.);
#9854=ADVANCED_FACE('',(#9036),#9531,.F.);
#9855=ADVANCED_FACE('',(#9037),#9532,.F.);
#9856=ADVANCED_FACE('',(#9038),#9533,.T.);
#9857=ADVANCED_FACE('',(#9039),#9534,.F.);
#9858=ADVANCED_FACE('',(#9040),#9535,.T.);
#9859=ADVANCED_FACE('',(#9041),#9536,.T.);
#9860=ADVANCED_FACE('',(#9042),#9537,.F.);
#9861=ADVANCED_FACE('',(#9043),#9538,.T.);
#9862=ADVANCED_FACE('',(#9044),#9539,.T.);
#9863=ADVANCED_FACE('',(#9045),#9540,.F.);
#9864=ADVANCED_FACE('',(#9046),#9541,.F.);
#9865=ADVANCED_FACE('',(#9047),#9542,.F.);
#9866=ADVANCED_FACE('',(#9048),#9543,.F.);
#9867=ADVANCED_FACE('',(#9049),#9544,.F.);
#9868=ADVANCED_FACE('',(#9050),#9545,.T.);
#9869=ADVANCED_FACE('',(#9051),#9546,.T.);
#9870=ADVANCED_FACE('',(#9052),#9547,.T.);
#9871=ADVANCED_FACE('',(#9053),#9548,.T.);
#9872=ADVANCED_FACE('',(#9054),#9549,.F.);
#9873=ADVANCED_FACE('',(#9055),#9550,.T.);
#9874=ADVANCED_FACE('',(#9056),#9551,.F.);
#9875=ADVANCED_FACE('',(#9057),#9552,.T.);
#9876=ADVANCED_FACE('',(#9058),#9553,.T.);
#9877=ADVANCED_FACE('',(#9059),#9554,.F.);
#9878=ADVANCED_FACE('',(#9060),#9555,.F.);
#9879=ADVANCED_FACE('',(#9061),#9556,.F.);
#9880=ADVANCED_FACE('',(#9062),#9557,.T.);
#9881=ADVANCED_FACE('',(#9063),#9558,.T.);
#9882=ADVANCED_FACE('',(#9064),#9559,.T.);
#9883=ADVANCED_FACE('',(#9065),#9560,.F.);
#9884=ADVANCED_FACE('',(#9066),#9561,.T.);
#9885=ADVANCED_FACE('',(#9067),#9562,.T.);
#9886=ADVANCED_FACE('',(#9068),#9563,.T.);
#9887=ADVANCED_FACE('',(#9069),#9564,.F.);
#9888=ADVANCED_FACE('',(#9070),#9565,.F.);
#9889=ADVANCED_FACE('',(#9071),#9566,.F.);
#9890=ADVANCED_FACE('',(#9072),#9567,.T.);
#9891=ADVANCED_FACE('',(#9073),#9568,.T.);
#9892=ADVANCED_FACE('',(#9074),#9569,.T.);
#9893=ADVANCED_FACE('',(#9075),#9570,.T.);
#9894=ADVANCED_FACE('',(#9076),#9571,.T.);
#9895=ADVANCED_FACE('',(#9077),#9572,.F.);
#9896=ADVANCED_FACE('',(#9078),#9573,.T.);
#9897=ADVANCED_FACE('',(#9079),#9574,.T.);
#9898=ADVANCED_FACE('',(#9080),#9575,.F.);
#9899=ADVANCED_FACE('',(#9081),#9576,.T.);
#9900=ADVANCED_FACE('',(#9082),#9577,.T.);
#9901=ADVANCED_FACE('',(#9083),#9578,.F.);
#9902=ADVANCED_FACE('',(#9084),#9579,.F.);
#9903=ADVANCED_FACE('',(#9085),#9580,.T.);
#9904=ADVANCED_FACE('',(#9086),#9581,.T.);
#9905=ADVANCED_FACE('',(#9087),#9582,.T.);
#9906=ADVANCED_FACE('',(#9088),#9583,.F.);
#9907=ADVANCED_FACE('',(#9089),#9584,.T.);
#9908=ADVANCED_FACE('',(#9090),#9585,.T.);
#9909=ADVANCED_FACE('',(#9091),#9586,.T.);
#9910=ADVANCED_FACE('',(#9092),#9587,.T.);
#9911=ADVANCED_FACE('',(#9093),#9588,.F.);
#9912=ADVANCED_FACE('',(#9094),#9589,.F.);
#9913=ADVANCED_FACE('',(#9095),#9590,.T.);
#9914=ADVANCED_FACE('',(#9096),#9591,.F.);
#9915=ADVANCED_FACE('',(#9097),#9592,.T.);
#9916=ADVANCED_FACE('',(#9098),#9593,.T.);
#9917=ADVANCED_FACE('',(#9099),#9594,.F.);
#9918=ADVANCED_FACE('',(#9100),#9595,.T.);
#9919=ADVANCED_FACE('',(#9101),#9596,.T.);
#9920=ADVANCED_FACE('',(#9102),#9597,.F.);
#9921=ADVANCED_FACE('',(#9103),#9598,.F.);
#9922=ADVANCED_FACE('',(#9104),#9599,.T.);
#9923=ADVANCED_FACE('',(#9105),#9600,.F.);
#9924=ADVANCED_FACE('',(#9106),#9601,.F.);
#9925=ADVANCED_FACE('',(#9107),#9602,.T.);
#9926=ADVANCED_FACE('',(#9108),#9603,.F.);
#9927=ADVANCED_FACE('',(#9109),#9604,.F.);
#9928=ADVANCED_FACE('',(#9110),#9605,.T.);
#9929=ADVANCED_FACE('',(#9111),#9606,.F.);
#9930=ADVANCED_FACE('',(#9112),#9607,.F.);
#9931=ADVANCED_FACE('',(#9113),#9608,.F.);
#9932=ADVANCED_FACE('',(#9114),#9609,.T.);
#9933=ADVANCED_FACE('',(#9115),#9610,.F.);
#9934=ADVANCED_FACE('',(#9116),#9611,.F.);
#9935=ADVANCED_FACE('',(#9117),#9612,.F.);
#9936=ADVANCED_FACE('',(#9118),#9613,.T.);
#9937=ADVANCED_FACE('',(#9119),#9614,.T.);
#9938=ADVANCED_FACE('',(#9120),#9615,.T.);
#9939=ADVANCED_FACE('',(#9121),#9616,.F.);
#9940=ADVANCED_FACE('',(#9122),#9617,.F.);
#9941=ADVANCED_FACE('',(#9123),#9618,.T.);
#9942=ADVANCED_FACE('',(#9124),#9619,.T.);
#9943=ADVANCED_FACE('',(#9125),#9620,.F.);
#9944=ADVANCED_FACE('',(#9126),#9621,.F.);
#9945=ADVANCED_FACE('',(#9127),#9622,.T.);
#9946=ADVANCED_FACE('',(#9128),#9623,.F.);
#9947=ADVANCED_FACE('',(#9129),#9624,.T.);
#9948=ADVANCED_FACE('',(#9130),#9625,.F.);
#9949=ADVANCED_FACE('',(#9131),#9626,.T.);
#9950=ADVANCED_FACE('',(#9132),#9627,.T.);
#9951=ADVANCED_FACE('',(#9133),#9628,.T.);
#9952=ADVANCED_FACE('',(#9134),#9629,.F.);
#9953=ADVANCED_FACE('',(#9135),#9630,.T.);
#9954=ADVANCED_FACE('',(#9136),#9631,.F.);
#9955=ADVANCED_FACE('',(#9137),#9632,.T.);
#9956=ADVANCED_FACE('',(#9138),#9633,.F.);
#9957=ADVANCED_FACE('',(#9139),#9634,.T.);
#9958=ADVANCED_FACE('',(#9140),#9635,.F.);
#9959=ADVANCED_FACE('',(#9141),#9636,.F.);
#9960=ADVANCED_FACE('',(#9142),#9637,.F.);
#9961=ADVANCED_FACE('',(#9143),#9638,.F.);
#9962=ADVANCED_FACE('',(#9144),#9639,.T.);
#9963=ADVANCED_FACE('',(#9145),#9640,.F.);
#9964=ADVANCED_FACE('',(#9146),#9641,.F.);
#9965=ADVANCED_FACE('',(#9147),#9642,.F.);
#9966=ADVANCED_FACE('',(#9148),#9643,.T.);
#9967=ADVANCED_FACE('',(#9149),#9644,.F.);
#9968=ADVANCED_FACE('',(#9150),#9645,.T.);
#9969=ADVANCED_FACE('',(#9151),#9646,.F.);
#9970=ADVANCED_FACE('',(#9152),#9647,.T.);
#9971=ADVANCED_FACE('',(#9153),#9648,.F.);
#9972=ADVANCED_FACE('',(#9154),#72,.T.);
#9973=ADVANCED_FACE('',(#9155),#73,.T.);
#9974=ADVANCED_FACE('',(#9156),#74,.F.);
#9975=ADVANCED_FACE('',(#9157),#12,.T.);
#9976=ADVANCED_FACE('',(#9158),#9649,.T.);
#9977=ADVANCED_FACE('',(#9159),#75,.F.);
#9978=ADVANCED_FACE('',(#9160),#13,.T.);
#9979=ADVANCED_FACE('',(#9161),#76,.F.);
#9980=ADVANCED_FACE('',(#9162),#9650,.T.);
#9981=ADVANCED_FACE('',(#9163),#77,.F.);
#9982=ADVANCED_FACE('',(#9164),#78,.F.);
#9983=ADVANCED_FACE('',(#9165),#79,.T.);
#9984=ADVANCED_FACE('',(#9166),#9651,.T.);
#9985=ADVANCED_FACE('',(#9167),#14,.T.);
#9986=ADVANCED_FACE('',(#9168),#9652,.T.);
#9987=ADVANCED_FACE('',(#9169),#9653,.T.);
#9988=ADVANCED_FACE('',(#9170),#80,.F.);
#9989=ADVANCED_FACE('',(#9171),#81,.F.);
#9990=ADVANCED_FACE('',(#9172),#9654,.T.);
#9991=ADVANCED_FACE('',(#9173),#9655,.T.);
#9992=ADVANCED_FACE('',(#9174),#9656,.T.);
#9993=ADVANCED_FACE('',(#9175),#9657,.T.);
#9994=ADVANCED_FACE('',(#9176),#9658,.T.);
#9995=ADVANCED_FACE('',(#9177),#9659,.T.);
#9996=ADVANCED_FACE('',(#9178),#9660,.T.);
#9997=ADVANCED_FACE('',(#9179),#9661,.T.);
#9998=ADVANCED_FACE('',(#9180),#9662,.T.);
#9999=ADVANCED_FACE('',(#9181),#9663,.T.);
#10000=ADVANCED_FACE('',(#9182),#9664,.T.);
#10001=ADVANCED_FACE('',(#9183),#9665,.T.);
#10002=ADVANCED_FACE('',(#9184),#82,.T.);
#10003=ADVANCED_FACE('',(#9185),#9666,.T.);
#10004=ADVANCED_FACE('',(#9186),#83,.F.);
#10005=ADVANCED_FACE('',(#9187),#9667,.T.);
#10006=ADVANCED_FACE('',(#9188),#9668,.T.);
#10007=ADVANCED_FACE('',(#9189),#9669,.T.);
#10008=ADVANCED_FACE('',(#9190),#84,.T.);
#10009=ADVANCED_FACE('',(#9191),#85,.T.);
#10010=ADVANCED_FACE('',(#9192),#15,.T.);
#10011=ADVANCED_FACE('',(#9193),#16,.T.);
#10012=ADVANCED_FACE('',(#9194),#86,.T.);
#10013=ADVANCED_FACE('',(#9195),#87,.T.);
#10014=ADVANCED_FACE('',(#9196),#17,.T.);
#10015=ADVANCED_FACE('',(#9197),#18,.T.);
#10016=ADVANCED_FACE('',(#9198),#9670,.T.);
#10017=ADVANCED_FACE('',(#9199),#9671,.T.);
#10018=ADVANCED_FACE('',(#9200),#9672,.T.);
#10019=ADVANCED_FACE('',(#9201),#88,.F.);
#10020=ADVANCED_FACE('',(#9202),#89,.F.);
#10021=ADVANCED_FACE('',(#9203),#90,.F.);
#10022=ADVANCED_FACE('',(#9204),#19,.T.);
#10023=ADVANCED_FACE('',(#9205),#20,.T.);
#10024=ADVANCED_FACE('',(#9206),#91,.F.);
#10025=ADVANCED_FACE('',(#9207),#9673,.T.);
#10026=ADVANCED_FACE('',(#9208),#21,.T.);
#10027=ADVANCED_FACE('',(#9209),#92,.F.);
#10028=ADVANCED_FACE('',(#9210),#22,.T.);
#10029=ADVANCED_FACE('',(#9211),#93,.F.);
#10030=ADVANCED_FACE('',(#9212),#9674,.T.);
#10031=ADVANCED_FACE('',(#9213),#94,.T.);
#10032=ADVANCED_FACE('',(#9214),#23,.T.);
#10033=ADVANCED_FACE('',(#9215),#24,.T.);
#10034=ADVANCED_FACE('',(#9216),#25,.T.);
#10035=ADVANCED_FACE('',(#9217),#26,.T.);
#10036=ADVANCED_FACE('',(#9218),#27,.T.);
#10037=ADVANCED_FACE('',(#9219),#28,.T.);
#10038=ADVANCED_FACE('',(#9220),#95,.T.);
#10039=ADVANCED_FACE('',(#9221),#9675,.T.);
#10040=ADVANCED_FACE('',(#9222),#96,.F.);
#10041=ADVANCED_FACE('',(#9223),#97,.F.);
#10042=ADVANCED_FACE('',(#9224),#29,.T.);
#10043=ADVANCED_FACE('',(#9225),#30,.T.);
#10044=ADVANCED_FACE('',(#9226),#98,.F.);
#10045=ADVANCED_FACE('',(#9227),#99,.F.);
#10046=ADVANCED_FACE('',(#9228),#9676,.T.);
#10047=ADVANCED_FACE('',(#9229),#100,.F.);
#10048=ADVANCED_FACE('',(#9230),#101,.F.);
#10049=ADVANCED_FACE('',(#9231),#9677,.T.);
#10050=ADVANCED_FACE('',(#9232),#9678,.T.);
#10051=ADVANCED_FACE('',(#9233),#102,.T.);
#10052=ADVANCED_FACE('',(#9234),#103,.T.);
#10053=ADVANCED_FACE('',(#9235),#104,.T.);
#10054=ADVANCED_FACE('',(#9236),#31,.T.);
#10055=ADVANCED_FACE('',(#9237),#9679,.T.);
#10056=ADVANCED_FACE('',(#9238),#9680,.T.);
#10057=ADVANCED_FACE('',(#9239),#9681,.T.);
#10058=ADVANCED_FACE('',(#9240),#9682,.T.);
#10059=ADVANCED_FACE('',(#9241),#9683,.T.);
#10060=ADVANCED_FACE('',(#9242),#9684,.T.);
#10061=ADVANCED_FACE('',(#9243),#9685,.T.);
#10062=ADVANCED_FACE('',(#9244),#9686,.T.);
#10063=ADVANCED_FACE('',(#9245),#9687,.T.);
#10064=ADVANCED_FACE('',(#9246),#105,.T.);
#10065=ADVANCED_FACE('',(#9247),#9688,.T.);
#10066=ADVANCED_FACE('',(#9248),#106,.F.);
#10067=ADVANCED_FACE('',(#9249),#9689,.T.);
#10068=ADVANCED_FACE('',(#9250),#9690,.T.);
#10069=ADVANCED_FACE('',(#9251),#9691,.T.);
#10070=ADVANCED_FACE('',(#9252),#107,.T.);
#10071=ADVANCED_FACE('',(#9253),#108,.T.);
#10072=ADVANCED_FACE('',(#9254),#32,.T.);
#10073=ADVANCED_FACE('',(#9255),#33,.T.);
#10074=ADVANCED_FACE('',(#9256),#109,.T.);
#10075=ADVANCED_FACE('',(#9257),#110,.T.);
#10076=ADVANCED_FACE('',(#9258),#34,.T.);
#10077=ADVANCED_FACE('',(#9259),#35,.T.);
#10078=ADVANCED_FACE('',(#9260),#9692,.T.);
#10079=ADVANCED_FACE('',(#9261),#9693,.T.);
#10080=ADVANCED_FACE('',(#9262),#9694,.T.);
#10081=ADVANCED_FACE('',(#9263),#111,.F.);
#10082=ADVANCED_FACE('',(#9264),#112,.F.);
#10083=ADVANCED_FACE('',(#9265),#113,.F.);
#10084=ADVANCED_FACE('',(#9266),#36,.T.);
#10085=ADVANCED_FACE('',(#9267),#37,.T.);
#10086=ADVANCED_FACE('',(#9268),#114,.F.);
#10087=ADVANCED_FACE('',(#9269),#9695,.T.);
#10088=ADVANCED_FACE('',(#9270),#9696,.T.);
#10089=ADVANCED_FACE('',(#9271),#9697,.T.);
#10090=ADVANCED_FACE('',(#9272),#9698,.T.);
#10091=ADVANCED_FACE('',(#9273),#9699,.T.);
#10092=ADVANCED_FACE('',(#9274),#9700,.T.);
#10093=ADVANCED_FACE('',(#9275),#9701,.T.);
#10094=ADVANCED_FACE('',(#9276),#9702,.T.);
#10095=ADVANCED_FACE('',(#9277),#9703,.T.);
#10096=ADVANCED_FACE('',(#9278),#9704,.T.);
#10097=ADVANCED_FACE('',(#9279),#9705,.T.);
#10098=ADVANCED_FACE('',(#9280),#9706,.T.);
#10099=ADVANCED_FACE('',(#9281),#9707,.T.);
#10100=ADVANCED_FACE('',(#9282),#9708,.T.);
#10101=ADVANCED_FACE('',(#9283),#9709,.T.);
#10102=ADVANCED_FACE('',(#9284),#9710,.T.);
#10103=ADVANCED_FACE('',(#9285),#9711,.T.);
#10104=ADVANCED_FACE('',(#9286),#9712,.T.);
#10105=ADVANCED_FACE('',(#9287),#9713,.T.);
#10106=ADVANCED_FACE('',(#9288),#9714,.T.);
#10107=ADVANCED_FACE('',(#9289),#9715,.T.);
#10108=ADVANCED_FACE('',(#9290),#9716,.T.);
#10109=ADVANCED_FACE('',(#9291),#9717,.T.);
#10110=ADVANCED_FACE('',(#9292),#9718,.T.);
#10111=ADVANCED_FACE('',(#9293),#9719,.T.);
#10112=ADVANCED_FACE('',(#9294),#9720,.T.);
#10113=ADVANCED_FACE('',(#9295),#9721,.T.);
#10114=ADVANCED_FACE('',(#9296),#9722,.T.);
#10115=ADVANCED_FACE('',(#9297),#9723,.T.);
#10116=ADVANCED_FACE('',(#9298),#9724,.T.);
#10117=ADVANCED_FACE('',(#9299),#9725,.T.);
#10118=ADVANCED_FACE('',(#9300),#9726,.T.);
#10119=ADVANCED_FACE('',(#9301),#9727,.T.);
#10120=ADVANCED_FACE('',(#9302),#9728,.T.);
#10121=ADVANCED_FACE('',(#9303),#9729,.T.);
#10122=ADVANCED_FACE('',(#9304),#9730,.T.);
#10123=ADVANCED_FACE('',(#9305),#9731,.T.);
#10124=ADVANCED_FACE('',(#9306),#9732,.T.);
#10125=ADVANCED_FACE('',(#9307),#9733,.T.);
#10126=ADVANCED_FACE('',(#9308),#9734,.T.);
#10127=ADVANCED_FACE('',(#9309),#9735,.T.);
#10128=ADVANCED_FACE('',(#9310),#9736,.T.);
#10129=ADVANCED_FACE('',(#9311),#9737,.T.);
#10130=ADVANCED_FACE('',(#9312),#9738,.T.);
#10131=ADVANCED_FACE('',(#9313),#9739,.T.);
#10132=ADVANCED_FACE('',(#9314),#9740,.T.);
#10133=ADVANCED_FACE('',(#9315),#9741,.T.);
#10134=ADVANCED_FACE('',(#9316),#9742,.T.);
#10135=ADVANCED_FACE('',(#9317),#9743,.T.);
#10136=ADVANCED_FACE('',(#9318),#9744,.T.);
#10137=ADVANCED_FACE('',(#9319),#9745,.T.);
#10138=ADVANCED_FACE('',(#9320),#9746,.T.);
#10139=ADVANCED_FACE('',(#9321),#9747,.T.);
#10140=ADVANCED_FACE('',(#9322),#9748,.T.);
#10141=ADVANCED_FACE('',(#9323),#9749,.T.);
#10142=ADVANCED_FACE('',(#9324),#9750,.T.);
#10143=ADVANCED_FACE('',(#9325),#9751,.T.);
#10144=ADVANCED_FACE('',(#9326),#9752,.T.);
#10145=ADVANCED_FACE('',(#9327),#9753,.T.);
#10146=ADVANCED_FACE('',(#9328),#9754,.T.);
#10147=ADVANCED_FACE('',(#9329),#9755,.T.);
#10148=ADVANCED_FACE('',(#9330),#9756,.T.);
#10149=ADVANCED_FACE('',(#9331),#9757,.T.);
#10150=ADVANCED_FACE('',(#9332),#9758,.T.);
#10151=ADVANCED_FACE('',(#9333),#9759,.T.);
#10152=ADVANCED_FACE('',(#9334),#9760,.T.);
#10153=ADVANCED_FACE('',(#9335),#9761,.T.);
#10154=ADVANCED_FACE('',(#9336),#9762,.T.);
#10155=ADVANCED_FACE('',(#9337),#9763,.T.);
#10156=ADVANCED_FACE('',(#9338),#9764,.T.);
#10157=ADVANCED_FACE('',(#9339),#9765,.T.);
#10158=ADVANCED_FACE('',(#9340),#115,.T.);
#10159=ADVANCED_FACE('',(#9341),#116,.T.);
#10160=ADVANCED_FACE('',(#9342),#117,.F.);
#10161=ADVANCED_FACE('',(#9343),#38,.T.);
#10162=ADVANCED_FACE('',(#9344),#9766,.T.);
#10163=ADVANCED_FACE('',(#9345),#118,.F.);
#10164=ADVANCED_FACE('',(#9346),#39,.T.);
#10165=ADVANCED_FACE('',(#9347),#119,.F.);
#10166=ADVANCED_FACE('',(#9348),#9767,.T.);
#10167=ADVANCED_FACE('',(#9349),#120,.F.);
#10168=ADVANCED_FACE('',(#9350),#121,.F.);
#10169=ADVANCED_FACE('',(#9351),#122,.F.);
#10170=ADVANCED_FACE('',(#9352),#123,.F.);
#10171=ADVANCED_FACE('',(#9353),#40,.T.);
#10172=ADVANCED_FACE('',(#9354),#124,.F.);
#10173=ADVANCED_FACE('',(#9355),#9768,.T.);
#10174=ADVANCED_FACE('',(#9356),#125,.T.);
#10175=ADVANCED_FACE('',(#9357),#41,.T.);
#10176=ADVANCED_FACE('',(#9358),#42,.T.);
#10177=ADVANCED_FACE('',(#9359),#126,.T.);
#10178=ADVANCED_FACE('',(#9360),#9769,.T.);
#10179=ADVANCED_FACE('',(#9361),#127,.F.);
#10180=ADVANCED_FACE('',(#9362),#128,.F.);
#10181=ADVANCED_FACE('',(#9363),#129,.F.);
#10182=ADVANCED_FACE('',(#9364),#43,.T.);
#10183=ADVANCED_FACE('',(#9365),#130,.T.);
#10184=ADVANCED_FACE('',(#9366),#131,.T.);
#10185=ADVANCED_FACE('',(#9367),#132,.T.);
#10186=ADVANCED_FACE('',(#9368),#133,.T.);
#10187=ADVANCED_FACE('',(#9369),#9770,.T.);
#10188=ADVANCED_FACE('',(#9370),#9771,.T.);
#10189=ADVANCED_FACE('',(#9371),#9772,.T.);
#10190=ADVANCED_FACE('',(#9372),#134,.F.);
#10191=ADVANCED_FACE('',(#9373),#135,.F.);
#10192=ADVANCED_FACE('',(#9374),#136,.F.);
#10193=ADVANCED_FACE('',(#9375),#137,.F.);
#10194=ADVANCED_FACE('',(#9376),#9773,.T.);
#10195=ADVANCED_FACE('',(#9377),#138,.F.);
#10196=ADVANCED_FACE('',(#9378),#139,.F.);
#10197=ADVANCED_FACE('',(#9379),#140,.F.);
#10198=ADVANCED_FACE('',(#9380),#44,.T.);
#10199=ADVANCED_FACE('',(#9381),#141,.F.);
#10200=ADVANCED_FACE('',(#9382),#142,.F.);
#10201=ADVANCED_FACE('',(#9383),#143,.F.);
#10202=ADVANCED_FACE('',(#9384),#144,.F.);
#10203=ADVANCED_FACE('',(#9385),#9774,.T.);
#10204=ADVANCED_FACE('',(#9386),#45,.T.);
#10205=ADVANCED_FACE('',(#9387),#46,.T.);
#10206=ADVANCED_FACE('',(#9388),#47,.T.);
#10207=ADVANCED_FACE('',(#9389),#9775,.T.);
#10208=ADVANCED_FACE('',(#9390),#9776,.T.);
#10209=ADVANCED_FACE('',(#9391),#145,.T.);
#10210=ADVANCED_FACE('',(#9392),#9777,.T.);
#10211=ADVANCED_FACE('',(#9393),#146,.F.);
#10212=ADVANCED_FACE('',(#9394),#9778,.T.);
#10213=ADVANCED_FACE('',(#9395),#9779,.T.);
#10214=ADVANCED_FACE('',(#9396),#9780,.T.);
#10215=ADVANCED_FACE('',(#9397),#147,.T.);
#10216=ADVANCED_FACE('',(#9398),#148,.T.);
#10217=ADVANCED_FACE('',(#9399),#48,.T.);
#10218=ADVANCED_FACE('',(#9400),#49,.T.);
#10219=ADVANCED_FACE('',(#9401),#149,.T.);
#10220=ADVANCED_FACE('',(#9402),#150,.T.);
#10221=ADVANCED_FACE('',(#9403),#50,.T.);
#10222=ADVANCED_FACE('',(#9404),#51,.T.);
#10223=ADVANCED_FACE('',(#9405),#9781,.T.);
#10224=ADVANCED_FACE('',(#9406),#9782,.T.);
#10225=ADVANCED_FACE('',(#9407),#9783,.T.);
#10226=ADVANCED_FACE('',(#9408),#151,.F.);
#10227=ADVANCED_FACE('',(#9409),#152,.F.);
#10228=ADVANCED_FACE('',(#9410),#153,.F.);
#10229=ADVANCED_FACE('',(#9411),#52,.T.);
#10230=ADVANCED_FACE('',(#9412),#53,.T.);
#10231=ADVANCED_FACE('',(#9413),#154,.F.);
#10232=ADVANCED_FACE('',(#9414),#9784,.T.);
#10233=ADVANCED_FACE('',(#9415),#9785,.T.);
#10234=ADVANCED_FACE('',(#9416),#9786,.T.);
#10235=ADVANCED_FACE('',(#9417),#9787,.T.);
#10236=ADVANCED_FACE('',(#9418),#9788,.T.);
#10237=ADVANCED_FACE('',(#9419),#9789,.T.);
#10238=ADVANCED_FACE('',(#9420),#9790,.T.);
#10239=ADVANCED_FACE('',(#9421),#9791,.T.);
#10240=ADVANCED_FACE('',(#9422),#9792,.T.);
#10241=ADVANCED_FACE('',(#9423),#9793,.T.);
#10242=ADVANCED_FACE('',(#9424),#9794,.T.);
#10243=ADVANCED_FACE('',(#9425),#9795,.T.);
#10244=ADVANCED_FACE('',(#9426),#9796,.T.);
#10245=ADVANCED_FACE('',(#9427),#9797,.T.);
#10246=ADVANCED_FACE('',(#9428),#9798,.T.);
#10247=ADVANCED_FACE('',(#9429),#9799,.T.);
#10248=ADVANCED_FACE('',(#9430),#9800,.T.);
#10249=ADVANCED_FACE('',(#9431),#9801,.T.);
#10250=ADVANCED_FACE('',(#9432),#9802,.T.);
#10251=ADVANCED_FACE('',(#9433),#9803,.T.);
#10252=ADVANCED_FACE('',(#9434),#9804,.T.);
#10253=ADVANCED_FACE('',(#9435),#9805,.T.);
#10254=ADVANCED_FACE('',(#9436),#9806,.T.);
#10255=ADVANCED_FACE('',(#9437),#9807,.T.);
#10256=ADVANCED_FACE('',(#9438),#155,.F.);
#10257=ADVANCED_FACE('',(#9439),#156,.F.);
#10258=ADVANCED_FACE('',(#9440),#157,.F.);
#10259=ADVANCED_FACE('',(#9441),#54,.T.);
#10260=ADVANCED_FACE('',(#9442),#158,.F.);
#10261=ADVANCED_FACE('',(#9443),#159,.F.);
#10262=ADVANCED_FACE('',(#9444),#160,.F.);
#10263=ADVANCED_FACE('',(#9445),#161,.F.);
#10264=ADVANCED_FACE('',(#9446),#9808,.T.);
#10265=ADVANCED_FACE('',(#9447),#55,.T.);
#10266=ADVANCED_FACE('',(#9448),#56,.T.);
#10267=ADVANCED_FACE('',(#9449),#57,.T.);
#10268=ADVANCED_FACE('',(#9450),#9809,.T.);
#10269=ADVANCED_FACE('',(#9451),#162,.T.);
#10270=ADVANCED_FACE('',(#9452),#163,.T.);
#10271=ADVANCED_FACE('',(#9453),#164,.T.);
#10272=ADVANCED_FACE('',(#9454),#165,.T.);
#10273=ADVANCED_FACE('',(#9455),#9810,.T.);
#10274=ADVANCED_FACE('',(#9456),#9811,.T.);
#10275=ADVANCED_FACE('',(#9457),#9812,.T.);
#10276=ADVANCED_FACE('',(#9458),#166,.F.);
#10277=ADVANCED_FACE('',(#9459),#167,.F.);
#10278=ADVANCED_FACE('',(#9460),#168,.F.);
#10279=ADVANCED_FACE('',(#9461),#169,.F.);
#10280=ADVANCED_FACE('',(#9462),#9813,.T.);
#10281=ADVANCED_FACE('',(#9463),#170,.F.);
#10282=ADVANCED_FACE('',(#9464),#171,.F.);
#10283=ADVANCED_FACE('',(#9465),#58,.T.);
#10284=ADVANCED_FACE('',(#9466),#172,.F.);
#10285=ADVANCED_FACE('',(#9467),#9814,.T.);
#10286=ADVANCED_FACE('',(#9468),#173,.T.);
#10287=ADVANCED_FACE('',(#9469),#59,.T.);
#10288=ADVANCED_FACE('',(#9470),#60,.T.);
#10289=ADVANCED_FACE('',(#9471),#174,.T.);
#10290=ADVANCED_FACE('',(#9472),#9815,.T.);
#10291=ADVANCED_FACE('',(#9473),#175,.F.);
#10292=ADVANCED_FACE('',(#9474),#176,.F.);
#10293=ADVANCED_FACE('',(#9475),#177,.F.);
#10294=ADVANCED_FACE('',(#9476),#61,.T.);
#10295=ADVANCED_FACE('',(#9477),#9816,.T.);
#10296=ADVANCED_FACE('',(#9478),#9817,.T.);
#10297=ADVANCED_FACE('',(#9479),#9818,.T.);
#10298=ADVANCED_FACE('',(#9480),#9819,.T.);
#10299=ADVANCED_FACE('',(#9481),#9820,.T.);
#10300=ADVANCED_FACE('',(#9482),#9821,.T.);
#10301=ADVANCED_FACE('',(#9483),#9822,.T.);
#10302=ADVANCED_FACE('',(#9484),#9823,.T.);
#10303=ADVANCED_FACE('',(#9485),#62,.T.);
#10304=ADVANCED_FACE('',(#9486),#178,.F.);
#10305=ADVANCED_FACE('',(#9487),#63,.T.);
#10306=ADVANCED_FACE('',(#9488),#179,.F.);
#10307=ADVANCED_FACE('',(#9489),#64,.T.);
#10308=ADVANCED_FACE('',(#9490),#65,.T.);
#10309=ADVANCED_FACE('',(#9491),#66,.T.);
#10310=ADVANCED_FACE('',(#9492),#180,.F.);
#10311=ADVANCED_FACE('',(#9493),#67,.T.);
#10312=ADVANCED_FACE('',(#9494),#181,.F.);
#10313=ADVANCED_FACE('',(#9495),#9824,.T.);
#10314=ADVANCED_FACE('',(#9496),#9825,.T.);
#10315=ADVANCED_FACE('',(#9497),#9826,.T.);
#10316=ADVANCED_FACE('',(#9498),#68,.T.);
#10317=ADVANCED_FACE('',(#9499),#69,.T.);
#10318=ADVANCED_FACE('',(#9500),#182,.T.);
#10319=ADVANCED_FACE('',(#9501),#183,.T.);
#10320=ADVANCED_FACE('',(#9502),#70,.T.);
#10321=ADVANCED_FACE('',(#9503),#71,.T.);
#10322=ADVANCED_FACE('',(#9504),#9827,.T.);
#10323=ADVANCED_FACE('',(#9505),#9828,.T.);
#10324=ADVANCED_FACE('',(#9506),#9829,.T.);
#10325=CLOSED_SHELL('',(#9830,#9831,#9832,#9833,#9834,#9835,#9836,#9837,
#9838,#9839,#9840,#9841,#9842,#9843,#9844,#9845,#9846,#9847,#9848,#9849,
#9850,#9851,#9852,#9853,#9854,#9855,#9856,#9857,#9858,#9859,#9860,#9861,
#9862,#9863,#9864,#9865,#9866,#9867,#9868,#9869,#9870,#9871,#9872,#9873,
#9874,#9875,#9876,#9877,#9878,#9879,#9880,#9881,#9882,#9883,#9884,#9885,
#9886,#9887,#9888,#9889,#9890,#9891,#9892,#9893,#9894,#9895,#9896,#9897,
#9898,#9899,#9900,#9901,#9902,#9903,#9904,#9905,#9906,#9907,#9908,#9909,
#9910,#9911,#9912,#9913,#9914,#9915,#9916,#9917,#9918,#9919,#9920,#9921,
#9922,#9923,#9924,#9925,#9926,#9927,#9928,#9929,#9930,#9931,#9932,#9933,
#9934,#9935,#9936,#9937,#9938,#9939,#9940,#9941,#9942,#9943,#9944,#9945,
#9946,#9947,#9948,#9949,#9950,#9951,#9952,#9953,#9954,#9955,#9956,#9957,
#9958,#9959,#9960,#9961,#9962,#9963,#9964,#9965,#9966,#9967,#9968,#9969,
#9970,#9971,#9972,#9973,#9974,#9975,#9976,#9977,#9978,#9979,#9980,#9981,
#9982,#9983,#9984,#9985,#9986,#9987,#9988,#9989,#9990,#9991,#9992,#9993,
#9994,#9995,#9996,#9997,#9998,#9999,#10000,#10001,#10002,#10003,#10004,
#10005,#10006,#10007,#10008,#10009,#10010,#10011,#10012,#10013,#10014,#10015,
#10016,#10017,#10018,#10019,#10020,#10021,#10022,#10023,#10024,#10025,#10026,
#10027,#10028,#10029,#10030,#10031,#10032,#10033,#10034,#10035,#10036,#10037,
#10038,#10039,#10040,#10041,#10042,#10043,#10044,#10045,#10046,#10047,#10048,
#10049,#10050,#10051,#10052,#10053,#10054,#10055,#10056,#10057,#10058,#10059,
#10060,#10061,#10062,#10063,#10064,#10065,#10066,#10067,#10068,#10069,#10070,
#10071,#10072,#10073,#10074,#10075,#10076,#10077,#10078,#10079,#10080,#10081,
#10082,#10083,#10084,#10085,#10086,#10087,#10088,#10089,#10090,#10091,#10092,
#10093,#10094,#10095,#10096,#10097,#10098,#10099,#10100,#10101,#10102,#10103,
#10104,#10105,#10106,#10107,#10108,#10109,#10110,#10111,#10112,#10113,#10114,
#10115,#10116,#10117,#10118,#10119,#10120,#10121,#10122,#10123,#10124,#10125,
#10126,#10127,#10128,#10129,#10130,#10131,#10132,#10133,#10134,#10135,#10136,
#10137,#10138,#10139,#10140,#10141,#10142,#10143,#10144,#10145,#10146,#10147,
#10148,#10149,#10150,#10151,#10152,#10153,#10154,#10155,#10156,#10157,#10158,
#10159,#10160,#10161,#10162,#10163,#10164,#10165,#10166,#10167,#10168,#10169,
#10170,#10171,#10172,#10173,#10174,#10175,#10176,#10177,#10178,#10179,#10180,
#10181,#10182,#10183,#10184,#10185,#10186,#10187,#10188,#10189,#10190,#10191,
#10192,#10193,#10194,#10195,#10196,#10197,#10198,#10199,#10200,#10201,#10202,
#10203,#10204,#10205,#10206,#10207,#10208,#10209,#10210,#10211,#10212,#10213,
#10214,#10215,#10216,#10217,#10218,#10219,#10220,#10221,#10222,#10223,#10224,
#10225,#10226,#10227,#10228,#10229,#10230,#10231,#10232,#10233,#10234,#10235,
#10236,#10237,#10238,#10239,#10240,#10241,#10242,#10243,#10244,#10245,#10246,
#10247,#10248,#10249,#10250,#10251,#10252,#10253,#10254,#10255,#10256,#10257,
#10258,#10259,#10260,#10261,#10262,#10263,#10264,#10265,#10266,#10267,#10268,
#10269,#10270,#10271,#10272,#10273,#10274,#10275,#10276,#10277,#10278,#10279,
#10280,#10281,#10282,#10283,#10284,#10285,#10286,#10287,#10288,#10289,#10290,
#10291,#10292,#10293,#10294,#10295,#10296,#10297,#10298,#10299,#10300,#10301,
#10302,#10303,#10304,#10305,#10306,#10307,#10308,#10309,#10310,#10311,#10312,
#10313,#10314,#10315,#10316,#10317,#10318,#10319,#10320,#10321,#10322,#10323,
#10324));
#10326=STYLED_ITEM('',(#10327),#10334);
#10327=PRESENTATION_STYLE_ASSIGNMENT((#10328));
#10328=SURFACE_STYLE_USAGE(.BOTH.,#10329);
#10329=SURFACE_SIDE_STYLE('',(#10330));
#10330=SURFACE_STYLE_FILL_AREA(#10331);
#10331=FILL_AREA_STYLE('',(#10332));
#10332=FILL_AREA_STYLE_COLOUR('',#10333);
#10333=COLOUR_RGB('',0.615686274509804,0.811764705882353,0.929411764705882);
#10334=MANIFOLD_SOLID_BREP('STAR SYMMETRY GRID',#10325);
#10335=SHAPE_DEFINITION_REPRESENTATION(#17079,#10336);
#10336=SHAPE_REPRESENTATION('STAR SYMMETRY GRID',(#10337),#17074);
#10337=AXIS2_PLACEMENT_3D('',#13452,#10997,#10998);
#10338=AXIS2_PLACEMENT_3D('',#13453,#10999,#11000);
#10339=AXIS2_PLACEMENT_3D('',#13734,#11141,#11142);
#10340=AXIS2_PLACEMENT_3D('',#13737,#11143,#11144);
#10341=AXIS2_PLACEMENT_3D('',#13739,#11145,#11146);
#10342=AXIS2_PLACEMENT_3D('',#13741,#11147,#11148);
#10343=AXIS2_PLACEMENT_3D('',#13743,#11149,#11150);
#10344=AXIS2_PLACEMENT_3D('',#13751,#11152,#11153);
#10345=AXIS2_PLACEMENT_3D('',#13757,#11154,#11155);
#10346=AXIS2_PLACEMENT_3D('',#13760,#11157,#11158);
#10347=AXIS2_PLACEMENT_3D('',#13769,#11160,#11161);
#10348=AXIS2_PLACEMENT_3D('',#13777,#11165,#11166);
#10349=AXIS2_PLACEMENT_3D('',#13798,#11177,#11178);
#10350=AXIS2_PLACEMENT_3D('',#13807,#11182,#11183);
#10351=AXIS2_PLACEMENT_3D('',#13809,#11184,#11185);
#10352=AXIS2_PLACEMENT_3D('',#13817,#11189,#11190);
#10353=AXIS2_PLACEMENT_3D('',#13819,#11191,#11192);
#10354=AXIS2_PLACEMENT_3D('',#13829,#11193,#11194);
#10355=AXIS2_PLACEMENT_3D('',#13831,#11195,#11196);
#10356=AXIS2_PLACEMENT_3D('',#13847,#11200,#11201);
#10357=AXIS2_PLACEMENT_3D('',#13849,#11202,#11203);
#10358=AXIS2_PLACEMENT_3D('',#13851,#11204,#11205);
#10359=AXIS2_PLACEMENT_3D('',#13877,#11206,#11207);
#10360=AXIS2_PLACEMENT_3D('',#13879,#11208,#11209);
#10361=AXIS2_PLACEMENT_3D('',#13883,#11211,#11212);
#10362=AXIS2_PLACEMENT_3D('',#13909,#11213,#11214);
#10363=AXIS2_PLACEMENT_3D('',#13913,#11216,#11217);
#10364=AXIS2_PLACEMENT_3D('',#13915,#11218,#11219);
#10365=AXIS2_PLACEMENT_3D('',#13923,#11223,#11224);
#10366=AXIS2_PLACEMENT_3D('',#13925,#11225,#11226);
#10367=AXIS2_PLACEMENT_3D('',#13927,#11227,#11228);
#10368=AXIS2_PLACEMENT_3D('',#13929,#11229,#11230);
#10369=AXIS2_PLACEMENT_3D('',#13935,#11233,#11234);
#10370=AXIS2_PLACEMENT_3D('',#13937,#11235,#11236);
#10371=AXIS2_PLACEMENT_3D('',#13939,#11237,#11238);
#10372=AXIS2_PLACEMENT_3D('',#13956,#11245,#11246);
#10373=AXIS2_PLACEMENT_3D('',#13965,#11250,#11251);
#10374=AXIS2_PLACEMENT_3D('',#13967,#11252,#11253);
#10375=AXIS2_PLACEMENT_3D('',#13975,#11257,#11258);
#10376=AXIS2_PLACEMENT_3D('',#13977,#11259,#11260);
#10377=AXIS2_PLACEMENT_3D('',#13987,#11261,#11262);
#10378=AXIS2_PLACEMENT_3D('',#13989,#11263,#11264);
#10379=AXIS2_PLACEMENT_3D('',#14005,#11268,#11269);
#10380=AXIS2_PLACEMENT_3D('',#14007,#11270,#11271);
#10381=AXIS2_PLACEMENT_3D('',#14009,#11272,#11273);
#10382=AXIS2_PLACEMENT_3D('',#14158,#11344,#11345);
#10383=AXIS2_PLACEMENT_3D('',#14161,#11346,#11347);
#10384=AXIS2_PLACEMENT_3D('',#14163,#11348,#11349);
#10385=AXIS2_PLACEMENT_3D('',#14165,#11350,#11351);
#10386=AXIS2_PLACEMENT_3D('',#14167,#11352,#11353);
#10387=AXIS2_PLACEMENT_3D('',#14175,#11355,#11356);
#10388=AXIS2_PLACEMENT_3D('',#14181,#11357,#11358);
#10389=AXIS2_PLACEMENT_3D('',#14184,#11360,#11361);
#10390=AXIS2_PLACEMENT_3D('',#14195,#11362,#11363);
#10391=AXIS2_PLACEMENT_3D('',#14197,#11364,#11365);
#10392=AXIS2_PLACEMENT_3D('',#14199,#11366,#11367);
#10393=AXIS2_PLACEMENT_3D('',#14203,#11369,#11370);
#10394=AXIS2_PLACEMENT_3D('',#14213,#11371,#11372);
#10395=AXIS2_PLACEMENT_3D('',#14217,#11374,#11375);
#10396=AXIS2_PLACEMENT_3D('',#14219,#11376,#11377);
#10397=AXIS2_PLACEMENT_3D('',#14220,#11378,#11379);
#10398=AXIS2_PLACEMENT_3D('',#14225,#11381,#11382);
#10399=AXIS2_PLACEMENT_3D('',#14227,#11383,#11384);
#10400=AXIS2_PLACEMENT_3D('',#14229,#11385,#11386);
#10401=AXIS2_PLACEMENT_3D('',#14231,#11387,#11388);
#10402=AXIS2_PLACEMENT_3D('',#14239,#11392,#11393);
#10403=AXIS2_PLACEMENT_3D('',#14241,#11394,#11395);
#10404=AXIS2_PLACEMENT_3D('',#14243,#11396,#11397);
#10405=AXIS2_PLACEMENT_3D('',#14251,#11399,#11400);
#10406=AXIS2_PLACEMENT_3D('',#14253,#11401,#11402);
#10407=AXIS2_PLACEMENT_3D('',#14255,#11403,#11404);
#10408=AXIS2_PLACEMENT_3D('',#14261,#11405,#11406);
#10409=AXIS2_PLACEMENT_3D('',#14263,#11407,#11408);
#10410=AXIS2_PLACEMENT_3D('',#14265,#11409,#11410);
#10411=AXIS2_PLACEMENT_3D('',#14267,#11411,#11412);
#10412=AXIS2_PLACEMENT_3D('',#14278,#11414,#11415);
#10413=AXIS2_PLACEMENT_3D('',#14287,#11419,#11420);
#10414=AXIS2_PLACEMENT_3D('',#14289,#11421,#11422);
#10415=AXIS2_PLACEMENT_3D('',#14297,#11426,#11427);
#10416=AXIS2_PLACEMENT_3D('',#14299,#11428,#11429);
#10417=AXIS2_PLACEMENT_3D('',#14309,#11430,#11431);
#10418=AXIS2_PLACEMENT_3D('',#14311,#11432,#11433);
#10419=AXIS2_PLACEMENT_3D('',#14327,#11437,#11438);
#10420=AXIS2_PLACEMENT_3D('',#14329,#11439,#11440);
#10421=AXIS2_PLACEMENT_3D('',#14331,#11441,#11442);
#10422=AXIS2_PLACEMENT_3D('',#14393,#11467,#11468);
#10423=AXIS2_PLACEMENT_3D('',#14395,#11469,#11470);
#10424=AXIS2_PLACEMENT_3D('',#14397,#11471,#11472);
#10425=AXIS2_PLACEMENT_3D('',#14403,#11473,#11474);
#10426=AXIS2_PLACEMENT_3D('',#14405,#11475,#11476);
#10427=AXIS2_PLACEMENT_3D('',#14407,#11477,#11478);
#10428=AXIS2_PLACEMENT_3D('',#14409,#11479,#11480);
#10429=AXIS2_PLACEMENT_3D('',#14420,#11482,#11483);
#10430=AXIS2_PLACEMENT_3D('',#14425,#11485,#11486);
#10431=AXIS2_PLACEMENT_3D('',#14427,#11487,#11488);
#10432=AXIS2_PLACEMENT_3D('',#14429,#11489,#11490);
#10433=AXIS2_PLACEMENT_3D('',#14431,#11491,#11492);
#10434=AXIS2_PLACEMENT_3D('',#14439,#11496,#11497);
#10435=AXIS2_PLACEMENT_3D('',#14441,#11498,#11499);
#10436=AXIS2_PLACEMENT_3D('',#14443,#11500,#11501);
#10437=AXIS2_PLACEMENT_3D('',#14444,#11502,#11503);
#10438=AXIS2_PLACEMENT_3D('',#14455,#11504,#11505);
#10439=AXIS2_PLACEMENT_3D('',#14457,#11506,#11507);
#10440=AXIS2_PLACEMENT_3D('',#14459,#11508,#11509);
#10441=AXIS2_PLACEMENT_3D('',#14463,#11511,#11512);
#10442=AXIS2_PLACEMENT_3D('',#14473,#11513,#11514);
#10443=AXIS2_PLACEMENT_3D('',#14477,#11516,#11517);
#10444=AXIS2_PLACEMENT_3D('',#14479,#11518,#11519);
#10445=AXIS2_PLACEMENT_3D('',#14509,#11530,#11531);
#10446=AXIS2_PLACEMENT_3D('',#14511,#11532,#11533);
#10447=AXIS2_PLACEMENT_3D('',#14525,#11534,#11535);
#10448=AXIS2_PLACEMENT_3D('',#14531,#11536,#11537);
#10449=AXIS2_PLACEMENT_3D('',#14547,#11541,#11542);
#10450=AXIS2_PLACEMENT_3D('',#14549,#11543,#11544);
#10451=AXIS2_PLACEMENT_3D('',#14560,#11546,#11547);
#10452=AXIS2_PLACEMENT_3D('',#14574,#11552,#11553);
#10453=AXIS2_PLACEMENT_3D('',#14576,#11554,#11555);
#10454=AXIS2_PLACEMENT_3D('',#14578,#11556,#11557);
#10455=AXIS2_PLACEMENT_3D('',#14582,#11559,#11560);
#10456=AXIS2_PLACEMENT_3D('',#14592,#11561,#11562);
#10457=AXIS2_PLACEMENT_3D('',#14596,#11564,#11565);
#10458=AXIS2_PLACEMENT_3D('',#14598,#11566,#11567);
#10459=AXIS2_PLACEMENT_3D('',#14600,#11568,#11569);
#10460=AXIS2_PLACEMENT_3D('',#14622,#11572,#11573);
#10461=AXIS2_PLACEMENT_3D('',#14624,#11574,#11575);
#10462=AXIS2_PLACEMENT_3D('',#14626,#11576,#11577);
#10463=AXIS2_PLACEMENT_3D('',#14628,#11578,#11579);
#10464=AXIS2_PLACEMENT_3D('',#14634,#11580,#11581);
#10465=AXIS2_PLACEMENT_3D('',#14636,#11582,#11583);
#10466=AXIS2_PLACEMENT_3D('',#14638,#11584,#11585);
#10467=AXIS2_PLACEMENT_3D('',#14672,#11596,#11597);
#10468=AXIS2_PLACEMENT_3D('',#14674,#11598,#11599);
#10469=AXIS2_PLACEMENT_3D('',#14676,#11600,#11601);
#10470=AXIS2_PLACEMENT_3D('',#14678,#11602,#11603);
#10471=AXIS2_PLACEMENT_3D('',#14684,#11604,#11605);
#10472=AXIS2_PLACEMENT_3D('',#14686,#11606,#11607);
#10473=AXIS2_PLACEMENT_3D('',#14688,#11608,#11609);
#10474=AXIS2_PLACEMENT_3D('',#14694,#11610,#11611);
#10475=AXIS2_PLACEMENT_3D('',#14696,#11612,#11613);
#10476=AXIS2_PLACEMENT_3D('',#14698,#11614,#11615);
#10477=AXIS2_PLACEMENT_3D('',#14702,#11617,#11618);
#10478=AXIS2_PLACEMENT_3D('',#14712,#11619,#11620);
#10479=AXIS2_PLACEMENT_3D('',#14716,#11622,#11623);
#10480=AXIS2_PLACEMENT_3D('',#14718,#11624,#11625);
#10481=AXIS2_PLACEMENT_3D('',#14720,#11626,#11627);
#10482=AXIS2_PLACEMENT_3D('',#14792,#11661,#11662);
#10483=AXIS2_PLACEMENT_3D('',#14802,#11663,#11664);
#10484=AXIS2_PLACEMENT_3D('',#14804,#11665,#11666);
#10485=AXIS2_PLACEMENT_3D('',#14806,#11667,#11668);
#10486=AXIS2_PLACEMENT_3D('',#14822,#11672,#11673);
#10487=AXIS2_PLACEMENT_3D('',#14824,#11674,#11675);
#10488=AXIS2_PLACEMENT_3D('',#14834,#11676,#11677);
#10489=AXIS2_PLACEMENT_3D('',#14836,#11678,#11679);
#10490=AXIS2_PLACEMENT_3D('',#14844,#11683,#11684);
#10491=AXIS2_PLACEMENT_3D('',#14846,#11685,#11686);
#10492=AXIS2_PLACEMENT_3D('',#14864,#11693,#11694);
#10493=AXIS2_PLACEMENT_3D('',#14866,#11695,#11696);
#10494=AXIS2_PLACEMENT_3D('',#14868,#11697,#11698);
#10495=AXIS2_PLACEMENT_3D('',#14874,#11701,#11702);
#10496=AXIS2_PLACEMENT_3D('',#14876,#11703,#11704);
#10497=AXIS2_PLACEMENT_3D('',#14878,#11705,#11706);
#10498=AXIS2_PLACEMENT_3D('',#14880,#11707,#11708);
#10499=AXIS2_PLACEMENT_3D('',#14886,#11711,#11712);
#10500=AXIS2_PLACEMENT_3D('',#14896,#11713,#11714);
#10501=AXIS2_PLACEMENT_3D('',#14898,#11715,#11716);
#10502=AXIS2_PLACEMENT_3D('',#14900,#11717,#11718);
#10503=AXIS2_PLACEMENT_3D('',#14916,#11722,#11723);
#10504=AXIS2_PLACEMENT_3D('',#14918,#11724,#11725);
#10505=AXIS2_PLACEMENT_3D('',#14928,#11726,#11727);
#10506=AXIS2_PLACEMENT_3D('',#14930,#11728,#11729);
#10507=AXIS2_PLACEMENT_3D('',#14938,#11733,#11734);
#10508=AXIS2_PLACEMENT_3D('',#14940,#11735,#11736);
#10509=AXIS2_PLACEMENT_3D('',#14953,#11743,#11744);
#10510=AXIS2_PLACEMENT_3D('',#14956,#11745,#11746);
#10511=AXIS2_PLACEMENT_3D('',#14960,#11748,#11749);
#10512=AXIS2_PLACEMENT_3D('',#14966,#11750,#11751);
#10513=AXIS2_PLACEMENT_3D('',#14974,#11753,#11754);
#10514=AXIS2_PLACEMENT_3D('',#14976,#11755,#11756);
#10515=AXIS2_PLACEMENT_3D('',#14978,#11757,#11758);
#10516=AXIS2_PLACEMENT_3D('',#15262,#11900,#11901);
#10517=AXIS2_PLACEMENT_3D('',#15264,#11902,#11903);
#10518=AXIS2_PLACEMENT_3D('',#15272,#11907,#11908);
#10519=AXIS2_PLACEMENT_3D('',#15298,#11915,#11916);
#10520=AXIS2_PLACEMENT_3D('',#15300,#11917,#11918);
#10521=AXIS2_PLACEMENT_3D('',#15304,#11920,#11921);
#10522=AXIS2_PLACEMENT_3D('',#15330,#11922,#11923);
#10523=AXIS2_PLACEMENT_3D('',#15334,#11925,#11926);
#10524=AXIS2_PLACEMENT_3D('',#15336,#11927,#11928);
#10525=AXIS2_PLACEMENT_3D('',#15429,#11971,#11972);
#10526=AXIS2_PLACEMENT_3D('',#15432,#11973,#11974);
#10527=AXIS2_PLACEMENT_3D('',#15436,#11976,#11977);
#10528=AXIS2_PLACEMENT_3D('',#15442,#11978,#11979);
#10529=AXIS2_PLACEMENT_3D('',#15450,#11981,#11982);
#10530=AXIS2_PLACEMENT_3D('',#15452,#11983,#11984);
#10531=AXIS2_PLACEMENT_3D('',#15454,#11985,#11986);
#10532=AXIS2_PLACEMENT_3D('',#15458,#11988,#11989);
#10533=AXIS2_PLACEMENT_3D('',#15460,#11990,#11991);
#10534=AXIS2_PLACEMENT_3D('',#15462,#11992,#11993);
#10535=AXIS2_PLACEMENT_3D('',#15464,#11994,#11995);
#10536=AXIS2_PLACEMENT_3D('',#15472,#11999,#12000);
#10537=AXIS2_PLACEMENT_3D('',#15474,#12001,#12002);
#10538=AXIS2_PLACEMENT_3D('',#15476,#12003,#12004);
#10539=AXIS2_PLACEMENT_3D('',#15478,#12005,#12006);
#10540=AXIS2_PLACEMENT_3D('',#15482,#12008,#12009);
#10541=AXIS2_PLACEMENT_3D('',#15492,#12010,#12011);
#10542=AXIS2_PLACEMENT_3D('',#15494,#12012,#12013);
#10543=AXIS2_PLACEMENT_3D('',#15496,#12014,#12015);
#10544=AXIS2_PLACEMENT_3D('',#15512,#12019,#12020);
#10545=AXIS2_PLACEMENT_3D('',#15514,#12021,#12022);
#10546=AXIS2_PLACEMENT_3D('',#15524,#12023,#12024);
#10547=AXIS2_PLACEMENT_3D('',#15526,#12025,#12026);
#10548=AXIS2_PLACEMENT_3D('',#15534,#12030,#12031);
#10549=AXIS2_PLACEMENT_3D('',#15536,#12032,#12033);
#10550=AXIS2_PLACEMENT_3D('',#15574,#12052,#12053);
#10551=AXIS2_PLACEMENT_3D('',#15576,#12054,#12055);
#10552=AXIS2_PLACEMENT_3D('',#15578,#12056,#12057);
#10553=AXIS2_PLACEMENT_3D('',#15580,#12058,#12059);
#10554=AXIS2_PLACEMENT_3D('',#15588,#12063,#12064);
#10555=AXIS2_PLACEMENT_3D('',#15590,#12065,#12066);
#10556=AXIS2_PLACEMENT_3D('',#15592,#12067,#12068);
#10557=AXIS2_PLACEMENT_3D('',#15594,#12069,#12070);
#10558=AXIS2_PLACEMENT_3D('',#15618,#12078,#12079);
#10559=AXIS2_PLACEMENT_3D('',#15620,#12080,#12081);
#10560=AXIS2_PLACEMENT_3D('',#15636,#12085,#12086);
#10561=AXIS2_PLACEMENT_3D('',#15642,#12087,#12088);
#10562=AXIS2_PLACEMENT_3D('',#15656,#12089,#12090);
#10563=AXIS2_PLACEMENT_3D('',#15658,#12091,#12092);
#10564=AXIS2_PLACEMENT_3D('',#15667,#12093,#12094);
#10565=AXIS2_PLACEMENT_3D('',#15670,#12097,#12098);
#10566=AXIS2_PLACEMENT_3D('',#15672,#12100,#12101);
#10567=AXIS2_PLACEMENT_3D('',#15675,#12104,#12105);
#10568=AXIS2_PLACEMENT_3D('',#15677,#12107,#12108);
#10569=AXIS2_PLACEMENT_3D('',#15680,#12111,#12112);
#10570=AXIS2_PLACEMENT_3D('',#15682,#12114,#12115);
#10571=AXIS2_PLACEMENT_3D('',#15685,#12118,#12119);
#10572=AXIS2_PLACEMENT_3D('',#15687,#12121,#12122);
#10573=AXIS2_PLACEMENT_3D('',#15690,#12125,#12126);
#10574=AXIS2_PLACEMENT_3D('',#15692,#12128,#12129);
#10575=AXIS2_PLACEMENT_3D('',#15695,#12132,#12133);
#10576=AXIS2_PLACEMENT_3D('',#15697,#12135,#12136);
#10577=AXIS2_PLACEMENT_3D('',#15700,#12139,#12140);
#10578=AXIS2_PLACEMENT_3D('',#15702,#12142,#12143);
#10579=AXIS2_PLACEMENT_3D('',#15704,#12145,#12146);
#10580=AXIS2_PLACEMENT_3D('',#15707,#12149,#12150);
#10581=AXIS2_PLACEMENT_3D('',#15709,#12152,#12153);
#10582=AXIS2_PLACEMENT_3D('',#15712,#12156,#12157);
#10583=AXIS2_PLACEMENT_3D('',#15714,#12159,#12160);
#10584=AXIS2_PLACEMENT_3D('',#15716,#12162,#12163);
#10585=AXIS2_PLACEMENT_3D('',#15718,#12165,#12166);
#10586=AXIS2_PLACEMENT_3D('',#15721,#12169,#12170);
#10587=AXIS2_PLACEMENT_3D('',#15723,#12172,#12173);
#10588=AXIS2_PLACEMENT_3D('',#15726,#12176,#12177);
#10589=AXIS2_PLACEMENT_3D('',#15728,#12179,#12180);
#10590=AXIS2_PLACEMENT_3D('',#15730,#12182,#12183);
#10591=AXIS2_PLACEMENT_3D('',#15733,#12186,#12187);
#10592=AXIS2_PLACEMENT_3D('',#15735,#12189,#12190);
#10593=AXIS2_PLACEMENT_3D('',#15737,#12192,#12193);
#10594=AXIS2_PLACEMENT_3D('',#15740,#12196,#12197);
#10595=AXIS2_PLACEMENT_3D('',#15742,#12199,#12200);
#10596=AXIS2_PLACEMENT_3D('',#15745,#12203,#12204);
#10597=AXIS2_PLACEMENT_3D('',#15747,#12206,#12207);
#10598=AXIS2_PLACEMENT_3D('',#15749,#12209,#12210);
#10599=AXIS2_PLACEMENT_3D('',#15752,#12213,#12214);
#10600=AXIS2_PLACEMENT_3D('',#15754,#12216,#12217);
#10601=AXIS2_PLACEMENT_3D('',#15757,#12220,#12221);
#10602=AXIS2_PLACEMENT_3D('',#15759,#12223,#12224);
#10603=AXIS2_PLACEMENT_3D('',#15762,#12227,#12228);
#10604=AXIS2_PLACEMENT_3D('',#15764,#12230,#12231);
#10605=AXIS2_PLACEMENT_3D('',#15767,#12234,#12235);
#10606=AXIS2_PLACEMENT_3D('',#15769,#12237,#12238);
#10607=AXIS2_PLACEMENT_3D('',#15772,#12241,#12242);
#10608=AXIS2_PLACEMENT_3D('',#15774,#12244,#12245);
#10609=AXIS2_PLACEMENT_3D('',#15776,#12247,#12248);
#10610=AXIS2_PLACEMENT_3D('',#15778,#12250,#12251);
#10611=AXIS2_PLACEMENT_3D('',#15781,#12254,#12255);
#10612=AXIS2_PLACEMENT_3D('',#15783,#12257,#12258);
#10613=AXIS2_PLACEMENT_3D('',#15786,#12261,#12262);
#10614=AXIS2_PLACEMENT_3D('',#15788,#12264,#12265);
#10615=AXIS2_PLACEMENT_3D('',#15791,#12268,#12269);
#10616=AXIS2_PLACEMENT_3D('',#15793,#12271,#12272);
#10617=AXIS2_PLACEMENT_3D('',#15796,#12275,#12276);
#10618=AXIS2_PLACEMENT_3D('',#15798,#12278,#12279);
#10619=AXIS2_PLACEMENT_3D('',#15801,#12282,#12283);
#10620=AXIS2_PLACEMENT_3D('',#15803,#12285,#12286);
#10621=AXIS2_PLACEMENT_3D('',#15805,#12288,#12289);
#10622=AXIS2_PLACEMENT_3D('',#15807,#12291,#12292);
#10623=AXIS2_PLACEMENT_3D('',#15810,#12295,#12296);
#10624=AXIS2_PLACEMENT_3D('',#15812,#12298,#12299);
#10625=AXIS2_PLACEMENT_3D('',#15814,#12301,#12302);
#10626=AXIS2_PLACEMENT_3D('',#15816,#12304,#12305);
#10627=AXIS2_PLACEMENT_3D('',#15818,#12307,#12308);
#10628=AXIS2_PLACEMENT_3D('',#15821,#12311,#12312);
#10629=AXIS2_PLACEMENT_3D('',#15823,#12314,#12315);
#10630=AXIS2_PLACEMENT_3D('',#15826,#12318,#12319);
#10631=AXIS2_PLACEMENT_3D('',#15828,#12321,#12322);
#10632=AXIS2_PLACEMENT_3D('',#15831,#12325,#12326);
#10633=AXIS2_PLACEMENT_3D('',#15833,#12328,#12329);
#10634=AXIS2_PLACEMENT_3D('',#15835,#12331,#12332);
#10635=AXIS2_PLACEMENT_3D('',#15837,#12334,#12335);
#10636=AXIS2_PLACEMENT_3D('',#15840,#12338,#12339);
#10637=AXIS2_PLACEMENT_3D('',#15842,#12341,#12342);
#10638=AXIS2_PLACEMENT_3D('',#15844,#12344,#12345);
#10639=AXIS2_PLACEMENT_3D('',#15847,#12348,#12349);
#10640=AXIS2_PLACEMENT_3D('',#15849,#12351,#12352);
#10641=AXIS2_PLACEMENT_3D('',#15851,#12354,#12355);
#10642=AXIS2_PLACEMENT_3D('',#15854,#12358,#12359);
#10643=AXIS2_PLACEMENT_3D('',#15856,#12361,#12362);
#10644=AXIS2_PLACEMENT_3D('',#15859,#12365,#12366);
#10645=AXIS2_PLACEMENT_3D('',#15861,#12368,#12369);
#10646=AXIS2_PLACEMENT_3D('',#15864,#12372,#12373);
#10647=AXIS2_PLACEMENT_3D('',#15866,#12375,#12376);
#10648=AXIS2_PLACEMENT_3D('',#15869,#12379,#12380);
#10649=AXIS2_PLACEMENT_3D('',#15871,#12382,#12383);
#10650=AXIS2_PLACEMENT_3D('',#15873,#12385,#12386);
#10651=AXIS2_PLACEMENT_3D('',#15875,#12388,#12389);
#10652=AXIS2_PLACEMENT_3D('',#15877,#12391,#12392);
#10653=AXIS2_PLACEMENT_3D('',#15880,#12395,#12396);
#10654=AXIS2_PLACEMENT_3D('',#15882,#12398,#12399);
#10655=AXIS2_PLACEMENT_3D('',#15884,#12401,#12402);
#10656=AXIS2_PLACEMENT_3D('',#15887,#12405,#12406);
#10657=AXIS2_PLACEMENT_3D('',#15889,#12408,#12409);
#10658=AXIS2_PLACEMENT_3D('',#15892,#12412,#12413);
#10659=AXIS2_PLACEMENT_3D('',#15894,#12415,#12416);
#10660=AXIS2_PLACEMENT_3D('',#15896,#12418,#12419);
#10661=AXIS2_PLACEMENT_3D('',#15899,#12422,#12423);
#10662=AXIS2_PLACEMENT_3D('',#15901,#12425,#12426);
#10663=AXIS2_PLACEMENT_3D('',#15904,#12429,#12430);
#10664=AXIS2_PLACEMENT_3D('',#15906,#12432,#12433);
#10665=AXIS2_PLACEMENT_3D('',#15908,#12435,#12436);
#10666=AXIS2_PLACEMENT_3D('',#15909,#12437,#12438);
#10667=AXIS2_PLACEMENT_3D('',#15910,#12439,#12440);
#10668=AXIS2_PLACEMENT_3D('',#15911,#12441,#12442);
#10669=AXIS2_PLACEMENT_3D('',#15912,#12443,#12444);
#10670=AXIS2_PLACEMENT_3D('',#15913,#12445,#12446);
#10671=AXIS2_PLACEMENT_3D('',#15914,#12447,#12448);
#10672=AXIS2_PLACEMENT_3D('',#15915,#12449,#12450);
#10673=AXIS2_PLACEMENT_3D('',#15916,#12451,#12452);
#10674=AXIS2_PLACEMENT_3D('',#15917,#12453,#12454);
#10675=AXIS2_PLACEMENT_3D('',#15918,#12455,#12456);
#10676=AXIS2_PLACEMENT_3D('',#15919,#12457,#12458);
#10677=AXIS2_PLACEMENT_3D('',#15920,#12459,#12460);
#10678=AXIS2_PLACEMENT_3D('',#15921,#12461,#12462);
#10679=AXIS2_PLACEMENT_3D('',#15922,#12463,#12464);
#10680=AXIS2_PLACEMENT_3D('',#15923,#12465,#12466);
#10681=AXIS2_PLACEMENT_3D('',#15924,#12467,#12468);
#10682=AXIS2_PLACEMENT_3D('',#15925,#12469,#12470);
#10683=AXIS2_PLACEMENT_3D('',#15926,#12471,#12472);
#10684=AXIS2_PLACEMENT_3D('',#15927,#12473,#12474);
#10685=AXIS2_PLACEMENT_3D('',#15928,#12475,#12476);
#10686=AXIS2_PLACEMENT_3D('',#15929,#12477,#12478);
#10687=AXIS2_PLACEMENT_3D('',#15930,#12479,#12480);
#10688=AXIS2_PLACEMENT_3D('',#15931,#12481,#12482);
#10689=AXIS2_PLACEMENT_3D('',#15932,#12483,#12484);
#10690=AXIS2_PLACEMENT_3D('',#15933,#12485,#12486);
#10691=AXIS2_PLACEMENT_3D('',#15934,#12487,#12488);
#10692=AXIS2_PLACEMENT_3D('',#15935,#12489,#12490);
#10693=AXIS2_PLACEMENT_3D('',#15936,#12491,#12492);
#10694=AXIS2_PLACEMENT_3D('',#15937,#12493,#12494);
#10695=AXIS2_PLACEMENT_3D('',#15938,#12495,#12496);
#10696=AXIS2_PLACEMENT_3D('',#15939,#12497,#12498);
#10697=AXIS2_PLACEMENT_3D('',#15940,#12499,#12500);
#10698=AXIS2_PLACEMENT_3D('',#15941,#12501,#12502);
#10699=AXIS2_PLACEMENT_3D('',#15942,#12503,#12504);
#10700=AXIS2_PLACEMENT_3D('',#15943,#12505,#12506);
#10701=AXIS2_PLACEMENT_3D('',#15944,#12507,#12508);
#10702=AXIS2_PLACEMENT_3D('',#15945,#12509,#12510);
#10703=AXIS2_PLACEMENT_3D('',#15946,#12511,#12512);
#10704=AXIS2_PLACEMENT_3D('',#15947,#12513,#12514);
#10705=AXIS2_PLACEMENT_3D('',#15950,#12517,#12518);
#10706=AXIS2_PLACEMENT_3D('',#15952,#12520,#12521);
#10707=AXIS2_PLACEMENT_3D('',#15963,#12524,#12525);
#10708=AXIS2_PLACEMENT_3D('',#15965,#12527,#12528);
#10709=AXIS2_PLACEMENT_3D('',#15976,#12531,#12532);
#10710=AXIS2_PLACEMENT_3D('',#15978,#12534,#12535);
#10711=AXIS2_PLACEMENT_3D('',#15980,#12537,#12538);
#10712=AXIS2_PLACEMENT_3D('',#15982,#12540,#12541);
#10713=AXIS2_PLACEMENT_3D('',#15983,#12542,#12543);
#10714=AXIS2_PLACEMENT_3D('',#15986,#12546,#12547);
#10715=AXIS2_PLACEMENT_3D('',#15997,#12550,#12551);
#10716=AXIS2_PLACEMENT_3D('',#15999,#12553,#12554);
#10717=AXIS2_PLACEMENT_3D('',#16001,#12556,#12557);
#10718=AXIS2_PLACEMENT_3D('',#16003,#12559,#12560);
#10719=AXIS2_PLACEMENT_3D('',#16005,#12562,#12563);
#10720=AXIS2_PLACEMENT_3D('',#16006,#12564,#12565);
#10721=AXIS2_PLACEMENT_3D('',#16009,#12568,#12569);
#10722=AXIS2_PLACEMENT_3D('',#16011,#12571,#12572);
#10723=AXIS2_PLACEMENT_3D('',#16013,#12574,#12575);
#10724=AXIS2_PLACEMENT_3D('',#16014,#12576,#12577);
#10725=AXIS2_PLACEMENT_3D('',#16017,#12580,#12581);
#10726=AXIS2_PLACEMENT_3D('',#16019,#12583,#12584);
#10727=AXIS2_PLACEMENT_3D('',#16021,#12586,#12587);
#10728=AXIS2_PLACEMENT_3D('',#16023,#12589,#12590);
#10729=AXIS2_PLACEMENT_3D('',#16025,#12592,#12593);
#10730=AXIS2_PLACEMENT_3D('',#16026,#12594,#12595);
#10731=AXIS2_PLACEMENT_3D('',#16029,#12598,#12599);
#10732=AXIS2_PLACEMENT_3D('',#16031,#12601,#12602);
#10733=AXIS2_PLACEMENT_3D('',#16033,#12604,#12605);
#10734=AXIS2_PLACEMENT_3D('',#16035,#12607,#12608);
#10735=AXIS2_PLACEMENT_3D('',#16037,#12610,#12611);
#10736=AXIS2_PLACEMENT_3D('',#16039,#12613,#12614);
#10737=AXIS2_PLACEMENT_3D('',#16041,#12616,#12617);
#10738=AXIS2_PLACEMENT_3D('',#16043,#12619,#12620);
#10739=AXIS2_PLACEMENT_3D('',#16063,#12624,#12625);
#10740=AXIS2_PLACEMENT_3D('',#16065,#12627,#12628);
#10741=AXIS2_PLACEMENT_3D('',#16085,#12632,#12633);
#10742=AXIS2_PLACEMENT_3D('',#16087,#12635,#12636);
#10743=AXIS2_PLACEMENT_3D('',#16089,#12638,#12639);
#10744=AXIS2_PLACEMENT_3D('',#16091,#12641,#12642);
#10745=AXIS2_PLACEMENT_3D('',#16093,#12644,#12645);
#10746=AXIS2_PLACEMENT_3D('',#16095,#12647,#12648);
#10747=AXIS2_PLACEMENT_3D('',#16115,#12652,#12653);
#10748=AXIS2_PLACEMENT_3D('',#16117,#12655,#12656);
#10749=AXIS2_PLACEMENT_3D('',#16128,#12659,#12660);
#10750=AXIS2_PLACEMENT_3D('',#16139,#12663,#12664);
#10751=AXIS2_PLACEMENT_3D('',#16141,#12666,#12667);
#10752=AXIS2_PLACEMENT_3D('',#16143,#12669,#12670);
#10753=AXIS2_PLACEMENT_3D('',#16199,#12678,#12679);
#10754=AXIS2_PLACEMENT_3D('',#16201,#12681,#12682);
#10755=AXIS2_PLACEMENT_3D('',#16203,#12684,#12685);
#10756=AXIS2_PLACEMENT_3D('',#16205,#12687,#12688);
#10757=AXIS2_PLACEMENT_3D('',#16224,#12691,#12692);
#10758=AXIS2_PLACEMENT_3D('',#16227,#12695,#12696);
#10759=AXIS2_PLACEMENT_3D('',#16229,#12698,#12699);
#10760=AXIS2_PLACEMENT_3D('',#16231,#12701,#12702);
#10761=AXIS2_PLACEMENT_3D('',#16233,#12704,#12705);
#10762=AXIS2_PLACEMENT_3D('',#16235,#12707,#12708);
#10763=AXIS2_PLACEMENT_3D('',#16237,#12710,#12711);
#10764=AXIS2_PLACEMENT_3D('',#16239,#12713,#12714);
#10765=AXIS2_PLACEMENT_3D('',#16241,#12716,#12717);
#10766=AXIS2_PLACEMENT_3D('',#16243,#12719,#12720);
#10767=AXIS2_PLACEMENT_3D('',#16254,#12723,#12724);
#10768=AXIS2_PLACEMENT_3D('',#16256,#12726,#12727);
#10769=AXIS2_PLACEMENT_3D('',#16258,#12729,#12730);
#10770=AXIS2_PLACEMENT_3D('',#16260,#12732,#12733);
#10771=AXIS2_PLACEMENT_3D('',#16261,#12734,#12735);
#10772=AXIS2_PLACEMENT_3D('',#16264,#12738,#12739);
#10773=AXIS2_PLACEMENT_3D('',#16266,#12741,#12742);
#10774=AXIS2_PLACEMENT_3D('',#16268,#12744,#12745);
#10775=AXIS2_PLACEMENT_3D('',#16269,#12746,#12747);
#10776=AXIS2_PLACEMENT_3D('',#16272,#12750,#12751);
#10777=AXIS2_PLACEMENT_3D('',#16274,#12753,#12754);
#10778=AXIS2_PLACEMENT_3D('',#16276,#12756,#12757);
#10779=AXIS2_PLACEMENT_3D('',#16278,#12759,#12760);
#10780=AXIS2_PLACEMENT_3D('',#16280,#12762,#12763);
#10781=AXIS2_PLACEMENT_3D('',#16282,#12765,#12766);
#10782=AXIS2_PLACEMENT_3D('',#16284,#12768,#12769);
#10783=AXIS2_PLACEMENT_3D('',#16286,#12771,#12772);
#10784=AXIS2_PLACEMENT_3D('',#16306,#12776,#12777);
#10785=AXIS2_PLACEMENT_3D('',#16308,#12779,#12780);
#10786=AXIS2_PLACEMENT_3D('',#16328,#12784,#12785);
#10787=AXIS2_PLACEMENT_3D('',#16330,#12787,#12788);
#10788=AXIS2_PLACEMENT_3D('',#16332,#12790,#12791);
#10789=AXIS2_PLACEMENT_3D('',#16334,#12793,#12794);
#10790=AXIS2_PLACEMENT_3D('',#16336,#12796,#12797);
#10791=AXIS2_PLACEMENT_3D('',#16338,#12799,#12800);
#10792=AXIS2_PLACEMENT_3D('',#16358,#12804,#12805);
#10793=AXIS2_PLACEMENT_3D('',#16360,#12807,#12808);
#10794=AXIS2_PLACEMENT_3D('',#16361,#12809,#12810);
#10795=AXIS2_PLACEMENT_3D('',#16364,#12813,#12814);
#10796=AXIS2_PLACEMENT_3D('',#16366,#12816,#12817);
#10797=AXIS2_PLACEMENT_3D('',#16368,#12819,#12820);
#10798=AXIS2_PLACEMENT_3D('',#16370,#12822,#12823);
#10799=AXIS2_PLACEMENT_3D('',#16372,#12825,#12826);
#10800=AXIS2_PLACEMENT_3D('',#16374,#12828,#12829);
#10801=AXIS2_PLACEMENT_3D('',#16376,#12831,#12832);
#10802=AXIS2_PLACEMENT_3D('',#16377,#12833,#12834);
#10803=AXIS2_PLACEMENT_3D('',#16380,#12837,#12838);
#10804=AXIS2_PLACEMENT_3D('',#16382,#12840,#12841);
#10805=AXIS2_PLACEMENT_3D('',#16384,#12843,#12844);
#10806=AXIS2_PLACEMENT_3D('',#16386,#12846,#12847);
#10807=AXIS2_PLACEMENT_3D('',#16388,#12849,#12850);
#10808=AXIS2_PLACEMENT_3D('',#16390,#12852,#12853);
#10809=AXIS2_PLACEMENT_3D('',#16392,#12855,#12856);
#10810=AXIS2_PLACEMENT_3D('',#16393,#12857,#12858);
#10811=AXIS2_PLACEMENT_3D('',#16396,#12861,#12862);
#10812=AXIS2_PLACEMENT_3D('',#16398,#12864,#12865);
#10813=AXIS2_PLACEMENT_3D('',#16400,#12867,#12868);
#10814=AXIS2_PLACEMENT_3D('',#16401,#12869,#12870);
#10815=AXIS2_PLACEMENT_3D('',#16404,#12873,#12874);
#10816=AXIS2_PLACEMENT_3D('',#16406,#12876,#12877);
#10817=AXIS2_PLACEMENT_3D('',#16408,#12879,#12880);
#10818=AXIS2_PLACEMENT_3D('',#16409,#12881,#12882);
#10819=AXIS2_PLACEMENT_3D('',#16412,#12885,#12886);
#10820=AXIS2_PLACEMENT_3D('',#16414,#12888,#12889);
#10821=AXIS2_PLACEMENT_3D('',#16416,#12891,#12892);
#10822=AXIS2_PLACEMENT_3D('',#16417,#12893,#12894);
#10823=AXIS2_PLACEMENT_3D('',#16420,#12897,#12898);
#10824=AXIS2_PLACEMENT_3D('',#16422,#12900,#12901);
#10825=AXIS2_PLACEMENT_3D('',#16424,#12903,#12904);
#10826=AXIS2_PLACEMENT_3D('',#16425,#12905,#12906);
#10827=AXIS2_PLACEMENT_3D('',#16428,#12909,#12910);
#10828=AXIS2_PLACEMENT_3D('',#16430,#12912,#12913);
#10829=AXIS2_PLACEMENT_3D('',#16432,#12915,#12916);
#10830=AXIS2_PLACEMENT_3D('',#16434,#12918,#12919);
#10831=AXIS2_PLACEMENT_3D('',#16436,#12921,#12922);
#10832=AXIS2_PLACEMENT_3D('',#16438,#12924,#12925);
#10833=AXIS2_PLACEMENT_3D('',#16440,#12927,#12928);
#10834=AXIS2_PLACEMENT_3D('',#16441,#12929,#12930);
#10835=AXIS2_PLACEMENT_3D('',#16444,#12933,#12934);
#10836=AXIS2_PLACEMENT_3D('',#16446,#12936,#12937);
#10837=AXIS2_PLACEMENT_3D('',#16448,#12939,#12940);
#10838=AXIS2_PLACEMENT_3D('',#16449,#12941,#12942);
#10839=AXIS2_PLACEMENT_3D('',#16452,#12945,#12946);
#10840=AXIS2_PLACEMENT_3D('',#16454,#12948,#12949);
#10841=AXIS2_PLACEMENT_3D('',#16456,#12951,#12952);
#10842=AXIS2_PLACEMENT_3D('',#16458,#12954,#12955);
#10843=AXIS2_PLACEMENT_3D('',#16460,#12957,#12958);
#10844=AXIS2_PLACEMENT_3D('',#16462,#12960,#12961);
#10845=AXIS2_PLACEMENT_3D('',#16464,#12963,#12964);
#10846=AXIS2_PLACEMENT_3D('',#16465,#12965,#12966);
#10847=AXIS2_PLACEMENT_3D('',#16468,#12969,#12970);
#10848=AXIS2_PLACEMENT_3D('',#16470,#12972,#12973);
#10849=AXIS2_PLACEMENT_3D('',#16472,#12975,#12976);
#10850=AXIS2_PLACEMENT_3D('',#16474,#12978,#12979);
#10851=AXIS2_PLACEMENT_3D('',#16476,#12981,#12982);
#10852=AXIS2_PLACEMENT_3D('',#16478,#12984,#12985);
#10853=AXIS2_PLACEMENT_3D('',#16480,#12987,#12988);
#10854=AXIS2_PLACEMENT_3D('',#16481,#12989,#12990);
#10855=AXIS2_PLACEMENT_3D('',#16484,#12993,#12994);
#10856=AXIS2_PLACEMENT_3D('',#16486,#12996,#12997);
#10857=AXIS2_PLACEMENT_3D('',#16488,#12999,#13000);
#10858=AXIS2_PLACEMENT_3D('',#16490,#13002,#13003);
#10859=AXIS2_PLACEMENT_3D('',#16492,#13005,#13006);
#10860=AXIS2_PLACEMENT_3D('',#16493,#13007,#13008);
#10861=AXIS2_PLACEMENT_3D('',#16496,#13011,#13012);
#10862=AXIS2_PLACEMENT_3D('',#16498,#13014,#13015);
#10863=AXIS2_PLACEMENT_3D('',#16500,#13017,#13018);
#10864=AXIS2_PLACEMENT_3D('',#16501,#13019,#13020);
#10865=AXIS2_PLACEMENT_3D('',#16504,#13023,#13024);
#10866=AXIS2_PLACEMENT_3D('',#16506,#13026,#13027);
#10867=AXIS2_PLACEMENT_3D('',#16517,#13030,#13031);
#10868=AXIS2_PLACEMENT_3D('',#16519,#13033,#13034);
#10869=AXIS2_PLACEMENT_3D('',#16530,#13037,#13038);
#10870=AXIS2_PLACEMENT_3D('',#16532,#13040,#13041);
#10871=AXIS2_PLACEMENT_3D('',#16534,#13043,#13044);
#10872=AXIS2_PLACEMENT_3D('',#16536,#13046,#13047);
#10873=AXIS2_PLACEMENT_3D('',#16537,#13048,#13049);
#10874=AXIS2_PLACEMENT_3D('',#16540,#13052,#13053);
#10875=AXIS2_PLACEMENT_3D('',#16551,#13056,#13057);
#10876=AXIS2_PLACEMENT_3D('',#16553,#13059,#13060);
#10877=AXIS2_PLACEMENT_3D('',#16555,#13062,#13063);
#10878=AXIS2_PLACEMENT_3D('',#16575,#13067,#13068);
#10879=AXIS2_PLACEMENT_3D('',#16577,#13070,#13071);
#10880=AXIS2_PLACEMENT_3D('',#16579,#13073,#13074);
#10881=AXIS2_PLACEMENT_3D('',#16581,#13076,#13077);
#10882=AXIS2_PLACEMENT_3D('',#16583,#13079,#13080);
#10883=AXIS2_PLACEMENT_3D('',#16593,#13082,#13083);
#10884=AXIS2_PLACEMENT_3D('',#16596,#13086,#13087);
#10885=AXIS2_PLACEMENT_3D('',#16598,#13089,#13090);
#10886=AXIS2_PLACEMENT_3D('',#16600,#13092,#13093);
#10887=AXIS2_PLACEMENT_3D('',#16602,#13095,#13096);
#10888=AXIS2_PLACEMENT_3D('',#16604,#13098,#13099);
#10889=AXIS2_PLACEMENT_3D('',#16606,#13101,#13102);
#10890=AXIS2_PLACEMENT_3D('',#16608,#13104,#13105);
#10891=AXIS2_PLACEMENT_3D('',#16610,#13107,#13108);
#10892=AXIS2_PLACEMENT_3D('',#16612,#13110,#13111);
#10893=AXIS2_PLACEMENT_3D('',#16614,#13113,#13114);
#10894=AXIS2_PLACEMENT_3D('',#16616,#13116,#13117);
#10895=AXIS2_PLACEMENT_3D('',#16617,#13118,#13119);
#10896=AXIS2_PLACEMENT_3D('',#16620,#13122,#13123);
#10897=AXIS2_PLACEMENT_3D('',#16622,#13125,#13126);
#10898=AXIS2_PLACEMENT_3D('',#16633,#13129,#13130);
#10899=AXIS2_PLACEMENT_3D('',#16635,#13132,#13133);
#10900=AXIS2_PLACEMENT_3D('',#16637,#13135,#13136);
#10901=AXIS2_PLACEMENT_3D('',#16639,#13138,#13139);
#10902=AXIS2_PLACEMENT_3D('',#16641,#13141,#13142);
#10903=AXIS2_PLACEMENT_3D('',#16670,#13147,#13148);
#10904=AXIS2_PLACEMENT_3D('',#16671,#13149,#13150);
#10905=AXIS2_PLACEMENT_3D('',#16674,#13153,#13154);
#10906=AXIS2_PLACEMENT_3D('',#16676,#13156,#13157);
#10907=AXIS2_PLACEMENT_3D('',#16678,#13159,#13160);
#10908=AXIS2_PLACEMENT_3D('',#16680,#13162,#13163);
#10909=AXIS2_PLACEMENT_3D('',#16682,#13165,#13166);
#10910=AXIS2_PLACEMENT_3D('',#16684,#13168,#13169);
#10911=AXIS2_PLACEMENT_3D('',#16686,#13171,#13172);
#10912=AXIS2_PLACEMENT_3D('',#16688,#13174,#13175);
#10913=AXIS2_PLACEMENT_3D('',#16708,#13179,#13180);
#10914=AXIS2_PLACEMENT_3D('',#16710,#13182,#13183);
#10915=AXIS2_PLACEMENT_3D('',#16730,#13187,#13188);
#10916=AXIS2_PLACEMENT_3D('',#16732,#13190,#13191);
#10917=AXIS2_PLACEMENT_3D('',#16734,#13193,#13194);
#10918=AXIS2_PLACEMENT_3D('',#16736,#13196,#13197);
#10919=AXIS2_PLACEMENT_3D('',#16738,#13199,#13200);
#10920=AXIS2_PLACEMENT_3D('',#16740,#13202,#13203);
#10921=AXIS2_PLACEMENT_3D('',#16760,#13207,#13208);
#10922=AXIS2_PLACEMENT_3D('',#16762,#13210,#13211);
#10923=AXIS2_PLACEMENT_3D('',#16763,#13212,#13213);
#10924=AXIS2_PLACEMENT_3D('',#16766,#13216,#13217);
#10925=AXIS2_PLACEMENT_3D('',#16768,#13219,#13220);
#10926=AXIS2_PLACEMENT_3D('',#16770,#13222,#13223);
#10927=AXIS2_PLACEMENT_3D('',#16771,#13224,#13225);
#10928=AXIS2_PLACEMENT_3D('',#16774,#13228,#13229);
#10929=AXIS2_PLACEMENT_3D('',#16776,#13231,#13232);
#10930=AXIS2_PLACEMENT_3D('',#16778,#13234,#13235);
#10931=AXIS2_PLACEMENT_3D('',#16780,#13237,#13238);
#10932=AXIS2_PLACEMENT_3D('',#16782,#13240,#13241);
#10933=AXIS2_PLACEMENT_3D('',#16784,#13243,#13244);
#10934=AXIS2_PLACEMENT_3D('',#16785,#13245,#13246);
#10935=AXIS2_PLACEMENT_3D('',#16788,#13249,#13250);
#10936=AXIS2_PLACEMENT_3D('',#16790,#13252,#13253);
#10937=AXIS2_PLACEMENT_3D('',#16792,#13255,#13256);
#10938=AXIS2_PLACEMENT_3D('',#16793,#13257,#13258);
#10939=AXIS2_PLACEMENT_3D('',#16796,#13261,#13262);
#10940=AXIS2_PLACEMENT_3D('',#16798,#13264,#13265);
#10941=AXIS2_PLACEMENT_3D('',#16800,#13267,#13268);
#10942=AXIS2_PLACEMENT_3D('',#16802,#13270,#13271);
#10943=AXIS2_PLACEMENT_3D('',#16804,#13273,#13274);
#10944=AXIS2_PLACEMENT_3D('',#16806,#13276,#13277);
#10945=AXIS2_PLACEMENT_3D('',#16808,#13279,#13280);
#10946=AXIS2_PLACEMENT_3D('',#16809,#13281,#13282);
#10947=AXIS2_PLACEMENT_3D('',#16812,#13285,#13286);
#10948=AXIS2_PLACEMENT_3D('',#16814,#13288,#13289);
#10949=AXIS2_PLACEMENT_3D('',#16825,#13292,#13293);
#10950=AXIS2_PLACEMENT_3D('',#16827,#13295,#13296);
#10951=AXIS2_PLACEMENT_3D('',#16829,#13298,#13299);
#10952=AXIS2_PLACEMENT_3D('',#16831,#13301,#13302);
#10953=AXIS2_PLACEMENT_3D('',#16833,#13304,#13305);
#10954=AXIS2_PLACEMENT_3D('',#16862,#13310,#13311);
#10955=AXIS2_PLACEMENT_3D('',#16863,#13312,#13313);
#10956=AXIS2_PLACEMENT_3D('',#16866,#13316,#13317);
#10957=AXIS2_PLACEMENT_3D('',#16868,#13319,#13320);
#10958=AXIS2_PLACEMENT_3D('',#16870,#13322,#13323);
#10959=AXIS2_PLACEMENT_3D('',#16872,#13325,#13326);
#10960=AXIS2_PLACEMENT_3D('',#16874,#13328,#13329);
#10961=AXIS2_PLACEMENT_3D('',#16876,#13331,#13332);
#10962=AXIS2_PLACEMENT_3D('',#16878,#13334,#13335);
#10963=AXIS2_PLACEMENT_3D('',#16880,#13337,#13338);
#10964=AXIS2_PLACEMENT_3D('',#16882,#13340,#13341);
#10965=AXIS2_PLACEMENT_3D('',#16884,#13343,#13344);
#10966=AXIS2_PLACEMENT_3D('',#16886,#13346,#13347);
#10967=AXIS2_PLACEMENT_3D('',#16887,#13348,#13349);
#10968=AXIS2_PLACEMENT_3D('',#16890,#13352,#13353);
#10969=AXIS2_PLACEMENT_3D('',#16901,#13356,#13357);
#10970=AXIS2_PLACEMENT_3D('',#16903,#13359,#13360);
#10971=AXIS2_PLACEMENT_3D('',#16905,#13362,#13363);
#10972=AXIS2_PLACEMENT_3D('',#16925,#13367,#13368);
#10973=AXIS2_PLACEMENT_3D('',#16927,#13370,#13371);
#10974=AXIS2_PLACEMENT_3D('',#16929,#13373,#13374);
#10975=AXIS2_PLACEMENT_3D('',#16931,#13376,#13377);
#10976=AXIS2_PLACEMENT_3D('',#16933,#13379,#13380);
#10977=AXIS2_PLACEMENT_3D('',#16943,#13382,#13383);
#10978=AXIS2_PLACEMENT_3D('',#16946,#13386,#13387);
#10979=AXIS2_PLACEMENT_3D('',#16948,#13389,#13390);
#10980=AXIS2_PLACEMENT_3D('',#16950,#13392,#13393);
#10981=AXIS2_PLACEMENT_3D('',#16951,#13394,#13395);
#10982=AXIS2_PLACEMENT_3D('',#16954,#13398,#13399);
#10983=AXIS2_PLACEMENT_3D('',#16956,#13401,#13402);
#10984=AXIS2_PLACEMENT_3D('',#16958,#13404,#13405);
#10985=AXIS2_PLACEMENT_3D('',#16969,#13408,#13409);
#10986=AXIS2_PLACEMENT_3D('',#16980,#13412,#13413);
#10987=AXIS2_PLACEMENT_3D('',#17009,#13418,#13419);
#10988=AXIS2_PLACEMENT_3D('',#17020,#13422,#13423);
#10989=AXIS2_PLACEMENT_3D('',#17022,#13425,#13426);
#10990=AXIS2_PLACEMENT_3D('',#17024,#13428,#13429);
#10991=AXIS2_PLACEMENT_3D('',#17026,#13431,#13432);
#10992=AXIS2_PLACEMENT_3D('',#17046,#13436,#13437);
#10993=AXIS2_PLACEMENT_3D('',#17048,#13439,#13440);
#10994=AXIS2_PLACEMENT_3D('',#17068,#13444,#13445);
#10995=AXIS2_PLACEMENT_3D('',#17070,#13447,#13448);
#10996=AXIS2_PLACEMENT_3D('',#17072,#13450,#13451);
#10997=DIRECTION('',(0.,0.,1.));
#10998=DIRECTION('',(1.,0.,0.));
#10999=DIRECTION('',(0.,0.,1.));
#11000=DIRECTION('',(1.,0.,0.));
#11001=DIRECTION('',(-1.,0.,0.));
#11002=DIRECTION('',(0.,-1.,0.));
#11003=DIRECTION('',(-1.,0.,0.));
#11004=DIRECTION('',(3.04337451925756E-16,-1.,0.));
#11005=DIRECTION('',(1.,0.,0.));
#11006=DIRECTION('',(0.525785884596958,0.850616954662082,0.));
#11007=DIRECTION('',(0.850663738380123,-0.525710190318918,0.));
#11008=DIRECTION('',(0.,-1.,0.));
#11009=DIRECTION('',(0.525785884596952,0.850616954662086,0.));
#11010=DIRECTION('',(0.850663738380124,-0.525710190318917,0.));
#11011=DIRECTION('',(1.,0.,0.));
#11012=DIRECTION('',(-0.850663738380125,0.525710190318916,0.));
#11013=DIRECTION('',(0.525785884596951,0.850616954662087,0.));
#11014=DIRECTION('',(0.,-1.,0.));
#11015=DIRECTION('',(-0.850663738380124,-0.525710190318917,0.));
#11016=DIRECTION('',(0.525785884596952,0.850616954662086,0.));
#11017=DIRECTION('',(-1.,0.,0.));
#11018=DIRECTION('',(-0.525785884596944,0.850616954662091,0.));
#11019=DIRECTION('',(1.,0.,0.));
#11020=DIRECTION('',(0.,-1.,0.));
#11021=DIRECTION('',(0.525785884596952,0.850616954662086,0.));
#11022=DIRECTION('',(-1.,0.,0.));
#11023=DIRECTION('',(-0.525785884596954,0.850616954662085,0.));
#11024=DIRECTION('',(0.,-1.,0.));
#11025=DIRECTION('',(1.,0.,0.));
#11026=DIRECTION('',(0.525785884596953,0.850616954662085,0.));
#11027=DIRECTION('',(0.,-1.,0.));
#11028=DIRECTION('',(-0.850663738380125,0.525710190318916,0.));
#11029=DIRECTION('',(1.,0.,0.));
#11030=DIRECTION('',(-0.850663738380124,-0.525710190318917,0.));
#11031=DIRECTION('',(0.,-1.,0.));
#11032=DIRECTION('',(-0.525785884596953,0.850616954662085,0.));
#11033=DIRECTION('',(1.,0.,0.));
#11034=DIRECTION('',(0.525785884596953,0.850616954662085,0.));
#11035=DIRECTION('',(-1.,0.,0.));
#11036=DIRECTION('',(-0.525785884596953,0.850616954662085,0.));
#11037=DIRECTION('',(-0.850663738380124,0.525710190318917,0.));
#11038=DIRECTION('',(0.525785884596952,-0.850616954662086,0.));
#11039=DIRECTION('',(0.,-1.,0.));
#11040=DIRECTION('',(-1.,0.,0.));
#11041=DIRECTION('',(-0.850663738380124,-0.525710190318917,0.));
#11042=DIRECTION('',(1.,0.,0.));
#11043=DIRECTION('',(0.525785884596954,-0.850616954662084,0.));
#11044=DIRECTION('',(0.525785884596951,0.850616954662086,0.));
#11045=DIRECTION('',(1.,0.,0.));
#11046=DIRECTION('',(0.,-1.,0.));
#11047=DIRECTION('',(0.52578588459695,-0.850616954662087,0.));
#11048=DIRECTION('',(0.850663738380122,0.52571019031892,0.));
#11049=DIRECTION('',(0.,-1.,0.));
#11050=DIRECTION('',(-0.525785884596952,-0.850616954662086,0.));
#11051=DIRECTION('',(0.,-1.,0.));
#11052=DIRECTION('',(-1.,0.,0.));
#11053=DIRECTION('',(0.525785884596952,0.850616954662086,0.));
#11054=DIRECTION('',(1.,8.03025388342516E-16,0.));
#11055=DIRECTION('',(0.525785884596953,-0.850616954662085,0.));
#11056=DIRECTION('',(0.,-1.,0.));
#11057=DIRECTION('',(-1.,0.,0.));
#11058=DIRECTION('',(0.,-1.,0.));
#11059=DIRECTION('',(0.525785884596952,-0.850616954662086,0.));
#11060=DIRECTION('',(0.525785884596952,0.850616954662086,0.));
#11061=DIRECTION('',(1.,0.,0.));
#11062=DIRECTION('',(0.,-1.,0.));
#11063=DIRECTION('',(1.,0.,0.));
#11064=DIRECTION('',(-0.525785884596953,0.850616954662085,0.));
#11065=DIRECTION('',(1.,0.,0.));
#11066=DIRECTION('',(0.525785884596953,0.850616954662085,0.));
#11067=DIRECTION('',(-1.,0.,0.));
#11068=DIRECTION('',(-0.850663738380123,-0.525710190318918,0.));
#11069=DIRECTION('',(0.525785884596948,-0.850616954662088,0.));
#11070=DIRECTION('',(0.525785884596953,0.850616954662085,0.));
#11071=DIRECTION('',(0.,-1.,0.));
#11072=DIRECTION('',(0.850663738380125,-0.525710190318916,0.));
#11073=DIRECTION('',(0.850663738380124,0.525710190318917,0.));
#11074=DIRECTION('',(0.850663738380124,-0.525710190318917,0.));
#11075=DIRECTION('',(1.,0.,0.));
#11076=DIRECTION('',(-0.525785884596952,-0.850616954662086,0.));
#11077=DIRECTION('',(1.,0.,0.));
#11078=DIRECTION('',(0.,-1.,0.));
#11079=DIRECTION('',(1.,0.,0.));
#11080=DIRECTION('',(-0.525785884596951,0.850616954662086,0.));
#11081=DIRECTION('',(0.850663738380124,0.525710190318917,0.));
#11082=DIRECTION('',(-0.525785884596956,0.850616954662083,0.));
#11083=DIRECTION('',(1.,0.,0.));
#11084=DIRECTION('',(-0.525785884596951,0.850616954662086,0.));
#11085=DIRECTION('',(1.,0.,0.));
#11086=DIRECTION('',(0.525785884596951,0.850616954662086,0.));
#11087=DIRECTION('',(0.,-1.,0.));
#11088=DIRECTION('',(-0.525785884596953,0.850616954662085,0.));
#11089=DIRECTION('',(1.,0.,0.));
#11090=DIRECTION('',(-0.850663738380124,0.525710190318917,0.));
#11091=DIRECTION('',(0.850663738380124,0.525710190318917,0.));
#11092=DIRECTION('',(0.,-1.,0.));
#11093=DIRECTION('',(0.,-1.,0.));
#11094=DIRECTION('',(-0.525785884596953,-0.850616954662085,0.));
#11095=DIRECTION('',(-0.850663738380124,0.525710190318917,0.));
#11096=DIRECTION('',(-1.,0.,0.));
#11097=DIRECTION('',(0.,-1.,0.));
#11098=DIRECTION('',(-1.,0.,0.));
#11099=DIRECTION('',(-0.525785884596952,-0.850616954662086,0.));
#11100=DIRECTION('',(1.,0.,0.));
#11101=DIRECTION('',(0.525785884596953,-0.850616954662085,0.));
#11102=DIRECTION('',(0.850663738380124,-0.525710190318917,0.));
#11103=DIRECTION('',(-0.525785884596944,-0.850616954662091,0.));
#11104=DIRECTION('',(0.850663738380124,0.525710190318917,0.));
#11105=DIRECTION('',(-0.525785884596951,0.850616954662086,0.));
#11106=DIRECTION('',(0.,-1.,0.));
#11107=DIRECTION('',(1.,0.,0.));
#11108=DIRECTION('',(0.525785884596952,-0.850616954662086,0.));
#11109=DIRECTION('',(1.,0.,0.));
#11110=DIRECTION('',(0.525785884596952,0.850616954662086,0.));
#11111=DIRECTION('',(-0.525785884596952,0.850616954662086,0.));
#11112=DIRECTION('',(0.525785884596953,0.850616954662085,0.));
#11113=DIRECTION('',(1.,0.,0.));
#11114=DIRECTION('',(0.,-1.,0.));
#11115=DIRECTION('',(1.,0.,0.));
#11116=DIRECTION('',(0.525785884596952,-0.850616954662086,0.));
#11117=DIRECTION('',(1.,0.,0.));
#11118=DIRECTION('',(-0.525785884596954,-0.850616954662084,0.));
#11119=DIRECTION('',(0.525785884596951,-0.850616954662086,0.));
#11120=DIRECTION('',(0.850663738380124,0.525710190318917,0.));
#11121=DIRECTION('',(0.525785884596953,0.850616954662085,0.));
#11122=DIRECTION('',(1.,0.,0.));
#11123=DIRECTION('',(-0.525785884596953,0.850616954662085,0.));
#11124=DIRECTION('',(-0.850663738380123,-0.525710190318918,0.));
#11125=DIRECTION('',(0.,-1.,0.));
#11126=DIRECTION('',(0.525785884596954,0.850616954662084,0.));
#11127=DIRECTION('',(-0.850663738380126,0.525710190318914,0.));
#11128=DIRECTION('',(-1.,0.,0.));
#11129=DIRECTION('',(0.,-1.,0.));
#11130=DIRECTION('',(0.850663738380124,-0.525710190318917,0.));
#11131=DIRECTION('',(-0.850663738380124,-0.525710190318917,0.));
#11132=DIRECTION('',(0.525785884596953,-0.850616954662085,0.));
#11133=DIRECTION('',(-1.,0.,0.));
#11134=DIRECTION('',(0.,-1.,0.));
#11135=DIRECTION('',(1.,0.,0.));
#11136=DIRECTION('',(0.525785884596953,0.850616954662085,0.));
#11137=DIRECTION('',(0.,-1.,0.));
#11138=DIRECTION('',(0.525785884596955,-0.850616954662084,0.));
#11139=DIRECTION('',(-1.,0.,0.));
#11140=DIRECTION('',(0.,-1.,0.));
#11141=DIRECTION('',(0.,0.,1.));
#11142=DIRECTION('',(1.,0.,0.));
#11143=DIRECTION('',(0.,0.,1.));
#11144=DIRECTION('',(1.,0.,0.));
#11145=DIRECTION('',(0.,0.,1.));
#11146=DIRECTION('',(1.,0.,0.));
#11147=DIRECTION('',(0.,0.,1.));
#11148=DIRECTION('',(1.,0.,0.));
#11149=DIRECTION('',(0.,0.,1.));
#11150=DIRECTION('',(1.,0.,0.));
#11151=DIRECTION('',(1.,0.,0.));
#11152=DIRECTION('',(0.,0.,1.));
#11153=DIRECTION('',(1.,0.,0.));
#11154=DIRECTION('',(0.,0.,1.));
#11155=DIRECTION('',(1.,0.,0.));
#11156=DIRECTION('',(-0.888461516247325,0.458951123920081,0.));
#11157=DIRECTION('',(0.,0.,1.));
#11158=DIRECTION('',(1.,0.,0.));
#11159=DIRECTION('',(-0.664899637265185,0.746932709395315,0.));
#11160=DIRECTION('',(0.,0.,1.));
#11161=DIRECTION('',(1.,0.,0.));
#11162=DIRECTION('',(0.,1.,0.));
#11163=DIRECTION('',(1.,0.,0.));
#11164=DIRECTION('',(0.,-1.,0.));
#11165=DIRECTION('',(0.,0.,1.));
#11166=DIRECTION('',(1.,0.,0.));
#11167=DIRECTION('',(0.907103691516793,0.420907225925865,0.));
#11168=DIRECTION('',(0.,-1.,0.));
#11169=DIRECTION('',(-0.932579394592749,-0.360964919044804,0.));
#11170=DIRECTION('',(-0.924373933534974,0.381487655109676,0.));
#11171=DIRECTION('',(1.,0.,0.));
#11172=DIRECTION('',(0.923432726629028,-0.383760341086048,0.));
#11173=DIRECTION('',(0.,-1.,0.));
#11174=DIRECTION('',(-0.893968443896062,0.448129915669611,0.));
#11175=DIRECTION('',(-1.,0.,0.));
#11176=DIRECTION('',(0.,1.,0.));
#11177=DIRECTION('',(0.,0.,1.));
#11178=DIRECTION('',(1.,0.,0.));
#11179=DIRECTION('',(-0.86535002583774,-0.501167968631898,0.));
#11180=DIRECTION('',(0.,1.,0.));
#11181=DIRECTION('',(0.886973045168115,0.461821196076146,0.));
#11182=DIRECTION('',(0.,0.,1.));
#11183=DIRECTION('',(1.,0.,0.));
#11184=DIRECTION('',(0.,0.,1.));
#11185=DIRECTION('',(1.,0.,0.));
#11186=DIRECTION('',(0.,1.,0.));
#11187=DIRECTION('',(1.,0.,0.));
#11188=DIRECTION('',(0.,-1.,0.));
#11189=DIRECTION('',(0.,0.,1.));
#11190=DIRECTION('',(1.,0.,0.));
#11191=DIRECTION('',(0.,0.,1.));
#11192=DIRECTION('',(1.,0.,0.));
#11193=DIRECTION('',(0.,0.,1.));
#11194=DIRECTION('',(1.,0.,0.));
#11195=DIRECTION('',(0.,0.,1.));
#11196=DIRECTION('',(1.,0.,0.));
#11197=DIRECTION('',(0.,1.,0.));
#11198=DIRECTION('',(1.,0.,0.));
#11199=DIRECTION('',(0.,-1.,0.));
#11200=DIRECTION('',(0.,0.,1.));
#11201=DIRECTION('',(1.,0.,0.));
#11202=DIRECTION('',(0.,0.,1.));
#11203=DIRECTION('',(1.,0.,0.));
#11204=DIRECTION('',(0.,0.,1.));
#11205=DIRECTION('',(1.,0.,0.));
#11206=DIRECTION('',(0.,0.,1.));
#11207=DIRECTION('',(1.,0.,0.));
#11208=DIRECTION('',(0.,0.,1.));
#11209=DIRECTION('',(1.,0.,0.));
#11210=DIRECTION('',(-1.,0.,0.));
#11211=DIRECTION('',(0.,0.,1.));
#11212=DIRECTION('',(1.,0.,0.));
#11213=DIRECTION('',(0.,0.,1.));
#11214=DIRECTION('',(1.,0.,0.));
#11215=DIRECTION('',(-1.,0.,0.));
#11216=DIRECTION('',(0.,0.,1.));
#11217=DIRECTION('',(1.,0.,0.));
#11218=DIRECTION('',(0.,0.,1.));
#11219=DIRECTION('',(1.,0.,0.));
#11220=DIRECTION('',(1.,0.,0.));
#11221=DIRECTION('',(0.,-1.,0.));
#11222=DIRECTION('',(-1.,0.,0.));
#11223=DIRECTION('',(0.,0.,1.));
#11224=DIRECTION('',(1.,0.,0.));
#11225=DIRECTION('',(0.,0.,1.));
#11226=DIRECTION('',(1.,0.,0.));
#11227=DIRECTION('',(0.,0.,1.));
#11228=DIRECTION('',(1.,0.,0.));
#11229=DIRECTION('',(0.,0.,1.));
#11230=DIRECTION('',(1.,0.,0.));
#11231=DIRECTION('',(0.,1.,0.));
#11232=DIRECTION('',(1.,0.,0.));
#11233=DIRECTION('',(0.,0.,1.));
#11234=DIRECTION('',(1.,0.,0.));
#11235=DIRECTION('',(0.,0.,1.));
#11236=DIRECTION('',(1.,0.,0.));
#11237=DIRECTION('',(0.,0.,1.));
#11238=DIRECTION('',(1.,0.,0.));
#11239=DIRECTION('',(1.,0.,0.));
#11240=DIRECTION('',(0.,1.,0.));
#11241=DIRECTION('',(0.,1.,0.));
#11242=DIRECTION('',(1.,0.,0.));
#11243=DIRECTION('',(0.,-1.,0.));
#11244=DIRECTION('',(-1.,0.,0.));
#11245=DIRECTION('',(0.,0.,1.));
#11246=DIRECTION('',(1.,0.,0.));
#11247=DIRECTION('',(-0.865350025837744,-0.501167968631891,0.));
#11248=DIRECTION('',(0.,1.,0.));
#11249=DIRECTION('',(0.886973045168115,0.461821196076146,0.));
#11250=DIRECTION('',(0.,0.,1.));
#11251=DIRECTION('',(1.,0.,0.));
#11252=DIRECTION('',(0.,0.,1.));
#11253=DIRECTION('',(1.,0.,0.));
#11254=DIRECTION('',(0.,1.,0.));
#11255=DIRECTION('',(1.,0.,0.));
#11256=DIRECTION('',(0.,-1.,0.));
#11257=DIRECTION('',(0.,0.,1.));
#11258=DIRECTION('',(1.,0.,0.));
#11259=DIRECTION('',(0.,0.,1.));
#11260=DIRECTION('',(1.,0.,0.));
#11261=DIRECTION('',(0.,0.,1.));
#11262=DIRECTION('',(1.,0.,0.));
#11263=DIRECTION('',(0.,0.,1.));
#11264=DIRECTION('',(1.,0.,0.));
#11265=DIRECTION('',(0.,1.,0.));
#11266=DIRECTION('',(1.,0.,0.));
#11267=DIRECTION('',(0.,-1.,0.));
#11268=DIRECTION('',(0.,0.,1.));
#11269=DIRECTION('',(1.,0.,0.));
#11270=DIRECTION('',(0.,0.,1.));
#11271=DIRECTION('',(1.,0.,0.));
#11272=DIRECTION('',(0.,0.,1.));
#11273=DIRECTION('',(1.,0.,0.));
#11274=DIRECTION('',(0.,1.,0.));
#11275=DIRECTION('',(1.,0.,0.));
#11276=DIRECTION('',(0.,-1.,0.));
#11277=DIRECTION('',(-0.916962340766207,-0.398973765574327,0.));
#11278=DIRECTION('',(-1.,0.,0.));
#11279=DIRECTION('',(0.,1.,0.));
#11280=DIRECTION('',(0.926997718891683,0.375066966246851,0.));
#11281=DIRECTION('',(-1.,0.,0.));
#11282=DIRECTION('',(1.,0.,0.));
#11283=DIRECTION('',(0.917508737712469,-0.397715622299743,0.));
#11284=DIRECTION('',(0.,-1.,0.));
#11285=DIRECTION('',(-1.,0.,0.));
#11286=DIRECTION('',(0.,1.,0.));
#11287=DIRECTION('',(1.,0.,0.));
#11288=DIRECTION('',(-0.927750969801037,0.373199863388555,0.));
#11289=DIRECTION('',(0.,1.,0.));
#11290=DIRECTION('',(0.,1.,0.));
#11291=DIRECTION('',(1.,0.,0.));
#11292=DIRECTION('',(0.,-1.,0.));
#11293=DIRECTION('',(-1.,0.,0.));
#11294=DIRECTION('',(0.,-1.,0.));
#11295=DIRECTION('',(-1.,0.,0.));
#11296=DIRECTION('',(0.,1.,0.));
#11297=DIRECTION('',(1.,0.,0.));
#11298=DIRECTION('',(0.,1.,0.));
#11299=DIRECTION('',(1.,0.,0.));
#11300=DIRECTION('',(0.,-1.,0.));
#11301=DIRECTION('',(-1.,0.,0.));
#11302=DIRECTION('',(1.,0.,0.));
#11303=DIRECTION('',(0.,-1.,0.));
#11304=DIRECTION('',(-1.,0.,0.));
#11305=DIRECTION('',(0.,1.,0.));
#11306=DIRECTION('',(1.,0.,0.));
#11307=DIRECTION('',(0.,-1.,0.));
#11308=DIRECTION('',(-1.,0.,0.));
#11309=DIRECTION('',(0.,1.,0.));
#11310=DIRECTION('',(-1.,0.,0.));
#11311=DIRECTION('',(0.,1.,0.));
#11312=DIRECTION('',(1.,0.,0.));
#11313=DIRECTION('',(0.,1.,0.));
#11314=DIRECTION('',(0.,1.,0.));
#11315=DIRECTION('',(1.,0.,0.));
#11316=DIRECTION('',(0.,-1.,0.));
#11317=DIRECTION('',(-1.,0.,0.));
#11318=DIRECTION('',(1.,0.,0.));
#11319=DIRECTION('',(0.917508737712469,-0.397715622299743,0.));
#11320=DIRECTION('',(0.,-1.,0.));
#11321=DIRECTION('',(-1.,0.,0.));
#11322=DIRECTION('',(0.,1.,0.));
#11323=DIRECTION('',(1.,0.,0.));
#11324=DIRECTION('',(-0.927750969801037,0.373199863388555,0.));
#11325=DIRECTION('',(0.,1.,0.));
#11326=DIRECTION('',(0.,1.,0.));
#11327=DIRECTION('',(1.,0.,0.));
#11328=DIRECTION('',(0.,-1.,0.));
#11329=DIRECTION('',(-0.916962340766207,-0.398973765574327,0.));
#11330=DIRECTION('',(-1.,0.,0.));
#11331=DIRECTION('',(0.,1.,0.));
#11332=DIRECTION('',(0.926997718891683,0.375066966246851,0.));
#11333=DIRECTION('',(-1.,0.,0.));
#11334=DIRECTION('',(1.,0.,0.));
#11335=DIRECTION('',(0.923432726629028,-0.383760341086048,0.));
#11336=DIRECTION('',(0.,-1.,0.));
#11337=DIRECTION('',(-0.893968443896062,0.448129915669611,0.));
#11338=DIRECTION('',(-1.,0.,0.));
#11339=DIRECTION('',(0.,1.,0.));
#11340=DIRECTION('',(0.907103691516791,0.420907225925869,0.));
#11341=DIRECTION('',(0.,-1.,0.));
#11342=DIRECTION('',(-0.932579394592749,-0.360964919044804,0.));
#11343=DIRECTION('',(-0.924373933534974,0.381487655109676,0.));
#11344=DIRECTION('',(0.,0.,1.));
#11345=DIRECTION('',(1.,0.,0.));
#11346=DIRECTION('',(0.,0.,1.));
#11347=DIRECTION('',(1.,0.,0.));
#11348=DIRECTION('',(0.,0.,1.));
#11349=DIRECTION('',(1.,0.,0.));
#11350=DIRECTION('',(0.,0.,1.));
#11351=DIRECTION('',(1.,0.,0.));
#11352=DIRECTION('',(0.,0.,1.));
#11353=DIRECTION('',(1.,0.,0.));
#11354=DIRECTION('',(1.,0.,0.));
#11355=DIRECTION('',(0.,0.,1.));
#11356=DIRECTION('',(1.,0.,0.));
#11357=DIRECTION('',(0.,0.,1.));
#11358=DIRECTION('',(1.,0.,0.));
#11359=DIRECTION('',(-0.888461516247355,0.458951123920021,0.));
#11360=DIRECTION('',(0.,0.,1.));
#11361=DIRECTION('',(1.,0.,0.));
#11362=DIRECTION('',(0.,0.,1.));
#11363=DIRECTION('',(1.,0.,0.));
#11364=DIRECTION('',(0.,0.,1.));
#11365=DIRECTION('',(1.,0.,0.));
#11366=DIRECTION('',(0.,0.,1.));
#11367=DIRECTION('',(1.,0.,0.));
#11368=DIRECTION('',(-1.,0.,0.));
#11369=DIRECTION('',(0.,0.,1.));
#11370=DIRECTION('',(1.,0.,0.));
#11371=DIRECTION('',(0.,0.,1.));
#11372=DIRECTION('',(1.,0.,0.));
#11373=DIRECTION('',(-1.,0.,0.));
#11374=DIRECTION('',(0.,0.,1.));
#11375=DIRECTION('',(1.,0.,0.));
#11376=DIRECTION('',(0.,0.,1.));
#11377=DIRECTION('',(1.,0.,0.));
#11378=DIRECTION('',(0.,0.,1.));
#11379=DIRECTION('',(1.,0.,0.));
#11380=DIRECTION('',(0.97119508136873,-0.238285782045815,0.));
#11381=DIRECTION('',(0.,0.,1.));
#11382=DIRECTION('',(1.,0.,0.));
#11383=DIRECTION('',(0.,0.,1.));
#11384=DIRECTION('',(1.,0.,0.));
#11385=DIRECTION('',(0.,0.,1.));
#11386=DIRECTION('',(1.,0.,0.));
#11387=DIRECTION('',(0.,0.,1.));
#11388=DIRECTION('',(1.,0.,0.));
#11389=DIRECTION('',(0.,-1.,0.));
#11390=DIRECTION('',(-1.,0.,0.));
#11391=DIRECTION('',(0.,1.,0.));
#11392=DIRECTION('',(0.,0.,1.));
#11393=DIRECTION('',(1.,0.,0.));
#11394=DIRECTION('',(0.,0.,1.));
#11395=DIRECTION('',(1.,0.,0.));
#11396=DIRECTION('',(0.,0.,1.));
#11397=DIRECTION('',(1.,0.,0.));
#11398=DIRECTION('',(1.,0.,0.));
#11399=DIRECTION('',(0.,0.,1.));
#11400=DIRECTION('',(1.,0.,0.));
#11401=DIRECTION('',(0.,0.,1.));
#11402=DIRECTION('',(1.,0.,0.));
#11403=DIRECTION('',(0.,0.,1.));
#11404=DIRECTION('',(1.,0.,0.));
#11405=DIRECTION('',(0.,0.,1.));
#11406=DIRECTION('',(1.,0.,0.));
#11407=DIRECTION('',(0.,0.,1.));
#11408=DIRECTION('',(1.,0.,0.));
#11409=DIRECTION('',(0.,0.,1.));
#11410=DIRECTION('',(1.,0.,0.));
#11411=DIRECTION('',(0.,0.,1.));
#11412=DIRECTION('',(1.,0.,0.));
#11413=DIRECTION('',(1.,0.,0.));
#11414=DIRECTION('',(0.,0.,1.));
#11415=DIRECTION('',(1.,0.,0.));
#11416=DIRECTION('',(-0.865350025837744,-0.501167968631891,0.));
#11417=DIRECTION('',(0.,1.,0.));
#11418=DIRECTION('',(0.886973045168115,0.461821196076146,0.));
#11419=DIRECTION('',(0.,0.,1.));
#11420=DIRECTION('',(1.,0.,0.));
#11421=DIRECTION('',(0.,0.,1.));
#11422=DIRECTION('',(1.,0.,0.));
#11423=DIRECTION('',(0.,1.,0.));
#11424=DIRECTION('',(1.,0.,0.));
#11425=DIRECTION('',(0.,-1.,0.));
#11426=DIRECTION('',(0.,0.,1.));
#11427=DIRECTION('',(1.,0.,0.));
#11428=DIRECTION('',(0.,0.,1.));
#11429=DIRECTION('',(1.,0.,0.));
#11430=DIRECTION('',(0.,0.,1.));
#11431=DIRECTION('',(1.,0.,0.));
#11432=DIRECTION('',(0.,0.,1.));
#11433=DIRECTION('',(1.,0.,0.));
#11434=DIRECTION('',(0.,1.,0.));
#11435=DIRECTION('',(1.,0.,0.));
#11436=DIRECTION('',(0.,-1.,0.));
#11437=DIRECTION('',(0.,0.,1.));
#11438=DIRECTION('',(1.,0.,0.));
#11439=DIRECTION('',(0.,0.,1.));
#11440=DIRECTION('',(1.,0.,0.));
#11441=DIRECTION('',(0.,0.,1.));
#11442=DIRECTION('',(1.,0.,0.));
#11443=DIRECTION('',(0.,1.,0.));
#11444=DIRECTION('',(1.,0.,0.));
#11445=DIRECTION('',(0.,-1.,0.));
#11446=DIRECTION('',(-1.,0.,0.));
#11447=DIRECTION('',(0.,-1.,0.));
#11448=DIRECTION('',(-0.94449679670616,-0.32852062494127,0.));
#11449=DIRECTION('',(0.,1.,0.));
#11450=DIRECTION('',(0.945005611242039,0.32705411589072,0.));
#11451=DIRECTION('',(-0.943986258892119,0.329984761804029,0.));
#11452=DIRECTION('',(0.,1.,0.));
#11453=DIRECTION('',(0.943730346928174,-0.330715938967004,0.));
#11454=DIRECTION('',(0.945273870729847,-0.326277963269685,0.));
#11455=DIRECTION('',(0.,-1.,0.));
#11456=DIRECTION('',(-0.941783930532423,-0.336218720762095,0.));
#11457=DIRECTION('',(0.,1.,0.));
#11458=DIRECTION('',(1.,0.,0.));
#11459=DIRECTION('',(0.,-1.,0.));
#11460=DIRECTION('',(-1.,0.,0.));
#11461=DIRECTION('',(0.,1.,0.));
#11462=DIRECTION('',(-1.,0.,0.));
#11463=DIRECTION('',(0.,1.,0.));
#11464=DIRECTION('',(1.,0.,0.));
#11465=DIRECTION('',(0.,1.,0.));
#11466=DIRECTION('',(1.,0.,0.));
#11467=DIRECTION('',(0.,0.,1.));
#11468=DIRECTION('',(1.,0.,0.));
#11469=DIRECTION('',(0.,0.,1.));
#11470=DIRECTION('',(1.,0.,0.));
#11471=DIRECTION('',(0.,0.,1.));
#11472=DIRECTION('',(1.,0.,0.));
#11473=DIRECTION('',(0.,0.,1.));
#11474=DIRECTION('',(1.,0.,0.));
#11475=DIRECTION('',(0.,0.,1.));
#11476=DIRECTION('',(1.,0.,0.));
#11477=DIRECTION('',(0.,0.,1.));
#11478=DIRECTION('',(1.,0.,0.));
#11479=DIRECTION('',(0.,0.,1.));
#11480=DIRECTION('',(1.,0.,0.));
#11481=DIRECTION('',(1.,0.,0.));
#11482=DIRECTION('',(0.,0.,1.));
#11483=DIRECTION('',(1.,0.,0.));
#11484=DIRECTION('',(0.97119508136873,-0.238285782045815,0.));
#11485=DIRECTION('',(0.,0.,1.));
#11486=DIRECTION('',(1.,0.,0.));
#11487=DIRECTION('',(0.,0.,1.));
#11488=DIRECTION('',(1.,0.,0.));
#11489=DIRECTION('',(0.,0.,1.));
#11490=DIRECTION('',(1.,0.,0.));
#11491=DIRECTION('',(0.,0.,1.));
#11492=DIRECTION('',(1.,0.,0.));
#11493=DIRECTION('',(0.,-1.,0.));
#11494=DIRECTION('',(-1.,0.,0.));
#11495=DIRECTION('',(0.,1.,0.));
#11496=DIRECTION('',(0.,0.,1.));
#11497=DIRECTION('',(1.,0.,0.));
#11498=DIRECTION('',(0.,0.,1.));
#11499=DIRECTION('',(1.,0.,0.));
#11500=DIRECTION('',(0.,0.,1.));
#11501=DIRECTION('',(1.,0.,0.));
#11502=DIRECTION('',(0.,0.,1.));
#11503=DIRECTION('',(1.,0.,0.));
#11504=DIRECTION('',(0.,0.,1.));
#11505=DIRECTION('',(1.,0.,0.));
#11506=DIRECTION('',(0.,0.,1.));
#11507=DIRECTION('',(1.,0.,0.));
#11508=DIRECTION('',(0.,0.,1.));
#11509=DIRECTION('',(1.,0.,0.));
#11510=DIRECTION('',(-1.,0.,0.));
#11511=DIRECTION('',(0.,0.,1.));
#11512=DIRECTION('',(1.,0.,0.));
#11513=DIRECTION('',(0.,0.,1.));
#11514=DIRECTION('',(1.,0.,0.));
#11515=DIRECTION('',(-1.,0.,0.));
#11516=DIRECTION('',(0.,0.,1.));
#11517=DIRECTION('',(1.,0.,0.));
#11518=DIRECTION('',(0.,0.,1.));
#11519=DIRECTION('',(1.,0.,0.));
#11520=DIRECTION('',(0.,-1.,0.));
#11521=DIRECTION('',(-1.,0.,0.));
#11522=DIRECTION('',(0.,1.,0.));
#11523=DIRECTION('',(1.,0.,0.));
#11524=DIRECTION('',(0.,1.,0.));
#11525=DIRECTION('',(1.,0.,0.));
#11526=DIRECTION('',(0.,-1.,0.));
#11527=DIRECTION('',(-1.,0.,0.));
#11528=DIRECTION('',(1.,0.,0.));
#11529=DIRECTION('',(0.,-1.,0.));
#11530=DIRECTION('',(0.,0.,1.));
#11531=DIRECTION('',(1.,0.,0.));
#11532=DIRECTION('',(0.,0.,1.));
#11533=DIRECTION('',(1.,0.,0.));
#11534=DIRECTION('',(0.,0.,1.));
#11535=DIRECTION('',(1.,0.,0.));
#11536=DIRECTION('',(0.,0.,1.));
#11537=DIRECTION('',(1.,0.,0.));
#11538=DIRECTION('',(0.,1.,0.));
#11539=DIRECTION('',(1.,0.,0.));
#11540=DIRECTION('',(0.,-1.,0.));
#11541=DIRECTION('',(0.,0.,1.));
#11542=DIRECTION('',(1.,0.,0.));
#11543=DIRECTION('',(0.,0.,1.));
#11544=DIRECTION('',(1.,0.,0.));
#11545=DIRECTION('',(0.,1.,0.));
#11546=DIRECTION('',(0.,0.,1.));
#11547=DIRECTION('',(1.,0.,0.));
#11548=DIRECTION('',(-1.,0.,0.));
#11549=DIRECTION('',(0.,-1.,0.));
#11550=DIRECTION('',(1.,0.,0.));
#11551=DIRECTION('',(0.,1.,0.));
#11552=DIRECTION('',(0.,0.,1.));
#11553=DIRECTION('',(1.,0.,0.));
#11554=DIRECTION('',(0.,0.,1.));
#11555=DIRECTION('',(1.,0.,0.));
#11556=DIRECTION('',(0.,0.,1.));
#11557=DIRECTION('',(1.,0.,0.));
#11558=DIRECTION('',(1.,0.,0.));
#11559=DIRECTION('',(0.,0.,1.));
#11560=DIRECTION('',(1.,0.,0.));
#11561=DIRECTION('',(0.,0.,1.));
#11562=DIRECTION('',(1.,0.,0.));
#11563=DIRECTION('',(1.,0.,0.));
#11564=DIRECTION('',(0.,0.,1.));
#11565=DIRECTION('',(1.,0.,0.));
#11566=DIRECTION('',(0.,0.,1.));
#11567=DIRECTION('',(1.,0.,0.));
#11568=DIRECTION('',(0.,0.,1.));
#11569=DIRECTION('',(1.,0.,0.));
#11570=DIRECTION('',(-1.,0.,0.));
#11571=DIRECTION('',(-1.,0.,0.));
#11572=DIRECTION('',(0.,0.,1.));
#11573=DIRECTION('',(1.,0.,0.));
#11574=DIRECTION('',(0.,0.,1.));
#11575=DIRECTION('',(1.,0.,0.));
#11576=DIRECTION('',(0.,0.,1.));
#11577=DIRECTION('',(1.,0.,0.));
#11578=DIRECTION('',(0.,0.,1.));
#11579=DIRECTION('',(1.,0.,0.));
#11580=DIRECTION('',(0.,0.,1.));
#11581=DIRECTION('',(1.,0.,0.));
#11582=DIRECTION('',(0.,0.,1.));
#11583=DIRECTION('',(1.,0.,0.));
#11584=DIRECTION('',(0.,0.,1.));
#11585=DIRECTION('',(1.,0.,0.));
#11586=DIRECTION('',(0.,1.,0.));
#11587=DIRECTION('',(-0.945273870729846,0.326277963269685,0.));
#11588=DIRECTION('',(0.,-1.,0.));
#11589=DIRECTION('',(0.941783930532423,0.336218720762095,0.));
#11590=DIRECTION('',(-1.,0.,0.));
#11591=DIRECTION('',(0.,-1.,0.));
#11592=DIRECTION('',(1.,0.,0.));
#11593=DIRECTION('',(0.,1.,0.));
#11594=DIRECTION('',(-1.,0.,0.));
#11595=DIRECTION('',(-1.,0.,0.));
#11596=DIRECTION('',(0.,0.,1.));
#11597=DIRECTION('',(1.,0.,0.));
#11598=DIRECTION('',(0.,0.,1.));
#11599=DIRECTION('',(1.,0.,0.));
#11600=DIRECTION('',(0.,0.,1.));
#11601=DIRECTION('',(1.,0.,0.));
#11602=DIRECTION('',(0.,0.,1.));
#11603=DIRECTION('',(1.,0.,0.));
#11604=DIRECTION('',(0.,0.,1.));
#11605=DIRECTION('',(1.,0.,0.));
#11606=DIRECTION('',(0.,0.,1.));
#11607=DIRECTION('',(1.,0.,0.));
#11608=DIRECTION('',(0.,0.,1.));
#11609=DIRECTION('',(1.,0.,0.));
#11610=DIRECTION('',(0.,0.,1.));
#11611=DIRECTION('',(1.,0.,0.));
#11612=DIRECTION('',(0.,0.,1.));
#11613=DIRECTION('',(1.,0.,0.));
#11614=DIRECTION('',(0.,0.,1.));
#11615=DIRECTION('',(1.,0.,0.));
#11616=DIRECTION('',(1.,0.,0.));
#11617=DIRECTION('',(0.,0.,1.));
#11618=DIRECTION('',(1.,0.,0.));
#11619=DIRECTION('',(0.,0.,1.));
#11620=DIRECTION('',(1.,0.,0.));
#11621=DIRECTION('',(1.,0.,0.));
#11622=DIRECTION('',(0.,0.,1.));
#11623=DIRECTION('',(1.,0.,0.));
#11624=DIRECTION('',(0.,0.,1.));
#11625=DIRECTION('',(1.,0.,0.));
#11626=DIRECTION('',(0.,0.,1.));
#11627=DIRECTION('',(1.,0.,0.));
#11628=DIRECTION('',(0.,1.,0.));
#11629=DIRECTION('',(-0.907103691516791,-0.420907225925869,0.));
#11630=DIRECTION('',(0.924373933534974,-0.381487655109676,0.));
#11631=DIRECTION('',(0.932579394592749,0.360964919044804,0.));
#11632=DIRECTION('',(-1.,0.,0.));
#11633=DIRECTION('',(0.,-1.,0.));
#11634=DIRECTION('',(1.,0.,0.));
#11635=DIRECTION('',(-0.926997718891683,-0.375066966246851,0.));
#11636=DIRECTION('',(0.,-1.,0.));
#11637=DIRECTION('',(1.,0.,0.));
#11638=DIRECTION('',(0.916962340766207,0.398973765574327,0.));
#11639=DIRECTION('',(0.,1.,0.));
#11640=DIRECTION('',(-1.,0.,0.));
#11641=DIRECTION('',(0.,-1.,0.));
#11642=DIRECTION('',(1.,0.,0.));
#11643=DIRECTION('',(0.,1.,0.));
#11644=DIRECTION('',(0.,1.,0.));
#11645=DIRECTION('',(-1.,0.,0.));
#11646=DIRECTION('',(0.,-1.,0.));
#11647=DIRECTION('',(1.,0.,0.));
#11648=DIRECTION('',(1.,0.,0.));
#11649=DIRECTION('',(0.,1.,0.));
#11650=DIRECTION('',(-1.,0.,0.));
#11651=DIRECTION('',(0.,-1.,0.));
#11652=DIRECTION('',(-0.917508737712469,0.397715622299743,0.));
#11653=DIRECTION('',(-1.,0.,0.));
#11654=DIRECTION('',(0.,-1.,0.));
#11655=DIRECTION('',(0.927750969801037,-0.373199863388555,0.));
#11656=DIRECTION('',(-1.,0.,0.));
#11657=DIRECTION('',(0.,-1.,0.));
#11658=DIRECTION('',(1.,0.,0.));
#11659=DIRECTION('',(0.,1.,0.));
#11660=DIRECTION('',(0.865350025837744,0.501167968631891,0.));
#11661=DIRECTION('',(0.,0.,1.));
#11662=DIRECTION('',(1.,0.,0.));
#11663=DIRECTION('',(0.,0.,1.));
#11664=DIRECTION('',(1.,0.,0.));
#11665=DIRECTION('',(0.,0.,1.));
#11666=DIRECTION('',(1.,0.,0.));
#11667=DIRECTION('',(0.,0.,1.));
#11668=DIRECTION('',(1.,0.,0.));
#11669=DIRECTION('',(0.,1.,0.));
#11670=DIRECTION('',(-1.,0.,0.));
#11671=DIRECTION('',(0.,-1.,0.));
#11672=DIRECTION('',(0.,0.,1.));
#11673=DIRECTION('',(1.,0.,0.));
#11674=DIRECTION('',(0.,0.,1.));
#11675=DIRECTION('',(1.,0.,0.));
#11676=DIRECTION('',(0.,0.,1.));
#11677=DIRECTION('',(1.,0.,0.));
#11678=DIRECTION('',(0.,0.,1.));
#11679=DIRECTION('',(1.,0.,0.));
#11680=DIRECTION('',(0.,1.,0.));
#11681=DIRECTION('',(-1.,0.,0.));
#11682=DIRECTION('',(0.,-1.,0.));
#11683=DIRECTION('',(0.,0.,1.));
#11684=DIRECTION('',(1.,0.,0.));
#11685=DIRECTION('',(0.,0.,1.));
#11686=DIRECTION('',(1.,0.,0.));
#11687=DIRECTION('',(-0.886973045168115,-0.461821196076146,0.));
#11688=DIRECTION('',(0.,-1.,0.));
#11689=DIRECTION('',(0.,1.,0.));
#11690=DIRECTION('',(-1.,0.,0.));
#11691=DIRECTION('',(0.,-1.,0.));
#11692=DIRECTION('',(-1.,0.,0.));
#11693=DIRECTION('',(0.,0.,1.));
#11694=DIRECTION('',(1.,0.,0.));
#11695=DIRECTION('',(0.,0.,1.));
#11696=DIRECTION('',(1.,0.,0.));
#11697=DIRECTION('',(0.,0.,1.));
#11698=DIRECTION('',(1.,0.,0.));
#11699=DIRECTION('',(-1.,0.,0.));
#11700=DIRECTION('',(0.,-1.,0.));
#11701=DIRECTION('',(0.,0.,1.));
#11702=DIRECTION('',(1.,0.,0.));
#11703=DIRECTION('',(0.,0.,1.));
#11704=DIRECTION('',(1.,0.,0.));
#11705=DIRECTION('',(0.,0.,1.));
#11706=DIRECTION('',(1.,0.,0.));
#11707=DIRECTION('',(0.,0.,1.));
#11708=DIRECTION('',(1.,0.,0.));
#11709=DIRECTION('',(1.,0.,0.));
#11710=DIRECTION('',(0.86535002583774,0.501167968631898,0.));
#11711=DIRECTION('',(0.,0.,1.));
#11712=DIRECTION('',(1.,0.,0.));
#11713=DIRECTION('',(0.,0.,1.));
#11714=DIRECTION('',(1.,0.,0.));
#11715=DIRECTION('',(0.,0.,1.));
#11716=DIRECTION('',(1.,0.,0.));
#11717=DIRECTION('',(0.,0.,1.));
#11718=DIRECTION('',(1.,0.,0.));
#11719=DIRECTION('',(0.,1.,0.));
#11720=DIRECTION('',(-1.,0.,0.));
#11721=DIRECTION('',(0.,-1.,0.));
#11722=DIRECTION('',(0.,0.,1.));
#11723=DIRECTION('',(1.,0.,0.));
#11724=DIRECTION('',(0.,0.,1.));
#11725=DIRECTION('',(1.,0.,0.));
#11726=DIRECTION('',(0.,0.,1.));
#11727=DIRECTION('',(1.,0.,0.));
#11728=DIRECTION('',(0.,0.,1.));
#11729=DIRECTION('',(1.,0.,0.));
#11730=DIRECTION('',(0.,1.,0.));
#11731=DIRECTION('',(-1.,0.,0.));
#11732=DIRECTION('',(0.,-1.,0.));
#11733=DIRECTION('',(0.,0.,1.));
#11734=DIRECTION('',(1.,0.,0.));
#11735=DIRECTION('',(0.,0.,1.));
#11736=DIRECTION('',(1.,0.,0.));
#11737=DIRECTION('',(-0.886973045168115,-0.461821196076146,0.));
#11738=DIRECTION('',(0.,-1.,0.));
#11739=DIRECTION('',(0.,1.,0.));
#11740=DIRECTION('',(-0.907103691516793,-0.420907225925865,0.));
#11741=DIRECTION('',(0.924373933534974,-0.381487655109676,0.));
#11742=DIRECTION('',(0.932579394592749,0.360964919044804,0.));
#11743=DIRECTION('',(0.,0.,1.));
#11744=DIRECTION('',(1.,0.,0.));
#11745=DIRECTION('',(0.,0.,1.));
#11746=DIRECTION('',(1.,0.,0.));
#11747=DIRECTION('',(0.888461516247325,-0.458951123920081,0.));
#11748=DIRECTION('',(0.,0.,1.));
#11749=DIRECTION('',(1.,0.,0.));
#11750=DIRECTION('',(0.,0.,1.));
#11751=DIRECTION('',(1.,0.,0.));
#11752=DIRECTION('',(-1.,0.,0.));
#11753=DIRECTION('',(0.,0.,1.));
#11754=DIRECTION('',(1.,0.,0.));
#11755=DIRECTION('',(0.,0.,1.));
#11756=DIRECTION('',(1.,0.,0.));
#11757=DIRECTION('',(0.,0.,1.));
#11758=DIRECTION('',(1.,0.,0.));
#11759=DIRECTION('',(-1.,0.,0.));
#11760=DIRECTION('',(3.04337451925756E-16,-1.,0.));
#11761=DIRECTION('',(-1.,0.,0.));
#11762=DIRECTION('',(0.,-1.,0.));
#11763=DIRECTION('',(1.,0.,0.));
#11764=DIRECTION('',(0.850663738380123,-0.525710190318918,0.));
#11765=DIRECTION('',(0.525785884596958,0.850616954662082,0.));
#11766=DIRECTION('',(0.,-1.,0.));
#11767=DIRECTION('',(1.,0.,0.));
#11768=DIRECTION('',(0.850663738380124,-0.525710190318917,0.));
#11769=DIRECTION('',(0.525785884596952,0.850616954662086,0.));
#11770=DIRECTION('',(-0.850663738380125,0.525710190318916,0.));
#11771=DIRECTION('',(0.,-1.,0.));
#11772=DIRECTION('',(0.525785884596951,0.850616954662087,0.));
#11773=DIRECTION('',(-0.850663738380124,-0.525710190318917,0.));
#11774=DIRECTION('',(-0.525785884596944,0.850616954662091,0.));
#11775=DIRECTION('',(-1.,0.,0.));
#11776=DIRECTION('',(0.525785884596952,0.850616954662086,0.));
#11777=DIRECTION('',(1.,0.,0.));
#11778=DIRECTION('',(0.,-1.,0.));
#11779=DIRECTION('',(-0.525785884596954,0.850616954662085,0.));
#11780=DIRECTION('',(-1.,0.,0.));
#11781=DIRECTION('',(0.525785884596952,0.850616954662086,0.));
#11782=DIRECTION('',(0.,-1.,0.));
#11783=DIRECTION('',(1.,0.,0.));
#11784=DIRECTION('',(0.,-1.,0.));
#11785=DIRECTION('',(0.525785884596953,0.850616954662085,0.));
#11786=DIRECTION('',(-0.850663738380125,0.525710190318916,0.));
#11787=DIRECTION('',(-0.850663738380124,-0.525710190318917,0.));
#11788=DIRECTION('',(1.,0.,0.));
#11789=DIRECTION('',(0.,-1.,0.));
#11790=DIRECTION('',(1.,0.,0.));
#11791=DIRECTION('',(-0.525785884596953,0.850616954662085,0.));
#11792=DIRECTION('',(0.525785884596953,0.850616954662085,0.));
#11793=DIRECTION('',(-0.850663738380124,0.525710190318917,0.));
#11794=DIRECTION('',(-0.525785884596953,0.850616954662085,0.));
#11795=DIRECTION('',(-1.,0.,0.));
#11796=DIRECTION('',(0.525785884596952,-0.850616954662086,0.));
#11797=DIRECTION('',(-0.850663738380124,-0.525710190318917,0.));
#11798=DIRECTION('',(-1.,0.,0.));
#11799=DIRECTION('',(0.,-1.,0.));
#11800=DIRECTION('',(1.,0.,0.));
#11801=DIRECTION('',(0.,-1.,0.));
#11802=DIRECTION('',(1.,0.,0.));
#11803=DIRECTION('',(0.525785884596951,0.850616954662086,0.));
#11804=DIRECTION('',(0.525785884596954,-0.850616954662084,0.));
#11805=DIRECTION('',(0.52578588459695,-0.850616954662087,0.));
#11806=DIRECTION('',(0.,-1.,0.));
#11807=DIRECTION('',(0.850663738380122,0.52571019031892,0.));
#11808=DIRECTION('',(-0.525785884596952,-0.850616954662086,0.));
#11809=DIRECTION('',(-1.,0.,0.));
#11810=DIRECTION('',(0.,-1.,0.));
#11811=DIRECTION('',(0.525785884596952,0.850616954662086,0.));
#11812=DIRECTION('',(0.,-1.,0.));
#11813=DIRECTION('',(-1.,0.,0.));
#11814=DIRECTION('',(0.,-1.,0.));
#11815=DIRECTION('',(0.525785884596953,-0.850616954662085,0.));
#11816=DIRECTION('',(1.,8.03025388342516E-16,0.));
#11817=DIRECTION('',(0.525785884596952,-0.850616954662086,0.));
#11818=DIRECTION('',(1.,0.,0.));
#11819=DIRECTION('',(0.,-1.,0.));
#11820=DIRECTION('',(1.,0.,0.));
#11821=DIRECTION('',(0.525785884596952,0.850616954662086,0.));
#11822=DIRECTION('',(-0.525785884596953,0.850616954662085,0.));
#11823=DIRECTION('',(0.525785884596953,0.850616954662085,0.));
#11824=DIRECTION('',(1.,0.,0.));
#11825=DIRECTION('',(-1.,0.,0.));
#11826=DIRECTION('',(0.525785884596948,-0.850616954662088,0.));
#11827=DIRECTION('',(-0.850663738380123,-0.525710190318918,0.));
#11828=DIRECTION('',(0.525785884596953,0.850616954662085,0.));
#11829=DIRECTION('',(0.850663738380125,-0.525710190318916,0.));
#11830=DIRECTION('',(0.,-1.,0.));
#11831=DIRECTION('',(0.850663738380124,0.525710190318917,0.));
#11832=DIRECTION('',(1.,0.,0.));
#11833=DIRECTION('',(0.850663738380124,-0.525710190318917,0.));
#11834=DIRECTION('',(-0.525785884596952,-0.850616954662086,0.));
#11835=DIRECTION('',(-0.525785884596951,0.850616954662086,0.));
#11836=DIRECTION('',(1.,0.,0.));
#11837=DIRECTION('',(0.,-1.,0.));
#11838=DIRECTION('',(1.,0.,0.));
#11839=DIRECTION('',(0.850663738380124,0.525710190318917,0.));
#11840=DIRECTION('',(1.,0.,0.));
#11841=DIRECTION('',(-0.525785884596956,0.850616954662083,0.));
#11842=DIRECTION('',(-0.525785884596951,0.850616954662086,0.));
#11843=DIRECTION('',(0.525785884596951,0.850616954662086,0.));
#11844=DIRECTION('',(1.,0.,0.));
#11845=DIRECTION('',(0.,-1.,0.));
#11846=DIRECTION('',(1.,0.,0.));
#11847=DIRECTION('',(-0.525785884596953,0.850616954662085,0.));
#11848=DIRECTION('',(-0.850663738380124,0.525710190318917,0.));
#11849=DIRECTION('',(0.,-1.,0.));
#11850=DIRECTION('',(0.850663738380124,0.525710190318917,0.));
#11851=DIRECTION('',(0.,-1.,0.));
#11852=DIRECTION('',(-1.,0.,0.));
#11853=DIRECTION('',(-0.850663738380124,0.525710190318917,0.));
#11854=DIRECTION('',(-0.525785884596953,-0.850616954662085,0.));
#11855=DIRECTION('',(0.,-1.,0.));
#11856=DIRECTION('',(-0.525785884596952,-0.850616954662086,0.));
#11857=DIRECTION('',(-1.,0.,0.));
#11858=DIRECTION('',(1.,0.,0.));
#11859=DIRECTION('',(-0.525785884596944,-0.850616954662091,0.));
#11860=DIRECTION('',(0.850663738380124,-0.525710190318917,0.));
#11861=DIRECTION('',(0.525785884596953,-0.850616954662085,0.));
#11862=DIRECTION('',(0.850663738380124,0.525710190318917,0.));
#11863=DIRECTION('',(1.,0.,0.));
#11864=DIRECTION('',(0.,-1.,0.));
#11865=DIRECTION('',(-0.525785884596951,0.850616954662086,0.));
#11866=DIRECTION('',(0.525785884596952,-0.850616954662086,0.));
#11867=DIRECTION('',(0.525785884596952,0.850616954662086,0.));
#11868=DIRECTION('',(1.,0.,0.));
#11869=DIRECTION('',(-0.525785884596952,0.850616954662086,0.));
#11870=DIRECTION('',(1.,0.,0.));
#11871=DIRECTION('',(0.,-1.,0.));
#11872=DIRECTION('',(1.,0.,0.));
#11873=DIRECTION('',(0.525785884596953,0.850616954662085,0.));
#11874=DIRECTION('',(0.525785884596952,-0.850616954662086,0.));
#11875=DIRECTION('',(-0.525785884596954,-0.850616954662084,0.));
#11876=DIRECTION('',(1.,0.,0.));
#11877=DIRECTION('',(0.525785884596951,-0.850616954662086,0.));
#11878=DIRECTION('',(1.,0.,0.));
#11879=DIRECTION('',(0.525785884596953,0.850616954662085,0.));
#11880=DIRECTION('',(0.850663738380124,0.525710190318917,0.));
#11881=DIRECTION('',(-0.525785884596953,0.850616954662085,0.));
#11882=DIRECTION('',(0.,-1.,0.));
#11883=DIRECTION('',(-0.850663738380123,-0.525710190318918,0.));
#11884=DIRECTION('',(0.525785884596954,0.850616954662084,0.));
#11885=DIRECTION('',(-1.,0.,0.));
#11886=DIRECTION('',(-0.850663738380126,0.525710190318914,0.));
#11887=DIRECTION('',(0.,-1.,0.));
#11888=DIRECTION('',(-0.850663738380124,-0.525710190318917,0.));
#11889=DIRECTION('',(0.850663738380124,-0.525710190318917,0.));
#11890=DIRECTION('',(0.525785884596953,-0.850616954662085,0.));
#11891=DIRECTION('',(0.,-1.,0.));
#11892=DIRECTION('',(-1.,0.,0.));
#11893=DIRECTION('',(1.,0.,0.));
#11894=DIRECTION('',(0.,-1.,0.));
#11895=DIRECTION('',(0.525785884596953,0.850616954662085,0.));
#11896=DIRECTION('',(0.525785884596955,-0.850616954662084,0.));
#11897=DIRECTION('',(0.,-1.,0.));
#11898=DIRECTION('',(-1.,0.,0.));
#11899=DIRECTION('',(0.664899637265185,-0.746932709395315,0.));
#11900=DIRECTION('',(0.,0.,1.));
#11901=DIRECTION('',(1.,0.,0.));
#11902=DIRECTION('',(0.,0.,1.));
#11903=DIRECTION('',(1.,0.,0.));
#11904=DIRECTION('',(0.,1.,0.));
#11905=DIRECTION('',(-1.,0.,0.));
#11906=DIRECTION('',(0.,-1.,0.));
#11907=DIRECTION('',(0.,0.,1.));
#11908=DIRECTION('',(1.,0.,0.));
#11909=DIRECTION('',(-0.923432726629027,0.383760341086048,0.));
#11910=DIRECTION('',(-1.,0.,0.));
#11911=DIRECTION('',(0.,-1.,0.));
#11912=DIRECTION('',(1.,0.,0.));
#11913=DIRECTION('',(0.893968443896062,-0.448129915669611,0.));
#11914=DIRECTION('',(0.,1.,0.));
#11915=DIRECTION('',(0.,0.,1.));
#11916=DIRECTION('',(1.,0.,0.));
#11917=DIRECTION('',(0.,0.,1.));
#11918=DIRECTION('',(1.,0.,0.));
#11919=DIRECTION('',(1.,0.,0.));
#11920=DIRECTION('',(0.,0.,1.));
#11921=DIRECTION('',(1.,0.,0.));
#11922=DIRECTION('',(0.,0.,1.));
#11923=DIRECTION('',(1.,0.,0.));
#11924=DIRECTION('',(1.,0.,0.));
#11925=DIRECTION('',(0.,0.,1.));
#11926=DIRECTION('',(1.,0.,0.));
#11927=DIRECTION('',(0.,0.,1.));
#11928=DIRECTION('',(1.,0.,0.));
#11929=DIRECTION('',(-1.,0.,0.));
#11930=DIRECTION('',(0.,-1.,0.));
#11931=DIRECTION('',(1.,0.,0.));
#11932=DIRECTION('',(0.,1.,0.));
#11933=DIRECTION('',(-1.,0.,0.));
#11934=DIRECTION('',(0.,-1.,0.));
#11935=DIRECTION('',(1.,0.,0.));
#11936=DIRECTION('',(-0.926997718891683,-0.375066966246851,0.));
#11937=DIRECTION('',(0.,-1.,0.));
#11938=DIRECTION('',(1.,0.,0.));
#11939=DIRECTION('',(0.916962340766207,0.398973765574327,0.));
#11940=DIRECTION('',(0.,1.,0.));
#11941=DIRECTION('',(-1.,0.,0.));
#11942=DIRECTION('',(0.,-1.,0.));
#11943=DIRECTION('',(1.,0.,0.));
#11944=DIRECTION('',(0.,1.,0.));
#11945=DIRECTION('',(-1.,0.,0.));
#11946=DIRECTION('',(0.,-1.,0.));
#11947=DIRECTION('',(1.,0.,0.));
#11948=DIRECTION('',(0.,1.,0.));
#11949=DIRECTION('',(0.,1.,0.));
#11950=DIRECTION('',(-1.,0.,0.));
#11951=DIRECTION('',(0.,-1.,0.));
#11952=DIRECTION('',(-1.,0.,0.));
#11953=DIRECTION('',(0.,-1.,0.));
#11954=DIRECTION('',(1.,0.,0.));
#11955=DIRECTION('',(0.,-1.,0.));
#11956=DIRECTION('',(1.,0.,0.));
#11957=DIRECTION('',(-0.917508737712469,0.397715622299743,0.));
#11958=DIRECTION('',(-1.,0.,0.));
#11959=DIRECTION('',(0.,-1.,0.));
#11960=DIRECTION('',(0.927750969801037,-0.373199863388555,0.));
#11961=DIRECTION('',(-1.,0.,0.));
#11962=DIRECTION('',(0.,-1.,0.));
#11963=DIRECTION('',(1.,0.,0.));
#11964=DIRECTION('',(0.,1.,0.));
#11965=DIRECTION('',(-0.923432726629027,0.383760341086048,0.));
#11966=DIRECTION('',(-1.,0.,0.));
#11967=DIRECTION('',(0.,-1.,0.));
#11968=DIRECTION('',(1.,0.,0.));
#11969=DIRECTION('',(0.893968443896062,-0.448129915669611,0.));
#11970=DIRECTION('',(0.,1.,0.));
#11971=DIRECTION('',(0.,0.,1.));
#11972=DIRECTION('',(1.,0.,0.));
#11973=DIRECTION('',(0.,0.,1.));
#11974=DIRECTION('',(1.,0.,0.));
#11975=DIRECTION('',(0.888461516247355,-0.458951123920021,0.));
#11976=DIRECTION('',(0.,0.,1.));
#11977=DIRECTION('',(1.,0.,0.));
#11978=DIRECTION('',(0.,0.,1.));
#11979=DIRECTION('',(1.,0.,0.));
#11980=DIRECTION('',(-1.,0.,0.));
#11981=DIRECTION('',(0.,0.,1.));
#11982=DIRECTION('',(1.,0.,0.));
#11983=DIRECTION('',(0.,0.,1.));
#11984=DIRECTION('',(1.,0.,0.));
#11985=DIRECTION('',(0.,0.,1.));
#11986=DIRECTION('',(1.,0.,0.));
#11987=DIRECTION('',(-0.97119508136873,0.238285782045815,0.));
#11988=DIRECTION('',(0.,0.,1.));
#11989=DIRECTION('',(1.,0.,0.));
#11990=DIRECTION('',(0.,0.,1.));
#11991=DIRECTION('',(1.,0.,0.));
#11992=DIRECTION('',(0.,0.,1.));
#11993=DIRECTION('',(1.,0.,0.));
#11994=DIRECTION('',(0.,0.,1.));
#11995=DIRECTION('',(1.,0.,0.));
#11996=DIRECTION('',(0.,-1.,0.));
#11997=DIRECTION('',(1.,0.,0.));
#11998=DIRECTION('',(0.,1.,0.));
#11999=DIRECTION('',(0.,0.,1.));
#12000=DIRECTION('',(1.,0.,0.));
#12001=DIRECTION('',(0.,0.,1.));
#12002=DIRECTION('',(1.,0.,0.));
#12003=DIRECTION('',(0.,0.,1.));
#12004=DIRECTION('',(1.,0.,0.));
#12005=DIRECTION('',(0.,0.,1.));
#12006=DIRECTION('',(1.,0.,0.));
#12007=DIRECTION('',(0.865350025837744,0.501167968631891,0.));
#12008=DIRECTION('',(0.,0.,1.));
#12009=DIRECTION('',(1.,0.,0.));
#12010=DIRECTION('',(0.,0.,1.));
#12011=DIRECTION('',(1.,0.,0.));
#12012=DIRECTION('',(0.,0.,1.));
#12013=DIRECTION('',(1.,0.,0.));
#12014=DIRECTION('',(0.,0.,1.));
#12015=DIRECTION('',(1.,0.,0.));
#12016=DIRECTION('',(0.,1.,0.));
#12017=DIRECTION('',(-1.,0.,0.));
#12018=DIRECTION('',(0.,-1.,0.));
#12019=DIRECTION('',(0.,0.,1.));
#12020=DIRECTION('',(1.,0.,0.));
#12021=DIRECTION('',(0.,0.,1.));
#12022=DIRECTION('',(1.,0.,0.));
#12023=DIRECTION('',(0.,0.,1.));
#12024=DIRECTION('',(1.,0.,0.));
#12025=DIRECTION('',(0.,0.,1.));
#12026=DIRECTION('',(1.,0.,0.));
#12027=DIRECTION('',(0.,1.,0.));
#12028=DIRECTION('',(-1.,0.,0.));
#12029=DIRECTION('',(0.,-1.,0.));
#12030=DIRECTION('',(0.,0.,1.));
#12031=DIRECTION('',(1.,0.,0.));
#12032=DIRECTION('',(0.,0.,1.));
#12033=DIRECTION('',(1.,0.,0.));
#12034=DIRECTION('',(-0.886973045168115,-0.461821196076146,0.));
#12035=DIRECTION('',(0.,-1.,0.));
#12036=DIRECTION('',(0.94449679670616,0.328520624941271,0.));
#12037=DIRECTION('',(0.,1.,0.));
#12038=DIRECTION('',(-0.943730346928175,0.330715938967004,0.));
#12039=DIRECTION('',(0.,-1.,0.));
#12040=DIRECTION('',(0.943986258892119,-0.329984761804029,0.));
#12041=DIRECTION('',(-0.945005611242039,-0.32705411589072,0.));
#12042=DIRECTION('',(0.,-1.,0.));
#12043=DIRECTION('',(0.,1.,0.));
#12044=DIRECTION('',(-1.,0.,0.));
#12045=DIRECTION('',(0.,-1.,0.));
#12046=DIRECTION('',(-1.,0.,0.));
#12047=DIRECTION('',(0.,-1.,0.));
#12048=DIRECTION('',(1.,0.,0.));
#12049=DIRECTION('',(0.,-1.,0.));
#12050=DIRECTION('',(1.,0.,0.));
#12051=DIRECTION('',(-0.97119508136873,0.238285782045815,0.));
#12052=DIRECTION('',(0.,0.,1.));
#12053=DIRECTION('',(1.,0.,0.));
#12054=DIRECTION('',(0.,0.,1.));
#12055=DIRECTION('',(1.,0.,0.));
#12056=DIRECTION('',(0.,0.,1.));
#12057=DIRECTION('',(1.,0.,0.));
#12058=DIRECTION('',(0.,0.,1.));
#12059=DIRECTION('',(1.,0.,0.));
#12060=DIRECTION('',(0.,-1.,0.));
#12061=DIRECTION('',(1.,0.,0.));
#12062=DIRECTION('',(0.,1.,0.));
#12063=DIRECTION('',(0.,0.,1.));
#12064=DIRECTION('',(1.,0.,0.));
#12065=DIRECTION('',(0.,0.,1.));
#12066=DIRECTION('',(1.,0.,0.));
#12067=DIRECTION('',(0.,0.,1.));
#12068=DIRECTION('',(1.,0.,0.));
#12069=DIRECTION('',(0.,0.,1.));
#12070=DIRECTION('',(1.,0.,0.));
#12071=DIRECTION('',(1.,0.,0.));
#12072=DIRECTION('',(0.,1.,0.));
#12073=DIRECTION('',(-1.,0.,0.));
#12074=DIRECTION('',(0.,-1.,0.));
#12075=DIRECTION('',(0.,1.,0.));
#12076=DIRECTION('',(-1.,0.,0.));
#12077=DIRECTION('',(0.,-1.,0.));
#12078=DIRECTION('',(0.,0.,1.));
#12079=DIRECTION('',(1.,0.,0.));
#12080=DIRECTION('',(0.,0.,1.));
#12081=DIRECTION('',(1.,0.,0.));
#12082=DIRECTION('',(0.,1.,0.));
#12083=DIRECTION('',(-1.,0.,0.));
#12084=DIRECTION('',(0.,-1.,0.));
#12085=DIRECTION('',(0.,0.,1.));
#12086=DIRECTION('',(1.,0.,0.));
#12087=DIRECTION('',(0.,0.,1.));
#12088=DIRECTION('',(1.,0.,0.));
#12089=DIRECTION('',(0.,0.,1.));
#12090=DIRECTION('',(1.,0.,0.));
#12091=DIRECTION('',(0.,0.,1.));
#12092=DIRECTION('',(1.,0.,0.));
#12093=DIRECTION('',(0.850616954662084,0.525785884596955,0.));
#12094=DIRECTION('',(-0.525785884596955,0.850616954662084,0.));
#12095=DIRECTION('',(0.,0.,-1.));
#12096=DIRECTION('',(0.,0.,-1.));
#12097=DIRECTION('',(0.,-1.,0.));
#12098=DIRECTION('',(0.,0.,-1.));
#12099=DIRECTION('',(0.,0.,-1.));
#12100=DIRECTION('',(0.,1.,0.));
#12101=DIRECTION('',(0.,0.,1.));
#12102=DIRECTION('',(0.,0.,-1.));
#12103=DIRECTION('',(0.,0.,-1.));
#12104=DIRECTION('',(-0.850616954662085,0.525785884596953,0.));
#12105=DIRECTION('',(-0.525785884596953,-0.850616954662085,0.));
#12106=DIRECTION('',(0.,0.,-1.));
#12107=DIRECTION('',(0.850616954662085,0.525785884596953,0.));
#12108=DIRECTION('',(-0.525785884596953,0.850616954662085,0.));
#12109=DIRECTION('',(0.,0.,-1.));
#12110=DIRECTION('',(0.,0.,-1.));
#12111=DIRECTION('',(0.,-1.,0.));
#12112=DIRECTION('',(0.,0.,-1.));
#12113=DIRECTION('',(0.,0.,-1.));
#12114=DIRECTION('',(1.,0.,0.));
#12115=DIRECTION('',(0.,0.,-1.));
#12116=DIRECTION('',(0.,0.,-1.));
#12117=DIRECTION('',(0.,0.,-1.));
#12118=DIRECTION('',(0.525710190318917,0.850663738380124,0.));
#12119=DIRECTION('',(-0.850663738380124,0.525710190318917,0.));
#12120=DIRECTION('',(0.,0.,-1.));
#12121=DIRECTION('',(-0.850616954662084,0.525785884596954,0.));
#12122=DIRECTION('',(-0.525785884596954,-0.850616954662084,0.));
#12123=DIRECTION('',(0.,0.,-1.));
#12124=DIRECTION('',(0.,0.,-1.));
#12125=DIRECTION('',(-0.525710190318914,-0.850663738380126,0.));
#12126=DIRECTION('',(0.850663738380126,-0.525710190318914,0.));
#12127=DIRECTION('',(0.,0.,-1.));
#12128=DIRECTION('',(-0.850616954662085,-0.525785884596953,0.));
#12129=DIRECTION('',(0.525785884596953,-0.850616954662085,0.));
#12130=DIRECTION('',(0.,0.,-1.));
#12131=DIRECTION('',(0.,0.,-1.));
#12132=DIRECTION('',(0.525710190318918,-0.850663738380123,0.));
#12133=DIRECTION('',(0.850663738380123,0.525710190318918,0.));
#12134=DIRECTION('',(0.,0.,-1.));
#12135=DIRECTION('',(0.850616954662086,0.525785884596951,0.));
#12136=DIRECTION('',(-0.525785884596951,0.850616954662086,0.));
#12137=DIRECTION('',(0.,0.,-1.));
#12138=DIRECTION('',(0.,0.,-1.));
#12139=DIRECTION('',(-0.525710190318917,0.850663738380124,0.));
#12140=DIRECTION('',(-0.850663738380124,-0.525710190318917,0.));
#12141=DIRECTION('',(0.,0.,-1.));
#12142=DIRECTION('',(-0.850616954662085,0.525785884596953,0.));
#12143=DIRECTION('',(-0.525785884596953,-0.850616954662085,0.));
#12144=DIRECTION('',(0.,0.,-1.));
#12145=DIRECTION('',(0.850616954662086,0.525785884596952,0.));
#12146=DIRECTION('',(-0.525785884596952,0.850616954662086,0.));
#12147=DIRECTION('',(0.,0.,-1.));
#12148=DIRECTION('',(0.,0.,-1.));
#12149=DIRECTION('',(0.,1.,0.));
#12150=DIRECTION('',(0.,0.,1.));
#12151=DIRECTION('',(0.,0.,-1.));
#12152=DIRECTION('',(-0.850616954662086,-0.525785884596952,0.));
#12153=DIRECTION('',(0.525785884596952,-0.850616954662086,0.));
#12154=DIRECTION('',(0.,0.,-1.));
#12155=DIRECTION('',(0.,0.,-1.));
#12156=DIRECTION('',(-0.850616954662085,0.525785884596953,0.));
#12157=DIRECTION('',(-0.525785884596953,-0.850616954662085,0.));
#12158=DIRECTION('',(0.,0.,-1.));
#12159=DIRECTION('',(0.,1.,0.));
#12160=DIRECTION('',(0.,0.,1.));
#12161=DIRECTION('',(0.,0.,-1.));
#12162=DIRECTION('',(1.,0.,0.));
#12163=DIRECTION('',(0.,0.,-1.));
#12164=DIRECTION('',(0.,0.,-1.));
#12165=DIRECTION('',(0.850616954662086,0.525785884596952,0.));
#12166=DIRECTION('',(-0.525785884596952,0.850616954662086,0.));
#12167=DIRECTION('',(0.,0.,-1.));
#12168=DIRECTION('',(0.,0.,-1.));
#12169=DIRECTION('',(0.,1.,0.));
#12170=DIRECTION('',(0.,0.,1.));
#12171=DIRECTION('',(0.,0.,-1.));
#12172=DIRECTION('',(-0.525710190318917,0.850663738380124,0.));
#12173=DIRECTION('',(-0.850663738380124,-0.525710190318917,0.));
#12174=DIRECTION('',(0.,0.,-1.));
#12175=DIRECTION('',(0.,0.,-1.));
#12176=DIRECTION('',(-0.850616954662086,-0.525785884596951,0.));
#12177=DIRECTION('',(0.525785884596951,-0.850616954662086,0.));
#12178=DIRECTION('',(0.,0.,-1.));
#12179=DIRECTION('',(1.,0.,0.));
#12180=DIRECTION('',(0.,0.,-1.));
#12181=DIRECTION('',(0.,0.,-1.));
#12182=DIRECTION('',(0.,1.,0.));
#12183=DIRECTION('',(0.,0.,1.));
#12184=DIRECTION('',(0.,0.,-1.));
#12185=DIRECTION('',(0.,0.,-1.));
#12186=DIRECTION('',(0.850616954662085,0.525785884596953,0.));
#12187=DIRECTION('',(-0.525785884596953,0.850616954662085,0.));
#12188=DIRECTION('',(0.,0.,-1.));
#12189=DIRECTION('',(0.525710190318917,0.850663738380124,0.));
#12190=DIRECTION('',(-0.850663738380124,0.525710190318917,0.));
#12191=DIRECTION('',(0.,0.,-1.));
#12192=DIRECTION('',(1.,0.,0.));
#12193=DIRECTION('',(0.,0.,-1.));
#12194=DIRECTION('',(0.,0.,-1.));
#12195=DIRECTION('',(0.,0.,-1.));
#12196=DIRECTION('',(0.,-1.,0.));
#12197=DIRECTION('',(0.,0.,-1.));
#12198=DIRECTION('',(0.,0.,-1.));
#12199=DIRECTION('',(1.,0.,0.));
#12200=DIRECTION('',(0.,0.,-1.));
#12201=DIRECTION('',(0.,0.,-1.));
#12202=DIRECTION('',(0.,0.,-1.));
#12203=DIRECTION('',(0.850616954662085,-0.525785884596953,0.));
#12204=DIRECTION('',(0.525785884596953,0.850616954662085,0.));
#12205=DIRECTION('',(0.,0.,-1.));
#12206=DIRECTION('',(-0.525710190318917,-0.850663738380124,0.));
#12207=DIRECTION('',(0.850663738380124,-0.525710190318917,0.));
#12208=DIRECTION('',(0.,0.,-1.));
#12209=DIRECTION('',(-0.525710190318917,-0.850663738380124,0.));
#12210=DIRECTION('',(0.850663738380124,-0.525710190318917,0.));
#12211=DIRECTION('',(0.,0.,-1.));
#12212=DIRECTION('',(0.,0.,-1.));
#12213=DIRECTION('',(-0.525710190318917,0.850663738380124,0.));
#12214=DIRECTION('',(-0.850663738380124,-0.525710190318917,0.));
#12215=DIRECTION('',(0.,0.,-1.));
#12216=DIRECTION('',(1.,0.,0.));
#12217=DIRECTION('',(0.,0.,-1.));
#12218=DIRECTION('',(0.,0.,-1.));
#12219=DIRECTION('',(0.,0.,-1.));
#12220=DIRECTION('',(-0.850616954662085,-0.525785884596953,0.));
#12221=DIRECTION('',(0.525785884596953,-0.850616954662085,0.));
#12222=DIRECTION('',(0.,0.,-1.));
#12223=DIRECTION('',(-0.850616954662086,-0.525785884596951,0.));
#12224=DIRECTION('',(0.525785884596951,-0.850616954662086,0.));
#12225=DIRECTION('',(0.,0.,-1.));
#12226=DIRECTION('',(0.,0.,-1.));
#12227=DIRECTION('',(0.,1.,0.));
#12228=DIRECTION('',(0.,0.,1.));
#12229=DIRECTION('',(0.,0.,-1.));
#12230=DIRECTION('',(-0.525710190318917,0.850663738380124,0.));
#12231=DIRECTION('',(-0.850663738380124,-0.525710190318918,0.));
#12232=DIRECTION('',(0.,0.,-1.));
#12233=DIRECTION('',(0.,0.,-1.));
#12234=DIRECTION('',(-0.850616954662083,-0.525785884596956,0.));
#12235=DIRECTION('',(0.525785884596956,-0.850616954662084,0.));
#12236=DIRECTION('',(0.,0.,-1.));
#12237=DIRECTION('',(0.850616954662086,-0.525785884596952,0.));
#12238=DIRECTION('',(0.525785884596952,0.850616954662086,0.));
#12239=DIRECTION('',(0.,0.,-1.));
#12240=DIRECTION('',(0.,0.,-1.));
#12241=DIRECTION('',(0.,1.,0.));
#12242=DIRECTION('',(0.,0.,1.));
#12243=DIRECTION('',(0.,0.,-1.));
#12244=DIRECTION('',(1.,0.,0.));
#12245=DIRECTION('',(0.,0.,-1.));
#12246=DIRECTION('',(0.,0.,-1.));
#12247=DIRECTION('',(0.,1.,0.));
#12248=DIRECTION('',(0.,0.,1.));
#12249=DIRECTION('',(0.,0.,-1.));
#12250=DIRECTION('',(-0.525710190318917,0.850663738380124,0.));
#12251=DIRECTION('',(-0.850663738380124,-0.525710190318917,0.));
#12252=DIRECTION('',(0.,0.,-1.));
#12253=DIRECTION('',(0.,0.,-1.));
#12254=DIRECTION('',(0.525710190318917,0.850663738380124,0.));
#12255=DIRECTION('',(-0.850663738380124,0.525710190318917,0.));
#12256=DIRECTION('',(0.,0.,-1.));
#12257=DIRECTION('',(-0.850616954662085,0.525785884596952,0.));
#12258=DIRECTION('',(-0.525785884596953,-0.850616954662085,0.));
#12259=DIRECTION('',(0.,0.,-1.));
#12260=DIRECTION('',(0.,0.,-1.));
#12261=DIRECTION('',(1.,0.,0.));
#12262=DIRECTION('',(0.,0.,-1.));
#12263=DIRECTION('',(0.,0.,-1.));
#12264=DIRECTION('',(0.,-1.,0.));
#12265=DIRECTION('',(0.,0.,-1.));
#12266=DIRECTION('',(0.,0.,-1.));
#12267=DIRECTION('',(0.,0.,-1.));
#12268=DIRECTION('',(0.525710190318918,-0.850663738380123,0.));
#12269=DIRECTION('',(0.850663738380123,0.525710190318918,0.));
#12270=DIRECTION('',(0.,0.,-1.));
#12271=DIRECTION('',(-0.850616954662085,-0.525785884596953,0.));
#12272=DIRECTION('',(0.525785884596953,-0.850616954662085,0.));
#12273=DIRECTION('',(0.,0.,-1.));
#12274=DIRECTION('',(0.,0.,-1.));
#12275=DIRECTION('',(0.,1.,0.));
#12276=DIRECTION('',(0.,0.,1.));
#12277=DIRECTION('',(0.,0.,-1.));
#12278=DIRECTION('',(0.850616954662085,0.525785884596952,0.));
#12279=DIRECTION('',(-0.525785884596952,0.850616954662085,0.));
#12280=DIRECTION('',(0.,0.,-1.));
#12281=DIRECTION('',(0.,0.,-1.));
#12282=DIRECTION('',(-0.850616954662086,0.525785884596952,0.));
#12283=DIRECTION('',(-0.525785884596952,-0.850616954662086,0.));
#12284=DIRECTION('',(0.,0.,-1.));
#12285=DIRECTION('',(0.,1.,0.));
#12286=DIRECTION('',(0.,0.,1.));
#12287=DIRECTION('',(0.,0.,-1.));
#12288=DIRECTION('',(1.,0.,0.));
#12289=DIRECTION('',(0.,0.,-1.));
#12290=DIRECTION('',(0.,0.,-1.));
#12291=DIRECTION('',(-0.850616954662086,0.525785884596952,0.));
#12292=DIRECTION('',(-0.525785884596952,-0.850616954662086,0.));
#12293=DIRECTION('',(0.,0.,-1.));
#12294=DIRECTION('',(0.,0.,-1.));
#12295=DIRECTION('',(-8.03025388342516E-16,1.,0.));
#12296=DIRECTION('',(-1.,-8.03025388342516E-16,0.));
#12297=DIRECTION('',(0.,0.,-1.));
#12298=DIRECTION('',(0.850616954662085,0.525785884596953,0.));
#12299=DIRECTION('',(-0.525785884596953,0.850616954662085,0.));
#12300=DIRECTION('',(0.,0.,-1.));
#12301=DIRECTION('',(1.,0.,0.));
#12302=DIRECTION('',(0.,0.,-1.));
#12303=DIRECTION('',(0.,0.,-1.));
#12304=DIRECTION('',(0.,-1.,0.));
#12305=DIRECTION('',(0.,0.,-1.));
#12306=DIRECTION('',(0.,0.,-1.));
#12307=DIRECTION('',(0.850616954662086,-0.525785884596952,0.));
#12308=DIRECTION('',(0.525785884596952,0.850616954662086,0.));
#12309=DIRECTION('',(0.,0.,-1.));
#12310=DIRECTION('',(0.,0.,-1.));
#12311=DIRECTION('',(1.,0.,0.));
#12312=DIRECTION('',(0.,0.,-1.));
#12313=DIRECTION('',(0.,0.,-1.));
#12314=DIRECTION('',(0.850616954662087,0.52578588459695,0.));
#12315=DIRECTION('',(-0.52578588459695,0.850616954662087,0.));
#12316=DIRECTION('',(0.,0.,-1.));
#12317=DIRECTION('',(0.,0.,-1.));
#12318=DIRECTION('',(-0.52571019031892,0.850663738380122,0.));
#12319=DIRECTION('',(-0.850663738380122,-0.52571019031892,0.));
#12320=DIRECTION('',(0.,0.,-1.));
#12321=DIRECTION('',(0.,1.,0.));
#12322=DIRECTION('',(0.,0.,1.));
#12323=DIRECTION('',(0.,0.,-1.));
#12324=DIRECTION('',(0.,0.,-1.));
#12325=DIRECTION('',(0.850616954662084,0.525785884596954,0.));
#12326=DIRECTION('',(-0.525785884596954,0.850616954662084,0.));
#12327=DIRECTION('',(0.,0.,-1.));
#12328=DIRECTION('',(-0.850616954662086,0.525785884596951,0.));
#12329=DIRECTION('',(-0.525785884596951,-0.850616954662086,0.));
#12330=DIRECTION('',(0.,0.,-1.));
#12331=DIRECTION('',(0.,1.,0.));
#12332=DIRECTION('',(0.,0.,1.));
#12333=DIRECTION('',(0.,0.,-1.));
#12334=DIRECTION('',(0.850616954662086,0.525785884596952,0.));
#12335=DIRECTION('',(-0.525785884596952,0.850616954662086,0.));
#12336=DIRECTION('',(0.,0.,-1.));
#12337=DIRECTION('',(0.,0.,-1.));
#12338=DIRECTION('',(1.,0.,0.));
#12339=DIRECTION('',(0.,0.,-1.));
#12340=DIRECTION('',(0.,0.,-1.));
#12341=DIRECTION('',(0.,-1.,0.));
#12342=DIRECTION('',(0.,0.,-1.));
#12343=DIRECTION('',(0.,0.,-1.));
#12344=DIRECTION('',(-0.850616954662085,0.525785884596953,0.));
#12345=DIRECTION('',(-0.525785884596953,-0.850616954662085,0.));
#12346=DIRECTION('',(0.,0.,-1.));
#12347=DIRECTION('',(0.,0.,-1.));
#12348=DIRECTION('',(0.,-1.,0.));
#12349=DIRECTION('',(0.,0.,-1.));
#12350=DIRECTION('',(0.,0.,-1.));
#12351=DIRECTION('',(-0.850616954662085,-0.525785884596953,0.));
#12352=DIRECTION('',(0.525785884596953,-0.850616954662085,0.));
#12353=DIRECTION('',(0.,0.,-1.));
#12354=DIRECTION('',(1.,0.,0.));
#12355=DIRECTION('',(0.,0.,-1.));
#12356=DIRECTION('',(0.,0.,-1.));
#12357=DIRECTION('',(0.,0.,-1.));
#12358=DIRECTION('',(-0.850616954662085,-0.525785884596953,0.));
#12359=DIRECTION('',(0.525785884596953,-0.850616954662085,0.));
#12360=DIRECTION('',(0.,0.,-1.));
#12361=DIRECTION('',(-0.525710190318916,-0.850663738380125,0.));
#12362=DIRECTION('',(0.850663738380125,-0.525710190318916,0.));
#12363=DIRECTION('',(0.,0.,-1.));
#12364=DIRECTION('',(0.,0.,-1.));
#12365=DIRECTION('',(0.,1.,0.));
#12366=DIRECTION('',(0.,0.,1.));
#12367=DIRECTION('',(0.,0.,-1.));
#12368=DIRECTION('',(0.,1.,0.));
#12369=DIRECTION('',(0.,0.,1.));
#12370=DIRECTION('',(0.,0.,-1.));
#12371=DIRECTION('',(0.,0.,-1.));
#12372=DIRECTION('',(-0.850616954662085,0.525785884596953,0.));
#12373=DIRECTION('',(-0.525785884596953,-0.850616954662085,0.));
#12374=DIRECTION('',(0.,0.,-1.));
#12375=DIRECTION('',(0.,1.,0.));
#12376=DIRECTION('',(0.,0.,1.));
#12377=DIRECTION('',(0.,0.,-1.));
#12378=DIRECTION('',(0.,0.,-1.));
#12379=DIRECTION('',(1.,0.,0.));
#12380=DIRECTION('',(0.,0.,-1.));
#12381=DIRECTION('',(0.,0.,-1.));
#12382=DIRECTION('',(-0.850616954662085,0.525785884596952,0.));
#12383=DIRECTION('',(-0.525785884596952,-0.850616954662085,0.));
#12384=DIRECTION('',(0.,0.,-1.));
#12385=DIRECTION('',(0.,-1.,0.));
#12386=DIRECTION('',(0.,0.,-1.));
#12387=DIRECTION('',(0.,0.,-1.));
#12388=DIRECTION('',(-0.850616954662085,-0.525785884596954,0.));
#12389=DIRECTION('',(0.525785884596954,-0.850616954662085,0.));
#12390=DIRECTION('',(0.,0.,-1.));
#12391=DIRECTION('',(0.525710190318917,-0.850663738380124,0.));
#12392=DIRECTION('',(0.850663738380124,0.525710190318917,0.));
#12393=DIRECTION('',(0.,0.,-1.));
#12394=DIRECTION('',(0.,0.,-1.));
#12395=DIRECTION('',(-0.850616954662086,0.525785884596952,0.));
#12396=DIRECTION('',(-0.525785884596952,-0.850616954662086,0.));
#12397=DIRECTION('',(0.,0.,-1.));
#12398=DIRECTION('',(0.,-1.,0.));
#12399=DIRECTION('',(0.,0.,-1.));
#12400=DIRECTION('',(0.,0.,-1.));
#12401=DIRECTION('',(-0.525710190318916,-0.850663738380125,0.));
#12402=DIRECTION('',(0.850663738380125,-0.525710190318916,0.));
#12403=DIRECTION('',(0.,0.,-1.));
#12404=DIRECTION('',(0.,0.,-1.));
#12405=DIRECTION('',(-0.850616954662086,0.525785884596951,0.));
#12406=DIRECTION('',(-0.525785884596951,-0.850616954662087,0.));
#12407=DIRECTION('',(0.,0.,-1.));
#12408=DIRECTION('',(1.,0.,0.));
#12409=DIRECTION('',(0.,0.,-1.));
#12410=DIRECTION('',(0.,0.,-1.));
#12411=DIRECTION('',(0.,0.,-1.));
#12412=DIRECTION('',(-0.850616954662086,0.525785884596952,0.));
#12413=DIRECTION('',(-0.525785884596952,-0.850616954662086,0.));
#12414=DIRECTION('',(0.,0.,-1.));
#12415=DIRECTION('',(0.525710190318917,0.850663738380124,0.));
#12416=DIRECTION('',(-0.850663738380124,0.525710190318917,0.));
#12417=DIRECTION('',(0.,0.,-1.));
#12418=DIRECTION('',(0.,1.,0.));
#12419=DIRECTION('',(0.,0.,1.));
#12420=DIRECTION('',(0.,0.,-1.));
#12421=DIRECTION('',(0.,0.,-1.));
#12422=DIRECTION('',(-0.850616954662082,0.525785884596958,0.));
#12423=DIRECTION('',(-0.525785884596958,-0.850616954662082,0.));
#12424=DIRECTION('',(0.,0.,-1.));
#12425=DIRECTION('',(0.,-1.,0.));
#12426=DIRECTION('',(0.,0.,-1.));
#12427=DIRECTION('',(0.,0.,-1.));
#12428=DIRECTION('',(0.,0.,-1.));
#12429=DIRECTION('',(1.,0.,0.));
#12430=DIRECTION('',(0.,0.,-1.));
#12431=DIRECTION('',(0.,0.,-1.));
#12432=DIRECTION('',(0.,-1.,0.));
#12433=DIRECTION('',(0.,0.,-1.));
#12434=DIRECTION('',(0.,0.,-1.));
#12435=DIRECTION('',(1.,0.,0.));
#12436=DIRECTION('',(0.,0.,-1.));
#12437=DIRECTION('',(1.,0.,0.));
#12438=DIRECTION('',(0.,0.,-1.));
#12439=DIRECTION('',(0.525710190318917,-0.850663738380124,0.));
#12440=DIRECTION('',(0.850663738380124,0.525710190318917,0.));
#12441=DIRECTION('',(0.,-1.,0.));
#12442=DIRECTION('',(0.,0.,-1.));
#12443=DIRECTION('',(1.,0.,0.));
#12444=DIRECTION('',(0.,0.,-1.));
#12445=DIRECTION('',(0.,1.,0.));
#12446=DIRECTION('',(0.,0.,1.));
#12447=DIRECTION('',(0.850616954662084,-0.525785884596954,0.));
#12448=DIRECTION('',(0.525785884596954,0.850616954662084,0.));
#12449=DIRECTION('',(0.,1.,0.));
#12450=DIRECTION('',(0.,0.,1.));
#12451=DIRECTION('',(-0.850616954662086,0.525785884596952,0.));
#12452=DIRECTION('',(-0.525785884596952,-0.850616954662086,0.));
#12453=DIRECTION('',(0.,1.,0.));
#12454=DIRECTION('',(0.,0.,1.));
#12455=DIRECTION('',(0.85061695466209,-0.525785884596944,0.));
#12456=DIRECTION('',(0.525785884596944,0.850616954662091,0.));
#12457=DIRECTION('',(0.850616954662085,-0.525785884596952,0.));
#12458=DIRECTION('',(0.525785884596952,0.850616954662086,0.));
#12459=DIRECTION('',(0.,-1.,0.));
#12460=DIRECTION('',(0.,0.,-1.));
#12461=DIRECTION('',(1.,0.,0.));
#12462=DIRECTION('',(0.,0.,-1.));
#12463=DIRECTION('',(0.,1.,0.));
#12464=DIRECTION('',(0.,0.,1.));
#12465=DIRECTION('',(-0.850616954662086,0.525785884596951,0.));
#12466=DIRECTION('',(-0.525785884596951,-0.850616954662086,0.));
#12467=DIRECTION('',(0.,1.,0.));
#12468=DIRECTION('',(0.,0.,1.));
#12469=DIRECTION('',(-0.850616954662086,-0.525785884596951,0.));
#12470=DIRECTION('',(0.525785884596951,-0.850616954662086,0.));
#12471=DIRECTION('',(0.,1.,0.));
#12472=DIRECTION('',(0.,0.,1.));
#12473=DIRECTION('',(0.525710190318916,0.850663738380124,0.));
#12474=DIRECTION('',(-0.850663738380125,0.525710190318916,0.));
#12475=DIRECTION('',(0.850616954662088,0.525785884596948,0.));
#12476=DIRECTION('',(-0.525785884596948,0.850616954662088,0.));
#12477=DIRECTION('',(-0.850616954662085,0.525785884596953,0.));
#12478=DIRECTION('',(-0.525785884596953,-0.850616954662085,0.));
#12479=DIRECTION('',(0.,1.,0.));
#12480=DIRECTION('',(0.,0.,1.));
#12481=DIRECTION('',(1.,0.,0.));
#12482=DIRECTION('',(0.,0.,-1.));
#12483=DIRECTION('',(0.,-1.,0.));
#12484=DIRECTION('',(0.,0.,-1.));
#12485=DIRECTION('',(1.,0.,0.));
#12486=DIRECTION('',(0.,0.,-1.));
#12487=DIRECTION('',(1.,0.,0.));
#12488=DIRECTION('',(0.,0.,-1.));
#12489=DIRECTION('',(0.525710190318917,-0.850663738380124,0.));
#12490=DIRECTION('',(0.850663738380124,0.525710190318917,0.));
#12491=DIRECTION('',(-0.525710190318916,-0.850663738380124,0.));
#12492=DIRECTION('',(0.850663738380124,-0.525710190318917,0.));
#12493=DIRECTION('',(0.,1.,0.));
#12494=DIRECTION('',(0.,0.,1.));
#12495=DIRECTION('',(0.525710190318917,-0.850663738380124,0.));
#12496=DIRECTION('',(0.850663738380124,0.525710190318917,0.));
#12497=DIRECTION('',(1.,0.,0.));
#12498=DIRECTION('',(0.,0.,-1.));
#12499=DIRECTION('',(1.,0.,0.));
#12500=DIRECTION('',(0.,0.,-1.));
#12501=DIRECTION('',(-0.85061695466209,-0.525785884596944,0.));
#12502=DIRECTION('',(0.525785884596944,-0.850616954662091,0.));
#12503=DIRECTION('',(1.,0.,0.));
#12504=DIRECTION('',(0.,0.,-1.));
#12505=DIRECTION('',(0.,1.,0.));
#12506=DIRECTION('',(0.,0.,1.));
#12507=DIRECTION('',(0.525710190318918,0.850663738380123,0.));
#12508=DIRECTION('',(-0.850663738380123,0.525710190318918,0.));
#12509=DIRECTION('',(1.,3.04337451925756E-16,0.));
#12510=DIRECTION('',(-3.04337451925756E-16,1.,0.));
#12511=DIRECTION('',(1.,0.,0.));
#12512=DIRECTION('',(0.,0.,-1.));
#12513=DIRECTION('',(0.,0.,1.));
#12514=DIRECTION('',(0.898449663568911,-0.439076533229584,0.));
#12515=DIRECTION('',(0.,0.,1.));
#12516=DIRECTION('',(0.,0.,1.));
#12517=DIRECTION('',(0.,0.,1.));
#12518=DIRECTION('',(0.973695248263238,-0.227854259362408,0.));
#12519=DIRECTION('',(0.,0.,1.));
#12520=DIRECTION('',(0.,0.,1.));
#12521=DIRECTION('',(-0.869707369288231,0.493567717548206,0.));
#12522=DIRECTION('',(0.,0.,1.));
#12523=DIRECTION('',(0.,0.,1.));
#12524=DIRECTION('',(0.,-1.,0.));
#12525=DIRECTION('',(0.,0.,-1.));
#12526=DIRECTION('',(0.,0.,1.));
#12527=DIRECTION('',(0.,0.,1.));
#12528=DIRECTION('',(0.99455760684061,-0.104188131164147,0.));
#12529=DIRECTION('',(0.,0.,1.));
#12530=DIRECTION('',(0.,0.,1.));
#12531=DIRECTION('',(0.,0.,1.));
#12532=DIRECTION('',(-0.442639804759762,-0.896699505543657,0.));
#12533=DIRECTION('',(0.,0.,1.));
#12534=DIRECTION('',(0.458951123920081,0.888461516247325,1.30983920325366E-25));
#12535=DIRECTION('',(-0.888461516247325,0.458951123920081,-2.60464480495599E-33));
#12536=DIRECTION('',(0.,0.,1.));
#12537=DIRECTION('',(0.,0.,1.));
#12538=DIRECTION('',(-0.4717195266267,-0.881748653641774,0.));
#12539=DIRECTION('',(0.,0.,1.));
#12540=DIRECTION('',(0.,0.,1.));
#12541=DIRECTION('',(-0.524987967455832,-0.851109648650862,0.));
#12542=DIRECTION('',(0.,0.,1.));
#12543=DIRECTION('',(0.980013804522259,-0.198929492398207,0.));
#12544=DIRECTION('',(0.,0.,1.));
#12545=DIRECTION('',(0.,0.,1.));
#12546=DIRECTION('',(1.,0.,0.));
#12547=DIRECTION('',(0.,0.,-1.));
#12548=DIRECTION('',(0.,0.,1.));
#12549=DIRECTION('',(0.,0.,1.));
#12550=DIRECTION('',(0.,-1.,0.));
#12551=DIRECTION('',(0.,0.,-1.));
#12552=DIRECTION('',(0.,0.,1.));
#12553=DIRECTION('',(-1.,0.,0.));
#12554=DIRECTION('',(0.,0.,1.));
#12555=DIRECTION('',(0.,0.,1.));
#12556=DIRECTION('',(0.,0.,1.));
#12557=DIRECTION('',(0.984015616784256,-0.17808218867899,0.));
#12558=DIRECTION('',(0.,0.,1.));
#12559=DIRECTION('',(0.,0.,1.));
#12560=DIRECTION('',(0.84070865266053,-0.541487729631722,0.));
#12561=DIRECTION('',(0.,0.,1.));
#12562=DIRECTION('',(0.746932709395315,0.664899637265185,0.));
#12563=DIRECTION('',(-0.664899637265185,0.746932709395315,0.));
#12564=DIRECTION('',(0.381487655109676,0.924373933534974,0.));
#12565=DIRECTION('',(-0.924373933534974,0.381487655109676,0.));
#12566=DIRECTION('',(0.,0.,1.));
#12567=DIRECTION('',(0.,0.,1.));
#12568=DIRECTION('',(0.420907225925865,-0.907103691516793,0.));
#12569=DIRECTION('',(0.907103691516793,0.420907225925865,0.));
#12570=DIRECTION('',(0.,0.,1.));
#12571=DIRECTION('',(-0.360964919044804,0.932579394592749,0.));
#12572=DIRECTION('',(-0.932579394592749,-0.360964919044804,0.));
#12573=DIRECTION('',(0.,0.,1.));
#12574=DIRECTION('',(-1.,0.,0.));
#12575=DIRECTION('',(0.,0.,1.));
#12576=DIRECTION('',(0.448129915669611,0.893968443896062,0.));
#12577=DIRECTION('',(-0.893968443896062,0.448129915669611,0.));
#12578=DIRECTION('',(0.,0.,1.));
#12579=DIRECTION('',(0.,0.,1.));
#12580=DIRECTION('',(0.,1.,0.));
#12581=DIRECTION('',(0.,0.,1.));
#12582=DIRECTION('',(0.,0.,1.));
#12583=DIRECTION('',(-1.,0.,0.));
#12584=DIRECTION('',(0.,0.,1.));
#12585=DIRECTION('',(0.,0.,1.));
#12586=DIRECTION('',(1.,0.,0.));
#12587=DIRECTION('',(0.,0.,-1.));
#12588=DIRECTION('',(0.,0.,1.));
#12589=DIRECTION('',(0.,-1.,0.));
#12590=DIRECTION('',(0.,0.,-1.));
#12591=DIRECTION('',(0.,0.,1.));
#12592=DIRECTION('',(-0.383760341086048,-0.923432726629027,0.));
#12593=DIRECTION('',(0.923432726629027,-0.383760341086048,0.));
#12594=DIRECTION('',(0.461821196076146,-0.886973045168115,0.));
#12595=DIRECTION('',(0.886973045168115,0.461821196076146,0.));
#12596=DIRECTION('',(0.,0.,1.));
#12597=DIRECTION('',(0.,0.,1.));
#12598=DIRECTION('',(0.,0.,1.));
#12599=DIRECTION('',(0.997379151002799,0.072352119146128,0.));
#12600=DIRECTION('',(0.,0.,1.));
#12601=DIRECTION('',(1.,0.,0.));
#12602=DIRECTION('',(0.,0.,-1.));
#12603=DIRECTION('',(0.,0.,1.));
#12604=DIRECTION('',(0.,0.,1.));
#12605=DIRECTION('',(-0.998623209867683,-0.0524565030626773,0.));
#12606=DIRECTION('',(0.,0.,1.));
#12607=DIRECTION('',(1.,0.,0.));
#12608=DIRECTION('',(0.,0.,-1.));
#12609=DIRECTION('',(0.,0.,1.));
#12610=DIRECTION('',(0.,-1.,0.));
#12611=DIRECTION('',(0.,0.,-1.));
#12612=DIRECTION('',(0.,0.,1.));
#12613=DIRECTION('',(-1.,0.,0.));
#12614=DIRECTION('',(0.,0.,1.));
#12615=DIRECTION('',(0.,0.,1.));
#12616=DIRECTION('',(0.,0.,1.));
#12617=DIRECTION('',(-0.98621972806173,-0.165440768802155,0.));
#12618=DIRECTION('',(0.,0.,1.));
#12619=DIRECTION('',(0.,0.,1.));
#12620=DIRECTION('',(-0.854216221815011,-0.519917922741742,0.));
#12621=DIRECTION('',(0.,0.,1.));
#12622=DIRECTION('',(0.,0.,1.));
#12623=DIRECTION('',(0.,0.,1.));
#12624=DIRECTION('',(0.,0.,1.));
#12625=DIRECTION('',(0.115428720740339,-0.993315765720171,0.));
#12626=DIRECTION('',(0.,0.,1.));
#12627=DIRECTION('',(0.,0.,1.));
#12628=DIRECTION('',(0.411488636382998,-0.911414890227091,0.));
#12629=DIRECTION('',(0.,0.,1.));
#12630=DIRECTION('',(0.,0.,1.));
#12631=DIRECTION('',(0.,0.,1.));
#12632=DIRECTION('',(1.,0.,0.));
#12633=DIRECTION('',(0.,0.,-1.));
#12634=DIRECTION('',(0.,0.,1.));
#12635=DIRECTION('',(0.,-1.,0.));
#12636=DIRECTION('',(0.,0.,-1.));
#12637=DIRECTION('',(0.,0.,1.));
#12638=DIRECTION('',(-1.,0.,0.));
#12639=DIRECTION('',(0.,0.,1.));
#12640=DIRECTION('',(0.,0.,1.));
#12641=DIRECTION('',(0.,0.,1.));
#12642=DIRECTION('',(0.987408143602555,-0.158193419418623,0.));
#12643=DIRECTION('',(0.,0.,1.));
#12644=DIRECTION('',(0.,0.,1.));
#12645=DIRECTION('',(0.877875417522616,-0.478889080382392,0.));
#12646=DIRECTION('',(0.,0.,1.));
#12647=DIRECTION('',(0.,0.,1.));
#12648=DIRECTION('',(0.631986443133358,-0.774979442111626,0.));
#12649=DIRECTION('',(0.,0.,1.));
#12650=DIRECTION('',(0.,0.,1.));
#12651=DIRECTION('',(0.,0.,1.));
#12652=DIRECTION('',(0.,0.,1.));
#12653=DIRECTION('',(-0.769064779931275,-0.639170841222642,0.));
#12654=DIRECTION('',(0.,0.,1.));
#12655=DIRECTION('',(-0.501167968631898,0.86535002583774,0.));
#12656=DIRECTION('',(-0.86535002583774,-0.501167968631898,0.));
#12657=DIRECTION('',(0.,0.,1.));
#12658=DIRECTION('',(0.,0.,1.));
#12659=DIRECTION('',(0.,0.,1.));
#12660=DIRECTION('',(0.75339912638812,0.657563499867213,0.));
#12661=DIRECTION('',(0.,0.,1.));
#12662=DIRECTION('',(0.,0.,1.));
#12663=DIRECTION('',(0.,0.,1.));
#12664=DIRECTION('',(0.952180147357429,0.305537177735189,0.));
#12665=DIRECTION('',(0.,0.,1.));
#12666=DIRECTION('',(0.,1.,0.));
#12667=DIRECTION('',(0.,0.,1.));
#12668=DIRECTION('',(0.,0.,1.));
#12669=DIRECTION('',(0.,0.,1.));
#12670=DIRECTION('',(0.8996751093131,0.436560073394786,0.));
#12671=DIRECTION('',(0.,0.,1.));
#12672=DIRECTION('',(0.,0.,1.));
#12673=DIRECTION('',(0.,0.,1.));
#12674=DIRECTION('',(0.,0.,1.));
#12675=DIRECTION('',(0.,0.,1.));
#12676=DIRECTION('',(0.,0.,1.));
#12677=DIRECTION('',(0.,0.,1.));
#12678=DIRECTION('',(0.,0.,1.));
#12679=DIRECTION('',(-0.886961672419476,0.461843037902322,0.));
#12680=DIRECTION('',(0.,0.,1.));
#12681=DIRECTION('',(0.,1.,0.));
#12682=DIRECTION('',(0.,0.,1.));
#12683=DIRECTION('',(0.,0.,1.));
#12684=DIRECTION('',(0.,0.,1.));
#12685=DIRECTION('',(-0.950531846917214,0.310627120509703,0.));
#12686=DIRECTION('',(0.,0.,1.));
#12687=DIRECTION('',(0.,0.,1.));
#12688=DIRECTION('',(-0.749204617416211,0.662338615243162,0.));
#12689=DIRECTION('',(0.,0.,1.));
#12690=DIRECTION('',(0.,0.,1.));
#12691=DIRECTION('',(0.,0.,1.));
#12692=DIRECTION('',(-0.736044757870972,-0.676932872898534,0.));
#12693=DIRECTION('',(0.,0.,1.));
#12694=DIRECTION('',(0.,0.,1.));
#12695=DIRECTION('',(0.,0.,1.));
#12696=DIRECTION('',(-0.89117272815642,-0.453664158370752,0.));
#12697=DIRECTION('',(0.,0.,1.));
#12698=DIRECTION('',(0.,1.,0.));
#12699=DIRECTION('',(0.,0.,1.));
#12700=DIRECTION('',(0.,0.,1.));
#12701=DIRECTION('',(0.,0.,1.));
#12702=DIRECTION('',(-0.967534903499052,-0.252737433933084,0.));
#12703=DIRECTION('',(0.,0.,1.));
#12704=DIRECTION('',(0.,0.,1.));
#12705=DIRECTION('',(-0.997253398771939,-0.0740652323145967,0.));
#12706=DIRECTION('',(0.,0.,1.));
#12707=DIRECTION('',(1.,0.,0.));
#12708=DIRECTION('',(0.,0.,-1.));
#12709=DIRECTION('',(0.,0.,1.));
#12710=DIRECTION('',(0.,-1.,0.));
#12711=DIRECTION('',(0.,0.,-1.));
#12712=DIRECTION('',(0.,0.,1.));
#12713=DIRECTION('',(0.,0.,1.));
#12714=DIRECTION('',(-0.998806623413918,-0.0488398303077412,0.));
#12715=DIRECTION('',(0.,0.,1.));
#12716=DIRECTION('',(0.,0.,1.));
#12717=DIRECTION('',(-0.990714841960711,-0.135956250017291,0.));
#12718=DIRECTION('',(0.,0.,1.));
#12719=DIRECTION('',(0.,0.,1.));
#12720=DIRECTION('',(-0.965342800303308,-0.260985206290639,0.));
#12721=DIRECTION('',(0.,0.,1.));
#12722=DIRECTION('',(0.,0.,1.));
#12723=DIRECTION('',(0.,-1.,0.));
#12724=DIRECTION('',(0.,0.,-1.));
#12725=DIRECTION('',(0.,0.,1.));
#12726=DIRECTION('',(1.,0.,0.));
#12727=DIRECTION('',(0.,0.,-1.));
#12728=DIRECTION('',(0.,0.,1.));
#12729=DIRECTION('',(0.,-1.,0.));
#12730=DIRECTION('',(0.,0.,-1.));
#12731=DIRECTION('',(0.,0.,1.));
#12732=DIRECTION('',(-1.,0.,0.));
#12733=DIRECTION('',(0.,0.,1.));
#12734=DIRECTION('',(0.,1.,0.));
#12735=DIRECTION('',(0.,0.,1.));
#12736=DIRECTION('',(0.,0.,1.));
#12737=DIRECTION('',(0.,0.,1.));
#12738=DIRECTION('',(1.,0.,0.));
#12739=DIRECTION('',(0.,0.,-1.));
#12740=DIRECTION('',(0.,0.,1.));
#12741=DIRECTION('',(-1.,0.,0.));
#12742=DIRECTION('',(0.,0.,1.));
#12743=DIRECTION('',(0.,0.,1.));
#12744=DIRECTION('',(0.,-1.,0.));
#12745=DIRECTION('',(0.,0.,-1.));
#12746=DIRECTION('',(0.461821196076146,-0.886973045168115,0.));
#12747=DIRECTION('',(0.886973045168115,0.461821196076146,0.));
#12748=DIRECTION('',(0.,0.,1.));
#12749=DIRECTION('',(0.,0.,1.));
#12750=DIRECTION('',(0.,0.,1.));
#12751=DIRECTION('',(0.997379151002801,0.0723521191460984,0.));
#12752=DIRECTION('',(0.,0.,1.));
#12753=DIRECTION('',(1.,0.,0.));
#12754=DIRECTION('',(0.,0.,-1.));
#12755=DIRECTION('',(0.,0.,1.));
#12756=DIRECTION('',(0.,0.,1.));
#12757=DIRECTION('',(-0.998623209867671,-0.0524565030629073,0.));
#12758=DIRECTION('',(0.,0.,1.));
#12759=DIRECTION('',(1.,0.,0.));
#12760=DIRECTION('',(0.,0.,-1.));
#12761=DIRECTION('',(0.,0.,1.));
#12762=DIRECTION('',(0.,-1.,0.));
#12763=DIRECTION('',(0.,0.,-1.));
#12764=DIRECTION('',(0.,0.,1.));
#12765=DIRECTION('',(-1.,0.,0.));
#12766=DIRECTION('',(0.,0.,1.));
#12767=DIRECTION('',(0.,0.,1.));
#12768=DIRECTION('',(0.,0.,1.));
#12769=DIRECTION('',(-0.986219728061724,-0.165440768802187,0.));
#12770=DIRECTION('',(0.,0.,1.));
#12771=DIRECTION('',(0.,0.,1.));
#12772=DIRECTION('',(-0.854216221815029,-0.519917922741712,0.));
#12773=DIRECTION('',(0.,0.,1.));
#12774=DIRECTION('',(0.,0.,1.));
#12775=DIRECTION('',(0.,0.,1.));
#12776=DIRECTION('',(0.,0.,1.));
#12777=DIRECTION('',(0.115428720740506,-0.993315765720151,0.));
#12778=DIRECTION('',(0.,0.,1.));
#12779=DIRECTION('',(0.,0.,1.));
#12780=DIRECTION('',(0.411488636383654,-0.911414890226795,0.));
#12781=DIRECTION('',(0.,0.,1.));
#12782=DIRECTION('',(0.,0.,1.));
#12783=DIRECTION('',(0.,0.,1.));
#12784=DIRECTION('',(1.,0.,0.));
#12785=DIRECTION('',(0.,0.,-1.));
#12786=DIRECTION('',(0.,0.,1.));
#12787=DIRECTION('',(0.,-1.,0.));
#12788=DIRECTION('',(0.,0.,-1.));
#12789=DIRECTION('',(0.,0.,1.));
#12790=DIRECTION('',(-1.,0.,0.));
#12791=DIRECTION('',(0.,0.,1.));
#12792=DIRECTION('',(0.,0.,1.));
#12793=DIRECTION('',(0.,0.,1.));
#12794=DIRECTION('',(0.987408143602558,-0.158193419418603,0.));
#12795=DIRECTION('',(0.,0.,1.));
#12796=DIRECTION('',(0.,0.,1.));
#12797=DIRECTION('',(0.877875417522485,-0.478889080382632,0.));
#12798=DIRECTION('',(0.,0.,1.));
#12799=DIRECTION('',(0.,0.,1.));
#12800=DIRECTION('',(0.631986443133364,-0.774979442111621,0.));
#12801=DIRECTION('',(0.,0.,1.));
#12802=DIRECTION('',(0.,0.,1.));
#12803=DIRECTION('',(0.,0.,1.));
#12804=DIRECTION('',(0.,0.,1.));
#12805=DIRECTION('',(-0.769064779931247,-0.639170841222675,0.));
#12806=DIRECTION('',(0.,0.,1.));
#12807=DIRECTION('',(-0.501167968631891,0.865350025837744,0.));
#12808=DIRECTION('',(-0.865350025837744,-0.501167968631891,0.));
#12809=DIRECTION('',(-0.398973765574327,0.916962340766207,0.));
#12810=DIRECTION('',(-0.916962340766207,-0.398973765574327,0.));
#12811=DIRECTION('',(0.,0.,1.));
#12812=DIRECTION('',(0.,0.,1.));
#12813=DIRECTION('',(0.,1.,0.));
#12814=DIRECTION('',(0.,0.,1.));
#12815=DIRECTION('',(0.,0.,1.));
#12816=DIRECTION('',(-1.,0.,0.));
#12817=DIRECTION('',(0.,0.,1.));
#12818=DIRECTION('',(0.,0.,1.));
#12819=DIRECTION('',(1.,0.,0.));
#12820=DIRECTION('',(0.,0.,-1.));
#12821=DIRECTION('',(0.,0.,1.));
#12822=DIRECTION('',(0.375066966246851,-0.926997718891683,0.));
#12823=DIRECTION('',(0.926997718891683,0.375066966246851,0.));
#12824=DIRECTION('',(0.,0.,1.));
#12825=DIRECTION('',(0.,1.,0.));
#12826=DIRECTION('',(0.,0.,1.));
#12827=DIRECTION('',(0.,0.,1.));
#12828=DIRECTION('',(1.,0.,0.));
#12829=DIRECTION('',(0.,0.,-1.));
#12830=DIRECTION('',(0.,0.,1.));
#12831=DIRECTION('',(0.,-1.,0.));
#12832=DIRECTION('',(0.,0.,-1.));
#12833=DIRECTION('',(0.,1.,0.));
#12834=DIRECTION('',(0.,0.,1.));
#12835=DIRECTION('',(0.,0.,1.));
#12836=DIRECTION('',(0.,0.,1.));
#12837=DIRECTION('',(1.,0.,0.));
#12838=DIRECTION('',(0.,0.,-1.));
#12839=DIRECTION('',(0.,0.,1.));
#12840=DIRECTION('',(-1.,0.,0.));
#12841=DIRECTION('',(0.,0.,1.));
#12842=DIRECTION('',(0.,0.,1.));
#12843=DIRECTION('',(0.,-1.,0.));
#12844=DIRECTION('',(0.,0.,-1.));
#12845=DIRECTION('',(0.,0.,1.));
#12846=DIRECTION('',(0.373199863388555,0.927750969801037,0.));
#12847=DIRECTION('',(-0.927750969801037,0.373199863388555,0.));
#12848=DIRECTION('',(0.,0.,1.));
#12849=DIRECTION('',(1.,0.,0.));
#12850=DIRECTION('',(0.,0.,-1.));
#12851=DIRECTION('',(0.,0.,1.));
#12852=DIRECTION('',(0.,-1.,0.));
#12853=DIRECTION('',(0.,0.,-1.));
#12854=DIRECTION('',(0.,0.,1.));
#12855=DIRECTION('',(-0.397715622299743,-0.917508737712469,0.));
#12856=DIRECTION('',(0.917508737712469,-0.397715622299743,0.));
#12857=DIRECTION('',(0.,1.,0.));
#12858=DIRECTION('',(0.,0.,1.));
#12859=DIRECTION('',(0.,0.,1.));
#12860=DIRECTION('',(0.,0.,1.));
#12861=DIRECTION('',(1.,0.,0.));
#12862=DIRECTION('',(0.,0.,-1.));
#12863=DIRECTION('',(0.,0.,1.));
#12864=DIRECTION('',(-1.,0.,0.));
#12865=DIRECTION('',(0.,0.,1.));
#12866=DIRECTION('',(0.,0.,1.));
#12867=DIRECTION('',(0.,-1.,0.));
#12868=DIRECTION('',(0.,0.,-1.));
#12869=DIRECTION('',(0.,-1.,0.));
#12870=DIRECTION('',(0.,0.,-1.));
#12871=DIRECTION('',(0.,0.,1.));
#12872=DIRECTION('',(0.,0.,1.));
#12873=DIRECTION('',(-1.,0.,0.));
#12874=DIRECTION('',(0.,0.,1.));
#12875=DIRECTION('',(0.,0.,1.));
#12876=DIRECTION('',(1.,0.,0.));
#12877=DIRECTION('',(0.,0.,-1.));
#12878=DIRECTION('',(0.,0.,1.));
#12879=DIRECTION('',(0.,1.,0.));
#12880=DIRECTION('',(0.,0.,1.));
#12881=DIRECTION('',(0.,1.,0.));
#12882=DIRECTION('',(0.,0.,1.));
#12883=DIRECTION('',(0.,0.,1.));
#12884=DIRECTION('',(0.,0.,1.));
#12885=DIRECTION('',(1.,0.,0.));
#12886=DIRECTION('',(0.,0.,-1.));
#12887=DIRECTION('',(0.,0.,1.));
#12888=DIRECTION('',(-1.,0.,0.));
#12889=DIRECTION('',(0.,0.,1.));
#12890=DIRECTION('',(0.,0.,1.));
#12891=DIRECTION('',(0.,-1.,0.));
#12892=DIRECTION('',(0.,0.,-1.));
#12893=DIRECTION('',(1.,0.,0.));
#12894=DIRECTION('',(0.,0.,-1.));
#12895=DIRECTION('',(0.,0.,1.));
#12896=DIRECTION('',(0.,0.,1.));
#12897=DIRECTION('',(0.,-1.,0.));
#12898=DIRECTION('',(0.,0.,-1.));
#12899=DIRECTION('',(0.,0.,1.));
#12900=DIRECTION('',(0.,1.,0.));
#12901=DIRECTION('',(0.,0.,1.));
#12902=DIRECTION('',(0.,0.,1.));
#12903=DIRECTION('',(-1.,0.,0.));
#12904=DIRECTION('',(0.,0.,1.));
#12905=DIRECTION('',(1.,0.,0.));
#12906=DIRECTION('',(0.,0.,-1.));
#12907=DIRECTION('',(0.,0.,1.));
#12908=DIRECTION('',(0.,0.,1.));
#12909=DIRECTION('',(0.,1.,0.));
#12910=DIRECTION('',(0.,0.,1.));
#12911=DIRECTION('',(0.,0.,1.));
#12912=DIRECTION('',(0.,1.,0.));
#12913=DIRECTION('',(0.,0.,1.));
#12914=DIRECTION('',(0.,0.,1.));
#12915=DIRECTION('',(1.,0.,0.));
#12916=DIRECTION('',(0.,0.,-1.));
#12917=DIRECTION('',(0.,0.,1.));
#12918=DIRECTION('',(0.,-1.,0.));
#12919=DIRECTION('',(0.,0.,-1.));
#12920=DIRECTION('',(0.,0.,1.));
#12921=DIRECTION('',(1.,0.,0.));
#12922=DIRECTION('',(0.,0.,-1.));
#12923=DIRECTION('',(0.,0.,1.));
#12924=DIRECTION('',(0.,-1.,0.));
#12925=DIRECTION('',(0.,0.,-1.));
#12926=DIRECTION('',(0.,0.,1.));
#12927=DIRECTION('',(-1.,0.,0.));
#12928=DIRECTION('',(0.,0.,1.));
#12929=DIRECTION('',(0.,1.,0.));
#12930=DIRECTION('',(0.,0.,1.));
#12931=DIRECTION('',(0.,0.,1.));
#12932=DIRECTION('',(0.,0.,1.));
#12933=DIRECTION('',(1.,0.,0.));
#12934=DIRECTION('',(0.,0.,-1.));
#12935=DIRECTION('',(0.,0.,1.));
#12936=DIRECTION('',(-1.,0.,0.));
#12937=DIRECTION('',(0.,0.,1.));
#12938=DIRECTION('',(0.,0.,1.));
#12939=DIRECTION('',(0.,-1.,0.));
#12940=DIRECTION('',(0.,0.,-1.));
#12941=DIRECTION('',(0.,1.,0.));
#12942=DIRECTION('',(0.,0.,1.));
#12943=DIRECTION('',(0.,0.,1.));
#12944=DIRECTION('',(0.,0.,1.));
#12945=DIRECTION('',(1.,0.,0.));
#12946=DIRECTION('',(0.,0.,-1.));
#12947=DIRECTION('',(0.,0.,1.));
#12948=DIRECTION('',(-1.,0.,0.));
#12949=DIRECTION('',(0.,0.,1.));
#12950=DIRECTION('',(0.,0.,1.));
#12951=DIRECTION('',(0.,-1.,0.));
#12952=DIRECTION('',(0.,0.,-1.));
#12953=DIRECTION('',(0.,0.,1.));
#12954=DIRECTION('',(0.373199863388555,0.927750969801037,0.));
#12955=DIRECTION('',(-0.927750969801037,0.373199863388555,0.));
#12956=DIRECTION('',(0.,0.,1.));
#12957=DIRECTION('',(1.,0.,0.));
#12958=DIRECTION('',(0.,0.,-1.));
#12959=DIRECTION('',(0.,0.,1.));
#12960=DIRECTION('',(0.,-1.,0.));
#12961=DIRECTION('',(0.,0.,-1.));
#12962=DIRECTION('',(0.,0.,1.));
#12963=DIRECTION('',(-0.397715622299743,-0.917508737712469,0.));
#12964=DIRECTION('',(0.917508737712469,-0.397715622299743,0.));
#12965=DIRECTION('',(-0.398973765574327,0.916962340766207,0.));
#12966=DIRECTION('',(-0.916962340766207,-0.398973765574327,0.));
#12967=DIRECTION('',(0.,0.,1.));
#12968=DIRECTION('',(0.,0.,1.));
#12969=DIRECTION('',(0.,1.,0.));
#12970=DIRECTION('',(0.,0.,1.));
#12971=DIRECTION('',(0.,0.,1.));
#12972=DIRECTION('',(-1.,0.,0.));
#12973=DIRECTION('',(0.,0.,1.));
#12974=DIRECTION('',(0.,0.,1.));
#12975=DIRECTION('',(1.,0.,0.));
#12976=DIRECTION('',(0.,0.,-1.));
#12977=DIRECTION('',(0.,0.,1.));
#12978=DIRECTION('',(0.375066966246851,-0.926997718891683,0.));
#12979=DIRECTION('',(0.926997718891683,0.375066966246851,0.));
#12980=DIRECTION('',(0.,0.,1.));
#12981=DIRECTION('',(0.,1.,0.));
#12982=DIRECTION('',(0.,0.,1.));
#12983=DIRECTION('',(0.,0.,1.));
#12984=DIRECTION('',(1.,0.,0.));
#12985=DIRECTION('',(0.,0.,-1.));
#12986=DIRECTION('',(0.,0.,1.));
#12987=DIRECTION('',(0.,-1.,0.));
#12988=DIRECTION('',(0.,0.,-1.));
#12989=DIRECTION('',(0.448129915669611,0.893968443896062,0.));
#12990=DIRECTION('',(-0.893968443896062,0.448129915669611,0.));
#12991=DIRECTION('',(0.,0.,1.));
#12992=DIRECTION('',(0.,0.,1.));
#12993=DIRECTION('',(0.,1.,0.));
#12994=DIRECTION('',(0.,0.,1.));
#12995=DIRECTION('',(0.,0.,1.));
#12996=DIRECTION('',(-1.,0.,0.));
#12997=DIRECTION('',(0.,0.,1.));
#12998=DIRECTION('',(0.,0.,1.));
#12999=DIRECTION('',(1.,0.,0.));
#13000=DIRECTION('',(0.,0.,-1.));
#13001=DIRECTION('',(0.,0.,1.));
#13002=DIRECTION('',(0.,-1.,0.));
#13003=DIRECTION('',(0.,0.,-1.));
#13004=DIRECTION('',(0.,0.,1.));
#13005=DIRECTION('',(-0.383760341086048,-0.923432726629027,0.));
#13006=DIRECTION('',(0.923432726629027,-0.383760341086048,0.));
#13007=DIRECTION('',(0.381487655109676,0.924373933534974,0.));
#13008=DIRECTION('',(-0.924373933534974,0.381487655109676,0.));
#13009=DIRECTION('',(0.,0.,1.));
#13010=DIRECTION('',(0.,0.,1.));
#13011=DIRECTION('',(0.420907225925869,-0.907103691516791,0.));
#13012=DIRECTION('',(0.907103691516791,0.420907225925869,0.));
#13013=DIRECTION('',(0.,0.,1.));
#13014=DIRECTION('',(-0.360964919044804,0.932579394592749,0.));
#13015=DIRECTION('',(-0.932579394592749,-0.360964919044804,0.));
#13016=DIRECTION('',(0.,0.,1.));
#13017=DIRECTION('',(-1.,0.,0.));
#13018=DIRECTION('',(0.,0.,1.));
#13019=DIRECTION('',(0.,0.,1.));
#13020=DIRECTION('',(0.898449663566912,-0.439076533233675,0.));
#13021=DIRECTION('',(0.,0.,1.));
#13022=DIRECTION('',(0.,0.,1.));
#13023=DIRECTION('',(0.,0.,1.));
#13024=DIRECTION('',(0.973695248263613,-0.227854259360804,0.));
#13025=DIRECTION('',(0.,0.,1.));
#13026=DIRECTION('',(0.,0.,1.));
#13027=DIRECTION('',(-0.869707369287547,0.493567717549411,0.));
#13028=DIRECTION('',(0.,0.,1.));
#13029=DIRECTION('',(0.,0.,1.));
#13030=DIRECTION('',(0.,-1.,0.));
#13031=DIRECTION('',(0.,0.,-1.));
#13032=DIRECTION('',(0.,0.,1.));
#13033=DIRECTION('',(0.,0.,1.));
#13034=DIRECTION('',(0.994557606840567,-0.104188131164567,0.));
#13035=DIRECTION('',(0.,0.,1.));
#13036=DIRECTION('',(0.,0.,1.));
#13037=DIRECTION('',(0.,0.,1.));
#13038=DIRECTION('',(-0.44263980475809,-0.896699505544483,0.));
#13039=DIRECTION('',(0.,0.,1.));
#13040=DIRECTION('',(0.458951123920021,0.888461516247355,1.08646392771711E-25));
#13041=DIRECTION('',(-0.888461516247355,0.458951123920021,-2.16047394448391E-33));
#13042=DIRECTION('',(0.,0.,1.));
#13043=DIRECTION('',(0.,0.,1.));
#13044=DIRECTION('',(-0.471719526628914,-0.88174865364059,0.));
#13045=DIRECTION('',(0.,0.,1.));
#13046=DIRECTION('',(0.,0.,1.));
#13047=DIRECTION('',(-0.524987967450317,-0.851109648654264,0.));
#13048=DIRECTION('',(0.,0.,1.));
#13049=DIRECTION('',(0.550499100023549,0.834835756824815,0.));
#13050=DIRECTION('',(0.,0.,1.));
#13051=DIRECTION('',(0.,0.,1.));
#13052=DIRECTION('',(0.,0.,1.));
#13053=DIRECTION('',(0.818750961876314,0.574148815575379,0.));
#13054=DIRECTION('',(0.,0.,1.));
#13055=DIRECTION('',(0.,0.,1.));
#13056=DIRECTION('',(0.,0.,1.));
#13057=DIRECTION('',(0.962010189397961,0.273013544525724,0.));
#13058=DIRECTION('',(0.,0.,1.));
#13059=DIRECTION('',(0.,1.,0.));
#13060=DIRECTION('',(0.,0.,1.));
#13061=DIRECTION('',(0.,0.,1.));
#13062=DIRECTION('',(0.,0.,1.));
#13063=DIRECTION('',(0.810776661719358,0.585355622516102,0.));
#13064=DIRECTION('',(0.,0.,1.));
#13065=DIRECTION('',(0.,0.,1.));
#13066=DIRECTION('',(0.,0.,1.));
#13067=DIRECTION('',(0.,0.,1.));
#13068=DIRECTION('',(-0.782059444034988,0.623203839843502,0.));
#13069=DIRECTION('',(0.,0.,1.));
#13070=DIRECTION('',(0.,1.,0.));
#13071=DIRECTION('',(0.,0.,1.));
#13072=DIRECTION('',(0.,0.,1.));
#13073=DIRECTION('',(0.,0.,1.));
#13074=DIRECTION('',(-0.886628561707451,0.462482208916816,0.));
#13075=DIRECTION('',(0.,0.,1.));
#13076=DIRECTION('',(0.,0.,1.));
#13077=DIRECTION('',(-0.809191240904513,0.587545347733615,0.));
#13078=DIRECTION('',(0.,0.,1.));
#13079=DIRECTION('',(0.,0.,1.));
#13080=DIRECTION('',(-0.608814775085835,0.793312403556873,0.));
#13081=DIRECTION('',(0.,0.,1.));
#13082=DIRECTION('',(0.,0.,1.));
#13083=DIRECTION('',(-0.953798471185661,0.300447127401638,0.));
#13084=DIRECTION('',(0.,0.,1.));
#13085=DIRECTION('',(0.,0.,1.));
#13086=DIRECTION('',(0.,0.,1.));
#13087=DIRECTION('',(-0.975054072352012,0.221967466061488,0.));
#13088=DIRECTION('',(0.,0.,1.));
#13089=DIRECTION('',(0.,0.,1.));
#13090=DIRECTION('',(-0.913930951543546,0.405869702996798,0.));
#13091=DIRECTION('',(0.,0.,1.));
#13092=DIRECTION('',(0.,0.,1.));
#13093=DIRECTION('',(-0.995911850533813,0.0903304265810533,0.));
#13094=DIRECTION('',(0.,0.,1.));
#13095=DIRECTION('',(-1.,0.,0.));
#13096=DIRECTION('',(0.,0.,1.));
#13097=DIRECTION('',(0.,0.,1.));
#13098=DIRECTION('',(0.,1.,0.));
#13099=DIRECTION('',(0.,0.,1.));
#13100=DIRECTION('',(0.,0.,1.));
#13101=DIRECTION('',(1.,0.,0.));
#13102=DIRECTION('',(0.,0.,-1.));
#13103=DIRECTION('',(0.,0.,1.));
#13104=DIRECTION('',(0.,0.,1.));
#13105=DIRECTION('',(-0.998774659070833,0.0494891947594782,0.));
#13106=DIRECTION('',(0.,0.,1.));
#13107=DIRECTION('',(0.,0.,1.));
#13108=DIRECTION('',(-0.986792909408375,0.161986894350609,0.));
#13109=DIRECTION('',(0.,0.,1.));
#13110=DIRECTION('',(0.,0.,1.));
#13111=DIRECTION('',(-0.948028074572347,0.318186690203485,0.));
#13112=DIRECTION('',(0.,0.,1.));
#13113=DIRECTION('',(0.,0.,1.));
#13114=DIRECTION('',(-0.845514018815967,0.533953222656885,0.));
#13115=DIRECTION('',(0.,0.,1.));
#13116=DIRECTION('',(-0.238285782045815,-0.97119508136873,0.));
#13117=DIRECTION('',(0.97119508136873,-0.238285782045815,0.));
#13118=DIRECTION('',(0.,0.,1.));
#13119=DIRECTION('',(0.832464399395259,-0.554078535714469,0.));
#13120=DIRECTION('',(0.,0.,1.));
#13121=DIRECTION('',(0.,0.,1.));
#13122=DIRECTION('',(0.,0.,1.));
#13123=DIRECTION('',(0.613445841261889,-0.789736791493529,0.));
#13124=DIRECTION('',(0.,0.,1.));
#13125=DIRECTION('',(0.,0.,1.));
#13126=DIRECTION('',(0.903104122576028,-0.429421638702782,0.));
#13127=DIRECTION('',(0.,0.,1.));
#13128=DIRECTION('',(0.,0.,1.));
#13129=DIRECTION('',(0.,0.,1.));
#13130=DIRECTION('',(-0.18806578897103,-0.982156433068941,0.));
#13131=DIRECTION('',(0.,0.,1.));
#13132=DIRECTION('',(0.,0.,1.));
#13133=DIRECTION('',(-0.525289342890643,-0.850923678272921,0.));
#13134=DIRECTION('',(0.,0.,1.));
#13135=DIRECTION('',(0.,0.,1.));
#13136=DIRECTION('',(-0.790947044819796,-0.611884607005955,0.));
#13137=DIRECTION('',(0.,0.,1.));
#13138=DIRECTION('',(0.,0.,1.));
#13139=DIRECTION('',(-0.955436997221982,-0.295195095385141,0.));
#13140=DIRECTION('',(0.,0.,1.));
#13141=DIRECTION('',(0.,-1.,0.));
#13142=DIRECTION('',(0.,0.,-1.));
#13143=DIRECTION('',(0.,0.,1.));
#13144=DIRECTION('',(0.,0.,1.));
#13145=DIRECTION('',(0.,0.,1.));
#13146=DIRECTION('',(0.,0.,1.));
#13147=DIRECTION('',(0.,-1.,0.));
#13148=DIRECTION('',(0.,0.,-1.));
#13149=DIRECTION('',(0.461821196076146,-0.886973045168115,0.));
#13150=DIRECTION('',(0.886973045168115,0.461821196076146,0.));
#13151=DIRECTION('',(0.,0.,1.));
#13152=DIRECTION('',(0.,0.,1.));
#13153=DIRECTION('',(0.,0.,1.));
#13154=DIRECTION('',(0.997379151002227,0.0723521191540111,0.));
#13155=DIRECTION('',(0.,0.,1.));
#13156=DIRECTION('',(1.,0.,0.));
#13157=DIRECTION('',(0.,0.,-1.));
#13158=DIRECTION('',(0.,0.,1.));
#13159=DIRECTION('',(0.,0.,1.));
#13160=DIRECTION('',(-0.998623209868001,-0.0524565030566285,0.));
#13161=DIRECTION('',(0.,0.,1.));
#13162=DIRECTION('',(1.,0.,0.));
#13163=DIRECTION('',(0.,0.,-1.));
#13164=DIRECTION('',(0.,0.,1.));
#13165=DIRECTION('',(0.,-1.,0.));
#13166=DIRECTION('',(0.,0.,-1.));
#13167=DIRECTION('',(0.,0.,1.));
#13168=DIRECTION('',(-1.,0.,0.));
#13169=DIRECTION('',(0.,0.,1.));
#13170=DIRECTION('',(0.,0.,1.));
#13171=DIRECTION('',(0.,0.,1.));
#13172=DIRECTION('',(-0.986219728061919,-0.165440768801024,0.));
#13173=DIRECTION('',(0.,0.,1.));
#13174=DIRECTION('',(0.,0.,1.));
#13175=DIRECTION('',(-0.854216221814727,-0.519917922742208,0.));
#13176=DIRECTION('',(0.,0.,1.));
#13177=DIRECTION('',(0.,0.,1.));
#13178=DIRECTION('',(0.,0.,1.));
#13179=DIRECTION('',(0.,0.,1.));
#13180=DIRECTION('',(0.115428720740381,-0.993315765720166,0.));
#13181=DIRECTION('',(0.,0.,1.));
#13182=DIRECTION('',(0.,0.,1.));
#13183=DIRECTION('',(0.411488636384103,-0.911414890226593,0.));
#13184=DIRECTION('',(0.,0.,1.));
#13185=DIRECTION('',(0.,0.,1.));
#13186=DIRECTION('',(0.,0.,1.));
#13187=DIRECTION('',(1.,0.,0.));
#13188=DIRECTION('',(0.,0.,-1.));
#13189=DIRECTION('',(0.,0.,1.));
#13190=DIRECTION('',(0.,-1.,0.));
#13191=DIRECTION('',(0.,0.,-1.));
#13192=DIRECTION('',(0.,0.,1.));
#13193=DIRECTION('',(-1.,0.,0.));
#13194=DIRECTION('',(0.,0.,1.));
#13195=DIRECTION('',(0.,0.,1.));
#13196=DIRECTION('',(0.,0.,1.));
#13197=DIRECTION('',(0.98740814360256,-0.158193419418595,0.));
#13198=DIRECTION('',(0.,0.,1.));
#13199=DIRECTION('',(0.,0.,1.));
#13200=DIRECTION('',(0.877875417522578,-0.478889080382461,0.));
#13201=DIRECTION('',(0.,0.,1.));
#13202=DIRECTION('',(0.,0.,1.));
#13203=DIRECTION('',(0.631986443133377,-0.77497944211161,0.));
#13204=DIRECTION('',(0.,0.,1.));
#13205=DIRECTION('',(0.,0.,1.));
#13206=DIRECTION('',(0.,0.,1.));
#13207=DIRECTION('',(0.,0.,1.));
#13208=DIRECTION('',(-0.769064779931478,-0.639170841222397,0.));
#13209=DIRECTION('',(0.,0.,1.));
#13210=DIRECTION('',(-0.501167968631891,0.865350025837744,0.));
#13211=DIRECTION('',(-0.865350025837744,-0.501167968631891,0.));
#13212=DIRECTION('',(0.,1.,0.));
#13213=DIRECTION('',(0.,0.,1.));
#13214=DIRECTION('',(0.,0.,1.));
#13215=DIRECTION('',(0.,0.,1.));
#13216=DIRECTION('',(1.,0.,0.));
#13217=DIRECTION('',(0.,0.,-1.));
#13218=DIRECTION('',(0.,0.,1.));
#13219=DIRECTION('',(-1.,0.,0.));
#13220=DIRECTION('',(0.,0.,1.));
#13221=DIRECTION('',(0.,0.,1.));
#13222=DIRECTION('',(0.,-1.,0.));
#13223=DIRECTION('',(0.,0.,-1.));
#13224=DIRECTION('',(0.32705411589072,-0.945005611242039,0.));
#13225=DIRECTION('',(0.945005611242039,0.32705411589072,0.));
#13226=DIRECTION('',(0.,0.,1.));
#13227=DIRECTION('',(0.,0.,1.));
#13228=DIRECTION('',(0.329984761804029,0.943986258892119,0.));
#13229=DIRECTION('',(-0.943986258892119,0.329984761804029,0.));
#13230=DIRECTION('',(0.,0.,1.));
#13231=DIRECTION('',(1.,0.,0.));
#13232=DIRECTION('',(0.,0.,-1.));
#13233=DIRECTION('',(0.,0.,1.));
#13234=DIRECTION('',(1.,0.,0.));
#13235=DIRECTION('',(0.,0.,-1.));
#13236=DIRECTION('',(0.,0.,1.));
#13237=DIRECTION('',(-0.330715938967004,-0.943730346928174,0.));
#13238=DIRECTION('',(0.943730346928175,-0.330715938967004,0.));
#13239=DIRECTION('',(0.,0.,1.));
#13240=DIRECTION('',(-1.,0.,0.));
#13241=DIRECTION('',(0.,0.,1.));
#13242=DIRECTION('',(0.,0.,1.));
#13243=DIRECTION('',(-0.32852062494127,0.94449679670616,0.));
#13244=DIRECTION('',(-0.94449679670616,-0.328520624941271,0.));
#13245=DIRECTION('',(1.,0.,0.));
#13246=DIRECTION('',(0.,0.,-1.));
#13247=DIRECTION('',(0.,0.,1.));
#13248=DIRECTION('',(0.,0.,1.));
#13249=DIRECTION('',(-0.326277963269685,-0.945273870729846,0.));
#13250=DIRECTION('',(0.945273870729846,-0.326277963269685,0.));
#13251=DIRECTION('',(0.,0.,1.));
#13252=DIRECTION('',(-0.336218720762095,0.941783930532423,0.));
#13253=DIRECTION('',(-0.941783930532423,-0.336218720762095,0.));
#13254=DIRECTION('',(0.,0.,1.));
#13255=DIRECTION('',(-1.,0.,0.));
#13256=DIRECTION('',(0.,0.,1.));
#13257=DIRECTION('',(1.,0.,0.));
#13258=DIRECTION('',(0.,0.,-1.));
#13259=DIRECTION('',(0.,0.,1.));
#13260=DIRECTION('',(0.,0.,1.));
#13261=DIRECTION('',(0.,1.,0.));
#13262=DIRECTION('',(0.,0.,1.));
#13263=DIRECTION('',(0.,0.,1.));
#13264=DIRECTION('',(0.,1.,0.));
#13265=DIRECTION('',(0.,0.,1.));
#13266=DIRECTION('',(0.,0.,1.));
#13267=DIRECTION('',(1.,0.,0.));
#13268=DIRECTION('',(0.,0.,-1.));
#13269=DIRECTION('',(0.,0.,1.));
#13270=DIRECTION('',(0.,-1.,0.));
#13271=DIRECTION('',(0.,0.,-1.));
#13272=DIRECTION('',(0.,0.,1.));
#13273=DIRECTION('',(1.,0.,0.));
#13274=DIRECTION('',(0.,0.,-1.));
#13275=DIRECTION('',(0.,0.,1.));
#13276=DIRECTION('',(0.,-1.,0.));
#13277=DIRECTION('',(0.,0.,-1.));
#13278=DIRECTION('',(0.,0.,1.));
#13279=DIRECTION('',(-1.,0.,0.));
#13280=DIRECTION('',(0.,0.,1.));
#13281=DIRECTION('',(0.,0.,1.));
#13282=DIRECTION('',(0.832464399429472,-0.554078535663066,0.));
#13283=DIRECTION('',(0.,0.,1.));
#13284=DIRECTION('',(0.,0.,1.));
#13285=DIRECTION('',(0.,0.,1.));
#13286=DIRECTION('',(0.613445841262255,-0.789736791493245,0.));
#13287=DIRECTION('',(0.,0.,1.));
#13288=DIRECTION('',(0.,0.,1.));
#13289=DIRECTION('',(0.903104122576189,-0.429421638702444,0.));
#13290=DIRECTION('',(0.,0.,1.));
#13291=DIRECTION('',(0.,0.,1.));
#13292=DIRECTION('',(0.,0.,1.));
#13293=DIRECTION('',(-0.188065788971657,-0.98215643306882,0.));
#13294=DIRECTION('',(0.,0.,1.));
#13295=DIRECTION('',(0.,0.,1.));
#13296=DIRECTION('',(-0.52528934289037,-0.850923678273089,0.));
#13297=DIRECTION('',(0.,0.,1.));
#13298=DIRECTION('',(0.,0.,1.));
#13299=DIRECTION('',(-0.790947044819798,-0.611884607005952,0.));
#13300=DIRECTION('',(0.,0.,1.));
#13301=DIRECTION('',(0.,0.,1.));
#13302=DIRECTION('',(-0.955436997222144,-0.295195095384615,0.));
#13303=DIRECTION('',(0.,0.,1.));
#13304=DIRECTION('',(0.,-1.,0.));
#13305=DIRECTION('',(0.,0.,-1.));
#13306=DIRECTION('',(0.,0.,1.));
#13307=DIRECTION('',(0.,0.,1.));
#13308=DIRECTION('',(0.,0.,1.));
#13309=DIRECTION('',(0.,0.,1.));
#13310=DIRECTION('',(0.,-1.,0.));
#13311=DIRECTION('',(0.,0.,-1.));
#13312=DIRECTION('',(0.,0.,1.));
#13313=DIRECTION('',(-0.953798471185532,0.300447127402046,0.));
#13314=DIRECTION('',(0.,0.,1.));
#13315=DIRECTION('',(0.,0.,1.));
#13316=DIRECTION('',(0.,0.,1.));
#13317=DIRECTION('',(-0.975054072351603,0.221967466063283,0.));
#13318=DIRECTION('',(0.,0.,1.));
#13319=DIRECTION('',(0.,0.,1.));
#13320=DIRECTION('',(-0.913930951543784,0.405869702996262,0.));
#13321=DIRECTION('',(0.,0.,1.));
#13322=DIRECTION('',(0.,0.,1.));
#13323=DIRECTION('',(-0.99591185053381,0.0903304265810935,0.));
#13324=DIRECTION('',(0.,0.,1.));
#13325=DIRECTION('',(-1.,0.,0.));
#13326=DIRECTION('',(0.,0.,1.));
#13327=DIRECTION('',(0.,0.,1.));
#13328=DIRECTION('',(0.,1.,0.));
#13329=DIRECTION('',(0.,0.,1.));
#13330=DIRECTION('',(0.,0.,1.));
#13331=DIRECTION('',(1.,0.,0.));
#13332=DIRECTION('',(0.,0.,-1.));
#13333=DIRECTION('',(0.,0.,1.));
#13334=DIRECTION('',(0.,0.,1.));
#13335=DIRECTION('',(-0.998774659070846,0.0494891947592179,0.));
#13336=DIRECTION('',(0.,0.,1.));
#13337=DIRECTION('',(0.,0.,1.));
#13338=DIRECTION('',(-0.986792909408328,0.161986894350892,0.));
#13339=DIRECTION('',(0.,0.,1.));
#13340=DIRECTION('',(0.,0.,1.));
#13341=DIRECTION('',(-0.948028074581383,0.318186690176561,0.));
#13342=DIRECTION('',(0.,0.,1.));
#13343=DIRECTION('',(0.,0.,1.));
#13344=DIRECTION('',(-0.845514018816002,0.533953222656829,0.));
#13345=DIRECTION('',(0.,0.,1.));
#13346=DIRECTION('',(-0.238285782045815,-0.97119508136873,0.));
#13347=DIRECTION('',(0.97119508136873,-0.238285782045815,0.));
#13348=DIRECTION('',(0.,0.,1.));
#13349=DIRECTION('',(0.550499100023617,0.834835756824771,0.));
#13350=DIRECTION('',(0.,0.,1.));
#13351=DIRECTION('',(0.,0.,1.));
#13352=DIRECTION('',(0.,0.,1.));
#13353=DIRECTION('',(0.818750961876515,0.574148815575093,0.));
#13354=DIRECTION('',(0.,0.,1.));
#13355=DIRECTION('',(0.,0.,1.));
#13356=DIRECTION('',(0.,0.,1.));
#13357=DIRECTION('',(0.962010189398073,0.273013544525328,0.));
#13358=DIRECTION('',(0.,0.,1.));
#13359=DIRECTION('',(0.,1.,0.));
#13360=DIRECTION('',(0.,0.,1.));
#13361=DIRECTION('',(0.,0.,1.));
#13362=DIRECTION('',(0.,0.,1.));
#13363=DIRECTION('',(0.810776661719279,0.585355622516212,0.));
#13364=DIRECTION('',(0.,0.,1.));
#13365=DIRECTION('',(0.,0.,1.));
#13366=DIRECTION('',(0.,0.,1.));
#13367=DIRECTION('',(0.,0.,1.));
#13368=DIRECTION('',(-0.782059444035002,0.623203839843484,0.));
#13369=DIRECTION('',(0.,0.,1.));
#13370=DIRECTION('',(0.,1.,0.));
#13371=DIRECTION('',(0.,0.,1.));
#13372=DIRECTION('',(0.,0.,1.));
#13373=DIRECTION('',(0.,0.,1.));
#13374=DIRECTION('',(-0.886628561707262,0.462482208917178,0.));
#13375=DIRECTION('',(0.,0.,1.));
#13376=DIRECTION('',(0.,0.,1.));
#13377=DIRECTION('',(-0.80919124090434,0.587545347733853,0.));
#13378=DIRECTION('',(0.,0.,1.));
#13379=DIRECTION('',(0.,0.,1.));
#13380=DIRECTION('',(-0.608814775085892,0.79331240355683,0.));
#13381=DIRECTION('',(0.,0.,1.));
#13382=DIRECTION('',(0.,-1.,0.));
#13383=DIRECTION('',(0.,0.,-1.));
#13384=DIRECTION('',(0.,0.,1.));
#13385=DIRECTION('',(0.,0.,1.));
#13386=DIRECTION('',(-1.,0.,0.));
#13387=DIRECTION('',(0.,0.,1.));
#13388=DIRECTION('',(0.,0.,1.));
#13389=DIRECTION('',(1.,0.,0.));
#13390=DIRECTION('',(0.,0.,-1.));
#13391=DIRECTION('',(0.,0.,1.));
#13392=DIRECTION('',(0.,1.,0.));
#13393=DIRECTION('',(0.,0.,1.));
#13394=DIRECTION('',(0.,1.,0.));
#13395=DIRECTION('',(0.,0.,1.));
#13396=DIRECTION('',(0.,0.,1.));
#13397=DIRECTION('',(0.,0.,1.));
#13398=DIRECTION('',(1.,0.,0.));
#13399=DIRECTION('',(0.,0.,-1.));
#13400=DIRECTION('',(0.,0.,1.));
#13401=DIRECTION('',(-1.,0.,0.));
#13402=DIRECTION('',(0.,0.,1.));
#13403=DIRECTION('',(0.,0.,1.));
#13404=DIRECTION('',(0.,-1.,0.));
#13405=DIRECTION('',(0.,0.,-1.));
#13406=DIRECTION('',(0.,0.,1.));
#13407=DIRECTION('',(0.,0.,1.));
#13408=DIRECTION('',(0.,0.,1.));
#13409=DIRECTION('',(0.528581695986982,-0.848882436305243,0.));
#13410=DIRECTION('',(0.,0.,1.));
#13411=DIRECTION('',(0.,0.,1.));
#13412=DIRECTION('',(0.,0.,1.));
#13413=DIRECTION('',(0.176175566510402,-0.984358760698933,0.));
#13414=DIRECTION('',(0.,0.,1.));
#13415=DIRECTION('',(0.,0.,1.));
#13416=DIRECTION('',(0.,0.,1.));
#13417=DIRECTION('',(0.,0.,1.));
#13418=DIRECTION('',(0.,0.,1.));
#13419=DIRECTION('',(-0.889879460097934,-0.456195732658483,0.));
#13420=DIRECTION('',(0.,0.,1.));
#13421=DIRECTION('',(0.,0.,1.));
#13422=DIRECTION('',(0.,0.,1.));
#13423=DIRECTION('',(-0.997132987844791,-0.0756690461927497,0.));
#13424=DIRECTION('',(0.,0.,1.));
#13425=DIRECTION('',(1.,0.,0.));
#13426=DIRECTION('',(0.,0.,-1.));
#13427=DIRECTION('',(0.,0.,1.));
#13428=DIRECTION('',(0.,-1.,0.));
#13429=DIRECTION('',(0.,0.,-1.));
#13430=DIRECTION('',(0.,0.,1.));
#13431=DIRECTION('',(-1.,0.,0.));
#13432=DIRECTION('',(0.,0.,1.));
#13433=DIRECTION('',(0.,0.,1.));
#13434=DIRECTION('',(0.,0.,1.));
#13435=DIRECTION('',(0.,0.,1.));
#13436=DIRECTION('',(0.,0.,1.));
#13437=DIRECTION('',(0.119438812954808,-0.992841563372498,0.));
#13438=DIRECTION('',(0.,0.,1.));
#13439=DIRECTION('',(0.,0.,1.));
#13440=DIRECTION('',(0.460966157974353,-0.887417715172716,0.));
#13441=DIRECTION('',(0.,0.,1.));
#13442=DIRECTION('',(0.,0.,1.));
#13443=DIRECTION('',(0.,0.,1.));
#13444=DIRECTION('',(1.,0.,0.));
#13445=DIRECTION('',(0.,0.,-1.));
#13446=DIRECTION('',(0.,0.,1.));
#13447=DIRECTION('',(0.,-1.,0.));
#13448=DIRECTION('',(0.,0.,-1.));
#13449=DIRECTION('',(0.,0.,1.));
#13450=DIRECTION('',(-1.,0.,0.));
#13451=DIRECTION('',(0.,0.,1.));
#13452=CARTESIAN_POINT('',(0.,0.,0.));
#13453=CARTESIAN_POINT('',(-0.240125,0.27015,0.0015));
#13454=CARTESIAN_POINT('',(-0.23075,0.31775,0.0015));
#13455=CARTESIAN_POINT('',(-0.1545,0.31775,0.0015));
#13456=CARTESIAN_POINT('',(-0.32575,0.31775,0.0015));
#13457=CARTESIAN_POINT('',(-0.32575,0.27015,0.0015));
#13458=CARTESIAN_POINT('',(-0.32575,0.22255,0.0015));
#13459=CARTESIAN_POINT('',(-0.315375,0.22255,0.0015));
#13460=CARTESIAN_POINT('',(-0.1545,0.22255,0.0015));
#13461=CARTESIAN_POINT('',(-0.1545,0.27015,0.0015));
#13462=CARTESIAN_POINT('',(-0.262297464290109,0.28635,0.0015));
#13463=CARTESIAN_POINT('',(-0.266204694798669,0.28635,0.0015));
#13464=CARTESIAN_POINT('',(-0.25839023378155,0.28635,0.0015));
#13465=CARTESIAN_POINT('',(-0.265124693312222,0.288097227535666,0.0015));
#13466=CARTESIAN_POINT('',(-0.264044691825775,0.289844455071331,0.0015));
#13467=CARTESIAN_POINT('',(-0.261217462803663,0.288097227535666,0.0015));
#13468=CARTESIAN_POINT('',(-0.205,0.229973431132955,0.0015));
#13469=CARTESIAN_POINT('',(-0.205,0.235396862265909,0.0015));
#13470=CARTESIAN_POINT('',(-0.205,0.22455,0.0015));
#13471=CARTESIAN_POINT('',(-0.20098399569581,0.241893958234466,0.0015));
#13472=CARTESIAN_POINT('',(-0.196967991391621,0.248391054203024,0.0015));
#13473=CARTESIAN_POINT('',(-0.177679112586586,0.236470527101512,0.0015));
#13474=CARTESIAN_POINT('',(-0.15839023378155,0.22455,0.0015));
#13475=CARTESIAN_POINT('',(-0.181695116890775,0.22455,0.0015));
#13476=CARTESIAN_POINT('',(-0.259878006497879,0.289032772492686,0.0015));
#13477=CARTESIAN_POINT('',(-0.2565,0.286945164476998,0.0015));
#13478=CARTESIAN_POINT('',(-0.263256012995756,0.291120380508376,0.0015));
#13479=CARTESIAN_POINT('',(-0.259878006497879,0.296585322957822,0.0015));
#13480=CARTESIAN_POINT('',(-0.2565,0.302050265407269,0.0015));
#13481=CARTESIAN_POINT('',(-0.2565,0.294497714942134,0.0015));
#13482=CARTESIAN_POINT('',(-0.28438106375167,0.237887667078466,0.0015));
#13483=CARTESIAN_POINT('',(-0.265320687438397,0.249666979640069,0.0015));
#13484=CARTESIAN_POINT('',(-0.303441440064945,0.226108354516862,0.0015));
#13485=CARTESIAN_POINT('',(-0.294836659664816,0.240029177258431,0.0015));
#13486=CARTESIAN_POINT('',(-0.286231879264688,0.25395,0.0015));
#13487=CARTESIAN_POINT('',(-0.2771,0.25395,0.0015));
#13488=CARTESIAN_POINT('',(-0.267968120735312,0.25395,0.0015));
#13489=CARTESIAN_POINT('',(-0.266644404086855,0.251808489820035,0.0015));
#13490=CARTESIAN_POINT('',(-0.23075,0.28635,0.0015));
#13491=CARTESIAN_POINT('',(-0.255,0.28635,0.0015));
#13492=CARTESIAN_POINT('',(-0.2065,0.28635,0.0015));
#13493=CARTESIAN_POINT('',(-0.255,0.295413483488976,0.0015));
#13494=CARTESIAN_POINT('',(-0.255,0.304476966977951,0.0015));
#13495=CARTESIAN_POINT('',(-0.251515939632344,0.310113483488975,0.0015));
#13496=CARTESIAN_POINT('',(-0.248031879264688,0.31575,0.0015));
#13497=CARTESIAN_POINT('',(-0.23075,0.31575,0.0015));
#13498=CARTESIAN_POINT('',(-0.213468120735312,0.31575,0.0015));
#13499=CARTESIAN_POINT('',(-0.209984060367656,0.310113483488976,0.0015));
#13500=CARTESIAN_POINT('',(-0.2065,0.304476966977951,0.0015));
#13501=CARTESIAN_POINT('',(-0.2065,0.295413483488976,0.0015));
#13502=CARTESIAN_POINT('',(-0.165002347399334,0.28635,0.0015));
#13503=CARTESIAN_POINT('',(-0.173504694798668,0.28635,0.0015));
#13504=CARTESIAN_POINT('',(-0.1565,0.28635,0.0015));
#13505=CARTESIAN_POINT('',(-0.165002347399334,0.300105106525624,0.0015));
#13506=CARTESIAN_POINT('',(-0.1565,0.313860213051249,0.0015));
#13507=CARTESIAN_POINT('',(-0.1565,0.300105106525624,0.0015));
#13508=CARTESIAN_POINT('',(-0.241929883109225,0.277940832238499,0.0015));
#13509=CARTESIAN_POINT('',(-0.23075,0.271031664476998,0.0015));
#13510=CARTESIAN_POINT('',(-0.25310976621845,0.28485,0.0015));
#13511=CARTESIAN_POINT('',(-0.23075,0.28485,0.0015));
#13512=CARTESIAN_POINT('',(-0.20839023378155,0.28485,0.0015));
#13513=CARTESIAN_POINT('',(-0.219570116890775,0.277940832238499,0.0015));
#13514=CARTESIAN_POINT('',(-0.255,0.228760080347614,0.0015));
#13515=CARTESIAN_POINT('',(-0.255,0.232970160695228,0.0015));
#13516=CARTESIAN_POINT('',(-0.255,0.22455,0.0015));
#13517=CARTESIAN_POINT('',(-0.252397652600666,0.228760080347614,0.0015));
#13518=CARTESIAN_POINT('',(-0.249795305201332,0.22455,0.0015));
#13519=CARTESIAN_POINT('',(-0.252397652600666,0.22455,0.0015));
#13520=CARTESIAN_POINT('',(-0.194855595913146,0.251808489820035,0.0015));
#13521=CARTESIAN_POINT('',(-0.196179312561604,0.249666979640069,0.0015));
#13522=CARTESIAN_POINT('',(-0.193531879264688,0.25395,0.0015));
#13523=CARTESIAN_POINT('',(-0.1844,0.25395,0.0015));
#13524=CARTESIAN_POINT('',(-0.175268120735312,0.25395,0.0015));
#13525=CARTESIAN_POINT('',(-0.166663340335183,0.240029177258431,0.0015));
#13526=CARTESIAN_POINT('',(-0.158058559935055,0.226108354516862,0.0015));
#13527=CARTESIAN_POINT('',(-0.17711893624833,0.237887667078466,0.0015));
#13528=CARTESIAN_POINT('',(-0.20098399569581,0.298406041765534,0.0015));
#13529=CARTESIAN_POINT('',(-0.205,0.304903137734092,0.0015));
#13530=CARTESIAN_POINT('',(-0.196967991391621,0.291908945796976,0.0015));
#13531=CARTESIAN_POINT('',(-0.205,0.310326568867046,0.0015));
#13532=CARTESIAN_POINT('',(-0.205,0.31575,0.0015));
#13533=CARTESIAN_POINT('',(-0.181695116890775,0.31575,0.0015));
#13534=CARTESIAN_POINT('',(-0.15839023378155,0.31575,0.0015));
#13535=CARTESIAN_POINT('',(-0.177679112586586,0.303829472898488,0.0015));
#13536=CARTESIAN_POINT('',(-0.261815939632344,0.25545,0.0015));
#13537=CARTESIAN_POINT('',(-0.267131879264688,0.25545,0.0015));
#13538=CARTESIAN_POINT('',(-0.2565,0.25545,0.0015));
#13539=CARTESIAN_POINT('',(-0.271675083148183,0.2628,0.0015));
#13540=CARTESIAN_POINT('',(-0.276218287031678,0.27015,0.0015));
#13541=CARTESIAN_POINT('',(-0.271675083148183,0.2775,0.0015));
#13542=CARTESIAN_POINT('',(-0.267131879264688,0.28485,0.0015));
#13543=CARTESIAN_POINT('',(-0.261815939632344,0.28485,0.0015));
#13544=CARTESIAN_POINT('',(-0.2565,0.28485,0.0015));
#13545=CARTESIAN_POINT('',(-0.2565,0.27015,0.0015));
#13546=CARTESIAN_POINT('',(-0.259878006497879,0.243714677042178,0.0015));
#13547=CARTESIAN_POINT('',(-0.263256012995757,0.249179619491624,0.0015));
#13548=CARTESIAN_POINT('',(-0.2565,0.23824973459273,0.0015));
#13549=CARTESIAN_POINT('',(-0.259878006497879,0.251267227507314,0.0015));
#13550=CARTESIAN_POINT('',(-0.2565,0.253354835523002,0.0015));
#13551=CARTESIAN_POINT('',(-0.2565,0.245802285057866,0.0015));
#13552=CARTESIAN_POINT('',(-0.252397652600666,0.311539919652386,0.0015));
#13553=CARTESIAN_POINT('',(-0.249795305201332,0.31575,0.0015));
#13554=CARTESIAN_POINT('',(-0.255,0.307329839304772,0.0015));
#13555=CARTESIAN_POINT('',(-0.255,0.311539919652386,0.0015));
#13556=CARTESIAN_POINT('',(-0.255,0.31575,0.0015));
#13557=CARTESIAN_POINT('',(-0.252397652600666,0.31575,0.0015));
#13558=CARTESIAN_POINT('',(-0.209984060367656,0.230186516511025,0.0015));
#13559=CARTESIAN_POINT('',(-0.213468120735312,0.22455,0.0015));
#13560=CARTESIAN_POINT('',(-0.2065,0.235823033022049,0.0015));
#13561=CARTESIAN_POINT('',(-0.23075,0.22455,0.0015));
#13562=CARTESIAN_POINT('',(-0.248031879264688,0.22455,0.0015));
#13563=CARTESIAN_POINT('',(-0.251515939632344,0.230186516511025,0.0015));
#13564=CARTESIAN_POINT('',(-0.255,0.235823033022049,0.0015));
#13565=CARTESIAN_POINT('',(-0.255,0.244886516511024,0.0015));
#13566=CARTESIAN_POINT('',(-0.255,0.25395,0.0015));
#13567=CARTESIAN_POINT('',(-0.23075,0.25395,0.0015));
#13568=CARTESIAN_POINT('',(-0.2065,0.25395,0.0015));
#13569=CARTESIAN_POINT('',(-0.2065,0.244886516511024,0.0015));
#13570=CARTESIAN_POINT('',(-0.178975083148183,0.2628,0.0015));
#13571=CARTESIAN_POINT('',(-0.183518287031678,0.27015,0.0015));
#13572=CARTESIAN_POINT('',(-0.174431879264688,0.25545,0.0015));
#13573=CARTESIAN_POINT('',(-0.178975083148183,0.2775,0.0015));
#13574=CARTESIAN_POINT('',(-0.174431879264688,0.28485,0.0015));
#13575=CARTESIAN_POINT('',(-0.165465939632344,0.28485,0.0015));
#13576=CARTESIAN_POINT('',(-0.1565,0.28485,0.0015));
#13577=CARTESIAN_POINT('',(-0.1565,0.27015,0.0015));
#13578=CARTESIAN_POINT('',(-0.1565,0.25545,0.0015));
#13579=CARTESIAN_POINT('',(-0.165465939632344,0.25545,0.0015));
#13580=CARTESIAN_POINT('',(-0.180297652600665,0.262086781918294,0.0015));
#13581=CARTESIAN_POINT('',(-0.176195305201332,0.25545,0.0015));
#13582=CARTESIAN_POINT('',(-0.1844,0.26872356383659,0.0015));
#13583=CARTESIAN_POINT('',(-0.1844,0.25545,0.0015));
#13584=CARTESIAN_POINT('',(-0.192604694798668,0.25545,0.0015));
#13585=CARTESIAN_POINT('',(-0.188502347399335,0.262086781918294,0.0015));
#13586=CARTESIAN_POINT('',(-0.262297464290109,0.25395,0.0015));
#13587=CARTESIAN_POINT('',(-0.25839023378155,0.25395,0.0015));
#13588=CARTESIAN_POINT('',(-0.266204694798669,0.25395,0.0015));
#13589=CARTESIAN_POINT('',(-0.261217462803663,0.252202772464335,0.0015));
#13590=CARTESIAN_POINT('',(-0.264044691825775,0.250455544928669,0.0015));
#13591=CARTESIAN_POINT('',(-0.265124693312222,0.252202772464335,0.0015));
#13592=CARTESIAN_POINT('',(-0.201621993502122,0.243714677042178,0.0015));
#13593=CARTESIAN_POINT('',(-0.205,0.23824973459273,0.0015));
#13594=CARTESIAN_POINT('',(-0.198243987004244,0.249179619491624,0.0015));
#13595=CARTESIAN_POINT('',(-0.205,0.245802285057866,0.0015));
#13596=CARTESIAN_POINT('',(-0.205,0.253354835523002,0.0015));
#13597=CARTESIAN_POINT('',(-0.201621993502122,0.251267227507314,0.0015));
#13598=CARTESIAN_POINT('',(-0.241929883109225,0.262359167761501,0.0015));
#13599=CARTESIAN_POINT('',(-0.25310976621845,0.25545,0.0015));
#13600=CARTESIAN_POINT('',(-0.23075,0.269268335523002,0.0015));
#13601=CARTESIAN_POINT('',(-0.219570116890775,0.262359167761501,0.0015));
#13602=CARTESIAN_POINT('',(-0.20839023378155,0.25545,0.0015));
#13603=CARTESIAN_POINT('',(-0.23075,0.25545,0.0015));
#13604=CARTESIAN_POINT('',(-0.282524916851817,0.2628,0.0015));
#13605=CARTESIAN_POINT('',(-0.277981712968322,0.27015,0.0015));
#13606=CARTESIAN_POINT('',(-0.287068120735312,0.25545,0.0015));
#13607=CARTESIAN_POINT('',(-0.296034060367656,0.25545,0.0015));
#13608=CARTESIAN_POINT('',(-0.305,0.25545,0.0015));
#13609=CARTESIAN_POINT('',(-0.305,0.27015,0.0015));
#13610=CARTESIAN_POINT('',(-0.305,0.28485,0.0015));
#13611=CARTESIAN_POINT('',(-0.296034060367656,0.28485,0.0015));
#13612=CARTESIAN_POINT('',(-0.287068120735312,0.28485,0.0015));
#13613=CARTESIAN_POINT('',(-0.282524916851817,0.2775,0.0015));
#13614=CARTESIAN_POINT('',(-0.200282537196337,0.288097227535666,0.0015));
#13615=CARTESIAN_POINT('',(-0.20310976621845,0.28635,0.0015));
#13616=CARTESIAN_POINT('',(-0.197455308174225,0.289844455071331,0.0015));
#13617=CARTESIAN_POINT('',(-0.196375306687779,0.288097227535666,0.0015));
#13618=CARTESIAN_POINT('',(-0.195295305201331,0.28635,0.0015));
#13619=CARTESIAN_POINT('',(-0.199202535709891,0.28635,0.0015));
#13620=CARTESIAN_POINT('',(-0.272997652600666,0.262086781918294,0.0015));
#13621=CARTESIAN_POINT('',(-0.268895305201331,0.25545,0.0015));
#13622=CARTESIAN_POINT('',(-0.2771,0.268723563836589,0.0015));
#13623=CARTESIAN_POINT('',(-0.2771,0.25545,0.0015));
#13624=CARTESIAN_POINT('',(-0.285304694798669,0.25545,0.0015));
#13625=CARTESIAN_POINT('',(-0.281202347399335,0.262086781918294,0.0015));
#13626=CARTESIAN_POINT('',(-0.305,0.300105106525624,0.0015));
#13627=CARTESIAN_POINT('',(-0.305,0.313860213051249,0.0015));
#13628=CARTESIAN_POINT('',(-0.305,0.28635,0.0015));
#13629=CARTESIAN_POINT('',(-0.296497652600666,0.300105106525624,0.0015));
#13630=CARTESIAN_POINT('',(-0.287995305201331,0.28635,0.0015));
#13631=CARTESIAN_POINT('',(-0.296497652600666,0.28635,0.0015));
#13632=CARTESIAN_POINT('',(-0.21791167922573,0.263097582238499,0.0015));
#13633=CARTESIAN_POINT('',(-0.2065,0.256045164476998,0.0015));
#13634=CARTESIAN_POINT('',(-0.22932335845146,0.27015,0.0015));
#13635=CARTESIAN_POINT('',(-0.21791167922573,0.277202417761501,0.0015));
#13636=CARTESIAN_POINT('',(-0.2065,0.284254835523002,0.0015));
#13637=CARTESIAN_POINT('',(-0.2065,0.27015,0.0015));
#13638=CARTESIAN_POINT('',(-0.2565,0.310326568867046,0.0015));
#13639=CARTESIAN_POINT('',(-0.2565,0.31575,0.0015));
#13640=CARTESIAN_POINT('',(-0.2565,0.304903137734091,0.0015));
#13641=CARTESIAN_POINT('',(-0.26051600430419,0.298406041765534,0.0015));
#13642=CARTESIAN_POINT('',(-0.264532008608379,0.291908945796976,0.0015));
#13643=CARTESIAN_POINT('',(-0.283820887413415,0.303829472898488,0.0015));
#13644=CARTESIAN_POINT('',(-0.30310976621845,0.31575,0.0015));
#13645=CARTESIAN_POINT('',(-0.279804883109225,0.31575,0.0015));
#13646=CARTESIAN_POINT('',(-0.305,0.240194893474376,0.0015));
#13647=CARTESIAN_POINT('',(-0.305,0.25395,0.0015));
#13648=CARTESIAN_POINT('',(-0.305,0.226439786948751,0.0015));
#13649=CARTESIAN_POINT('',(-0.296497652600666,0.25395,0.0015));
#13650=CARTESIAN_POINT('',(-0.287995305201331,0.25395,0.0015));
#13651=CARTESIAN_POINT('',(-0.296497652600666,0.240194893474376,0.0015));
#13652=CARTESIAN_POINT('',(-0.2771,0.28635,0.0015));
#13653=CARTESIAN_POINT('',(-0.286231879264688,0.28635,0.0015));
#13654=CARTESIAN_POINT('',(-0.267968120735312,0.28635,0.0015));
#13655=CARTESIAN_POINT('',(-0.294836659664816,0.300270822741569,0.0015));
#13656=CARTESIAN_POINT('',(-0.303441440064945,0.314191645483138,0.0015));
#13657=CARTESIAN_POINT('',(-0.28438106375167,0.302412332921535,0.0015));
#13658=CARTESIAN_POINT('',(-0.265320687438396,0.290633020359931,0.0015));
#13659=CARTESIAN_POINT('',(-0.266644404086855,0.288491510179965,0.0015));
#13660=CARTESIAN_POINT('',(-0.283820887413415,0.236470527101512,0.0015));
#13661=CARTESIAN_POINT('',(-0.30310976621845,0.22455,0.0015));
#13662=CARTESIAN_POINT('',(-0.264532008608379,0.248391054203024,0.0015));
#13663=CARTESIAN_POINT('',(-0.26051600430419,0.241893958234466,0.0015));
#13664=CARTESIAN_POINT('',(-0.2565,0.235396862265909,0.0015));
#13665=CARTESIAN_POINT('',(-0.2565,0.229973431132955,0.0015));
#13666=CARTESIAN_POINT('',(-0.2565,0.22455,0.0015));
#13667=CARTESIAN_POINT('',(-0.279804883109225,0.22455,0.0015));
#13668=CARTESIAN_POINT('',(-0.188502347399335,0.278213218081705,0.0015));
#13669=CARTESIAN_POINT('',(-0.192604694798668,0.28485,0.0015));
#13670=CARTESIAN_POINT('',(-0.1844,0.27157643616341,0.0015));
#13671=CARTESIAN_POINT('',(-0.1844,0.28485,0.0015));
#13672=CARTESIAN_POINT('',(-0.176195305201332,0.28485,0.0015));
#13673=CARTESIAN_POINT('',(-0.180297652600666,0.278213218081705,0.0015));
#13674=CARTESIAN_POINT('',(-0.189824916851817,0.2775,0.0015));
#13675=CARTESIAN_POINT('',(-0.185281712968322,0.27015,0.0015));
#13676=CARTESIAN_POINT('',(-0.194368120735312,0.28485,0.0015));
#13677=CARTESIAN_POINT('',(-0.189824916851817,0.2628,0.0015));
#13678=CARTESIAN_POINT('',(-0.194368120735312,0.25545,0.0015));
#13679=CARTESIAN_POINT('',(-0.199684060367656,0.25545,0.0015));
#13680=CARTESIAN_POINT('',(-0.205,0.25545,0.0015));
#13681=CARTESIAN_POINT('',(-0.205,0.27015,0.0015));
#13682=CARTESIAN_POINT('',(-0.205,0.28485,0.0015));
#13683=CARTESIAN_POINT('',(-0.199684060367656,0.28485,0.0015));
#13684=CARTESIAN_POINT('',(-0.281202347399335,0.278213218081705,0.0015));
#13685=CARTESIAN_POINT('',(-0.285304694798669,0.28485,0.0015));
#13686=CARTESIAN_POINT('',(-0.2771,0.27157643616341,0.0015));
#13687=CARTESIAN_POINT('',(-0.2771,0.28485,0.0015));
#13688=CARTESIAN_POINT('',(-0.268895305201331,0.28485,0.0015));
#13689=CARTESIAN_POINT('',(-0.272997652600666,0.278213218081705,0.0015));
#13690=CARTESIAN_POINT('',(-0.194855595913146,0.288491510179965,0.0015));
#13691=CARTESIAN_POINT('',(-0.196179312561604,0.290633020359931,0.0015));
#13692=CARTESIAN_POINT('',(-0.193531879264688,0.28635,0.0015));
#13693=CARTESIAN_POINT('',(-0.17711893624833,0.302412332921535,0.0015));
#13694=CARTESIAN_POINT('',(-0.158058559935055,0.314191645483138,0.0015));
#13695=CARTESIAN_POINT('',(-0.166663340335184,0.300270822741569,0.0015));
#13696=CARTESIAN_POINT('',(-0.175268120735312,0.28635,0.0015));
#13697=CARTESIAN_POINT('',(-0.1844,0.28635,0.0015));
#13698=CARTESIAN_POINT('',(-0.201621993502122,0.296585322957823,0.0015));
#13699=CARTESIAN_POINT('',(-0.198243987004244,0.291120380508376,0.0015));
#13700=CARTESIAN_POINT('',(-0.205,0.30205026540727,0.0015));
#13701=CARTESIAN_POINT('',(-0.201621993502122,0.289032772492687,0.0015));
#13702=CARTESIAN_POINT('',(-0.205,0.286945164476998,0.0015));
#13703=CARTESIAN_POINT('',(-0.205,0.294497714942134,0.0015));
#13704=CARTESIAN_POINT('',(-0.196375306687779,0.252202772464335,0.0015));
#13705=CARTESIAN_POINT('',(-0.197455308174225,0.250455544928669,0.0015));
#13706=CARTESIAN_POINT('',(-0.195295305201331,0.25395,0.0015));
#13707=CARTESIAN_POINT('',(-0.200282537196337,0.252202772464335,0.0015));
#13708=CARTESIAN_POINT('',(-0.20310976621845,0.25395,0.0015));
#13709=CARTESIAN_POINT('',(-0.199202535709891,0.25395,0.0015));
#13710=CARTESIAN_POINT('',(-0.255,0.27015,0.0015));
#13711=CARTESIAN_POINT('',(-0.255,0.284254835523002,0.0015));
#13712=CARTESIAN_POINT('',(-0.255,0.256045164476998,0.0015));
#13713=CARTESIAN_POINT('',(-0.24358832077427,0.277202417761501,0.0015));
#13714=CARTESIAN_POINT('',(-0.23217664154854,0.27015,0.0015));
#13715=CARTESIAN_POINT('',(-0.24358832077427,0.263097582238499,0.0015));
#13716=CARTESIAN_POINT('',(-0.165002347399334,0.240194893474376,0.0015));
#13717=CARTESIAN_POINT('',(-0.173504694798668,0.25395,0.0015));
#13718=CARTESIAN_POINT('',(-0.1565,0.226439786948751,0.0015));
#13719=CARTESIAN_POINT('',(-0.165002347399334,0.25395,0.0015));
#13720=CARTESIAN_POINT('',(-0.1565,0.25395,0.0015));
#13721=CARTESIAN_POINT('',(-0.1565,0.240194893474376,0.0015));
#13722=CARTESIAN_POINT('',(-0.209102347399334,0.22455,0.0015));
#13723=CARTESIAN_POINT('',(-0.211704694798668,0.22455,0.0015));
#13724=CARTESIAN_POINT('',(-0.2065,0.22455,0.0015));
#13725=CARTESIAN_POINT('',(-0.209102347399335,0.228760080347614,0.0015));
#13726=CARTESIAN_POINT('',(-0.2065,0.232970160695228,0.0015));
#13727=CARTESIAN_POINT('',(-0.2065,0.228760080347614,0.0015));
#13728=CARTESIAN_POINT('',(-0.209102347399335,0.311539919652386,0.0015));
#13729=CARTESIAN_POINT('',(-0.211704694798668,0.31575,0.0015));
#13730=CARTESIAN_POINT('',(-0.2065,0.307329839304772,0.0015));
#13731=CARTESIAN_POINT('',(-0.209102347399335,0.31575,0.0015));
#13732=CARTESIAN_POINT('',(-0.2065,0.31575,0.0015));
#13733=CARTESIAN_POINT('',(-0.2065,0.311539919652386,0.0015));
#13734=CARTESIAN_POINT('',(-0.303181884793639,0.287843716828784,0.0015));
#13735=CARTESIAN_POINT('',(-0.307470484883159,0.279506773344974,0.0015));
#13736=CARTESIAN_POINT('',(-0.307714355210779,0.279637084617307,0.00149999999999912));
#13737=CARTESIAN_POINT('',(-0.307125968077867,0.280758069327203,0.0015));
#13738=CARTESIAN_POINT('',(-0.307822916666667,0.279702083333334,0.0015));
#13739=CARTESIAN_POINT('',(-0.307237275603688,0.279445814192218,0.0015));
#13740=CARTESIAN_POINT('',(-0.3077471112172,0.279832092384557,0.0015));
#13741=CARTESIAN_POINT('',(-0.30848948378044,0.280313385063759,0.0015));
#13742=CARTESIAN_POINT('',(-0.307644109615115,0.280049307686317,0.00149999975));
#13743=CARTESIAN_POINT('',(-0.309650030262595,0.280688897204168,0.0015));
#13744=CARTESIAN_POINT('',(-0.3075625,0.280406944444444,0.0015));
#13745=CARTESIAN_POINT('',(-0.3075625,0.280406944444444,0.0015));
#13746=CARTESIAN_POINT('',(-0.307529513888889,0.280623958333334,0.0015));
#13747=CARTESIAN_POINT('',(-0.307552083333334,0.280960763888889,0.0015));
#13748=CARTESIAN_POINT('',(-0.307552083333334,0.280960763888889,0.0015));
#13749=CARTESIAN_POINT('',(-0.307004340277778,0.280960763888889,0.0015));
#13750=CARTESIAN_POINT('',(-0.30645642902462,0.280960763888889,0.0015));
#13751=CARTESIAN_POINT('',(-0.312471064165631,0.281106046974555,0.0015));
#13752=CARTESIAN_POINT('',(-0.306559027777778,0.279989409722223,0.0015));
#13753=CARTESIAN_POINT('',(-0.306559027777778,0.279989409722223,0.0015));
#13754=CARTESIAN_POINT('',(-0.306651041666667,0.279495486111111,0.0015));
#13755=CARTESIAN_POINT('',(-0.306847222222222,0.279191666666667,0.0015));
#13756=CARTESIAN_POINT('',(-0.306847222222222,0.279191666666667,0.0015));
#13757=CARTESIAN_POINT('',(-0.302854904021967,0.287649429640004,0.0015));
#13758=CARTESIAN_POINT('',(-0.307156250023948,0.279344444326256,0.0015));
#13759=CARTESIAN_POINT('',(-0.250495096595102,0.250075026295131,0.0015));
#13760=CARTESIAN_POINT('',(-0.319002655965958,0.247523699980805,0.0015));
#13761=CARTESIAN_POINT('',(-0.316256631638262,0.24646411740995,0.00149999975));
#13762=CARTESIAN_POINT('',(-0.316908251644746,0.245455853849834,0.0015));
#13763=CARTESIAN_POINT('',(-0.317309027777778,0.245906076388889,0.0015));
#13764=CARTESIAN_POINT('',(-0.317710069444444,0.246356597222222,0.0015));
#13765=CARTESIAN_POINT('',(-0.317710069444444,0.246356597222222,0.0015));
#13766=CARTESIAN_POINT('',(-0.317395833333334,0.246617013888889,0.0015));
#13767=CARTESIAN_POINT('',(-0.317254340277778,0.246952951388889,0.0015));
#13768=CARTESIAN_POINT('',(-0.317254340277778,0.246952951388889,0.0015));
#13769=CARTESIAN_POINT('',(-0.318886067533162,0.247647507612115,0.0015));
#13770=CARTESIAN_POINT('',(-0.317112832036916,0.247648263895366,0.00149999975));
#13771=CARTESIAN_POINT('',(-0.317112847222222,0.247669965277778,0.0015));
#13772=CARTESIAN_POINT('',(-0.317112847222222,0.247691666666667,0.0015));
#13773=CARTESIAN_POINT('',(-0.316576388888889,0.247691666666667,0.0015));
#13774=CARTESIAN_POINT('',(-0.316039930555556,0.247691666666667,0.0015));
#13775=CARTESIAN_POINT('',(-0.316039930555556,0.247685590277778,0.0015));
#13776=CARTESIAN_POINT('',(-0.316040333428908,0.247679510102937,0.0015));
#13777=CARTESIAN_POINT('',(-0.319397344795989,0.247647963005027,0.0015));
#13778=CARTESIAN_POINT('',(-0.3184375,0.260311458333334,0.0015));
#13779=CARTESIAN_POINT('',(-0.320704861111111,0.259259375,0.0015));
#13780=CARTESIAN_POINT('',(-0.316170138888889,0.261363541666666,0.0015));
#13781=CARTESIAN_POINT('',(-0.316170138888889,0.260620486111111,0.0015));
#13782=CARTESIAN_POINT('',(-0.316170138888889,0.259877430555556,0.0015));
#13783=CARTESIAN_POINT('',(-0.3177265625,0.259275,0.0015));
#13784=CARTESIAN_POINT('',(-0.319282986111111,0.258672569444445,0.0015));
#13785=CARTESIAN_POINT('',(-0.319993923611111,0.258965972222223,0.0015));
#13786=CARTESIAN_POINT('',(-0.322831597222223,0.259106597222222,0.0015));
#13787=CARTESIAN_POINT('',(-0.324166666666666,0.259106597222222,0.0015));
#13788=CARTESIAN_POINT('',(-0.321496527777778,0.259106597222222,0.0015));
#13789=CARTESIAN_POINT('',(-0.318833333333334,0.257999826388889,0.0015));
#13790=CARTESIAN_POINT('',(-0.316170138888889,0.256893055555555,0.0015));
#13791=CARTESIAN_POINT('',(-0.316170138888889,0.25615,0.0015));
#13792=CARTESIAN_POINT('',(-0.316170138888889,0.255406944444445,0.0015));
#13793=CARTESIAN_POINT('',(-0.318540798611111,0.2565953125,0.0015));
#13794=CARTESIAN_POINT('',(-0.320911458333334,0.257783680555556,0.0015));
#13795=CARTESIAN_POINT('',(-0.3225390625,0.257783680555556,0.0015));
#13796=CARTESIAN_POINT('',(-0.324166666666666,0.257783680555556,0.0015));
#13797=CARTESIAN_POINT('',(-0.324166666666666,0.258445138888889,0.0015));
#13798=CARTESIAN_POINT('',(-0.318803003272378,0.265453491296297,0.0015));
#13799=CARTESIAN_POINT('',(-0.320119791666666,0.263447743055556,0.0015));
#13800=CARTESIAN_POINT('',(-0.321019097222222,0.264531944444445,0.0015));
#13801=CARTESIAN_POINT('',(-0.322592881944445,0.263620486111111,0.0015));
#13802=CARTESIAN_POINT('',(-0.324166666666666,0.262709027777778,0.0015));
#13803=CARTESIAN_POINT('',(-0.324166666666666,0.263398263888889,0.0015));
#13804=CARTESIAN_POINT('',(-0.324166666666666,0.2640875,0.0015));
#13805=CARTESIAN_POINT('',(-0.322717881944445,0.264841840277778,0.0015));
#13806=CARTESIAN_POINT('',(-0.32126906923232,0.265596195129088,0.0015));
#13807=CARTESIAN_POINT('',(-0.321780051446756,0.265593280427451,0.0015));
#13808=CARTESIAN_POINT('',(-0.321274418513544,0.265666481455286,0.0015));
#13809=CARTESIAN_POINT('',(-0.320331502967071,0.265763314571618,0.0015));
#13810=CARTESIAN_POINT('',(-0.321279427293516,0.265780206790185,0.00149999975));
#13811=CARTESIAN_POINT('',(-0.321279513888889,0.266172786458333,0.0015));
#13812=CARTESIAN_POINT('',(-0.321279513888889,0.266387847222222,0.0015));
#13813=CARTESIAN_POINT('',(-0.320802083333334,0.266387847222222,0.0015));
#13814=CARTESIAN_POINT('',(-0.320324652777778,0.266387847222223,0.0015));
#13815=CARTESIAN_POINT('',(-0.320324652777778,0.266018923611111,0.0015));
#13816=CARTESIAN_POINT('',(-0.32032474234116,0.265649999590577,0.0015));
#13817=CARTESIAN_POINT('',(-0.318845009380721,0.265656763929907,0.0015));
#13818=CARTESIAN_POINT('',(-0.320243947894338,0.265173429283159,0.00149999975));
#13819=CARTESIAN_POINT('',(-0.319133918290654,0.265556190670401,0.0015));
#13820=CARTESIAN_POINT('',(-0.319978298611111,0.264739409722222,0.0015));
#13821=CARTESIAN_POINT('',(-0.319978298611111,0.264739409722222,0.0015));
#13822=CARTESIAN_POINT('',(-0.319793402777778,0.264544097222222,0.0015));
#13823=CARTESIAN_POINT('',(-0.319462673611111,0.264424305555556,0.0015));
#13824=CARTESIAN_POINT('',(-0.319462673611111,0.264424305555556,0.0015));
#13825=CARTESIAN_POINT('',(-0.319462673611111,0.264424305555556,0.0015));
#13826=CARTESIAN_POINT('',(-0.319131944444444,0.264304513888889,0.0015));
#13827=CARTESIAN_POINT('',(-0.318644097222223,0.264304513888889,0.0015));
#13828=CARTESIAN_POINT('',(-0.318644097222223,0.264304513888889,0.0015));
#13829=CARTESIAN_POINT('',(-0.318687595589714,0.266507720196248,0.0015));
#13830=CARTESIAN_POINT('',(-0.318192723418969,0.264359261657255,0.00149999975));
#13831=CARTESIAN_POINT('',(-0.318476463274285,0.265623364473219,0.0015));
#13832=CARTESIAN_POINT('',(-0.317704861111111,0.264581423611111,0.0015));
#13833=CARTESIAN_POINT('',(-0.317704861111111,0.264581423611111,0.0015));
#13834=CARTESIAN_POINT('',(-0.317472222222223,0.264748958333334,0.0015));
#13835=CARTESIAN_POINT('',(-0.317314236111111,0.265052777777778,0.0015));
#13836=CARTESIAN_POINT('',(-0.317314236111111,0.265052777777778,0.0015));
#13837=CARTESIAN_POINT('',(-0.317314236111111,0.265052777777778,0.0015));
#13838=CARTESIAN_POINT('',(-0.31715625,0.265356597222222,0.0015));
#13839=CARTESIAN_POINT('',(-0.31715625,0.265856597222222,0.0015));
#13840=CARTESIAN_POINT('',(-0.31715625,0.265856597222222,0.0015));
#13841=CARTESIAN_POINT('',(-0.31715625,0.266122222222222,0.0015));
#13842=CARTESIAN_POINT('',(-0.31715625,0.266387847222222,0.0015));
#13843=CARTESIAN_POINT('',(-0.316663194444444,0.266387847222222,0.0015));
#13844=CARTESIAN_POINT('',(-0.316170138888889,0.266387847222222,0.0015));
#13845=CARTESIAN_POINT('',(-0.316170138888889,0.2661109375,0.0015));
#13846=CARTESIAN_POINT('',(-0.316170049341397,0.265834027606211,0.0015));
#13847=CARTESIAN_POINT('',(-0.319409631849778,0.265840234429121,0.0015));
#13848=CARTESIAN_POINT('',(-0.316332643158748,0.264826501647934,0.0015));
#13849=CARTESIAN_POINT('',(-0.318930419092156,0.265659092023783,0.0015));
#13850=CARTESIAN_POINT('',(-0.316820265852345,0.263930343704251,0.00149999975));
#13851=CARTESIAN_POINT('',(-0.318788820163471,0.26554508937409,0.0015));
#13852=CARTESIAN_POINT('',(-0.317606770833333,0.263289756944445,0.0015));
#13853=CARTESIAN_POINT('',(-0.317606770833333,0.263289756944445,0.0015));
#13854=CARTESIAN_POINT('',(-0.318067708333334,0.263045833333334,0.0015));
#13855=CARTESIAN_POINT('',(-0.318644097222223,0.263045833333334,0.0015));
#13856=CARTESIAN_POINT('',(-0.318644097222223,0.263045833333334,0.0015));
#13857=CARTESIAN_POINT('',(-0.318644097222223,0.263045833333334,0.0015));
#13858=CARTESIAN_POINT('',(-0.319512152777778,0.263045833333334,0.0015));
#13859=CARTESIAN_POINT('',(-0.320119791666666,0.263447743055556,0.0015));
#13860=CARTESIAN_POINT('',(-0.323016493055556,0.250197743055555,0.0015));
#13861=CARTESIAN_POINT('',(-0.322506944444444,0.250577083333334,0.0015));
#13862=CARTESIAN_POINT('',(-0.321784722222223,0.250794097222222,0.0015));
#13863=CARTESIAN_POINT('',(-0.323016493055556,0.250197743055555,0.0015));
#13864=CARTESIAN_POINT('',(-0.321784722222223,0.250794097222222,0.0015));
#13865=CARTESIAN_POINT('',(-0.321784722222223,0.250794097222222,0.0015));
#13866=CARTESIAN_POINT('',(-0.3210625,0.251011111111111,0.0015));
#13867=CARTESIAN_POINT('',(-0.320130208333334,0.251011111111111,0.0015));
#13868=CARTESIAN_POINT('',(-0.320130208333334,0.251011111111111,0.0015));
#13869=CARTESIAN_POINT('',(-0.320130208333334,0.251011111111111,0.0015));
#13870=CARTESIAN_POINT('',(-0.319196180555555,0.251011111111111,0.0015));
#13871=CARTESIAN_POINT('',(-0.318474826388889,0.250794097222222,0.0015));
#13872=CARTESIAN_POINT('',(-0.318474826388889,0.250794097222222,0.0015));
#13873=CARTESIAN_POINT('',(-0.318474826388889,0.250794097222222,0.0015));
#13874=CARTESIAN_POINT('',(-0.317753472222222,0.250577083333334,0.0015));
#13875=CARTESIAN_POINT('',(-0.317249131944445,0.250197743055555,0.0015));
#13876=CARTESIAN_POINT('',(-0.317249131944445,0.250197743055555,0.0015));
#13877=CARTESIAN_POINT('',(-0.318951655214108,0.247900093705928,0.0015));
#13878=CARTESIAN_POINT('',(-0.316451251450706,0.249286360626099,0.00149999975));
#13879=CARTESIAN_POINT('',(-0.319199388780943,0.24777430007143,0.0015));
#13880=CARTESIAN_POINT('',(-0.316083671235609,0.248136111111111,0.0015));
#13881=CARTESIAN_POINT('',(-0.316625868055555,0.248136111111111,0.0015));
#13882=CARTESIAN_POINT('',(-0.317168299840859,0.248136111111111,0.0015));
#13883=CARTESIAN_POINT('',(-0.318873138648394,0.247678167199946,0.0015));
#13884=CARTESIAN_POINT('',(-0.3174609375,0.248737673611111,0.0015));
#13885=CARTESIAN_POINT('',(-0.3174609375,0.248737673611111,0.0015));
#13886=CARTESIAN_POINT('',(-0.317666666666666,0.249014583333334,0.0015));
#13887=CARTESIAN_POINT('',(-0.318030381944444,0.249226388888889,0.0015));
#13888=CARTESIAN_POINT('',(-0.318030381944444,0.249226388888889,0.0015));
#13889=CARTESIAN_POINT('',(-0.318030381944444,0.249226388888889,0.0015));
#13890=CARTESIAN_POINT('',(-0.318394097222223,0.249438194444445,0.0015));
#13891=CARTESIAN_POINT('',(-0.318909722222223,0.249557118055555,0.0015));
#13892=CARTESIAN_POINT('',(-0.318909722222223,0.249557118055555,0.0015));
#13893=CARTESIAN_POINT('',(-0.318909722222223,0.249557118055555,0.0015));
#13894=CARTESIAN_POINT('',(-0.319425347222223,0.249676041666666,0.0015));
#13895=CARTESIAN_POINT('',(-0.320130208333334,0.249688194444445,0.0015));
#13896=CARTESIAN_POINT('',(-0.320130208333334,0.249688194444445,0.0015));
#13897=CARTESIAN_POINT('',(-0.320130208333334,0.249688194444445,0.0015));
#13898=CARTESIAN_POINT('',(-0.320835069444444,0.249676041666666,0.0015));
#13899=CARTESIAN_POINT('',(-0.3213671875,0.249557118055555,0.0015));
#13900=CARTESIAN_POINT('',(-0.3213671875,0.249557118055555,0.0015));
#13901=CARTESIAN_POINT('',(-0.3213671875,0.249557118055555,0.0015));
#13902=CARTESIAN_POINT('',(-0.321899305555556,0.249438194444445,0.0015));
#13903=CARTESIAN_POINT('',(-0.322283854166666,0.249226388888889,0.0015));
#13904=CARTESIAN_POINT('',(-0.322283854166666,0.249226388888889,0.0015));
#13905=CARTESIAN_POINT('',(-0.322283854166666,0.249226388888889,0.0015));
#13906=CARTESIAN_POINT('',(-0.322668402777778,0.249014583333334,0.0015));
#13907=CARTESIAN_POINT('',(-0.322896701388889,0.248737673611111,0.0015));
#13908=CARTESIAN_POINT('',(-0.322896701388889,0.248737673611111,0.0015));
#13909=CARTESIAN_POINT('',(-0.321687311822531,0.24771863943712,0.0015));
#13910=CARTESIAN_POINT('',(-0.323212179974582,0.248136111111111,0.0015));
#13911=CARTESIAN_POINT('',(-0.323705729166667,0.248136111111111,0.0015));
#13912=CARTESIAN_POINT('',(-0.324199346977559,0.248136111111111,0.0015));
#13913=CARTESIAN_POINT('',(-0.321117495283703,0.247768573422017,0.0015));
#13914=CARTESIAN_POINT('',(-0.323824802168306,0.249286369078011,0.0015));
#13915=CARTESIAN_POINT('',(-0.321305682367534,0.247863907155735,0.0015));
#13916=CARTESIAN_POINT('',(-0.320487847222223,0.247691666666667,0.0015));
#13917=CARTESIAN_POINT('',(-0.320932291666667,0.247691666666667,0.0015));
#13918=CARTESIAN_POINT('',(-0.320043402777778,0.247691666666667,0.0015));
#13919=CARTESIAN_POINT('',(-0.320043402777778,0.246367881944445,0.0015));
#13920=CARTESIAN_POINT('',(-0.320043402777778,0.245044097222222,0.0015));
#13921=CARTESIAN_POINT('',(-0.321589409722222,0.245044097222222,0.0015));
#13922=CARTESIAN_POINT('',(-0.323134666926295,0.245044097222222,0.0015));
#13923=CARTESIAN_POINT('',(-0.321706206903253,0.246885252414078,0.0015));
#13924=CARTESIAN_POINT('',(-0.323651190464167,0.245602158442893,0.00149999975));
#13925=CARTESIAN_POINT('',(-0.320761696931337,0.247484288340666,0.0015));
#13926=CARTESIAN_POINT('',(-0.323982653483426,0.246253293037317,0.00149999975));
#13927=CARTESIAN_POINT('',(-0.320859920328801,0.247444820995423,0.0015));
#13928=CARTESIAN_POINT('',(-0.324166634391545,0.246958164540226,0.0015));
#13929=CARTESIAN_POINT('',(-0.319298059588858,0.247684941400261,0.0015));
#13930=CARTESIAN_POINT('',(-0.324220516158009,0.247679513855759,0.00149999975));
#13931=CARTESIAN_POINT('',(-0.324220486111111,0.247685590277778,0.0015));
#13932=CARTESIAN_POINT('',(-0.324220486111111,0.247691666666667,0.0015));
#13933=CARTESIAN_POINT('',(-0.323743055555555,0.247691666666667,0.0015));
#13934=CARTESIAN_POINT('',(-0.323265855037652,0.247691666666667,0.0015));
#13935=CARTESIAN_POINT('',(-0.319398158324917,0.247735394852965,0.0015));
#13936=CARTESIAN_POINT('',(-0.323249060482436,0.24737136123894,0.00149999975));
#13937=CARTESIAN_POINT('',(-0.319216369499923,0.247729085573022,0.0015));
#13938=CARTESIAN_POINT('',(-0.323195268059598,0.246980737293924,0.0015));
#13939=CARTESIAN_POINT('',(-0.32082570634785,0.247414082584811,0.0015));
#13940=CARTESIAN_POINT('',(-0.323092881944445,0.246600520833334,0.0015));
#13941=CARTESIAN_POINT('',(-0.323092881944445,0.246600520833334,0.0015));
#13942=CARTESIAN_POINT('',(-0.323027777777778,0.246420833333334,0.0015));
#13943=CARTESIAN_POINT('',(-0.322907986111111,0.246334027777778,0.0015));
#13944=CARTESIAN_POINT('',(-0.322907986111111,0.246334027777778,0.0015));
#13945=CARTESIAN_POINT('',(-0.321920138888889,0.246334027777778,0.0015));
#13946=CARTESIAN_POINT('',(-0.320932291666666,0.246334027777778,0.0015));
#13947=CARTESIAN_POINT('',(-0.320932291666666,0.247012847222222,0.0015));
#13948=CARTESIAN_POINT('',(-0.324166666666666,0.242535416666667,0.0015));
#13949=CARTESIAN_POINT('',(-0.324166666666666,0.241884375,0.0015));
#13950=CARTESIAN_POINT('',(-0.324166666666666,0.243186458333333,0.0015));
#13951=CARTESIAN_POINT('',(-0.320168402777778,0.243186458333333,0.0015));
#13952=CARTESIAN_POINT('',(-0.316170138888889,0.243186458333333,0.0015));
#13953=CARTESIAN_POINT('',(-0.316170138888889,0.242535416666667,0.0015));
#13954=CARTESIAN_POINT('',(-0.316170138888889,0.241884375,0.0015));
#13955=CARTESIAN_POINT('',(-0.320168402777778,0.241884375,0.0015));
#13956=CARTESIAN_POINT('',(-0.31880300327238,0.240505574629629,0.0015));
#13957=CARTESIAN_POINT('',(-0.320119791666666,0.238499826388889,0.0015));
#13958=CARTESIAN_POINT('',(-0.321019097222222,0.239584027777778,0.0015));
#13959=CARTESIAN_POINT('',(-0.322592881944445,0.238672569444445,0.0015));
#13960=CARTESIAN_POINT('',(-0.324166666666666,0.237761111111111,0.0015));
#13961=CARTESIAN_POINT('',(-0.324166666666666,0.238450347222222,0.0015));
#13962=CARTESIAN_POINT('',(-0.324166666666666,0.239139583333333,0.0015));
#13963=CARTESIAN_POINT('',(-0.322717881944445,0.239893923611111,0.0015));
#13964=CARTESIAN_POINT('',(-0.321269069232253,0.240648278462381,0.0015));
#13965=CARTESIAN_POINT('',(-0.321780051446755,0.240645363760784,0.0015));
#13966=CARTESIAN_POINT('',(-0.321274418513544,0.24071856478862,0.0015));
#13967=CARTESIAN_POINT('',(-0.32033150296709,0.24081539790495,0.0015));
#13968=CARTESIAN_POINT('',(-0.321279427293516,0.240832290123518,0.00149999975));
#13969=CARTESIAN_POINT('',(-0.321279513888889,0.241224869791667,0.0015));
#13970=CARTESIAN_POINT('',(-0.321279513888889,0.241439930555555,0.0015));
#13971=CARTESIAN_POINT('',(-0.320802083333334,0.241439930555555,0.0015));
#13972=CARTESIAN_POINT('',(-0.320324652777778,0.241439930555555,0.0015));
#13973=CARTESIAN_POINT('',(-0.320324652777778,0.241071006944444,0.0015));
#13974=CARTESIAN_POINT('',(-0.32032474234116,0.24070208292391,0.0015));
#13975=CARTESIAN_POINT('',(-0.318845009380724,0.24070884726324,0.0015));
#13976=CARTESIAN_POINT('',(-0.320243947894338,0.240225512616493,0.00149999975));
#13977=CARTESIAN_POINT('',(-0.319133918290655,0.240608274003734,0.0015));
#13978=CARTESIAN_POINT('',(-0.319978298611111,0.239791493055555,0.0015));
#13979=CARTESIAN_POINT('',(-0.319978298611111,0.239791493055555,0.0015));
#13980=CARTESIAN_POINT('',(-0.319793402777778,0.239596180555555,0.0015));
#13981=CARTESIAN_POINT('',(-0.319462673611111,0.239476388888889,0.0015));
#13982=CARTESIAN_POINT('',(-0.319462673611111,0.239476388888889,0.0015));
#13983=CARTESIAN_POINT('',(-0.319462673611111,0.239476388888889,0.0015));
#13984=CARTESIAN_POINT('',(-0.319131944444444,0.239356597222222,0.0015));
#13985=CARTESIAN_POINT('',(-0.318644097222223,0.239356597222222,0.0015));
#13986=CARTESIAN_POINT('',(-0.318644097222223,0.239356597222222,0.0015));
#13987=CARTESIAN_POINT('',(-0.318687595589712,0.241559803529566,0.0015));
#13988=CARTESIAN_POINT('',(-0.318192723418969,0.239411344990588,0.00149999975));
#13989=CARTESIAN_POINT('',(-0.318476463274284,0.240675447806548,0.0015));
#13990=CARTESIAN_POINT('',(-0.317704861111111,0.239633506944444,0.0015));
#13991=CARTESIAN_POINT('',(-0.317704861111111,0.239633506944444,0.0015));
#13992=CARTESIAN_POINT('',(-0.317472222222223,0.239801041666666,0.0015));
#13993=CARTESIAN_POINT('',(-0.317314236111111,0.240104861111111,0.0015));
#13994=CARTESIAN_POINT('',(-0.317314236111111,0.240104861111111,0.0015));
#13995=CARTESIAN_POINT('',(-0.317314236111111,0.240104861111111,0.0015));
#13996=CARTESIAN_POINT('',(-0.31715625,0.240408680555556,0.0015));
#13997=CARTESIAN_POINT('',(-0.31715625,0.240908680555555,0.0015));
#13998=CARTESIAN_POINT('',(-0.31715625,0.240908680555555,0.0015));
#13999=CARTESIAN_POINT('',(-0.31715625,0.241174305555555,0.0015));
#14000=CARTESIAN_POINT('',(-0.31715625,0.241439930555555,0.0015));
#14001=CARTESIAN_POINT('',(-0.316663194444444,0.241439930555555,0.0015));
#14002=CARTESIAN_POINT('',(-0.316170138888889,0.241439930555555,0.0015));
#14003=CARTESIAN_POINT('',(-0.316170138888889,0.241163020833334,0.0015));
#14004=CARTESIAN_POINT('',(-0.316170049341397,0.240886110939544,0.0015));
#14005=CARTESIAN_POINT('',(-0.319409631849779,0.240892317762454,0.0015));
#14006=CARTESIAN_POINT('',(-0.316332643158748,0.239878584981267,0.0015));
#14007=CARTESIAN_POINT('',(-0.31893041909215,0.240711175357114,0.0015));
#14008=CARTESIAN_POINT('',(-0.316820265852345,0.238982427037584,0.00149999975));
#14009=CARTESIAN_POINT('',(-0.318788820163472,0.240597172707424,0.0015));
#14010=CARTESIAN_POINT('',(-0.317606770833333,0.238341840277778,0.0015));
#14011=CARTESIAN_POINT('',(-0.317606770833333,0.238341840277778,0.0015));
#14012=CARTESIAN_POINT('',(-0.318067708333334,0.238097916666666,0.0015));
#14013=CARTESIAN_POINT('',(-0.318644097222223,0.238097916666666,0.0015));
#14014=CARTESIAN_POINT('',(-0.318644097222223,0.238097916666666,0.0015));
#14015=CARTESIAN_POINT('',(-0.318644097222223,0.238097916666666,0.0015));
#14016=CARTESIAN_POINT('',(-0.319512152777778,0.238097916666666,0.0015));
#14017=CARTESIAN_POINT('',(-0.320119791666666,0.238499826388889,0.0015));
#14018=CARTESIAN_POINT('',(-0.324166666666666,0.2908453125,0.0015));
#14019=CARTESIAN_POINT('',(-0.324166666666666,0.290182986111111,0.0015));
#14020=CARTESIAN_POINT('',(-0.324166666666666,0.291507638888889,0.0015));
#14021=CARTESIAN_POINT('',(-0.320168402777778,0.291507638888889,0.0015));
#14022=CARTESIAN_POINT('',(-0.316170138888889,0.291507638888889,0.0015));
#14023=CARTESIAN_POINT('',(-0.316170138888889,0.2908453125,0.0015));
#14024=CARTESIAN_POINT('',(-0.316170138888889,0.290182986111111,0.0015));
#14025=CARTESIAN_POINT('',(-0.318638020833334,0.289109201388889,0.0015));
#14026=CARTESIAN_POINT('',(-0.321105902777778,0.288035416666666,0.0015));
#14027=CARTESIAN_POINT('',(-0.322110243055556,0.288035416666666,0.0015));
#14028=CARTESIAN_POINT('',(-0.323114583333334,0.288035416666666,0.0015));
#14029=CARTESIAN_POINT('',(-0.323114583333334,0.288209027777778,0.0015));
#14030=CARTESIAN_POINT('',(-0.323114583333334,0.288382638888889,0.0015));
#14031=CARTESIAN_POINT('',(-0.320889756944445,0.2892828125,0.0015));
#14032=CARTESIAN_POINT('',(-0.318664930555556,0.290182986111111,0.0015));
#14033=CARTESIAN_POINT('',(-0.321415798611111,0.290182986111111,0.0015));
#14034=CARTESIAN_POINT('',(-0.322121527777778,0.287590972222223,0.0015));
#14035=CARTESIAN_POINT('',(-0.323114583333334,0.287590972222223,0.0015));
#14036=CARTESIAN_POINT('',(-0.321128472222223,0.287590972222223,0.0015));
#14037=CARTESIAN_POINT('',(-0.318649305555555,0.286516319444445,0.0015));
#14038=CARTESIAN_POINT('',(-0.316170138888889,0.285441666666666,0.0015));
#14039=CARTESIAN_POINT('',(-0.316170138888889,0.284780208333334,0.0015));
#14040=CARTESIAN_POINT('',(-0.316170138888889,0.28411875,0.0015));
#14041=CARTESIAN_POINT('',(-0.320168402777778,0.28411875,0.0015));
#14042=CARTESIAN_POINT('',(-0.324166666666666,0.28411875,0.0015));
#14043=CARTESIAN_POINT('',(-0.324166666666666,0.284780208333334,0.0015));
#14044=CARTESIAN_POINT('',(-0.324166666666666,0.285441666666666,0.0015));
#14045=CARTESIAN_POINT('',(-0.321415798611111,0.285441666666666,0.0015));
#14046=CARTESIAN_POINT('',(-0.318664930555556,0.285441666666666,0.0015));
#14047=CARTESIAN_POINT('',(-0.320889756944445,0.286336631944445,0.0015));
#14048=CARTESIAN_POINT('',(-0.323114583333334,0.287231597222222,0.0015));
#14049=CARTESIAN_POINT('',(-0.323114583333334,0.287411284722222,0.0015));
#14050=CARTESIAN_POINT('',(-0.324166666666666,0.281427777777778,0.0015));
#14051=CARTESIAN_POINT('',(-0.324166666666666,0.280766319444444,0.0015));
#14052=CARTESIAN_POINT('',(-0.324166666666666,0.282089236111111,0.0015));
#14053=CARTESIAN_POINT('',(-0.320168402777778,0.282089236111111,0.0015));
#14054=CARTESIAN_POINT('',(-0.316170138888889,0.282089236111111,0.0015));
#14055=CARTESIAN_POINT('',(-0.316170138888889,0.281427777777778,0.0015));
#14056=CARTESIAN_POINT('',(-0.316170138888889,0.280766319444444,0.0015));
#14057=CARTESIAN_POINT('',(-0.320168402777778,0.280766319444444,0.0015));
#14058=CARTESIAN_POINT('',(-0.319673611111111,0.278872222222223,0.0015));
#14059=CARTESIAN_POINT('',(-0.319673611111111,0.280320138888889,0.0015));
#14060=CARTESIAN_POINT('',(-0.319673611111111,0.277424305555555,0.0015));
#14061=CARTESIAN_POINT('',(-0.320118923611111,0.277424305555555,0.0015));
#14062=CARTESIAN_POINT('',(-0.320564236111111,0.277424305555555,0.0015));
#14063=CARTESIAN_POINT('',(-0.320564236111111,0.278872222222223,0.0015));
#14064=CARTESIAN_POINT('',(-0.320564236111111,0.280320138888889,0.0015));
#14065=CARTESIAN_POINT('',(-0.320118923611111,0.280320138888889,0.0015));
#14066=CARTESIAN_POINT('',(-0.324166666666666,0.278703819444445,0.0015));
#14067=CARTESIAN_POINT('',(-0.324166666666666,0.2770875,0.0015));
#14068=CARTESIAN_POINT('',(-0.324166666666666,0.280320138888889,0.0015));
#14069=CARTESIAN_POINT('',(-0.323672743055555,0.280320138888889,0.0015));
#14070=CARTESIAN_POINT('',(-0.323178819444444,0.280320138888889,0.0015));
#14071=CARTESIAN_POINT('',(-0.323178819444444,0.278703819444445,0.0015));
#14072=CARTESIAN_POINT('',(-0.323178819444444,0.2770875,0.0015));
#14073=CARTESIAN_POINT('',(-0.323672743055555,0.2770875,0.0015));
#14074=CARTESIAN_POINT('',(-0.316663194444444,0.280320138888889,0.0015));
#14075=CARTESIAN_POINT('',(-0.31715625,0.280320138888889,0.0015));
#14076=CARTESIAN_POINT('',(-0.316170138888889,0.280320138888889,0.0015));
#14077=CARTESIAN_POINT('',(-0.316170138888889,0.278703819444445,0.0015));
#14078=CARTESIAN_POINT('',(-0.316170138888889,0.2770875,0.0015));
#14079=CARTESIAN_POINT('',(-0.316663194444444,0.2770875,0.0015));
#14080=CARTESIAN_POINT('',(-0.31715625,0.2770875,0.0015));
#14081=CARTESIAN_POINT('',(-0.31715625,0.278703819444445,0.0015));
#14082=CARTESIAN_POINT('',(-0.316614583333334,0.275752430555555,0.0015));
#14083=CARTESIAN_POINT('',(-0.317059027777778,0.275752430555555,0.0015));
#14084=CARTESIAN_POINT('',(-0.316170138888889,0.275752430555555,0.0015));
#14085=CARTESIAN_POINT('',(-0.316170138888889,0.272709027777778,0.0015));
#14086=CARTESIAN_POINT('',(-0.316170138888889,0.269665625,0.0015));
#14087=CARTESIAN_POINT('',(-0.316614583333334,0.269665625,0.0015));
#14088=CARTESIAN_POINT('',(-0.317059027777778,0.269665625,0.0015));
#14089=CARTESIAN_POINT('',(-0.317059027777778,0.270859201388889,0.0015));
#14090=CARTESIAN_POINT('',(-0.317059027777778,0.272052777777778,0.0015));
#14091=CARTESIAN_POINT('',(-0.320612847222222,0.272052777777778,0.0015));
#14092=CARTESIAN_POINT('',(-0.324166666666666,0.272052777777778,0.0015));
#14093=CARTESIAN_POINT('',(-0.324166666666666,0.272709027777778,0.0015));
#14094=CARTESIAN_POINT('',(-0.324166666666666,0.273365277777778,0.0015));
#14095=CARTESIAN_POINT('',(-0.320612847222222,0.273365277777778,0.0015));
#14096=CARTESIAN_POINT('',(-0.317059027777778,0.273365277777778,0.0015));
#14097=CARTESIAN_POINT('',(-0.317059027777778,0.274558854166667,0.0015));
#14098=CARTESIAN_POINT('',(-0.324166666666666,0.267483333333334,0.0015));
#14099=CARTESIAN_POINT('',(-0.324166666666666,0.266832291666666,0.0015));
#14100=CARTESIAN_POINT('',(-0.324166666666666,0.268134375,0.0015));
#14101=CARTESIAN_POINT('',(-0.320168402777778,0.268134375,0.0015));
#14102=CARTESIAN_POINT('',(-0.316170138888889,0.268134375,0.0015));
#14103=CARTESIAN_POINT('',(-0.316170138888889,0.267483333333334,0.0015));
#14104=CARTESIAN_POINT('',(-0.316170138888889,0.266832291666666,0.0015));
#14105=CARTESIAN_POINT('',(-0.320168402777778,0.266832291666666,0.0015));
#14106=CARTESIAN_POINT('',(-0.322121527777778,0.296976388888889,0.0015));
#14107=CARTESIAN_POINT('',(-0.323114583333334,0.296976388888889,0.0015));
#14108=CARTESIAN_POINT('',(-0.321128472222223,0.296976388888889,0.0015));
#14109=CARTESIAN_POINT('',(-0.318649305555555,0.295901736111111,0.0015));
#14110=CARTESIAN_POINT('',(-0.316170138888889,0.294827083333334,0.0015));
#14111=CARTESIAN_POINT('',(-0.316170138888889,0.294165625,0.0015));
#14112=CARTESIAN_POINT('',(-0.316170138888889,0.293504166666667,0.0015));
#14113=CARTESIAN_POINT('',(-0.320168402777778,0.293504166666667,0.0015));
#14114=CARTESIAN_POINT('',(-0.324166666666666,0.293504166666667,0.0015));
#14115=CARTESIAN_POINT('',(-0.324166666666666,0.294165625,0.0015));
#14116=CARTESIAN_POINT('',(-0.324166666666666,0.294827083333334,0.0015));
#14117=CARTESIAN_POINT('',(-0.321415798611111,0.294827083333334,0.0015));
#14118=CARTESIAN_POINT('',(-0.318664930555556,0.294827083333334,0.0015));
#14119=CARTESIAN_POINT('',(-0.320889756944445,0.295722048611111,0.0015));
#14120=CARTESIAN_POINT('',(-0.323114583333334,0.296617013888889,0.0015));
#14121=CARTESIAN_POINT('',(-0.323114583333334,0.296796701388889,0.0015));
#14122=CARTESIAN_POINT('',(-0.324166666666666,0.300230729166666,0.0015));
#14123=CARTESIAN_POINT('',(-0.324166666666666,0.299568402777778,0.0015));
#14124=CARTESIAN_POINT('',(-0.324166666666666,0.300893055555556,0.0015));
#14125=CARTESIAN_POINT('',(-0.320168402777778,0.300893055555556,0.0015));
#14126=CARTESIAN_POINT('',(-0.316170138888889,0.300893055555556,0.0015));
#14127=CARTESIAN_POINT('',(-0.316170138888889,0.300230729166666,0.0015));
#14128=CARTESIAN_POINT('',(-0.316170138888889,0.299568402777778,0.0015));
#14129=CARTESIAN_POINT('',(-0.318638020833334,0.298494618055555,0.0015));
#14130=CARTESIAN_POINT('',(-0.321105902777778,0.297420833333334,0.0015));
#14131=CARTESIAN_POINT('',(-0.322110243055556,0.297420833333334,0.0015));
#14132=CARTESIAN_POINT('',(-0.323114583333334,0.297420833333334,0.0015));
#14133=CARTESIAN_POINT('',(-0.323114583333334,0.297594444444444,0.0015));
#14134=CARTESIAN_POINT('',(-0.323114583333334,0.297768055555555,0.0015));
#14135=CARTESIAN_POINT('',(-0.320889756944445,0.298668229166667,0.0015));
#14136=CARTESIAN_POINT('',(-0.318664930555556,0.299568402777778,0.0015));
#14137=CARTESIAN_POINT('',(-0.321415798611111,0.299568402777778,0.0015));
#14138=CARTESIAN_POINT('',(-0.322831597222223,0.306155208333334,0.0015));
#14139=CARTESIAN_POINT('',(-0.324166666666666,0.306155208333334,0.0015));
#14140=CARTESIAN_POINT('',(-0.321496527777778,0.306155208333334,0.0015));
#14141=CARTESIAN_POINT('',(-0.318833333333334,0.3050484375,0.0015));
#14142=CARTESIAN_POINT('',(-0.316170138888889,0.303941666666666,0.0015));
#14143=CARTESIAN_POINT('',(-0.316170138888889,0.303198611111111,0.0015));
#14144=CARTESIAN_POINT('',(-0.316170138888889,0.302455555555555,0.0015));
#14145=CARTESIAN_POINT('',(-0.318540798611111,0.303643923611111,0.0015));
#14146=CARTESIAN_POINT('',(-0.320911458333334,0.304832291666666,0.0015));
#14147=CARTESIAN_POINT('',(-0.3225390625,0.304832291666666,0.0015));
#14148=CARTESIAN_POINT('',(-0.324166666666666,0.304832291666666,0.0015));
#14149=CARTESIAN_POINT('',(-0.324166666666666,0.30549375,0.0015));
#14150=CARTESIAN_POINT('',(-0.3184375,0.307360069444444,0.0015));
#14151=CARTESIAN_POINT('',(-0.320704861111111,0.306307986111111,0.0015));
#14152=CARTESIAN_POINT('',(-0.316170138888889,0.308412152777778,0.0015));
#14153=CARTESIAN_POINT('',(-0.316170138888889,0.307669097222223,0.0015));
#14154=CARTESIAN_POINT('',(-0.316170138888889,0.306926041666666,0.0015));
#14155=CARTESIAN_POINT('',(-0.3177265625,0.306323611111111,0.0015));
#14156=CARTESIAN_POINT('',(-0.319282986111111,0.305721180555555,0.0015));
#14157=CARTESIAN_POINT('',(-0.319993923611111,0.306014583333334,0.0015));
#14158=CARTESIAN_POINT('',(-0.312765218126923,0.318345452939938,0.0015));
#14159=CARTESIAN_POINT('',(-0.317053818216492,0.310008509456085,0.0015));
#14160=CARTESIAN_POINT('',(-0.317297688544112,0.310138820728418,0.00149999999999912));
#14161=CARTESIAN_POINT('',(-0.316709301411113,0.311259805438471,0.0015));
#14162=CARTESIAN_POINT('',(-0.31740625,0.310203819444444,0.0015));
#14163=CARTESIAN_POINT('',(-0.31682060893699,0.30994755030331,0.0015));
#14164=CARTESIAN_POINT('',(-0.317330444550533,0.310333828495669,0.0015));
#14165=CARTESIAN_POINT('',(-0.318072817113851,0.310815121174913,0.0015));
#14166=CARTESIAN_POINT('',(-0.317227442948447,0.310551043797427,0.00149999975));
#14167=CARTESIAN_POINT('',(-0.319233363595964,0.311190633315284,0.0015));
#14168=CARTESIAN_POINT('',(-0.317145833333334,0.310908680555555,0.0015));
#14169=CARTESIAN_POINT('',(-0.317145833333334,0.310908680555555,0.0015));
#14170=CARTESIAN_POINT('',(-0.317112847222222,0.311125694444444,0.0015));
#14171=CARTESIAN_POINT('',(-0.317135416666667,0.3114625,0.0015));
#14172=CARTESIAN_POINT('',(-0.317135416666667,0.3114625,0.0015));
#14173=CARTESIAN_POINT('',(-0.316587673611111,0.3114625,0.0015));
#14174=CARTESIAN_POINT('',(-0.316039762357947,0.3114625,0.0015));
#14175=CARTESIAN_POINT('',(-0.322054397502079,0.311607783085995,0.0015));
#14176=CARTESIAN_POINT('',(-0.316142361111111,0.310491145833334,0.0015));
#14177=CARTESIAN_POINT('',(-0.316142361111111,0.310491145833334,0.0015));
#14178=CARTESIAN_POINT('',(-0.316234375,0.309997222222223,0.0015));
#14179=CARTESIAN_POINT('',(-0.316430555555555,0.309693402777778,0.0015));
#14180=CARTESIAN_POINT('',(-0.316430555555555,0.309693402777778,0.0015));
#14181=CARTESIAN_POINT('',(-0.312438237355526,0.318151165750697,0.0015));
#14182=CARTESIAN_POINT('',(-0.316739583357281,0.309846180437367,0.0015));
#14183=CARTESIAN_POINT('',(-0.240076292414335,0.270244290684035,0.0015));
#14184=CARTESIAN_POINT('',(-0.318039629483411,0.311681002617638,0.0015));
#14185=CARTESIAN_POINT('',(-0.319761317440284,0.313275030242424,0.00149999975));
#14186=CARTESIAN_POINT('',(-0.319131944444444,0.313757638888889,0.0015));
#14187=CARTESIAN_POINT('',(-0.319131944444444,0.313757638888889,0.0015));
#14188=CARTESIAN_POINT('',(-0.318774305555555,0.313946875,0.0015));
#14189=CARTESIAN_POINT('',(-0.318274305555555,0.313946875,0.0015));
#14190=CARTESIAN_POINT('',(-0.318274305555555,0.313946875,0.0015));
#14191=CARTESIAN_POINT('',(-0.318274305555555,0.313946875,0.0015));
#14192=CARTESIAN_POINT('',(-0.317796875,0.313946875,0.0015));
#14193=CARTESIAN_POINT('',(-0.317417534722223,0.313784548611111,0.0015));
#14194=CARTESIAN_POINT('',(-0.317417534722223,0.313784548611111,0.0015));
#14195=CARTESIAN_POINT('',(-0.318275753607584,0.3117513650386,0.0015));
#14196=CARTESIAN_POINT('',(-0.316749946558134,0.313345368095872,0.00149999975));
#14197=CARTESIAN_POINT('',(-0.31817918857476,0.311860936148438,0.0015));
#14198=CARTESIAN_POINT('',(-0.316294347617424,0.312694237161076,0.00149999975));
#14199=CARTESIAN_POINT('',(-0.318888940978483,0.311534418505329,0.0015));
#14200=CARTESIAN_POINT('',(-0.31607129242738,0.311906944444445,0.0015));
#14201=CARTESIAN_POINT('',(-0.316641493055556,0.311906944444445,0.0015));
#14202=CARTESIAN_POINT('',(-0.317211758818637,0.311906944444445,0.0015));
#14203=CARTESIAN_POINT('',(-0.318343146852494,0.311525463740783,0.0015));
#14204=CARTESIAN_POINT('',(-0.317628472222223,0.312482465277778,0.0015));
#14205=CARTESIAN_POINT('',(-0.317628472222223,0.312482465277778,0.0015));
#14206=CARTESIAN_POINT('',(-0.317927083333334,0.312710763888889,0.0015));
#14207=CARTESIAN_POINT('',(-0.318230902777778,0.312710763888889,0.0015));
#14208=CARTESIAN_POINT('',(-0.318230902777778,0.312710763888889,0.0015));
#14209=CARTESIAN_POINT('',(-0.318230902777778,0.312710763888889,0.0015));
#14210=CARTESIAN_POINT('',(-0.318654513888889,0.312710763888889,0.0015));
#14211=CARTESIAN_POINT('',(-0.318914930555555,0.312482465277778,0.0015));
#14212=CARTESIAN_POINT('',(-0.318914930555555,0.312482465277778,0.0015));
#14213=CARTESIAN_POINT('',(-0.317469094363377,0.310877907944482,0.0015));
#14214=CARTESIAN_POINT('',(-0.319368915640642,0.311906944444445,0.0015));
#14215=CARTESIAN_POINT('',(-0.319988715277778,0.311906944444445,0.0015));
#14216=CARTESIAN_POINT('',(-0.320607638888889,0.311906944444445,0.0015));
#14217=CARTESIAN_POINT('',(-0.308666016193925,0.306130977395612,0.0015));
#14218=CARTESIAN_POINT('',(-0.320233456782189,0.312623930385421,0.0015));
#14219=CARTESIAN_POINT('',(-0.317260870667332,0.310965654854757,0.0015));
#14220=CARTESIAN_POINT('',(-0.322278116937622,0.312847807423856,0.0015));
#14221=CARTESIAN_POINT('',(-0.323911305765434,0.31356226005569,0.0014999999999995));
#14222=CARTESIAN_POINT('',(-0.323635855402406,0.314002538200756,0.0015));
#14223=CARTESIAN_POINT('',(-0.323168402777778,0.313887847222223,0.0015));
#14224=CARTESIAN_POINT('',(-0.32270198666328,0.313773410554725,0.0015));
#14225=CARTESIAN_POINT('',(-0.320643216975129,0.312649616159176,0.0015));
#14226=CARTESIAN_POINT('',(-0.322869556752293,0.31338863958154,0.0015));
#14227=CARTESIAN_POINT('',(-0.315046203311561,0.310662052252874,0.0015));
#14228=CARTESIAN_POINT('',(-0.32302168710508,0.312906072352726,0.00149999975000004));
#14229=CARTESIAN_POINT('',(-0.318248192112637,0.311555580729609,0.0015));
#14230=CARTESIAN_POINT('',(-0.323135298715808,0.31240692278014,0.0015));
#14231=CARTESIAN_POINT('',(-0.32043280226764,0.311917108016899,0.0015));
#14232=CARTESIAN_POINT('',(-0.323178955607905,0.311939931687229,0.00149999975));
#14233=CARTESIAN_POINT('',(-0.323178819444444,0.3119234375,0.0015));
#14234=CARTESIAN_POINT('',(-0.323178819444444,0.311906944444445,0.0015));
#14235=CARTESIAN_POINT('',(-0.323694444444445,0.311906944444445,0.0015));
#14236=CARTESIAN_POINT('',(-0.324210069444444,0.311906944444445,0.0015));
#14237=CARTESIAN_POINT('',(-0.324210069444444,0.311918229166667,0.0015));
#14238=CARTESIAN_POINT('',(-0.324210106159939,0.311929513958857,0.0015));
#14239=CARTESIAN_POINT('',(-0.318650670590513,0.311918919448532,0.0015));
#14240=CARTESIAN_POINT('',(-0.324183154061236,0.312466839694579,0.00149999975));
#14241=CARTESIAN_POINT('',(-0.319843434936524,0.312038649796151,0.0015));
#14242=CARTESIAN_POINT('',(-0.324091100324217,0.31302585765277,0.0015));
#14243=CARTESIAN_POINT('',(-0.32128535006644,0.312385334938818,0.0015));
#14244=CARTESIAN_POINT('',(-0.321323784722223,0.310822743055556,0.0015));
#14245=CARTESIAN_POINT('',(-0.321074652777778,0.311071875,0.0015));
#14246=CARTESIAN_POINT('',(-0.320857638888889,0.3114625,0.0015));
#14247=CARTESIAN_POINT('',(-0.321323784722223,0.310822743055556,0.0015));
#14248=CARTESIAN_POINT('',(-0.320857638888889,0.3114625,0.0015));
#14249=CARTESIAN_POINT('',(-0.320222222222223,0.3114625,0.0015));
#14250=CARTESIAN_POINT('',(-0.319586805555555,0.3114625,0.0015));
#14251=CARTESIAN_POINT('',(-0.343458153641618,0.322371270415353,0.0015));
#14252=CARTESIAN_POINT('',(-0.319934972166125,0.310730766676704,0.0015));
#14253=CARTESIAN_POINT('',(-0.322748543001619,0.312110408292276,0.0015));
#14254=CARTESIAN_POINT('',(-0.320385295176019,0.310052670569249,0.0015));
#14255=CARTESIAN_POINT('',(-0.322003578406118,0.311480712715442,0.0015));
#14256=CARTESIAN_POINT('',(-0.321030381944444,0.309553645833334,0.0015));
#14257=CARTESIAN_POINT('',(-0.321030381944444,0.309553645833334,0.0015));
#14258=CARTESIAN_POINT('',(-0.321409722222223,0.309358333333334,0.0015));
#14259=CARTESIAN_POINT('',(-0.321973958333334,0.309358333333334,0.0015));
#14260=CARTESIAN_POINT('',(-0.321973958333334,0.309358333333334,0.0015));
#14261=CARTESIAN_POINT('',(-0.321974057119054,0.311405945827292,0.0015));
#14262=CARTESIAN_POINT('',(-0.322733480331359,0.309504233260163,0.00149999975));
#14263=CARTESIAN_POINT('',(-0.321918053342668,0.311570279369594,0.0015));
#14264=CARTESIAN_POINT('',(-0.323401211696588,0.309916306629791,0.00149999999999975));
#14265=CARTESIAN_POINT('',(-0.321833616285527,0.311639808020191,0.0015));
#14266=CARTESIAN_POINT('',(-0.323906351546393,0.310573559666077,0.00149999975));
#14267=CARTESIAN_POINT('',(-0.32159460459675,0.311758194627463,0.0015));
#14268=CARTESIAN_POINT('',(-0.324176114031078,0.3114625,0.0015));
#14269=CARTESIAN_POINT('',(-0.32365625,0.3114625,0.0015));
#14270=CARTESIAN_POINT('',(-0.323135416666667,0.3114625,0.0015));
#14271=CARTESIAN_POINT('',(-0.323135416666667,0.3114625,0.0015));
#14272=CARTESIAN_POINT('',(-0.322918402777778,0.310573611111111,0.0015));
#14273=CARTESIAN_POINT('',(-0.321953125,0.310573611111111,0.0015));
#14274=CARTESIAN_POINT('',(-0.321953125,0.310573611111111,0.0015));
#14275=CARTESIAN_POINT('',(-0.321953125,0.310573611111111,0.0015));
#14276=CARTESIAN_POINT('',(-0.321572916666666,0.310573611111111,0.0015));
#14277=CARTESIAN_POINT('',(-0.321323784722223,0.310822743055556,0.0015));
#14278=CARTESIAN_POINT('',(-0.309219669939046,0.259408352407406,0.0015));
#14279=CARTESIAN_POINT('',(-0.310536458333334,0.257402604166666,0.0015));
#14280=CARTESIAN_POINT('',(-0.311435763888889,0.258486805555555,0.0015));
#14281=CARTESIAN_POINT('',(-0.313009548611111,0.257575347222222,0.0015));
#14282=CARTESIAN_POINT('',(-0.314583333333334,0.256663888888889,0.0015));
#14283=CARTESIAN_POINT('',(-0.314583333333334,0.257353125,0.0015));
#14284=CARTESIAN_POINT('',(-0.314583333333334,0.258042361111111,0.0015));
#14285=CARTESIAN_POINT('',(-0.313134548611111,0.258796701388889,0.0015));
#14286=CARTESIAN_POINT('',(-0.311685735898986,0.259551056240199,0.0015));
#14287=CARTESIAN_POINT('',(-0.312196718113358,0.259548141538562,0.0015));
#14288=CARTESIAN_POINT('',(-0.311691085180211,0.259621342566397,0.0015));
#14289=CARTESIAN_POINT('',(-0.310748169633627,0.259718175682729,0.0015));
#14290=CARTESIAN_POINT('',(-0.311696093960183,0.259735067901296,0.00149999975));
#14291=CARTESIAN_POINT('',(-0.311696180555555,0.260127647569445,0.0015));
#14292=CARTESIAN_POINT('',(-0.311696180555555,0.260342708333334,0.0015));
#14293=CARTESIAN_POINT('',(-0.31121875,0.260342708333334,0.0015));
#14294=CARTESIAN_POINT('',(-0.310741319444444,0.260342708333334,0.0015));
#14295=CARTESIAN_POINT('',(-0.310741319444444,0.259973784722222,0.0015));
#14296=CARTESIAN_POINT('',(-0.310741409007827,0.259604860701688,0.0015));
#14297=CARTESIAN_POINT('',(-0.309261676047379,0.259611625041018,0.0015));
#14298=CARTESIAN_POINT('',(-0.310660614561005,0.25912829039427,0.00149999975));
#14299=CARTESIAN_POINT('',(-0.309550584957314,0.259511051781517,0.0015));
#14300=CARTESIAN_POINT('',(-0.310394965277778,0.258694270833334,0.0015));
#14301=CARTESIAN_POINT('',(-0.310394965277778,0.258694270833334,0.0015));
#14302=CARTESIAN_POINT('',(-0.310210069444444,0.258498958333334,0.0015));
#14303=CARTESIAN_POINT('',(-0.309879340277778,0.258379166666666,0.0015));
#14304=CARTESIAN_POINT('',(-0.309879340277778,0.258379166666666,0.0015));
#14305=CARTESIAN_POINT('',(-0.309879340277778,0.258379166666666,0.0015));
#14306=CARTESIAN_POINT('',(-0.309548611111111,0.258259375,0.0015));
#14307=CARTESIAN_POINT('',(-0.309060763888889,0.258259375,0.0015));
#14308=CARTESIAN_POINT('',(-0.309060763888889,0.258259375,0.0015));
#14309=CARTESIAN_POINT('',(-0.309104262256382,0.260462581307368,0.0015));
#14310=CARTESIAN_POINT('',(-0.308609390085636,0.258314122768366,0.00149999975));
#14311=CARTESIAN_POINT('',(-0.30889312994095,0.259578225584321,0.0015));
#14312=CARTESIAN_POINT('',(-0.308121527777778,0.258536284722223,0.0015));
#14313=CARTESIAN_POINT('',(-0.308121527777778,0.258536284722223,0.0015));
#14314=CARTESIAN_POINT('',(-0.307888888888889,0.258703819444444,0.0015));
#14315=CARTESIAN_POINT('',(-0.307730902777778,0.259007638888889,0.0015));
#14316=CARTESIAN_POINT('',(-0.307730902777778,0.259007638888889,0.0015));
#14317=CARTESIAN_POINT('',(-0.307730902777778,0.259007638888889,0.0015));
#14318=CARTESIAN_POINT('',(-0.307572916666666,0.259311458333334,0.0015));
#14319=CARTESIAN_POINT('',(-0.307572916666666,0.259811458333334,0.0015));
#14320=CARTESIAN_POINT('',(-0.307572916666666,0.259811458333334,0.0015));
#14321=CARTESIAN_POINT('',(-0.307572916666666,0.260077083333334,0.0015));
#14322=CARTESIAN_POINT('',(-0.307572916666666,0.260342708333334,0.0015));
#14323=CARTESIAN_POINT('',(-0.307079861111111,0.260342708333334,0.0015));
#14324=CARTESIAN_POINT('',(-0.306586805555556,0.260342708333334,0.0015));
#14325=CARTESIAN_POINT('',(-0.306586805555556,0.260065798611111,0.0015));
#14326=CARTESIAN_POINT('',(-0.306586716008064,0.259788888717322,0.0015));
#14327=CARTESIAN_POINT('',(-0.309826298516446,0.259795095540232,0.0015));
#14328=CARTESIAN_POINT('',(-0.306749309825417,0.258781362759036,0.0015));
#14329=CARTESIAN_POINT('',(-0.309347085758833,0.2596139531349,0.0015));
#14330=CARTESIAN_POINT('',(-0.307236932519011,0.257885204815362,0.00149999975));
#14331=CARTESIAN_POINT('',(-0.309205486830138,0.2594999504852,0.0015));
#14332=CARTESIAN_POINT('',(-0.3080234375,0.257244618055555,0.0015));
#14333=CARTESIAN_POINT('',(-0.3080234375,0.257244618055555,0.0015));
#14334=CARTESIAN_POINT('',(-0.308484375,0.257000694444444,0.0015));
#14335=CARTESIAN_POINT('',(-0.309060763888889,0.257000694444444,0.0015));
#14336=CARTESIAN_POINT('',(-0.309060763888889,0.257000694444444,0.0015));
#14337=CARTESIAN_POINT('',(-0.309060763888889,0.257000694444444,0.0015));
#14338=CARTESIAN_POINT('',(-0.309928819444445,0.257000694444444,0.0015));
#14339=CARTESIAN_POINT('',(-0.310536458333334,0.257402604166666,0.0015));
#14340=CARTESIAN_POINT('',(-0.314583333333334,0.261438194444444,0.0015));
#14341=CARTESIAN_POINT('',(-0.314583333333334,0.260787152777778,0.0015));
#14342=CARTESIAN_POINT('',(-0.314583333333334,0.262089236111111,0.0015));
#14343=CARTESIAN_POINT('',(-0.310585069444444,0.262089236111111,0.0015));
#14344=CARTESIAN_POINT('',(-0.306586805555556,0.262089236111111,0.0015));
#14345=CARTESIAN_POINT('',(-0.306586805555556,0.261438194444444,0.0015));
#14346=CARTESIAN_POINT('',(-0.306586805555556,0.260787152777778,0.0015));
#14347=CARTESIAN_POINT('',(-0.310585069444444,0.260787152777778,0.0015));
#14348=CARTESIAN_POINT('',(-0.306597222222223,0.267174305555555,0.0015));
#14349=CARTESIAN_POINT('',(-0.306597222222223,0.267820138888889,0.0015));
#14350=CARTESIAN_POINT('',(-0.306597222222223,0.266528472222222,0.0015));
#14351=CARTESIAN_POINT('',(-0.310590277777778,0.265139583333334,0.0015));
#14352=CARTESIAN_POINT('',(-0.314583333333334,0.263750694444444,0.0015));
#14353=CARTESIAN_POINT('',(-0.314583333333334,0.2644234375,0.0015));
#14354=CARTESIAN_POINT('',(-0.314583333333334,0.265096180555556,0.0015));
#14355=CARTESIAN_POINT('',(-0.311588541666666,0.266132638888889,0.0015));
#14356=CARTESIAN_POINT('',(-0.30859375,0.267169097222222,0.0015));
#14357=CARTESIAN_POINT('',(-0.311588541666666,0.268215972222222,0.0015));
#14358=CARTESIAN_POINT('',(-0.314583333333334,0.269262847222222,0.0015));
#14359=CARTESIAN_POINT('',(-0.314583333333334,0.269940798611111,0.0015));
#14360=CARTESIAN_POINT('',(-0.314583333333334,0.27061875,0.0015));
#14361=CARTESIAN_POINT('',(-0.310590277777778,0.269219444444444,0.0015));
#14362=CARTESIAN_POINT('',(-0.312483506944445,0.268058854166667,0.0015));
#14363=CARTESIAN_POINT('',(-0.312923611111111,0.268210763888889,0.0015));
#14364=CARTESIAN_POINT('',(-0.312043402777778,0.267906944444444,0.0015));
#14365=CARTESIAN_POINT('',(-0.312043402777778,0.267179513888889,0.0015));
#14366=CARTESIAN_POINT('',(-0.312043402777778,0.266452083333334,0.0015));
#14367=CARTESIAN_POINT('',(-0.312483506944445,0.266294965277778,0.0015));
#14368=CARTESIAN_POINT('',(-0.312923611111111,0.266137847222222,0.0015));
#14369=CARTESIAN_POINT('',(-0.312923611111111,0.267174305555555,0.0015));
#14370=CARTESIAN_POINT('',(-0.30703125,0.277943402777778,0.0015));
#14371=CARTESIAN_POINT('',(-0.307475694444445,0.277943402777778,0.0015));
#14372=CARTESIAN_POINT('',(-0.306586805555556,0.277943402777778,0.0015));
#14373=CARTESIAN_POINT('',(-0.306586805555556,0.2749,0.0015));
#14374=CARTESIAN_POINT('',(-0.306586805555556,0.271856597222222,0.0015));
#14375=CARTESIAN_POINT('',(-0.30703125,0.271856597222222,0.0015));
#14376=CARTESIAN_POINT('',(-0.307475694444445,0.271856597222222,0.0015));
#14377=CARTESIAN_POINT('',(-0.307475694444445,0.273050173611111,0.0015));
#14378=CARTESIAN_POINT('',(-0.307475694444445,0.27424375,0.0015));
#14379=CARTESIAN_POINT('',(-0.311029513888889,0.27424375,0.0015));
#14380=CARTESIAN_POINT('',(-0.314583333333334,0.27424375,0.0015));
#14381=CARTESIAN_POINT('',(-0.314583333333334,0.2749,0.0015));
#14382=CARTESIAN_POINT('',(-0.314583333333334,0.27555625,0.0015));
#14383=CARTESIAN_POINT('',(-0.311029513888889,0.27555625,0.0015));
#14384=CARTESIAN_POINT('',(-0.307475694444445,0.27555625,0.0015));
#14385=CARTESIAN_POINT('',(-0.307475694444445,0.276749826388889,0.0015));
#14386=CARTESIAN_POINT('',(-0.311740451388889,0.280321006944445,0.0015));
#14387=CARTESIAN_POINT('',(-0.311491319444444,0.280570138888889,0.0015));
#14388=CARTESIAN_POINT('',(-0.311274305555555,0.280960763888889,0.0015));
#14389=CARTESIAN_POINT('',(-0.311740451388889,0.280321006944445,0.0015));
#14390=CARTESIAN_POINT('',(-0.311274305555555,0.280960763888889,0.0015));
#14391=CARTESIAN_POINT('',(-0.310638888888889,0.280960763888889,0.0015));
#14392=CARTESIAN_POINT('',(-0.310003472222223,0.280960763888889,0.0015));
#14393=CARTESIAN_POINT('',(-0.333874820305213,0.29186953430277,0.0015));
#14394=CARTESIAN_POINT('',(-0.31035163883283,0.280229030565612,0.0015));
#14395=CARTESIAN_POINT('',(-0.313165209662379,0.281608672177,0.0015));
#14396=CARTESIAN_POINT('',(-0.310801961865909,0.27955093443182,0.0015));
#14397=CARTESIAN_POINT('',(-0.312420245072792,0.280978976604339,0.0015));
#14398=CARTESIAN_POINT('',(-0.311447048611111,0.279051909722222,0.0015));
#14399=CARTESIAN_POINT('',(-0.311447048611111,0.279051909722222,0.0015));
#14400=CARTESIAN_POINT('',(-0.311826388888889,0.278856597222222,0.0015));
#14401=CARTESIAN_POINT('',(-0.312390625,0.278856597222222,0.0015));
#14402=CARTESIAN_POINT('',(-0.312390625,0.278856597222222,0.0015));
#14403=CARTESIAN_POINT('',(-0.312390723785721,0.280904209716172,0.0015));
#14404=CARTESIAN_POINT('',(-0.313150146998025,0.279002497149052,0.00149999975));
#14405=CARTESIAN_POINT('',(-0.312334720009337,0.28106854325848,0.0015));
#14406=CARTESIAN_POINT('',(-0.313817878363255,0.27941457051868,0.00149999999999975));
#14407=CARTESIAN_POINT('',(-0.312250282952183,0.281138071909088,0.0015));
#14408=CARTESIAN_POINT('',(-0.31432301821306,0.280071823554966,0.00149999975));
#14409=CARTESIAN_POINT('',(-0.312011271263409,0.281256458516353,0.0015));
#14410=CARTESIAN_POINT('',(-0.314592780697745,0.280960763888889,0.0015));
#14411=CARTESIAN_POINT('',(-0.314072916666666,0.280960763888889,0.0015));
#14412=CARTESIAN_POINT('',(-0.313552083333334,0.280960763888889,0.0015));
#14413=CARTESIAN_POINT('',(-0.313552083333334,0.280960763888889,0.0015));
#14414=CARTESIAN_POINT('',(-0.313335069444445,0.280071875,0.0015));
#14415=CARTESIAN_POINT('',(-0.312369791666667,0.280071875,0.0015));
#14416=CARTESIAN_POINT('',(-0.312369791666667,0.280071875,0.0015));
#14417=CARTESIAN_POINT('',(-0.312369791666667,0.280071875,0.0015));
#14418=CARTESIAN_POINT('',(-0.311989583333334,0.280071875,0.0015));
#14419=CARTESIAN_POINT('',(-0.311740451388889,0.280321006944445,0.0015));
#14420=CARTESIAN_POINT('',(-0.31269478360429,0.282346071312745,0.0015));
#14421=CARTESIAN_POINT('',(-0.314327972432099,0.283060523944579,0.0014999999999995));
#14422=CARTESIAN_POINT('',(-0.314052522069072,0.283500802089644,0.0015));
#14423=CARTESIAN_POINT('',(-0.313585069444444,0.283386111111111,0.0015));
#14424=CARTESIAN_POINT('',(-0.313118653333769,0.283271674452283,0.0015));
#14425=CARTESIAN_POINT('',(-0.311059883641775,0.282147880048057,0.0015));
#14426=CARTESIAN_POINT('',(-0.313286223418959,0.282886903470429,0.0015));
#14427=CARTESIAN_POINT('',(-0.305462869978196,0.280160316141749,0.0015));
#14428=CARTESIAN_POINT('',(-0.313438353771746,0.282404336241615,0.00149999975000004));
#14429=CARTESIAN_POINT('',(-0.308664858779814,0.281053844618605,0.0015));
#14430=CARTESIAN_POINT('',(-0.313551965345842,0.281905186874216,0.00149999999999844));
#14431=CARTESIAN_POINT('',(-0.310849468934305,0.281415371905788,0.0015));
#14432=CARTESIAN_POINT('',(-0.313595622274571,0.281438195576118,0.00149999975));
#14433=CARTESIAN_POINT('',(-0.313595486111111,0.281421701388889,0.0015));
#14434=CARTESIAN_POINT('',(-0.313595486111111,0.281405208333334,0.0015));
#14435=CARTESIAN_POINT('',(-0.314111111111111,0.281405208333334,0.0015));
#14436=CARTESIAN_POINT('',(-0.314626736111111,0.281405208333334,0.0015));
#14437=CARTESIAN_POINT('',(-0.314626736111111,0.281416493055555,0.0015));
#14438=CARTESIAN_POINT('',(-0.314626772826604,0.281427777847746,0.0015));
#14439=CARTESIAN_POINT('',(-0.309067337261328,0.281417183337628,0.0015));
#14440=CARTESIAN_POINT('',(-0.314599820727903,0.281965103583467,0.00149999975));
#14441=CARTESIAN_POINT('',(-0.310260101600447,0.281536913684588,0.0015));
#14442=CARTESIAN_POINT('',(-0.314507766987935,0.282524121554528,0.0015));
#14443=CARTESIAN_POINT('',(-0.311702016733629,0.281883598827968,0.0015));
#14444=CARTESIAN_POINT('',(-0.308456296150069,0.281179266506516,0.0015));
#14445=CARTESIAN_POINT('',(-0.310177984106945,0.282773294131308,0.00149999975));
#14446=CARTESIAN_POINT('',(-0.309548611111111,0.283255902777778,0.0015));
#14447=CARTESIAN_POINT('',(-0.309548611111111,0.283255902777778,0.0015));
#14448=CARTESIAN_POINT('',(-0.309190972222223,0.283445138888889,0.0015));
#14449=CARTESIAN_POINT('',(-0.308690972222223,0.283445138888889,0.0015));
#14450=CARTESIAN_POINT('',(-0.308690972222223,0.283445138888889,0.0015));
#14451=CARTESIAN_POINT('',(-0.308690972222223,0.283445138888889,0.0015));
#14452=CARTESIAN_POINT('',(-0.308213541666666,0.283445138888889,0.0015));
#14453=CARTESIAN_POINT('',(-0.307834201388889,0.2832828125,0.0015));
#14454=CARTESIAN_POINT('',(-0.307834201388889,0.2832828125,0.0015));
#14455=CARTESIAN_POINT('',(-0.308692420274259,0.281249628927477,0.0015));
#14456=CARTESIAN_POINT('',(-0.3071666132248,0.282843631984761,0.00149999975));
#14457=CARTESIAN_POINT('',(-0.308595855241442,0.281359200037318,0.0015));
#14458=CARTESIAN_POINT('',(-0.306711014284091,0.282192501049964,0.00149999975));
#14459=CARTESIAN_POINT('',(-0.309305607645156,0.281032682394218,0.0015));
#14460=CARTESIAN_POINT('',(-0.306487959094047,0.281405208333334,0.0015));
#14461=CARTESIAN_POINT('',(-0.307058159722223,0.281405208333334,0.0015));
#14462=CARTESIAN_POINT('',(-0.307628425485304,0.281405208333334,0.0015));
#14463=CARTESIAN_POINT('',(-0.308759813519157,0.281023727629675,0.0015));
#14464=CARTESIAN_POINT('',(-0.308045138888889,0.281980729166666,0.0015));
#14465=CARTESIAN_POINT('',(-0.308045138888889,0.281980729166666,0.0015));
#14466=CARTESIAN_POINT('',(-0.30834375,0.282209027777778,0.0015));
#14467=CARTESIAN_POINT('',(-0.308647569444444,0.282209027777778,0.0015));
#14468=CARTESIAN_POINT('',(-0.308647569444444,0.282209027777778,0.0015));
#14469=CARTESIAN_POINT('',(-0.308647569444444,0.282209027777778,0.0015));
#14470=CARTESIAN_POINT('',(-0.309071180555555,0.282209027777778,0.0015));
#14471=CARTESIAN_POINT('',(-0.309331597222223,0.281980729166666,0.0015));
#14472=CARTESIAN_POINT('',(-0.309331597222223,0.281980729166666,0.0015));
#14473=CARTESIAN_POINT('',(-0.307885761030046,0.280376171833372,0.0015));
#14474=CARTESIAN_POINT('',(-0.309785582307309,0.281405208333334,0.0015));
#14475=CARTESIAN_POINT('',(-0.310405381944445,0.281405208333334,0.0015));
#14476=CARTESIAN_POINT('',(-0.311024305555555,0.281405208333334,0.0015));
#14477=CARTESIAN_POINT('',(-0.299082682860735,0.27562924128457,0.0015));
#14478=CARTESIAN_POINT('',(-0.31065012344885,0.282122194274307,0.0015));
#14479=CARTESIAN_POINT('',(-0.307677537336718,0.280463918745619,0.0015));
#14480=CARTESIAN_POINT('',(-0.316170138888889,0.235320138888889,0.0015));
#14481=CARTESIAN_POINT('',(-0.316170138888889,0.235981597222222,0.0015));
#14482=CARTESIAN_POINT('',(-0.316170138888889,0.234658680555555,0.0015));
#14483=CARTESIAN_POINT('',(-0.320168402777778,0.234658680555555,0.0015));
#14484=CARTESIAN_POINT('',(-0.324166666666666,0.234658680555555,0.0015));
#14485=CARTESIAN_POINT('',(-0.324166666666666,0.235320138888889,0.0015));
#14486=CARTESIAN_POINT('',(-0.324166666666666,0.235981597222222,0.0015));
#14487=CARTESIAN_POINT('',(-0.320168402777778,0.235981597222222,0.0015));
#14488=CARTESIAN_POINT('',(-0.324166666666666,0.231967708333333,0.0015));
#14489=CARTESIAN_POINT('',(-0.324166666666666,0.231316666666667,0.0015));
#14490=CARTESIAN_POINT('',(-0.324166666666666,0.23261875,0.0015));
#14491=CARTESIAN_POINT('',(-0.320168402777778,0.23261875,0.0015));
#14492=CARTESIAN_POINT('',(-0.316170138888889,0.23261875,0.0015));
#14493=CARTESIAN_POINT('',(-0.316170138888889,0.231967708333333,0.0015));
#14494=CARTESIAN_POINT('',(-0.316170138888889,0.231316666666667,0.0015));
#14495=CARTESIAN_POINT('',(-0.320168402777778,0.231316666666667,0.0015));
#14496=CARTESIAN_POINT('',(-0.316663194444444,0.230872222222222,0.0015));
#14497=CARTESIAN_POINT('',(-0.31715625,0.230872222222222,0.0015));
#14498=CARTESIAN_POINT('',(-0.316170138888889,0.230872222222222,0.0015));
#14499=CARTESIAN_POINT('',(-0.316170138888889,0.230540625,0.0015));
#14500=CARTESIAN_POINT('',(-0.316170138888889,0.230209027777778,0.0015));
#14501=CARTESIAN_POINT('',(-0.316170138888889,0.230209027777778,0.0015));
#14502=CARTESIAN_POINT('',(-0.316170138888889,0.229200347222222,0.0015));
#14503=CARTESIAN_POINT('',(-0.316489583333334,0.228435590277778,0.0015));
#14504=CARTESIAN_POINT('',(-0.316489583333334,0.228435590277778,0.0015));
#14505=CARTESIAN_POINT('',(-0.316489583333334,0.228435590277778,0.0015));
#14506=CARTESIAN_POINT('',(-0.316809027777778,0.227670833333333,0.0015));
#14507=CARTESIAN_POINT('',(-0.317341145833334,0.227166493055556,0.0015));
#14508=CARTESIAN_POINT('',(-0.317341145833334,0.227166493055556,0.0015));
#14509=CARTESIAN_POINT('',(-0.319762107943997,0.229700600042443,0.0015));
#14510=CARTESIAN_POINT('',(-0.318551233667717,0.226412201399704,0.00149999975000101));
#14511=CARTESIAN_POINT('',(-0.319943534012531,0.230161526037073,0.0015));
#14512=CARTESIAN_POINT('',(-0.319946180556751,0.226162150971813,0.0015));
#14513=CARTESIAN_POINT('',(-0.319946180555556,0.226162152777778,0.0015));
#14514=CARTESIAN_POINT('',(-0.320932291666666,0.226162152777778,0.0015));
#14515=CARTESIAN_POINT('',(-0.3216328125,0.226373958333333,0.0015));
#14516=CARTESIAN_POINT('',(-0.3216328125,0.226373958333333,0.0015));
#14517=CARTESIAN_POINT('',(-0.3216328125,0.226373958333333,0.0015));
#14518=CARTESIAN_POINT('',(-0.322333333333334,0.226585763888889,0.0015));
#14519=CARTESIAN_POINT('',(-0.3228046875,0.226911284722222,0.0015));
#14520=CARTESIAN_POINT('',(-0.3228046875,0.226911284722222,0.0015));
#14521=CARTESIAN_POINT('',(-0.3228046875,0.226911284722222,0.0015));
#14522=CARTESIAN_POINT('',(-0.323276041666667,0.227236805555555,0.0015));
#14523=CARTESIAN_POINT('',(-0.323547743055556,0.227643923611111,0.0015));
#14524=CARTESIAN_POINT('',(-0.323547743055556,0.227643923611111,0.0015));
#14525=CARTESIAN_POINT('',(-0.320545096964864,0.229705221325578,0.0015));
#14526=CARTESIAN_POINT('',(-0.323954861111111,0.228430381944444,0.0015));
#14527=CARTESIAN_POINT('',(-0.323954861111111,0.228430381944444,0.0015));
#14528=CARTESIAN_POINT('',(-0.324090277777778,0.228809722222222,0.0015));
#14529=CARTESIAN_POINT('',(-0.324128472222223,0.229124826388889,0.0015));
#14530=CARTESIAN_POINT('',(-0.324128472222223,0.229124826388889,0.0015));
#14531=CARTESIAN_POINT('',(-0.319627007094086,0.229742689712636,0.0015));
#14532=CARTESIAN_POINT('',(-0.324167087748642,0.229590958149471,0.00149999975));
#14533=CARTESIAN_POINT('',(-0.324166666666666,0.230231597222222,0.0015));
#14534=CARTESIAN_POINT('',(-0.324166666666666,0.230872222222222,0.0015));
#14535=CARTESIAN_POINT('',(-0.323689236111111,0.230872222222222,0.0015));
#14536=CARTESIAN_POINT('',(-0.323211805555556,0.230872222222222,0.0015));
#14537=CARTESIAN_POINT('',(-0.323211805555556,0.230448611111111,0.0015));
#14538=CARTESIAN_POINT('',(-0.323211805555556,0.230025,0.0015));
#14539=CARTESIAN_POINT('',(-0.323211805555556,0.230025,0.0015));
#14540=CARTESIAN_POINT('',(-0.323211805555556,0.228702083333334,0.0015));
#14541=CARTESIAN_POINT('',(-0.322365451388889,0.228116145833334,0.0015));
#14542=CARTESIAN_POINT('',(-0.322365451388889,0.228116145833334,0.0015));
#14543=CARTESIAN_POINT('',(-0.322365451388889,0.228116145833334,0.0015));
#14544=CARTESIAN_POINT('',(-0.321519097222222,0.227530208333334,0.0015));
#14545=CARTESIAN_POINT('',(-0.319913194444444,0.227530208333334,0.0015));
#14546=CARTESIAN_POINT('',(-0.319913194444778,0.227530206177421,0.0015));
#14547=CARTESIAN_POINT('',(-0.319912551168816,0.231685613738338,0.0015));
#14548=CARTESIAN_POINT('',(-0.318925315905425,0.227649005901133,0.0014999997500005));
#14549=CARTESIAN_POINT('',(-0.319426171260156,0.22968285982865,0.0015));
#14550=CARTESIAN_POINT('',(-0.318041666666667,0.228110069444445,0.0015));
#14551=CARTESIAN_POINT('',(-0.318041666666667,0.228110069444445,0.0015));
#14552=CARTESIAN_POINT('',(-0.317645833333334,0.228452083333333,0.0015));
#14553=CARTESIAN_POINT('',(-0.317401041666666,0.229038020833334,0.0015));
#14554=CARTESIAN_POINT('',(-0.317401041666666,0.229038020833334,0.0015));
#14555=CARTESIAN_POINT('',(-0.317401041666666,0.229038020833334,0.0015));
#14556=CARTESIAN_POINT('',(-0.31715625,0.229623958333333,0.0015));
#14557=CARTESIAN_POINT('',(-0.31715625,0.23055625,0.0015));
#14558=CARTESIAN_POINT('',(-0.31715625,0.23055625,0.0015));
#14559=CARTESIAN_POINT('',(-0.31715625,0.230714236111111,0.0015));
#14560=CARTESIAN_POINT('',(-0.240125,0.27015,0.));
#14561=CARTESIAN_POINT('',(-0.320168402777778,0.23261875,0.));
#14562=CARTESIAN_POINT('',(-0.316170138888889,0.23261875,-8.470329472543E-22));
#14563=CARTESIAN_POINT('',(-0.324166666666666,0.23261875,-8.470329472543E-22));
#14564=CARTESIAN_POINT('',(-0.324166666666666,0.231967708333333,0.));
#14565=CARTESIAN_POINT('',(-0.324166666666666,0.231316666666667,-8.470329472543E-22));
#14566=CARTESIAN_POINT('',(-0.320168402777778,0.231316666666667,0.));
#14567=CARTESIAN_POINT('',(-0.316170138888889,0.231316666666667,0.));
#14568=CARTESIAN_POINT('',(-0.316170138888889,0.231967708333333,0.));
#14569=CARTESIAN_POINT('',(-0.309548611111111,0.283255902777778,-8.470329472543E-22));
#14570=CARTESIAN_POINT('',(-0.309190972222223,0.283445138888889,-8.470329472543E-22));
#14571=CARTESIAN_POINT('',(-0.308690972222223,0.283445138888889,-8.470329472543E-22));
#14572=CARTESIAN_POINT('',(-0.308690972222223,0.283445138888889,-1.6940658945086E-21));
#14573=CARTESIAN_POINT('',(-0.309548611111111,0.283255902777778,-1.6940658945086E-21));
#14574=CARTESIAN_POINT('',(-0.308456296150069,0.281179266506516,-8.470329472543E-22));
#14575=CARTESIAN_POINT('',(-0.310177984106945,0.282773294131308,2.49999997904644E-10));
#14576=CARTESIAN_POINT('',(-0.307677537336718,0.280463918745619,-8.470329472543E-22));
#14577=CARTESIAN_POINT('',(-0.31065012344885,0.282122194274307,-1.01643953670516E-21));
#14578=CARTESIAN_POINT('',(-0.299082682860735,0.27562924128457,-8.470329472543E-22));
#14579=CARTESIAN_POINT('',(-0.311024305555555,0.281405208333334,-8.470329472543E-22));
#14580=CARTESIAN_POINT('',(-0.310405381944445,0.281405208333334,0.));
#14581=CARTESIAN_POINT('',(-0.309785582307309,0.281405208333334,-4.2351647362715E-22));
#14582=CARTESIAN_POINT('',(-0.307885761030046,0.280376171833372,-8.470329472543E-22));
#14583=CARTESIAN_POINT('',(-0.309331597222223,0.281980729166666,-1.6940658945086E-21));
#14584=CARTESIAN_POINT('',(-0.308647569444444,0.282209027777778,-8.470329472543E-22));
#14585=CARTESIAN_POINT('',(-0.309071180555555,0.282209027777778,-8.470329472543E-22));
#14586=CARTESIAN_POINT('',(-0.309331597222223,0.281980729166666,-8.470329472543E-22));
#14587=CARTESIAN_POINT('',(-0.308647569444444,0.282209027777778,-1.6940658945086E-21));
#14588=CARTESIAN_POINT('',(-0.308045138888889,0.281980729166666,-8.470329472543E-22));
#14589=CARTESIAN_POINT('',(-0.30834375,0.282209027777778,-8.470329472543E-22));
#14590=CARTESIAN_POINT('',(-0.308647569444444,0.282209027777778,-8.470329472543E-22));
#14591=CARTESIAN_POINT('',(-0.308045138888889,0.281980729166666,-1.6940658945086E-21));
#14592=CARTESIAN_POINT('',(-0.308759813519157,0.281023727629675,-8.470329472543E-22));
#14593=CARTESIAN_POINT('',(-0.307628425485304,0.281405208333334,0.));
#14594=CARTESIAN_POINT('',(-0.307058159722223,0.281405208333334,0.));
#14595=CARTESIAN_POINT('',(-0.306487959094047,0.281405208333334,-4.2351647362715E-22));
#14596=CARTESIAN_POINT('',(-0.309305607645156,0.281032682394218,-8.470329472543E-22));
#14597=CARTESIAN_POINT('',(-0.306711014284091,0.282192501049964,2.49999999983931E-10));
#14598=CARTESIAN_POINT('',(-0.308595855241442,0.281359200037318,-8.470329472543E-22));
#14599=CARTESIAN_POINT('',(-0.3071666132248,0.282843631984761,2.49999999999278E-10));
#14600=CARTESIAN_POINT('',(-0.308692420274259,0.281249628927477,-8.470329472543E-22));
#14601=CARTESIAN_POINT('',(-0.307834201388889,0.2832828125,-8.470329472543E-22));
#14602=CARTESIAN_POINT('',(-0.308690972222223,0.283445138888889,-8.470329472543E-22));
#14603=CARTESIAN_POINT('',(-0.308213541666666,0.283445138888889,-8.470329472543E-22));
#14604=CARTESIAN_POINT('',(-0.307834201388889,0.2832828125,-8.470329472543E-22));
#14605=CARTESIAN_POINT('',(-0.310638888888889,0.280960763888889,0.));
#14606=CARTESIAN_POINT('',(-0.310003472222223,0.280960763888889,-8.470329472543E-22));
#14607=CARTESIAN_POINT('',(-0.311274305555555,0.280960763888889,-1.6940658945086E-21));
#14608=CARTESIAN_POINT('',(-0.311740451388889,0.280321006944445,-8.470329472543E-22));
#14609=CARTESIAN_POINT('',(-0.311491319444444,0.280570138888889,-8.470329472543E-22));
#14610=CARTESIAN_POINT('',(-0.311274305555555,0.280960763888889,-8.470329472543E-22));
#14611=CARTESIAN_POINT('',(-0.311740451388889,0.280321006944445,-1.6940658945086E-21));
#14612=CARTESIAN_POINT('',(-0.312369791666667,0.280071875,-8.470329472543E-22));
#14613=CARTESIAN_POINT('',(-0.311989583333334,0.280071875,-8.470329472543E-22));
#14614=CARTESIAN_POINT('',(-0.311740451388889,0.280321006944445,-8.470329472543E-22));
#14615=CARTESIAN_POINT('',(-0.312369791666667,0.280071875,-1.6940658945086E-21));
#14616=CARTESIAN_POINT('',(-0.313552083333334,0.280960763888889,-8.470329472543E-22));
#14617=CARTESIAN_POINT('',(-0.313335069444445,0.280071875,-8.470329472543E-22));
#14618=CARTESIAN_POINT('',(-0.312369791666667,0.280071875,-8.470329472543E-22));
#14619=CARTESIAN_POINT('',(-0.313552083333334,0.280960763888889,-8.470329472543E-22));
#14620=CARTESIAN_POINT('',(-0.314072916666666,0.280960763888889,0.));
#14621=CARTESIAN_POINT('',(-0.314592780697745,0.280960763888889,-4.2351647362715E-22));
#14622=CARTESIAN_POINT('',(-0.312011271263409,0.281256458516353,-8.470329472543E-22));
#14623=CARTESIAN_POINT('',(-0.31432301821306,0.280071823554966,2.49999999825515E-10));
#14624=CARTESIAN_POINT('',(-0.312250282952183,0.281138071909088,-8.470329472543E-22));
#14625=CARTESIAN_POINT('',(-0.313817878363255,0.27941457051868,2.51381327143916E-16));
#14626=CARTESIAN_POINT('',(-0.312334720009337,0.28106854325848,-8.470329472543E-22));
#14627=CARTESIAN_POINT('',(-0.313150146998025,0.279002497149052,2.49999999998431E-10));
#14628=CARTESIAN_POINT('',(-0.312390723785721,0.280904209716172,-8.470329472543E-22));
#14629=CARTESIAN_POINT('',(-0.312390625,0.278856597222222,-1.6940658945086E-21));
#14630=CARTESIAN_POINT('',(-0.311447048611111,0.279051909722222,-8.470329472543E-22));
#14631=CARTESIAN_POINT('',(-0.311826388888889,0.278856597222222,-8.470329472543E-22));
#14632=CARTESIAN_POINT('',(-0.312390625,0.278856597222222,-8.470329472543E-22));
#14633=CARTESIAN_POINT('',(-0.311447048611111,0.279051909722222,-1.6940658945086E-21));
#14634=CARTESIAN_POINT('',(-0.312420245072792,0.280978976604339,-8.470329472543E-22));
#14635=CARTESIAN_POINT('',(-0.310801961865909,0.27955093443182,-4.2351647362715E-22));
#14636=CARTESIAN_POINT('',(-0.313165209662379,0.281608672177,-8.470329472543E-22));
#14637=CARTESIAN_POINT('',(-0.31035163883948,0.28022903055202,2.49999998530142E-10));
#14638=CARTESIAN_POINT('',(-0.333874820305213,0.29186953430277,-8.470329472543E-22));
#14639=CARTESIAN_POINT('',(-0.312043402777778,0.267179513888889,0.));
#14640=CARTESIAN_POINT('',(-0.312043402777778,0.266452083333334,-8.470329472543E-22));
#14641=CARTESIAN_POINT('',(-0.312043402777778,0.267906944444444,-8.470329472543E-22));
#14642=CARTESIAN_POINT('',(-0.312483506944445,0.268058854166667,0.));
#14643=CARTESIAN_POINT('',(-0.312923611111111,0.268210763888889,-8.470329472543E-22));
#14644=CARTESIAN_POINT('',(-0.312923611111111,0.267174305555555,0.));
#14645=CARTESIAN_POINT('',(-0.312923611111111,0.266137847222222,0.));
#14646=CARTESIAN_POINT('',(-0.312483506944445,0.266294965277778,0.));
#14647=CARTESIAN_POINT('',(-0.310585069444444,0.262089236111111,0.));
#14648=CARTESIAN_POINT('',(-0.306586805555556,0.262089236111111,-8.470329472543E-22));
#14649=CARTESIAN_POINT('',(-0.314583333333334,0.262089236111111,-8.470329472543E-22));
#14650=CARTESIAN_POINT('',(-0.314583333333334,0.261438194444444,0.));
#14651=CARTESIAN_POINT('',(-0.314583333333334,0.260787152777778,-8.470329472543E-22));
#14652=CARTESIAN_POINT('',(-0.310585069444444,0.260787152777778,0.));
#14653=CARTESIAN_POINT('',(-0.306586805555556,0.260787152777778,0.));
#14654=CARTESIAN_POINT('',(-0.306586805555556,0.261438194444444,0.));
#14655=CARTESIAN_POINT('',(-0.320222222222223,0.3114625,0.));
#14656=CARTESIAN_POINT('',(-0.319586805555555,0.3114625,-8.470329472543E-22));
#14657=CARTESIAN_POINT('',(-0.320857638888889,0.3114625,-1.6940658945086E-21));
#14658=CARTESIAN_POINT('',(-0.321323784722223,0.310822743055556,-8.470329472543E-22));
#14659=CARTESIAN_POINT('',(-0.321074652777778,0.311071875,-8.470329472543E-22));
#14660=CARTESIAN_POINT('',(-0.320857638888889,0.3114625,-8.470329472543E-22));
#14661=CARTESIAN_POINT('',(-0.321323784722223,0.310822743055556,-1.6940658945086E-21));
#14662=CARTESIAN_POINT('',(-0.321953125,0.310573611111111,-8.470329472543E-22));
#14663=CARTESIAN_POINT('',(-0.321572916666666,0.310573611111111,-8.470329472543E-22));
#14664=CARTESIAN_POINT('',(-0.321323784722223,0.310822743055556,-8.470329472543E-22));
#14665=CARTESIAN_POINT('',(-0.321953125,0.310573611111111,-1.6940658945086E-21));
#14666=CARTESIAN_POINT('',(-0.323135416666667,0.3114625,-8.470329472543E-22));
#14667=CARTESIAN_POINT('',(-0.322918402777778,0.310573611111111,-8.470329472543E-22));
#14668=CARTESIAN_POINT('',(-0.321953125,0.310573611111111,-8.470329472543E-22));
#14669=CARTESIAN_POINT('',(-0.323135416666667,0.3114625,-8.470329472543E-22));
#14670=CARTESIAN_POINT('',(-0.32365625,0.3114625,0.));
#14671=CARTESIAN_POINT('',(-0.324176114031078,0.3114625,-4.2351647362715E-22));
#14672=CARTESIAN_POINT('',(-0.32159460459675,0.311758194627463,-8.470329472543E-22));
#14673=CARTESIAN_POINT('',(-0.323906351546393,0.310573559666077,2.49999999837272E-10));
#14674=CARTESIAN_POINT('',(-0.321833616285527,0.311639808020191,-8.470329472543E-22));
#14675=CARTESIAN_POINT('',(-0.323401211696588,0.309916306629791,2.51374712479743E-16));
#14676=CARTESIAN_POINT('',(-0.321918053342668,0.311570279369594,-8.470329472543E-22));
#14677=CARTESIAN_POINT('',(-0.322733480331359,0.309504233260163,2.50000000014328E-10));
#14678=CARTESIAN_POINT('',(-0.321974057119054,0.311405945827292,-8.470329472543E-22));
#14679=CARTESIAN_POINT('',(-0.321973958333334,0.309358333333334,-1.6940658945086E-21));
#14680=CARTESIAN_POINT('',(-0.321030381944444,0.309553645833334,-8.470329472543E-22));
#14681=CARTESIAN_POINT('',(-0.321409722222223,0.309358333333334,-8.470329472543E-22));
#14682=CARTESIAN_POINT('',(-0.321973958333334,0.309358333333334,-8.470329472543E-22));
#14683=CARTESIAN_POINT('',(-0.321030381944444,0.309553645833334,-1.6940658945086E-21));
#14684=CARTESIAN_POINT('',(-0.322003578406118,0.311480712715442,-8.470329472543E-22));
#14685=CARTESIAN_POINT('',(-0.320385295176019,0.310052670569249,-8.47032947177501E-22));
#14686=CARTESIAN_POINT('',(-0.322748543001619,0.312110408292276,-8.470329472543E-22));
#14687=CARTESIAN_POINT('',(-0.319934972172775,0.310730766663112,2.49999998502449E-10));
#14688=CARTESIAN_POINT('',(-0.343458153641618,0.322371270415353,-8.470329472543E-22));
#14689=CARTESIAN_POINT('',(-0.319131944444444,0.313757638888889,-8.470329472543E-22));
#14690=CARTESIAN_POINT('',(-0.318774305555555,0.313946875,-8.470329472543E-22));
#14691=CARTESIAN_POINT('',(-0.318274305555555,0.313946875,-8.470329472543E-22));
#14692=CARTESIAN_POINT('',(-0.318274305555555,0.313946875,-1.6940658945086E-21));
#14693=CARTESIAN_POINT('',(-0.319131944444444,0.313757638888889,-1.6940658945086E-21));
#14694=CARTESIAN_POINT('',(-0.318039629483411,0.311681002617638,-8.470329472543E-22));
#14695=CARTESIAN_POINT('',(-0.319761317440284,0.313275030242424,2.49999997904907E-10));
#14696=CARTESIAN_POINT('',(-0.317260870667332,0.310965654854757,-8.470329472543E-22));
#14697=CARTESIAN_POINT('',(-0.320233456782189,0.312623930385421,-1.01643953670516E-21));
#14698=CARTESIAN_POINT('',(-0.308666016193925,0.306130977395612,-8.470329472543E-22));
#14699=CARTESIAN_POINT('',(-0.320607638888889,0.311906944444445,-8.470329472543E-22));
#14700=CARTESIAN_POINT('',(-0.319988715277778,0.311906944444445,0.));
#14701=CARTESIAN_POINT('',(-0.319368915640642,0.311906944444445,-4.2351647362715E-22));
#14702=CARTESIAN_POINT('',(-0.317469094363377,0.310877907944482,-8.470329472543E-22));
#14703=CARTESIAN_POINT('',(-0.318914930555555,0.312482465277778,-1.6940658945086E-21));
#14704=CARTESIAN_POINT('',(-0.318230902777778,0.312710763888889,-8.470329472543E-22));
#14705=CARTESIAN_POINT('',(-0.318654513888889,0.312710763888889,-8.470329472543E-22));
#14706=CARTESIAN_POINT('',(-0.318914930555555,0.312482465277778,-8.470329472543E-22));
#14707=CARTESIAN_POINT('',(-0.318230902777778,0.312710763888889,-1.6940658945086E-21));
#14708=CARTESIAN_POINT('',(-0.317628472222223,0.312482465277778,-8.470329472543E-22));
#14709=CARTESIAN_POINT('',(-0.317927083333334,0.312710763888889,-8.470329472543E-22));
#14710=CARTESIAN_POINT('',(-0.318230902777778,0.312710763888889,-8.470329472543E-22));
#14711=CARTESIAN_POINT('',(-0.317628472222223,0.312482465277778,-1.6940658945086E-21));
#14712=CARTESIAN_POINT('',(-0.318343146852494,0.311525463740783,-8.470329472543E-22));
#14713=CARTESIAN_POINT('',(-0.317211758818637,0.311906944444445,0.));
#14714=CARTESIAN_POINT('',(-0.316641493055556,0.311906944444445,0.));
#14715=CARTESIAN_POINT('',(-0.31607129242738,0.311906944444445,-4.2351647362715E-22));
#14716=CARTESIAN_POINT('',(-0.318888940978483,0.311534418505329,-8.470329472543E-22));
#14717=CARTESIAN_POINT('',(-0.316294347617424,0.312694237161076,2.49999999983931E-10));
#14718=CARTESIAN_POINT('',(-0.31817918857476,0.311860936148438,-8.470329472543E-22));
#14719=CARTESIAN_POINT('',(-0.316749946558134,0.313345368095872,2.49999999935666E-10));
#14720=CARTESIAN_POINT('',(-0.318275753607584,0.3117513650386,-8.470329472543E-22));
#14721=CARTESIAN_POINT('',(-0.317417534722223,0.313784548611111,-8.470329472543E-22));
#14722=CARTESIAN_POINT('',(-0.318274305555555,0.313946875,-8.470329472543E-22));
#14723=CARTESIAN_POINT('',(-0.317796875,0.313946875,-8.470329472543E-22));
#14724=CARTESIAN_POINT('',(-0.317417534722223,0.313784548611111,-8.470329472543E-22));
#14725=CARTESIAN_POINT('',(-0.316170138888889,0.307669097222223,0.));
#14726=CARTESIAN_POINT('',(-0.316170138888889,0.306926041666666,-8.470329472543E-22));
#14727=CARTESIAN_POINT('',(-0.316170138888889,0.308412152777778,-8.470329472543E-22));
#14728=CARTESIAN_POINT('',(-0.3184375,0.307360069444444,0.));
#14729=CARTESIAN_POINT('',(-0.320704861111111,0.306307986111111,-8.470329472543E-22));
#14730=CARTESIAN_POINT('',(-0.319993923611111,0.306014583333334,0.));
#14731=CARTESIAN_POINT('',(-0.319282986111111,0.305721180555555,0.));
#14732=CARTESIAN_POINT('',(-0.3177265625,0.306323611111111,0.));
#14733=CARTESIAN_POINT('',(-0.320168402777778,0.300893055555556,0.));
#14734=CARTESIAN_POINT('',(-0.316170138888889,0.300893055555556,-8.470329472543E-22));
#14735=CARTESIAN_POINT('',(-0.324166666666666,0.300893055555556,-8.470329472543E-22));
#14736=CARTESIAN_POINT('',(-0.324166666666666,0.300230729166666,0.));
#14737=CARTESIAN_POINT('',(-0.324166666666666,0.299568402777778,-8.470329472543E-22));
#14738=CARTESIAN_POINT('',(-0.321415798611111,0.299568402777778,0.));
#14739=CARTESIAN_POINT('',(-0.318664930555556,0.299568402777778,-8.470329472543E-22));
#14740=CARTESIAN_POINT('',(-0.320889756944445,0.298668229166667,0.));
#14741=CARTESIAN_POINT('',(-0.323114583333334,0.297768055555555,-8.470329472543E-22));
#14742=CARTESIAN_POINT('',(-0.323114583333334,0.297594444444444,0.));
#14743=CARTESIAN_POINT('',(-0.323114583333334,0.297420833333334,-8.470329472543E-22));
#14744=CARTESIAN_POINT('',(-0.322110243055556,0.297420833333334,0.));
#14745=CARTESIAN_POINT('',(-0.321105902777778,0.297420833333334,-8.470329472543E-22));
#14746=CARTESIAN_POINT('',(-0.318638020833334,0.298494618055555,0.));
#14747=CARTESIAN_POINT('',(-0.316170138888889,0.299568402777778,0.));
#14748=CARTESIAN_POINT('',(-0.316170138888889,0.300230729166666,0.));
#14749=CARTESIAN_POINT('',(-0.320168402777778,0.268134375,0.));
#14750=CARTESIAN_POINT('',(-0.316170138888889,0.268134375,-8.470329472543E-22));
#14751=CARTESIAN_POINT('',(-0.324166666666666,0.268134375,-8.470329472543E-22));
#14752=CARTESIAN_POINT('',(-0.324166666666666,0.267483333333334,0.));
#14753=CARTESIAN_POINT('',(-0.324166666666666,0.266832291666666,-8.470329472543E-22));
#14754=CARTESIAN_POINT('',(-0.320168402777778,0.266832291666666,0.));
#14755=CARTESIAN_POINT('',(-0.316170138888889,0.266832291666666,0.));
#14756=CARTESIAN_POINT('',(-0.316170138888889,0.267483333333334,0.));
#14757=CARTESIAN_POINT('',(-0.316170138888889,0.278703819444445,0.));
#14758=CARTESIAN_POINT('',(-0.316170138888889,0.2770875,-8.470329472543E-22));
#14759=CARTESIAN_POINT('',(-0.316170138888889,0.280320138888889,-8.470329472543E-22));
#14760=CARTESIAN_POINT('',(-0.316663194444444,0.280320138888889,0.));
#14761=CARTESIAN_POINT('',(-0.31715625,0.280320138888889,-8.470329472543E-22));
#14762=CARTESIAN_POINT('',(-0.31715625,0.278703819444445,0.));
#14763=CARTESIAN_POINT('',(-0.31715625,0.2770875,0.));
#14764=CARTESIAN_POINT('',(-0.316663194444444,0.2770875,0.));
#14765=CARTESIAN_POINT('',(-0.320118923611111,0.277424305555555,0.));
#14766=CARTESIAN_POINT('',(-0.320564236111111,0.277424305555555,-8.470329472543E-22));
#14767=CARTESIAN_POINT('',(-0.319673611111111,0.277424305555555,-8.470329472543E-22));
#14768=CARTESIAN_POINT('',(-0.319673611111111,0.278872222222223,0.));
#14769=CARTESIAN_POINT('',(-0.319673611111111,0.280320138888889,-8.470329472543E-22));
#14770=CARTESIAN_POINT('',(-0.320118923611111,0.280320138888889,0.));
#14771=CARTESIAN_POINT('',(-0.320564236111111,0.280320138888889,0.));
#14772=CARTESIAN_POINT('',(-0.320564236111111,0.278872222222223,0.));
#14773=CARTESIAN_POINT('',(-0.318649305555555,0.286516319444445,0.));
#14774=CARTESIAN_POINT('',(-0.316170138888889,0.285441666666666,-8.470329472543E-22));
#14775=CARTESIAN_POINT('',(-0.321128472222223,0.287590972222223,-8.470329472543E-22));
#14776=CARTESIAN_POINT('',(-0.322121527777778,0.287590972222223,0.));
#14777=CARTESIAN_POINT('',(-0.323114583333334,0.287590972222223,-8.470329472543E-22));
#14778=CARTESIAN_POINT('',(-0.323114583333334,0.287411284722222,0.));
#14779=CARTESIAN_POINT('',(-0.323114583333334,0.287231597222222,-8.470329472543E-22));
#14780=CARTESIAN_POINT('',(-0.320889756944445,0.286336631944445,0.));
#14781=CARTESIAN_POINT('',(-0.318664930555556,0.285441666666666,-8.470329472543E-22));
#14782=CARTESIAN_POINT('',(-0.321415798611111,0.285441666666666,0.));
#14783=CARTESIAN_POINT('',(-0.324166666666666,0.285441666666666,-8.470329472543E-22));
#14784=CARTESIAN_POINT('',(-0.324166666666666,0.284780208333334,0.));
#14785=CARTESIAN_POINT('',(-0.324166666666666,0.28411875,-8.470329472543E-22));
#14786=CARTESIAN_POINT('',(-0.320168402777778,0.28411875,0.));
#14787=CARTESIAN_POINT('',(-0.316170138888889,0.28411875,0.));
#14788=CARTESIAN_POINT('',(-0.316170138888889,0.284780208333334,0.));
#14789=CARTESIAN_POINT('',(-0.322592881944445,0.238672569444445,0.));
#14790=CARTESIAN_POINT('',(-0.324166666666666,0.237761111111111,-8.470329472543E-22));
#14791=CARTESIAN_POINT('',(-0.321019097222222,0.239584027777778,-1.6940658945086E-21));
#14792=CARTESIAN_POINT('',(-0.31880300327238,0.240505574629629,-8.470329472543E-22));
#14793=CARTESIAN_POINT('',(-0.320119791666666,0.238499826388889,-1.6940658945086E-21));
#14794=CARTESIAN_POINT('',(-0.318644097222223,0.238097916666666,-8.470329472543E-22));
#14795=CARTESIAN_POINT('',(-0.319512152777778,0.238097916666666,-8.470329472543E-22));
#14796=CARTESIAN_POINT('',(-0.320119791666666,0.238499826388889,-8.470329472543E-22));
#14797=CARTESIAN_POINT('',(-0.318644097222223,0.238097916666666,-1.6940658945086E-21));
#14798=CARTESIAN_POINT('',(-0.317606770833333,0.238341840277778,-8.470329472543E-22));
#14799=CARTESIAN_POINT('',(-0.318067708333334,0.238097916666666,-8.470329472543E-22));
#14800=CARTESIAN_POINT('',(-0.318644097222223,0.238097916666666,-8.470329472543E-22));
#14801=CARTESIAN_POINT('',(-0.317606770833333,0.238341840277778,-1.6940658945086E-21));
#14802=CARTESIAN_POINT('',(-0.318788820163472,0.240597172707424,-8.470329472543E-22));
#14803=CARTESIAN_POINT('',(-0.316820265852345,0.238982427037584,2.49999999102698E-10));
#14804=CARTESIAN_POINT('',(-0.31893041909215,0.240711175357114,-8.470329472543E-22));
#14805=CARTESIAN_POINT('',(-0.316332643158748,0.239878584981267,-8.470329472543E-22));
#14806=CARTESIAN_POINT('',(-0.319409631849779,0.240892317762454,-8.470329472543E-22));
#14807=CARTESIAN_POINT('',(-0.316170049341397,0.240886110939544,2.50000000040718E-10));
#14808=CARTESIAN_POINT('',(-0.316170138888889,0.241163020833334,0.));
#14809=CARTESIAN_POINT('',(-0.316170138888889,0.241439930555555,-8.470329472543E-22));
#14810=CARTESIAN_POINT('',(-0.316663194444444,0.241439930555555,0.));
#14811=CARTESIAN_POINT('',(-0.31715625,0.241439930555555,-8.470329472543E-22));
#14812=CARTESIAN_POINT('',(-0.31715625,0.241174305555555,0.));
#14813=CARTESIAN_POINT('',(-0.31715625,0.240908680555555,-1.6940658945086E-21));
#14814=CARTESIAN_POINT('',(-0.317314236111111,0.240104861111111,-8.470329472543E-22));
#14815=CARTESIAN_POINT('',(-0.31715625,0.240408680555556,-8.470329472543E-22));
#14816=CARTESIAN_POINT('',(-0.31715625,0.240908680555555,-8.470329472543E-22));
#14817=CARTESIAN_POINT('',(-0.317314236111111,0.240104861111111,-1.6940658945086E-21));
#14818=CARTESIAN_POINT('',(-0.317704861111111,0.239633506944444,-8.470329472543E-22));
#14819=CARTESIAN_POINT('',(-0.317472222222223,0.239801041666666,-8.470329472543E-22));
#14820=CARTESIAN_POINT('',(-0.317314236111111,0.240104861111111,-8.470329472543E-22));
#14821=CARTESIAN_POINT('',(-0.317704861111111,0.239633506944444,-1.6940658945086E-21));
#14822=CARTESIAN_POINT('',(-0.318476463274284,0.240675447806548,-8.470329472543E-22));
#14823=CARTESIAN_POINT('',(-0.318192723418969,0.239411344990588,2.49999999996032E-10));
#14824=CARTESIAN_POINT('',(-0.318687595589712,0.241559803529566,-8.470329472543E-22));
#14825=CARTESIAN_POINT('',(-0.318644097222223,0.239356597222222,-1.6940658945086E-21));
#14826=CARTESIAN_POINT('',(-0.319462673611111,0.239476388888889,-8.470329472543E-22));
#14827=CARTESIAN_POINT('',(-0.319131944444444,0.239356597222222,-8.470329472543E-22));
#14828=CARTESIAN_POINT('',(-0.318644097222223,0.239356597222222,-8.470329472543E-22));
#14829=CARTESIAN_POINT('',(-0.319462673611111,0.239476388888889,-1.6940658945086E-21));
#14830=CARTESIAN_POINT('',(-0.319978298611111,0.239791493055555,-8.470329472543E-22));
#14831=CARTESIAN_POINT('',(-0.319793402777778,0.239596180555555,-8.470329472543E-22));
#14832=CARTESIAN_POINT('',(-0.319462673611111,0.239476388888889,-8.470329472543E-22));
#14833=CARTESIAN_POINT('',(-0.319978298611111,0.239791493055555,-1.6940658945086E-21));
#14834=CARTESIAN_POINT('',(-0.319133918290655,0.240608274003734,-8.470329472543E-22));
#14835=CARTESIAN_POINT('',(-0.320243947894338,0.240225512616493,2.49999999991698E-10));
#14836=CARTESIAN_POINT('',(-0.318845009380724,0.24070884726324,-8.470329472543E-22));
#14837=CARTESIAN_POINT('',(-0.32032474234116,0.24070208292391,2.4999999995959E-10));
#14838=CARTESIAN_POINT('',(-0.320324652777778,0.241071006944444,0.));
#14839=CARTESIAN_POINT('',(-0.320324652777778,0.241439930555555,-8.470329472543E-22));
#14840=CARTESIAN_POINT('',(-0.320802083333334,0.241439930555555,0.));
#14841=CARTESIAN_POINT('',(-0.321279513888889,0.241439930555555,-8.470329472543E-22));
#14842=CARTESIAN_POINT('',(-0.321279513888889,0.241224869791667,0.));
#14843=CARTESIAN_POINT('',(-0.321279427293516,0.240832290123518,2.49999999959787E-10));
#14844=CARTESIAN_POINT('',(-0.32033150296709,0.24081539790495,-8.470329472543E-22));
#14845=CARTESIAN_POINT('',(-0.321274418513544,0.24071856478862,-8.47032947362567E-22));
#14846=CARTESIAN_POINT('',(-0.321780051446755,0.240645363760784,-8.470329472543E-22));
#14847=CARTESIAN_POINT('',(-0.321269069232253,0.240648278462381,-4.2351647362715E-22));
#14848=CARTESIAN_POINT('',(-0.322717881944445,0.239893923611111,0.));
#14849=CARTESIAN_POINT('',(-0.324166666666666,0.239139583333333,0.));
#14850=CARTESIAN_POINT('',(-0.324166666666666,0.238450347222222,0.));
#14851=CARTESIAN_POINT('',(-0.320043402777778,0.246367881944445,0.));
#14852=CARTESIAN_POINT('',(-0.320043402777778,0.245044097222222,-8.470329472543E-22));
#14853=CARTESIAN_POINT('',(-0.320043402777778,0.247691666666667,-8.470329472543E-22));
#14854=CARTESIAN_POINT('',(-0.320487847222223,0.247691666666667,0.));
#14855=CARTESIAN_POINT('',(-0.320932291666667,0.247691666666667,-8.470329472543E-22));
#14856=CARTESIAN_POINT('',(-0.320932291666666,0.247012847222222,0.));
#14857=CARTESIAN_POINT('',(-0.320932291666666,0.246334027777778,-8.470329472543E-22));
#14858=CARTESIAN_POINT('',(-0.321920138888889,0.246334027777778,0.));
#14859=CARTESIAN_POINT('',(-0.322907986111111,0.246334027777778,-1.6940658945086E-21));
#14860=CARTESIAN_POINT('',(-0.323092881944445,0.246600520833334,-8.470329472543E-22));
#14861=CARTESIAN_POINT('',(-0.323027777777778,0.246420833333334,-8.470329472543E-22));
#14862=CARTESIAN_POINT('',(-0.322907986111111,0.246334027777778,-8.470329472543E-22));
#14863=CARTESIAN_POINT('',(-0.323092881944445,0.246600520833334,-1.6940658945086E-21));
#14864=CARTESIAN_POINT('',(-0.32082570634785,0.247414082584811,-8.470329472543E-22));
#14865=CARTESIAN_POINT('',(-0.323195268059598,0.246980737293924,-8.470329472543E-22));
#14866=CARTESIAN_POINT('',(-0.319216369499923,0.247729085573022,-8.470329472543E-22));
#14867=CARTESIAN_POINT('',(-0.323249060482436,0.24737136123894,2.49999999998431E-10));
#14868=CARTESIAN_POINT('',(-0.319398158324917,0.247735394852965,-8.470329472543E-22));
#14869=CARTESIAN_POINT('',(-0.323265855037652,0.247691666666667,-4.2351647362715E-22));
#14870=CARTESIAN_POINT('',(-0.323743055555555,0.247691666666667,0.));
#14871=CARTESIAN_POINT('',(-0.324220486111111,0.247691666666667,-8.470329472543E-22));
#14872=CARTESIAN_POINT('',(-0.324220486111111,0.247685590277778,0.));
#14873=CARTESIAN_POINT('',(-0.324220516158009,0.247679513855759,2.4999999931868E-10));
#14874=CARTESIAN_POINT('',(-0.319298059588858,0.247684941400261,-8.470329472543E-22));
#14875=CARTESIAN_POINT('',(-0.324166634391545,0.246958164540226,-8.470329472543E-22));
#14876=CARTESIAN_POINT('',(-0.320859920328801,0.247444820995423,-8.470329472543E-22));
#14877=CARTESIAN_POINT('',(-0.323982653483426,0.246253293037317,2.49999995747461E-10));
#14878=CARTESIAN_POINT('',(-0.320761696931337,0.247484288340666,-8.470329472543E-22));
#14879=CARTESIAN_POINT('',(-0.323651190464167,0.245602158442893,2.49999999996329E-10));
#14880=CARTESIAN_POINT('',(-0.321706206903253,0.246885252414078,-8.470329472543E-22));
#14881=CARTESIAN_POINT('',(-0.323134666926295,0.245044097222222,0.));
#14882=CARTESIAN_POINT('',(-0.321589409722222,0.245044097222222,0.));
#14883=CARTESIAN_POINT('',(-0.322592881944445,0.263620486111111,0.));
#14884=CARTESIAN_POINT('',(-0.324166666666666,0.262709027777778,-8.470329472543E-22));
#14885=CARTESIAN_POINT('',(-0.321019097222222,0.264531944444445,-1.6940658945086E-21));
#14886=CARTESIAN_POINT('',(-0.318803003272378,0.265453491296297,-8.470329472543E-22));
#14887=CARTESIAN_POINT('',(-0.320119791666666,0.263447743055556,-1.6940658945086E-21));
#14888=CARTESIAN_POINT('',(-0.318644097222223,0.263045833333334,-8.470329472543E-22));
#14889=CARTESIAN_POINT('',(-0.319512152777778,0.263045833333334,-8.470329472543E-22));
#14890=CARTESIAN_POINT('',(-0.320119791666666,0.263447743055556,-8.470329472543E-22));
#14891=CARTESIAN_POINT('',(-0.318644097222223,0.263045833333334,-1.6940658945086E-21));
#14892=CARTESIAN_POINT('',(-0.317606770833333,0.263289756944445,-8.470329472543E-22));
#14893=CARTESIAN_POINT('',(-0.318067708333334,0.263045833333334,-8.470329472543E-22));
#14894=CARTESIAN_POINT('',(-0.318644097222223,0.263045833333334,-8.470329472543E-22));
#14895=CARTESIAN_POINT('',(-0.317606770833333,0.263289756944445,-1.6940658945086E-21));
#14896=CARTESIAN_POINT('',(-0.318788820163471,0.26554508937409,-8.470329472543E-22));
#14897=CARTESIAN_POINT('',(-0.316820265852345,0.263930343704251,2.49999999079094E-10));
#14898=CARTESIAN_POINT('',(-0.318930419092156,0.265659092023783,-8.470329472543E-22));
#14899=CARTESIAN_POINT('',(-0.316332643158748,0.264826501647934,-8.470329472543E-22));
#14900=CARTESIAN_POINT('',(-0.319409631849778,0.265840234429121,-8.470329472543E-22));
#14901=CARTESIAN_POINT('',(-0.316170049341397,0.265834027606211,2.50000000040775E-10));
#14902=CARTESIAN_POINT('',(-0.316170138888889,0.2661109375,0.));
#14903=CARTESIAN_POINT('',(-0.316170138888889,0.266387847222222,-8.470329472543E-22));
#14904=CARTESIAN_POINT('',(-0.316663194444444,0.266387847222222,0.));
#14905=CARTESIAN_POINT('',(-0.31715625,0.266387847222222,-8.470329472543E-22));
#14906=CARTESIAN_POINT('',(-0.31715625,0.266122222222222,0.));
#14907=CARTESIAN_POINT('',(-0.31715625,0.265856597222222,-1.6940658945086E-21));
#14908=CARTESIAN_POINT('',(-0.317314236111111,0.265052777777778,-8.470329472543E-22));
#14909=CARTESIAN_POINT('',(-0.31715625,0.265356597222222,-8.470329472543E-22));
#14910=CARTESIAN_POINT('',(-0.31715625,0.265856597222222,-8.470329472543E-22));
#14911=CARTESIAN_POINT('',(-0.317314236111111,0.265052777777778,-1.6940658945086E-21));
#14912=CARTESIAN_POINT('',(-0.317704861111111,0.264581423611111,-8.470329472543E-22));
#14913=CARTESIAN_POINT('',(-0.317472222222223,0.264748958333334,-8.470329472543E-22));
#14914=CARTESIAN_POINT('',(-0.317314236111111,0.265052777777778,-8.470329472543E-22));
#14915=CARTESIAN_POINT('',(-0.317704861111111,0.264581423611111,-1.6940658945086E-21));
#14916=CARTESIAN_POINT('',(-0.318476463274285,0.265623364473219,-8.470329472543E-22));
#14917=CARTESIAN_POINT('',(-0.318192723418969,0.264359261657255,2.49999999996032E-10));
#14918=CARTESIAN_POINT('',(-0.318687595589714,0.266507720196248,-8.470329472543E-22));
#14919=CARTESIAN_POINT('',(-0.318644097222223,0.264304513888889,-1.6940658945086E-21));
#14920=CARTESIAN_POINT('',(-0.319462673611111,0.264424305555556,-8.470329472543E-22));
#14921=CARTESIAN_POINT('',(-0.319131944444444,0.264304513888889,-8.470329472543E-22));
#14922=CARTESIAN_POINT('',(-0.318644097222223,0.264304513888889,-8.470329472543E-22));
#14923=CARTESIAN_POINT('',(-0.319462673611111,0.264424305555556,-1.6940658945086E-21));
#14924=CARTESIAN_POINT('',(-0.319978298611111,0.264739409722222,-8.470329472543E-22));
#14925=CARTESIAN_POINT('',(-0.319793402777778,0.264544097222222,-8.470329472543E-22));
#14926=CARTESIAN_POINT('',(-0.319462673611111,0.264424305555556,-8.470329472543E-22));
#14927=CARTESIAN_POINT('',(-0.319978298611111,0.264739409722222,-1.6940658945086E-21));
#14928=CARTESIAN_POINT('',(-0.319133918290654,0.265556190670401,-8.470329472543E-22));
#14929=CARTESIAN_POINT('',(-0.320243947894338,0.265173429283159,2.49999999991698E-10));
#14930=CARTESIAN_POINT('',(-0.318845009380721,0.265656763929907,-8.470329472543E-22));
#14931=CARTESIAN_POINT('',(-0.32032474234116,0.265649999590577,2.4999999995959E-10));
#14932=CARTESIAN_POINT('',(-0.320324652777778,0.266018923611111,0.));
#14933=CARTESIAN_POINT('',(-0.320324652777778,0.266387847222223,-8.470329472543E-22));
#14934=CARTESIAN_POINT('',(-0.320802083333334,0.266387847222222,0.));
#14935=CARTESIAN_POINT('',(-0.321279513888889,0.266387847222222,-8.470329472543E-22));
#14936=CARTESIAN_POINT('',(-0.321279513888889,0.266172786458333,0.));
#14937=CARTESIAN_POINT('',(-0.321279427293516,0.265780206790185,2.49999999960322E-10));
#14938=CARTESIAN_POINT('',(-0.320331502967071,0.265763314571618,-8.470329472543E-22));
#14939=CARTESIAN_POINT('',(-0.321274418513544,0.265666481455286,-8.470329472543E-22));
#14940=CARTESIAN_POINT('',(-0.321780051446756,0.265593280427451,-8.470329472543E-22));
#14941=CARTESIAN_POINT('',(-0.32126906923232,0.265596195129088,-4.2351647362715E-22));
#14942=CARTESIAN_POINT('',(-0.322717881944445,0.264841840277778,0.));
#14943=CARTESIAN_POINT('',(-0.324166666666666,0.2640875,0.));
#14944=CARTESIAN_POINT('',(-0.324166666666666,0.263398263888889,0.));
#14945=CARTESIAN_POINT('',(-0.316170138888889,0.260620486111111,0.));
#14946=CARTESIAN_POINT('',(-0.316170138888889,0.259877430555556,-8.470329472543E-22));
#14947=CARTESIAN_POINT('',(-0.316170138888889,0.261363541666666,-8.470329472543E-22));
#14948=CARTESIAN_POINT('',(-0.3184375,0.260311458333334,0.));
#14949=CARTESIAN_POINT('',(-0.320704861111111,0.259259375,-8.470329472543E-22));
#14950=CARTESIAN_POINT('',(-0.319993923611111,0.258965972222223,0.));
#14951=CARTESIAN_POINT('',(-0.319282986111111,0.258672569444445,0.));
#14952=CARTESIAN_POINT('',(-0.3177265625,0.259275,0.));
#14953=CARTESIAN_POINT('',(-0.307125968077867,0.280758069327203,-8.470329472543E-22));
#14954=CARTESIAN_POINT('',(-0.307822916666667,0.279702083333334,-1.6940658945086E-21));
#14955=CARTESIAN_POINT('',(-0.307714355210779,0.279637084617307,8.80144003521086E-16));
#14956=CARTESIAN_POINT('',(-0.303181884793639,0.287843716828784,-8.470329472543E-22));
#14957=CARTESIAN_POINT('',(-0.307470484883159,0.279506773344974,-1.01643953670516E-21));
#14958=CARTESIAN_POINT('',(-0.307316931652047,0.279427389437135,0.));
#14959=CARTESIAN_POINT('',(-0.307156250023948,0.279344444326256,-8.470329472543E-22));
#14960=CARTESIAN_POINT('',(-0.302854904021967,0.287649429640004,-8.470329472543E-22));
#14961=CARTESIAN_POINT('',(-0.306847222222222,0.279191666666667,-1.6940658945086E-21));
#14962=CARTESIAN_POINT('',(-0.306559027777778,0.279989409722223,-8.470329472543E-22));
#14963=CARTESIAN_POINT('',(-0.306651041666667,0.279495486111111,-8.470329472543E-22));
#14964=CARTESIAN_POINT('',(-0.306847222222222,0.279191666666667,-8.470329472543E-22));
#14965=CARTESIAN_POINT('',(-0.306559027777778,0.279989409722223,-1.6940658945086E-21));
#14966=CARTESIAN_POINT('',(-0.312471064165631,0.281106046974555,-8.470329472543E-22));
#14967=CARTESIAN_POINT('',(-0.30645642902462,0.280960763888889,-4.2351647362715E-22));
#14968=CARTESIAN_POINT('',(-0.307004340277778,0.280960763888889,0.));
#14969=CARTESIAN_POINT('',(-0.307552083333334,0.280960763888889,-1.6940658945086E-21));
#14970=CARTESIAN_POINT('',(-0.3075625,0.280406944444444,-8.470329472543E-22));
#14971=CARTESIAN_POINT('',(-0.307529513888889,0.280623958333334,-8.470329472543E-22));
#14972=CARTESIAN_POINT('',(-0.307552083333334,0.280960763888889,-8.470329472543E-22));
#14973=CARTESIAN_POINT('',(-0.3075625,0.280406944444444,-1.6940658945086E-21));
#14974=CARTESIAN_POINT('',(-0.309650030262595,0.280688897204168,-8.470329472543E-22));
#14975=CARTESIAN_POINT('',(-0.307644109615115,0.280049307686317,2.49999999998431E-10));
#14976=CARTESIAN_POINT('',(-0.30848948378044,0.280313385063759,-8.470329472543E-22));
#14977=CARTESIAN_POINT('',(-0.307747111463659,0.279832092751867,2.49999873028197E-10));
#14978=CARTESIAN_POINT('',(-0.307237275603688,0.279445814192218,-8.470329472543E-22));
#14979=CARTESIAN_POINT('',(-0.23075,0.31775,0.));
#14980=CARTESIAN_POINT('',(-0.1545,0.31775,0.));
#14981=CARTESIAN_POINT('',(-0.32575,0.31775,0.));
#14982=CARTESIAN_POINT('',(-0.1545,0.27015,0.));
#14983=CARTESIAN_POINT('',(-0.1545,0.22255,0.));
#14984=CARTESIAN_POINT('',(-0.315375,0.22255,0.));
#14985=CARTESIAN_POINT('',(-0.32575,0.22255,0.));
#14986=CARTESIAN_POINT('',(-0.32575,0.27015,0.));
#14987=CARTESIAN_POINT('',(-0.262297464290109,0.28635,0.));
#14988=CARTESIAN_POINT('',(-0.266204694798669,0.28635,0.));
#14989=CARTESIAN_POINT('',(-0.25839023378155,0.28635,0.));
#14990=CARTESIAN_POINT('',(-0.261217462803663,0.288097227535666,0.));
#14991=CARTESIAN_POINT('',(-0.264044691825775,0.289844455071331,0.));
#14992=CARTESIAN_POINT('',(-0.265124693312222,0.288097227535666,0.));
#14993=CARTESIAN_POINT('',(-0.205,0.229973431132955,0.));
#14994=CARTESIAN_POINT('',(-0.205,0.235396862265909,0.));
#14995=CARTESIAN_POINT('',(-0.205,0.22455,0.));
#14996=CARTESIAN_POINT('',(-0.181695116890775,0.22455,0.));
#14997=CARTESIAN_POINT('',(-0.15839023378155,0.22455,0.));
#14998=CARTESIAN_POINT('',(-0.177679112586586,0.236470527101512,0.));
#14999=CARTESIAN_POINT('',(-0.196967991391621,0.248391054203024,0.));
#15000=CARTESIAN_POINT('',(-0.20098399569581,0.241893958234466,0.));
#15001=CARTESIAN_POINT('',(-0.259878006497879,0.289032772492686,0.));
#15002=CARTESIAN_POINT('',(-0.2565,0.286945164476998,0.));
#15003=CARTESIAN_POINT('',(-0.263256012995756,0.291120380508376,0.));
#15004=CARTESIAN_POINT('',(-0.2565,0.294497714942134,0.));
#15005=CARTESIAN_POINT('',(-0.2565,0.302050265407269,0.));
#15006=CARTESIAN_POINT('',(-0.259878006497879,0.296585322957822,0.));
#15007=CARTESIAN_POINT('',(-0.28438106375167,0.237887667078466,0.));
#15008=CARTESIAN_POINT('',(-0.265320687438397,0.249666979640069,0.));
#15009=CARTESIAN_POINT('',(-0.303441440064945,0.226108354516862,0.));
#15010=CARTESIAN_POINT('',(-0.266644404086855,0.251808489820035,0.));
#15011=CARTESIAN_POINT('',(-0.267968120735312,0.25395,0.));
#15012=CARTESIAN_POINT('',(-0.2771,0.25395,0.));
#15013=CARTESIAN_POINT('',(-0.286231879264688,0.25395,0.));
#15014=CARTESIAN_POINT('',(-0.294836659664816,0.240029177258431,0.));
#15015=CARTESIAN_POINT('',(-0.23075,0.28635,0.));
#15016=CARTESIAN_POINT('',(-0.255,0.28635,0.));
#15017=CARTESIAN_POINT('',(-0.2065,0.28635,0.));
#15018=CARTESIAN_POINT('',(-0.2065,0.295413483488976,0.));
#15019=CARTESIAN_POINT('',(-0.2065,0.304476966977951,0.));
#15020=CARTESIAN_POINT('',(-0.209984060367656,0.310113483488976,0.));
#15021=CARTESIAN_POINT('',(-0.213468120735312,0.31575,0.));
#15022=CARTESIAN_POINT('',(-0.23075,0.31575,0.));
#15023=CARTESIAN_POINT('',(-0.248031879264688,0.31575,0.));
#15024=CARTESIAN_POINT('',(-0.251515939632344,0.310113483488975,0.));
#15025=CARTESIAN_POINT('',(-0.255,0.304476966977951,0.));
#15026=CARTESIAN_POINT('',(-0.255,0.295413483488976,0.));
#15027=CARTESIAN_POINT('',(-0.165002347399334,0.28635,0.));
#15028=CARTESIAN_POINT('',(-0.173504694798668,0.28635,0.));
#15029=CARTESIAN_POINT('',(-0.1565,0.28635,0.));
#15030=CARTESIAN_POINT('',(-0.1565,0.300105106525624,0.));
#15031=CARTESIAN_POINT('',(-0.1565,0.313860213051249,0.));
#15032=CARTESIAN_POINT('',(-0.165002347399334,0.300105106525624,0.));
#15033=CARTESIAN_POINT('',(-0.241929883109225,0.277940832238499,0.));
#15034=CARTESIAN_POINT('',(-0.23075,0.271031664476998,0.));
#15035=CARTESIAN_POINT('',(-0.25310976621845,0.28485,0.));
#15036=CARTESIAN_POINT('',(-0.219570116890775,0.277940832238499,0.));
#15037=CARTESIAN_POINT('',(-0.20839023378155,0.28485,0.));
#15038=CARTESIAN_POINT('',(-0.23075,0.28485,0.));
#15039=CARTESIAN_POINT('',(-0.255,0.228760080347614,0.));
#15040=CARTESIAN_POINT('',(-0.255,0.232970160695228,0.));
#15041=CARTESIAN_POINT('',(-0.255,0.22455,0.));
#15042=CARTESIAN_POINT('',(-0.252397652600666,0.22455,0.));
#15043=CARTESIAN_POINT('',(-0.249795305201332,0.22455,0.));
#15044=CARTESIAN_POINT('',(-0.252397652600666,0.228760080347614,0.));
#15045=CARTESIAN_POINT('',(-0.194855595913146,0.251808489820035,0.));
#15046=CARTESIAN_POINT('',(-0.196179312561604,0.249666979640069,0.));
#15047=CARTESIAN_POINT('',(-0.193531879264688,0.25395,0.));
#15048=CARTESIAN_POINT('',(-0.17711893624833,0.237887667078466,0.));
#15049=CARTESIAN_POINT('',(-0.158058559935055,0.226108354516862,0.));
#15050=CARTESIAN_POINT('',(-0.166663340335183,0.240029177258431,0.));
#15051=CARTESIAN_POINT('',(-0.175268120735312,0.25395,0.));
#15052=CARTESIAN_POINT('',(-0.1844,0.25395,0.));
#15053=CARTESIAN_POINT('',(-0.20098399569581,0.298406041765534,0.));
#15054=CARTESIAN_POINT('',(-0.205,0.304903137734092,0.));
#15055=CARTESIAN_POINT('',(-0.196967991391621,0.291908945796976,0.));
#15056=CARTESIAN_POINT('',(-0.177679112586586,0.303829472898488,0.));
#15057=CARTESIAN_POINT('',(-0.15839023378155,0.31575,0.));
#15058=CARTESIAN_POINT('',(-0.181695116890775,0.31575,0.));
#15059=CARTESIAN_POINT('',(-0.205,0.31575,0.));
#15060=CARTESIAN_POINT('',(-0.205,0.310326568867046,0.));
#15061=CARTESIAN_POINT('',(-0.261815939632344,0.25545,0.));
#15062=CARTESIAN_POINT('',(-0.267131879264688,0.25545,0.));
#15063=CARTESIAN_POINT('',(-0.2565,0.25545,0.));
#15064=CARTESIAN_POINT('',(-0.2565,0.27015,0.));
#15065=CARTESIAN_POINT('',(-0.2565,0.28485,0.));
#15066=CARTESIAN_POINT('',(-0.261815939632344,0.28485,0.));
#15067=CARTESIAN_POINT('',(-0.267131879264688,0.28485,0.));
#15068=CARTESIAN_POINT('',(-0.271675083148183,0.2775,0.));
#15069=CARTESIAN_POINT('',(-0.276218287031678,0.27015,0.));
#15070=CARTESIAN_POINT('',(-0.271675083148183,0.2628,0.));
#15071=CARTESIAN_POINT('',(-0.259878006497879,0.243714677042178,0.));
#15072=CARTESIAN_POINT('',(-0.263256012995757,0.249179619491624,0.));
#15073=CARTESIAN_POINT('',(-0.2565,0.23824973459273,0.));
#15074=CARTESIAN_POINT('',(-0.2565,0.245802285057866,0.));
#15075=CARTESIAN_POINT('',(-0.2565,0.253354835523002,0.));
#15076=CARTESIAN_POINT('',(-0.259878006497879,0.251267227507314,0.));
#15077=CARTESIAN_POINT('',(-0.252397652600666,0.311539919652386,0.));
#15078=CARTESIAN_POINT('',(-0.249795305201332,0.31575,0.));
#15079=CARTESIAN_POINT('',(-0.255,0.307329839304772,0.));
#15080=CARTESIAN_POINT('',(-0.252397652600666,0.31575,0.));
#15081=CARTESIAN_POINT('',(-0.255,0.31575,0.));
#15082=CARTESIAN_POINT('',(-0.255,0.311539919652386,0.));
#15083=CARTESIAN_POINT('',(-0.209984060367656,0.230186516511025,0.));
#15084=CARTESIAN_POINT('',(-0.213468120735312,0.22455,0.));
#15085=CARTESIAN_POINT('',(-0.2065,0.235823033022049,0.));
#15086=CARTESIAN_POINT('',(-0.2065,0.244886516511024,0.));
#15087=CARTESIAN_POINT('',(-0.2065,0.25395,0.));
#15088=CARTESIAN_POINT('',(-0.23075,0.25395,0.));
#15089=CARTESIAN_POINT('',(-0.255,0.25395,0.));
#15090=CARTESIAN_POINT('',(-0.255,0.244886516511024,0.));
#15091=CARTESIAN_POINT('',(-0.255,0.235823033022049,0.));
#15092=CARTESIAN_POINT('',(-0.251515939632344,0.230186516511025,0.));
#15093=CARTESIAN_POINT('',(-0.248031879264688,0.22455,0.));
#15094=CARTESIAN_POINT('',(-0.23075,0.22455,0.));
#15095=CARTESIAN_POINT('',(-0.178975083148183,0.2628,0.));
#15096=CARTESIAN_POINT('',(-0.183518287031678,0.27015,0.));
#15097=CARTESIAN_POINT('',(-0.174431879264688,0.25545,0.));
#15098=CARTESIAN_POINT('',(-0.165465939632344,0.25545,0.));
#15099=CARTESIAN_POINT('',(-0.1565,0.25545,0.));
#15100=CARTESIAN_POINT('',(-0.1565,0.27015,0.));
#15101=CARTESIAN_POINT('',(-0.1565,0.28485,0.));
#15102=CARTESIAN_POINT('',(-0.165465939632344,0.28485,0.));
#15103=CARTESIAN_POINT('',(-0.174431879264688,0.28485,0.));
#15104=CARTESIAN_POINT('',(-0.178975083148183,0.2775,0.));
#15105=CARTESIAN_POINT('',(-0.180297652600665,0.262086781918294,0.));
#15106=CARTESIAN_POINT('',(-0.176195305201332,0.25545,0.));
#15107=CARTESIAN_POINT('',(-0.1844,0.26872356383659,0.));
#15108=CARTESIAN_POINT('',(-0.188502347399335,0.262086781918294,0.));
#15109=CARTESIAN_POINT('',(-0.192604694798668,0.25545,0.));
#15110=CARTESIAN_POINT('',(-0.1844,0.25545,0.));
#15111=CARTESIAN_POINT('',(-0.262297464290109,0.25395,0.));
#15112=CARTESIAN_POINT('',(-0.25839023378155,0.25395,0.));
#15113=CARTESIAN_POINT('',(-0.266204694798669,0.25395,0.));
#15114=CARTESIAN_POINT('',(-0.265124693312222,0.252202772464335,0.));
#15115=CARTESIAN_POINT('',(-0.264044691825775,0.250455544928669,0.));
#15116=CARTESIAN_POINT('',(-0.261217462803663,0.252202772464335,0.));
#15117=CARTESIAN_POINT('',(-0.201621993502122,0.243714677042178,0.));
#15118=CARTESIAN_POINT('',(-0.205,0.23824973459273,0.));
#15119=CARTESIAN_POINT('',(-0.198243987004244,0.249179619491624,0.));
#15120=CARTESIAN_POINT('',(-0.201621993502122,0.251267227507314,0.));
#15121=CARTESIAN_POINT('',(-0.205,0.253354835523002,0.));
#15122=CARTESIAN_POINT('',(-0.205,0.245802285057866,0.));
#15123=CARTESIAN_POINT('',(-0.241929883109225,0.262359167761501,0.));
#15124=CARTESIAN_POINT('',(-0.25310976621845,0.25545,0.));
#15125=CARTESIAN_POINT('',(-0.23075,0.269268335523002,0.));
#15126=CARTESIAN_POINT('',(-0.23075,0.25545,0.));
#15127=CARTESIAN_POINT('',(-0.20839023378155,0.25545,0.));
#15128=CARTESIAN_POINT('',(-0.219570116890775,0.262359167761501,0.));
#15129=CARTESIAN_POINT('',(-0.282524916851817,0.2628,0.));
#15130=CARTESIAN_POINT('',(-0.277981712968322,0.27015,0.));
#15131=CARTESIAN_POINT('',(-0.287068120735312,0.25545,0.));
#15132=CARTESIAN_POINT('',(-0.282524916851817,0.2775,0.));
#15133=CARTESIAN_POINT('',(-0.287068120735312,0.28485,0.));
#15134=CARTESIAN_POINT('',(-0.296034060367656,0.28485,0.));
#15135=CARTESIAN_POINT('',(-0.305,0.28485,0.));
#15136=CARTESIAN_POINT('',(-0.305,0.27015,0.));
#15137=CARTESIAN_POINT('',(-0.305,0.25545,0.));
#15138=CARTESIAN_POINT('',(-0.296034060367656,0.25545,0.));
#15139=CARTESIAN_POINT('',(-0.200282537196337,0.288097227535666,0.));
#15140=CARTESIAN_POINT('',(-0.20310976621845,0.28635,0.));
#15141=CARTESIAN_POINT('',(-0.197455308174225,0.289844455071331,0.));
#15142=CARTESIAN_POINT('',(-0.199202535709891,0.28635,0.));
#15143=CARTESIAN_POINT('',(-0.195295305201331,0.28635,0.));
#15144=CARTESIAN_POINT('',(-0.196375306687779,0.288097227535666,0.));
#15145=CARTESIAN_POINT('',(-0.272997652600666,0.262086781918294,0.));
#15146=CARTESIAN_POINT('',(-0.268895305201331,0.25545,0.));
#15147=CARTESIAN_POINT('',(-0.2771,0.268723563836589,0.));
#15148=CARTESIAN_POINT('',(-0.281202347399335,0.262086781918294,0.));
#15149=CARTESIAN_POINT('',(-0.285304694798669,0.25545,0.));
#15150=CARTESIAN_POINT('',(-0.2771,0.25545,0.));
#15151=CARTESIAN_POINT('',(-0.305,0.300105106525624,0.));
#15152=CARTESIAN_POINT('',(-0.305,0.313860213051249,0.));
#15153=CARTESIAN_POINT('',(-0.305,0.28635,0.));
#15154=CARTESIAN_POINT('',(-0.296497652600666,0.28635,0.));
#15155=CARTESIAN_POINT('',(-0.287995305201331,0.28635,0.));
#15156=CARTESIAN_POINT('',(-0.296497652600666,0.300105106525624,0.));
#15157=CARTESIAN_POINT('',(-0.21791167922573,0.263097582238499,0.));
#15158=CARTESIAN_POINT('',(-0.2065,0.256045164476998,0.));
#15159=CARTESIAN_POINT('',(-0.22932335845146,0.27015,0.));
#15160=CARTESIAN_POINT('',(-0.2065,0.27015,0.));
#15161=CARTESIAN_POINT('',(-0.2065,0.284254835523002,0.));
#15162=CARTESIAN_POINT('',(-0.21791167922573,0.277202417761501,0.));
#15163=CARTESIAN_POINT('',(-0.2565,0.310326568867046,0.));
#15164=CARTESIAN_POINT('',(-0.2565,0.31575,0.));
#15165=CARTESIAN_POINT('',(-0.2565,0.304903137734091,0.));
#15166=CARTESIAN_POINT('',(-0.279804883109225,0.31575,0.));
#15167=CARTESIAN_POINT('',(-0.30310976621845,0.31575,0.));
#15168=CARTESIAN_POINT('',(-0.283820887413415,0.303829472898488,0.));
#15169=CARTESIAN_POINT('',(-0.264532008608379,0.291908945796976,0.));
#15170=CARTESIAN_POINT('',(-0.26051600430419,0.298406041765534,0.));
#15171=CARTESIAN_POINT('',(-0.305,0.240194893474376,0.));
#15172=CARTESIAN_POINT('',(-0.305,0.25395,0.));
#15173=CARTESIAN_POINT('',(-0.305,0.226439786948751,0.));
#15174=CARTESIAN_POINT('',(-0.296497652600666,0.240194893474376,0.));
#15175=CARTESIAN_POINT('',(-0.287995305201331,0.25395,0.));
#15176=CARTESIAN_POINT('',(-0.296497652600666,0.25395,0.));
#15177=CARTESIAN_POINT('',(-0.2771,0.28635,0.));
#15178=CARTESIAN_POINT('',(-0.286231879264688,0.28635,0.));
#15179=CARTESIAN_POINT('',(-0.267968120735312,0.28635,0.));
#15180=CARTESIAN_POINT('',(-0.266644404086855,0.288491510179965,0.));
#15181=CARTESIAN_POINT('',(-0.265320687438396,0.290633020359931,0.));
#15182=CARTESIAN_POINT('',(-0.28438106375167,0.302412332921535,0.));
#15183=CARTESIAN_POINT('',(-0.303441440064945,0.314191645483138,0.));
#15184=CARTESIAN_POINT('',(-0.294836659664816,0.300270822741569,0.));
#15185=CARTESIAN_POINT('',(-0.283820887413415,0.236470527101512,0.));
#15186=CARTESIAN_POINT('',(-0.30310976621845,0.22455,0.));
#15187=CARTESIAN_POINT('',(-0.264532008608379,0.248391054203024,0.));
#15188=CARTESIAN_POINT('',(-0.279804883109225,0.22455,0.));
#15189=CARTESIAN_POINT('',(-0.2565,0.22455,0.));
#15190=CARTESIAN_POINT('',(-0.2565,0.229973431132955,0.));
#15191=CARTESIAN_POINT('',(-0.2565,0.235396862265909,0.));
#15192=CARTESIAN_POINT('',(-0.26051600430419,0.241893958234466,0.));
#15193=CARTESIAN_POINT('',(-0.188502347399335,0.278213218081705,0.));
#15194=CARTESIAN_POINT('',(-0.192604694798668,0.28485,0.));
#15195=CARTESIAN_POINT('',(-0.1844,0.27157643616341,0.));
#15196=CARTESIAN_POINT('',(-0.180297652600666,0.278213218081705,0.));
#15197=CARTESIAN_POINT('',(-0.176195305201332,0.28485,0.));
#15198=CARTESIAN_POINT('',(-0.1844,0.28485,0.));
#15199=CARTESIAN_POINT('',(-0.189824916851817,0.2775,0.));
#15200=CARTESIAN_POINT('',(-0.185281712968322,0.27015,0.));
#15201=CARTESIAN_POINT('',(-0.194368120735312,0.28485,0.));
#15202=CARTESIAN_POINT('',(-0.199684060367656,0.28485,0.));
#15203=CARTESIAN_POINT('',(-0.205,0.28485,0.));
#15204=CARTESIAN_POINT('',(-0.205,0.27015,0.));
#15205=CARTESIAN_POINT('',(-0.205,0.25545,0.));
#15206=CARTESIAN_POINT('',(-0.199684060367656,0.25545,0.));
#15207=CARTESIAN_POINT('',(-0.194368120735312,0.25545,0.));
#15208=CARTESIAN_POINT('',(-0.189824916851817,0.2628,0.));
#15209=CARTESIAN_POINT('',(-0.281202347399335,0.278213218081705,0.));
#15210=CARTESIAN_POINT('',(-0.285304694798669,0.28485,0.));
#15211=CARTESIAN_POINT('',(-0.2771,0.27157643616341,0.));
#15212=CARTESIAN_POINT('',(-0.272997652600666,0.278213218081705,0.));
#15213=CARTESIAN_POINT('',(-0.268895305201331,0.28485,0.));
#15214=CARTESIAN_POINT('',(-0.2771,0.28485,0.));
#15215=CARTESIAN_POINT('',(-0.194855595913146,0.288491510179965,0.));
#15216=CARTESIAN_POINT('',(-0.196179312561604,0.290633020359931,0.));
#15217=CARTESIAN_POINT('',(-0.193531879264688,0.28635,0.));
#15218=CARTESIAN_POINT('',(-0.1844,0.28635,0.));
#15219=CARTESIAN_POINT('',(-0.175268120735312,0.28635,0.));
#15220=CARTESIAN_POINT('',(-0.166663340335184,0.300270822741569,0.));
#15221=CARTESIAN_POINT('',(-0.158058559935055,0.314191645483138,0.));
#15222=CARTESIAN_POINT('',(-0.17711893624833,0.302412332921535,0.));
#15223=CARTESIAN_POINT('',(-0.201621993502122,0.296585322957823,0.));
#15224=CARTESIAN_POINT('',(-0.198243987004244,0.291120380508376,0.));
#15225=CARTESIAN_POINT('',(-0.205,0.30205026540727,0.));
#15226=CARTESIAN_POINT('',(-0.205,0.294497714942134,0.));
#15227=CARTESIAN_POINT('',(-0.205,0.286945164476998,0.));
#15228=CARTESIAN_POINT('',(-0.201621993502122,0.289032772492687,0.));
#15229=CARTESIAN_POINT('',(-0.196375306687779,0.252202772464335,0.));
#15230=CARTESIAN_POINT('',(-0.197455308174225,0.250455544928669,0.));
#15231=CARTESIAN_POINT('',(-0.195295305201331,0.25395,0.));
#15232=CARTESIAN_POINT('',(-0.199202535709891,0.25395,0.));
#15233=CARTESIAN_POINT('',(-0.20310976621845,0.25395,0.));
#15234=CARTESIAN_POINT('',(-0.200282537196337,0.252202772464335,0.));
#15235=CARTESIAN_POINT('',(-0.255,0.27015,0.));
#15236=CARTESIAN_POINT('',(-0.255,0.284254835523002,0.));
#15237=CARTESIAN_POINT('',(-0.255,0.256045164476998,0.));
#15238=CARTESIAN_POINT('',(-0.24358832077427,0.263097582238499,0.));
#15239=CARTESIAN_POINT('',(-0.23217664154854,0.27015,0.));
#15240=CARTESIAN_POINT('',(-0.24358832077427,0.277202417761501,0.));
#15241=CARTESIAN_POINT('',(-0.165002347399334,0.240194893474376,0.));
#15242=CARTESIAN_POINT('',(-0.173504694798668,0.25395,0.));
#15243=CARTESIAN_POINT('',(-0.1565,0.226439786948751,0.));
#15244=CARTESIAN_POINT('',(-0.1565,0.240194893474376,0.));
#15245=CARTESIAN_POINT('',(-0.1565,0.25395,0.));
#15246=CARTESIAN_POINT('',(-0.165002347399334,0.25395,0.));
#15247=CARTESIAN_POINT('',(-0.209102347399334,0.22455,0.));
#15248=CARTESIAN_POINT('',(-0.211704694798668,0.22455,0.));
#15249=CARTESIAN_POINT('',(-0.2065,0.22455,0.));
#15250=CARTESIAN_POINT('',(-0.2065,0.228760080347614,0.));
#15251=CARTESIAN_POINT('',(-0.2065,0.232970160695228,0.));
#15252=CARTESIAN_POINT('',(-0.209102347399335,0.228760080347614,0.));
#15253=CARTESIAN_POINT('',(-0.209102347399335,0.311539919652386,0.));
#15254=CARTESIAN_POINT('',(-0.211704694798668,0.31575,0.));
#15255=CARTESIAN_POINT('',(-0.2065,0.307329839304772,0.));
#15256=CARTESIAN_POINT('',(-0.2065,0.311539919652386,0.));
#15257=CARTESIAN_POINT('',(-0.2065,0.31575,0.));
#15258=CARTESIAN_POINT('',(-0.209102347399335,0.31575,0.));
#15259=CARTESIAN_POINT('',(-0.317309027777778,0.245906076388889,0.));
#15260=CARTESIAN_POINT('',(-0.317710069444444,0.246356597222222,-8.470329472543E-22));
#15261=CARTESIAN_POINT('',(-0.316908251644746,0.245455853849834,-4.2351647362715E-22));
#15262=CARTESIAN_POINT('',(-0.319002655965958,0.247523699980805,-8.470329472543E-22));
#15263=CARTESIAN_POINT('',(-0.316256631638262,0.24646411740995,2.49999998497611E-10));
#15264=CARTESIAN_POINT('',(-0.319397344795989,0.247647963005027,-8.470329472543E-22));
#15265=CARTESIAN_POINT('',(-0.316040333428908,0.247679510102937,2.50000000031566E-10));
#15266=CARTESIAN_POINT('',(-0.316039930555556,0.247685590277778,0.));
#15267=CARTESIAN_POINT('',(-0.316039930555556,0.247691666666667,-8.470329472543E-22));
#15268=CARTESIAN_POINT('',(-0.316576388888889,0.247691666666667,0.));
#15269=CARTESIAN_POINT('',(-0.317112847222222,0.247691666666667,-8.470329472543E-22));
#15270=CARTESIAN_POINT('',(-0.317112847222222,0.247669965277778,0.));
#15271=CARTESIAN_POINT('',(-0.317112832036916,0.247648263895366,2.49999999471993E-10));
#15272=CARTESIAN_POINT('',(-0.318886067533162,0.247647507612115,-8.470329472543E-22));
#15273=CARTESIAN_POINT('',(-0.317254340277778,0.246952951388889,-8.470329472543E-22));
#15274=CARTESIAN_POINT('',(-0.317710069444444,0.246356597222222,-8.470329472543E-22));
#15275=CARTESIAN_POINT('',(-0.317395833333334,0.246617013888889,-8.470329472543E-22));
#15276=CARTESIAN_POINT('',(-0.317254340277778,0.246952951388889,-8.470329472543E-22));
#15277=CARTESIAN_POINT('',(-0.318833333333334,0.257999826388889,0.));
#15278=CARTESIAN_POINT('',(-0.316170138888889,0.256893055555555,-8.470329472543E-22));
#15279=CARTESIAN_POINT('',(-0.321496527777778,0.259106597222222,-8.470329472543E-22));
#15280=CARTESIAN_POINT('',(-0.322831597222223,0.259106597222222,0.));
#15281=CARTESIAN_POINT('',(-0.324166666666666,0.259106597222222,-8.470329472543E-22));
#15282=CARTESIAN_POINT('',(-0.324166666666666,0.258445138888889,0.));
#15283=CARTESIAN_POINT('',(-0.324166666666666,0.257783680555556,-8.470329472543E-22));
#15284=CARTESIAN_POINT('',(-0.3225390625,0.257783680555556,0.));
#15285=CARTESIAN_POINT('',(-0.320911458333334,0.257783680555556,-8.470329472543E-22));
#15286=CARTESIAN_POINT('',(-0.318540798611111,0.2565953125,0.));
#15287=CARTESIAN_POINT('',(-0.316170138888889,0.255406944444445,0.));
#15288=CARTESIAN_POINT('',(-0.316170138888889,0.25615,0.));
#15289=CARTESIAN_POINT('',(-0.321784722222223,0.250794097222222,-8.470329472543E-22));
#15290=CARTESIAN_POINT('',(-0.3210625,0.251011111111111,-8.470329472543E-22));
#15291=CARTESIAN_POINT('',(-0.320130208333334,0.251011111111111,-8.470329472543E-22));
#15292=CARTESIAN_POINT('',(-0.320130208333334,0.251011111111111,-1.6940658945086E-21));
#15293=CARTESIAN_POINT('',(-0.321784722222223,0.250794097222222,-1.6940658945086E-21));
#15294=CARTESIAN_POINT('',(-0.323016493055556,0.250197743055555,-8.470329472543E-22));
#15295=CARTESIAN_POINT('',(-0.322506944444444,0.250577083333334,-8.470329472543E-22));
#15296=CARTESIAN_POINT('',(-0.321784722222223,0.250794097222222,-8.470329472543E-22));
#15297=CARTESIAN_POINT('',(-0.323016493055556,0.250197743055555,-1.6940658945086E-21));
#15298=CARTESIAN_POINT('',(-0.321305682367534,0.247863907155735,-8.470329472543E-22));
#15299=CARTESIAN_POINT('',(-0.323824802152744,0.24928636910557,-4.2351647362715E-22));
#15300=CARTESIAN_POINT('',(-0.321117495283703,0.247768573422017,-8.470329472543E-22));
#15301=CARTESIAN_POINT('',(-0.324199346977559,0.248136111111111,-4.2351647362715E-22));
#15302=CARTESIAN_POINT('',(-0.323705729166667,0.248136111111111,0.));
#15303=CARTESIAN_POINT('',(-0.323212179974582,0.248136111111111,0.));
#15304=CARTESIAN_POINT('',(-0.321687311822531,0.24771863943712,-8.470329472543E-22));
#15305=CARTESIAN_POINT('',(-0.322896701388889,0.248737673611111,-1.6940658945086E-21));
#15306=CARTESIAN_POINT('',(-0.322283854166666,0.249226388888889,-8.470329472543E-22));
#15307=CARTESIAN_POINT('',(-0.322668402777778,0.249014583333334,-8.470329472543E-22));
#15308=CARTESIAN_POINT('',(-0.322896701388889,0.248737673611111,-8.470329472543E-22));
#15309=CARTESIAN_POINT('',(-0.322283854166666,0.249226388888889,-1.6940658945086E-21));
#15310=CARTESIAN_POINT('',(-0.3213671875,0.249557118055555,-8.470329472543E-22));
#15311=CARTESIAN_POINT('',(-0.321899305555556,0.249438194444445,-8.470329472543E-22));
#15312=CARTESIAN_POINT('',(-0.322283854166666,0.249226388888889,-8.470329472543E-22));
#15313=CARTESIAN_POINT('',(-0.3213671875,0.249557118055555,-1.6940658945086E-21));
#15314=CARTESIAN_POINT('',(-0.320130208333334,0.249688194444445,-8.470329472543E-22));
#15315=CARTESIAN_POINT('',(-0.320835069444444,0.249676041666666,-8.470329472543E-22));
#15316=CARTESIAN_POINT('',(-0.3213671875,0.249557118055555,-8.470329472543E-22));
#15317=CARTESIAN_POINT('',(-0.320130208333334,0.249688194444445,-1.6940658945086E-21));
#15318=CARTESIAN_POINT('',(-0.318909722222223,0.249557118055555,-8.470329472543E-22));
#15319=CARTESIAN_POINT('',(-0.319425347222223,0.249676041666666,-8.470329472543E-22));
#15320=CARTESIAN_POINT('',(-0.320130208333334,0.249688194444445,-8.470329472543E-22));
#15321=CARTESIAN_POINT('',(-0.318909722222223,0.249557118055555,-1.6940658945086E-21));
#15322=CARTESIAN_POINT('',(-0.318030381944444,0.249226388888889,-8.470329472543E-22));
#15323=CARTESIAN_POINT('',(-0.318394097222223,0.249438194444445,-8.470329472543E-22));
#15324=CARTESIAN_POINT('',(-0.318909722222223,0.249557118055555,-8.470329472543E-22));
#15325=CARTESIAN_POINT('',(-0.318030381944444,0.249226388888889,-1.6940658945086E-21));
#15326=CARTESIAN_POINT('',(-0.3174609375,0.248737673611111,-8.470329472543E-22));
#15327=CARTESIAN_POINT('',(-0.317666666666666,0.249014583333334,-8.470329472543E-22));
#15328=CARTESIAN_POINT('',(-0.318030381944444,0.249226388888889,-8.470329472543E-22));
#15329=CARTESIAN_POINT('',(-0.3174609375,0.248737673611111,-1.6940658945086E-21));
#15330=CARTESIAN_POINT('',(-0.318873138648394,0.247678167199946,-8.470329472543E-22));
#15331=CARTESIAN_POINT('',(-0.317168299840859,0.248136111111111,0.));
#15332=CARTESIAN_POINT('',(-0.316625868055555,0.248136111111111,0.));
#15333=CARTESIAN_POINT('',(-0.316083671235609,0.248136111111111,-4.2351647362715E-22));
#15334=CARTESIAN_POINT('',(-0.319199388780943,0.24777430007143,-8.470329472543E-22));
#15335=CARTESIAN_POINT('',(-0.316451251450706,0.249286360626099,2.49999998081059E-10));
#15336=CARTESIAN_POINT('',(-0.318951655214108,0.247900093705928,-8.470329472543E-22));
#15337=CARTESIAN_POINT('',(-0.317249131944445,0.250197743055555,-1.6940658945086E-21));
#15338=CARTESIAN_POINT('',(-0.318474826388889,0.250794097222222,-8.470329472543E-22));
#15339=CARTESIAN_POINT('',(-0.317753472222222,0.250577083333334,-8.470329472543E-22));
#15340=CARTESIAN_POINT('',(-0.317249131944445,0.250197743055555,-8.470329472543E-22));
#15341=CARTESIAN_POINT('',(-0.318474826388889,0.250794097222222,-8.470329472543E-22));
#15342=CARTESIAN_POINT('',(-0.320130208333334,0.251011111111111,-8.470329472543E-22));
#15343=CARTESIAN_POINT('',(-0.319196180555555,0.251011111111111,-8.470329472543E-22));
#15344=CARTESIAN_POINT('',(-0.318474826388889,0.250794097222222,-8.470329472543E-22));
#15345=CARTESIAN_POINT('',(-0.320168402777778,0.243186458333333,0.));
#15346=CARTESIAN_POINT('',(-0.316170138888889,0.243186458333333,-8.470329472543E-22));
#15347=CARTESIAN_POINT('',(-0.324166666666666,0.243186458333333,-8.470329472543E-22));
#15348=CARTESIAN_POINT('',(-0.324166666666666,0.242535416666667,0.));
#15349=CARTESIAN_POINT('',(-0.324166666666666,0.241884375,-8.470329472543E-22));
#15350=CARTESIAN_POINT('',(-0.320168402777778,0.241884375,0.));
#15351=CARTESIAN_POINT('',(-0.316170138888889,0.241884375,0.));
#15352=CARTESIAN_POINT('',(-0.316170138888889,0.242535416666667,0.));
#15353=CARTESIAN_POINT('',(-0.320168402777778,0.291507638888889,0.));
#15354=CARTESIAN_POINT('',(-0.316170138888889,0.291507638888889,-8.470329472543E-22));
#15355=CARTESIAN_POINT('',(-0.324166666666666,0.291507638888889,-8.470329472543E-22));
#15356=CARTESIAN_POINT('',(-0.324166666666666,0.2908453125,0.));
#15357=CARTESIAN_POINT('',(-0.324166666666666,0.290182986111111,-8.470329472543E-22));
#15358=CARTESIAN_POINT('',(-0.321415798611111,0.290182986111111,0.));
#15359=CARTESIAN_POINT('',(-0.318664930555556,0.290182986111111,-8.470329472543E-22));
#15360=CARTESIAN_POINT('',(-0.320889756944445,0.2892828125,0.));
#15361=CARTESIAN_POINT('',(-0.323114583333334,0.288382638888889,-8.470329472543E-22));
#15362=CARTESIAN_POINT('',(-0.323114583333334,0.288209027777778,0.));
#15363=CARTESIAN_POINT('',(-0.323114583333334,0.288035416666666,-8.470329472543E-22));
#15364=CARTESIAN_POINT('',(-0.322110243055556,0.288035416666666,0.));
#15365=CARTESIAN_POINT('',(-0.321105902777778,0.288035416666666,-8.470329472543E-22));
#15366=CARTESIAN_POINT('',(-0.318638020833334,0.289109201388889,0.));
#15367=CARTESIAN_POINT('',(-0.316170138888889,0.290182986111111,0.));
#15368=CARTESIAN_POINT('',(-0.316170138888889,0.2908453125,0.));
#15369=CARTESIAN_POINT('',(-0.320168402777778,0.282089236111111,0.));
#15370=CARTESIAN_POINT('',(-0.316170138888889,0.282089236111111,-8.470329472543E-22));
#15371=CARTESIAN_POINT('',(-0.324166666666666,0.282089236111111,-8.470329472543E-22));
#15372=CARTESIAN_POINT('',(-0.324166666666666,0.281427777777778,0.));
#15373=CARTESIAN_POINT('',(-0.324166666666666,0.280766319444444,-8.470329472543E-22));
#15374=CARTESIAN_POINT('',(-0.320168402777778,0.280766319444444,0.));
#15375=CARTESIAN_POINT('',(-0.316170138888889,0.280766319444444,0.));
#15376=CARTESIAN_POINT('',(-0.316170138888889,0.281427777777778,0.));
#15377=CARTESIAN_POINT('',(-0.323672743055555,0.280320138888889,0.));
#15378=CARTESIAN_POINT('',(-0.323178819444444,0.280320138888889,-8.470329472543E-22));
#15379=CARTESIAN_POINT('',(-0.324166666666666,0.280320138888889,-8.470329472543E-22));
#15380=CARTESIAN_POINT('',(-0.324166666666666,0.278703819444445,0.));
#15381=CARTESIAN_POINT('',(-0.324166666666666,0.2770875,-8.470329472543E-22));
#15382=CARTESIAN_POINT('',(-0.323672743055555,0.2770875,0.));
#15383=CARTESIAN_POINT('',(-0.323178819444444,0.2770875,0.));
#15384=CARTESIAN_POINT('',(-0.323178819444444,0.278703819444445,0.));
#15385=CARTESIAN_POINT('',(-0.316170138888889,0.272709027777778,0.));
#15386=CARTESIAN_POINT('',(-0.316170138888889,0.269665625,-8.470329472543E-22));
#15387=CARTESIAN_POINT('',(-0.316170138888889,0.275752430555555,-8.470329472543E-22));
#15388=CARTESIAN_POINT('',(-0.316614583333334,0.275752430555555,0.));
#15389=CARTESIAN_POINT('',(-0.317059027777778,0.275752430555555,-8.470329472543E-22));
#15390=CARTESIAN_POINT('',(-0.317059027777778,0.274558854166667,0.));
#15391=CARTESIAN_POINT('',(-0.317059027777778,0.273365277777778,-8.470329472543E-22));
#15392=CARTESIAN_POINT('',(-0.320612847222222,0.273365277777778,0.));
#15393=CARTESIAN_POINT('',(-0.324166666666666,0.273365277777778,-8.470329472543E-22));
#15394=CARTESIAN_POINT('',(-0.324166666666666,0.272709027777778,0.));
#15395=CARTESIAN_POINT('',(-0.324166666666666,0.272052777777778,-8.470329472543E-22));
#15396=CARTESIAN_POINT('',(-0.320612847222222,0.272052777777778,0.));
#15397=CARTESIAN_POINT('',(-0.317059027777778,0.272052777777778,-8.470329472543E-22));
#15398=CARTESIAN_POINT('',(-0.317059027777778,0.270859201388889,0.));
#15399=CARTESIAN_POINT('',(-0.317059027777778,0.269665625,0.));
#15400=CARTESIAN_POINT('',(-0.316614583333334,0.269665625,0.));
#15401=CARTESIAN_POINT('',(-0.318649305555555,0.295901736111111,0.));
#15402=CARTESIAN_POINT('',(-0.316170138888889,0.294827083333334,-8.470329472543E-22));
#15403=CARTESIAN_POINT('',(-0.321128472222223,0.296976388888889,-8.470329472543E-22));
#15404=CARTESIAN_POINT('',(-0.322121527777778,0.296976388888889,0.));
#15405=CARTESIAN_POINT('',(-0.323114583333334,0.296976388888889,-8.470329472543E-22));
#15406=CARTESIAN_POINT('',(-0.323114583333334,0.296796701388889,0.));
#15407=CARTESIAN_POINT('',(-0.323114583333334,0.296617013888889,-8.470329472543E-22));
#15408=CARTESIAN_POINT('',(-0.320889756944445,0.295722048611111,0.));
#15409=CARTESIAN_POINT('',(-0.318664930555556,0.294827083333334,-8.470329472543E-22));
#15410=CARTESIAN_POINT('',(-0.321415798611111,0.294827083333334,0.));
#15411=CARTESIAN_POINT('',(-0.324166666666666,0.294827083333334,-8.470329472543E-22));
#15412=CARTESIAN_POINT('',(-0.324166666666666,0.294165625,0.));
#15413=CARTESIAN_POINT('',(-0.324166666666666,0.293504166666667,-8.470329472543E-22));
#15414=CARTESIAN_POINT('',(-0.320168402777778,0.293504166666667,0.));
#15415=CARTESIAN_POINT('',(-0.316170138888889,0.293504166666667,0.));
#15416=CARTESIAN_POINT('',(-0.316170138888889,0.294165625,0.));
#15417=CARTESIAN_POINT('',(-0.318833333333334,0.3050484375,0.));
#15418=CARTESIAN_POINT('',(-0.316170138888889,0.303941666666666,-8.470329472543E-22));
#15419=CARTESIAN_POINT('',(-0.321496527777778,0.306155208333334,-8.470329472543E-22));
#15420=CARTESIAN_POINT('',(-0.322831597222223,0.306155208333334,0.));
#15421=CARTESIAN_POINT('',(-0.324166666666666,0.306155208333334,-8.470329472543E-22));
#15422=CARTESIAN_POINT('',(-0.324166666666666,0.30549375,0.));
#15423=CARTESIAN_POINT('',(-0.324166666666666,0.304832291666666,-8.470329472543E-22));
#15424=CARTESIAN_POINT('',(-0.3225390625,0.304832291666666,0.));
#15425=CARTESIAN_POINT('',(-0.320911458333334,0.304832291666666,-8.470329472543E-22));
#15426=CARTESIAN_POINT('',(-0.318540798611111,0.303643923611111,0.));
#15427=CARTESIAN_POINT('',(-0.316170138888889,0.302455555555555,0.));
#15428=CARTESIAN_POINT('',(-0.316170138888889,0.303198611111111,0.));
#15429=CARTESIAN_POINT('',(-0.316709301411113,0.311259805438471,-8.470329472543E-22));
#15430=CARTESIAN_POINT('',(-0.31740625,0.310203819444444,-1.6940658945086E-21));
#15431=CARTESIAN_POINT('',(-0.317297688544112,0.310138820728418,8.80095512516716E-16));
#15432=CARTESIAN_POINT('',(-0.312765218126923,0.318345452939938,-8.470329472543E-22));
#15433=CARTESIAN_POINT('',(-0.317053818216492,0.310008509456085,-1.01643953670516E-21));
#15434=CARTESIAN_POINT('',(-0.31690026498538,0.309929125548245,0.));
#15435=CARTESIAN_POINT('',(-0.316739583357281,0.309846180437367,-8.470329472543E-22));
#15436=CARTESIAN_POINT('',(-0.312438237355526,0.318151165750697,-8.470329472543E-22));
#15437=CARTESIAN_POINT('',(-0.316430555555555,0.309693402777778,-1.6940658945086E-21));
#15438=CARTESIAN_POINT('',(-0.316142361111111,0.310491145833334,-8.470329472543E-22));
#15439=CARTESIAN_POINT('',(-0.316234375,0.309997222222223,-8.470329472543E-22));
#15440=CARTESIAN_POINT('',(-0.316430555555555,0.309693402777778,-8.470329472543E-22));
#15441=CARTESIAN_POINT('',(-0.316142361111111,0.310491145833334,-1.6940658945086E-21));
#15442=CARTESIAN_POINT('',(-0.322054397502079,0.311607783085995,-8.470329472543E-22));
#15443=CARTESIAN_POINT('',(-0.316039762357947,0.3114625,-4.2351647362715E-22));
#15444=CARTESIAN_POINT('',(-0.316587673611111,0.3114625,0.));
#15445=CARTESIAN_POINT('',(-0.317135416666667,0.3114625,-1.6940658945086E-21));
#15446=CARTESIAN_POINT('',(-0.317145833333334,0.310908680555555,-8.470329472543E-22));
#15447=CARTESIAN_POINT('',(-0.317112847222222,0.311125694444444,-8.470329472543E-22));
#15448=CARTESIAN_POINT('',(-0.317135416666667,0.3114625,-8.470329472543E-22));
#15449=CARTESIAN_POINT('',(-0.317145833333334,0.310908680555555,-1.6940658945086E-21));
#15450=CARTESIAN_POINT('',(-0.319233363595964,0.311190633315284,-8.470329472543E-22));
#15451=CARTESIAN_POINT('',(-0.317227442948447,0.310551043797427,2.5000000000024E-10));
#15452=CARTESIAN_POINT('',(-0.318072817113851,0.310815121174913,-8.470329472543E-22));
#15453=CARTESIAN_POINT('',(-0.317330444796992,0.310333828862979,2.49999873035158E-10));
#15454=CARTESIAN_POINT('',(-0.31682060893699,0.30994755030331,-8.470329472543E-22));
#15455=CARTESIAN_POINT('',(-0.323168402777778,0.313887847222223,0.));
#15456=CARTESIAN_POINT('',(-0.32270198666328,0.313773410554725,-4.2351647362715E-22));
#15457=CARTESIAN_POINT('',(-0.323635855402406,0.314002538200756,-4.2351647362715E-22));
#15458=CARTESIAN_POINT('',(-0.322278116937622,0.312847807423856,-8.470329472543E-22));
#15459=CARTESIAN_POINT('',(-0.323911305765434,0.31356226005569,5.02225669528247E-16));
#15460=CARTESIAN_POINT('',(-0.32128535006644,0.312385334938818,-8.470329472543E-22));
#15461=CARTESIAN_POINT('',(-0.324091100324217,0.31302585765277,-4.23516473662216E-22));
#15462=CARTESIAN_POINT('',(-0.319843434936524,0.312038649796151,-8.470329472543E-22));
#15463=CARTESIAN_POINT('',(-0.324183154061236,0.312466839694579,2.49999999995881E-10));
#15464=CARTESIAN_POINT('',(-0.318650670590513,0.311918919448532,-8.470329472543E-22));
#15465=CARTESIAN_POINT('',(-0.324210106159939,0.311929513958857,2.49999999688432E-10));
#15466=CARTESIAN_POINT('',(-0.324210069444444,0.311918229166667,0.));
#15467=CARTESIAN_POINT('',(-0.324210069444444,0.311906944444445,-8.470329472543E-22));
#15468=CARTESIAN_POINT('',(-0.323694444444445,0.311906944444445,0.));
#15469=CARTESIAN_POINT('',(-0.323178819444444,0.311906944444445,-8.470329472543E-22));
#15470=CARTESIAN_POINT('',(-0.323178819444444,0.3119234375,0.));
#15471=CARTESIAN_POINT('',(-0.323178955607905,0.311939931687229,2.49999999962508E-10));
#15472=CARTESIAN_POINT('',(-0.32043280226764,0.311917108016899,-8.470329472543E-22));
#15473=CARTESIAN_POINT('',(-0.323135298715808,0.31240692278014,-8.47033590699439E-22));
#15474=CARTESIAN_POINT('',(-0.318248192112637,0.311555580729609,-8.470329472543E-22));
#15475=CARTESIAN_POINT('',(-0.32302168710508,0.312906072352726,2.49999955716113E-10));
#15476=CARTESIAN_POINT('',(-0.315046203311561,0.310662052252874,-8.470329472543E-22));
#15477=CARTESIAN_POINT('',(-0.32286955739296,0.313388637743976,4.11476213187361E-16));
#15478=CARTESIAN_POINT('',(-0.320643216975129,0.312649616159176,-8.470329472543E-22));
#15479=CARTESIAN_POINT('',(-0.313009548611111,0.257575347222222,0.));
#15480=CARTESIAN_POINT('',(-0.314583333333334,0.256663888888889,-8.470329472543E-22));
#15481=CARTESIAN_POINT('',(-0.311435763888889,0.258486805555555,-1.6940658945086E-21));
#15482=CARTESIAN_POINT('',(-0.309219669939046,0.259408352407406,-8.470329472543E-22));
#15483=CARTESIAN_POINT('',(-0.310536458333334,0.257402604166666,-1.6940658945086E-21));
#15484=CARTESIAN_POINT('',(-0.309060763888889,0.257000694444444,-8.470329472543E-22));
#15485=CARTESIAN_POINT('',(-0.309928819444445,0.257000694444444,-8.470329472543E-22));
#15486=CARTESIAN_POINT('',(-0.310536458333334,0.257402604166666,-8.470329472543E-22));
#15487=CARTESIAN_POINT('',(-0.309060763888889,0.257000694444444,-1.6940658945086E-21));
#15488=CARTESIAN_POINT('',(-0.3080234375,0.257244618055555,-8.470329472543E-22));
#15489=CARTESIAN_POINT('',(-0.308484375,0.257000694444444,-8.470329472543E-22));
#15490=CARTESIAN_POINT('',(-0.309060763888889,0.257000694444444,-8.470329472543E-22));
#15491=CARTESIAN_POINT('',(-0.3080234375,0.257244618055555,-1.6940658945086E-21));
#15492=CARTESIAN_POINT('',(-0.309205486830138,0.2594999504852,-8.470329472543E-22));
#15493=CARTESIAN_POINT('',(-0.307236932519011,0.257885204815362,2.49999999079094E-10));
#15494=CARTESIAN_POINT('',(-0.309347085758833,0.2596139531349,-8.470329472543E-22));
#15495=CARTESIAN_POINT('',(-0.306749309825417,0.258781362759036,-8.470329472543E-22));
#15496=CARTESIAN_POINT('',(-0.309826298516446,0.259795095540232,-8.470329472543E-22));
#15497=CARTESIAN_POINT('',(-0.306586716008064,0.259788888717322,2.50000000021403E-10));
#15498=CARTESIAN_POINT('',(-0.306586805555556,0.260065798611111,0.));
#15499=CARTESIAN_POINT('',(-0.306586805555556,0.260342708333334,-8.470329472543E-22));
#15500=CARTESIAN_POINT('',(-0.307079861111111,0.260342708333334,0.));
#15501=CARTESIAN_POINT('',(-0.307572916666666,0.260342708333334,-8.470329472543E-22));
#15502=CARTESIAN_POINT('',(-0.307572916666666,0.260077083333334,0.));
#15503=CARTESIAN_POINT('',(-0.307572916666666,0.259811458333334,-1.6940658945086E-21));
#15504=CARTESIAN_POINT('',(-0.307730902777778,0.259007638888889,-8.470329472543E-22));
#15505=CARTESIAN_POINT('',(-0.307572916666666,0.259311458333334,-8.470329472543E-22));
#15506=CARTESIAN_POINT('',(-0.307572916666666,0.259811458333334,-8.470329472543E-22));
#15507=CARTESIAN_POINT('',(-0.307730902777778,0.259007638888889,-1.6940658945086E-21));
#15508=CARTESIAN_POINT('',(-0.308121527777778,0.258536284722223,-8.470329472543E-22));
#15509=CARTESIAN_POINT('',(-0.307888888888889,0.258703819444444,-8.470329472543E-22));
#15510=CARTESIAN_POINT('',(-0.307730902777778,0.259007638888889,-8.470329472543E-22));
#15511=CARTESIAN_POINT('',(-0.308121527777778,0.258536284722223,-1.6940658945086E-21));
#15512=CARTESIAN_POINT('',(-0.30889312994095,0.259578225584321,-8.470329472543E-22));
#15513=CARTESIAN_POINT('',(-0.308609390085636,0.258314122768366,2.49999999996032E-10));
#15514=CARTESIAN_POINT('',(-0.309104262256382,0.260462581307368,-8.470329472543E-22));
#15515=CARTESIAN_POINT('',(-0.309060763888889,0.258259375,-1.6940658945086E-21));
#15516=CARTESIAN_POINT('',(-0.309879340277778,0.258379166666666,-8.470329472543E-22));
#15517=CARTESIAN_POINT('',(-0.309548611111111,0.258259375,-8.470329472543E-22));
#15518=CARTESIAN_POINT('',(-0.309060763888889,0.258259375,-8.470329472543E-22));
#15519=CARTESIAN_POINT('',(-0.309879340277778,0.258379166666666,-1.6940658945086E-21));
#15520=CARTESIAN_POINT('',(-0.310394965277778,0.258694270833334,-8.470329472543E-22));
#15521=CARTESIAN_POINT('',(-0.310210069444444,0.258498958333334,-8.470329472543E-22));
#15522=CARTESIAN_POINT('',(-0.309879340277778,0.258379166666666,-8.470329472543E-22));
#15523=CARTESIAN_POINT('',(-0.310394965277778,0.258694270833334,-1.6940658945086E-21));
#15524=CARTESIAN_POINT('',(-0.309550584957314,0.259511051781517,-8.470329472543E-22));
#15525=CARTESIAN_POINT('',(-0.310660614561005,0.25912829039427,2.49999999991698E-10));
#15526=CARTESIAN_POINT('',(-0.309261676047379,0.259611625041018,-8.470329472543E-22));
#15527=CARTESIAN_POINT('',(-0.310741409007827,0.259604860701688,2.4999999995959E-10));
#15528=CARTESIAN_POINT('',(-0.310741319444444,0.259973784722222,0.));
#15529=CARTESIAN_POINT('',(-0.310741319444444,0.260342708333334,-8.470329472543E-22));
#15530=CARTESIAN_POINT('',(-0.31121875,0.260342708333334,0.));
#15531=CARTESIAN_POINT('',(-0.311696180555555,0.260342708333334,-8.470329472543E-22));
#15532=CARTESIAN_POINT('',(-0.311696180555555,0.260127647569445,0.));
#15533=CARTESIAN_POINT('',(-0.311696093960183,0.259735067901296,2.49999999986896E-10));
#15534=CARTESIAN_POINT('',(-0.310748169633627,0.259718175682729,-8.470329472543E-22));
#15535=CARTESIAN_POINT('',(-0.311691085180211,0.259621342566397,-8.470329472543E-22));
#15536=CARTESIAN_POINT('',(-0.312196718113358,0.259548141538562,-8.470329472543E-22));
#15537=CARTESIAN_POINT('',(-0.311685735898986,0.259551056240199,-4.2351647362715E-22));
#15538=CARTESIAN_POINT('',(-0.313134548611111,0.258796701388889,0.));
#15539=CARTESIAN_POINT('',(-0.314583333333334,0.258042361111111,0.));
#15540=CARTESIAN_POINT('',(-0.314583333333334,0.257353125,0.));
#15541=CARTESIAN_POINT('',(-0.310590277777778,0.265139583333334,0.));
#15542=CARTESIAN_POINT('',(-0.314583333333334,0.263750694444444,-8.470329472543E-22));
#15543=CARTESIAN_POINT('',(-0.306597222222223,0.266528472222222,-8.470329472543E-22));
#15544=CARTESIAN_POINT('',(-0.306597222222223,0.267174305555555,0.));
#15545=CARTESIAN_POINT('',(-0.306597222222223,0.267820138888889,-8.470329472543E-22));
#15546=CARTESIAN_POINT('',(-0.310590277777778,0.269219444444444,0.));
#15547=CARTESIAN_POINT('',(-0.314583333333334,0.27061875,-8.470329472543E-22));
#15548=CARTESIAN_POINT('',(-0.314583333333334,0.269940798611111,0.));
#15549=CARTESIAN_POINT('',(-0.314583333333334,0.269262847222222,-8.470329472543E-22));
#15550=CARTESIAN_POINT('',(-0.311588541666666,0.268215972222222,0.));
#15551=CARTESIAN_POINT('',(-0.30859375,0.267169097222222,-8.470329472543E-22));
#15552=CARTESIAN_POINT('',(-0.311588541666666,0.266132638888889,0.));
#15553=CARTESIAN_POINT('',(-0.314583333333334,0.265096180555556,0.));
#15554=CARTESIAN_POINT('',(-0.314583333333334,0.2644234375,0.));
#15555=CARTESIAN_POINT('',(-0.306586805555556,0.2749,0.));
#15556=CARTESIAN_POINT('',(-0.306586805555556,0.271856597222222,-8.470329472543E-22));
#15557=CARTESIAN_POINT('',(-0.306586805555556,0.277943402777778,-8.470329472543E-22));
#15558=CARTESIAN_POINT('',(-0.30703125,0.277943402777778,0.));
#15559=CARTESIAN_POINT('',(-0.307475694444445,0.277943402777778,-8.470329472543E-22));
#15560=CARTESIAN_POINT('',(-0.307475694444445,0.276749826388889,0.));
#15561=CARTESIAN_POINT('',(-0.307475694444445,0.27555625,-8.470329472543E-22));
#15562=CARTESIAN_POINT('',(-0.311029513888889,0.27555625,0.));
#15563=CARTESIAN_POINT('',(-0.314583333333334,0.27555625,-8.470329472543E-22));
#15564=CARTESIAN_POINT('',(-0.314583333333334,0.2749,0.));
#15565=CARTESIAN_POINT('',(-0.314583333333334,0.27424375,-8.470329472543E-22));
#15566=CARTESIAN_POINT('',(-0.311029513888889,0.27424375,0.));
#15567=CARTESIAN_POINT('',(-0.307475694444445,0.27424375,-8.470329472543E-22));
#15568=CARTESIAN_POINT('',(-0.307475694444445,0.273050173611111,0.));
#15569=CARTESIAN_POINT('',(-0.307475694444445,0.271856597222222,0.));
#15570=CARTESIAN_POINT('',(-0.30703125,0.271856597222222,0.));
#15571=CARTESIAN_POINT('',(-0.313585069444444,0.283386111111111,0.));
#15572=CARTESIAN_POINT('',(-0.313118653333769,0.283271674452283,-8.470329472543E-22));
#15573=CARTESIAN_POINT('',(-0.314052522069072,0.283500802089644,-4.2351647362715E-22));
#15574=CARTESIAN_POINT('',(-0.31269478360429,0.282346071312745,-8.470329472543E-22));
#15575=CARTESIAN_POINT('',(-0.314327972432099,0.283060523944579,5.02248440217604E-16));
#15576=CARTESIAN_POINT('',(-0.311702016733629,0.281883598827968,-8.470329472543E-22));
#15577=CARTESIAN_POINT('',(-0.314507766987935,0.282524121554528,-8.47032947212269E-22));
#15578=CARTESIAN_POINT('',(-0.310260101600447,0.281536913684588,-8.470329472543E-22));
#15579=CARTESIAN_POINT('',(-0.314599820727903,0.281965103583467,2.49999999972688E-10));
#15580=CARTESIAN_POINT('',(-0.309067337261328,0.281417183337628,-8.470329472543E-22));
#15581=CARTESIAN_POINT('',(-0.314626772826604,0.281427777847746,2.49999999688832E-10));
#15582=CARTESIAN_POINT('',(-0.314626736111111,0.281416493055555,0.));
#15583=CARTESIAN_POINT('',(-0.314626736111111,0.281405208333334,-8.470329472543E-22));
#15584=CARTESIAN_POINT('',(-0.314111111111111,0.281405208333334,0.));
#15585=CARTESIAN_POINT('',(-0.313595486111111,0.281405208333334,-8.470329472543E-22));
#15586=CARTESIAN_POINT('',(-0.313595486111111,0.281421701388889,0.));
#15587=CARTESIAN_POINT('',(-0.313595622274571,0.281438195576118,2.49999999936605E-10));
#15588=CARTESIAN_POINT('',(-0.310849468934305,0.281415371905788,-8.470329472543E-22));
#15589=CARTESIAN_POINT('',(-0.313551965345842,0.281905186874216,1.5561487423039E-15));
#15590=CARTESIAN_POINT('',(-0.308664858779814,0.281053844618605,-8.470329472543E-22));
#15591=CARTESIAN_POINT('',(-0.313438353771746,0.282404336241615,2.49999955829404E-10));
#15592=CARTESIAN_POINT('',(-0.305462869978196,0.280160316141749,-8.470329472543E-22));
#15593=CARTESIAN_POINT('',(-0.313286223785836,0.282886902454759,-8.470329472543E-22));
#15594=CARTESIAN_POINT('',(-0.311059883641775,0.282147880048057,-8.470329472543E-22));
#15595=CARTESIAN_POINT('',(-0.320168402777778,0.234658680555555,0.));
#15596=CARTESIAN_POINT('',(-0.324166666666666,0.234658680555555,-8.470329472543E-22));
#15597=CARTESIAN_POINT('',(-0.316170138888889,0.234658680555555,-8.470329472543E-22));
#15598=CARTESIAN_POINT('',(-0.316170138888889,0.235320138888889,0.));
#15599=CARTESIAN_POINT('',(-0.316170138888889,0.235981597222222,-8.470329472543E-22));
#15600=CARTESIAN_POINT('',(-0.320168402777778,0.235981597222222,0.));
#15601=CARTESIAN_POINT('',(-0.324166666666666,0.235981597222222,0.));
#15602=CARTESIAN_POINT('',(-0.324166666666666,0.235320138888889,0.));
#15603=CARTESIAN_POINT('',(-0.316170138888889,0.230540625,0.));
#15604=CARTESIAN_POINT('',(-0.316170138888889,0.230209027777778,-8.470329472543E-22));
#15605=CARTESIAN_POINT('',(-0.316170138888889,0.230872222222222,-8.470329472543E-22));
#15606=CARTESIAN_POINT('',(-0.316663194444444,0.230872222222222,0.));
#15607=CARTESIAN_POINT('',(-0.31715625,0.230872222222222,-8.470329472543E-22));
#15608=CARTESIAN_POINT('',(-0.31715625,0.230714236111111,0.));
#15609=CARTESIAN_POINT('',(-0.31715625,0.23055625,-1.6940658945086E-21));
#15610=CARTESIAN_POINT('',(-0.317401041666666,0.229038020833334,-8.470329472543E-22));
#15611=CARTESIAN_POINT('',(-0.31715625,0.229623958333333,-8.470329472543E-22));
#15612=CARTESIAN_POINT('',(-0.31715625,0.23055625,-8.470329472543E-22));
#15613=CARTESIAN_POINT('',(-0.317401041666666,0.229038020833334,-1.6940658945086E-21));
#15614=CARTESIAN_POINT('',(-0.318041666666667,0.228110069444445,-8.470329472543E-22));
#15615=CARTESIAN_POINT('',(-0.317645833333334,0.228452083333333,-8.470329472543E-22));
#15616=CARTESIAN_POINT('',(-0.317401041666666,0.229038020833334,-8.470329472543E-22));
#15617=CARTESIAN_POINT('',(-0.318041666666667,0.228110069444445,-1.6940658945086E-21));
#15618=CARTESIAN_POINT('',(-0.319426171260156,0.22968285982865,-8.470329472543E-22));
#15619=CARTESIAN_POINT('',(-0.318925315905425,0.227649005901133,2.49999500247363E-10));
#15620=CARTESIAN_POINT('',(-0.319912551168816,0.231685613738338,-8.470329472543E-22));
#15621=CARTESIAN_POINT('',(-0.319913194444778,0.227530206177421,-8.470329472543E-22));
#15622=CARTESIAN_POINT('',(-0.322365451388889,0.228116145833334,-8.470329472543E-22));
#15623=CARTESIAN_POINT('',(-0.321519097222222,0.227530208333334,-8.470329472543E-22));
#15624=CARTESIAN_POINT('',(-0.319913194444444,0.227530208333334,-8.470329472543E-22));
#15625=CARTESIAN_POINT('',(-0.322365451388889,0.228116145833334,-1.6940658945086E-21));
#15626=CARTESIAN_POINT('',(-0.323211805555556,0.230025,-8.470329472543E-22));
#15627=CARTESIAN_POINT('',(-0.323211805555556,0.228702083333334,-8.470329472543E-22));
#15628=CARTESIAN_POINT('',(-0.322365451388889,0.228116145833334,-8.470329472543E-22));
#15629=CARTESIAN_POINT('',(-0.323211805555556,0.230025,-8.470329472543E-22));
#15630=CARTESIAN_POINT('',(-0.323211805555556,0.230448611111111,0.));
#15631=CARTESIAN_POINT('',(-0.323211805555556,0.230872222222222,-8.470329472543E-22));
#15632=CARTESIAN_POINT('',(-0.323689236111111,0.230872222222222,0.));
#15633=CARTESIAN_POINT('',(-0.324166666666666,0.230872222222222,-8.470329472543E-22));
#15634=CARTESIAN_POINT('',(-0.324166666666666,0.230231597222222,0.));
#15635=CARTESIAN_POINT('',(-0.324167087748642,0.229590958149471,2.49999999998568E-10));
#15636=CARTESIAN_POINT('',(-0.319627007094086,0.229742689712636,-8.470329472543E-22));
#15637=CARTESIAN_POINT('',(-0.324128472222223,0.229124826388889,-1.6940658945086E-21));
#15638=CARTESIAN_POINT('',(-0.323954861111111,0.228430381944444,-8.470329472543E-22));
#15639=CARTESIAN_POINT('',(-0.324090277777778,0.228809722222222,-8.470329472543E-22));
#15640=CARTESIAN_POINT('',(-0.324128472222223,0.229124826388889,-8.470329472543E-22));
#15641=CARTESIAN_POINT('',(-0.323954861111111,0.228430381944444,-1.6940658945086E-21));
#15642=CARTESIAN_POINT('',(-0.320545096964864,0.229705221325578,-8.470329472543E-22));
#15643=CARTESIAN_POINT('',(-0.323547743055556,0.227643923611111,-1.6940658945086E-21));
#15644=CARTESIAN_POINT('',(-0.3228046875,0.226911284722222,-8.470329472543E-22));
#15645=CARTESIAN_POINT('',(-0.323276041666667,0.227236805555555,-8.470329472543E-22));
#15646=CARTESIAN_POINT('',(-0.323547743055556,0.227643923611111,-8.470329472543E-22));
#15647=CARTESIAN_POINT('',(-0.3228046875,0.226911284722222,-1.6940658945086E-21));
#15648=CARTESIAN_POINT('',(-0.3216328125,0.226373958333333,-8.470329472543E-22));
#15649=CARTESIAN_POINT('',(-0.322333333333334,0.226585763888889,-8.470329472543E-22));
#15650=CARTESIAN_POINT('',(-0.3228046875,0.226911284722222,-8.470329472543E-22));
#15651=CARTESIAN_POINT('',(-0.3216328125,0.226373958333333,-1.6940658945086E-21));
#15652=CARTESIAN_POINT('',(-0.319946180555556,0.226162152777778,-8.470329472543E-22));
#15653=CARTESIAN_POINT('',(-0.320932291666666,0.226162152777778,-8.470329472543E-22));
#15654=CARTESIAN_POINT('',(-0.3216328125,0.226373958333333,-8.470329472543E-22));
#15655=CARTESIAN_POINT('',(-0.319946180556751,0.226162150971813,-8.470329472543E-22));
#15656=CARTESIAN_POINT('',(-0.319943534012531,0.230161526037073,-8.470329472543E-22));
#15657=CARTESIAN_POINT('',(-0.318551233667717,0.226412201399704,2.49998994460633E-10));
#15658=CARTESIAN_POINT('',(-0.319762107943997,0.229700600042443,-8.470329472543E-22));
#15659=CARTESIAN_POINT('',(-0.317341145833334,0.227166493055556,-1.6940658945086E-21));
#15660=CARTESIAN_POINT('',(-0.316489583333334,0.228435590277778,-8.470329472543E-22));
#15661=CARTESIAN_POINT('',(-0.316809027777778,0.227670833333333,-8.470329472543E-22));
#15662=CARTESIAN_POINT('',(-0.317341145833334,0.227166493055556,-8.470329472543E-22));
#15663=CARTESIAN_POINT('',(-0.316489583333334,0.228435590277778,-8.470329472543E-22));
#15664=CARTESIAN_POINT('',(-0.316170138888889,0.230209027777778,-8.470329472543E-22));
#15665=CARTESIAN_POINT('',(-0.316170138888889,0.229200347222222,-8.470329472543E-22));
#15666=CARTESIAN_POINT('',(-0.316489583333334,0.228435590277778,-8.470329472543E-22));
#15667=CARTESIAN_POINT('',(-0.209102347399335,0.311539919652386,0.0015));
#15668=CARTESIAN_POINT('',(-0.211704694798668,0.31575,0.0015));
#15669=CARTESIAN_POINT('',(-0.2065,0.307329839304772,0.0015));
#15670=CARTESIAN_POINT('',(-0.209102347399335,0.31575,0.0015));
#15671=CARTESIAN_POINT('',(-0.2065,0.31575,0.0015));
#15672=CARTESIAN_POINT('',(-0.209102347399334,0.22455,0.0015));
#15673=CARTESIAN_POINT('',(-0.211704694798668,0.22455,0.0015));
#15674=CARTESIAN_POINT('',(-0.2065,0.22455,0.0015));
#15675=CARTESIAN_POINT('',(-0.209102347399335,0.228760080347614,0.0015));
#15676=CARTESIAN_POINT('',(-0.2065,0.232970160695228,0.0015));
#15677=CARTESIAN_POINT('',(-0.165002347399334,0.240194893474376,0.0015));
#15678=CARTESIAN_POINT('',(-0.173504694798668,0.25395,0.0015));
#15679=CARTESIAN_POINT('',(-0.1565,0.226439786948751,0.0015));
#15680=CARTESIAN_POINT('',(-0.165002347399334,0.25395,0.0015));
#15681=CARTESIAN_POINT('',(-0.1565,0.25395,0.0015));
#15682=CARTESIAN_POINT('',(-0.255,0.27015,0.0015));
#15683=CARTESIAN_POINT('',(-0.255,0.284254835523002,0.0015));
#15684=CARTESIAN_POINT('',(-0.255,0.256045164476998,0.0015));
#15685=CARTESIAN_POINT('',(-0.24358832077427,0.277202417761501,0.0015));
#15686=CARTESIAN_POINT('',(-0.23217664154854,0.27015,0.0015));
#15687=CARTESIAN_POINT('',(-0.196375306687779,0.252202772464335,0.0015));
#15688=CARTESIAN_POINT('',(-0.197455308174225,0.250455544928669,0.0015));
#15689=CARTESIAN_POINT('',(-0.195295305201331,0.25395,0.0015));
#15690=CARTESIAN_POINT('',(-0.200282537196337,0.252202772464335,0.0015));
#15691=CARTESIAN_POINT('',(-0.20310976621845,0.25395,0.0015));
#15692=CARTESIAN_POINT('',(-0.201621993502122,0.296585322957823,0.0015));
#15693=CARTESIAN_POINT('',(-0.198243987004244,0.291120380508376,0.0015));
#15694=CARTESIAN_POINT('',(-0.205,0.30205026540727,0.0015));
#15695=CARTESIAN_POINT('',(-0.201621993502122,0.289032772492687,0.0015));
#15696=CARTESIAN_POINT('',(-0.205,0.286945164476998,0.0015));
#15697=CARTESIAN_POINT('',(-0.194855595913146,0.288491510179965,0.0015));
#15698=CARTESIAN_POINT('',(-0.196179312561604,0.290633020359931,0.0015));
#15699=CARTESIAN_POINT('',(-0.193531879264688,0.28635,0.0015));
#15700=CARTESIAN_POINT('',(-0.17711893624833,0.302412332921535,0.0015));
#15701=CARTESIAN_POINT('',(-0.158058559935055,0.314191645483138,0.0015));
#15702=CARTESIAN_POINT('',(-0.166663340335184,0.300270822741569,0.0015));
#15703=CARTESIAN_POINT('',(-0.175268120735312,0.28635,0.0015));
#15704=CARTESIAN_POINT('',(-0.281202347399335,0.278213218081705,0.0015));
#15705=CARTESIAN_POINT('',(-0.285304694798669,0.28485,0.0015));
#15706=CARTESIAN_POINT('',(-0.2771,0.27157643616341,0.0015));
#15707=CARTESIAN_POINT('',(-0.2771,0.28485,0.0015));
#15708=CARTESIAN_POINT('',(-0.268895305201331,0.28485,0.0015));
#15709=CARTESIAN_POINT('',(-0.189824916851817,0.2775,0.0015));
#15710=CARTESIAN_POINT('',(-0.185281712968322,0.27015,0.0015));
#15711=CARTESIAN_POINT('',(-0.194368120735312,0.28485,0.0015));
#15712=CARTESIAN_POINT('',(-0.189824916851817,0.2628,0.0015));
#15713=CARTESIAN_POINT('',(-0.194368120735312,0.25545,0.0015));
#15714=CARTESIAN_POINT('',(-0.199684060367656,0.25545,0.0015));
#15715=CARTESIAN_POINT('',(-0.205,0.25545,0.0015));
#15716=CARTESIAN_POINT('',(-0.205,0.27015,0.0015));
#15717=CARTESIAN_POINT('',(-0.205,0.28485,0.0015));
#15718=CARTESIAN_POINT('',(-0.188502347399335,0.278213218081705,0.0015));
#15719=CARTESIAN_POINT('',(-0.192604694798668,0.28485,0.0015));
#15720=CARTESIAN_POINT('',(-0.1844,0.27157643616341,0.0015));
#15721=CARTESIAN_POINT('',(-0.1844,0.28485,0.0015));
#15722=CARTESIAN_POINT('',(-0.176195305201332,0.28485,0.0015));
#15723=CARTESIAN_POINT('',(-0.283820887413415,0.236470527101512,0.0015));
#15724=CARTESIAN_POINT('',(-0.264532008608379,0.248391054203024,0.0015));
#15725=CARTESIAN_POINT('',(-0.30310976621845,0.22455,0.0015));
#15726=CARTESIAN_POINT('',(-0.26051600430419,0.241893958234466,0.0015));
#15727=CARTESIAN_POINT('',(-0.2565,0.235396862265909,0.0015));
#15728=CARTESIAN_POINT('',(-0.2565,0.229973431132955,0.0015));
#15729=CARTESIAN_POINT('',(-0.2565,0.22455,0.0015));
#15730=CARTESIAN_POINT('',(-0.2771,0.28635,0.0015));
#15731=CARTESIAN_POINT('',(-0.286231879264688,0.28635,0.0015));
#15732=CARTESIAN_POINT('',(-0.267968120735312,0.28635,0.0015));
#15733=CARTESIAN_POINT('',(-0.294836659664816,0.300270822741569,0.0015));
#15734=CARTESIAN_POINT('',(-0.303441440064945,0.314191645483138,0.0015));
#15735=CARTESIAN_POINT('',(-0.28438106375167,0.302412332921535,0.0015));
#15736=CARTESIAN_POINT('',(-0.265320687438396,0.290633020359931,0.0015));
#15737=CARTESIAN_POINT('',(-0.305,0.240194893474376,0.0015));
#15738=CARTESIAN_POINT('',(-0.305,0.25395,0.0015));
#15739=CARTESIAN_POINT('',(-0.305,0.226439786948751,0.0015));
#15740=CARTESIAN_POINT('',(-0.296497652600666,0.25395,0.0015));
#15741=CARTESIAN_POINT('',(-0.287995305201331,0.25395,0.0015));
#15742=CARTESIAN_POINT('',(-0.2565,0.310326568867046,0.0015));
#15743=CARTESIAN_POINT('',(-0.2565,0.304903137734091,0.0015));
#15744=CARTESIAN_POINT('',(-0.2565,0.31575,0.0015));
#15745=CARTESIAN_POINT('',(-0.26051600430419,0.298406041765534,0.0015));
#15746=CARTESIAN_POINT('',(-0.264532008608379,0.291908945796976,0.0015));
#15747=CARTESIAN_POINT('',(-0.283820887413415,0.303829472898488,0.0015));
#15748=CARTESIAN_POINT('',(-0.30310976621845,0.31575,0.0015));
#15749=CARTESIAN_POINT('',(-0.21791167922573,0.263097582238499,0.0015));
#15750=CARTESIAN_POINT('',(-0.22932335845146,0.27015,0.0015));
#15751=CARTESIAN_POINT('',(-0.2065,0.256045164476998,0.0015));
#15752=CARTESIAN_POINT('',(-0.21791167922573,0.277202417761501,0.0015));
#15753=CARTESIAN_POINT('',(-0.2065,0.284254835523002,0.0015));
#15754=CARTESIAN_POINT('',(-0.305,0.300105106525624,0.0015));
#15755=CARTESIAN_POINT('',(-0.305,0.313860213051249,0.0015));
#15756=CARTESIAN_POINT('',(-0.305,0.28635,0.0015));
#15757=CARTESIAN_POINT('',(-0.296497652600666,0.300105106525624,0.0015));
#15758=CARTESIAN_POINT('',(-0.287995305201331,0.28635,0.0015));
#15759=CARTESIAN_POINT('',(-0.272997652600666,0.262086781918294,0.0015));
#15760=CARTESIAN_POINT('',(-0.268895305201331,0.25545,0.0015));
#15761=CARTESIAN_POINT('',(-0.2771,0.268723563836589,0.0015));
#15762=CARTESIAN_POINT('',(-0.2771,0.25545,0.0015));
#15763=CARTESIAN_POINT('',(-0.285304694798669,0.25545,0.0015));
#15764=CARTESIAN_POINT('',(-0.200282537196337,0.288097227535666,0.0015));
#15765=CARTESIAN_POINT('',(-0.197455308174225,0.289844455071331,0.0015));
#15766=CARTESIAN_POINT('',(-0.20310976621845,0.28635,0.0015));
#15767=CARTESIAN_POINT('',(-0.196375306687779,0.288097227535666,0.0015));
#15768=CARTESIAN_POINT('',(-0.195295305201331,0.28635,0.0015));
#15769=CARTESIAN_POINT('',(-0.282524916851817,0.2628,0.0015));
#15770=CARTESIAN_POINT('',(-0.287068120735312,0.25545,0.0015));
#15771=CARTESIAN_POINT('',(-0.277981712968322,0.27015,0.0015));
#15772=CARTESIAN_POINT('',(-0.296034060367656,0.25545,0.0015));
#15773=CARTESIAN_POINT('',(-0.305,0.25545,0.0015));
#15774=CARTESIAN_POINT('',(-0.305,0.27015,0.0015));
#15775=CARTESIAN_POINT('',(-0.305,0.28485,0.0015));
#15776=CARTESIAN_POINT('',(-0.296034060367656,0.28485,0.0015));
#15777=CARTESIAN_POINT('',(-0.287068120735312,0.28485,0.0015));
#15778=CARTESIAN_POINT('',(-0.241929883109225,0.262359167761501,0.0015));
#15779=CARTESIAN_POINT('',(-0.23075,0.269268335523002,0.0015));
#15780=CARTESIAN_POINT('',(-0.25310976621845,0.25545,0.0015));
#15781=CARTESIAN_POINT('',(-0.219570116890775,0.262359167761501,0.0015));
#15782=CARTESIAN_POINT('',(-0.20839023378155,0.25545,0.0015));
#15783=CARTESIAN_POINT('',(-0.201621993502122,0.243714677042178,0.0015));
#15784=CARTESIAN_POINT('',(-0.205,0.23824973459273,0.0015));
#15785=CARTESIAN_POINT('',(-0.198243987004244,0.249179619491624,0.0015));
#15786=CARTESIAN_POINT('',(-0.205,0.245802285057866,0.0015));
#15787=CARTESIAN_POINT('',(-0.205,0.253354835523002,0.0015));
#15788=CARTESIAN_POINT('',(-0.262297464290109,0.25395,0.0015));
#15789=CARTESIAN_POINT('',(-0.25839023378155,0.25395,0.0015));
#15790=CARTESIAN_POINT('',(-0.266204694798669,0.25395,0.0015));
#15791=CARTESIAN_POINT('',(-0.261217462803663,0.252202772464335,0.0015));
#15792=CARTESIAN_POINT('',(-0.264044691825775,0.250455544928669,0.0015));
#15793=CARTESIAN_POINT('',(-0.180297652600665,0.262086781918294,0.0015));
#15794=CARTESIAN_POINT('',(-0.176195305201332,0.25545,0.0015));
#15795=CARTESIAN_POINT('',(-0.1844,0.26872356383659,0.0015));
#15796=CARTESIAN_POINT('',(-0.1844,0.25545,0.0015));
#15797=CARTESIAN_POINT('',(-0.192604694798668,0.25545,0.0015));
#15798=CARTESIAN_POINT('',(-0.178975083148183,0.2628,0.0015));
#15799=CARTESIAN_POINT('',(-0.183518287031678,0.27015,0.0015));
#15800=CARTESIAN_POINT('',(-0.174431879264688,0.25545,0.0015));
#15801=CARTESIAN_POINT('',(-0.178975083148183,0.2775,0.0015));
#15802=CARTESIAN_POINT('',(-0.174431879264688,0.28485,0.0015));
#15803=CARTESIAN_POINT('',(-0.165465939632344,0.28485,0.0015));
#15804=CARTESIAN_POINT('',(-0.1565,0.28485,0.0015));
#15805=CARTESIAN_POINT('',(-0.1565,0.27015,0.0015));
#15806=CARTESIAN_POINT('',(-0.1565,0.25545,0.0015));
#15807=CARTESIAN_POINT('',(-0.209984060367656,0.230186516511025,0.0015));
#15808=CARTESIAN_POINT('',(-0.213468120735312,0.22455,0.0015));
#15809=CARTESIAN_POINT('',(-0.2065,0.235823033022049,0.0015));
#15810=CARTESIAN_POINT('',(-0.23075,0.22455,0.0015));
#15811=CARTESIAN_POINT('',(-0.248031879264688,0.22455,0.0015));
#15812=CARTESIAN_POINT('',(-0.251515939632344,0.230186516511025,0.0015));
#15813=CARTESIAN_POINT('',(-0.255,0.235823033022049,0.0015));
#15814=CARTESIAN_POINT('',(-0.255,0.244886516511024,0.0015));
#15815=CARTESIAN_POINT('',(-0.255,0.25395,0.0015));
#15816=CARTESIAN_POINT('',(-0.23075,0.25395,0.0015));
#15817=CARTESIAN_POINT('',(-0.2065,0.25395,0.0015));
#15818=CARTESIAN_POINT('',(-0.252397652600666,0.311539919652386,0.0015));
#15819=CARTESIAN_POINT('',(-0.255,0.307329839304772,0.0015));
#15820=CARTESIAN_POINT('',(-0.249795305201332,0.31575,0.0015));
#15821=CARTESIAN_POINT('',(-0.255,0.311539919652386,0.0015));
#15822=CARTESIAN_POINT('',(-0.255,0.31575,0.0015));
#15823=CARTESIAN_POINT('',(-0.259878006497879,0.243714677042178,0.0015));
#15824=CARTESIAN_POINT('',(-0.263256012995757,0.249179619491624,0.0015));
#15825=CARTESIAN_POINT('',(-0.2565,0.23824973459273,0.0015));
#15826=CARTESIAN_POINT('',(-0.259878006497879,0.251267227507314,0.0015));
#15827=CARTESIAN_POINT('',(-0.2565,0.253354835523002,0.0015));
#15828=CARTESIAN_POINT('',(-0.261815939632344,0.25545,0.0015));
#15829=CARTESIAN_POINT('',(-0.267131879264688,0.25545,0.0015));
#15830=CARTESIAN_POINT('',(-0.2565,0.25545,0.0015));
#15831=CARTESIAN_POINT('',(-0.271675083148183,0.2628,0.0015));
#15832=CARTESIAN_POINT('',(-0.276218287031678,0.27015,0.0015));
#15833=CARTESIAN_POINT('',(-0.271675083148183,0.2775,0.0015));
#15834=CARTESIAN_POINT('',(-0.267131879264688,0.28485,0.0015));
#15835=CARTESIAN_POINT('',(-0.261815939632344,0.28485,0.0015));
#15836=CARTESIAN_POINT('',(-0.2565,0.28485,0.0015));
#15837=CARTESIAN_POINT('',(-0.20098399569581,0.298406041765534,0.0015));
#15838=CARTESIAN_POINT('',(-0.205,0.304903137734092,0.0015));
#15839=CARTESIAN_POINT('',(-0.196967991391621,0.291908945796976,0.0015));
#15840=CARTESIAN_POINT('',(-0.205,0.310326568867046,0.0015));
#15841=CARTESIAN_POINT('',(-0.205,0.31575,0.0015));
#15842=CARTESIAN_POINT('',(-0.181695116890775,0.31575,0.0015));
#15843=CARTESIAN_POINT('',(-0.15839023378155,0.31575,0.0015));
#15844=CARTESIAN_POINT('',(-0.194855595913146,0.251808489820035,0.0015));
#15845=CARTESIAN_POINT('',(-0.193531879264688,0.25395,0.0015));
#15846=CARTESIAN_POINT('',(-0.196179312561604,0.249666979640069,0.0015));
#15847=CARTESIAN_POINT('',(-0.1844,0.25395,0.0015));
#15848=CARTESIAN_POINT('',(-0.175268120735312,0.25395,0.0015));
#15849=CARTESIAN_POINT('',(-0.166663340335183,0.240029177258431,0.0015));
#15850=CARTESIAN_POINT('',(-0.158058559935055,0.226108354516862,0.0015));
#15851=CARTESIAN_POINT('',(-0.255,0.228760080347614,0.0015));
#15852=CARTESIAN_POINT('',(-0.255,0.232970160695228,0.0015));
#15853=CARTESIAN_POINT('',(-0.255,0.22455,0.0015));
#15854=CARTESIAN_POINT('',(-0.252397652600666,0.228760080347614,0.0015));
#15855=CARTESIAN_POINT('',(-0.249795305201332,0.22455,0.0015));
#15856=CARTESIAN_POINT('',(-0.241929883109225,0.277940832238499,0.0015));
#15857=CARTESIAN_POINT('',(-0.25310976621845,0.28485,0.0015));
#15858=CARTESIAN_POINT('',(-0.23075,0.271031664476998,0.0015));
#15859=CARTESIAN_POINT('',(-0.23075,0.28485,0.0015));
#15860=CARTESIAN_POINT('',(-0.20839023378155,0.28485,0.0015));
#15861=CARTESIAN_POINT('',(-0.165002347399334,0.28635,0.0015));
#15862=CARTESIAN_POINT('',(-0.173504694798668,0.28635,0.0015));
#15863=CARTESIAN_POINT('',(-0.1565,0.28635,0.0015));
#15864=CARTESIAN_POINT('',(-0.165002347399334,0.300105106525624,0.0015));
#15865=CARTESIAN_POINT('',(-0.1565,0.313860213051249,0.0015));
#15866=CARTESIAN_POINT('',(-0.23075,0.28635,0.0015));
#15867=CARTESIAN_POINT('',(-0.255,0.28635,0.0015));
#15868=CARTESIAN_POINT('',(-0.2065,0.28635,0.0015));
#15869=CARTESIAN_POINT('',(-0.255,0.295413483488976,0.0015));
#15870=CARTESIAN_POINT('',(-0.255,0.304476966977951,0.0015));
#15871=CARTESIAN_POINT('',(-0.251515939632344,0.310113483488975,0.0015));
#15872=CARTESIAN_POINT('',(-0.248031879264688,0.31575,0.0015));
#15873=CARTESIAN_POINT('',(-0.23075,0.31575,0.0015));
#15874=CARTESIAN_POINT('',(-0.213468120735312,0.31575,0.0015));
#15875=CARTESIAN_POINT('',(-0.209984060367656,0.310113483488976,0.0015));
#15876=CARTESIAN_POINT('',(-0.2065,0.304476966977951,0.0015));
#15877=CARTESIAN_POINT('',(-0.28438106375167,0.237887667078466,0.0015));
#15878=CARTESIAN_POINT('',(-0.303441440064945,0.226108354516862,0.0015));
#15879=CARTESIAN_POINT('',(-0.265320687438397,0.249666979640069,0.0015));
#15880=CARTESIAN_POINT('',(-0.294836659664816,0.240029177258431,0.0015));
#15881=CARTESIAN_POINT('',(-0.286231879264688,0.25395,0.0015));
#15882=CARTESIAN_POINT('',(-0.2771,0.25395,0.0015));
#15883=CARTESIAN_POINT('',(-0.267968120735312,0.25395,0.0015));
#15884=CARTESIAN_POINT('',(-0.259878006497879,0.289032772492686,0.0015));
#15885=CARTESIAN_POINT('',(-0.263256012995756,0.291120380508376,0.0015));
#15886=CARTESIAN_POINT('',(-0.2565,0.286945164476998,0.0015));
#15887=CARTESIAN_POINT('',(-0.259878006497879,0.296585322957822,0.0015));
#15888=CARTESIAN_POINT('',(-0.2565,0.302050265407269,0.0015));
#15889=CARTESIAN_POINT('',(-0.205,0.229973431132955,0.0015));
#15890=CARTESIAN_POINT('',(-0.205,0.235396862265909,0.0015));
#15891=CARTESIAN_POINT('',(-0.205,0.22455,0.0015));
#15892=CARTESIAN_POINT('',(-0.20098399569581,0.241893958234466,0.0015));
#15893=CARTESIAN_POINT('',(-0.196967991391621,0.248391054203024,0.0015));
#15894=CARTESIAN_POINT('',(-0.177679112586586,0.236470527101512,0.0015));
#15895=CARTESIAN_POINT('',(-0.15839023378155,0.22455,0.0015));
#15896=CARTESIAN_POINT('',(-0.262297464290109,0.28635,0.0015));
#15897=CARTESIAN_POINT('',(-0.266204694798669,0.28635,0.0015));
#15898=CARTESIAN_POINT('',(-0.25839023378155,0.28635,0.0015));
#15899=CARTESIAN_POINT('',(-0.265124693312222,0.288097227535666,0.0015));
#15900=CARTESIAN_POINT('',(-0.264044691825775,0.289844455071331,0.0015));
#15901=CARTESIAN_POINT('',(-0.23075,0.31775,0.0015));
#15902=CARTESIAN_POINT('',(-0.32575,0.31775,0.0015));
#15903=CARTESIAN_POINT('',(-0.1545,0.31775,0.0015));
#15904=CARTESIAN_POINT('',(-0.32575,0.27015,0.0015));
#15905=CARTESIAN_POINT('',(-0.32575,0.22255,0.0015));
#15906=CARTESIAN_POINT('',(-0.315375,0.22255,0.0015));
#15907=CARTESIAN_POINT('',(-0.1545,0.22255,0.0015));
#15908=CARTESIAN_POINT('',(-0.2065,0.228760080347614,0.0015));
#15909=CARTESIAN_POINT('',(-0.1565,0.240194893474376,0.0015));
#15910=CARTESIAN_POINT('',(-0.24358832077427,0.263097582238499,0.0015));
#15911=CARTESIAN_POINT('',(-0.199202535709891,0.25395,0.0015));
#15912=CARTESIAN_POINT('',(-0.205,0.294497714942134,0.0015));
#15913=CARTESIAN_POINT('',(-0.1844,0.28635,0.0015));
#15914=CARTESIAN_POINT('',(-0.272997652600666,0.278213218081705,0.0015));
#15915=CARTESIAN_POINT('',(-0.199684060367656,0.28485,0.0015));
#15916=CARTESIAN_POINT('',(-0.180297652600666,0.278213218081705,0.0015));
#15917=CARTESIAN_POINT('',(-0.279804883109225,0.22455,0.0015));
#15918=CARTESIAN_POINT('',(-0.266644404086855,0.288491510179965,0.0015));
#15919=CARTESIAN_POINT('',(-0.296497652600666,0.240194893474376,0.0015));
#15920=CARTESIAN_POINT('',(-0.279804883109225,0.31575,0.0015));
#15921=CARTESIAN_POINT('',(-0.2065,0.27015,0.0015));
#15922=CARTESIAN_POINT('',(-0.296497652600666,0.28635,0.0015));
#15923=CARTESIAN_POINT('',(-0.281202347399335,0.262086781918294,0.0015));
#15924=CARTESIAN_POINT('',(-0.199202535709891,0.28635,0.0015));
#15925=CARTESIAN_POINT('',(-0.282524916851817,0.2775,0.0015));
#15926=CARTESIAN_POINT('',(-0.23075,0.25545,0.0015));
#15927=CARTESIAN_POINT('',(-0.201621993502122,0.251267227507314,0.0015));
#15928=CARTESIAN_POINT('',(-0.265124693312222,0.252202772464335,0.0015));
#15929=CARTESIAN_POINT('',(-0.188502347399335,0.262086781918294,0.0015));
#15930=CARTESIAN_POINT('',(-0.165465939632344,0.25545,0.0015));
#15931=CARTESIAN_POINT('',(-0.2065,0.244886516511024,0.0015));
#15932=CARTESIAN_POINT('',(-0.252397652600666,0.31575,0.0015));
#15933=CARTESIAN_POINT('',(-0.2565,0.245802285057866,0.0015));
#15934=CARTESIAN_POINT('',(-0.2565,0.27015,0.0015));
#15935=CARTESIAN_POINT('',(-0.177679112586586,0.303829472898488,0.0015));
#15936=CARTESIAN_POINT('',(-0.17711893624833,0.237887667078466,0.0015));
#15937=CARTESIAN_POINT('',(-0.252397652600666,0.22455,0.0015));
#15938=CARTESIAN_POINT('',(-0.219570116890775,0.277940832238499,0.0015));
#15939=CARTESIAN_POINT('',(-0.1565,0.300105106525624,0.0015));
#15940=CARTESIAN_POINT('',(-0.2065,0.295413483488976,0.0015));
#15941=CARTESIAN_POINT('',(-0.266644404086855,0.251808489820035,0.0015));
#15942=CARTESIAN_POINT('',(-0.2565,0.294497714942134,0.0015));
#15943=CARTESIAN_POINT('',(-0.181695116890775,0.22455,0.0015));
#15944=CARTESIAN_POINT('',(-0.261217462803663,0.288097227535666,0.0015));
#15945=CARTESIAN_POINT('',(-0.1545,0.27015,0.0015));
#15946=CARTESIAN_POINT('',(-0.2065,0.311539919652386,0.0015));
#15947=CARTESIAN_POINT('',(-0.30848948378044,0.280313385063759,-2.00000000000005E-6));
#15948=CARTESIAN_POINT('',(-0.307644097222223,0.280049305555556,-2.00000000000005E-6));
#15949=CARTESIAN_POINT('',(-0.307747395833333,0.279832291666667,-2.00000000000005E-6));
#15950=CARTESIAN_POINT('',(-0.309650030262595,0.280688897204168,-2.00000000000005E-6));
#15951=CARTESIAN_POINT('',(-0.3075625,0.280406944444444,-2.00000000000005E-6));
#15952=CARTESIAN_POINT('',(-0.307237275603688,0.279445814192218,-2.00000000000005E-6));
#15953=CARTESIAN_POINT('',(-0.307823493299423,0.279701761215357,-1.6940658945086E-21));
#15954=CARTESIAN_POINT('',(-0.3075625,0.280406944444444,-1.6940658945086E-21));
#15955=CARTESIAN_POINT('',(-0.3075625,0.280406944444444,0.0015));
#15956=CARTESIAN_POINT('',(-0.307540509259259,0.280551620370371,-1.6940658945086E-21));
#15957=CARTESIAN_POINT('',(-0.307540509259259,0.280551620370371,0.0015));
#15958=CARTESIAN_POINT('',(-0.307537037037037,0.280736226851852,-1.6940658945086E-21));
#15959=CARTESIAN_POINT('',(-0.307537037037037,0.280736226851852,0.0015));
#15960=CARTESIAN_POINT('',(-0.307552083333334,0.280960763888889,-1.6940658945086E-21));
#15961=CARTESIAN_POINT('',(-0.307552083333334,0.280960763888889,0.0015));
#15962=CARTESIAN_POINT('',(-0.307552083333334,0.280960763888889,-2.00000000000005E-6));
#15963=CARTESIAN_POINT('',(-0.307004340277778,0.280960763888889,-2.00000000000005E-6));
#15964=CARTESIAN_POINT('',(-0.30645642902462,0.280960763888889,-8.470329472543E-22));
#15965=CARTESIAN_POINT('',(-0.312471064165631,0.281106046974555,-2.00000000000005E-6));
#15966=CARTESIAN_POINT('',(-0.306559027777778,0.279989409722223,-2.00000000000005E-6));
#15967=CARTESIAN_POINT('',(-0.306559027777778,0.279989409722223,-1.6940658945086E-21));
#15968=CARTESIAN_POINT('',(-0.306559027777778,0.279989409722223,0.0015));
#15969=CARTESIAN_POINT('',(-0.306620370370371,0.279660127314815,-1.6940658945086E-21));
#15970=CARTESIAN_POINT('',(-0.306620370370371,0.279660127314815,0.0015));
#15971=CARTESIAN_POINT('',(-0.306716435185185,0.279394212962963,-1.6940658945086E-21));
#15972=CARTESIAN_POINT('',(-0.306716435185185,0.279394212962963,0.0015));
#15973=CARTESIAN_POINT('',(-0.306847222222222,0.279191666666667,-1.6940658945086E-21));
#15974=CARTESIAN_POINT('',(-0.306847222222222,0.279191666666667,0.0015));
#15975=CARTESIAN_POINT('',(-0.306847222222222,0.279191666666667,-2.00000000000005E-6));
#15976=CARTESIAN_POINT('',(-0.302854904021967,0.287649429640004,-2.00000000000005E-6));
#15977=CARTESIAN_POINT('',(-0.30715625,0.279344444444445,-2.00000000000005E-6));
#15978=CARTESIAN_POINT('',(-0.307316931652047,0.279427389437135,-2.00000541553891E-6));
#15979=CARTESIAN_POINT('',(-0.307470486111111,0.279506770833334,-2.00000000000005E-6));
#15980=CARTESIAN_POINT('',(-0.303181884793639,0.287843716828784,-2.00000000000005E-6));
#15981=CARTESIAN_POINT('',(-0.307714409722223,0.279636979166667,-2.00000000000005E-6));
#15982=CARTESIAN_POINT('',(-0.307125968077867,0.280758069327203,-2.00000000000005E-6));
#15983=CARTESIAN_POINT('',(-0.318886067533162,0.247647507612115,-2.00000000000005E-6));
#15984=CARTESIAN_POINT('',(-0.317112847222222,0.247648263888889,-2.00000000000005E-6));
#15985=CARTESIAN_POINT('',(-0.317254340277778,0.246952951388889,-2.00000000000005E-6));
#15986=CARTESIAN_POINT('',(-0.317112847222222,0.247669965277778,-2.00000000000005E-6));
#15987=CARTESIAN_POINT('',(-0.317112847222222,0.247691666666667,-2.00000000000005E-6));
#15988=CARTESIAN_POINT('',(-0.317710069444444,0.246356597222222,-8.470329472543E-22));
#15989=CARTESIAN_POINT('',(-0.317710069444444,0.246356597222222,0.0015));
#15990=CARTESIAN_POINT('',(-0.317500578703704,0.246530208333333,-8.470329472543E-22));
#15991=CARTESIAN_POINT('',(-0.317500578703704,0.246530208333333,0.0015));
#15992=CARTESIAN_POINT('',(-0.317348668981482,0.246728993055556,-8.470329472543E-22));
#15993=CARTESIAN_POINT('',(-0.317348668981482,0.246728993055556,0.0015));
#15994=CARTESIAN_POINT('',(-0.317254340277778,0.246952951388889,-8.470329472543E-22));
#15995=CARTESIAN_POINT('',(-0.317254340277778,0.246952951388889,0.0015));
#15996=CARTESIAN_POINT('',(-0.317710069444444,0.246356597222222,-2.00000000000005E-6));
#15997=CARTESIAN_POINT('',(-0.316576388888889,0.247691666666667,-2.00000000000005E-6));
#15998=CARTESIAN_POINT('',(-0.316039930555556,0.247691666666667,-2.00000000000005E-6));
#15999=CARTESIAN_POINT('',(-0.316039930555556,0.247685590277778,-2.00000000000005E-6));
#16000=CARTESIAN_POINT('',(-0.316039930555556,0.247679513888889,-2.00000000000005E-6));
#16001=CARTESIAN_POINT('',(-0.319397344795989,0.247647963005027,-2.00000000000005E-6));
#16002=CARTESIAN_POINT('',(-0.316256944444444,0.246464236111111,-2.00000000000005E-6));
#16003=CARTESIAN_POINT('',(-0.319002655965958,0.247523699980805,-2.00000000000005E-6));
#16004=CARTESIAN_POINT('',(-0.316908251644746,0.245455853849834,-1.6940658945086E-21));
#16005=CARTESIAN_POINT('',(-0.317309027777778,0.245906076388889,-2.00000000000005E-6));
#16006=CARTESIAN_POINT('',(-0.319993923611111,0.258965972222223,-2.00000000000005E-6));
#16007=CARTESIAN_POINT('',(-0.320704861111111,0.259259375,-2.00000000000005E-6));
#16008=CARTESIAN_POINT('',(-0.319282986111111,0.258672569444445,-2.00000000000005E-6));
#16009=CARTESIAN_POINT('',(-0.3184375,0.260311458333334,-2.00000000000005E-6));
#16010=CARTESIAN_POINT('',(-0.316170138888889,0.261363541666666,-2.00000000000005E-6));
#16011=CARTESIAN_POINT('',(-0.3177265625,0.259275,-2.00000000000005E-6));
#16012=CARTESIAN_POINT('',(-0.316170138888889,0.259877430555556,-2.00000000000005E-6));
#16013=CARTESIAN_POINT('',(-0.316170138888889,0.260620486111111,-2.00000000000005E-6));
#16014=CARTESIAN_POINT('',(-0.318540798611111,0.2565953125,-2.00000000000005E-6));
#16015=CARTESIAN_POINT('',(-0.320911458333334,0.257783680555556,-2.00000000000005E-6));
#16016=CARTESIAN_POINT('',(-0.316170138888889,0.255406944444445,-2.00000000000005E-6));
#16017=CARTESIAN_POINT('',(-0.3225390625,0.257783680555556,-2.00000000000005E-6));
#16018=CARTESIAN_POINT('',(-0.324166666666666,0.257783680555556,-2.00000000000005E-6));
#16019=CARTESIAN_POINT('',(-0.316170138888889,0.25615,-2.00000000000005E-6));
#16020=CARTESIAN_POINT('',(-0.316170138888889,0.256893055555555,-2.00000000000005E-6));
#16021=CARTESIAN_POINT('',(-0.324166666666666,0.258445138888889,-2.00000000000005E-6));
#16022=CARTESIAN_POINT('',(-0.324166666666666,0.259106597222222,-2.00000000000005E-6));
#16023=CARTESIAN_POINT('',(-0.322831597222223,0.259106597222222,-2.00000000000005E-6));
#16024=CARTESIAN_POINT('',(-0.321496527777778,0.259106597222222,-2.00000000000005E-6));
#16025=CARTESIAN_POINT('',(-0.318833333333334,0.257999826388889,-2.00000000000005E-6));
#16026=CARTESIAN_POINT('',(-0.322717881944445,0.264841840277778,-2.00000000000005E-6));
#16027=CARTESIAN_POINT('',(-0.32126906923232,0.265596195129088,-8.470329472543E-22));
#16028=CARTESIAN_POINT('',(-0.324166666666666,0.2640875,-2.00000000000005E-6));
#16029=CARTESIAN_POINT('',(-0.321780051446756,0.265593280427451,-2.00000000000005E-6));
#16030=CARTESIAN_POINT('',(-0.321274305555555,0.265666493055556,-2.00000000000005E-6));
#16031=CARTESIAN_POINT('',(-0.324166666666666,0.263398263888889,-2.00000000000005E-6));
#16032=CARTESIAN_POINT('',(-0.324166666666666,0.262709027777778,-2.00000000000005E-6));
#16033=CARTESIAN_POINT('',(-0.320331502967071,0.265763314571618,-2.00000000000005E-6));
#16034=CARTESIAN_POINT('',(-0.321279513888889,0.265780208333334,-2.00000000000005E-6));
#16035=CARTESIAN_POINT('',(-0.321279513888889,0.266172786458333,-2.00000000000005E-6));
#16036=CARTESIAN_POINT('',(-0.321279513888889,0.266387847222222,-2.00000000000005E-6));
#16037=CARTESIAN_POINT('',(-0.320802083333334,0.266387847222222,-2.00000000000005E-6));
#16038=CARTESIAN_POINT('',(-0.320324652777778,0.266387847222223,-2.00000000000005E-6));
#16039=CARTESIAN_POINT('',(-0.320324652777778,0.266018923611111,-2.00000000000005E-6));
#16040=CARTESIAN_POINT('',(-0.320324652777778,0.26565,-2.00000000000005E-6));
#16041=CARTESIAN_POINT('',(-0.318845009380721,0.265656763929907,-2.00000000000005E-6));
#16042=CARTESIAN_POINT('',(-0.320243923611111,0.2651734375,-2.00000000000005E-6));
#16043=CARTESIAN_POINT('',(-0.319133918290654,0.265556190670401,-2.00000000000005E-6));
#16044=CARTESIAN_POINT('',(-0.319978298611111,0.264739409722222,-2.00000000000005E-6));
#16045=CARTESIAN_POINT('',(-0.319978298611111,0.264739409722222,-1.6940658945086E-21));
#16046=CARTESIAN_POINT('',(-0.319978298611111,0.264739409722222,0.0015));
#16047=CARTESIAN_POINT('',(-0.319855034722222,0.264609201388889,-1.6940658945086E-21));
#16048=CARTESIAN_POINT('',(-0.319855034722222,0.264609201388889,0.0015));
#16049=CARTESIAN_POINT('',(-0.319683159722222,0.264504166666666,-1.6940658945086E-21));
#16050=CARTESIAN_POINT('',(-0.319683159722222,0.264504166666666,0.0015));
#16051=CARTESIAN_POINT('',(-0.319462673611111,0.264424305555556,-1.6940658945086E-21));
#16052=CARTESIAN_POINT('',(-0.319462673611111,0.264424305555556,0.0015));
#16053=CARTESIAN_POINT('',(-0.319462673611111,0.264424305555556,-2.00000000000005E-6));
#16054=CARTESIAN_POINT('',(-0.319462673611111,0.264424305555556,-8.470329472543E-22));
#16055=CARTESIAN_POINT('',(-0.319462673611111,0.264424305555556,0.0015));
#16056=CARTESIAN_POINT('',(-0.3192421875,0.264344444444445,-8.470329472543E-22));
#16057=CARTESIAN_POINT('',(-0.3192421875,0.264344444444445,0.0015));
#16058=CARTESIAN_POINT('',(-0.318969328703704,0.264304513888889,-8.470329472543E-22));
#16059=CARTESIAN_POINT('',(-0.318969328703704,0.264304513888889,0.0015));
#16060=CARTESIAN_POINT('',(-0.318644097222223,0.264304513888889,-8.470329472543E-22));
#16061=CARTESIAN_POINT('',(-0.318644097222223,0.264304513888889,0.0015));
#16062=CARTESIAN_POINT('',(-0.318644097222223,0.264304513888889,-2.00000000000005E-6));
#16063=CARTESIAN_POINT('',(-0.318687595589714,0.266507720196248,-2.00000000000005E-6));
#16064=CARTESIAN_POINT('',(-0.318192708333334,0.264359201388889,-2.00000000000005E-6));
#16065=CARTESIAN_POINT('',(-0.318476463274285,0.265623364473219,-2.00000000000005E-6));
#16066=CARTESIAN_POINT('',(-0.317704861111111,0.264581423611111,-2.00000000000005E-6));
#16067=CARTESIAN_POINT('',(-0.317704861111111,0.264581423611111,-1.6940658945086E-21));
#16068=CARTESIAN_POINT('',(-0.317704861111111,0.264581423611111,0.0015));
#16069=CARTESIAN_POINT('',(-0.317549768518519,0.264693113425926,-1.6940658945086E-21));
#16070=CARTESIAN_POINT('',(-0.317549768518519,0.264693113425926,0.0015));
#16071=CARTESIAN_POINT('',(-0.317419560185185,0.264850231481482,-1.6940658945086E-21));
#16072=CARTESIAN_POINT('',(-0.317419560185185,0.264850231481482,0.0015));
#16073=CARTESIAN_POINT('',(-0.317314236111111,0.265052777777778,-1.6940658945086E-21));
#16074=CARTESIAN_POINT('',(-0.317314236111111,0.265052777777778,0.0015));
#16075=CARTESIAN_POINT('',(-0.317314236111111,0.265052777777778,-2.00000000000005E-6));
#16076=CARTESIAN_POINT('',(-0.317314236111111,0.265052777777778,-1.6940658945086E-21));
#16077=CARTESIAN_POINT('',(-0.317314236111111,0.265052777777778,0.0015));
#16078=CARTESIAN_POINT('',(-0.317208912037037,0.265255324074074,-1.6940658945086E-21));
#16079=CARTESIAN_POINT('',(-0.317208912037037,0.265255324074074,0.0015));
#16080=CARTESIAN_POINT('',(-0.31715625,0.265523263888889,-1.6940658945086E-21));
#16081=CARTESIAN_POINT('',(-0.31715625,0.265523263888889,0.0015));
#16082=CARTESIAN_POINT('',(-0.31715625,0.265856597222222,-1.6940658945086E-21));
#16083=CARTESIAN_POINT('',(-0.31715625,0.265856597222222,0.0015));
#16084=CARTESIAN_POINT('',(-0.31715625,0.265856597222222,-2.00000000000005E-6));
#16085=CARTESIAN_POINT('',(-0.31715625,0.266122222222222,-2.00000000000005E-6));
#16086=CARTESIAN_POINT('',(-0.31715625,0.266387847222222,-2.00000000000005E-6));
#16087=CARTESIAN_POINT('',(-0.316663194444444,0.266387847222222,-2.00000000000005E-6));
#16088=CARTESIAN_POINT('',(-0.316170138888889,0.266387847222222,-2.00000000000005E-6));
#16089=CARTESIAN_POINT('',(-0.316170138888889,0.2661109375,-2.00000000000005E-6));
#16090=CARTESIAN_POINT('',(-0.316170138888889,0.265834027777778,-2.00000000000005E-6));
#16091=CARTESIAN_POINT('',(-0.319409631849778,0.265840234429121,-2.00000000000005E-6));
#16092=CARTESIAN_POINT('',(-0.316332643158748,0.264826501647934,-1.6940658945086E-21));
#16093=CARTESIAN_POINT('',(-0.318930419092156,0.265659092023783,-2.00000000000005E-6));
#16094=CARTESIAN_POINT('',(-0.3168203125,0.263930381944445,-2.00000000000005E-6));
#16095=CARTESIAN_POINT('',(-0.318788820163471,0.26554508937409,-2.00000000000005E-6));
#16096=CARTESIAN_POINT('',(-0.317606770833333,0.263289756944445,-2.00000000000005E-6));
#16097=CARTESIAN_POINT('',(-0.317606770833333,0.263289756944445,-1.6940658945086E-21));
#16098=CARTESIAN_POINT('',(-0.317606770833333,0.263289756944445,0.0015));
#16099=CARTESIAN_POINT('',(-0.3179140625,0.263127141203704,-1.6940658945086E-21));
#16100=CARTESIAN_POINT('',(-0.3179140625,0.263127141203704,0.0015));
#16101=CARTESIAN_POINT('',(-0.318259837962963,0.263045833333334,-1.6940658945086E-21));
#16102=CARTESIAN_POINT('',(-0.318259837962963,0.263045833333334,0.0015));
#16103=CARTESIAN_POINT('',(-0.318644097222223,0.263045833333334,-1.6940658945086E-21));
#16104=CARTESIAN_POINT('',(-0.318644097222223,0.263045833333334,0.0015));
#16105=CARTESIAN_POINT('',(-0.318644097222223,0.263045833333334,-2.00000000000005E-6));
#16106=CARTESIAN_POINT('',(-0.318644097222223,0.263045833333334,-8.470329472543E-22));
#16107=CARTESIAN_POINT('',(-0.318644097222223,0.263045833333334,0.0015));
#16108=CARTESIAN_POINT('',(-0.319222800925926,0.263045833333334,-8.470329472543E-22));
#16109=CARTESIAN_POINT('',(-0.319222800925926,0.263045833333334,0.0015));
#16110=CARTESIAN_POINT('',(-0.319714699074074,0.263179803240741,-8.470329472543E-22));
#16111=CARTESIAN_POINT('',(-0.319714699074074,0.263179803240741,0.0015));
#16112=CARTESIAN_POINT('',(-0.320119791666666,0.263447743055556,-8.470329472543E-22));
#16113=CARTESIAN_POINT('',(-0.320119791666666,0.263447743055556,0.0015));
#16114=CARTESIAN_POINT('',(-0.320119791666666,0.263447743055556,-2.00000000000005E-6));
#16115=CARTESIAN_POINT('',(-0.318803003272378,0.265453491296297,-2.00000000000005E-6));
#16116=CARTESIAN_POINT('',(-0.321018464026995,0.264532311159827,-1.6940658945086E-21));
#16117=CARTESIAN_POINT('',(-0.322592881944445,0.263620486111111,-2.00000000000005E-6));
#16118=CARTESIAN_POINT('',(-0.318474826388889,0.250794097222222,-8.470329472543E-22));
#16119=CARTESIAN_POINT('',(-0.318474826388889,0.250794097222222,0.0015));
#16120=CARTESIAN_POINT('',(-0.317993923611111,0.250649421296296,-8.470329472543E-22));
#16121=CARTESIAN_POINT('',(-0.317993923611111,0.250649421296296,0.0015));
#16122=CARTESIAN_POINT('',(-0.317585358796297,0.250450636574074,-8.470329472543E-22));
#16123=CARTESIAN_POINT('',(-0.317585358796297,0.250450636574074,0.0015));
#16124=CARTESIAN_POINT('',(-0.317249131944445,0.250197743055555,-8.470329472543E-22));
#16125=CARTESIAN_POINT('',(-0.317249131944445,0.250197743055555,0.0015));
#16126=CARTESIAN_POINT('',(-0.317249131944445,0.250197743055555,-2.00000000000005E-6));
#16127=CARTESIAN_POINT('',(-0.318474826388889,0.250794097222222,-2.00000000000005E-6));
#16128=CARTESIAN_POINT('',(-0.318951655214108,0.247900093705928,-2.00000000000005E-6));
#16129=CARTESIAN_POINT('',(-0.316451388888889,0.249286284722222,-2.00000000000005E-6));
#16130=CARTESIAN_POINT('',(-0.320130208333334,0.251011111111111,-8.470329472543E-22));
#16131=CARTESIAN_POINT('',(-0.320130208333334,0.251011111111111,0.0015));
#16132=CARTESIAN_POINT('',(-0.319507523148148,0.251011111111111,-8.470329472543E-22));
#16133=CARTESIAN_POINT('',(-0.319507523148148,0.251011111111111,0.0015));
#16134=CARTESIAN_POINT('',(-0.318955729166667,0.250938773148148,-8.470329472543E-22));
#16135=CARTESIAN_POINT('',(-0.318955729166667,0.250938773148148,0.0015));
#16136=CARTESIAN_POINT('',(-0.318474826388889,0.250794097222222,-8.470329472543E-22));
#16137=CARTESIAN_POINT('',(-0.318474826388889,0.250794097222222,0.0015));
#16138=CARTESIAN_POINT('',(-0.320130208333334,0.251011111111111,-2.00000000000005E-6));
#16139=CARTESIAN_POINT('',(-0.319199388780943,0.24777430007143,-2.00000000000005E-6));
#16140=CARTESIAN_POINT('',(-0.316083671235609,0.248136111111111,-1.6940658945086E-21));
#16141=CARTESIAN_POINT('',(-0.316625868055555,0.248136111111111,-2.00000000000005E-6));
#16142=CARTESIAN_POINT('',(-0.317168299840859,0.248136111111111,-8.470329472543E-22));
#16143=CARTESIAN_POINT('',(-0.318873138648394,0.247678167199946,-2.00000000000005E-6));
#16144=CARTESIAN_POINT('',(-0.3174609375,0.248737673611111,-2.00000000000005E-6));
#16145=CARTESIAN_POINT('',(-0.3174609375,0.248737673611111,-1.6940658945086E-21));
#16146=CARTESIAN_POINT('',(-0.3174609375,0.248737673611111,0.0015));
#16147=CARTESIAN_POINT('',(-0.317598090277778,0.248922280092593,-1.6940658945086E-21));
#16148=CARTESIAN_POINT('',(-0.317598090277778,0.248922280092593,0.0015));
#16149=CARTESIAN_POINT('',(-0.317787905092592,0.249085185185185,-1.6940658945086E-21));
#16150=CARTESIAN_POINT('',(-0.317787905092592,0.249085185185185,0.0015));
#16151=CARTESIAN_POINT('',(-0.318030381944444,0.249226388888889,-1.6940658945086E-21));
#16152=CARTESIAN_POINT('',(-0.318030381944444,0.249226388888889,0.0015));
#16153=CARTESIAN_POINT('',(-0.318030381944444,0.249226388888889,-2.00000000000005E-6));
#16154=CARTESIAN_POINT('',(-0.318030381944444,0.249226388888889,-1.6940658945086E-21));
#16155=CARTESIAN_POINT('',(-0.318030381944444,0.249226388888889,0.0015));
#16156=CARTESIAN_POINT('',(-0.318272858796296,0.249367592592593,-1.6940658945086E-21));
#16157=CARTESIAN_POINT('',(-0.318272858796296,0.249367592592593,0.0015));
#16158=CARTESIAN_POINT('',(-0.318565972222222,0.249477835648148,-1.6940658945086E-21));
#16159=CARTESIAN_POINT('',(-0.318565972222222,0.249477835648148,0.0015));
#16160=CARTESIAN_POINT('',(-0.318909722222223,0.249557118055555,-1.6940658945086E-21));
#16161=CARTESIAN_POINT('',(-0.318909722222223,0.249557118055555,0.0015));
#16162=CARTESIAN_POINT('',(-0.318909722222223,0.249557118055555,-2.00000000000005E-6));
#16163=CARTESIAN_POINT('',(-0.318909722222223,0.249557118055555,-1.6940658945086E-21));
#16164=CARTESIAN_POINT('',(-0.318909722222223,0.249557118055555,0.0015));
#16165=CARTESIAN_POINT('',(-0.319253472222223,0.249636400462963,-1.6940658945086E-21));
#16166=CARTESIAN_POINT('',(-0.319253472222223,0.249636400462963,0.0015));
#16167=CARTESIAN_POINT('',(-0.319660300925926,0.249680092592593,-1.6940658945086E-21));
#16168=CARTESIAN_POINT('',(-0.319660300925926,0.249680092592593,0.0015));
#16169=CARTESIAN_POINT('',(-0.320130208333334,0.249688194444445,-1.6940658945086E-21));
#16170=CARTESIAN_POINT('',(-0.320130208333334,0.249688194444445,0.0015));
#16171=CARTESIAN_POINT('',(-0.320130208333334,0.249688194444445,-2.00000000000005E-6));
#16172=CARTESIAN_POINT('',(-0.320130208333334,0.249688194444445,-1.6940658945086E-21));
#16173=CARTESIAN_POINT('',(-0.320130208333334,0.249688194444445,0.0015));
#16174=CARTESIAN_POINT('',(-0.320600115740741,0.249680092592593,-1.6940658945086E-21));
#16175=CARTESIAN_POINT('',(-0.320600115740741,0.249680092592593,0.0015));
#16176=CARTESIAN_POINT('',(-0.32101244212963,0.249636400462963,-1.6940658945086E-21));
#16177=CARTESIAN_POINT('',(-0.32101244212963,0.249636400462963,0.0015));
#16178=CARTESIAN_POINT('',(-0.3213671875,0.249557118055555,-1.6940658945086E-21));
#16179=CARTESIAN_POINT('',(-0.3213671875,0.249557118055555,0.0015));
#16180=CARTESIAN_POINT('',(-0.3213671875,0.249557118055555,-2.00000000000005E-6));
#16181=CARTESIAN_POINT('',(-0.3213671875,0.249557118055555,-1.6940658945086E-21));
#16182=CARTESIAN_POINT('',(-0.3213671875,0.249557118055555,0.0015));
#16183=CARTESIAN_POINT('',(-0.32172193287037,0.249477835648148,-1.6940658945086E-21));
#16184=CARTESIAN_POINT('',(-0.32172193287037,0.249477835648148,0.0015));
#16185=CARTESIAN_POINT('',(-0.322027488425926,0.249367592592593,-1.6940658945086E-21));
#16186=CARTESIAN_POINT('',(-0.322027488425926,0.249367592592593,0.0015));
#16187=CARTESIAN_POINT('',(-0.322283854166666,0.249226388888889,-1.6940658945086E-21));
#16188=CARTESIAN_POINT('',(-0.322283854166666,0.249226388888889,0.0015));
#16189=CARTESIAN_POINT('',(-0.322283854166666,0.249226388888889,-2.00000000000005E-6));
#16190=CARTESIAN_POINT('',(-0.322283854166666,0.249226388888889,-8.470329472543E-22));
#16191=CARTESIAN_POINT('',(-0.322283854166666,0.249226388888889,0.0015));
#16192=CARTESIAN_POINT('',(-0.322540219907407,0.249085185185185,-8.470329472543E-22));
#16193=CARTESIAN_POINT('',(-0.322540219907407,0.249085185185185,0.0015));
#16194=CARTESIAN_POINT('',(-0.322744502314815,0.248922280092593,-8.470329472543E-22));
#16195=CARTESIAN_POINT('',(-0.322744502314815,0.248922280092593,0.0015));
#16196=CARTESIAN_POINT('',(-0.322896701388889,0.248737673611111,-8.470329472543E-22));
#16197=CARTESIAN_POINT('',(-0.322896701388889,0.248737673611111,0.0015));
#16198=CARTESIAN_POINT('',(-0.322896701388889,0.248737673611111,-2.00000000000005E-6));
#16199=CARTESIAN_POINT('',(-0.321687311822531,0.24771863943712,-2.00000000000005E-6));
#16200=CARTESIAN_POINT('',(-0.323212179974582,0.248136111111111,-1.6940658945086E-21));
#16201=CARTESIAN_POINT('',(-0.323705729166667,0.248136111111111,-2.00000000000005E-6));
#16202=CARTESIAN_POINT('',(-0.324199346977559,0.248136111111111,-8.470329472543E-22));
#16203=CARTESIAN_POINT('',(-0.321117495283703,0.247768573422017,-2.00000000000005E-6));
#16204=CARTESIAN_POINT('',(-0.323824652777778,0.249286284722222,-2.00000000000005E-6));
#16205=CARTESIAN_POINT('',(-0.321305682367534,0.247863907155735,-2.00000000000005E-6));
#16206=CARTESIAN_POINT('',(-0.323016493055556,0.250197743055555,-2.00000000000005E-6));
#16207=CARTESIAN_POINT('',(-0.323016493055556,0.250197743055555,-1.6940658945086E-21));
#16208=CARTESIAN_POINT('',(-0.323016493055556,0.250197743055555,0.0015));
#16209=CARTESIAN_POINT('',(-0.322676793981482,0.250450636574074,-1.6940658945086E-21));
#16210=CARTESIAN_POINT('',(-0.322676793981482,0.250450636574074,0.0015));
#16211=CARTESIAN_POINT('',(-0.322266203703704,0.250649421296296,-1.6940658945086E-21));
#16212=CARTESIAN_POINT('',(-0.322266203703704,0.250649421296296,0.0015));
#16213=CARTESIAN_POINT('',(-0.321784722222223,0.250794097222222,-1.6940658945086E-21));
#16214=CARTESIAN_POINT('',(-0.321784722222223,0.250794097222222,0.0015));
#16215=CARTESIAN_POINT('',(-0.321784722222223,0.250794097222222,-2.00000000000005E-6));
#16216=CARTESIAN_POINT('',(-0.321784722222223,0.250794097222222,-1.6940658945086E-21));
#16217=CARTESIAN_POINT('',(-0.321784722222223,0.250794097222222,0.0015));
#16218=CARTESIAN_POINT('',(-0.321303240740741,0.250938773148148,-1.6940658945086E-21));
#16219=CARTESIAN_POINT('',(-0.321303240740741,0.250938773148148,0.0015));
#16220=CARTESIAN_POINT('',(-0.320751736111111,0.251011111111111,-1.6940658945086E-21));
#16221=CARTESIAN_POINT('',(-0.320751736111111,0.251011111111111,0.0015));
#16222=CARTESIAN_POINT('',(-0.320130208333334,0.251011111111111,-1.6940658945086E-21));
#16223=CARTESIAN_POINT('',(-0.320130208333334,0.251011111111111,0.0015));
#16224=CARTESIAN_POINT('',(-0.321706206903253,0.246885252414078,-2.00000000000005E-6));
#16225=CARTESIAN_POINT('',(-0.323651041666666,0.245602256944444,-2.00000000000005E-6));
#16226=CARTESIAN_POINT('',(-0.323134666926295,0.245044097222222,-8.470329472543E-22));
#16227=CARTESIAN_POINT('',(-0.320761696931337,0.247484288340666,-2.00000000000005E-6));
#16228=CARTESIAN_POINT('',(-0.323982638888889,0.246253298611111,-2.00000000000005E-6));
#16229=CARTESIAN_POINT('',(-0.321589409722222,0.245044097222222,-2.00000000000005E-6));
#16230=CARTESIAN_POINT('',(-0.320043402777778,0.245044097222222,-2.00000000000005E-6));
#16231=CARTESIAN_POINT('',(-0.320859920328801,0.247444820995423,-2.00000000000005E-6));
#16232=CARTESIAN_POINT('',(-0.324166666666666,0.246958159722222,-2.00000000000005E-6));
#16233=CARTESIAN_POINT('',(-0.319298059588858,0.247684941400261,-2.00000000000005E-6));
#16234=CARTESIAN_POINT('',(-0.324220486111111,0.247679513888889,-2.00000000000005E-6));
#16235=CARTESIAN_POINT('',(-0.324220486111111,0.247685590277778,-2.00000000000005E-6));
#16236=CARTESIAN_POINT('',(-0.324220486111111,0.247691666666667,-2.00000000000005E-6));
#16237=CARTESIAN_POINT('',(-0.323743055555555,0.247691666666667,-2.00000000000005E-6));
#16238=CARTESIAN_POINT('',(-0.323265855037652,0.247691666666667,-8.470329472543E-22));
#16239=CARTESIAN_POINT('',(-0.319398158324917,0.247735394852965,-2.00000000000005E-6));
#16240=CARTESIAN_POINT('',(-0.323249131944445,0.247371354166666,-2.00000000000005E-6));
#16241=CARTESIAN_POINT('',(-0.319216369499923,0.247729085573022,-2.00000000000005E-6));
#16242=CARTESIAN_POINT('',(-0.3231953125,0.246980729166666,-2.00000000000005E-6));
#16243=CARTESIAN_POINT('',(-0.32082570634785,0.247414082584811,-2.00000000000005E-6));
#16244=CARTESIAN_POINT('',(-0.323092881944445,0.246600520833334,-2.00000000000005E-6));
#16245=CARTESIAN_POINT('',(-0.323092881944445,0.246600520833334,-1.6940658945086E-21));
#16246=CARTESIAN_POINT('',(-0.323092881944445,0.246600520833334,0.0015));
#16247=CARTESIAN_POINT('',(-0.323049479166667,0.246480729166667,-1.6940658945086E-21));
#16248=CARTESIAN_POINT('',(-0.323049479166667,0.246480729166667,0.0015));
#16249=CARTESIAN_POINT('',(-0.322987847222222,0.246391898148148,-1.6940658945086E-21));
#16250=CARTESIAN_POINT('',(-0.322987847222222,0.246391898148148,0.0015));
#16251=CARTESIAN_POINT('',(-0.322907986111111,0.246334027777778,-1.6940658945086E-21));
#16252=CARTESIAN_POINT('',(-0.322907986111111,0.246334027777778,0.0015));
#16253=CARTESIAN_POINT('',(-0.322907986111111,0.246334027777778,-2.00000000000005E-6));
#16254=CARTESIAN_POINT('',(-0.321920138888889,0.246334027777778,-2.00000000000005E-6));
#16255=CARTESIAN_POINT('',(-0.320932291666666,0.246334027777778,-2.00000000000005E-6));
#16256=CARTESIAN_POINT('',(-0.320932291666666,0.247012847222222,-2.00000000000005E-6));
#16257=CARTESIAN_POINT('',(-0.320932291666667,0.247691666666667,-2.00000000000005E-6));
#16258=CARTESIAN_POINT('',(-0.320487847222223,0.247691666666667,-2.00000000000005E-6));
#16259=CARTESIAN_POINT('',(-0.320043402777778,0.247691666666667,-2.00000000000005E-6));
#16260=CARTESIAN_POINT('',(-0.320043402777778,0.246367881944445,-2.00000000000005E-6));
#16261=CARTESIAN_POINT('',(-0.320168402777778,0.241884375,-2.00000000000005E-6));
#16262=CARTESIAN_POINT('',(-0.324166666666666,0.241884375,-2.00000000000005E-6));
#16263=CARTESIAN_POINT('',(-0.316170138888889,0.241884375,-2.00000000000005E-6));
#16264=CARTESIAN_POINT('',(-0.324166666666666,0.242535416666667,-2.00000000000005E-6));
#16265=CARTESIAN_POINT('',(-0.324166666666666,0.243186458333333,-2.00000000000005E-6));
#16266=CARTESIAN_POINT('',(-0.316170138888889,0.242535416666667,-2.00000000000005E-6));
#16267=CARTESIAN_POINT('',(-0.316170138888889,0.243186458333333,-2.00000000000005E-6));
#16268=CARTESIAN_POINT('',(-0.320168402777778,0.243186458333333,-2.00000000000005E-6));
#16269=CARTESIAN_POINT('',(-0.322717881944445,0.239893923611111,-2.00000000000005E-6));
#16270=CARTESIAN_POINT('',(-0.321269069232187,0.240648278462341,-8.470329472543E-22));
#16271=CARTESIAN_POINT('',(-0.324166666666666,0.239139583333333,-2.00000000000005E-6));
#16272=CARTESIAN_POINT('',(-0.321780051446755,0.240645363760784,-2.00000000000005E-6));
#16273=CARTESIAN_POINT('',(-0.321274305555555,0.240718576388889,-2.00000000000005E-6));
#16274=CARTESIAN_POINT('',(-0.324166666666666,0.238450347222222,-2.00000000000005E-6));
#16275=CARTESIAN_POINT('',(-0.324166666666666,0.237761111111111,-2.00000000000005E-6));
#16276=CARTESIAN_POINT('',(-0.32033150296709,0.24081539790495,-2.00000000000005E-6));
#16277=CARTESIAN_POINT('',(-0.321279513888889,0.240832291666667,-2.00000000000005E-6));
#16278=CARTESIAN_POINT('',(-0.321279513888889,0.241224869791667,-2.00000000000005E-6));
#16279=CARTESIAN_POINT('',(-0.321279513888889,0.241439930555555,-2.00000000000005E-6));
#16280=CARTESIAN_POINT('',(-0.320802083333334,0.241439930555555,-2.00000000000005E-6));
#16281=CARTESIAN_POINT('',(-0.320324652777778,0.241439930555555,-2.00000000000005E-6));
#16282=CARTESIAN_POINT('',(-0.320324652777778,0.241071006944444,-2.00000000000005E-6));
#16283=CARTESIAN_POINT('',(-0.320324652777778,0.240702083333334,-2.00000000000005E-6));
#16284=CARTESIAN_POINT('',(-0.318845009380724,0.24070884726324,-2.00000000000005E-6));
#16285=CARTESIAN_POINT('',(-0.320243923611111,0.240225520833334,-2.00000000000005E-6));
#16286=CARTESIAN_POINT('',(-0.319133918290655,0.240608274003734,-2.00000000000005E-6));
#16287=CARTESIAN_POINT('',(-0.319978298611111,0.239791493055555,-2.00000000000005E-6));
#16288=CARTESIAN_POINT('',(-0.319978298611111,0.239791493055555,-1.6940658945086E-21));
#16289=CARTESIAN_POINT('',(-0.319978298611111,0.239791493055555,0.0015));
#16290=CARTESIAN_POINT('',(-0.319855034722222,0.239661284722222,-1.6940658945086E-21));
#16291=CARTESIAN_POINT('',(-0.319855034722222,0.239661284722222,0.0015));
#16292=CARTESIAN_POINT('',(-0.319683159722222,0.23955625,-1.6940658945086E-21));
#16293=CARTESIAN_POINT('',(-0.319683159722222,0.23955625,0.0015));
#16294=CARTESIAN_POINT('',(-0.319462673611111,0.239476388888889,-1.6940658945086E-21));
#16295=CARTESIAN_POINT('',(-0.319462673611111,0.239476388888889,0.0015));
#16296=CARTESIAN_POINT('',(-0.319462673611111,0.239476388888889,-2.00000000000005E-6));
#16297=CARTESIAN_POINT('',(-0.319462673611111,0.239476388888889,-8.470329472543E-22));
#16298=CARTESIAN_POINT('',(-0.319462673611111,0.239476388888889,0.0015));
#16299=CARTESIAN_POINT('',(-0.3192421875,0.239396527777778,-8.470329472543E-22));
#16300=CARTESIAN_POINT('',(-0.3192421875,0.239396527777778,0.0015));
#16301=CARTESIAN_POINT('',(-0.318969328703704,0.239356597222222,-8.470329472543E-22));
#16302=CARTESIAN_POINT('',(-0.318969328703704,0.239356597222222,0.0015));
#16303=CARTESIAN_POINT('',(-0.318644097222223,0.239356597222222,-8.470329472543E-22));
#16304=CARTESIAN_POINT('',(-0.318644097222223,0.239356597222222,0.0015));
#16305=CARTESIAN_POINT('',(-0.318644097222223,0.239356597222222,-2.00000000000005E-6));
#16306=CARTESIAN_POINT('',(-0.318687595589712,0.241559803529566,-2.00000000000005E-6));
#16307=CARTESIAN_POINT('',(-0.318192708333334,0.239411284722222,-2.00000000000005E-6));
#16308=CARTESIAN_POINT('',(-0.318476463274284,0.240675447806548,-2.00000000000005E-6));
#16309=CARTESIAN_POINT('',(-0.317704861111111,0.239633506944444,-2.00000000000005E-6));
#16310=CARTESIAN_POINT('',(-0.317704861111111,0.239633506944444,-1.6940658945086E-21));
#16311=CARTESIAN_POINT('',(-0.317704861111111,0.239633506944444,0.0015));
#16312=CARTESIAN_POINT('',(-0.317549768518519,0.239745196759259,-1.6940658945086E-21));
#16313=CARTESIAN_POINT('',(-0.317549768518519,0.239745196759259,0.0015));
#16314=CARTESIAN_POINT('',(-0.317419560185185,0.239902314814815,-1.6940658945086E-21));
#16315=CARTESIAN_POINT('',(-0.317419560185185,0.239902314814815,0.0015));
#16316=CARTESIAN_POINT('',(-0.317314236111111,0.240104861111111,-1.6940658945086E-21));
#16317=CARTESIAN_POINT('',(-0.317314236111111,0.240104861111111,0.0015));
#16318=CARTESIAN_POINT('',(-0.317314236111111,0.240104861111111,-2.00000000000005E-6));
#16319=CARTESIAN_POINT('',(-0.317314236111111,0.240104861111111,-1.6940658945086E-21));
#16320=CARTESIAN_POINT('',(-0.317314236111111,0.240104861111111,0.0015));
#16321=CARTESIAN_POINT('',(-0.317208912037037,0.240307407407407,-1.6940658945086E-21));
#16322=CARTESIAN_POINT('',(-0.317208912037037,0.240307407407407,0.0015));
#16323=CARTESIAN_POINT('',(-0.31715625,0.240575347222222,-1.6940658945086E-21));
#16324=CARTESIAN_POINT('',(-0.31715625,0.240575347222222,0.0015));
#16325=CARTESIAN_POINT('',(-0.31715625,0.240908680555555,-1.6940658945086E-21));
#16326=CARTESIAN_POINT('',(-0.31715625,0.240908680555555,0.0015));
#16327=CARTESIAN_POINT('',(-0.31715625,0.240908680555555,-2.00000000000005E-6));
#16328=CARTESIAN_POINT('',(-0.31715625,0.241174305555555,-2.00000000000005E-6));
#16329=CARTESIAN_POINT('',(-0.31715625,0.241439930555555,-2.00000000000005E-6));
#16330=CARTESIAN_POINT('',(-0.316663194444444,0.241439930555555,-2.00000000000005E-6));
#16331=CARTESIAN_POINT('',(-0.316170138888889,0.241439930555555,-2.00000000000005E-6));
#16332=CARTESIAN_POINT('',(-0.316170138888889,0.241163020833334,-2.00000000000005E-6));
#16333=CARTESIAN_POINT('',(-0.316170138888889,0.240886111111111,-2.00000000000005E-6));
#16334=CARTESIAN_POINT('',(-0.319409631849779,0.240892317762454,-2.00000000000005E-6));
#16335=CARTESIAN_POINT('',(-0.316332643158748,0.239878584981267,-1.6940658945086E-21));
#16336=CARTESIAN_POINT('',(-0.31893041909215,0.240711175357114,-2.00000000000005E-6));
#16337=CARTESIAN_POINT('',(-0.3168203125,0.238982465277778,-2.00000000000005E-6));
#16338=CARTESIAN_POINT('',(-0.318788820163472,0.240597172707424,-2.00000000000005E-6));
#16339=CARTESIAN_POINT('',(-0.317606770833333,0.238341840277778,-2.00000000000005E-6));
#16340=CARTESIAN_POINT('',(-0.317606770833333,0.238341840277778,-1.6940658945086E-21));
#16341=CARTESIAN_POINT('',(-0.317606770833333,0.238341840277778,0.0015));
#16342=CARTESIAN_POINT('',(-0.3179140625,0.238179224537037,-1.6940658945086E-21));
#16343=CARTESIAN_POINT('',(-0.3179140625,0.238179224537037,0.0015));
#16344=CARTESIAN_POINT('',(-0.318259837962963,0.238097916666666,-1.6940658945086E-21));
#16345=CARTESIAN_POINT('',(-0.318259837962963,0.238097916666666,0.0015));
#16346=CARTESIAN_POINT('',(-0.318644097222223,0.238097916666666,-1.6940658945086E-21));
#16347=CARTESIAN_POINT('',(-0.318644097222223,0.238097916666666,0.0015));
#16348=CARTESIAN_POINT('',(-0.318644097222223,0.238097916666666,-2.00000000000005E-6));
#16349=CARTESIAN_POINT('',(-0.318644097222223,0.238097916666666,-8.470329472543E-22));
#16350=CARTESIAN_POINT('',(-0.318644097222223,0.238097916666666,0.0015));
#16351=CARTESIAN_POINT('',(-0.319222800925926,0.238097916666666,-8.470329472543E-22));
#16352=CARTESIAN_POINT('',(-0.319222800925926,0.238097916666666,0.0015));
#16353=CARTESIAN_POINT('',(-0.319714699074074,0.238231886574074,-8.470329472543E-22));
#16354=CARTESIAN_POINT('',(-0.319714699074074,0.238231886574074,0.0015));
#16355=CARTESIAN_POINT('',(-0.320119791666666,0.238499826388889,-8.470329472543E-22));
#16356=CARTESIAN_POINT('',(-0.320119791666666,0.238499826388889,0.0015));
#16357=CARTESIAN_POINT('',(-0.320119791666666,0.238499826388889,-2.00000000000005E-6));
#16358=CARTESIAN_POINT('',(-0.31880300327238,0.240505574629629,-2.00000000000005E-6));
#16359=CARTESIAN_POINT('',(-0.321018464026995,0.239584394493161,-1.6940658945086E-21));
#16360=CARTESIAN_POINT('',(-0.322592881944445,0.238672569444445,-2.00000000000005E-6));
#16361=CARTESIAN_POINT('',(-0.318638020833334,0.289109201388889,-2.00000000000005E-6));
#16362=CARTESIAN_POINT('',(-0.321105902777778,0.288035416666666,-2.00000000000005E-6));
#16363=CARTESIAN_POINT('',(-0.316170138888889,0.290182986111111,-2.00000000000005E-6));
#16364=CARTESIAN_POINT('',(-0.322110243055556,0.288035416666666,-2.00000000000005E-6));
#16365=CARTESIAN_POINT('',(-0.323114583333334,0.288035416666666,-2.00000000000005E-6));
#16366=CARTESIAN_POINT('',(-0.316170138888889,0.2908453125,-2.00000000000005E-6));
#16367=CARTESIAN_POINT('',(-0.316170138888889,0.291507638888889,-2.00000000000005E-6));
#16368=CARTESIAN_POINT('',(-0.323114583333334,0.288209027777778,-2.00000000000005E-6));
#16369=CARTESIAN_POINT('',(-0.323114583333334,0.288382638888889,-2.00000000000005E-6));
#16370=CARTESIAN_POINT('',(-0.320889756944445,0.2892828125,-2.00000000000005E-6));
#16371=CARTESIAN_POINT('',(-0.318664930555556,0.290182986111111,-2.00000000000005E-6));
#16372=CARTESIAN_POINT('',(-0.321415798611111,0.290182986111111,-2.00000000000005E-6));
#16373=CARTESIAN_POINT('',(-0.324166666666666,0.290182986111111,-2.00000000000005E-6));
#16374=CARTESIAN_POINT('',(-0.324166666666666,0.2908453125,-2.00000000000005E-6));
#16375=CARTESIAN_POINT('',(-0.324166666666666,0.291507638888889,-2.00000000000005E-6));
#16376=CARTESIAN_POINT('',(-0.320168402777778,0.291507638888889,-2.00000000000005E-6));
#16377=CARTESIAN_POINT('',(-0.320168402777778,0.28411875,-2.00000000000005E-6));
#16378=CARTESIAN_POINT('',(-0.324166666666666,0.28411875,-2.00000000000005E-6));
#16379=CARTESIAN_POINT('',(-0.316170138888889,0.28411875,-2.00000000000005E-6));
#16380=CARTESIAN_POINT('',(-0.324166666666666,0.284780208333334,-2.00000000000005E-6));
#16381=CARTESIAN_POINT('',(-0.324166666666666,0.285441666666666,-2.00000000000005E-6));
#16382=CARTESIAN_POINT('',(-0.316170138888889,0.284780208333334,-2.00000000000005E-6));
#16383=CARTESIAN_POINT('',(-0.316170138888889,0.285441666666666,-2.00000000000005E-6));
#16384=CARTESIAN_POINT('',(-0.321415798611111,0.285441666666666,-2.00000000000005E-6));
#16385=CARTESIAN_POINT('',(-0.318664930555556,0.285441666666666,-2.00000000000005E-6));
#16386=CARTESIAN_POINT('',(-0.320889756944445,0.286336631944445,-2.00000000000005E-6));
#16387=CARTESIAN_POINT('',(-0.323114583333334,0.287231597222222,-2.00000000000005E-6));
#16388=CARTESIAN_POINT('',(-0.323114583333334,0.287411284722222,-2.00000000000005E-6));
#16389=CARTESIAN_POINT('',(-0.323114583333334,0.287590972222223,-2.00000000000005E-6));
#16390=CARTESIAN_POINT('',(-0.322121527777778,0.287590972222223,-2.00000000000005E-6));
#16391=CARTESIAN_POINT('',(-0.321128472222223,0.287590972222223,-2.00000000000005E-6));
#16392=CARTESIAN_POINT('',(-0.318649305555555,0.286516319444445,-2.00000000000005E-6));
#16393=CARTESIAN_POINT('',(-0.320168402777778,0.280766319444444,-2.00000000000005E-6));
#16394=CARTESIAN_POINT('',(-0.324166666666666,0.280766319444444,-2.00000000000005E-6));
#16395=CARTESIAN_POINT('',(-0.316170138888889,0.280766319444444,-2.00000000000005E-6));
#16396=CARTESIAN_POINT('',(-0.324166666666666,0.281427777777778,-2.00000000000005E-6));
#16397=CARTESIAN_POINT('',(-0.324166666666666,0.282089236111111,-2.00000000000005E-6));
#16398=CARTESIAN_POINT('',(-0.316170138888889,0.281427777777778,-2.00000000000005E-6));
#16399=CARTESIAN_POINT('',(-0.316170138888889,0.282089236111111,-2.00000000000005E-6));
#16400=CARTESIAN_POINT('',(-0.320168402777778,0.282089236111111,-2.00000000000005E-6));
#16401=CARTESIAN_POINT('',(-0.320118923611111,0.280320138888889,-2.00000000000005E-6));
#16402=CARTESIAN_POINT('',(-0.319673611111111,0.280320138888889,-2.00000000000005E-6));
#16403=CARTESIAN_POINT('',(-0.320564236111111,0.280320138888889,-2.00000000000005E-6));
#16404=CARTESIAN_POINT('',(-0.319673611111111,0.278872222222223,-2.00000000000005E-6));
#16405=CARTESIAN_POINT('',(-0.319673611111111,0.277424305555555,-2.00000000000005E-6));
#16406=CARTESIAN_POINT('',(-0.320564236111111,0.278872222222223,-2.00000000000005E-6));
#16407=CARTESIAN_POINT('',(-0.320564236111111,0.277424305555555,-2.00000000000005E-6));
#16408=CARTESIAN_POINT('',(-0.320118923611111,0.277424305555555,-2.00000000000005E-6));
#16409=CARTESIAN_POINT('',(-0.323672743055555,0.2770875,-2.00000000000005E-6));
#16410=CARTESIAN_POINT('',(-0.324166666666666,0.2770875,-2.00000000000005E-6));
#16411=CARTESIAN_POINT('',(-0.323178819444444,0.2770875,-2.00000000000005E-6));
#16412=CARTESIAN_POINT('',(-0.324166666666666,0.278703819444445,-2.00000000000005E-6));
#16413=CARTESIAN_POINT('',(-0.324166666666666,0.280320138888889,-2.00000000000005E-6));
#16414=CARTESIAN_POINT('',(-0.323178819444444,0.278703819444445,-2.00000000000005E-6));
#16415=CARTESIAN_POINT('',(-0.323178819444444,0.280320138888889,-2.00000000000005E-6));
#16416=CARTESIAN_POINT('',(-0.323672743055555,0.280320138888889,-2.00000000000005E-6));
#16417=CARTESIAN_POINT('',(-0.31715625,0.278703819444445,-2.00000000000005E-6));
#16418=CARTESIAN_POINT('',(-0.31715625,0.280320138888889,-2.00000000000005E-6));
#16419=CARTESIAN_POINT('',(-0.31715625,0.2770875,-2.00000000000005E-6));
#16420=CARTESIAN_POINT('',(-0.316663194444444,0.280320138888889,-2.00000000000005E-6));
#16421=CARTESIAN_POINT('',(-0.316170138888889,0.280320138888889,-2.00000000000005E-6));
#16422=CARTESIAN_POINT('',(-0.316663194444444,0.2770875,-2.00000000000005E-6));
#16423=CARTESIAN_POINT('',(-0.316170138888889,0.2770875,-2.00000000000005E-6));
#16424=CARTESIAN_POINT('',(-0.316170138888889,0.278703819444445,-2.00000000000005E-6));
#16425=CARTESIAN_POINT('',(-0.317059027777778,0.270859201388889,-2.00000000000005E-6));
#16426=CARTESIAN_POINT('',(-0.317059027777778,0.272052777777778,-2.00000000000005E-6));
#16427=CARTESIAN_POINT('',(-0.317059027777778,0.269665625,-2.00000000000005E-6));
#16428=CARTESIAN_POINT('',(-0.320612847222222,0.272052777777778,-2.00000000000005E-6));
#16429=CARTESIAN_POINT('',(-0.324166666666666,0.272052777777778,-2.00000000000005E-6));
#16430=CARTESIAN_POINT('',(-0.316614583333334,0.269665625,-2.00000000000005E-6));
#16431=CARTESIAN_POINT('',(-0.316170138888889,0.269665625,-2.00000000000005E-6));
#16432=CARTESIAN_POINT('',(-0.324166666666666,0.272709027777778,-2.00000000000005E-6));
#16433=CARTESIAN_POINT('',(-0.324166666666666,0.273365277777778,-2.00000000000005E-6));
#16434=CARTESIAN_POINT('',(-0.320612847222222,0.273365277777778,-2.00000000000005E-6));
#16435=CARTESIAN_POINT('',(-0.317059027777778,0.273365277777778,-2.00000000000005E-6));
#16436=CARTESIAN_POINT('',(-0.317059027777778,0.274558854166667,-2.00000000000005E-6));
#16437=CARTESIAN_POINT('',(-0.317059027777778,0.275752430555555,-2.00000000000005E-6));
#16438=CARTESIAN_POINT('',(-0.316614583333334,0.275752430555555,-2.00000000000005E-6));
#16439=CARTESIAN_POINT('',(-0.316170138888889,0.275752430555555,-2.00000000000005E-6));
#16440=CARTESIAN_POINT('',(-0.316170138888889,0.272709027777778,-2.00000000000005E-6));
#16441=CARTESIAN_POINT('',(-0.320168402777778,0.266832291666666,-2.00000000000005E-6));
#16442=CARTESIAN_POINT('',(-0.324166666666666,0.266832291666666,-2.00000000000005E-6));
#16443=CARTESIAN_POINT('',(-0.316170138888889,0.266832291666666,-2.00000000000005E-6));
#16444=CARTESIAN_POINT('',(-0.324166666666666,0.267483333333334,-2.00000000000005E-6));
#16445=CARTESIAN_POINT('',(-0.324166666666666,0.268134375,-2.00000000000005E-6));
#16446=CARTESIAN_POINT('',(-0.316170138888889,0.267483333333334,-2.00000000000005E-6));
#16447=CARTESIAN_POINT('',(-0.316170138888889,0.268134375,-2.00000000000005E-6));
#16448=CARTESIAN_POINT('',(-0.320168402777778,0.268134375,-2.00000000000005E-6));
#16449=CARTESIAN_POINT('',(-0.320168402777778,0.293504166666667,-2.00000000000005E-6));
#16450=CARTESIAN_POINT('',(-0.324166666666666,0.293504166666667,-2.00000000000005E-6));
#16451=CARTESIAN_POINT('',(-0.316170138888889,0.293504166666667,-2.00000000000005E-6));
#16452=CARTESIAN_POINT('',(-0.324166666666666,0.294165625,-2.00000000000005E-6));
#16453=CARTESIAN_POINT('',(-0.324166666666666,0.294827083333334,-2.00000000000005E-6));
#16454=CARTESIAN_POINT('',(-0.316170138888889,0.294165625,-2.00000000000005E-6));
#16455=CARTESIAN_POINT('',(-0.316170138888889,0.294827083333334,-2.00000000000005E-6));
#16456=CARTESIAN_POINT('',(-0.321415798611111,0.294827083333334,-2.00000000000005E-6));
#16457=CARTESIAN_POINT('',(-0.318664930555556,0.294827083333334,-2.00000000000005E-6));
#16458=CARTESIAN_POINT('',(-0.320889756944445,0.295722048611111,-2.00000000000005E-6));
#16459=CARTESIAN_POINT('',(-0.323114583333334,0.296617013888889,-2.00000000000005E-6));
#16460=CARTESIAN_POINT('',(-0.323114583333334,0.296796701388889,-2.00000000000005E-6));
#16461=CARTESIAN_POINT('',(-0.323114583333334,0.296976388888889,-2.00000000000005E-6));
#16462=CARTESIAN_POINT('',(-0.322121527777778,0.296976388888889,-2.00000000000005E-6));
#16463=CARTESIAN_POINT('',(-0.321128472222223,0.296976388888889,-2.00000000000005E-6));
#16464=CARTESIAN_POINT('',(-0.318649305555555,0.295901736111111,-2.00000000000005E-6));
#16465=CARTESIAN_POINT('',(-0.318638020833334,0.298494618055555,-2.00000000000005E-6));
#16466=CARTESIAN_POINT('',(-0.321105902777778,0.297420833333334,-2.00000000000005E-6));
#16467=CARTESIAN_POINT('',(-0.316170138888889,0.299568402777778,-2.00000000000005E-6));
#16468=CARTESIAN_POINT('',(-0.322110243055556,0.297420833333334,-2.00000000000005E-6));
#16469=CARTESIAN_POINT('',(-0.323114583333334,0.297420833333334,-2.00000000000005E-6));
#16470=CARTESIAN_POINT('',(-0.316170138888889,0.300230729166666,-2.00000000000005E-6));
#16471=CARTESIAN_POINT('',(-0.316170138888889,0.300893055555556,-2.00000000000005E-6));
#16472=CARTESIAN_POINT('',(-0.323114583333334,0.297594444444444,-2.00000000000005E-6));
#16473=CARTESIAN_POINT('',(-0.323114583333334,0.297768055555555,-2.00000000000005E-6));
#16474=CARTESIAN_POINT('',(-0.320889756944445,0.298668229166667,-2.00000000000005E-6));
#16475=CARTESIAN_POINT('',(-0.318664930555556,0.299568402777778,-2.00000000000005E-6));
#16476=CARTESIAN_POINT('',(-0.321415798611111,0.299568402777778,-2.00000000000005E-6));
#16477=CARTESIAN_POINT('',(-0.324166666666666,0.299568402777778,-2.00000000000005E-6));
#16478=CARTESIAN_POINT('',(-0.324166666666666,0.300230729166666,-2.00000000000005E-6));
#16479=CARTESIAN_POINT('',(-0.324166666666666,0.300893055555556,-2.00000000000005E-6));
#16480=CARTESIAN_POINT('',(-0.320168402777778,0.300893055555556,-2.00000000000005E-6));
#16481=CARTESIAN_POINT('',(-0.318540798611111,0.303643923611111,-2.00000000000005E-6));
#16482=CARTESIAN_POINT('',(-0.320911458333334,0.304832291666666,-2.00000000000005E-6));
#16483=CARTESIAN_POINT('',(-0.316170138888889,0.302455555555555,-2.00000000000005E-6));
#16484=CARTESIAN_POINT('',(-0.3225390625,0.304832291666666,-2.00000000000005E-6));
#16485=CARTESIAN_POINT('',(-0.324166666666666,0.304832291666666,-2.00000000000005E-6));
#16486=CARTESIAN_POINT('',(-0.316170138888889,0.303198611111111,-2.00000000000005E-6));
#16487=CARTESIAN_POINT('',(-0.316170138888889,0.303941666666666,-2.00000000000005E-6));
#16488=CARTESIAN_POINT('',(-0.324166666666666,0.30549375,-2.00000000000005E-6));
#16489=CARTESIAN_POINT('',(-0.324166666666666,0.306155208333334,-2.00000000000005E-6));
#16490=CARTESIAN_POINT('',(-0.322831597222223,0.306155208333334,-2.00000000000005E-6));
#16491=CARTESIAN_POINT('',(-0.321496527777778,0.306155208333334,-2.00000000000005E-6));
#16492=CARTESIAN_POINT('',(-0.318833333333334,0.3050484375,-2.00000000000005E-6));
#16493=CARTESIAN_POINT('',(-0.319993923611111,0.306014583333334,-2.00000000000005E-6));
#16494=CARTESIAN_POINT('',(-0.320704861111111,0.306307986111111,-2.00000000000005E-6));
#16495=CARTESIAN_POINT('',(-0.319282986111111,0.305721180555555,-2.00000000000005E-6));
#16496=CARTESIAN_POINT('',(-0.3184375,0.307360069444444,-2.00000000000005E-6));
#16497=CARTESIAN_POINT('',(-0.316170138888889,0.308412152777778,-2.00000000000005E-6));
#16498=CARTESIAN_POINT('',(-0.3177265625,0.306323611111111,-2.00000000000005E-6));
#16499=CARTESIAN_POINT('',(-0.316170138888889,0.306926041666666,-2.00000000000005E-6));
#16500=CARTESIAN_POINT('',(-0.316170138888889,0.307669097222223,-2.00000000000005E-6));
#16501=CARTESIAN_POINT('',(-0.318072817113851,0.310815121174913,-2.00000000000005E-6));
#16502=CARTESIAN_POINT('',(-0.317227430555555,0.310551041666667,-2.00000000000005E-6));
#16503=CARTESIAN_POINT('',(-0.317330729166666,0.310334027777778,-2.00000000000005E-6));
#16504=CARTESIAN_POINT('',(-0.319233363595964,0.311190633315284,-2.00000000000005E-6));
#16505=CARTESIAN_POINT('',(-0.317145833333334,0.310908680555555,-2.00000000000005E-6));
#16506=CARTESIAN_POINT('',(-0.31682060893699,0.30994755030331,-2.00000000000005E-6));
#16507=CARTESIAN_POINT('',(-0.317406826632757,0.310203497326468,-1.6940658945086E-21));
#16508=CARTESIAN_POINT('',(-0.317145833333334,0.310908680555555,-1.6940658945086E-21));
#16509=CARTESIAN_POINT('',(-0.317145833333334,0.310908680555555,0.0015));
#16510=CARTESIAN_POINT('',(-0.317123842592593,0.311053356481482,-1.6940658945086E-21));
#16511=CARTESIAN_POINT('',(-0.317123842592593,0.311053356481482,0.0015));
#16512=CARTESIAN_POINT('',(-0.317120370370371,0.311237962962963,-1.6940658945086E-21));
#16513=CARTESIAN_POINT('',(-0.317120370370371,0.311237962962963,0.0015));
#16514=CARTESIAN_POINT('',(-0.317135416666667,0.3114625,-1.6940658945086E-21));
#16515=CARTESIAN_POINT('',(-0.317135416666667,0.3114625,0.0015));
#16516=CARTESIAN_POINT('',(-0.317135416666667,0.3114625,-2.00000000000005E-6));
#16517=CARTESIAN_POINT('',(-0.316587673611111,0.3114625,-2.00000000000005E-6));
#16518=CARTESIAN_POINT('',(-0.316039762357947,0.3114625,-8.470329472543E-22));
#16519=CARTESIAN_POINT('',(-0.322054397502079,0.311607783085995,-2.00000000000005E-6));
#16520=CARTESIAN_POINT('',(-0.316142361111111,0.310491145833334,-2.00000000000005E-6));
#16521=CARTESIAN_POINT('',(-0.316142361111111,0.310491145833334,-1.6940658945086E-21));
#16522=CARTESIAN_POINT('',(-0.316142361111111,0.310491145833334,0.0015));
#16523=CARTESIAN_POINT('',(-0.316203703703704,0.310161863425926,-1.6940658945086E-21));
#16524=CARTESIAN_POINT('',(-0.316203703703704,0.310161863425926,0.0015));
#16525=CARTESIAN_POINT('',(-0.316299768518518,0.309895949074074,-1.6940658945086E-21));
#16526=CARTESIAN_POINT('',(-0.316299768518518,0.309895949074074,0.0015));
#16527=CARTESIAN_POINT('',(-0.316430555555555,0.309693402777778,-1.6940658945086E-21));
#16528=CARTESIAN_POINT('',(-0.316430555555555,0.309693402777778,0.0015));
#16529=CARTESIAN_POINT('',(-0.316430555555555,0.309693402777778,-2.00000000000005E-6));
#16530=CARTESIAN_POINT('',(-0.312438237355526,0.318151165750697,-2.00000000000005E-6));
#16531=CARTESIAN_POINT('',(-0.316739583333334,0.309846180555556,-2.00000000000005E-6));
#16532=CARTESIAN_POINT('',(-0.31690026498538,0.309929125548245,-2.00000541553891E-6));
#16533=CARTESIAN_POINT('',(-0.317053819444444,0.310008506944445,-2.00000000000005E-6));
#16534=CARTESIAN_POINT('',(-0.312765218126923,0.318345452939938,-2.00000000000005E-6));
#16535=CARTESIAN_POINT('',(-0.317297743055556,0.310138715277778,-2.00000000000005E-6));
#16536=CARTESIAN_POINT('',(-0.316709301411113,0.311259805438471,-2.00000000000005E-6));
#16537=CARTESIAN_POINT('',(-0.318275753607584,0.3117513650386,-2.00000000000005E-6));
#16538=CARTESIAN_POINT('',(-0.31675,0.3133453125,-2.00000000000005E-6));
#16539=CARTESIAN_POINT('',(-0.317417534722223,0.313784548611111,-2.00000000000005E-6));
#16540=CARTESIAN_POINT('',(-0.31817918857476,0.311860936148438,-2.00000000000005E-6));
#16541=CARTESIAN_POINT('',(-0.316294270833334,0.312694270833334,-2.00000000000005E-6));
#16542=CARTESIAN_POINT('',(-0.318274305555555,0.313946875,-1.6940658945086E-21));
#16543=CARTESIAN_POINT('',(-0.318274305555555,0.313946875,0.0015));
#16544=CARTESIAN_POINT('',(-0.317956018518518,0.313946875,-1.6940658945086E-21));
#16545=CARTESIAN_POINT('',(-0.317956018518518,0.313946875,0.0015));
#16546=CARTESIAN_POINT('',(-0.317670428240741,0.313892766203704,-1.6940658945086E-21));
#16547=CARTESIAN_POINT('',(-0.317670428240741,0.313892766203704,0.0015));
#16548=CARTESIAN_POINT('',(-0.317417534722223,0.313784548611111,-1.6940658945086E-21));
#16549=CARTESIAN_POINT('',(-0.317417534722223,0.313784548611111,0.0015));
#16550=CARTESIAN_POINT('',(-0.318274305555555,0.313946875,-2.00000000000005E-6));
#16551=CARTESIAN_POINT('',(-0.318888940978483,0.311534418505329,-2.00000000000005E-6));
#16552=CARTESIAN_POINT('',(-0.31607129242738,0.311906944444445,-1.6940658945086E-21));
#16553=CARTESIAN_POINT('',(-0.316641493055556,0.311906944444445,-2.00000000000005E-6));
#16554=CARTESIAN_POINT('',(-0.317211758818637,0.311906944444445,-8.470329472543E-22));
#16555=CARTESIAN_POINT('',(-0.318343146852494,0.311525463740783,-2.00000000000005E-6));
#16556=CARTESIAN_POINT('',(-0.317628472222223,0.312482465277778,-2.00000000000005E-6));
#16557=CARTESIAN_POINT('',(-0.317628472222223,0.312482465277778,-1.6940658945086E-21));
#16558=CARTESIAN_POINT('',(-0.317628472222223,0.312482465277778,0.0015));
#16559=CARTESIAN_POINT('',(-0.317827546296297,0.312634664351852,-1.6940658945086E-21));
#16560=CARTESIAN_POINT('',(-0.317827546296297,0.312634664351852,0.0015));
#16561=CARTESIAN_POINT('',(-0.318028356481482,0.312710763888889,-1.6940658945086E-21));
#16562=CARTESIAN_POINT('',(-0.318028356481482,0.312710763888889,0.0015));
#16563=CARTESIAN_POINT('',(-0.318230902777778,0.312710763888889,-1.6940658945086E-21));
#16564=CARTESIAN_POINT('',(-0.318230902777778,0.312710763888889,0.0015));
#16565=CARTESIAN_POINT('',(-0.318230902777778,0.312710763888889,-2.00000000000005E-6));
#16566=CARTESIAN_POINT('',(-0.318230902777778,0.312710763888889,-8.470329472543E-22));
#16567=CARTESIAN_POINT('',(-0.318230902777778,0.312710763888889,0.0015));
#16568=CARTESIAN_POINT('',(-0.318513310185185,0.312710763888889,-8.470329472543E-22));
#16569=CARTESIAN_POINT('',(-0.318513310185185,0.312710763888889,0.0015));
#16570=CARTESIAN_POINT('',(-0.318741319444445,0.312634664351852,-8.470329472543E-22));
#16571=CARTESIAN_POINT('',(-0.318741319444445,0.312634664351852,0.0015));
#16572=CARTESIAN_POINT('',(-0.318914930555555,0.312482465277778,-8.470329472543E-22));
#16573=CARTESIAN_POINT('',(-0.318914930555555,0.312482465277778,0.0015));
#16574=CARTESIAN_POINT('',(-0.318914930555555,0.312482465277778,-2.00000000000005E-6));
#16575=CARTESIAN_POINT('',(-0.317469094363377,0.310877907944482,-2.00000000000005E-6));
#16576=CARTESIAN_POINT('',(-0.319368915640642,0.311906944444445,-1.6940658945086E-21));
#16577=CARTESIAN_POINT('',(-0.319988715277778,0.311906944444445,-2.00000000000005E-6));
#16578=CARTESIAN_POINT('',(-0.320607670111909,0.311906944444445,-8.470329472543E-22));
#16579=CARTESIAN_POINT('',(-0.308666016193925,0.306130977395612,-2.00000000000005E-6));
#16580=CARTESIAN_POINT('',(-0.320233506944445,0.312623958333334,-2.00000000000005E-6));
#16581=CARTESIAN_POINT('',(-0.317260870667332,0.310965654854757,-2.00000000000005E-6));
#16582=CARTESIAN_POINT('',(-0.319761284722222,0.313275,-2.00000000000005E-6));
#16583=CARTESIAN_POINT('',(-0.318039629483411,0.311681002617638,-2.00000000000005E-6));
#16584=CARTESIAN_POINT('',(-0.319131944444444,0.313757638888889,-2.00000000000005E-6));
#16585=CARTESIAN_POINT('',(-0.319131944444444,0.313757638888889,-1.6940658945086E-21));
#16586=CARTESIAN_POINT('',(-0.319131944444444,0.313757638888889,0.0015));
#16587=CARTESIAN_POINT('',(-0.318893518518518,0.313883796296296,-1.6940658945086E-21));
#16588=CARTESIAN_POINT('',(-0.318893518518518,0.313883796296296,0.0015));
#16589=CARTESIAN_POINT('',(-0.318607638888889,0.313946875,-1.6940658945086E-21));
#16590=CARTESIAN_POINT('',(-0.318607638888889,0.313946875,0.0015));
#16591=CARTESIAN_POINT('',(-0.318274305555555,0.313946875,-1.6940658945086E-21));
#16592=CARTESIAN_POINT('',(-0.318274305555555,0.313946875,0.0015));
#16593=CARTESIAN_POINT('',(-0.315046203311561,0.310662052252874,-2.00000000000005E-6));
#16594=CARTESIAN_POINT('',(-0.323021701388889,0.312906076388889,-2.00000000000005E-6));
#16595=CARTESIAN_POINT('',(-0.322869791666667,0.313388715277778,-2.00000000000005E-6));
#16596=CARTESIAN_POINT('',(-0.318248192112637,0.311555580729609,-2.00000000000005E-6));
#16597=CARTESIAN_POINT('',(-0.323135416666667,0.312406944444445,-2.00000000000005E-6));
#16598=CARTESIAN_POINT('',(-0.320643216975129,0.312649616159176,-2.00000000000005E-6));
#16599=CARTESIAN_POINT('',(-0.32270198666328,0.313773410554725,-8.470329472543E-22));
#16600=CARTESIAN_POINT('',(-0.32043280226764,0.311917108016899,-2.00000000000005E-6));
#16601=CARTESIAN_POINT('',(-0.323178819444444,0.311939930555555,-2.00000000000005E-6));
#16602=CARTESIAN_POINT('',(-0.323178819444444,0.3119234375,-2.00000000000005E-6));
#16603=CARTESIAN_POINT('',(-0.323178819444444,0.311906944444445,-2.00000000000005E-6));
#16604=CARTESIAN_POINT('',(-0.323694444444445,0.311906944444445,-2.00000000000005E-6));
#16605=CARTESIAN_POINT('',(-0.324210069444444,0.311906944444445,-2.00000000000005E-6));
#16606=CARTESIAN_POINT('',(-0.324210069444444,0.311918229166667,-2.00000000000005E-6));
#16607=CARTESIAN_POINT('',(-0.324210069444444,0.311929513888889,-2.00000000000005E-6));
#16608=CARTESIAN_POINT('',(-0.318650670590513,0.311918919448532,-2.00000000000005E-6));
#16609=CARTESIAN_POINT('',(-0.324183159722223,0.312466840277778,-2.00000000000005E-6));
#16610=CARTESIAN_POINT('',(-0.319843434936524,0.312038649796151,-2.00000000000005E-6));
#16611=CARTESIAN_POINT('',(-0.324091145833334,0.313025868055555,-2.00000000000005E-6));
#16612=CARTESIAN_POINT('',(-0.32128535006644,0.312385334938818,-2.00000000000005E-6));
#16613=CARTESIAN_POINT('',(-0.323911458333334,0.313562326388889,-2.00000000000005E-6));
#16614=CARTESIAN_POINT('',(-0.322278116937622,0.312847807423856,-2.00000000000005E-6));
#16615=CARTESIAN_POINT('',(-0.323635855402406,0.314002538200756,-1.6940658945086E-21));
#16616=CARTESIAN_POINT('',(-0.323168402777778,0.313887847222223,-2.00000000000005E-6));
#16617=CARTESIAN_POINT('',(-0.322748543001619,0.312110408292276,-2.00000000000005E-6));
#16618=CARTESIAN_POINT('',(-0.320385416666666,0.310052777777778,-2.00000000000005E-6));
#16619=CARTESIAN_POINT('',(-0.319934895833334,0.310730729166666,-2.00000000000005E-6));
#16620=CARTESIAN_POINT('',(-0.322003578406118,0.311480712715442,-2.00000000000005E-6));
#16621=CARTESIAN_POINT('',(-0.321030381944444,0.309553645833334,-2.00000000000005E-6));
#16622=CARTESIAN_POINT('',(-0.343458153641618,0.322371270415353,-2.00000000000005E-6));
#16623=CARTESIAN_POINT('',(-0.319586770330531,0.3114625,-8.470329472543E-22));
#16624=CARTESIAN_POINT('',(-0.321030381944444,0.309553645833334,-1.6940658945086E-21));
#16625=CARTESIAN_POINT('',(-0.321030381944444,0.309553645833334,0.0015));
#16626=CARTESIAN_POINT('',(-0.321283275462963,0.3094234375,-1.6940658945086E-21));
#16627=CARTESIAN_POINT('',(-0.321283275462963,0.3094234375,0.0015));
#16628=CARTESIAN_POINT('',(-0.321597800925926,0.309358333333334,-1.6940658945086E-21));
#16629=CARTESIAN_POINT('',(-0.321597800925926,0.309358333333334,0.0015));
#16630=CARTESIAN_POINT('',(-0.321973958333334,0.309358333333334,-1.6940658945086E-21));
#16631=CARTESIAN_POINT('',(-0.321973958333334,0.309358333333334,0.0015));
#16632=CARTESIAN_POINT('',(-0.321973958333334,0.309358333333334,-2.00000000000005E-6));
#16633=CARTESIAN_POINT('',(-0.321974057119054,0.311405945827292,-2.00000000000005E-6));
#16634=CARTESIAN_POINT('',(-0.322733506944445,0.309504166666667,-2.00000000000005E-6));
#16635=CARTESIAN_POINT('',(-0.321918053342668,0.311570279369594,-2.00000000000005E-6));
#16636=CARTESIAN_POINT('',(-0.323401041666666,0.309916493055556,-2.00000000000005E-6));
#16637=CARTESIAN_POINT('',(-0.321833616285527,0.311639808020191,-2.00000000000005E-6));
#16638=CARTESIAN_POINT('',(-0.32390625,0.310573611111111,-2.00000000000005E-6));
#16639=CARTESIAN_POINT('',(-0.32159460459675,0.311758194627463,-2.00000000000005E-6));
#16640=CARTESIAN_POINT('',(-0.324176114031078,0.3114625,-1.6940658945086E-21));
#16641=CARTESIAN_POINT('',(-0.32365625,0.3114625,-2.00000000000005E-6));
#16642=CARTESIAN_POINT('',(-0.323135416666667,0.3114625,-2.00000000000005E-6));
#16643=CARTESIAN_POINT('',(-0.323135416666667,0.3114625,-1.6940658945086E-21));
#16644=CARTESIAN_POINT('',(-0.323135416666667,0.3114625,0.0015));
#16645=CARTESIAN_POINT('',(-0.322990740740741,0.310869907407407,-1.6940658945086E-21));
#16646=CARTESIAN_POINT('',(-0.322990740740741,0.310869907407407,0.0015));
#16647=CARTESIAN_POINT('',(-0.322596643518519,0.310573611111111,-1.6940658945086E-21));
#16648=CARTESIAN_POINT('',(-0.322596643518519,0.310573611111111,0.0015));
#16649=CARTESIAN_POINT('',(-0.321953125,0.310573611111111,-1.6940658945086E-21));
#16650=CARTESIAN_POINT('',(-0.321953125,0.310573611111111,0.0015));
#16651=CARTESIAN_POINT('',(-0.321953125,0.310573611111111,-2.00000000000005E-6));
#16652=CARTESIAN_POINT('',(-0.321953125,0.310573611111111,-1.6940658945086E-21));
#16653=CARTESIAN_POINT('',(-0.321953125,0.310573611111111,0.0015));
#16654=CARTESIAN_POINT('',(-0.321699652777778,0.310573611111111,-1.6940658945086E-21));
#16655=CARTESIAN_POINT('',(-0.321699652777778,0.310573611111111,0.0015));
#16656=CARTESIAN_POINT('',(-0.321489872685185,0.310656655092593,-1.6940658945086E-21));
#16657=CARTESIAN_POINT('',(-0.321489872685185,0.310656655092593,0.0015));
#16658=CARTESIAN_POINT('',(-0.321323784722223,0.310822743055556,-1.6940658945086E-21));
#16659=CARTESIAN_POINT('',(-0.321323784722223,0.310822743055556,0.0015));
#16660=CARTESIAN_POINT('',(-0.321323784722223,0.310822743055556,-2.00000000000005E-6));
#16661=CARTESIAN_POINT('',(-0.321323784722223,0.310822743055556,-1.6940658945086E-21));
#16662=CARTESIAN_POINT('',(-0.321323784722223,0.310822743055556,0.0015));
#16663=CARTESIAN_POINT('',(-0.321157696759259,0.310988831018519,-1.6940658945086E-21));
#16664=CARTESIAN_POINT('',(-0.321157696759259,0.310988831018519,0.0015));
#16665=CARTESIAN_POINT('',(-0.321002314814815,0.311202083333333,-1.6940658945086E-21));
#16666=CARTESIAN_POINT('',(-0.321002314814815,0.311202083333333,0.0015));
#16667=CARTESIAN_POINT('',(-0.320857638888889,0.3114625,-1.6940658945086E-21));
#16668=CARTESIAN_POINT('',(-0.320857638888889,0.3114625,0.0015));
#16669=CARTESIAN_POINT('',(-0.320857638888889,0.3114625,-2.00000000000005E-6));
#16670=CARTESIAN_POINT('',(-0.320222222222223,0.3114625,-2.00000000000005E-6));
#16671=CARTESIAN_POINT('',(-0.313134548611111,0.258796701388889,-2.00000000000005E-6));
#16672=CARTESIAN_POINT('',(-0.311685735898986,0.259551056240199,-8.470329472543E-22));
#16673=CARTESIAN_POINT('',(-0.314583333333334,0.258042361111111,-2.00000000000005E-6));
#16674=CARTESIAN_POINT('',(-0.312196718113358,0.259548141538562,-2.00000000000005E-6));
#16675=CARTESIAN_POINT('',(-0.311690972222223,0.259621354166667,-2.00000000000005E-6));
#16676=CARTESIAN_POINT('',(-0.314583333333334,0.257353125,-2.00000000000005E-6));
#16677=CARTESIAN_POINT('',(-0.314583333333334,0.256663888888889,-2.00000000000005E-6));
#16678=CARTESIAN_POINT('',(-0.310748169633627,0.259718175682729,-2.00000000000005E-6));
#16679=CARTESIAN_POINT('',(-0.311696180555555,0.259735069444444,-2.00000000000005E-6));
#16680=CARTESIAN_POINT('',(-0.311696180555555,0.260127647569445,-2.00000000000005E-6));
#16681=CARTESIAN_POINT('',(-0.311696180555555,0.260342708333334,-2.00000000000005E-6));
#16682=CARTESIAN_POINT('',(-0.31121875,0.260342708333334,-2.00000000000005E-6));
#16683=CARTESIAN_POINT('',(-0.310741319444444,0.260342708333334,-2.00000000000005E-6));
#16684=CARTESIAN_POINT('',(-0.310741319444444,0.259973784722222,-2.00000000000005E-6));
#16685=CARTESIAN_POINT('',(-0.310741319444444,0.259604861111111,-2.00000000000005E-6));
#16686=CARTESIAN_POINT('',(-0.309261676047379,0.259611625041018,-2.00000000000005E-6));
#16687=CARTESIAN_POINT('',(-0.310660590277778,0.259128298611111,-2.00000000000005E-6));
#16688=CARTESIAN_POINT('',(-0.309550584957314,0.259511051781517,-2.00000000000005E-6));
#16689=CARTESIAN_POINT('',(-0.310394965277778,0.258694270833334,-2.00000000000005E-6));
#16690=CARTESIAN_POINT('',(-0.310394965277778,0.258694270833334,-1.6940658945086E-21));
#16691=CARTESIAN_POINT('',(-0.310394965277778,0.258694270833334,0.0015));
#16692=CARTESIAN_POINT('',(-0.310271701388889,0.2585640625,-1.6940658945086E-21));
#16693=CARTESIAN_POINT('',(-0.310271701388889,0.2585640625,0.0015));
#16694=CARTESIAN_POINT('',(-0.310099826388889,0.258459027777778,-1.6940658945086E-21));
#16695=CARTESIAN_POINT('',(-0.310099826388889,0.258459027777778,0.0015));
#16696=CARTESIAN_POINT('',(-0.309879340277778,0.258379166666666,-1.6940658945086E-21));
#16697=CARTESIAN_POINT('',(-0.309879340277778,0.258379166666666,0.0015));
#16698=CARTESIAN_POINT('',(-0.309879340277778,0.258379166666666,-2.00000000000005E-6));
#16699=CARTESIAN_POINT('',(-0.309879340277778,0.258379166666666,-8.470329472543E-22));
#16700=CARTESIAN_POINT('',(-0.309879340277778,0.258379166666666,0.0015));
#16701=CARTESIAN_POINT('',(-0.309658854166667,0.258299305555556,-8.470329472543E-22));
#16702=CARTESIAN_POINT('',(-0.309658854166667,0.258299305555556,0.0015));
#16703=CARTESIAN_POINT('',(-0.30938599537037,0.258259375,-8.470329472543E-22));
#16704=CARTESIAN_POINT('',(-0.30938599537037,0.258259375,0.0015));
#16705=CARTESIAN_POINT('',(-0.309060763888889,0.258259375,-8.470329472543E-22));
#16706=CARTESIAN_POINT('',(-0.309060763888889,0.258259375,0.0015));
#16707=CARTESIAN_POINT('',(-0.309060763888889,0.258259375,-2.00000000000005E-6));
#16708=CARTESIAN_POINT('',(-0.309104262256382,0.260462581307368,-2.00000000000005E-6));
#16709=CARTESIAN_POINT('',(-0.308609375,0.2583140625,-2.00000000000005E-6));
#16710=CARTESIAN_POINT('',(-0.30889312994095,0.259578225584321,-2.00000000000005E-6));
#16711=CARTESIAN_POINT('',(-0.308121527777778,0.258536284722223,-2.00000000000005E-6));
#16712=CARTESIAN_POINT('',(-0.308121527777778,0.258536284722223,-1.6940658945086E-21));
#16713=CARTESIAN_POINT('',(-0.308121527777778,0.258536284722223,0.0015));
#16714=CARTESIAN_POINT('',(-0.307966435185185,0.258647974537037,-1.6940658945086E-21));
#16715=CARTESIAN_POINT('',(-0.307966435185185,0.258647974537037,0.0015));
#16716=CARTESIAN_POINT('',(-0.307836226851852,0.258805092592593,-1.6940658945086E-21));
#16717=CARTESIAN_POINT('',(-0.307836226851852,0.258805092592593,0.0015));
#16718=CARTESIAN_POINT('',(-0.307730902777778,0.259007638888889,-1.6940658945086E-21));
#16719=CARTESIAN_POINT('',(-0.307730902777778,0.259007638888889,0.0015));
#16720=CARTESIAN_POINT('',(-0.307730902777778,0.259007638888889,-2.00000000000005E-6));
#16721=CARTESIAN_POINT('',(-0.307730902777778,0.259007638888889,-1.6940658945086E-21));
#16722=CARTESIAN_POINT('',(-0.307730902777778,0.259007638888889,0.0015));
#16723=CARTESIAN_POINT('',(-0.307625578703704,0.259210185185185,-1.6940658945086E-21));
#16724=CARTESIAN_POINT('',(-0.307625578703704,0.259210185185185,0.0015));
#16725=CARTESIAN_POINT('',(-0.307572916666666,0.259478125,-1.6940658945086E-21));
#16726=CARTESIAN_POINT('',(-0.307572916666666,0.259478125,0.0015));
#16727=CARTESIAN_POINT('',(-0.307572916666666,0.259811458333334,-1.6940658945086E-21));
#16728=CARTESIAN_POINT('',(-0.307572916666666,0.259811458333334,0.0015));
#16729=CARTESIAN_POINT('',(-0.307572916666666,0.259811458333334,-2.00000000000005E-6));
#16730=CARTESIAN_POINT('',(-0.307572916666666,0.260077083333334,-2.00000000000005E-6));
#16731=CARTESIAN_POINT('',(-0.307572916666666,0.260342708333334,-2.00000000000005E-6));
#16732=CARTESIAN_POINT('',(-0.307079861111111,0.260342708333334,-2.00000000000005E-6));
#16733=CARTESIAN_POINT('',(-0.306586805555556,0.260342708333334,-2.00000000000005E-6));
#16734=CARTESIAN_POINT('',(-0.306586805555556,0.260065798611111,-2.00000000000005E-6));
#16735=CARTESIAN_POINT('',(-0.306586805555556,0.259788888888889,-2.00000000000005E-6));
#16736=CARTESIAN_POINT('',(-0.309826298516446,0.259795095540232,-2.00000000000005E-6));
#16737=CARTESIAN_POINT('',(-0.306749309825417,0.258781362759036,-1.6940658945086E-21));
#16738=CARTESIAN_POINT('',(-0.309347085758833,0.2596139531349,-2.00000000000005E-6));
#16739=CARTESIAN_POINT('',(-0.307236979166667,0.257885243055555,-2.00000000000005E-6));
#16740=CARTESIAN_POINT('',(-0.309205486830138,0.2594999504852,-2.00000000000005E-6));
#16741=CARTESIAN_POINT('',(-0.3080234375,0.257244618055555,-2.00000000000005E-6));
#16742=CARTESIAN_POINT('',(-0.3080234375,0.257244618055555,-1.6940658945086E-21));
#16743=CARTESIAN_POINT('',(-0.3080234375,0.257244618055555,0.0015));
#16744=CARTESIAN_POINT('',(-0.308330729166667,0.257082002314815,-1.6940658945086E-21));
#16745=CARTESIAN_POINT('',(-0.308330729166667,0.257082002314815,0.0015));
#16746=CARTESIAN_POINT('',(-0.30867650462963,0.257000694444444,-1.6940658945086E-21));
#16747=CARTESIAN_POINT('',(-0.30867650462963,0.257000694444444,0.0015));
#16748=CARTESIAN_POINT('',(-0.309060763888889,0.257000694444444,-1.6940658945086E-21));
#16749=CARTESIAN_POINT('',(-0.309060763888889,0.257000694444444,0.0015));
#16750=CARTESIAN_POINT('',(-0.309060763888889,0.257000694444444,-2.00000000000005E-6));
#16751=CARTESIAN_POINT('',(-0.309060763888889,0.257000694444444,-8.470329472543E-22));
#16752=CARTESIAN_POINT('',(-0.309060763888889,0.257000694444444,0.0015));
#16753=CARTESIAN_POINT('',(-0.309639467592593,0.257000694444444,-8.470329472543E-22));
#16754=CARTESIAN_POINT('',(-0.309639467592593,0.257000694444444,0.0015));
#16755=CARTESIAN_POINT('',(-0.310131365740741,0.257134664351852,-8.470329472543E-22));
#16756=CARTESIAN_POINT('',(-0.310131365740741,0.257134664351852,0.0015));
#16757=CARTESIAN_POINT('',(-0.310536458333334,0.257402604166666,-8.470329472543E-22));
#16758=CARTESIAN_POINT('',(-0.310536458333334,0.257402604166666,0.0015));
#16759=CARTESIAN_POINT('',(-0.310536458333334,0.257402604166666,-2.00000000000005E-6));
#16760=CARTESIAN_POINT('',(-0.309219669939046,0.259408352407406,-2.00000000000005E-6));
#16761=CARTESIAN_POINT('',(-0.311435130693661,0.258487172270938,-1.6940658945086E-21));
#16762=CARTESIAN_POINT('',(-0.313009548611111,0.257575347222222,-2.00000000000005E-6));
#16763=CARTESIAN_POINT('',(-0.310585069444444,0.260787152777778,-2.00000000000005E-6));
#16764=CARTESIAN_POINT('',(-0.314583333333334,0.260787152777778,-2.00000000000005E-6));
#16765=CARTESIAN_POINT('',(-0.306586805555556,0.260787152777778,-2.00000000000005E-6));
#16766=CARTESIAN_POINT('',(-0.314583333333334,0.261438194444444,-2.00000000000005E-6));
#16767=CARTESIAN_POINT('',(-0.314583333333334,0.262089236111111,-2.00000000000005E-6));
#16768=CARTESIAN_POINT('',(-0.306586805555556,0.261438194444444,-2.00000000000005E-6));
#16769=CARTESIAN_POINT('',(-0.306586805555556,0.262089236111111,-2.00000000000005E-6));
#16770=CARTESIAN_POINT('',(-0.310585069444444,0.262089236111111,-2.00000000000005E-6));
#16771=CARTESIAN_POINT('',(-0.311588541666666,0.266132638888889,-2.00000000000005E-6));
#16772=CARTESIAN_POINT('',(-0.30859375,0.267169097222222,-2.00000000000005E-6));
#16773=CARTESIAN_POINT('',(-0.314583333333334,0.265096180555556,-2.00000000000005E-6));
#16774=CARTESIAN_POINT('',(-0.311588541666666,0.268215972222222,-2.00000000000005E-6));
#16775=CARTESIAN_POINT('',(-0.314583333333334,0.269262847222222,-2.00000000000005E-6));
#16776=CARTESIAN_POINT('',(-0.314583333333334,0.2644234375,-2.00000000000005E-6));
#16777=CARTESIAN_POINT('',(-0.314583333333334,0.263750694444444,-2.00000000000005E-6));
#16778=CARTESIAN_POINT('',(-0.314583333333334,0.269940798611111,-2.00000000000005E-6));
#16779=CARTESIAN_POINT('',(-0.314583333333334,0.27061875,-2.00000000000005E-6));
#16780=CARTESIAN_POINT('',(-0.310590277777778,0.269219444444444,-2.00000000000005E-6));
#16781=CARTESIAN_POINT('',(-0.306597222222223,0.267820138888889,-2.00000000000005E-6));
#16782=CARTESIAN_POINT('',(-0.306597222222223,0.267174305555555,-2.00000000000005E-6));
#16783=CARTESIAN_POINT('',(-0.306597222222223,0.266528472222222,-2.00000000000005E-6));
#16784=CARTESIAN_POINT('',(-0.310590277777778,0.265139583333334,-2.00000000000005E-6));
#16785=CARTESIAN_POINT('',(-0.312923611111111,0.267174305555555,-2.00000000000005E-6));
#16786=CARTESIAN_POINT('',(-0.312923611111111,0.268210763888889,-2.00000000000005E-6));
#16787=CARTESIAN_POINT('',(-0.312923611111111,0.266137847222222,-2.00000000000005E-6));
#16788=CARTESIAN_POINT('',(-0.312483506944445,0.268058854166667,-2.00000000000005E-6));
#16789=CARTESIAN_POINT('',(-0.312043402777778,0.267906944444444,-2.00000000000005E-6));
#16790=CARTESIAN_POINT('',(-0.312483506944445,0.266294965277778,-2.00000000000005E-6));
#16791=CARTESIAN_POINT('',(-0.312043402777778,0.266452083333334,-2.00000000000005E-6));
#16792=CARTESIAN_POINT('',(-0.312043402777778,0.267179513888889,-2.00000000000005E-6));
#16793=CARTESIAN_POINT('',(-0.307475694444445,0.273050173611111,-2.00000000000005E-6));
#16794=CARTESIAN_POINT('',(-0.307475694444445,0.27424375,-2.00000000000005E-6));
#16795=CARTESIAN_POINT('',(-0.307475694444445,0.271856597222222,-2.00000000000005E-6));
#16796=CARTESIAN_POINT('',(-0.311029513888889,0.27424375,-2.00000000000005E-6));
#16797=CARTESIAN_POINT('',(-0.314583333333334,0.27424375,-2.00000000000005E-6));
#16798=CARTESIAN_POINT('',(-0.30703125,0.271856597222222,-2.00000000000005E-6));
#16799=CARTESIAN_POINT('',(-0.306586805555556,0.271856597222222,-2.00000000000005E-6));
#16800=CARTESIAN_POINT('',(-0.314583333333334,0.2749,-2.00000000000005E-6));
#16801=CARTESIAN_POINT('',(-0.314583333333334,0.27555625,-2.00000000000005E-6));
#16802=CARTESIAN_POINT('',(-0.311029513888889,0.27555625,-2.00000000000005E-6));
#16803=CARTESIAN_POINT('',(-0.307475694444445,0.27555625,-2.00000000000005E-6));
#16804=CARTESIAN_POINT('',(-0.307475694444445,0.276749826388889,-2.00000000000005E-6));
#16805=CARTESIAN_POINT('',(-0.307475694444445,0.277943402777778,-2.00000000000005E-6));
#16806=CARTESIAN_POINT('',(-0.30703125,0.277943402777778,-2.00000000000005E-6));
#16807=CARTESIAN_POINT('',(-0.306586805555556,0.277943402777778,-2.00000000000005E-6));
#16808=CARTESIAN_POINT('',(-0.306586805555556,0.2749,-2.00000000000005E-6));
#16809=CARTESIAN_POINT('',(-0.313165209662379,0.281608672177,-2.00000000000005E-6));
#16810=CARTESIAN_POINT('',(-0.310802083333334,0.279551041666666,-2.00000000000005E-6));
#16811=CARTESIAN_POINT('',(-0.3103515625,0.280228993055555,-2.00000000000005E-6));
#16812=CARTESIAN_POINT('',(-0.312420245072792,0.280978976604339,-2.00000000000005E-6));
#16813=CARTESIAN_POINT('',(-0.311447048611111,0.279051909722222,-2.00000000000005E-6));
#16814=CARTESIAN_POINT('',(-0.333874820305213,0.29186953430277,-2.00000000000005E-6));
#16815=CARTESIAN_POINT('',(-0.310003436997205,0.280960763888889,-8.470329472543E-22));
#16816=CARTESIAN_POINT('',(-0.311447048611111,0.279051909722222,-1.6940658945086E-21));
#16817=CARTESIAN_POINT('',(-0.311447048611111,0.279051909722222,0.0015));
#16818=CARTESIAN_POINT('',(-0.31169994212963,0.278921701388889,-1.6940658945086E-21));
#16819=CARTESIAN_POINT('',(-0.31169994212963,0.278921701388889,0.0015));
#16820=CARTESIAN_POINT('',(-0.312014467592593,0.278856597222222,-1.6940658945086E-21));
#16821=CARTESIAN_POINT('',(-0.312014467592593,0.278856597222222,0.0015));
#16822=CARTESIAN_POINT('',(-0.312390625,0.278856597222222,-1.6940658945086E-21));
#16823=CARTESIAN_POINT('',(-0.312390625,0.278856597222222,0.0015));
#16824=CARTESIAN_POINT('',(-0.312390625,0.278856597222222,-2.00000000000005E-6));
#16825=CARTESIAN_POINT('',(-0.312390723785721,0.280904209716172,-2.00000000000005E-6));
#16826=CARTESIAN_POINT('',(-0.313150173611111,0.279002430555556,-2.00000000000005E-6));
#16827=CARTESIAN_POINT('',(-0.312334720009337,0.28106854325848,-2.00000000000005E-6));
#16828=CARTESIAN_POINT('',(-0.313817708333334,0.279414756944445,-2.00000000000005E-6));
#16829=CARTESIAN_POINT('',(-0.312250282952183,0.281138071909088,-2.00000000000005E-6));
#16830=CARTESIAN_POINT('',(-0.314322916666667,0.280071875,-2.00000000000005E-6));
#16831=CARTESIAN_POINT('',(-0.312011271263409,0.281256458516353,-2.00000000000005E-6));
#16832=CARTESIAN_POINT('',(-0.314592780697745,0.280960763888889,-1.6940658945086E-21));
#16833=CARTESIAN_POINT('',(-0.314072916666666,0.280960763888889,-2.00000000000005E-6));
#16834=CARTESIAN_POINT('',(-0.313552083333334,0.280960763888889,-2.00000000000005E-6));
#16835=CARTESIAN_POINT('',(-0.313552083333334,0.280960763888889,-1.6940658945086E-21));
#16836=CARTESIAN_POINT('',(-0.313552083333334,0.280960763888889,0.0015));
#16837=CARTESIAN_POINT('',(-0.313407407407408,0.280368171296296,-1.6940658945086E-21));
#16838=CARTESIAN_POINT('',(-0.313407407407408,0.280368171296296,0.0015));
#16839=CARTESIAN_POINT('',(-0.313013310185185,0.280071875,-1.6940658945086E-21));
#16840=CARTESIAN_POINT('',(-0.313013310185185,0.280071875,0.0015));
#16841=CARTESIAN_POINT('',(-0.312369791666667,0.280071875,-1.6940658945086E-21));
#16842=CARTESIAN_POINT('',(-0.312369791666667,0.280071875,0.0015));
#16843=CARTESIAN_POINT('',(-0.312369791666667,0.280071875,-2.00000000000005E-6));
#16844=CARTESIAN_POINT('',(-0.312369791666667,0.280071875,-1.6940658945086E-21));
#16845=CARTESIAN_POINT('',(-0.312369791666667,0.280071875,0.0015));
#16846=CARTESIAN_POINT('',(-0.312116319444445,0.280071875,-1.6940658945086E-21));
#16847=CARTESIAN_POINT('',(-0.312116319444445,0.280071875,0.0015));
#16848=CARTESIAN_POINT('',(-0.311906539351852,0.280154918981482,-1.6940658945086E-21));
#16849=CARTESIAN_POINT('',(-0.311906539351852,0.280154918981482,0.0015));
#16850=CARTESIAN_POINT('',(-0.311740451388889,0.280321006944445,-1.6940658945086E-21));
#16851=CARTESIAN_POINT('',(-0.311740451388889,0.280321006944445,0.0015));
#16852=CARTESIAN_POINT('',(-0.311740451388889,0.280321006944445,-2.00000000000005E-6));
#16853=CARTESIAN_POINT('',(-0.311740451388889,0.280321006944445,-1.6940658945086E-21));
#16854=CARTESIAN_POINT('',(-0.311740451388889,0.280321006944445,0.0015));
#16855=CARTESIAN_POINT('',(-0.311574363425926,0.280487094907408,-1.6940658945086E-21));
#16856=CARTESIAN_POINT('',(-0.311574363425926,0.280487094907408,0.0015));
#16857=CARTESIAN_POINT('',(-0.311418981481481,0.280700347222222,-1.6940658945086E-21));
#16858=CARTESIAN_POINT('',(-0.311418981481481,0.280700347222222,0.0015));
#16859=CARTESIAN_POINT('',(-0.311274305555555,0.280960763888889,-1.6940658945086E-21));
#16860=CARTESIAN_POINT('',(-0.311274305555555,0.280960763888889,0.0015));
#16861=CARTESIAN_POINT('',(-0.311274305555555,0.280960763888889,-2.00000000000005E-6));
#16862=CARTESIAN_POINT('',(-0.310638888888889,0.280960763888889,-2.00000000000005E-6));
#16863=CARTESIAN_POINT('',(-0.305462869978196,0.280160316141749,-2.00000000000005E-6));
#16864=CARTESIAN_POINT('',(-0.313438368055556,0.282404340277778,-2.00000000000005E-6));
#16865=CARTESIAN_POINT('',(-0.313286458333334,0.282886979166666,-2.00000000000005E-6));
#16866=CARTESIAN_POINT('',(-0.308664858779814,0.281053844618605,-2.00000000000005E-6));
#16867=CARTESIAN_POINT('',(-0.313552083333334,0.281905208333334,-2.00000000000005E-6));
#16868=CARTESIAN_POINT('',(-0.311059883641775,0.282147880048057,-2.00000000000005E-6));
#16869=CARTESIAN_POINT('',(-0.313118653337591,0.283271674460953,-8.470329472543E-22));
#16870=CARTESIAN_POINT('',(-0.310849468934305,0.281415371905788,-2.00000000000005E-6));
#16871=CARTESIAN_POINT('',(-0.313595486111111,0.281438194444444,-2.00000000000005E-6));
#16872=CARTESIAN_POINT('',(-0.313595486111111,0.281421701388889,-2.00000000000005E-6));
#16873=CARTESIAN_POINT('',(-0.313595486111111,0.281405208333334,-2.00000000000005E-6));
#16874=CARTESIAN_POINT('',(-0.314111111111111,0.281405208333334,-2.00000000000005E-6));
#16875=CARTESIAN_POINT('',(-0.314626736111111,0.281405208333334,-2.00000000000005E-6));
#16876=CARTESIAN_POINT('',(-0.314626736111111,0.281416493055555,-2.00000000000005E-6));
#16877=CARTESIAN_POINT('',(-0.314626736111111,0.281427777777778,-2.00000000000005E-6));
#16878=CARTESIAN_POINT('',(-0.309067337261328,0.281417183337628,-2.00000000000005E-6));
#16879=CARTESIAN_POINT('',(-0.314599826388889,0.281965104166667,-2.00000000000005E-6));
#16880=CARTESIAN_POINT('',(-0.310260101600447,0.281536913684588,-2.00000000000005E-6));
#16881=CARTESIAN_POINT('',(-0.3145078125,0.282524131944445,-2.00000000000005E-6));
#16882=CARTESIAN_POINT('',(-0.311702016733629,0.281883598827968,-2.00000000000005E-6));
#16883=CARTESIAN_POINT('',(-0.314328125,0.283060590277778,-2.00000000000005E-6));
#16884=CARTESIAN_POINT('',(-0.31269478360429,0.282346071312745,-2.00000000000005E-6));
#16885=CARTESIAN_POINT('',(-0.314052522069072,0.283500802089644,-1.6940658945086E-21));
#16886=CARTESIAN_POINT('',(-0.313585069444444,0.283386111111111,-2.00000000000005E-6));
#16887=CARTESIAN_POINT('',(-0.308692420274259,0.281249628927477,-2.00000000000005E-6));
#16888=CARTESIAN_POINT('',(-0.307166666666666,0.282843576388889,-2.00000000000005E-6));
#16889=CARTESIAN_POINT('',(-0.307834201388889,0.2832828125,-2.00000000000005E-6));
#16890=CARTESIAN_POINT('',(-0.308595855241442,0.281359200037318,-2.00000000000005E-6));
#16891=CARTESIAN_POINT('',(-0.3067109375,0.282192534722222,-2.00000000000005E-6));
#16892=CARTESIAN_POINT('',(-0.308690972222223,0.283445138888889,-1.6940658945086E-21));
#16893=CARTESIAN_POINT('',(-0.308690972222223,0.283445138888889,0.0015));
#16894=CARTESIAN_POINT('',(-0.308372685185185,0.283445138888889,-1.6940658945086E-21));
#16895=CARTESIAN_POINT('',(-0.308372685185185,0.283445138888889,0.0015));
#16896=CARTESIAN_POINT('',(-0.308087094907407,0.283391030092593,-1.6940658945086E-21));
#16897=CARTESIAN_POINT('',(-0.308087094907407,0.283391030092593,0.0015));
#16898=CARTESIAN_POINT('',(-0.307834201388889,0.2832828125,-1.6940658945086E-21));
#16899=CARTESIAN_POINT('',(-0.307834201388889,0.2832828125,0.0015));
#16900=CARTESIAN_POINT('',(-0.308690972222223,0.283445138888889,-2.00000000000005E-6));
#16901=CARTESIAN_POINT('',(-0.309305607645156,0.281032682394218,-2.00000000000005E-6));
#16902=CARTESIAN_POINT('',(-0.306487959094047,0.281405208333334,-1.6940658945086E-21));
#16903=CARTESIAN_POINT('',(-0.307058159722223,0.281405208333334,-2.00000000000005E-6));
#16904=CARTESIAN_POINT('',(-0.307628425485304,0.281405208333334,-8.470329472543E-22));
#16905=CARTESIAN_POINT('',(-0.308759813519157,0.281023727629675,-2.00000000000005E-6));
#16906=CARTESIAN_POINT('',(-0.308045138888889,0.281980729166666,-2.00000000000005E-6));
#16907=CARTESIAN_POINT('',(-0.308045138888889,0.281980729166666,-1.6940658945086E-21));
#16908=CARTESIAN_POINT('',(-0.308045138888889,0.281980729166666,0.0015));
#16909=CARTESIAN_POINT('',(-0.308244212962963,0.282132928240741,-1.6940658945086E-21));
#16910=CARTESIAN_POINT('',(-0.308244212962963,0.282132928240741,0.0015));
#16911=CARTESIAN_POINT('',(-0.308445023148148,0.282209027777778,-1.6940658945086E-21));
#16912=CARTESIAN_POINT('',(-0.308445023148148,0.282209027777778,0.0015));
#16913=CARTESIAN_POINT('',(-0.308647569444444,0.282209027777778,-1.6940658945086E-21));
#16914=CARTESIAN_POINT('',(-0.308647569444444,0.282209027777778,0.0015));
#16915=CARTESIAN_POINT('',(-0.308647569444444,0.282209027777778,-2.00000000000005E-6));
#16916=CARTESIAN_POINT('',(-0.308647569444444,0.282209027777778,-8.470329472543E-22));
#16917=CARTESIAN_POINT('',(-0.308647569444444,0.282209027777778,0.0015));
#16918=CARTESIAN_POINT('',(-0.308929976851852,0.282209027777778,-8.470329472543E-22));
#16919=CARTESIAN_POINT('',(-0.308929976851852,0.282209027777778,0.0015));
#16920=CARTESIAN_POINT('',(-0.309157986111111,0.282132928240741,-8.470329472543E-22));
#16921=CARTESIAN_POINT('',(-0.309157986111111,0.282132928240741,0.0015));
#16922=CARTESIAN_POINT('',(-0.309331597222223,0.281980729166666,-8.470329472543E-22));
#16923=CARTESIAN_POINT('',(-0.309331597222223,0.281980729166666,0.0015));
#16924=CARTESIAN_POINT('',(-0.309331597222223,0.281980729166666,-2.00000000000005E-6));
#16925=CARTESIAN_POINT('',(-0.307885761030046,0.280376171833372,-2.00000000000005E-6));
#16926=CARTESIAN_POINT('',(-0.309785582307309,0.281405208333334,-1.6940658945086E-21));
#16927=CARTESIAN_POINT('',(-0.310405381944445,0.281405208333334,-2.00000000000005E-6));
#16928=CARTESIAN_POINT('',(-0.311024336778576,0.281405208333334,-8.470329472543E-22));
#16929=CARTESIAN_POINT('',(-0.299082682860735,0.27562924128457,-2.00000000000005E-6));
#16930=CARTESIAN_POINT('',(-0.310650173611111,0.282122222222222,-2.00000000000005E-6));
#16931=CARTESIAN_POINT('',(-0.307677537336718,0.280463918745619,-2.00000000000005E-6));
#16932=CARTESIAN_POINT('',(-0.310177951388889,0.282773263888889,-2.00000000000005E-6));
#16933=CARTESIAN_POINT('',(-0.308456296150069,0.281179266506516,-2.00000000000005E-6));
#16934=CARTESIAN_POINT('',(-0.309548611111111,0.283255902777778,-2.00000000000005E-6));
#16935=CARTESIAN_POINT('',(-0.309548611111111,0.283255902777778,-1.6940658945086E-21));
#16936=CARTESIAN_POINT('',(-0.309548611111111,0.283255902777778,0.0015));
#16937=CARTESIAN_POINT('',(-0.309310185185185,0.283382060185185,-1.6940658945086E-21));
#16938=CARTESIAN_POINT('',(-0.309310185185185,0.283382060185185,0.0015));
#16939=CARTESIAN_POINT('',(-0.309024305555556,0.283445138888889,-1.6940658945086E-21));
#16940=CARTESIAN_POINT('',(-0.309024305555556,0.283445138888889,0.0015));
#16941=CARTESIAN_POINT('',(-0.308690972222223,0.283445138888889,-1.6940658945086E-21));
#16942=CARTESIAN_POINT('',(-0.308690972222223,0.283445138888889,0.0015));
#16943=CARTESIAN_POINT('',(-0.320168402777778,0.235981597222222,-2.00000000000005E-6));
#16944=CARTESIAN_POINT('',(-0.316170138888889,0.235981597222222,-2.00000000000005E-6));
#16945=CARTESIAN_POINT('',(-0.324166666666666,0.235981597222222,-2.00000000000005E-6));
#16946=CARTESIAN_POINT('',(-0.316170138888889,0.235320138888889,-2.00000000000005E-6));
#16947=CARTESIAN_POINT('',(-0.316170138888889,0.234658680555555,-2.00000000000005E-6));
#16948=CARTESIAN_POINT('',(-0.324166666666666,0.235320138888889,-2.00000000000005E-6));
#16949=CARTESIAN_POINT('',(-0.324166666666666,0.234658680555555,-2.00000000000005E-6));
#16950=CARTESIAN_POINT('',(-0.320168402777778,0.234658680555555,-2.00000000000005E-6));
#16951=CARTESIAN_POINT('',(-0.320168402777778,0.231316666666667,-2.00000000000005E-6));
#16952=CARTESIAN_POINT('',(-0.324166666666666,0.231316666666667,-2.00000000000005E-6));
#16953=CARTESIAN_POINT('',(-0.316170138888889,0.231316666666667,-2.00000000000005E-6));
#16954=CARTESIAN_POINT('',(-0.324166666666666,0.231967708333333,-2.00000000000005E-6));
#16955=CARTESIAN_POINT('',(-0.324166666666666,0.23261875,-2.00000000000005E-6));
#16956=CARTESIAN_POINT('',(-0.316170138888889,0.231967708333333,-2.00000000000005E-6));
#16957=CARTESIAN_POINT('',(-0.316170138888889,0.23261875,-2.00000000000005E-6));
#16958=CARTESIAN_POINT('',(-0.320168402777778,0.23261875,-2.00000000000005E-6));
#16959=CARTESIAN_POINT('',(-0.316489583333334,0.228435590277778,-8.470329472543E-22));
#16960=CARTESIAN_POINT('',(-0.316489583333334,0.228435590277778,0.0015));
#16961=CARTESIAN_POINT('',(-0.316702546296297,0.227925752314815,-8.470329472543E-22));
#16962=CARTESIAN_POINT('',(-0.316702546296297,0.227925752314815,0.0015));
#16963=CARTESIAN_POINT('',(-0.316986400462963,0.227502719907407,-8.470329472543E-22));
#16964=CARTESIAN_POINT('',(-0.316986400462963,0.227502719907407,0.0015));
#16965=CARTESIAN_POINT('',(-0.317341145833334,0.227166493055556,-8.470329472543E-22));
#16966=CARTESIAN_POINT('',(-0.317341145833334,0.227166493055556,0.0015));
#16967=CARTESIAN_POINT('',(-0.317341145833334,0.227166493055556,-2.00000000000005E-6));
#16968=CARTESIAN_POINT('',(-0.316489583333334,0.228435590277778,-2.00000000000005E-6));
#16969=CARTESIAN_POINT('',(-0.319762107943997,0.229700600042443,-2.00000000000005E-6));
#16970=CARTESIAN_POINT('',(-0.318551215277778,0.226412152777778,-2.00000000000005E-6));
#16971=CARTESIAN_POINT('',(-0.316170138888889,0.230209027777778,-8.470329472543E-22));
#16972=CARTESIAN_POINT('',(-0.316170138888889,0.230209027777778,0.0015));
#16973=CARTESIAN_POINT('',(-0.316170138888889,0.229536574074074,-8.470329472543E-22));
#16974=CARTESIAN_POINT('',(-0.316170138888889,0.229536574074074,0.0015));
#16975=CARTESIAN_POINT('',(-0.316276620370371,0.228945428240741,-8.470329472543E-22));
#16976=CARTESIAN_POINT('',(-0.316276620370371,0.228945428240741,0.0015));
#16977=CARTESIAN_POINT('',(-0.316489583333334,0.228435590277778,-8.470329472543E-22));
#16978=CARTESIAN_POINT('',(-0.316489583333334,0.228435590277778,0.0015));
#16979=CARTESIAN_POINT('',(-0.316170138888889,0.230209027777778,-2.00000000000005E-6));
#16980=CARTESIAN_POINT('',(-0.319943534012531,0.230161526037073,-2.00000000000005E-6));
#16981=CARTESIAN_POINT('',(-0.319946180555556,0.226162152777778,-2.00000000000005E-6));
#16982=CARTESIAN_POINT('',(-0.319946180555556,0.226162152777778,-1.6940658945086E-21));
#16983=CARTESIAN_POINT('',(-0.319946180555556,0.226162152777778,0.0015));
#16984=CARTESIAN_POINT('',(-0.320603587962963,0.226162152777778,-1.6940658945086E-21));
#16985=CARTESIAN_POINT('',(-0.320603587962963,0.226162152777778,0.0015));
#16986=CARTESIAN_POINT('',(-0.321165798611111,0.22623275462963,-1.6940658945086E-21));
#16987=CARTESIAN_POINT('',(-0.321165798611111,0.22623275462963,0.0015));
#16988=CARTESIAN_POINT('',(-0.3216328125,0.226373958333333,-1.6940658945086E-21));
#16989=CARTESIAN_POINT('',(-0.3216328125,0.226373958333333,0.0015));
#16990=CARTESIAN_POINT('',(-0.3216328125,0.226373958333333,-2.00000000000005E-6));
#16991=CARTESIAN_POINT('',(-0.3216328125,0.226373958333333,-1.6940658945086E-21));
#16992=CARTESIAN_POINT('',(-0.3216328125,0.226373958333333,0.0015));
#16993=CARTESIAN_POINT('',(-0.322099826388889,0.226515162037037,-1.6940658945086E-21));
#16994=CARTESIAN_POINT('',(-0.322099826388889,0.226515162037037,0.0015));
#16995=CARTESIAN_POINT('',(-0.322490451388889,0.226694270833333,-1.6940658945086E-21));
#16996=CARTESIAN_POINT('',(-0.322490451388889,0.226694270833333,0.0015));
#16997=CARTESIAN_POINT('',(-0.3228046875,0.226911284722222,-1.6940658945086E-21));
#16998=CARTESIAN_POINT('',(-0.3228046875,0.226911284722222,0.0015));
#16999=CARTESIAN_POINT('',(-0.3228046875,0.226911284722222,-2.00000000000005E-6));
#17000=CARTESIAN_POINT('',(-0.3228046875,0.226911284722222,-8.470329472543E-22));
#17001=CARTESIAN_POINT('',(-0.3228046875,0.226911284722222,0.0015));
#17002=CARTESIAN_POINT('',(-0.323118923611111,0.227128298611111,-8.470329472543E-22));
#17003=CARTESIAN_POINT('',(-0.323118923611111,0.227128298611111,0.0015));
#17004=CARTESIAN_POINT('',(-0.323366608796296,0.227372511574074,-8.470329472543E-22));
#17005=CARTESIAN_POINT('',(-0.323366608796296,0.227372511574074,0.0015));
#17006=CARTESIAN_POINT('',(-0.323547743055556,0.227643923611111,-8.470329472543E-22));
#17007=CARTESIAN_POINT('',(-0.323547743055556,0.227643923611111,0.0015));
#17008=CARTESIAN_POINT('',(-0.323547743055556,0.227643923611111,-2.00000000000005E-6));
#17009=CARTESIAN_POINT('',(-0.320545096964864,0.229705221325578,-2.00000000000005E-6));
#17010=CARTESIAN_POINT('',(-0.323954861111111,0.228430381944444,-2.00000000000005E-6));
#17011=CARTESIAN_POINT('',(-0.323954861111111,0.228430381944444,-1.6940658945086E-21));
#17012=CARTESIAN_POINT('',(-0.323954861111111,0.228430381944444,0.0015));
#17013=CARTESIAN_POINT('',(-0.324045138888889,0.228683275462963,-1.6940658945086E-21));
#17014=CARTESIAN_POINT('',(-0.324045138888889,0.228683275462963,0.0015));
#17015=CARTESIAN_POINT('',(-0.32410300925926,0.228914756944444,-1.6940658945086E-21));
#17016=CARTESIAN_POINT('',(-0.32410300925926,0.228914756944444,0.0015));
#17017=CARTESIAN_POINT('',(-0.324128472222223,0.229124826388889,-1.6940658945086E-21));
#17018=CARTESIAN_POINT('',(-0.324128472222223,0.229124826388889,0.0015));
#17019=CARTESIAN_POINT('',(-0.324128472222223,0.229124826388889,-2.00000000000005E-6));
#17020=CARTESIAN_POINT('',(-0.319627007094086,0.229742689712636,-2.00000000000005E-6));
#17021=CARTESIAN_POINT('',(-0.324166666666666,0.229590972222222,-2.00000000000005E-6));
#17022=CARTESIAN_POINT('',(-0.324166666666666,0.230231597222222,-2.00000000000005E-6));
#17023=CARTESIAN_POINT('',(-0.324166666666666,0.230872222222222,-2.00000000000005E-6));
#17024=CARTESIAN_POINT('',(-0.323689236111111,0.230872222222222,-2.00000000000005E-6));
#17025=CARTESIAN_POINT('',(-0.323211805555556,0.230872222222222,-2.00000000000005E-6));
#17026=CARTESIAN_POINT('',(-0.323211805555556,0.230448611111111,-2.00000000000005E-6));
#17027=CARTESIAN_POINT('',(-0.323211805555556,0.230025,-2.00000000000005E-6));
#17028=CARTESIAN_POINT('',(-0.323211805555556,0.230025,-1.6940658945086E-21));
#17029=CARTESIAN_POINT('',(-0.323211805555556,0.230025,0.0015));
#17030=CARTESIAN_POINT('',(-0.323211805555556,0.229143055555556,-1.6940658945086E-21));
#17031=CARTESIAN_POINT('',(-0.323211805555556,0.229143055555556,0.0015));
#17032=CARTESIAN_POINT('',(-0.3229296875,0.228506770833333,-1.6940658945086E-21));
#17033=CARTESIAN_POINT('',(-0.3229296875,0.228506770833333,0.0015));
#17034=CARTESIAN_POINT('',(-0.322365451388889,0.228116145833334,-1.6940658945086E-21));
#17035=CARTESIAN_POINT('',(-0.322365451388889,0.228116145833334,0.0015));
#17036=CARTESIAN_POINT('',(-0.322365451388889,0.228116145833334,-2.00000000000005E-6));
#17037=CARTESIAN_POINT('',(-0.322365451388889,0.228116145833334,-8.470329472543E-22));
#17038=CARTESIAN_POINT('',(-0.322365451388889,0.228116145833334,0.0015));
#17039=CARTESIAN_POINT('',(-0.321801215277778,0.227725520833334,-8.470329472543E-22));
#17040=CARTESIAN_POINT('',(-0.321801215277778,0.227725520833334,0.0015));
#17041=CARTESIAN_POINT('',(-0.320983796296297,0.227530208333334,-8.470329472543E-22));
#17042=CARTESIAN_POINT('',(-0.320983796296297,0.227530208333334,0.0015));
#17043=CARTESIAN_POINT('',(-0.319913194444444,0.227530208333334,-8.470329472543E-22));
#17044=CARTESIAN_POINT('',(-0.319913194444444,0.227530208333334,0.0015));
#17045=CARTESIAN_POINT('',(-0.319913194444444,0.227530208333334,-2.00000000000005E-6));
#17046=CARTESIAN_POINT('',(-0.319912551168816,0.231685613738338,-2.00000000000005E-6));
#17047=CARTESIAN_POINT('',(-0.318925347222223,0.227649131944444,-2.00000000000005E-6));
#17048=CARTESIAN_POINT('',(-0.319426171260156,0.22968285982865,-2.00000000000005E-6));
#17049=CARTESIAN_POINT('',(-0.318041666666667,0.228110069444445,-2.00000000000005E-6));
#17050=CARTESIAN_POINT('',(-0.318041666666667,0.228110069444445,-1.6940658945086E-21));
#17051=CARTESIAN_POINT('',(-0.318041666666667,0.228110069444445,0.0015));
#17052=CARTESIAN_POINT('',(-0.317777777777778,0.228338078703704,-1.6940658945086E-21));
#17053=CARTESIAN_POINT('',(-0.317777777777778,0.228338078703704,0.0015));
#17054=CARTESIAN_POINT('',(-0.317564236111111,0.228647395833333,-1.6940658945086E-21));
#17055=CARTESIAN_POINT('',(-0.317564236111111,0.228647395833333,0.0015));
#17056=CARTESIAN_POINT('',(-0.317401041666666,0.229038020833334,-1.6940658945086E-21));
#17057=CARTESIAN_POINT('',(-0.317401041666666,0.229038020833334,0.0015));
#17058=CARTESIAN_POINT('',(-0.317401041666666,0.229038020833334,-2.00000000000005E-6));
#17059=CARTESIAN_POINT('',(-0.317401041666666,0.229038020833334,-1.6940658945086E-21));
#17060=CARTESIAN_POINT('',(-0.317401041666666,0.229038020833334,0.0015));
#17061=CARTESIAN_POINT('',(-0.317237847222222,0.229428645833333,-1.6940658945086E-21));
#17062=CARTESIAN_POINT('',(-0.317237847222222,0.229428645833333,0.0015));
#17063=CARTESIAN_POINT('',(-0.31715625,0.229934722222222,-1.6940658945086E-21));
#17064=CARTESIAN_POINT('',(-0.31715625,0.229934722222222,0.0015));
#17065=CARTESIAN_POINT('',(-0.31715625,0.23055625,-1.6940658945086E-21));
#17066=CARTESIAN_POINT('',(-0.31715625,0.23055625,0.0015));
#17067=CARTESIAN_POINT('',(-0.31715625,0.23055625,-2.00000000000005E-6));
#17068=CARTESIAN_POINT('',(-0.31715625,0.230714236111111,-2.00000000000005E-6));
#17069=CARTESIAN_POINT('',(-0.31715625,0.230872222222222,-2.00000000000005E-6));
#17070=CARTESIAN_POINT('',(-0.316663194444444,0.230872222222222,-2.00000000000005E-6));
#17071=CARTESIAN_POINT('',(-0.316170138888889,0.230872222222222,-2.00000000000005E-6));
#17072=CARTESIAN_POINT('',(-0.316170138888889,0.230540625,-2.00000000000005E-6));
#17073=MECHANICAL_DESIGN_GEOMETRIC_PRESENTATION_REPRESENTATION('',(#10326),
#17074);
#17074=(
GEOMETRIC_REPRESENTATION_CONTEXT(3)
GLOBAL_UNCERTAINTY_ASSIGNED_CONTEXT((#17075))
GLOBAL_UNIT_ASSIGNED_CONTEXT((#17078,#17077,#17076))
REPRESENTATION_CONTEXT('STAR SYMMETRY GRID','TOP_LEVEL_ASSEMBLY_PART')
);
#17075=UNCERTAINTY_MEASURE_WITH_UNIT(LENGTH_MEASURE(2.E-5),#17078,
'DISTANCE_ACCURACY_VALUE','Maximum Tolerance applied to model');
#17076=(
NAMED_UNIT(*)
SI_UNIT($,.STERADIAN.)
SOLID_ANGLE_UNIT()
);
#17077=(
NAMED_UNIT(*)
PLANE_ANGLE_UNIT()
SI_UNIT($,.RADIAN.)
);
#17078=(
LENGTH_UNIT()
NAMED_UNIT(*)
SI_UNIT($,.METRE.)
);
#17079=PRODUCT_DEFINITION_SHAPE('','',#17080);
#17080=PRODUCT_DEFINITION('','',#17082,#17081);
#17081=PRODUCT_DEFINITION_CONTEXT('',#17088,'design');
#17082=PRODUCT_DEFINITION_FORMATION_WITH_SPECIFIED_SOURCE('','',#17084,
 .NOT_KNOWN.);
#17083=PRODUCT_RELATED_PRODUCT_CATEGORY('','',(#17084));
#17084=PRODUCT('STAR SYMMETRY GRID','STAR SYMMETRY GRID',
'STAR SYMMETRY GRID',(#17086));
#17085=PRODUCT_CATEGORY('','');
#17086=PRODUCT_CONTEXT('',#17088,'mechanical');
#17087=APPLICATION_PROTOCOL_DEFINITION('international standard',
'ap242_managed_model_based_3d_engineering',2020,#17088);
#17088=APPLICATION_CONTEXT('managed model based 3d engineering');
ENDSEC;
END-ISO-10303-21;
